OG	HG	GOs
OG0019090	HG_19091	
OG0010923	HG_10924	GO:0003674,GO:0003824,GO:0004022,GO:0006066,GO:0006091,GO:0008150,GO:0008152,GO:0009987,GO:0016491,GO:0016614,GO:0016616,GO:0044237,GO:0044281,GO:0055114,GO:0071704,GO:1901615
OG0019259	HG_19260	GO:0000375,GO:0000377,GO:0000398,GO:0005575,GO:0005622,GO:0005623,GO:0005634,GO:0005681,GO:0005737,GO:0006139,GO:0006325,GO:0006342,GO:0006355,GO:0006396,GO:0006397,GO:0006725,GO:0006807,GO:0006996,GO:0008150,GO:0008152,GO:0008380,GO:0009889,GO:0009890,GO:0009892,GO:0009987,GO:0010467,GO:0010468,GO:0010556,GO:0010558,GO:0010605,GO:0010629,GO:0016043,GO:0016070,GO:0016071,GO:0016458,GO:0019219,GO:0019222,GO:0030702,GO:0031323,GO:0031324,GO:0031326,GO:0031327,GO:0032991,GO:0034641,GO:0040029,GO:0043170,GO:0043226,GO:0043227,GO:0043229,GO:0043231,GO:0044237,GO:0044238,GO:0044422,GO:0044424,GO:0044428,GO:0044446,GO:0044464,GO:0045292,GO:0045814,GO:0045892,GO:0045934,GO:0046483,GO:0048519,GO:0048523,GO:0050789,GO:0050794,GO:0051171,GO:0051172,GO:0051252,GO:0051253,GO:0051276,GO:0060255,GO:0065007,GO:0071704,GO:0071840,GO:0080090,GO:0090304,GO:1901360,GO:1902679,GO:1903506,GO:1903507,GO:1990141,GO:1990904,GO:2000112,GO:2000113,GO:2001141
OG0019410	HG_19411	
OG0019346	HG_19347	
OG0019105	HG_19106	
OG0019177	HG_19178	
OG0019241	HG_19242	
OG0019223	HG_19224	GO:0000462,GO:0001732,GO:0002181,GO:0002183,GO:0003674,GO:0003676,GO:0003723,GO:0003743,GO:0005488,GO:0005515,GO:0005575,GO:0005622,GO:0005623,GO:0005737,GO:0005829,GO:0005852,GO:0006139,GO:0006364,GO:0006396,GO:0006412,GO:0006413,GO:0006417,GO:0006446,GO:0006518,GO:0006725,GO:0006807,GO:0008135,GO:0008150,GO:0008152,GO:0009058,GO:0009059,GO:0009889,GO:0009987,GO:0010467,GO:0010468,GO:0010494,GO:0010556,GO:0010608,GO:0016043,GO:0016070,GO:0016072,GO:0016282,GO:0019222,GO:0019538,GO:0019843,GO:0022607,GO:0022613,GO:0022618,GO:0030490,GO:0031323,GO:0031326,GO:0032268,GO:0032991,GO:0034248,GO:0034470,GO:0034622,GO:0034641,GO:0034645,GO:0034660,GO:0035770,GO:0036464,GO:0042254,GO:0042274,GO:0043043,GO:0043170,GO:0043226,GO:0043228,GO:0043229,GO:0043232,GO:0043603,GO:0043604,GO:0043933,GO:0044085,GO:0044237,GO:0044238,GO:0044249,GO:0044260,GO:0044267,GO:0044271,GO:0044424,GO:0044444,GO:0044464,GO:0046483,GO:0050789,GO:0050794,GO:0051171,GO:0051246,GO:0060255,GO:0065003,GO:0065007,GO:0070993,GO:0071541,GO:0071704,GO:0071826,GO:0071840,GO:0080090,GO:0090304,GO:0097159,GO:1901360,GO:1901363,GO:1901564,GO:1901566,GO:1901576,GO:1990904,GO:2000112
OG0019328	HG_19329	GO:0005575,GO:0005622,GO:0005623,GO:0005737,GO:0006464,GO:0006473,GO:0006474,GO:0006807,GO:0008150,GO:0008152,GO:0009987,GO:0010467,GO:0017196,GO:0018193,GO:0018206,GO:0019538,GO:0031248,GO:0031365,GO:0031414,GO:0031415,GO:0032991,GO:0036211,GO:0043170,GO:0043412,GO:0043543,GO:0044237,GO:0044238,GO:0044260,GO:0044267,GO:0044424,GO:0044444,GO:0044464,GO:0051604,GO:0071704,GO:1901564,GO:1902493,GO:1902494,GO:1990234
OG0019295	HG_19296	
OG0019464	HG_19465	
OG0019190	HG_19191	GO:0000166,GO:0003674,GO:0003824,GO:0005488,GO:0036094,GO:0043167,GO:0043168,GO:0048037,GO:0050660,GO:0050662,GO:0097159,GO:1901265,GO:1901363
OG0019359	HG_19360	GO:0000151,GO:0000209,GO:0003674,GO:0003824,GO:0004842,GO:0005488,GO:0005515,GO:0005543,GO:0005575,GO:0005622,GO:0005623,GO:0005634,GO:0005737,GO:0005739,GO:0005768,GO:0005794,GO:0005886,GO:0005933,GO:0005934,GO:0005938,GO:0006325,GO:0006333,GO:0006355,GO:0006357,GO:0006403,GO:0006405,GO:0006406,GO:0006464,GO:0006508,GO:0006511,GO:0006513,GO:0006611,GO:0006807,GO:0006808,GO:0006810,GO:0006873,GO:0006885,GO:0006886,GO:0006897,GO:0006913,GO:0006914,GO:0006996,GO:0007005,GO:0007034,GO:0008104,GO:0008150,GO:0008152,GO:0008289,GO:0009056,GO:0009057,GO:0009314,GO:0009411,GO:0009416,GO:0009628,GO:0009889,GO:0009891,GO:0009893,GO:0009894,GO:0009896,GO:0009898,GO:0009987,GO:0010008,GO:0010467,GO:0010468,GO:0010498,GO:0010556,GO:0010557,GO:0010565,GO:0010566,GO:0010604,GO:0010628,GO:0010793,GO:0010794,GO:0010795,GO:0010796,GO:0010958,GO:0012505,GO:0015031,GO:0015833,GO:0015931,GO:0016020,GO:0016043,GO:0016192,GO:0016197,GO:0016236,GO:0016567,GO:0016740,GO:0016973,GO:0019216,GO:0019217,GO:0019218,GO:0019219,GO:0019220,GO:0019222,GO:0019538,GO:0019725,GO:0019747,GO:0019787,GO:0019897,GO:0019898,GO:0019941,GO:0022603,GO:0022604,GO:0030003,GO:0030004,GO:0030100,GO:0030162,GO:0030163,GO:0030427,GO:0030641,GO:0031090,GO:0031137,GO:0031234,GO:0031323,GO:0031325,GO:0031326,GO:0031328,GO:0031329,GO:0031331,GO:0031344,GO:0031383,GO:0031384,GO:0031410,GO:0031503,GO:0031982,GO:0032153,GO:0032182,GO:0032239,GO:0032268,GO:0032270,GO:0032386,GO:0032434,GO:0032436,GO:0032443,GO:0032446,GO:0032509,GO:0032511,GO:0032535,GO:0032879,GO:0032880,GO:0032890,GO:0032891,GO:0032956,GO:0032970,GO:0032991,GO:0033036,GO:0033043,GO:0033157,GO:0033365,GO:0034067,GO:0034517,GO:0034613,GO:0034644,GO:0034762,GO:0034763,GO:0034765,GO:0034766,GO:0035091,GO:0035973,GO:0036211,GO:0042176,GO:0042221,GO:0042304,GO:0042493,GO:0042592,GO:0042886,GO:0043130,GO:0043161,GO:0043162,GO:0043167,GO:0043168,GO:0043170,GO:0043226,GO:0043227,GO:0043229,GO:0043231,GO:0043269,GO:0043271,GO:0043328,GO:0043412,GO:0043632,GO:0043900,GO:0044070,GO:0044087,GO:0044237,GO:0044238,GO:0044248,GO:0044257,GO:0044260,GO:0044265,GO:0044267,GO:0044422,GO:0044424,GO:0044425,GO:0044433,GO:0044440,GO:0044444,GO:0044446,GO:0044448,GO:0044459,GO:0044464,GO:0045184,GO:0045324,GO:0045723,GO:0045732,GO:0045807,GO:0045834,GO:0045862,GO:0045893,GO:0045923,GO:0045935,GO:0045944,GO:0046822,GO:0046825,GO:0046831,GO:0046889,GO:0046890,GO:0046907,GO:0046999,GO:0048259,GO:0048260,GO:0048518,GO:0048519,GO:0048522,GO:0048583,GO:0048585,GO:0048878,GO:0050657,GO:0050658,GO:0050789,GO:0050793,GO:0050794,GO:0050801,GO:0050810,GO:0050896,GO:0051028,GO:0051036,GO:0051049,GO:0051050,GO:0051051,GO:0051128,GO:0051130,GO:0051168,GO:0051169,GO:0051171,GO:0051173,GO:0051174,GO:0051179,GO:0051193,GO:0051196,GO:0051223,GO:0051234,GO:0051236,GO:0051246,GO:0051247,GO:0051252,GO:0051254,GO:0051276,GO:0051285,GO:0051286,GO:0051453,GO:0051493,GO:0051603,GO:0051641,GO:0051649,GO:0051716,GO:0051865,GO:0051952,GO:0051953,GO:0051955,GO:0051956,GO:0055067,GO:0055080,GO:0055082,GO:0060255,GO:0060341,GO:0060491,GO:0060627,GO:0061136,GO:0061630,GO:0061659,GO:0061912,GO:0061919,GO:0062012,GO:0062013,GO:0065007,GO:0065008,GO:0070086,GO:0070201,GO:0070647,GO:0070727,GO:0071166,GO:0071214,GO:0071426,GO:0071427,GO:0071478,GO:0071482,GO:0071702,GO:0071704,GO:0071705,GO:0071840,GO:0071944,GO:0071985,GO:0072594,GO:0072665,GO:0072666,GO:0072671,GO:0080090,GO:0090066,GO:0090069,GO:0090087,GO:0097708,GO:0098552,GO:0098562,GO:0098588,GO:0098657,GO:0098771,GO:0098805,GO:0099568,GO:0099738,GO:0104004,GO:0106118,GO:0120032,GO:0120035,GO:0120113,GO:0140096,GO:1901564,GO:1901565,GO:1901575,GO:1901800,GO:1902494,GO:1902680,GO:1902930,GO:1903050,GO:1903052,GO:1903076,GO:1903077,GO:1903326,GO:1903362,GO:1903364,GO:1903506,GO:1903508,GO:1903789,GO:1903792,GO:1903827,GO:1903828,GO:1903959,GO:1903960,GO:1904062,GO:1904063,GO:1904375,GO:1904376,GO:1905475,GO:1905476,GO:1905529,GO:1905530,GO:1905532,GO:1905533,GO:1905708,GO:1990234,GO:2000058,GO:2000060,GO:2000112,GO:2000197,GO:2000200,GO:2000203,GO:2000232,GO:2000235,GO:2000238,GO:2000241,GO:2001023,GO:2001024,GO:2001141
OG0019992	HG_19993	
OG0019446	HG_19447	
OG0019205	HG_19206	
OG0019277	HG_19278	
OG0019100	HG_19101	
OG0019172	HG_19173	
OG0016629	HG_16630	
OG0019341	HG_19342	
OG0019428	HG_19429	
OG0019395	HG_19396	
OG0019323	HG_19324	
OG0019290	HG_19291	GO:0000003,GO:0000079,GO:0000086,GO:0000278,GO:0000280,GO:0001932,GO:0003674,GO:0005575,GO:0005622,GO:0005623,GO:0005634,GO:0005737,GO:0006139,GO:0006259,GO:0006260,GO:0006261,GO:0006279,GO:0006310,GO:0006725,GO:0006807,GO:0006996,GO:0007049,GO:0007088,GO:0007127,GO:0007131,GO:0007135,GO:0007346,GO:0008150,GO:0008152,GO:0009058,GO:0009059,GO:0009987,GO:0010564,GO:0010638,GO:0010695,GO:0010696,GO:0016043,GO:0016538,GO:0019207,GO:0019220,GO:0019222,GO:0019887,GO:0022402,GO:0022414,GO:0030234,GO:0030447,GO:0031323,GO:0031399,GO:0032268,GO:0032886,GO:0033043,GO:0033260,GO:0034641,GO:0034645,GO:0035825,GO:0040007,GO:0042325,GO:0043170,GO:0043226,GO:0043227,GO:0043229,GO:0043231,GO:0043549,GO:0044087,GO:0044237,GO:0044238,GO:0044249,GO:0044260,GO:0044424,GO:0044464,GO:0044770,GO:0044772,GO:0044786,GO:0044839,GO:0045787,GO:0045859,GO:0046483,GO:0048285,GO:0048518,GO:0048522,GO:0050789,GO:0050790,GO:0050794,GO:0051128,GO:0051130,GO:0051171,GO:0051174,GO:0051246,GO:0051321,GO:0051338,GO:0051445,GO:0051493,GO:0051495,GO:0051726,GO:0051783,GO:0060236,GO:0060255,GO:0061982,GO:0061983,GO:0065007,GO:0065009,GO:0070507,GO:0071704,GO:0071840,GO:0071900,GO:0080090,GO:0090068,GO:0090169,GO:0090224,GO:0090304,GO:0098772,GO:0140013,GO:1901360,GO:1901576,GO:1901673,GO:1901987,GO:1901990,GO:1902115,GO:1902806,GO:1903046,GO:1903047,GO:1904029,GO:2000045,GO:2000241
OG0019459	HG_19460	
OG0019154	HG_19155	
OG0019377	HG_19378	
OG0019200	HG_19201	
OG0019136	HG_19137	
OG0019272	HG_19273	
OG0019305	HG_19306	
OG0019441	HG_19442	
OG0010421	HG_10422	
OG0019423	HG_19424	
OG0019390	HG_19391	
OG0019118	HG_19119	
OG0019254	HG_19255	
OG0014710	HG_14711	
OG0019149	HG_19150	GO:0000070,GO:0000278,GO:0000280,GO:0000775,GO:0000776,GO:0000777,GO:0000779,GO:0000793,GO:0000819,GO:0000939,GO:0005575,GO:0005622,GO:0005623,GO:0005634,GO:0005694,GO:0005815,GO:0005816,GO:0005856,GO:0006996,GO:0007049,GO:0007059,GO:0008150,GO:0009987,GO:0015630,GO:0016043,GO:0022402,GO:0031511,GO:0032991,GO:0043226,GO:0043227,GO:0043228,GO:0043229,GO:0043231,GO:0043232,GO:0044422,GO:0044424,GO:0044427,GO:0044430,GO:0044446,GO:0044464,GO:0048285,GO:0051276,GO:0071840,GO:0098687,GO:0098813,GO:0140014,GO:1903047
OG0019085	HG_19086	
OG0019236	HG_19237	
OG0019372	HG_19373	
OG0019405	HG_19406	GO:0000726,GO:0003674,GO:0003676,GO:0003677,GO:0005488,GO:0005575,GO:0005622,GO:0005623,GO:0005634,GO:0006139,GO:0006259,GO:0006281,GO:0006302,GO:0006303,GO:0006725,GO:0006807,GO:0006950,GO:0006974,GO:0008150,GO:0008152,GO:0009987,GO:0032807,GO:0032991,GO:0033554,GO:0034641,GO:0043170,GO:0043226,GO:0043227,GO:0043229,GO:0043231,GO:0044237,GO:0044238,GO:0044260,GO:0044422,GO:0044424,GO:0044428,GO:0044446,GO:0044464,GO:0045027,GO:0046483,GO:0050896,GO:0051716,GO:0070419,GO:0071704,GO:0090304,GO:0097159,GO:0097680,GO:1901360,GO:1901363,GO:1990391
OG0019477	HG_19478	
OG0019300	HG_19301	
OG0012353	HG_12354	GO:0000041,GO:0003674,GO:0005215,GO:0005375,GO:0005575,GO:0005622,GO:0005623,GO:0005737,GO:0005783,GO:0005886,GO:0005887,GO:0006810,GO:0006811,GO:0006812,GO:0006825,GO:0008150,GO:0008324,GO:0012505,GO:0015075,GO:0015318,GO:0015677,GO:0015679,GO:0016020,GO:0016021,GO:0022857,GO:0022890,GO:0030001,GO:0031224,GO:0031226,GO:0034220,GO:0035434,GO:0043226,GO:0043227,GO:0043229,GO:0043231,GO:0044424,GO:0044425,GO:0044444,GO:0044459,GO:0044464,GO:0046873,GO:0046915,GO:0051179,GO:0051234,GO:0055085,GO:0071944,GO:0098655,GO:0098657,GO:0098659,GO:0098660,GO:0098662,GO:0098705,GO:0098739,GO:0099587,GO:0000322,GO:0000323,GO:0000324,GO:0005773
OG0019131	HG_19132	GO:0000003,GO:0003006,GO:0003674,GO:0005488,GO:0005509,GO:0005575,GO:0005622,GO:0005623,GO:0005628,GO:0005634,GO:0007049,GO:0007154,GO:0007165,GO:0007264,GO:0008150,GO:0009653,GO:0009987,GO:0010927,GO:0016020,GO:0016043,GO:0019953,GO:0022402,GO:0022413,GO:0022414,GO:0022607,GO:0023052,GO:0030154,GO:0030234,GO:0030435,GO:0030437,GO:0030695,GO:0031321,GO:0032120,GO:0032502,GO:0032505,GO:0032989,GO:0034293,GO:0035556,GO:0042763,GO:0042764,GO:0043167,GO:0043169,GO:0043226,GO:0043227,GO:0043229,GO:0043231,GO:0043934,GO:0043935,GO:0044085,GO:0044091,GO:0044424,GO:0044425,GO:0044464,GO:0044703,GO:0046872,GO:0048468,GO:0048646,GO:0048856,GO:0048869,GO:0050789,GO:0050790,GO:0050794,GO:0050896,GO:0051321,GO:0051704,GO:0051716,GO:0060589,GO:0061024,GO:0065007,GO:0065009,GO:0070057,GO:0071709,GO:0071840,GO:0098772,GO:1903046
OG0019218	HG_19219	
OG0019354	HG_19355	GO:0005575,GO:0005622,GO:0005623,GO:0005737,GO:0005739,GO:0005740,GO:0005743,GO:0005759,GO:0006412,GO:0006518,GO:0006807,GO:0008150,GO:0008152,GO:0009058,GO:0009059,GO:0009295,GO:0009987,GO:0010467,GO:0016020,GO:0019538,GO:0019866,GO:0031090,GO:0031966,GO:0031967,GO:0031974,GO:0031975,GO:0032543,GO:0034641,GO:0034645,GO:0042645,GO:0043043,GO:0043170,GO:0043226,GO:0043227,GO:0043228,GO:0043229,GO:0043231,GO:0043232,GO:0043233,GO:0043603,GO:0043604,GO:0044237,GO:0044238,GO:0044249,GO:0044260,GO:0044267,GO:0044271,GO:0044422,GO:0044424,GO:0044429,GO:0044444,GO:0044446,GO:0044464,GO:0070013,GO:0071704,GO:0140053,GO:1901564,GO:1901566,GO:1901576
OG0019113	HG_19114	GO:0001654,GO:0001745,GO:0001751,GO:0001754,GO:0003674,GO:0005096,GO:0005575,GO:0005622,GO:0005623,GO:0005737,GO:0005739,GO:0005783,GO:0005829,GO:0006082,GO:0006091,GO:0006099,GO:0006101,GO:0006873,GO:0006874,GO:0006875,GO:0006996,GO:0007154,GO:0007163,GO:0007165,GO:0007264,GO:0007275,GO:0007399,GO:0007423,GO:0008047,GO:0008150,GO:0008152,GO:0009060,GO:0009653,GO:0009887,GO:0009987,GO:0010941,GO:0010942,GO:0012505,GO:0015980,GO:0016043,GO:0016999,GO:0017144,GO:0019725,GO:0019752,GO:0022008,GO:0023052,GO:0030003,GO:0030010,GO:0030154,GO:0030182,GO:0030234,GO:0030695,GO:0032469,GO:0032471,GO:0032501,GO:0032502,GO:0035556,GO:0042051,GO:0042052,GO:0042461,GO:0042462,GO:0042592,GO:0043085,GO:0043087,GO:0043226,GO:0043227,GO:0043229,GO:0043231,GO:0043436,GO:0043547,GO:0044093,GO:0044237,GO:0044238,GO:0044281,GO:0044424,GO:0044444,GO:0044464,GO:0045333,GO:0046530,GO:0046716,GO:0048468,GO:0048513,GO:0048518,GO:0048522,GO:0048592,GO:0048666,GO:0048699,GO:0048731,GO:0048749,GO:0048856,GO:0048869,GO:0048878,GO:0050789,GO:0050790,GO:0050794,GO:0050801,GO:0050896,GO:0051336,GO:0051345,GO:0051560,GO:0051561,GO:0051716,GO:0055065,GO:0055074,GO:0055080,GO:0055082,GO:0055114,GO:0060249,GO:0060589,GO:0065007,GO:0065008,GO:0065009,GO:0071704,GO:0071840,GO:0072350,GO:0072503,GO:0072507,GO:0090596,GO:0098771,GO:0098772,GO:1901214,GO:1901216
OG0019249	HG_19250	
OG0019185	HG_19186	
OG0016642	HG_16643	
OG0019336	HG_19337	
OG0016624	HG_16625	GO:0003674,GO:0003824,GO:0005575,GO:0005622,GO:0005623,GO:0005737,GO:0044424,GO:0044464
OG0019472	HG_19473	
OG0019231	HG_19232	
OG0019167	HG_19168	GO:0003674,GO:0005215,GO:0005216,GO:0005244,GO:0005247,GO:0005253,GO:0005254,GO:0005575,GO:0006810,GO:0006811,GO:0006820,GO:0006821,GO:0008150,GO:0008308,GO:0008509,GO:0015075,GO:0015103,GO:0015108,GO:0015267,GO:0015318,GO:0015698,GO:0016020,GO:0016021,GO:0022803,GO:0022832,GO:0022836,GO:0022838,GO:0022839,GO:0022857,GO:0031224,GO:0034220,GO:0044425,GO:0051179,GO:0051234,GO:0055085,GO:0098656,GO:0098660,GO:0098661,GO:1902476
OG0019400	HG_19401	
OG0019318	HG_19319	
OG0019213	HG_19214	GO:0000003,GO:0000075,GO:0000226,GO:0000278,GO:0003006,GO:0005575,GO:0005622,GO:0005623,GO:0005634,GO:0005635,GO:0005643,GO:0005737,GO:0005815,GO:0005816,GO:0005856,GO:0005938,GO:0006403,GO:0006405,GO:0006406,GO:0006606,GO:0006611,GO:0006810,GO:0006886,GO:0006913,GO:0006996,GO:0007010,GO:0007017,GO:0007049,GO:0007088,GO:0007093,GO:0007094,GO:0007346,GO:0008104,GO:0008150,GO:0008152,GO:0009653,GO:0009987,GO:0010467,GO:0010564,GO:0010639,GO:0010927,GO:0010948,GO:0010965,GO:0012505,GO:0015031,GO:0015630,GO:0015833,GO:0015931,GO:0016043,GO:0017038,GO:0019953,GO:0022402,GO:0022413,GO:0022414,GO:0022607,GO:0030071,GO:0030154,GO:0030435,GO:0030437,GO:0031097,GO:0031321,GO:0031322,GO:0031503,GO:0031577,GO:0031967,GO:0031974,GO:0031975,GO:0031981,GO:0032153,GO:0032155,GO:0032502,GO:0032505,GO:0032989,GO:0032991,GO:0033036,GO:0033043,GO:0033044,GO:0033045,GO:0033046,GO:0033047,GO:0033048,GO:0033365,GO:0034293,GO:0034399,GO:0034504,GO:0034613,GO:0035974,GO:0042886,GO:0043170,GO:0043226,GO:0043227,GO:0043228,GO:0043229,GO:0043231,GO:0043232,GO:0043233,GO:0043934,GO:0043935,GO:0044085,GO:0044422,GO:0044424,GO:0044428,GO:0044430,GO:0044444,GO:0044446,GO:0044448,GO:0044464,GO:0044703,GO:0044732,GO:0045184,GO:0045786,GO:0045839,GO:0045841,GO:0045930,GO:0046907,GO:0048468,GO:0048519,GO:0048523,GO:0048646,GO:0048856,GO:0048869,GO:0050657,GO:0050658,GO:0050789,GO:0050794,GO:0051028,GO:0051128,GO:0051129,GO:0051168,GO:0051169,GO:0051170,GO:0051179,GO:0051234,GO:0051236,GO:0051321,GO:0051641,GO:0051649,GO:0051704,GO:0051726,GO:0051783,GO:0051784,GO:0051983,GO:0051985,GO:0065007,GO:0070013,GO:0070727,GO:0071166,GO:0071173,GO:0071174,GO:0071426,GO:0071427,GO:0071702,GO:0071704,GO:0071705,GO:0071840,GO:0071944,GO:0072594,GO:0099568,GO:0099738,GO:1901987,GO:1901988,GO:1901990,GO:1901991,GO:1902099,GO:1902100,GO:1903046,GO:1903047,GO:1905818,GO:1905819,GO:2000816,GO:2001251
OG0019349	HG_19350	
OG0019285	HG_19286	
OG0019454	HG_19455	
OG0019180	HG_19181	
OG0019098	HG_19099	
OG0019331	HG_19332	
OG0019267	HG_19268	
OG0019436	HG_19437	
OG0019162	HG_19163	
OG0016619	HG_16620	
OG0006927	HG_6928	GO:0000322,GO:0000323,GO:0000324,GO:0003674,GO:0005215,GO:0005342,GO:0005351,GO:0005353,GO:0005354,GO:0005355,GO:0005356,GO:0005358,GO:0005402,GO:0005575,GO:0005622,GO:0005623,GO:0005737,GO:0005739,GO:0005773,GO:0005783,GO:0005886,GO:0005887,GO:0005975,GO:0005996,GO:0006012,GO:0006810,GO:0006811,GO:0006812,GO:0006820,GO:0006950,GO:0007154,GO:0008028,GO:0008150,GO:0008152,GO:0008324,GO:0008509,GO:0008514,GO:0008643,GO:0008645,GO:0009267,GO:0009605,GO:0009679,GO:0009987,GO:0009991,GO:0012505,GO:0015075,GO:0015077,GO:0015078,GO:0015128,GO:0015144,GO:0015145,GO:0015146,GO:0015149,GO:0015291,GO:0015293,GO:0015294,GO:0015295,GO:0015318,GO:0015578,GO:0015672,GO:0015711,GO:0015718,GO:0015749,GO:0015750,GO:0015755,GO:0015757,GO:0015761,GO:0015791,GO:0015795,GO:0015797,GO:0015849,GO:0015850,GO:0016020,GO:0016021,GO:0019318,GO:0022804,GO:0022857,GO:0022890,GO:0031224,GO:0031226,GO:0031520,GO:0031667,GO:0031668,GO:0031669,GO:0032445,GO:0033554,GO:0034219,GO:0034220,GO:0035429,GO:0042149,GO:0042594,GO:0042873,GO:0042879,GO:0043226,GO:0043227,GO:0043229,GO:0043231,GO:0044238,GO:0044281,GO:0044424,GO:0044425,GO:0044444,GO:0044459,GO:0044464,GO:0046323,GO:0046942,GO:0046943,GO:0050896,GO:0051119,GO:0051179,GO:0051234,GO:0051286,GO:0051716,GO:0055085,GO:0071496,GO:0071702,GO:0071704,GO:0071944,GO:0098590,GO:0098655,GO:0098656,GO:0098657,GO:0098660,GO:0098662,GO:0098704,GO:0098708,GO:0098739,GO:0140108,GO:1902341,GO:1902600,GO:1903825,GO:1904659,GO:1905039,GO:1990539
OG0019313	HG_19314	
OG0019385	HG_19386	
OG0019418	HG_19419	
OG0019280	HG_19281	
OG0019449	HG_19450	
OG0019144	HG_19145	GO:0001522,GO:0003674,GO:0003676,GO:0003723,GO:0003729,GO:0003824,GO:0005488,GO:0005575,GO:0005622,GO:0005623,GO:0005634,GO:0005737,GO:0005739,GO:0006139,GO:0006396,GO:0006399,GO:0006400,GO:0006725,GO:0006807,GO:0008033,GO:0008150,GO:0008152,GO:0009451,GO:0009982,GO:0009987,GO:0010467,GO:0016070,GO:0016071,GO:0016073,GO:0016556,GO:0016853,GO:0016866,GO:0031119,GO:0031120,GO:0034470,GO:0034641,GO:0034660,GO:0040031,GO:0043170,GO:0043226,GO:0043227,GO:0043229,GO:0043231,GO:0043412,GO:0044237,GO:0044238,GO:0044424,GO:0044444,GO:0044464,GO:0046483,GO:0071704,GO:0090304,GO:0097159,GO:0106032,GO:0140098,GO:1901360,GO:1901363,GO:1990481
OG0019198	HG_19199	GO:0000054,GO:0000055,GO:0000972,GO:0003674,GO:0005048,GO:0005198,GO:0005488,GO:0005575,GO:0005622,GO:0005623,GO:0005634,GO:0005635,GO:0005643,GO:0006403,GO:0006405,GO:0006406,GO:0006606,GO:0006607,GO:0006611,GO:0006810,GO:0006886,GO:0006913,GO:0006996,GO:0008104,GO:0008139,GO:0008150,GO:0008152,GO:0009987,GO:0010467,GO:0012505,GO:0015031,GO:0015833,GO:0015931,GO:0016020,GO:0016021,GO:0016043,GO:0016973,GO:0017038,GO:0017056,GO:0022613,GO:0031224,GO:0031503,GO:0031967,GO:0031975,GO:0032991,GO:0033036,GO:0033218,GO:0033365,GO:0033750,GO:0034504,GO:0034613,GO:0042254,GO:0042277,GO:0042886,GO:0043170,GO:0043226,GO:0043227,GO:0043229,GO:0043231,GO:0044085,GO:0044422,GO:0044424,GO:0044425,GO:0044428,GO:0044446,GO:0044464,GO:0044613,GO:0044615,GO:0045184,GO:0046907,GO:0050657,GO:0050658,GO:0051028,GO:0051168,GO:0051169,GO:0051170,GO:0051179,GO:0051234,GO:0051236,GO:0051276,GO:0051640,GO:0051641,GO:0051649,GO:0051656,GO:0070727,GO:0071166,GO:0071426,GO:0071427,GO:0071428,GO:0071702,GO:0071704,GO:0071705,GO:0071840,GO:0072594
OG0019367	HG_19368	
OG0019093	HG_19094	GO:0005575,GO:0005622,GO:0005623,GO:0005737,GO:0005783,GO:0005784,GO:0005789,GO:0005791,GO:0006605,GO:0006612,GO:0006613,GO:0006614,GO:0006616,GO:0006810,GO:0006886,GO:0008104,GO:0008150,GO:0012505,GO:0015031,GO:0015833,GO:0016020,GO:0030867,GO:0031090,GO:0031984,GO:0032991,GO:0033036,GO:0033365,GO:0034613,GO:0042175,GO:0042886,GO:0043226,GO:0043227,GO:0043229,GO:0043231,GO:0044422,GO:0044424,GO:0044425,GO:0044432,GO:0044444,GO:0044446,GO:0044464,GO:0045047,GO:0045184,GO:0046907,GO:0051179,GO:0051234,GO:0051641,GO:0051649,GO:0055085,GO:0065002,GO:0070727,GO:0070972,GO:0071256,GO:0071702,GO:0071705,GO:0071806,GO:0072594,GO:0072599,GO:0072657,GO:0090150,GO:0098588,GO:0098796,GO:0098827
OG0019126	HG_19127	GO:0005575,GO:0005622,GO:0005623,GO:0005737,GO:0008150,GO:0009987,GO:0010035,GO:0010038,GO:0016043,GO:0022607,GO:0032991,GO:0034622,GO:0042221,GO:0043291,GO:0043933,GO:0044085,GO:0044424,GO:0044444,GO:0044464,GO:0050896,GO:0051592,GO:0051716,GO:0065003,GO:0070070,GO:0070071,GO:0070072,GO:0070887,GO:0071241,GO:0071248,GO:0071277,GO:0071840
OG0019262	HG_19263	
OG0019431	HG_19432	
OG0018702	HG_18703	GO:0003674,GO:0003824,GO:0005215,GO:0005575,GO:0005622,GO:0005623,GO:0005737,GO:0005739,GO:0005740,GO:0005743,GO:0006810,GO:0006996,GO:0007005,GO:0007006,GO:0008104,GO:0008150,GO:0008320,GO:0008565,GO:0009987,GO:0015031,GO:0015833,GO:0016020,GO:0016043,GO:0016462,GO:0016787,GO:0016817,GO:0016818,GO:0016887,GO:0017004,GO:0017062,GO:0017111,GO:0019866,GO:0022607,GO:0022857,GO:0022884,GO:0031090,GO:0031966,GO:0031967,GO:0031975,GO:0032978,GO:0032979,GO:0033036,GO:0033108,GO:0033365,GO:0034551,GO:0034613,GO:0034622,GO:0042623,GO:0042886,GO:0042887,GO:0043226,GO:0043227,GO:0043229,GO:0043231,GO:0043933,GO:0044085,GO:0044422,GO:0044424,GO:0044429,GO:0044444,GO:0044446,GO:0044464,GO:0045184,GO:0051131,GO:0051179,GO:0051204,GO:0051205,GO:0051234,GO:0051641,GO:0051649,GO:0055085,GO:0061024,GO:0065003,GO:0070585,GO:0070727,GO:0071702,GO:0071705,GO:0071806,GO:0071840,GO:0072594,GO:0072655,GO:0072657,GO:0090150,GO:1904680
OG0019108	HG_19109	
OG0019244	HG_19245	
OG0019380	HG_19381	
OG0019413	HG_19414	
OG0014700	HG_14701	
OG0019139	HG_19140	
OG0012361	HG_12362	GO:0000139,GO:0000322,GO:0000323,GO:0000324,GO:0000329,GO:0003674,GO:0005215,GO:0005351,GO:0005355,GO:0005365,GO:0005402,GO:0005575,GO:0005622,GO:0005623,GO:0005737,GO:0005773,GO:0005774,GO:0005794,GO:0005886,GO:0006810,GO:0006811,GO:0006812,GO:0007124,GO:0008150,GO:0008324,GO:0008643,GO:0008645,GO:0009987,GO:0012505,GO:0015075,GO:0015077,GO:0015078,GO:0015144,GO:0015145,GO:0015149,GO:0015166,GO:0015291,GO:0015293,GO:0015294,GO:0015295,GO:0015318,GO:0015672,GO:0015749,GO:0015791,GO:0015798,GO:0015850,GO:0016020,GO:0016021,GO:0016049,GO:0022804,GO:0022857,GO:0022890,GO:0030447,GO:0031090,GO:0031224,GO:0031984,GO:0034219,GO:0034220,GO:0040007,GO:0043226,GO:0043227,GO:0043229,GO:0043231,GO:0044182,GO:0044422,GO:0044424,GO:0044425,GO:0044431,GO:0044437,GO:0044444,GO:0044446,GO:0044464,GO:0046323,GO:0051119,GO:0051179,GO:0051234,GO:0055085,GO:0070783,GO:0071702,GO:0071944,GO:0098588,GO:0098655,GO:0098657,GO:0098660,GO:0098662,GO:0098704,GO:0098739,GO:0098791,GO:0098805,GO:0098852,GO:1901618,GO:1902600,GO:1904659,GO:1904679
OG0019467	HG_19468	
OG0019193	HG_19194	
OG0019226	HG_19227	
OG0019362	HG_19363	
OG0019298	HG_19299	
OG0019121	HG_19122	GO:0000027,GO:0000166,GO:0003674,GO:0003724,GO:0003824,GO:0004004,GO:0004386,GO:0005488,GO:0005524,GO:0005575,GO:0005622,GO:0005623,GO:0005634,GO:0005730,GO:0005737,GO:0006139,GO:0006725,GO:0006807,GO:0006996,GO:0007005,GO:0008026,GO:0008144,GO:0008150,GO:0008152,GO:0008186,GO:0009987,GO:0010501,GO:0016043,GO:0016070,GO:0016462,GO:0016787,GO:0016817,GO:0016818,GO:0016887,GO:0017076,GO:0017111,GO:0022607,GO:0022613,GO:0022618,GO:0030554,GO:0031974,GO:0031981,GO:0032553,GO:0032555,GO:0032559,GO:0034622,GO:0034641,GO:0035639,GO:0036094,GO:0042254,GO:0042255,GO:0042273,GO:0042623,GO:0043167,GO:0043168,GO:0043170,GO:0043226,GO:0043227,GO:0043228,GO:0043229,GO:0043231,GO:0043232,GO:0043233,GO:0043933,GO:0044085,GO:0044237,GO:0044238,GO:0044422,GO:0044424,GO:0044428,GO:0044446,GO:0044464,GO:0046483,GO:0061668,GO:0065003,GO:0070013,GO:0070035,GO:0070925,GO:0071704,GO:0071826,GO:0071840,GO:0090304,GO:0097159,GO:0097367,GO:0140098,GO:1901265,GO:1901360,GO:1901363,GO:1902775
OG0019175	HG_19176	
OG0019208	HG_19209	GO:0000003,GO:0000278,GO:0000280,GO:0000281,GO:0000322,GO:0000323,GO:0000324,GO:0000910,GO:0005575,GO:0005622,GO:0005623,GO:0005737,GO:0005773,GO:0005886,GO:0005887,GO:0006996,GO:0007049,GO:0007127,GO:0008150,GO:0009653,GO:0009987,GO:0016020,GO:0016021,GO:0016043,GO:0022402,GO:0022414,GO:0030154,GO:0030427,GO:0030428,GO:0030435,GO:0031224,GO:0031226,GO:0032153,GO:0032502,GO:0035838,GO:0035839,GO:0035840,GO:0043226,GO:0043227,GO:0043229,GO:0043231,GO:0043934,GO:0044424,GO:0044425,GO:0044444,GO:0044459,GO:0044464,GO:0048285,GO:0048646,GO:0048856,GO:0048869,GO:0051286,GO:0051301,GO:0051321,GO:0061640,GO:0061982,GO:0071840,GO:0071944,GO:0140013,GO:1903046,GO:1903047
OG0019344	HG_19345	
OG0019103	HG_19104	
OG0019239	HG_19240	GO:0000184,GO:0000723,GO:0000956,GO:0003674,GO:0003676,GO:0003677,GO:0003723,GO:0003824,GO:0004518,GO:0004540,GO:0005488,GO:0005575,GO:0005622,GO:0005623,GO:0005634,GO:0005697,GO:0006139,GO:0006259,GO:0006278,GO:0006401,GO:0006402,GO:0006403,GO:0006405,GO:0006406,GO:0006611,GO:0006725,GO:0006807,GO:0006810,GO:0006886,GO:0006913,GO:0006996,GO:0007004,GO:0008104,GO:0008150,GO:0008152,GO:0009056,GO:0009057,GO:0009058,GO:0009059,GO:0009892,GO:0009894,GO:0009987,GO:0010467,GO:0010468,GO:0010605,GO:0010608,GO:0010629,GO:0010833,GO:0015031,GO:0015833,GO:0015931,GO:0016043,GO:0016070,GO:0016071,GO:0016787,GO:0016788,GO:0018130,GO:0019219,GO:0019222,GO:0019438,GO:0019439,GO:0031323,GO:0031329,GO:0031503,GO:0032200,GO:0032991,GO:0033036,GO:0034613,GO:0034641,GO:0034645,GO:0034654,GO:0034655,GO:0042162,GO:0042592,GO:0042886,GO:0043021,GO:0043170,GO:0043226,GO:0043227,GO:0043229,GO:0043231,GO:0043487,GO:0043565,GO:0044237,GO:0044238,GO:0044248,GO:0044249,GO:0044260,GO:0044265,GO:0044270,GO:0044271,GO:0044422,GO:0044424,GO:0044428,GO:0044446,GO:0044464,GO:0044877,GO:0045184,GO:0046483,GO:0046700,GO:0046907,GO:0048519,GO:0050657,GO:0050658,GO:0050789,GO:0050794,GO:0051028,GO:0051168,GO:0051169,GO:0051171,GO:0051179,GO:0051234,GO:0051236,GO:0051252,GO:0051276,GO:0051641,GO:0051649,GO:0060249,GO:0060255,GO:0065007,GO:0065008,GO:0070034,GO:0070727,GO:0071166,GO:0071426,GO:0071427,GO:0071702,GO:0071704,GO:0071705,GO:0071840,GO:0071897,GO:0080090,GO:0090304,GO:0090305,GO:0090501,GO:0097159,GO:0140098,GO:1901360,GO:1901361,GO:1901362,GO:1901363,GO:1901575,GO:1901576,GO:1990904
OG0019326	HG_19327	
OG0019462	HG_19463	
OG0019398	HG_19399	
OG0019157	HG_19158	GO:0000003,GO:0000271,GO:0000278,GO:0000281,GO:0000910,GO:0000916,GO:0000917,GO:0000918,GO:0000935,GO:0003674,GO:0003824,GO:0004100,GO:0005575,GO:0005622,GO:0005623,GO:0005737,GO:0005826,GO:0005856,GO:0005886,GO:0005933,GO:0005935,GO:0005938,GO:0005975,GO:0005976,GO:0006022,GO:0006023,GO:0006030,GO:0006031,GO:0006037,GO:0006038,GO:0006040,GO:0006807,GO:0006996,GO:0007010,GO:0007049,GO:0008150,GO:0008152,GO:0008194,GO:0008375,GO:0009058,GO:0009059,GO:0009987,GO:0010383,GO:0015629,GO:0016020,GO:0016021,GO:0016043,GO:0016051,GO:0016740,GO:0016757,GO:0016758,GO:0017144,GO:0019954,GO:0022402,GO:0022607,GO:0030029,GO:0030036,GO:0030154,GO:0030427,GO:0030428,GO:0030436,GO:0030863,GO:0030864,GO:0030865,GO:0030866,GO:0031032,GO:0031224,GO:0031505,GO:0032153,GO:0032155,GO:0032502,GO:0032506,GO:0033692,GO:0034637,GO:0034645,GO:0036213,GO:0042546,GO:0043170,GO:0043226,GO:0043228,GO:0043229,GO:0043232,GO:0043934,GO:0044036,GO:0044038,GO:0044085,GO:0044237,GO:0044238,GO:0044249,GO:0044260,GO:0044262,GO:0044264,GO:0044422,GO:0044424,GO:0044425,GO:0044430,GO:0044444,GO:0044446,GO:0044448,GO:0044464,GO:0044837,GO:0045229,GO:0046349,GO:0048315,GO:0048468,GO:0048856,GO:0048869,GO:0051301,GO:0061640,GO:0061794,GO:0070589,GO:0070592,GO:0070938,GO:0071554,GO:0071555,GO:0071704,GO:0071840,GO:0071852,GO:0071944,GO:0090529,GO:0099568,GO:1901071,GO:1901073,GO:1901135,GO:1901137,GO:1901564,GO:1901566,GO:1901576,GO:1902410,GO:1903047
OG0016614	HG_16615	
OG0019293	HG_19294	GO:0000003,GO:0000166,GO:0001882,GO:0001883,GO:0003006,GO:0003674,GO:0005488,GO:0005525,GO:0005575,GO:0005622,GO:0005623,GO:0005737,GO:0007049,GO:0008150,GO:0009653,GO:0009987,GO:0010927,GO:0016043,GO:0017076,GO:0019001,GO:0019953,GO:0022402,GO:0022413,GO:0022414,GO:0022607,GO:0030154,GO:0030435,GO:0030437,GO:0031321,GO:0032120,GO:0032502,GO:0032505,GO:0032549,GO:0032550,GO:0032553,GO:0032555,GO:0032561,GO:0032989,GO:0034293,GO:0035639,GO:0036094,GO:0043167,GO:0043168,GO:0043934,GO:0043935,GO:0044085,GO:0044091,GO:0044424,GO:0044464,GO:0044703,GO:0048468,GO:0048646,GO:0048856,GO:0048869,GO:0051321,GO:0051704,GO:0061024,GO:0070583,GO:0071709,GO:0071840,GO:0097159,GO:0097367,GO:1901265,GO:1901363,GO:1903046
OG0019221	HG_19222	
OG0019990	HG_19991	
OG0019308	HG_19309	
OG0019444	HG_19445	
OG0019203	HG_19204	
OG0019170	HG_19171	
OG0019339	HG_19340	
OG0019275	HG_19276	
OG0019426	HG_19427	GO:0000026,GO:0000030,GO:0000032,GO:0000139,GO:0003674,GO:0003824,GO:0005575,GO:0005622,GO:0005623,GO:0005737,GO:0005783,GO:0005794,GO:0006056,GO:0006057,GO:0006464,GO:0006486,GO:0006487,GO:0006493,GO:0006807,GO:0008150,GO:0008152,GO:0009058,GO:0009059,GO:0009100,GO:0009101,GO:0009987,GO:0012505,GO:0016020,GO:0016740,GO:0016757,GO:0016758,GO:0019538,GO:0031090,GO:0031506,GO:0031984,GO:0034645,GO:0035268,GO:0035269,GO:0036211,GO:0042546,GO:0043170,GO:0043226,GO:0043227,GO:0043229,GO:0043231,GO:0043412,GO:0043413,GO:0044036,GO:0044038,GO:0044085,GO:0044237,GO:0044238,GO:0044249,GO:0044260,GO:0044267,GO:0044422,GO:0044424,GO:0044431,GO:0044444,GO:0044446,GO:0044464,GO:0044845,GO:0070085,GO:0070589,GO:0071554,GO:0071704,GO:0071840,GO:0097502,GO:0098588,GO:0098791,GO:1901135,GO:1901137,GO:1901564,GO:1901566,GO:1901576
OG0019152	HG_19153	GO:0000003,GO:0000018,GO:0000019,GO:0000184,GO:0000212,GO:0000226,GO:0000228,GO:0000280,GO:0000723,GO:0000781,GO:0000784,GO:0000932,GO:0000956,GO:0003674,GO:0003676,GO:0003677,GO:0003697,GO:0003723,GO:0003824,GO:0004518,GO:0004540,GO:0005488,GO:0005575,GO:0005622,GO:0005623,GO:0005634,GO:0005694,GO:0005697,GO:0005730,GO:0005737,GO:0006139,GO:0006259,GO:0006278,GO:0006310,GO:0006401,GO:0006402,GO:0006403,GO:0006405,GO:0006406,GO:0006417,GO:0006611,GO:0006725,GO:0006807,GO:0006810,GO:0006886,GO:0006913,GO:0006996,GO:0007004,GO:0007010,GO:0007017,GO:0007049,GO:0007051,GO:0008104,GO:0008150,GO:0008152,GO:0009056,GO:0009057,GO:0009058,GO:0009059,GO:0009889,GO:0009890,GO:0009891,GO:0009892,GO:0009893,GO:0009894,GO:0009987,GO:0010467,GO:0010468,GO:0010556,GO:0010557,GO:0010558,GO:0010604,GO:0010605,GO:0010608,GO:0010629,GO:0010638,GO:0010639,GO:0010833,GO:0015031,GO:0015833,GO:0015931,GO:0016043,GO:0016070,GO:0016071,GO:0016787,GO:0016788,GO:0017148,GO:0018130,GO:0019219,GO:0019222,GO:0019438,GO:0019439,GO:0022402,GO:0022414,GO:0022607,GO:0031323,GO:0031324,GO:0031325,GO:0031326,GO:0031327,GO:0031328,GO:0031329,GO:0031503,GO:0031974,GO:0031981,GO:0032200,GO:0032204,GO:0032205,GO:0032206,GO:0032207,GO:0032208,GO:0032210,GO:0032212,GO:0032268,GO:0032269,GO:0032991,GO:0033036,GO:0033043,GO:0033044,GO:0034248,GO:0034249,GO:0034399,GO:0034613,GO:0034622,GO:0034641,GO:0034645,GO:0034654,GO:0034655,GO:0035770,GO:0036464,GO:0042162,GO:0042592,GO:0042886,GO:0043021,GO:0043047,GO:0043170,GO:0043226,GO:0043227,GO:0043228,GO:0043229,GO:0043231,GO:0043232,GO:0043233,GO:0043487,GO:0043565,GO:0043933,GO:0044085,GO:0044237,GO:0044238,GO:0044248,GO:0044249,GO:0044260,GO:0044265,GO:0044270,GO:0044271,GO:0044422,GO:0044424,GO:0044427,GO:0044428,GO:0044444,GO:0044446,GO:0044454,GO:0044464,GO:0044877,GO:0045184,GO:0045910,GO:0045934,GO:0045935,GO:0045950,GO:0046483,GO:0046700,GO:0046907,GO:0048239,GO:0048285,GO:0048518,GO:0048519,GO:0048522,GO:0048523,GO:0050657,GO:0050658,GO:0050789,GO:0050794,GO:0051028,GO:0051052,GO:0051053,GO:0051054,GO:0051128,GO:0051129,GO:0051130,GO:0051168,GO:0051169,GO:0051171,GO:0051172,GO:0051173,GO:0051179,GO:0051225,GO:0051234,GO:0051236,GO:0051246,GO:0051248,GO:0051252,GO:0051276,GO:0051321,GO:0051641,GO:0051649,GO:0060249,GO:0060255,GO:0065003,GO:0065004,GO:0065007,GO:0065008,GO:0070013,GO:0070034,GO:0070727,GO:0070925,GO:0071166,GO:0071426,GO:0071427,GO:0071702,GO:0071704,GO:0071705,GO:0071824,GO:0071840,GO:0071897,GO:0071919,GO:0072695,GO:0080090,GO:0090304,GO:0090305,GO:0090306,GO:0090501,GO:0097159,GO:0098687,GO:0098847,GO:0140013,GO:0140098,GO:1901360,GO:1901361,GO:1901362,GO:1901363,GO:1901575,GO:1901576,GO:1903046,GO:1904356,GO:1904358,GO:1905324,GO:1990904,GO:2000112,GO:2000113,GO:2000278,GO:2000573,GO:2001251,GO:2001252
OG0019088	HG_19089	
OG0019321	HG_19322	
OG0019257	HG_19258	GO:0000003,GO:0003674,GO:0003824,GO:0005575,GO:0005622,GO:0005623,GO:0005737,GO:0005739,GO:0005768,GO:0005770,GO:0006810,GO:0007049,GO:0008150,GO:0008152,GO:0009987,GO:0012505,GO:0016192,GO:0016197,GO:0016482,GO:0016491,GO:0022414,GO:0031410,GO:0031982,GO:0042147,GO:0043226,GO:0043227,GO:0043229,GO:0043231,GO:0044424,GO:0044444,GO:0044464,GO:0046907,GO:0051179,GO:0051234,GO:0051321,GO:0051641,GO:0051649,GO:0055114,GO:0097708
OG0019393	HG_19394	
OG0014713	HG_14714	GO:0000022,GO:0000070,GO:0000226,GO:0000228,GO:0000278,GO:0000280,GO:0000775,GO:0000776,GO:0000777,GO:0000778,GO:0000779,GO:0000780,GO:0000793,GO:0000794,GO:0000819,GO:0000923,GO:0000940,GO:0000942,GO:0003674,GO:0005488,GO:0005515,GO:0005575,GO:0005622,GO:0005623,GO:0005634,GO:0005694,GO:0005737,GO:0005815,GO:0005816,GO:0005819,GO:0005856,GO:0005874,GO:0005876,GO:0005881,GO:0006810,GO:0006886,GO:0006928,GO:0006996,GO:0007010,GO:0007017,GO:0007018,GO:0007020,GO:0007049,GO:0007051,GO:0007052,GO:0007059,GO:0007079,GO:0007080,GO:0007163,GO:0008017,GO:0008092,GO:0008104,GO:0008150,GO:0008360,GO:0008608,GO:0009987,GO:0010970,GO:0015031,GO:0015630,GO:0015631,GO:0015833,GO:0016043,GO:0022402,GO:0022603,GO:0022604,GO:0022607,GO:0030705,GO:0030953,GO:0031109,GO:0031122,GO:0031974,GO:0031981,GO:0032153,GO:0032155,GO:0032991,GO:0033036,GO:0033365,GO:0034501,GO:0034502,GO:0034613,GO:0034622,GO:0036449,GO:0042886,GO:0043226,GO:0043227,GO:0043228,GO:0043229,GO:0043231,GO:0043232,GO:0043233,GO:0043933,GO:0044085,GO:0044422,GO:0044424,GO:0044427,GO:0044428,GO:0044430,GO:0044444,GO:0044446,GO:0044454,GO:0044464,GO:0044732,GO:0045184,GO:0046785,GO:0046907,GO:0048285,GO:0050000,GO:0050789,GO:0050793,GO:0050794,GO:0051128,GO:0051179,GO:0051225,GO:0051231,GO:0051234,GO:0051258,GO:0051276,GO:0051303,GO:0051305,GO:0051310,GO:0051315,GO:0051415,GO:0051418,GO:0051640,GO:0051641,GO:0051649,GO:0051656,GO:0061804,GO:0061805,GO:0065003,GO:0065007,GO:0065008,GO:0070013,GO:0070199,GO:0070727,GO:0070850,GO:0070925,GO:0071459,GO:0071702,GO:0071705,GO:0071840,GO:0071963,GO:0072594,GO:0072686,GO:0090307,GO:0097427,GO:0097435,GO:0098687,GO:0098813,GO:0098840,GO:0099070,GO:0099080,GO:0099081,GO:0099111,GO:0099118,GO:0099512,GO:0099513,GO:0140014,GO:0140210,GO:1902850,GO:1903047,GO:1990498,GO:1990752
OG0019408	HG_19409	GO:0000959,GO:0000963,GO:0006139,GO:0006396,GO:0006397,GO:0006725,GO:0006807,GO:0008150,GO:0008152,GO:0009987,GO:0010467,GO:0016070,GO:0016071,GO:0034641,GO:0043170,GO:0044237,GO:0044238,GO:0046483,GO:0071704,GO:0090304,GO:0090615,GO:0140053,GO:1901360
OG0019303	HG_19304	
OG0019439	HG_19440	
OG0019375	HG_19376	
OG0019134	HG_19135	
OG0019270	HG_19271	GO:0005575,GO:0005576,GO:0005615,GO:0007009,GO:0008150,GO:0009987,GO:0010256,GO:0016043,GO:0022607,GO:0044085,GO:0044091,GO:0044421,GO:0061024,GO:0071709,GO:0071840,GO:1903575
OG0009771	HG_9772	
OG0019116	HG_19117	
OG0018710	HG_18711	GO:0006950,GO:0008150,GO:0009636,GO:0009987,GO:0033554,GO:0042221,GO:0050896,GO:0051409,GO:0051410,GO:0051716,GO:0070458,GO:0070887,GO:0071500,GO:0097237,GO:0098754,GO:1901698,GO:1990748
OG0019188	HG_19189	
OG0019421	HG_19422	
OG0019357	HG_19358	
OG0019083	HG_19084	
OG0019252	HG_19253	GO:0005575,GO:0005622,GO:0005623,GO:0005634,GO:0005654,GO:0008150,GO:0022613,GO:0030684,GO:0030686,GO:0030687,GO:0030689,GO:0030690,GO:0030691,GO:0031974,GO:0031981,GO:0032991,GO:0042254,GO:0042273,GO:0043226,GO:0043227,GO:0043229,GO:0043231,GO:0043233,GO:0044085,GO:0044422,GO:0044424,GO:0044428,GO:0044446,GO:0044464,GO:0070013,GO:0071840,GO:1990904
OG0016627	HG_16628	
OG0019475	HG_19476	
OG0019403	HG_19404	
OG0019129	HG_19130	GO:0000120,GO:0000500,GO:0005575,GO:0005622,GO:0005623,GO:0005634,GO:0005667,GO:0005730,GO:0006139,GO:0006351,GO:0006360,GO:0006725,GO:0006807,GO:0008150,GO:0008152,GO:0009058,GO:0009059,GO:0009987,GO:0010467,GO:0016070,GO:0018130,GO:0019438,GO:0031974,GO:0031981,GO:0032774,GO:0032991,GO:0034641,GO:0034645,GO:0034654,GO:0043170,GO:0043226,GO:0043227,GO:0043228,GO:0043229,GO:0043231,GO:0043232,GO:0043233,GO:0044237,GO:0044238,GO:0044249,GO:0044260,GO:0044271,GO:0044422,GO:0044424,GO:0044428,GO:0044446,GO:0044452,GO:0044464,GO:0044798,GO:0046483,GO:0070013,GO:0071704,GO:0090304,GO:0097659,GO:1901360,GO:1901362,GO:1901576
OG0019234	HG_19235	
OG0019370	HG_19371	
OG0019288	HG_19289	
OG0019457	HG_19458	
OG0019216	HG_19217	
OG0019183	HG_19184	
OG0019352	HG_19353	
OG0016640	HG_16641	GO:0000166,GO:0000322,GO:0000323,GO:0000324,GO:0000724,GO:0000725,GO:0003674,GO:0003824,GO:0004012,GO:0005215,GO:0005319,GO:0005342,GO:0005488,GO:0005496,GO:0005524,GO:0005548,GO:0005575,GO:0005622,GO:0005623,GO:0005737,GO:0005739,GO:0005773,GO:0005783,GO:0005829,GO:0005886,GO:0006139,GO:0006259,GO:0006281,GO:0006302,GO:0006310,GO:0006725,GO:0006807,GO:0006810,GO:0006811,GO:0006820,GO:0006855,GO:0006869,GO:0006873,GO:0006950,GO:0006974,GO:0006979,GO:0008144,GO:0008150,GO:0008152,GO:0008289,GO:0008559,GO:0009719,GO:0009725,GO:0009986,GO:0009987,GO:0010033,GO:0010876,GO:0012505,GO:0014070,GO:0015238,GO:0015244,GO:0015318,GO:0015399,GO:0015405,GO:0015665,GO:0015711,GO:0015748,GO:0015849,GO:0015850,GO:0015893,GO:0015903,GO:0015914,GO:0016020,GO:0016021,GO:0016043,GO:0016462,GO:0016787,GO:0016817,GO:0016818,GO:0016887,GO:0017076,GO:0017111,GO:0019725,GO:0022804,GO:0022857,GO:0030003,GO:0030554,GO:0031224,GO:0032553,GO:0032555,GO:0032559,GO:0032870,GO:0033036,GO:0033554,GO:0033993,GO:0034204,GO:0034599,GO:0034641,GO:0035639,GO:0035690,GO:0036094,GO:0042221,GO:0042493,GO:0042562,GO:0042592,GO:0042623,GO:0042626,GO:0042891,GO:0042895,GO:0042908,GO:0042910,GO:0043167,GO:0043168,GO:0043170,GO:0043178,GO:0043226,GO:0043227,GO:0043229,GO:0043231,GO:0043492,GO:0044237,GO:0044238,GO:0044260,GO:0044424,GO:0044425,GO:0044444,GO:0044464,GO:0045117,GO:0045121,GO:0045332,GO:0046483,GO:0046618,GO:0048545,GO:0048878,GO:0050801,GO:0050896,GO:0051179,GO:0051234,GO:0051716,GO:0055080,GO:0055082,GO:0055085,GO:0055088,GO:0055092,GO:0061024,GO:0065007,GO:0065008,GO:0070887,GO:0071310,GO:0071383,GO:0071396,GO:0071407,GO:0071495,GO:0071702,GO:0071704,GO:0071705,GO:0071840,GO:0071944,GO:0090304,GO:0097035,GO:0097159,GO:0097367,GO:0098589,GO:0098805,GO:0098857,GO:0099130,GO:1901265,GO:1901360,GO:1901363,GO:1901474,GO:1901618,GO:1903825,GO:1903875,GO:1903924,GO:1990239,GO:1990414,GO:1990961
OG0019111	HG_19112	
OG0019229	HG_19230	
OG0019165	HG_19166	
OG0019334	HG_19335	
OG0019470	HG_19471	
OG0019316	HG_19317	
OG0019452	HG_19453	
OG0019147	HG_19148	GO:0003674,GO:0003676,GO:0003723,GO:0005488,GO:0097159,GO:1901363
OG0019283	HG_19284	
OG0016604	HG_16605	
OG0019211	HG_19212	
OG0019265	HG_19266	
OG0019434	HG_19435	
OG0019160	HG_19161	
OG0019096	HG_19097	
OG0019329	HG_19330	
OG0019247	HG_19248	GO:0000003,GO:0000086,GO:0000117,GO:0000118,GO:0000122,GO:0000228,GO:0000278,GO:0000726,GO:0000775,GO:0000785,GO:0000790,GO:0000792,GO:0003674,GO:0003712,GO:0003713,GO:0003714,GO:0005575,GO:0005622,GO:0005623,GO:0005634,GO:0005654,GO:0005694,GO:0005720,GO:0005721,GO:0006139,GO:0006259,GO:0006275,GO:0006281,GO:0006302,GO:0006303,GO:0006325,GO:0006338,GO:0006342,GO:0006355,GO:0006356,GO:0006357,GO:0006464,GO:0006476,GO:0006725,GO:0006807,GO:0006950,GO:0006974,GO:0006996,GO:0007049,GO:0008150,GO:0008152,GO:0009266,GO:0009408,GO:0009628,GO:0009889,GO:0009890,GO:0009891,GO:0009892,GO:0009893,GO:0009987,GO:0010468,GO:0010556,GO:0010557,GO:0010558,GO:0010604,GO:0010605,GO:0010628,GO:0010629,GO:0010639,GO:0016043,GO:0016458,GO:0016479,GO:0016569,GO:0016570,GO:0016575,GO:0019219,GO:0019222,GO:0019538,GO:0022402,GO:0022414,GO:0030174,GO:0030702,GO:0031323,GO:0031324,GO:0031325,GO:0031326,GO:0031327,GO:0031328,GO:0031618,GO:0031935,GO:0031936,GO:0031938,GO:0031939,GO:0031974,GO:0031981,GO:0032221,GO:0032991,GO:0033043,GO:0033044,GO:0033554,GO:0033698,GO:0034605,GO:0034641,GO:0035601,GO:0036003,GO:0036211,GO:0040029,GO:0043170,GO:0043226,GO:0043227,GO:0043228,GO:0043229,GO:0043231,GO:0043232,GO:0043233,GO:0043412,GO:0043618,GO:0043620,GO:0044237,GO:0044238,GO:0044260,GO:0044267,GO:0044422,GO:0044424,GO:0044427,GO:0044428,GO:0044446,GO:0044451,GO:0044454,GO:0044464,GO:0044770,GO:0044772,GO:0044839,GO:0045814,GO:0045815,GO:0045892,GO:0045893,GO:0045934,GO:0045935,GO:0045944,GO:0046483,GO:0048518,GO:0048519,GO:0048522,GO:0048523,GO:0050789,GO:0050794,GO:0050896,GO:0051037,GO:0051038,GO:0051052,GO:0051128,GO:0051129,GO:0051171,GO:0051172,GO:0051173,GO:0051252,GO:0051253,GO:0051254,GO:0051276,GO:0051321,GO:0051716,GO:0060255,GO:0060968,GO:0060969,GO:0061186,GO:0061187,GO:0061188,GO:0061408,GO:0061587,GO:0065007,GO:0070013,GO:0070210,GO:0070822,GO:0071704,GO:0071840,GO:0080090,GO:0090054,GO:0090304,GO:0090329,GO:0098687,GO:0098732,GO:0140110,GO:1901360,GO:1901564,GO:1902275,GO:1902494,GO:1902679,GO:1902680,GO:1903047,GO:1903506,GO:1903507,GO:1903508,GO:1905268,GO:1990483,GO:2000112,GO:2000113,GO:2001141,GO:2001251
OG0019416	HG_19417	GO:0000407,GO:0000422,GO:0003674,GO:0005488,GO:0005543,GO:0005575,GO:0005622,GO:0005623,GO:0005634,GO:0005737,GO:0005768,GO:0005769,GO:0005773,GO:0005776,GO:0005829,GO:0006605,GO:0006623,GO:0006810,GO:0006886,GO:0006897,GO:0006914,GO:0006996,GO:0007005,GO:0007034,GO:0008104,GO:0008150,GO:0008152,GO:0008289,GO:0009056,GO:0009987,GO:0012505,GO:0015031,GO:0015833,GO:0016020,GO:0016043,GO:0016050,GO:0016192,GO:0016197,GO:0016236,GO:0016237,GO:0016482,GO:0019898,GO:0022411,GO:0031410,GO:0031982,GO:0032258,GO:0032266,GO:0033036,GO:0033365,GO:0034498,GO:0034613,GO:0034727,GO:0035091,GO:0042147,GO:0042886,GO:0043167,GO:0043168,GO:0043226,GO:0043227,GO:0043229,GO:0043231,GO:0044237,GO:0044248,GO:0044424,GO:0044425,GO:0044444,GO:0044464,GO:0044804,GO:0045184,GO:0046907,GO:0048193,GO:0051179,GO:0051234,GO:0051641,GO:0051649,GO:0061709,GO:0061726,GO:0061912,GO:0061919,GO:0061951,GO:0070727,GO:0071702,GO:0071705,GO:0071840,GO:0072594,GO:0072657,GO:0072659,GO:0072665,GO:0072666,GO:0090150,GO:0097708,GO:0098657,GO:0098876,GO:0099638,GO:1901981,GO:1903008,GO:1990126,GO:1990778
OG0019311	HG_19312	
OG0019142	HG_19143	GO:0005575,GO:0005576,GO:0007155,GO:0007275,GO:0008150,GO:0009653,GO:0009887,GO:0022610,GO:0031012,GO:0032501,GO:0032502,GO:0044421,GO:0048513,GO:0048731,GO:0048856
OG0019383	HG_19384	
OG0014703	HG_14704	
OG0019196	HG_19197	GO:0000245,GO:0000375,GO:0000377,GO:0000395,GO:0000398,GO:0003674,GO:0003676,GO:0003723,GO:0005488,GO:0005575,GO:0005622,GO:0005623,GO:0005634,GO:0005685,GO:0006139,GO:0006376,GO:0006396,GO:0006397,GO:0006725,GO:0006807,GO:0008150,GO:0008152,GO:0008380,GO:0009987,GO:0010467,GO:0016043,GO:0016070,GO:0016071,GO:0022607,GO:0022613,GO:0022618,GO:0030532,GO:0032991,GO:0034622,GO:0034641,GO:0043170,GO:0043226,GO:0043227,GO:0043229,GO:0043231,GO:0043933,GO:0044085,GO:0044237,GO:0044238,GO:0044422,GO:0044424,GO:0044428,GO:0044446,GO:0044464,GO:0045292,GO:0046483,GO:0065003,GO:0071704,GO:0071826,GO:0071840,GO:0090304,GO:0097159,GO:0097525,GO:0120114,GO:1901360,GO:1901363,GO:1990904
OG0019429	HG_19430	
OG0019365	HG_19366	
OG0019124	HG_19125	
OG0019260	HG_19261	
OG0012515	HG_12516	GO:0000003,GO:0003674,GO:0003824,GO:0005575,GO:0005618,GO:0005623,GO:0006518,GO:0006807,GO:0008150,GO:0008152,GO:0009058,GO:0009277,GO:0009987,GO:0010720,GO:0019184,GO:0019748,GO:0019954,GO:0030154,GO:0030312,GO:0030436,GO:0032502,GO:0034305,GO:0034641,GO:0042440,GO:0043043,GO:0043603,GO:0043604,GO:0043934,GO:0043937,GO:0043938,GO:0044237,GO:0044249,GO:0044271,GO:0044464,GO:0045595,GO:0045597,GO:0046148,GO:0048315,GO:0048468,GO:0048518,GO:0048522,GO:0048856,GO:0048869,GO:0050789,GO:0050793,GO:0050794,GO:0051094,GO:0060284,GO:0061794,GO:0065007,GO:0071704,GO:0071944,GO:0075306,GO:0075307,GO:1901564,GO:1901566,GO:1901576,GO:1903664,GO:1903666,GO:0006928,GO:0040011,GO:0048870,GO:0051179,GO:0051674,GO:0006790,GO:0009403,GO:0009404,GO:0016999,GO:0017000,GO:0017144,GO:0018130,GO:0043385,GO:0043386,GO:0044272,GO:0044550,GO:0046483,GO:1901360,GO:1901362,GO:2001308,GO:2001310
OG0019091	HG_19092	
OG0019106	HG_19107	
OG0019242	HG_19243	
OG0019178	HG_19179	GO:0000003,GO:0000022,GO:0000070,GO:0000075,GO:0000226,GO:0000278,GO:0000280,GO:0000819,GO:0000923,GO:0001578,GO:0003674,GO:0005488,GO:0005515,GO:0005575,GO:0005622,GO:0005623,GO:0005634,GO:0005737,GO:0005815,GO:0005819,GO:0005856,GO:0005874,GO:0005876,GO:0005881,GO:0005938,GO:0006810,GO:0006928,GO:0006996,GO:0007010,GO:0007017,GO:0007018,GO:0007019,GO:0007049,GO:0007051,GO:0007052,GO:0007059,GO:0007093,GO:0007097,GO:0007127,GO:0007346,GO:0008017,GO:0008092,GO:0008150,GO:0009987,GO:0010389,GO:0010564,GO:0010948,GO:0010970,GO:0010972,GO:0015630,GO:0015631,GO:0016043,GO:0022402,GO:0022411,GO:0022414,GO:0022607,GO:0030473,GO:0030705,GO:0030863,GO:0030981,GO:0030989,GO:0031109,GO:0032118,GO:0032153,GO:0032155,GO:0032984,GO:0035371,GO:0043226,GO:0043227,GO:0043228,GO:0043229,GO:0043231,GO:0043232,GO:0043624,GO:0043933,GO:0044085,GO:0044422,GO:0044424,GO:0044430,GO:0044444,GO:0044446,GO:0044448,GO:0044464,GO:0044878,GO:0045786,GO:0045930,GO:0046907,GO:0048285,GO:0048519,GO:0048523,GO:0050789,GO:0050794,GO:0051179,GO:0051225,GO:0051231,GO:0051233,GO:0051234,GO:0051255,GO:0051256,GO:0051261,GO:0051276,GO:0051321,GO:0051640,GO:0051641,GO:0051647,GO:0051649,GO:0051656,GO:0051726,GO:0055028,GO:0061982,GO:0065007,GO:0070925,GO:0071840,GO:0071944,GO:0072384,GO:0072686,GO:0090307,GO:0097427,GO:0097435,GO:0098813,GO:0099070,GO:0099080,GO:0099081,GO:0099111,GO:0099512,GO:0099513,GO:0099568,GO:0140013,GO:0140014,GO:1901987,GO:1901988,GO:1901990,GO:1901991,GO:1902749,GO:1902750,GO:1902850,GO:1903046,GO:1903047,GO:1903562,GO:1903563,GO:1990023,GO:1990498,GO:1990752
OG0019411	HG_19412	
OG0016635	HG_16636	
OG0019347	HG_19348	
OG0012359	HG_12360	GO:0001300,GO:0003674,GO:0003824,GO:0003954,GO:0005575,GO:0005622,GO:0005623,GO:0005737,GO:0005739,GO:0005740,GO:0005743,GO:0005975,GO:0005996,GO:0006006,GO:0006066,GO:0006067,GO:0006082,GO:0006090,GO:0006091,GO:0006113,GO:0006116,GO:0006119,GO:0006139,GO:0006163,GO:0006725,GO:0006732,GO:0006733,GO:0006734,GO:0006753,GO:0006793,GO:0006796,GO:0006807,GO:0007568,GO:0007569,GO:0008137,GO:0008150,GO:0008152,GO:0009117,GO:0009123,GO:0009126,GO:0009132,GO:0009135,GO:0009141,GO:0009144,GO:0009150,GO:0009161,GO:0009167,GO:0009179,GO:0009185,GO:0009199,GO:0009205,GO:0009259,GO:0009987,GO:0015980,GO:0016020,GO:0016310,GO:0016491,GO:0016651,GO:0016655,GO:0016999,GO:0017144,GO:0019318,GO:0019362,GO:0019637,GO:0019655,GO:0019660,GO:0019666,GO:0019674,GO:0019693,GO:0019752,GO:0019866,GO:0022900,GO:0022904,GO:0031090,GO:0031966,GO:0031967,GO:0031975,GO:0032502,GO:0032787,GO:0034308,GO:0034641,GO:0042773,GO:0042775,GO:0043226,GO:0043227,GO:0043229,GO:0043231,GO:0043436,GO:0044237,GO:0044238,GO:0044281,GO:0044422,GO:0044424,GO:0044429,GO:0044444,GO:0044446,GO:0044464,GO:0045333,GO:0046031,GO:0046034,GO:0046483,GO:0046496,GO:0048869,GO:0050136,GO:0051186,GO:0055086,GO:0055114,GO:0071704,GO:0072521,GO:0072524,GO:1901135,GO:1901360,GO:1901564,GO:1901615
OG0019465	HG_19466	
OG0019224	HG_19225	GO:0003674,GO:0003824,GO:0005575,GO:0005622,GO:0005623,GO:0005737,GO:0005739,GO:0006082,GO:0006139,GO:0006163,GO:0006164,GO:0006629,GO:0006631,GO:0006637,GO:0006644,GO:0006650,GO:0006725,GO:0006732,GO:0006753,GO:0006790,GO:0006793,GO:0006796,GO:0006807,GO:0008150,GO:0008152,GO:0009058,GO:0009108,GO:0009117,GO:0009150,GO:0009152,GO:0009165,GO:0009259,GO:0009260,GO:0009987,GO:0016289,GO:0016787,GO:0016788,GO:0016790,GO:0018130,GO:0019438,GO:0019637,GO:0019693,GO:0019752,GO:0032048,GO:0032787,GO:0033865,GO:0033866,GO:0033875,GO:0034030,GO:0034032,GO:0034033,GO:0034641,GO:0034654,GO:0035336,GO:0035337,GO:0035338,GO:0035383,GO:0035384,GO:0035965,GO:0043226,GO:0043227,GO:0043229,GO:0043231,GO:0043436,GO:0043603,GO:0043604,GO:0044237,GO:0044238,GO:0044249,GO:0044255,GO:0044271,GO:0044272,GO:0044281,GO:0044424,GO:0044444,GO:0044464,GO:0046390,GO:0046471,GO:0046483,GO:0046486,GO:0046949,GO:0047617,GO:0051186,GO:0051188,GO:0055086,GO:0071616,GO:0071704,GO:0072521,GO:0072522,GO:0090407,GO:1901135,GO:1901137,GO:1901293,GO:1901360,GO:1901362,GO:1901564,GO:1901566,GO:1901568,GO:1901570,GO:1901576
OG0019296	HG_19297	
OG0019119	HG_19120	
OG0019191	HG_19192	
OG0019360	HG_19361	
OG0019206	HG_19207	
OG0019278	HG_19279	
OG0019447	HG_19448	
OG0019173	HG_19174	GO:0000118,GO:0000228,GO:0000375,GO:0000377,GO:0000381,GO:0000398,GO:0000785,GO:0000790,GO:0001101,GO:0003674,GO:0003712,GO:0003714,GO:0003824,GO:0004407,GO:0005488,GO:0005515,GO:0005575,GO:0005622,GO:0005623,GO:0005634,GO:0005654,GO:0005667,GO:0005694,GO:0005730,GO:0005737,GO:0005829,GO:0006139,GO:0006325,GO:0006342,GO:0006355,GO:0006357,GO:0006396,GO:0006397,GO:0006464,GO:0006476,GO:0006725,GO:0006807,GO:0006950,GO:0006970,GO:0006996,GO:0008134,GO:0008150,GO:0008152,GO:0008380,GO:0009628,GO:0009651,GO:0009719,GO:0009725,GO:0009737,GO:0009889,GO:0009890,GO:0009892,GO:0009987,GO:0010033,GO:0010467,GO:0010468,GO:0010556,GO:0010558,GO:0010605,GO:0010629,GO:0010941,GO:0010942,GO:0016043,GO:0016070,GO:0016071,GO:0016458,GO:0016569,GO:0016570,GO:0016575,GO:0016580,GO:0016604,GO:0016607,GO:0016787,GO:0016810,GO:0016811,GO:0019213,GO:0019219,GO:0019222,GO:0019538,GO:0031323,GO:0031324,GO:0031326,GO:0031327,GO:0031974,GO:0031981,GO:0032991,GO:0033119,GO:0033558,GO:0033993,GO:0034641,GO:0035601,GO:0036211,GO:0040029,GO:0042221,GO:0042981,GO:0043065,GO:0043067,GO:0043068,GO:0043170,GO:0043226,GO:0043227,GO:0043228,GO:0043229,GO:0043231,GO:0043232,GO:0043233,GO:0043412,GO:0043484,GO:0044237,GO:0044238,GO:0044260,GO:0044267,GO:0044422,GO:0044424,GO:0044427,GO:0044428,GO:0044444,GO:0044446,GO:0044451,GO:0044454,GO:0044464,GO:0045292,GO:0045814,GO:0045892,GO:0045934,GO:0046483,GO:0048024,GO:0048025,GO:0048518,GO:0048519,GO:0048522,GO:0048523,GO:0050684,GO:0050686,GO:0050789,GO:0050794,GO:0050896,GO:0051171,GO:0051172,GO:0051252,GO:0051253,GO:0051276,GO:0060255,GO:0061574,GO:0065007,GO:0070013,GO:0070822,GO:0071704,GO:0071840,GO:0080090,GO:0090304,GO:0097305,GO:0098732,GO:0140096,GO:0140110,GO:1901360,GO:1901564,GO:1901700,GO:1902494,GO:1902679,GO:1903311,GO:1903312,GO:1903506,GO:1903507,GO:2000112,GO:2000113,GO:2001141
OG0019342	HG_19343	
OG0016630	HG_16631	
OG0019101	HG_19102	
OG0018718	HG_18719	GO:0003674,GO:0003824,GO:0005575,GO:0005622,GO:0005623,GO:0005737,GO:0005777,GO:0008150,GO:0008152,GO:0008413,GO:0009636,GO:0009987,GO:0015036,GO:0016462,GO:0016491,GO:0016651,GO:0016667,GO:0016668,GO:0016787,GO:0016817,GO:0016818,GO:0042221,GO:0042579,GO:0043226,GO:0043227,GO:0043229,GO:0043231,GO:0044424,GO:0044444,GO:0044464,GO:0047429,GO:0050451,GO:0050896,GO:0051716,GO:0055114,GO:0070887,GO:0097237,GO:0098754,GO:1990748
OG0019324	HG_19325	
OG0019396	HG_19397	
OG0019219	HG_19220	
OG0019155	HG_19156	GO:0000003,GO:0002181,GO:0002184,GO:0002376,GO:0003006,GO:0003674,GO:0003676,GO:0003723,GO:0003747,GO:0005488,GO:0005507,GO:0005575,GO:0005622,GO:0005623,GO:0005737,GO:0005739,GO:0005759,GO:0006412,GO:0006415,GO:0006518,GO:0006807,GO:0006950,GO:0006952,GO:0006955,GO:0006996,GO:0007275,GO:0008079,GO:0008135,GO:0008150,GO:0008152,GO:0009058,GO:0009059,GO:0009507,GO:0009532,GO:0009536,GO:0009570,GO:0009579,GO:0009605,GO:0009607,GO:0009617,GO:0009620,GO:0009657,GO:0009658,GO:0009790,GO:0009791,GO:0009793,GO:0009814,GO:0009817,GO:0009987,GO:0010154,GO:0010467,GO:0016043,GO:0019538,GO:0022411,GO:0022414,GO:0031974,GO:0032501,GO:0032502,GO:0032543,GO:0032544,GO:0032790,GO:0032984,GO:0032988,GO:0034641,GO:0034645,GO:0042742,GO:0043021,GO:0043023,GO:0043043,GO:0043167,GO:0043169,GO:0043170,GO:0043207,GO:0043226,GO:0043227,GO:0043229,GO:0043231,GO:0043233,GO:0043603,GO:0043604,GO:0043624,GO:0043933,GO:0044237,GO:0044238,GO:0044249,GO:0044260,GO:0044267,GO:0044271,GO:0044422,GO:0044424,GO:0044429,GO:0044434,GO:0044435,GO:0044444,GO:0044446,GO:0044464,GO:0044877,GO:0045087,GO:0046872,GO:0046914,GO:0048316,GO:0048608,GO:0048731,GO:0048856,GO:0050832,GO:0050896,GO:0051704,GO:0051707,GO:0061458,GO:0070013,GO:0070126,GO:0071704,GO:0071826,GO:0071840,GO:0097159,GO:0098542,GO:0140053,GO:1901363,GO:1901564,GO:1901566,GO:1901576,GO:1903008
OG0019291	HG_19292	GO:0000147,GO:0003674,GO:0005488,GO:0005509,GO:0005515,GO:0005575,GO:0005622,GO:0005623,GO:0005737,GO:0005856,GO:0005933,GO:0005934,GO:0005935,GO:0005937,GO:0005938,GO:0006810,GO:0006886,GO:0006897,GO:0006950,GO:0006986,GO:0006996,GO:0007010,GO:0007154,GO:0007165,GO:0008104,GO:0008150,GO:0009987,GO:0010033,GO:0010564,GO:0015031,GO:0015629,GO:0015833,GO:0016043,GO:0016192,GO:0022607,GO:0023052,GO:0030029,GO:0030036,GO:0030427,GO:0030479,GO:0030863,GO:0030864,GO:0030865,GO:0030866,GO:0030968,GO:0031593,GO:0032182,GO:0032465,GO:0032467,GO:0032879,GO:0032880,GO:0033036,GO:0033554,GO:0034613,GO:0034620,GO:0034976,GO:0035966,GO:0035967,GO:0042221,GO:0042886,GO:0042995,GO:0043130,GO:0043167,GO:0043169,GO:0043226,GO:0043228,GO:0043229,GO:0043232,GO:0043332,GO:0044085,GO:0044396,GO:0044422,GO:0044424,GO:0044430,GO:0044444,GO:0044446,GO:0044448,GO:0044463,GO:0044464,GO:0045184,GO:0045787,GO:0046872,GO:0046907,GO:0048518,GO:0048522,GO:0050789,GO:0050794,GO:0050896,GO:0051179,GO:0051234,GO:0051286,GO:0051302,GO:0051641,GO:0051649,GO:0051716,GO:0051726,GO:0051781,GO:0061645,GO:0065007,GO:0070727,GO:0070887,GO:0071310,GO:0071702,GO:0071705,GO:0071840,GO:0071944,GO:0090068,GO:0098657,GO:0099568,GO:0120025,GO:0120038,GO:0140030
OG0019460	HG_19461	
OG0019378	HG_19379	GO:0000003,GO:0000226,GO:0000278,GO:0000281,GO:0000338,GO:0000909,GO:0000910,GO:0003006,GO:0003674,GO:0005488,GO:0005515,GO:0005575,GO:0005622,GO:0005623,GO:0005634,GO:0006464,GO:0006508,GO:0006511,GO:0006807,GO:0006996,GO:0007010,GO:0007017,GO:0007049,GO:0007275,GO:0008150,GO:0008152,GO:0008180,GO:0009056,GO:0009057,GO:0009987,GO:0016043,GO:0019538,GO:0019941,GO:0019953,GO:0022402,GO:0022414,GO:0030163,GO:0030582,GO:0030584,GO:0032501,GO:0032502,GO:0032991,GO:0036211,GO:0040001,GO:0043170,GO:0043226,GO:0043227,GO:0043229,GO:0043231,GO:0043412,GO:0043632,GO:0044237,GO:0044238,GO:0044248,GO:0044257,GO:0044260,GO:0044265,GO:0044267,GO:0044422,GO:0044424,GO:0044428,GO:0044446,GO:0044464,GO:0044703,GO:0048608,GO:0048731,GO:0048856,GO:0051179,GO:0051234,GO:0051293,GO:0051301,GO:0051603,GO:0051640,GO:0051641,GO:0051649,GO:0051653,GO:0051656,GO:0051704,GO:0061458,GO:0061640,GO:0070646,GO:0070647,GO:0070791,GO:0071704,GO:0071840,GO:0075259,GO:1901564,GO:1901565,GO:1901575,GO:1902850,GO:1903047
OG0019306	HG_19307	
OG0019442	HG_19443	
OG0019201	HG_19202	
OG0019137	HG_19138	
OG0019273	HG_19274	GO:0001652,GO:0003674,GO:0003676,GO:0003677,GO:0003723,GO:0005488,GO:0005575,GO:0005622,GO:0005623,GO:0005634,GO:0005654,GO:0005730,GO:0005737,GO:0005829,GO:0005840,GO:0006996,GO:0008150,GO:0009987,GO:0015934,GO:0016043,GO:0022607,GO:0022613,GO:0022618,GO:0022625,GO:0022626,GO:0031974,GO:0031981,GO:0032991,GO:0034622,GO:0042254,GO:0042255,GO:0042273,GO:0042274,GO:0043226,GO:0043227,GO:0043228,GO:0043229,GO:0043231,GO:0043232,GO:0043233,GO:0043933,GO:0044085,GO:0044391,GO:0044422,GO:0044424,GO:0044428,GO:0044444,GO:0044445,GO:0044446,GO:0044452,GO:0044464,GO:0065003,GO:0070013,GO:0070925,GO:0071826,GO:0071840,GO:0097159,GO:1901363,GO:1990904
OG0018713	HG_18714	GO:0000009,GO:0000030,GO:0000032,GO:0000136,GO:0000137,GO:0000139,GO:0003674,GO:0003824,GO:0005575,GO:0005622,GO:0005623,GO:0005737,GO:0005794,GO:0005795,GO:0005975,GO:0005976,GO:0006056,GO:0006057,GO:0006080,GO:0006464,GO:0006486,GO:0006487,GO:0006491,GO:0006807,GO:0006950,GO:0007154,GO:0008150,GO:0008152,GO:0009058,GO:0009059,GO:0009100,GO:0009101,GO:0009266,GO:0009267,GO:0009408,GO:0009605,GO:0009628,GO:0009987,GO:0009991,GO:0012505,GO:0016020,GO:0016021,GO:0016740,GO:0016757,GO:0016758,GO:0019538,GO:0030173,GO:0030447,GO:0031090,GO:0031224,GO:0031228,GO:0031300,GO:0031301,GO:0031501,GO:0031506,GO:0031667,GO:0031668,GO:0031669,GO:0031984,GO:0031985,GO:0032991,GO:0033554,GO:0034605,GO:0034645,GO:0036170,GO:0036211,GO:0040007,GO:0042546,GO:0042594,GO:0043170,GO:0043226,GO:0043227,GO:0043229,GO:0043231,GO:0043412,GO:0043413,GO:0044036,GO:0044038,GO:0044085,GO:0044182,GO:0044237,GO:0044238,GO:0044249,GO:0044260,GO:0044267,GO:0044422,GO:0044424,GO:0044425,GO:0044431,GO:0044444,GO:0044446,GO:0044464,GO:0050896,GO:0051716,GO:0070085,GO:0070589,GO:0071496,GO:0071554,GO:0071704,GO:0071840,GO:0097502,GO:0098588,GO:0098791,GO:0098796,GO:1901135,GO:1901137,GO:1901564,GO:1901566,GO:1901576,GO:1902494,GO:1990234
OG0019150	HG_19151	
OG0019086	HG_19087	GO:0000226,GO:0003674,GO:0005488,GO:0005515,GO:0005575,GO:0005622,GO:0005623,GO:0005634,GO:0006464,GO:0006508,GO:0006511,GO:0006807,GO:0006950,GO:0006996,GO:0007010,GO:0007017,GO:0007049,GO:0008150,GO:0008152,GO:0009056,GO:0009057,GO:0009892,GO:0009894,GO:0009895,GO:0009987,GO:0010033,GO:0010243,GO:0010498,GO:0010605,GO:0016043,GO:0019222,GO:0019538,GO:0019941,GO:0022402,GO:0022607,GO:0030163,GO:0030433,GO:0030474,GO:0030674,GO:0031023,GO:0031593,GO:0032446,GO:0033554,GO:0034976,GO:0036211,GO:0036503,GO:0042176,GO:0042177,GO:0042221,GO:0043161,GO:0043170,GO:0043226,GO:0043227,GO:0043229,GO:0043231,GO:0043412,GO:0043632,GO:0044085,GO:0044237,GO:0044238,GO:0044248,GO:0044257,GO:0044260,GO:0044265,GO:0044267,GO:0044424,GO:0044464,GO:0048519,GO:0050789,GO:0050896,GO:0051171,GO:0051172,GO:0051246,GO:0051248,GO:0051300,GO:0051603,GO:0051716,GO:0060090,GO:0060255,GO:0065007,GO:0070647,GO:0071704,GO:0071840,GO:0080090,GO:0140030,GO:1901564,GO:1901565,GO:1901575,GO:1901698
OG0019255	HG_19256	GO:0000003,GO:0000166,GO:0001882,GO:0001883,GO:0003006,GO:0003674,GO:0005488,GO:0005525,GO:0005575,GO:0005622,GO:0005623,GO:0005634,GO:0007049,GO:0008150,GO:0009653,GO:0009987,GO:0010927,GO:0016043,GO:0017076,GO:0019001,GO:0019953,GO:0022402,GO:0022413,GO:0022414,GO:0022607,GO:0030154,GO:0030435,GO:0030437,GO:0031321,GO:0032120,GO:0032502,GO:0032505,GO:0032549,GO:0032550,GO:0032553,GO:0032555,GO:0032561,GO:0032989,GO:0034293,GO:0035639,GO:0036094,GO:0043167,GO:0043168,GO:0043226,GO:0043227,GO:0043229,GO:0043231,GO:0043934,GO:0043935,GO:0044085,GO:0044091,GO:0044424,GO:0044464,GO:0044703,GO:0048468,GO:0048646,GO:0048856,GO:0048869,GO:0051321,GO:0051704,GO:0061024,GO:0070583,GO:0071709,GO:0071840,GO:0097159,GO:0097367,GO:1901265,GO:1901363,GO:1903046
OG0019319	HG_19320	GO:0001666,GO:0001932,GO:0001934,GO:0005575,GO:0005622,GO:0005623,GO:0005737,GO:0005783,GO:0005789,GO:0006355,GO:0006357,GO:0006508,GO:0006807,GO:0006950,GO:0006984,GO:0006991,GO:0007154,GO:0007165,GO:0008104,GO:0008150,GO:0008152,GO:0009628,GO:0009889,GO:0009890,GO:0009891,GO:0009892,GO:0009893,GO:0009987,GO:0010467,GO:0010468,GO:0010556,GO:0010557,GO:0010562,GO:0010604,GO:0010628,GO:0010894,GO:0010895,GO:0012505,GO:0016020,GO:0016021,GO:0016485,GO:0019216,GO:0019218,GO:0019219,GO:0019220,GO:0019222,GO:0019538,GO:0023052,GO:0030176,GO:0031224,GO:0031227,GO:0031323,GO:0031324,GO:0031325,GO:0031326,GO:0031327,GO:0031328,GO:0031399,GO:0031401,GO:0031984,GO:0032268,GO:0032270,GO:0032443,GO:0032507,GO:0032933,GO:0032936,GO:0032991,GO:0033036,GO:0033365,GO:0033554,GO:0034613,GO:0035103,GO:0035437,GO:0036293,GO:0036294,GO:0042175,GO:0042221,GO:0042325,GO:0042327,GO:0043086,GO:0043170,GO:0043226,GO:0043227,GO:0043229,GO:0043231,GO:0044092,GO:0044237,GO:0044238,GO:0044260,GO:0044267,GO:0044422,GO:0044424,GO:0044425,GO:0044432,GO:0044444,GO:0044446,GO:0044464,GO:0045185,GO:0045833,GO:0045893,GO:0045935,GO:0045937,GO:0045939,GO:0045944,GO:0046890,GO:0048518,GO:0048519,GO:0048522,GO:0048523,GO:0050789,GO:0050790,GO:0050794,GO:0050810,GO:0050896,GO:0051055,GO:0051171,GO:0051173,GO:0051174,GO:0051179,GO:0051235,GO:0051246,GO:0051247,GO:0051252,GO:0051254,GO:0051341,GO:0051354,GO:0051604,GO:0051641,GO:0051651,GO:0051716,GO:0060255,GO:0062012,GO:0062014,GO:0065007,GO:0065008,GO:0065009,GO:0070482,GO:0070727,GO:0070887,GO:0070972,GO:0071453,GO:0071456,GO:0071458,GO:0071501,GO:0071704,GO:0072595,GO:0080090,GO:0098552,GO:0098554,GO:0098562,GO:0098796,GO:0098827,GO:0106118,GO:0106119,GO:1901564,GO:1902680,GO:1902930,GO:1902931,GO:1903506,GO:1903508,GO:2000112,GO:2001141,GO:2001215,GO:2001216
OG0019391	HG_19392	
OG0019424	HG_19425	
OG0014711	HG_14712	
OG0019478	HG_19479	
OG0019301	HG_19302	
OG0019237	HG_19238	
OG0019406	HG_19407	
OG0019373	HG_19374	
OG0019132	HG_19133	
OG0019355	HG_19356	
OG0019186	HG_19187	GO:0000003,GO:0000226,GO:0000278,GO:0000281,GO:0000746,GO:0000747,GO:0000755,GO:0000910,GO:0000912,GO:0000915,GO:0003674,GO:0003779,GO:0005488,GO:0005515,GO:0005575,GO:0005622,GO:0005623,GO:0005737,GO:0005826,GO:0005856,GO:0005937,GO:0005938,GO:0006996,GO:0007010,GO:0007015,GO:0007017,GO:0007029,GO:0007049,GO:0007163,GO:0008064,GO:0008092,GO:0008104,GO:0008150,GO:0008154,GO:0008360,GO:0009987,GO:0010256,GO:0010638,GO:0010639,GO:0015629,GO:0016043,GO:0019904,GO:0019953,GO:0022402,GO:0022413,GO:0022414,GO:0022603,GO:0022604,GO:0022607,GO:0030029,GO:0030036,GO:0030041,GO:0030427,GO:0030832,GO:0030833,GO:0030834,GO:0030835,GO:0030836,GO:0030837,GO:0030838,GO:0030863,GO:0030864,GO:0030865,GO:0030866,GO:0031032,GO:0031097,GO:0031333,GO:0031334,GO:0031566,GO:0032091,GO:0032153,GO:0032155,GO:0032271,GO:0032272,GO:0032273,GO:0032505,GO:0032506,GO:0032535,GO:0032956,GO:0032970,GO:0033036,GO:0033043,GO:0033365,GO:0034613,GO:0034622,GO:0036212,GO:0042995,GO:0043226,GO:0043228,GO:0043229,GO:0043232,GO:0043242,GO:0043243,GO:0043244,GO:0043254,GO:0043332,GO:0043393,GO:0043933,GO:0043954,GO:0044085,GO:0044087,GO:0044089,GO:0044092,GO:0044380,GO:0044422,GO:0044424,GO:0044430,GO:0044444,GO:0044446,GO:0044448,GO:0044463,GO:0044464,GO:0044703,GO:0044764,GO:0044837,GO:0045010,GO:0048518,GO:0048519,GO:0048522,GO:0048523,GO:0050789,GO:0050793,GO:0050794,GO:0051016,GO:0051017,GO:0051098,GO:0051100,GO:0051128,GO:0051129,GO:0051130,GO:0051179,GO:0051258,GO:0051285,GO:0051286,GO:0051301,GO:0051493,GO:0051494,GO:0051495,GO:0051641,GO:0051693,GO:0051704,GO:0061163,GO:0061164,GO:0061572,GO:0061640,GO:0065003,GO:0065007,GO:0065008,GO:0065009,GO:0070727,GO:0070938,GO:0071341,GO:0071840,GO:0071944,GO:0071963,GO:0072697,GO:0072741,GO:0090066,GO:0097435,GO:0099568,GO:0099738,GO:0110053,GO:0120025,GO:0120038,GO:0120104,GO:1901879,GO:1901880,GO:1901881,GO:1902406,GO:1902407,GO:1902410,GO:1902575,GO:1902903,GO:1902904,GO:1902905,GO:1903047,GO:1903119,GO:1903475,GO:1903476,GO:1903479,GO:1904498,GO:1904529,GO:1904530,GO:1904600,GO:1904616,GO:1904617,GO:1904670,GO:1990179,GO:1990778,GO:1990808,GO:1990819,GO:2000689,GO:2000812,GO:2000813
OG0019419	HG_19420	
OG0016643	HG_16644	
OG0019114	HG_19115	
OG0019250	HG_19251	GO:0000322,GO:0000323,GO:0000324,GO:0000329,GO:0003674,GO:0003824,GO:0004177,GO:0005575,GO:0005622,GO:0005623,GO:0005737,GO:0005773,GO:0005774,GO:0006508,GO:0006807,GO:0008150,GO:0008152,GO:0008233,GO:0008238,GO:0008239,GO:0010467,GO:0016020,GO:0016485,GO:0016787,GO:0019538,GO:0031090,GO:0043170,GO:0043226,GO:0043227,GO:0043229,GO:0043231,GO:0044238,GO:0044422,GO:0044424,GO:0044437,GO:0044444,GO:0044446,GO:0044464,GO:0051604,GO:0070011,GO:0071704,GO:0098588,GO:0098805,GO:0098852,GO:0140096,GO:1901564
OG0019337	HG_19338	
OG0019473	HG_19474	
OG0019232	HG_19233	
OG0019168	HG_19169	GO:0001522,GO:0003674,GO:0003676,GO:0003723,GO:0003729,GO:0003824,GO:0005488,GO:0005575,GO:0005622,GO:0005623,GO:0005634,GO:0005737,GO:0005739,GO:0006139,GO:0006396,GO:0006399,GO:0006400,GO:0006725,GO:0006807,GO:0008033,GO:0008150,GO:0008152,GO:0009451,GO:0009982,GO:0009987,GO:0010467,GO:0016070,GO:0016071,GO:0016073,GO:0016556,GO:0016853,GO:0016866,GO:0031119,GO:0031120,GO:0034470,GO:0034641,GO:0034660,GO:0040031,GO:0043170,GO:0043226,GO:0043227,GO:0043229,GO:0043231,GO:0043412,GO:0044237,GO:0044238,GO:0044424,GO:0044444,GO:0044464,GO:0046483,GO:0071704,GO:0090304,GO:0097159,GO:0106032,GO:0140098,GO:1901360,GO:1901363,GO:1990481
OG0019401	HG_19402	GO:0005575,GO:0005622,GO:0005623,GO:0005737,GO:0044424,GO:0044464
OG0012349	HG_12350	GO:0005575,GO:0005622,GO:0005623,GO:0005737,GO:0005933,GO:0005934,GO:0005935,GO:0006810,GO:0006897,GO:0007124,GO:0008150,GO:0009987,GO:0016049,GO:0016192,GO:0030427,GO:0030447,GO:0040007,GO:0044182,GO:0044424,GO:0044464,GO:0051179,GO:0051234,GO:0070783,GO:0071944,GO:0098657
OG0019455	HG_19456	
OG0019214	HG_19215	
OG0019350	HG_19351	
OG0019286	HG_19287	
OG0019109	HG_19110	
OG0019181	HG_19182	
OG0019437	HG_19438	
OG0019332	HG_19333	
OG0019268	HG_19269	
OG0019163	HG_19164	
OG0019314	HG_19315	
OG0019450	HG_19451	
OG0019386	HG_19387	
OG0019209	HG_19210	
OG0019145	HG_19146	
OG0019281	HG_19282	
OG0016602	HG_16603	
OG0014706	HG_14707	GO:0005575,GO:0005622,GO:0005623,GO:0005634,GO:0005635,GO:0005643,GO:0006810,GO:0006913,GO:0008150,GO:0012505,GO:0031080,GO:0031967,GO:0031975,GO:0032991,GO:0043226,GO:0043227,GO:0043229,GO:0043231,GO:0044422,GO:0044424,GO:0044428,GO:0044446,GO:0044464,GO:0046907,GO:0051169,GO:0051179,GO:0051234,GO:0051641,GO:0051649
OG0019432	HG_19433	
OG0019368	HG_19369	
OG0018721	HG_18722	GO:0003674,GO:0003824,GO:0005488,GO:0006464,GO:0006508,GO:0006807,GO:0006950,GO:0006974,GO:0008150,GO:0008152,GO:0008233,GO:0008237,GO:0008270,GO:0009987,GO:0016787,GO:0016925,GO:0018193,GO:0018205,GO:0019538,GO:0032446,GO:0033554,GO:0036211,GO:0043167,GO:0043169,GO:0043170,GO:0043412,GO:0044237,GO:0044238,GO:0044260,GO:0044267,GO:0044877,GO:0046872,GO:0046914,GO:0050896,GO:0051716,GO:0070011,GO:0070628,GO:0070647,GO:0071704,GO:0140096,GO:1901564
OG0019094	HG_19095	
OG0019127	HG_19128	
OG0019263	HG_19264	
OG0012518	HG_12519	GO:0000228,GO:0000278,GO:0000785,GO:0000790,GO:0001932,GO:0001934,GO:0005575,GO:0005622,GO:0005623,GO:0005634,GO:0005654,GO:0005656,GO:0005694,GO:0006139,GO:0006259,GO:0006260,GO:0006261,GO:0006267,GO:0006275,GO:0006725,GO:0006807,GO:0007049,GO:0007346,GO:0008150,GO:0008152,GO:0009058,GO:0009059,GO:0009889,GO:0009893,GO:0009987,GO:0010556,GO:0010562,GO:0010564,GO:0010604,GO:0016043,GO:0019219,GO:0019220,GO:0019222,GO:0022402,GO:0022607,GO:0030174,GO:0031323,GO:0031325,GO:0031326,GO:0031399,GO:0031401,GO:0031974,GO:0031981,GO:0032268,GO:0032270,GO:0032991,GO:0032993,GO:0033260,GO:0033262,GO:0034622,GO:0034641,GO:0034645,GO:0036387,GO:0036388,GO:0042325,GO:0042327,GO:0043170,GO:0043226,GO:0043227,GO:0043228,GO:0043229,GO:0043231,GO:0043232,GO:0043233,GO:0043933,GO:0044085,GO:0044237,GO:0044238,GO:0044249,GO:0044260,GO:0044422,GO:0044424,GO:0044427,GO:0044428,GO:0044446,GO:0044451,GO:0044454,GO:0044464,GO:0044786,GO:0045937,GO:0046483,GO:0048518,GO:0048522,GO:0050789,GO:0050794,GO:0051052,GO:0051171,GO:0051173,GO:0051174,GO:0051246,GO:0051247,GO:0051726,GO:0060255,GO:0065003,GO:0065004,GO:0065007,GO:0070013,GO:0071704,GO:0071824,GO:0071840,GO:0080090,GO:0090304,GO:0090329,GO:1901360,GO:1901576,GO:1902299,GO:1902969,GO:1902985,GO:1903047,GO:1903463,GO:1903466,GO:2000112
OG0010894	HG_10895	GO:0000322,GO:0000323,GO:0000324,GO:0003674,GO:0003824,GO:0004012,GO:0005215,GO:0005319,GO:0005548,GO:0005575,GO:0005622,GO:0005623,GO:0005737,GO:0005773,GO:0005783,GO:0005886,GO:0006810,GO:0006811,GO:0006812,GO:0006820,GO:0006869,GO:0008150,GO:0009987,GO:0010876,GO:0012505,GO:0015695,GO:0015696,GO:0015711,GO:0015748,GO:0015914,GO:0016020,GO:0016021,GO:0016043,GO:0016462,GO:0016787,GO:0016817,GO:0016818,GO:0016887,GO:0017111,GO:0031224,GO:0033036,GO:0034204,GO:0042623,GO:0043226,GO:0043227,GO:0043229,GO:0043231,GO:0043492,GO:0044424,GO:0044425,GO:0044444,GO:0044464,GO:0045332,GO:0051179,GO:0051234,GO:0061024,GO:0065007,GO:0065008,GO:0071702,GO:0071705,GO:0071840,GO:0071944,GO:0097035,GO:1905329
OG0019414	HG_19415	
OG0016638	HG_16639	GO:0000462,GO:0003674,GO:0003676,GO:0003723,GO:0005488,GO:0005575,GO:0005622,GO:0005623,GO:0005634,GO:0005730,GO:0006139,GO:0006364,GO:0006396,GO:0006725,GO:0006807,GO:0008150,GO:0008152,GO:0009987,GO:0010467,GO:0016070,GO:0016072,GO:0022613,GO:0030490,GO:0030515,GO:0030684,GO:0031974,GO:0031981,GO:0032040,GO:0032991,GO:0034455,GO:0034470,GO:0034641,GO:0034660,GO:0042254,GO:0042274,GO:0043170,GO:0043226,GO:0043227,GO:0043228,GO:0043229,GO:0043231,GO:0043232,GO:0043233,GO:0044085,GO:0044237,GO:0044238,GO:0044422,GO:0044424,GO:0044428,GO:0044446,GO:0044452,GO:0044464,GO:0046483,GO:0070013,GO:0071704,GO:0071840,GO:0090304,GO:0097159,GO:1901360,GO:1901363,GO:1990904
OG0019309	HG_19310	
OG0019245	HG_19246	
OG0019381	HG_19382	GO:0000139,GO:0002178,GO:0003674,GO:0003824,GO:0004438,GO:0005575,GO:0005622,GO:0005623,GO:0005737,GO:0005739,GO:0005740,GO:0005741,GO:0005783,GO:0005789,GO:0005794,GO:0005795,GO:0005797,GO:0005938,GO:0006629,GO:0006644,GO:0006650,GO:0006661,GO:0006793,GO:0006796,GO:0008150,GO:0008152,GO:0008610,GO:0008654,GO:0009058,GO:0009987,GO:0012505,GO:0016020,GO:0016021,GO:0016311,GO:0016787,GO:0016788,GO:0016791,GO:0017059,GO:0019637,GO:0019867,GO:0030173,GO:0030176,GO:0030258,GO:0031090,GO:0031211,GO:0031224,GO:0031227,GO:0031228,GO:0031300,GO:0031301,GO:0031966,GO:0031967,GO:0031968,GO:0031975,GO:0031984,GO:0031985,GO:0032991,GO:0034593,GO:0034595,GO:0034596,GO:0035339,GO:0036092,GO:0042175,GO:0042578,GO:0043226,GO:0043227,GO:0043229,GO:0043231,GO:0043812,GO:0043813,GO:0044237,GO:0044238,GO:0044249,GO:0044255,GO:0044422,GO:0044424,GO:0044425,GO:0044429,GO:0044431,GO:0044432,GO:0044444,GO:0044446,GO:0044464,GO:0045017,GO:0046474,GO:0046486,GO:0046488,GO:0046839,GO:0046856,GO:0052744,GO:0052866,GO:0071704,GO:0071944,GO:0090407,GO:0098588,GO:0098791,GO:0098796,GO:0098805,GO:0098827,GO:0099568,GO:0106018,GO:1901576,GO:1902494,GO:1905961,GO:1990234
OG0019140	HG_19141	
OG0019468	HG_19469	
OG0019122	HG_19123	
OG0019194	HG_19195	GO:0000375,GO:0000377,GO:0000398,GO:0006139,GO:0006396,GO:0006397,GO:0006725,GO:0006807,GO:0008150,GO:0008152,GO:0008380,GO:0009987,GO:0010467,GO:0016070,GO:0016071,GO:0034641,GO:0043170,GO:0044237,GO:0044238,GO:0045292,GO:0046483,GO:0071704,GO:0090304,GO:1901360
OG0019227	HG_19228	
OG0019363	HG_19364	GO:0000003,GO:0000109,GO:0000151,GO:0000152,GO:0000228,GO:0000280,GO:0000785,GO:0000790,GO:0003006,GO:0003674,GO:0003676,GO:0003677,GO:0003684,GO:0005488,GO:0005575,GO:0005622,GO:0005623,GO:0005634,GO:0005654,GO:0005694,GO:0005730,GO:0006139,GO:0006259,GO:0006281,GO:0006283,GO:0006289,GO:0006325,GO:0006342,GO:0006348,GO:0006355,GO:0006508,GO:0006511,GO:0006725,GO:0006807,GO:0006950,GO:0006974,GO:0006996,GO:0007049,GO:0007059,GO:0007127,GO:0007530,GO:0007531,GO:0007533,GO:0007535,GO:0008104,GO:0008150,GO:0008152,GO:0009056,GO:0009057,GO:0009889,GO:0009890,GO:0009892,GO:0009987,GO:0010468,GO:0010498,GO:0010556,GO:0010558,GO:0010605,GO:0010629,GO:0010639,GO:0016043,GO:0016458,GO:0019219,GO:0019222,GO:0019538,GO:0019941,GO:0022402,GO:0022413,GO:0022414,GO:0030154,GO:0030163,GO:0030466,GO:0030702,GO:0031056,GO:0031057,GO:0031060,GO:0031061,GO:0031323,GO:0031324,GO:0031326,GO:0031327,GO:0031399,GO:0031400,GO:0031461,GO:0031465,GO:0031935,GO:0031974,GO:0031981,GO:0032268,GO:0032269,GO:0032502,GO:0032505,GO:0032991,GO:0033036,GO:0033043,GO:0033044,GO:0033554,GO:0034397,GO:0034613,GO:0034641,GO:0034708,GO:0035097,GO:0035861,GO:0040029,GO:0043161,GO:0043170,GO:0043226,GO:0043227,GO:0043228,GO:0043229,GO:0043231,GO:0043232,GO:0043233,GO:0043494,GO:0043632,GO:0044237,GO:0044238,GO:0044248,GO:0044257,GO:0044260,GO:0044265,GO:0044267,GO:0044422,GO:0044424,GO:0044427,GO:0044428,GO:0044446,GO:0044451,GO:0044454,GO:0044464,GO:0044877,GO:0045132,GO:0045141,GO:0045143,GO:0045165,GO:0045814,GO:0045892,GO:0045934,GO:0046483,GO:0048285,GO:0048519,GO:0048523,GO:0048869,GO:0050000,GO:0050789,GO:0050794,GO:0050896,GO:0051128,GO:0051129,GO:0051171,GO:0051172,GO:0051179,GO:0051234,GO:0051246,GO:0051248,GO:0051252,GO:0051253,GO:0051276,GO:0051303,GO:0051321,GO:0051569,GO:0051572,GO:0051603,GO:0051640,GO:0051641,GO:0051649,GO:0051656,GO:0051716,GO:0060255,GO:0060968,GO:0061982,GO:0065007,GO:0070013,GO:0070192,GO:0070727,GO:0070912,GO:0070913,GO:0071704,GO:0071840,GO:0080008,GO:0080090,GO:0090052,GO:0090054,GO:0090220,GO:0090304,GO:0090734,GO:0097159,GO:0098813,GO:0140013,GO:1901360,GO:1901363,GO:1901564,GO:1901565,GO:1901575,GO:1902275,GO:1902494,GO:1902679,GO:1903046,GO:1903506,GO:1903507,GO:1905268,GO:1990141,GO:1990234,GO:1990391,GO:2000112,GO:2000113,GO:2001141,GO:2001251
OG0019089	HG_19090	GO:0000003,GO:0003006,GO:0005575,GO:0005622,GO:0005623,GO:0005628,GO:0005737,GO:0005739,GO:0005768,GO:0006605,GO:0006623,GO:0006810,GO:0006886,GO:0006996,GO:0007005,GO:0007034,GO:0007049,GO:0008104,GO:0008150,GO:0009653,GO:0009987,GO:0010927,GO:0012505,GO:0015031,GO:0015833,GO:0016020,GO:0016043,GO:0016192,GO:0019898,GO:0019953,GO:0022402,GO:0022413,GO:0022414,GO:0022607,GO:0030154,GO:0030435,GO:0030437,GO:0031321,GO:0031410,GO:0031982,GO:0032120,GO:0032502,GO:0032505,GO:0032507,GO:0032989,GO:0033036,GO:0033365,GO:0034067,GO:0034293,GO:0034613,GO:0042763,GO:0042764,GO:0042886,GO:0043226,GO:0043227,GO:0043229,GO:0043231,GO:0043934,GO:0043935,GO:0044085,GO:0044091,GO:0044232,GO:0044422,GO:0044424,GO:0044425,GO:0044444,GO:0044464,GO:0044703,GO:0045053,GO:0045184,GO:0045185,GO:0045324,GO:0046907,GO:0048468,GO:0048646,GO:0048856,GO:0048869,GO:0051179,GO:0051234,GO:0051235,GO:0051321,GO:0051641,GO:0051649,GO:0051651,GO:0051704,GO:0061024,GO:0065007,GO:0065008,GO:0070727,GO:0071561,GO:0071702,GO:0071705,GO:0071709,GO:0071840,GO:0072594,GO:0072665,GO:0072666,GO:0097708,GO:1903046,GO:1990816
OG0008893	HG_8894	
OG0019409	HG_19410	
OG0019345	HG_19346	GO:0000407,GO:0000422,GO:0003674,GO:0005488,GO:0005543,GO:0005575,GO:0005622,GO:0005623,GO:0005737,GO:0005768,GO:0006810,GO:0006897,GO:0006914,GO:0006996,GO:0007005,GO:0008150,GO:0008152,GO:0008289,GO:0009056,GO:0009987,GO:0012505,GO:0016020,GO:0016043,GO:0016050,GO:0016192,GO:0016197,GO:0016236,GO:0016482,GO:0019898,GO:0022411,GO:0031410,GO:0031982,GO:0032266,GO:0034498,GO:0035091,GO:0042147,GO:0043167,GO:0043168,GO:0043226,GO:0043227,GO:0043229,GO:0044237,GO:0044248,GO:0044424,GO:0044425,GO:0044444,GO:0044464,GO:0046907,GO:0048193,GO:0051179,GO:0051234,GO:0051641,GO:0051649,GO:0061709,GO:0061726,GO:0061912,GO:0061919,GO:0071840,GO:0097708,GO:0098657,GO:1901981,GO:1903008
OG0019104	HG_19105	GO:0000003,GO:0000148,GO:0000271,GO:0000278,GO:0000281,GO:0000910,GO:0000917,GO:0000935,GO:0003006,GO:0003674,GO:0005575,GO:0005623,GO:0005628,GO:0005886,GO:0005975,GO:0005976,GO:0006022,GO:0006023,GO:0006030,GO:0006031,GO:0006040,GO:0006109,GO:0006807,GO:0007049,GO:0008047,GO:0008104,GO:0008150,GO:0008152,GO:0009058,GO:0009059,GO:0009272,GO:0009653,GO:0009889,GO:0009987,GO:0010383,GO:0010556,GO:0010675,GO:0010962,GO:0010981,GO:0016020,GO:0016043,GO:0016051,GO:0017144,GO:0019222,GO:0019953,GO:0022402,GO:0022413,GO:0022414,GO:0022607,GO:0030154,GO:0030234,GO:0030428,GO:0030435,GO:0030437,GO:0031323,GO:0031326,GO:0032153,GO:0032155,GO:0032502,GO:0032505,GO:0032506,GO:0032881,GO:0032885,GO:0032950,GO:0032951,GO:0032991,GO:0032995,GO:0033036,GO:0033692,GO:0034293,GO:0034613,GO:0034637,GO:0034645,GO:0042546,GO:0042763,GO:0042764,GO:0043085,GO:0043170,GO:0043255,GO:0043934,GO:0043935,GO:0044036,GO:0044038,GO:0044085,GO:0044087,GO:0044093,GO:0044237,GO:0044238,GO:0044249,GO:0044260,GO:0044262,GO:0044264,GO:0044425,GO:0044459,GO:0044464,GO:0044703,GO:0046349,GO:0048468,GO:0048646,GO:0048856,GO:0048869,GO:0050789,GO:0050790,GO:0050794,GO:0051179,GO:0051278,GO:0051286,GO:0051301,GO:0051321,GO:0051641,GO:0051704,GO:0060255,GO:0061640,GO:0065007,GO:0065009,GO:0070589,GO:0070592,GO:0070727,GO:0071554,GO:0071704,GO:0071840,GO:0071852,GO:0071944,GO:0071966,GO:0080090,GO:0090093,GO:0090529,GO:0098772,GO:0098796,GO:0098797,GO:1901071,GO:1901073,GO:1901135,GO:1901137,GO:1901564,GO:1901566,GO:1901576,GO:1902410,GO:1902494,GO:1903046,GO:1903047,GO:1903338,GO:1990234,GO:2000112
OG0019176	HG_19177	
OG0019240	HG_19241	
OG0018688	HG_18689	GO:0003674,GO:0003824,GO:0005575,GO:0005622,GO:0005623,GO:0005737,GO:0006417,GO:0006449,GO:0006464,GO:0006479,GO:0006807,GO:0008150,GO:0008152,GO:0008168,GO:0008170,GO:0008213,GO:0008276,GO:0008757,GO:0009889,GO:0009891,GO:0009893,GO:0009987,GO:0010468,GO:0010556,GO:0010557,GO:0010604,GO:0010608,GO:0010628,GO:0016278,GO:0016279,GO:0016740,GO:0016741,GO:0018022,GO:0018027,GO:0018193,GO:0018205,GO:0019222,GO:0019538,GO:0031323,GO:0031325,GO:0031326,GO:0031328,GO:0032259,GO:0032268,GO:0032270,GO:0034248,GO:0034250,GO:0036211,GO:0043170,GO:0043243,GO:0043244,GO:0043412,GO:0043414,GO:0044237,GO:0044238,GO:0044260,GO:0044267,GO:0044424,GO:0044464,GO:0045727,GO:0045905,GO:0048518,GO:0048522,GO:0050789,GO:0050794,GO:0051128,GO:0051130,GO:0051171,GO:0051173,GO:0051246,GO:0051247,GO:0060255,GO:0065007,GO:0071704,GO:0080090,GO:0140096,GO:1901564,GO:2000112,GO:2000765
OG0019158	HG_19159	
OG0019294	HG_19295	
OG0019327	HG_19328	
OG0016615	HG_16616	
OG0019463	HG_19464	
OG0019222	HG_19223	
OG0019991	HG_19992	
OG0019445	HG_19446	
OG0019276	HG_19277	GO:0005575,GO:0005622,GO:0005623,GO:0005737,GO:0005856,GO:0005938,GO:0007009,GO:0008150,GO:0009987,GO:0010256,GO:0016043,GO:0022607,GO:0030863,GO:0032126,GO:0032991,GO:0036286,GO:0043226,GO:0043228,GO:0043229,GO:0043232,GO:0044085,GO:0044422,GO:0044424,GO:0044430,GO:0044444,GO:0044446,GO:0044448,GO:0044464,GO:0051286,GO:0061024,GO:0070941,GO:0071840,GO:0071944,GO:0099568
OG0019099	HG_19100	
OG0019171	HG_19172	
OG0019204	HG_19205	
OG0019340	HG_19341	
OG0019258	HG_19259	
OG0018716	HG_18717	GO:0000166,GO:0003674,GO:0003824,GO:0004017,GO:0005488,GO:0005524,GO:0005575,GO:0005622,GO:0005623,GO:0005737,GO:0005739,GO:0005740,GO:0005758,GO:0006139,GO:0006163,GO:0006164,GO:0006172,GO:0006259,GO:0006260,GO:0006261,GO:0006270,GO:0006725,GO:0006753,GO:0006793,GO:0006796,GO:0006807,GO:0008144,GO:0008150,GO:0008152,GO:0009058,GO:0009059,GO:0009117,GO:0009123,GO:0009124,GO:0009126,GO:0009127,GO:0009132,GO:0009133,GO:0009135,GO:0009136,GO:0009150,GO:0009152,GO:0009156,GO:0009161,GO:0009165,GO:0009167,GO:0009168,GO:0009179,GO:0009180,GO:0009185,GO:0009188,GO:0009259,GO:0009260,GO:0009987,GO:0016301,GO:0016310,GO:0016740,GO:0016772,GO:0016776,GO:0017076,GO:0018130,GO:0019205,GO:0019438,GO:0019637,GO:0019693,GO:0030554,GO:0031967,GO:0031970,GO:0031974,GO:0031975,GO:0032553,GO:0032555,GO:0032559,GO:0034641,GO:0034645,GO:0034654,GO:0035639,GO:0036094,GO:0043167,GO:0043168,GO:0043170,GO:0043226,GO:0043227,GO:0043229,GO:0043231,GO:0043233,GO:0044237,GO:0044238,GO:0044249,GO:0044260,GO:0044271,GO:0044281,GO:0044422,GO:0044424,GO:0044429,GO:0044444,GO:0044446,GO:0044464,GO:0046031,GO:0046390,GO:0046483,GO:0046940,GO:0050145,GO:0055086,GO:0070013,GO:0071704,GO:0072521,GO:0072522,GO:0090304,GO:0090407,GO:0097159,GO:0097367,GO:1901135,GO:1901137,GO:1901265,GO:1901293,GO:1901360,GO:1901362,GO:1901363,GO:1901564,GO:1901566,GO:1901576
OG0019427	HG_19428	
OG0019153	HG_19154	GO:0000118,GO:0000122,GO:0000183,GO:0000228,GO:0000775,GO:0000781,GO:0000785,GO:0000790,GO:0000792,GO:0005575,GO:0005622,GO:0005623,GO:0005634,GO:0005654,GO:0005694,GO:0005720,GO:0005721,GO:0006323,GO:0006325,GO:0006333,GO:0006342,GO:0006355,GO:0006357,GO:0006996,GO:0008150,GO:0009889,GO:0009890,GO:0009892,GO:0009987,GO:0010468,GO:0010556,GO:0010558,GO:0010605,GO:0010629,GO:0016043,GO:0016458,GO:0016584,GO:0017053,GO:0019219,GO:0019222,GO:0022607,GO:0030466,GO:0030702,GO:0031323,GO:0031324,GO:0031326,GO:0031327,GO:0031497,GO:0031618,GO:0031934,GO:0031974,GO:0031981,GO:0032991,GO:0033553,GO:0034728,GO:0040029,GO:0043226,GO:0043227,GO:0043228,GO:0043229,GO:0043231,GO:0043232,GO:0043233,GO:0043933,GO:0044085,GO:0044422,GO:0044424,GO:0044427,GO:0044428,GO:0044446,GO:0044451,GO:0044454,GO:0044464,GO:0045814,GO:0045892,GO:0045934,GO:0048519,GO:0048523,GO:0050789,GO:0050794,GO:0051171,GO:0051172,GO:0051252,GO:0051253,GO:0051276,GO:0060255,GO:0065007,GO:0070013,GO:0070824,GO:0071103,GO:0071824,GO:0071840,GO:0080090,GO:0090568,GO:0098687,GO:1902494,GO:1902679,GO:1903506,GO:1903507,GO:1990421,GO:1990707,GO:2000112,GO:2000113,GO:2001141
OG0016610	HG_16611	
OG0019289	HG_19290	
OG0019322	HG_19323	
OG0019394	HG_19395	
OG0014714	HG_14715	
OG0019135	HG_19136	
OG0019271	HG_19272	GO:0003674,GO:0003676,GO:0003723,GO:0003824,GO:0004518,GO:0004519,GO:0005488,GO:0005575,GO:0005622,GO:0005623,GO:0005737,GO:0005739,GO:0005740,GO:0005743,GO:0006139,GO:0006417,GO:0006446,GO:0006725,GO:0006807,GO:0008150,GO:0008152,GO:0009451,GO:0009889,GO:0009891,GO:0009893,GO:0009987,GO:0010467,GO:0010468,GO:0010556,GO:0010557,GO:0010604,GO:0010608,GO:0010628,GO:0016020,GO:0016021,GO:0016070,GO:0016787,GO:0016788,GO:0019222,GO:0019866,GO:0031090,GO:0031224,GO:0031300,GO:0031301,GO:0031323,GO:0031325,GO:0031326,GO:0031328,GO:0031966,GO:0031967,GO:0031975,GO:0032268,GO:0032270,GO:0032592,GO:0034248,GO:0034250,GO:0034641,GO:0043170,GO:0043226,GO:0043227,GO:0043229,GO:0043231,GO:0043412,GO:0044237,GO:0044238,GO:0044422,GO:0044424,GO:0044425,GO:0044429,GO:0044444,GO:0044446,GO:0044455,GO:0044464,GO:0045182,GO:0045727,GO:0045948,GO:0046483,GO:0048518,GO:0048522,GO:0050789,GO:0050794,GO:0051171,GO:0051173,GO:0051246,GO:0051247,GO:0060255,GO:0065007,GO:0070129,GO:0070131,GO:0070132,GO:0070134,GO:0071704,GO:0080090,GO:0090304,GO:0090305,GO:0097159,GO:0098573,GO:0140053,GO:1901360,GO:1901363,GO:2000112
OG0019304	HG_19305	
OG0019440	HG_19441	
OG0019376	HG_19377	GO:0000375,GO:0000377,GO:0000398,GO:0005575,GO:0005622,GO:0005623,GO:0005634,GO:0005681,GO:0006139,GO:0006396,GO:0006397,GO:0006725,GO:0006807,GO:0008150,GO:0008152,GO:0008380,GO:0009987,GO:0010467,GO:0016070,GO:0016071,GO:0032991,GO:0034641,GO:0043170,GO:0043226,GO:0043227,GO:0043229,GO:0043231,GO:0044237,GO:0044238,GO:0044422,GO:0044424,GO:0044428,GO:0044446,GO:0044464,GO:0045292,GO:0046483,GO:0071704,GO:0090304,GO:1901360,GO:1990904
OG0019199	HG_19200	GO:0003674,GO:0005096,GO:0005575,GO:0005622,GO:0005623,GO:0005737,GO:0005829,GO:0007154,GO:0007165,GO:0007264,GO:0007346,GO:0008047,GO:0008104,GO:0008150,GO:0009966,GO:0009968,GO:0009987,GO:0010564,GO:0010646,GO:0010648,GO:0010948,GO:0010958,GO:0010963,GO:0023051,GO:0023052,GO:0023057,GO:0030234,GO:0030695,GO:0032006,GO:0032007,GO:0032091,GO:0032879,GO:0032890,GO:0032892,GO:0032991,GO:0033036,GO:0033596,GO:0034613,GO:0034762,GO:0034764,GO:0034765,GO:0034767,GO:0035556,GO:0043085,GO:0043087,GO:0043269,GO:0043270,GO:0043393,GO:0043547,GO:0044070,GO:0044092,GO:0044093,GO:0044424,GO:0044444,GO:0044445,GO:0044464,GO:0045786,GO:0045930,GO:0048518,GO:0048519,GO:0048523,GO:0048583,GO:0048584,GO:0048585,GO:0050789,GO:0050790,GO:0050794,GO:0050896,GO:0051049,GO:0051050,GO:0051098,GO:0051100,GO:0051179,GO:0051336,GO:0051345,GO:0051641,GO:0051716,GO:0051726,GO:0051952,GO:0051954,GO:0051955,GO:0051957,GO:0060589,GO:0065007,GO:0065009,GO:0070727,GO:0098772,GO:1901987,GO:1901988,GO:1901990,GO:1901991,GO:1902531,GO:1902532,GO:1902806,GO:1902807,GO:1903432,GO:1903789,GO:1903793,GO:1903959,GO:1903961,GO:1904062,GO:1904064,GO:1904262,GO:1905532,GO:1905534,GO:1905541,GO:1905589,GO:2000045,GO:2000134,GO:2001023,GO:2001025
OG0013301	HG_13302	GO:0003674,GO:0003824,GO:0005575,GO:0005622,GO:0005623,GO:0005737,GO:0005739,GO:0008150,GO:0008152,GO:0016491,GO:0016614,GO:0016616,GO:0043226,GO:0043227,GO:0043229,GO:0043231,GO:0044424,GO:0044444,GO:0044464,GO:0055114
OG0019422	HG_19423	
OG0019358	HG_19359	
OG0019117	HG_19118	
OG0019253	HG_19254	
OG0014709	HG_14710	
OG0019084	HG_19085	
OG0019235	HG_19236	GO:0000003,GO:0003006,GO:0003674,GO:0005488,GO:0005509,GO:0005575,GO:0005622,GO:0005623,GO:0005628,GO:0005737,GO:0005856,GO:0005937,GO:0005938,GO:0006928,GO:0007049,GO:0008150,GO:0009653,GO:0009987,GO:0010927,GO:0015629,GO:0016020,GO:0016043,GO:0016459,GO:0016461,GO:0019953,GO:0022402,GO:0022413,GO:0022414,GO:0022607,GO:0030029,GO:0030048,GO:0030154,GO:0030427,GO:0030435,GO:0030437,GO:0031097,GO:0031321,GO:0032120,GO:0032153,GO:0032155,GO:0032502,GO:0032505,GO:0032989,GO:0032991,GO:0034293,GO:0042763,GO:0042764,GO:0042995,GO:0043167,GO:0043169,GO:0043226,GO:0043228,GO:0043229,GO:0043232,GO:0043332,GO:0043934,GO:0043935,GO:0044085,GO:0044091,GO:0044422,GO:0044424,GO:0044430,GO:0044444,GO:0044446,GO:0044448,GO:0044463,GO:0044464,GO:0044703,GO:0045160,GO:0046872,GO:0048468,GO:0048646,GO:0048856,GO:0048869,GO:0051286,GO:0051321,GO:0051704,GO:0061024,GO:0071709,GO:0071840,GO:0071944,GO:0099568,GO:0099738,GO:0120025,GO:0120038,GO:1903046,GO:1990819
OG0019404	HG_19405	
OG0016628	HG_16629	GO:0000288,GO:0000289,GO:0000956,GO:0003674,GO:0003824,GO:0006139,GO:0006396,GO:0006401,GO:0006402,GO:0006725,GO:0006807,GO:0008150,GO:0008152,GO:0009056,GO:0009057,GO:0009892,GO:0009987,GO:0010467,GO:0010468,GO:0010605,GO:0010629,GO:0016070,GO:0016071,GO:0016740,GO:0016772,GO:0016779,GO:0019222,GO:0019439,GO:0031123,GO:0034641,GO:0034655,GO:0034660,GO:0034661,GO:0043170,GO:0043632,GO:0043633,GO:0043634,GO:0044237,GO:0044238,GO:0044248,GO:0044260,GO:0044265,GO:0044270,GO:0046483,GO:0046700,GO:0048519,GO:0050265,GO:0050789,GO:0060255,GO:0065007,GO:0070569,GO:0071025,GO:0071027,GO:0071029,GO:0071046,GO:0071704,GO:0090304,GO:0140098,GO:1901360,GO:1901361,GO:1901575
OG0019476	HG_19477	
OG0019299	HG_19300	
OG0019371	HG_19372	
OG0019130	HG_19131	
OG0019458	HG_19459	
OG0019217	HG_19218	
OG0019112	HG_19113	
OG0019184	HG_19185	
OG0019353	HG_19354	GO:0000166,GO:0000178,GO:0000184,GO:0000288,GO:0000291,GO:0000956,GO:0001882,GO:0001883,GO:0002181,GO:0002184,GO:0003674,GO:0003676,GO:0003723,GO:0003746,GO:0003747,GO:0003824,GO:0003924,GO:0005488,GO:0005515,GO:0005525,GO:0005575,GO:0005622,GO:0005623,GO:0005737,GO:0005739,GO:0005829,GO:0006139,GO:0006401,GO:0006402,GO:0006412,GO:0006414,GO:0006415,GO:0006518,GO:0006725,GO:0006807,GO:0006950,GO:0006986,GO:0007154,GO:0007165,GO:0008079,GO:0008135,GO:0008150,GO:0008152,GO:0009056,GO:0009057,GO:0009058,GO:0009059,GO:0009892,GO:0009987,GO:0010033,GO:0010467,GO:0010468,GO:0010605,GO:0010608,GO:0010629,GO:0016043,GO:0016070,GO:0016071,GO:0016441,GO:0016458,GO:0016462,GO:0016787,GO:0016817,GO:0016818,GO:0017076,GO:0017111,GO:0019001,GO:0019222,GO:0019439,GO:0019538,GO:0022411,GO:0023052,GO:0030968,GO:0032543,GO:0032549,GO:0032550,GO:0032553,GO:0032555,GO:0032561,GO:0032984,GO:0032991,GO:0033554,GO:0034427,GO:0034620,GO:0034641,GO:0034645,GO:0034655,GO:0034976,GO:0035639,GO:0035966,GO:0035967,GO:0036094,GO:0040029,GO:0042221,GO:0043043,GO:0043167,GO:0043168,GO:0043170,GO:0043226,GO:0043227,GO:0043229,GO:0043231,GO:0043603,GO:0043604,GO:0043624,GO:0043928,GO:0043933,GO:0044237,GO:0044238,GO:0044248,GO:0044249,GO:0044260,GO:0044265,GO:0044267,GO:0044270,GO:0044271,GO:0044424,GO:0044444,GO:0044464,GO:0046483,GO:0046700,GO:0048519,GO:0050789,GO:0050794,GO:0050896,GO:0051716,GO:0060255,GO:0065007,GO:0070125,GO:0070478,GO:0070481,GO:0070887,GO:0071310,GO:0071704,GO:0071840,GO:0090304,GO:0097159,GO:0097367,GO:0140053,GO:1901265,GO:1901360,GO:1901361,GO:1901363,GO:1901564,GO:1901566,GO:1901575,GO:1901576,GO:1902494,GO:1905354,GO:1990533
OG0013455	HG_13456	
OG0019335	HG_19336	GO:0000338,GO:0005575,GO:0005622,GO:0005623,GO:0005634,GO:0006464,GO:0006508,GO:0006807,GO:0008150,GO:0008152,GO:0008180,GO:0009987,GO:0019538,GO:0032991,GO:0036211,GO:0043170,GO:0043226,GO:0043227,GO:0043229,GO:0043231,GO:0043412,GO:0044237,GO:0044238,GO:0044260,GO:0044267,GO:0044422,GO:0044424,GO:0044428,GO:0044446,GO:0044464,GO:0070646,GO:0070647,GO:0071704,GO:1901564,GO:0000003,GO:0000715,GO:0000909,GO:0002009,GO:0003006,GO:0003674,GO:0005488,GO:0005515,GO:0005654,GO:0005737,GO:0005829,GO:0006139,GO:0006259,GO:0006281,GO:0006283,GO:0006289,GO:0006725,GO:0006950,GO:0006974,GO:0006996,GO:0007275,GO:0007276,GO:0007281,GO:0007282,GO:0007283,GO:0007292,GO:0007293,GO:0008283,GO:0008356,GO:0009653,GO:0009888,GO:0010387,GO:0016043,GO:0016333,GO:0019827,GO:0019953,GO:0022412,GO:0022414,GO:0022607,GO:0030154,GO:0030582,GO:0030584,GO:0030718,GO:0030727,GO:0031647,GO:0031974,GO:0031981,GO:0032501,GO:0032502,GO:0032504,GO:0033554,GO:0034399,GO:0034622,GO:0034641,GO:0036099,GO:0043233,GO:0043687,GO:0043933,GO:0044085,GO:0044444,GO:0044703,GO:0046483,GO:0048134,GO:0048135,GO:0048138,GO:0048140,GO:0048142,GO:0048232,GO:0048468,GO:0048477,GO:0048608,GO:0048609,GO:0048646,GO:0048729,GO:0048731,GO:0048856,GO:0048869,GO:0050821,GO:0050896,GO:0051276,GO:0051301,GO:0051704,GO:0051716,GO:0060429,GO:0061458,GO:0065003,GO:0065007,GO:0065008,GO:0070013,GO:0070791,GO:0071840,GO:0075259,GO:0090304,GO:0098727,GO:1901360
OG0016623	HG_16624	GO:0003674,GO:0003824,GO:0004596,GO:0005575,GO:0005622,GO:0005623,GO:0006464,GO:0006473,GO:0006474,GO:0006807,GO:0008080,GO:0008150,GO:0008152,GO:0009987,GO:0010467,GO:0016407,GO:0016410,GO:0016740,GO:0016746,GO:0016747,GO:0019538,GO:0031248,GO:0031365,GO:0032991,GO:0034212,GO:0036211,GO:0043170,GO:0043412,GO:0043543,GO:0044237,GO:0044238,GO:0044260,GO:0044267,GO:0044424,GO:0044464,GO:0051604,GO:0071704,GO:1901564,GO:1902493,GO:1902494,GO:1990234
OG0019471	HG_19472	
OG0019230	HG_19231	
OG0019166	HG_19167	
OG0019399	HG_19400	
OG0019212	HG_19213	GO:0003674,GO:0005488,GO:0005515,GO:0005543,GO:0005575,GO:0005622,GO:0005623,GO:0005737,GO:0005794,GO:0005802,GO:0005829,GO:0006508,GO:0006511,GO:0006807,GO:0006810,GO:0006886,GO:0006892,GO:0006895,GO:0006896,GO:0007034,GO:0008104,GO:0008150,GO:0008152,GO:0008289,GO:0009056,GO:0009057,GO:0009987,GO:0012505,GO:0015031,GO:0015833,GO:0016192,GO:0016197,GO:0016482,GO:0019538,GO:0019941,GO:0030163,GO:0031984,GO:0032182,GO:0032509,GO:0032511,GO:0033036,GO:0033365,GO:0034613,GO:0035091,GO:0042886,GO:0043130,GO:0043162,GO:0043167,GO:0043168,GO:0043170,GO:0043226,GO:0043227,GO:0043229,GO:0043231,GO:0043328,GO:0043632,GO:0044237,GO:0044238,GO:0044248,GO:0044257,GO:0044260,GO:0044265,GO:0044267,GO:0044422,GO:0044424,GO:0044431,GO:0044444,GO:0044446,GO:0044464,GO:0045184,GO:0045324,GO:0046907,GO:0048193,GO:0051179,GO:0051234,GO:0051603,GO:0051641,GO:0051649,GO:0070273,GO:0070727,GO:0071702,GO:0071704,GO:0071705,GO:0071985,GO:0072594,GO:0072665,GO:0072666,GO:0098791,GO:1901564,GO:1901565,GO:1901575,GO:1901981
OG0019148	HG_19149	
OG0019317	HG_19318	GO:0006807,GO:0008150,GO:0008152,GO:0010467,GO:0019538,GO:0022613,GO:0042254,GO:0042273,GO:0043170,GO:0044085,GO:0044238,GO:0051604,GO:0071704,GO:0071840,GO:0097428,GO:0106035,GO:1901564
OG0019284	HG_19285	
OG0019453	HG_19454	
OG0019179	HG_19180	
OG0019097	HG_19098	
OG0019266	HG_19267	GO:0000182,GO:0000226,GO:0000228,GO:0000278,GO:0000280,GO:0000785,GO:0000790,GO:0000792,GO:0000976,GO:0000977,GO:0000978,GO:0000981,GO:0000982,GO:0000987,GO:0000988,GO:0000989,GO:0001012,GO:0001067,GO:0001076,GO:0001077,GO:0001134,GO:0001135,GO:0001228,GO:0003674,GO:0003676,GO:0003677,GO:0003682,GO:0003690,GO:0003700,GO:0005488,GO:0005575,GO:0005622,GO:0005623,GO:0005634,GO:0005654,GO:0005667,GO:0005694,GO:0005720,GO:0005730,GO:0005737,GO:0005829,GO:0005886,GO:0006139,GO:0006259,GO:0006260,GO:0006261,GO:0006274,GO:0006275,GO:0006325,GO:0006338,GO:0006351,GO:0006352,GO:0006353,GO:0006355,GO:0006357,GO:0006360,GO:0006361,GO:0006363,GO:0006366,GO:0006725,GO:0006807,GO:0006950,GO:0006995,GO:0006996,GO:0007010,GO:0007017,GO:0007049,GO:0007051,GO:0007052,GO:0007154,GO:0008150,GO:0008152,GO:0008156,GO:0008301,GO:0009058,GO:0009059,GO:0009267,GO:0009605,GO:0009889,GO:0009890,GO:0009891,GO:0009892,GO:0009893,GO:0009987,GO:0009991,GO:0010453,GO:0010467,GO:0010468,GO:0010556,GO:0010557,GO:0010558,GO:0010604,GO:0010605,GO:0010628,GO:0016020,GO:0016043,GO:0016070,GO:0018130,GO:0019185,GO:0019219,GO:0019222,GO:0019438,GO:0019538,GO:0022402,GO:0022607,GO:0030154,GO:0031323,GO:0031324,GO:0031325,GO:0031326,GO:0031327,GO:0031328,GO:0031494,GO:0031582,GO:0031634,GO:0031667,GO:0031668,GO:0031669,GO:0031974,GO:0031981,GO:0032502,GO:0032774,GO:0032991,GO:0033553,GO:0033554,GO:0034641,GO:0034645,GO:0034654,GO:0036278,GO:0042594,GO:0043007,GO:0043110,GO:0043111,GO:0043170,GO:0043226,GO:0043227,GO:0043228,GO:0043229,GO:0043231,GO:0043232,GO:0043233,GO:0043562,GO:0043565,GO:0043570,GO:0044085,GO:0044212,GO:0044237,GO:0044238,GO:0044249,GO:0044260,GO:0044267,GO:0044271,GO:0044374,GO:0044422,GO:0044424,GO:0044427,GO:0044428,GO:0044444,GO:0044446,GO:0044454,GO:0044464,GO:0044798,GO:0045005,GO:0045595,GO:0045893,GO:0045934,GO:0045935,GO:0045944,GO:0046483,GO:0048285,GO:0048518,GO:0048519,GO:0048522,GO:0048523,GO:0048869,GO:0050789,GO:0050793,GO:0050794,GO:0050896,GO:0051052,GO:0051053,GO:0051171,GO:0051172,GO:0051173,GO:0051225,GO:0051252,GO:0051254,GO:0051276,GO:0051716,GO:0060255,GO:0065007,GO:0070013,GO:0070925,GO:0071170,GO:0071171,GO:0071496,GO:0071514,GO:0071515,GO:0071516,GO:0071704,GO:0071840,GO:0071944,GO:0071946,GO:0080090,GO:0090304,GO:0090307,GO:0090329,GO:0097159,GO:0097659,GO:0110035,GO:0140014,GO:0140110,GO:1901360,GO:1901362,GO:1901363,GO:1901564,GO:1901576,GO:1902377,GO:1902680,GO:1902850,GO:1903047,GO:1903506,GO:1903508,GO:1990837,GO:1990943,GO:2000104,GO:2000112,GO:2000113,GO:2000241,GO:2001141
OG0019435	HG_19436	
OG0019161	HG_19162	
OG0019330	HG_19331	
OG0019248	HG_19249	
OG0018673	HG_18674	GO:0000003,GO:0000118,GO:0000228,GO:0000413,GO:0000785,GO:0000790,GO:0003006,GO:0003674,GO:0003676,GO:0003723,GO:0003729,GO:0003755,GO:0003824,GO:0005488,GO:0005575,GO:0005576,GO:0005618,GO:0005622,GO:0005623,GO:0005634,GO:0005654,GO:0005694,GO:0005737,GO:0005739,GO:0005740,GO:0005758,GO:0006325,GO:0006464,GO:0006476,GO:0006807,GO:0006996,GO:0007049,GO:0008144,GO:0008150,GO:0008152,GO:0009277,GO:0009653,GO:0009987,GO:0010564,GO:0010638,GO:0016018,GO:0016043,GO:0016569,GO:0016570,GO:0016575,GO:0016853,GO:0016859,GO:0018193,GO:0018208,GO:0019538,GO:0019953,GO:0022402,GO:0022413,GO:0022414,GO:0030154,GO:0030312,GO:0030435,GO:0030437,GO:0030445,GO:0031012,GO:0031967,GO:0031970,GO:0031974,GO:0031975,GO:0031981,GO:0032502,GO:0032505,GO:0032991,GO:0033043,GO:0033218,GO:0034293,GO:0034967,GO:0035601,GO:0036211,GO:0040020,GO:0042277,GO:0043170,GO:0043226,GO:0043227,GO:0043228,GO:0043229,GO:0043231,GO:0043232,GO:0043233,GO:0043412,GO:0043934,GO:0043935,GO:0044237,GO:0044238,GO:0044260,GO:0044267,GO:0044421,GO:0044422,GO:0044424,GO:0044427,GO:0044428,GO:0044429,GO:0044444,GO:0044446,GO:0044451,GO:0044454,GO:0044464,GO:0044703,GO:0045787,GO:0045836,GO:0048468,GO:0048518,GO:0048522,GO:0048646,GO:0048856,GO:0048869,GO:0050789,GO:0050794,GO:0051128,GO:0051130,GO:0051276,GO:0051321,GO:0051445,GO:0051446,GO:0051704,GO:0051726,GO:0051783,GO:0051785,GO:0062039,GO:0062040,GO:0065007,GO:0070013,GO:0071704,GO:0071840,GO:0071944,GO:0090068,GO:0097159,GO:0098732,GO:0140096,GO:1901363,GO:1901564,GO:1902494,GO:1903046,GO:2000241,GO:2000243
OG0019384	HG_19385	
OG0019417	HG_19418	
OG0019312	HG_19313	
OG0019279	HG_19280	
OG0016600	HG_16601	GO:0005575,GO:0005622,GO:0005623,GO:0005694,GO:0035861,GO:0043226,GO:0043228,GO:0043229,GO:0043232,GO:0044422,GO:0044424,GO:0044427,GO:0044446,GO:0044464,GO:0090734
OG0019143	HG_19144	
OG0019366	HG_19367	GO:0003674,GO:0005488,GO:0005543,GO:0005575,GO:0005622,GO:0005623,GO:0005737,GO:0005739,GO:0005783,GO:0005794,GO:0005886,GO:0005933,GO:0005938,GO:0006996,GO:0007029,GO:0008150,GO:0008289,GO:0009987,GO:0010256,GO:0012505,GO:0016020,GO:0016043,GO:0019216,GO:0019220,GO:0019222,GO:0022406,GO:0031323,GO:0031410,GO:0031982,GO:0031984,GO:0032541,GO:0035303,GO:0043167,GO:0043168,GO:0043226,GO:0043227,GO:0043229,GO:0043231,GO:0044422,GO:0044424,GO:0044432,GO:0044444,GO:0044446,GO:0044448,GO:0044464,GO:0050789,GO:0050794,GO:0051174,GO:0051179,GO:0051286,GO:0051640,GO:0051641,GO:0051643,GO:0060255,GO:0060304,GO:0061024,GO:0061817,GO:0065007,GO:0071782,GO:0071840,GO:0071944,GO:0080090,GO:0090158,GO:0097708,GO:0098827,GO:0099568,GO:0140056,GO:1903725
OG0019125	HG_19126	
OG0019092	HG_19093	
OG0019261	HG_19262	
OG0019197	HG_19198	
OG0019430	HG_19431	GO:0000138,GO:0005575,GO:0005622,GO:0005623,GO:0005737,GO:0005794,GO:0005795,GO:0005797,GO:0006810,GO:0006886,GO:0008104,GO:0008150,GO:0012505,GO:0015031,GO:0015833,GO:0016020,GO:0031984,GO:0031985,GO:0033036,GO:0034613,GO:0042886,GO:0043226,GO:0043227,GO:0043229,GO:0043231,GO:0044422,GO:0044424,GO:0044431,GO:0044444,GO:0044446,GO:0044464,GO:0045184,GO:0046907,GO:0051179,GO:0051234,GO:0051641,GO:0051649,GO:0070727,GO:0071702,GO:0071705,GO:0098791
OG0012516	HG_12517	
OG0019348	HG_19349	
OG0019107	HG_19108	GO:0003674,GO:0003824,GO:0004161,GO:0004337,GO:0004659,GO:0005575,GO:0005622,GO:0005623,GO:0005737,GO:0005783,GO:0006066,GO:0006629,GO:0006644,GO:0006694,GO:0006696,GO:0006720,GO:0006721,GO:0006793,GO:0006796,GO:0008150,GO:0008152,GO:0008202,GO:0008204,GO:0008299,GO:0008610,GO:0008654,GO:0009058,GO:0009987,GO:0012505,GO:0016114,GO:0016125,GO:0016126,GO:0016128,GO:0016129,GO:0016740,GO:0016765,GO:0019637,GO:0033383,GO:0033384,GO:0033385,GO:0033386,GO:0043226,GO:0043227,GO:0043229,GO:0043231,GO:0044107,GO:0044108,GO:0044237,GO:0044238,GO:0044249,GO:0044255,GO:0044281,GO:0044283,GO:0044424,GO:0044444,GO:0044464,GO:0045337,GO:0045338,GO:0046165,GO:0071704,GO:0090407,GO:0097384,GO:1901360,GO:1901362,GO:1901576,GO:1901615,GO:1901617,GO:1902652,GO:1902653
OG0019243	HG_19244	
OG0019379	HG_19380	GO:0000422,GO:0003674,GO:0003824,GO:0006464,GO:0006497,GO:0006807,GO:0006914,GO:0006996,GO:0007005,GO:0008150,GO:0008152,GO:0009056,GO:0009058,GO:0009059,GO:0009987,GO:0016043,GO:0016236,GO:0016740,GO:0019538,GO:0019777,GO:0019787,GO:0022411,GO:0032446,GO:0034645,GO:0036211,GO:0042157,GO:0042158,GO:0043170,GO:0043412,GO:0044237,GO:0044238,GO:0044248,GO:0044249,GO:0044260,GO:0044267,GO:0061650,GO:0061651,GO:0061726,GO:0061919,GO:0070647,GO:0071704,GO:0071840,GO:0140096,GO:1901564,GO:1901566,GO:1901576,GO:1903008
OG0019412	HG_19413	GO:0000003,GO:0000322,GO:0000323,GO:0000324,GO:0001894,GO:0001895,GO:0002376,GO:0002474,GO:0002478,GO:0002495,GO:0002504,GO:0002790,GO:0003674,GO:0005102,GO:0005488,GO:0005509,GO:0005515,GO:0005575,GO:0005618,GO:0005622,GO:0005623,GO:0005634,GO:0005635,GO:0005737,GO:0005739,GO:0005773,GO:0005774,GO:0005783,GO:0005788,GO:0005789,GO:0005790,GO:0005840,GO:0005886,GO:0005911,GO:0006457,GO:0006508,GO:0006511,GO:0006726,GO:0006807,GO:0006810,GO:0006886,GO:0006897,GO:0006898,GO:0006915,GO:0006950,GO:0006986,GO:0007154,GO:0007165,GO:0007166,GO:0007338,GO:0007339,GO:0007568,GO:0008037,GO:0008104,GO:0008150,GO:0008152,GO:0008219,GO:0009056,GO:0009057,GO:0009058,GO:0009059,GO:0009266,GO:0009267,GO:0009306,GO:0009408,GO:0009505,GO:0009506,GO:0009507,GO:0009536,GO:0009566,GO:0009605,GO:0009628,GO:0009987,GO:0009988,GO:0009991,GO:0010033,GO:0010243,GO:0010498,GO:0010522,GO:0010959,GO:0012501,GO:0012505,GO:0015031,GO:0015833,GO:0016020,GO:0016021,GO:0016043,GO:0016063,GO:0016192,GO:0019221,GO:0019538,GO:0019882,GO:0019884,GO:0019886,GO:0019941,GO:0019953,GO:0022414,GO:0022607,GO:0023052,GO:0030054,GO:0030163,GO:0030176,GO:0030312,GO:0030424,GO:0030425,GO:0030433,GO:0030968,GO:0031090,GO:0031224,GO:0031227,GO:0031647,GO:0031667,GO:0031668,GO:0031669,GO:0031967,GO:0031974,GO:0031975,GO:0031984,GO:0032501,GO:0032502,GO:0032838,GO:0032839,GO:0032879,GO:0032940,GO:0032991,GO:0033036,GO:0033554,GO:0034097,GO:0034185,GO:0034605,GO:0034613,GO:0034620,GO:0034975,GO:0034976,GO:0035036,GO:0035254,GO:0035255,GO:0035966,GO:0035967,GO:0036465,GO:0036477,GO:0036503,GO:0042175,GO:0042221,GO:0042440,GO:0042441,GO:0042592,GO:0042594,GO:0042886,GO:0042995,GO:0043005,GO:0043025,GO:0043161,GO:0043167,GO:0043169,GO:0043170,GO:0043197,GO:0043209,GO:0043226,GO:0043227,GO:0043228,GO:0043229,GO:0043231,GO:0043232,GO:0043233,GO:0043269,GO:0043324,GO:0043473,GO:0043474,GO:0043632,GO:0043933,GO:0044085,GO:0044183,GO:0044232,GO:0044233,GO:0044237,GO:0044238,GO:0044248,GO:0044249,GO:0044257,GO:0044260,GO:0044265,GO:0044267,GO:0044297,GO:0044309,GO:0044322,GO:0044422,GO:0044424,GO:0044425,GO:0044428,GO:0044432,GO:0044437,GO:0044444,GO:0044446,GO:0044456,GO:0044463,GO:0044464,GO:0044703,GO:0045184,GO:0045202,GO:0046148,GO:0046154,GO:0046872,GO:0046903,GO:0046907,GO:0048002,GO:0048066,GO:0048069,GO:0048471,GO:0048488,GO:0048871,GO:0050789,GO:0050794,GO:0050821,GO:0050896,GO:0051049,GO:0051082,GO:0051179,GO:0051234,GO:0051603,GO:0051641,GO:0051649,GO:0051704,GO:0051716,GO:0051924,GO:0055044,GO:0060249,GO:0060341,GO:0061077,GO:0065003,GO:0065007,GO:0065008,GO:0070013,GO:0070106,GO:0070727,GO:0070757,GO:0070887,GO:0071310,GO:0071345,GO:0071496,GO:0071556,GO:0071702,GO:0071704,GO:0071705,GO:0071840,GO:0071944,GO:0072583,GO:0097038,GO:0097447,GO:0097458,GO:0098552,GO:0098553,GO:0098588,GO:0098657,GO:0098794,GO:0098805,GO:0098827,GO:0099003,GO:0099504,GO:0099568,GO:0120025,GO:0120038,GO:0120111,GO:1901564,GO:1901565,GO:1901566,GO:1901575,GO:1901576,GO:1901698,GO:1990904
OG0012360	HG_12361	GO:0000166,GO:0001505,GO:0003674,GO:0003824,GO:0004777,GO:0005488,GO:0005575,GO:0005622,GO:0005623,GO:0005737,GO:0005739,GO:0006082,GO:0006105,GO:0006520,GO:0006536,GO:0006538,GO:0006540,GO:0006807,GO:0006950,GO:0006979,GO:0008150,GO:0008152,GO:0009013,GO:0009056,GO:0009063,GO:0009064,GO:0009065,GO:0009448,GO:0009450,GO:0009987,GO:0016054,GO:0016491,GO:0016620,GO:0016903,GO:0017144,GO:0019752,GO:0032787,GO:0033554,GO:0034599,GO:0036094,GO:0042133,GO:0042135,GO:0042221,GO:0043226,GO:0043227,GO:0043229,GO:0043231,GO:0043436,GO:0043648,GO:0043649,GO:0044237,GO:0044238,GO:0044248,GO:0044281,GO:0044282,GO:0044424,GO:0044444,GO:0044464,GO:0046395,GO:0048037,GO:0050662,GO:0050896,GO:0051287,GO:0051716,GO:0055114,GO:0065007,GO:0065008,GO:0070887,GO:0071704,GO:0072329,GO:0097159,GO:1901265,GO:1901363,GO:1901564,GO:1901565,GO:1901575,GO:1901605,GO:1901606
OG0019225	HG_19226	
OG0019361	HG_19362	
OG0019297	HG_19298	
OG0019466	HG_19467	
OG0019192	HG_19193	GO:0000228,GO:0000278,GO:0000785,GO:0000790,GO:0005575,GO:0005622,GO:0005623,GO:0005634,GO:0005654,GO:0005694,GO:0006139,GO:0006259,GO:0006260,GO:0006261,GO:0006270,GO:0006725,GO:0006807,GO:0007049,GO:0008150,GO:0008152,GO:0009058,GO:0009059,GO:0009987,GO:0022402,GO:0031261,GO:0031974,GO:0031981,GO:0032991,GO:0032993,GO:0033260,GO:0034641,GO:0034645,GO:0043170,GO:0043226,GO:0043227,GO:0043228,GO:0043229,GO:0043231,GO:0043232,GO:0043233,GO:0044237,GO:0044238,GO:0044249,GO:0044260,GO:0044422,GO:0044424,GO:0044427,GO:0044428,GO:0044446,GO:0044451,GO:0044454,GO:0044464,GO:0044786,GO:0046483,GO:0070013,GO:0071704,GO:0090304,GO:1901360,GO:1901576,GO:1902292,GO:1902315,GO:1902969,GO:1902975,GO:1903047
OG0019120	HG_19121	
OG0019207	HG_19208	GO:0003674,GO:0003676,GO:0003677,GO:0003684,GO:0003690,GO:0005488,GO:0005575,GO:0005622,GO:0005623,GO:0005634,GO:0006139,GO:0006259,GO:0006281,GO:0006725,GO:0006807,GO:0006950,GO:0006974,GO:0008150,GO:0008152,GO:0009987,GO:0030983,GO:0032135,GO:0032138,GO:0032141,GO:0033554,GO:0034641,GO:0035487,GO:0043170,GO:0043226,GO:0043227,GO:0043229,GO:0043231,GO:0044237,GO:0044238,GO:0044260,GO:0044424,GO:0044464,GO:0046483,GO:0050896,GO:0051716,GO:0071704,GO:0090304,GO:0097159,GO:1901360,GO:1901363
OG0019343	HG_19344	
OG0019448	HG_19449	
OG0019102	HG_19103	GO:0000003,GO:0000280,GO:0005575,GO:0005622,GO:0005623,GO:0005856,GO:0005869,GO:0005875,GO:0006810,GO:0006928,GO:0006996,GO:0007017,GO:0007018,GO:0007049,GO:0007097,GO:0007127,GO:0008150,GO:0009987,GO:0010970,GO:0015629,GO:0015630,GO:0016043,GO:0022402,GO:0022414,GO:0030473,GO:0030705,GO:0030989,GO:0032991,GO:0043226,GO:0043228,GO:0043229,GO:0043232,GO:0044422,GO:0044424,GO:0044430,GO:0044446,GO:0044464,GO:0046907,GO:0048285,GO:0051179,GO:0051234,GO:0051321,GO:0051640,GO:0051641,GO:0051647,GO:0051649,GO:0051656,GO:0061982,GO:0071840,GO:0072384,GO:0099111,GO:0140013,GO:1903046
OG0019174	HG_19175	GO:0003674,GO:0005096,GO:0005488,GO:0005515,GO:0005575,GO:0005622,GO:0005623,GO:0005737,GO:0005798,GO:0005886,GO:0006810,GO:0006886,GO:0006888,GO:0008047,GO:0008104,GO:0008150,GO:0012505,GO:0015031,GO:0015833,GO:0016020,GO:0016192,GO:0017016,GO:0017137,GO:0019899,GO:0023052,GO:0030234,GO:0030695,GO:0031267,GO:0031338,GO:0031410,GO:0031982,GO:0032879,GO:0033036,GO:0033043,GO:0034613,GO:0042886,GO:0043085,GO:0043087,GO:0043226,GO:0043227,GO:0043229,GO:0043547,GO:0044093,GO:0044424,GO:0044444,GO:0044464,GO:0045184,GO:0046907,GO:0048193,GO:0050789,GO:0050790,GO:0050794,GO:0051020,GO:0051049,GO:0051128,GO:0051179,GO:0051234,GO:0051336,GO:0051345,GO:0051641,GO:0051649,GO:0060589,GO:0060627,GO:0065007,GO:0065009,GO:0070727,GO:0071702,GO:0071705,GO:0071944,GO:0090630,GO:0097708,GO:0098772
OG0016631	HG_16632	GO:0000375,GO:0000377,GO:0000390,GO:0000398,GO:0005575,GO:0005622,GO:0005623,GO:0005634,GO:0005681,GO:0005684,GO:0006139,GO:0006396,GO:0006397,GO:0006725,GO:0006807,GO:0008150,GO:0008152,GO:0008380,GO:0009987,GO:0010467,GO:0016043,GO:0016070,GO:0016071,GO:0022411,GO:0032984,GO:0032988,GO:0032991,GO:0034641,GO:0043170,GO:0043226,GO:0043227,GO:0043229,GO:0043231,GO:0043933,GO:0044237,GO:0044238,GO:0044422,GO:0044424,GO:0044428,GO:0044446,GO:0044464,GO:0046483,GO:0071008,GO:0071014,GO:0071704,GO:0071826,GO:0071840,GO:0090304,GO:1901360,GO:1990904
OG0019325	HG_19326	
OG0019397	HG_19398	
OG0019292	HG_19293	GO:0000122,GO:0000228,GO:0000785,GO:0000790,GO:0000976,GO:0000977,GO:0000978,GO:0000981,GO:0000982,GO:0000987,GO:0001012,GO:0001067,GO:0001077,GO:0001078,GO:0001227,GO:0001228,GO:0001300,GO:0003674,GO:0003676,GO:0003677,GO:0003690,GO:0003700,GO:0003824,GO:0005488,GO:0005575,GO:0005622,GO:0005623,GO:0005634,GO:0005694,GO:0005737,GO:0005739,GO:0005829,GO:0006139,GO:0006325,GO:0006338,GO:0006351,GO:0006355,GO:0006357,GO:0006366,GO:0006464,GO:0006482,GO:0006725,GO:0006807,GO:0006950,GO:0006996,GO:0007568,GO:0007569,GO:0008150,GO:0008152,GO:0008214,GO:0009058,GO:0009059,GO:0009605,GO:0009889,GO:0009890,GO:0009891,GO:0009892,GO:0009893,GO:0009987,GO:0009991,GO:0010467,GO:0010468,GO:0010556,GO:0010557,GO:0010558,GO:0010604,GO:0010605,GO:0010628,GO:0010629,GO:0016043,GO:0016070,GO:0016491,GO:0016569,GO:0016570,GO:0016577,GO:0016705,GO:0016706,GO:0018130,GO:0019216,GO:0019219,GO:0019220,GO:0019222,GO:0019438,GO:0019538,GO:0031323,GO:0031324,GO:0031325,GO:0031326,GO:0031327,GO:0031328,GO:0031667,GO:0031974,GO:0031981,GO:0032451,GO:0032452,GO:0032502,GO:0032774,GO:0032991,GO:0034641,GO:0034645,GO:0034654,GO:0036211,GO:0042594,GO:0043170,GO:0043226,GO:0043227,GO:0043228,GO:0043229,GO:0043231,GO:0043232,GO:0043233,GO:0043412,GO:0043565,GO:0044212,GO:0044237,GO:0044238,GO:0044249,GO:0044260,GO:0044267,GO:0044271,GO:0044422,GO:0044424,GO:0044427,GO:0044428,GO:0044444,GO:0044446,GO:0044454,GO:0044464,GO:0044764,GO:0045892,GO:0045893,GO:0045934,GO:0045935,GO:0045944,GO:0046483,GO:0046890,GO:0048189,GO:0048518,GO:0048519,GO:0048522,GO:0048523,GO:0048869,GO:0050789,GO:0050794,GO:0050896,GO:0051171,GO:0051172,GO:0051173,GO:0051174,GO:0051213,GO:0051252,GO:0051253,GO:0051254,GO:0051276,GO:0051704,GO:0051864,GO:0055114,GO:0060255,GO:0060274,GO:0060275,GO:0065007,GO:0070013,GO:0070076,GO:0070544,GO:0070988,GO:0071071,GO:0071704,GO:0071840,GO:0080090,GO:0090304,GO:0097159,GO:0097659,GO:0140096,GO:0140110,GO:1901360,GO:1901362,GO:1901363,GO:1901564,GO:1901576,GO:1902679,GO:1902680,GO:1903506,GO:1903507,GO:1903508,GO:1903725,GO:1990837,GO:2000112,GO:2000113,GO:2001141
OG0016613	HG_16614	
OG0019461	HG_19462	
OG0014717	HG_14718	
OG0016308	HG_16309	GO:0000166,GO:0000322,GO:0000323,GO:0000324,GO:0000724,GO:0000725,GO:0003674,GO:0003824,GO:0004012,GO:0005215,GO:0005319,GO:0005342,GO:0005488,GO:0005496,GO:0005524,GO:0005548,GO:0005575,GO:0005622,GO:0005623,GO:0005737,GO:0005739,GO:0005773,GO:0005783,GO:0005829,GO:0005886,GO:0006139,GO:0006259,GO:0006281,GO:0006302,GO:0006310,GO:0006725,GO:0006807,GO:0006810,GO:0006811,GO:0006820,GO:0006855,GO:0006869,GO:0006873,GO:0006950,GO:0006974,GO:0006979,GO:0008144,GO:0008150,GO:0008152,GO:0008289,GO:0008559,GO:0009719,GO:0009725,GO:0009986,GO:0009987,GO:0010033,GO:0010876,GO:0012505,GO:0014070,GO:0015238,GO:0015244,GO:0015318,GO:0015399,GO:0015405,GO:0015665,GO:0015711,GO:0015748,GO:0015849,GO:0015850,GO:0015893,GO:0015903,GO:0015914,GO:0016020,GO:0016021,GO:0016043,GO:0016462,GO:0016787,GO:0016817,GO:0016818,GO:0016887,GO:0017076,GO:0017111,GO:0019725,GO:0022804,GO:0022857,GO:0030003,GO:0030554,GO:0031224,GO:0032553,GO:0032555,GO:0032559,GO:0032870,GO:0033036,GO:0033554,GO:0033993,GO:0034204,GO:0034599,GO:0034641,GO:0035639,GO:0035690,GO:0036094,GO:0042221,GO:0042493,GO:0042562,GO:0042592,GO:0042623,GO:0042626,GO:0042891,GO:0042895,GO:0042908,GO:0042910,GO:0043167,GO:0043168,GO:0043170,GO:0043178,GO:0043226,GO:0043227,GO:0043229,GO:0043231,GO:0043492,GO:0044237,GO:0044238,GO:0044260,GO:0044424,GO:0044425,GO:0044444,GO:0044464,GO:0045117,GO:0045121,GO:0045332,GO:0046483,GO:0046618,GO:0048545,GO:0048878,GO:0050801,GO:0050896,GO:0051179,GO:0051234,GO:0051716,GO:0055080,GO:0055082,GO:0055085,GO:0055088,GO:0055092,GO:0061024,GO:0065007,GO:0065008,GO:0070887,GO:0071310,GO:0071383,GO:0071396,GO:0071407,GO:0071495,GO:0071702,GO:0071704,GO:0071705,GO:0071840,GO:0071944,GO:0090304,GO:0097035,GO:0097159,GO:0097367,GO:0098589,GO:0098805,GO:0098857,GO:0099130,GO:1901265,GO:1901360,GO:1901363,GO:1901474,GO:1901618,GO:1903825,GO:1903875,GO:1903924,GO:1990239,GO:1990414,GO:1990961
OG0019220	HG_19221	
OG0019156	HG_19157	GO:0005575,GO:0005576,GO:0005615,GO:0007009,GO:0008150,GO:0009987,GO:0010256,GO:0016043,GO:0022607,GO:0044085,GO:0044091,GO:0044421,GO:0061024,GO:0071709,GO:0071840,GO:1903575
OG0019307	HG_19308	
OG0019202	HG_19203	
OG0019138	HG_19139	GO:0003674,GO:0005488,GO:0005543,GO:0008289,GO:0035091,GO:0043167,GO:0043168
OG0019274	HG_19275	
OG0019443	HG_19444	GO:0006139,GO:0006364,GO:0006396,GO:0006725,GO:0006807,GO:0008150,GO:0008152,GO:0009987,GO:0010467,GO:0016070,GO:0016072,GO:0022613,GO:0030490,GO:0034470,GO:0034641,GO:0034660,GO:0042254,GO:0042274,GO:0043170,GO:0044085,GO:0044237,GO:0044238,GO:0046483,GO:0071704,GO:0071840,GO:0090304,GO:1901360
OG0019169	HG_19170	GO:0000166,GO:0003674,GO:0003824,GO:0004672,GO:0004674,GO:0005488,GO:0005524,GO:0005575,GO:0005622,GO:0005623,GO:0005634,GO:0005737,GO:0006464,GO:0006468,GO:0006793,GO:0006796,GO:0006807,GO:0007154,GO:0007165,GO:0008144,GO:0008150,GO:0008152,GO:0009893,GO:0009894,GO:0009896,GO:0009987,GO:0010506,GO:0010508,GO:0016301,GO:0016310,GO:0016740,GO:0016772,GO:0016773,GO:0017076,GO:0018105,GO:0018193,GO:0018209,GO:0019222,GO:0019538,GO:0023052,GO:0030554,GO:0031323,GO:0031325,GO:0031329,GO:0031331,GO:0032553,GO:0032555,GO:0032559,GO:0035556,GO:0035639,GO:0036094,GO:0036211,GO:0043167,GO:0043168,GO:0043170,GO:0043226,GO:0043227,GO:0043229,GO:0043231,GO:0043412,GO:0044237,GO:0044238,GO:0044260,GO:0044267,GO:0044424,GO:0044464,GO:0048518,GO:0048522,GO:0050789,GO:0050794,GO:0050896,GO:0051716,GO:0065007,GO:0071704,GO:0097159,GO:0097367,GO:0140096,GO:1901265,GO:1901363,GO:1901564
OG0018714	HG_18715	GO:0002097,GO:0002098,GO:0003674,GO:0003824,GO:0005488,GO:0005506,GO:0005575,GO:0005622,GO:0005623,GO:0005634,GO:0005737,GO:0005829,GO:0006139,GO:0006396,GO:0006399,GO:0006400,GO:0006725,GO:0006790,GO:0006807,GO:0008033,GO:0008150,GO:0008152,GO:0009451,GO:0009987,GO:0010467,GO:0016043,GO:0016070,GO:0016226,GO:0016462,GO:0016787,GO:0016817,GO:0016818,GO:0016887,GO:0017111,GO:0022607,GO:0031163,GO:0032991,GO:0034470,GO:0034641,GO:0034660,GO:0043167,GO:0043169,GO:0043170,GO:0043226,GO:0043227,GO:0043229,GO:0043231,GO:0043412,GO:0044085,GO:0044237,GO:0044238,GO:0044424,GO:0044444,GO:0044445,GO:0044464,GO:0044572,GO:0046483,GO:0046872,GO:0046914,GO:0048037,GO:0051186,GO:0051536,GO:0051539,GO:0051540,GO:0071704,GO:0071840,GO:0090304,GO:1901360,GO:1902494,GO:1904564,GO:1904949,GO:1990229
OG0019425	HG_19426	GO:0000041,GO:0000322,GO:0000323,GO:0000324,GO:0000329,GO:0003674,GO:0005215,GO:0005381,GO:0005384,GO:0005575,GO:0005622,GO:0005623,GO:0005737,GO:0005773,GO:0005774,GO:0006810,GO:0006811,GO:0006812,GO:0006826,GO:0006828,GO:0006873,GO:0006875,GO:0006879,GO:0006880,GO:0008150,GO:0008324,GO:0009987,GO:0010035,GO:0010038,GO:0010039,GO:0015075,GO:0015093,GO:0015318,GO:0015684,GO:0016020,GO:0019725,GO:0022857,GO:0022890,GO:0030001,GO:0030003,GO:0030026,GO:0031090,GO:0034220,GO:0034755,GO:0042221,GO:0042592,GO:0043226,GO:0043227,GO:0043229,GO:0043231,GO:0044422,GO:0044424,GO:0044437,GO:0044444,GO:0044446,GO:0044464,GO:0046873,GO:0046915,GO:0046916,GO:0048878,GO:0050801,GO:0050896,GO:0051179,GO:0051234,GO:0051235,GO:0051238,GO:0051641,GO:0051651,GO:0051716,GO:0055065,GO:0055071,GO:0055072,GO:0055076,GO:0055080,GO:0055082,GO:0055085,GO:0065007,GO:0065008,GO:0070838,GO:0070887,GO:0071241,GO:0071248,GO:0071281,GO:0071421,GO:0072509,GO:0072511,GO:0097577,GO:0098588,GO:0098655,GO:0098660,GO:0098662,GO:0098771,GO:0098805,GO:0098852,GO:1903874
OG0014712	HG_14713	
OG0019151	HG_19152	
OG0019087	HG_19088	
OG0019320	HG_19321	
OG0019256	HG_19257	
OG0019392	HG_19393	
OG0019407	HG_19408	
OG0019302	HG_19303	
OG0019238	HG_19239	GO:0003674,GO:0003824,GO:0005215,GO:0005388,GO:0005575,GO:0005622,GO:0005623,GO:0005737,GO:0005794,GO:0005886,GO:0005887,GO:0006810,GO:0006811,GO:0006812,GO:0006816,GO:0006873,GO:0006875,GO:0008150,GO:0008324,GO:0009987,GO:0012505,GO:0015075,GO:0015085,GO:0015318,GO:0015399,GO:0015405,GO:0015662,GO:0016020,GO:0016021,GO:0016462,GO:0016787,GO:0016817,GO:0016818,GO:0016887,GO:0017111,GO:0019725,GO:0019829,GO:0022804,GO:0022853,GO:0022857,GO:0022890,GO:0030001,GO:0030003,GO:0030026,GO:0031224,GO:0031226,GO:0034220,GO:0042592,GO:0042623,GO:0042625,GO:0042626,GO:0043226,GO:0043227,GO:0043229,GO:0043231,GO:0043492,GO:0044424,GO:0044425,GO:0044444,GO:0044459,GO:0044464,GO:0046873,GO:0046916,GO:0048878,GO:0050801,GO:0051179,GO:0051234,GO:0055065,GO:0055071,GO:0055076,GO:0055080,GO:0055082,GO:0055085,GO:0065007,GO:0065008,GO:0070588,GO:0070838,GO:0071944,GO:0072511,GO:0090662,GO:0098655,GO:0098660,GO:0098662,GO:0098771,GO:0099131,GO:0099132
OG0019374	HG_19375	
OG0019269	HG_19270	
OG0019133	HG_19134	
OG0020002	HG_20003	
OG0019187	HG_19188	
OG0019420	HG_19421	
OG0019356	HG_19357	
OG0019082	HG_19083	
OG0019115	HG_19116	GO:0000003,GO:0000014,GO:0000075,GO:0000076,GO:0000217,GO:0000278,GO:0000280,GO:0000403,GO:0000405,GO:0000406,GO:0000706,GO:0000724,GO:0000725,GO:0000729,GO:0003674,GO:0003676,GO:0003677,GO:0003690,GO:0003697,GO:0003824,GO:0004518,GO:0004519,GO:0004520,GO:0004536,GO:0005488,GO:0005515,GO:0005575,GO:0005622,GO:0005623,GO:0005634,GO:0005694,GO:0006139,GO:0006259,GO:0006260,GO:0006261,GO:0006281,GO:0006302,GO:0006310,GO:0006312,GO:0006725,GO:0006807,GO:0006950,GO:0006974,GO:0006996,GO:0007049,GO:0007093,GO:0007127,GO:0007131,GO:0007346,GO:0008150,GO:0008152,GO:0009058,GO:0009059,GO:0009987,GO:0010389,GO:0010564,GO:0010705,GO:0010948,GO:0010972,GO:0016043,GO:0016787,GO:0016788,GO:0022402,GO:0022414,GO:0031297,GO:0031570,GO:0033260,GO:0033314,GO:0033554,GO:0034641,GO:0034645,GO:0035825,GO:0035861,GO:0042802,GO:0043170,GO:0043226,GO:0043227,GO:0043228,GO:0043229,GO:0043231,GO:0043232,GO:0044237,GO:0044238,GO:0044249,GO:0044260,GO:0044422,GO:0044424,GO:0044427,GO:0044446,GO:0044464,GO:0044774,GO:0044786,GO:0044818,GO:0045005,GO:0045786,GO:0045930,GO:0046483,GO:0048285,GO:0048519,GO:0048523,GO:0050789,GO:0050794,GO:0050896,GO:0051321,GO:0051716,GO:0051726,GO:0061982,GO:0065007,GO:0070336,GO:0071704,GO:0071840,GO:0090304,GO:0090305,GO:0090734,GO:0097159,GO:0110025,GO:0140013,GO:0140097,GO:1901360,GO:1901363,GO:1901576,GO:1901987,GO:1901988,GO:1901990,GO:1901991,GO:1902298,GO:1902749,GO:1902750,GO:1902969,GO:1903046,GO:1903047,GO:1903211,GO:1990426,GO:1990505,GO:1990898,GO:1990899,GO:1990918
OG0019251	HG_19252	GO:0000018,GO:0000725,GO:0005575,GO:0005622,GO:0005623,GO:0005634,GO:0005737,GO:0006139,GO:0006259,GO:0006281,GO:0006310,GO:0006725,GO:0006807,GO:0006950,GO:0006974,GO:0008150,GO:0008152,GO:0009987,GO:0010520,GO:0010564,GO:0019219,GO:0019222,GO:0031323,GO:0032991,GO:0033043,GO:0033554,GO:0034641,GO:0040020,GO:0043170,GO:0043226,GO:0043227,GO:0043229,GO:0043231,GO:0044237,GO:0044238,GO:0044260,GO:0044424,GO:0044464,GO:0046483,GO:0050789,GO:0050794,GO:0050896,GO:0051052,GO:0051128,GO:0051171,GO:0051445,GO:0051716,GO:0051726,GO:0051783,GO:0060255,GO:0060631,GO:0065007,GO:0071704,GO:0080090,GO:0090304,GO:0097196,GO:1901360,GO:1990391,GO:2000241
OG0019338	HG_19339	
OG0019474	HG_19475	
OG0019402	HG_19403	
OG0019233	HG_19234	GO:0000010,GO:0003674,GO:0003824,GO:0005575,GO:0005622,GO:0005623,GO:0005737,GO:0005739,GO:0005740,GO:0005743,GO:0006629,GO:0006644,GO:0006720,GO:0006721,GO:0006732,GO:0006733,GO:0006743,GO:0006744,GO:0006793,GO:0006796,GO:0008150,GO:0008152,GO:0008299,GO:0008610,GO:0008654,GO:0009058,GO:0009108,GO:0009987,GO:0010142,GO:0016020,GO:0016114,GO:0016740,GO:0016765,GO:0019637,GO:0019866,GO:0031090,GO:0031966,GO:0031967,GO:0031975,GO:0032476,GO:0032991,GO:0042180,GO:0042181,GO:0043226,GO:0043227,GO:0043229,GO:0043231,GO:0044237,GO:0044238,GO:0044249,GO:0044255,GO:0044281,GO:0044283,GO:0044422,GO:0044424,GO:0044429,GO:0044444,GO:0044446,GO:0044464,GO:0045337,GO:0045338,GO:0051186,GO:0051188,GO:0071704,GO:0090407,GO:1901576,GO:1901661,GO:1901663,GO:1902494,GO:1902767,GO:1990234
OG0019369	HG_19370	
OG0019456	HG_19457	
OG0019182	HG_19183	
OG0019215	HG_19216	
OG0016639	HG_16640	
OG0019351	HG_19352	
OG0019287	HG_19288	GO:0003674,GO:0003824,GO:0004344,GO:0004345,GO:0005575,GO:0005622,GO:0005623,GO:0005737,GO:0006081,GO:0006098,GO:0006139,GO:0006725,GO:0006732,GO:0006733,GO:0006739,GO:0006753,GO:0006793,GO:0006796,GO:0006807,GO:0008150,GO:0008152,GO:0009051,GO:0009117,GO:0009987,GO:0016491,GO:0016614,GO:0016616,GO:0019362,GO:0019637,GO:0019682,GO:0019693,GO:0034641,GO:0044237,GO:0044238,GO:0044281,GO:0044424,GO:0044464,GO:0046483,GO:0046496,GO:0047935,GO:0047936,GO:0051156,GO:0051186,GO:0055086,GO:0055114,GO:0071704,GO:0072524,GO:1901135,GO:1901360,GO:1901564
OG0013453	HG_13454	
OG0019110	HG_19111	GO:0000271,GO:0003674,GO:0003824,GO:0003983,GO:0005575,GO:0005618,GO:0005622,GO:0005623,GO:0005737,GO:0005886,GO:0005975,GO:0005976,GO:0005977,GO:0005978,GO:0005984,GO:0005991,GO:0005992,GO:0006011,GO:0006073,GO:0006077,GO:0006078,GO:0006091,GO:0006112,GO:0006139,GO:0006464,GO:0006486,GO:0006725,GO:0006793,GO:0006807,GO:0008150,GO:0008152,GO:0009058,GO:0009059,GO:0009100,GO:0009101,GO:0009225,GO:0009250,GO:0009277,GO:0009311,GO:0009312,GO:0009986,GO:0009987,GO:0010494,GO:0015980,GO:0016020,GO:0016051,GO:0016740,GO:0016772,GO:0016779,GO:0019538,GO:0030312,GO:0030445,GO:0032991,GO:0033692,GO:0034637,GO:0034641,GO:0034645,GO:0035770,GO:0036211,GO:0036464,GO:0043170,GO:0043226,GO:0043228,GO:0043229,GO:0043232,GO:0043412,GO:0043413,GO:0044042,GO:0044237,GO:0044238,GO:0044249,GO:0044260,GO:0044262,GO:0044264,GO:0044267,GO:0044281,GO:0044424,GO:0044444,GO:0044464,GO:0046351,GO:0046483,GO:0051273,GO:0051274,GO:0051748,GO:0055086,GO:0055114,GO:0070085,GO:0070569,GO:0071704,GO:0071944,GO:1901135,GO:1901137,GO:1901360,GO:1901564,GO:1901566,GO:1901576,GO:1990904
OG0018727	HG_18728	GO:0000003,GO:0000212,GO:0000226,GO:0000278,GO:0000281,GO:0000910,GO:0000912,GO:0000915,GO:0001932,GO:0001934,GO:0003674,GO:0003824,GO:0004672,GO:0004674,GO:0005575,GO:0005622,GO:0005623,GO:0005737,GO:0005815,GO:0005816,GO:0005829,GO:0005856,GO:0005933,GO:0005935,GO:0006464,GO:0006468,GO:0006793,GO:0006796,GO:0006807,GO:0006950,GO:0006996,GO:0007010,GO:0007017,GO:0007049,GO:0007051,GO:0007088,GO:0007096,GO:0007154,GO:0007165,GO:0007264,GO:0007265,GO:0007346,GO:0008150,GO:0008152,GO:0009893,GO:0009987,GO:0010562,GO:0010564,GO:0010604,GO:0010941,GO:0010973,GO:0015630,GO:0016043,GO:0016301,GO:0016310,GO:0016740,GO:0016772,GO:0016773,GO:0019220,GO:0019222,GO:0019538,GO:0022402,GO:0022411,GO:0022414,GO:0022607,GO:0023014,GO:0023052,GO:0030029,GO:0030036,GO:0030427,GO:0030865,GO:0030866,GO:0031028,GO:0031032,GO:0031098,GO:0031323,GO:0031325,GO:0031399,GO:0031401,GO:0031991,GO:0032147,GO:0032268,GO:0032270,GO:0032465,GO:0032467,GO:0032506,GO:0032879,GO:0032880,GO:0032954,GO:0032955,GO:0032956,GO:0032970,GO:0033043,GO:0033554,GO:0033674,GO:0035556,GO:0036211,GO:0042325,GO:0042327,GO:0042981,GO:0043067,GO:0043085,GO:0043170,GO:0043226,GO:0043228,GO:0043229,GO:0043232,GO:0043412,GO:0043549,GO:0044085,GO:0044087,GO:0044089,GO:0044093,GO:0044237,GO:0044238,GO:0044260,GO:0044267,GO:0044422,GO:0044424,GO:0044430,GO:0044444,GO:0044446,GO:0044464,GO:0044732,GO:0044837,GO:0045787,GO:0045859,GO:0045860,GO:0045931,GO:0045937,GO:0048518,GO:0048522,GO:0050789,GO:0050790,GO:0050794,GO:0050896,GO:0051128,GO:0051130,GO:0051171,GO:0051173,GO:0051174,GO:0051229,GO:0051230,GO:0051246,GO:0051247,GO:0051301,GO:0051302,GO:0051321,GO:0051338,GO:0051347,GO:0051493,GO:0051716,GO:0051726,GO:0051781,GO:0051783,GO:0060255,GO:0060341,GO:0061640,GO:0065007,GO:0065009,GO:0071704,GO:0071840,GO:0071958,GO:0080090,GO:0090068,GO:0110020,GO:0140096,GO:1901564,GO:1901891,GO:1901893,GO:1901987,GO:1901990,GO:1902363,GO:1902412,GO:1902542,GO:1903008,GO:1903046,GO:1903047,GO:1903436,GO:1903438,GO:1903490,GO:1903827
OG0019438	HG_19439	
OG0019164	HG_19165	
OG0019333	HG_19334	
OG0016621	HG_16622	
OG0019469	HG_19470	
OG0016603	HG_16604	
OG0019451	HG_19452	GO:0000003,GO:0000075,GO:0000077,GO:0000228,GO:0000278,GO:0000280,GO:0000706,GO:0000722,GO:0000723,GO:0000724,GO:0000725,GO:0000726,GO:0000729,GO:0000781,GO:0000784,GO:0003674,GO:0003676,GO:0003677,GO:0003684,GO:0005488,GO:0005575,GO:0005622,GO:0005623,GO:0005634,GO:0005694,GO:0006139,GO:0006259,GO:0006281,GO:0006302,GO:0006303,GO:0006310,GO:0006312,GO:0006725,GO:0006807,GO:0006950,GO:0006974,GO:0006996,GO:0007049,GO:0007093,GO:0007095,GO:0007127,GO:0007131,GO:0007154,GO:0007165,GO:0007346,GO:0008104,GO:0008150,GO:0008152,GO:0009987,GO:0010389,GO:0010564,GO:0010705,GO:0010948,GO:0010972,GO:0016043,GO:0016233,GO:0022402,GO:0022414,GO:0023052,GO:0030870,GO:0031570,GO:0031572,GO:0031573,GO:0031974,GO:0031981,GO:0032200,GO:0032392,GO:0032508,GO:0032991,GO:0033036,GO:0033365,GO:0033554,GO:0034502,GO:0034613,GO:0034641,GO:0035556,GO:0035825,GO:0035861,GO:0042138,GO:0042592,GO:0042769,GO:0042770,GO:0043170,GO:0043226,GO:0043227,GO:0043228,GO:0043229,GO:0043231,GO:0043232,GO:0043233,GO:0044237,GO:0044238,GO:0044260,GO:0044422,GO:0044424,GO:0044427,GO:0044428,GO:0044446,GO:0044454,GO:0044464,GO:0044773,GO:0044774,GO:0044818,GO:0045786,GO:0045930,GO:0046483,GO:0048285,GO:0048519,GO:0048523,GO:0050789,GO:0050794,GO:0050896,GO:0051179,GO:0051276,GO:0051321,GO:0051606,GO:0051641,GO:0051716,GO:0051726,GO:0060249,GO:0061982,GO:0065007,GO:0065008,GO:0070013,GO:0070198,GO:0070727,GO:0071103,GO:0071704,GO:0071840,GO:0072395,GO:0072401,GO:0072422,GO:0090304,GO:0090305,GO:0090734,GO:0097159,GO:0098687,GO:0140013,GO:1901360,GO:1901363,GO:1901987,GO:1901988,GO:1901990,GO:1901991,GO:1902749,GO:1902750,GO:1903046,GO:1903047,GO:1990166,GO:1990898
OG0019387	HG_19388	
OG0019146	HG_19147	
OG0019315	HG_19316	
OG0019210	HG_19211	
OG0019282	HG_19283	
OG0019128	HG_19129	
OG0018689	HG_18690	GO:0000228,GO:0000785,GO:0000790,GO:0001192,GO:0001195,GO:0003674,GO:0003676,GO:0003677,GO:0003682,GO:0005488,GO:0005575,GO:0005622,GO:0005623,GO:0005634,GO:0005694,GO:0006139,GO:0006259,GO:0006281,GO:0006298,GO:0006323,GO:0006325,GO:0006333,GO:0006334,GO:0006338,GO:0006351,GO:0006352,GO:0006354,GO:0006355,GO:0006357,GO:0006366,GO:0006367,GO:0006383,GO:0006384,GO:0006385,GO:0006725,GO:0006807,GO:0006950,GO:0006974,GO:0006996,GO:0008150,GO:0008152,GO:0008301,GO:0009058,GO:0009059,GO:0009889,GO:0009891,GO:0009893,GO:0009987,GO:0010467,GO:0010468,GO:0010556,GO:0010557,GO:0010604,GO:0010628,GO:0016043,GO:0016070,GO:0018130,GO:0019219,GO:0019222,GO:0019438,GO:0022607,GO:0031323,GO:0031325,GO:0031326,GO:0031328,GO:0031491,GO:0031497,GO:0031974,GO:0031981,GO:0032774,GO:0033554,GO:0034622,GO:0034641,GO:0034645,GO:0034654,GO:0034724,GO:0034728,GO:0043170,GO:0043226,GO:0043227,GO:0043228,GO:0043229,GO:0043231,GO:0043232,GO:0043233,GO:0043565,GO:0043933,GO:0044085,GO:0044237,GO:0044238,GO:0044249,GO:0044260,GO:0044271,GO:0044422,GO:0044424,GO:0044427,GO:0044428,GO:0044446,GO:0044454,GO:0044464,GO:0044877,GO:0045893,GO:0045935,GO:0045944,GO:0046483,GO:0048518,GO:0048522,GO:0050789,GO:0050794,GO:0050896,GO:0051123,GO:0051171,GO:0051173,GO:0051252,GO:0051254,GO:0051276,GO:0051716,GO:0060255,GO:0065003,GO:0065004,GO:0065007,GO:0070013,GO:0070897,GO:0070898,GO:0071103,GO:0071704,GO:0071824,GO:0071840,GO:0080090,GO:0090304,GO:0097159,GO:0097659,GO:1901360,GO:1901362,GO:1901363,GO:1901576,GO:1902680,GO:1903506,GO:1903508,GO:2000112,GO:2001141
OG0019433	HG_19434	GO:0003674,GO:0003824,GO:0016787,GO:0016810,GO:0016811
OG0019159	HG_19160	
OG0019095	HG_19096	
OG0019264	HG_19265	
OG0018704	HG_18705	GO:0000166,GO:0000372,GO:0000373,GO:0000375,GO:0000376,GO:0000377,GO:0000959,GO:0000963,GO:0003674,GO:0003676,GO:0003723,GO:0003724,GO:0003725,GO:0003727,GO:0003729,GO:0003824,GO:0004004,GO:0004386,GO:0005488,GO:0005524,GO:0005575,GO:0005622,GO:0005623,GO:0005634,GO:0005730,GO:0005737,GO:0005739,GO:0005759,GO:0006139,GO:0006351,GO:0006354,GO:0006390,GO:0006392,GO:0006396,GO:0006397,GO:0006725,GO:0006807,GO:0008026,GO:0008144,GO:0008150,GO:0008152,GO:0008186,GO:0008380,GO:0009058,GO:0009059,GO:0009987,GO:0010467,GO:0010501,GO:0016070,GO:0016071,GO:0016462,GO:0016787,GO:0016817,GO:0016818,GO:0016887,GO:0017076,GO:0017111,GO:0018130,GO:0019438,GO:0030554,GO:0031974,GO:0031981,GO:0032553,GO:0032555,GO:0032559,GO:0032774,GO:0033592,GO:0034337,GO:0034641,GO:0034645,GO:0034654,GO:0035639,GO:0036094,GO:0042623,GO:0043167,GO:0043168,GO:0043170,GO:0043226,GO:0043227,GO:0043228,GO:0043229,GO:0043231,GO:0043232,GO:0043233,GO:0044237,GO:0044238,GO:0044249,GO:0044260,GO:0044271,GO:0044422,GO:0044424,GO:0044428,GO:0044429,GO:0044444,GO:0044446,GO:0044464,GO:0046483,GO:0070013,GO:0070035,GO:0071704,GO:0090304,GO:0090615,GO:0097159,GO:0097367,GO:0097617,GO:0097659,GO:0140053,GO:0140098,GO:1901265,GO:1901360,GO:1901362,GO:1901363,GO:1901576
OG0019415	HG_19416	GO:0000122,GO:0000972,GO:0000973,GO:0003674,GO:0005198,GO:0005575,GO:0005622,GO:0005623,GO:0005634,GO:0005635,GO:0005643,GO:0005737,GO:0005829,GO:0006139,GO:0006259,GO:0006281,GO:0006302,GO:0006325,GO:0006342,GO:0006344,GO:0006348,GO:0006355,GO:0006357,GO:0006403,GO:0006405,GO:0006406,GO:0006409,GO:0006606,GO:0006611,GO:0006725,GO:0006807,GO:0006810,GO:0006886,GO:0006913,GO:0006950,GO:0006974,GO:0006996,GO:0006997,GO:0008104,GO:0008150,GO:0008152,GO:0009266,GO:0009408,GO:0009628,GO:0009889,GO:0009890,GO:0009891,GO:0009892,GO:0009893,GO:0009987,GO:0010467,GO:0010468,GO:0010556,GO:0010557,GO:0010558,GO:0010604,GO:0010605,GO:0010628,GO:0010629,GO:0012505,GO:0015031,GO:0015833,GO:0015931,GO:0016020,GO:0016021,GO:0016043,GO:0016458,GO:0016973,GO:0017038,GO:0017056,GO:0019219,GO:0019222,GO:0030466,GO:0031080,GO:0031081,GO:0031224,GO:0031323,GO:0031324,GO:0031325,GO:0031326,GO:0031327,GO:0031328,GO:0031503,GO:0031967,GO:0031975,GO:0031990,GO:0032991,GO:0033036,GO:0033365,GO:0033554,GO:0034397,GO:0034398,GO:0034504,GO:0034605,GO:0034613,GO:0034629,GO:0034641,GO:0035392,GO:0040029,GO:0042886,GO:0043170,GO:0043226,GO:0043227,GO:0043229,GO:0043231,GO:0044237,GO:0044238,GO:0044260,GO:0044422,GO:0044424,GO:0044425,GO:0044428,GO:0044444,GO:0044446,GO:0044464,GO:0045184,GO:0045814,GO:0045892,GO:0045893,GO:0045934,GO:0045935,GO:0045944,GO:0046483,GO:0046907,GO:0048518,GO:0048519,GO:0048522,GO:0048523,GO:0050000,GO:0050657,GO:0050658,GO:0050789,GO:0050794,GO:0050896,GO:0051028,GO:0051031,GO:0051168,GO:0051169,GO:0051170,GO:0051171,GO:0051172,GO:0051173,GO:0051179,GO:0051234,GO:0051236,GO:0051252,GO:0051253,GO:0051254,GO:0051276,GO:0051640,GO:0051641,GO:0051649,GO:0051664,GO:0051668,GO:0051716,GO:0060255,GO:0065007,GO:0070727,GO:0071166,GO:0071426,GO:0071427,GO:0071431,GO:0071702,GO:0071704,GO:0071705,GO:0071840,GO:0072594,GO:0080090,GO:0090304,GO:0097064,GO:1901360,GO:1902679,GO:1902680,GO:1903506,GO:1903507,GO:1903508,GO:2000112,GO:2000113,GO:2001141
OG0019141	HG_19142	
OG0019310	HG_19311	
OG0019246	HG_19247	
OG0019382	HG_19383	
OG0014702	HG_14703	GO:0000122,GO:0000228,GO:0000785,GO:0000790,GO:0003674,GO:0003712,GO:0003714,GO:0005575,GO:0005622,GO:0005623,GO:0005634,GO:0005694,GO:0006355,GO:0006357,GO:0007154,GO:0007165,GO:0008150,GO:0009889,GO:0009890,GO:0009892,GO:0009987,GO:0010468,GO:0010556,GO:0010558,GO:0010605,GO:0010629,GO:0010688,GO:0019219,GO:0019222,GO:0023052,GO:0031323,GO:0031324,GO:0031326,GO:0031327,GO:0031974,GO:0031981,GO:0043226,GO:0043227,GO:0043228,GO:0043229,GO:0043231,GO:0043232,GO:0043233,GO:0044422,GO:0044424,GO:0044427,GO:0044428,GO:0044446,GO:0044454,GO:0044464,GO:0045892,GO:0045934,GO:0048519,GO:0048523,GO:0050789,GO:0050794,GO:0050896,GO:0051171,GO:0051172,GO:0051252,GO:0051253,GO:0051716,GO:0060255,GO:0060962,GO:0065007,GO:0070013,GO:0080090,GO:0140110,GO:1902679,GO:1903506,GO:1903507,GO:2000112,GO:2000113,GO:2001141
OG0018653	HG_18654	GO:0003674,GO:0005215,GO:0006810,GO:0008150,GO:0022857,GO:0051179,GO:0051234,GO:0055085
OG0019195	HG_19196	
OG0019228	HG_19229	GO:0003674,GO:0003824,GO:0004842,GO:0005488,GO:0005515,GO:0005575,GO:0005622,GO:0005623,GO:0005737,GO:0005768,GO:0006325,GO:0006464,GO:0006807,GO:0006810,GO:0006886,GO:0006887,GO:0006904,GO:0006914,GO:0006950,GO:0006996,GO:0007032,GO:0007033,GO:0007034,GO:0007040,GO:0007041,GO:0007154,GO:0008104,GO:0008150,GO:0008152,GO:0008270,GO:0009056,GO:0009267,GO:0009605,GO:0009987,GO:0009991,GO:0010256,GO:0012505,GO:0015031,GO:0015833,GO:0016020,GO:0016043,GO:0016050,GO:0016192,GO:0016197,GO:0016236,GO:0016567,GO:0016569,GO:0016570,GO:0016574,GO:0016740,GO:0019538,GO:0019787,GO:0022406,GO:0022411,GO:0030674,GO:0030897,GO:0031338,GO:0031410,GO:0031667,GO:0031668,GO:0031669,GO:0031982,GO:0032446,GO:0032879,GO:0032940,GO:0032984,GO:0032991,GO:0033036,GO:0033043,GO:0033263,GO:0033554,GO:0034613,GO:0035542,GO:0036211,GO:0042594,GO:0042886,GO:0043167,GO:0043169,GO:0043170,GO:0043226,GO:0043227,GO:0043229,GO:0043254,GO:0043412,GO:0043933,GO:0044087,GO:0044237,GO:0044238,GO:0044248,GO:0044260,GO:0044267,GO:0044422,GO:0044424,GO:0044425,GO:0044433,GO:0044440,GO:0044444,GO:0044446,GO:0044464,GO:0045184,GO:0046872,GO:0046903,GO:0046907,GO:0046914,GO:0048278,GO:0050789,GO:0050794,GO:0050896,GO:0051049,GO:0051128,GO:0051179,GO:0051234,GO:0051276,GO:0051640,GO:0051641,GO:0051649,GO:0051716,GO:0060090,GO:0060627,GO:0061630,GO:0061659,GO:0061919,GO:0065007,GO:0070647,GO:0070727,GO:0071496,GO:0071702,GO:0071704,GO:0071705,GO:0071840,GO:0080171,GO:0097352,GO:0097708,GO:0098796,GO:0099023,GO:0140029,GO:0140056,GO:0140096,GO:1901564
OG0019364	HG_19365	
OG0019123	HG_19124	
