GO	Agaricomycotina-yeast	Pezizomycotina-yeast	Pucciniomycotina-yeast	Saccharomycotina-yeast	Taphrinomycotina-yeast	Ustilaginomycotina-yeast
GO:0000001	1	0	0	1	0	1
GO:0000002	1	0	0	1	0	0
GO:0000003	1	1	1	1	1	1
GO:0000009	0	0	0	0	1	0
GO:0000010	0	0	0	0	1	0
GO:0000014	0	0	0	1	1	0
GO:0000018	0	0	0	0	1	0
GO:0000019	0	0	0	0	1	0
GO:0000022	0	0	0	0	1	0
GO:0000023	1	0	0	0	0	0
GO:0000025	1	0	0	0	0	0
GO:0000026	0	1	0	0	1	0
GO:0000027	0	0	1	0	1	0
GO:0000030	1	1	1	0	1	0
GO:0000032	0	0	1	1	1	0
GO:0000041	1	0	1	0	1	0
GO:0000049	0	0	0	1	0	0
GO:0000050	0	0	0	1	0	0
GO:0000054	1	0	1	1	1	0
GO:0000055	1	0	0	1	1	0
GO:0000056	1	0	0	1	0	0
GO:0000070	1	1	1	1	1	1
GO:0000073	0	0	0	1	0	0
GO:0000075	0	1	1	1	1	0
GO:0000076	0	1	0	1	1	0
GO:0000077	0	1	0	1	1	0
GO:0000079	0	0	1	1	1	0
GO:0000082	0	0	1	1	0	0
GO:0000086	0	0	0	1	1	0
GO:0000096	1	0	0	0	0	1
GO:0000097	1	0	0	0	0	1
GO:0000103	1	0	0	0	0	0
GO:0000105	0	1	0	0	0	0
GO:0000109	0	0	0	0	1	0
GO:0000117	0	0	0	0	1	0
GO:0000118	0	0	1	1	1	0
GO:0000120	0	0	0	0	1	0
GO:0000122	1	1	1	1	1	1
GO:0000123	0	0	1	0	0	0
GO:0000124	0	0	1	0	0	0
GO:0000131	0	0	0	1	0	0
GO:0000133	0	0	0	1	0	0
GO:0000136	0	0	1	0	1	0
GO:0000137	0	0	1	0	1	0
GO:0000138	0	0	0	0	1	0
GO:0000139	1	0	1	1	1	1
GO:0000142	0	0	0	1	0	0
GO:0000147	0	0	0	0	1	0
GO:0000148	0	0	0	0	1	0
GO:0000150	0	0	0	1	0	0
GO:0000151	0	0	1	1	1	0
GO:0000152	0	0	0	1	1	0
GO:0000159	0	0	1	0	0	0
GO:0000160	0	1	0	0	0	0
GO:0000162	0	0	0	1	0	0
GO:0000165	0	1	0	0	0	0
GO:0000166	1	1	1	1	1	1
GO:0000172	0	0	0	1	0	0
GO:0000178	0	0	0	0	1	0
GO:0000182	0	0	0	1	1	0
GO:0000183	0	0	1	1	1	0
GO:0000184	0	0	0	1	1	1
GO:0000209	1	0	0	1	1	0
GO:0000212	0	0	0	0	1	0
GO:0000213	0	1	0	0	0	0
GO:0000214	0	1	0	0	0	0
GO:0000217	1	0	0	0	1	0
GO:0000226	0	1	1	1	1	1
GO:0000228	1	1	1	1	1	1
GO:0000245	0	0	0	0	1	0
GO:0000253	1	0	0	0	0	0
GO:0000266	1	0	0	1	0	0
GO:0000271	0	1	1	1	1	1
GO:0000272	1	1	0	0	0	1
GO:0000278	1	1	1	1	1	1
GO:0000280	1	1	1	1	1	1
GO:0000281	0	1	0	1	1	0
GO:0000282	0	1	0	1	0	0
GO:0000288	0	0	1	1	1	0
GO:0000289	0	0	1	1	1	0
GO:0000291	0	0	0	0	1	0
GO:0000294	1	0	0	0	0	0
GO:0000307	0	0	1	1	0	0
GO:0000313	0	0	0	1	0	1
GO:0000314	0	0	0	0	0	1
GO:0000315	0	0	0	1	0	0
GO:0000320	0	0	0	1	0	0
GO:0000321	0	0	0	1	0	0
GO:0000322	1	1	1	1	1	1
GO:0000323	1	1	1	1	1	1
GO:0000324	1	1	1	1	1	1
GO:0000328	0	1	0	1	0	1
GO:0000329	0	0	1	1	1	1
GO:0000338	0	0	0	0	1	0
GO:0000372	0	0	0	1	1	0
GO:0000373	0	0	0	1	1	0
GO:0000375	0	0	0	1	1	1
GO:0000376	0	0	0	1	1	0
GO:0000377	0	0	0	1	1	1
GO:0000379	0	1	0	0	0	0
GO:0000381	0	0	0	0	1	1
GO:0000390	0	0	0	0	1	0
GO:0000394	0	1	0	0	0	0
GO:0000395	0	0	0	0	1	0
GO:0000398	0	0	0	0	1	1
GO:0000400	1	0	0	0	0	0
GO:0000403	1	0	0	0	1	0
GO:0000405	0	0	0	0	1	0
GO:0000406	0	0	0	0	1	0
GO:0000407	0	0	0	0	1	0
GO:0000408	0	0	0	1	0	0
GO:0000413	1	0	1	1	1	0
GO:0000422	0	0	0	1	1	0
GO:0000428	0	0	0	1	0	0
GO:0000429	1	0	0	1	0	1
GO:0000436	1	0	0	1	0	1
GO:0000437	0	0	0	0	0	1
GO:0000447	0	0	0	1	0	0
GO:0000459	0	0	0	1	0	0
GO:0000460	0	0	0	1	0	0
GO:0000462	0	0	0	1	1	0
GO:0000463	0	0	0	1	0	0
GO:0000465	0	0	0	1	0	0
GO:0000466	0	0	0	1	0	0
GO:0000469	1	0	0	1	0	0
GO:0000470	0	0	0	1	0	0
GO:0000472	0	0	0	1	0	0
GO:0000478	1	0	0	1	0	0
GO:0000479	0	0	0	1	0	0
GO:0000480	0	0	0	1	0	0
GO:0000500	0	0	0	0	1	0
GO:0000706	0	0	0	1	1	0
GO:0000715	0	0	0	0	1	0
GO:0000722	0	0	0	1	1	0
GO:0000723	0	1	1	1	1	0
GO:0000724	1	0	1	1	1	1
GO:0000725	1	0	1	1	1	1
GO:0000726	0	0	0	1	1	0
GO:0000727	0	0	0	1	0	1
GO:0000729	0	0	0	1	1	0
GO:0000731	1	0	0	1	0	0
GO:0000734	0	0	0	1	0	0
GO:0000735	0	0	0	1	0	0
GO:0000736	0	0	0	1	0	0
GO:0000737	0	0	0	1	0	0
GO:0000746	1	0	1	1	1	1
GO:0000747	1	0	1	1	1	1
GO:0000749	1	0	1	1	0	0
GO:0000750	0	0	0	1	0	0
GO:0000751	0	0	0	1	0	0
GO:0000752	0	0	0	1	0	0
GO:0000753	0	0	0	1	0	0
GO:0000754	1	0	0	1	0	0
GO:0000755	0	0	0	1	1	0
GO:0000767	0	0	0	1	0	0
GO:0000771	0	0	0	1	0	0
GO:0000775	1	1	1	1	1	1
GO:0000776	1	1	1	1	1	1
GO:0000777	1	1	1	1	1	1
GO:0000778	1	1	1	1	1	1
GO:0000779	1	1	1	1	1	1
GO:0000780	1	1	1	1	1	1
GO:0000781	1	1	1	1	1	0
GO:0000782	0	0	1	1	0	0
GO:0000783	0	0	1	1	0	0
GO:0000784	0	1	1	1	1	0
GO:0000785	1	1	1	1	1	1
GO:0000786	0	0	1	0	0	0
GO:0000788	0	0	1	0	0	0
GO:0000790	1	1	1	1	1	1
GO:0000792	0	0	1	1	1	0
GO:0000793	1	1	1	1	1	1
GO:0000794	1	1	1	1	1	1
GO:0000808	0	0	0	1	0	0
GO:0000811	0	0	0	0	0	1
GO:0000819	1	1	1	1	1	1
GO:0000820	1	0	0	0	0	0
GO:0000821	1	0	0	0	0	0
GO:0000823	1	0	0	0	0	0
GO:0000824	1	0	0	0	0	0
GO:0000825	1	0	0	0	0	0
GO:0000827	1	0	0	0	0	0
GO:0000902	0	0	0	1	0	0
GO:0000905	1	0	0	0	0	0
GO:0000909	1	0	0	0	1	0
GO:0000910	0	1	0	1	1	0
GO:0000912	0	0	0	0	1	0
GO:0000915	0	0	0	0	1	0
GO:0000916	0	0	0	0	1	0
GO:0000917	0	0	0	1	1	0
GO:0000918	0	0	0	0	1	0
GO:0000920	0	1	0	1	0	0
GO:0000922	0	0	0	0	0	1
GO:0000923	0	0	0	0	1	1
GO:0000928	0	0	0	0	0	1
GO:0000930	0	0	0	0	0	1
GO:0000932	0	0	1	1	1	0
GO:0000935	0	1	0	0	1	1
GO:0000938	0	0	0	1	0	0
GO:0000939	0	1	1	1	1	1
GO:0000940	0	0	0	0	1	1
GO:0000941	0	1	1	1	0	1
GO:0000942	0	0	0	0	1	1
GO:0000947	1	0	0	0	0	0
GO:0000955	1	0	0	0	0	0
GO:0000956	1	0	1	1	1	1
GO:0000957	0	0	0	1	0	0
GO:0000958	0	0	0	1	0	0
GO:0000959	0	0	0	1	1	0
GO:0000963	0	0	0	1	1	0
GO:0000966	0	0	0	1	0	0
GO:0000967	0	0	0	1	0	0
GO:0000972	0	0	0	0	1	0
GO:0000973	0	0	0	0	1	0
GO:0000976	1	1	0	1	1	1
GO:0000977	1	1	0	1	1	1
GO:0000978	1	0	0	1	1	0
GO:0000981	1	1	0	1	1	1
GO:0000982	1	1	0	1	1	1
GO:0000987	1	0	0	1	1	0
GO:0000988	0	1	0	1	1	0
GO:0000989	0	0	0	1	1	0
GO:0000990	0	1	0	0	0	0
GO:0000991	0	1	0	0	0	0
GO:0001012	1	1	0	1	1	1
GO:0001067	1	1	0	1	1	1
GO:0001076	0	0	0	1	1	0
GO:0001077	1	0	0	1	1	0
GO:0001078	0	1	0	1	1	1
GO:0001079	0	0	0	1	0	0
GO:0001080	0	0	0	1	0	0
GO:0001085	0	0	0	1	0	0
GO:0001091	0	0	0	1	0	0
GO:0001094	0	0	0	1	0	0
GO:0001098	0	0	0	1	0	0
GO:0001099	0	0	0	1	0	0
GO:0001101	0	0	0	1	1	0
GO:0001128	0	0	0	1	0	0
GO:0001132	0	0	0	1	0	0
GO:0001134	0	0	0	1	1	0
GO:0001135	0	0	0	1	1	0
GO:0001192	0	0	0	0	1	0
GO:0001195	0	0	0	0	1	0
GO:0001227	0	1	0	1	1	1
GO:0001228	1	0	0	1	1	0
GO:0001300	0	0	1	1	1	0
GO:0001301	0	0	1	0	0	0
GO:0001302	0	0	1	1	0	0
GO:0001304	0	0	1	0	0	0
GO:0001306	0	0	1	0	0	0
GO:0001308	0	0	1	0	0	0
GO:0001323	0	0	1	0	0	0
GO:0001324	0	0	1	0	0	0
GO:0001401	0	0	0	1	0	0
GO:0001403	0	0	0	1	0	0
GO:0001410	0	1	1	1	0	0
GO:0001411	0	1	0	0	0	0
GO:0001501	0	1	0	0	0	0
GO:0001505	0	0	0	0	1	1
GO:0001510	1	0	0	0	0	0
GO:0001522	0	0	0	0	1	0
GO:0001578	0	0	0	0	1	0
GO:0001650	0	1	0	0	0	0
GO:0001652	0	0	0	0	1	0
GO:0001654	0	0	0	0	1	0
GO:0001655	0	0	1	0	0	0
GO:0001656	0	0	1	0	0	0
GO:0001666	1	0	0	1	1	0
GO:0001671	0	0	1	1	0	0
GO:0001672	0	0	1	0	0	0
GO:0001678	0	0	0	1	0	0
GO:0001682	0	0	0	1	0	0
GO:0001726	0	1	0	0	0	0
GO:0001732	0	0	0	0	1	0
GO:0001745	0	0	0	0	1	0
GO:0001751	0	0	0	0	1	0
GO:0001754	0	0	0	0	1	0
GO:0001822	0	0	1	0	0	0
GO:0001838	0	1	0	0	0	0
GO:0001841	0	1	0	0	0	0
GO:0001843	0	1	0	0	0	0
GO:0001881	0	0	0	1	0	0
GO:0001882	1	0	1	0	1	0
GO:0001883	1	0	1	0	1	0
GO:0001894	0	0	0	0	1	0
GO:0001895	0	0	0	0	1	0
GO:0001896	0	1	0	0	0	0
GO:0001932	0	1	1	1	1	0
GO:0001933	0	1	0	1	0	0
GO:0001934	0	1	1	1	1	0
GO:0002009	0	1	1	0	1	0
GO:0002097	0	0	0	0	1	0
GO:0002098	0	0	0	0	1	0
GO:0002178	0	0	0	0	1	0
GO:0002181	0	0	0	1	1	0
GO:0002183	0	0	0	0	1	0
GO:0002184	0	0	0	0	1	0
GO:0002376	0	0	0	0	1	0
GO:0002474	0	0	0	0	1	0
GO:0002478	0	0	0	0	1	0
GO:0002495	0	0	0	0	1	0
GO:0002504	0	0	0	0	1	0
GO:0002643	0	1	0	0	0	0
GO:0002645	0	1	0	0	0	0
GO:0002664	0	1	0	0	0	0
GO:0002666	0	1	0	0	0	0
GO:0002682	0	1	0	0	0	0
GO:0002684	0	1	0	0	0	0
GO:0002790	0	0	0	1	1	0
GO:0002831	0	0	1	1	0	0
GO:0002833	0	0	1	1	0	0
GO:0002943	1	0	0	0	0	0
GO:0003006	1	1	1	1	1	0
GO:0003333	1	0	0	0	0	0
GO:0003338	0	0	1	0	0	0
GO:0003373	1	0	0	0	0	0
GO:0003374	1	0	0	0	0	0
GO:0003674	1	1	1	1	1	1
GO:0003676	1	1	1	1	1	1
GO:0003677	1	1	1	1	1	1
GO:0003678	1	0	0	0	0	0
GO:0003682	0	1	1	1	1	0
GO:0003684	0	0	0	1	1	0
GO:0003688	0	1	0	1	0	0
GO:0003690	1	1	0	1	1	1
GO:0003691	0	0	0	1	0	0
GO:0003697	0	0	1	1	1	0
GO:0003700	1	1	0	1	1	1
GO:0003712	0	0	1	1	1	0
GO:0003713	0	0	1	1	1	0
GO:0003714	0	0	0	0	1	0
GO:0003723	1	1	1	1	1	1
GO:0003724	0	0	0	1	1	0
GO:0003725	1	0	0	1	1	0
GO:0003727	0	1	0	1	1	0
GO:0003729	1	1	1	1	1	1
GO:0003730	1	0	0	0	0	0
GO:0003735	0	0	0	1	0	1
GO:0003743	0	0	0	1	1	0
GO:0003746	0	0	0	0	1	0
GO:0003747	0	0	0	0	1	0
GO:0003755	1	0	1	1	1	0
GO:0003756	0	0	1	0	0	0
GO:0003779	1	0	0	1	1	0
GO:0003824	1	1	1	1	1	1
GO:0003838	0	1	0	0	0	0
GO:0003873	0	0	0	1	0	0
GO:0003876	1	0	0	0	0	0
GO:0003880	0	0	0	0	0	1
GO:0003923	1	0	0	0	0	0
GO:0003924	1	0	0	1	1	0
GO:0003954	0	0	0	1	1	0
GO:0003962	0	0	0	0	0	1
GO:0003980	0	0	1	0	0	0
GO:0003983	0	0	0	0	1	0
GO:0003995	0	0	0	1	0	0
GO:0003997	0	0	0	1	0	0
GO:0004003	1	0	0	0	0	0
GO:0004004	0	0	0	1	1	0
GO:0004012	0	0	0	0	1	0
GO:0004017	0	0	0	1	1	0
GO:0004022	1	0	0	0	1	0
GO:0004026	0	0	0	1	0	0
GO:0004049	0	0	0	1	0	0
GO:0004070	0	0	0	1	0	0
GO:0004087	0	0	0	1	0	0
GO:0004088	0	0	0	1	0	0
GO:0004099	0	0	0	1	0	0
GO:0004100	0	0	0	0	1	0
GO:0004123	0	0	0	0	0	1
GO:0004129	0	1	0	0	0	0
GO:0004151	0	0	0	1	0	0
GO:0004161	0	0	0	0	1	0
GO:0004175	1	0	1	1	0	0
GO:0004177	0	0	0	1	1	1
GO:0004190	1	0	1	1	0	0
GO:0004222	0	0	0	1	0	0
GO:0004252	0	0	0	1	0	0
GO:0004326	0	1	0	0	0	0
GO:0004337	0	0	0	0	1	0
GO:0004338	0	0	0	0	0	1
GO:0004344	0	0	0	0	1	0
GO:0004345	0	0	0	0	1	0
GO:0004362	0	0	0	1	0	0
GO:0004365	0	0	1	0	0	0
GO:0004382	0	0	0	1	0	0
GO:0004386	1	0	0	1	1	0
GO:0004399	0	1	0	0	0	0
GO:0004402	0	0	1	0	0	0
GO:0004407	0	0	1	0	1	0
GO:0004425	0	0	0	1	0	0
GO:0004438	0	0	1	0	1	0
GO:0004439	0	0	1	0	0	0
GO:0004445	0	0	1	0	0	0
GO:0004451	1	0	0	0	0	0
GO:0004462	0	0	0	0	0	1
GO:0004518	1	1	0	1	1	0
GO:0004519	1	1	0	1	1	0
GO:0004520	0	0	0	1	1	0
GO:0004521	1	1	0	0	0	0
GO:0004525	1	0	0	0	0	0
GO:0004527	0	0	0	1	0	0
GO:0004529	0	0	0	1	0	0
GO:0004536	0	0	0	1	1	0
GO:0004540	1	1	0	1	1	0
GO:0004549	0	1	0	0	0	0
GO:0004553	1	1	0	1	0	1
GO:0004558	1	0	0	0	0	0
GO:0004568	0	1	0	1	0	0
GO:0004584	1	0	0	0	0	0
GO:0004596	0	0	0	0	1	0
GO:0004620	1	1	0	0	0	0
GO:0004622	0	1	0	0	0	0
GO:0004629	1	0	0	0	0	0
GO:0004635	0	1	0	0	0	0
GO:0004636	0	1	0	0	0	0
GO:0004640	0	0	0	1	0	0
GO:0004659	0	0	0	0	1	0
GO:0004671	0	0	0	0	0	1
GO:0004672	1	1	1	1	1	0
GO:0004674	1	1	1	1	1	0
GO:0004683	0	1	0	0	0	0
GO:0004697	0	1	0	0	0	0
GO:0004712	0	1	0	1	0	0
GO:0004721	1	0	0	0	0	0
GO:0004777	0	0	0	0	1	0
GO:0004791	0	0	1	0	0	0
GO:0004835	0	0	0	1	0	0
GO:0004842	1	0	0	1	1	0
GO:0004845	1	0	0	0	0	0
GO:0004849	1	0	0	0	0	0
GO:0004857	0	1	1	1	0	0
GO:0004860	0	0	0	1	0	0
GO:0004861	0	0	0	1	0	0
GO:0004862	0	0	0	1	0	0
GO:0004866	0	1	0	0	0	0
GO:0005048	0	0	0	0	1	0
GO:0005078	0	0	0	1	0	0
GO:0005085	1	0	0	1	0	0
GO:0005086	1	0	0	0	0	0
GO:0005088	0	0	0	1	0	0
GO:0005089	0	0	0	1	0	0
GO:0005095	0	0	0	1	0	0
GO:0005096	1	0	0	0	1	0
GO:0005102	0	0	0	0	1	0
GO:0005198	0	1	1	1	1	1
GO:0005199	0	1	0	1	0	1
GO:0005200	0	0	1	1	0	1
GO:0005215	1	1	1	1	1	1
GO:0005216	0	0	0	0	1	0
GO:0005244	0	0	0	0	1	0
GO:0005247	0	0	0	0	1	0
GO:0005253	0	0	0	0	1	0
GO:0005254	0	0	0	0	1	0
GO:0005319	0	0	0	0	1	0
GO:0005338	0	0	0	1	0	1
GO:0005342	1	0	1	0	1	0
GO:0005351	0	0	0	0	1	0
GO:0005353	0	0	0	0	1	0
GO:0005354	0	0	0	0	1	0
GO:0005355	0	0	0	0	1	0
GO:0005356	0	0	0	0	1	0
GO:0005358	0	0	0	0	1	0
GO:0005365	0	0	0	0	1	0
GO:0005371	0	0	1	0	0	0
GO:0005375	1	0	1	0	1	0
GO:0005381	0	0	0	0	1	0
GO:0005384	0	0	0	0	1	0
GO:0005388	0	1	0	1	1	1
GO:0005402	0	0	0	0	1	0
GO:0005457	0	0	0	0	0	1
GO:0005459	0	0	0	1	0	0
GO:0005462	0	0	0	0	0	1
GO:0005464	0	0	0	0	0	1
GO:0005484	0	0	0	1	0	0
GO:0005488	1	1	1	1	1	1
GO:0005496	1	0	0	0	1	0
GO:0005506	0	0	0	0	1	0
GO:0005507	1	0	1	0	1	0
GO:0005509	0	0	1	0	1	0
GO:0005515	1	1	1	1	1	1
GO:0005516	0	1	0	0	0	0
GO:0005524	1	1	1	1	1	0
GO:0005525	1	0	1	0	1	0
GO:0005537	0	0	1	0	0	0
GO:0005543	1	0	1	1	1	0
GO:0005546	0	0	0	1	0	0
GO:0005548	0	0	0	0	1	0
GO:0005575	1	1	1	1	1	1
GO:0005576	1	1	1	1	1	1
GO:0005604	0	0	1	0	0	0
GO:0005615	0	0	0	0	1	0
GO:0005618	1	1	1	1	1	1
GO:0005619	0	0	0	1	0	0
GO:0005622	1	1	1	1	1	1
GO:0005623	1	1	1	1	1	1
GO:0005628	0	0	0	1	1	0
GO:0005631	0	0	0	1	0	0
GO:0005634	1	1	1	1	1	1
GO:0005635	1	1	0	1	1	1
GO:0005637	0	0	0	0	0	1
GO:0005643	1	0	0	1	1	0
GO:0005654	1	1	1	1	1	1
GO:0005655	0	0	0	1	0	0
GO:0005656	0	0	0	1	1	0
GO:0005657	0	1	1	1	0	1
GO:0005663	0	1	0	0	0	0
GO:0005664	0	0	0	1	0	0
GO:0005667	0	0	0	1	1	0
GO:0005671	0	0	1	0	0	0
GO:0005677	0	0	0	1	0	0
GO:0005681	0	1	0	0	1	1
GO:0005682	0	0	0	0	0	1
GO:0005684	0	0	0	0	1	0
GO:0005685	0	0	0	0	1	0
GO:0005694	1	1	1	1	1	1
GO:0005697	0	0	0	1	1	0
GO:0005720	0	0	1	1	1	0
GO:0005721	0	0	1	0	1	0
GO:0005724	0	0	1	0	0	0
GO:0005730	1	1	1	1	1	0
GO:0005732	0	0	0	1	0	0
GO:0005736	0	0	0	1	0	0
GO:0005737	1	1	1	1	1	1
GO:0005739	1	1	1	1	1	1
GO:0005740	1	1	1	1	1	1
GO:0005741	1	1	0	1	1	1
GO:0005742	0	0	0	1	0	0
GO:0005743	1	1	1	1	1	0
GO:0005758	1	1	1	1	1	0
GO:0005759	1	1	1	1	1	1
GO:0005761	0	0	0	1	0	1
GO:0005762	0	0	0	1	0	0
GO:0005763	0	0	0	0	0	1
GO:0005768	1	0	0	1	1	1
GO:0005769	0	0	0	0	1	0
GO:0005770	1	0	0	1	1	1
GO:0005771	0	0	0	1	0	1
GO:0005773	1	1	1	1	1	1
GO:0005774	0	0	1	1	1	1
GO:0005775	0	1	0	1	0	1
GO:0005776	0	0	0	0	1	0
GO:0005777	1	0	1	1	1	0
GO:0005778	0	0	0	1	0	0
GO:0005780	0	0	0	1	0	0
GO:0005782	1	0	0	1	0	0
GO:0005783	1	1	1	1	1	1
GO:0005784	0	0	0	0	1	0
GO:0005788	0	0	1	0	1	0
GO:0005789	1	1	1	1	1	1
GO:0005790	0	0	0	0	1	0
GO:0005791	0	0	0	0	1	0
GO:0005794	1	1	1	1	1	1
GO:0005795	0	0	1	0	1	0
GO:0005797	0	0	0	0	1	0
GO:0005798	0	0	0	0	1	1
GO:0005801	0	1	1	1	0	0
GO:0005802	0	0	0	0	1	0
GO:0005811	1	1	1	1	0	0
GO:0005815	0	1	1	1	1	1
GO:0005816	0	1	1	1	1	1
GO:0005819	0	1	0	1	1	1
GO:0005822	0	0	0	0	0	1
GO:0005824	0	0	0	1	0	1
GO:0005825	0	0	1	1	0	1
GO:0005826	0	1	0	1	1	0
GO:0005828	0	1	0	1	0	0
GO:0005829	1	1	1	1	1	1
GO:0005840	0	1	0	1	1	1
GO:0005845	0	0	0	1	0	0
GO:0005849	1	0	0	0	0	0
GO:0005852	0	0	0	0	1	0
GO:0005854	0	0	0	1	0	0
GO:0005856	1	1	1	1	1	1
GO:0005869	0	0	0	0	1	0
GO:0005874	0	1	0	1	1	1
GO:0005875	0	1	0	1	1	0
GO:0005876	0	1	0	1	1	1
GO:0005881	0	0	0	0	1	1
GO:0005884	1	0	0	1	0	0
GO:0005886	1	1	1	1	1	1
GO:0005887	1	1	1	0	1	1
GO:0005911	0	0	1	0	1	0
GO:0005933	1	1	0	1	1	0
GO:0005934	1	0	0	1	1	0
GO:0005935	1	1	0	1	1	0
GO:0005937	1	0	1	1	1	1
GO:0005938	1	1	1	1	1	1
GO:0005940	0	0	1	1	0	0
GO:0005950	0	0	0	1	0	0
GO:0005951	0	0	0	1	0	0
GO:0005975	1	1	1	1	1	1
GO:0005976	1	1	1	1	1	1
GO:0005977	0	0	0	1	1	1
GO:0005978	0	0	0	0	1	0
GO:0005979	0	1	1	0	0	0
GO:0005981	0	0	1	0	0	0
GO:0005984	1	0	0	0	1	0
GO:0005991	0	0	0	0	1	0
GO:0005992	0	0	0	0	1	0
GO:0005996	1	0	1	1	1	1
GO:0006003	0	0	0	1	0	0
GO:0006006	1	0	1	1	1	0
GO:0006007	0	0	1	0	0	0
GO:0006011	0	0	1	0	1	0
GO:0006012	0	0	0	0	1	0
GO:0006022	0	1	0	1	1	1
GO:0006023	0	0	0	0	1	1
GO:0006026	0	1	0	1	0	0
GO:0006030	0	1	0	1	1	1
GO:0006031	0	0	0	0	1	1
GO:0006032	0	1	0	1	0	0
GO:0006037	0	1	0	0	1	1
GO:0006038	0	0	0	0	1	1
GO:0006039	0	1	0	0	0	0
GO:0006040	0	1	0	1	1	1
GO:0006056	0	0	1	1	1	0
GO:0006057	0	0	1	1	1	0
GO:0006066	1	1	1	1	1	0
GO:0006067	1	0	1	1	1	0
GO:0006068	1	0	1	0	0	0
GO:0006073	1	0	1	1	1	1
GO:0006077	0	0	0	1	1	0
GO:0006078	0	0	0	1	1	0
GO:0006080	0	0	0	0	1	0
GO:0006081	1	0	0	0	1	1
GO:0006082	1	1	1	1	1	1
GO:0006083	1	0	1	0	0	0
GO:0006089	0	0	0	0	0	1
GO:0006090	1	0	1	1	1	0
GO:0006091	1	1	1	1	1	1
GO:0006094	0	0	1	0	0	0
GO:0006096	0	0	1	0	0	0
GO:0006097	1	0	0	0	0	0
GO:0006098	0	0	0	0	1	0
GO:0006099	0	0	0	0	1	0
GO:0006101	0	0	0	0	1	0
GO:0006105	0	0	0	0	1	0
GO:0006109	0	1	1	1	1	1
GO:0006110	0	0	0	1	0	0
GO:0006111	0	0	0	0	0	1
GO:0006112	0	0	0	1	1	1
GO:0006113	1	0	0	1	1	0
GO:0006115	1	0	0	0	0	0
GO:0006116	1	0	0	1	1	0
GO:0006117	1	0	0	0	0	0
GO:0006119	0	0	0	1	1	0
GO:0006120	0	0	0	1	0	0
GO:0006139	1	1	1	1	1	1
GO:0006140	0	0	0	1	0	0
GO:0006144	1	0	0	0	0	0
GO:0006163	1	0	1	1	1	0
GO:0006164	0	0	1	0	1	0
GO:0006165	0	0	1	0	0	0
GO:0006172	0	0	0	0	1	0
GO:0006178	1	0	0	0	0	0
GO:0006206	1	0	0	1	0	0
GO:0006207	0	0	0	1	0	0
GO:0006208	0	0	0	1	0	0
GO:0006212	0	0	0	1	0	0
GO:0006213	1	0	0	0	0	0
GO:0006220	1	0	0	0	0	0
GO:0006221	1	0	0	0	0	0
GO:0006222	1	0	0	0	0	0
GO:0006223	1	0	0	0	0	0
GO:0006259	1	1	1	1	1	1
GO:0006260	1	1	1	1	1	1
GO:0006261	1	1	1	1	1	1
GO:0006267	0	0	0	1	1	0
GO:0006268	0	0	0	1	0	0
GO:0006270	0	1	0	1	1	1
GO:0006271	0	1	0	1	0	0
GO:0006272	0	1	0	0	0	0
GO:0006273	0	0	0	1	0	0
GO:0006274	0	0	0	1	1	0
GO:0006275	0	1	1	1	1	0
GO:0006276	0	0	0	1	0	0
GO:0006278	0	0	0	1	1	0
GO:0006279	0	0	0	0	1	0
GO:0006281	1	1	1	1	1	1
GO:0006282	1	0	0	0	0	0
GO:0006283	0	0	0	0	1	0
GO:0006284	0	0	0	1	0	0
GO:0006286	0	0	0	1	0	0
GO:0006289	1	0	1	0	1	0
GO:0006298	0	1	0	1	1	0
GO:0006301	1	0	0	0	0	0
GO:0006302	1	0	1	1	1	1
GO:0006303	0	0	0	1	1	0
GO:0006308	0	0	0	1	0	0
GO:0006310	1	0	1	1	1	1
GO:0006312	0	0	0	1	1	0
GO:0006323	0	1	1	1	1	0
GO:0006325	1	1	1	1	1	1
GO:0006333	1	1	1	1	1	0
GO:0006334	0	1	1	0	1	0
GO:0006335	0	1	0	0	0	0
GO:0006336	0	1	0	0	0	0
GO:0006337	0	0	0	1	0	0
GO:0006338	1	1	1	1	1	0
GO:0006342	0	1	1	1	1	0
GO:0006343	0	0	0	1	0	0
GO:0006344	0	0	1	0	1	0
GO:0006348	0	1	1	1	1	0
GO:0006351	1	1	1	1	1	0
GO:0006352	0	0	0	1	1	0
GO:0006353	1	0	0	1	1	0
GO:0006354	0	1	1	1	1	0
GO:0006355	1	1	1	1	1	1
GO:0006356	0	0	1	1	1	0
GO:0006357	1	1	1	1	1	1
GO:0006359	0	0	1	0	0	0
GO:0006360	0	0	0	1	1	0
GO:0006361	0	0	0	1	1	0
GO:0006362	0	0	0	1	0	0
GO:0006363	0	0	0	1	1	0
GO:0006364	1	0	1	1	1	0
GO:0006366	1	1	1	1	1	0
GO:0006367	0	0	0	1	1	0
GO:0006368	0	1	1	1	0	0
GO:0006369	1	0	0	0	0	0
GO:0006376	0	0	0	0	1	0
GO:0006378	1	0	0	0	0	0
GO:0006379	1	0	0	0	0	0
GO:0006383	0	0	0	0	1	0
GO:0006384	0	0	0	0	1	0
GO:0006385	0	0	0	0	1	0
GO:0006388	0	1	0	0	0	0
GO:0006390	0	0	0	1	1	0
GO:0006392	0	0	0	1	1	0
GO:0006396	1	1	1	1	1	1
GO:0006397	1	0	0	1	1	1
GO:0006399	1	1	0	1	1	0
GO:0006400	1	0	0	0	1	0
GO:0006401	1	0	1	1	1	1
GO:0006402	1	0	1	1	1	1
GO:0006403	1	1	1	1	1	0
GO:0006405	1	1	1	1	1	0
GO:0006406	1	1	0	1	1	0
GO:0006409	0	0	0	1	1	0
GO:0006412	0	1	0	1	1	1
GO:0006413	0	0	0	1	1	0
GO:0006414	0	0	0	0	1	0
GO:0006415	0	0	0	0	1	0
GO:0006417	1	1	1	1	1	0
GO:0006446	0	1	0	0	1	0
GO:0006449	0	0	0	0	1	0
GO:0006457	0	0	1	1	1	0
GO:0006458	0	0	1	0	0	0
GO:0006464	1	1	1	1	1	1
GO:0006468	1	1	1	1	1	0
GO:0006469	0	0	0	1	0	0
GO:0006470	1	0	0	0	0	0
GO:0006473	0	0	1	1	1	0
GO:0006474	0	0	0	1	1	0
GO:0006475	0	0	1	0	0	0
GO:0006476	0	0	1	1	1	0
GO:0006479	0	1	0	0	1	1
GO:0006481	0	0	0	0	0	1
GO:0006482	0	0	0	0	1	0
GO:0006486	0	1	1	1	1	1
GO:0006487	0	0	1	0	1	0
GO:0006491	0	0	1	0	1	0
GO:0006493	0	0	0	0	1	0
GO:0006497	1	0	0	0	1	0
GO:0006505	1	0	0	0	0	0
GO:0006506	1	0	0	0	0	0
GO:0006508	1	1	1	1	1	1
GO:0006511	1	0	1	1	1	0
GO:0006513	0	0	0	1	1	0
GO:0006515	0	0	1	1	0	0
GO:0006518	0	1	0	1	1	1
GO:0006520	1	1	0	1	1	1
GO:0006521	1	0	0	0	0	0
GO:0006525	0	0	0	1	0	0
GO:0006526	0	0	0	1	0	0
GO:0006534	0	0	0	0	0	1
GO:0006536	0	1	0	0	1	0
GO:0006538	0	0	0	0	1	0
GO:0006540	0	0	0	0	1	0
GO:0006541	0	0	0	1	0	0
GO:0006547	0	1	0	0	0	0
GO:0006549	0	1	0	0	0	0
GO:0006555	0	0	0	0	0	1
GO:0006566	1	0	0	0	0	0
GO:0006567	1	0	0	0	0	0
GO:0006568	0	0	0	1	0	0
GO:0006570	0	0	0	0	0	1
GO:0006572	0	0	0	0	0	1
GO:0006575	0	1	0	0	0	1
GO:0006576	0	0	0	1	0	0
GO:0006586	0	0	0	1	0	0
GO:0006605	0	0	0	1	1	0
GO:0006606	0	0	0	0	1	0
GO:0006607	0	0	0	0	1	0
GO:0006611	1	1	1	1	1	0
GO:0006612	0	0	0	1	1	0
GO:0006613	0	0	0	0	1	0
GO:0006614	0	0	0	0	1	0
GO:0006616	0	0	0	0	1	0
GO:0006620	0	0	0	1	0	0
GO:0006621	0	0	1	0	0	0
GO:0006623	0	0	0	1	1	0
GO:0006624	0	1	0	1	0	0
GO:0006625	0	0	0	1	0	0
GO:0006626	0	0	0	1	0	0
GO:0006629	1	1	1	1	1	1
GO:0006631	1	0	0	1	1	0
GO:0006635	0	0	0	1	0	0
GO:0006637	0	0	0	0	1	0
GO:0006638	0	1	0	0	0	0
GO:0006643	1	0	0	0	0	0
GO:0006644	1	1	1	1	1	0
GO:0006650	1	1	1	1	1	0
GO:0006658	0	1	0	0	0	0
GO:0006660	0	1	0	0	0	0
GO:0006661	1	0	1	0	1	0
GO:0006664	1	0	0	0	0	0
GO:0006694	1	1	0	1	1	0
GO:0006696	1	1	0	1	1	0
GO:0006720	0	0	0	0	1	0
GO:0006721	0	0	0	0	1	0
GO:0006725	1	1	1	1	1	1
GO:0006726	0	0	0	0	1	0
GO:0006730	0	1	0	0	0	0
GO:0006732	1	1	1	1	1	0
GO:0006733	1	0	1	1	1	0
GO:0006734	1	0	1	1	1	0
GO:0006735	0	0	1	0	0	0
GO:0006739	0	0	0	0	1	0
GO:0006743	0	0	0	0	1	0
GO:0006744	0	0	0	0	1	0
GO:0006749	0	0	0	0	0	1
GO:0006753	1	1	1	1	1	0
GO:0006754	0	0	1	0	0	0
GO:0006757	0	0	1	0	0	0
GO:0006760	0	1	0	0	0	0
GO:0006778	0	1	1	0	0	0
GO:0006779	0	1	0	0	0	0
GO:0006783	0	1	0	0	0	0
GO:0006784	0	1	0	0	0	0
GO:0006790	1	1	1	0	1	1
GO:0006793	1	1	1	1	1	0
GO:0006796	1	1	1	1	1	0
GO:0006807	1	1	1	1	1	1
GO:0006808	1	0	0	1	1	0
GO:0006809	0	0	0	0	0	1
GO:0006810	1	1	1	1	1	1
GO:0006811	1	1	1	1	1	1
GO:0006812	1	1	1	1	1	1
GO:0006813	0	0	0	1	0	0
GO:0006814	0	0	0	1	0	0
GO:0006816	0	1	0	1	1	1
GO:0006820	1	0	1	1	1	1
GO:0006821	0	0	0	0	1	0
GO:0006825	1	0	1	0	1	0
GO:0006826	0	0	0	0	1	0
GO:0006828	0	0	0	0	1	0
GO:0006839	0	0	1	1	0	0
GO:0006842	0	0	1	0	0	0
GO:0006843	0	0	1	0	0	0
GO:0006846	0	0	1	0	0	0
GO:0006847	0	0	1	0	0	0
GO:0006855	0	0	1	0	1	0
GO:0006862	0	0	0	1	0	0
GO:0006865	1	0	0	1	0	0
GO:0006869	1	0	0	0	1	1
GO:0006873	1	1	1	1	1	1
GO:0006874	0	1	0	1	1	1
GO:0006875	1	1	1	1	1	1
GO:0006878	1	0	1	0	0	0
GO:0006879	0	1	1	1	1	0
GO:0006880	0	0	0	0	1	0
GO:0006885	0	0	0	0	1	0
GO:0006886	1	1	1	1	1	1
GO:0006887	1	0	0	1	1	0
GO:0006888	0	0	0	1	1	1
GO:0006890	0	0	0	1	0	0
GO:0006891	0	0	0	1	0	0
GO:0006892	1	0	0	0	1	0
GO:0006893	1	0	0	0	0	0
GO:0006895	0	0	0	0	1	0
GO:0006896	0	0	0	0	1	0
GO:0006897	0	0	1	1	1	0
GO:0006898	0	0	0	1	1	0
GO:0006904	0	0	0	1	1	0
GO:0006906	0	0	0	1	0	0
GO:0006913	1	1	1	1	1	0
GO:0006914	1	1	1	1	1	0
GO:0006915	0	0	1	1	1	0
GO:0006928	0	0	0	1	1	1
GO:0006950	1	1	1	1	1	1
GO:0006952	0	0	0	0	1	0
GO:0006955	0	0	0	0	1	0
GO:0006970	0	1	1	1	1	1
GO:0006972	0	0	0	1	0	0
GO:0006974	1	1	1	1	1	1
GO:0006979	1	1	1	1	1	0
GO:0006984	0	0	0	0	1	0
GO:0006986	0	0	1	0	1	0
GO:0006991	0	0	0	0	1	0
GO:0006995	0	0	0	1	1	0
GO:0006996	1	1	1	1	1	1
GO:0006997	1	1	0	1	1	0
GO:0006998	1	0	0	0	0	0
GO:0006999	0	0	0	1	0	0
GO:0007000	0	1	0	1	0	0
GO:0007004	0	0	0	1	1	0
GO:0007005	1	0	0	1	1	1
GO:0007006	1	0	0	1	1	1
GO:0007007	1	0	0	1	0	0
GO:0007008	0	0	0	1	0	1
GO:0007009	0	0	1	1	1	0
GO:0007010	1	1	1	1	1	1
GO:0007015	1	1	0	1	1	0
GO:0007016	0	0	0	1	0	0
GO:0007017	0	1	1	1	1	1
GO:0007018	0	0	0	0	1	1
GO:0007019	0	0	0	0	1	1
GO:0007020	0	0	1	0	1	1
GO:0007029	0	0	0	1	1	0
GO:0007031	1	0	0	1	0	0
GO:0007032	0	1	0	1	1	0
GO:0007033	0	1	0	1	1	0
GO:0007034	0	0	0	1	1	0
GO:0007040	0	0	0	0	1	0
GO:0007041	0	0	0	0	1	0
GO:0007049	1	1	1	1	1	1
GO:0007050	0	0	0	1	0	0
GO:0007051	0	1	0	1	1	1
GO:0007052	0	1	0	1	1	1
GO:0007059	1	1	1	1	1	1
GO:0007062	0	0	0	1	0	0
GO:0007063	0	0	0	1	0	0
GO:0007064	0	0	0	1	0	0
GO:0007079	0	0	0	0	1	0
GO:0007080	1	1	1	1	1	1
GO:0007088	0	1	1	1	1	0
GO:0007089	0	0	0	1	0	0
GO:0007093	0	1	1	1	1	0
GO:0007094	0	1	1	1	1	0
GO:0007095	0	0	0	0	1	0
GO:0007096	0	1	0	1	1	0
GO:0007097	0	0	0	0	1	1
GO:0007105	0	1	0	0	0	0
GO:0007114	0	0	0	1	0	0
GO:0007117	0	0	0	1	0	0
GO:0007118	0	0	0	1	0	0
GO:0007120	0	0	0	1	0	0
GO:0007121	0	0	0	1	0	0
GO:0007124	0	0	1	1	1	0
GO:0007127	1	1	1	1	1	0
GO:0007131	1	0	1	0	1	0
GO:0007135	1	1	0	1	1	0
GO:0007154	1	1	1	1	1	1
GO:0007155	0	0	0	1	1	0
GO:0007163	0	1	0	1	1	1
GO:0007165	1	1	1	1	1	0
GO:0007166	0	1	0	0	1	0
GO:0007167	0	1	0	0	0	0
GO:0007169	0	1	0	0	0	0
GO:0007186	0	0	0	1	0	0
GO:0007231	0	1	0	0	0	0
GO:0007234	0	1	0	0	0	0
GO:0007264	1	1	1	1	1	0
GO:0007265	0	1	1	1	1	0
GO:0007266	0	0	1	1	0	0
GO:0007275	1	1	1	0	1	0
GO:0007276	0	1	0	0	1	0
GO:0007281	0	1	0	0	1	0
GO:0007282	0	0	0	0	1	0
GO:0007283	0	0	0	0	1	0
GO:0007292	0	0	0	0	1	0
GO:0007293	0	0	0	0	1	0
GO:0007323	0	0	0	1	0	1
GO:0007329	0	0	0	1	0	0
GO:0007338	0	0	0	0	1	0
GO:0007339	0	0	0	0	1	0
GO:0007346	0	1	1	1	1	0
GO:0007399	0	1	0	0	1	0
GO:0007423	0	0	0	0	1	0
GO:0007530	1	0	0	1	1	0
GO:0007531	1	0	0	1	1	0
GO:0007532	0	0	0	1	0	0
GO:0007533	1	0	0	1	1	0
GO:0007534	0	0	0	1	0	0
GO:0007535	0	0	0	0	1	0
GO:0007568	0	0	1	1	1	0
GO:0007569	0	0	1	1	1	0
GO:0007571	0	0	1	0	0	0
GO:0007584	1	1	1	1	0	1
GO:0008017	1	0	1	0	1	1
GO:0008023	0	0	1	0	0	0
GO:0008026	1	0	0	1	1	0
GO:0008028	0	0	1	0	1	0
GO:0008033	1	1	0	1	1	0
GO:0008037	0	0	0	0	1	0
GO:0008047	1	0	1	1	1	0
GO:0008053	1	0	0	1	0	0
GO:0008061	0	1	0	1	0	0
GO:0008064	0	0	0	1	1	0
GO:0008079	0	0	0	0	1	0
GO:0008080	0	0	1	1	1	0
GO:0008081	1	0	0	0	0	0
GO:0008092	1	0	1	1	1	1
GO:0008094	1	0	0	0	0	0
GO:0008104	1	1	1	1	1	1
GO:0008131	1	0	1	0	0	0
GO:0008134	0	0	0	1	1	0
GO:0008135	0	0	0	1	1	0
GO:0008137	0	0	0	1	1	0
GO:0008139	0	0	0	0	1	0
GO:0008143	0	1	0	0	0	0
GO:0008144	1	1	1	1	1	1
GO:0008150	1	1	1	1	1	1
GO:0008152	1	1	1	1	1	1
GO:0008154	0	0	0	1	1	0
GO:0008156	0	0	1	1	1	0
GO:0008160	0	0	1	0	0	0
GO:0008168	1	1	1	0	1	1
GO:0008169	0	1	0	0	0	0
GO:0008170	0	1	0	0	1	0
GO:0008171	0	0	0	0	0	1
GO:0008173	1	0	0	0	0	0
GO:0008175	1	0	0	0	0	0
GO:0008180	0	0	0	0	1	0
GO:0008186	0	0	0	1	1	0
GO:0008194	0	0	1	0	1	0
GO:0008202	1	1	0	1	1	0
GO:0008204	1	1	0	1	1	0
GO:0008213	0	1	0	0	1	1
GO:0008214	0	0	0	0	1	0
GO:0008219	0	1	1	1	1	0
GO:0008233	1	0	1	1	1	1
GO:0008234	0	0	0	1	0	0
GO:0008235	0	0	0	1	0	1
GO:0008236	0	0	0	1	0	1
GO:0008237	0	0	0	1	1	1
GO:0008238	0	0	0	1	1	1
GO:0008239	0	0	0	0	1	0
GO:0008270	1	0	0	1	1	1
GO:0008275	0	0	0	0	0	1
GO:0008276	0	1	0	0	1	1
GO:0008277	1	0	1	1	0	0
GO:0008283	0	0	0	0	1	0
GO:0008284	0	1	0	0	0	0
GO:0008286	0	1	0	0	0	0
GO:0008287	1	0	1	0	0	0
GO:0008289	1	0	1	1	1	0
GO:0008297	0	0	0	1	0	0
GO:0008299	0	0	0	0	1	0
GO:0008301	0	0	0	1	1	0
GO:0008308	0	0	0	0	1	0
GO:0008309	0	0	0	1	0	0
GO:0008320	0	0	0	0	1	0
GO:0008324	1	1	1	1	1	1
GO:0008356	0	0	0	0	1	0
GO:0008360	1	1	0	0	1	1
GO:0008361	0	0	1	1	0	0
GO:0008374	0	0	0	1	0	0
GO:0008375	0	0	0	0	1	0
GO:0008380	0	1	0	1	1	1
GO:0008408	0	0	0	1	0	0
GO:0008409	0	0	0	1	0	0
GO:0008413	0	0	0	0	1	0
GO:0008422	1	0	0	0	0	1
GO:0008428	0	1	0	0	0	0
GO:0008440	1	0	0	0	0	0
GO:0008443	0	0	0	1	0	0
GO:0008482	0	0	1	0	0	0
GO:0008494	1	0	0	0	0	0
GO:0008509	1	0	1	0	1	1
GO:0008514	1	0	1	0	1	1
GO:0008535	0	0	0	1	0	0
GO:0008554	0	0	0	1	0	0
GO:0008556	0	0	0	1	0	0
GO:0008559	0	0	0	0	1	0
GO:0008565	0	0	0	0	1	0
GO:0008608	1	1	1	1	1	1
GO:0008610	1	1	1	1	1	0
GO:0008643	0	0	0	0	1	0
GO:0008645	0	0	0	0	1	0
GO:0008652	1	1	0	1	0	1
GO:0008654	1	0	1	0	1	0
GO:0008655	1	0	0	0	0	0
GO:0008757	1	1	1	0	1	1
GO:0008843	0	1	0	0	0	0
GO:0009013	0	0	0	0	1	0
GO:0009041	0	0	0	1	0	0
GO:0009051	0	0	0	0	1	0
GO:0009055	0	1	0	0	0	0
GO:0009056	1	1	1	1	1	1
GO:0009057	1	1	1	1	1	1
GO:0009058	1	1	1	1	1	1
GO:0009059	1	1	1	1	1	1
GO:0009060	0	0	0	1	1	0
GO:0009062	1	0	0	1	0	0
GO:0009063	1	0	0	1	1	1
GO:0009064	0	1	0	1	1	0
GO:0009065	0	0	0	0	1	0
GO:0009066	1	0	0	0	0	1
GO:0009067	0	0	0	0	0	1
GO:0009068	1	0	0	0	0	0
GO:0009069	0	0	0	0	0	1
GO:0009070	0	0	0	0	0	1
GO:0009072	0	0	0	1	0	1
GO:0009073	0	0	0	1	0	0
GO:0009074	0	0	0	1	0	1
GO:0009081	0	1	0	0	0	0
GO:0009082	0	1	0	0	0	0
GO:0009084	0	0	0	1	0	0
GO:0009086	0	0	0	0	0	1
GO:0009092	0	0	0	0	0	1
GO:0009097	0	1	0	0	0	0
GO:0009100	0	1	1	1	1	1
GO:0009101	0	1	1	1	1	1
GO:0009108	0	1	1	0	1	0
GO:0009112	1	0	0	1	0	0
GO:0009113	1	0	0	0	0	0
GO:0009116	1	0	0	1	0	0
GO:0009117	1	0	1	1	1	0
GO:0009119	1	0	0	0	0	0
GO:0009123	1	0	1	1	1	0
GO:0009124	1	0	1	0	1	0
GO:0009126	1	0	1	1	1	0
GO:0009127	0	0	1	0	1	0
GO:0009129	1	0	0	0	0	0
GO:0009130	1	0	0	0	0	0
GO:0009132	1	0	1	1	1	0
GO:0009133	0	0	0	0	1	0
GO:0009135	1	0	1	1	1	0
GO:0009136	0	0	0	0	1	0
GO:0009141	1	1	1	1	1	0
GO:0009142	0	1	1	0	0	0
GO:0009144	1	0	1	1	1	0
GO:0009145	0	0	1	0	0	0
GO:0009150	1	0	1	1	1	0
GO:0009152	0	0	1	0	1	0
GO:0009156	1	0	1	0	1	0
GO:0009161	1	0	1	1	1	0
GO:0009163	1	0	0	1	0	0
GO:0009165	1	0	1	1	1	0
GO:0009166	0	0	1	0	0	0
GO:0009167	1	0	1	1	1	0
GO:0009168	0	0	1	0	1	0
GO:0009173	1	0	0	0	0	0
GO:0009174	1	0	0	0	0	0
GO:0009179	1	0	1	1	1	0
GO:0009180	0	0	0	0	1	0
GO:0009185	1	0	1	1	1	0
GO:0009188	0	0	0	0	1	0
GO:0009199	1	0	1	1	1	0
GO:0009200	0	1	0	0	0	0
GO:0009201	0	0	1	0	0	0
GO:0009202	0	1	0	0	0	0
GO:0009205	1	0	1	1	1	0
GO:0009206	0	0	1	0	0	0
GO:0009218	1	0	0	0	0	0
GO:0009220	1	0	0	0	0	0
GO:0009225	0	0	1	0	1	0
GO:0009247	1	0	0	0	0	0
GO:0009250	0	0	1	1	1	0
GO:0009251	1	0	0	0	0	1
GO:0009259	1	0	1	1	1	0
GO:0009260	1	0	1	0	1	0
GO:0009266	0	0	1	1	1	0
GO:0009267	0	1	1	1	1	0
GO:0009268	0	1	1	1	0	0
GO:0009272	1	1	1	1	1	1
GO:0009277	0	1	1	1	1	1
GO:0009295	0	0	0	0	1	0
GO:0009303	1	0	1	1	0	0
GO:0009306	0	0	0	1	1	0
GO:0009308	1	0	1	1	0	0
GO:0009309	0	0	0	1	0	0
GO:0009310	1	0	1	0	0	0
GO:0009311	1	0	0	0	1	0
GO:0009312	0	0	0	0	1	0
GO:0009313	1	0	0	0	0	0
GO:0009314	0	1	0	1	1	0
GO:0009337	1	0	0	0	0	0
GO:0009371	0	0	0	1	0	0
GO:0009373	0	1	0	1	0	0
GO:0009378	1	0	0	0	0	0
GO:0009395	1	1	0	0	0	0
GO:0009396	0	1	0	0	0	0
GO:0009403	1	0	0	0	1	0
GO:0009404	1	0	0	0	1	0
GO:0009405	0	1	1	1	0	0
GO:0009407	1	0	0	0	0	0
GO:0009408	0	0	1	1	1	0
GO:0009409	0	0	1	0	0	0
GO:0009410	1	0	0	0	0	0
GO:0009411	0	1	0	1	1	0
GO:0009416	0	1	0	1	1	0
GO:0009435	0	0	1	0	0	0
GO:0009438	0	0	0	0	0	1
GO:0009448	0	0	0	0	1	0
GO:0009450	0	0	0	0	1	0
GO:0009451	1	0	0	1	1	0
GO:0009505	0	0	0	0	1	0
GO:0009506	0	0	1	0	1	0
GO:0009507	0	0	1	0	1	0
GO:0009526	0	0	1	0	0	0
GO:0009532	0	0	0	0	1	0
GO:0009536	0	0	1	0	1	0
GO:0009553	0	0	1	0	0	0
GO:0009566	0	0	0	0	1	0
GO:0009570	0	0	0	0	1	0
GO:0009579	0	0	0	0	1	0
GO:0009605	1	1	1	1	1	1
GO:0009607	1	1	1	1	1	0
GO:0009617	0	0	0	0	1	0
GO:0009620	0	0	0	0	1	0
GO:0009628	1	1	1	1	1	1
GO:0009636	1	0	1	1	1	1
GO:0009651	0	0	0	1	1	0
GO:0009653	1	1	1	1	1	0
GO:0009657	0	0	0	0	1	0
GO:0009658	0	0	0	0	1	0
GO:0009679	0	0	0	0	1	0
GO:0009709	1	0	0	0	0	0
GO:0009719	1	1	0	1	1	0
GO:0009725	0	1	0	0	1	0
GO:0009737	0	0	0	0	1	0
GO:0009743	0	0	0	1	0	0
GO:0009746	0	0	0	1	0	0
GO:0009749	0	0	0	1	0	0
GO:0009756	0	0	0	1	0	0
GO:0009757	0	0	0	1	0	0
GO:0009790	0	1	1	0	1	0
GO:0009791	0	0	0	0	1	0
GO:0009792	0	1	0	0	0	0
GO:0009793	0	0	0	0	1	0
GO:0009814	0	0	0	0	1	0
GO:0009817	0	0	0	0	1	0
GO:0009820	1	0	0	0	0	0
GO:0009821	1	0	0	0	0	0
GO:0009887	0	0	1	0	1	0
GO:0009888	0	1	1	0	1	0
GO:0009889	1	1	1	1	1	1
GO:0009890	1	1	1	1	1	1
GO:0009891	1	1	1	1	1	1
GO:0009892	1	1	1	1	1	1
GO:0009893	1	1	1	1	1	1
GO:0009894	1	1	1	1	1	0
GO:0009895	1	0	0	0	1	0
GO:0009896	0	1	0	1	1	0
GO:0009897	0	0	1	1	0	0
GO:0009898	0	0	0	0	1	0
GO:0009927	0	1	0	0	0	0
GO:0009941	0	0	1	0	0	0
GO:0009966	1	1	1	1	1	1
GO:0009967	1	1	1	1	0	0
GO:0009968	1	1	1	1	1	0
GO:0009982	0	0	0	0	1	0
GO:0009986	1	1	1	1	1	1
GO:0009987	1	1	1	1	1	1
GO:0009988	0	0	0	0	1	0
GO:0009991	1	1	1	1	1	1
GO:0010008	0	0	0	0	1	0
GO:0010033	1	1	1	1	1	0
GO:0010035	0	1	1	1	1	0
GO:0010038	0	1	0	0	1	0
GO:0010039	0	0	0	0	1	0
GO:0010106	0	1	1	1	0	0
GO:0010142	0	0	0	0	1	0
GO:0010154	0	0	0	0	1	0
GO:0010181	0	0	0	0	0	1
GO:0010182	0	0	0	1	0	0
GO:0010212	0	0	0	1	0	0
GO:0010226	0	1	0	0	0	0
GO:0010243	1	1	1	1	1	0
GO:0010255	0	0	0	1	0	0
GO:0010256	1	1	1	1	1	0
GO:0010340	0	0	0	0	0	1
GO:0010383	1	1	1	0	1	1
GO:0010387	0	0	0	0	1	0
GO:0010389	0	1	1	1	1	0
GO:0010410	0	0	0	0	0	1
GO:0010412	0	1	0	0	0	0
GO:0010446	0	1	1	1	0	0
GO:0010453	0	0	0	1	1	0
GO:0010458	0	0	0	1	0	0
GO:0010466	0	1	0	0	0	0
GO:0010467	1	1	1	1	1	1
GO:0010468	1	1	1	1	1	1
GO:0010477	0	0	1	0	0	0
GO:0010484	0	0	1	0	0	0
GO:0010494	1	1	0	1	1	0
GO:0010498	1	0	1	1	1	0
GO:0010501	0	0	0	1	1	0
GO:0010506	0	0	0	1	1	0
GO:0010508	0	0	0	1	1	0
GO:0010514	0	0	0	1	0	0
GO:0010515	0	0	1	0	0	0
GO:0010520	0	0	0	0	1	0
GO:0010521	0	0	1	0	0	0
GO:0010522	0	0	0	0	1	0
GO:0010525	0	0	0	1	0	0
GO:0010528	0	0	0	1	0	0
GO:0010556	1	1	1	1	1	1
GO:0010557	1	1	1	1	1	1
GO:0010558	1	1	1	1	1	1
GO:0010562	1	1	1	1	1	0
GO:0010563	1	1	0	1	0	0
GO:0010564	1	1	1	1	1	0
GO:0010565	1	1	0	1	1	0
GO:0010566	0	0	0	0	1	0
GO:0010570	0	1	1	1	0	0
GO:0010603	0	1	1	1	0	0
GO:0010604	1	1	1	1	1	1
GO:0010605	1	1	1	1	1	1
GO:0010606	0	1	0	1	0	0
GO:0010607	0	0	1	1	0	0
GO:0010608	1	1	1	1	1	0
GO:0010621	0	0	1	0	0	0
GO:0010628	1	1	1	1	1	1
GO:0010629	1	1	1	1	1	1
GO:0010638	0	1	1	1	1	0
GO:0010639	0	1	1	1	1	0
GO:0010646	1	1	1	1	1	1
GO:0010647	1	1	1	1	0	0
GO:0010648	1	1	1	1	1	0
GO:0010675	0	1	1	0	1	1
GO:0010676	0	1	0	0	0	1
GO:0010688	0	0	0	0	1	0
GO:0010695	0	0	0	0	1	0
GO:0010696	0	0	0	0	1	0
GO:0010705	0	0	0	0	1	0
GO:0010720	0	0	0	0	1	0
GO:0010721	0	0	0	1	0	0
GO:0010746	0	1	0	0	0	0
GO:0010748	0	1	0	0	0	0
GO:0010791	0	0	0	1	0	0
GO:0010793	0	0	0	1	1	0
GO:0010794	0	0	0	0	1	0
GO:0010795	0	0	0	0	1	0
GO:0010796	0	0	0	0	1	0
GO:0010810	0	0	1	1	0	0
GO:0010811	0	0	1	1	0	0
GO:0010821	0	0	0	1	0	0
GO:0010822	0	0	0	1	0	0
GO:0010827	0	1	0	0	0	0
GO:0010828	0	1	0	0	0	0
GO:0010833	0	0	0	1	1	0
GO:0010847	0	0	1	0	0	0
GO:0010866	1	0	0	0	0	0
GO:0010867	1	0	0	0	0	0
GO:0010876	1	0	0	0	1	1
GO:0010894	0	0	0	0	1	0
GO:0010895	0	0	0	0	1	0
GO:0010906	0	1	1	0	0	1
GO:0010907	0	1	0	0	0	1
GO:0010913	1	0	0	0	0	0
GO:0010914	1	0	0	0	0	0
GO:0010918	0	1	0	0	0	0
GO:0010921	1	0	1	1	0	0
GO:0010922	1	0	0	0	0	0
GO:0010923	0	0	0	1	0	0
GO:0010927	0	0	0	1	1	0
GO:0010941	0	1	0	1	1	1
GO:0010942	0	0	0	1	1	1
GO:0010948	0	1	1	1	1	0
GO:0010951	0	1	0	0	0	0
GO:0010958	0	0	1	0	1	0
GO:0010959	0	0	0	1	1	0
GO:0010960	0	0	1	0	0	0
GO:0010961	0	0	1	0	0	0
GO:0010962	0	1	1	0	1	0
GO:0010963	0	0	0	0	1	0
GO:0010965	0	1	1	1	1	0
GO:0010966	0	0	0	1	0	0
GO:0010969	1	0	0	1	0	0
GO:0010970	0	0	0	0	1	1
GO:0010971	0	1	0	1	0	0
GO:0010972	0	1	1	0	1	0
GO:0010973	0	1	0	0	1	0
GO:0010974	0	1	0	1	0	0
GO:0010978	0	0	1	0	0	0
GO:0010981	0	1	0	0	1	0
GO:0010992	1	0	0	0	0	0
GO:0010994	1	0	0	0	0	0
GO:0012501	0	1	1	1	1	0
GO:0012505	1	1	1	1	1	1
GO:0014020	0	1	0	0	0	0
GO:0014070	1	0	0	0	1	0
GO:0015002	0	1	0	0	0	0
GO:0015031	1	1	1	1	1	1
GO:0015035	0	0	1	0	0	0
GO:0015036	0	0	1	1	1	0
GO:0015037	0	0	0	1	0	0
GO:0015038	0	0	0	1	0	0
GO:0015075	1	1	1	1	1	1
GO:0015077	0	1	0	1	1	0
GO:0015078	0	1	0	0	1	0
GO:0015079	0	0	0	1	0	0
GO:0015081	0	0	0	1	0	0
GO:0015085	0	1	0	1	1	1
GO:0015093	0	0	0	0	1	0
GO:0015095	0	0	1	0	0	0
GO:0015103	0	0	0	0	1	0
GO:0015108	0	0	0	0	1	0
GO:0015123	0	0	1	0	0	0
GO:0015128	0	0	0	0	1	0
GO:0015137	0	0	1	0	0	0
GO:0015142	0	0	1	0	0	0
GO:0015144	0	0	0	0	1	0
GO:0015145	0	0	0	0	1	0
GO:0015146	0	0	0	0	1	0
GO:0015149	0	0	0	0	1	0
GO:0015165	0	0	0	1	0	1
GO:0015166	0	0	0	0	1	0
GO:0015171	1	0	0	0	0	0
GO:0015175	1	0	0	0	0	0
GO:0015179	1	0	0	0	0	0
GO:0015190	1	0	0	0	0	0
GO:0015238	0	0	1	0	1	0
GO:0015244	0	0	0	0	1	0
GO:0015267	0	0	0	0	1	0
GO:0015291	0	0	1	0	1	0
GO:0015293	0	0	0	0	1	0
GO:0015294	0	0	0	0	1	0
GO:0015295	0	0	0	0	1	0
GO:0015318	1	1	1	1	1	1
GO:0015343	0	0	1	0	0	0
GO:0015399	0	1	0	1	1	1
GO:0015405	0	1	0	1	1	1
GO:0015578	0	0	0	0	1	0
GO:0015616	1	0	0	0	0	0
GO:0015629	1	1	1	1	1	1
GO:0015630	0	1	1	1	1	1
GO:0015631	1	0	1	0	1	1
GO:0015658	1	0	0	0	0	0
GO:0015662	0	1	0	1	1	1
GO:0015665	0	0	0	0	1	0
GO:0015672	0	1	0	1	1	0
GO:0015677	1	0	1	0	1	0
GO:0015679	1	0	1	0	1	0
GO:0015684	0	0	0	0	1	0
GO:0015688	0	0	1	0	0	0
GO:0015693	0	0	1	0	0	0
GO:0015695	0	0	0	0	1	0
GO:0015696	0	0	0	0	1	0
GO:0015698	0	0	0	0	1	0
GO:0015711	1	0	1	1	1	1
GO:0015718	0	0	1	0	1	0
GO:0015746	0	0	1	0	0	0
GO:0015748	0	0	0	1	1	1
GO:0015749	0	0	0	0	1	0
GO:0015750	0	0	0	0	1	0
GO:0015755	0	0	0	0	1	0
GO:0015757	0	0	0	0	1	0
GO:0015761	0	0	0	0	1	0
GO:0015780	0	0	0	1	0	1
GO:0015783	0	0	0	0	0	1
GO:0015786	0	0	0	0	0	1
GO:0015790	0	0	0	0	0	1
GO:0015791	0	0	0	0	1	0
GO:0015795	0	0	0	0	1	0
GO:0015797	0	0	0	0	1	0
GO:0015798	0	0	0	0	1	0
GO:0015803	1	0	0	0	0	0
GO:0015804	1	0	0	0	0	0
GO:0015807	1	0	0	0	0	0
GO:0015820	1	0	0	0	0	0
GO:0015833	1	1	1	1	1	1
GO:0015846	0	0	0	1	0	0
GO:0015849	1	0	1	1	1	0
GO:0015850	1	0	0	0	1	0
GO:0015865	0	0	0	1	0	0
GO:0015867	0	0	0	1	0	0
GO:0015868	0	0	0	1	0	0
GO:0015886	0	0	1	0	0	0
GO:0015891	0	0	1	0	0	0
GO:0015893	0	0	1	1	1	0
GO:0015903	0	0	0	0	1	0
GO:0015914	0	0	0	0	1	1
GO:0015918	1	0	0	0	0	0
GO:0015919	0	0	0	1	0	0
GO:0015926	1	1	0	0	0	1
GO:0015931	1	1	1	1	1	1
GO:0015932	0	0	0	1	0	1
GO:0015934	0	0	0	1	1	0
GO:0015935	0	0	0	0	0	1
GO:0015976	1	0	0	0	0	1
GO:0015980	1	1	0	1	1	1
GO:0015994	0	0	1	0	0	0
GO:0016002	1	0	0	0	0	0
GO:0016018	0	0	0	1	1	0
GO:0016020	1	1	1	1	1	1
GO:0016021	1	1	1	1	1	1
GO:0016042	1	1	0	1	0	0
GO:0016043	1	1	1	1	1	1
GO:0016049	0	0	1	1	1	0
GO:0016050	0	1	0	1	1	0
GO:0016051	0	1	1	1	1	1
GO:0016052	1	1	1	0	0	1
GO:0016053	1	1	1	1	0	1
GO:0016054	1	0	0	1	1	1
GO:0016063	0	0	0	0	1	0
GO:0016070	1	1	1	1	1	1
GO:0016071	1	0	1	1	1	1
GO:0016072	1	0	1	1	1	0
GO:0016073	1	0	0	0	1	0
GO:0016074	1	0	0	0	0	0
GO:0016114	0	0	0	0	1	0
GO:0016125	1	1	0	1	1	0
GO:0016126	1	1	0	1	1	0
GO:0016128	1	1	0	1	1	0
GO:0016129	1	1	0	1	1	0
GO:0016175	0	0	0	1	0	0
GO:0016180	1	0	0	0	0	0
GO:0016192	1	0	1	1	1	1
GO:0016197	1	0	0	1	1	0
GO:0016209	0	0	1	1	0	0
GO:0016226	0	1	0	0	1	1
GO:0016233	0	0	1	1	1	0
GO:0016236	1	1	0	0	1	0
GO:0016237	0	1	1	0	1	0
GO:0016239	0	0	0	1	0	0
GO:0016241	0	0	0	1	0	0
GO:0016246	1	0	0	0	0	0
GO:0016255	1	0	0	0	0	0
GO:0016278	0	1	0	0	1	0
GO:0016279	0	1	0	0	1	0
GO:0016282	0	0	0	0	1	0
GO:0016289	0	0	0	0	1	0
GO:0016298	1	1	0	0	0	1
GO:0016301	1	1	1	1	1	0
GO:0016310	1	1	1	1	1	0
GO:0016311	1	0	1	1	1	0
GO:0016312	0	0	1	0	0	0
GO:0016331	0	1	0	0	0	0
GO:0016333	0	0	0	0	1	0
GO:0016407	0	0	1	1	1	0
GO:0016410	0	0	1	1	1	0
GO:0016413	0	0	0	1	0	0
GO:0016427	1	0	0	0	0	0
GO:0016441	1	0	0	0	1	0
GO:0016458	1	1	1	1	1	0
GO:0016459	0	0	0	0	1	0
GO:0016461	0	0	0	0	1	0
GO:0016462	1	1	1	1	1	1
GO:0016479	0	0	0	0	1	0
GO:0016482	1	0	0	1	1	0
GO:0016485	0	1	0	1	1	1
GO:0016491	1	1	1	1	1	1
GO:0016514	0	1	0	1	0	0
GO:0016538	0	0	1	1	1	0
GO:0016556	0	0	0	0	1	0
GO:0016558	0	0	0	1	0	0
GO:0016559	1	0	0	0	0	0
GO:0016562	0	0	0	1	0	0
GO:0016567	1	0	0	1	1	0
GO:0016569	0	1	1	1	1	0
GO:0016570	0	1	1	1	1	0
GO:0016571	0	1	0	0	0	0
GO:0016572	0	1	0	1	0	0
GO:0016573	0	0	1	0	0	0
GO:0016574	0	0	0	0	1	0
GO:0016575	0	0	1	1	1	0
GO:0016577	0	0	0	0	1	0
GO:0016579	0	0	0	1	0	0
GO:0016580	0	0	0	0	1	0
GO:0016584	0	0	1	0	1	0
GO:0016586	0	0	0	1	0	0
GO:0016604	0	0	0	0	1	0
GO:0016607	0	0	0	0	1	0
GO:0016614	1	1	1	0	1	0
GO:0016616	1	1	1	0	1	0
GO:0016620	0	0	1	0	1	0
GO:0016627	1	0	0	1	0	0
GO:0016634	0	0	0	1	0	0
GO:0016638	1	0	1	0	0	0
GO:0016641	1	0	1	0	0	0
GO:0016645	1	0	0	0	0	0
GO:0016646	1	0	0	0	0	0
GO:0016651	0	1	1	1	1	1
GO:0016653	0	1	0	0	0	0
GO:0016655	0	0	0	1	1	0
GO:0016667	1	0	1	1	1	0
GO:0016668	0	0	1	1	1	0
GO:0016670	0	0	1	0	0	0
GO:0016671	0	0	1	0	0	0
GO:0016673	1	0	0	0	0	0
GO:0016675	0	1	0	0	0	0
GO:0016676	0	1	0	0	0	0
GO:0016705	0	0	0	0	1	0
GO:0016706	0	0	0	0	1	0
GO:0016722	0	0	0	1	0	0
GO:0016740	1	1	1	1	1	1
GO:0016741	1	1	1	1	1	1
GO:0016743	0	0	0	1	0	0
GO:0016746	0	0	1	1	1	0
GO:0016747	0	0	1	1	1	0
GO:0016757	1	1	1	0	1	0
GO:0016758	1	1	1	0	1	0
GO:0016763	1	0	0	0	0	0
GO:0016765	0	0	0	0	1	1
GO:0016772	1	1	1	1	1	0
GO:0016773	1	1	1	1	1	0
GO:0016776	1	0	0	1	1	0
GO:0016779	0	0	0	0	1	0
GO:0016787	1	1	1	1	1	1
GO:0016788	1	1	1	1	1	1
GO:0016790	0	0	0	0	1	0
GO:0016791	1	0	1	0	1	0
GO:0016796	0	0	0	1	0	0
GO:0016798	1	1	0	1	0	1
GO:0016810	1	1	1	1	1	0
GO:0016811	0	0	1	1	1	0
GO:0016812	0	0	0	1	0	0
GO:0016814	1	1	0	0	0	0
GO:0016817	1	1	1	1	1	1
GO:0016818	1	1	1	1	1	1
GO:0016822	0	0	0	0	0	1
GO:0016823	0	0	0	0	0	1
GO:0016829	1	0	0	1	0	1
GO:0016830	1	0	0	1	0	0
GO:0016831	0	0	0	1	0	0
GO:0016832	0	0	0	1	0	0
GO:0016833	1	0	0	1	0	0
GO:0016846	0	0	0	0	0	1
GO:0016853	1	0	1	1	1	0
GO:0016859	1	0	1	1	1	0
GO:0016860	0	0	1	1	0	0
GO:0016861	0	0	0	1	0	0
GO:0016864	0	0	1	0	0	0
GO:0016866	0	0	0	0	1	0
GO:0016874	0	1	0	1	0	0
GO:0016879	0	1	0	1	0	0
GO:0016881	0	1	0	1	0	0
GO:0016884	0	0	0	1	0	0
GO:0016887	1	1	1	1	1	1
GO:0016888	0	0	0	1	0	0
GO:0016891	1	0	0	0	0	0
GO:0016892	0	1	0	0	0	0
GO:0016893	1	0	0	1	0	0
GO:0016894	0	1	0	0	0	0
GO:0016895	0	0	0	1	0	0
GO:0016903	0	0	1	0	1	0
GO:0016925	0	0	1	1	1	0
GO:0016926	0	0	0	1	0	0
GO:0016929	0	0	0	1	0	0
GO:0016973	1	0	0	1	1	0
GO:0016998	0	1	0	0	0	0
GO:0016999	1	0	1	1	1	0
GO:0017000	1	0	1	0	1	0
GO:0017001	1	0	1	0	0	0
GO:0017004	0	0	0	1	1	0
GO:0017016	0	0	0	1	1	0
GO:0017038	0	0	0	1	1	0
GO:0017048	0	0	0	1	0	0
GO:0017053	0	0	1	1	1	0
GO:0017056	0	0	0	1	1	0
GO:0017059	0	0	0	0	1	0
GO:0017062	0	0	0	0	1	0
GO:0017076	1	1	1	1	1	0
GO:0017108	0	0	0	1	0	0
GO:0017110	0	0	0	1	0	0
GO:0017111	1	1	1	1	1	1
GO:0017119	0	0	0	1	0	0
GO:0017137	0	0	0	0	1	0
GO:0017144	1	1	1	1	1	1
GO:0017148	0	0	1	1	1	0
GO:0017150	1	0	0	0	0	0
GO:0017171	0	0	1	1	0	1
GO:0017196	0	0	0	0	1	0
GO:0018022	0	1	0	0	1	0
GO:0018024	0	1	0	0	0	0
GO:0018027	0	1	0	0	1	0
GO:0018105	0	1	1	1	1	0
GO:0018107	0	1	0	0	0	0
GO:0018130	1	1	1	1	1	0
GO:0018166	0	0	0	1	0	0
GO:0018193	1	1	1	1	1	0
GO:0018196	0	0	1	0	0	0
GO:0018205	0	1	1	1	1	0
GO:0018206	0	0	0	0	1	0
GO:0018208	1	0	1	1	1	0
GO:0018209	0	1	1	1	1	0
GO:0018210	0	1	0	0	0	0
GO:0018212	0	0	0	1	0	0
GO:0018279	0	0	1	0	0	0
GO:0018322	0	0	0	1	0	0
GO:0018393	0	0	1	0	0	0
GO:0018394	0	0	1	0	0	0
GO:0018410	0	0	0	1	0	1
GO:0019001	1	0	1	0	1	0
GO:0019005	0	0	1	1	0	0
GO:0019153	0	0	1	0	0	0
GO:0019170	1	0	0	0	0	0
GO:0019184	0	0	0	0	1	0
GO:0019185	0	0	0	0	1	0
GO:0019200	0	0	0	1	0	0
GO:0019205	1	0	0	1	1	0
GO:0019206	1	0	0	0	0	0
GO:0019207	0	0	1	1	1	0
GO:0019208	0	0	1	1	0	0
GO:0019209	0	0	0	1	0	0
GO:0019210	0	0	0	1	0	0
GO:0019211	0	0	1	1	0	0
GO:0019213	0	0	1	1	1	0
GO:0019216	1	1	1	1	1	0
GO:0019217	0	1	0	1	1	0
GO:0019218	0	0	0	0	1	0
GO:0019219	1	1	1	1	1	1
GO:0019220	1	1	1	1	1	0
GO:0019221	0	0	0	0	1	0
GO:0019222	1	1	1	1	1	1
GO:0019236	1	1	1	1	0	0
GO:0019237	1	0	0	0	0	0
GO:0019238	0	1	0	0	0	0
GO:0019239	1	0	0	0	0	0
GO:0019243	0	0	0	0	0	1
GO:0019318	1	0	1	1	1	0
GO:0019319	0	0	1	0	0	0
GO:0019320	0	0	1	0	0	0
GO:0019321	0	0	0	0	0	1
GO:0019343	0	0	0	0	0	1
GO:0019344	0	0	0	0	0	1
GO:0019346	0	0	0	0	0	1
GO:0019359	0	0	1	0	0	0
GO:0019362	1	0	1	1	1	0
GO:0019363	0	0	1	0	0	0
GO:0019395	0	0	0	1	0	0
GO:0019413	0	0	1	0	0	0
GO:0019418	0	0	1	0	0	0
GO:0019419	1	0	0	0	0	0
GO:0019438	1	1	1	1	1	0
GO:0019439	1	0	1	1	1	1
GO:0019538	1	1	1	1	1	1
GO:0019541	1	0	0	0	0	0
GO:0019543	1	0	0	0	0	0
GO:0019566	0	0	0	0	0	1
GO:0019626	1	0	0	0	0	0
GO:0019627	0	0	0	1	0	0
GO:0019629	1	0	0	0	0	0
GO:0019637	1	1	1	1	1	0
GO:0019655	1	0	0	1	1	0
GO:0019660	1	0	0	1	1	0
GO:0019666	1	0	0	1	1	0
GO:0019674	1	0	1	1	1	0
GO:0019682	0	0	0	0	1	0
GO:0019693	1	0	1	1	1	0
GO:0019725	1	1	1	1	1	1
GO:0019747	0	0	0	0	1	0
GO:0019748	1	0	0	0	1	0
GO:0019751	1	0	0	0	0	0
GO:0019752	1	1	1	1	1	1
GO:0019777	0	0	0	0	1	0
GO:0019783	0	0	0	1	0	0
GO:0019787	1	0	0	1	1	0
GO:0019827	0	0	0	0	1	0
GO:0019829	0	1	0	1	1	1
GO:0019842	0	0	0	0	0	1
GO:0019843	0	0	0	1	1	0
GO:0019856	1	0	0	1	0	0
GO:0019860	1	0	0	1	0	0
GO:0019866	1	1	1	1	1	1
GO:0019867	1	1	0	1	1	1
GO:0019882	0	0	0	0	1	0
GO:0019884	0	0	0	0	1	0
GO:0019886	0	0	0	0	1	0
GO:0019887	0	0	1	1	1	0
GO:0019888	0	0	1	0	0	0
GO:0019897	0	0	0	1	1	0
GO:0019898	1	0	0	1	1	0
GO:0019899	1	1	0	1	1	0
GO:0019900	0	1	0	1	0	0
GO:0019901	0	1	0	0	0	0
GO:0019902	0	0	0	1	0	0
GO:0019904	0	0	0	0	1	0
GO:0019941	1	0	1	1	1	0
GO:0019953	1	1	1	1	1	1
GO:0019954	1	1	1	1	1	0
GO:0019985	1	0	0	0	0	0
GO:0020037	0	0	1	0	0	0
GO:0021915	0	1	0	0	0	0
GO:0022008	0	0	0	0	1	0
GO:0022402	1	1	1	1	1	1
GO:0022406	1	0	0	1	1	1
GO:0022411	1	1	0	1	1	1
GO:0022412	0	1	0	0	1	0
GO:0022413	1	1	1	1	1	0
GO:0022414	1	1	1	1	1	1
GO:0022603	1	1	0	1	1	1
GO:0022604	1	1	0	1	1	1
GO:0022607	1	1	1	1	1	1
GO:0022610	0	0	0	1	1	0
GO:0022613	1	0	1	1	1	0
GO:0022616	0	1	0	1	0	0
GO:0022618	0	0	1	1	1	0
GO:0022625	0	0	0	1	1	0
GO:0022626	0	0	0	1	1	0
GO:0022803	0	0	0	0	1	0
GO:0022804	0	1	1	1	1	1
GO:0022832	0	0	0	0	1	0
GO:0022836	0	0	0	0	1	0
GO:0022838	0	0	0	0	1	0
GO:0022839	0	0	0	0	1	0
GO:0022853	0	1	0	1	1	1
GO:0022857	1	1	1	1	1	1
GO:0022884	0	0	0	0	1	0
GO:0022890	1	1	1	1	1	1
GO:0022900	0	1	0	1	1	0
GO:0022904	0	1	0	1	1	0
GO:0023014	0	1	0	0	1	0
GO:0023051	1	1	1	1	1	1
GO:0023052	1	1	1	1	1	0
GO:0023056	1	1	1	1	0	0
GO:0023057	1	1	1	1	1	0
GO:0023058	1	0	0	1	0	0
GO:0030001	1	1	1	1	1	1
GO:0030003	1	1	1	1	1	1
GO:0030004	0	0	0	0	1	0
GO:0030010	0	1	0	1	1	0
GO:0030014	0	0	1	1	0	0
GO:0030015	0	0	1	1	0	0
GO:0030026	0	1	0	0	1	0
GO:0030029	1	1	0	1	1	0
GO:0030030	0	0	0	1	0	0
GO:0030031	0	0	0	1	0	0
GO:0030036	1	1	0	1	1	0
GO:0030041	0	0	0	0	1	0
GO:0030042	0	0	0	1	0	0
GO:0030048	0	0	0	1	1	0
GO:0030054	0	0	1	0	1	0
GO:0030061	1	0	0	0	0	0
GO:0030071	0	1	1	1	1	0
GO:0030100	0	0	0	0	1	0
GO:0030134	0	0	0	0	0	1
GO:0030135	0	0	0	0	0	1
GO:0030145	0	1	0	0	0	0
GO:0030150	0	0	0	1	0	0
GO:0030154	1	1	1	1	1	0
GO:0030155	0	0	1	1	0	0
GO:0030162	1	1	0	0	1	0
GO:0030163	1	0	1	1	1	0
GO:0030170	0	0	0	0	0	1
GO:0030173	0	0	1	0	1	1
GO:0030174	0	1	0	0	1	0
GO:0030176	1	1	0	1	1	1
GO:0030182	0	0	0	0	1	0
GO:0030234	1	1	1	1	1	0
GO:0030242	0	1	0	0	0	0
GO:0030246	0	0	1	0	0	0
GO:0030258	1	0	1	1	1	0
GO:0030261	0	0	0	1	0	0
GO:0030287	0	0	0	1	0	1
GO:0030291	0	0	0	1	0	0
GO:0030295	0	0	0	1	0	0
GO:0030312	1	1	1	1	1	1
GO:0030326	0	0	1	0	0	0
GO:0030332	0	0	0	1	0	0
GO:0030334	0	1	0	0	0	0
GO:0030335	0	1	0	0	0	0
GO:0030397	0	1	0	0	0	0
GO:0030414	0	1	0	0	0	0
GO:0030422	1	0	0	0	0	0
GO:0030424	0	0	0	0	1	0
GO:0030425	0	0	0	0	1	0
GO:0030427	1	1	1	1	1	1
GO:0030428	0	1	0	0	1	1
GO:0030433	1	0	1	0	1	0
GO:0030435	1	1	1	1	1	0
GO:0030436	1	1	1	1	1	0
GO:0030437	1	1	1	1	1	0
GO:0030445	0	1	0	1	1	0
GO:0030446	0	0	0	1	0	1
GO:0030447	0	1	1	1	1	1
GO:0030448	0	0	0	0	0	1
GO:0030466	0	1	1	1	1	0
GO:0030473	0	0	0	0	1	0
GO:0030474	0	0	1	1	1	0
GO:0030476	0	0	0	1	0	0
GO:0030479	1	0	1	1	1	0
GO:0030487	0	0	1	0	0	0
GO:0030488	1	0	0	0	0	0
GO:0030490	0	0	0	1	1	0
GO:0030491	1	0	0	0	0	0
GO:0030515	0	0	0	1	1	0
GO:0030532	0	0	0	0	1	1
GO:0030541	0	0	0	1	0	0
GO:0030544	0	0	1	0	0	1
GO:0030554	1	1	1	1	1	0
GO:0030582	1	0	0	0	1	0
GO:0030584	1	0	0	0	1	0
GO:0030641	0	0	0	0	1	0
GO:0030674	1	0	1	1	1	1
GO:0030677	0	0	0	1	0	0
GO:0030678	0	0	0	1	0	0
GO:0030681	0	0	0	1	0	0
GO:0030684	1	0	1	1	1	0
GO:0030686	0	0	0	1	1	0
GO:0030687	1	0	1	1	1	0
GO:0030688	0	0	0	1	0	0
GO:0030689	0	0	0	0	1	0
GO:0030690	0	0	0	0	1	0
GO:0030691	0	0	0	0	1	0
GO:0030695	1	0	0	1	1	0
GO:0030702	0	0	1	0	1	0
GO:0030705	0	0	0	1	1	1
GO:0030718	0	0	0	0	1	0
GO:0030727	0	0	0	0	1	0
GO:0030808	0	0	0	1	0	0
GO:0030811	0	0	0	1	0	0
GO:0030832	0	0	0	1	1	0
GO:0030833	0	0	0	0	1	0
GO:0030834	0	0	0	1	1	0
GO:0030835	0	0	0	0	1	0
GO:0030836	0	0	0	1	1	0
GO:0030837	0	0	0	0	1	0
GO:0030838	0	0	0	0	1	0
GO:0030847	1	0	0	0	0	0
GO:0030855	0	1	0	0	0	0
GO:0030863	1	1	1	1	1	0
GO:0030864	1	1	1	1	1	0
GO:0030865	0	0	0	1	1	0
GO:0030866	0	0	0	1	1	0
GO:0030867	0	0	0	0	1	0
GO:0030869	0	0	0	1	0	0
GO:0030870	0	0	0	1	1	0
GO:0030874	0	0	1	0	0	0
GO:0030879	0	1	0	0	0	0
GO:0030880	0	0	0	1	0	0
GO:0030894	0	1	0	0	0	0
GO:0030896	0	0	0	1	0	0
GO:0030897	0	0	0	0	1	0
GO:0030951	0	0	0	0	0	1
GO:0030952	0	0	0	0	0	1
GO:0030953	0	0	0	0	1	0
GO:0030968	0	0	1	0	1	0
GO:0030981	0	0	0	0	1	0
GO:0030983	0	0	0	0	1	0
GO:0030989	0	0	0	0	1	0
GO:0031012	1	0	1	1	1	0
GO:0031021	0	0	0	0	0	1
GO:0031023	0	0	1	1	1	0
GO:0031028	0	1	0	1	1	0
GO:0031029	0	1	0	1	0	0
GO:0031030	0	1	0	1	0	0
GO:0031032	0	0	0	1	1	0
GO:0031047	1	0	1	0	0	0
GO:0031050	1	0	0	0	0	0
GO:0031053	1	0	0	0	0	0
GO:0031054	1	0	0	0	0	0
GO:0031056	0	1	0	0	1	0
GO:0031057	0	0	0	0	1	0
GO:0031058	0	1	0	0	0	0
GO:0031060	0	0	0	0	1	0
GO:0031061	0	0	0	0	1	0
GO:0031072	0	0	1	0	0	1
GO:0031078	0	0	1	0	0	0
GO:0031080	0	0	0	0	1	0
GO:0031081	0	0	0	0	1	0
GO:0031082	0	0	0	1	0	0
GO:0031083	0	0	0	1	0	0
GO:0031090	1	1	1	1	1	1
GO:0031097	1	0	0	0	1	0
GO:0031098	0	0	0	0	1	0
GO:0031106	0	1	0	0	0	0
GO:0031109	0	0	1	0	1	1
GO:0031119	0	0	0	0	1	0
GO:0031120	0	0	0	0	1	0
GO:0031122	0	0	0	0	1	1
GO:0031123	1	0	0	0	1	0
GO:0031124	1	0	0	0	0	0
GO:0031134	0	0	1	1	0	0
GO:0031135	0	1	1	0	0	0
GO:0031136	1	0	1	1	0	1
GO:0031137	1	1	1	1	1	1
GO:0031138	0	1	1	0	0	0
GO:0031139	1	0	1	1	0	1
GO:0031146	0	0	1	1	0	0
GO:0031160	0	0	0	1	0	0
GO:0031163	0	1	0	0	1	1
GO:0031201	0	0	0	1	0	0
GO:0031211	0	0	0	0	1	0
GO:0031224	1	1	1	1	1	1
GO:0031225	0	0	1	1	0	0
GO:0031226	1	1	1	1	1	1
GO:0031227	1	1	0	1	1	1
GO:0031228	0	0	1	0	1	1
GO:0031233	0	0	1	1	0	0
GO:0031234	0	0	0	0	1	0
GO:0031248	0	0	1	1	1	0
GO:0031252	0	1	0	0	0	0
GO:0031253	0	1	0	0	0	0
GO:0031256	0	1	0	0	0	0
GO:0031261	0	0	0	1	1	1
GO:0031267	0	0	0	1	1	0
GO:0031292	0	0	0	1	0	0
GO:0031297	0	0	1	0	1	0
GO:0031298	0	0	1	0	0	1
GO:0031300	1	1	1	1	1	1
GO:0031301	0	1	1	1	1	1
GO:0031304	1	1	0	1	0	0
GO:0031305	0	1	0	0	0	0
GO:0031306	0	0	0	1	0	0
GO:0031307	0	0	0	1	0	0
GO:0031312	1	0	0	1	0	0
GO:0031314	1	0	0	1	0	0
GO:0031321	0	0	0	1	1	0
GO:0031322	0	0	0	0	1	0
GO:0031323	1	1	1	1	1	1
GO:0031324	1	1	1	1	1	1
GO:0031325	1	1	1	1	1	1
GO:0031326	1	1	1	1	1	1
GO:0031327	1	1	1	1	1	1
GO:0031328	1	1	1	1	1	1
GO:0031329	1	1	1	1	1	0
GO:0031330	1	0	0	0	0	0
GO:0031331	0	1	0	1	1	0
GO:0031333	0	0	1	1	1	0
GO:0031334	0	1	0	1	1	0
GO:0031338	0	1	0	0	1	0
GO:0031340	0	1	0	0	0	0
GO:0031344	0	0	0	1	1	0
GO:0031347	0	1	0	0	0	0
GO:0031349	0	1	0	0	0	0
GO:0031362	0	0	1	1	0	0
GO:0031365	0	0	0	1	1	0
GO:0031383	0	0	0	1	1	0
GO:0031384	0	0	0	1	1	0
GO:0031385	0	0	0	1	0	0
GO:0031386	0	0	1	1	0	0
GO:0031396	0	0	0	1	0	0
GO:0031398	0	0	0	1	0	0
GO:0031399	1	1	1	1	1	0
GO:0031400	0	1	0	1	1	0
GO:0031401	1	1	1	1	1	0
GO:0031410	1	0	0	1	1	1
GO:0031414	0	0	0	1	1	0
GO:0031415	0	0	0	0	1	0
GO:0031417	0	0	0	1	0	0
GO:0031445	0	0	1	0	0	0
GO:0031454	0	0	1	0	0	0
GO:0031461	0	0	1	1	1	0
GO:0031465	0	0	0	0	1	0
GO:0031490	0	0	1	1	0	0
GO:0031491	0	0	1	1	1	0
GO:0031492	0	0	1	1	0	0
GO:0031494	0	0	0	1	1	0
GO:0031497	0	1	1	0	1	0
GO:0031498	0	0	0	1	0	0
GO:0031501	0	0	1	0	1	0
GO:0031503	1	1	1	1	1	0
GO:0031505	1	1	1	1	1	1
GO:0031506	0	0	1	1	1	0
GO:0031507	0	1	0	0	0	0
GO:0031511	0	0	0	0	1	1
GO:0031520	0	0	0	0	1	1
GO:0031566	0	0	0	1	1	0
GO:0031570	0	1	0	1	1	0
GO:0031572	0	0	0	0	1	0
GO:0031573	0	1	0	1	1	0
GO:0031577	0	1	1	1	1	0
GO:0031582	0	0	0	1	1	0
GO:0031593	0	0	0	0	1	0
GO:0031617	1	0	1	0	0	0
GO:0031618	0	0	1	0	1	0
GO:0031625	0	0	0	1	0	0
GO:0031634	0	0	0	1	1	0
GO:0031647	1	0	1	0	1	0
GO:0031657	0	0	0	1	0	0
GO:0031658	0	0	0	1	0	0
GO:0031667	1	1	1	1	1	1
GO:0031668	1	1	1	1	1	1
GO:0031669	1	1	1	1	1	1
GO:0031670	1	1	0	1	0	1
GO:0031848	0	0	0	1	0	0
GO:0031860	0	0	0	1	0	0
GO:0031903	0	0	0	1	0	0
GO:0031907	1	0	0	1	0	0
GO:0031929	0	0	1	1	0	0
GO:0031933	0	0	1	0	0	0
GO:0031934	0	0	1	0	1	0
GO:0031935	0	0	1	1	1	0
GO:0031936	0	0	1	1	1	0
GO:0031937	0	0	0	1	0	0
GO:0031938	0	0	1	1	1	0
GO:0031939	0	0	0	0	1	0
GO:0031940	0	0	0	1	0	0
GO:0031942	0	0	0	1	0	0
GO:0031952	0	0	0	1	0	0
GO:0031954	0	0	0	1	0	0
GO:0031965	0	0	0	0	0	1
GO:0031966	1	1	1	1	1	1
GO:0031967	1	1	1	1	1	1
GO:0031968	1	1	0	1	1	1
GO:0031970	1	1	1	1	1	0
GO:0031974	1	1	1	1	1	1
GO:0031975	1	1	1	1	1	1
GO:0031981	1	1	1	1	1	1
GO:0031982	1	0	0	1	1	1
GO:0031984	1	1	1	1	1	1
GO:0031985	0	0	1	0	1	0
GO:0031990	0	0	0	0	1	0
GO:0031991	0	1	0	1	1	0
GO:0031998	0	1	0	1	0	0
GO:0032000	0	1	0	1	0	0
GO:0032005	0	0	1	1	0	0
GO:0032006	0	0	0	0	1	0
GO:0032007	0	0	0	0	1	0
GO:0032012	1	0	0	0	0	0
GO:0032014	1	0	0	0	0	0
GO:0032040	0	0	0	1	1	0
GO:0032048	0	0	0	1	1	0
GO:0032069	0	0	0	1	0	0
GO:0032070	0	0	0	1	0	0
GO:0032071	0	0	0	1	0	0
GO:0032075	0	0	0	1	0	0
GO:0032077	0	0	0	1	0	0
GO:0032079	0	0	0	1	0	0
GO:0032091	0	0	0	0	1	0
GO:0032101	0	1	1	1	0	0
GO:0032102	0	0	0	1	0	0
GO:0032103	0	1	1	1	0	0
GO:0032104	0	0	1	1	0	0
GO:0032105	0	0	0	1	0	0
GO:0032106	0	0	1	1	0	0
GO:0032107	0	0	1	1	0	0
GO:0032108	0	0	0	1	0	0
GO:0032109	0	0	1	1	0	0
GO:0032118	0	0	0	0	1	0
GO:0032120	0	0	0	1	1	0
GO:0032126	0	0	1	0	1	0
GO:0032133	0	1	0	1	0	0
GO:0032135	0	0	0	0	1	0
GO:0032138	0	0	0	0	1	0
GO:0032141	0	0	0	0	1	0
GO:0032147	0	0	0	1	1	0
GO:0032153	1	1	0	1	1	1
GO:0032155	1	1	0	1	1	1
GO:0032156	0	1	1	1	0	0
GO:0032160	0	1	0	0	0	0
GO:0032165	0	1	0	0	0	0
GO:0032182	1	0	0	1	1	0
GO:0032183	1	0	0	1	0	0
GO:0032185	0	1	0	0	0	0
GO:0032186	0	1	0	0	0	0
GO:0032187	0	0	0	1	0	0
GO:0032189	0	0	0	1	0	0
GO:0032200	0	1	1	1	1	0
GO:0032204	0	0	1	1	1	0
GO:0032205	0	0	1	0	1	0
GO:0032206	0	0	0	0	1	0
GO:0032207	0	0	0	0	1	0
GO:0032208	0	0	0	0	1	0
GO:0032210	0	0	1	1	1	0
GO:0032211	0	0	1	0	0	0
GO:0032212	0	0	0	0	1	0
GO:0032220	0	0	0	1	0	0
GO:0032221	0	0	0	0	1	0
GO:0032239	0	0	0	1	1	0
GO:0032258	0	0	1	1	1	0
GO:0032259	1	1	1	0	1	1
GO:0032266	1	0	0	0	1	0
GO:0032268	1	1	1	1	1	0
GO:0032269	1	1	1	1	1	0
GO:0032270	1	1	1	1	1	0
GO:0032271	0	0	0	0	1	0
GO:0032272	0	0	0	0	1	0
GO:0032273	0	0	0	0	1	0
GO:0032296	1	0	0	0	0	0
GO:0032299	0	0	0	1	0	0
GO:0032365	1	0	0	0	0	0
GO:0032366	1	0	0	0	0	0
GO:0032368	1	1	0	0	0	1
GO:0032369	0	1	0	0	0	0
GO:0032386	1	1	0	1	1	0
GO:0032387	0	1	0	0	0	0
GO:0032388	0	1	0	0	0	0
GO:0032392	1	0	0	1	1	0
GO:0032432	1	0	0	0	0	0
GO:0032434	1	0	0	0	1	0
GO:0032435	1	0	0	0	0	0
GO:0032436	0	0	0	0	1	0
GO:0032443	0	0	0	0	1	0
GO:0032445	0	0	0	0	1	0
GO:0032446	1	0	1	1	1	0
GO:0032450	1	0	0	0	0	0
GO:0032451	0	0	0	0	1	0
GO:0032452	0	0	0	0	1	0
GO:0032465	0	1	0	1	1	0
GO:0032466	0	1	0	1	0	0
GO:0032467	0	1	0	1	1	0
GO:0032469	0	0	0	0	1	0
GO:0032471	0	0	0	0	1	0
GO:0032476	0	0	0	0	1	0
GO:0032488	0	0	1	1	0	0
GO:0032501	1	1	1	0	1	0
GO:0032502	1	1	1	1	1	0
GO:0032504	0	1	0	0	1	0
GO:0032505	1	1	1	1	1	0
GO:0032506	0	1	0	1	1	0
GO:0032507	0	1	1	1	1	1
GO:0032508	1	0	0	1	1	0
GO:0032509	0	0	0	0	1	0
GO:0032511	0	0	0	0	1	0
GO:0032535	0	0	1	1	1	0
GO:0032541	1	0	0	0	1	0
GO:0032543	0	1	0	1	1	1
GO:0032544	0	0	0	0	1	0
GO:0032545	0	0	0	1	0	0
GO:0032549	1	0	1	0	1	0
GO:0032550	1	0	1	0	1	0
GO:0032553	1	1	1	1	1	1
GO:0032555	1	1	1	1	1	0
GO:0032559	1	1	1	1	1	0
GO:0032561	1	0	1	0	1	0
GO:0032587	0	1	0	0	0	0
GO:0032592	0	1	0	1	1	0
GO:0032774	1	1	1	1	1	0
GO:0032781	0	0	1	1	0	0
GO:0032783	0	0	1	0	0	0
GO:0032784	0	0	1	1	0	0
GO:0032786	0	0	1	1	0	0
GO:0032787	1	0	1	1	1	1
GO:0032790	0	0	0	0	1	0
GO:0032794	0	0	0	1	0	0
GO:0032807	0	0	0	0	1	0
GO:0032838	0	0	0	0	1	0
GO:0032839	0	0	0	0	1	0
GO:0032865	0	0	0	0	0	1
GO:0032868	0	1	0	0	0	0
GO:0032869	0	1	0	0	0	0
GO:0032870	0	1	0	0	1	0
GO:0032872	0	1	1	0	0	0
GO:0032874	0	1	1	0	0	0
GO:0032878	0	1	0	0	0	0
GO:0032879	1	1	1	1	1	1
GO:0032880	0	1	1	1	1	0
GO:0032881	0	1	1	0	1	0
GO:0032885	0	1	1	0	1	0
GO:0032886	0	1	0	1	1	0
GO:0032890	0	1	1	0	1	0
GO:0032891	0	1	1	0	1	0
GO:0032892	0	0	0	0	1	0
GO:0032933	0	0	0	0	1	0
GO:0032934	1	0	0	0	0	0
GO:0032936	0	0	0	0	1	0
GO:0032940	1	0	0	1	1	0
GO:0032947	0	0	1	1	0	0
GO:0032948	0	1	0	0	0	0
GO:0032949	0	1	0	0	0	0
GO:0032950	0	1	0	0	1	0
GO:0032951	0	1	0	0	1	0
GO:0032952	0	1	0	0	0	0
GO:0032953	0	1	0	0	0	0
GO:0032954	0	1	0	1	1	0
GO:0032955	0	1	0	1	1	0
GO:0032956	0	1	1	1	1	0
GO:0032958	1	0	0	0	0	0
GO:0032968	0	0	1	1	0	0
GO:0032970	0	1	1	1	1	0
GO:0032978	0	0	0	1	1	0
GO:0032979	0	0	0	1	1	0
GO:0032984	0	0	0	1	1	1
GO:0032986	0	0	0	1	0	0
GO:0032988	0	0	0	0	1	0
GO:0032989	0	0	0	1	1	0
GO:0032991	1	1	1	1	1	1
GO:0032993	0	1	1	1	1	1
GO:0032995	0	1	0	0	1	0
GO:0033013	0	1	1	0	0	0
GO:0033014	0	1	0	0	0	0
GO:0033036	1	1	1	1	1	1
GO:0033043	1	1	1	1	1	0
GO:0033044	1	1	1	1	1	0
GO:0033045	0	1	1	1	1	0
GO:0033046	0	1	1	1	1	0
GO:0033047	0	1	1	1	1	0
GO:0033048	0	1	1	1	1	0
GO:0033101	0	0	0	1	0	0
GO:0033108	0	0	0	1	1	0
GO:0033119	0	0	0	0	1	0
GO:0033157	0	1	0	1	1	0
GO:0033212	0	0	1	0	0	0
GO:0033214	0	0	1	0	0	0
GO:0033217	0	0	0	1	0	0
GO:0033218	1	0	0	1	1	1
GO:0033233	1	0	0	1	0	0
GO:0033235	1	0	0	1	0	0
GO:0033238	1	0	0	0	0	0
GO:0033260	1	1	0	1	1	1
GO:0033262	0	1	1	0	1	0
GO:0033263	0	0	0	0	1	0
GO:0033313	0	1	0	1	0	0
GO:0033314	0	1	0	0	1	0
GO:0033315	0	1	0	0	0	0
GO:0033316	0	1	0	1	0	0
GO:0033365	1	1	1	1	1	1
GO:0033383	0	0	0	0	1	0
GO:0033384	0	0	0	0	1	0
GO:0033385	0	0	0	0	1	0
GO:0033386	0	0	0	0	1	0
GO:0033500	0	0	0	1	0	0
GO:0033539	0	0	0	1	0	0
GO:0033540	0	0	0	1	0	0
GO:0033551	0	0	0	1	0	0
GO:0033553	0	0	1	1	1	0
GO:0033554	1	1	1	1	1	1
GO:0033558	0	0	1	0	1	0
GO:0033567	0	0	0	1	0	0
GO:0033592	0	0	0	1	1	0
GO:0033596	0	0	0	0	1	0
GO:0033599	0	1	0	0	0	0
GO:0033615	0	0	0	1	0	0
GO:0033617	0	0	0	1	0	0
GO:0033673	0	0	0	1	0	0
GO:0033674	0	0	0	1	1	0
GO:0033692	0	1	1	1	1	1
GO:0033698	0	0	0	0	1	0
GO:0033750	1	0	1	1	1	0
GO:0033768	0	0	0	1	0	0
GO:0033865	0	0	0	0	1	0
GO:0033866	0	0	0	0	1	0
GO:0033875	0	0	0	0	1	0
GO:0033967	1	0	0	0	0	0
GO:0033979	1	0	0	0	0	0
GO:0033984	0	0	0	1	0	0
GO:0033993	1	0	0	1	1	0
GO:0034030	0	0	0	0	1	0
GO:0034032	0	0	0	0	1	0
GO:0034033	0	0	0	0	1	0
GO:0034059	0	1	0	0	0	0
GO:0034064	0	0	0	1	0	0
GO:0034067	0	0	0	0	1	1
GO:0034085	0	0	0	1	0	0
GO:0034086	0	0	0	1	0	0
GO:0034087	0	0	0	1	0	0
GO:0034090	0	0	0	1	0	0
GO:0034091	0	0	0	1	0	0
GO:0034093	0	0	0	1	0	0
GO:0034094	0	0	0	1	0	0
GO:0034096	0	0	0	1	0	0
GO:0034097	0	0	0	0	1	0
GO:0034185	0	0	0	0	1	0
GO:0034201	0	0	0	1	0	0
GO:0034204	0	0	0	0	1	0
GO:0034207	0	0	0	1	0	0
GO:0034209	0	0	0	1	0	0
GO:0034212	0	0	1	0	1	0
GO:0034218	0	1	0	0	0	0
GO:0034219	0	0	0	0	1	0
GO:0034220	1	1	1	1	1	1
GO:0034221	0	0	0	0	0	1
GO:0034232	0	1	0	0	0	0
GO:0034243	0	0	1	1	0	0
GO:0034248	1	1	1	1	1	0
GO:0034249	0	0	1	1	1	0
GO:0034250	1	0	0	1	1	0
GO:0034260	0	0	0	1	0	0
GO:0034284	0	0	0	1	0	0
GO:0034293	1	1	1	1	1	0
GO:0034305	1	0	0	0	1	0
GO:0034306	0	0	0	1	0	0
GO:0034307	0	0	0	1	0	0
GO:0034308	1	0	1	1	1	0
GO:0034309	1	0	0	0	0	0
GO:0034310	1	0	1	0	0	0
GO:0034318	0	0	0	1	0	0
GO:0034337	0	0	0	1	1	0
GO:0034394	0	0	0	1	0	0
GO:0034397	0	1	0	1	1	0
GO:0034398	0	0	0	0	1	0
GO:0034399	1	0	0	0	1	0
GO:0034401	0	1	0	0	0	0
GO:0034404	1	0	1	1	0	0
GO:0034406	1	0	1	0	0	0
GO:0034427	0	0	0	0	1	0
GO:0034440	0	0	0	1	0	0
GO:0034450	0	0	0	1	0	0
GO:0034453	0	0	0	0	0	1
GO:0034455	0	0	0	1	1	0
GO:0034470	1	1	1	1	1	0
GO:0034471	0	0	0	1	0	0
GO:0034472	1	0	0	0	0	0
GO:0034473	1	0	0	0	0	0
GO:0034474	1	0	0	0	0	0
GO:0034475	1	0	0	0	0	0
GO:0034476	1	0	0	0	0	0
GO:0034478	1	0	0	0	0	0
GO:0034479	1	0	0	0	0	0
GO:0034485	0	0	1	0	0	0
GO:0034496	0	1	0	0	0	0
GO:0034498	0	0	0	0	1	0
GO:0034501	1	1	1	1	1	1
GO:0034502	1	1	1	1	1	1
GO:0034503	0	1	0	1	0	0
GO:0034504	0	1	0	1	1	0
GO:0034506	0	0	1	1	0	1
GO:0034508	1	0	0	1	0	1
GO:0034517	0	0	0	0	1	0
GO:0034518	0	0	0	1	0	0
GO:0034551	0	0	0	0	1	0
GO:0034593	0	0	1	0	1	0
GO:0034594	0	0	1	0	0	0
GO:0034595	0	0	1	0	1	0
GO:0034596	0	0	1	0	1	0
GO:0034599	1	1	1	1	1	0
GO:0034605	0	0	1	1	1	0
GO:0034613	1	1	1	1	1	1
GO:0034620	0	0	1	0	1	0
GO:0034622	1	1	1	1	1	1
GO:0034629	0	0	1	0	1	0
GO:0034631	0	0	0	0	0	1
GO:0034637	0	1	1	1	1	1
GO:0034641	1	1	1	1	1	1
GO:0034642	0	0	0	1	0	0
GO:0034644	0	1	0	1	1	0
GO:0034645	1	1	1	1	1	1
GO:0034654	1	1	1	1	1	0
GO:0034655	1	0	1	1	1	1
GO:0034660	1	1	1	1	1	0
GO:0034661	0	0	0	0	1	0
GO:0034708	0	1	0	0	1	0
GO:0034723	0	1	0	0	0	0
GO:0034724	0	1	0	0	1	0
GO:0034727	0	1	0	0	1	0
GO:0034728	0	1	1	1	1	0
GO:0034755	0	0	0	0	1	0
GO:0034756	0	0	0	1	0	0
GO:0034758	0	0	0	1	0	0
GO:0034762	0	1	1	1	1	0
GO:0034763	0	1	1	0	1	0
GO:0034764	0	1	0	0	1	0
GO:0034765	0	1	1	1	1	0
GO:0034766	0	1	1	0	1	0
GO:0034767	0	0	0	0	1	0
GO:0034963	1	0	0	0	0	0
GO:0034964	1	0	0	0	0	0
GO:0034967	0	0	0	1	1	0
GO:0034968	0	1	0	0	0	0
GO:0034975	0	0	1	0	1	0
GO:0034976	1	0	1	0	1	0
GO:0035004	1	0	0	0	0	0
GO:0035036	0	0	0	0	1	0
GO:0035065	0	1	0	0	0	0
GO:0035066	0	1	0	0	0	0
GO:0035091	1	0	1	1	1	0
GO:0035097	0	1	0	0	1	0
GO:0035103	0	0	0	0	1	0
GO:0035107	0	0	1	0	0	0
GO:0035108	0	0	1	0	0	0
GO:0035113	0	0	1	0	0	0
GO:0035145	0	0	0	0	0	1
GO:0035148	0	1	0	0	0	0
GO:0035173	0	1	0	1	0	0
GO:0035174	0	1	0	1	0	0
GO:0035175	0	1	0	1	0	0
GO:0035194	1	0	0	0	0	0
GO:0035195	1	0	0	0	0	0
GO:0035196	1	0	0	0	0	0
GO:0035239	0	1	0	0	0	0
GO:0035251	0	0	1	0	0	0
GO:0035254	0	0	0	0	1	0
GO:0035255	0	0	0	0	1	0
GO:0035268	0	1	0	0	1	0
GO:0035269	0	0	0	0	1	0
GO:0035295	0	1	0	0	0	0
GO:0035303	1	0	1	1	1	0
GO:0035304	0	0	1	0	0	0
GO:0035305	0	0	0	1	0	0
GO:0035306	1	0	0	1	0	0
GO:0035312	0	0	0	1	0	0
GO:0035336	0	0	0	0	1	0
GO:0035337	0	0	0	0	1	0
GO:0035338	0	0	0	0	1	0
GO:0035339	0	0	0	0	1	0
GO:0035371	0	0	0	0	1	1
GO:0035383	0	0	0	0	1	0
GO:0035384	0	0	0	0	1	0
GO:0035390	0	0	0	1	0	0
GO:0035391	0	0	1	0	0	0
GO:0035392	0	0	0	0	1	0
GO:0035404	0	1	0	1	0	0
GO:0035429	0	0	0	0	1	0
GO:0035433	0	0	1	0	0	0
GO:0035434	1	0	1	0	1	0
GO:0035437	0	0	1	0	1	0
GO:0035487	0	0	0	0	1	0
GO:0035542	0	0	0	0	1	0
GO:0035556	1	1	1	1	1	0
GO:0035591	0	0	0	1	0	0
GO:0035601	0	0	1	1	1	0
GO:0035613	1	0	0	0	0	0
GO:0035639	1	1	1	1	1	0
GO:0035674	0	0	1	0	0	0
GO:0035690	0	1	1	1	1	0
GO:0035725	0	0	0	1	0	0
GO:0035753	0	0	0	1	0	0
GO:0035770	1	1	1	1	1	0
GO:0035821	0	1	0	0	0	0
GO:0035822	0	0	0	1	0	0
GO:0035825	1	0	1	0	1	0
GO:0035834	1	0	0	0	0	0
GO:0035835	1	0	0	0	0	0
GO:0035836	1	0	0	0	0	0
GO:0035837	1	0	0	0	0	0
GO:0035838	0	0	0	0	1	0
GO:0035839	0	0	0	0	1	0
GO:0035840	0	0	0	0	1	0
GO:0035861	1	0	0	1	1	0
GO:0035947	0	0	0	0	0	1
GO:0035948	0	0	0	0	0	1
GO:0035965	0	0	0	0	1	0
GO:0035966	0	0	1	0	1	0
GO:0035967	0	0	1	0	1	0
GO:0035973	0	0	0	0	1	0
GO:0035974	0	0	0	1	1	0
GO:0036003	0	0	0	1	1	0
GO:0036080	0	0	0	0	0	1
GO:0036086	0	0	0	1	0	0
GO:0036092	0	0	1	0	1	0
GO:0036094	1	1	1	1	1	1
GO:0036099	0	0	0	0	1	0
GO:0036166	0	1	1	0	0	0
GO:0036168	0	0	1	1	0	0
GO:0036170	0	1	1	1	1	0
GO:0036171	0	1	1	1	0	0
GO:0036176	0	1	0	1	0	0
GO:0036177	0	1	1	1	0	0
GO:0036178	0	1	0	1	0	0
GO:0036180	0	0	1	1	0	0
GO:0036211	1	1	1	1	1	1
GO:0036212	0	0	0	1	1	0
GO:0036213	0	0	0	0	1	0
GO:0036214	0	0	0	1	0	0
GO:0036244	0	1	0	1	0	0
GO:0036257	0	1	0	0	0	0
GO:0036267	0	0	0	1	0	0
GO:0036278	0	0	0	1	1	0
GO:0036286	0	0	0	0	1	0
GO:0036293	1	1	0	1	1	0
GO:0036294	1	1	0	1	1	0
GO:0036384	0	0	0	1	0	0
GO:0036387	0	0	0	1	1	0
GO:0036388	0	0	0	1	1	0
GO:0036408	0	0	1	0	0	0
GO:0036449	0	0	0	0	1	0
GO:0036464	1	1	1	1	1	0
GO:0036465	0	0	0	0	1	0
GO:0036477	0	0	0	0	1	0
GO:0036503	1	0	1	0	1	0
GO:0038202	0	0	1	0	0	0
GO:0040001	0	0	0	0	1	0
GO:0040007	0	1	1	1	1	1
GO:0040008	0	1	1	1	0	0
GO:0040011	0	0	0	0	1	0
GO:0040012	0	1	0	0	0	0
GO:0040017	0	1	0	0	0	0
GO:0040020	1	1	0	1	1	0
GO:0040029	1	1	1	1	1	0
GO:0040031	0	0	0	0	1	0
GO:0042026	0	0	0	1	0	0
GO:0042051	0	0	0	0	1	0
GO:0042052	0	0	0	0	1	0
GO:0042054	0	1	0	0	0	0
GO:0042127	0	1	0	0	0	0
GO:0042133	0	0	0	0	1	1
GO:0042134	0	0	0	1	0	0
GO:0042135	0	0	0	0	1	0
GO:0042136	0	0	0	0	0	1
GO:0042138	0	0	0	1	1	0
GO:0042144	0	1	0	0	0	0
GO:0042147	1	0	0	1	1	0
GO:0042149	0	0	0	1	1	0
GO:0042157	1	0	0	0	1	0
GO:0042158	1	0	0	0	1	0
GO:0042162	0	0	1	1	1	0
GO:0042168	0	1	0	0	0	0
GO:0042173	0	0	0	1	0	0
GO:0042174	0	0	0	1	0	0
GO:0042175	1	1	1	1	1	1
GO:0042176	1	0	0	1	1	0
GO:0042177	1	0	0	0	1	0
GO:0042180	0	0	0	0	1	1
GO:0042181	0	0	0	0	1	0
GO:0042182	0	0	0	0	0	1
GO:0042219	0	1	0	0	0	0
GO:0042221	1	1	1	1	1	1
GO:0042244	0	0	0	1	0	0
GO:0042254	1	0	1	1	1	0
GO:0042255	0	0	1	1	1	0
GO:0042262	1	0	0	0	0	0
GO:0042272	1	0	0	1	0	0
GO:0042273	0	0	1	1	1	0
GO:0042274	0	0	0	1	1	0
GO:0042275	1	0	0	0	0	0
GO:0042276	1	0	0	0	0	0
GO:0042277	1	0	0	1	1	1
GO:0042304	0	0	0	0	1	0
GO:0042325	0	1	1	1	1	0
GO:0042326	0	1	0	1	0	0
GO:0042327	0	1	1	1	1	0
GO:0042391	0	1	0	0	0	0
GO:0042393	0	1	1	0	0	0
GO:0042398	0	1	0	0	0	0
GO:0042401	0	0	0	1	0	0
GO:0042430	0	0	0	1	0	0
GO:0042435	0	0	0	1	0	0
GO:0042440	1	1	0	0	1	0
GO:0042441	0	0	0	0	1	0
GO:0042455	1	0	0	0	0	0
GO:0042461	0	0	0	0	1	0
GO:0042462	0	0	0	0	1	0
GO:0042493	0	1	1	1	1	0
GO:0042546	1	1	1	1	1	1
GO:0042558	0	1	0	0	0	0
GO:0042559	0	1	0	0	0	0
GO:0042562	0	0	0	0	1	0
GO:0042578	1	0	1	0	1	0
GO:0042579	1	0	1	1	1	0
GO:0042592	1	1	1	1	1	1
GO:0042593	0	0	0	1	0	0
GO:0042594	0	1	1	1	1	0
GO:0042597	0	0	0	1	0	1
GO:0042623	1	1	0	1	1	1
GO:0042625	0	1	0	1	1	1
GO:0042626	0	1	0	1	1	1
GO:0042641	0	0	0	1	0	0
GO:0042643	0	0	0	1	0	0
GO:0042645	0	0	0	0	1	0
GO:0042710	1	0	1	1	0	0
GO:0042720	0	0	0	1	0	0
GO:0042737	1	1	1	1	0	0
GO:0042742	0	0	0	0	1	0
GO:0042763	1	0	1	1	1	0
GO:0042764	1	0	1	1	1	0
GO:0042765	1	0	0	0	0	0
GO:0042769	0	0	0	0	1	0
GO:0042770	0	1	0	0	1	0
GO:0042773	0	0	0	1	1	0
GO:0042775	0	0	0	1	1	0
GO:0042790	0	0	0	1	0	0
GO:0042800	0	1	0	0	0	0
GO:0042802	0	0	0	0	1	0
GO:0042866	0	0	1	0	0	0
GO:0042873	0	0	0	0	1	0
GO:0042879	0	0	0	0	1	0
GO:0042886	1	1	1	1	1	1
GO:0042887	0	0	0	0	1	0
GO:0042891	0	0	1	0	1	0
GO:0042895	0	0	1	0	1	0
GO:0042908	0	0	0	0	1	0
GO:0042910	0	0	0	0	1	0
GO:0042981	0	1	0	1	1	0
GO:0042995	1	1	1	1	1	1
GO:0043005	0	0	0	0	1	0
GO:0043007	0	0	0	1	1	0
GO:0043009	0	1	0	0	0	0
GO:0043015	0	0	0	0	0	1
GO:0043021	0	0	0	1	1	0
GO:0043022	0	0	0	1	0	0
GO:0043023	0	0	0	0	1	0
GO:0043025	0	0	0	0	1	0
GO:0043043	0	1	0	1	1	1
GO:0043047	0	0	1	0	1	0
GO:0043060	0	1	0	1	0	0
GO:0043065	0	0	0	1	1	0
GO:0043066	0	1	0	0	0	0
GO:0043067	0	1	0	1	1	1
GO:0043068	0	0	0	1	1	1
GO:0043069	0	1	0	0	0	0
GO:0043085	1	0	1	1	1	0
GO:0043086	0	1	1	1	1	0
GO:0043087	1	0	0	1	1	0
GO:0043090	1	0	0	1	0	0
GO:0043094	1	0	0	0	0	0
GO:0043096	1	0	0	0	0	0
GO:0043097	1	0	0	0	0	0
GO:0043100	1	0	0	0	0	0
GO:0043101	1	0	0	0	0	0
GO:0043110	0	0	0	1	1	0
GO:0043111	0	0	0	1	1	0
GO:0043112	0	0	0	1	0	0
GO:0043130	0	0	0	0	1	0
GO:0043137	0	0	0	1	0	0
GO:0043144	1	0	0	0	0	0
GO:0043161	1	0	1	1	1	0
GO:0043162	0	0	0	0	1	0
GO:0043167	1	1	1	1	1	1
GO:0043168	1	1	1	1	1	1
GO:0043169	1	1	1	1	1	1
GO:0043170	1	1	1	1	1	1
GO:0043171	0	0	0	1	0	1
GO:0043174	1	0	0	0	0	0
GO:0043178	0	0	0	0	1	0
GO:0043197	0	0	0	0	1	0
GO:0043200	0	0	0	1	0	0
GO:0043207	0	1	0	0	1	0
GO:0043209	0	0	0	0	1	0
GO:0043226	1	1	1	1	1	1
GO:0043227	1	1	1	1	1	1
GO:0043228	1	1	1	1	1	1
GO:0043229	1	1	1	1	1	1
GO:0043231	1	1	1	1	1	1
GO:0043232	1	1	1	1	1	1
GO:0043233	1	1	1	1	1	1
GO:0043242	0	0	0	0	1	0
GO:0043243	0	0	0	1	1	0
GO:0043244	0	0	0	1	1	0
GO:0043247	0	0	0	1	0	0
GO:0043248	0	0	0	1	0	0
GO:0043254	0	1	1	1	1	0
GO:0043255	0	1	1	0	1	1
GO:0043262	0	0	0	1	0	0
GO:0043269	1	1	1	1	1	1
GO:0043270	0	0	0	1	1	0
GO:0043271	0	1	1	0	1	0
GO:0043291	0	0	0	0	1	0
GO:0043295	1	0	0	0	0	0
GO:0043324	0	0	0	0	1	0
GO:0043328	0	0	0	0	1	0
GO:0043331	1	0	0	0	0	0
GO:0043332	1	0	1	1	1	1
GO:0043385	1	0	0	0	1	0
GO:0043386	1	0	0	0	1	0
GO:0043387	1	0	0	0	0	0
GO:0043393	0	0	0	0	1	0
GO:0043408	0	1	1	1	0	0
GO:0043409	0	0	0	1	0	0
GO:0043410	0	1	1	1	0	0
GO:0043412	1	1	1	1	1	1
GO:0043413	0	1	1	1	1	1
GO:0043414	1	1	0	0	1	1
GO:0043424	0	1	0	0	0	0
GO:0043434	0	1	0	0	0	0
GO:0043436	1	1	1	1	1	1
GO:0043455	1	0	0	0	0	0
GO:0043457	1	0	0	1	0	0
GO:0043458	1	0	0	0	0	0
GO:0043461	0	0	0	1	0	0
GO:0043462	0	0	1	1	0	0
GO:0043467	1	1	1	1	0	0
GO:0043470	0	0	1	1	0	0
GO:0043471	0	0	1	0	0	0
GO:0043473	0	0	0	0	1	0
GO:0043474	0	0	0	0	1	0
GO:0043484	0	0	0	0	1	1
GO:0043487	0	0	0	1	1	0
GO:0043492	0	1	0	1	1	1
GO:0043494	0	0	0	0	1	0
GO:0043495	0	0	0	1	0	0
GO:0043505	0	0	1	0	0	0
GO:0043529	0	0	0	1	0	0
GO:0043543	0	0	1	1	1	0
GO:0043546	0	0	1	0	0	0
GO:0043547	1	0	0	1	1	0
GO:0043549	0	0	1	1	1	0
GO:0043562	0	0	0	1	1	0
GO:0043565	1	1	1	1	1	1
GO:0043570	0	0	0	1	1	0
GO:0043574	0	0	0	1	0	0
GO:0043588	0	0	1	0	0	0
GO:0043596	0	1	1	1	0	1
GO:0043599	0	1	0	0	0	0
GO:0043601	0	1	0	0	0	0
GO:0043603	0	1	0	1	1	1
GO:0043604	0	1	0	1	1	1
GO:0043618	1	1	1	1	1	0
GO:0043619	1	0	1	0	0	0
GO:0043620	1	1	1	1	1	0
GO:0043624	0	0	0	1	1	1
GO:0043628	1	0	0	0	0	0
GO:0043631	1	0	0	0	0	0
GO:0043632	1	0	1	1	1	0
GO:0043633	0	0	0	0	1	0
GO:0043634	0	0	0	0	1	0
GO:0043647	1	0	0	0	0	0
GO:0043648	0	1	0	0	1	0
GO:0043649	0	0	0	0	1	0
GO:0043666	0	0	1	0	0	0
GO:0043687	0	0	0	1	1	1
GO:0043812	0	0	1	0	1	0
GO:0043813	0	0	1	0	1	0
GO:0043891	0	0	1	0	0	0
GO:0043900	1	1	1	1	1	1
GO:0043901	0	1	1	1	0	0
GO:0043902	1	0	1	1	0	1
GO:0043928	0	0	0	0	1	0
GO:0043933	1	1	1	1	1	1
GO:0043934	1	1	1	1	1	0
GO:0043935	1	1	1	1	1	0
GO:0043936	0	1	1	1	0	0
GO:0043937	1	0	0	1	1	0
GO:0043938	0	0	0	0	1	0
GO:0043939	0	0	0	1	0	0
GO:0043940	0	0	0	1	0	0
GO:0043942	0	0	0	1	0	0
GO:0043949	0	0	1	0	0	0
GO:0043951	0	0	1	0	0	0
GO:0043954	0	0	0	1	1	0
GO:0043966	0	0	1	0	0	0
GO:0043970	0	0	1	0	0	0
GO:0043987	0	1	0	1	0	0
GO:0043992	0	0	1	0	0	0
GO:0044003	0	1	0	0	0	0
GO:0044010	1	0	1	1	0	0
GO:0044011	1	0	1	1	0	0
GO:0044036	1	1	1	1	1	1
GO:0044038	0	0	1	1	1	1
GO:0044042	1	0	1	1	1	1
GO:0044070	1	1	1	1	1	1
GO:0044085	1	1	1	1	1	1
GO:0044087	1	1	1	1	1	0
GO:0044089	0	1	0	1	1	0
GO:0044091	0	0	0	1	1	0
GO:0044092	0	1	1	1	1	0
GO:0044093	1	0	1	1	1	0
GO:0044106	0	0	0	1	0	0
GO:0044107	1	1	0	1	1	0
GO:0044108	1	1	0	1	1	0
GO:0044111	0	0	1	1	0	0
GO:0044114	0	0	1	1	0	0
GO:0044115	0	0	1	1	0	0
GO:0044154	0	0	1	0	0	0
GO:0044182	0	1	1	1	1	0
GO:0044183	0	0	0	0	1	0
GO:0044212	1	1	0	1	1	1
GO:0044232	1	0	1	0	1	1
GO:0044233	1	0	0	0	1	1
GO:0044237	1	1	1	1	1	1
GO:0044238	1	1	1	1	1	1
GO:0044242	1	1	0	1	0	0
GO:0044247	1	1	0	0	0	0
GO:0044248	1	1	1	1	1	1
GO:0044249	1	1	1	1	1	1
GO:0044255	1	1	1	1	1	0
GO:0044257	1	0	1	1	1	0
GO:0044260	1	1	1	1	1	1
GO:0044262	1	1	1	1	1	1
GO:0044264	1	1	1	1	1	1
GO:0044265	1	0	1	1	1	1
GO:0044267	1	1	1	1	1	1
GO:0044270	1	0	1	1	1	1
GO:0044271	1	1	1	1	1	1
GO:0044272	1	0	0	0	1	1
GO:0044275	1	1	0	0	0	0
GO:0044277	1	1	0	0	0	1
GO:0044281	1	1	1	1	1	1
GO:0044282	1	0	1	1	1	1
GO:0044283	1	1	1	1	1	1
GO:0044297	0	0	0	0	1	0
GO:0044309	0	0	0	0	1	0
GO:0044322	0	0	0	0	1	0
GO:0044374	0	0	0	1	1	0
GO:0044377	0	0	0	1	0	0
GO:0044380	0	0	0	0	1	0
GO:0044389	0	0	0	1	0	0
GO:0044391	0	0	0	1	1	1
GO:0044396	0	0	0	0	1	0
GO:0044403	0	1	1	1	0	0
GO:0044406	0	0	0	1	0	0
GO:0044409	0	1	0	0	0	0
GO:0044416	0	1	0	0	0	0
GO:0044419	0	1	1	1	0	0
GO:0044420	0	0	1	0	0	0
GO:0044421	1	0	1	1	1	0
GO:0044422	1	1	1	1	1	1
GO:0044424	1	1	1	1	1	1
GO:0044425	1	1	1	1	1	1
GO:0044426	0	0	0	1	0	0
GO:0044427	1	1	1	1	1	1
GO:0044428	1	1	1	1	1	1
GO:0044429	1	1	1	1	1	1
GO:0044430	1	1	1	1	1	1
GO:0044431	1	1	1	1	1	1
GO:0044432	1	1	1	1	1	1
GO:0044433	0	0	0	1	1	0
GO:0044434	0	0	1	0	1	0
GO:0044435	0	0	1	0	1	0
GO:0044437	0	1	1	1	1	1
GO:0044438	1	0	0	1	0	0
GO:0044439	1	0	0	1	0	0
GO:0044440	0	0	0	0	1	0
GO:0044444	1	1	1	1	1	1
GO:0044445	0	0	0	1	1	0
GO:0044446	1	1	1	1	1	1
GO:0044448	1	1	1	1	1	0
GO:0044450	0	0	1	1	0	1
GO:0044451	1	1	1	1	1	1
GO:0044452	0	1	1	1	1	0
GO:0044454	1	1	1	1	1	1
GO:0044455	1	1	0	1	1	1
GO:0044456	0	0	0	0	1	0
GO:0044459	1	1	1	1	1	1
GO:0044462	0	0	0	1	0	0
GO:0044463	1	1	1	1	1	1
GO:0044464	1	1	1	1	1	1
GO:0044550	1	0	0	0	1	0
GO:0044571	0	1	0	0	0	0
GO:0044572	0	0	0	0	1	1
GO:0044613	0	0	0	0	1	0
GO:0044615	0	0	0	0	1	0
GO:0044654	1	0	0	0	0	0
GO:0044703	1	1	1	1	1	1
GO:0044718	0	0	1	0	0	0
GO:0044732	0	1	1	1	1	1
GO:0044743	0	0	0	1	0	0
GO:0044764	1	0	1	1	1	1
GO:0044770	0	0	1	1	1	0
GO:0044772	0	0	1	1	1	0
GO:0044773	0	1	0	1	1	0
GO:0044774	0	1	0	1	1	0
GO:0044778	0	1	0	0	0	0
GO:0044779	0	1	0	1	0	0
GO:0044782	0	0	0	1	0	0
GO:0044786	1	1	0	1	1	1
GO:0044798	0	0	0	1	1	0
GO:0044804	0	1	0	0	1	0
GO:0044815	0	0	1	0	0	0
GO:0044818	0	1	0	0	1	0
GO:0044837	0	0	0	1	1	0
GO:0044839	0	0	0	1	1	0
GO:0044843	0	0	1	1	0	0
GO:0044845	0	0	0	0	1	0
GO:0044877	1	0	1	1	1	0
GO:0044878	0	0	0	0	1	0
GO:0045002	0	0	0	1	0	0
GO:0045003	0	0	0	1	0	0
GO:0045005	1	0	1	1	1	0
GO:0045010	0	0	0	0	1	0
GO:0045013	0	0	0	0	0	1
GO:0045017	1	0	1	0	1	0
GO:0045026	0	0	0	1	0	0
GO:0045027	0	0	0	0	1	0
GO:0045033	0	0	0	1	0	0
GO:0045040	0	0	0	1	0	0
GO:0045047	0	0	0	1	1	0
GO:0045048	0	0	0	1	0	0
GO:0045053	0	0	0	0	1	1
GO:0045087	0	0	0	0	1	0
GO:0045116	0	0	1	0	0	0
GO:0045117	0	0	0	0	1	0
GO:0045121	0	0	0	0	1	0
GO:0045132	1	1	1	1	1	0
GO:0045134	0	0	0	1	0	0
GO:0045141	0	0	0	0	1	0
GO:0045143	1	1	1	1	1	0
GO:0045144	1	1	0	1	0	0
GO:0045145	0	0	0	1	0	0
GO:0045160	0	0	0	0	1	0
GO:0045165	1	0	0	1	1	0
GO:0045182	1	0	0	0	1	0
GO:0045184	1	1	1	1	1	1
GO:0045185	0	1	1	1	1	1
GO:0045202	0	0	0	0	1	0
GO:0045229	1	1	1	1	1	1
GO:0045292	0	0	0	0	1	1
GO:0045324	0	0	0	0	1	0
GO:0045332	0	0	0	0	1	0
GO:0045333	0	1	0	1	1	0
GO:0045337	0	0	0	0	1	0
GO:0045338	0	0	0	0	1	0
GO:0045428	0	0	0	0	0	1
GO:0045429	0	0	0	0	0	1
GO:0045444	0	1	0	0	0	0
GO:0045454	0	0	1	0	0	0
GO:0045460	1	0	0	0	0	0
GO:0045461	1	0	0	0	0	0
GO:0045574	1	0	0	0	0	0
GO:0045595	1	0	0	1	1	0
GO:0045596	0	0	0	1	0	0
GO:0045597	0	0	0	0	1	0
GO:0045722	0	0	0	0	0	1
GO:0045723	0	0	0	0	1	0
GO:0045725	0	1	0	0	0	0
GO:0045727	1	0	0	1	1	0
GO:0045732	0	0	0	1	1	0
GO:0045733	1	0	0	0	0	0
GO:0045736	0	0	0	1	0	0
GO:0045738	1	0	0	0	0	0
GO:0045740	0	0	0	1	0	0
GO:0045744	1	0	1	0	0	0
GO:0045785	0	0	1	1	0	0
GO:0045786	0	1	1	1	1	0
GO:0045787	0	1	1	1	1	0
GO:0045807	0	0	0	0	1	0
GO:0045814	0	1	1	1	1	0
GO:0045815	0	0	1	1	1	0
GO:0045833	1	0	0	0	1	0
GO:0045834	1	1	0	1	1	0
GO:0045835	0	1	0	1	0	0
GO:0045836	0	0	0	1	1	0
GO:0045838	0	1	0	0	0	0
GO:0045839	0	1	1	1	1	0
GO:0045840	0	1	1	1	0	0
GO:0045841	0	1	1	1	1	0
GO:0045842	0	0	1	0	0	0
GO:0045848	0	0	0	1	0	0
GO:0045859	0	0	1	1	1	0
GO:0045860	0	0	0	1	1	0
GO:0045861	1	1	0	0	0	0
GO:0045862	0	0	0	0	1	0
GO:0045876	0	0	0	1	0	0
GO:0045892	1	1	1	1	1	1
GO:0045893	1	1	1	1	1	1
GO:0045895	0	0	0	1	0	0
GO:0045905	0	0	0	0	1	0
GO:0045910	0	0	0	0	1	0
GO:0045913	0	1	0	0	0	1
GO:0045923	0	1	0	1	1	0
GO:0045926	0	0	1	1	0	0
GO:0045927	0	1	1	1	0	0
GO:0045930	0	1	1	1	1	0
GO:0045931	0	1	1	1	1	0
GO:0045934	1	1	1	1	1	1
GO:0045935	1	1	1	1	1	1
GO:0045936	1	1	0	1	0	0
GO:0045937	1	1	1	1	1	0
GO:0045939	0	0	0	0	1	0
GO:0045943	0	0	1	1	0	0
GO:0045944	1	1	1	1	1	1
GO:0045945	0	0	1	0	0	0
GO:0045948	0	0	0	0	1	0
GO:0045950	0	0	0	0	1	0
GO:0045990	1	0	0	1	0	1
GO:0045991	1	0	0	1	0	1
GO:0045996	0	1	0	0	0	0
GO:0046019	0	1	0	1	0	0
GO:0046020	0	1	0	0	0	0
GO:0046030	0	0	1	0	0	0
GO:0046031	1	0	1	1	1	0
GO:0046034	1	0	1	1	1	0
GO:0046049	1	0	0	0	0	0
GO:0046098	1	0	0	0	0	0
GO:0046099	1	0	0	0	0	0
GO:0046107	1	0	0	0	0	0
GO:0046112	1	0	0	1	0	0
GO:0046113	0	0	0	1	0	0
GO:0046131	1	0	0	0	0	0
GO:0046132	1	0	0	0	0	0
GO:0046134	1	0	0	0	0	0
GO:0046148	1	1	0	0	1	0
GO:0046154	0	0	0	0	1	0
GO:0046160	0	1	0	0	0	0
GO:0046164	1	0	1	0	0	0
GO:0046165	1	1	0	1	1	0
GO:0046173	1	0	0	0	0	0
GO:0046185	1	0	0	0	0	1
GO:0046187	1	0	0	0	0	0
GO:0046209	0	0	0	0	0	1
GO:0046219	0	0	0	1	0	0
GO:0046320	0	1	0	1	0	0
GO:0046321	0	1	0	1	0	0
GO:0046323	0	0	0	0	1	0
GO:0046324	0	1	0	0	0	0
GO:0046326	0	1	0	0	0	0
GO:0046348	0	1	0	1	0	0
GO:0046349	0	0	0	0	1	1
GO:0046351	0	0	0	0	1	0
GO:0046352	1	0	0	0	0	0
GO:0046354	0	1	0	0	0	0
GO:0046364	0	0	1	0	0	0
GO:0046365	0	0	1	0	0	0
GO:0046373	0	0	0	0	0	1
GO:0046390	1	0	1	0	1	0
GO:0046394	1	1	1	1	0	1
GO:0046395	1	0	0	1	1	1
GO:0046421	1	0	0	0	0	0
GO:0046434	1	1	1	0	0	0
GO:0046447	1	0	0	0	0	0
GO:0046459	1	0	0	0	0	0
GO:0046461	0	1	0	0	0	0
GO:0046467	1	0	0	0	0	0
GO:0046471	1	0	0	1	1	0
GO:0046474	1	0	1	0	1	0
GO:0046475	1	1	0	0	0	0
GO:0046483	1	1	1	1	1	1
GO:0046486	1	1	1	1	1	0
GO:0046487	1	0	0	0	0	0
GO:0046488	1	0	1	0	1	0
GO:0046495	0	0	0	1	0	0
GO:0046496	1	0	1	1	1	0
GO:0046503	1	1	0	0	0	0
GO:0046527	1	0	1	0	0	0
GO:0046530	0	0	0	0	1	0
GO:0046547	1	0	1	0	0	0
GO:0046556	0	0	0	0	0	1
GO:0046557	1	0	0	0	0	0
GO:0046578	1	1	0	1	0	0
GO:0046579	1	0	0	1	0	0
GO:0046580	0	1	0	1	0	0
GO:0046618	0	0	0	1	1	0
GO:0046658	0	0	1	1	0	0
GO:0046677	1	0	0	0	0	0
GO:0046688	0	1	0	0	0	0
GO:0046695	0	0	1	0	0	0
GO:0046700	1	0	1	1	1	1
GO:0046716	0	0	0	0	1	0
GO:0046785	0	0	1	0	1	1
GO:0046822	0	1	0	1	1	0
GO:0046823	0	1	0	0	0	0
GO:0046825	0	1	0	1	1	0
GO:0046826	0	1	0	0	0	0
GO:0046831	0	0	0	1	1	0
GO:0046834	1	0	0	0	0	0
GO:0046835	0	0	0	1	0	0
GO:0046839	0	0	1	0	1	0
GO:0046854	1	0	0	0	0	0
GO:0046856	0	0	1	0	1	0
GO:0046872	1	1	1	1	1	1
GO:0046873	1	1	1	1	1	1
GO:0046889	1	0	0	0	1	0
GO:0046890	1	0	1	0	1	0
GO:0046900	0	1	0	0	0	0
GO:0046901	0	1	0	0	0	0
GO:0046903	1	0	0	1	1	0
GO:0046906	0	0	1	0	0	0
GO:0046907	1	1	1	1	1	1
GO:0046914	1	1	1	1	1	1
GO:0046915	1	0	1	0	1	0
GO:0046916	1	1	1	1	1	0
GO:0046931	0	0	0	1	0	0
GO:0046939	0	0	1	0	0	0
GO:0046940	0	0	0	1	1	0
GO:0046942	1	0	1	1	1	0
GO:0046943	1	0	1	0	1	0
GO:0046949	0	0	0	0	1	0
GO:0046999	1	1	1	1	1	1
GO:0047134	0	0	1	0	0	0
GO:0047372	0	0	0	0	0	1
GO:0047429	0	0	0	1	1	0
GO:0047484	0	0	1	0	0	0
GO:0047617	0	0	0	0	1	0
GO:0047621	0	0	0	0	0	1
GO:0047623	1	0	0	0	0	0
GO:0047935	0	0	0	0	1	0
GO:0047936	0	0	0	0	1	0
GO:0048002	0	0	0	0	1	0
GO:0048017	0	0	1	0	0	0
GO:0048024	0	0	0	0	1	1
GO:0048025	0	0	0	0	1	0
GO:0048029	0	0	1	0	0	0
GO:0048037	1	1	1	1	1	1
GO:0048038	1	0	1	0	0	0
GO:0048066	0	0	0	0	1	0
GO:0048069	0	0	0	0	1	0
GO:0048134	0	0	0	0	1	0
GO:0048135	0	0	0	0	1	0
GO:0048138	0	0	0	0	1	0
GO:0048140	0	0	0	0	1	0
GO:0048142	0	0	0	0	1	0
GO:0048188	0	1	0	0	0	0
GO:0048189	0	0	0	0	1	0
GO:0048193	1	0	0	1	1	1
GO:0048229	0	0	1	0	0	0
GO:0048232	0	0	0	0	1	0
GO:0048239	0	0	0	0	1	0
GO:0048256	0	0	0	1	0	0
GO:0048259	0	0	0	0	1	0
GO:0048260	0	0	0	0	1	0
GO:0048278	0	0	0	1	1	0
GO:0048279	0	0	0	1	0	0
GO:0048284	1	1	0	1	0	0
GO:0048285	1	1	1	1	1	1
GO:0048308	1	0	0	1	0	1
GO:0048310	1	0	0	0	0	0
GO:0048311	1	0	0	1	0	1
GO:0048315	1	0	0	0	1	0
GO:0048316	0	0	0	0	1	0
GO:0048468	1	1	1	1	1	0
GO:0048471	0	0	0	1	1	0
GO:0048477	0	0	0	0	1	0
GO:0048488	0	0	0	0	1	0
GO:0048513	0	1	1	0	1	0
GO:0048518	1	1	1	1	1	1
GO:0048519	1	1	1	1	1	1
GO:0048522	1	1	1	1	1	1
GO:0048523	1	1	1	1	1	1
GO:0048545	0	0	0	0	1	0
GO:0048583	1	1	1	1	1	1
GO:0048584	1	1	1	1	1	1
GO:0048585	1	1	1	1	1	0
GO:0048592	0	0	0	0	1	0
GO:0048598	0	1	1	0	0	0
GO:0048608	1	0	0	0	1	0
GO:0048609	0	1	0	0	1	0
GO:0048638	0	0	1	0	0	0
GO:0048646	1	1	1	1	1	0
GO:0048666	0	0	0	0	1	0
GO:0048699	0	0	0	0	1	0
GO:0048706	0	1	0	0	0	0
GO:0048729	0	1	1	0	1	0
GO:0048731	1	1	1	0	1	0
GO:0048732	0	1	0	0	0	0
GO:0048736	0	0	1	0	0	0
GO:0048749	0	0	0	0	1	0
GO:0048856	1	1	1	1	1	0
GO:0048869	1	1	1	1	1	0
GO:0048870	0	0	0	0	1	0
GO:0048871	0	0	0	0	1	0
GO:0048878	1	1	1	1	1	1
GO:0050000	1	1	1	1	1	1
GO:0050136	0	0	0	1	1	0
GO:0050145	0	0	0	1	1	0
GO:0050265	0	0	0	0	1	0
GO:0050311	1	0	0	0	0	0
GO:0050451	0	0	0	0	1	0
GO:0050657	1	1	1	1	1	0
GO:0050658	1	1	1	1	1	0
GO:0050660	0	0	0	1	1	1
GO:0050661	0	0	0	0	0	1
GO:0050662	0	0	1	1	1	1
GO:0050664	0	0	0	1	0	0
GO:0050667	0	0	0	0	0	1
GO:0050678	0	1	0	0	0	0
GO:0050684	0	0	0	0	1	1
GO:0050686	0	0	0	0	1	0
GO:0050730	0	1	0	0	0	0
GO:0050732	0	1	0	0	0	0
GO:0050789	1	1	1	1	1	1
GO:0050790	1	1	1	1	1	0
GO:0050793	1	1	1	1	1	1
GO:0050794	1	1	1	1	1	1
GO:0050801	1	1	1	1	1	1
GO:0050810	0	0	0	0	1	0
GO:0050821	1	0	0	0	1	0
GO:0050832	0	0	0	0	1	0
GO:0050839	0	0	0	1	0	0
GO:0050896	1	1	1	1	1	1
GO:0050920	0	1	0	0	0	0
GO:0050921	0	1	0	0	0	0
GO:0050994	0	1	0	1	0	0
GO:0050996	0	1	0	1	0	0
GO:0051010	0	0	1	0	0	1
GO:0051015	1	0	0	1	0	0
GO:0051016	0	0	0	0	1	0
GO:0051017	1	0	0	0	1	0
GO:0051020	1	0	0	1	1	0
GO:0051028	1	1	0	1	1	0
GO:0051031	0	0	0	1	1	0
GO:0051036	0	0	0	0	1	0
GO:0051037	0	0	0	0	1	0
GO:0051038	0	0	0	0	1	0
GO:0051049	1	1	1	1	1	1
GO:0051050	0	1	0	1	1	0
GO:0051051	0	1	1	0	1	0
GO:0051052	1	1	1	1	1	0
GO:0051053	1	0	1	1	1	0
GO:0051054	0	0	0	1	1	0
GO:0051055	1	0	0	0	1	0
GO:0051056	1	1	0	1	0	0
GO:0051057	1	0	0	1	0	0
GO:0051058	0	1	0	1	0	0
GO:0051082	0	0	1	1	1	0
GO:0051084	0	0	1	0	0	0
GO:0051085	0	0	1	0	0	0
GO:0051093	0	0	0	1	0	0
GO:0051094	0	1	0	0	1	0
GO:0051098	0	0	0	0	1	0
GO:0051100	0	0	0	0	1	0
GO:0051119	0	0	0	0	1	0
GO:0051123	0	0	0	1	1	0
GO:0051128	1	1	1	1	1	1
GO:0051129	0	1	1	1	1	0
GO:0051130	0	1	1	1	1	0
GO:0051131	0	0	0	1	1	0
GO:0051156	0	0	0	0	1	0
GO:0051168	1	1	1	1	1	0
GO:0051169	1	1	1	1	1	0
GO:0051170	0	0	0	0	1	0
GO:0051171	1	1	1	1	1	1
GO:0051172	1	1	1	1	1	1
GO:0051173	1	1	1	1	1	1
GO:0051174	1	1	1	1	1	0
GO:0051177	0	0	0	1	0	0
GO:0051179	1	1	1	1	1	1
GO:0051181	0	0	1	0	0	0
GO:0051184	0	0	1	0	0	0
GO:0051186	1	1	1	1	1	1
GO:0051188	0	1	1	0	1	0
GO:0051193	0	0	0	1	1	0
GO:0051196	0	0	0	1	1	0
GO:0051204	0	0	0	1	1	0
GO:0051205	0	0	0	1	1	0
GO:0051208	0	0	0	1	0	0
GO:0051213	0	0	0	0	1	0
GO:0051222	0	1	0	0	0	0
GO:0051223	0	1	0	1	1	0
GO:0051224	0	1	0	0	0	0
GO:0051225	0	1	0	1	1	1
GO:0051228	0	1	0	1	0	0
GO:0051229	0	0	0	0	1	0
GO:0051230	0	1	0	1	1	0
GO:0051231	0	0	0	0	1	0
GO:0051233	0	1	0	1	1	0
GO:0051234	1	1	1	1	1	1
GO:0051235	1	1	1	1	1	1
GO:0051236	1	1	1	1	1	0
GO:0051238	0	0	0	0	1	0
GO:0051239	0	1	0	0	0	0
GO:0051240	0	1	0	0	0	0
GO:0051246	1	1	1	1	1	0
GO:0051247	1	1	1	1	1	0
GO:0051248	1	1	1	1	1	0
GO:0051252	1	1	1	1	1	1
GO:0051253	1	1	1	1	1	1
GO:0051254	1	1	1	1	1	1
GO:0051255	0	0	0	0	1	0
GO:0051256	0	0	0	0	1	0
GO:0051258	1	0	1	0	1	1
GO:0051261	0	0	0	1	1	1
GO:0051270	0	1	0	0	0	0
GO:0051272	0	1	0	0	0	0
GO:0051273	1	0	1	1	1	0
GO:0051274	0	0	1	1	1	0
GO:0051276	1	1	1	1	1	1
GO:0051278	0	0	1	0	1	1
GO:0051285	0	0	1	0	1	0
GO:0051286	1	1	1	1	1	1
GO:0051287	0	0	0	0	1	0
GO:0051292	0	0	0	1	0	0
GO:0051293	0	0	0	1	1	0
GO:0051300	0	0	1	1	1	0
GO:0051301	0	1	0	1	1	0
GO:0051302	0	1	0	1	1	0
GO:0051303	1	1	1	1	1	1
GO:0051304	0	0	0	1	0	0
GO:0051305	0	0	0	0	1	0
GO:0051307	0	0	0	1	0	0
GO:0051310	1	1	1	1	1	1
GO:0051311	0	1	0	1	0	0
GO:0051315	1	0	1	1	1	1
GO:0051316	1	1	1	1	0	0
GO:0051321	1	1	1	1	1	1
GO:0051336	1	1	1	1	1	0
GO:0051338	0	0	1	1	1	0
GO:0051341	0	0	0	1	1	0
GO:0051345	1	0	1	1	1	0
GO:0051346	0	1	0	1	0	0
GO:0051347	0	0	0	1	1	0
GO:0051348	0	0	1	1	0	0
GO:0051354	0	0	0	0	1	0
GO:0051382	1	0	0	0	0	1
GO:0051383	1	0	0	1	0	1
GO:0051409	0	0	0	0	1	0
GO:0051410	0	0	0	0	1	0
GO:0051415	0	0	0	0	1	1
GO:0051418	0	0	0	0	1	1
GO:0051445	1	1	0	1	1	0
GO:0051446	0	0	0	1	1	0
GO:0051447	0	1	0	1	0	0
GO:0051453	0	0	0	0	1	0
GO:0051455	1	0	1	1	0	0
GO:0051457	0	1	0	1	0	0
GO:0051493	0	1	1	1	1	0
GO:0051494	0	0	0	0	1	0
GO:0051495	0	0	0	1	1	0
GO:0051503	0	0	0	1	0	0
GO:0051536	0	1	0	0	1	0
GO:0051537	0	1	0	0	0	0
GO:0051539	0	0	0	0	1	0
GO:0051540	0	1	0	0	1	0
GO:0051560	0	0	0	0	1	0
GO:0051561	0	0	0	0	1	0
GO:0051568	0	1	0	0	0	0
GO:0051569	0	0	0	0	1	0
GO:0051572	0	0	0	0	1	0
GO:0051592	0	0	0	0	1	0
GO:0051596	0	0	0	0	0	1
GO:0051597	0	0	0	1	0	0
GO:0051598	0	0	0	1	0	0
GO:0051603	1	0	1	1	1	0
GO:0051604	0	1	0	1	1	1
GO:0051606	0	0	0	0	1	0
GO:0051640	1	1	1	1	1	1
GO:0051641	1	1	1	1	1	1
GO:0051643	1	0	0	0	1	0
GO:0051646	1	0	0	1	0	1
GO:0051647	0	0	0	0	1	1
GO:0051649	1	1	1	1	1	1
GO:0051651	1	1	1	1	1	1
GO:0051653	0	0	0	1	1	0
GO:0051654	0	0	0	1	0	0
GO:0051656	1	1	1	1	1	1
GO:0051657	1	0	0	0	0	0
GO:0051664	0	0	0	0	1	0
GO:0051668	0	0	0	0	1	0
GO:0051674	0	0	0	0	1	0
GO:0051685	1	0	0	0	0	0
GO:0051693	0	0	0	0	1	0
GO:0051701	0	1	0	0	0	0
GO:0051703	1	0	1	1	0	0
GO:0051704	1	1	1	1	1	1
GO:0051707	0	1	0	0	1	0
GO:0051716	1	1	1	1	1	1
GO:0051726	1	1	1	1	1	0
GO:0051748	0	0	0	0	1	0
GO:0051757	0	0	0	1	0	0
GO:0051765	1	0	0	0	0	0
GO:0051766	1	0	0	0	0	0
GO:0051781	0	1	0	1	1	0
GO:0051782	0	1	0	1	0	0
GO:0051783	1	1	1	1	1	0
GO:0051784	0	1	1	1	1	0
GO:0051785	0	1	1	1	1	0
GO:0051787	0	0	1	1	0	0
GO:0051788	0	0	1	0	0	0
GO:0051817	0	1	0	0	0	0
GO:0051828	0	1	0	0	0	0
GO:0051864	0	0	0	0	1	0
GO:0051865	0	0	0	0	1	0
GO:0051880	0	0	0	1	0	0
GO:0051881	0	1	0	0	0	0
GO:0051908	0	0	0	1	0	0
GO:0051924	0	0	0	0	1	0
GO:0051952	0	0	1	0	1	0
GO:0051953	0	0	1	0	1	0
GO:0051954	0	0	0	0	1	0
GO:0051955	0	0	1	0	1	0
GO:0051956	0	0	1	0	1	0
GO:0051957	0	0	0	0	1	0
GO:0051972	0	0	1	0	0	0
GO:0051974	0	0	1	0	0	0
GO:0051983	1	1	1	1	1	0
GO:0051984	0	1	1	1	0	0
GO:0051985	0	1	1	1	1	0
GO:0051998	0	0	0	0	0	1
GO:0052031	0	1	0	0	0	0
GO:0052173	0	1	0	0	0	0
GO:0052200	0	1	0	0	0	0
GO:0052251	0	1	0	0	0	0
GO:0052255	0	1	0	0	0	0
GO:0052509	0	1	0	0	0	0
GO:0052510	0	1	0	0	0	0
GO:0052547	0	1	0	0	0	0
GO:0052548	0	1	0	0	0	0
GO:0052658	0	0	1	0	0	0
GO:0052659	0	0	1	0	0	0
GO:0052689	0	1	0	0	0	1
GO:0052735	1	0	0	0	0	0
GO:0052743	0	0	1	0	0	0
GO:0052744	0	0	1	0	1	0
GO:0052745	0	0	1	0	0	0
GO:0052803	0	1	0	0	0	0
GO:0052827	0	0	1	0	0	0
GO:0052866	0	0	1	0	1	0
GO:0055028	0	0	0	0	1	0
GO:0055029	0	0	0	1	0	0
GO:0055044	0	0	1	0	1	0
GO:0055065	1	1	1	1	1	1
GO:0055067	0	0	0	0	1	0
GO:0055070	1	0	1	0	0	0
GO:0055071	0	1	0	0	1	0
GO:0055072	0	1	1	1	1	0
GO:0055074	0	1	0	1	1	1
GO:0055076	1	1	1	1	1	0
GO:0055080	1	1	1	1	1	1
GO:0055082	1	1	1	1	1	1
GO:0055085	1	1	1	1	1	1
GO:0055086	1	1	1	1	1	0
GO:0055088	0	1	0	1	1	0
GO:0055092	0	1	0	0	1	0
GO:0055114	1	1	1	1	1	1
GO:0060021	0	0	1	0	0	0
GO:0060089	0	1	0	0	0	0
GO:0060090	1	0	1	1	1	1
GO:0060173	0	0	1	0	0	0
GO:0060211	0	1	0	0	0	0
GO:0060236	0	1	0	1	1	0
GO:0060237	1	1	0	0	0	1
GO:0060238	1	0	0	1	0	0
GO:0060240	1	0	0	0	0	0
GO:0060249	0	1	1	1	1	0
GO:0060255	1	1	1	1	1	1
GO:0060258	0	0	1	1	0	0
GO:0060271	0	0	0	1	0	0
GO:0060274	0	0	0	0	1	0
GO:0060275	0	0	0	0	1	0
GO:0060284	1	0	0	1	1	0
GO:0060304	0	0	0	0	1	0
GO:0060341	1	1	0	1	1	0
GO:0060429	0	1	1	0	1	0
GO:0060491	0	0	0	1	1	0
GO:0060548	0	1	0	0	0	0
GO:0060562	0	1	0	0	0	0
GO:0060589	1	0	1	1	1	0
GO:0060590	0	0	1	1	0	0
GO:0060606	0	1	0	0	0	0
GO:0060623	0	1	0	1	0	0
GO:0060627	1	1	0	0	1	0
GO:0060629	1	0	0	0	0	0
GO:0060631	1	0	0	0	1	0
GO:0060644	0	1	0	0	0	0
GO:0060962	0	0	1	1	1	0
GO:0060963	0	0	1	1	0	0
GO:0060968	0	0	1	1	1	0
GO:0060969	0	0	1	1	1	0
GO:0060993	0	0	1	0	0	0
GO:0061013	0	1	0	0	0	0
GO:0061024	1	1	1	1	1	1
GO:0061025	1	1	0	1	0	0
GO:0061077	0	0	1	0	1	0
GO:0061091	1	0	0	0	0	1
GO:0061134	0	1	0	0	0	0
GO:0061135	0	1	0	0	0	0
GO:0061136	1	0	0	0	1	0
GO:0061163	0	0	0	1	1	0
GO:0061164	0	0	0	0	1	0
GO:0061180	0	1	0	0	0	0
GO:0061186	0	0	0	0	1	0
GO:0061187	0	0	0	0	1	0
GO:0061188	0	0	0	0	1	0
GO:0061408	0	0	0	0	1	0
GO:0061413	0	0	0	1	0	1
GO:0061414	0	0	0	1	0	1
GO:0061415	0	0	0	0	0	1
GO:0061418	1	0	0	1	0	0
GO:0061420	0	0	0	1	0	0
GO:0061421	0	0	0	1	0	0
GO:0061428	1	0	0	1	0	0
GO:0061429	0	0	0	1	0	0
GO:0061458	1	0	0	0	1	0
GO:0061496	0	0	1	1	0	1
GO:0061497	0	0	0	0	0	1
GO:0061499	0	0	0	1	0	0
GO:0061572	1	0	0	0	1	0
GO:0061574	0	0	0	0	1	0
GO:0061587	0	0	0	0	1	0
GO:0061615	0	0	1	0	0	0
GO:0061618	0	0	1	0	0	0
GO:0061620	0	0	1	0	0	0
GO:0061621	0	0	1	0	0	0
GO:0061630	1	0	0	1	1	0
GO:0061638	0	0	1	0	0	0
GO:0061640	0	1	0	1	1	0
GO:0061641	0	0	0	0	0	1
GO:0061645	1	0	1	1	1	0
GO:0061647	0	0	1	0	0	0
GO:0061650	0	0	0	0	1	0
GO:0061651	0	0	0	0	1	0
GO:0061659	1	0	0	1	1	0
GO:0061668	0	0	0	1	1	0
GO:0061695	0	0	1	1	0	0
GO:0061709	0	0	0	0	1	0
GO:0061718	0	0	1	0	0	0
GO:0061726	0	0	0	1	1	0
GO:0061727	0	0	0	0	0	1
GO:0061733	0	0	1	0	0	0
GO:0061794	1	0	0	0	1	0
GO:0061804	0	0	0	0	1	0
GO:0061805	0	0	0	0	1	0
GO:0061817	0	0	0	0	1	0
GO:0061863	0	0	0	0	0	1
GO:0061912	0	0	0	0	1	0
GO:0061919	1	1	1	1	1	0
GO:0061951	0	0	0	1	1	0
GO:0061957	0	0	0	1	0	1
GO:0061982	1	1	1	1	1	0
GO:0061983	1	1	0	1	1	0
GO:0061984	0	0	0	0	0	1
GO:0061985	0	0	0	0	0	1
GO:0062012	1	1	1	1	1	1
GO:0062013	0	1	0	1	1	1
GO:0062014	0	0	0	0	1	0
GO:0062023	0	0	1	0	0	0
GO:0062033	0	1	1	1	0	0
GO:0062039	1	0	0	1	1	0
GO:0062040	1	0	0	1	1	0
GO:0065002	0	1	0	1	1	0
GO:0065003	1	1	1	1	1	1
GO:0065004	1	1	1	1	1	1
GO:0065007	1	1	1	1	1	1
GO:0065008	1	1	1	1	1	1
GO:0065009	1	1	1	1	1	0
GO:0070001	1	0	1	1	0	0
GO:0070006	0	0	0	1	0	1
GO:0070011	1	0	1	1	1	1
GO:0070013	1	1	1	1	1	1
GO:0070034	0	0	0	1	1	0
GO:0070035	1	0	0	1	1	0
GO:0070057	0	0	0	0	1	0
GO:0070070	0	0	0	0	1	0
GO:0070071	0	0	0	1	1	0
GO:0070072	0	0	0	0	1	0
GO:0070076	0	0	0	0	1	0
GO:0070085	1	1	1	1	1	1
GO:0070086	0	0	0	1	1	0
GO:0070096	0	0	0	1	0	1
GO:0070106	0	0	0	0	1	0
GO:0070122	0	0	0	1	0	0
GO:0070124	0	0	0	1	0	0
GO:0070125	0	0	0	0	1	0
GO:0070126	0	0	0	0	1	0
GO:0070129	0	0	0	1	1	0
GO:0070130	0	0	0	1	0	0
GO:0070131	0	0	0	1	1	0
GO:0070132	0	0	0	0	1	0
GO:0070134	0	0	0	0	1	0
GO:0070138	0	0	0	1	0	0
GO:0070140	0	0	0	1	0	0
GO:0070187	0	0	1	1	0	0
GO:0070192	1	1	0	1	1	0
GO:0070198	0	0	0	1	1	0
GO:0070199	1	0	0	1	1	1
GO:0070200	0	0	0	1	0	0
GO:0070201	0	1	0	1	1	0
GO:0070210	0	0	0	0	1	0
GO:0070221	0	0	1	0	0	0
GO:0070273	0	0	0	0	1	0
GO:0070279	0	0	0	0	0	1
GO:0070302	0	1	1	0	0	0
GO:0070304	0	1	1	0	0	0
GO:0070336	0	0	0	1	1	0
GO:0070337	0	0	0	1	0	0
GO:0070338	0	0	0	1	0	0
GO:0070417	0	0	1	0	0	0
GO:0070419	0	0	0	0	1	0
GO:0070458	0	0	0	0	1	0
GO:0070461	0	0	1	0	0	0
GO:0070462	0	0	0	0	0	1
GO:0070478	0	0	0	0	1	0
GO:0070481	0	0	0	1	1	0
GO:0070482	1	1	0	1	1	0
GO:0070507	0	1	0	1	1	0
GO:0070542	0	0	0	1	0	0
GO:0070544	0	0	0	0	1	0
GO:0070550	0	0	0	1	0	0
GO:0070569	0	0	0	0	1	0
GO:0070577	0	0	1	0	0	0
GO:0070583	0	0	0	0	1	0
GO:0070585	0	0	0	1	1	0
GO:0070588	0	1	0	1	1	1
GO:0070589	0	0	1	1	1	1
GO:0070590	0	0	0	1	0	0
GO:0070591	0	0	0	1	0	0
GO:0070592	0	0	1	0	1	1
GO:0070603	0	1	0	1	0	0
GO:0070628	0	0	0	0	1	0
GO:0070637	0	0	0	1	0	0
GO:0070646	0	0	0	1	1	0
GO:0070647	1	0	1	1	1	0
GO:0070682	0	0	0	1	0	0
GO:0070717	0	1	0	0	0	0
GO:0070726	0	0	0	1	0	0
GO:0070727	1	1	1	1	1	1
GO:0070757	0	0	0	0	1	0
GO:0070783	0	0	1	1	1	0
GO:0070791	0	0	0	0	1	0
GO:0070813	1	0	0	0	0	0
GO:0070814	1	0	0	0	0	0
GO:0070822	0	0	0	0	1	0
GO:0070823	0	0	1	0	0	0
GO:0070824	0	0	1	0	1	0
GO:0070828	0	1	0	0	0	0
GO:0070838	0	1	1	1	1	1
GO:0070850	0	0	0	0	1	1
GO:0070868	0	1	0	0	0	0
GO:0070869	0	1	0	0	0	0
GO:0070871	1	0	0	0	0	1
GO:0070873	0	1	1	0	0	0
GO:0070875	0	1	0	0	0	0
GO:0070879	1	0	1	0	0	0
GO:0070880	0	0	1	0	0	0
GO:0070887	1	1	1	1	1	1
GO:0070897	0	0	0	1	1	0
GO:0070898	0	0	0	0	1	0
GO:0070910	0	1	0	0	0	0
GO:0070911	0	0	1	0	0	0
GO:0070912	0	0	0	0	1	0
GO:0070913	0	0	0	0	1	0
GO:0070914	0	1	0	1	0	0
GO:0070918	1	0	0	0	0	0
GO:0070925	1	1	1	1	1	1
GO:0070932	0	0	1	0	0	0
GO:0070938	0	1	0	1	1	0
GO:0070941	0	0	1	0	1	0
GO:0070972	0	0	1	1	1	0
GO:0070987	1	0	0	0	0	0
GO:0070988	0	0	0	0	1	0
GO:0070993	0	0	0	0	1	0
GO:0070994	0	0	1	0	0	0
GO:0071008	0	0	0	0	1	0
GO:0071014	0	1	0	0	1	1
GO:0071025	0	0	0	0	1	0
GO:0071027	0	0	0	0	1	0
GO:0071029	0	0	0	0	1	0
GO:0071046	0	0	0	0	1	0
GO:0071071	1	0	0	0	1	0
GO:0071072	1	0	0	0	0	0
GO:0071073	1	0	0	0	0	0
GO:0071103	1	1	1	1	1	0
GO:0071156	0	1	0	1	0	0
GO:0071158	0	0	0	1	0	0
GO:0071162	0	0	0	0	0	1
GO:0071166	1	1	1	1	1	0
GO:0071168	1	0	0	1	0	0
GO:0071169	1	0	0	1	0	0
GO:0071170	0	0	0	1	1	0
GO:0071171	0	0	0	1	1	0
GO:0071173	0	1	1	1	1	0
GO:0071174	0	1	1	1	1	0
GO:0071214	0	1	1	1	1	1
GO:0071216	1	1	0	1	0	0
GO:0071218	0	0	1	0	0	0
GO:0071229	0	0	0	1	0	0
GO:0071236	1	0	0	0	0	0
GO:0071241	0	1	0	1	1	0
GO:0071248	0	1	0	0	1	0
GO:0071256	0	0	0	0	1	0
GO:0071265	0	0	0	0	0	1
GO:0071266	0	0	0	0	0	1
GO:0071277	0	0	0	0	1	0
GO:0071280	0	1	0	0	0	0
GO:0071281	0	0	0	0	1	0
GO:0071285	0	1	0	0	0	0
GO:0071310	1	1	1	1	1	0
GO:0071322	0	0	0	1	0	0
GO:0071326	0	0	0	1	0	0
GO:0071331	0	0	0	1	0	0
GO:0071333	0	0	0	1	0	0
GO:0071341	0	0	0	0	1	0
GO:0071345	0	0	0	0	1	0
GO:0071359	1	0	0	0	0	0
GO:0071375	0	1	0	0	0	0
GO:0071383	0	0	0	0	1	0
GO:0071396	1	0	0	1	1	0
GO:0071398	0	0	0	1	0	0
GO:0071400	0	0	0	1	0	0
GO:0071406	0	0	0	1	0	0
GO:0071407	1	0	0	0	1	0
GO:0071417	0	1	0	1	0	0
GO:0071421	0	0	0	0	1	0
GO:0071426	1	1	1	1	1	0
GO:0071427	1	1	0	1	1	0
GO:0071428	1	0	1	1	1	0
GO:0071431	0	0	0	1	1	0
GO:0071432	0	0	0	1	0	1
GO:0071435	0	0	0	1	0	0
GO:0071444	1	1	1	1	0	0
GO:0071453	1	1	0	1	1	0
GO:0071454	0	1	0	0	0	0
GO:0071456	1	0	0	1	1	0
GO:0071458	0	0	0	1	1	0
GO:0071459	1	1	1	1	1	1
GO:0071467	0	1	1	1	0	0
GO:0071469	0	1	1	1	0	0
GO:0071470	0	1	1	1	0	1
GO:0071472	0	0	0	1	0	0
GO:0071478	0	1	0	1	1	0
GO:0071479	0	0	0	1	0	0
GO:0071482	0	1	0	1	1	0
GO:0071495	1	1	0	1	1	0
GO:0071496	1	1	1	1	1	1
GO:0071500	0	0	0	0	1	0
GO:0071501	0	0	0	0	1	0
GO:0071514	0	0	0	1	1	0
GO:0071515	0	0	0	1	1	0
GO:0071516	0	0	0	1	1	0
GO:0071541	0	0	0	0	1	0
GO:0071554	1	1	1	1	1	1
GO:0071555	1	1	1	1	1	1
GO:0071556	0	0	0	0	1	0
GO:0071561	1	0	0	0	1	0
GO:0071589	0	0	0	1	0	0
GO:0071590	0	0	0	1	0	0
GO:0071591	0	0	0	1	0	0
GO:0071592	0	0	0	1	0	0
GO:0071595	1	0	0	0	0	0
GO:0071616	0	0	0	0	1	0
GO:0071702	1	1	1	1	1	1
GO:0071704	1	1	1	1	1	1
GO:0071705	1	1	1	1	1	1
GO:0071709	0	0	0	1	1	0
GO:0071712	0	0	1	0	0	0
GO:0071782	1	0	0	0	1	0
GO:0071786	0	0	0	1	0	0
GO:0071804	0	0	0	1	0	0
GO:0071805	0	0	0	1	0	0
GO:0071806	0	1	0	1	1	0
GO:0071824	1	1	1	1	1	1
GO:0071826	0	0	1	1	1	0
GO:0071840	1	1	1	1	1	1
GO:0071850	0	0	0	1	0	0
GO:0071852	1	1	1	1	1	1
GO:0071853	1	1	0	0	0	1
GO:0071854	0	1	0	0	0	0
GO:0071897	1	0	0	1	1	0
GO:0071900	0	0	1	1	1	0
GO:0071901	0	0	0	1	0	0
GO:0071919	0	0	0	1	1	0
GO:0071940	0	0	0	1	0	0
GO:0071941	1	0	1	1	0	0
GO:0071944	1	1	1	1	1	1
GO:0071946	0	0	0	1	1	0
GO:0071957	0	0	0	0	0	1
GO:0071958	0	1	0	0	1	0
GO:0071963	0	0	0	0	1	1
GO:0071966	1	1	1	0	1	1
GO:0071985	0	0	0	0	1	0
GO:0072001	0	0	1	0	0	0
GO:0072175	0	1	0	0	0	0
GO:0072329	1	0	0	1	1	0
GO:0072330	0	0	1	0	0	0
GO:0072334	0	0	0	1	0	0
GO:0072341	1	0	0	0	0	0
GO:0072350	0	0	0	0	1	0
GO:0072361	0	0	0	1	0	0
GO:0072363	0	0	0	1	0	0
GO:0072379	0	0	0	1	0	0
GO:0072380	0	0	0	1	0	0
GO:0072384	0	0	0	0	1	0
GO:0072393	0	0	0	0	0	1
GO:0072395	0	0	0	0	1	0
GO:0072396	1	1	0	1	0	0
GO:0072401	0	0	0	0	1	0
GO:0072402	1	0	0	0	0	0
GO:0072414	0	1	0	1	0	0
GO:0072417	0	1	0	1	0	0
GO:0072422	0	0	0	0	1	0
GO:0072423	1	0	0	0	0	0
GO:0072476	0	1	0	1	0	0
GO:0072479	0	1	0	1	0	0
GO:0072485	0	1	0	1	0	0
GO:0072503	0	1	1	1	1	1
GO:0072507	0	1	1	1	1	1
GO:0072509	0	0	0	0	1	0
GO:0072511	0	1	1	1	1	1
GO:0072521	1	0	1	1	1	0
GO:0072522	1	0	1	0	1	0
GO:0072524	1	0	1	1	1	0
GO:0072525	0	0	1	1	0	0
GO:0072527	1	0	0	1	0	0
GO:0072528	1	0	0	1	0	0
GO:0072529	0	0	0	1	0	0
GO:0072542	0	0	1	0	0	0
GO:0072583	0	0	0	0	1	0
GO:0072593	0	0	1	0	0	1
GO:0072594	1	0	0	1	1	1
GO:0072595	0	1	1	1	1	0
GO:0072599	0	0	0	1	1	0
GO:0072655	0	0	0	1	1	0
GO:0072657	0	0	0	1	1	0
GO:0072659	0	0	0	1	1	0
GO:0072662	0	0	0	1	0	0
GO:0072663	0	0	0	1	0	0
GO:0072665	0	0	1	1	1	1
GO:0072666	0	0	0	1	1	0
GO:0072671	0	0	0	0	1	0
GO:0072686	0	1	0	1	1	1
GO:0072687	0	1	0	1	0	0
GO:0072695	0	0	0	0	1	0
GO:0072697	0	0	0	0	1	0
GO:0072714	0	0	0	1	0	0
GO:0072715	0	0	0	1	0	0
GO:0072741	0	0	0	0	1	0
GO:0075136	0	1	0	0	0	0
GO:0075259	1	0	0	0	1	0
GO:0075297	0	0	0	1	0	0
GO:0075306	1	0	0	0	1	0
GO:0075307	0	0	0	0	1	0
GO:0080008	0	0	0	0	1	0
GO:0080090	1	1	1	1	1	1
GO:0080134	1	1	1	1	0	1
GO:0080135	1	1	1	1	0	1
GO:0080171	0	0	0	0	1	0
GO:0089716	0	0	0	1	0	0
GO:0089718	1	0	0	0	0	0
GO:0090029	1	0	0	0	0	0
GO:0090033	0	1	1	1	0	0
GO:0090052	0	0	0	0	1	0
GO:0090054	0	0	0	0	1	0
GO:0090066	0	0	1	1	1	0
GO:0090068	0	1	1	1	1	0
GO:0090069	0	0	0	0	1	0
GO:0090079	1	0	0	0	0	0
GO:0090087	0	1	0	1	1	0
GO:0090093	0	0	0	0	1	0
GO:0090148	1	0	0	0	0	0
GO:0090150	0	0	0	1	1	0
GO:0090151	0	0	0	1	0	0
GO:0090153	0	0	1	0	0	0
GO:0090156	0	0	0	1	0	0
GO:0090158	0	0	0	0	1	0
GO:0090169	0	1	0	1	1	0
GO:0090173	1	0	0	0	0	0
GO:0090174	1	0	0	1	0	0
GO:0090207	1	0	0	0	0	0
GO:0090208	1	0	0	0	0	0
GO:0090220	0	0	0	0	1	0
GO:0090224	0	1	0	1	1	0
GO:0090231	0	1	1	1	0	0
GO:0090232	0	1	0	1	0	0
GO:0090233	0	0	1	0	0	0
GO:0090266	0	1	1	1	0	0
GO:0090267	0	1	0	1	0	0
GO:0090293	0	0	0	1	0	0
GO:0090294	0	0	0	1	0	0
GO:0090296	0	0	0	1	0	0
GO:0090297	0	0	0	1	0	0
GO:0090304	1	1	1	1	1	1
GO:0090305	1	1	0	1	1	0
GO:0090306	0	0	0	0	1	0
GO:0090307	0	1	0	1	1	1
GO:0090313	0	1	0	0	0	0
GO:0090314	0	1	0	0	0	0
GO:0090316	0	1	0	0	0	0
GO:0090317	0	1	0	0	0	0
GO:0090329	0	1	1	1	1	0
GO:0090334	0	1	0	0	0	0
GO:0090407	1	1	1	1	1	0
GO:0090480	0	0	0	0	0	1
GO:0090481	0	0	0	1	0	1
GO:0090501	1	1	0	1	1	0
GO:0090502	1	1	0	1	0	0
GO:0090503	0	0	0	1	0	0
GO:0090529	0	0	0	1	1	0
GO:0090568	0	0	1	1	1	0
GO:0090575	0	0	0	1	0	0
GO:0090596	0	0	0	0	1	0
GO:0090599	1	0	0	0	0	0
GO:0090605	1	0	1	1	0	0
GO:0090609	1	0	1	1	0	0
GO:0090615	0	0	0	1	1	0
GO:0090630	0	0	0	0	1	0
GO:0090662	0	1	0	1	1	1
GO:0090699	0	1	0	1	0	0
GO:0090734	1	0	0	1	1	0
GO:0097002	1	0	0	0	0	0
GO:0097020	0	0	0	0	0	1
GO:0097035	1	0	0	0	1	1
GO:0097038	0	0	0	1	1	0
GO:0097064	0	0	0	1	1	0
GO:0097159	1	1	1	1	1	1
GO:0097196	0	0	0	0	1	0
GO:0097201	1	0	0	1	0	0
GO:0097237	1	0	1	1	1	1
GO:0097305	1	0	0	0	1	0
GO:0097306	1	0	0	0	0	0
GO:0097307	1	0	0	0	0	0
GO:0097308	1	0	0	0	0	0
GO:0097352	0	0	0	0	1	0
GO:0097359	0	0	1	0	0	0
GO:0097367	1	1	1	1	1	1
GO:0097384	1	1	0	1	1	0
GO:0097427	0	0	0	0	1	1
GO:0097428	0	0	0	0	1	0
GO:0097435	1	1	1	1	1	1
GO:0097447	0	0	0	0	1	0
GO:0097458	0	0	0	0	1	0
GO:0097502	1	1	1	0	1	0
GO:0097525	0	0	0	0	1	1
GO:0097549	0	1	0	0	0	0
GO:0097576	0	1	0	0	0	0
GO:0097577	0	0	0	0	1	0
GO:0097617	0	0	0	1	1	0
GO:0097623	0	0	0	1	0	0
GO:0097624	0	0	0	1	0	0
GO:0097659	1	1	1	1	1	0
GO:0097680	0	0	0	0	1	0
GO:0097708	1	0	0	1	1	1
GO:0097711	0	0	0	1	0	0
GO:0098501	0	0	0	1	0	0
GO:0098502	0	0	0	1	0	0
GO:0098505	0	0	1	0	0	0
GO:0098542	0	0	0	0	1	0
GO:0098552	0	0	1	1	1	0
GO:0098553	0	0	0	0	1	0
GO:0098554	0	0	0	1	1	0
GO:0098562	0	0	0	1	1	0
GO:0098573	1	1	0	1	1	0
GO:0098588	1	1	1	1	1	1
GO:0098589	0	0	0	0	1	0
GO:0098590	0	1	0	0	1	1
GO:0098609	0	0	0	1	0	0
GO:0098610	0	0	0	1	0	0
GO:0098630	0	0	0	1	0	0
GO:0098655	1	1	1	1	1	1
GO:0098656	1	0	1	1	1	1
GO:0098657	1	0	1	1	1	0
GO:0098659	1	0	1	0	1	0
GO:0098660	1	1	1	1	1	1
GO:0098661	0	0	0	0	1	0
GO:0098662	1	1	1	1	1	1
GO:0098679	0	0	0	1	0	0
GO:0098687	1	1	1	1	1	1
GO:0098704	0	0	0	0	1	0
GO:0098705	1	0	1	0	1	0
GO:0098708	0	0	0	0	1	0
GO:0098713	1	0	0	0	0	0
GO:0098727	0	0	0	0	1	0
GO:0098732	0	0	1	1	1	0
GO:0098739	1	0	1	0	1	0
GO:0098740	0	0	0	1	0	0
GO:0098743	0	0	0	1	0	0
GO:0098754	1	0	1	1	1	1
GO:0098771	1	1	1	1	1	1
GO:0098772	1	1	1	1	1	0
GO:0098781	1	0	1	1	0	0
GO:0098783	0	1	0	1	0	0
GO:0098787	1	0	0	0	0	0
GO:0098789	1	0	0	0	0	0
GO:0098791	1	0	1	1	1	1
GO:0098794	0	0	0	0	1	0
GO:0098796	1	0	1	1	1	1
GO:0098797	0	0	0	0	1	0
GO:0098798	0	0	0	1	0	1
GO:0098799	0	0	0	1	0	1
GO:0098800	0	0	0	1	0	0
GO:0098805	1	1	1	1	1	1
GO:0098813	1	1	1	1	1	1
GO:0098827	1	1	1	1	1	1
GO:0098840	0	0	0	0	1	1
GO:0098847	0	0	1	0	1	0
GO:0098852	0	0	1	1	1	1
GO:0098853	1	0	0	0	0	0
GO:0098857	0	0	0	0	1	0
GO:0098863	0	0	0	0	0	1
GO:0098869	0	0	1	1	0	0
GO:0098876	1	0	0	0	1	0
GO:0099003	0	0	0	0	1	0
GO:0099023	0	0	0	1	1	0
GO:0099070	0	0	0	0	1	1
GO:0099080	1	1	0	1	1	1
GO:0099081	1	1	0	1	1	1
GO:0099098	0	0	0	0	0	1
GO:0099111	0	0	0	0	1	1
GO:0099116	0	0	0	1	0	0
GO:0099118	0	0	0	0	1	1
GO:0099130	0	0	0	0	1	0
GO:0099131	0	1	0	1	1	1
GO:0099132	0	1	0	1	1	1
GO:0099504	0	0	0	0	1	0
GO:0099512	1	1	0	1	1	1
GO:0099513	1	1	0	1	1	1
GO:0099515	0	0	0	1	0	0
GO:0099568	1	1	1	1	1	1
GO:0099587	1	0	1	0	1	0
GO:0099638	0	0	0	0	1	0
GO:0099738	1	0	1	0	1	0
GO:0104004	0	1	1	1	1	1
GO:0106018	0	0	1	0	1	0
GO:0106019	0	0	1	0	0	0
GO:0106032	0	0	0	0	1	0
GO:0106035	0	0	0	0	1	0
GO:0106070	0	0	1	0	0	0
GO:0106072	0	0	1	0	0	0
GO:0106118	0	0	0	0	1	0
GO:0106119	0	0	0	0	1	0
GO:0110002	0	0	1	0	0	0
GO:0110003	0	0	1	0	0	0
GO:0110004	0	0	1	0	0	0
GO:0110005	0	0	1	0	0	0
GO:0110020	0	1	0	1	1	0
GO:0110025	0	0	0	0	1	0
GO:0110030	0	1	0	0	0	0
GO:0110031	0	1	0	0	0	0
GO:0110033	0	0	1	0	0	0
GO:0110034	0	0	1	0	0	0
GO:0110035	0	0	0	1	1	0
GO:0110053	0	0	0	1	1	0
GO:0110085	0	0	0	1	0	0
GO:0110100	0	0	0	1	0	0
GO:0120025	1	1	1	1	1	1
GO:0120031	0	0	0	1	0	0
GO:0120032	0	0	0	1	1	0
GO:0120035	0	0	0	1	1	0
GO:0120036	0	0	0	1	0	0
GO:0120038	1	1	1	1	1	1
GO:0120104	0	0	0	0	1	0
GO:0120105	0	1	0	0	0	0
GO:0120109	0	1	0	1	0	0
GO:0120110	0	1	0	1	0	0
GO:0120111	0	0	0	0	1	0
GO:0120113	0	0	0	1	1	1
GO:0120114	0	0	0	0	1	1
GO:0140013	1	1	1	1	1	0
GO:0140014	1	1	1	1	1	1
GO:0140029	0	0	0	1	1	0
GO:0140030	0	0	1	0	1	0
GO:0140033	0	0	1	0	0	0
GO:0140053	0	1	1	1	1	1
GO:0140056	1	0	0	1	1	1
GO:0140083	1	0	0	0	0	0
GO:0140096	1	1	1	1	1	1
GO:0140097	1	0	0	1	1	0
GO:0140098	1	1	0	1	1	0
GO:0140101	1	1	0	0	0	0
GO:0140108	0	0	0	0	1	0
GO:0140110	1	1	1	1	1	1
GO:0140115	0	0	0	1	0	0
GO:0140210	0	0	0	0	1	1
GO:1900087	0	0	0	1	0	0
GO:1900151	0	1	0	0	0	0
GO:1900187	0	0	1	0	0	0
GO:1900189	0	0	1	0	0	0
GO:1900190	0	0	1	0	0	0
GO:1900192	0	0	1	0	0	0
GO:1900237	0	0	0	1	0	0
GO:1900239	0	0	1	0	0	0
GO:1900371	0	0	0	1	0	0
GO:1900376	1	0	0	0	0	0
GO:1900378	1	0	0	0	0	0
GO:1900402	0	0	0	1	0	1
GO:1900406	0	0	1	1	0	0
GO:1900407	0	0	0	0	0	1
GO:1900409	0	0	0	0	0	1
GO:1900428	0	1	1	1	0	0
GO:1900429	0	0	1	1	0	0
GO:1900430	0	1	1	1	0	0
GO:1900434	0	0	1	1	0	0
GO:1900435	0	0	0	1	0	0
GO:1900436	0	0	1	1	0	0
GO:1900437	0	1	1	1	0	0
GO:1900438	0	0	1	1	0	0
GO:1900439	0	1	0	1	0	0
GO:1900440	0	0	0	1	0	0
GO:1900442	0	0	0	1	0	0
GO:1900443	0	0	1	1	0	0
GO:1900445	0	0	1	1	0	0
GO:1900542	0	0	0	1	0	0
GO:1900619	0	0	0	1	0	0
GO:1900741	0	0	1	1	0	0
GO:1900743	0	0	1	1	0	0
GO:1900750	1	0	0	0	0	0
GO:1901031	0	0	0	0	0	1
GO:1901033	0	0	0	0	0	1
GO:1901071	0	1	0	1	1	1
GO:1901072	0	1	0	1	0	0
GO:1901073	0	0	0	0	1	1
GO:1901089	0	0	0	1	0	0
GO:1901135	1	1	1	1	1	1
GO:1901136	0	1	0	1	0	0
GO:1901137	1	1	1	1	1	1
GO:1901214	0	0	0	0	1	0
GO:1901216	0	0	0	0	1	0
GO:1901264	0	0	0	1	0	1
GO:1901265	1	1	1	1	1	1
GO:1901292	0	0	1	0	0	0
GO:1901293	1	1	1	1	1	0
GO:1901298	0	0	0	0	0	1
GO:1901300	0	0	0	0	0	1
GO:1901360	1	1	1	1	1	1
GO:1901361	1	0	1	1	1	1
GO:1901362	1	1	1	1	1	0
GO:1901363	1	1	1	1	1	1
GO:1901376	1	0	0	0	0	0
GO:1901377	1	0	0	0	0	0
GO:1901378	1	0	0	0	0	0
GO:1901474	0	0	0	0	1	0
GO:1901505	0	0	0	1	0	1
GO:1901522	0	0	0	1	0	0
GO:1901564	1	1	1	1	1	1
GO:1901565	1	1	1	1	1	1
GO:1901566	1	1	1	1	1	1
GO:1901568	0	0	0	0	1	0
GO:1901570	0	0	0	0	1	0
GO:1901575	1	1	1	1	1	1
GO:1901576	1	1	1	1	1	1
GO:1901605	1	1	0	1	1	1
GO:1901606	1	0	0	0	1	1
GO:1901607	0	1	0	1	0	1
GO:1901615	1	1	1	1	1	1
GO:1901616	1	0	1	0	0	0
GO:1901617	1	1	0	1	1	0
GO:1901618	0	0	0	0	1	0
GO:1901652	0	1	0	0	0	0
GO:1901653	0	1	0	0	0	0
GO:1901657	1	0	0	1	0	0
GO:1901659	1	0	0	1	0	0
GO:1901661	0	0	0	0	1	0
GO:1901663	0	0	0	0	1	0
GO:1901673	0	1	0	1	1	0
GO:1901678	0	0	1	0	0	0
GO:1901681	1	0	0	0	0	0
GO:1901698	1	1	1	1	1	0
GO:1901699	1	1	0	1	0	0
GO:1901700	1	1	1	1	1	0
GO:1901701	1	1	0	1	0	0
GO:1901799	1	0	0	0	0	0
GO:1901800	0	0	0	0	1	0
GO:1901858	0	0	0	1	0	0
GO:1901860	0	0	0	1	0	0
GO:1901879	0	0	0	1	1	0
GO:1901880	0	0	0	0	1	0
GO:1901881	0	0	0	1	1	0
GO:1901891	0	1	0	1	1	0
GO:1901892	0	1	0	1	0	0
GO:1901893	0	1	0	1	1	0
GO:1901925	0	1	0	1	0	0
GO:1901970	0	1	1	1	0	0
GO:1901976	0	1	1	1	0	0
GO:1901977	0	0	1	0	0	0
GO:1901978	0	1	0	1	0	0
GO:1901981	1	0	0	1	1	0
GO:1901983	0	1	0	0	0	0
GO:1901985	0	1	0	0	0	0
GO:1901987	0	1	1	1	1	0
GO:1901988	0	1	1	1	1	0
GO:1901989	0	1	1	1	0	0
GO:1901990	0	1	1	1	1	0
GO:1901991	0	1	1	1	1	0
GO:1901992	0	1	1	1	0	0
GO:1901993	0	1	0	1	0	0
GO:1901994	0	1	0	1	0	0
GO:1902099	0	1	1	1	1	0
GO:1902100	0	1	1	1	1	0
GO:1902101	0	0	1	0	0	0
GO:1902102	0	1	0	1	0	0
GO:1902103	0	1	0	1	0	0
GO:1902115	0	1	1	1	1	0
GO:1902116	0	0	1	1	0	0
GO:1902117	0	1	0	1	0	0
GO:1902275	0	1	1	1	1	0
GO:1902292	0	0	0	0	1	1
GO:1902296	0	1	0	0	0	0
GO:1902298	1	0	0	0	1	0
GO:1902299	0	0	0	1	1	0
GO:1902315	0	0	0	0	1	1
GO:1902319	0	1	0	0	0	0
GO:1902341	0	0	0	0	1	0
GO:1902363	0	0	0	0	1	0
GO:1902377	0	0	0	1	1	0
GO:1902405	0	0	0	1	0	0
GO:1902406	0	0	0	0	1	0
GO:1902407	0	0	0	0	1	0
GO:1902410	0	0	0	1	1	0
GO:1902412	0	1	0	1	1	0
GO:1902413	0	1	0	1	0	0
GO:1902426	0	0	1	0	0	0
GO:1902475	1	0	0	0	0	0
GO:1902476	0	0	0	0	1	0
GO:1902493	0	0	1	1	1	0
GO:1902494	1	1	1	1	1	0
GO:1902496	0	0	1	0	0	0
GO:1902498	0	0	0	1	0	0
GO:1902499	0	0	0	1	0	0
GO:1902531	1	1	1	1	1	0
GO:1902532	0	1	1	1	1	0
GO:1902533	1	1	1	1	0	0
GO:1902542	0	0	0	0	1	0
GO:1902554	0	0	1	1	0	0
GO:1902555	0	1	0	1	0	0
GO:1902562	0	0	1	0	0	0
GO:1902575	0	0	0	0	1	0
GO:1902576	0	0	1	0	0	0
GO:1902600	0	1	0	0	1	0
GO:1902625	0	0	1	0	0	0
GO:1902626	0	0	1	0	0	0
GO:1902652	1	1	0	1	1	0
GO:1902653	1	1	0	1	1	0
GO:1902659	0	0	1	0	0	0
GO:1902660	0	0	1	0	0	0
GO:1902679	1	1	1	1	1	1
GO:1902680	1	1	1	1	1	1
GO:1902749	0	1	1	1	1	0
GO:1902750	0	1	1	0	1	0
GO:1902751	0	1	0	1	0	0
GO:1902767	0	0	0	0	1	0
GO:1902775	0	0	0	0	1	0
GO:1902806	0	0	0	1	1	0
GO:1902807	0	0	0	0	1	0
GO:1902808	0	0	0	1	0	0
GO:1902850	0	1	0	1	1	1
GO:1902882	0	0	0	0	0	1
GO:1902884	0	0	0	0	0	1
GO:1902903	0	0	0	1	1	0
GO:1902904	0	0	0	0	1	0
GO:1902905	0	0	0	1	1	0
GO:1902911	0	0	1	1	0	0
GO:1902930	0	0	0	0	1	0
GO:1902931	0	0	0	0	1	0
GO:1902936	0	0	0	1	0	0
GO:1902969	1	1	0	1	1	1
GO:1902975	0	0	0	0	1	1
GO:1902983	0	1	0	0	0	0
GO:1902985	0	0	0	0	1	0
GO:1903008	0	1	0	1	1	0
GO:1903046	1	1	1	1	1	0
GO:1903047	1	1	1	1	1	1
GO:1903050	1	0	0	0	1	0
GO:1903051	1	0	0	0	0	0
GO:1903052	0	0	0	0	1	0
GO:1903076	0	0	0	0	1	0
GO:1903077	0	0	0	0	1	0
GO:1903087	0	0	1	1	0	0
GO:1903119	0	0	0	0	1	0
GO:1903201	0	0	0	0	0	1
GO:1903205	0	0	0	0	0	1
GO:1903209	0	0	0	0	0	1
GO:1903211	0	0	0	0	1	0
GO:1903293	1	0	1	0	0	0
GO:1903311	0	1	0	0	1	1
GO:1903312	0	0	0	0	1	0
GO:1903320	1	0	0	1	0	0
GO:1903322	1	0	0	1	0	0
GO:1903326	0	0	1	0	1	0
GO:1903328	0	0	1	0	0	0
GO:1903338	1	1	0	0	1	1
GO:1903341	0	1	0	0	0	0
GO:1903362	1	0	0	0	1	0
GO:1903363	1	0	0	0	0	0
GO:1903364	0	0	0	0	1	0
GO:1903379	0	1	0	1	0	0
GO:1903380	0	1	0	1	0	0
GO:1903394	1	0	0	0	0	0
GO:1903409	0	0	0	0	0	1
GO:1903426	0	0	0	0	0	1
GO:1903428	0	0	0	0	0	1
GO:1903432	0	0	0	0	1	0
GO:1903436	0	1	0	1	1	0
GO:1903437	0	1	0	1	0	0
GO:1903438	0	1	0	1	1	0
GO:1903460	0	1	0	0	0	0
GO:1903463	0	1	1	0	1	0
GO:1903464	0	0	1	0	0	0
GO:1903466	0	1	0	0	1	0
GO:1903469	0	0	0	1	0	0
GO:1903474	0	0	0	1	0	0
GO:1903475	0	0	0	0	1	0
GO:1903476	0	0	0	0	1	0
GO:1903479	0	0	0	0	1	0
GO:1903490	0	1	0	1	1	0
GO:1903504	0	1	1	1	0	0
GO:1903506	1	1	1	1	1	1
GO:1903507	1	1	1	1	1	1
GO:1903508	1	1	1	1	1	1
GO:1903509	1	0	0	0	0	0
GO:1903533	0	1	0	0	0	0
GO:1903562	0	0	0	0	1	0
GO:1903563	0	0	0	0	1	0
GO:1903575	0	0	0	0	1	0
GO:1903578	0	0	0	1	0	0
GO:1903649	1	0	0	0	0	0
GO:1903664	1	0	0	0	1	0
GO:1903666	0	0	0	0	1	0
GO:1903693	0	0	0	1	0	0
GO:1903694	0	0	0	1	0	0
GO:1903725	1	0	0	0	1	0
GO:1903726	1	0	0	0	0	0
GO:1903727	1	0	0	0	0	0
GO:1903730	1	0	0	0	0	0
GO:1903740	1	0	0	0	0	0
GO:1903789	0	0	1	0	1	0
GO:1903792	0	1	1	0	1	0
GO:1903793	0	0	0	0	1	0
GO:1903795	0	0	0	1	0	0
GO:1903825	1	0	1	0	1	0
GO:1903827	0	1	0	1	1	0
GO:1903828	0	1	0	0	1	0
GO:1903829	0	1	0	0	0	0
GO:1903830	0	0	1	0	0	0
GO:1903874	0	0	0	0	1	0
GO:1903875	0	0	0	0	1	0
GO:1903924	0	0	0	0	1	0
GO:1903959	0	1	1	1	1	0
GO:1903960	0	1	1	0	1	0
GO:1903961	0	0	0	0	1	0
GO:1904029	0	0	1	1	1	0
GO:1904030	0	0	0	1	0	0
GO:1904062	0	0	1	0	1	0
GO:1904063	0	0	1	0	1	0
GO:1904064	0	0	0	0	1	0
GO:1904162	0	0	0	1	0	0
GO:1904262	0	0	0	0	1	0
GO:1904356	0	0	1	1	1	0
GO:1904357	0	0	1	0	0	0
GO:1904358	0	0	0	0	1	0
GO:1904375	0	0	0	0	1	0
GO:1904376	0	0	0	0	1	0
GO:1904407	0	0	0	0	0	1
GO:1904498	0	0	0	0	1	0
GO:1904511	0	0	0	0	0	1
GO:1904529	0	0	0	0	1	0
GO:1904530	0	0	0	0	1	0
GO:1904541	1	0	0	0	0	1
GO:1904564	0	0	0	0	1	0
GO:1904600	0	0	0	0	1	0
GO:1904616	0	0	0	0	1	0
GO:1904617	0	0	0	0	1	0
GO:1904659	0	0	0	0	1	0
GO:1904669	0	0	0	1	0	0
GO:1904670	0	0	0	0	1	0
GO:1904679	0	0	0	0	1	0
GO:1904680	0	0	0	0	1	0
GO:1904788	0	0	0	1	0	0
GO:1904949	0	1	0	1	1	0
GO:1904950	0	1	0	0	0	0
GO:1904951	0	1	0	0	0	0
GO:1905038	0	0	1	0	0	0
GO:1905039	1	0	1	0	1	0
GO:1905047	0	0	0	1	0	0
GO:1905117	0	0	0	1	0	0
GO:1905132	0	1	0	1	0	0
GO:1905133	0	1	0	1	0	0
GO:1905206	0	0	0	0	0	1
GO:1905267	0	0	0	1	0	0
GO:1905268	0	0	1	1	1	0
GO:1905269	0	1	0	1	0	0
GO:1905279	1	0	0	0	0	0
GO:1905324	0	0	0	0	1	0
GO:1905329	0	0	0	0	1	0
GO:1905348	0	1	0	1	0	0
GO:1905354	0	0	0	0	1	0
GO:1905368	0	0	1	0	0	0
GO:1905475	0	1	0	0	1	0
GO:1905476	0	0	0	0	1	0
GO:1905477	0	1	0	0	0	0
GO:1905529	0	0	0	0	1	0
GO:1905530	0	0	0	0	1	0
GO:1905532	0	0	1	0	1	0
GO:1905533	0	0	1	0	1	0
GO:1905534	0	0	0	0	1	0
GO:1905541	0	0	0	0	1	0
GO:1905589	0	0	0	0	1	0
GO:1905708	0	0	0	1	1	0
GO:1905777	0	0	0	1	0	0
GO:1905779	0	0	0	1	0	0
GO:1905818	0	1	1	1	1	0
GO:1905819	0	1	1	1	1	0
GO:1905820	0	1	1	1	0	0
GO:1905821	0	1	0	1	0	0
GO:1905822	0	1	0	1	0	0
GO:1905824	0	1	0	1	0	0
GO:1905952	1	1	0	0	0	1
GO:1905953	0	1	0	0	0	0
GO:1905961	0	0	0	0	1	0
GO:1990023	0	1	0	1	1	0
GO:1990126	0	0	0	0	1	0
GO:1990141	0	0	0	0	1	0
GO:1990166	0	0	0	0	1	0
GO:1990179	0	0	0	0	1	0
GO:1990229	0	0	0	0	1	0
GO:1990234	0	1	1	1	1	0
GO:1990239	0	0	0	0	1	0
GO:1990277	0	0	0	1	0	0
GO:1990299	0	0	1	0	0	0
GO:1990315	0	0	1	0	0	0
GO:1990385	0	1	0	1	0	0
GO:1990391	0	0	0	0	1	0
GO:1990414	0	0	0	0	1	0
GO:1990421	0	0	1	0	1	0
GO:1990426	0	0	0	0	1	0
GO:1990456	1	0	0	0	0	1
GO:1990481	0	0	0	0	1	0
GO:1990483	0	0	0	0	1	0
GO:1990498	0	0	0	0	1	1
GO:1990505	1	0	0	0	1	0
GO:1990524	0	0	0	1	0	0
GO:1990533	0	0	0	0	1	0
GO:1990539	0	0	0	0	1	0
GO:1990542	0	0	1	1	0	0
GO:1990546	0	0	1	0	0	0
GO:1990569	0	0	0	0	0	1
GO:1990593	0	0	0	1	0	0
GO:1990613	1	0	0	0	0	0
GO:1990627	1	0	0	0	0	0
GO:1990640	0	0	1	0	0	0
GO:1990644	0	0	0	1	0	0
GO:1990648	0	0	1	0	0	0
GO:1990649	0	0	1	0	0	0
GO:1990650	0	0	1	0	0	0
GO:1990651	0	0	1	0	0	0
GO:1990707	0	0	1	0	1	0
GO:1990734	0	0	0	0	0	1
GO:1990748	1	0	1	1	1	1
GO:1990752	0	0	0	0	1	1
GO:1990758	0	0	1	0	0	0
GO:1990778	0	0	0	1	1	0
GO:1990808	0	0	0	0	1	0
GO:1990816	1	0	1	0	1	1
GO:1990819	1	0	0	0	1	1
GO:1990837	1	1	0	1	1	1
GO:1990841	0	1	1	0	0	0
GO:1990846	0	0	0	1	0	0
GO:1990849	1	0	0	0	0	0
GO:1990854	1	0	0	0	0	0
GO:1990898	0	0	0	0	1	0
GO:1990899	0	0	0	0	1	0
GO:1990904	1	1	1	1	1	1
GO:1990918	0	0	0	0	1	0
GO:1990943	0	0	0	1	1	0
GO:1990961	0	0	0	0	1	0
GO:2000026	0	1	0	0	0	0
GO:2000045	0	0	0	1	1	0
GO:2000058	1	0	0	0	1	0
GO:2000059	1	0	0	0	0	0
GO:2000060	0	0	0	0	1	0
GO:2000104	0	0	1	1	1	0
GO:2000105	0	0	0	1	0	0
GO:2000112	1	1	1	1	1	1
GO:2000113	1	1	1	1	1	1
GO:2000134	0	0	0	0	1	0
GO:2000145	0	1	0	0	0	0
GO:2000147	0	1	0	0	0	0
GO:2000185	0	0	0	1	0	0
GO:2000191	0	1	0	0	0	0
GO:2000192	0	1	0	0	0	0
GO:2000197	0	0	0	1	1	0
GO:2000200	0	0	0	0	1	0
GO:2000203	0	0	0	0	1	0
GO:2000232	0	0	0	0	1	0
GO:2000235	0	0	1	0	1	0
GO:2000237	0	0	1	0	0	0
GO:2000238	0	0	0	0	1	0
GO:2000241	1	1	1	1	1	1
GO:2000242	1	1	1	1	0	0
GO:2000243	1	0	1	1	1	1
GO:2000249	0	0	0	1	0	0
GO:2000251	0	0	0	1	0	0
GO:2000278	0	0	1	1	1	0
GO:2000279	0	0	1	0	0	0
GO:2000377	0	0	0	0	0	1
GO:2000379	0	0	0	0	0	1
GO:2000573	0	0	0	0	1	0
GO:2000689	0	0	0	0	1	0
GO:2000756	0	1	0	0	0	0
GO:2000758	0	1	0	0	0	0
GO:2000765	1	0	0	1	1	0
GO:2000767	1	0	0	0	0	0
GO:2000769	0	1	0	0	0	0
GO:2000779	1	0	0	0	0	0
GO:2000780	1	0	0	0	0	0
GO:2000812	0	0	0	0	1	0
GO:2000813	0	0	0	0	1	0
GO:2000816	0	1	1	1	1	0
GO:2000895	0	0	0	0	0	1
GO:2001020	1	0	0	0	0	0
GO:2001021	1	0	0	0	0	0
GO:2001023	0	0	0	0	1	1
GO:2001024	0	0	0	0	1	0
GO:2001025	0	0	0	0	1	1
GO:2001032	1	0	0	0	0	0
GO:2001033	1	0	0	0	0	0
GO:2001038	0	0	0	0	0	1
GO:2001040	0	0	0	0	0	1
GO:2001057	0	0	0	0	0	1
GO:2001138	1	0	0	0	0	1
GO:2001141	1	1	1	1	1	1
GO:2001169	0	0	0	1	0	0
GO:2001215	0	0	0	0	1	0
GO:2001216	0	0	0	0	1	0
GO:2001251	0	1	1	1	1	0
GO:2001252	0	1	1	1	1	0
GO:2001308	0	0	0	0	1	0
GO:2001310	0	0	0	0	1	0
