OG	HG	Pucciniomycotina	Ustilaginomycotina	Agaricomycotina	Taphrinomycotina	Saccharomycotina	Pezizomycotina
OG0000315	HG_316	1	0	0	0	0	0
OG0003483	HG_3484	0	0	0	0	1	0
OG0004291	HG_4292	0	0	1	0	0	0
OG0005583	HG_5584	0	0	0	0	1	0
OG0006329	HG_6330	0	0	0	0	1	0
OG0006927	HG_6928	0	0	0	1	0	0
OG0007023	HG_7024	0	0	1	0	0	0
OG0007168	HG_7169	0	0	1	0	0	0
OG0007171	HG_7172	1	0	0	0	0	0
OG0007172	HG_7173	1	0	0	0	0	0
OG0007360	HG_7361	0	0	0	0	1	0
OG0007502	HG_7503	0	0	1	0	0	0
OG0007532	HG_7533	0	0	0	0	1	0
OG0007568	HG_7569	0	0	0	0	0	1
OG0007694	HG_7695	0	0	1	0	0	0
OG0007748	HG_7749	0	0	0	0	1	0
OG0007971	HG_7972	0	0	0	0	1	0
OG0008100	HG_8101	1	0	0	0	0	0
OG0008150	HG_8151	0	0	1	0	0	0
OG0008162	HG_8163	0	0	1	0	0	0
OG0008273	HG_8274	0	0	1	0	0	0
OG0008330	HG_8331	0	0	0	0	1	0
OG0008367	HG_8368	0	0	0	0	0	1
OG0008702	HG_8703	0	0	1	0	0	0
OG0008776	HG_8777	0	0	0	0	1	0
OG0008777	HG_8778	0	0	0	0	1	0
OG0008778	HG_8779	0	0	0	0	1	0
OG0008893	HG_8894	0	0	0	1	0	0
OG0008938	HG_8939	0	0	1	0	0	0
OG0008942	HG_8943	0	0	1	0	0	0
OG0008945	HG_8946	0	0	1	0	0	0
OG0008947	HG_8948	0	0	1	0	0	0
OG0008952	HG_8953	0	0	1	0	0	0
OG0008955	HG_8956	0	0	1	0	0	0
OG0008964	HG_8965	1	0	0	0	0	0
OG0008966	HG_8967	1	0	0	0	0	0
OG0008967	HG_8968	1	0	0	0	0	0
OG0008969	HG_8970	1	0	0	0	0	0
OG0009081	HG_9082	0	0	0	0	1	0
OG0009218	HG_9219	0	0	1	0	0	0
OG0009223	HG_9224	0	0	1	0	0	0
OG0009328	HG_9329	0	0	0	0	1	0
OG0009329	HG_9330	0	0	0	0	1	0
OG0009346	HG_9347	0	0	0	0	1	0
OG0009348	HG_9349	0	0	1	0	0	0
OG0009482	HG_9483	0	0	1	0	0	0
OG0009483	HG_9484	0	0	1	0	0	0
OG0009485	HG_9486	0	0	1	0	0	0
OG0009498	HG_9499	0	0	1	0	0	0
OG0009512	HG_9513	1	0	0	0	0	0
OG0009514	HG_9515	1	0	0	0	0	0
OG0009517	HG_9518	1	0	0	0	0	0
OG0009520	HG_9521	1	0	0	0	0	0
OG0009526	HG_9527	1	0	0	0	0	0
OG0009528	HG_9529	1	0	0	0	0	0
OG0009619	HG_9620	0	0	0	0	1	0
OG0009620	HG_9621	0	0	0	0	1	0
OG0009621	HG_9622	0	0	0	0	1	0
OG0009622	HG_9623	0	0	0	0	1	0
OG0009646	HG_9647	0	0	0	0	1	0
OG0009652	HG_9653	0	0	0	0	1	0
OG0009654	HG_9655	0	0	0	0	1	0
OG0009704	HG_9705	0	0	0	0	0	1
OG0009771	HG_9772	0	0	0	1	0	0
OG0009834	HG_9835	0	0	1	0	0	0
OG0009843	HG_9844	0	0	1	0	0	0
OG0009850	HG_9851	1	0	0	0	0	0
OG0009854	HG_9855	1	0	0	0	0	0
OG0009855	HG_9856	1	0	0	0	0	0
OG0009858	HG_9859	1	0	0	0	0	0
OG0009992	HG_9993	0	0	0	0	1	0
OG0009993	HG_9994	0	0	0	0	1	0
OG0009994	HG_9995	0	0	0	0	1	0
OG0009995	HG_9996	0	0	0	0	1	0
OG0009996	HG_9997	0	0	0	0	1	0
OG0009997	HG_9998	0	0	0	0	1	0
OG0010008	HG_10009	0	0	0	0	1	0
OG0010019	HG_10020	0	0	1	0	0	0
OG0010026	HG_10027	0	0	0	0	1	0
OG0010028	HG_10029	1	0	0	0	0	0
OG0010031	HG_10032	1	0	0	0	0	0
OG0010114	HG_10115	0	0	0	0	0	1
OG0010214	HG_10215	0	0	1	0	0	0
OG0010223	HG_10224	0	0	1	0	0	0
OG0010230	HG_10231	0	0	1	0	0	0
OG0010239	HG_10240	1	0	0	0	0	0
OG0010251	HG_10252	1	0	0	0	0	0
OG0010402	HG_10403	0	0	0	0	1	0
OG0010403	HG_10404	0	0	0	0	1	0
OG0010404	HG_10405	0	0	0	0	1	0
OG0010405	HG_10406	0	0	0	0	1	0
OG0010406	HG_10407	0	0	0	0	1	0
OG0010407	HG_10408	0	0	0	0	1	0
OG0010408	HG_10409	0	0	0	0	1	0
OG0010421	HG_10422	0	0	0	1	0	0
OG0010440	HG_10441	0	0	1	0	0	0
OG0010444	HG_10445	0	0	0	0	1	0
OG0010492	HG_10493	0	0	0	0	0	1
OG0010644	HG_10645	0	0	1	0	0	0
OG0010649	HG_10650	0	0	1	0	0	0
OG0010655	HG_10656	0	0	1	0	0	0
OG0010673	HG_10674	1	0	0	0	0	0
OG0010674	HG_10675	1	0	0	0	0	0
OG0010676	HG_10677	1	0	0	0	0	0
OG0010678	HG_10679	1	0	0	0	0	0
OG0010679	HG_10680	1	0	0	0	0	0
OG0010681	HG_10682	1	0	0	0	0	0
OG0010870	HG_10871	0	0	0	0	1	0
OG0010871	HG_10872	0	0	0	0	1	0
OG0010872	HG_10873	0	0	0	0	1	0
OG0010873	HG_10874	0	0	0	0	1	0
OG0010874	HG_10875	0	0	0	0	1	0
OG0010875	HG_10876	0	0	0	0	1	0
OG0010876	HG_10877	0	0	0	0	1	0
OG0010877	HG_10878	0	0	0	0	1	0
OG0010878	HG_10879	0	0	0	0	1	0
OG0010880	HG_10881	0	0	0	0	1	0
OG0010881	HG_10882	0	0	0	0	1	0
OG0010882	HG_10883	0	0	0	0	1	0
OG0010894	HG_10895	0	0	0	1	0	0
OG0010908	HG_10909	1	0	0	0	0	0
OG0010916	HG_10917	1	0	0	0	0	0
OG0010923	HG_10924	0	0	0	1	0	0
OG0010924	HG_10925	0	0	0	0	1	0
OG0010952	HG_10953	0	0	0	0	1	0
OG0010964	HG_10965	0	0	0	0	0	1
OG0011162	HG_11163	0	1	0	0	0	0
OG0011168	HG_11169	0	1	0	0	0	0
OG0011192	HG_11193	0	1	0	0	0	0
OG0011223	HG_11224	0	0	1	0	0	0
OG0011225	HG_11226	0	0	1	0	0	0
OG0011230	HG_11231	0	0	1	0	0	0
OG0011231	HG_11232	0	0	1	0	0	0
OG0011232	HG_11233	0	0	1	0	0	0
OG0011249	HG_11250	1	0	0	0	0	0
OG0011251	HG_11252	1	0	0	0	0	0
OG0011253	HG_11254	1	0	0	0	0	0
OG0011254	HG_11255	1	0	0	0	0	0
OG0011256	HG_11257	1	0	0	0	0	0
OG0011257	HG_11258	1	0	0	0	0	0
OG0011259	HG_11260	1	0	0	0	0	0
OG0011507	HG_11508	0	0	0	0	1	0
OG0011508	HG_11509	0	0	0	0	1	0
OG0011509	HG_11510	0	0	0	0	1	0
OG0011510	HG_11511	0	0	0	0	1	0
OG0011511	HG_11512	0	0	0	0	1	0
OG0011512	HG_11513	0	0	0	0	1	0
OG0011513	HG_11514	0	0	0	0	1	0
OG0011514	HG_11515	0	0	0	0	1	0
OG0011515	HG_11516	0	0	0	0	1	0
OG0011516	HG_11517	0	0	0	0	1	0
OG0011517	HG_11518	0	0	0	0	1	0
OG0011519	HG_11520	0	0	0	0	1	0
OG0011520	HG_11521	0	0	0	0	1	0
OG0011521	HG_11522	0	0	0	0	1	0
OG0011522	HG_11523	0	0	0	0	1	0
OG0011523	HG_11524	0	0	0	0	1	0
OG0011524	HG_11525	0	0	0	0	1	0
OG0011525	HG_11526	0	0	0	0	1	0
OG0011526	HG_11527	0	0	0	0	1	0
OG0011527	HG_11528	0	0	0	0	1	0
OG0011528	HG_11529	0	0	0	0	1	0
OG0011529	HG_11530	0	0	0	0	1	0
OG0011530	HG_11531	0	0	0	0	1	0
OG0011531	HG_11532	0	0	0	0	1	0
OG0011627	HG_11628	0	0	0	0	0	1
OG0011664	HG_11665	0	0	0	0	0	1
OG0011835	HG_11836	0	1	0	0	0	0
OG0011847	HG_11848	0	1	0	0	0	0
OG0011858	HG_11859	0	0	1	0	0	0
OG0011859	HG_11860	0	0	1	0	0	0
OG0011860	HG_11861	0	0	1	0	0	0
OG0011862	HG_11863	0	0	1	0	0	0
OG0011866	HG_11867	0	0	1	0	0	0
OG0011868	HG_11869	0	0	1	0	0	0
OG0011869	HG_11870	0	0	1	0	0	0
OG0011871	HG_11872	0	0	1	0	0	0
OG0011872	HG_11873	0	0	1	0	0	0
OG0011873	HG_11874	0	0	1	0	0	0
OG0011874	HG_11875	0	0	1	0	0	0
OG0011875	HG_11876	0	0	1	0	0	0
OG0011891	HG_11892	1	0	0	0	0	0
OG0011892	HG_11893	1	0	0	0	0	0
OG0011896	HG_11897	1	0	0	0	0	0
OG0011897	HG_11898	1	0	0	0	0	0
OG0011899	HG_11900	1	0	0	0	0	0
OG0011902	HG_11903	1	0	0	0	0	0
OG0011904	HG_11905	1	0	0	0	0	0
OG0011905	HG_11906	1	0	0	0	0	0
OG0011914	HG_11915	1	0	0	0	0	0
OG0011915	HG_11916	1	0	0	0	0	0
OG0011916	HG_11917	1	0	0	0	0	0
OG0011917	HG_11918	1	0	0	0	0	0
OG0012270	HG_12271	0	0	0	0	1	0
OG0012271	HG_12272	0	0	0	0	1	0
OG0012273	HG_12274	0	0	0	0	1	0
OG0012274	HG_12275	0	0	0	0	1	0
OG0012275	HG_12276	0	0	0	0	1	0
OG0012276	HG_12277	0	0	0	0	1	0
OG0012277	HG_12278	0	0	0	0	1	0
OG0012278	HG_12279	0	0	0	0	1	0
OG0012279	HG_12280	0	0	0	0	1	0
OG0012280	HG_12281	0	0	0	0	1	0
OG0012281	HG_12282	0	0	0	0	1	0
OG0012282	HG_12283	0	0	0	0	1	0
OG0012283	HG_12284	0	0	0	0	1	0
OG0012284	HG_12285	0	0	0	0	1	0
OG0012286	HG_12287	0	0	0	0	1	0
OG0012287	HG_12288	0	0	0	0	1	0
OG0012288	HG_12289	0	0	0	0	1	0
OG0012289	HG_12290	0	0	0	0	1	0
OG0012290	HG_12291	0	0	0	0	1	0
OG0012291	HG_12292	0	0	0	0	1	0
OG0012292	HG_12293	0	0	0	0	1	0
OG0012293	HG_12294	0	0	0	0	1	0
OG0012295	HG_12296	0	0	0	0	1	0
OG0012296	HG_12297	0	0	0	0	1	0
OG0012297	HG_12298	0	0	0	0	1	0
OG0012299	HG_12300	0	0	0	0	1	0
OG0012300	HG_12301	0	0	0	0	1	0
OG0012301	HG_12302	0	0	0	0	1	0
OG0012302	HG_12303	0	0	0	0	1	0
OG0012304	HG_12305	0	0	0	0	1	0
OG0012305	HG_12306	0	0	0	0	1	0
OG0012306	HG_12307	0	0	0	0	1	0
OG0012307	HG_12308	0	0	0	0	1	0
OG0012323	HG_12324	0	1	0	0	0	0
OG0012330	HG_12331	0	1	0	0	0	0
OG0012333	HG_12334	0	0	0	0	1	0
OG0012347	HG_12348	0	0	0	0	1	0
OG0012349	HG_12350	0	0	0	1	0	0
OG0012353	HG_12354	0	0	0	1	0	0
OG0012358	HG_12359	1	0	0	0	0	0
OG0012359	HG_12360	0	0	0	1	0	0
OG0012360	HG_12361	0	0	0	1	0	0
OG0012361	HG_12362	0	0	0	1	0	0
OG0012362	HG_12363	0	0	0	0	1	0
OG0012367	HG_12368	0	1	0	0	0	0
OG0012378	HG_12379	0	0	1	0	0	0
OG0012407	HG_12408	0	0	0	0	0	1
OG0012409	HG_12410	0	0	0	0	0	1
OG0012415	HG_12416	0	0	0	0	0	1
OG0012422	HG_12423	0	0	0	0	0	1
OG0012435	HG_12436	0	0	0	0	0	1
OG0012515	HG_12516	0	0	0	1	0	0
OG0012516	HG_12517	0	0	0	1	0	0
OG0012518	HG_12519	0	0	0	1	0	0
OG0012660	HG_12661	0	1	0	0	0	0
OG0012665	HG_12666	0	1	0	0	0	0
OG0012666	HG_12667	0	1	0	0	0	0
OG0012671	HG_12672	0	1	0	0	0	0
OG0012684	HG_12685	0	1	0	0	0	0
OG0012688	HG_12689	0	1	0	0	0	0
OG0012692	HG_12693	0	1	0	0	0	0
OG0012693	HG_12694	0	1	0	0	0	0
OG0012697	HG_12698	0	1	0	0	0	0
OG0012714	HG_12715	0	0	1	0	0	0
OG0012715	HG_12716	0	0	1	0	0	0
OG0012716	HG_12717	0	0	1	0	0	0
OG0012720	HG_12721	0	0	1	0	0	0
OG0012721	HG_12722	0	0	1	0	0	0
OG0012723	HG_12724	0	0	1	0	0	0
OG0012726	HG_12727	0	0	1	0	0	0
OG0012730	HG_12731	0	0	1	0	0	0
OG0012732	HG_12733	0	0	1	0	0	0
OG0012733	HG_12734	0	0	1	0	0	0
OG0012737	HG_12738	0	0	1	0	0	0
OG0012738	HG_12739	0	0	1	0	0	0
OG0012739	HG_12740	0	0	1	0	0	0
OG0012740	HG_12741	0	0	1	0	0	0
OG0012741	HG_12742	0	0	1	0	0	0
OG0012744	HG_12745	0	0	1	0	0	0
OG0012745	HG_12746	0	0	1	0	0	0
OG0012748	HG_12749	0	0	1	0	0	0
OG0012750	HG_12751	0	0	1	0	0	0
OG0012753	HG_12754	0	0	1	0	0	0
OG0012754	HG_12755	0	0	1	0	0	0
OG0012770	HG_12771	1	0	0	0	0	0
OG0012771	HG_12772	1	0	0	0	0	0
OG0012772	HG_12773	1	0	0	0	0	0
OG0012773	HG_12774	1	0	0	0	0	0
OG0012776	HG_12777	1	0	0	0	0	0
OG0012778	HG_12779	1	0	0	0	0	0
OG0012781	HG_12782	1	0	0	0	0	0
OG0012782	HG_12783	1	0	0	0	0	0
OG0012784	HG_12785	1	0	0	0	0	0
OG0012787	HG_12788	1	0	0	0	0	0
OG0012788	HG_12789	1	0	0	0	0	0
OG0012791	HG_12792	1	0	0	0	0	0
OG0012792	HG_12793	1	0	0	0	0	0
OG0012795	HG_12796	1	0	0	0	0	0
OG0013217	HG_13218	0	0	0	0	1	0
OG0013220	HG_13221	0	0	0	0	1	0
OG0013221	HG_13222	0	0	0	0	1	0
OG0013222	HG_13223	0	0	0	0	1	0
OG0013223	HG_13224	0	0	0	0	1	0
OG0013224	HG_13225	0	0	0	0	1	0
OG0013225	HG_13226	0	0	0	0	1	0
OG0013226	HG_13227	0	0	0	0	1	0
OG0013227	HG_13228	0	0	0	0	1	0
OG0013228	HG_13229	0	0	0	0	1	0
OG0013229	HG_13230	0	0	0	0	1	0
OG0013230	HG_13231	0	0	0	0	1	0
OG0013231	HG_13232	0	0	0	0	1	0
OG0013232	HG_13233	0	0	0	0	1	0
OG0013233	HG_13234	0	0	0	0	1	0
OG0013234	HG_13235	0	0	0	0	1	0
OG0013235	HG_13236	0	0	0	0	1	0
OG0013236	HG_13237	0	0	0	0	1	0
OG0013237	HG_13238	0	0	0	0	1	0
OG0013238	HG_13239	0	0	0	0	1	0
OG0013239	HG_13240	0	0	0	0	1	0
OG0013240	HG_13241	0	0	0	0	1	0
OG0013241	HG_13242	0	0	0	0	1	0
OG0013242	HG_13243	0	0	0	0	1	0
OG0013243	HG_13244	0	0	0	0	1	0
OG0013244	HG_13245	0	0	0	0	1	0
OG0013245	HG_13246	0	0	0	0	1	0
OG0013246	HG_13247	0	0	0	0	1	0
OG0013247	HG_13248	0	0	0	0	1	0
OG0013248	HG_13249	0	0	0	0	1	0
OG0013249	HG_13250	0	0	0	0	1	0
OG0013250	HG_13251	0	0	0	0	1	0
OG0013251	HG_13252	0	0	0	0	1	0
OG0013252	HG_13253	0	0	0	0	1	0
OG0013253	HG_13254	0	0	0	0	1	0
OG0013254	HG_13255	0	0	0	0	1	0
OG0013255	HG_13256	0	0	0	0	1	0
OG0013259	HG_13260	0	0	0	0	1	0
OG0013275	HG_13276	1	0	0	0	0	0
OG0013278	HG_13279	0	0	1	0	0	0
OG0013284	HG_13285	0	0	0	0	1	0
OG0013296	HG_13297	0	0	1	0	0	0
OG0013301	HG_13302	0	0	0	1	0	0
OG0013302	HG_13303	1	0	0	0	0	0
OG0013303	HG_13304	0	1	0	0	0	0
OG0013306	HG_13307	0	0	1	0	0	0
OG0013317	HG_13318	0	1	0	0	0	0
OG0013318	HG_13319	0	0	1	0	0	0
OG0013337	HG_13338	0	1	0	0	0	0
OG0013344	HG_13345	0	0	0	0	0	1
OG0013351	HG_13352	0	0	0	0	0	1
OG0013353	HG_13354	0	0	0	0	0	1
OG0013356	HG_13357	0	0	0	0	0	1
OG0013364	HG_13365	0	0	0	0	0	1
OG0013367	HG_13368	0	0	0	0	0	1
OG0013369	HG_13370	0	0	0	0	0	1
OG0013370	HG_13371	0	0	0	0	0	1
OG0013378	HG_13379	0	0	0	0	0	1
OG0013380	HG_13381	0	0	0	0	0	1
OG0013381	HG_13382	0	0	0	0	0	1
OG0013384	HG_13385	0	0	0	0	0	1
OG0013385	HG_13386	0	0	0	0	0	1
OG0013453	HG_13454	0	0	0	1	0	0
OG0013455	HG_13456	0	0	0	1	0	0
OG0013588	HG_13589	0	1	0	0	0	0
OG0013599	HG_13600	0	1	0	0	0	0
OG0013600	HG_13601	0	1	0	0	0	0
OG0013615	HG_13616	0	1	0	0	0	0
OG0013639	HG_13640	0	1	0	0	0	0
OG0013640	HG_13641	0	1	0	0	0	0
OG0013648	HG_13649	0	1	0	0	0	0
OG0013667	HG_13668	0	1	0	0	0	0
OG0013671	HG_13672	0	1	0	0	0	0
OG0013676	HG_13677	0	1	0	0	0	0
OG0013681	HG_13682	0	1	0	0	0	0
OG0013682	HG_13683	0	1	0	0	0	0
OG0013698	HG_13699	0	0	1	0	0	0
OG0013699	HG_13700	0	0	1	0	0	0
OG0013700	HG_13701	0	0	1	0	0	0
OG0013701	HG_13702	0	0	1	0	0	0
OG0013703	HG_13704	0	0	1	0	0	0
OG0013704	HG_13705	0	0	1	0	0	0
OG0013705	HG_13706	0	0	1	0	0	0
OG0013707	HG_13708	0	0	1	0	0	0
OG0013709	HG_13710	0	0	1	0	0	0
OG0013710	HG_13711	0	0	1	0	0	0
OG0013711	HG_13712	0	0	1	0	0	0
OG0013713	HG_13714	0	0	1	0	0	0
OG0013714	HG_13715	0	0	1	0	0	0
OG0013716	HG_13717	0	0	1	0	0	0
OG0013717	HG_13718	0	0	1	0	0	0
OG0013718	HG_13719	0	0	1	0	0	0
OG0013719	HG_13720	0	0	1	0	0	0
OG0013720	HG_13721	0	0	1	0	0	0
OG0013721	HG_13722	0	0	1	0	0	0
OG0013723	HG_13724	0	0	1	0	0	0
OG0013724	HG_13725	0	0	1	0	0	0
OG0013725	HG_13726	0	0	1	0	0	0
OG0013726	HG_13727	0	0	1	0	0	0
OG0013727	HG_13728	0	0	1	0	0	0
OG0013730	HG_13731	0	0	1	0	0	0
OG0013732	HG_13733	0	0	1	0	0	0
OG0013738	HG_13739	0	0	1	0	0	0
OG0013740	HG_13741	0	0	1	0	0	0
OG0013741	HG_13742	0	0	1	0	0	0
OG0013743	HG_13744	0	0	1	0	0	0
OG0013744	HG_13745	0	0	1	0	0	0
OG0013747	HG_13748	0	0	1	0	0	0
OG0013748	HG_13749	0	0	1	0	0	0
OG0013749	HG_13750	0	0	1	0	0	0
OG0013750	HG_13751	0	0	1	0	0	0
OG0013751	HG_13752	0	0	1	0	0	0
OG0013752	HG_13753	0	0	1	0	0	0
OG0013754	HG_13755	0	0	1	0	0	0
OG0013755	HG_13756	0	0	1	0	0	0
OG0013756	HG_13757	0	0	1	0	0	0
OG0013757	HG_13758	0	0	1	0	0	0
OG0013784	HG_13785	1	0	0	0	0	0
OG0013788	HG_13789	1	0	0	0	0	0
OG0013790	HG_13791	1	0	0	0	0	0
OG0013793	HG_13794	1	0	0	0	0	0
OG0013799	HG_13800	1	0	0	0	0	0
OG0013800	HG_13801	1	0	0	0	0	0
OG0013802	HG_13803	1	0	0	0	0	0
OG0013806	HG_13807	1	0	0	0	0	0
OG0013807	HG_13808	1	0	0	0	0	0
OG0013808	HG_13809	1	0	0	0	0	0
OG0013809	HG_13810	1	0	0	0	0	0
OG0013810	HG_13811	1	0	0	0	0	0
OG0013815	HG_13816	1	0	0	0	0	0
OG0013816	HG_13817	1	0	0	0	0	0
OG0013818	HG_13819	1	0	0	0	0	0
OG0013820	HG_13821	1	0	0	0	0	0
OG0013821	HG_13822	1	0	0	0	0	0
OG0013823	HG_13824	1	0	0	0	0	0
OG0013833	HG_13834	1	0	0	0	0	0
OG0013835	HG_13836	1	0	0	0	0	0
OG0013836	HG_13837	1	0	0	0	0	0
OG0014411	HG_14412	0	0	0	0	1	0
OG0014412	HG_14413	0	0	0	0	1	0
OG0014414	HG_14415	0	0	0	0	1	0
OG0014415	HG_14416	0	0	0	0	1	0
OG0014416	HG_14417	0	0	0	0	1	0
OG0014418	HG_14419	0	0	0	0	1	0
OG0014419	HG_14420	0	0	0	0	1	0
OG0014420	HG_14421	0	0	0	0	1	0
OG0014421	HG_14422	0	0	0	0	1	0
OG0014422	HG_14423	0	0	0	0	1	0
OG0014423	HG_14424	0	0	0	0	1	0
OG0014424	HG_14425	0	0	0	0	1	0
OG0014425	HG_14426	0	0	0	0	1	0
OG0014426	HG_14427	0	0	0	0	1	0
OG0014427	HG_14428	0	0	0	0	1	0
OG0014428	HG_14429	0	0	0	0	1	0
OG0014429	HG_14430	0	0	0	0	1	0
OG0014430	HG_14431	0	0	0	0	1	0
OG0014431	HG_14432	0	0	0	0	1	0
OG0014432	HG_14433	0	0	0	0	1	0
OG0014433	HG_14434	0	0	0	0	1	0
OG0014434	HG_14435	0	0	0	0	1	0
OG0014435	HG_14436	0	0	0	0	1	0
OG0014436	HG_14437	0	0	0	0	1	0
OG0014437	HG_14438	0	0	0	0	1	0
OG0014438	HG_14439	0	0	0	0	1	0
OG0014439	HG_14440	0	0	0	0	1	0
OG0014440	HG_14441	0	0	0	0	1	0
OG0014442	HG_14443	0	0	0	0	1	0
OG0014445	HG_14446	0	0	0	0	1	0
OG0014446	HG_14447	0	0	0	0	1	0
OG0014448	HG_14449	0	0	0	0	1	0
OG0014478	HG_14479	0	0	1	0	0	0
OG0014481	HG_14482	0	0	1	0	0	0
OG0014489	HG_14490	1	0	0	0	0	0
OG0014498	HG_14499	1	0	0	0	0	0
OG0014500	HG_14501	1	0	0	0	0	0
OG0014502	HG_14503	1	0	0	0	0	0
OG0014503	HG_14504	1	0	0	0	0	0
OG0014509	HG_14510	0	0	1	0	0	0
OG0014513	HG_14514	0	0	1	0	0	0
OG0014516	HG_14517	0	0	1	0	0	0
OG0014517	HG_14518	0	0	1	0	0	0
OG0014521	HG_14522	0	0	1	0	0	0
OG0014525	HG_14526	0	1	0	0	0	0
OG0014529	HG_14530	1	0	0	0	0	0
OG0014540	HG_14541	1	0	0	0	0	0
OG0014541	HG_14542	0	0	1	0	0	0
OG0014542	HG_14543	0	0	1	0	0	0
OG0014555	HG_14556	0	0	0	0	0	1
OG0014560	HG_14561	0	0	0	0	0	1
OG0014574	HG_14575	0	0	0	0	0	1
OG0014580	HG_14581	0	0	0	0	0	1
OG0014590	HG_14591	0	0	0	0	0	1
OG0014591	HG_14592	0	0	0	0	0	1
OG0014599	HG_14600	0	0	0	0	0	1
OG0014603	HG_14604	0	0	0	0	0	1
OG0014604	HG_14605	0	0	0	0	0	1
OG0014616	HG_14617	0	0	0	0	0	1
OG0014620	HG_14621	0	0	0	0	0	1
OG0014700	HG_14701	0	0	0	1	0	0
OG0014702	HG_14703	0	0	0	1	0	0
OG0014703	HG_14704	0	0	0	1	0	0
OG0014706	HG_14707	0	0	0	1	0	0
OG0014709	HG_14710	0	0	0	1	0	0
OG0014710	HG_14711	0	0	0	1	0	0
OG0014711	HG_14712	0	0	0	1	0	0
OG0014712	HG_14713	0	0	0	1	0	0
OG0014713	HG_14714	0	0	0	1	0	0
OG0014714	HG_14715	0	0	0	1	0	0
OG0014717	HG_14718	0	0	0	1	0	0
OG0014837	HG_14838	0	1	0	0	0	0
OG0014841	HG_14842	0	1	0	0	0	0
OG0014844	HG_14845	0	1	0	0	0	0
OG0014852	HG_14853	0	1	0	0	0	0
OG0014873	HG_14874	0	1	0	0	0	0
OG0014889	HG_14890	0	1	0	0	0	0
OG0014895	HG_14896	0	1	0	0	0	0
OG0014906	HG_14907	0	1	0	0	0	0
OG0014924	HG_14925	0	0	1	0	0	0
OG0014925	HG_14926	0	0	1	0	0	0
OG0014926	HG_14927	0	0	1	0	0	0
OG0014927	HG_14928	0	0	1	0	0	0
OG0014928	HG_14929	0	0	1	0	0	0
OG0014929	HG_14930	0	0	1	0	0	0
OG0014930	HG_14931	0	0	1	0	0	0
OG0014931	HG_14932	0	0	1	0	0	0
OG0014932	HG_14933	0	0	1	0	0	0
OG0014934	HG_14935	0	0	1	0	0	0
OG0014935	HG_14936	0	0	1	0	0	0
OG0014936	HG_14937	0	0	1	0	0	0
OG0014937	HG_14938	0	0	1	0	0	0
OG0014938	HG_14939	0	0	1	0	0	0
OG0014939	HG_14940	0	0	1	0	0	0
OG0014940	HG_14941	0	0	1	0	0	0
OG0014941	HG_14942	0	0	1	0	0	0
OG0014942	HG_14943	0	0	1	0	0	0
OG0014943	HG_14944	0	0	1	0	0	0
OG0014944	HG_14945	0	0	1	0	0	0
OG0014945	HG_14946	0	0	1	0	0	0
OG0014946	HG_14947	0	0	1	0	0	0
OG0014947	HG_14948	0	0	1	0	0	0
OG0014948	HG_14949	0	0	1	0	0	0
OG0014949	HG_14950	0	0	1	0	0	0
OG0014950	HG_14951	0	0	1	0	0	0
OG0014951	HG_14952	0	0	1	0	0	0
OG0014952	HG_14953	0	0	1	0	0	0
OG0014953	HG_14954	0	0	1	0	0	0
OG0014954	HG_14955	0	0	1	0	0	0
OG0014955	HG_14956	0	0	1	0	0	0
OG0014956	HG_14957	0	0	1	0	0	0
OG0014957	HG_14958	0	0	1	0	0	0
OG0014958	HG_14959	0	0	1	0	0	0
OG0014959	HG_14960	0	0	1	0	0	0
OG0014960	HG_14961	0	0	1	0	0	0
OG0014961	HG_14962	0	0	1	0	0	0
OG0014962	HG_14963	0	0	1	0	0	0
OG0014963	HG_14964	0	0	1	0	0	0
OG0014964	HG_14965	0	0	1	0	0	0
OG0014965	HG_14966	0	0	1	0	0	0
OG0014966	HG_14967	0	0	1	0	0	0
OG0014967	HG_14968	0	0	1	0	0	0
OG0014968	HG_14969	0	0	1	0	0	0
OG0014969	HG_14970	0	0	1	0	0	0
OG0014970	HG_14971	0	0	1	0	0	0
OG0014971	HG_14972	0	0	1	0	0	0
OG0014972	HG_14973	0	0	1	0	0	0
OG0014973	HG_14974	0	0	1	0	0	0
OG0014974	HG_14975	0	0	1	0	0	0
OG0014975	HG_14976	0	0	1	0	0	0
OG0014976	HG_14977	0	0	1	0	0	0
OG0014977	HG_14978	0	0	1	0	0	0
OG0014978	HG_14979	0	0	1	0	0	0
OG0014979	HG_14980	0	0	1	0	0	0
OG0014980	HG_14981	0	0	1	0	0	0
OG0014981	HG_14982	0	0	1	0	0	0
OG0014982	HG_14983	0	0	1	0	0	0
OG0014983	HG_14984	0	0	1	0	0	0
OG0014984	HG_14985	0	0	1	0	0	0
OG0014985	HG_14986	0	0	1	0	0	0
OG0014986	HG_14987	0	0	1	0	0	0
OG0014987	HG_14988	0	0	1	0	0	0
OG0014988	HG_14989	0	0	1	0	0	0
OG0014989	HG_14990	0	0	1	0	0	0
OG0014990	HG_14991	0	0	1	0	0	0
OG0014991	HG_14992	0	0	1	0	0	0
OG0014992	HG_14993	0	0	1	0	0	0
OG0014993	HG_14994	0	0	1	0	0	0
OG0014994	HG_14995	0	0	1	0	0	0
OG0014995	HG_14996	0	0	1	0	0	0
OG0014996	HG_14997	0	0	1	0	0	0
OG0014997	HG_14998	0	0	1	0	0	0
OG0014998	HG_14999	0	0	1	0	0	0
OG0014999	HG_15000	0	0	1	0	0	0
OG0015000	HG_15001	0	0	1	0	0	0
OG0015001	HG_15002	0	0	1	0	0	0
OG0015002	HG_15003	0	0	1	0	0	0
OG0015003	HG_15004	0	0	1	0	0	0
OG0015004	HG_15005	0	0	1	0	0	0
OG0015005	HG_15006	0	0	1	0	0	0
OG0015006	HG_15007	0	0	1	0	0	0
OG0015007	HG_15008	0	0	1	0	0	0
OG0015008	HG_15009	0	0	1	0	0	0
OG0015009	HG_15010	0	0	1	0	0	0
OG0015010	HG_15011	0	0	1	0	0	0
OG0015012	HG_15013	0	0	1	0	0	0
OG0015013	HG_15014	0	0	1	0	0	0
OG0015014	HG_15015	0	0	1	0	0	0
OG0015015	HG_15016	0	0	1	0	0	0
OG0015016	HG_15017	0	0	1	0	0	0
OG0015017	HG_15018	0	0	1	0	0	0
OG0015018	HG_15019	0	0	1	0	0	0
OG0015019	HG_15020	0	0	1	0	0	0
OG0015020	HG_15021	0	0	1	0	0	0
OG0015021	HG_15022	0	0	1	0	0	0
OG0015022	HG_15023	0	0	1	0	0	0
OG0015023	HG_15024	0	0	1	0	0	0
OG0015024	HG_15025	0	0	1	0	0	0
OG0015026	HG_15027	0	0	1	0	0	0
OG0015027	HG_15028	0	0	1	0	0	0
OG0015028	HG_15029	0	0	1	0	0	0
OG0015029	HG_15030	0	0	1	0	0	0
OG0015030	HG_15031	0	0	1	0	0	0
OG0015031	HG_15032	0	0	1	0	0	0
OG0015032	HG_15033	0	0	1	0	0	0
OG0015033	HG_15034	0	0	1	0	0	0
OG0015034	HG_15035	0	0	1	0	0	0
OG0015035	HG_15036	0	0	1	0	0	0
OG0015036	HG_15037	0	0	1	0	0	0
OG0015037	HG_15038	0	0	1	0	0	0
OG0015038	HG_15039	0	0	1	0	0	0
OG0015039	HG_15040	0	0	1	0	0	0
OG0015040	HG_15041	0	0	1	0	0	0
OG0015041	HG_15042	0	0	1	0	0	0
OG0015042	HG_15043	0	0	1	0	0	0
OG0015043	HG_15044	0	0	1	0	0	0
OG0015044	HG_15045	0	0	1	0	0	0
OG0015045	HG_15046	0	0	1	0	0	0
OG0015046	HG_15047	0	0	1	0	0	0
OG0015047	HG_15048	0	0	1	0	0	0
OG0015048	HG_15049	0	0	1	0	0	0
OG0015049	HG_15050	0	0	1	0	0	0
OG0015050	HG_15051	0	0	1	0	0	0
OG0015051	HG_15052	0	0	1	0	0	0
OG0015052	HG_15053	0	0	1	0	0	0
OG0015053	HG_15054	0	0	1	0	0	0
OG0015054	HG_15055	0	0	1	0	0	0
OG0015056	HG_15057	0	0	1	0	0	0
OG0015057	HG_15058	0	0	1	0	0	0
OG0015058	HG_15059	0	0	1	0	0	0
OG0015059	HG_15060	0	0	1	0	0	0
OG0015060	HG_15061	0	0	1	0	0	0
OG0015061	HG_15062	0	0	1	0	0	0
OG0015062	HG_15063	0	0	1	0	0	0
OG0015063	HG_15064	0	0	1	0	0	0
OG0015064	HG_15065	0	0	1	0	0	0
OG0015065	HG_15066	0	0	1	0	0	0
OG0015066	HG_15067	0	0	1	0	0	0
OG0015067	HG_15068	0	0	1	0	0	0
OG0015068	HG_15069	0	0	1	0	0	0
OG0015069	HG_15070	0	0	1	0	0	0
OG0015070	HG_15071	0	0	1	0	0	0
OG0015071	HG_15072	0	0	1	0	0	0
OG0015072	HG_15073	0	0	1	0	0	0
OG0015073	HG_15074	0	0	1	0	0	0
OG0015074	HG_15075	0	0	1	0	0	0
OG0015075	HG_15076	0	0	1	0	0	0
OG0015076	HG_15077	0	0	1	0	0	0
OG0015077	HG_15078	0	0	1	0	0	0
OG0015078	HG_15079	0	0	1	0	0	0
OG0015079	HG_15080	0	0	1	0	0	0
OG0015080	HG_15081	0	0	1	0	0	0
OG0015081	HG_15082	0	0	1	0	0	0
OG0015082	HG_15083	0	0	1	0	0	0
OG0015083	HG_15084	0	0	1	0	0	0
OG0015084	HG_15085	0	0	1	0	0	0
OG0015085	HG_15086	0	0	1	0	0	0
OG0015086	HG_15087	0	0	1	0	0	0
OG0015087	HG_15088	0	0	1	0	0	0
OG0015088	HG_15089	0	0	1	0	0	0
OG0015089	HG_15090	0	0	1	0	0	0
OG0015090	HG_15091	0	0	1	0	0	0
OG0015091	HG_15092	0	0	1	0	0	0
OG0015092	HG_15093	0	0	1	0	0	0
OG0015093	HG_15094	0	0	1	0	0	0
OG0015094	HG_15095	0	0	1	0	0	0
OG0015095	HG_15096	0	0	1	0	0	0
OG0015096	HG_15097	0	0	1	0	0	0
OG0015097	HG_15098	0	0	1	0	0	0
OG0015098	HG_15099	0	0	1	0	0	0
OG0015099	HG_15100	0	0	1	0	0	0
OG0015100	HG_15101	0	0	1	0	0	0
OG0015101	HG_15102	0	0	1	0	0	0
OG0015102	HG_15103	0	0	1	0	0	0
OG0015103	HG_15104	0	0	1	0	0	0
OG0015104	HG_15105	0	0	1	0	0	0
OG0015105	HG_15106	0	0	1	0	0	0
OG0015106	HG_15107	0	0	1	0	0	0
OG0015107	HG_15108	0	0	1	0	0	0
OG0015108	HG_15109	0	0	1	0	0	0
OG0015109	HG_15110	0	0	1	0	0	0
OG0015110	HG_15111	0	0	1	0	0	0
OG0015111	HG_15112	0	0	1	0	0	0
OG0015112	HG_15113	0	0	1	0	0	0
OG0015113	HG_15114	0	0	1	0	0	0
OG0015114	HG_15115	0	0	1	0	0	0
OG0015115	HG_15116	0	0	1	0	0	0
OG0015116	HG_15117	0	0	1	0	0	0
OG0015117	HG_15118	0	0	1	0	0	0
OG0015118	HG_15119	0	0	1	0	0	0
OG0015119	HG_15120	0	0	1	0	0	0
OG0015120	HG_15121	0	0	1	0	0	0
OG0015121	HG_15122	0	0	1	0	0	0
OG0015122	HG_15123	0	0	1	0	0	0
OG0015123	HG_15124	0	0	1	0	0	0
OG0015124	HG_15125	0	0	1	0	0	0
OG0015125	HG_15126	0	0	1	0	0	0
OG0015126	HG_15127	0	0	1	0	0	0
OG0015127	HG_15128	0	0	1	0	0	0
OG0015128	HG_15129	0	0	1	0	0	0
OG0015129	HG_15130	0	0	1	0	0	0
OG0015130	HG_15131	0	0	1	0	0	0
OG0015131	HG_15132	0	0	1	0	0	0
OG0015132	HG_15133	0	0	1	0	0	0
OG0015133	HG_15134	0	0	1	0	0	0
OG0015134	HG_15135	0	0	1	0	0	0
OG0015135	HG_15136	0	0	1	0	0	0
OG0015136	HG_15137	0	0	1	0	0	0
OG0015137	HG_15138	0	0	1	0	0	0
OG0015138	HG_15139	0	0	1	0	0	0
OG0015139	HG_15140	0	0	1	0	0	0
OG0015140	HG_15141	0	0	1	0	0	0
OG0015141	HG_15142	0	0	1	0	0	0
OG0015142	HG_15143	0	0	1	0	0	0
OG0015144	HG_15145	0	0	1	0	0	0
OG0015145	HG_15146	0	0	1	0	0	0
OG0015146	HG_15147	0	0	1	0	0	0
OG0015147	HG_15148	0	0	1	0	0	0
OG0015148	HG_15149	0	0	1	0	0	0
OG0015149	HG_15150	0	0	1	0	0	0
OG0015150	HG_15151	0	0	1	0	0	0
OG0015151	HG_15152	0	0	1	0	0	0
OG0015152	HG_15153	0	0	1	0	0	0
OG0015153	HG_15154	0	0	1	0	0	0
OG0015154	HG_15155	0	0	1	0	0	0
OG0015155	HG_15156	0	0	1	0	0	0
OG0015156	HG_15157	0	0	1	0	0	0
OG0015157	HG_15158	0	0	1	0	0	0
OG0015158	HG_15159	0	0	1	0	0	0
OG0015159	HG_15160	0	0	1	0	0	0
OG0015160	HG_15161	0	0	1	0	0	0
OG0015161	HG_15162	0	0	1	0	0	0
OG0015162	HG_15163	0	0	1	0	0	0
OG0015163	HG_15164	0	0	1	0	0	0
OG0015164	HG_15165	0	0	1	0	0	0
OG0015165	HG_15166	0	0	1	0	0	0
OG0015166	HG_15167	0	0	1	0	0	0
OG0015167	HG_15168	0	0	1	0	0	0
OG0015168	HG_15169	0	0	1	0	0	0
OG0015169	HG_15170	0	0	1	0	0	0
OG0015170	HG_15171	0	0	1	0	0	0
OG0015171	HG_15172	0	0	1	0	0	0
OG0015172	HG_15173	0	0	1	0	0	0
OG0015173	HG_15174	0	0	1	0	0	0
OG0015174	HG_15175	0	0	1	0	0	0
OG0015175	HG_15176	0	0	1	0	0	0
OG0015176	HG_15177	0	0	1	0	0	0
OG0015177	HG_15178	0	0	1	0	0	0
OG0015178	HG_15179	0	0	1	0	0	0
OG0015179	HG_15180	0	0	1	0	0	0
OG0015180	HG_15181	0	0	1	0	0	0
OG0015181	HG_15182	0	0	1	0	0	0
OG0015182	HG_15183	0	0	1	0	0	0
OG0015183	HG_15184	0	0	1	0	0	0
OG0015184	HG_15185	0	0	1	0	0	0
OG0015185	HG_15186	0	0	1	0	0	0
OG0015186	HG_15187	0	0	1	0	0	0
OG0015187	HG_15188	0	0	1	0	0	0
OG0015188	HG_15189	0	0	1	0	0	0
OG0015189	HG_15190	0	0	1	0	0	0
OG0015190	HG_15191	0	0	1	0	0	0
OG0015191	HG_15192	0	0	1	0	0	0
OG0015192	HG_15193	0	0	1	0	0	0
OG0015193	HG_15194	0	0	1	0	0	0
OG0015194	HG_15195	0	0	1	0	0	0
OG0015195	HG_15196	0	0	1	0	0	0
OG0015196	HG_15197	0	0	1	0	0	0
OG0015197	HG_15198	0	0	1	0	0	0
OG0015198	HG_15199	0	0	1	0	0	0
OG0015199	HG_15200	0	0	1	0	0	0
OG0015200	HG_15201	0	0	1	0	0	0
OG0015201	HG_15202	0	0	1	0	0	0
OG0015202	HG_15203	0	0	1	0	0	0
OG0015203	HG_15204	0	0	1	0	0	0
OG0015204	HG_15205	0	0	1	0	0	0
OG0015205	HG_15206	0	0	1	0	0	0
OG0015206	HG_15207	0	0	1	0	0	0
OG0015207	HG_15208	0	0	1	0	0	0
OG0015208	HG_15209	0	0	1	0	0	0
OG0015209	HG_15210	0	0	1	0	0	0
OG0015210	HG_15211	0	0	1	0	0	0
OG0015211	HG_15212	0	0	1	0	0	0
OG0015212	HG_15213	0	0	1	0	0	0
OG0015213	HG_15214	0	0	1	0	0	0
OG0015214	HG_15215	0	0	1	0	0	0
OG0015215	HG_15216	0	0	1	0	0	0
OG0015216	HG_15217	0	0	1	0	0	0
OG0015217	HG_15218	0	0	1	0	0	0
OG0015218	HG_15219	0	0	1	0	0	0
OG0015219	HG_15220	0	0	1	0	0	0
OG0015220	HG_15221	0	0	1	0	0	0
OG0015221	HG_15222	0	0	1	0	0	0
OG0015222	HG_15223	0	0	1	0	0	0
OG0015223	HG_15224	0	0	1	0	0	0
OG0015224	HG_15225	0	0	1	0	0	0
OG0015226	HG_15227	0	0	1	0	0	0
OG0015227	HG_15228	0	0	1	0	0	0
OG0015228	HG_15229	0	0	1	0	0	0
OG0015229	HG_15230	0	0	1	0	0	0
OG0015230	HG_15231	0	0	1	0	0	0
OG0015231	HG_15232	0	0	1	0	0	0
OG0015232	HG_15233	0	0	1	0	0	0
OG0015233	HG_15234	0	0	1	0	0	0
OG0015234	HG_15235	0	0	1	0	0	0
OG0015235	HG_15236	0	0	1	0	0	0
OG0015236	HG_15237	0	0	1	0	0	0
OG0015237	HG_15238	0	0	1	0	0	0
OG0015238	HG_15239	0	0	1	0	0	0
OG0015239	HG_15240	0	0	1	0	0	0
OG0015240	HG_15241	0	0	1	0	0	0
OG0015241	HG_15242	0	0	1	0	0	0
OG0015242	HG_15243	0	0	1	0	0	0
OG0015243	HG_15244	0	0	1	0	0	0
OG0015244	HG_15245	0	0	1	0	0	0
OG0015245	HG_15246	0	0	1	0	0	0
OG0015246	HG_15247	0	0	1	0	0	0
OG0015247	HG_15248	0	0	1	0	0	0
OG0015248	HG_15249	0	0	1	0	0	0
OG0015249	HG_15250	0	0	1	0	0	0
OG0015282	HG_15283	1	0	0	0	0	0
OG0015284	HG_15285	1	0	0	0	0	0
OG0015285	HG_15286	1	0	0	0	0	0
OG0015286	HG_15287	1	0	0	0	0	0
OG0015287	HG_15288	1	0	0	0	0	0
OG0015290	HG_15291	1	0	0	0	0	0
OG0015291	HG_15292	1	0	0	0	0	0
OG0015292	HG_15293	1	0	0	0	0	0
OG0015295	HG_15296	1	0	0	0	0	0
OG0015296	HG_15297	1	0	0	0	0	0
OG0015297	HG_15298	1	0	0	0	0	0
OG0015298	HG_15299	1	0	0	0	0	0
OG0015299	HG_15300	1	0	0	0	0	0
OG0015300	HG_15301	1	0	0	0	0	0
OG0015302	HG_15303	1	0	0	0	0	0
OG0015303	HG_15304	1	0	0	0	0	0
OG0015305	HG_15306	1	0	0	0	0	0
OG0015306	HG_15307	1	0	0	0	0	0
OG0015307	HG_15308	1	0	0	0	0	0
OG0015308	HG_15309	1	0	0	0	0	0
OG0015309	HG_15310	1	0	0	0	0	0
OG0015310	HG_15311	1	0	0	0	0	0
OG0015313	HG_15314	1	0	0	0	0	0
OG0015314	HG_15315	1	0	0	0	0	0
OG0015315	HG_15316	1	0	0	0	0	0
OG0015316	HG_15317	1	0	0	0	0	0
OG0015317	HG_15318	1	0	0	0	0	0
OG0015318	HG_15319	1	0	0	0	0	0
OG0015322	HG_15323	1	0	0	0	0	0
OG0015325	HG_15326	1	0	0	0	0	0
OG0015328	HG_15329	1	0	0	0	0	0
OG0015329	HG_15330	1	0	0	0	0	0
OG0015330	HG_15331	1	0	0	0	0	0
OG0015332	HG_15333	1	0	0	0	0	0
OG0015336	HG_15337	1	0	0	0	0	0
OG0015339	HG_15340	1	0	0	0	0	0
OG0015341	HG_15342	1	0	0	0	0	0
OG0015345	HG_15346	1	0	0	0	0	0
OG0015346	HG_15347	1	0	0	0	0	0
OG0016204	HG_16205	0	0	0	0	1	0
OG0016205	HG_16206	0	0	0	0	1	0
OG0016206	HG_16207	0	0	0	0	1	0
OG0016207	HG_16208	0	0	0	0	1	0
OG0016208	HG_16209	0	0	0	0	1	0
OG0016209	HG_16210	0	0	0	0	1	0
OG0016210	HG_16211	0	0	0	0	1	0
OG0016211	HG_16212	0	0	0	0	1	0
OG0016213	HG_16214	0	0	0	0	1	0
OG0016214	HG_16215	0	0	0	0	1	0
OG0016215	HG_16216	0	0	0	0	1	0
OG0016216	HG_16217	0	0	0	0	1	0
OG0016217	HG_16218	0	0	0	0	1	0
OG0016220	HG_16221	0	0	0	0	1	0
OG0016221	HG_16222	0	0	0	0	1	0
OG0016222	HG_16223	0	0	0	0	1	0
OG0016223	HG_16224	0	0	0	0	1	0
OG0016224	HG_16225	0	0	0	0	1	0
OG0016225	HG_16226	0	0	0	0	1	0
OG0016226	HG_16227	0	0	0	0	1	0
OG0016227	HG_16228	0	0	0	0	1	0
OG0016229	HG_16230	0	0	0	0	1	0
OG0016231	HG_16232	0	0	0	0	1	0
OG0016232	HG_16233	0	0	0	0	1	0
OG0016233	HG_16234	0	0	0	0	1	0
OG0016234	HG_16235	0	0	0	0	1	0
OG0016235	HG_16236	0	0	0	0	1	0
OG0016236	HG_16237	0	0	0	0	1	0
OG0016237	HG_16238	0	0	0	0	1	0
OG0016238	HG_16239	0	0	0	0	1	0
OG0016239	HG_16240	0	0	0	0	1	0
OG0016241	HG_16242	0	0	0	0	1	0
OG0016242	HG_16243	0	0	0	0	1	0
OG0016243	HG_16244	0	0	0	0	1	0
OG0016244	HG_16245	0	0	0	0	1	0
OG0016245	HG_16246	0	0	0	0	1	0
OG0016246	HG_16247	0	0	0	0	1	0
OG0016248	HG_16249	0	0	0	0	1	0
OG0016249	HG_16250	0	0	0	0	1	0
OG0016251	HG_16252	0	0	0	0	1	0
OG0016252	HG_16253	0	0	0	0	1	0
OG0016255	HG_16256	0	0	0	0	1	0
OG0016258	HG_16259	0	0	0	0	1	0
OG0016298	HG_16299	0	0	1	0	0	0
OG0016303	HG_16304	1	0	0	0	0	0
OG0016305	HG_16306	0	1	0	0	0	0
OG0016308	HG_16309	0	0	0	1	0	0
OG0016309	HG_16310	1	0	0	0	0	0
OG0016319	HG_16320	1	0	0	0	0	0
OG0016321	HG_16322	0	0	1	0	0	0
OG0016327	HG_16328	1	0	0	0	0	0
OG0016335	HG_16336	1	0	0	0	0	0
OG0016339	HG_16340	0	0	1	0	0	0
OG0016343	HG_16344	1	0	0	0	0	0
OG0016344	HG_16345	0	0	1	0	0	0
OG0016351	HG_16352	1	0	0	0	0	0
OG0016352	HG_16353	1	0	0	0	0	0
OG0016353	HG_16354	1	0	0	0	0	0
OG0016354	HG_16355	0	1	0	0	0	0
OG0016358	HG_16359	1	0	0	0	0	0
OG0016359	HG_16360	1	0	0	0	0	0
OG0016362	HG_16363	1	0	0	0	0	0
OG0016366	HG_16367	0	0	1	0	0	0
OG0016368	HG_16369	0	0	1	0	0	0
OG0016370	HG_16371	1	0	0	0	0	0
OG0016371	HG_16372	0	0	1	0	0	0
OG0016373	HG_16374	1	0	0	0	0	0
OG0016374	HG_16375	0	0	1	0	0	0
OG0016385	HG_16386	0	0	0	0	0	1
OG0016389	HG_16390	0	0	0	0	0	1
OG0016393	HG_16394	0	0	0	0	0	1
OG0016400	HG_16401	0	0	0	0	0	1
OG0016406	HG_16407	0	0	0	0	0	1
OG0016408	HG_16409	0	0	0	0	0	1
OG0016409	HG_16410	0	0	0	0	0	1
OG0016417	HG_16418	0	0	0	0	0	1
OG0016420	HG_16421	0	0	0	0	0	1
OG0016426	HG_16427	0	0	0	0	0	1
OG0016427	HG_16428	0	0	0	0	0	1
OG0016433	HG_16434	0	0	0	0	0	1
OG0016436	HG_16437	0	0	0	0	0	1
OG0016441	HG_16442	0	0	0	0	0	1
OG0016455	HG_16456	0	0	0	0	0	1
OG0016457	HG_16458	0	0	0	0	0	1
OG0016461	HG_16462	0	0	0	0	0	1
OG0016464	HG_16465	0	0	0	0	0	1
OG0016467	HG_16468	0	0	0	0	0	1
OG0016473	HG_16474	0	0	0	0	0	1
OG0016474	HG_16475	0	0	0	0	0	1
OG0016476	HG_16477	0	0	0	0	0	1
OG0016479	HG_16480	0	0	0	0	0	1
OG0016491	HG_16492	0	0	0	0	0	1
OG0016492	HG_16493	0	0	0	0	0	1
OG0016495	HG_16496	0	0	0	0	0	1
OG0016523	HG_16524	0	0	0	0	0	1
OG0016524	HG_16525	0	0	0	0	0	1
OG0016600	HG_16601	0	0	0	1	0	0
OG0016602	HG_16603	0	0	0	1	0	0
OG0016603	HG_16604	0	0	0	1	0	0
OG0016604	HG_16605	0	0	0	1	0	0
OG0016610	HG_16611	0	0	0	1	0	0
OG0016613	HG_16614	0	0	0	1	0	0
OG0016614	HG_16615	0	0	0	1	0	0
OG0016615	HG_16616	0	0	0	1	0	0
OG0016619	HG_16620	0	0	0	1	0	0
OG0016621	HG_16622	0	0	0	1	0	0
OG0016623	HG_16624	0	0	0	1	0	0
OG0016624	HG_16625	0	0	0	1	0	0
OG0016627	HG_16628	0	0	0	1	0	0
OG0016628	HG_16629	0	0	0	1	0	0
OG0016629	HG_16630	0	0	0	1	0	0
OG0016630	HG_16631	0	0	0	1	0	0
OG0016631	HG_16632	0	0	0	1	0	0
OG0016635	HG_16636	0	0	0	1	0	0
OG0016638	HG_16639	0	0	0	1	0	0
OG0016639	HG_16640	0	0	0	1	0	0
OG0016640	HG_16641	0	0	0	1	0	0
OG0016642	HG_16643	0	0	0	1	0	0
OG0016643	HG_16644	0	0	0	1	0	0
OG0016804	HG_16805	0	1	0	0	0	0
OG0016805	HG_16806	0	1	0	0	0	0
OG0016806	HG_16807	0	1	0	0	0	0
OG0016807	HG_16808	0	1	0	0	0	0
OG0016808	HG_16809	0	1	0	0	0	0
OG0016810	HG_16811	0	1	0	0	0	0
OG0016813	HG_16814	0	1	0	0	0	0
OG0016814	HG_16815	0	1	0	0	0	0
OG0016816	HG_16817	0	1	0	0	0	0
OG0016817	HG_16818	0	1	0	0	0	0
OG0016818	HG_16819	0	1	0	0	0	0
OG0016819	HG_16820	0	1	0	0	0	0
OG0016821	HG_16822	0	1	0	0	0	0
OG0016823	HG_16824	0	1	0	0	0	0
OG0016826	HG_16827	0	1	0	0	0	0
OG0016828	HG_16829	0	1	0	0	0	0
OG0016830	HG_16831	0	1	0	0	0	0
OG0016832	HG_16833	0	1	0	0	0	0
OG0016833	HG_16834	0	1	0	0	0	0
OG0016834	HG_16835	0	1	0	0	0	0
OG0016835	HG_16836	0	1	0	0	0	0
OG0016840	HG_16841	0	1	0	0	0	0
OG0016841	HG_16842	0	1	0	0	0	0
OG0016843	HG_16844	0	1	0	0	0	0
OG0016844	HG_16845	0	1	0	0	0	0
OG0016846	HG_16847	0	1	0	0	0	0
OG0016847	HG_16848	0	1	0	0	0	0
OG0016848	HG_16849	0	1	0	0	0	0
OG0016851	HG_16852	0	1	0	0	0	0
OG0016852	HG_16853	0	1	0	0	0	0
OG0016853	HG_16854	0	1	0	0	0	0
OG0016856	HG_16857	0	1	0	0	0	0
OG0016859	HG_16860	0	1	0	0	0	0
OG0016860	HG_16861	0	1	0	0	0	0
OG0016861	HG_16862	0	1	0	0	0	0
OG0016862	HG_16863	0	1	0	0	0	0
OG0016863	HG_16864	0	1	0	0	0	0
OG0016864	HG_16865	0	1	0	0	0	0
OG0016865	HG_16866	0	1	0	0	0	0
OG0016866	HG_16867	0	1	0	0	0	0
OG0016869	HG_16870	0	1	0	0	0	0
OG0016870	HG_16871	0	1	0	0	0	0
OG0016871	HG_16872	0	1	0	0	0	0
OG0016872	HG_16873	0	1	0	0	0	0
OG0016873	HG_16874	0	1	0	0	0	0
OG0016874	HG_16875	0	1	0	0	0	0
OG0016877	HG_16878	0	1	0	0	0	0
OG0016878	HG_16879	0	1	0	0	0	0
OG0016879	HG_16880	0	1	0	0	0	0
OG0016881	HG_16882	0	1	0	0	0	0
OG0016882	HG_16883	0	1	0	0	0	0
OG0016887	HG_16888	0	1	0	0	0	0
OG0016888	HG_16889	0	1	0	0	0	0
OG0016889	HG_16890	0	1	0	0	0	0
OG0016892	HG_16893	0	1	0	0	0	0
OG0016893	HG_16894	0	1	0	0	0	0
OG0016894	HG_16895	0	1	0	0	0	0
OG0016895	HG_16896	0	1	0	0	0	0
OG0016899	HG_16900	0	1	0	0	0	0
OG0016920	HG_16921	0	1	0	0	0	0
OG0016921	HG_16922	0	0	1	0	0	0
OG0016922	HG_16923	0	0	1	0	0	0
OG0016923	HG_16924	0	0	1	0	0	0
OG0016924	HG_16925	0	0	1	0	0	0
OG0016925	HG_16926	0	0	1	0	0	0
OG0016926	HG_16927	0	0	1	0	0	0
OG0016927	HG_16928	0	0	1	0	0	0
OG0016928	HG_16929	0	0	1	0	0	0
OG0016929	HG_16930	0	0	1	0	0	0
OG0016930	HG_16931	0	0	1	0	0	0
OG0016931	HG_16932	0	0	1	0	0	0
OG0016932	HG_16933	0	0	1	0	0	0
OG0016933	HG_16934	0	0	1	0	0	0
OG0016934	HG_16935	0	0	1	0	0	0
OG0016935	HG_16936	0	0	1	0	0	0
OG0016936	HG_16937	0	0	1	0	0	0
OG0016937	HG_16938	0	0	1	0	0	0
OG0016938	HG_16939	0	0	1	0	0	0
OG0016939	HG_16940	0	0	1	0	0	0
OG0016940	HG_16941	0	0	1	0	0	0
OG0016941	HG_16942	0	0	1	0	0	0
OG0016942	HG_16943	0	0	1	0	0	0
OG0016943	HG_16944	0	0	1	0	0	0
OG0016944	HG_16945	0	0	1	0	0	0
OG0016945	HG_16946	0	0	1	0	0	0
OG0016946	HG_16947	0	0	1	0	0	0
OG0016947	HG_16948	0	0	1	0	0	0
OG0016949	HG_16950	0	0	1	0	0	0
OG0016950	HG_16951	0	0	1	0	0	0
OG0016951	HG_16952	0	0	1	0	0	0
OG0016952	HG_16953	0	0	1	0	0	0
OG0016953	HG_16954	0	0	1	0	0	0
OG0016954	HG_16955	0	0	1	0	0	0
OG0016955	HG_16956	0	0	1	0	0	0
OG0016956	HG_16957	0	0	1	0	0	0
OG0016957	HG_16958	0	0	1	0	0	0
OG0016958	HG_16959	0	0	1	0	0	0
OG0016959	HG_16960	0	0	1	0	0	0
OG0016960	HG_16961	0	0	1	0	0	0
OG0016961	HG_16962	0	0	1	0	0	0
OG0016962	HG_16963	0	0	1	0	0	0
OG0016963	HG_16964	0	0	1	0	0	0
OG0016964	HG_16965	0	0	1	0	0	0
OG0016965	HG_16966	0	0	1	0	0	0
OG0016966	HG_16967	0	0	1	0	0	0
OG0016967	HG_16968	0	0	1	0	0	0
OG0016968	HG_16969	0	0	1	0	0	0
OG0016969	HG_16970	0	0	1	0	0	0
OG0016970	HG_16971	0	0	1	0	0	0
OG0016971	HG_16972	0	0	1	0	0	0
OG0016972	HG_16973	0	0	1	0	0	0
OG0016973	HG_16974	0	0	1	0	0	0
OG0016974	HG_16975	0	0	1	0	0	0
OG0016975	HG_16976	0	0	1	0	0	0
OG0016976	HG_16977	0	0	1	0	0	0
OG0016977	HG_16978	0	0	1	0	0	0
OG0016978	HG_16979	0	0	1	0	0	0
OG0016979	HG_16980	0	0	1	0	0	0
OG0016980	HG_16981	0	0	1	0	0	0
OG0016981	HG_16982	0	0	1	0	0	0
OG0016982	HG_16983	0	0	1	0	0	0
OG0016983	HG_16984	0	0	1	0	0	0
OG0016984	HG_16985	0	0	1	0	0	0
OG0016985	HG_16986	0	0	1	0	0	0
OG0016986	HG_16987	0	0	1	0	0	0
OG0016987	HG_16988	0	0	1	0	0	0
OG0016988	HG_16989	0	0	1	0	0	0
OG0016989	HG_16990	0	0	1	0	0	0
OG0016990	HG_16991	0	0	1	0	0	0
OG0016991	HG_16992	0	0	1	0	0	0
OG0016992	HG_16993	0	0	1	0	0	0
OG0016993	HG_16994	0	0	1	0	0	0
OG0016994	HG_16995	0	0	1	0	0	0
OG0016995	HG_16996	0	0	1	0	0	0
OG0016996	HG_16997	0	0	1	0	0	0
OG0016997	HG_16998	0	0	1	0	0	0
OG0016998	HG_16999	0	0	1	0	0	0
OG0016999	HG_17000	0	0	1	0	0	0
OG0017000	HG_17001	0	0	1	0	0	0
OG0017001	HG_17002	0	0	1	0	0	0
OG0017002	HG_17003	0	0	1	0	0	0
OG0017003	HG_17004	0	0	1	0	0	0
OG0017004	HG_17005	0	0	1	0	0	0
OG0017005	HG_17006	0	0	1	0	0	0
OG0017006	HG_17007	0	0	1	0	0	0
OG0017007	HG_17008	0	0	1	0	0	0
OG0017008	HG_17009	0	0	1	0	0	0
OG0017009	HG_17010	0	0	1	0	0	0
OG0017010	HG_17011	0	0	1	0	0	0
OG0017011	HG_17012	0	0	1	0	0	0
OG0017012	HG_17013	0	0	1	0	0	0
OG0017013	HG_17014	0	0	1	0	0	0
OG0017014	HG_17015	0	0	1	0	0	0
OG0017015	HG_17016	0	0	1	0	0	0
OG0017016	HG_17017	0	0	1	0	0	0
OG0017017	HG_17018	0	0	1	0	0	0
OG0017018	HG_17019	0	0	1	0	0	0
OG0017019	HG_17020	0	0	1	0	0	0
OG0017020	HG_17021	0	0	1	0	0	0
OG0017021	HG_17022	0	0	1	0	0	0
OG0017022	HG_17023	0	0	1	0	0	0
OG0017023	HG_17024	0	0	1	0	0	0
OG0017025	HG_17026	0	0	1	0	0	0
OG0017026	HG_17027	0	0	1	0	0	0
OG0017027	HG_17028	0	0	1	0	0	0
OG0017028	HG_17029	0	0	1	0	0	0
OG0017029	HG_17030	0	0	1	0	0	0
OG0017030	HG_17031	0	0	1	0	0	0
OG0017031	HG_17032	0	0	1	0	0	0
OG0017032	HG_17033	0	0	1	0	0	0
OG0017033	HG_17034	0	0	1	0	0	0
OG0017034	HG_17035	0	0	1	0	0	0
OG0017035	HG_17036	0	0	1	0	0	0
OG0017036	HG_17037	0	0	1	0	0	0
OG0017037	HG_17038	0	0	1	0	0	0
OG0017038	HG_17039	0	0	1	0	0	0
OG0017039	HG_17040	0	0	1	0	0	0
OG0017040	HG_17041	0	0	1	0	0	0
OG0017041	HG_17042	0	0	1	0	0	0
OG0017042	HG_17043	0	0	1	0	0	0
OG0017043	HG_17044	0	0	1	0	0	0
OG0017044	HG_17045	0	0	1	0	0	0
OG0017045	HG_17046	0	0	1	0	0	0
OG0017046	HG_17047	0	0	1	0	0	0
OG0017047	HG_17048	0	0	1	0	0	0
OG0017048	HG_17049	0	0	1	0	0	0
OG0017049	HG_17050	0	0	1	0	0	0
OG0017050	HG_17051	0	0	1	0	0	0
OG0017051	HG_17052	0	0	1	0	0	0
OG0017052	HG_17053	0	0	1	0	0	0
OG0017053	HG_17054	0	0	1	0	0	0
OG0017054	HG_17055	0	0	1	0	0	0
OG0017055	HG_17056	0	0	1	0	0	0
OG0017056	HG_17057	0	0	1	0	0	0
OG0017057	HG_17058	0	0	1	0	0	0
OG0017058	HG_17059	0	0	1	0	0	0
OG0017059	HG_17060	0	0	1	0	0	0
OG0017060	HG_17061	0	0	1	0	0	0
OG0017061	HG_17062	0	0	1	0	0	0
OG0017062	HG_17063	0	0	1	0	0	0
OG0017063	HG_17064	0	0	1	0	0	0
OG0017064	HG_17065	0	0	1	0	0	0
OG0017065	HG_17066	0	0	1	0	0	0
OG0017066	HG_17067	0	0	1	0	0	0
OG0017067	HG_17068	0	0	1	0	0	0
OG0017068	HG_17069	0	0	1	0	0	0
OG0017069	HG_17070	0	0	1	0	0	0
OG0017070	HG_17071	0	0	1	0	0	0
OG0017071	HG_17072	0	0	1	0	0	0
OG0017072	HG_17073	0	0	1	0	0	0
OG0017073	HG_17074	0	0	1	0	0	0
OG0017074	HG_17075	0	0	1	0	0	0
OG0017075	HG_17076	0	0	1	0	0	0
OG0017076	HG_17077	0	0	1	0	0	0
OG0017077	HG_17078	0	0	1	0	0	0
OG0017078	HG_17079	0	0	1	0	0	0
OG0017079	HG_17080	0	0	1	0	0	0
OG0017080	HG_17081	0	0	1	0	0	0
OG0017081	HG_17082	0	0	1	0	0	0
OG0017082	HG_17083	0	0	1	0	0	0
OG0017083	HG_17084	0	0	1	0	0	0
OG0017084	HG_17085	0	0	1	0	0	0
OG0017085	HG_17086	0	0	1	0	0	0
OG0017086	HG_17087	0	0	1	0	0	0
OG0017087	HG_17088	0	0	1	0	0	0
OG0017088	HG_17089	0	0	1	0	0	0
OG0017089	HG_17090	0	0	1	0	0	0
OG0017090	HG_17091	0	0	1	0	0	0
OG0017091	HG_17092	0	0	1	0	0	0
OG0017092	HG_17093	0	0	1	0	0	0
OG0017093	HG_17094	0	0	1	0	0	0
OG0017094	HG_17095	0	0	1	0	0	0
OG0017095	HG_17096	0	0	1	0	0	0
OG0017096	HG_17097	0	0	1	0	0	0
OG0017097	HG_17098	0	0	1	0	0	0
OG0017098	HG_17099	0	0	1	0	0	0
OG0017099	HG_17100	0	0	1	0	0	0
OG0017100	HG_17101	0	0	1	0	0	0
OG0017101	HG_17102	0	0	1	0	0	0
OG0017102	HG_17103	0	0	1	0	0	0
OG0017103	HG_17104	0	0	1	0	0	0
OG0017104	HG_17105	0	0	1	0	0	0
OG0017105	HG_17106	0	0	1	0	0	0
OG0017106	HG_17107	0	0	1	0	0	0
OG0017107	HG_17108	0	0	1	0	0	0
OG0017108	HG_17109	0	0	1	0	0	0
OG0017110	HG_17111	0	0	1	0	0	0
OG0017111	HG_17112	0	0	1	0	0	0
OG0017112	HG_17113	0	0	1	0	0	0
OG0017113	HG_17114	0	0	1	0	0	0
OG0017114	HG_17115	0	0	1	0	0	0
OG0017115	HG_17116	0	0	1	0	0	0
OG0017116	HG_17117	0	0	1	0	0	0
OG0017117	HG_17118	0	0	1	0	0	0
OG0017118	HG_17119	0	0	1	0	0	0
OG0017119	HG_17120	0	0	1	0	0	0
OG0017120	HG_17121	0	0	1	0	0	0
OG0017121	HG_17122	0	0	1	0	0	0
OG0017122	HG_17123	0	0	1	0	0	0
OG0017123	HG_17124	0	0	1	0	0	0
OG0017124	HG_17125	0	0	1	0	0	0
OG0017125	HG_17126	0	0	1	0	0	0
OG0017127	HG_17128	0	0	1	0	0	0
OG0017128	HG_17129	0	0	1	0	0	0
OG0017129	HG_17130	0	0	1	0	0	0
OG0017131	HG_17132	0	0	1	0	0	0
OG0017132	HG_17133	0	0	1	0	0	0
OG0017133	HG_17134	0	0	1	0	0	0
OG0017134	HG_17135	0	0	1	0	0	0
OG0017135	HG_17136	0	0	1	0	0	0
OG0017136	HG_17137	0	0	1	0	0	0
OG0017137	HG_17138	0	0	1	0	0	0
OG0017138	HG_17139	0	0	1	0	0	0
OG0017139	HG_17140	0	0	1	0	0	0
OG0017140	HG_17141	0	0	1	0	0	0
OG0017141	HG_17142	0	0	1	0	0	0
OG0017142	HG_17143	0	0	1	0	0	0
OG0017143	HG_17144	0	0	1	0	0	0
OG0017144	HG_17145	0	0	1	0	0	0
OG0017145	HG_17146	0	0	1	0	0	0
OG0017146	HG_17147	0	0	1	0	0	0
OG0017147	HG_17148	0	0	1	0	0	0
OG0017148	HG_17149	0	0	1	0	0	0
OG0017149	HG_17150	0	0	1	0	0	0
OG0017151	HG_17152	0	0	1	0	0	0
OG0017152	HG_17153	0	0	1	0	0	0
OG0017153	HG_17154	0	0	1	0	0	0
OG0017154	HG_17155	0	0	1	0	0	0
OG0017155	HG_17156	0	0	1	0	0	0
OG0017156	HG_17157	0	0	1	0	0	0
OG0017157	HG_17158	0	0	1	0	0	0
OG0017158	HG_17159	0	0	1	0	0	0
OG0017159	HG_17160	0	0	1	0	0	0
OG0017160	HG_17161	0	0	1	0	0	0
OG0017161	HG_17162	0	0	1	0	0	0
OG0017162	HG_17163	0	0	1	0	0	0
OG0017163	HG_17164	0	0	1	0	0	0
OG0017164	HG_17165	0	0	1	0	0	0
OG0017165	HG_17166	0	0	1	0	0	0
OG0017166	HG_17167	0	0	1	0	0	0
OG0017167	HG_17168	0	0	1	0	0	0
OG0017168	HG_17169	0	0	1	0	0	0
OG0017169	HG_17170	0	0	1	0	0	0
OG0017170	HG_17171	0	0	1	0	0	0
OG0017171	HG_17172	0	0	1	0	0	0
OG0017172	HG_17173	0	0	1	0	0	0
OG0017173	HG_17174	0	0	1	0	0	0
OG0017174	HG_17175	0	0	1	0	0	0
OG0017175	HG_17176	0	0	1	0	0	0
OG0017176	HG_17177	0	0	1	0	0	0
OG0017177	HG_17178	0	0	1	0	0	0
OG0017179	HG_17180	0	0	1	0	0	0
OG0017180	HG_17181	0	0	1	0	0	0
OG0017181	HG_17182	0	0	1	0	0	0
OG0017182	HG_17183	0	0	1	0	0	0
OG0017183	HG_17184	0	0	1	0	0	0
OG0017184	HG_17185	0	0	1	0	0	0
OG0017185	HG_17186	0	0	1	0	0	0
OG0017186	HG_17187	0	0	1	0	0	0
OG0017188	HG_17189	0	0	1	0	0	0
OG0017234	HG_17235	1	0	0	0	0	0
OG0017235	HG_17236	1	0	0	0	0	0
OG0017236	HG_17237	1	0	0	0	0	0
OG0017237	HG_17238	1	0	0	0	0	0
OG0017238	HG_17239	1	0	0	0	0	0
OG0017241	HG_17242	1	0	0	0	0	0
OG0017242	HG_17243	1	0	0	0	0	0
OG0017243	HG_17244	1	0	0	0	0	0
OG0017244	HG_17245	1	0	0	0	0	0
OG0017245	HG_17246	1	0	0	0	0	0
OG0017246	HG_17247	1	0	0	0	0	0
OG0017247	HG_17248	1	0	0	0	0	0
OG0017248	HG_17249	1	0	0	0	0	0
OG0017249	HG_17250	1	0	0	0	0	0
OG0017250	HG_17251	1	0	0	0	0	0
OG0017252	HG_17253	1	0	0	0	0	0
OG0017253	HG_17254	1	0	0	0	0	0
OG0017254	HG_17255	1	0	0	0	0	0
OG0017255	HG_17256	1	0	0	0	0	0
OG0017256	HG_17257	1	0	0	0	0	0
OG0017257	HG_17258	1	0	0	0	0	0
OG0017258	HG_17259	1	0	0	0	0	0
OG0017259	HG_17260	1	0	0	0	0	0
OG0017260	HG_17261	1	0	0	0	0	0
OG0017261	HG_17262	1	0	0	0	0	0
OG0017262	HG_17263	1	0	0	0	0	0
OG0017263	HG_17264	1	0	0	0	0	0
OG0017264	HG_17265	1	0	0	0	0	0
OG0017265	HG_17266	1	0	0	0	0	0
OG0017266	HG_17267	1	0	0	0	0	0
OG0017268	HG_17269	1	0	0	0	0	0
OG0017270	HG_17271	1	0	0	0	0	0
OG0017271	HG_17272	1	0	0	0	0	0
OG0017272	HG_17273	1	0	0	0	0	0
OG0017273	HG_17274	1	0	0	0	0	0
OG0017274	HG_17275	1	0	0	0	0	0
OG0017275	HG_17276	1	0	0	0	0	0
OG0017276	HG_17277	1	0	0	0	0	0
OG0017277	HG_17278	1	0	0	0	0	0
OG0017278	HG_17279	1	0	0	0	0	0
OG0017279	HG_17280	1	0	0	0	0	0
OG0017280	HG_17281	1	0	0	0	0	0
OG0017281	HG_17282	1	0	0	0	0	0
OG0017282	HG_17283	1	0	0	0	0	0
OG0017284	HG_17285	1	0	0	0	0	0
OG0017285	HG_17286	1	0	0	0	0	0
OG0017286	HG_17287	1	0	0	0	0	0
OG0017287	HG_17288	1	0	0	0	0	0
OG0017288	HG_17289	1	0	0	0	0	0
OG0017289	HG_17290	1	0	0	0	0	0
OG0017290	HG_17291	1	0	0	0	0	0
OG0017291	HG_17292	1	0	0	0	0	0
OG0017292	HG_17293	1	0	0	0	0	0
OG0017293	HG_17294	1	0	0	0	0	0
OG0017295	HG_17296	1	0	0	0	0	0
OG0017296	HG_17297	1	0	0	0	0	0
OG0017297	HG_17298	1	0	0	0	0	0
OG0017298	HG_17299	1	0	0	0	0	0
OG0017299	HG_17300	1	0	0	0	0	0
OG0017300	HG_17301	1	0	0	0	0	0
OG0017301	HG_17302	1	0	0	0	0	0
OG0017302	HG_17303	1	0	0	0	0	0
OG0017303	HG_17304	1	0	0	0	0	0
OG0017304	HG_17305	1	0	0	0	0	0
OG0017305	HG_17306	1	0	0	0	0	0
OG0017306	HG_17307	1	0	0	0	0	0
OG0017307	HG_17308	1	0	0	0	0	0
OG0017308	HG_17309	1	0	0	0	0	0
OG0017309	HG_17310	1	0	0	0	0	0
OG0017310	HG_17311	1	0	0	0	0	0
OG0017311	HG_17312	1	0	0	0	0	0
OG0017312	HG_17313	1	0	0	0	0	0
OG0017315	HG_17316	1	0	0	0	0	0
OG0017316	HG_17317	1	0	0	0	0	0
OG0017317	HG_17318	1	0	0	0	0	0
OG0017318	HG_17319	1	0	0	0	0	0
OG0017319	HG_17320	1	0	0	0	0	0
OG0017321	HG_17322	1	0	0	0	0	0
OG0017323	HG_17324	1	0	0	0	0	0
OG0017324	HG_17325	1	0	0	0	0	0
OG0017325	HG_17326	1	0	0	0	0	0
OG0017326	HG_17327	1	0	0	0	0	0
OG0017328	HG_17329	1	0	0	0	0	0
OG0017329	HG_17330	1	0	0	0	0	0
OG0017330	HG_17331	1	0	0	0	0	0
OG0017331	HG_17332	1	0	0	0	0	0
OG0017332	HG_17333	1	0	0	0	0	0
OG0017334	HG_17335	1	0	0	0	0	0
OG0017335	HG_17336	1	0	0	0	0	0
OG0017336	HG_17337	1	0	0	0	0	0
OG0017337	HG_17338	1	0	0	0	0	0
OG0017338	HG_17339	1	0	0	0	0	0
OG0017339	HG_17340	1	0	0	0	0	0
OG0017340	HG_17341	1	0	0	0	0	0
OG0017341	HG_17342	1	0	0	0	0	0
OG0017342	HG_17343	1	0	0	0	0	0
OG0017343	HG_17344	1	0	0	0	0	0
OG0017344	HG_17345	1	0	0	0	0	0
OG0017345	HG_17346	1	0	0	0	0	0
OG0017346	HG_17347	1	0	0	0	0	0
OG0017347	HG_17348	1	0	0	0	0	0
OG0017348	HG_17349	1	0	0	0	0	0
OG0017349	HG_17350	1	0	0	0	0	0
OG0017350	HG_17351	1	0	0	0	0	0
OG0017351	HG_17352	1	0	0	0	0	0
OG0017352	HG_17353	1	0	0	0	0	0
OG0017353	HG_17354	1	0	0	0	0	0
OG0017354	HG_17355	1	0	0	0	0	0
OG0017355	HG_17356	1	0	0	0	0	0
OG0017356	HG_17357	1	0	0	0	0	0
OG0017357	HG_17358	1	0	0	0	0	0
OG0017358	HG_17359	1	0	0	0	0	0
OG0017359	HG_17360	1	0	0	0	0	0
OG0017360	HG_17361	1	0	0	0	0	0
OG0017361	HG_17362	1	0	0	0	0	0
OG0017362	HG_17363	1	0	0	0	0	0
OG0017363	HG_17364	1	0	0	0	0	0
OG0017364	HG_17365	1	0	0	0	0	0
OG0017365	HG_17366	1	0	0	0	0	0
OG0017366	HG_17367	1	0	0	0	0	0
OG0017367	HG_17368	1	0	0	0	0	0
OG0017369	HG_17370	1	0	0	0	0	0
OG0017370	HG_17371	1	0	0	0	0	0
OG0017371	HG_17372	1	0	0	0	0	0
OG0017373	HG_17374	1	0	0	0	0	0
OG0017374	HG_17375	1	0	0	0	0	0
OG0017375	HG_17376	1	0	0	0	0	0
OG0017376	HG_17377	1	0	0	0	0	0
OG0017377	HG_17378	1	0	0	0	0	0
OG0017379	HG_17380	1	0	0	0	0	0
OG0017380	HG_17381	1	0	0	0	0	0
OG0017381	HG_17382	1	0	0	0	0	0
OG0017382	HG_17383	1	0	0	0	0	0
OG0017383	HG_17384	1	0	0	0	0	0
OG0017384	HG_17385	1	0	0	0	0	0
OG0017385	HG_17386	1	0	0	0	0	0
OG0017386	HG_17387	1	0	0	0	0	0
OG0017387	HG_17388	1	0	0	0	0	0
OG0017389	HG_17390	1	0	0	0	0	0
OG0017390	HG_17391	1	0	0	0	0	0
OG0017391	HG_17392	1	0	0	0	0	0
OG0017392	HG_17393	1	0	0	0	0	0
OG0017393	HG_17394	1	0	0	0	0	0
OG0017394	HG_17395	1	0	0	0	0	0
OG0017395	HG_17396	1	0	0	0	0	0
OG0017396	HG_17397	1	0	0	0	0	0
OG0017397	HG_17398	1	0	0	0	0	0
OG0017398	HG_17399	1	0	0	0	0	0
OG0017399	HG_17400	1	0	0	0	0	0
OG0017400	HG_17401	1	0	0	0	0	0
OG0017401	HG_17402	1	0	0	0	0	0
OG0017402	HG_17403	1	0	0	0	0	0
OG0017403	HG_17404	1	0	0	0	0	0
OG0017404	HG_17405	1	0	0	0	0	0
OG0017405	HG_17406	1	0	0	0	0	0
OG0017406	HG_17407	1	0	0	0	0	0
OG0017410	HG_17411	1	0	0	0	0	0
OG0017411	HG_17412	1	0	0	0	0	0
OG0017412	HG_17413	1	0	0	0	0	0
OG0017413	HG_17414	1	0	0	0	0	0
OG0017414	HG_17415	1	0	0	0	0	0
OG0017415	HG_17416	1	0	0	0	0	0
OG0017416	HG_17417	1	0	0	0	0	0
OG0017417	HG_17418	1	0	0	0	0	0
OG0017418	HG_17419	1	0	0	0	0	0
OG0017419	HG_17420	1	0	0	0	0	0
OG0017420	HG_17421	1	0	0	0	0	0
OG0017421	HG_17422	1	0	0	0	0	0
OG0017422	HG_17423	1	0	0	0	0	0
OG0017423	HG_17424	1	0	0	0	0	0
OG0017424	HG_17425	1	0	0	0	0	0
OG0017425	HG_17426	1	0	0	0	0	0
OG0017426	HG_17427	1	0	0	0	0	0
OG0017427	HG_17428	1	0	0	0	0	0
OG0017428	HG_17429	1	0	0	0	0	0
OG0017429	HG_17430	1	0	0	0	0	0
OG0017430	HG_17431	1	0	0	0	0	0
OG0017431	HG_17432	1	0	0	0	0	0
OG0017432	HG_17433	1	0	0	0	0	0
OG0017433	HG_17434	1	0	0	0	0	0
OG0017434	HG_17435	1	0	0	0	0	0
OG0017435	HG_17436	1	0	0	0	0	0
OG0017437	HG_17438	1	0	0	0	0	0
OG0017438	HG_17439	1	0	0	0	0	0
OG0017439	HG_17440	1	0	0	0	0	0
OG0017440	HG_17441	1	0	0	0	0	0
OG0017441	HG_17442	1	0	0	0	0	0
OG0017442	HG_17443	1	0	0	0	0	0
OG0017443	HG_17444	1	0	0	0	0	0
OG0017446	HG_17447	1	0	0	0	0	0
OG0017447	HG_17448	1	0	0	0	0	0
OG0017448	HG_17449	1	0	0	0	0	0
OG0017449	HG_17450	1	0	0	0	0	0
OG0017450	HG_17451	1	0	0	0	0	0
OG0017451	HG_17452	1	0	0	0	0	0
OG0017452	HG_17453	1	0	0	0	0	0
OG0017453	HG_17454	1	0	0	0	0	0
OG0017454	HG_17455	1	0	0	0	0	0
OG0017455	HG_17456	1	0	0	0	0	0
OG0017456	HG_17457	1	0	0	0	0	0
OG0017457	HG_17458	1	0	0	0	0	0
OG0017458	HG_17459	1	0	0	0	0	0
OG0017459	HG_17460	1	0	0	0	0	0
OG0017460	HG_17461	1	0	0	0	0	0
OG0017461	HG_17462	1	0	0	0	0	0
OG0017462	HG_17463	1	0	0	0	0	0
OG0017463	HG_17464	1	0	0	0	0	0
OG0017464	HG_17465	1	0	0	0	0	0
OG0017465	HG_17466	1	0	0	0	0	0
OG0017466	HG_17467	1	0	0	0	0	0
OG0017467	HG_17468	1	0	0	0	0	0
OG0017468	HG_17469	1	0	0	0	0	0
OG0017469	HG_17470	1	0	0	0	0	0
OG0017470	HG_17471	1	0	0	0	0	0
OG0017471	HG_17472	1	0	0	0	0	0
OG0017472	HG_17473	1	0	0	0	0	0
OG0017473	HG_17474	1	0	0	0	0	0
OG0017474	HG_17475	1	0	0	0	0	0
OG0017487	HG_17488	1	0	0	0	0	0
OG0017489	HG_17490	1	0	0	0	0	0
OG0017491	HG_17492	1	0	0	0	0	0
OG0017492	HG_17493	1	0	0	0	0	0
OG0017493	HG_17494	1	0	0	0	0	0
OG0017494	HG_17495	1	0	0	0	0	0
OG0017500	HG_17501	1	0	0	0	0	0
OG0017507	HG_17508	1	0	0	0	0	0
OG0018653	HG_18654	0	0	0	1	0	0
OG0018657	HG_18658	0	0	1	0	0	0
OG0018663	HG_18664	0	1	0	0	0	0
OG0018673	HG_18674	0	0	0	1	0	0
OG0018680	HG_18681	0	1	0	0	0	0
OG0018686	HG_18687	0	1	0	0	0	0
OG0018688	HG_18689	0	0	0	1	0	0
OG0018689	HG_18690	0	0	0	1	0	0
OG0018694	HG_18695	0	0	1	0	0	0
OG0018697	HG_18698	0	1	0	0	0	0
OG0018699	HG_18700	0	1	0	0	0	0
OG0018702	HG_18703	0	0	0	1	0	0
OG0018704	HG_18705	0	0	0	1	0	0
OG0018710	HG_18711	0	0	0	1	0	0
OG0018712	HG_18713	1	0	0	0	0	0
OG0018713	HG_18714	0	0	0	1	0	0
OG0018714	HG_18715	0	0	0	1	0	0
OG0018716	HG_18717	0	0	0	1	0	0
OG0018717	HG_18718	0	1	0	0	0	0
OG0018718	HG_18719	0	0	0	1	0	0
OG0018721	HG_18722	0	0	0	1	0	0
OG0018727	HG_18728	0	0	0	1	0	0
OG0018728	HG_18729	0	1	0	0	0	0
OG0018736	HG_18737	0	0	1	0	0	0
OG0018742	HG_18743	0	1	0	0	0	0
OG0018743	HG_18744	0	1	0	0	0	0
OG0018750	HG_18751	0	1	0	0	0	0
OG0018756	HG_18757	0	1	0	0	0	0
OG0018763	HG_18764	0	1	0	0	0	0
OG0018767	HG_18768	1	0	0	0	0	0
OG0018771	HG_18772	0	1	0	0	0	0
OG0018775	HG_18776	0	1	0	0	0	0
OG0018781	HG_18782	0	0	0	0	0	1
OG0018783	HG_18784	0	0	0	0	0	1
OG0018785	HG_18786	0	0	0	0	0	1
OG0018789	HG_18790	0	0	0	0	0	1
OG0018793	HG_18794	0	0	0	0	0	1
OG0018794	HG_18795	0	0	0	0	0	1
OG0018800	HG_18801	0	0	0	0	0	1
OG0018801	HG_18802	0	0	0	0	0	1
OG0018804	HG_18805	0	0	0	0	0	1
OG0018807	HG_18808	0	0	0	0	0	1
OG0018808	HG_18809	0	0	0	0	0	1
OG0018813	HG_18814	0	0	0	0	0	1
OG0018817	HG_18818	0	0	0	0	0	1
OG0018820	HG_18821	0	0	0	0	0	1
OG0018821	HG_18822	0	0	0	0	0	1
OG0018822	HG_18823	0	0	0	0	0	1
OG0018823	HG_18824	0	0	0	0	0	1
OG0018826	HG_18827	0	0	0	0	0	1
OG0018829	HG_18830	0	0	0	0	0	1
OG0018834	HG_18835	0	0	0	0	0	1
OG0018838	HG_18839	0	0	0	0	0	1
OG0018841	HG_18842	0	0	0	0	0	1
OG0018845	HG_18846	0	0	0	0	0	1
OG0018846	HG_18847	0	0	0	0	0	1
OG0018848	HG_18849	0	0	0	0	0	1
OG0018850	HG_18851	0	0	0	0	0	1
OG0018853	HG_18854	0	0	0	0	0	1
OG0018856	HG_18857	0	0	0	0	0	1
OG0018861	HG_18862	0	0	0	0	0	1
OG0018863	HG_18864	0	0	0	0	0	1
OG0018878	HG_18879	0	0	0	0	0	1
OG0018879	HG_18880	0	0	0	0	0	1
OG0018880	HG_18881	0	0	0	0	0	1
OG0018884	HG_18885	0	0	0	0	0	1
OG0018885	HG_18886	0	0	0	0	0	1
OG0018887	HG_18888	0	0	0	0	0	1
OG0018893	HG_18894	0	0	0	0	0	1
OG0018894	HG_18895	0	0	0	0	0	1
OG0018897	HG_18898	0	0	0	0	0	1
OG0018898	HG_18899	0	0	0	0	0	1
OG0018906	HG_18907	0	0	0	0	0	1
OG0018913	HG_18914	0	0	0	0	0	1
OG0018919	HG_18920	0	0	0	0	0	1
OG0018932	HG_18933	0	0	0	0	0	1
OG0018933	HG_18934	0	0	0	0	0	1
OG0018937	HG_18938	0	0	0	0	0	1
OG0018938	HG_18939	0	0	0	0	0	1
OG0018950	HG_18951	0	0	0	0	0	1
OG0018954	HG_18955	0	0	0	0	0	1
OG0018956	HG_18957	0	0	0	0	0	1
OG0018961	HG_18962	0	0	0	0	0	1
OG0018965	HG_18966	0	0	0	0	0	1
OG0019082	HG_19083	0	0	0	1	0	0
OG0019083	HG_19084	0	0	0	1	0	0
OG0019084	HG_19085	0	0	0	1	0	0
OG0019085	HG_19086	0	0	0	1	0	0
OG0019086	HG_19087	0	0	0	1	0	0
OG0019087	HG_19088	0	0	0	1	0	0
OG0019088	HG_19089	0	0	0	1	0	0
OG0019089	HG_19090	0	0	0	1	0	0
OG0019090	HG_19091	0	0	0	1	0	0
OG0019091	HG_19092	0	0	0	1	0	0
OG0019092	HG_19093	0	0	0	1	0	0
OG0019093	HG_19094	0	0	0	1	0	0
OG0019094	HG_19095	0	0	0	1	0	0
OG0019095	HG_19096	0	0	0	1	0	0
OG0019096	HG_19097	0	0	0	1	0	0
OG0019097	HG_19098	0	0	0	1	0	0
OG0019098	HG_19099	0	0	0	1	0	0
OG0019099	HG_19100	0	0	0	1	0	0
OG0019100	HG_19101	0	0	0	1	0	0
OG0019101	HG_19102	0	0	0	1	0	0
OG0019102	HG_19103	0	0	0	1	0	0
OG0019103	HG_19104	0	0	0	1	0	0
OG0019104	HG_19105	0	0	0	1	0	0
OG0019105	HG_19106	0	0	0	1	0	0
OG0019106	HG_19107	0	0	0	1	0	0
OG0019107	HG_19108	0	0	0	1	0	0
OG0019108	HG_19109	0	0	0	1	0	0
OG0019109	HG_19110	0	0	0	1	0	0
OG0019110	HG_19111	0	0	0	1	0	0
OG0019111	HG_19112	0	0	0	1	0	0
OG0019112	HG_19113	0	0	0	1	0	0
OG0019113	HG_19114	0	0	0	1	0	0
OG0019114	HG_19115	0	0	0	1	0	0
OG0019115	HG_19116	0	0	0	1	0	0
OG0019116	HG_19117	0	0	0	1	0	0
OG0019117	HG_19118	0	0	0	1	0	0
OG0019118	HG_19119	0	0	0	1	0	0
OG0019119	HG_19120	0	0	0	1	0	0
OG0019120	HG_19121	0	0	0	1	0	0
OG0019121	HG_19122	0	0	0	1	0	0
OG0019122	HG_19123	0	0	0	1	0	0
OG0019123	HG_19124	0	0	0	1	0	0
OG0019124	HG_19125	0	0	0	1	0	0
OG0019125	HG_19126	0	0	0	1	0	0
OG0019126	HG_19127	0	0	0	1	0	0
OG0019127	HG_19128	0	0	0	1	0	0
OG0019128	HG_19129	0	0	0	1	0	0
OG0019129	HG_19130	0	0	0	1	0	0
OG0019130	HG_19131	0	0	0	1	0	0
OG0019131	HG_19132	0	0	0	1	0	0
OG0019132	HG_19133	0	0	0	1	0	0
OG0019133	HG_19134	0	0	0	1	0	0
OG0019134	HG_19135	0	0	0	1	0	0
OG0019135	HG_19136	0	0	0	1	0	0
OG0019136	HG_19137	0	0	0	1	0	0
OG0019137	HG_19138	0	0	0	1	0	0
OG0019138	HG_19139	0	0	0	1	0	0
OG0019139	HG_19140	0	0	0	1	0	0
OG0019140	HG_19141	0	0	0	1	0	0
OG0019141	HG_19142	0	0	0	1	0	0
OG0019142	HG_19143	0	0	0	1	0	0
OG0019143	HG_19144	0	0	0	1	0	0
OG0019144	HG_19145	0	0	0	1	0	0
OG0019145	HG_19146	0	0	0	1	0	0
OG0019146	HG_19147	0	0	0	1	0	0
OG0019147	HG_19148	0	0	0	1	0	0
OG0019148	HG_19149	0	0	0	1	0	0
OG0019149	HG_19150	0	0	0	1	0	0
OG0019150	HG_19151	0	0	0	1	0	0
OG0019151	HG_19152	0	0	0	1	0	0
OG0019152	HG_19153	0	0	0	1	0	0
OG0019153	HG_19154	0	0	0	1	0	0
OG0019154	HG_19155	0	0	0	1	0	0
OG0019155	HG_19156	0	0	0	1	0	0
OG0019156	HG_19157	0	0	0	1	0	0
OG0019157	HG_19158	0	0	0	1	0	0
OG0019158	HG_19159	0	0	0	1	0	0
OG0019159	HG_19160	0	0	0	1	0	0
OG0019160	HG_19161	0	0	0	1	0	0
OG0019161	HG_19162	0	0	0	1	0	0
OG0019162	HG_19163	0	0	0	1	0	0
OG0019163	HG_19164	0	0	0	1	0	0
OG0019164	HG_19165	0	0	0	1	0	0
OG0019165	HG_19166	0	0	0	1	0	0
OG0019166	HG_19167	0	0	0	1	0	0
OG0019167	HG_19168	0	0	0	1	0	0
OG0019168	HG_19169	0	0	0	1	0	0
OG0019169	HG_19170	0	0	0	1	0	0
OG0019170	HG_19171	0	0	0	1	0	0
OG0019171	HG_19172	0	0	0	1	0	0
OG0019172	HG_19173	0	0	0	1	0	0
OG0019173	HG_19174	0	0	0	1	0	0
OG0019174	HG_19175	0	0	0	1	0	0
OG0019175	HG_19176	0	0	0	1	0	0
OG0019176	HG_19177	0	0	0	1	0	0
OG0019177	HG_19178	0	0	0	1	0	0
OG0019178	HG_19179	0	0	0	1	0	0
OG0019179	HG_19180	0	0	0	1	0	0
OG0019180	HG_19181	0	0	0	1	0	0
OG0019181	HG_19182	0	0	0	1	0	0
OG0019182	HG_19183	0	0	0	1	0	0
OG0019183	HG_19184	0	0	0	1	0	0
OG0019184	HG_19185	0	0	0	1	0	0
OG0019185	HG_19186	0	0	0	1	0	0
OG0019186	HG_19187	0	0	0	1	0	0
OG0019187	HG_19188	0	0	0	1	0	0
OG0019188	HG_19189	0	0	0	1	0	0
OG0019190	HG_19191	0	0	0	1	0	0
OG0019191	HG_19192	0	0	0	1	0	0
OG0019192	HG_19193	0	0	0	1	0	0
OG0019193	HG_19194	0	0	0	1	0	0
OG0019194	HG_19195	0	0	0	1	0	0
OG0019195	HG_19196	0	0	0	1	0	0
OG0019196	HG_19197	0	0	0	1	0	0
OG0019197	HG_19198	0	0	0	1	0	0
OG0019198	HG_19199	0	0	0	1	0	0
OG0019199	HG_19200	0	0	0	1	0	0
OG0019200	HG_19201	0	0	0	1	0	0
OG0019201	HG_19202	0	0	0	1	0	0
OG0019202	HG_19203	0	0	0	1	0	0
OG0019203	HG_19204	0	0	0	1	0	0
OG0019204	HG_19205	0	0	0	1	0	0
OG0019205	HG_19206	0	0	0	1	0	0
OG0019206	HG_19207	0	0	0	1	0	0
OG0019207	HG_19208	0	0	0	1	0	0
OG0019208	HG_19209	0	0	0	1	0	0
OG0019209	HG_19210	0	0	0	1	0	0
OG0019210	HG_19211	0	0	0	1	0	0
OG0019211	HG_19212	0	0	0	1	0	0
OG0019212	HG_19213	0	0	0	1	0	0
OG0019213	HG_19214	0	0	0	1	0	0
OG0019214	HG_19215	0	0	0	1	0	0
OG0019215	HG_19216	0	0	0	1	0	0
OG0019216	HG_19217	0	0	0	1	0	0
OG0019217	HG_19218	0	0	0	1	0	0
OG0019218	HG_19219	0	0	0	1	0	0
OG0019219	HG_19220	0	0	0	1	0	0
OG0019220	HG_19221	0	0	0	1	0	0
OG0019221	HG_19222	0	0	0	1	0	0
OG0019222	HG_19223	0	0	0	1	0	0
OG0019223	HG_19224	0	0	0	1	0	0
OG0019224	HG_19225	0	0	0	1	0	0
OG0019225	HG_19226	0	0	0	1	0	0
OG0019226	HG_19227	0	0	0	1	0	0
OG0019227	HG_19228	0	0	0	1	0	0
OG0019228	HG_19229	0	0	0	1	0	0
OG0019229	HG_19230	0	0	0	1	0	0
OG0019230	HG_19231	0	0	0	1	0	0
OG0019231	HG_19232	0	0	0	1	0	0
OG0019232	HG_19233	0	0	0	1	0	0
OG0019233	HG_19234	0	0	0	1	0	0
OG0019234	HG_19235	0	0	0	1	0	0
OG0019235	HG_19236	0	0	0	1	0	0
OG0019236	HG_19237	0	0	0	1	0	0
OG0019237	HG_19238	0	0	0	1	0	0
OG0019238	HG_19239	0	0	0	1	0	0
OG0019239	HG_19240	0	0	0	1	0	0
OG0019240	HG_19241	0	0	0	1	0	0
OG0019241	HG_19242	0	0	0	1	0	0
OG0019242	HG_19243	0	0	0	1	0	0
OG0019243	HG_19244	0	0	0	1	0	0
OG0019244	HG_19245	0	0	0	1	0	0
OG0019245	HG_19246	0	0	0	1	0	0
OG0019246	HG_19247	0	0	0	1	0	0
OG0019247	HG_19248	0	0	0	1	0	0
OG0019248	HG_19249	0	0	0	1	0	0
OG0019249	HG_19250	0	0	0	1	0	0
OG0019250	HG_19251	0	0	0	1	0	0
OG0019251	HG_19252	0	0	0	1	0	0
OG0019252	HG_19253	0	0	0	1	0	0
OG0019253	HG_19254	0	0	0	1	0	0
OG0019254	HG_19255	0	0	0	1	0	0
OG0019255	HG_19256	0	0	0	1	0	0
OG0019256	HG_19257	0	0	0	1	0	0
OG0019257	HG_19258	0	0	0	1	0	0
OG0019258	HG_19259	0	0	0	1	0	0
OG0019259	HG_19260	0	0	0	1	0	0
OG0019260	HG_19261	0	0	0	1	0	0
OG0019261	HG_19262	0	0	0	1	0	0
OG0019262	HG_19263	0	0	0	1	0	0
OG0019263	HG_19264	0	0	0	1	0	0
OG0019264	HG_19265	0	0	0	1	0	0
OG0019265	HG_19266	0	0	0	1	0	0
OG0019266	HG_19267	0	0	0	1	0	0
OG0019267	HG_19268	0	0	0	1	0	0
OG0019268	HG_19269	0	0	0	1	0	0
OG0019269	HG_19270	0	0	0	1	0	0
OG0019270	HG_19271	0	0	0	1	0	0
OG0019271	HG_19272	0	0	0	1	0	0
OG0019272	HG_19273	0	0	0	1	0	0
OG0019273	HG_19274	0	0	0	1	0	0
OG0019274	HG_19275	0	0	0	1	0	0
OG0019275	HG_19276	0	0	0	1	0	0
OG0019276	HG_19277	0	0	0	1	0	0
OG0019277	HG_19278	0	0	0	1	0	0
OG0019278	HG_19279	0	0	0	1	0	0
OG0019279	HG_19280	0	0	0	1	0	0
OG0019280	HG_19281	0	0	0	1	0	0
OG0019281	HG_19282	0	0	0	1	0	0
OG0019282	HG_19283	0	0	0	1	0	0
OG0019283	HG_19284	0	0	0	1	0	0
OG0019284	HG_19285	0	0	0	1	0	0
OG0019285	HG_19286	0	0	0	1	0	0
OG0019286	HG_19287	0	0	0	1	0	0
OG0019287	HG_19288	0	0	0	1	0	0
OG0019288	HG_19289	0	0	0	1	0	0
OG0019289	HG_19290	0	0	0	1	0	0
OG0019290	HG_19291	0	0	0	1	0	0
OG0019291	HG_19292	0	0	0	1	0	0
OG0019292	HG_19293	0	0	0	1	0	0
OG0019293	HG_19294	0	0	0	1	0	0
OG0019294	HG_19295	0	0	0	1	0	0
OG0019295	HG_19296	0	0	0	1	0	0
OG0019296	HG_19297	0	0	0	1	0	0
OG0019297	HG_19298	0	0	0	1	0	0
OG0019298	HG_19299	0	0	0	1	0	0
OG0019299	HG_19300	0	0	0	1	0	0
OG0019300	HG_19301	0	0	0	1	0	0
OG0019301	HG_19302	0	0	0	1	0	0
OG0019302	HG_19303	0	0	0	1	0	0
OG0019303	HG_19304	0	0	0	1	0	0
OG0019304	HG_19305	0	0	0	1	0	0
OG0019305	HG_19306	0	0	0	1	0	0
OG0019306	HG_19307	0	0	0	1	0	0
OG0019307	HG_19308	0	0	0	1	0	0
OG0019308	HG_19309	0	0	0	1	0	0
OG0019309	HG_19310	0	0	0	1	0	0
OG0019310	HG_19311	0	0	0	1	0	0
OG0019311	HG_19312	0	0	0	1	0	0
OG0019312	HG_19313	0	0	0	1	0	0
OG0019313	HG_19314	0	0	0	1	0	0
OG0019314	HG_19315	0	0	0	1	0	0
OG0019315	HG_19316	0	0	0	1	0	0
OG0019316	HG_19317	0	0	0	1	0	0
OG0019317	HG_19318	0	0	0	1	0	0
OG0019318	HG_19319	0	0	0	1	0	0
OG0019319	HG_19320	0	0	0	1	0	0
OG0019320	HG_19321	0	0	0	1	0	0
OG0019321	HG_19322	0	0	0	1	0	0
OG0019322	HG_19323	0	0	0	1	0	0
OG0019323	HG_19324	0	0	0	1	0	0
OG0019324	HG_19325	0	0	0	1	0	0
OG0019325	HG_19326	0	0	0	1	0	0
OG0019326	HG_19327	0	0	0	1	0	0
OG0019327	HG_19328	0	0	0	1	0	0
OG0019328	HG_19329	0	0	0	1	0	0
OG0019329	HG_19330	0	0	0	1	0	0
OG0019330	HG_19331	0	0	0	1	0	0
OG0019331	HG_19332	0	0	0	1	0	0
OG0019332	HG_19333	0	0	0	1	0	0
OG0019333	HG_19334	0	0	0	1	0	0
OG0019334	HG_19335	0	0	0	1	0	0
OG0019335	HG_19336	0	0	0	1	0	0
OG0019336	HG_19337	0	0	0	1	0	0
OG0019337	HG_19338	0	0	0	1	0	0
OG0019338	HG_19339	0	0	0	1	0	0
OG0019339	HG_19340	0	0	0	1	0	0
OG0019340	HG_19341	0	0	0	1	0	0
OG0019341	HG_19342	0	0	0	1	0	0
OG0019342	HG_19343	0	0	0	1	0	0
OG0019343	HG_19344	0	0	0	1	0	0
OG0019344	HG_19345	0	0	0	1	0	0
OG0019345	HG_19346	0	0	0	1	0	0
OG0019346	HG_19347	0	0	0	1	0	0
OG0019347	HG_19348	0	0	0	1	0	0
OG0019348	HG_19349	0	0	0	1	0	0
OG0019349	HG_19350	0	0	0	1	0	0
OG0019350	HG_19351	0	0	0	1	0	0
OG0019351	HG_19352	0	0	0	1	0	0
OG0019352	HG_19353	0	0	0	1	0	0
OG0019353	HG_19354	0	0	0	1	0	0
OG0019354	HG_19355	0	0	0	1	0	0
OG0019355	HG_19356	0	0	0	1	0	0
OG0019356	HG_19357	0	0	0	1	0	0
OG0019357	HG_19358	0	0	0	1	0	0
OG0019358	HG_19359	0	0	0	1	0	0
OG0019359	HG_19360	0	0	0	1	0	0
OG0019360	HG_19361	0	0	0	1	0	0
OG0019361	HG_19362	0	0	0	1	0	0
OG0019362	HG_19363	0	0	0	1	0	0
OG0019363	HG_19364	0	0	0	1	0	0
OG0019364	HG_19365	0	0	0	1	0	0
OG0019365	HG_19366	0	0	0	1	0	0
OG0019366	HG_19367	0	0	0	1	0	0
OG0019367	HG_19368	0	0	0	1	0	0
OG0019368	HG_19369	0	0	0	1	0	0
OG0019369	HG_19370	0	0	0	1	0	0
OG0019370	HG_19371	0	0	0	1	0	0
OG0019371	HG_19372	0	0	0	1	0	0
OG0019372	HG_19373	0	0	0	1	0	0
OG0019373	HG_19374	0	0	0	1	0	0
OG0019374	HG_19375	0	0	0	1	0	0
OG0019375	HG_19376	0	0	0	1	0	0
OG0019376	HG_19377	0	0	0	1	0	0
OG0019377	HG_19378	0	0	0	1	0	0
OG0019378	HG_19379	0	0	0	1	0	0
OG0019379	HG_19380	0	0	0	1	0	0
OG0019380	HG_19381	0	0	0	1	0	0
OG0019381	HG_19382	0	0	0	1	0	0
OG0019382	HG_19383	0	0	0	1	0	0
OG0019383	HG_19384	0	0	0	1	0	0
OG0019384	HG_19385	0	0	0	1	0	0
OG0019385	HG_19386	0	0	0	1	0	0
OG0019386	HG_19387	0	0	0	1	0	0
OG0019387	HG_19388	0	0	0	1	0	0
OG0019390	HG_19391	0	0	0	1	0	0
OG0019391	HG_19392	0	0	0	1	0	0
OG0019392	HG_19393	0	0	0	1	0	0
OG0019393	HG_19394	0	0	0	1	0	0
OG0019394	HG_19395	0	0	0	1	0	0
OG0019395	HG_19396	0	0	0	1	0	0
OG0019396	HG_19397	0	0	0	1	0	0
OG0019397	HG_19398	0	0	0	1	0	0
OG0019398	HG_19399	0	0	0	1	0	0
OG0019399	HG_19400	0	0	0	1	0	0
OG0019400	HG_19401	0	0	0	1	0	0
OG0019401	HG_19402	0	0	0	1	0	0
OG0019402	HG_19403	0	0	0	1	0	0
OG0019403	HG_19404	0	0	0	1	0	0
OG0019404	HG_19405	0	0	0	1	0	0
OG0019405	HG_19406	0	0	0	1	0	0
OG0019406	HG_19407	0	0	0	1	0	0
OG0019407	HG_19408	0	0	0	1	0	0
OG0019408	HG_19409	0	0	0	1	0	0
OG0019409	HG_19410	0	0	0	1	0	0
OG0019410	HG_19411	0	0	0	1	0	0
OG0019411	HG_19412	0	0	0	1	0	0
OG0019412	HG_19413	0	0	0	1	0	0
OG0019413	HG_19414	0	0	0	1	0	0
OG0019414	HG_19415	0	0	0	1	0	0
OG0019415	HG_19416	0	0	0	1	0	0
OG0019416	HG_19417	0	0	0	1	0	0
OG0019417	HG_19418	0	0	0	1	0	0
OG0019418	HG_19419	0	0	0	1	0	0
OG0019419	HG_19420	0	0	0	1	0	0
OG0019420	HG_19421	0	0	0	1	0	0
OG0019421	HG_19422	0	0	0	1	0	0
OG0019422	HG_19423	0	0	0	1	0	0
OG0019423	HG_19424	0	0	0	1	0	0
OG0019424	HG_19425	0	0	0	1	0	0
OG0019425	HG_19426	0	0	0	1	0	0
OG0019426	HG_19427	0	0	0	1	0	0
OG0019427	HG_19428	0	0	0	1	0	0
OG0019428	HG_19429	0	0	0	1	0	0
OG0019429	HG_19430	0	0	0	1	0	0
OG0019430	HG_19431	0	0	0	1	0	0
OG0019431	HG_19432	0	0	0	1	0	0
OG0019432	HG_19433	0	0	0	1	0	0
OG0019433	HG_19434	0	0	0	1	0	0
OG0019434	HG_19435	0	0	0	1	0	0
OG0019435	HG_19436	0	0	0	1	0	0
OG0019436	HG_19437	0	0	0	1	0	0
OG0019437	HG_19438	0	0	0	1	0	0
OG0019438	HG_19439	0	0	0	1	0	0
OG0019439	HG_19440	0	0	0	1	0	0
OG0019440	HG_19441	0	0	0	1	0	0
OG0019441	HG_19442	0	0	0	1	0	0
OG0019442	HG_19443	0	0	0	1	0	0
OG0019443	HG_19444	0	0	0	1	0	0
OG0019444	HG_19445	0	0	0	1	0	0
OG0019445	HG_19446	0	0	0	1	0	0
OG0019446	HG_19447	0	0	0	1	0	0
OG0019447	HG_19448	0	0	0	1	0	0
OG0019448	HG_19449	0	0	0	1	0	0
OG0019449	HG_19450	0	0	0	1	0	0
OG0019450	HG_19451	0	0	0	1	0	0
OG0019451	HG_19452	0	0	0	1	0	0
OG0019452	HG_19453	0	0	0	1	0	0
OG0019453	HG_19454	0	0	0	1	0	0
OG0019454	HG_19455	0	0	0	1	0	0
OG0019455	HG_19456	0	0	0	1	0	0
OG0019456	HG_19457	0	0	0	1	0	0
OG0019457	HG_19458	0	0	0	1	0	0
OG0019458	HG_19459	0	0	0	1	0	0
OG0019459	HG_19460	0	0	0	1	0	0
OG0019460	HG_19461	0	0	0	1	0	0
OG0019461	HG_19462	0	0	0	1	0	0
OG0019462	HG_19463	0	0	0	1	0	0
OG0019463	HG_19464	0	0	0	1	0	0
OG0019464	HG_19465	0	0	0	1	0	0
OG0019465	HG_19466	0	0	0	1	0	0
OG0019466	HG_19467	0	0	0	1	0	0
OG0019467	HG_19468	0	0	0	1	0	0
OG0019468	HG_19469	0	0	0	1	0	0
OG0019469	HG_19470	0	0	0	1	0	0
OG0019470	HG_19471	0	0	0	1	0	0
OG0019471	HG_19472	0	0	0	1	0	0
OG0019472	HG_19473	0	0	0	1	0	0
OG0019473	HG_19474	0	0	0	1	0	0
OG0019474	HG_19475	0	0	0	1	0	0
OG0019475	HG_19476	0	0	0	1	0	0
OG0019476	HG_19477	0	0	0	1	0	0
OG0019477	HG_19478	0	0	0	1	0	0
OG0019478	HG_19479	0	0	0	1	0	0
OG0019728	HG_19729	0	1	0	0	0	0
OG0019729	HG_19730	0	1	0	0	0	0
OG0019730	HG_19731	0	1	0	0	0	0
OG0019731	HG_19732	0	1	0	0	0	0
OG0019732	HG_19733	0	1	0	0	0	0
OG0019734	HG_19735	0	1	0	0	0	0
OG0019735	HG_19736	0	1	0	0	0	0
OG0019736	HG_19737	0	1	0	0	0	0
OG0019737	HG_19738	0	1	0	0	0	0
OG0019738	HG_19739	0	1	0	0	0	0
OG0019739	HG_19740	0	1	0	0	0	0
OG0019740	HG_19741	0	1	0	0	0	0
OG0019741	HG_19742	0	1	0	0	0	0
OG0019742	HG_19743	0	1	0	0	0	0
OG0019743	HG_19744	0	1	0	0	0	0
OG0019744	HG_19745	0	1	0	0	0	0
OG0019745	HG_19746	0	1	0	0	0	0
OG0019746	HG_19747	0	1	0	0	0	0
OG0019748	HG_19749	0	1	0	0	0	0
OG0019749	HG_19750	0	1	0	0	0	0
OG0019750	HG_19751	0	1	0	0	0	0
OG0019751	HG_19752	0	1	0	0	0	0
OG0019752	HG_19753	0	1	0	0	0	0
OG0019753	HG_19754	0	1	0	0	0	0
OG0019754	HG_19755	0	1	0	0	0	0
OG0019755	HG_19756	0	1	0	0	0	0
OG0019756	HG_19757	0	1	0	0	0	0
OG0019757	HG_19758	0	1	0	0	0	0
OG0019758	HG_19759	0	1	0	0	0	0
OG0019759	HG_19760	0	1	0	0	0	0
OG0019760	HG_19761	0	1	0	0	0	0
OG0019761	HG_19762	0	1	0	0	0	0
OG0019762	HG_19763	0	1	0	0	0	0
OG0019763	HG_19764	0	1	0	0	0	0
OG0019764	HG_19765	0	1	0	0	0	0
OG0019769	HG_19770	0	1	0	0	0	0
OG0019770	HG_19771	0	1	0	0	0	0
OG0019771	HG_19772	0	1	0	0	0	0
OG0019772	HG_19773	0	1	0	0	0	0
OG0019773	HG_19774	0	1	0	0	0	0
OG0019775	HG_19776	0	1	0	0	0	0
OG0019776	HG_19777	0	1	0	0	0	0
OG0019777	HG_19778	0	1	0	0	0	0
OG0019778	HG_19779	0	1	0	0	0	0
OG0019779	HG_19780	0	1	0	0	0	0
OG0019780	HG_19781	0	1	0	0	0	0
OG0019781	HG_19782	0	1	0	0	0	0
OG0019782	HG_19783	0	1	0	0	0	0
OG0019783	HG_19784	0	1	0	0	0	0
OG0019784	HG_19785	0	1	0	0	0	0
OG0019786	HG_19787	0	1	0	0	0	0
OG0019787	HG_19788	0	1	0	0	0	0
OG0019788	HG_19789	0	1	0	0	0	0
OG0019789	HG_19790	0	1	0	0	0	0
OG0019790	HG_19791	0	1	0	0	0	0
OG0019791	HG_19792	0	1	0	0	0	0
OG0019792	HG_19793	0	1	0	0	0	0
OG0019793	HG_19794	0	1	0	0	0	0
OG0019794	HG_19795	0	1	0	0	0	0
OG0019796	HG_19797	0	1	0	0	0	0
OG0019797	HG_19798	0	1	0	0	0	0
OG0019799	HG_19800	0	1	0	0	0	0
OG0019800	HG_19801	0	1	0	0	0	0
OG0019801	HG_19802	0	1	0	0	0	0
OG0019802	HG_19803	0	1	0	0	0	0
OG0019803	HG_19804	0	1	0	0	0	0
OG0019804	HG_19805	0	1	0	0	0	0
OG0019805	HG_19806	0	1	0	0	0	0
OG0019806	HG_19807	0	1	0	0	0	0
OG0019807	HG_19808	0	1	0	0	0	0
OG0019808	HG_19809	0	1	0	0	0	0
OG0019809	HG_19810	0	1	0	0	0	0
OG0019811	HG_19812	0	1	0	0	0	0
OG0019812	HG_19813	0	1	0	0	0	0
OG0019813	HG_19814	0	1	0	0	0	0
OG0019814	HG_19815	0	1	0	0	0	0
OG0019815	HG_19816	0	1	0	0	0	0
OG0019816	HG_19817	0	1	0	0	0	0
OG0019817	HG_19818	0	1	0	0	0	0
OG0019818	HG_19819	0	1	0	0	0	0
OG0019819	HG_19820	0	1	0	0	0	0
OG0019820	HG_19821	0	1	0	0	0	0
OG0019821	HG_19822	0	1	0	0	0	0
OG0019825	HG_19826	0	1	0	0	0	0
OG0019826	HG_19827	0	1	0	0	0	0
OG0019827	HG_19828	0	1	0	0	0	0
OG0019828	HG_19829	0	1	0	0	0	0
OG0019829	HG_19830	0	1	0	0	0	0
OG0019830	HG_19831	0	1	0	0	0	0
OG0019831	HG_19832	0	1	0	0	0	0
OG0019833	HG_19834	0	1	0	0	0	0
OG0019834	HG_19835	0	1	0	0	0	0
OG0019835	HG_19836	0	1	0	0	0	0
OG0019836	HG_19837	0	1	0	0	0	0
OG0019837	HG_19838	0	1	0	0	0	0
OG0019838	HG_19839	0	1	0	0	0	0
OG0019839	HG_19840	0	1	0	0	0	0
OG0019840	HG_19841	0	1	0	0	0	0
OG0019842	HG_19843	0	1	0	0	0	0
OG0019843	HG_19844	0	1	0	0	0	0
OG0019844	HG_19845	0	1	0	0	0	0
OG0019845	HG_19846	0	1	0	0	0	0
OG0019846	HG_19847	0	1	0	0	0	0
OG0019847	HG_19848	0	1	0	0	0	0
OG0019848	HG_19849	0	1	0	0	0	0
OG0019849	HG_19850	0	1	0	0	0	0
OG0019850	HG_19851	0	1	0	0	0	0
OG0019852	HG_19853	0	1	0	0	0	0
OG0019853	HG_19854	0	1	0	0	0	0
OG0019854	HG_19855	0	1	0	0	0	0
OG0019855	HG_19856	0	1	0	0	0	0
OG0019858	HG_19859	0	1	0	0	0	0
OG0019859	HG_19860	0	1	0	0	0	0
OG0019860	HG_19861	0	1	0	0	0	0
OG0019861	HG_19862	0	1	0	0	0	0
OG0019862	HG_19863	0	1	0	0	0	0
OG0019864	HG_19865	0	1	0	0	0	0
OG0019865	HG_19866	0	1	0	0	0	0
OG0019866	HG_19867	0	1	0	0	0	0
OG0019867	HG_19868	0	1	0	0	0	0
OG0019868	HG_19869	0	1	0	0	0	0
OG0019869	HG_19870	0	1	0	0	0	0
OG0019872	HG_19873	0	1	0	0	0	0
OG0019873	HG_19874	0	1	0	0	0	0
OG0019874	HG_19875	0	1	0	0	0	0
OG0019875	HG_19876	0	1	0	0	0	0
OG0019876	HG_19877	0	1	0	0	0	0
OG0019877	HG_19878	0	1	0	0	0	0
OG0019878	HG_19879	0	1	0	0	0	0
OG0019880	HG_19881	0	1	0	0	0	0
OG0019881	HG_19882	0	1	0	0	0	0
OG0019882	HG_19883	0	1	0	0	0	0
OG0019883	HG_19884	0	1	0	0	0	0
OG0019885	HG_19886	0	1	0	0	0	0
OG0019886	HG_19887	0	1	0	0	0	0
OG0019887	HG_19888	0	1	0	0	0	0
OG0019889	HG_19890	0	1	0	0	0	0
OG0019890	HG_19891	0	1	0	0	0	0
OG0019892	HG_19893	0	1	0	0	0	0
OG0019893	HG_19894	0	1	0	0	0	0
OG0019894	HG_19895	0	1	0	0	0	0
OG0019895	HG_19896	0	1	0	0	0	0
OG0019896	HG_19897	0	1	0	0	0	0
OG0019897	HG_19898	0	1	0	0	0	0
OG0019898	HG_19899	0	1	0	0	0	0
OG0019899	HG_19900	0	1	0	0	0	0
OG0019900	HG_19901	0	1	0	0	0	0
OG0019901	HG_19902	0	1	0	0	0	0
OG0019902	HG_19903	0	1	0	0	0	0
OG0019903	HG_19904	0	1	0	0	0	0
OG0019904	HG_19905	0	1	0	0	0	0
OG0019905	HG_19906	0	1	0	0	0	0
OG0019906	HG_19907	0	1	0	0	0	0
OG0019907	HG_19908	0	1	0	0	0	0
OG0019908	HG_19909	0	1	0	0	0	0
OG0019909	HG_19910	0	1	0	0	0	0
OG0019910	HG_19911	0	1	0	0	0	0
OG0019912	HG_19913	0	1	0	0	0	0
OG0019913	HG_19914	0	1	0	0	0	0
OG0019914	HG_19915	0	1	0	0	0	0
OG0019915	HG_19916	0	1	0	0	0	0
OG0019916	HG_19917	0	1	0	0	0	0
OG0019917	HG_19918	0	1	0	0	0	0
OG0019918	HG_19919	0	1	0	0	0	0
OG0019919	HG_19920	0	1	0	0	0	0
OG0019920	HG_19921	0	1	0	0	0	0
OG0019921	HG_19922	0	1	0	0	0	0
OG0019922	HG_19923	0	1	0	0	0	0
OG0019924	HG_19925	0	1	0	0	0	0
OG0019925	HG_19926	0	1	0	0	0	0
OG0019926	HG_19927	0	1	0	0	0	0
OG0019927	HG_19928	0	1	0	0	0	0
OG0019928	HG_19929	0	1	0	0	0	0
OG0019929	HG_19930	0	1	0	0	0	0
OG0019930	HG_19931	0	1	0	0	0	0
OG0019931	HG_19932	0	1	0	0	0	0
OG0019932	HG_19933	0	1	0	0	0	0
OG0019933	HG_19934	0	1	0	0	0	0
OG0019934	HG_19935	0	1	0	0	0	0
OG0019935	HG_19936	0	1	0	0	0	0
OG0019936	HG_19937	0	1	0	0	0	0
OG0019938	HG_19939	0	1	0	0	0	0
OG0019939	HG_19940	0	1	0	0	0	0
OG0019940	HG_19941	0	1	0	0	0	0
OG0019942	HG_19943	0	1	0	0	0	0
OG0019945	HG_19946	0	1	0	0	0	0
OG0019946	HG_19947	0	1	0	0	0	0
OG0019947	HG_19948	0	1	0	0	0	0
OG0019950	HG_19951	0	1	0	0	0	0
OG0019951	HG_19952	0	1	0	0	0	0
OG0019952	HG_19953	0	1	0	0	0	0
OG0019953	HG_19954	0	1	0	0	0	0
OG0019954	HG_19955	0	1	0	0	0	0
OG0019955	HG_19956	0	1	0	0	0	0
OG0019956	HG_19957	0	1	0	0	0	0
OG0019957	HG_19958	0	1	0	0	0	0
OG0019961	HG_19962	0	1	0	0	0	0
OG0019962	HG_19963	0	1	0	0	0	0
OG0019963	HG_19964	0	1	0	0	0	0
OG0019964	HG_19965	0	1	0	0	0	0
OG0019965	HG_19966	0	1	0	0	0	0
OG0019966	HG_19967	0	1	0	0	0	0
OG0019967	HG_19968	0	1	0	0	0	0
OG0019968	HG_19969	0	1	0	0	0	0
OG0019970	HG_19971	0	1	0	0	0	0
OG0019972	HG_19973	0	1	0	0	0	0
OG0019973	HG_19974	0	1	0	0	0	0
OG0019975	HG_19976	0	1	0	0	0	0
OG0019976	HG_19977	0	1	0	0	0	0
OG0019977	HG_19978	0	1	0	0	0	0
OG0019978	HG_19979	0	1	0	0	0	0
OG0019979	HG_19980	0	1	0	0	0	0
OG0019980	HG_19981	0	1	0	0	0	0
OG0019982	HG_19983	0	1	0	0	0	0
OG0019983	HG_19984	0	1	0	0	0	0
OG0019984	HG_19985	0	1	0	0	0	0
OG0019985	HG_19986	0	1	0	0	0	0
OG0019986	HG_19987	0	1	0	0	0	0
OG0019990	HG_19991	0	0	0	1	0	0
OG0019991	HG_19992	0	0	0	1	0	0
OG0019992	HG_19993	0	0	0	1	0	0
OG0020002	HG_20003	0	0	0	1	0	0
OG0020009	HG_20010	0	0	1	0	0	0
OG0020010	HG_20011	0	0	1	0	0	0
OG0020011	HG_20012	0	0	1	0	0	0
OG0020012	HG_20013	0	0	1	0	0	0
OG0020013	HG_20014	0	0	1	0	0	0
OG0020014	HG_20015	0	0	1	0	0	0
OG0020016	HG_20017	0	0	1	0	0	0
OG0020017	HG_20018	0	0	1	0	0	0
OG0020018	HG_20019	0	0	1	0	0	0
OG0020019	HG_20020	0	0	1	0	0	0
OG0020020	HG_20021	0	0	1	0	0	0
OG0020021	HG_20022	0	0	1	0	0	0
OG0020022	HG_20023	0	0	1	0	0	0
OG0020023	HG_20024	0	0	1	0	0	0
OG0020024	HG_20025	0	0	1	0	0	0
OG0020025	HG_20026	0	0	1	0	0	0
OG0020026	HG_20027	0	0	1	0	0	0
OG0020027	HG_20028	0	0	1	0	0	0
OG0020029	HG_20030	0	0	1	0	0	0
OG0020030	HG_20031	0	0	1	0	0	0
OG0020031	HG_20032	0	0	1	0	0	0
OG0020032	HG_20033	0	0	1	0	0	0
OG0020033	HG_20034	0	0	1	0	0	0
OG0020034	HG_20035	0	0	1	0	0	0
OG0020035	HG_20036	0	0	1	0	0	0
OG0020036	HG_20037	0	0	1	0	0	0
OG0020037	HG_20038	0	0	1	0	0	0
OG0020038	HG_20039	0	0	1	0	0	0
OG0020039	HG_20040	0	0	1	0	0	0
OG0020040	HG_20041	0	0	1	0	0	0
OG0020041	HG_20042	0	0	1	0	0	0
OG0020042	HG_20043	0	0	1	0	0	0
OG0020043	HG_20044	0	0	1	0	0	0
OG0020044	HG_20045	0	0	1	0	0	0
OG0020045	HG_20046	0	0	1	0	0	0
OG0020046	HG_20047	0	0	1	0	0	0
OG0020047	HG_20048	0	0	1	0	0	0
OG0020048	HG_20049	0	0	1	0	0	0
OG0020049	HG_20050	0	0	1	0	0	0
OG0020050	HG_20051	0	0	1	0	0	0
OG0020051	HG_20052	0	0	1	0	0	0
OG0020052	HG_20053	0	0	1	0	0	0
OG0020053	HG_20054	0	0	1	0	0	0
OG0020054	HG_20055	0	0	1	0	0	0
OG0020055	HG_20056	0	0	1	0	0	0
OG0020056	HG_20057	0	0	1	0	0	0
OG0020057	HG_20058	0	0	1	0	0	0
OG0020059	HG_20060	0	0	1	0	0	0
OG0020060	HG_20061	0	0	1	0	0	0
OG0020061	HG_20062	0	0	1	0	0	0
OG0020064	HG_20065	0	0	1	0	0	0
OG0020066	HG_20067	0	0	1	0	0	0
OG0020069	HG_20070	0	0	1	0	0	0
OG0020072	HG_20073	0	0	1	0	0	0
OG0020073	HG_20074	0	0	1	0	0	0
OG0020074	HG_20075	0	0	1	0	0	0
OG0020075	HG_20076	0	0	1	0	0	0
OG0020076	HG_20077	0	0	1	0	0	0
OG0020077	HG_20078	0	0	1	0	0	0
OG0020078	HG_20079	0	0	1	0	0	0
OG0020079	HG_20080	0	0	1	0	0	0
OG0020080	HG_20081	0	0	1	0	0	0
OG0020081	HG_20082	0	0	1	0	0	0
OG0020082	HG_20083	0	0	1	0	0	0
OG0020083	HG_20084	0	0	1	0	0	0
OG0020085	HG_20086	0	0	1	0	0	0
OG0020086	HG_20087	0	0	1	0	0	0
OG0020087	HG_20088	0	0	1	0	0	0
OG0020088	HG_20089	0	0	1	0	0	0
OG0020089	HG_20090	0	0	1	0	0	0
OG0020090	HG_20091	0	0	1	0	0	0
OG0020091	HG_20092	0	0	1	0	0	0
OG0020092	HG_20093	0	0	1	0	0	0
OG0020093	HG_20094	0	0	1	0	0	0
OG0020094	HG_20095	0	0	1	0	0	0
OG0020095	HG_20096	0	0	1	0	0	0
OG0020096	HG_20097	0	0	1	0	0	0
OG0020097	HG_20098	0	0	1	0	0	0
OG0020098	HG_20099	0	0	1	0	0	0
OG0020099	HG_20100	0	0	1	0	0	0
OG0020100	HG_20101	0	0	1	0	0	0
OG0020101	HG_20102	0	0	1	0	0	0
OG0020102	HG_20103	0	0	1	0	0	0
OG0020103	HG_20104	0	0	1	0	0	0
OG0020104	HG_20105	0	0	1	0	0	0
OG0020105	HG_20106	0	0	1	0	0	0
OG0020106	HG_20107	0	0	1	0	0	0
OG0020107	HG_20108	0	0	1	0	0	0
OG0020108	HG_20109	0	0	1	0	0	0
OG0020109	HG_20110	0	0	1	0	0	0
OG0020110	HG_20111	0	0	1	0	0	0
OG0020111	HG_20112	0	0	1	0	0	0
OG0020112	HG_20113	0	0	1	0	0	0
OG0020113	HG_20114	0	0	1	0	0	0
OG0020114	HG_20115	0	0	1	0	0	0
OG0020115	HG_20116	0	0	1	0	0	0
OG0020116	HG_20117	0	0	1	0	0	0
OG0020117	HG_20118	0	0	1	0	0	0
OG0020118	HG_20119	0	0	1	0	0	0
OG0020119	HG_20120	0	0	1	0	0	0
OG0020120	HG_20121	0	0	1	0	0	0
OG0020121	HG_20122	0	0	1	0	0	0
OG0020122	HG_20123	0	0	1	0	0	0
OG0020123	HG_20124	0	0	1	0	0	0
OG0020124	HG_20125	0	0	1	0	0	0
OG0020125	HG_20126	0	0	1	0	0	0
OG0020126	HG_20127	0	0	1	0	0	0
OG0020127	HG_20128	0	0	1	0	0	0
OG0020128	HG_20129	0	0	1	0	0	0
OG0020133	HG_20134	0	0	1	0	0	0
OG0020134	HG_20135	0	0	1	0	0	0
OG0020135	HG_20136	0	0	1	0	0	0
OG0020136	HG_20137	0	0	1	0	0	0
OG0020137	HG_20138	0	0	1	0	0	0
OG0020138	HG_20139	0	0	1	0	0	0
OG0020139	HG_20140	0	0	1	0	0	0
OG0020140	HG_20141	0	0	1	0	0	0
OG0020141	HG_20142	0	0	1	0	0	0
OG0020142	HG_20143	0	0	1	0	0	0
OG0020143	HG_20144	0	0	1	0	0	0
OG0020144	HG_20145	0	0	1	0	0	0
OG0020145	HG_20146	0	0	1	0	0	0
OG0020146	HG_20147	0	0	1	0	0	0
OG0020147	HG_20148	0	0	1	0	0	0
OG0020148	HG_20149	0	0	1	0	0	0
OG0020149	HG_20150	0	0	1	0	0	0
OG0020150	HG_20151	0	0	1	0	0	0
OG0020151	HG_20152	0	0	1	0	0	0
OG0020152	HG_20153	0	0	1	0	0	0
OG0020153	HG_20154	0	0	1	0	0	0
OG0020154	HG_20155	0	0	1	0	0	0
OG0020155	HG_20156	0	0	1	0	0	0
OG0020156	HG_20157	0	0	1	0	0	0
OG0020157	HG_20158	0	0	1	0	0	0
OG0020158	HG_20159	0	0	1	0	0	0
OG0020159	HG_20160	0	0	1	0	0	0
OG0020160	HG_20161	0	0	1	0	0	0
OG0020161	HG_20162	0	0	1	0	0	0
OG0020162	HG_20163	0	0	1	0	0	0
OG0020163	HG_20164	0	0	1	0	0	0
OG0020164	HG_20165	0	0	1	0	0	0
OG0020165	HG_20166	0	0	1	0	0	0
OG0020166	HG_20167	0	0	1	0	0	0
OG0020167	HG_20168	0	0	1	0	0	0
OG0020168	HG_20169	0	0	1	0	0	0
OG0020169	HG_20170	0	0	1	0	0	0
OG0020170	HG_20171	0	0	1	0	0	0
OG0020171	HG_20172	0	0	1	0	0	0
OG0020172	HG_20173	0	0	1	0	0	0
OG0020175	HG_20176	0	0	1	0	0	0
OG0020176	HG_20177	0	0	1	0	0	0
OG0020177	HG_20178	0	0	1	0	0	0
OG0020178	HG_20179	0	0	1	0	0	0
OG0020179	HG_20180	0	0	1	0	0	0
OG0020180	HG_20181	0	0	1	0	0	0
OG0020181	HG_20182	0	0	1	0	0	0
OG0020182	HG_20183	0	0	1	0	0	0
OG0020183	HG_20184	0	0	1	0	0	0
OG0020184	HG_20185	0	0	1	0	0	0
OG0020185	HG_20186	0	0	1	0	0	0
OG0020186	HG_20187	0	0	1	0	0	0
OG0020187	HG_20188	0	0	1	0	0	0
OG0020188	HG_20189	0	0	1	0	0	0
OG0020189	HG_20190	0	0	1	0	0	0
OG0020190	HG_20191	0	0	1	0	0	0
OG0020191	HG_20192	0	0	1	0	0	0
OG0020192	HG_20193	0	0	1	0	0	0
OG0020193	HG_20194	0	0	1	0	0	0
OG0020195	HG_20196	0	0	1	0	0	0
OG0020196	HG_20197	0	0	1	0	0	0
OG0020197	HG_20198	0	0	1	0	0	0
OG0020198	HG_20199	0	0	1	0	0	0
OG0020199	HG_20200	0	0	1	0	0	0
OG0020200	HG_20201	0	0	1	0	0	0
OG0020201	HG_20202	0	0	1	0	0	0
OG0020202	HG_20203	0	0	1	0	0	0
OG0020203	HG_20204	0	0	1	0	0	0
OG0020204	HG_20205	0	0	1	0	0	0
OG0020205	HG_20206	0	0	1	0	0	0
OG0020206	HG_20207	0	0	1	0	0	0
OG0020207	HG_20208	0	0	1	0	0	0
OG0020209	HG_20210	0	0	1	0	0	0
OG0020210	HG_20211	0	0	1	0	0	0
OG0020212	HG_20213	0	0	1	0	0	0
OG0020213	HG_20214	0	0	1	0	0	0
OG0020297	HG_20298	1	0	0	0	0	0
OG0020298	HG_20299	1	0	0	0	0	0
OG0020299	HG_20300	1	0	0	0	0	0
OG0020300	HG_20301	1	0	0	0	0	0
OG0020301	HG_20302	1	0	0	0	0	0
OG0020302	HG_20303	1	0	0	0	0	0
OG0020303	HG_20304	1	0	0	0	0	0
OG0020304	HG_20305	1	0	0	0	0	0
OG0020305	HG_20306	1	0	0	0	0	0
OG0020306	HG_20307	1	0	0	0	0	0
OG0020307	HG_20308	1	0	0	0	0	0
OG0020308	HG_20309	1	0	0	0	0	0
OG0020309	HG_20310	1	0	0	0	0	0
OG0020310	HG_20311	1	0	0	0	0	0
OG0020311	HG_20312	1	0	0	0	0	0
OG0020313	HG_20314	1	0	0	0	0	0
OG0020315	HG_20316	1	0	0	0	0	0
OG0020316	HG_20317	1	0	0	0	0	0
OG0020317	HG_20318	1	0	0	0	0	0
OG0020318	HG_20319	1	0	0	0	0	0
OG0020319	HG_20320	1	0	0	0	0	0
OG0020320	HG_20321	1	0	0	0	0	0
OG0020322	HG_20323	1	0	0	0	0	0
OG0020323	HG_20324	1	0	0	0	0	0
OG0020325	HG_20326	1	0	0	0	0	0
OG0020326	HG_20327	1	0	0	0	0	0
OG0020327	HG_20328	1	0	0	0	0	0
OG0020328	HG_20329	1	0	0	0	0	0
OG0020329	HG_20330	1	0	0	0	0	0
OG0020330	HG_20331	1	0	0	0	0	0
OG0020331	HG_20332	1	0	0	0	0	0
OG0020332	HG_20333	1	0	0	0	0	0
OG0020333	HG_20334	1	0	0	0	0	0
OG0020334	HG_20335	1	0	0	0	0	0
OG0020335	HG_20336	1	0	0	0	0	0
OG0020336	HG_20337	1	0	0	0	0	0
OG0020337	HG_20338	1	0	0	0	0	0
OG0020338	HG_20339	1	0	0	0	0	0
OG0020339	HG_20340	1	0	0	0	0	0
OG0020340	HG_20341	1	0	0	0	0	0
OG0020342	HG_20343	1	0	0	0	0	0
OG0020343	HG_20344	1	0	0	0	0	0
OG0020344	HG_20345	1	0	0	0	0	0
OG0020345	HG_20346	1	0	0	0	0	0
OG0020346	HG_20347	1	0	0	0	0	0
OG0020347	HG_20348	1	0	0	0	0	0
OG0020348	HG_20349	1	0	0	0	0	0
OG0020350	HG_20351	1	0	0	0	0	0
OG0020351	HG_20352	1	0	0	0	0	0
OG0020352	HG_20353	1	0	0	0	0	0
OG0020354	HG_20355	1	0	0	0	0	0
OG0020355	HG_20356	1	0	0	0	0	0
OG0020357	HG_20358	1	0	0	0	0	0
OG0020358	HG_20359	1	0	0	0	0	0
OG0020359	HG_20360	1	0	0	0	0	0
OG0020360	HG_20361	1	0	0	0	0	0
OG0020361	HG_20362	1	0	0	0	0	0
OG0020362	HG_20363	1	0	0	0	0	0
OG0020363	HG_20364	1	0	0	0	0	0
OG0020364	HG_20365	1	0	0	0	0	0
OG0020365	HG_20366	1	0	0	0	0	0
OG0020366	HG_20367	1	0	0	0	0	0
OG0020367	HG_20368	1	0	0	0	0	0
OG0020368	HG_20369	1	0	0	0	0	0
OG0020369	HG_20370	1	0	0	0	0	0
OG0020370	HG_20371	1	0	0	0	0	0
OG0020371	HG_20372	1	0	0	0	0	0
OG0020372	HG_20373	1	0	0	0	0	0
OG0020373	HG_20374	1	0	0	0	0	0
OG0020374	HG_20375	1	0	0	0	0	0
OG0020375	HG_20376	1	0	0	0	0	0
OG0020376	HG_20377	1	0	0	0	0	0
OG0020377	HG_20378	1	0	0	0	0	0
OG0020378	HG_20379	1	0	0	0	0	0
OG0020379	HG_20380	1	0	0	0	0	0
OG0020380	HG_20381	1	0	0	0	0	0
OG0020381	HG_20382	1	0	0	0	0	0
OG0020383	HG_20384	1	0	0	0	0	0
OG0020384	HG_20385	1	0	0	0	0	0
OG0020385	HG_20386	1	0	0	0	0	0
OG0020387	HG_20388	1	0	0	0	0	0
OG0020388	HG_20389	1	0	0	0	0	0
OG0020389	HG_20390	1	0	0	0	0	0
OG0020390	HG_20391	1	0	0	0	0	0
OG0020391	HG_20392	1	0	0	0	0	0
OG0020392	HG_20393	1	0	0	0	0	0
OG0020393	HG_20394	1	0	0	0	0	0
OG0020394	HG_20395	1	0	0	0	0	0
OG0020395	HG_20396	1	0	0	0	0	0
OG0020396	HG_20397	1	0	0	0	0	0
OG0020397	HG_20398	1	0	0	0	0	0
OG0020398	HG_20399	1	0	0	0	0	0
OG0020399	HG_20400	1	0	0	0	0	0
OG0020401	HG_20402	1	0	0	0	0	0
OG0020402	HG_20403	1	0	0	0	0	0
OG0020403	HG_20404	1	0	0	0	0	0
OG0020404	HG_20405	1	0	0	0	0	0
OG0020405	HG_20406	1	0	0	0	0	0
OG0020406	HG_20407	1	0	0	0	0	0
OG0020407	HG_20408	1	0	0	0	0	0
OG0020408	HG_20409	1	0	0	0	0	0
OG0020409	HG_20410	1	0	0	0	0	0
OG0020410	HG_20411	1	0	0	0	0	0
OG0020411	HG_20412	1	0	0	0	0	0
OG0020412	HG_20413	1	0	0	0	0	0
OG0020413	HG_20414	1	0	0	0	0	0
OG0020414	HG_20415	1	0	0	0	0	0
OG0020415	HG_20416	1	0	0	0	0	0
OG0020416	HG_20417	1	0	0	0	0	0
OG0020417	HG_20418	1	0	0	0	0	0
OG0020418	HG_20419	1	0	0	0	0	0
OG0020419	HG_20420	1	0	0	0	0	0
OG0020420	HG_20421	1	0	0	0	0	0
OG0020421	HG_20422	1	0	0	0	0	0
OG0020422	HG_20423	1	0	0	0	0	0
OG0020423	HG_20424	1	0	0	0	0	0
OG0020424	HG_20425	1	0	0	0	0	0
OG0020425	HG_20426	1	0	0	0	0	0
OG0020426	HG_20427	1	0	0	0	0	0
OG0020427	HG_20428	1	0	0	0	0	0
OG0020428	HG_20429	1	0	0	0	0	0
OG0020429	HG_20430	1	0	0	0	0	0
OG0020431	HG_20432	1	0	0	0	0	0
OG0020432	HG_20433	1	0	0	0	0	0
OG0020434	HG_20435	1	0	0	0	0	0
OG0020435	HG_20436	1	0	0	0	0	0
OG0020437	HG_20438	1	0	0	0	0	0
OG0020438	HG_20439	1	0	0	0	0	0
OG0020439	HG_20440	1	0	0	0	0	0
OG0020440	HG_20441	1	0	0	0	0	0
OG0020441	HG_20442	1	0	0	0	0	0
OG0020442	HG_20443	1	0	0	0	0	0
OG0020443	HG_20444	1	0	0	0	0	0
OG0020444	HG_20445	1	0	0	0	0	0
OG0020445	HG_20446	1	0	0	0	0	0
OG0020446	HG_20447	1	0	0	0	0	0
OG0020447	HG_20448	1	0	0	0	0	0
OG0020448	HG_20449	1	0	0	0	0	0
OG0020449	HG_20450	1	0	0	0	0	0
OG0020450	HG_20451	1	0	0	0	0	0
OG0020452	HG_20453	1	0	0	0	0	0
OG0020453	HG_20454	1	0	0	0	0	0
OG0020454	HG_20455	1	0	0	0	0	0
OG0020455	HG_20456	1	0	0	0	0	0
OG0020456	HG_20457	1	0	0	0	0	0
OG0020457	HG_20458	1	0	0	0	0	0
OG0020458	HG_20459	1	0	0	0	0	0
OG0020459	HG_20460	1	0	0	0	0	0
OG0020460	HG_20461	1	0	0	0	0	0
OG0020461	HG_20462	1	0	0	0	0	0
OG0020462	HG_20463	1	0	0	0	0	0
OG0020463	HG_20464	1	0	0	0	0	0
OG0020464	HG_20465	1	0	0	0	0	0
OG0020465	HG_20466	1	0	0	0	0	0
OG0020466	HG_20467	1	0	0	0	0	0
OG0020467	HG_20468	1	0	0	0	0	0
OG0020468	HG_20469	1	0	0	0	0	0
OG0020469	HG_20470	1	0	0	0	0	0
OG0020470	HG_20471	1	0	0	0	0	0
OG0020471	HG_20472	1	0	0	0	0	0
OG0020472	HG_20473	1	0	0	0	0	0
OG0020473	HG_20474	1	0	0	0	0	0
OG0020474	HG_20475	1	0	0	0	0	0
OG0020475	HG_20476	1	0	0	0	0	0
OG0020476	HG_20477	1	0	0	0	0	0
OG0020478	HG_20479	1	0	0	0	0	0
OG0020479	HG_20480	1	0	0	0	0	0
OG0020480	HG_20481	1	0	0	0	0	0
OG0020481	HG_20482	1	0	0	0	0	0
OG0020482	HG_20483	1	0	0	0	0	0
OG0020483	HG_20484	1	0	0	0	0	0
OG0020485	HG_20486	1	0	0	0	0	0
OG0020486	HG_20487	1	0	0	0	0	0
OG0020487	HG_20488	1	0	0	0	0	0
OG0020488	HG_20489	1	0	0	0	0	0
OG0020489	HG_20490	1	0	0	0	0	0
OG0020490	HG_20491	1	0	0	0	0	0
OG0020491	HG_20492	1	0	0	0	0	0
OG0020492	HG_20493	1	0	0	0	0	0
OG0020493	HG_20494	1	0	0	0	0	0
OG0020494	HG_20495	1	0	0	0	0	0
OG0020495	HG_20496	1	0	0	0	0	0
OG0020496	HG_20497	1	0	0	0	0	0
OG0020497	HG_20498	1	0	0	0	0	0
OG0020498	HG_20499	1	0	0	0	0	0
OG0020499	HG_20500	1	0	0	0	0	0
OG0020500	HG_20501	1	0	0	0	0	0
OG0020501	HG_20502	1	0	0	0	0	0
OG0020502	HG_20503	1	0	0	0	0	0
OG0020503	HG_20504	1	0	0	0	0	0
OG0020504	HG_20505	1	0	0	0	0	0
OG0020505	HG_20506	1	0	0	0	0	0
OG0020506	HG_20507	1	0	0	0	0	0
OG0020507	HG_20508	1	0	0	0	0	0
OG0020508	HG_20509	1	0	0	0	0	0
OG0020509	HG_20510	1	0	0	0	0	0
OG0020510	HG_20511	1	0	0	0	0	0
OG0020511	HG_20512	1	0	0	0	0	0
OG0020512	HG_20513	1	0	0	0	0	0
OG0020513	HG_20514	1	0	0	0	0	0
OG0020514	HG_20515	1	0	0	0	0	0
OG0020515	HG_20516	1	0	0	0	0	0
OG0020516	HG_20517	1	0	0	0	0	0
OG0020517	HG_20518	1	0	0	0	0	0
OG0020518	HG_20519	1	0	0	0	0	0
OG0020519	HG_20520	1	0	0	0	0	0
OG0020520	HG_20521	1	0	0	0	0	0
OG0020521	HG_20522	1	0	0	0	0	0
OG0020522	HG_20523	1	0	0	0	0	0
OG0020523	HG_20524	1	0	0	0	0	0
OG0020525	HG_20526	1	0	0	0	0	0
OG0020526	HG_20527	1	0	0	0	0	0
OG0020527	HG_20528	1	0	0	0	0	0
OG0020528	HG_20529	1	0	0	0	0	0
OG0020529	HG_20530	1	0	0	0	0	0
OG0020530	HG_20531	1	0	0	0	0	0
OG0020531	HG_20532	1	0	0	0	0	0
OG0020532	HG_20533	1	0	0	0	0	0
OG0020533	HG_20534	1	0	0	0	0	0
OG0020534	HG_20535	1	0	0	0	0	0
OG0020535	HG_20536	1	0	0	0	0	0
OG0020536	HG_20537	1	0	0	0	0	0
OG0020537	HG_20538	1	0	0	0	0	0
OG0020538	HG_20539	1	0	0	0	0	0
OG0020539	HG_20540	1	0	0	0	0	0
OG0020540	HG_20541	1	0	0	0	0	0
OG0020541	HG_20542	1	0	0	0	0	0
OG0020542	HG_20543	1	0	0	0	0	0
OG0020543	HG_20544	1	0	0	0	0	0
OG0020544	HG_20545	1	0	0	0	0	0
OG0020545	HG_20546	1	0	0	0	0	0
OG0020546	HG_20547	1	0	0	0	0	0
OG0020547	HG_20548	1	0	0	0	0	0
OG0020549	HG_20550	1	0	0	0	0	0
OG0020550	HG_20551	1	0	0	0	0	0
OG0020551	HG_20552	1	0	0	0	0	0
OG0020553	HG_20554	1	0	0	0	0	0
OG0020554	HG_20555	1	0	0	0	0	0
OG0020555	HG_20556	1	0	0	0	0	0
OG0020556	HG_20557	1	0	0	0	0	0
OG0020557	HG_20558	1	0	0	0	0	0
OG0020558	HG_20559	1	0	0	0	0	0
OG0020559	HG_20560	1	0	0	0	0	0
OG0020560	HG_20561	1	0	0	0	0	0
OG0020561	HG_20562	1	0	0	0	0	0
OG0020562	HG_20563	1	0	0	0	0	0
OG0020563	HG_20564	1	0	0	0	0	0
OG0020564	HG_20565	1	0	0	0	0	0
OG0020565	HG_20566	1	0	0	0	0	0
OG0020567	HG_20568	1	0	0	0	0	0
OG0020568	HG_20569	1	0	0	0	0	0
OG0020569	HG_20570	1	0	0	0	0	0
OG0020581	HG_20582	1	0	0	0	0	0
OG0020584	HG_20585	1	0	0	0	0	0
OG0020585	HG_20586	1	0	0	0	0	0
OG0020587	HG_20588	1	0	0	0	0	0
OG0020588	HG_20589	1	0	0	0	0	0
OG0020589	HG_20590	1	0	0	0	0	0
OG0020590	HG_20591	1	0	0	0	0	0
OG0020593	HG_20594	1	0	0	0	0	0
OG0020594	HG_20595	1	0	0	0	0	0
OG0020595	HG_20596	1	0	0	0	0	0
OG0020596	HG_20597	1	0	0	0	0	0
OG0020597	HG_20598	1	0	0	0	0	0
OG0020598	HG_20599	1	0	0	0	0	0
OG0020599	HG_20600	1	0	0	0	0	0
OG0020600	HG_20601	1	0	0	0	0	0
OG0020601	HG_20602	1	0	0	0	0	0
OG0020602	HG_20603	1	0	0	0	0	0
OG0020603	HG_20604	1	0	0	0	0	0
OG0020607	HG_20608	1	0	0	0	0	0
OG0020608	HG_20609	1	0	0	0	0	0
OG0020986	HG_20987	0	1	0	0	0	0
OG0022512	HG_22513	0	0	0	0	0	1
OG0022577	HG_22578	0	0	0	0	0	1
OG0022619	HG_22620	1	0	0	0	0	0
OG0022628	HG_22629	1	0	0	0	0	0
OG0022637	HG_22638	1	0	0	0	0	0
OG0022658	HG_22659	0	0	0	0	0	1
OG0022659	HG_22660	0	0	0	0	0	1
OG0022660	HG_22661	0	0	0	0	0	1
OG0022661	HG_22662	0	0	0	0	0	1
OG0022662	HG_22663	0	0	0	0	0	1
OG0022663	HG_22664	0	0	0	0	0	1
OG0022664	HG_22665	0	0	0	0	0	1
OG0022665	HG_22666	0	0	0	0	0	1
OG0022666	HG_22667	0	0	0	0	0	1
OG0022667	HG_22668	0	0	0	0	0	1
OG0022668	HG_22669	0	0	0	0	0	1
OG0022669	HG_22670	0	0	0	0	0	1
OG0022670	HG_22671	0	0	0	0	0	1
OG0022671	HG_22672	0	0	0	0	0	1
OG0022672	HG_22673	0	0	0	0	0	1
OG0022673	HG_22674	0	0	0	0	0	1
OG0022674	HG_22675	0	0	0	0	0	1
OG0022675	HG_22676	0	0	0	0	0	1
OG0022676	HG_22677	0	0	0	0	0	1
OG0022677	HG_22678	0	0	0	0	0	1
OG0022678	HG_22679	0	0	0	0	0	1
OG0022679	HG_22680	0	0	0	0	0	1
OG0022681	HG_22682	0	0	0	0	0	1
OG0022682	HG_22683	0	0	0	0	0	1
OG0022683	HG_22684	0	0	0	0	0	1
OG0022684	HG_22685	0	0	0	0	0	1
OG0022685	HG_22686	0	0	0	0	0	1
OG0022686	HG_22687	0	0	0	0	0	1
OG0022687	HG_22688	0	0	0	0	0	1
OG0022688	HG_22689	0	0	0	0	0	1
OG0022689	HG_22690	0	0	0	0	0	1
OG0022691	HG_22692	0	0	0	0	0	1
OG0022692	HG_22693	0	0	0	0	0	1
OG0022693	HG_22694	0	0	0	0	0	1
OG0022694	HG_22695	0	0	0	0	0	1
OG0022696	HG_22697	0	0	0	0	0	1
OG0022697	HG_22698	0	0	0	0	0	1
OG0022698	HG_22699	0	0	0	0	0	1
OG0022699	HG_22700	0	0	0	0	0	1
OG0022700	HG_22701	0	0	0	0	0	1
OG0022701	HG_22702	0	0	0	0	0	1
OG0022702	HG_22703	0	0	0	0	0	1
OG0022704	HG_22705	0	0	0	0	0	1
OG0022706	HG_22707	0	0	0	0	0	1
OG0022707	HG_22708	0	0	0	0	0	1
OG0022708	HG_22709	0	0	0	0	0	1
OG0022709	HG_22710	0	0	0	0	0	1
OG0022710	HG_22711	0	0	0	0	0	1
OG0022711	HG_22712	0	0	0	0	0	1
OG0022712	HG_22713	0	0	0	0	0	1
OG0022713	HG_22714	0	0	0	0	0	1
OG0022714	HG_22715	0	0	0	0	0	1
OG0022715	HG_22716	0	0	0	0	0	1
OG0022716	HG_22717	0	0	0	0	0	1
OG0022717	HG_22718	0	0	0	0	0	1
OG0022718	HG_22719	0	0	0	0	0	1
OG0022719	HG_22720	0	0	0	0	0	1
OG0022720	HG_22721	0	0	0	0	0	1
OG0022722	HG_22723	0	0	0	0	0	1
OG0022723	HG_22724	0	0	0	0	0	1
OG0022724	HG_22725	0	0	0	0	0	1
OG0022725	HG_22726	0	0	0	0	0	1
OG0022726	HG_22727	0	0	0	0	0	1
OG0022727	HG_22728	0	0	0	0	0	1
OG0022728	HG_22729	0	0	0	0	0	1
OG0022729	HG_22730	0	0	0	0	0	1
OG0022730	HG_22731	0	0	0	0	0	1
OG0022731	HG_22732	0	0	0	0	0	1
OG0022733	HG_22734	0	0	0	0	0	1
OG0022734	HG_22735	0	0	0	0	0	1
OG0022735	HG_22736	0	0	0	0	0	1
OG0022736	HG_22737	0	0	0	0	0	1
OG0022738	HG_22739	0	0	0	0	0	1
OG0022739	HG_22740	0	0	0	0	0	1
OG0022741	HG_22742	0	0	0	0	0	1
OG0022742	HG_22743	0	0	0	0	0	1
OG0022743	HG_22744	0	0	0	0	0	1
OG0022745	HG_22746	0	0	0	0	0	1
OG0022746	HG_22747	0	0	0	0	0	1
OG0022748	HG_22749	0	0	0	0	0	1
OG0022749	HG_22750	0	0	0	0	0	1
OG0022750	HG_22751	0	0	0	0	0	1
OG0022751	HG_22752	0	0	0	0	0	1
OG0022752	HG_22753	0	0	0	0	0	1
OG0022753	HG_22754	0	0	0	0	0	1
OG0022754	HG_22755	0	0	0	0	0	1
OG0022756	HG_22757	0	0	0	0	0	1
OG0022757	HG_22758	0	0	0	0	0	1
OG0022758	HG_22759	0	0	0	0	0	1
OG0022759	HG_22760	0	0	0	0	0	1
OG0022761	HG_22762	0	0	0	0	0	1
OG0022762	HG_22763	0	0	0	0	0	1
OG0022764	HG_22765	0	0	0	0	0	1
OG0022765	HG_22766	0	0	0	0	0	1
OG0022766	HG_22767	0	0	0	0	0	1
OG0022767	HG_22768	0	0	0	0	0	1
OG0022768	HG_22769	0	0	0	0	0	1
OG0022769	HG_22770	0	0	0	0	0	1
OG0022770	HG_22771	0	0	0	0	0	1
OG0022771	HG_22772	0	0	0	0	0	1
OG0022772	HG_22773	0	0	0	0	0	1
OG0022773	HG_22774	0	0	0	0	0	1
OG0022774	HG_22775	0	0	0	0	0	1
OG0022775	HG_22776	0	0	0	0	0	1
OG0022776	HG_22777	0	0	0	0	0	1
OG0022777	HG_22778	0	0	0	0	0	1
OG0022778	HG_22779	0	0	0	0	0	1
OG0022779	HG_22780	0	0	0	0	0	1
OG0022780	HG_22781	0	0	0	0	0	1
OG0022781	HG_22782	0	0	0	0	0	1
OG0022782	HG_22783	0	0	0	0	0	1
OG0022783	HG_22784	0	0	0	0	0	1
OG0022784	HG_22785	0	0	0	0	0	1
OG0022785	HG_22786	0	0	0	0	0	1
OG0022786	HG_22787	0	0	0	0	0	1
OG0022787	HG_22788	0	0	0	0	0	1
OG0022788	HG_22789	0	0	0	0	0	1
OG0022789	HG_22790	0	0	0	0	0	1
OG0022790	HG_22791	0	0	0	0	0	1
OG0022791	HG_22792	0	0	0	0	0	1
OG0022792	HG_22793	0	0	0	0	0	1
OG0022793	HG_22794	0	0	0	0	0	1
OG0022794	HG_22795	0	0	0	0	0	1
OG0022795	HG_22796	0	0	0	0	0	1
OG0022796	HG_22797	0	0	0	0	0	1
OG0022797	HG_22798	0	0	0	0	0	1
OG0022798	HG_22799	0	0	0	0	0	1
OG0022799	HG_22800	0	0	0	0	0	1
OG0022800	HG_22801	0	0	0	0	0	1
OG0022802	HG_22803	0	0	0	0	0	1
OG0022803	HG_22804	0	0	0	0	0	1
OG0022804	HG_22805	0	0	0	0	0	1
OG0022805	HG_22806	0	0	0	0	0	1
OG0022806	HG_22807	0	0	0	0	0	1
OG0022807	HG_22808	0	0	0	0	0	1
OG0022809	HG_22810	0	0	0	0	0	1
OG0022810	HG_22811	0	0	0	0	0	1
OG0022811	HG_22812	0	0	0	0	0	1
OG0022814	HG_22815	0	0	0	0	0	1
OG0022815	HG_22816	0	0	0	0	0	1
OG0022816	HG_22817	0	0	0	0	0	1
OG0022817	HG_22818	0	0	0	0	0	1
OG0022818	HG_22819	0	0	0	0	0	1
OG0022819	HG_22820	0	0	0	0	0	1
OG0022821	HG_22822	0	0	0	0	0	1
OG0022822	HG_22823	0	0	0	0	0	1
OG0022823	HG_22824	0	0	0	0	0	1
OG0022824	HG_22825	0	0	0	0	0	1
OG0022825	HG_22826	0	0	0	0	0	1
OG0022826	HG_22827	0	0	0	0	0	1
OG0022827	HG_22828	0	0	0	0	0	1
OG0022828	HG_22829	0	0	0	0	0	1
OG0022829	HG_22830	0	0	0	0	0	1
OG0022830	HG_22831	0	0	0	0	0	1
OG0022831	HG_22832	0	0	0	0	0	1
OG0022832	HG_22833	0	0	0	0	0	1
OG0022833	HG_22834	0	0	0	0	0	1
OG0022834	HG_22835	0	0	0	0	0	1
OG0022835	HG_22836	0	0	0	0	0	1
OG0022837	HG_22838	0	0	0	0	0	1
OG0022838	HG_22839	0	0	0	0	0	1
OG0022839	HG_22840	0	0	0	0	0	1
OG0022840	HG_22841	0	0	0	0	0	1
OG0022841	HG_22842	0	0	0	0	0	1
OG0022842	HG_22843	0	0	0	0	0	1
OG0022843	HG_22844	0	0	0	0	0	1
OG0022844	HG_22845	0	0	0	0	0	1
OG0022845	HG_22846	0	0	0	0	0	1
OG0022846	HG_22847	0	0	0	0	0	1
OG0022847	HG_22848	0	0	0	0	0	1
OG0022849	HG_22850	0	0	0	0	0	1
OG0022850	HG_22851	0	0	0	0	0	1
OG0022851	HG_22852	0	0	0	0	0	1
OG0022852	HG_22853	0	0	0	0	0	1
OG0022853	HG_22854	0	0	0	0	0	1
OG0022854	HG_22855	0	0	0	0	0	1
OG0022855	HG_22856	0	0	0	0	0	1
OG0022857	HG_22858	0	0	0	0	0	1
OG0022858	HG_22859	0	0	0	0	0	1
OG0022859	HG_22860	0	0	0	0	0	1
OG0022861	HG_22862	0	0	0	0	0	1
OG0022862	HG_22863	0	0	0	0	0	1
OG0022863	HG_22864	0	0	0	0	0	1
OG0022864	HG_22865	0	0	0	0	0	1
OG0022865	HG_22866	0	0	0	0	0	1
OG0022867	HG_22868	0	0	0	0	0	1
OG0022868	HG_22869	0	0	0	0	0	1
OG0022869	HG_22870	0	0	0	0	0	1
OG0022870	HG_22871	0	0	0	0	0	1
OG0022871	HG_22872	0	0	0	0	0	1
OG0022872	HG_22873	0	0	0	0	0	1
OG0022873	HG_22874	0	0	0	0	0	1
OG0022874	HG_22875	0	0	0	0	0	1
OG0022875	HG_22876	0	0	0	0	0	1
OG0022876	HG_22877	0	0	0	0	0	1
OG0022877	HG_22878	0	0	0	0	0	1
OG0022878	HG_22879	0	0	0	0	0	1
OG0022879	HG_22880	0	0	0	0	0	1
OG0022880	HG_22881	0	0	0	0	0	1
OG0022881	HG_22882	0	0	0	0	0	1
OG0022883	HG_22884	0	0	0	0	0	1
OG0022884	HG_22885	0	0	0	0	0	1
OG0022885	HG_22886	0	0	0	0	0	1
OG0022886	HG_22887	0	0	0	0	0	1
OG0022887	HG_22888	0	0	0	0	0	1
OG0022889	HG_22890	0	0	0	0	0	1
OG0022890	HG_22891	0	0	0	0	0	1
OG0022891	HG_22892	0	0	0	0	0	1
OG0022892	HG_22893	0	0	0	0	0	1
OG0022893	HG_22894	0	0	0	0	0	1
OG0022894	HG_22895	0	0	0	0	0	1
OG0022895	HG_22896	0	0	0	0	0	1
OG0022896	HG_22897	0	0	0	0	0	1
OG0022900	HG_22901	0	0	0	0	0	1
OG0022901	HG_22902	0	0	0	0	0	1
OG0022902	HG_22903	0	0	0	0	0	1
OG0022903	HG_22904	0	0	0	0	0	1
OG0022904	HG_22905	0	0	0	0	0	1
OG0022905	HG_22906	0	0	0	0	0	1
OG0022906	HG_22907	0	0	0	0	0	1
OG0022907	HG_22908	0	0	0	0	0	1
OG0022908	HG_22909	0	0	0	0	0	1
OG0022909	HG_22910	0	0	0	0	0	1
OG0022911	HG_22912	0	0	0	0	0	1
OG0022912	HG_22913	0	0	0	0	0	1
OG0022913	HG_22914	0	0	0	0	0	1
OG0022914	HG_22915	0	0	0	0	0	1
OG0022915	HG_22916	0	0	0	0	0	1
OG0022916	HG_22917	0	0	0	0	0	1
OG0022918	HG_22919	0	0	0	0	0	1
OG0022919	HG_22920	0	0	0	0	0	1
OG0022920	HG_22921	0	0	0	0	0	1
OG0022921	HG_22922	0	0	0	0	0	1
OG0022922	HG_22923	0	0	0	0	0	1
OG0022924	HG_22925	0	0	0	0	0	1
OG0022925	HG_22926	0	0	0	0	0	1
OG0022926	HG_22927	0	0	0	0	0	1
OG0022927	HG_22928	0	0	0	0	0	1
OG0022928	HG_22929	0	0	0	0	0	1
OG0022929	HG_22930	0	0	0	0	0	1
OG0022930	HG_22931	0	0	0	0	0	1
OG0022931	HG_22932	0	0	0	0	0	1
OG0022932	HG_22933	0	0	0	0	0	1
OG0022933	HG_22934	0	0	0	0	0	1
OG0022934	HG_22935	0	0	0	0	0	1
OG0022936	HG_22937	0	0	0	0	0	1
OG0022937	HG_22938	0	0	0	0	0	1
OG0022938	HG_22939	0	0	0	0	0	1
OG0022939	HG_22940	0	0	0	0	0	1
OG0022940	HG_22941	0	0	0	0	0	1
OG0022941	HG_22942	0	0	0	0	0	1
OG0022942	HG_22943	0	0	0	0	0	1
OG0022943	HG_22944	0	0	0	0	0	1
OG0022944	HG_22945	0	0	0	0	0	1
OG0022945	HG_22946	0	0	0	0	0	1
OG0022946	HG_22947	0	0	0	0	0	1
OG0022947	HG_22948	0	0	0	0	0	1
OG0022948	HG_22949	0	0	0	0	0	1
OG0022949	HG_22950	0	0	0	0	0	1
OG0022950	HG_22951	0	0	0	0	0	1
OG0022951	HG_22952	0	0	0	0	0	1
OG0022952	HG_22953	0	0	0	0	0	1
OG0022953	HG_22954	0	0	0	0	0	1
OG0022954	HG_22955	0	0	0	0	0	1
OG0022955	HG_22956	0	0	0	0	0	1
OG0022956	HG_22957	0	0	0	0	0	1
OG0022957	HG_22958	0	0	0	0	0	1
OG0022958	HG_22959	0	0	0	0	0	1
OG0022959	HG_22960	0	0	0	0	0	1
OG0022961	HG_22962	0	0	0	0	0	1
OG0022962	HG_22963	0	0	0	0	0	1
OG0022964	HG_22965	0	0	0	0	0	1
OG0022967	HG_22968	0	0	0	0	0	1
OG0022971	HG_22972	0	0	0	0	0	1
OG0022977	HG_22978	0	0	0	0	0	1
OG0022980	HG_22981	0	0	0	0	0	1
OG0022990	HG_22991	0	0	0	0	0	1
OG0022991	HG_22992	0	0	0	0	0	1
OG0022992	HG_22993	0	0	0	0	0	1
OG0022994	HG_22995	0	0	0	0	0	1
OG0023000	HG_23001	0	0	0	0	0	1
OG0023945	HG_23946	0	0	1	0	0	0
OG0023946	HG_23947	0	0	1	0	0	0
OG0023947	HG_23948	0	0	1	0	0	0
OG0023948	HG_23949	0	0	1	0	0	0
OG0023949	HG_23950	0	0	1	0	0	0
OG0023951	HG_23952	0	0	1	0	0	0
OG0023952	HG_23953	0	0	1	0	0	0
OG0023953	HG_23954	0	0	1	0	0	0
OG0023954	HG_23955	0	0	1	0	0	0
OG0023955	HG_23956	0	0	1	0	0	0
OG0023956	HG_23957	0	0	1	0	0	0
OG0023957	HG_23958	0	0	1	0	0	0
OG0023958	HG_23959	0	0	1	0	0	0
OG0023959	HG_23960	0	0	1	0	0	0
OG0023960	HG_23961	0	0	1	0	0	0
OG0023961	HG_23962	0	0	1	0	0	0
OG0023962	HG_23963	0	0	1	0	0	0
OG0023963	HG_23964	0	0	1	0	0	0
OG0023965	HG_23966	0	0	1	0	0	0
OG0023966	HG_23967	0	0	1	0	0	0
OG0023967	HG_23968	0	0	1	0	0	0
OG0023969	HG_23970	0	0	1	0	0	0
OG0023971	HG_23972	0	0	1	0	0	0
OG0023972	HG_23973	0	0	1	0	0	0
OG0023974	HG_23975	0	0	1	0	0	0
OG0023976	HG_23977	0	0	1	0	0	0
OG0023977	HG_23978	0	0	1	0	0	0
OG0023978	HG_23979	0	0	1	0	0	0
OG0023979	HG_23980	0	0	1	0	0	0
OG0023980	HG_23981	0	0	1	0	0	0
OG0023981	HG_23982	0	0	1	0	0	0
OG0023983	HG_23984	0	0	1	0	0	0
OG0023984	HG_23985	0	0	1	0	0	0
OG0023985	HG_23986	0	0	1	0	0	0
OG0023986	HG_23987	0	0	1	0	0	0
OG0023987	HG_23988	0	0	1	0	0	0
OG0023988	HG_23989	0	0	1	0	0	0
OG0023989	HG_23990	0	0	1	0	0	0
OG0023990	HG_23991	0	0	1	0	0	0
OG0023991	HG_23992	0	0	1	0	0	0
OG0023992	HG_23993	0	0	1	0	0	0
OG0023993	HG_23994	0	0	1	0	0	0
OG0023994	HG_23995	0	0	1	0	0	0
OG0023995	HG_23996	0	0	1	0	0	0
OG0023996	HG_23997	0	0	1	0	0	0
OG0023997	HG_23998	0	0	1	0	0	0
OG0023999	HG_24000	0	0	1	0	0	0
OG0024000	HG_24001	0	0	1	0	0	0
OG0024001	HG_24002	0	0	1	0	0	0
OG0024002	HG_24003	0	0	1	0	0	0
OG0024003	HG_24004	0	0	1	0	0	0
OG0024004	HG_24005	0	0	1	0	0	0
OG0024005	HG_24006	0	0	1	0	0	0
OG0024006	HG_24007	0	0	1	0	0	0
OG0024007	HG_24008	0	0	1	0	0	0
OG0024009	HG_24010	0	0	1	0	0	0
OG0024010	HG_24011	0	0	1	0	0	0
OG0024011	HG_24012	0	0	1	0	0	0
OG0024012	HG_24013	0	0	1	0	0	0
OG0024013	HG_24014	0	0	1	0	0	0
OG0024015	HG_24016	0	0	1	0	0	0
OG0024016	HG_24017	0	0	1	0	0	0
OG0024017	HG_24018	0	0	1	0	0	0
OG0024018	HG_24019	0	0	1	0	0	0
OG0024019	HG_24020	0	0	1	0	0	0
OG0024020	HG_24021	0	0	1	0	0	0
OG0024022	HG_24023	0	0	1	0	0	0
OG0024023	HG_24024	0	0	1	0	0	0
OG0024024	HG_24025	0	0	1	0	0	0
OG0024026	HG_24027	0	0	1	0	0	0
OG0024027	HG_24028	0	0	1	0	0	0
OG0024028	HG_24029	0	0	1	0	0	0
OG0024029	HG_24030	0	0	1	0	0	0
OG0024030	HG_24031	0	0	1	0	0	0
OG0024031	HG_24032	0	0	1	0	0	0
OG0024032	HG_24033	0	0	1	0	0	0
OG0024034	HG_24035	0	0	1	0	0	0
OG0024035	HG_24036	0	0	1	0	0	0
OG0024036	HG_24037	0	0	1	0	0	0
OG0024038	HG_24039	0	0	1	0	0	0
OG0024040	HG_24041	0	0	1	0	0	0
OG0024041	HG_24042	0	0	1	0	0	0
OG0024042	HG_24043	0	0	1	0	0	0
OG0024043	HG_24044	0	0	1	0	0	0
OG0024044	HG_24045	0	0	1	0	0	0
OG0024045	HG_24046	0	0	1	0	0	0
OG0024046	HG_24047	0	0	1	0	0	0
OG0024047	HG_24048	0	0	1	0	0	0
OG0024049	HG_24050	0	0	1	0	0	0
OG0024050	HG_24051	0	0	1	0	0	0
OG0024051	HG_24052	0	0	1	0	0	0
OG0024052	HG_24053	0	0	1	0	0	0
OG0024054	HG_24055	0	0	1	0	0	0
OG0024055	HG_24056	0	0	1	0	0	0
OG0024056	HG_24057	0	0	1	0	0	0
OG0024057	HG_24058	0	0	1	0	0	0
OG0024058	HG_24059	0	0	1	0	0	0
OG0024059	HG_24060	0	0	1	0	0	0
OG0024060	HG_24061	0	0	1	0	0	0
OG0024063	HG_24064	0	0	1	0	0	0
OG0024065	HG_24066	0	0	1	0	0	0
OG0024066	HG_24067	0	0	1	0	0	0
OG0024067	HG_24068	0	0	1	0	0	0
OG0024068	HG_24069	0	0	1	0	0	0
OG0024070	HG_24071	0	0	1	0	0	0
OG0024071	HG_24072	0	0	1	0	0	0
OG0024072	HG_24073	0	0	1	0	0	0
OG0024073	HG_24074	0	0	1	0	0	0
OG0024074	HG_24075	0	0	1	0	0	0
OG0024075	HG_24076	0	0	1	0	0	0
OG0024076	HG_24077	0	0	1	0	0	0
OG0024077	HG_24078	0	0	1	0	0	0
OG0024078	HG_24079	0	0	1	0	0	0
OG0024079	HG_24080	0	0	1	0	0	0
OG0024080	HG_24081	0	0	1	0	0	0
OG0024081	HG_24082	0	0	1	0	0	0
OG0024082	HG_24083	0	0	1	0	0	0
OG0024083	HG_24084	0	0	1	0	0	0
OG0024085	HG_24086	0	0	1	0	0	0
OG0024086	HG_24087	0	0	1	0	0	0
OG0024088	HG_24089	0	0	1	0	0	0
OG0024089	HG_24090	0	0	1	0	0	0
OG0024090	HG_24091	0	0	1	0	0	0
OG0024092	HG_24093	0	0	1	0	0	0
OG0024094	HG_24095	0	0	1	0	0	0
OG0024096	HG_24097	0	0	1	0	0	0
OG0024097	HG_24098	0	0	1	0	0	0
OG0024098	HG_24099	0	0	1	0	0	0
OG0024099	HG_24100	0	0	1	0	0	0
OG0024100	HG_24101	0	0	1	0	0	0
OG0024101	HG_24102	0	0	1	0	0	0
OG0024102	HG_24103	0	0	1	0	0	0
OG0024103	HG_24104	0	0	1	0	0	0
OG0024104	HG_24105	0	0	1	0	0	0
OG0024105	HG_24106	0	0	1	0	0	0
OG0024106	HG_24107	0	0	1	0	0	0
OG0024109	HG_24110	0	0	1	0	0	0
OG0024110	HG_24111	0	0	1	0	0	0
OG0024113	HG_24114	0	0	1	0	0	0
OG0024114	HG_24115	0	0	1	0	0	0
OG0024115	HG_24116	0	0	1	0	0	0
OG0024116	HG_24117	0	0	1	0	0	0
OG0024117	HG_24118	0	0	1	0	0	0
OG0024118	HG_24119	0	0	1	0	0	0
OG0024119	HG_24120	0	0	1	0	0	0
OG0024120	HG_24121	0	0	1	0	0	0
OG0024121	HG_24122	0	0	1	0	0	0
OG0024122	HG_24123	0	0	1	0	0	0
OG0024123	HG_24124	0	0	1	0	0	0
OG0024124	HG_24125	0	0	1	0	0	0
OG0024125	HG_24126	0	0	1	0	0	0
OG0024126	HG_24127	0	0	1	0	0	0
OG0024127	HG_24128	0	0	1	0	0	0
OG0024128	HG_24129	0	0	1	0	0	0
OG0024134	HG_24135	0	0	1	0	0	0
OG0024146	HG_24147	0	0	1	0	0	0
OG0024152	HG_24153	0	0	1	0	0	0
OG0024161	HG_24162	0	0	1	0	0	0
OG0024162	HG_24163	0	0	1	0	0	0
OG0024163	HG_24164	0	0	1	0	0	0
OG0024244	HG_24245	1	0	0	0	0	0
OG0024245	HG_24246	1	0	0	0	0	0
OG0024246	HG_24247	1	0	0	0	0	0
OG0024247	HG_24248	1	0	0	0	0	0
OG0024248	HG_24249	1	0	0	0	0	0
OG0024249	HG_24250	1	0	0	0	0	0
OG0024252	HG_24253	1	0	0	0	0	0
OG0024253	HG_24254	1	0	0	0	0	0
OG0024254	HG_24255	1	0	0	0	0	0
OG0024255	HG_24256	1	0	0	0	0	0
OG0024256	HG_24257	1	0	0	0	0	0
OG0024258	HG_24259	1	0	0	0	0	0
OG0024260	HG_24261	1	0	0	0	0	0
OG0024261	HG_24262	1	0	0	0	0	0
OG0024263	HG_24264	1	0	0	0	0	0
OG0024264	HG_24265	1	0	0	0	0	0
OG0024265	HG_24266	1	0	0	0	0	0
OG0024266	HG_24267	1	0	0	0	0	0
OG0024267	HG_24268	1	0	0	0	0	0
OG0024268	HG_24269	1	0	0	0	0	0
OG0024269	HG_24270	1	0	0	0	0	0
OG0024270	HG_24271	1	0	0	0	0	0
OG0024271	HG_24272	1	0	0	0	0	0
OG0024273	HG_24274	1	0	0	0	0	0
OG0024274	HG_24275	1	0	0	0	0	0
OG0024275	HG_24276	1	0	0	0	0	0
OG0024278	HG_24279	1	0	0	0	0	0
OG0024279	HG_24280	1	0	0	0	0	0
OG0024280	HG_24281	1	0	0	0	0	0
OG0024281	HG_24282	1	0	0	0	0	0
OG0024282	HG_24283	1	0	0	0	0	0
OG0024283	HG_24284	1	0	0	0	0	0
OG0024284	HG_24285	1	0	0	0	0	0
OG0024285	HG_24286	1	0	0	0	0	0
OG0024287	HG_24288	1	0	0	0	0	0
OG0024288	HG_24289	1	0	0	0	0	0
OG0024289	HG_24290	1	0	0	0	0	0
OG0024290	HG_24291	1	0	0	0	0	0
OG0024291	HG_24292	1	0	0	0	0	0
OG0024292	HG_24293	1	0	0	0	0	0
OG0024294	HG_24295	1	0	0	0	0	0
OG0024296	HG_24297	1	0	0	0	0	0
OG0024297	HG_24298	1	0	0	0	0	0
OG0024298	HG_24299	1	0	0	0	0	0
OG0024299	HG_24300	1	0	0	0	0	0
OG0024301	HG_24302	1	0	0	0	0	0
OG0024305	HG_24306	1	0	0	0	0	0
OG0024308	HG_24309	1	0	0	0	0	0
OG0024309	HG_24310	1	0	0	0	0	0
OG0024310	HG_24311	1	0	0	0	0	0
OG0024311	HG_24312	1	0	0	0	0	0
OG0024313	HG_24314	1	0	0	0	0	0
OG0024315	HG_24316	1	0	0	0	0	0
OG0024317	HG_24318	1	0	0	0	0	0
OG0024319	HG_24320	1	0	0	0	0	0
OG0024320	HG_24321	1	0	0	0	0	0
OG0024321	HG_24322	1	0	0	0	0	0
OG0024323	HG_24324	1	0	0	0	0	0
OG0024324	HG_24325	1	0	0	0	0	0
OG0024326	HG_24327	1	0	0	0	0	0
OG0024327	HG_24328	1	0	0	0	0	0
OG0024328	HG_24329	1	0	0	0	0	0
OG0024329	HG_24330	1	0	0	0	0	0
OG0024331	HG_24332	1	0	0	0	0	0
OG0024334	HG_24335	1	0	0	0	0	0
OG0024335	HG_24336	1	0	0	0	0	0
OG0024336	HG_24337	1	0	0	0	0	0
OG0024337	HG_24338	1	0	0	0	0	0
OG0024338	HG_24339	1	0	0	0	0	0
OG0024339	HG_24340	1	0	0	0	0	0
OG0024340	HG_24341	1	0	0	0	0	0
OG0024341	HG_24342	1	0	0	0	0	0
OG0024342	HG_24343	1	0	0	0	0	0
OG0024343	HG_24344	1	0	0	0	0	0
OG0024345	HG_24346	1	0	0	0	0	0
OG0024347	HG_24348	1	0	0	0	0	0
OG0024348	HG_24349	1	0	0	0	0	0
OG0024349	HG_24350	1	0	0	0	0	0
OG0024351	HG_24352	1	0	0	0	0	0
OG0024353	HG_24354	1	0	0	0	0	0
OG0024354	HG_24355	1	0	0	0	0	0
OG0024355	HG_24356	1	0	0	0	0	0
OG0024356	HG_24357	1	0	0	0	0	0
OG0024357	HG_24358	1	0	0	0	0	0
OG0024358	HG_24359	1	0	0	0	0	0
OG0024359	HG_24360	1	0	0	0	0	0
OG0024360	HG_24361	1	0	0	0	0	0
OG0024361	HG_24362	1	0	0	0	0	0
OG0024363	HG_24364	1	0	0	0	0	0
OG0024366	HG_24367	1	0	0	0	0	0
OG0024367	HG_24368	1	0	0	0	0	0
OG0024368	HG_24369	1	0	0	0	0	0
OG0024369	HG_24370	1	0	0	0	0	0
OG0024370	HG_24371	1	0	0	0	0	0
OG0024371	HG_24372	1	0	0	0	0	0
OG0024375	HG_24376	1	0	0	0	0	0
OG0024376	HG_24377	1	0	0	0	0	0
OG0024378	HG_24379	1	0	0	0	0	0
OG0024379	HG_24380	1	0	0	0	0	0
OG0024388	HG_24389	0	0	1	0	0	0
OG0024397	HG_24398	1	0	0	0	0	0
OG0024398	HG_24399	1	0	0	0	0	0
OG0024402	HG_24403	1	0	0	0	0	0
OG0024404	HG_24405	1	0	0	0	0	0
OG0024405	HG_24406	1	0	0	0	0	0
OG0024406	HG_24407	1	0	0	0	0	0
OG0024408	HG_24409	1	0	0	0	0	0
OG0024409	HG_24410	1	0	0	0	0	0
OG0024413	HG_24414	1	0	0	0	0	0
OG0024415	HG_24416	1	0	0	0	0	0
OG0024417	HG_24418	1	0	0	0	0	0
OG0024418	HG_24419	1	0	0	0	0	0
OG0024421	HG_24422	1	0	0	0	0	0
OG0024423	HG_24424	1	0	0	0	0	0
OG0024424	HG_24425	1	0	0	0	0	0
OG0024425	HG_24426	1	0	0	0	0	0
OG0024426	HG_24427	1	0	0	0	0	0
OG0024427	HG_24428	1	0	0	0	0	0
OG0024428	HG_24429	1	0	0	0	0	0
OG0024429	HG_24430	1	0	0	0	0	0
OG0024430	HG_24431	1	0	0	0	0	0
OG0024434	HG_24435	1	0	0	0	0	0
OG0024436	HG_24437	1	0	0	0	0	0
OG0024437	HG_24438	1	0	0	0	0	0
OG0024440	HG_24441	1	0	0	0	0	0
OG0024441	HG_24442	1	0	0	0	0	0
OG0024443	HG_24444	1	0	0	0	0	0
OG0024444	HG_24445	1	0	0	0	0	0
OG0024445	HG_24446	1	0	0	0	0	0
OG0024447	HG_24448	1	0	0	0	0	0
OG0024448	HG_24449	1	0	0	0	0	0
OG0024449	HG_24450	1	0	0	0	0	0
OG0025682	HG_25683	1	0	0	0	0	0
OG0025685	HG_25686	1	0	0	0	0	0
OG0025687	HG_25688	1	0	0	0	0	0
OG0025688	HG_25689	1	0	0	0	0	0
OG0027640	HG_27641	0	0	0	0	0	1
OG0027748	HG_27749	0	0	0	0	0	1
OG0027756	HG_27757	0	0	0	0	0	1
OG0027757	HG_27758	0	0	0	0	0	1
OG0027758	HG_27759	0	0	0	0	0	1
OG0027759	HG_27760	0	0	0	0	0	1
OG0027760	HG_27761	0	0	0	0	0	1
OG0027761	HG_27762	0	0	0	0	0	1
OG0027762	HG_27763	0	0	0	0	0	1
OG0027763	HG_27764	0	0	0	0	0	1
OG0027764	HG_27765	0	0	0	0	0	1
OG0027765	HG_27766	0	0	0	0	0	1
OG0027766	HG_27767	0	0	0	0	0	1
OG0027768	HG_27769	0	0	0	0	0	1
OG0027770	HG_27771	0	0	0	0	0	1
OG0027771	HG_27772	0	0	0	0	0	1
OG0027772	HG_27773	0	0	0	0	0	1
OG0027773	HG_27774	0	0	0	0	0	1
OG0027774	HG_27775	0	0	0	0	0	1
OG0027775	HG_27776	0	0	0	0	0	1
OG0027776	HG_27777	0	0	0	0	0	1
OG0027780	HG_27781	0	0	0	0	0	1
OG0027781	HG_27782	0	0	0	0	0	1
OG0027782	HG_27783	0	0	0	0	0	1
OG0027783	HG_27784	0	0	0	0	0	1
OG0027784	HG_27785	0	0	0	0	0	1
OG0027785	HG_27786	0	0	0	0	0	1
OG0027786	HG_27787	0	0	0	0	0	1
OG0027787	HG_27788	0	0	0	0	0	1
OG0027788	HG_27789	0	0	0	0	0	1
OG0027789	HG_27790	0	0	0	0	0	1
OG0027790	HG_27791	0	0	0	0	0	1
OG0027791	HG_27792	0	0	0	0	0	1
OG0027792	HG_27793	0	0	0	0	0	1
OG0027793	HG_27794	0	0	0	0	0	1
OG0027794	HG_27795	0	0	0	0	0	1
OG0027795	HG_27796	0	0	0	0	0	1
OG0027796	HG_27797	0	0	0	0	0	1
OG0027797	HG_27798	0	0	0	0	0	1
OG0027799	HG_27800	0	0	0	0	0	1
OG0027800	HG_27801	0	0	0	0	0	1
OG0027803	HG_27804	0	0	0	0	0	1
OG0027805	HG_27806	0	0	0	0	0	1
OG0027806	HG_27807	0	0	0	0	0	1
OG0027807	HG_27808	0	0	0	0	0	1
OG0027808	HG_27809	0	0	0	0	0	1
OG0027809	HG_27810	0	0	0	0	0	1
OG0027810	HG_27811	0	0	0	0	0	1
OG0027812	HG_27813	0	0	0	0	0	1
OG0027813	HG_27814	0	0	0	0	0	1
OG0027814	HG_27815	0	0	0	0	0	1
OG0027815	HG_27816	0	0	0	0	0	1
OG0027816	HG_27817	0	0	0	0	0	1
OG0027817	HG_27818	0	0	0	0	0	1
OG0027818	HG_27819	0	0	0	0	0	1
OG0027819	HG_27820	0	0	0	0	0	1
OG0027820	HG_27821	0	0	0	0	0	1
OG0027821	HG_27822	0	0	0	0	0	1
OG0027822	HG_27823	0	0	0	0	0	1
OG0027823	HG_27824	0	0	0	0	0	1
OG0027824	HG_27825	0	0	0	0	0	1
OG0027825	HG_27826	0	0	0	0	0	1
OG0027826	HG_27827	0	0	0	0	0	1
OG0027827	HG_27828	0	0	0	0	0	1
OG0027828	HG_27829	0	0	0	0	0	1
OG0027829	HG_27830	0	0	0	0	0	1
OG0027831	HG_27832	0	0	0	0	0	1
OG0027832	HG_27833	0	0	0	0	0	1
OG0027833	HG_27834	0	0	0	0	0	1
OG0027834	HG_27835	0	0	0	0	0	1
OG0027835	HG_27836	0	0	0	0	0	1
OG0027836	HG_27837	0	0	0	0	0	1
OG0027837	HG_27838	0	0	0	0	0	1
OG0027838	HG_27839	0	0	0	0	0	1
OG0027839	HG_27840	0	0	0	0	0	1
OG0027840	HG_27841	0	0	0	0	0	1
OG0027841	HG_27842	0	0	0	0	0	1
OG0027842	HG_27843	0	0	0	0	0	1
OG0027843	HG_27844	0	0	0	0	0	1
OG0027844	HG_27845	0	0	0	0	0	1
OG0027845	HG_27846	0	0	0	0	0	1
OG0027846	HG_27847	0	0	0	0	0	1
OG0027847	HG_27848	0	0	0	0	0	1
OG0027848	HG_27849	0	0	0	0	0	1
OG0027849	HG_27850	0	0	0	0	0	1
OG0027850	HG_27851	0	0	0	0	0	1
OG0027851	HG_27852	0	0	0	0	0	1
OG0027852	HG_27853	0	0	0	0	0	1
OG0027853	HG_27854	0	0	0	0	0	1
OG0027854	HG_27855	0	0	0	0	0	1
OG0027855	HG_27856	0	0	0	0	0	1
OG0027857	HG_27858	0	0	0	0	0	1
OG0027858	HG_27859	0	0	0	0	0	1
OG0027860	HG_27861	0	0	0	0	0	1
OG0027862	HG_27863	0	0	0	0	0	1
OG0027863	HG_27864	0	0	0	0	0	1
OG0027864	HG_27865	0	0	0	0	0	1
OG0027867	HG_27868	0	0	0	0	0	1
OG0027868	HG_27869	0	0	0	0	0	1
OG0027869	HG_27870	0	0	0	0	0	1
OG0027870	HG_27871	0	0	0	0	0	1
OG0027871	HG_27872	0	0	0	0	0	1
OG0027872	HG_27873	0	0	0	0	0	1
OG0027873	HG_27874	0	0	0	0	0	1
OG0027874	HG_27875	0	0	0	0	0	1
OG0027875	HG_27876	0	0	0	0	0	1
OG0027876	HG_27877	0	0	0	0	0	1
OG0027877	HG_27878	0	0	0	0	0	1
OG0027878	HG_27879	0	0	0	0	0	1
OG0027879	HG_27880	0	0	0	0	0	1
OG0027880	HG_27881	0	0	0	0	0	1
OG0027881	HG_27882	0	0	0	0	0	1
OG0027882	HG_27883	0	0	0	0	0	1
OG0027883	HG_27884	0	0	0	0	0	1
OG0027885	HG_27886	0	0	0	0	0	1
OG0027886	HG_27887	0	0	0	0	0	1
OG0027887	HG_27888	0	0	0	0	0	1
OG0027888	HG_27889	0	0	0	0	0	1
OG0027889	HG_27890	0	0	0	0	0	1
OG0027890	HG_27891	0	0	0	0	0	1
OG0027891	HG_27892	0	0	0	0	0	1
OG0027892	HG_27893	0	0	0	0	0	1
OG0027893	HG_27894	0	0	0	0	0	1
OG0027894	HG_27895	0	0	0	0	0	1
OG0027895	HG_27896	0	0	0	0	0	1
OG0027896	HG_27897	0	0	0	0	0	1
OG0027897	HG_27898	0	0	0	0	0	1
OG0027898	HG_27899	0	0	0	0	0	1
OG0027899	HG_27900	0	0	0	0	0	1
OG0027900	HG_27901	0	0	0	0	0	1
OG0027901	HG_27902	0	0	0	0	0	1
OG0027902	HG_27903	0	0	0	0	0	1
OG0027903	HG_27904	0	0	0	0	0	1
OG0027904	HG_27905	0	0	0	0	0	1
OG0027905	HG_27906	0	0	0	0	0	1
OG0027906	HG_27907	0	0	0	0	0	1
OG0027907	HG_27908	0	0	0	0	0	1
OG0027908	HG_27909	0	0	0	0	0	1
OG0027909	HG_27910	0	0	0	0	0	1
OG0027910	HG_27911	0	0	0	0	0	1
OG0027911	HG_27912	0	0	0	0	0	1
OG0027912	HG_27913	0	0	0	0	0	1
OG0027913	HG_27914	0	0	0	0	0	1
OG0027915	HG_27916	0	0	0	0	0	1
OG0027916	HG_27917	0	0	0	0	0	1
OG0027917	HG_27918	0	0	0	0	0	1
OG0027918	HG_27919	0	0	0	0	0	1
OG0027919	HG_27920	0	0	0	0	0	1
OG0027920	HG_27921	0	0	0	0	0	1
OG0027921	HG_27922	0	0	0	0	0	1
OG0027922	HG_27923	0	0	0	0	0	1
OG0027923	HG_27924	0	0	0	0	0	1
OG0027924	HG_27925	0	0	0	0	0	1
OG0027925	HG_27926	0	0	0	0	0	1
OG0027926	HG_27927	0	0	0	0	0	1
OG0027927	HG_27928	0	0	0	0	0	1
OG0027928	HG_27929	0	0	0	0	0	1
OG0027929	HG_27930	0	0	0	0	0	1
OG0027930	HG_27931	0	0	0	0	0	1
OG0027931	HG_27932	0	0	0	0	0	1
OG0027932	HG_27933	0	0	0	0	0	1
OG0027933	HG_27934	0	0	0	0	0	1
OG0027934	HG_27935	0	0	0	0	0	1
OG0027935	HG_27936	0	0	0	0	0	1
OG0027936	HG_27937	0	0	0	0	0	1
OG0027937	HG_27938	0	0	0	0	0	1
OG0027938	HG_27939	0	0	0	0	0	1
OG0027939	HG_27940	0	0	0	0	0	1
OG0027941	HG_27942	0	0	0	0	0	1
OG0027942	HG_27943	0	0	0	0	0	1
OG0027943	HG_27944	0	0	0	0	0	1
OG0027944	HG_27945	0	0	0	0	0	1
OG0027945	HG_27946	0	0	0	0	0	1
OG0027947	HG_27948	0	0	0	0	0	1
OG0027948	HG_27949	0	0	0	0	0	1
OG0027949	HG_27950	0	0	0	0	0	1
OG0027950	HG_27951	0	0	0	0	0	1
OG0027951	HG_27952	0	0	0	0	0	1
OG0027952	HG_27953	0	0	0	0	0	1
OG0027953	HG_27954	0	0	0	0	0	1
OG0027954	HG_27955	0	0	0	0	0	1
OG0027955	HG_27956	0	0	0	0	0	1
OG0027956	HG_27957	0	0	0	0	0	1
OG0027957	HG_27958	0	0	0	0	0	1
OG0027958	HG_27959	0	0	0	0	0	1
OG0027960	HG_27961	0	0	0	0	0	1
OG0027961	HG_27962	0	0	0	0	0	1
OG0027962	HG_27963	0	0	0	0	0	1
OG0027963	HG_27964	0	0	0	0	0	1
OG0027964	HG_27965	0	0	0	0	0	1
OG0027965	HG_27966	0	0	0	0	0	1
OG0027966	HG_27967	0	0	0	0	0	1
OG0027967	HG_27968	0	0	0	0	0	1
OG0027968	HG_27969	0	0	0	0	0	1
OG0027969	HG_27970	0	0	0	0	0	1
OG0027970	HG_27971	0	0	0	0	0	1
OG0027971	HG_27972	0	0	0	0	0	1
OG0027972	HG_27973	0	0	0	0	0	1
OG0027973	HG_27974	0	0	0	0	0	1
OG0027974	HG_27975	0	0	0	0	0	1
OG0027975	HG_27976	0	0	0	0	0	1
OG0027976	HG_27977	0	0	0	0	0	1
OG0027978	HG_27979	0	0	0	0	0	1
OG0027979	HG_27980	0	0	0	0	0	1
OG0027982	HG_27983	0	0	0	0	0	1
OG0027983	HG_27984	0	0	0	0	0	1
OG0027984	HG_27985	0	0	0	0	0	1
OG0027985	HG_27986	0	0	0	0	0	1
OG0027989	HG_27990	0	0	0	0	0	1
OG0027990	HG_27991	0	0	0	0	0	1
OG0027991	HG_27992	0	0	0	0	0	1
OG0027992	HG_27993	0	0	0	0	0	1
OG0027994	HG_27995	0	0	0	0	0	1
OG0027995	HG_27996	0	0	0	0	0	1
OG0027997	HG_27998	0	0	0	0	0	1
OG0027998	HG_27999	0	0	0	0	0	1
OG0027999	HG_28000	0	0	0	0	0	1
OG0028003	HG_28004	0	0	0	0	0	1
OG0028005	HG_28006	0	0	0	0	0	1
OG0028009	HG_28010	0	0	0	0	0	1
OG0028010	HG_28011	0	0	0	0	0	1
OG0028011	HG_28012	0	0	0	0	0	1
OG0028012	HG_28013	0	0	0	0	0	1
OG0028013	HG_28014	0	0	0	0	0	1
OG0028014	HG_28015	0	0	0	0	0	1
OG0028016	HG_28017	0	0	0	0	0	1
OG0028017	HG_28018	0	0	0	0	0	1
OG0028018	HG_28019	0	0	0	0	0	1
OG0028021	HG_28022	0	0	0	0	0	1
OG0028023	HG_28024	0	0	0	0	0	1
OG0028026	HG_28027	0	0	0	0	0	1
OG0028031	HG_28032	0	0	0	0	0	1
OG0028034	HG_28035	0	0	0	0	0	1
OG0028035	HG_28036	0	0	0	0	0	1
OG0028037	HG_28038	0	0	0	0	0	1
OG0028039	HG_28040	0	0	0	0	0	1
OG0028040	HG_28041	0	0	0	0	0	1
OG0028041	HG_28042	0	0	0	0	0	1
OG0028042	HG_28043	0	0	0	0	0	1
OG0028044	HG_28045	0	0	0	0	0	1
OG0028045	HG_28046	0	0	0	0	0	1
OG0028046	HG_28047	0	0	0	0	0	1
OG0028047	HG_28048	0	0	0	0	0	1
OG0028049	HG_28050	0	0	0	0	0	1
OG0028050	HG_28051	0	0	0	0	0	1
OG0028051	HG_28052	0	0	0	0	0	1
OG0028053	HG_28054	0	0	0	0	0	1
OG0028054	HG_28055	0	0	0	0	0	1
OG0028055	HG_28056	0	0	0	0	0	1
OG0028056	HG_28057	0	0	0	0	0	1
OG0028057	HG_28058	0	0	0	0	0	1
OG0028058	HG_28059	0	0	0	0	0	1
OG0028064	HG_28065	0	0	0	0	0	1
OG0028065	HG_28066	0	0	0	0	0	1
OG0028066	HG_28067	0	0	0	0	0	1
OG0028069	HG_28070	0	0	0	0	0	1
OG0028071	HG_28072	0	0	0	0	0	1
OG0028073	HG_28074	0	0	0	0	0	1
OG0028074	HG_28075	0	0	0	0	0	1
OG0028075	HG_28076	0	0	0	0	0	1
OG0028076	HG_28077	0	0	0	0	0	1
OG0028077	HG_28078	0	0	0	0	0	1
OG0028080	HG_28081	0	0	0	0	0	1
OG0028084	HG_28085	0	0	0	0	0	1
OG0028085	HG_28086	0	0	0	0	0	1
OG0028086	HG_28087	0	0	0	0	0	1
OG0028088	HG_28089	0	0	0	0	0	1
OG0028089	HG_28090	0	0	0	0	0	1
OG0028090	HG_28091	0	0	0	0	0	1
OG0028091	HG_28092	0	0	0	0	0	1
OG0028092	HG_28093	0	0	0	0	0	1
OG0028093	HG_28094	0	0	0	0	0	1
OG0028094	HG_28095	0	0	0	0	0	1
OG0028096	HG_28097	0	0	0	0	0	1
OG0028098	HG_28099	0	0	0	0	0	1
OG0028099	HG_28100	0	0	0	0	0	1
OG0028100	HG_28101	0	0	0	0	0	1
OG0028101	HG_28102	0	0	0	0	0	1
OG0028102	HG_28103	0	0	0	0	0	1
OG0028103	HG_28104	0	0	0	0	0	1
OG0028108	HG_28109	0	0	0	0	0	1
OG0028130	HG_28131	0	0	0	0	0	1
OG0028136	HG_28137	0	0	0	0	0	1
