orthogroup	mean_gain	std_gain	median_gain	nonzero_fold_fraction
OG0004963	0.016750392	0.005550814	0.016254084	1.0
OG0003146	0.016733231	0.005717448	0.015838753	1.0
OG0004417	0.01629044	0.006479647	0.015336362	0.97
OG0004329	0.016285801	0.005905242	0.014829869	0.99
OG0003765	0.015793223	0.0061413622	0.015195012	0.98
OG0001349	0.01566862	0.0056529865	0.014404914	1.0
OG0004900	0.015453797	0.0055942507	0.015062003	0.98
OG0005003	0.0153219905	0.005748314	0.015052086	0.97
OG0003650	0.014664734	0.0064230105	0.013827639	0.94
OG0003686	0.012151679	0.006187446	0.011917503	0.9
OG0004778	0.01200585	0.007657035	0.012256861	0.83
OG0000012	0.0119277835	0.0051334198	0.010995461	1.0
OG0004969	0.0119139245	0.0074736974	0.0123600345	0.8
OG0005229	0.010760273	0.007036391	0.011076177	0.82
OG0003277	0.010650551	0.0084056035	0.011665156	0.71
OG0004463	0.010325878	0.007902476	0.011708276	0.7
OG0003599	0.010308079	0.008464155	0.010752985	0.73
OG0004323	0.01005787	0.008025446	0.011975819	0.67
OG0000233	0.009102582	0.005332453	0.008649777	0.92
OG0004479	0.008726534	0.008867508	0.0095545435	0.64
OG0000028	0.008639132	0.0054206853	0.008248515	0.91
OG0003904	0.0085323285	0.0081670405	0.010155821	0.58
OG0004251	0.0084352745	0.008853902	0.008016692	0.59
OG0005082	0.0080765365	0.007720046	0.00846303	0.6
OG0005542	0.007675958	0.007295383	0.009601045	0.57
OG0005340	0.007654927	0.0079156235	0.008410327	0.56
OG0005101	0.0074887206	0.0072343987	0.008741401	0.61
OG0005087	0.007267113	0.00754738	0.008718883	0.53
OG0000300	0.0072409315	0.004709042	0.0066654407	0.95
OG0004847	0.007054289	0.007865978	0.004485795	0.54
OG0000135	0.0070362813	0.004641598	0.006804766	0.94
OG0000641	0.006234769	0.00708145	0.0037519084	0.68
OG0000638	0.0062302216	0.006358517	0.0046765553	0.65
OG0004950	0.0061957194	0.0074764914	0.0	0.45
OG0000207	0.0059721596	0.005952194	0.0050233393	0.72
OG0004486	0.0058142473	0.008568809	0.0	0.43
OG0001807	0.005806849	0.0074549876	0.0035512862	0.55
OG0005467	0.005670476	0.007054286	0.0	0.43
OG0000062	0.0056652743	0.0063882372	0.0036301878	0.78
OG0004893	0.0052662827	0.0066940757	0.00077366456	0.5
OG0004835	0.0049514608	0.007004288	0.0	0.41
OG0000126	0.004939212	0.007224798	0.0	0.42
OG0000072	0.0049341787	0.0046268604	0.0040844055	0.75
OG0005230	0.0048752795	0.007345818	0.0	0.39
OG0000432	0.004683864	0.0062428745	0.0	0.49
OG0002348	0.004500218	0.0071708495	0.0	0.45
OG0000078	0.0043568388	0.006093496	0.0	0.43
OG0004321	0.004353309	0.00635642	0.0	0.42
OG0004584	0.0043161847	0.005090628	0.0021280977	0.6
OG0004721	0.004293141	0.0063624955	0.0	0.36
OG0005453	0.0042403582	0.0056731175	0.0	0.42
OG0001562	0.0040165177	0.0042295423	0.002901516	0.78
OG0000333	0.003981169	0.0065604476	0.0	0.35
OG0004150	0.003935112	0.006943247	0.0	0.26
OG0004783	0.003889315	0.0065377722	0.0	0.33
OG0000343	0.0038743187	0.0063883686	0.0	0.34
OG0004793	0.0038209965	0.0055516395	0.0	0.42
OG0005259	0.0037639635	0.0056043537	0.0	0.38
OG0004481	0.0037045844	0.0065863715	0.0	0.27
OG0001540	0.0035075278	0.0061387424	0.0	0.36
OG0004143	0.003433561	0.005660028	0.0	0.37
OG0001005	0.0033497803	0.0029391034	0.0032442	0.76
OG0000533	0.003340077	0.005683753	0.0	0.36
OG0003570	0.003319812	0.005895993	0.0	0.31
OG0000197	0.0031309053	0.0024209053	0.0031238995	0.76
OG0000785	0.0031288532	0.0061121895	0.0	0.24
OG0004095	0.0030582433	0.005152599	0.0	0.4
OG0003505	0.0030391575	0.004871899	0.0013129839	0.53
OG0003947	0.0030117524	0.006228272	0.0	0.22
OG0000098	0.0030090085	0.0036686559	0.0017397264	0.77
OG0003820	0.0029477486	0.0056485482	0.0	0.25
OG0003879	0.0029334787	0.0060280426	0.0	0.27
OG0000116	0.0029300486	0.0032260288	0.001905891	0.56
OG0005128	0.0028986034	0.005520225	0.0	0.23
OG0005097	0.0027464393	0.0053914865	0.0	0.23
OG0000109	0.0026022792	0.0028469313	0.0013617766	0.6
OG0003500	0.002600492	0.0038988814	0.0	0.44
OG0004442	0.0025868556	0.0029054105	0.0023396001	0.7
OG0000281	0.002580815	0.0020776584	0.0023047454	0.89
OG0003948	0.002537589	0.005321966	0.0	0.2
OG0000385	0.0025196767	0.0047398433	0.0	0.34
OG0004791	0.002389894	0.00507105	0.0	0.2
OG0000178	0.0023723505	0.0024800117	0.0018758944	0.67
OG0004635	0.002344631	0.0026029213	0.0021461886	0.62
OG0003614	0.0022661379	0.0053441105	0.0	0.18
OG0000338	0.00221648	0.0022431193	0.002073361	0.67
OG0000689	0.0022133698	0.0031230084	0.0	0.37
OG0004054	0.0022116015	0.0054828604	0.0	0.17
OG0004315	0.0021974912	0.005063927	0.0	0.17
OG0004890	0.0021778934	0.0047418755	0.0	0.22
OG0004472	0.002158699	0.004803168	0.0	0.25
OG0002644	0.0021519042	0.004021862	0.0	0.33
OG0000336	0.0021349704	0.0015673476	0.0021088542	0.78
OG0000041	0.002105603	0.0029811102	0.0011356	0.83
OG0000586	0.002073806	0.0045187604	0.0	0.24
OG0004656	0.0020528033	0.0038411776	0.0	0.3
OG0000323	0.0020466617	0.0036529342	0.0	0.46
OG0000022	0.0019552757	0.0036907895	0.0	0.42
OG0003986	0.0019464865	0.005023278	0.0	0.31
OG0005546	0.0019326342	0.0047889445	0.0	0.15
OG0004382	0.001928464	0.0051035834	0.0	0.15
OG0000538	0.0019159941	0.0035881146	0.0	0.35
OG0000104	0.0018791689	0.0014129434	0.002007694	0.75
OG0004582	0.0018219015	0.0046704235	0.0	0.14
OG0004317	0.0018123533	0.0028601345	0.0	0.38
OG0000237	0.0017977341	0.0014901509	0.0017146908	0.81
OG0000628	0.0017713228	0.0020320548	0.0016797251	0.56
OG0004386	0.0017449136	0.0026242759	0.0	0.47
OG0003240	0.001743403	0.0023394327	0.0	0.41
OG0001546	0.0017327446	0.0027127834	0.0	0.32
OG0004213	0.001700686	0.004686273	0.0	0.14
OG0000181	0.0016894133	0.0017405512	0.001216989	0.69
OG0000044	0.0016754516	0.0009790153	0.0014804999	1.0
OG0010013	0.0016578238	0.0023796281	0.0	0.37
OG0004518	0.0016559672	0.0047657676	0.0	0.17
OG0001273	0.0016542473	0.0019183501	0.0015618913	0.56
OG0000608	0.0016524425	0.0014397014	0.0017308197	0.69
OG0000105	0.0016502598	0.0022186409	0.0009303438	0.65
OG0007224	0.001644847	0.0031959529	0.0	0.24
OG0001158	0.0016314713	0.0020435227	0.001115061	0.54
OG0000269	0.0016286463	0.0012259716	0.0017749597	0.74
OG0000229	0.0016268183	0.0015610794	0.001397598	0.76
OG0000520	0.0016110034	0.0037293967	0.0	0.19
OG0000543	0.0016091263	0.0045522093	0.0	0.18
OG0003295	0.0015809479	0.0016119535	0.0016633378	0.61
OG0000008	0.0015750708	0.0017539236	0.0009038514	0.85
OG0000305	0.00157227	0.0022137687	0.0	0.44
OG0004179	0.0015678093	0.004831468	0.0	0.11
OG0004316	0.0015278215	0.0055545885	0.0	0.1
OG0004375	0.0015249103	0.0037237834	0.0	0.25
OG0003806	0.0015223762	0.0020579053	0.0	0.41
OG0000121	0.0015035603	0.0012959179	0.0014312061	0.72
OG0000346	0.0015005056	0.0025246446	0.0	0.31
OG0000151	0.0014628433	0.0011864934	0.0012895023	0.81
OG0000203	0.0014565147	0.0015943868	0.0012996965	0.68
OG0003489	0.0014295955	0.003974171	0.0	0.17
OG0000100	0.0014245391	0.0010748544	0.0014492674	0.83
OG0004200	0.0014034803	0.004159091	0.0	0.11
OG0004759	0.0013998392	0.0039636493	0.0	0.14
OG0004156	0.0013998152	0.0039361212	0.0	0.18
OG0000914	0.0013964385	0.0041547753	0.0	0.11
OG0000730	0.0013961011	0.0020894546	0.0	0.41
OG0004563	0.0013922171	0.0034076408	0.0	0.2
OG0000508	0.0013917795	0.0022473184	0.0	0.29
OG0003835	0.0013788895	0.0021193102	0.0	0.35
OG0004639	0.0013594014	0.0043554013	0.0	0.1
OG0003977	0.0013530535	0.001965167	0.0	0.37
OG0006271	0.0013527273	0.0035738407	0.0	0.14
OG0004823	0.0013427623	0.0037530605	0.0	0.13
OG0004056	0.0013315793	0.0014954655	0.0013088617	0.55
OG0000201	0.001312191	0.0013269149	0.0013773974	0.64
OG0000461	0.0013077754	0.0023608154	0.0	0.25
OG0004262	0.0012991858	0.001470496	0.0013749804	0.54
OG0000046	0.0012968746	0.00089289405	0.0012281057	0.89
OG0000490	0.0012744039	0.002538434	0.0	0.23
OG0000496	0.0012709402	0.0014240956	0.0008161373	0.53
OG0000379	0.0012594765	0.0010811766	0.0014208094	0.65
OG0005152	0.0012583076	0.0039678416	0.0	0.1
OG0000322	0.0012575446	0.0013997466	0.0011746512	0.61
OG0000102	0.0012562497	0.0013382502	0.0011937493	0.76
OG0003740	0.001225948	0.0037249061	0.0	0.16
OG0002418	0.0012242091	0.0021376053	0.0	0.26
OG0010457	0.0012118975	0.0022511708	0.0	0.24
OG0000036	0.0012006096	0.0010648052	0.00096537516	0.94
OG0000267	0.0012002673	0.002135606	0.0	0.34
OG0000614	0.0011992664	0.0034500093	0.0	0.17
OG0004412	0.0011909908	0.0018752088	0.0	0.35
OG0000355	0.0011904315	0.0020684288	0.0	0.26
OG0010937	0.0011873667	0.0023217928	0.0	0.23
OG0000024	0.0011735255	0.0007344783	0.0010997346	0.96
OG0004216	0.0011732731	0.0019367537	0.0	0.29
OG0004854	0.0011589407	0.0037842905	0.0	0.11
OG0004662	0.0011150916	0.00383206	0.0	0.08
OG0000295	0.0011100981	0.0010829441	0.001184915	0.59
OG0000011	0.0011068059	0.0005616294	0.0009886087	1.0
OG0004215	0.0010975497	0.0032733541	0.0	0.22
OG0000035	0.0010816166	0.00075346907	0.0009323248	0.93
OG0001386	0.0010692383	0.0019961908	0.0	0.27
OG0001558	0.0010575182	0.0017415244	0.0	0.3
OG0004132	0.0010566323	0.00426076	0.0	0.08
OG0003675	0.0010559356	0.0034056522	0.0	0.12
OG0000522	0.0010469815	0.0016853756	0.0	0.34
OG0003766	0.0010290691	0.0027643857	0.0	0.21
OG0001073	0.0010270143	0.0023509706	0.0	0.18
OG0000089	0.0010186837	0.00094969955	0.00091723737	0.67
OG0007018	0.0010053524	0.001831416	0.0	0.26
OG0004024	0.0009921415	0.0031980374	0.0	0.13
OG0004999	0.000985492	0.0039390805	0.0	0.08
OG0000200	0.0009848448	0.0020614567	0.0	0.3
OG0000065	0.0009819112	0.0010869676	0.0007434802	0.64
OG0000025	0.0009795045	0.0007888253	0.00080088	0.96
OG0004053	0.0009731238	0.0030220428	0.0	0.16
OG0000050	0.00097278244	0.0007542181	0.0008764253	0.86
OG0006373	0.000968693	0.003321247	0.0	0.09
OG0001650	0.000968282	0.002030643	0.0	0.2
OG0000023	0.0009636131	0.0007858809	0.00084201735	0.94
OG0007452	0.0009615282	0.0016724217	0.0	0.29
OG0003233	0.0009599445	0.0033031427	0.0	0.1
OG0000119	0.00095415744	0.0033724094	0.0	0.09
OG0000478	0.0009521889	0.0011810395	0.0008052422	0.53
OG0000354	0.0009514182	0.0012862328	9.837934e-05	0.5
OG0000145	0.00094878743	0.000800726	0.0010978426	0.67
OG0003932	0.00094671495	0.0032380265	0.0	0.1
OG0004182	0.0009452318	0.0035078358	0.0	0.09
OG0004012	0.00094491325	0.0029944289	0.0	0.16
OG0000368	0.0009448198	0.0013001988	0.0	0.45
OG0000270	0.0009412093	0.002278365	0.0	0.3
OG0000128	0.00094012276	0.0010378249	0.0008630947	0.71
OG0000734	0.00093479984	0.001368076	0.0	0.39
OG0000511	0.00092677365	0.0010438011	0.00066835707	0.51
OG0004653	0.0009262858	0.0030825213	0.0	0.1
OG0005309	0.00089121447	0.0030975007	0.0	0.09
OG0000052	0.0008906182	0.00082489976	0.00078284333	0.75
OG0000005	0.0008843126	0.000507394	0.0007812178	0.97
OG0000154	0.0008832828	0.0019993314	0.0	0.31
OG0000565	0.0008777668	0.002302758	0.0	0.24
OG0000069	0.00087559456	0.0008944578	0.0008096718	0.71
OG0000327	0.00086816686	0.001095397	0.00027313427	0.51
OG0000027	0.0008681385	0.00062843546	0.0006772394	0.99
OG0003989	0.00086770573	0.0037891099	0.0	0.09
OG0004626	0.00086285477	0.0027261795	0.0	0.14
OG0000049	0.00086040265	0.0016595069	0.0	0.38
OG0009814	0.00085865305	0.0017418497	0.0	0.22
OG0004849	0.0008565348	0.0035610741	0.0	0.07
OG0003231	0.0008490637	0.001838341	0.0	0.23
OG0000086	0.0008430196	0.0008748279	0.0007570764	0.59
OG0000214	0.0008376215	0.0009344668	0.0006770288	0.55
OG0007297	0.0008301794	0.0019500857	0.0	0.16
OG0000083	0.0008260349	0.0012360843	0.0	0.49
OG0000034	0.00082144485	0.00072064175	0.00075950153	0.83
OG0000164	0.0008186405	0.0018230897	0.0	0.31
OG0004120	0.0008183777	0.0030332892	0.0	0.11
OG0000038	0.00081603334	0.0017040003	0.00028886332	0.57
OG0004716	0.00081568817	0.0019506038	0.0	0.16
OG0000031	0.00080598163	0.0007442397	0.00079022977	0.72
OG0000110	0.000803478	0.0010377697	0.00031027477	0.53
OG0004522	0.0008013761	0.0031536238	0.0	0.07
OG0003827	0.00079757103	0.003737746	0.0	0.06
OG0009200	0.0007965432	0.0017686512	0.0	0.18
OG0000088	0.00078772573	0.00080918695	0.00069844845	0.62
OG0000015	0.00078578765	0.00068748905	0.0006359784	0.85
OG0000166	0.00078366953	0.0010074945	0.0	0.46
OG0000544	0.0007825105	0.0011507884	0.0	0.38
OG0000122	0.0007790264	0.0025908963	0.0	0.13
OG0000855	0.0007748414	0.0027090362	0.0	0.32
OG0000302	0.00077467755	0.0015081257	0.0	0.41
OG0001267	0.00077385985	0.0029459049	0.0	0.11
OG0005472	0.0007733933	0.0015988203	0.0	0.25
OG0000014	0.0007733407	0.00070075993	0.00056624354	0.97
OG0000099	0.00077048806	0.0015183358	8.085953e-05	0.5
OG0004360	0.00076820835	0.0017802982	0.0	0.21
OG0000506	0.0007671576	0.0012004088	0.0	0.39
OG0000370	0.0007657265	0.0009733979	0.0	0.44
OG0003501	0.00076489465	0.0030554694	0.0	0.08
OG0003062	0.0007640424	0.0016719641	0.0	0.3
OG0003983	0.00076233834	0.0030682874	0.0	0.09
OG0000113	0.00076059706	0.0009991078	0.00015643168	0.51
OG0001060	0.0007603296	0.0010695228	0.0	0.39
OG0000174	0.0007571353	0.0018332284	0.0	0.27
OG0004092	0.0007434788	0.0015750864	0.0	0.24
OG0006429	0.00074197643	0.001655888	0.0	0.19
OG0000045	0.0007388818	0.0006697668	0.0006402505	0.74
OG0000090	0.00073521526	0.0010801767	0.0	0.45
OG0000112	0.00073512027	0.0014480745	0.0	0.4
OG0005120	0.00073382765	0.0033336575	0.0	0.05
OG0003602	0.00072840916	0.0016133627	0.0	0.19
OG0000016	0.00072606193	0.00044713204	0.0006509652	0.97
OG0004261	0.0007225199	0.002981943	0.0	0.06
OG0005004	0.00072065316	0.0024827656	0.0	0.12
OG0000798	0.0007187167	0.0012598264	0.0	0.3
OG0000279	0.0007177389	0.0011406661	0.0	0.37
OG0004376	0.00071309623	0.0023853818	0.0	0.18
OG0000365	0.0007118807	0.0020430314	0.0	0.19
OG0004938	0.0007114927	0.0012935632	0.0	0.27
OG0000058	0.00070983084	0.0009507037	0.00041329217	0.6
OG0001258	0.00070390844	0.0018688424	0.0	0.13
OG0005018	0.0007032644	0.0029083386	0.0	0.06
OG0005626	0.0007023223	0.0026565185	0.0	0.09
OG0000053	0.0006994309	0.00080086855	0.0006274913	0.75
OG0000331	0.0006960129	0.0012867282	0.0	0.29
OG0008055	0.000693784	0.0030804276	0.0	0.06
OG0004026	0.0006913775	0.0031124782	0.0	0.05
OG0005164	0.0006899921	0.0010681209	0.0	0.35
OG0000134	0.0006827779	0.0009648453	0.0	0.41
OG0000946	0.0006717424	0.0017805912	0.0	0.13
OG0004828	0.0006684381	0.002732899	0.0	0.06
OG0003648	0.0006682681	0.0030706788	0.0	0.09
OG0003666	0.0006651264	0.0026578945	0.0	0.07
OG0002043	0.00066405296	0.001261789	0.0	0.26
OG0000375	0.0006633552	0.0025922775	0.0	0.08
OG0000173	0.0006630057	0.0014790628	0.0	0.23
OG0004741	0.00066250056	0.0030025342	0.0	0.05
OG0000018	0.0006623691	0.0005593287	0.0006455979	0.8
OG0000047	0.00065793336	0.0011424965	0.00048515474	0.8
OG0002828	0.00065755105	0.0023759122	0.0	0.11
OG0005067	0.0006549505	0.0016795591	0.0	0.15
OG0005985	0.00065491686	0.0018022717	0.0	0.13
OG0000190	0.00065386714	0.0008110464	0.0	0.47
OG0000007	0.00065273134	0.0013992743	0.00038199406	0.76
OG0003590	0.00064007746	0.0036293354	0.0	0.04
OG0000063	0.00063921907	0.0006446941	0.00050759956	0.67
OG0000037	0.0006381895	0.0007658406	0.0005234628	0.76
OG0005996	0.0006364816	0.0018370505	0.0	0.12
OG0000531	0.00063305674	0.0013042241	0.0	0.27
OG0000792	0.0006324308	0.001586217	0.0	0.15
OG0000475	0.000631918	0.002795492	0.0	0.06
OG0004007	0.0006295511	0.0027253332	0.0	0.07
OG0000039	0.0006273618	0.0008843505	0.0001421816	0.53
OG0003964	0.00062515517	0.0014324937	0.0	0.18
OG0000127	0.0006240408	0.00083330803	0.0	0.4
OG0000077	0.00062229077	0.00087235635	0.0	0.45
OG0000420	0.0006204406	0.001278115	0.0	0.23
OG0003878	0.00061994005	0.001302616	0.0	0.23
OG0000042	0.00061663846	0.0016593243	0.0	0.13
OG0000000	0.0006132597	0.00053674704	0.00050173595	0.86
OG0000211	0.0006082138	0.00086750503	0.0	0.36
OG0005083	0.00060742954	0.0016775724	0.0	0.14
OG0010900	0.0006072611	0.0014528082	0.0	0.16
OG0001066	0.0006072277	0.00085570343	0.0	0.36
OG0000001	0.00060447684	0.0007369752	0.00045248278	0.88
OG0000325	0.00060437585	0.0009489504	0.0	0.37
OG0000075	0.0006019084	0.001054027	0.0	0.42
OG0004373	0.0005990579	0.0026320014	0.0	0.05
OG0005024	0.0005957935	0.0025168022	0.0	0.07
OG0000245	0.0005938216	0.00091206224	0.0	0.36
OG0000152	0.0005902856	0.0010724801	0.0	0.34
OG0005726	0.00058665243	0.0032698214	0.0	0.04
OG0000410	0.0005838022	0.0027294343	0.0	0.06
OG0000646	0.00057962636	0.0013964535	0.0	0.21
OG0005056	0.000578314	0.0019099276	0.0	0.1
OG0004945	0.0005777296	0.0031532077	0.0	0.04
OG0005548	0.000569519	0.002257117	0.0	0.08
OG0004371	0.0005687445	0.0012520825	0.0	0.21
OG0000268	0.0005687352	0.0014287436	0.0	0.26
OG0006000	0.0005665562	0.002461316	0.0	0.06
OG0000371	0.00056646875	0.00088208634	0.0	0.35
OG0000656	0.0005661616	0.0015004653	0.0	0.16
OG0000380	0.0005653212	0.003161314	0.0	0.09
OG0000184	0.0005649101	0.00081104203	0.0	0.37
OG0007766	0.000564387	0.0014024791	0.0	0.18
OG0000175	0.0005608312	0.0013364198	0.0	0.28
OG0004264	0.00055701676	0.00097629003	0.0	0.28
OG0000825	0.00055688864	0.0009830494	0.0	0.28
OG0000131	0.00055641815	0.00073514716	0.0	0.44
OG0001071	0.0005542821	0.0020953042	0.0	0.09
OG0000857	0.0005506306	0.0014379084	0.0	0.18
OG0005209	0.00055006036	0.002456391	0.0	0.05
OG0005933	0.00054857595	0.0013316609	0.0	0.17
OG0004411	0.0005471174	0.00096263766	0.0	0.28
OG0000085	0.0005441781	0.00076168036	0.0	0.48
OG0000228	0.0005440973	0.0010956879	0.0	0.26
OG0000843	0.0005438177	0.0021086205	0.0	0.08
OG0000059	0.0005437621	0.00088397675	0.0	0.48
OG0004965	0.00054289977	0.0027359703	0.0	0.04
OG0004299	0.00054083375	0.0026341854	0.0	0.05
OG0000747	0.0005382267	0.0019496796	0.0	0.09
OG0000029	0.000538049	0.00059113256	0.0003159662	0.79
OG0000644	0.00053709035	0.0010837207	0.0	0.25
OG0000068	0.0005370444	0.0009559903	0.0	0.44
OG0000048	0.00053386076	0.00080181175	0.000235599	0.64
OG0000607	0.0005336995	0.0016181668	0.0	0.13
OG0000347	0.0005275571	0.0016144781	0.0	0.12
OG0000236	0.000524502	0.0014308566	0.0	0.25
OG0000082	0.0005178637	0.0008539392	0.00017665676	0.55
OG0002397	0.00051755825	0.0017200809	0.0	0.13
OG0003139	0.0005167769	0.001533567	0.0	0.11
OG0000623	0.00051476137	0.00096980535	0.0	0.27
OG0000906	0.0005127358	0.0008374603	0.0	0.3
OG0000120	0.00051270775	0.0012531308	0.0	0.26
OG0000819	0.00051042007	0.0014303395	0.0	0.18
OG0000125	0.0005066596	0.0007183716	0.0	0.45
OG0000259	0.00050084514	0.0012366057	0.0	0.21
OG0006338	0.00050009205	0.0013550387	0.0	0.16
OG0003826	0.0004995237	0.0020135327	0.0	0.09
OG0000136	0.00049642124	0.00078498595	0.0	0.36
OG0000060	0.00049444323	0.00071879936	0.0	0.43
OG0001543	0.00048780756	0.0025515093	0.0	0.09
OG0004365	0.00048694186	0.002026837	0.0	0.08
OG0000163	0.00048512305	0.0011925425	0.0	0.24
OG0000206	0.00048181982	0.0014481602	0.0	0.12
OG0005681	0.00048161356	0.0016054676	0.0	0.09
OG0000168	0.000475194	0.0014668859	0.0	0.18
OG0003914	0.00047333294	0.0024281496	0.0	0.04
OG0004889	0.00047328047	0.0018615572	0.0	0.09
OG0000129	0.00047145522	0.0009546927	0.0	0.32
OG0000003	0.0004714077	0.00024473513	0.00043267844	0.99
OG0004686	0.00047115746	0.0013081126	0.0	0.2
OG0006812	0.0004710304	0.0016448786	0.0	0.08
OG0000283	0.00047008923	0.0007368934	0.0	0.31
OG0003942	0.00046916943	0.0018887983	0.0	0.1
OG0004430	0.0004663804	0.0023576824	0.0	0.04
OG0004117	0.0004630632	0.0011869203	0.0	0.17
OG0000179	0.0004613289	0.00080781395	0.0	0.3
OG0001664	0.00046039437	0.0007513741	0.0	0.29
OG0000106	0.00046020787	0.0008274241	0.0	0.37
OG0000140	0.00046011747	0.0006972814	0.0	0.37
OG0003783	0.00045697525	0.002268565	0.0	0.04
OG0005069	0.0004545261	0.0011484631	0.0	0.16
OG0000868	0.00045384868	0.00094970013	0.0	0.21
OG0000436	0.00044454087	0.0009729226	0.0	0.24
OG0004018	0.0004444477	0.0019688266	0.0	0.06
OG0000411	0.00044372652	0.0016106748	0.0	0.13
OG0000525	0.0004432833	0.00095784536	0.0	0.2
OG0003617	0.00044267732	0.0010148091	0.0	0.2
OG0004628	0.00044175007	0.0014026484	0.0	0.13
OG0000195	0.0004399588	0.0011170872	0.0	0.17
OG0000585	0.0004360009	0.0018625247	0.0	0.1
OG0003397	0.00043491248	0.0015304171	0.0	0.16
OG0000975	0.000434249	0.0013312863	0.0	0.1
OG0000094	0.00043321782	0.00066753826	0.0	0.39
OG0004279	0.0004326061	0.0021530965	0.0	0.04
OG0000539	0.00043010217	0.00092169124	0.0	0.21
OG0000298	0.0004273001	0.0011742637	0.0	0.17
OG0000516	0.00042625307	0.0010125886	0.0	0.2
OG0004460	0.0004258998	0.0018303226	0.0	0.07
OG0005284	0.0004253357	0.0015422764	0.0	0.11
OG0000402	0.00042457037	0.0014371164	0.0	0.11
OG0003462	0.00042144425	0.0012409271	0.0	0.11
OG0000115	0.00041512537	0.0005211506	0.0	0.49
OG0000091	0.00041499108	0.000709436	0.0	0.44
OG0000097	0.0004147292	0.0008036284	0.0	0.33
OG0000056	0.00041228294	0.0007300207	0.0	0.28
OG0003526	0.0004120758	0.0008767546	0.0	0.22
OG0003776	0.00040568894	0.0022200367	0.0	0.04
OG0008567	0.0004028637	0.0013137711	0.0	0.1
OG0000515	0.00040220766	0.0010412544	0.0	0.18
OG0000033	0.0004018404	0.00064755144	0.0	0.42
OG0003696	0.00040149514	0.00086159114	0.0	0.21
OG0004283	0.00039676874	0.0012800936	0.0	0.1
OG0001070	0.00039435577	0.0007139801	0.0	0.25
OG0000748	0.00039203398	0.0011254916	0.0	0.12
OG0002989	0.0003918693	0.0013039603	0.0	0.12
OG0004266	0.0003915301	0.0012568543	0.0	0.1
OG0000043	0.00039091657	0.0006787847	0.0	0.48
OG0004675	0.00038999002	0.0013724248	0.0	0.08
OG0003298	0.00038931853	0.0021377837	0.0	0.04
OG0004022	0.00038860488	0.0023631533	0.0	0.03
OG0004710	0.00038791558	0.0011042441	0.0	0.15
OG0000353	0.00038705755	0.00075968914	0.0	0.25
OG0001274	0.00038209476	0.0010561045	0.0	0.15
OG0005228	0.00038161583	0.0012328541	0.0	0.13
OG0000659	0.00038033747	0.0007823132	0.0	0.22
OG0000002	0.0003802478	0.00041268507	0.00026551046	0.82
OG0000394	0.0003796201	0.0006745219	0.0	0.28
OG0004029	0.00037701233	0.0021639413	0.0	0.03
OG0004587	0.00037567623	0.0020514661	0.0	0.04
OG0005704	0.00037501514	0.0010517793	0.0	0.15
OG0003596	0.00037464537	0.0011682819	0.0	0.11
OG0000449	0.00037450713	0.0009876257	0.0	0.16
OG0003135	0.00037390456	0.0017045134	0.0	0.07
OG0004478	0.00037376143	0.0011300732	0.0	0.11
OG0004069	0.0003729789	0.001765079	0.0	0.08
OG0004613	0.00037257798	0.0011917069	0.0	0.12
OG0000655	0.00037218232	0.0011563998	0.0	0.12
OG0004565	0.00037202635	0.001204339	0.0	0.1
OG0005317	0.00037165094	0.0012851321	0.0	0.14
OG0006374	0.00037159014	0.0012092092	0.0	0.1
OG0001500	0.0003683215	0.00072662253	0.0	0.22
OG0000156	0.00036549586	0.00075184717	0.0	0.27
OG0004159	0.00036445673	0.0021005557	0.0	0.03
OG0001460	0.00036323405	0.0012585617	0.0	0.08
OG0000070	0.00036316237	0.0006001079	0.0	0.32
OG0006115	0.0003628901	0.0008925095	0.0	0.17
OG0000348	0.0003621496	0.0021834408	0.0	0.03
OG0003865	0.0003620124	0.0018489284	0.0	0.08
OG0000030	0.00036016823	0.0007799557	0.0	0.47
OG0009199	0.00035977334	0.0010866945	0.0	0.12
OG0000481	0.0003595712	0.001280703	0.0	0.1
OG0004873	0.00035929497	0.002254787	0.0	0.04
OG0000067	0.0003588402	0.00068955816	0.0	0.29
OG0009210	0.0003582544	0.0013402737	0.0	0.07
OG0000405	0.00035104292	0.0018128313	0.0	0.05
OG0004796	0.0003494481	0.0010842612	0.0	0.11
OG0004719	0.00034880635	0.001759449	0.0	0.07
OG0003357	0.00034862972	0.0007076116	0.0	0.21
OG0000071	0.0003479748	0.00067895034	0.0	0.35
OG0004842	0.00034498007	0.0019944648	0.0	0.03
OG0006787	0.00034442704	0.0012983674	0.0	0.07
OG0000392	0.00034330183	0.0021814778	0.0	0.04
OG0004659	0.0003423078	0.0017422846	0.0	0.07
OG0000788	0.0003422302	0.0024099026	0.0	0.02
OG0005275	0.00034158793	0.0008477171	0.0	0.16
OG0003445	0.00034026254	0.0012549717	0.0	0.07
OG0004212	0.00033983387	0.00247683	0.0	0.02
OG0003267	0.00033593015	0.0021116787	0.0	0.03
OG0000842	0.00033520226	0.0015679325	0.0	0.06
OG0001613	0.0003340927	0.0008033233	0.0	0.18
OG0000108	0.00033404428	0.0007918236	0.0	0.2
OG0002892	0.0003329509	0.0013397225	0.0	0.06
OG0004338	0.00033249985	0.0017175635	0.0	0.05
OG0004370	0.00033173134	0.0012535725	0.0	0.07
OG0000393	0.00033109993	0.00065922376	0.0	0.23
OG0000291	0.00033052667	0.00080688443	0.0	0.18
OG0004401	0.00032692845	0.0017632716	0.0	0.04
OG0000202	0.00032658293	0.0007752354	0.0	0.21
OG0001056	0.0003249211	0.0010138858	0.0	0.1
OG0000191	0.00031982057	0.0006839676	0.0	0.26
OG0000489	0.00031885057	0.0009145524	0.0	0.2
OG0000364	0.00031822085	0.0008381383	0.0	0.17
OG0000292	0.00031805265	0.00077989075	0.0	0.16
OG0010422	0.00031794538	0.0011820347	0.0	0.07
OG0001759	0.00031725428	0.0009355095	0.0	0.13
OG0004451	0.00031722334	0.00079283386	0.0	0.16
OG0001570	0.00031611935	0.0016376426	0.0	0.05
OG0000352	0.00031596038	0.0019761482	0.0	0.03
OG0004508	0.00031498296	0.000938883	0.0	0.13
OG0000660	0.0003148651	0.0011185523	0.0	0.08
OG0000057	0.0003144424	0.00056565646	0.0	0.38
OG0000458	0.0003143126	0.0010798454	0.0	0.11
OG0000981	0.00031389378	0.0010035406	0.0	0.13
OG0003621	0.00031383606	0.0006338684	0.0	0.21
OG0004564	0.00031224324	0.0023543409	0.0	0.02
OG0003858	0.0003118938	0.00073034246	0.0	0.17
OG0004043	0.00031179673	0.0010756417	0.0	0.08
OG0006729	0.00031060659	0.0012182837	0.0	0.08
OG0004061	0.00030902505	0.0011583294	0.0	0.07
OG0007653	0.00030875375	0.0017577838	0.0	0.05
OG0001284	0.00030872037	0.0010502326	0.0	0.1
OG0005356	0.00030522855	0.0007916602	0.0	0.15
OG0009345	0.00030504295	0.0017690348	0.0	0.04
OG0000255	0.000303756	0.0008942781	0.0	0.13
OG0000185	0.00030166816	0.00073167053	0.0	0.2
OG0003180	0.00030081038	0.0010176387	0.0	0.1
OG0000570	0.00030053605	0.00073468126	0.0	0.17
OG0005518	0.00029921718	0.0011291696	0.0	0.08
OG0001283	0.00029835376	0.00062545994	0.0	0.2
OG0000497	0.00029796633	0.000832178	0.0	0.15
OG0000223	0.00029641262	0.0008015424	0.0	0.15
OG0003672	0.00029566235	0.001830268	0.0	0.03
OG0008374	0.00029516916	0.00096120936	0.0	0.1
OG0001988	0.00029437558	0.00093779585	0.0	0.11
OG0000213	0.00029311236	0.00071395014	0.0	0.17
OG0000324	0.00029283323	0.001027734	0.0	0.12
OG0004072	0.00029172515	0.0016537129	0.0	0.04
OG0000231	0.00029149125	0.0008498419	0.0	0.17
OG0000244	0.00028919935	0.00079110963	0.0	0.17
OG0000301	0.00028835944	0.00080464187	0.0	0.15
OG0001388	0.00028833954	0.0012408289	0.0	0.09
OG0004694	0.0002869983	0.0010637352	0.0	0.1
OG0000198	0.00028665795	0.0007896234	0.0	0.17
OG0001259	0.0002856231	0.0007467473	0.0	0.15
OG0000146	0.00028488878	0.0010041425	0.0	0.18
OG0005595	0.00028443278	0.00094385503	0.0	0.1
OG0004687	0.00028437006	0.00077700434	0.0	0.13
OG0003466	0.00028204126	0.00083325926	0.0	0.12
OG0000107	0.00028141125	0.00057240936	0.0	0.23
OG0004869	0.00028085167	0.0012020083	0.0	0.06
OG0004152	0.00027976415	0.0007395162	0.0	0.14
OG0005338	0.00027922497	0.0011289774	0.0	0.06
OG0002420	0.0002778601	0.00063339056	0.0	0.17
OG0010041	0.00027732662	0.0011622338	0.0	0.06
OG0005256	0.00027717094	0.0010370255	0.0	0.07
OG0003468	0.00027540655	0.0017658774	0.0	0.07
OG0003967	0.0002746852	0.002039677	0.0	0.02
OG0004809	0.00027448998	0.00074144173	0.0	0.14
OG0001219	0.00027423305	0.0007669342	0.0	0.13
OG0005660	0.00027300563	0.0012386666	0.0	0.05
OG0001410	0.00027196377	0.0019161057	0.0	0.02
OG0004724	0.00027193647	0.00065696536	0.0	0.16
OG0001592	0.00027158152	0.00091765396	0.0	0.12
OG0000761	0.00026972566	0.0012089012	0.0	0.05
OG0002643	0.0002686261	0.00062403723	0.0	0.17
OG0004551	0.00026779633	0.0019089293	0.0	0.02
OG0005482	0.00026433755	0.0010894901	0.0	0.06
OG0000593	0.00026432023	0.0013926672	0.0	0.09
OG0004330	0.0002634773	0.0013053198	0.0	0.04
OG0000507	0.00026141875	0.0006706079	0.0	0.16
OG0000274	0.0002608355	0.0005937111	0.0	0.2
OG0011852	0.00026064098	0.00069959444	0.0	0.13
OG0001003	0.0002605594	0.0011515165	0.0	0.05
OG0000601	0.00025951705	0.00061528466	0.0	0.17
OG0000692	0.0002594141	0.0015419775	0.0	0.03
OG0003844	0.0002585777	0.0006086042	0.0	0.16
OG0000275	0.00025709413	0.0005972303	0.0	0.2
OG0000273	0.00025637582	0.0005959133	0.0	0.18
OG0005809	0.00025556315	0.0017872661	0.0	0.03
OG0000148	0.00025514455	0.000609271	0.0	0.18
OG0000360	0.00025489953	0.0011910412	0.0	0.08
OG0003339	0.00025397667	0.001153613	0.0	0.05
OG0003685	0.00025320327	0.0018067014	0.0	0.03
OG0004661	0.00025295877	0.0014121721	0.0	0.04
OG0000051	0.00025260242	0.00058969815	0.0	0.31
OG0000606	0.00025239735	0.0012871564	0.0	0.04
OG0008083	0.0002512846	0.0012684576	0.0	0.04
OG0004320	0.00025081506	0.0017837725	0.0	0.02
OG0005812	0.00025036008	0.0008220772	0.0	0.1
OG0000589	0.0002501187	0.0008787886	0.0	0.11
OG0003847	0.0002498691	0.0006387608	0.0	0.15
OG0003945	0.0002484541	0.0014701757	0.0	0.03
OG0000111	0.00024826181	0.0005097843	0.0	0.3
OG0000500	0.00024692455	0.0006709029	0.0	0.16
OG0006131	0.00024675825	0.001338116	0.0	0.04
OG0004988	0.00024658756	0.0010714114	0.0	0.06
OG0000232	0.00024653485	0.0006575025	0.0	0.2
OG0008345	0.00024649542	0.00085419795	0.0	0.1
OG0008568	0.00024638203	0.0011102053	0.0	0.05
OG0005808	0.00024482553	0.0010853487	0.0	0.07
OG0006377	0.00024385568	0.0017156345	0.0	0.02
OG0006091	0.00024353505	0.0007030441	0.0	0.12
OG0012667	0.00024347061	0.00094569183	0.0	0.07
OG0004625	0.00024144394	0.0012016692	0.0	0.07
OG0000882	0.00024098472	0.00080831826	0.0	0.09
OG0004238	0.00024047101	0.0009078356	0.0	0.08
OG0000017	0.00024034223	0.00036427632	0.0	0.47
OG0002771	0.00023925799	0.00059558137	0.0	0.15
OG0000258	0.00023916189	0.00075645495	0.0	0.13
OG0000142	0.00023814708	0.00057631393	0.0	0.19
OG0000248	0.00023759803	0.0005352644	0.0	0.18
OG0000310	0.00023668217	0.0015977552	0.0	0.08
OG0000840	0.00023556882	0.00061206275	0.0	0.14
OG0003515	0.0002346971	0.0014638476	0.0	0.04
OG0004926	0.00023413268	0.0010371067	0.0	0.05
OG0003870	0.00023332793	0.0012645968	0.0	0.05
OG0000532	0.00023266488	0.00059586763	0.0	0.16
OG0000183	0.00023252191	0.0005920688	0.0	0.19
OG0003163	0.00023163157	0.0012451397	0.0	0.05
OG0004469	0.00023133798	0.0016584755	0.0	0.02
OG0000413	0.00023065174	0.0011002866	0.0	0.08
OG0000561	0.00023051258	0.00092352997	0.0	0.08
OG0006098	0.00023034387	0.0010323277	0.0	0.05
OG0003384	0.00023000494	0.0006756186	0.0	0.11
OG0000466	0.00022958964	0.001033058	0.0	0.05
OG0000158	0.00022943852	0.0010944242	0.0	0.07
OG0000253	0.0002292809	0.00062127557	0.0	0.16
OG0000377	0.00022849336	0.00063887215	0.0	0.15
OG0000285	0.00022827029	0.0011391069	0.0	0.09
OG0000330	0.00022729259	0.0014198666	0.0	0.05
OG0005091	0.00022577263	0.0011203433	0.0	0.04
OG0000528	0.00022417367	0.00065705064	0.0	0.13
OG0000830	0.00022384018	0.0010077911	0.0	0.05
OG0000637	0.00022364623	0.0010788089	0.0	0.05
OG0000770	0.0002226584	0.0007814725	0.0	0.09
OG0000738	0.0002226333	0.00064266066	0.0	0.13
OG0003527	0.0002213303	0.0015645034	0.0	0.02
OG0004775	0.00021919936	0.0006733477	0.0	0.11
OG0004671	0.00021774584	0.0015771817	0.0	0.02
OG0004300	0.00021750884	0.0010851701	0.0	0.04
OG0003509	0.00021746401	0.0020896154	0.0	0.02
OG0000215	0.00021536923	0.0007697466	0.0	0.11
OG0000892	0.00021521997	0.0007588866	0.0	0.1
OG0000437	0.00021385541	0.0007715906	0.0	0.08
OG0000250	0.00021299336	0.0005714052	0.0	0.15
OG0000796	0.00021290535	0.00074275996	0.0	0.09
OG0000918	0.00021260943	0.0010347111	0.0	0.05
OG0002041	0.00021178719	0.00074715883	0.0	0.09
OG0001533	0.000211421	0.0008205882	0.0	0.08
OG0000093	0.00021114899	0.0009380579	0.0	0.05
OG0004416	0.00021110736	0.0015247276	0.0	0.02
OG0003833	0.0002092653	0.0012495316	0.0	0.05
OG0000118	0.00020898692	0.0005452045	0.0	0.17
OG0000630	0.00020883261	0.0007664556	0.0	0.09
OG0005717	0.0002087475	0.000708915	0.0	0.09
OG0000313	0.00020848773	0.0005291148	0.0	0.16
OG0000732	0.00020733921	0.00080324244	0.0	0.08
OG0005495	0.00020727579	0.0010454654	0.0	0.04
OG0000567	0.0002052313	0.00092048285	0.0	0.05
OG0000230	0.00020427367	0.0005743823	0.0	0.15
OG0004445	0.00020373594	0.0010451267	0.0	0.04
OG0000224	0.00020257063	0.00068711065	0.0	0.11
OG0004281	0.00020206472	0.0007830462	0.0	0.07
OG0005893	0.0002008445	0.000745411	0.0	0.07
OG0001399	0.00020040518	0.00082838145	0.0	0.07
OG0005200	0.00019922784	0.0014035436	0.0	0.02
OG0000081	0.0001987849	0.0005177828	0.0	0.14
OG0000995	0.00019691026	0.0008032887	0.0	0.06
OG0005690	0.00019680776	0.000999062	0.0	0.04
OG0004978	0.00019646535	0.00093366625	0.0	0.06
OG0000117	0.00019595049	0.0004808021	0.0	0.2
OG0000767	0.00019580744	0.00057957583	0.0	0.12
OG0004485	0.00019566834	0.0013786384	0.0	0.02
OG0007547	0.00019517168	0.000941046	0.0	0.05
OG0000241	0.00019501081	0.00074529334	0.0	0.07
OG0000987	0.00019340344	0.00066430983	0.0	0.1
OG0000557	0.00019239512	0.00065034174	0.0	0.1
OG0000221	0.00019214937	0.0005684861	0.0	0.14
OG0003742	0.00019192552	0.00066509156	0.0	0.09
OG0004840	0.00019106768	0.0007980722	0.0	0.07
OG0006153	0.0001890362	0.001330926	0.0	0.02
OG0000218	0.00018867855	0.0006350833	0.0	0.1
OG0007056	0.00018779017	0.00079628645	0.0	0.08
OG0006473	0.00018774784	0.0010789745	0.0	0.03
OG0002761	0.00018682676	0.0010094788	0.0	0.04
OG0007279	0.00018540556	0.0012953494	0.0	0.04
OG0001160	0.00018519514	0.0012623403	0.0	0.03
OG0000670	0.00018486528	0.0004842423	0.0	0.14
OG0003937	0.00018414848	0.0011105711	0.0	0.05
OG0000700	0.00018405657	0.001336878	0.0	0.02
OG0000216	0.00018377813	0.0006622979	0.0	0.11
OG0000264	0.00018326812	0.0005947535	0.0	0.1
OG0000162	0.00018279522	0.00065180275	0.0	0.12
OG0004295	0.00018235012	0.0007329027	0.0	0.06
OG0000919	0.00018233192	0.0008702882	0.0	0.05
OG0000286	0.00018134878	0.00061967026	0.0	0.09
OG0004088	0.00018111742	0.0012824773	0.0	0.02
OG0004082	0.0001800846	0.0006407131	0.0	0.09
OG0000263	0.00017934684	0.0005312957	0.0	0.11
OG0004130	0.00017914987	0.00064447743	0.0	0.08
OG0001477	0.00017880271	0.00061763346	0.0	0.09
OG0008299	0.00017790137	0.0010368376	0.0	0.03
OG0000440	0.00017750004	0.00050979183	0.0	0.13
OG0001195	0.00017733482	0.001198016	0.0	0.04
OG0000311	0.00017730777	0.0006806133	0.0	0.09
OG0000265	0.00017685702	0.0006543631	0.0	0.1
OG0000709	0.0001768487	0.00088320725	0.0	0.04
OG0000147	0.0001758272	0.0005421861	0.0	0.14
OG0001015	0.00017579467	0.00074525824	0.0	0.08
OG0004003	0.0001757045	0.00090975704	0.0	0.04
OG0004066	0.00017520554	0.0011869562	0.0	0.03
OG0000696	0.00017490452	0.0012699775	0.0	0.05
OG0000725	0.00017462186	0.0009180626	0.0	0.07
OG0000390	0.00017440191	0.0007659013	0.0	0.06
OG0005343	0.00017428119	0.0012580255	0.0	0.02
OG0004377	0.00017379978	0.00091926503	0.0	0.04
OG0000542	0.00017370789	0.0015927701	0.0	0.02
OG0000521	0.00017345004	0.0005271826	0.0	0.12
OG0003985	0.00017330125	0.001169004	0.0	0.03
OG0007929	0.00017262869	0.0007702837	0.0	0.05
OG0003587	0.00017220755	0.0006112312	0.0	0.09
OG0002422	0.0001705156	0.001705156	0.0	0.01
OG0000238	0.00017051141	0.00047325474	0.0	0.12
OG0000480	0.00017020656	0.00060217327	0.0	0.08
OG0003326	0.00016812206	0.0010210254	0.0	0.04
OG0001767	0.00016758054	0.00050351233	0.0	0.12
OG0003665	0.00016741488	0.000959881	0.0	0.03
OG0010280	0.00016735615	0.0008717519	0.0	0.04
OG0008574	0.00016641928	0.0007507616	0.0	0.05
OG0000519	0.0001648643	0.0006087697	0.0	0.08
OG0000578	0.00016410957	0.00057800364	0.0	0.09
OG0004548	0.00016347051	0.00085342745	0.0	0.05
OG0007068	0.00016249053	0.00094110996	0.0	0.03
OG0000363	0.00016200615	0.0005265228	0.0	0.13
OG0000445	0.00016197028	0.00084347936	0.0	0.04
OG0005039	0.00016144145	0.0007690462	0.0	0.05
OG0004568	0.000160868	0.0009775256	0.0	0.04
OG0004506	0.00016044693	0.000919157	0.0	0.03
OG0004071	0.00016029978	0.0008450416	0.0	0.04
OG0000617	0.00015901307	0.000672002	0.0	0.06
OG0005096	0.00015894216	0.0012633393	0.0	0.03
OG0000169	0.00015880262	0.00044852518	0.0	0.16
OG0000765	0.00015855455	0.000453562	0.0	0.12
OG0000307	0.0001585053	0.0004695252	0.0	0.12
OG0007070	0.00015825022	0.00091145036	0.0	0.03
OG0000284	0.00015815606	0.000595188	0.0	0.09
OG0000386	0.00015805729	0.00058867794	0.0	0.09
OG0000155	0.00015741009	0.0004879726	0.0	0.14
OG0001275	0.00015720798	0.0010891499	0.0	0.04
OG0000494	0.00015633459	0.0007930947	0.0	0.04
OG0001036	0.00015592054	0.00079992483	0.0	0.05
OG0009466	0.00015574826	0.00089715695	0.0	0.03
OG0000579	0.00015412374	0.00051694136	0.0	0.09
OG0004524	0.0001536817	0.0005555901	0.0	0.08
OG0000577	0.00015359462	0.00071946136	0.0	0.05
OG0000192	0.00015341773	0.0004959441	0.0	0.13
OG0004664	0.00015328446	0.00057518104	0.0	0.07
OG0000329	0.00015317462	0.00045671032	0.0	0.12
OG0002465	0.0001529133	0.0012461735	0.0	0.03
OG0008236	0.00015270348	0.0015270335	0.0	0.01
OG0000460	0.00015160021	0.00087321684	0.0	0.05
OG0004131	0.00015139542	0.0006526195	0.0	0.06
OG0000356	0.0001511212	0.00063608895	0.0	0.11
OG0004103	0.00015024253	0.0010543801	0.0	0.03
OG0004077	0.00014932478	0.00086867774	0.0	0.03
OG0006508	0.0001492281	0.00062236626	0.0	0.06
OG0004875	0.00014910696	0.00064613327	0.0	0.06
OG0010915	0.00014838895	0.0008657581	0.0	0.03
OG0004535	0.00014830985	0.00047107998	0.0	0.1
OG0002047	0.00014764955	0.001476495	0.0	0.01
OG0003516	0.00014707437	0.0013641792	0.0	0.02
OG0003119	0.00014673462	0.00085230655	0.0	0.03
OG0004350	0.00014669115	0.0008990731	0.0	0.03
OG0000382	0.00014580468	0.0012029941	0.0	0.03
OG0005342	0.00014579938	0.000752363	0.0	0.04
OG0000468	0.0001451041	0.00094207877	0.0	0.06
OG0006215	0.00014480931	0.00061368966	0.0	0.06
OG0010612	0.00014443687	0.000742746	0.0	0.04
OG0000260	0.00014428691	0.0005956304	0.0	0.08
OG0004083	0.00014413023	0.0006332091	0.0	0.05
OG0000457	0.00014381204	0.00076354295	0.0	0.04
OG0000304	0.00014373794	0.0004737205	0.0	0.09
OG0000289	0.0001419212	0.0005471475	0.0	0.08
OG0002605	0.00014178532	0.0006001519	0.0	0.07
OG0004243	0.00014147321	0.0014147318	0.0	0.01
OG0004224	0.00014095123	0.00070728885	0.0	0.04
OG0004222	0.00014074455	0.0006416374	0.0	0.05
OG0000915	0.00014038273	0.00045226596	0.0	0.1
OG0004006	0.00014023064	0.0005063247	0.0	0.09
OG0000467	0.00013893767	0.001079247	0.0	0.03
OG0001268	0.00013879276	0.00080350647	0.0	0.03
OG0007879	0.00013853071	0.001385308	0.0	0.01
OG0000526	0.00013846398	0.00067241915	0.0	0.05
OG0004577	0.00013786586	0.00044711056	0.0	0.09
OG0012344	0.00013750956	0.0008314999	0.0	0.03
OG0005814	0.00013732706	0.0013732709	0.0	0.01
OG0006029	0.00013726136	0.0008060124	0.0	0.03
OG0000510	0.00013710474	0.0011106813	0.0	0.03
OG0005260	0.00013670565	0.0011994151	0.0	0.02
OG0000188	0.00013637585	0.00042117859	0.0	0.12
OG0000442	0.0001359968	0.0005809548	0.0	0.06
OG0003098	0.00013542631	0.0005768277	0.0	0.06
OG0003664	0.0001348185	0.00042366426	0.0	0.11
OG0000280	0.0001342185	0.0005148584	0.0	0.08
OG0000157	0.00013300545	0.00050436496	0.0	0.07
OG0000573	0.00013238496	0.00062278355	0.0	0.06
OG0000970	0.00013145174	0.00045655016	0.0	0.09
OG0010896	0.00013096629	0.00081827247	0.0	0.04
OG0000276	0.00013089423	0.00048411248	0.0	0.08
OG0003008	0.00013054463	0.00084061077	0.0	0.03
OG0000096	0.00013040514	0.0003427987	0.0	0.21
OG0007656	0.00012992509	0.0010935464	0.0	0.02
OG0003871	0.00012980468	0.0006406476	0.0	0.06
OG0004897	0.00012943843	0.00060686533	0.0	0.05
OG0000095	0.00012902202	0.0004822719	0.0	0.12
OG0000687	0.00012892611	0.00057689735	0.0	0.07
OG0010001	0.00012884052	0.0007431661	0.0	0.03
OG0000344	0.00012860639	0.00044546672	0.0	0.08
OG0000150	0.00012762588	0.00038000234	0.0	0.12
OG0004484	0.00012750273	0.0012750264	0.0	0.01
OG0000740	0.00012737304	0.00073288305	0.0	0.03
OG0000320	0.00012729406	0.00074070256	0.0	0.05
OG0005005	0.00012707485	0.0012707486	0.0	0.01
OG0004177	0.0001261801	0.00062655914	0.0	0.04
OG0003514	0.0001260101	0.00044546247	0.0	0.08
OG0004727	0.0001251713	0.000491871	0.0	0.07
OG0002127	0.00012434741	0.00040314614	0.0	0.09
OG0003684	0.00012411836	0.0007269796	0.0	0.04
OG0004516	0.00012390518	0.0005844024	0.0	0.05
OG0000252	0.00012389156	0.0004059416	0.0	0.1
OG0003607	0.00012387137	0.0012387119	0.0	0.01
OG0004638	0.00012371564	0.0012371576	0.0	0.01
OG0000523	0.00012371528	0.0005644387	0.0	0.07
OG0006879	0.0001236445	0.00055639766	0.0	0.05
OG0003784	0.00012357808	0.0012357796	0.0	0.01
OG0010005	0.00012348927	0.0006208972	0.0	0.04
OG0003363	0.00012319557	0.00070780574	0.0	0.03
OG0004955	0.00012188648	0.000546258	0.0	0.05
OG0000006	0.00012173	0.00066266686	0.0	0.04
OG0006668	0.00012158279	0.0004754793	0.0	0.07
OG0000189	0.000121345656	0.00044754325	0.0	0.1
OG0000130	0.00012097692	0.00055799325	0.0	0.07
OG0003230	0.00012067151	0.0008505956	0.0	0.02
OG0004429	0.00012064713	0.0005624004	0.0	0.06
OG0005426	0.00012059658	0.0012059645	0.0	0.01
OG0000396	0.000120001474	0.000513421	0.0	0.06
OG0000492	0.00011906959	0.00041837987	0.0	0.08
OG0000103	0.0001188023	0.0004383625	0.0	0.1
OG0004178	0.00011851459	0.0011851456	0.0	0.01
OG0005909	0.00011803626	0.0008688526	0.0	0.02
OG0003837	0.00011766018	0.0008280501	0.0	0.02
OG0006950	0.00011762803	0.0005235849	0.0	0.05
OG0006335	0.00011680811	0.0006746186	0.0	0.03
OG0003819	0.000116743286	0.0008246069	0.0	0.02
OG0004732	0.000116668714	0.001166685	0.0	0.01
OG0008024	0.000116589756	0.0005815043	0.0	0.04
OG0003973	0.00011627785	0.0011627778	0.0	0.01
OG0003592	0.00011621897	0.0005397254	0.0	0.05
OG0003632	0.00011573406	0.00037651017	0.0	0.09
OG0000428	0.000115502946	0.0004805117	0.0	0.06
OG0005178	0.000115314106	0.00092977006	0.0	0.02
OG0003528	0.00011469713	0.0011469711	0.0	0.01
OG0003894	0.00011454319	0.0010570973	0.0	0.02
OG0003143	0.00011401192	0.0007240259	0.0	0.03
OG0001476	0.000113919756	0.0007434596	0.0	0.04
OG0000378	0.000113366295	0.0004340651	0.0	0.08
OG0000092	0.000113323054	0.00080274773	0.0	0.02
OG0003794	0.00011326696	0.0005664251	0.0	0.04
OG0004712	0.000112867114	0.0005311578	0.0	0.06
OG0004476	0.000112832335	0.0011283237	0.0	0.01
OG0000690	0.00011272635	0.00087092427	0.0	0.02
OG0003406	0.00011267667	0.00080181245	0.0	0.02
OG0004185	0.00011256963	0.00043782216	0.0	0.07
OG0000249	0.000112526446	0.00043106597	0.0	0.07
OG0006299	0.00011249168	0.00079146586	0.0	0.02
OG0004062	0.00011198583	0.0005595904	0.0	0.05
OG0007160	0.00011173036	0.00076799694	0.0	0.03
OG0000186	0.000111710775	0.00032553688	0.0	0.12
OG0010960	0.00011149735	0.00063351844	0.0	0.04
OG0004014	0.00011106054	0.0007816302	0.0	0.02
OG0004387	0.00011088693	0.000560761	0.0	0.04
OG0008573	0.00011067528	0.0007792477	0.0	0.02
OG0004410	0.000110537185	0.00065292424	0.0	0.03
OG0000989	0.000110507885	0.0006337193	0.0	0.03
OG0005057	0.00011047185	0.0011047175	0.0	0.01
OG0007686	0.000110348185	0.00040947573	0.0	0.07
OG0005732	0.00011030469	0.00055895257	0.0	0.04
OG0004670	0.00011015523	0.00063824584	0.0	0.03
OG0000535	0.000110137014	0.00048905355	0.0	0.06
OG0009203	0.00010967417	0.00054884166	0.0	0.04
OG0003976	0.00010945056	0.00090118597	0.0	0.02
OG0003394	0.0001094161	0.0005638853	0.0	0.06
OG0003600	0.00010921927	0.00054407306	0.0	0.04
OG0000165	0.00010919723	0.00056512764	0.0	0.07
OG0000351	0.00010918729	0.0007701324	0.0	0.02
OG0000643	0.00010894103	0.00078307674	0.0	0.02
OG0004135	0.00010870143	0.0010870143	0.0	0.01
OG0005801	0.00010864379	0.00049696467	0.0	0.05
OG0000242	0.00010749226	0.0003431932	0.0	0.11
OG0001089	0.000107312386	0.00075647456	0.0	0.02
OG0000950	0.00010708645	0.0010708644	0.0	0.01
OG0001065	0.00010678765	0.00048692775	0.0	0.06
OG0005701	0.00010641301	0.0005274859	0.0	0.05
OG0003291	0.000106374144	0.00054038916	0.0	0.04
OG0000133	0.00010623796	0.00033598155	0.0	0.11
OG0005826	0.00010623393	0.00043391294	0.0	0.06
OG0003478	0.00010616897	0.0006668605	0.0	0.03
OG0004537	0.000106061685	0.0009151871	0.0	0.02
OG0000194	0.0001059461	0.00041194237	0.0	0.08
OG0000814	0.00010585668	0.0010585665	0.0	0.01
OG0000803	0.00010501633	0.0004585329	0.0	0.06
OG0010036	0.0001046918	0.0007719382	0.0	0.02
OG0008342	0.00010426298	0.0007340126	0.0	0.02
OG0003885	0.00010369178	0.0010369185	0.0	0.01
OG0007982	0.000102566555	0.00058915466	0.0	0.03
OG0004385	0.00010145672	0.0005058662	0.0	0.04
OG0002787	0.00010115814	0.0003758552	0.0	0.07
OG0000838	0.00010111455	0.0007171369	0.0	0.02
OG0008585	0.00010065779	0.00041483596	0.0	0.06
OG0003629	0.00010065095	0.0005887411	0.0	0.03
OG0000779	0.00010019374	0.0007903259	0.0	0.02
OG0000397	0.00010017964	0.0003745953	0.0	0.07
OG0001179	0.000100143094	0.0003606319	0.0	0.08
OG0008779	0.00010002383	0.00070387404	0.0	0.02
OG0006632	9.981894e-05	0.00062146	0.0	0.03
OG0006237	9.9794735e-05	0.00072089885	0.0	0.02
OG0000235	9.9625344e-05	0.00039712564	0.0	0.06
OG0005129	9.95668e-05	0.0009956687	0.0	0.01
OG0006450	9.956458e-05	0.00045052177	0.0	0.05
OG0005563	9.817944e-05	0.00073327584	0.0	0.02
OG0000712	9.797236e-05	0.0006910943	0.0	0.02
OG0008286	9.753947e-05	0.00050188246	0.0	0.04
OG0002759	9.7332646e-05	0.0005169213	0.0	0.04
OG0004718	9.704005e-05	0.0009704004	0.0	0.01
OG0000234	9.664746e-05	0.00036010807	0.0	0.07
OG0004127	9.636557e-05	0.0009636551	0.0	0.01
OG0003031	9.60664e-05	0.0003555773	0.0	0.07
OG0000594	9.606087e-05	0.00059622613	0.0	0.03
OG0006936	9.60245e-05	0.0005644682	0.0	0.03
OG0004086	9.598012e-05	0.00095980085	0.0	0.01
OG0006705	9.585617e-05	0.00095856213	0.0	0.01
OG0005089	9.550208e-05	0.0009550209	0.0	0.01
OG0003454	9.5316216e-05	0.00068380876	0.0	0.02
OG0002827	9.5184594e-05	0.0009518453	0.0	0.01
OG0012306	9.515889e-05	0.00095158967	0.0	0.01
OG0003611	9.5158124e-05	0.0007194109	0.0	0.02
OG0004808	9.477638e-05	0.00050573825	0.0	0.04
OG0008338	9.403563e-05	0.00042645194	0.0	0.05
OG0000465	9.396397e-05	0.00038564362	0.0	0.06
OG0000728	9.358725e-05	0.0006584837	0.0	0.02
OG0004111	9.350879e-05	0.00044104597	0.0	0.05
OG0000319	9.3145725e-05	0.00047948372	0.0	0.05
OG0007454	9.310223e-05	0.0006713252	0.0	0.02
OG0005684	9.249445e-05	0.0005307011	0.0	0.03
OG0009086	9.23898e-05	0.00053069403	0.0	0.03
OG0000841	9.224655e-05	0.0003823727	0.0	0.07
OG0004590	9.201883e-05	0.00041493805	0.0	0.05
OG0000804	9.165205e-05	0.00046828258	0.0	0.04
OG0000257	9.1601636e-05	0.0003614923	0.0	0.07
OG0000399	9.1512986e-05	0.000586912	0.0	0.03
OG0003383	9.145407e-05	0.0003515189	0.0	0.07
OG0004511	9.125934e-05	0.00068756717	0.0	0.02
OG0011668	9.125101e-05	0.0009125088	0.0	0.01
OG0000675	9.106447e-05	0.00064311083	0.0	0.02
OG0001409	9.085154e-05	0.00036613003	0.0	0.06
OG0010253	9.0741574e-05	0.00090741675	0.0	0.01
OG0004123	8.997019e-05	0.00040611863	0.0	0.05
OG0000994	8.989241e-05	0.0006578457	0.0	0.03
OG0004197	8.940298e-05	0.0008940316	0.0	0.01
OG0018682	8.9305555e-05	0.00063007674	0.0	0.02
OG0005011	8.914002e-05	0.0005448521	0.0	0.03
OG0000266	8.886704e-05	0.00051248015	0.0	0.03
OG0003636	8.816382e-05	0.00036090126	0.0	0.06
OG0003519	8.803604e-05	0.0008803596	0.0	0.01
OG0004621	8.789154e-05	0.0008789164	0.0	0.01
OG0004304	8.739926e-05	0.000455771	0.0	0.05
OG0000246	8.719059e-05	0.00038774958	0.0	0.06
OG0000176	8.664078e-05	0.00053267606	0.0	0.04
OG0004586	8.575134e-05	0.00042388	0.0	0.04
OG0003206	8.56765e-05	0.0006049357	0.0	0.02
OG0000501	8.533242e-05	0.0003329514	0.0	0.07
OG0008110	8.532113e-05	0.0003457214	0.0	0.06
OG0007199	8.518538e-05	0.00085185346	0.0	0.01
OG0003642	8.5176536e-05	0.00058716646	0.0	0.03
OG0003484	8.505103e-05	0.00043816172	0.0	0.04
OG0003738	8.503625e-05	0.00060761295	0.0	0.03
OG0003424	8.389235e-05	0.0006320153	0.0	0.03
OG0003215	8.335865e-05	0.00042907344	0.0	0.04
OG0000417	8.2996354e-05	0.0006841343	0.0	0.02
OG0000294	8.280938e-05	0.00040316445	0.0	0.05
OG0003709	8.222702e-05	0.0008222694	0.0	0.01
OG0005324	8.204709e-05	0.000579442	0.0	0.02
OG0001492	8.187743e-05	0.0005801653	0.0	0.02
OG0004118	8.128886e-05	0.00081288844	0.0	0.01
OG0003933	8.12813e-05	0.00081281294	0.0	0.01
OG0003188	8.124918e-05	0.00033245914	0.0	0.06
OG0003768	8.04333e-05	0.0005095287	0.0	0.03
OG0004122	7.9691206e-05	0.00079691265	0.0	0.01
OG0001237	7.958638e-05	0.0005416976	0.0	0.03
OG0005036	7.9423124e-05	0.00079423137	0.0	0.01
OG0003400	7.9209494e-05	0.00055769243	0.0	0.02
OG0007308	7.919152e-05	0.00079191546	0.0	0.01
OG0000376	7.9125835e-05	0.0004537368	0.0	0.03
OG0004576	7.9063786e-05	0.00045771684	0.0	0.03
OG0001120	7.8660625e-05	0.0004126539	0.0	0.04
OG0004598	7.788159e-05	0.00054827944	0.0	0.02
OG0005310	7.783114e-05	0.00047929308	0.0	0.03
OG0000180	7.752343e-05	0.0004917495	0.0	0.03
OG0008059	7.734432e-05	0.0005895076	0.0	0.02
OG0005436	7.699159e-05	0.0007699159	0.0	0.01
OG0007064	7.6991135e-05	0.0005082441	0.0	0.03
OG0004155	7.6416865e-05	0.00076416857	0.0	0.01
OG0007682	7.627838e-05	0.00034190158	0.0	0.05
OG0000199	7.608907e-05	0.0003315882	0.0	0.06
OG0003855	7.5651165e-05	0.0005325801	0.0	0.02
OG0007391	7.484667e-05	0.00052657974	0.0	0.02
OG0003321	7.466346e-05	0.00033190966	0.0	0.05
OG0000998	7.463728e-05	0.00053349935	0.0	0.02
OG0000137	7.460634e-05	0.00027466693	0.0	0.09
OG0004267	7.4544565e-05	0.00046558405	0.0	0.03
OG0000073	7.416299e-05	0.0002517758	0.0	0.1
OG0008784	7.412899e-05	0.0004327806	0.0	0.03
OG0016920	7.3906864e-05	0.0005200132	0.0	0.02
OG0007768	7.374521e-05	0.00073745224	0.0	0.01
OG0001151	7.351695e-05	0.000369187	0.0	0.04
OG0009062	7.348874e-05	0.00051702023	0.0	0.02
OG0000408	7.3295094e-05	0.00036177473	0.0	0.05
OG0003079	7.2841394e-05	0.00038191216	0.0	0.04
OG0001050	7.243863e-05	0.0003294939	0.0	0.05
OG0000716	7.24368e-05	0.00072436803	0.0	0.01
OG0003862	7.211748e-05	0.00031340923	0.0	0.06
OG0000159	7.142624e-05	0.0002694188	0.0	0.07
OG0005641	7.1420516e-05	0.0007142049	0.0	0.01
OG0000686	7.0835085e-05	0.0007083507	0.0	0.01
OG0004076	7.056329e-05	0.0004964347	0.0	0.02
OG0006612	7.037762e-05	0.0005217055	0.0	0.02
OG0004607	7.011499e-05	0.00070114905	0.0	0.01
OG0004870	6.993331e-05	0.00034524518	0.0	0.04
OG0003708	6.9763075e-05	0.0004029449	0.0	0.03
OG0000296	6.9534e-05	0.0004926799	0.0	0.02
OG0010025	6.952509e-05	0.0006952509	0.0	0.01
OG0010536	6.929163e-05	0.00040193068	0.0	0.03
OG0001990	6.9156216e-05	0.0006915628	0.0	0.01
OG0005162	6.887457e-05	0.00039888767	0.0	0.03
OG0003785	6.856876e-05	0.0005727396	0.0	0.02
OG0000575	6.83056e-05	0.0005299052	0.0	0.02
OG0006635	6.781913e-05	0.00039724394	0.0	0.03
OG0006891	6.732244e-05	0.00034755663	0.0	0.04
OG0001832	6.719173e-05	0.00037451455	0.0	0.04
OG0005289	6.680454e-05	0.00039405518	0.0	0.03
OG0000456	6.677964e-05	0.0005209681	0.0	0.02
OG0000160	6.669986e-05	0.00037892102	0.0	0.05
OG0000503	6.628014e-05	0.00028722372	0.0	0.06
OG0000823	6.5967935e-05	0.0006596791	0.0	0.01
OG0003013	6.5935215e-05	0.0005610028	0.0	0.02
OG0005994	6.5706525e-05	0.00033070077	0.0	0.04
OG0006168	6.5648026e-05	0.00065648044	0.0	0.01
OG0000603	6.532722e-05	0.00065327215	0.0	0.01
OG0006178	6.524681e-05	0.000388725	0.0	0.03
OG0005642	6.491405e-05	0.0003509839	0.0	0.04
OG0000337	6.4908156e-05	0.00028704142	0.0	0.06
OG0006794	6.4900436e-05	0.00064900465	0.0	0.01
OG0003287	6.474677e-05	0.0003235135	0.0	0.04
OG0000890	6.469162e-05	0.00040468603	0.0	0.03
OG0005597	6.43609e-05	0.0006436097	0.0	0.01
OG0006931	6.4153865e-05	0.00028127665	0.0	0.05
OG0002802	6.413266e-05	0.000641327	0.0	0.01
OG0000177	6.387827e-05	0.00039003734	0.0	0.05
OG0000622	6.370595e-05	0.00030592727	0.0	0.05
OG0000616	6.356502e-05	0.00025358913	0.0	0.06
OG0000225	6.3549654e-05	0.00055938994	0.0	0.02
OG0003336	6.3259016e-05	0.0003170833	0.0	0.04
OG0005904	6.319721e-05	0.00036913788	0.0	0.03
OG0004402	6.319209e-05	0.00045984503	0.0	0.02
OG0011162	6.3130574e-05	0.00031497426	0.0	0.04
OG0000960	6.2983425e-05	0.00032802628	0.0	0.04
OG0006888	6.276861e-05	0.0006276861	0.0	0.01
OG0000334	6.265998e-05	0.0005298099	0.0	0.02
OG0004171	6.222927e-05	0.00062229246	0.0	0.01
OG0022392	6.216519e-05	0.0006216517	0.0	0.01
OG0004013	6.215405e-05	0.00040606543	0.0	0.03
OG0001433	6.207198e-05	0.0006207198	0.0	0.01
OG0001141	6.1879786e-05	0.00047409593	0.0	0.02
OG0000602	6.18788e-05	0.0003129237	0.0	0.04
OG0002409	6.185567e-05	0.0004431769	0.0	0.02
OG0000727	6.1761384e-05	0.0006176145	0.0	0.01
OG0005675	6.1087136e-05	0.0004298136	0.0	0.02
OG0003494	6.0923885e-05	0.0003005636	0.0	0.04
OG0011842	6.0842234e-05	0.0004604675	0.0	0.02
OG0000714	6.0559643e-05	0.0005138958	0.0	0.02
OG0001483	6.0368053e-05	0.0006036812	0.0	0.01
OG0011901	6.0057322e-05	0.0006005725	0.0	0.01
OG0003331	6.0037448e-05	0.00027278363	0.0	0.05
OG0004692	5.97879e-05	0.00034385614	0.0	0.03
OG0008944	5.9755548e-05	0.00059755606	0.0	0.01
OG0004142	5.956393e-05	0.00042852268	0.0	0.02
OG0003859	5.9459842e-05	0.00059459853	0.0	0.01
OG0005531	5.9247446e-05	0.0005924746	0.0	0.01
OG0005509	5.919238e-05	0.0005919238	0.0	0.01
OG0000636	5.9178128e-05	0.00035387784	0.0	0.03
OG0006685	5.893372e-05	0.0005893376	0.0	0.01
OG0000652	5.889644e-05	0.0005889631	0.0	0.01
OG0001871	5.8797752e-05	0.0005879774	0.0	0.01
OG0005062	5.873723e-05	0.00058737135	0.0	0.01
OG0003068	5.811818e-05	0.0005811805	0.0	0.01
OG0001464	5.7925183e-05	0.0005792512	0.0	0.01
OG0004798	5.790058e-05	0.00044246475	0.0	0.02
OG0000609	5.78722e-05	0.00033825822	0.0	0.03
OG0004739	5.760455e-05	0.00033676927	0.0	0.03
OG0008562	5.7533765e-05	0.00034966768	0.0	0.03
OG0005501	5.753025e-05	0.0005753027	0.0	0.01
OG0002438	5.7418e-05	0.0002879642	0.0	0.04
OG0000455	5.7391222e-05	0.00028345376	0.0	0.04
OG0009329	5.7330384e-05	0.0005733029	0.0	0.01
OG0002455	5.705851e-05	0.00057058537	0.0	0.01
OG0012385	5.70497e-05	0.0005704973	0.0	0.01
OG0001791	5.6906483e-05	0.00047850632	0.0	0.02
OG0000486	5.686262e-05	0.00025650632	0.0	0.05
OG0003434	5.6851168e-05	0.00040037744	0.0	0.02
OG0005431	5.6646062e-05	0.0005664606	0.0	0.01
OG0000604	5.6292534e-05	0.000258729	0.0	0.05
OG0004752	5.620362e-05	0.0005620354	0.0	0.01
OG0005335	5.6106535e-05	0.00042919774	0.0	0.02
OG0004489	5.6079876e-05	0.00041017626	0.0	0.02
OG0004048	5.6017627e-05	0.00032734257	0.0	0.03
OG0006213	5.5814176e-05	0.0003302349	0.0	0.03
OG0009205	5.5726923e-05	0.00039205517	0.0	0.02
OG0000395	5.571983e-05	0.0003507289	0.0	0.03
OG0004219	5.550274e-05	0.00055502786	0.0	0.01
OG0000768	5.5006873e-05	0.00044268297	0.0	0.02
OG0001017	5.4915075e-05	0.00032588566	0.0	0.03
OG0007902	5.4851393e-05	0.00031355646	0.0	0.03
OG0001051	5.4546414e-05	0.00054546446	0.0	0.01
OG0003734	5.4493943e-05	0.00054493983	0.0	0.01
OG0000945	5.438998e-05	0.0003953381	0.0	0.02
OG0000657	5.4349002e-05	0.00044153363	0.0	0.02
OG0004260	5.4267653e-05	0.00032188444	0.0	0.03
OG0003800	5.3822496e-05	0.00031486072	0.0	0.03
OG0006795	5.363695e-05	0.00053636986	0.0	0.01
OG0008436	5.359227e-05	0.0005359227	0.0	0.01
OG0008600	5.3454936e-05	0.00037947937	0.0	0.02
OG0005415	5.331291e-05	0.00038494603	0.0	0.02
OG0003860	5.315133e-05	0.0003085962	0.0	0.03
OG0003775	5.3105614e-05	0.00037361955	0.0	0.02
OG0000430	5.2847805e-05	0.0005284776	0.0	0.01
OG0022398	5.2777417e-05	0.00052777416	0.0	0.01
OG0004344	5.2591626e-05	0.0004197927	0.0	0.02
OG0004874	5.252568e-05	0.00052525714	0.0	0.01
OG0018624	5.2427935e-05	0.00052427925	0.0	0.01
OG0001481	5.2426563e-05	0.0003345584	0.0	0.03
OG0009331	5.228794e-05	0.00052287936	0.0	0.01
OG0006580	5.2277814e-05	0.0005227776	0.0	0.01
OG0003754	5.2276104e-05	0.0005227607	0.0	0.01
OG0007124	5.2215466e-05	0.00052215473	0.0	0.01
OG0003758	5.1979012e-05	0.00030410348	0.0	0.03
OG0001145	5.154884e-05	0.00034278142	0.0	0.03
OG0001088	5.1141837e-05	0.000316444	0.0	0.03
OG0005216	5.1016803e-05	0.00051016815	0.0	0.01
OG0000212	5.0823903e-05	0.0002550532	0.0	0.04
OG0003329	5.0811617e-05	0.00025554397	0.0	0.04
OG0007099	5.0536535e-05	0.0005053653	0.0	0.01
OG0000477	5.0508253e-05	0.0002824945	0.0	0.04
OG0008158	5.028154e-05	0.00050281547	0.0	0.01
OG0005901	5.0120972e-05	0.00031746554	0.0	0.03
OG0011559	5.0090093e-05	0.000286462	0.0	0.03
OG0018585	5.0022616e-05	0.00050022634	0.0	0.01
OG0000479	5.001392e-05	0.00028670605	0.0	0.03
OG0000287	4.999248e-05	0.0004714715	0.0	0.02
OG0012327	4.984052e-05	0.00028502347	0.0	0.03
OG0001285	4.9601273e-05	0.00049601326	0.0	0.01
OG0010451	4.9528728e-05	0.00035024964	0.0	0.02
OG0000688	4.952436e-05	0.00049524335	0.0	0.01
OG0000649	4.9169055e-05	0.00040294198	0.0	0.02
OG0001131	4.9165377e-05	0.0004916538	0.0	0.01
OG0004730	4.9136048e-05	0.00034828353	0.0	0.02
OG0000546	4.8916507e-05	0.00028894734	0.0	0.03
OG0004044	4.8870643e-05	0.00035052357	0.0	0.02
OG0001489	4.8786467e-05	0.00048786434	0.0	0.01
OG0007080	4.8763282e-05	0.00048763247	0.0	0.01
OG0003246	4.8720747e-05	0.0004872075	0.0	0.01
OG0000864	4.8501646e-05	0.0004850162	0.0	0.01
OG0005972	4.847683e-05	0.00048476833	0.0	0.01
OG0014535	4.826564e-05	0.00048265664	0.0	0.01
OG0005936	4.822109e-05	0.00034398612	0.0	0.02
OG0000309	4.815312e-05	0.00028680504	0.0	0.03
OG0013616	4.802232e-05	0.0004802234	0.0	0.01
OG0000901	4.791916e-05	0.00047919105	0.0	0.01
OG0004199	4.786558e-05	0.00047865612	0.0	0.01
OG0000448	4.780931e-05	0.00028173183	0.0	0.03
OG0000997	4.7803213e-05	0.00033208804	0.0	0.03
OG0006388	4.745932e-05	0.00037376565	0.0	0.02
OG0007438	4.732575e-05	0.00047325742	0.0	0.01
OG0004980	4.697614e-05	0.00046976123	0.0	0.01
OG0005088	4.6464877e-05	0.00032869107	0.0	0.02
OG0002375	4.6370165e-05	0.00046370158	0.0	0.01
OG0004786	4.63615e-05	0.00028373103	0.0	0.03
OG0004756	4.619493e-05	0.00046194918	0.0	0.01
OG0003302	4.617665e-05	0.00046176623	0.0	0.01
OG0004953	4.617665e-05	0.00046176623	0.0	0.01
OG0005543	4.6078098e-05	0.0004607808	0.0	0.01
OG0002758	4.603334e-05	0.00046033342	0.0	0.01
OG0001272	4.6007266e-05	0.00046007306	0.0	0.01
OG0003274	4.5927518e-05	0.00045927532	0.0	0.01
OG0004254	4.589236e-05	0.00045892366	0.0	0.01
OG0000141	4.581615e-05	0.0002513087	0.0	0.04
OG0000219	4.5802622e-05	0.00018780679	0.0	0.06
OG0000680	4.5755252e-05	0.0004575526	0.0	0.01
OG0010614	4.5604866e-05	0.0003007768	0.0	0.03
OG0004325	4.557642e-05	0.00032156662	0.0	0.02
OG0000920	4.552527e-05	0.00045525227	0.0	0.01
OG0007377	4.5280358e-05	0.00045280354	0.0	0.01
OG0003503	4.525324e-05	0.00045253243	0.0	0.01
OG0010906	4.5205536e-05	0.00036968675	0.0	0.02
OG0000961	4.516038e-05	0.00031790065	0.0	0.02
OG0004049	4.483562e-05	0.0002673435	0.0	0.03
OG0004288	4.477077e-05	0.00034952562	0.0	0.02
OG0000450	4.475546e-05	0.00025713455	0.0	0.03
OG0003166	4.4655997e-05	0.00032633662	0.0	0.02
OG0009354	4.4572236e-05	0.00044572234	0.0	0.01
OG0004265	4.449692e-05	0.00026068502	0.0	0.03
OG0004947	4.4250646e-05	0.00044250593	0.0	0.01
OG0000629	4.4172237e-05	0.0002547469	0.0	0.03
OG0004210	4.3940763e-05	0.00043940698	0.0	0.01
OG0008694	4.3910197e-05	0.000439102	0.0	0.01
OG0001031	4.378315e-05	0.0002820806	0.0	0.03
OG0005511	4.3701453e-05	0.0003183653	0.0	0.02
OG0000453	4.364204e-05	0.0004364203	0.0	0.01
OG0006355	4.3413667e-05	0.00031432067	0.0	0.02
OG0003093	4.3345448e-05	0.00043345464	0.0	0.01
OG0009636	4.2971093e-05	0.00030347795	0.0	0.02
OG0007248	4.2878088e-05	0.00042878123	0.0	0.01
OG0000170	4.281437e-05	0.0004281442	0.0	0.01
OG0006661	4.2764816e-05	0.00042764767	0.0	0.01
OG0004612	4.274811e-05	0.00042748134	0.0	0.01
OG0000545	4.272118e-05	0.00031200124	0.0	0.02
OG0004550	4.266582e-05	0.00032199975	0.0	0.02
OG0005971	4.2633066e-05	0.00042633043	0.0	0.01
OG0003420	4.2560743e-05	0.0004256075	0.0	0.01
OG0000888	4.2338786e-05	0.00042338704	0.0	0.01
OG0003869	4.2253574e-05	0.00032251942	0.0	0.02
OG0000913	4.222736e-05	0.00042227336	0.0	0.01
OG0003292	4.2001364e-05	0.000420014	0.0	0.01
OG0000878	4.197188e-05	0.0003038213	0.0	0.02
OG0000308	4.1893414e-05	0.00029661934	0.0	0.02
OG0005870	4.182023e-05	0.00030232032	0.0	0.02
OG0000731	4.1750987e-05	0.00021238597	0.0	0.04
OG0001240	4.1615633e-05	0.0004161563	0.0	0.01
OG0012682	4.1487e-05	0.0004148699	0.0	0.01
OG0003147	4.1479547e-05	0.00029746638	0.0	0.02
OG0000943	4.1415362e-05	0.00041415365	0.0	0.01
OG0005645	4.139128e-05	0.00029979376	0.0	0.02
OG0000581	4.128977e-05	0.00041289735	0.0	0.01
OG0003404	4.123068e-05	0.0004123076	0.0	0.01
OG0000391	4.1116746e-05	0.00024398489	0.0	0.03
OG0004787	4.1112937e-05	0.00029537044	0.0	0.02
OG0004170	4.0884515e-05	0.0002996099	0.0	0.02
OG0005421	4.087842e-05	0.0004087849	0.0	0.01
OG0000808	4.0675775e-05	0.00040675845	0.0	0.01
OG0007552	4.0604496e-05	0.00040604488	0.0	0.01
OG0009346	4.04872e-05	0.00040487168	0.0	0.01
OG0002430	4.0428316e-05	0.00024483923	0.0	0.03
OG0004176	4.0383296e-05	0.00040383392	0.0	0.01
OG0001310	4.0194558e-05	0.00040194535	0.0	0.01
OG0009125	4.0097893e-05	0.000400979	0.0	0.01
OG0000541	4.0047787e-05	0.00030750444	0.0	0.02
OG0000204	3.9846753e-05	0.00019063872	0.0	0.05
OG0008710	3.9818442e-05	0.0003981852	0.0	0.01
OG0000647	3.9370847e-05	0.00039370818	0.0	0.01
OG0000917	3.9299644e-05	0.00039299636	0.0	0.01
OG0004433	3.9279348e-05	0.0002278526	0.0	0.03
OG0004280	3.925298e-05	0.00039252974	0.0	0.01
OG0003990	3.9236915e-05	0.0002959435	0.0	0.02
OG0001300	3.919851e-05	0.00031232368	0.0	0.02
OG0005640	3.912895e-05	0.0002752829	0.0	0.02
OG0003431	3.892646e-05	0.00038926455	0.0	0.01
OG0000854	3.8922193e-05	0.0003892222	0.0	0.01
OG0000757	3.8913557e-05	0.00020658631	0.0	0.04
OG0000335	3.888705e-05	0.00038887054	0.0	0.01
OG0001701	3.861752e-05	0.00030482843	0.0	0.02
OG0007463	3.857064e-05	0.0003857067	0.0	0.01
OG0004207	3.849843e-05	0.0003849845	0.0	0.01
OG0005777	3.849843e-05	0.0003849845	0.0	0.01
OG0004973	3.8419294e-05	0.00038419297	0.0	0.01
OG0007995	3.820891e-05	0.00027087063	0.0	0.02
OG0003485	3.8093287e-05	0.0003809324	0.0	0.01
OG0003078	3.8019047e-05	0.0002704473	0.0	0.02
OG0007855	3.800383e-05	0.0003800383	0.0	0.01
OG0004751	3.7774418e-05	0.00026580834	0.0	0.02
OG0001461	3.768237e-05	0.0003768236	0.0	0.01
OG0003270	3.763519e-05	0.0002680577	0.0	0.02
OG0007539	3.7630405e-05	0.00028096346	0.0	0.02
OG0007799	3.7452002e-05	0.00026935976	0.0	0.02
OG0000929	3.7412814e-05	0.0002816237	0.0	0.02
OG0005973	3.733446e-05	0.0002691802	0.0	0.02
OG0009211	3.7231526e-05	0.0003723152	0.0	0.01
OG0000483	3.713836e-05	0.0002792333	0.0	0.02
OG0010188	3.7134578e-05	0.0003713456	0.0	0.01
OG0003856	3.694004e-05	0.00036940005	0.0	0.01
OG0008444	3.6761907e-05	0.00036761916	0.0	0.01
OG0003508	3.6670313e-05	0.00036670364	0.0	0.01
OG0005891	3.645943e-05	0.00036459448	0.0	0.01
OG0003303	3.6436468e-05	0.0002597832	0.0	0.02
OG0000615	3.5859477e-05	0.0002736629	0.0	0.02
OG0003786	3.5857745e-05	0.00025383406	0.0	0.02
OG0005513	3.57435e-05	0.0002046609	0.0	0.03
OG0004575	3.5728648e-05	0.0003572866	0.0	0.01
OG0000509	3.569658e-05	0.00021617566	0.0	0.03
OG0000513	3.557725e-05	0.00035577273	0.0	0.01
OG0003373	3.5480727e-05	0.00035480718	0.0	0.01
OG0001298	3.5364617e-05	0.00020535362	0.0	0.03
OG0000559	3.5332163e-05	0.00025042353	0.0	0.02
OG0001063	3.525183e-05	0.00028094117	0.0	0.02
OG0007979	3.521126e-05	0.00035211255	0.0	0.01
OG0006517	3.5071964e-05	0.0002053959	0.0	0.03
OG0001152	3.494505e-05	0.0002118269	0.0	0.03
OG0005534	3.464405e-05	0.00024475332	0.0	0.02
OG0004948	3.4577144e-05	0.0003457718	0.0	0.01
OG0003694	3.4493863e-05	0.0002520106	0.0	0.02
OG0009208	3.4341352e-05	0.00034341362	0.0	0.01
OG0000900	3.4230703e-05	0.00034230668	0.0	0.01
OG0013655	3.418369e-05	0.000341837	0.0	0.01
OG0007542	3.403571e-05	0.00034035713	0.0	0.01
OG0005339	3.399762e-05	0.00033997628	0.0	0.01
OG0003280	3.387108e-05	0.0002449392	0.0	0.02
OG0000743	3.3863253e-05	0.00024004138	0.0	0.02
OG0000208	3.3685817e-05	0.00033685844	0.0	0.01
OG0000256	3.3649336e-05	0.00024612932	0.0	0.02
OG0004742	3.346086e-05	0.00033460857	0.0	0.01
OG0018590	3.3284505e-05	0.00023478757	0.0	0.02
OG0000726	3.3240598e-05	0.00033240608	0.0	0.01
OG0000429	3.3218268e-05	0.00023652108	0.0	0.02
OG0008928	3.318879e-05	0.00033188777	0.0	0.01
OG0000419	3.3138123e-05	0.00016798207	0.0	0.04
OG0005422	3.308091e-05	0.00023285221	0.0	0.02
OG0000634	3.3024287e-05	0.00024852398	0.0	0.02
OG0005830	3.296379e-05	0.00032963822	0.0	0.01
OG0003222	3.262733e-05	0.00032627283	0.0	0.01
OG0000240	3.259956e-05	0.00023135632	0.0	0.02
OG0000415	3.2556145e-05	0.0002052649	0.0	0.04
OG0014477	3.2496053e-05	0.00032496048	0.0	0.01
OG0002757	3.244237e-05	0.0003244236	0.0	0.01
OG0008814	3.2212436e-05	0.00022771119	0.0	0.02
OG0003805	3.206658e-05	0.00022672354	0.0	0.02
OG0004767	3.2059903e-05	0.00032059895	0.0	0.01
OG0005125	3.200605e-05	0.00032006047	0.0	0.01
OG0005767	3.1980642e-05	0.00031980698	0.0	0.01
OG0005295	3.194734e-05	0.00022990575	0.0	0.02
OG0007162	3.187827e-05	0.00031878255	0.0	0.01
OG0000425	3.1810516e-05	0.00031810554	0.0	0.01
OG0003461	3.1677613e-05	0.00022733239	0.0	0.02
OG0005831	3.1574906e-05	0.000315749	0.0	0.01
OG0000684	3.1112257e-05	0.00024580787	0.0	0.02
OG0011769	3.071433e-05	0.0003071432	0.0	0.01
OG0004351	3.0699404e-05	0.00030699378	0.0	0.01
OG0002783	3.0569438e-05	0.00030569412	0.0	0.01
OG0004523	3.0421992e-05	0.00030422022	0.0	0.01
OG0005914	3.0173222e-05	0.0003017322	0.0	0.01
OG0007074	3.0144838e-05	0.0003014483	0.0	0.01
OG0006483	3.0087374e-05	0.00030087325	0.0	0.01
OG0003396	2.9953719e-05	0.00017461211	0.0	0.03
OG0004624	2.984453e-05	0.0002984453	0.0	0.01
OG0005437	2.9842942e-05	0.0002984293	0.0	0.01
OG0004094	2.9833487e-05	0.00021106737	0.0	0.02
OG0004480	2.9793871e-05	0.0002979387	0.0	0.01
OG0002015	2.9632276e-05	0.00029632222	0.0	0.01
OG0000447	2.9543498e-05	0.00021876508	0.0	0.02
OG0008783	2.9461356e-05	0.0002946132	0.0	0.01
OG0000621	2.9381004e-05	0.00029380986	0.0	0.01
OG0000576	2.9216106e-05	0.00020564883	0.0	0.02
OG0000138	2.9102897e-05	0.00029102896	0.0	0.01
OG0003405	2.9102592e-05	0.00022657395	0.0	0.02
OG0006482	2.9056093e-05	0.0002905608	0.0	0.01
OG0004080	2.905246e-05	0.00023030207	0.0	0.02
OG0008632	2.880418e-05	0.00028804142	0.0	0.01
OG0004290	2.8636166e-05	0.00028636178	0.0	0.01
OG0004112	2.8608643e-05	0.00017096903	0.0	0.03
OG0008557	2.8539573e-05	0.00028539603	0.0	0.01
OG0003910	2.8410459e-05	0.00028410394	0.0	0.01
OG0000610	2.834172e-05	0.0002834169	0.0	0.01
OG0000870	2.83414e-05	0.00020600652	0.0	0.02
OG0009642	2.8304696e-05	0.00028304703	0.0	0.01
OG0004263	2.8207984e-05	0.00028207983	0.0	0.01
OG0004909	2.8161721e-05	0.0002816172	0.0	0.01
OG0004665	2.8147744e-05	0.00028147735	0.0	0.01
OG0000658	2.8098882e-05	0.00023645192	0.0	0.02
OG0002413	2.8051605e-05	0.00016486103	0.0	0.03
OG0006941	2.7972548e-05	0.00021253047	0.0	0.02
OG0000209	2.7856739e-05	0.00027856714	0.0	0.01
OG0000744	2.7801138e-05	0.00021417566	0.0	0.02
OG0006362	2.7712536e-05	0.0002771255	0.0	0.01
OG0005073	2.7702983e-05	0.00027703002	0.0	0.01
OG0005098	2.7702703e-05	0.0002770271	0.0	0.01
OG0003376	2.7532365e-05	0.00027532366	0.0	0.01
OG0012665	2.7468643e-05	0.00019568662	0.0	0.02
OG0004951	2.706212e-05	0.0001929403	0.0	0.02
OG0005813	2.6930316e-05	0.00026930321	0.0	0.01
OG0005140	2.6928758e-05	0.00026928756	0.0	0.01
OG0000239	2.691514e-05	0.00014363616	0.0	0.04
OG0001109	2.6897755e-05	0.00026897757	0.0	0.01
OG0013695	2.6877247e-05	0.00019158114	0.0	0.02
OG0000599	2.6717109e-05	0.00026717127	0.0	0.01
OG0005361	2.6398162e-05	0.00026398132	0.0	0.01
OG0000624	2.6388509e-05	0.0002638848	0.0	0.01
OG0009355	2.6268594e-05	0.0002626858	0.0	0.01
OG0006273	2.5926856e-05	0.0002592685	0.0	0.01
OG0004073	2.577265e-05	0.00025772673	0.0	0.01
OG0003201	2.564706e-05	0.00019572607	0.0	0.02
OG0004233	2.5568386e-05	0.00018031038	0.0	0.02
OG0004137	2.5519608e-05	0.00018498042	0.0	0.02
OG0000306	2.5479305e-05	0.00017926496	0.0	0.02
OG0000434	2.5461983e-05	0.00018080302	0.0	0.02
OG0001009	2.5417281e-05	0.00017990351	0.0	0.02
OG0000482	2.5309939e-05	0.00017818122	0.0	0.02
OG0004322	2.5306623e-05	0.0002530662	0.0	0.01
OG0008369	2.5303234e-05	0.00025303234	0.0	0.01
OG0000681	2.5284802e-05	0.00018733331	0.0	0.02
OG0004490	2.5212896e-05	0.000252129	0.0	0.01
OG0005624	2.519067e-05	0.0002519063	0.0	0.01
OG0004252	2.5147978e-05	0.00025148	0.0	0.01
OG0003920	2.5027945e-05	0.00025027932	0.0	0.01
OG0007759	2.4998892e-05	0.00024998887	0.0	0.01
OG0000764	2.4996949e-05	0.00024996948	0.0	0.01
OG0007061	2.4965022e-05	0.0002496503	0.0	0.01
OG0006780	2.4925912e-05	0.0002492591	0.0	0.01
OG0004845	2.4887442e-05	0.0002488744	0.0	0.01
OG0002345	2.4868716e-05	0.00018142471	0.0	0.02
OG0000921	2.4836734e-05	0.00017491338	0.0	0.02
OG0004068	2.4776265e-05	0.00024776268	0.0	0.01
OG0004125	2.4764377e-05	0.00024764406	0.0	0.01
OG0003641	2.4540252e-05	0.00017266111	0.0	0.02
OG0004202	2.4403073e-05	0.00017482523	0.0	0.02
OG0005585	2.4396759e-05	0.00017919706	0.0	0.02
OG0007882	2.4393423e-05	0.00017179192	0.0	0.02
OG0000187	2.4293431e-05	0.00021739362	0.0	0.02
OG0003178	2.4192594e-05	0.00024192594	0.0	0.01
OG0009000	2.4122035e-05	0.0002412205	0.0	0.01
OG0004345	2.4080826e-05	0.00024080816	0.0	0.01
OG0003305	2.4054458e-05	0.00018589375	0.0	0.02
OG0004728	2.397843e-05	0.00016928423	0.0	0.02
OG0002321	2.3803783e-05	0.00016767124	0.0	0.02
OG0004190	2.3733575e-05	0.00023733577	0.0	0.01
OG0004364	2.3706954e-05	0.00017358903	0.0	0.02
OG0004165	2.3696304e-05	0.0002369632	0.0	0.01
OG0003122	2.3621242e-05	0.00023621244	0.0	0.01
OG0003961	2.3548007e-05	0.00023548	0.0	0.01
OG0000805	2.3530358e-05	0.00017103188	0.0	0.02
OG0003154	2.3524466e-05	0.00016791698	0.0	0.02
OG0000651	2.3448356e-05	0.00016498234	0.0	0.02
OG0005886	2.34239e-05	0.0002342393	0.0	0.01
OG0000372	2.3174998e-05	0.00017507827	0.0	0.02
OG0008340	2.3135559e-05	0.00023135559	0.0	0.01
OG0003897	2.3090608e-05	0.0001628558	0.0	0.02
OG0000123	2.3038843e-05	0.00013386227	0.0	0.03
OG0004335	2.291524e-05	0.00016131827	0.0	0.02
OG0004588	2.2897488e-05	0.00022897492	0.0	0.01
OG0014528	2.2749808e-05	0.00016007015	0.0	0.02
OG0004553	2.2708045e-05	0.00022708051	0.0	0.01
OG0000701	2.2647027e-05	0.00022647037	0.0	0.01
OG0010192	2.2606697e-05	0.00022606704	0.0	0.01
OG0017745	2.2563465e-05	0.00015962883	0.0	0.02
OG0003741	2.246829e-05	0.00022468281	0.0	0.01
OG0003704	2.2380607e-05	0.00015816915	0.0	0.02
OG0003956	2.2308626e-05	0.00022308613	0.0	0.01
OG0003674	2.2202265e-05	0.00022202266	0.0	0.01
OG0000404	2.2121512e-05	0.00013365112	0.0	0.03
OG0003810	2.2029202e-05	0.0002202919	0.0	0.01
OG0004726	2.195942e-05	0.00021959413	0.0	0.01
OG0004270	2.1905284e-05	0.0002190527	0.0	0.01
OG0003649	2.1820837e-05	0.00015421287	0.0	0.02
OG0003360	2.1809265e-05	0.000153559	0.0	0.02
OG0004960	2.1764146e-05	0.00021764151	0.0	0.01
OG0003510	2.1685588e-05	0.00021685577	0.0	0.01
OG0004384	2.1675061e-05	0.00021675054	0.0	0.01
OG0002782	2.164663e-05	0.00021646604	0.0	0.01
OG0006835	2.1524418e-05	0.00021524419	0.0	0.01
OG0000261	2.128098e-05	0.0001497235	0.0	0.02
OG0008155	2.1269485e-05	0.00021269488	0.0	0.01
OG0000446	2.0938798e-05	0.00020938793	0.0	0.01
OG0000424	2.0873935e-05	0.00020873922	0.0	0.01
OG0004418	2.0831767e-05	0.00020831758	0.0	0.01
OG0003399	2.0718884e-05	0.00020718886	0.0	0.01
OG0008579	2.069955e-05	0.00020699542	0.0	0.01
OG0003959	2.0694584e-05	0.00020694599	0.0	0.01
OG0003074	2.0477968e-05	0.00014410335	0.0	0.02
OG0000940	2.0469095e-05	0.00020469082	0.0	0.01
OG0006093	2.0431378e-05	0.00020431381	0.0	0.01
OG0006933	2.0383215e-05	0.00020383236	0.0	0.01
OG0001157	2.0372425e-05	0.0002037246	0.0	0.01
OG0005687	2.0267169e-05	0.00020267144	0.0	0.01
OG0004720	2.0005315e-05	0.00020005308	0.0	0.01
OG0005090	1.9888386e-05	0.00019888396	0.0	0.01
OG0018592	1.9883988e-05	0.00019883983	0.0	0.01
OG0000880	1.9877798e-05	0.00019877801	0.0	0.01
OG0006679	1.9772442e-05	0.0001977246	0.0	0.01
OG0001105	1.9728383e-05	0.00019728385	0.0	0.01
OG0003804	1.9669325e-05	0.0001966933	0.0	0.01
OG0011876	1.9436897e-05	0.0001943692	0.0	0.01
OG0013876	1.9327037e-05	0.00019327039	0.0	0.01
OG0006033	1.9245825e-05	0.00019245826	0.0	0.01
OG0004492	1.9171877e-05	0.00019171895	0.0	0.01
OG0000993	1.9129997e-05	0.00019129975	0.0	0.01
OG0000556	1.9034103e-05	0.00013877166	0.0	0.02
OG0000650	1.8993172e-05	0.00018993198	0.0	0.01
OG0005540	1.893641e-05	0.00018936407	0.0	0.01
OG0004790	1.8876271e-05	0.00018876267	0.0	0.01
OG0001008	1.885907e-05	0.0001885906	0.0	0.01
OG0004424	1.8678009e-05	0.00018678003	0.0	0.01
OG0000498	1.8604605e-05	0.00018604599	0.0	0.01
OG0006716	1.856268e-05	0.00018562678	0.0	0.01
OG0004352	1.8485276e-05	0.0001848528	0.0	0.01
OG0000373	1.8432913e-05	0.00018432896	0.0	0.01
OG0000326	1.8428309e-05	0.00014122693	0.0	0.02
OG0006556	1.841504e-05	0.00018415033	0.0	0.01
OG0004074	1.8384255e-05	0.0001838423	0.0	0.01
OG0005126	1.8175335e-05	0.00018175335	0.0	0.01
OG0003168	1.7996854e-05	0.00017996853	0.0	0.01
OG0004640	1.795788e-05	0.00017957865	0.0	0.01
OG0000499	1.7909368e-05	0.00017909384	0.0	0.01
OG0000555	1.7868877e-05	0.00017868876	0.0	0.01
OG0004971	1.7741102e-05	0.00017741088	0.0	0.01
OG0003763	1.7676268e-05	0.00017676264	0.0	0.01
OG0002189	1.7600232e-05	0.00017600221	0.0	0.01
OG0003375	1.7559807e-05	0.00017559802	0.0	0.01
OG0004015	1.7503577e-05	0.00017503572	0.0	0.01
OG0005122	1.745431e-05	0.00017454314	0.0	0.01
OG0009757	1.7437324e-05	0.00017437313	0.0	0.01
OG0001116	1.741421e-05	0.00012284573	0.0	0.02
OG0001683	1.7414084e-05	0.00017414085	0.0	0.01
OG0000540	1.7305085e-05	0.00017305082	0.0	0.01
OG0000340	1.7083123e-05	0.00012026333	0.0	0.02
OG0006805	1.7025834e-05	0.0001702584	0.0	0.01
OG0000907	1.697083e-05	0.00016970836	0.0	0.01
OG0000645	1.696448e-05	0.00016964496	0.0	0.01
OG0005278	1.6673815e-05	0.0001667382	0.0	0.01
OG0007916	1.6663384e-05	0.00016663372	0.0	0.01
OG0000470	1.6607684e-05	0.00016607683	0.0	0.01
OG0000682	1.6532216e-05	0.00016532213	0.0	0.01
OG0000529	1.6352484e-05	0.00016352482	0.0	0.01
OG0005835	1.6195994e-05	0.00016195998	0.0	0.01
OG0005191	1.6148559e-05	0.00016148564	0.0	0.01
OG0000004	1.6131647e-05	0.00011401386	0.0	0.02
OG0003426	1.6111722e-05	0.00016111741	0.0	0.01
OG0000867	1.5923102e-05	0.00015923096	0.0	0.01
OG0000822	1.5905029e-05	0.00015905056	0.0	0.01
OG0003293	1.5893185e-05	0.0001589319	0.0	0.01
OG0010962	1.5814017e-05	0.0001581402	0.0	0.01
OG0004339	1.5761212e-05	0.00015761232	0.0	0.01
OG0003320	1.5596486e-05	0.00015596492	0.0	0.01
OG0010602	1.5470678e-05	0.00015470704	0.0	0.01
OG0000205	1.537912e-05	0.00011821412	0.0	0.02
OG0000297	1.51880595e-05	0.000109827815	0.0	0.02
OG0006138	1.5182389e-05	0.00015182393	0.0	0.01
OG0003097	1.5139916e-05	0.00015139914	0.0	0.01
OG0002992	1.503605e-05	0.00015036049	0.0	0.01
OG0000433	1.47894e-05	0.00014789401	0.0	0.01
OG0004353	1.4789273e-05	0.00014789274	0.0	0.01
OG0000514	1.47844585e-05	0.00014784456	0.0	0.01
OG0003065	1.4655538e-05	0.00014655542	0.0	0.01
OG0004895	1.46394705e-05	0.00014639487	0.0	0.01
OG0000695	1.4617433e-05	0.00014617453	0.0	0.01
OG0005146	1.4567569e-05	0.00014567566	0.0	0.01
OG0000584	1.4490218e-05	0.00014490214	0.0	0.01
OG0010892	1.4474245e-05	0.00014474217	0.0	0.01
OG0000288	1.4416588e-05	0.00010498943	0.0	0.02
OG0000605	1.4380771e-05	0.00014380804	0.0	0.01
OG0000894	1.4375181e-05	0.00014375191	0.0	0.01
OG0000820	1.4317721e-05	0.00014317731	0.0	0.01
OG0000967	1.4240083e-05	0.0001424009	0.0	0.01
OG0002450	1.4134067e-05	0.00014134069	0.0	0.01
OG0003208	1.4017587e-05	0.00014017583	0.0	0.01
OG0004857	1.400181e-05	0.00014001799	0.0	0.01
OG0014853	1.3982425e-05	0.00013982429	0.0	0.01
OG0000683	1.39545e-05	0.0001395449	0.0	0.01
OG0000916	1.3886562e-05	0.00013886561	0.0	0.01
OG0000384	1.3765461e-05	0.00013765464	0.0	0.01
OG0001059	1.373818e-05	0.00013738174	0.0	0.01
OG0003882	1.3735416e-05	0.00013735413	0.0	0.01
OG0005700	1.3721184e-05	0.00013721183	0.0	0.01
OG0004964	1.3696495e-05	0.00013696494	0.0	0.01
OG0000787	1.3656703e-05	0.0001365671	0.0	0.01
OG0004271	1.3329395e-05	0.00013329397	0.0	0.01
OG0004458	1.3294065e-05	0.00013294071	0.0	0.01
OG0004218	1.32747755e-05	0.00013274774	0.0	0.01
OG0004660	1.32747755e-05	0.00013274774	0.0	0.01
OG0004958	1.3100044e-05	0.00013100059	0.0	0.01
OG0005254	1.303046e-05	0.00013030464	0.0	0.01
OG0004504	1.2952539e-05	0.00012952545	0.0	0.01
OG0005322	1.2910599e-05	0.00012910593	0.0	0.01
OG0005026	1.285291e-05	0.00012852906	0.0	0.01
OG0000990	1.280308e-05	0.00012803085	0.0	0.01
OG0003141	1.2797843e-05	0.00012797854	0.0	0.01
OG0013279	1.2797843e-05	0.00012797854	0.0	0.01
OG0004309	1.2777871e-05	0.00012777868	0.0	0.01
OG0000407	1.2731004e-05	0.00012731011	0.0	0.01
OG0006862	1.2660796e-05	0.00012660798	0.0	0.01
OG0000374	1.2563467e-05	0.00012563457	0.0	0.01
OG0008224	1.2544237e-05	0.00012544236	0.0	0.01
OG0006325	1.246532e-05	0.00012465326	0.0	0.01
OG0002996	1.2319014e-05	0.00012319016	0.0	0.01
OG0004591	1.2265018e-05	0.00012265015	0.0	0.01
OG0004428	1.2143448e-05	0.00012143446	0.0	0.01
OG0004438	1.210966e-05	0.00012109664	0.0	0.01
OG0000441	1.2096525e-05	0.000120965226	0.0	0.01
OG0000639	1.2089067e-05	0.00012089074	0.0	0.01
OG0008437	1.2045107e-05	0.00012045098	0.0	0.01
OG0004327	1.1881696e-05	0.00011881704	0.0	0.01
OG0003598	1.1848643e-05	0.00011848644	0.0	0.01
OG0000518	1.17609625e-05	0.000117609634	0.0	0.01
OG0001076	1.1728378e-05	0.000117283795	0.0	0.01
OG0004206	1.1716165e-05	0.000117161595	0.0	0.01
OG0000318	1.16098745e-05	0.00011609885	0.0	0.01
OG0003848	1.1555792e-05	0.00011555803	0.0	0.01
OG0006256	1.1510059e-05	0.00011510059	0.0	0.01
OG0000642	1.1460016e-05	0.00011460015	0.0	0.01
OG0005160	1.1456604e-05	0.00011456616	0.0	0.01
OG0004520	1.145447e-05	0.00011454468	0.0	0.01
OG0001507	1.1434472e-05	0.0001143447	0.0	0.01
OG0001418	1.1319773e-05	0.00011319771	0.0	0.01
OG0004871	1.1281216e-05	0.000112811984	0.0	0.01
OG0000167	1.1277665e-05	0.0001127767	0.0	0.01
OG0002888	1.1254916e-05	0.00011254909	0.0	0.01
OG0004822	1.1243545e-05	0.00011243546	0.0	0.01
OG0000388	1.1222779e-05	0.00011222782	0.0	0.01
OG0006587	1.120695e-05	0.00011206959	0.0	0.01
OG0000853	1.1111672e-05	8.004637e-05	0.0	0.02
OG0001014	1.1006444e-05	0.00011006463	0.0	0.01
OG0004629	1.09960465e-05	0.00010996058	0.0	0.01
OG0000818	1.09099665e-05	0.000109099674	0.0	0.01
OG0004876	1.0802555e-05	0.00010802533	0.0	0.01
OG0003984	1.0802348e-05	0.000108023276	0.0	0.01
OG0004961	1.0641237e-05	0.00010641236	0.0	0.01
OG0006139	1.0630505e-05	0.00010630504	0.0	0.01
OG0003900	1.0626456e-05	0.000106264466	0.0	0.01
OG0003010	1.0606126e-05	0.00010606111	0.0	0.01
OG0001226	1.0526651e-05	0.000105266605	0.0	0.01
OG0002630	1.0526651e-05	0.000105266605	0.0	0.01
OG0001372	1.0436452e-05	0.00010436451	0.0	0.01
OG0006284	1.0427421e-05	0.00010427406	0.0	0.01
OG0002990	1.0189202e-05	0.00010189193	0.0	0.01
OG0000836	1.0101538e-05	0.000101015445	0.0	0.01
OG0000422	1.0063223e-05	0.00010063234	0.0	0.01
OG0000349	9.908003e-06	9.9079865e-05	0.0	0.01
OG0003352	9.798262e-06	9.798263e-05	0.0	0.01
OG0004708	9.627581e-06	9.6275915e-05	0.0	0.01
OG0001083	9.521691e-06	9.521692e-05	0.0	0.01
OG0001191	9.460713e-06	9.4607145e-05	0.0	0.01
OG0003040	9.448156e-06	9.448148e-05	0.0	0.01
OG0000758	9.315272e-06	9.315285e-05	0.0	0.01
OG0004240	8.986765e-06	8.98677e-05	0.0	0.01
OG0000850	8.967312e-06	8.967323e-05	0.0	0.01
OG0002999	8.872163e-06	8.8721696e-05	0.0	0.01
OG0000632	8.781548e-06	8.7815584e-05	0.0	0.01
OG0004914	8.670776e-06	8.670781e-05	0.0	0.01
OG0010961	8.575162e-06	8.575162e-05	0.0	0.01
OG0003486	8.572322e-06	8.5723244e-05	0.0	0.01
OG0004623	8.520968e-06	8.520963e-05	0.0	0.01
OG0002981	8.50956e-06	8.5095606e-05	0.0	0.01
OG0003423	8.50956e-06	8.5095606e-05	0.0	0.01
OG0003290	8.353341e-06	8.353343e-05	0.0	0.01
OG0000254	8.289121e-06	8.2891216e-05	0.0	0.01
OG0003646	8.248109e-06	8.248112e-05	0.0	0.01
OG0008902	8.2475735e-06	8.247576e-05	0.0	0.01
OG0001048	8.024352e-06	8.024357e-05	0.0	0.01
OG0000799	7.994892e-06	7.994891e-05	0.0	0.01
OG0000548	7.969295e-06	7.9692945e-05	0.0	0.01
OG0009059	7.866686e-06	7.866688e-05	0.0	0.01
OG0003020	7.4995787e-06	7.499563e-05	0.0	0.01
OG0003678	7.4199365e-06	7.4199444e-05	0.0	0.01
OG0000443	7.393687e-06	7.393689e-05	0.0	0.01
OG0000282	7.38058e-06	7.380569e-05	0.0	0.01
OG0003069	7.323137e-06	7.323136e-05	0.0	0.01
OG0003301	7.3181773e-06	7.318173e-05	0.0	0.01
OG0000618	7.1583213e-06	7.158307e-05	0.0	0.01
OG0003970	7.1060563e-06	7.1060465e-05	0.0	0.01
OG0001227	7.099213e-06	7.0992246e-05	0.0	0.01
OG0000418	7.0081755e-06	7.008175e-05	0.0	0.01
OG0003658	6.942341e-06	6.942345e-05	0.0	0.01
OG0002985	6.648147e-06	6.6481465e-05	0.0	0.01
OG0005824	6.4193273e-06	6.4193286e-05	0.0	0.01
OG0003506	6.292493e-06	6.292492e-05	0.0	0.01
OG0001010	6.1408064e-06	6.140811e-05	0.0	0.01
OG0001007	5.931441e-06	5.931442e-05	0.0	0.01
OG0003183	5.1358807e-06	5.1358787e-05	0.0	0.01
OG0000247	4.987296e-06	4.9872935e-05	0.0	0.01
OG0000076	4.893894e-06	4.893893e-05	0.0	0.01
OG0000299	4.8600377e-06	4.8600363e-05	0.0	0.01
OG0001325	4.8076554e-06	4.8076512e-05	0.0	0.01
OG0000251	8.8304813e-07	8.830481e-06	0.0	0.01
OG0000010	0.0	0.0	0.0	0.0
OG0000020	0.0	0.0	0.0	0.0
OG0000026	0.0	0.0	0.0	0.0
OG0000032	0.0	0.0	0.0	0.0
OG0000040	0.0	0.0	0.0	0.0
OG0000054	0.0	0.0	0.0	0.0
OG0000055	0.0	0.0	0.0	0.0
OG0000066	0.0	0.0	0.0	0.0
OG0000074	0.0	0.0	0.0	0.0
OG0000079	0.0	0.0	0.0	0.0
OG0000080	0.0	0.0	0.0	0.0
OG0000084	0.0	0.0	0.0	0.0
OG0000087	0.0	0.0	0.0	0.0
OG0000124	0.0	0.0	0.0	0.0
OG0000139	0.0	0.0	0.0	0.0
OG0000153	0.0	0.0	0.0	0.0
OG0000161	0.0	0.0	0.0	0.0
OG0000171	0.0	0.0	0.0	0.0
OG0000193	0.0	0.0	0.0	0.0
OG0000196	0.0	0.0	0.0	0.0
OG0000210	0.0	0.0	0.0	0.0
OG0000217	0.0	0.0	0.0	0.0
OG0000220	0.0	0.0	0.0	0.0
OG0000262	0.0	0.0	0.0	0.0
OG0000271	0.0	0.0	0.0	0.0
OG0000272	0.0	0.0	0.0	0.0
OG0000277	0.0	0.0	0.0	0.0
OG0000290	0.0	0.0	0.0	0.0
OG0000293	0.0	0.0	0.0	0.0
OG0000303	0.0	0.0	0.0	0.0
OG0000312	0.0	0.0	0.0	0.0
OG0000314	0.0	0.0	0.0	0.0
OG0000315	0.0	0.0	0.0	0.0
OG0000316	0.0	0.0	0.0	0.0
OG0000321	0.0	0.0	0.0	0.0
OG0000328	0.0	0.0	0.0	0.0
OG0000332	0.0	0.0	0.0	0.0
OG0000339	0.0	0.0	0.0	0.0
OG0000341	0.0	0.0	0.0	0.0
OG0000342	0.0	0.0	0.0	0.0
OG0000345	0.0	0.0	0.0	0.0
OG0000350	0.0	0.0	0.0	0.0
OG0000357	0.0	0.0	0.0	0.0
OG0000359	0.0	0.0	0.0	0.0
OG0000361	0.0	0.0	0.0	0.0
OG0000362	0.0	0.0	0.0	0.0
OG0000366	0.0	0.0	0.0	0.0
OG0000367	0.0	0.0	0.0	0.0
OG0000381	0.0	0.0	0.0	0.0
OG0000383	0.0	0.0	0.0	0.0
OG0000387	0.0	0.0	0.0	0.0
OG0000389	0.0	0.0	0.0	0.0
OG0000398	0.0	0.0	0.0	0.0
OG0000400	0.0	0.0	0.0	0.0
OG0000403	0.0	0.0	0.0	0.0
OG0000406	0.0	0.0	0.0	0.0
OG0000409	0.0	0.0	0.0	0.0
OG0000412	0.0	0.0	0.0	0.0
OG0000414	0.0	0.0	0.0	0.0
OG0000416	0.0	0.0	0.0	0.0
OG0000421	0.0	0.0	0.0	0.0
OG0000423	0.0	0.0	0.0	0.0
OG0000427	0.0	0.0	0.0	0.0
OG0000431	0.0	0.0	0.0	0.0
OG0000435	0.0	0.0	0.0	0.0
OG0000444	0.0	0.0	0.0	0.0
OG0000452	0.0	0.0	0.0	0.0
OG0000454	0.0	0.0	0.0	0.0
OG0000459	0.0	0.0	0.0	0.0
OG0000462	0.0	0.0	0.0	0.0
OG0000463	0.0	0.0	0.0	0.0
OG0000464	0.0	0.0	0.0	0.0
OG0000469	0.0	0.0	0.0	0.0
OG0000471	0.0	0.0	0.0	0.0
OG0000472	0.0	0.0	0.0	0.0
OG0000473	0.0	0.0	0.0	0.0
OG0000474	0.0	0.0	0.0	0.0
OG0000476	0.0	0.0	0.0	0.0
OG0000484	0.0	0.0	0.0	0.0
OG0000485	0.0	0.0	0.0	0.0
OG0000487	0.0	0.0	0.0	0.0
OG0000488	0.0	0.0	0.0	0.0
OG0000491	0.0	0.0	0.0	0.0
OG0000493	0.0	0.0	0.0	0.0
OG0000502	0.0	0.0	0.0	0.0
OG0000504	0.0	0.0	0.0	0.0
OG0000505	0.0	0.0	0.0	0.0
OG0000512	0.0	0.0	0.0	0.0
OG0000517	0.0	0.0	0.0	0.0
OG0000524	0.0	0.0	0.0	0.0
OG0000527	0.0	0.0	0.0	0.0
OG0000530	0.0	0.0	0.0	0.0
OG0000534	0.0	0.0	0.0	0.0
OG0000536	0.0	0.0	0.0	0.0
OG0000547	0.0	0.0	0.0	0.0
OG0000549	0.0	0.0	0.0	0.0
OG0000550	0.0	0.0	0.0	0.0
OG0000551	0.0	0.0	0.0	0.0
OG0000553	0.0	0.0	0.0	0.0
OG0000554	0.0	0.0	0.0	0.0
OG0000558	0.0	0.0	0.0	0.0
OG0000560	0.0	0.0	0.0	0.0
OG0000562	0.0	0.0	0.0	0.0
OG0000563	0.0	0.0	0.0	0.0
OG0000564	0.0	0.0	0.0	0.0
OG0000566	0.0	0.0	0.0	0.0
OG0000568	0.0	0.0	0.0	0.0
OG0000569	0.0	0.0	0.0	0.0
OG0000571	0.0	0.0	0.0	0.0
OG0000572	0.0	0.0	0.0	0.0
OG0000574	0.0	0.0	0.0	0.0
OG0000580	0.0	0.0	0.0	0.0
OG0000582	0.0	0.0	0.0	0.0
OG0000583	0.0	0.0	0.0	0.0
OG0000587	0.0	0.0	0.0	0.0
OG0000588	0.0	0.0	0.0	0.0
OG0000590	0.0	0.0	0.0	0.0
OG0000591	0.0	0.0	0.0	0.0
OG0000592	0.0	0.0	0.0	0.0
OG0000595	0.0	0.0	0.0	0.0
OG0000596	0.0	0.0	0.0	0.0
OG0000597	0.0	0.0	0.0	0.0
OG0000600	0.0	0.0	0.0	0.0
OG0000611	0.0	0.0	0.0	0.0
OG0000612	0.0	0.0	0.0	0.0
OG0000613	0.0	0.0	0.0	0.0
OG0000619	0.0	0.0	0.0	0.0
OG0000620	0.0	0.0	0.0	0.0
OG0000625	0.0	0.0	0.0	0.0
OG0000626	0.0	0.0	0.0	0.0
OG0000627	0.0	0.0	0.0	0.0
OG0000631	0.0	0.0	0.0	0.0
OG0000633	0.0	0.0	0.0	0.0
OG0000635	0.0	0.0	0.0	0.0
OG0000640	0.0	0.0	0.0	0.0
OG0000648	0.0	0.0	0.0	0.0
OG0000653	0.0	0.0	0.0	0.0
OG0000654	0.0	0.0	0.0	0.0
OG0000661	0.0	0.0	0.0	0.0
OG0000662	0.0	0.0	0.0	0.0
OG0000663	0.0	0.0	0.0	0.0
OG0000664	0.0	0.0	0.0	0.0
OG0000665	0.0	0.0	0.0	0.0
OG0000666	0.0	0.0	0.0	0.0
OG0000667	0.0	0.0	0.0	0.0
OG0000668	0.0	0.0	0.0	0.0
OG0000669	0.0	0.0	0.0	0.0
OG0000671	0.0	0.0	0.0	0.0
OG0000672	0.0	0.0	0.0	0.0
OG0000673	0.0	0.0	0.0	0.0
OG0000674	0.0	0.0	0.0	0.0
OG0000676	0.0	0.0	0.0	0.0
OG0000685	0.0	0.0	0.0	0.0
OG0000691	0.0	0.0	0.0	0.0
OG0000693	0.0	0.0	0.0	0.0
OG0000694	0.0	0.0	0.0	0.0
OG0000697	0.0	0.0	0.0	0.0
OG0000698	0.0	0.0	0.0	0.0
OG0000699	0.0	0.0	0.0	0.0
OG0000702	0.0	0.0	0.0	0.0
OG0000703	0.0	0.0	0.0	0.0
OG0000704	0.0	0.0	0.0	0.0
OG0000705	0.0	0.0	0.0	0.0
OG0000706	0.0	0.0	0.0	0.0
OG0000707	0.0	0.0	0.0	0.0
OG0000708	0.0	0.0	0.0	0.0
OG0000710	0.0	0.0	0.0	0.0
OG0000711	0.0	0.0	0.0	0.0
OG0000713	0.0	0.0	0.0	0.0
OG0000715	0.0	0.0	0.0	0.0
OG0000717	0.0	0.0	0.0	0.0
OG0000718	0.0	0.0	0.0	0.0
OG0000719	0.0	0.0	0.0	0.0
OG0000720	0.0	0.0	0.0	0.0
OG0000721	0.0	0.0	0.0	0.0
OG0000722	0.0	0.0	0.0	0.0
OG0000723	0.0	0.0	0.0	0.0
OG0000724	0.0	0.0	0.0	0.0
OG0000729	0.0	0.0	0.0	0.0
OG0000733	0.0	0.0	0.0	0.0
OG0000735	0.0	0.0	0.0	0.0
OG0000736	0.0	0.0	0.0	0.0
OG0000737	0.0	0.0	0.0	0.0
OG0000739	0.0	0.0	0.0	0.0
OG0000741	0.0	0.0	0.0	0.0
OG0000742	0.0	0.0	0.0	0.0
OG0000745	0.0	0.0	0.0	0.0
OG0000746	0.0	0.0	0.0	0.0
OG0000749	0.0	0.0	0.0	0.0
OG0000750	0.0	0.0	0.0	0.0
OG0000751	0.0	0.0	0.0	0.0
OG0000752	0.0	0.0	0.0	0.0
OG0000753	0.0	0.0	0.0	0.0
OG0000756	0.0	0.0	0.0	0.0
OG0000759	0.0	0.0	0.0	0.0
OG0000760	0.0	0.0	0.0	0.0
OG0000762	0.0	0.0	0.0	0.0
OG0000763	0.0	0.0	0.0	0.0
OG0000766	0.0	0.0	0.0	0.0
OG0000769	0.0	0.0	0.0	0.0
OG0000771	0.0	0.0	0.0	0.0
OG0000772	0.0	0.0	0.0	0.0
OG0000773	0.0	0.0	0.0	0.0
OG0000774	0.0	0.0	0.0	0.0
OG0000775	0.0	0.0	0.0	0.0
OG0000776	0.0	0.0	0.0	0.0
OG0000777	0.0	0.0	0.0	0.0
OG0000778	0.0	0.0	0.0	0.0
OG0000780	0.0	0.0	0.0	0.0
OG0000781	0.0	0.0	0.0	0.0
OG0000782	0.0	0.0	0.0	0.0
OG0000783	0.0	0.0	0.0	0.0
OG0000784	0.0	0.0	0.0	0.0
OG0000786	0.0	0.0	0.0	0.0
OG0000789	0.0	0.0	0.0	0.0
OG0000790	0.0	0.0	0.0	0.0
OG0000791	0.0	0.0	0.0	0.0
OG0000793	0.0	0.0	0.0	0.0
OG0000794	0.0	0.0	0.0	0.0
OG0000795	0.0	0.0	0.0	0.0
OG0000797	0.0	0.0	0.0	0.0
OG0000800	0.0	0.0	0.0	0.0
OG0000801	0.0	0.0	0.0	0.0
OG0000802	0.0	0.0	0.0	0.0
OG0000806	0.0	0.0	0.0	0.0
OG0000807	0.0	0.0	0.0	0.0
OG0000809	0.0	0.0	0.0	0.0
OG0000810	0.0	0.0	0.0	0.0
OG0000811	0.0	0.0	0.0	0.0
OG0000812	0.0	0.0	0.0	0.0
OG0000813	0.0	0.0	0.0	0.0
OG0000815	0.0	0.0	0.0	0.0
OG0000816	0.0	0.0	0.0	0.0
OG0000817	0.0	0.0	0.0	0.0
OG0000821	0.0	0.0	0.0	0.0
OG0000824	0.0	0.0	0.0	0.0
OG0000826	0.0	0.0	0.0	0.0
OG0000827	0.0	0.0	0.0	0.0
OG0000828	0.0	0.0	0.0	0.0
OG0000829	0.0	0.0	0.0	0.0
OG0000831	0.0	0.0	0.0	0.0
OG0000832	0.0	0.0	0.0	0.0
OG0000833	0.0	0.0	0.0	0.0
OG0000834	0.0	0.0	0.0	0.0
OG0000837	0.0	0.0	0.0	0.0
OG0000839	0.0	0.0	0.0	0.0
OG0000844	0.0	0.0	0.0	0.0
OG0000845	0.0	0.0	0.0	0.0
OG0000846	0.0	0.0	0.0	0.0
OG0000847	0.0	0.0	0.0	0.0
OG0000848	0.0	0.0	0.0	0.0
OG0000849	0.0	0.0	0.0	0.0
OG0000851	0.0	0.0	0.0	0.0
OG0000852	0.0	0.0	0.0	0.0
OG0000856	0.0	0.0	0.0	0.0
OG0000858	0.0	0.0	0.0	0.0
OG0000859	0.0	0.0	0.0	0.0
OG0000860	0.0	0.0	0.0	0.0
OG0000861	0.0	0.0	0.0	0.0
OG0000862	0.0	0.0	0.0	0.0
OG0000863	0.0	0.0	0.0	0.0
OG0000865	0.0	0.0	0.0	0.0
OG0000866	0.0	0.0	0.0	0.0
OG0000869	0.0	0.0	0.0	0.0
OG0000871	0.0	0.0	0.0	0.0
OG0000872	0.0	0.0	0.0	0.0
OG0000873	0.0	0.0	0.0	0.0
OG0000874	0.0	0.0	0.0	0.0
OG0000875	0.0	0.0	0.0	0.0
OG0000876	0.0	0.0	0.0	0.0
OG0000877	0.0	0.0	0.0	0.0
OG0000879	0.0	0.0	0.0	0.0
OG0000881	0.0	0.0	0.0	0.0
OG0000883	0.0	0.0	0.0	0.0
OG0000884	0.0	0.0	0.0	0.0
OG0000885	0.0	0.0	0.0	0.0
OG0000886	0.0	0.0	0.0	0.0
OG0000887	0.0	0.0	0.0	0.0
OG0000889	0.0	0.0	0.0	0.0
OG0000891	0.0	0.0	0.0	0.0
OG0000893	0.0	0.0	0.0	0.0
OG0000895	0.0	0.0	0.0	0.0
OG0000896	0.0	0.0	0.0	0.0
OG0000897	0.0	0.0	0.0	0.0
OG0000898	0.0	0.0	0.0	0.0
OG0000899	0.0	0.0	0.0	0.0
OG0000902	0.0	0.0	0.0	0.0
OG0000903	0.0	0.0	0.0	0.0
OG0000904	0.0	0.0	0.0	0.0
OG0000905	0.0	0.0	0.0	0.0
OG0000908	0.0	0.0	0.0	0.0
OG0000909	0.0	0.0	0.0	0.0
OG0000910	0.0	0.0	0.0	0.0
OG0000911	0.0	0.0	0.0	0.0
OG0000912	0.0	0.0	0.0	0.0
OG0000922	0.0	0.0	0.0	0.0
OG0000923	0.0	0.0	0.0	0.0
OG0000924	0.0	0.0	0.0	0.0
OG0000925	0.0	0.0	0.0	0.0
OG0000926	0.0	0.0	0.0	0.0
OG0000927	0.0	0.0	0.0	0.0
OG0000928	0.0	0.0	0.0	0.0
OG0000930	0.0	0.0	0.0	0.0
OG0000931	0.0	0.0	0.0	0.0
OG0000932	0.0	0.0	0.0	0.0
OG0000933	0.0	0.0	0.0	0.0
OG0000934	0.0	0.0	0.0	0.0
OG0000935	0.0	0.0	0.0	0.0
OG0000936	0.0	0.0	0.0	0.0
OG0000937	0.0	0.0	0.0	0.0
OG0000938	0.0	0.0	0.0	0.0
OG0000939	0.0	0.0	0.0	0.0
OG0000941	0.0	0.0	0.0	0.0
OG0000942	0.0	0.0	0.0	0.0
OG0000944	0.0	0.0	0.0	0.0
OG0000947	0.0	0.0	0.0	0.0
OG0000948	0.0	0.0	0.0	0.0
OG0000949	0.0	0.0	0.0	0.0
OG0000951	0.0	0.0	0.0	0.0
OG0000952	0.0	0.0	0.0	0.0
OG0000953	0.0	0.0	0.0	0.0
OG0000954	0.0	0.0	0.0	0.0
OG0000955	0.0	0.0	0.0	0.0
OG0000956	0.0	0.0	0.0	0.0
OG0000957	0.0	0.0	0.0	0.0
OG0000958	0.0	0.0	0.0	0.0
OG0000959	0.0	0.0	0.0	0.0
OG0000962	0.0	0.0	0.0	0.0
OG0000963	0.0	0.0	0.0	0.0
OG0000964	0.0	0.0	0.0	0.0
OG0000965	0.0	0.0	0.0	0.0
OG0000966	0.0	0.0	0.0	0.0
OG0000968	0.0	0.0	0.0	0.0
OG0000969	0.0	0.0	0.0	0.0
OG0000971	0.0	0.0	0.0	0.0
OG0000972	0.0	0.0	0.0	0.0
OG0000973	0.0	0.0	0.0	0.0
OG0000974	0.0	0.0	0.0	0.0
OG0000976	0.0	0.0	0.0	0.0
OG0000977	0.0	0.0	0.0	0.0
OG0000978	0.0	0.0	0.0	0.0
OG0000980	0.0	0.0	0.0	0.0
OG0000982	0.0	0.0	0.0	0.0
OG0000983	0.0	0.0	0.0	0.0
OG0000984	0.0	0.0	0.0	0.0
OG0000985	0.0	0.0	0.0	0.0
OG0000986	0.0	0.0	0.0	0.0
OG0000988	0.0	0.0	0.0	0.0
OG0000991	0.0	0.0	0.0	0.0
OG0000992	0.0	0.0	0.0	0.0
OG0000996	0.0	0.0	0.0	0.0
OG0000999	0.0	0.0	0.0	0.0
OG0001000	0.0	0.0	0.0	0.0
OG0001001	0.0	0.0	0.0	0.0
OG0001002	0.0	0.0	0.0	0.0
OG0001004	0.0	0.0	0.0	0.0
OG0001006	0.0	0.0	0.0	0.0
OG0001011	0.0	0.0	0.0	0.0
OG0001012	0.0	0.0	0.0	0.0
OG0001013	0.0	0.0	0.0	0.0
OG0001016	0.0	0.0	0.0	0.0
OG0001018	0.0	0.0	0.0	0.0
OG0001019	0.0	0.0	0.0	0.0
OG0001020	0.0	0.0	0.0	0.0
OG0001021	0.0	0.0	0.0	0.0
OG0001022	0.0	0.0	0.0	0.0
OG0001023	0.0	0.0	0.0	0.0
OG0001024	0.0	0.0	0.0	0.0
OG0001025	0.0	0.0	0.0	0.0
OG0001026	0.0	0.0	0.0	0.0
OG0001027	0.0	0.0	0.0	0.0
OG0001028	0.0	0.0	0.0	0.0
OG0001029	0.0	0.0	0.0	0.0
OG0001030	0.0	0.0	0.0	0.0
OG0001032	0.0	0.0	0.0	0.0
OG0001033	0.0	0.0	0.0	0.0
OG0001034	0.0	0.0	0.0	0.0
OG0001035	0.0	0.0	0.0	0.0
OG0001037	0.0	0.0	0.0	0.0
OG0001038	0.0	0.0	0.0	0.0
OG0001039	0.0	0.0	0.0	0.0
OG0001040	0.0	0.0	0.0	0.0
OG0001041	0.0	0.0	0.0	0.0
OG0001042	0.0	0.0	0.0	0.0
OG0001043	0.0	0.0	0.0	0.0
OG0001044	0.0	0.0	0.0	0.0
OG0001045	0.0	0.0	0.0	0.0
OG0001046	0.0	0.0	0.0	0.0
OG0001047	0.0	0.0	0.0	0.0
OG0001049	0.0	0.0	0.0	0.0
OG0001052	0.0	0.0	0.0	0.0
OG0001053	0.0	0.0	0.0	0.0
OG0001057	0.0	0.0	0.0	0.0
OG0001058	0.0	0.0	0.0	0.0
OG0001061	0.0	0.0	0.0	0.0
OG0001062	0.0	0.0	0.0	0.0
OG0001064	0.0	0.0	0.0	0.0
OG0001067	0.0	0.0	0.0	0.0
OG0001068	0.0	0.0	0.0	0.0
OG0001069	0.0	0.0	0.0	0.0
OG0001072	0.0	0.0	0.0	0.0
OG0001074	0.0	0.0	0.0	0.0
OG0001075	0.0	0.0	0.0	0.0
OG0001077	0.0	0.0	0.0	0.0
OG0001078	0.0	0.0	0.0	0.0
OG0001079	0.0	0.0	0.0	0.0
OG0001080	0.0	0.0	0.0	0.0
OG0001081	0.0	0.0	0.0	0.0
OG0001082	0.0	0.0	0.0	0.0
OG0001084	0.0	0.0	0.0	0.0
OG0001085	0.0	0.0	0.0	0.0
OG0001086	0.0	0.0	0.0	0.0
OG0001087	0.0	0.0	0.0	0.0
OG0001090	0.0	0.0	0.0	0.0
OG0001091	0.0	0.0	0.0	0.0
OG0001092	0.0	0.0	0.0	0.0
OG0001093	0.0	0.0	0.0	0.0
OG0001094	0.0	0.0	0.0	0.0
OG0001095	0.0	0.0	0.0	0.0
OG0001096	0.0	0.0	0.0	0.0
OG0001097	0.0	0.0	0.0	0.0
OG0001098	0.0	0.0	0.0	0.0
OG0001099	0.0	0.0	0.0	0.0
OG0001100	0.0	0.0	0.0	0.0
OG0001101	0.0	0.0	0.0	0.0
OG0001102	0.0	0.0	0.0	0.0
OG0001103	0.0	0.0	0.0	0.0
OG0001104	0.0	0.0	0.0	0.0
OG0001106	0.0	0.0	0.0	0.0
OG0001107	0.0	0.0	0.0	0.0
OG0001108	0.0	0.0	0.0	0.0
OG0001110	0.0	0.0	0.0	0.0
OG0001111	0.0	0.0	0.0	0.0
OG0001112	0.0	0.0	0.0	0.0
OG0001113	0.0	0.0	0.0	0.0
OG0001114	0.0	0.0	0.0	0.0
OG0001115	0.0	0.0	0.0	0.0
OG0001117	0.0	0.0	0.0	0.0
OG0001118	0.0	0.0	0.0	0.0
OG0001119	0.0	0.0	0.0	0.0
OG0001121	0.0	0.0	0.0	0.0
OG0001122	0.0	0.0	0.0	0.0
OG0001123	0.0	0.0	0.0	0.0
OG0001124	0.0	0.0	0.0	0.0
OG0001125	0.0	0.0	0.0	0.0
OG0001126	0.0	0.0	0.0	0.0
OG0001127	0.0	0.0	0.0	0.0
OG0001128	0.0	0.0	0.0	0.0
OG0001129	0.0	0.0	0.0	0.0
OG0001130	0.0	0.0	0.0	0.0
OG0001132	0.0	0.0	0.0	0.0
OG0001133	0.0	0.0	0.0	0.0
OG0001134	0.0	0.0	0.0	0.0
OG0001135	0.0	0.0	0.0	0.0
OG0001136	0.0	0.0	0.0	0.0
OG0001137	0.0	0.0	0.0	0.0
OG0001138	0.0	0.0	0.0	0.0
OG0001139	0.0	0.0	0.0	0.0
OG0001140	0.0	0.0	0.0	0.0
OG0001142	0.0	0.0	0.0	0.0
OG0001143	0.0	0.0	0.0	0.0
OG0001144	0.0	0.0	0.0	0.0
OG0001146	0.0	0.0	0.0	0.0
OG0001147	0.0	0.0	0.0	0.0
OG0001148	0.0	0.0	0.0	0.0
OG0001149	0.0	0.0	0.0	0.0
OG0001150	0.0	0.0	0.0	0.0
OG0001153	0.0	0.0	0.0	0.0
OG0001154	0.0	0.0	0.0	0.0
OG0001155	0.0	0.0	0.0	0.0
OG0001159	0.0	0.0	0.0	0.0
OG0001161	0.0	0.0	0.0	0.0
OG0001162	0.0	0.0	0.0	0.0
OG0001163	0.0	0.0	0.0	0.0
OG0001164	0.0	0.0	0.0	0.0
OG0001165	0.0	0.0	0.0	0.0
OG0001166	0.0	0.0	0.0	0.0
OG0001167	0.0	0.0	0.0	0.0
OG0001168	0.0	0.0	0.0	0.0
OG0001169	0.0	0.0	0.0	0.0
OG0001170	0.0	0.0	0.0	0.0
OG0001171	0.0	0.0	0.0	0.0
OG0001172	0.0	0.0	0.0	0.0
OG0001173	0.0	0.0	0.0	0.0
OG0001174	0.0	0.0	0.0	0.0
OG0001175	0.0	0.0	0.0	0.0
OG0001176	0.0	0.0	0.0	0.0
OG0001177	0.0	0.0	0.0	0.0
OG0001178	0.0	0.0	0.0	0.0
OG0001180	0.0	0.0	0.0	0.0
OG0001181	0.0	0.0	0.0	0.0
OG0001182	0.0	0.0	0.0	0.0
OG0001183	0.0	0.0	0.0	0.0
OG0001184	0.0	0.0	0.0	0.0
OG0001185	0.0	0.0	0.0	0.0
OG0001186	0.0	0.0	0.0	0.0
OG0001187	0.0	0.0	0.0	0.0
OG0001188	0.0	0.0	0.0	0.0
OG0001189	0.0	0.0	0.0	0.0
OG0001190	0.0	0.0	0.0	0.0
OG0001192	0.0	0.0	0.0	0.0
OG0001193	0.0	0.0	0.0	0.0
OG0001194	0.0	0.0	0.0	0.0
OG0001196	0.0	0.0	0.0	0.0
OG0001197	0.0	0.0	0.0	0.0
OG0001198	0.0	0.0	0.0	0.0
OG0001199	0.0	0.0	0.0	0.0
OG0001200	0.0	0.0	0.0	0.0
OG0001201	0.0	0.0	0.0	0.0
OG0001202	0.0	0.0	0.0	0.0
OG0001203	0.0	0.0	0.0	0.0
OG0001204	0.0	0.0	0.0	0.0
OG0001205	0.0	0.0	0.0	0.0
OG0001206	0.0	0.0	0.0	0.0
OG0001207	0.0	0.0	0.0	0.0
OG0001208	0.0	0.0	0.0	0.0
OG0001209	0.0	0.0	0.0	0.0
OG0001210	0.0	0.0	0.0	0.0
OG0001211	0.0	0.0	0.0	0.0
OG0001212	0.0	0.0	0.0	0.0
OG0001213	0.0	0.0	0.0	0.0
OG0001214	0.0	0.0	0.0	0.0
OG0001215	0.0	0.0	0.0	0.0
OG0001216	0.0	0.0	0.0	0.0
OG0001217	0.0	0.0	0.0	0.0
OG0001218	0.0	0.0	0.0	0.0
OG0001220	0.0	0.0	0.0	0.0
OG0001221	0.0	0.0	0.0	0.0
OG0001222	0.0	0.0	0.0	0.0
OG0001223	0.0	0.0	0.0	0.0
OG0001224	0.0	0.0	0.0	0.0
OG0001225	0.0	0.0	0.0	0.0
OG0001228	0.0	0.0	0.0	0.0
OG0001229	0.0	0.0	0.0	0.0
OG0001230	0.0	0.0	0.0	0.0
OG0001231	0.0	0.0	0.0	0.0
OG0001232	0.0	0.0	0.0	0.0
OG0001233	0.0	0.0	0.0	0.0
OG0001234	0.0	0.0	0.0	0.0
OG0001235	0.0	0.0	0.0	0.0
OG0001236	0.0	0.0	0.0	0.0
OG0001238	0.0	0.0	0.0	0.0
OG0001239	0.0	0.0	0.0	0.0
OG0001241	0.0	0.0	0.0	0.0
OG0001242	0.0	0.0	0.0	0.0
OG0001243	0.0	0.0	0.0	0.0
OG0001244	0.0	0.0	0.0	0.0
OG0001245	0.0	0.0	0.0	0.0
OG0001246	0.0	0.0	0.0	0.0
OG0001247	0.0	0.0	0.0	0.0
OG0001248	0.0	0.0	0.0	0.0
OG0001249	0.0	0.0	0.0	0.0
OG0001250	0.0	0.0	0.0	0.0
OG0001251	0.0	0.0	0.0	0.0
OG0001252	0.0	0.0	0.0	0.0
OG0001253	0.0	0.0	0.0	0.0
OG0001254	0.0	0.0	0.0	0.0
OG0001255	0.0	0.0	0.0	0.0
OG0001260	0.0	0.0	0.0	0.0
OG0001261	0.0	0.0	0.0	0.0
OG0001262	0.0	0.0	0.0	0.0
OG0001263	0.0	0.0	0.0	0.0
OG0001264	0.0	0.0	0.0	0.0
OG0001265	0.0	0.0	0.0	0.0
OG0001266	0.0	0.0	0.0	0.0
OG0001269	0.0	0.0	0.0	0.0
OG0001270	0.0	0.0	0.0	0.0
OG0001271	0.0	0.0	0.0	0.0
OG0001276	0.0	0.0	0.0	0.0
OG0001277	0.0	0.0	0.0	0.0
OG0001278	0.0	0.0	0.0	0.0
OG0001279	0.0	0.0	0.0	0.0
OG0001280	0.0	0.0	0.0	0.0
OG0001281	0.0	0.0	0.0	0.0
OG0001282	0.0	0.0	0.0	0.0
OG0001286	0.0	0.0	0.0	0.0
OG0001287	0.0	0.0	0.0	0.0
OG0001288	0.0	0.0	0.0	0.0
OG0001289	0.0	0.0	0.0	0.0
OG0001290	0.0	0.0	0.0	0.0
OG0001291	0.0	0.0	0.0	0.0
OG0001292	0.0	0.0	0.0	0.0
OG0001293	0.0	0.0	0.0	0.0
OG0001294	0.0	0.0	0.0	0.0
OG0001295	0.0	0.0	0.0	0.0
OG0001296	0.0	0.0	0.0	0.0
OG0001297	0.0	0.0	0.0	0.0
OG0001299	0.0	0.0	0.0	0.0
OG0001301	0.0	0.0	0.0	0.0
OG0001302	0.0	0.0	0.0	0.0
OG0001303	0.0	0.0	0.0	0.0
OG0001304	0.0	0.0	0.0	0.0
OG0001305	0.0	0.0	0.0	0.0
OG0001306	0.0	0.0	0.0	0.0
OG0001307	0.0	0.0	0.0	0.0
OG0001308	0.0	0.0	0.0	0.0
OG0001309	0.0	0.0	0.0	0.0
OG0001311	0.0	0.0	0.0	0.0
OG0001312	0.0	0.0	0.0	0.0
OG0001313	0.0	0.0	0.0	0.0
OG0001314	0.0	0.0	0.0	0.0
OG0001315	0.0	0.0	0.0	0.0
OG0001316	0.0	0.0	0.0	0.0
OG0001317	0.0	0.0	0.0	0.0
OG0001318	0.0	0.0	0.0	0.0
OG0001319	0.0	0.0	0.0	0.0
OG0001320	0.0	0.0	0.0	0.0
OG0001321	0.0	0.0	0.0	0.0
OG0001322	0.0	0.0	0.0	0.0
OG0001323	0.0	0.0	0.0	0.0
OG0001324	0.0	0.0	0.0	0.0
OG0001326	0.0	0.0	0.0	0.0
OG0001327	0.0	0.0	0.0	0.0
OG0001328	0.0	0.0	0.0	0.0
OG0001329	0.0	0.0	0.0	0.0
OG0001330	0.0	0.0	0.0	0.0
OG0001331	0.0	0.0	0.0	0.0
OG0001332	0.0	0.0	0.0	0.0
OG0001333	0.0	0.0	0.0	0.0
OG0001334	0.0	0.0	0.0	0.0
OG0001335	0.0	0.0	0.0	0.0
OG0001336	0.0	0.0	0.0	0.0
OG0001337	0.0	0.0	0.0	0.0
OG0001338	0.0	0.0	0.0	0.0
OG0001339	0.0	0.0	0.0	0.0
OG0001340	0.0	0.0	0.0	0.0
OG0001341	0.0	0.0	0.0	0.0
OG0001342	0.0	0.0	0.0	0.0
OG0001343	0.0	0.0	0.0	0.0
OG0001344	0.0	0.0	0.0	0.0
OG0001345	0.0	0.0	0.0	0.0
OG0001346	0.0	0.0	0.0	0.0
OG0001347	0.0	0.0	0.0	0.0
OG0001348	0.0	0.0	0.0	0.0
OG0001350	0.0	0.0	0.0	0.0
OG0001351	0.0	0.0	0.0	0.0
OG0001352	0.0	0.0	0.0	0.0
OG0001353	0.0	0.0	0.0	0.0
OG0001354	0.0	0.0	0.0	0.0
OG0001355	0.0	0.0	0.0	0.0
OG0001356	0.0	0.0	0.0	0.0
OG0001357	0.0	0.0	0.0	0.0
OG0001358	0.0	0.0	0.0	0.0
OG0001359	0.0	0.0	0.0	0.0
OG0001360	0.0	0.0	0.0	0.0
OG0001361	0.0	0.0	0.0	0.0
OG0001362	0.0	0.0	0.0	0.0
OG0001363	0.0	0.0	0.0	0.0
OG0001364	0.0	0.0	0.0	0.0
OG0001365	0.0	0.0	0.0	0.0
OG0001366	0.0	0.0	0.0	0.0
OG0001367	0.0	0.0	0.0	0.0
OG0001368	0.0	0.0	0.0	0.0
OG0001369	0.0	0.0	0.0	0.0
OG0001370	0.0	0.0	0.0	0.0
OG0001371	0.0	0.0	0.0	0.0
OG0001373	0.0	0.0	0.0	0.0
OG0001374	0.0	0.0	0.0	0.0
OG0001375	0.0	0.0	0.0	0.0
OG0001376	0.0	0.0	0.0	0.0
OG0001377	0.0	0.0	0.0	0.0
OG0001378	0.0	0.0	0.0	0.0
OG0001379	0.0	0.0	0.0	0.0
OG0001380	0.0	0.0	0.0	0.0
OG0001381	0.0	0.0	0.0	0.0
OG0001382	0.0	0.0	0.0	0.0
OG0001383	0.0	0.0	0.0	0.0
OG0001384	0.0	0.0	0.0	0.0
OG0001385	0.0	0.0	0.0	0.0
OG0001387	0.0	0.0	0.0	0.0
OG0001389	0.0	0.0	0.0	0.0
OG0001390	0.0	0.0	0.0	0.0
OG0001391	0.0	0.0	0.0	0.0
OG0001392	0.0	0.0	0.0	0.0
OG0001393	0.0	0.0	0.0	0.0
OG0001394	0.0	0.0	0.0	0.0
OG0001395	0.0	0.0	0.0	0.0
OG0001396	0.0	0.0	0.0	0.0
OG0001397	0.0	0.0	0.0	0.0
OG0001398	0.0	0.0	0.0	0.0
OG0001400	0.0	0.0	0.0	0.0
OG0001401	0.0	0.0	0.0	0.0
OG0001402	0.0	0.0	0.0	0.0
OG0001403	0.0	0.0	0.0	0.0
OG0001404	0.0	0.0	0.0	0.0
OG0001405	0.0	0.0	0.0	0.0
OG0001406	0.0	0.0	0.0	0.0
OG0001407	0.0	0.0	0.0	0.0
OG0001408	0.0	0.0	0.0	0.0
OG0001411	0.0	0.0	0.0	0.0
OG0001412	0.0	0.0	0.0	0.0
OG0001413	0.0	0.0	0.0	0.0
OG0001414	0.0	0.0	0.0	0.0
OG0001415	0.0	0.0	0.0	0.0
OG0001416	0.0	0.0	0.0	0.0
OG0001417	0.0	0.0	0.0	0.0
OG0001419	0.0	0.0	0.0	0.0
OG0001420	0.0	0.0	0.0	0.0
OG0001421	0.0	0.0	0.0	0.0
OG0001422	0.0	0.0	0.0	0.0
OG0001423	0.0	0.0	0.0	0.0
OG0001424	0.0	0.0	0.0	0.0
OG0001425	0.0	0.0	0.0	0.0
OG0001426	0.0	0.0	0.0	0.0
OG0001427	0.0	0.0	0.0	0.0
OG0001428	0.0	0.0	0.0	0.0
OG0001429	0.0	0.0	0.0	0.0
OG0001430	0.0	0.0	0.0	0.0
OG0001431	0.0	0.0	0.0	0.0
OG0001432	0.0	0.0	0.0	0.0
OG0001434	0.0	0.0	0.0	0.0
OG0001435	0.0	0.0	0.0	0.0
OG0001436	0.0	0.0	0.0	0.0
OG0001437	0.0	0.0	0.0	0.0
OG0001438	0.0	0.0	0.0	0.0
OG0001439	0.0	0.0	0.0	0.0
OG0001440	0.0	0.0	0.0	0.0
OG0001441	0.0	0.0	0.0	0.0
OG0001442	0.0	0.0	0.0	0.0
OG0001443	0.0	0.0	0.0	0.0
OG0001444	0.0	0.0	0.0	0.0
OG0001445	0.0	0.0	0.0	0.0
OG0001446	0.0	0.0	0.0	0.0
OG0001447	0.0	0.0	0.0	0.0
OG0001448	0.0	0.0	0.0	0.0
OG0001449	0.0	0.0	0.0	0.0
OG0001450	0.0	0.0	0.0	0.0
OG0001451	0.0	0.0	0.0	0.0
OG0001452	0.0	0.0	0.0	0.0
OG0001453	0.0	0.0	0.0	0.0
OG0001454	0.0	0.0	0.0	0.0
OG0001455	0.0	0.0	0.0	0.0
OG0001456	0.0	0.0	0.0	0.0
OG0001457	0.0	0.0	0.0	0.0
OG0001458	0.0	0.0	0.0	0.0
OG0001459	0.0	0.0	0.0	0.0
OG0001462	0.0	0.0	0.0	0.0
OG0001463	0.0	0.0	0.0	0.0
OG0001465	0.0	0.0	0.0	0.0
OG0001466	0.0	0.0	0.0	0.0
OG0001467	0.0	0.0	0.0	0.0
OG0001468	0.0	0.0	0.0	0.0
OG0001469	0.0	0.0	0.0	0.0
OG0001470	0.0	0.0	0.0	0.0
OG0001471	0.0	0.0	0.0	0.0
OG0001472	0.0	0.0	0.0	0.0
OG0001473	0.0	0.0	0.0	0.0
OG0001474	0.0	0.0	0.0	0.0
OG0001475	0.0	0.0	0.0	0.0
OG0001478	0.0	0.0	0.0	0.0
OG0001479	0.0	0.0	0.0	0.0
OG0001480	0.0	0.0	0.0	0.0
OG0001482	0.0	0.0	0.0	0.0
OG0001484	0.0	0.0	0.0	0.0
OG0001485	0.0	0.0	0.0	0.0
OG0001486	0.0	0.0	0.0	0.0
OG0001487	0.0	0.0	0.0	0.0
OG0001488	0.0	0.0	0.0	0.0
OG0001490	0.0	0.0	0.0	0.0
OG0001491	0.0	0.0	0.0	0.0
OG0001493	0.0	0.0	0.0	0.0
OG0001494	0.0	0.0	0.0	0.0
OG0001495	0.0	0.0	0.0	0.0
OG0001496	0.0	0.0	0.0	0.0
OG0001497	0.0	0.0	0.0	0.0
OG0001498	0.0	0.0	0.0	0.0
OG0001499	0.0	0.0	0.0	0.0
OG0001501	0.0	0.0	0.0	0.0
OG0001502	0.0	0.0	0.0	0.0
OG0001503	0.0	0.0	0.0	0.0
OG0001504	0.0	0.0	0.0	0.0
OG0001505	0.0	0.0	0.0	0.0
OG0001506	0.0	0.0	0.0	0.0
OG0001508	0.0	0.0	0.0	0.0
OG0001509	0.0	0.0	0.0	0.0
OG0001510	0.0	0.0	0.0	0.0
OG0001511	0.0	0.0	0.0	0.0
OG0001512	0.0	0.0	0.0	0.0
OG0001513	0.0	0.0	0.0	0.0
OG0001514	0.0	0.0	0.0	0.0
OG0001515	0.0	0.0	0.0	0.0
OG0001516	0.0	0.0	0.0	0.0
OG0001517	0.0	0.0	0.0	0.0
OG0001518	0.0	0.0	0.0	0.0
OG0001519	0.0	0.0	0.0	0.0
OG0001520	0.0	0.0	0.0	0.0
OG0001521	0.0	0.0	0.0	0.0
OG0001522	0.0	0.0	0.0	0.0
OG0001523	0.0	0.0	0.0	0.0
OG0001524	0.0	0.0	0.0	0.0
OG0001525	0.0	0.0	0.0	0.0
OG0001526	0.0	0.0	0.0	0.0
OG0001527	0.0	0.0	0.0	0.0
OG0001528	0.0	0.0	0.0	0.0
OG0001529	0.0	0.0	0.0	0.0
OG0001530	0.0	0.0	0.0	0.0
OG0001531	0.0	0.0	0.0	0.0
OG0001532	0.0	0.0	0.0	0.0
OG0001535	0.0	0.0	0.0	0.0
OG0001536	0.0	0.0	0.0	0.0
OG0001537	0.0	0.0	0.0	0.0
OG0001538	0.0	0.0	0.0	0.0
OG0001539	0.0	0.0	0.0	0.0
OG0001541	0.0	0.0	0.0	0.0
OG0001542	0.0	0.0	0.0	0.0
OG0001544	0.0	0.0	0.0	0.0
OG0001545	0.0	0.0	0.0	0.0
OG0001547	0.0	0.0	0.0	0.0
OG0001548	0.0	0.0	0.0	0.0
OG0001549	0.0	0.0	0.0	0.0
OG0001550	0.0	0.0	0.0	0.0
OG0001551	0.0	0.0	0.0	0.0
OG0001552	0.0	0.0	0.0	0.0
OG0001553	0.0	0.0	0.0	0.0
OG0001554	0.0	0.0	0.0	0.0
OG0001555	0.0	0.0	0.0	0.0
OG0001556	0.0	0.0	0.0	0.0
OG0001557	0.0	0.0	0.0	0.0
OG0001559	0.0	0.0	0.0	0.0
OG0001560	0.0	0.0	0.0	0.0
OG0001561	0.0	0.0	0.0	0.0
OG0001563	0.0	0.0	0.0	0.0
OG0001564	0.0	0.0	0.0	0.0
OG0001565	0.0	0.0	0.0	0.0
OG0001566	0.0	0.0	0.0	0.0
OG0001567	0.0	0.0	0.0	0.0
OG0001568	0.0	0.0	0.0	0.0
OG0001569	0.0	0.0	0.0	0.0
OG0001571	0.0	0.0	0.0	0.0
OG0001572	0.0	0.0	0.0	0.0
OG0001573	0.0	0.0	0.0	0.0
OG0001574	0.0	0.0	0.0	0.0
OG0001575	0.0	0.0	0.0	0.0
OG0001576	0.0	0.0	0.0	0.0
OG0001577	0.0	0.0	0.0	0.0
OG0001578	0.0	0.0	0.0	0.0
OG0001579	0.0	0.0	0.0	0.0
OG0001580	0.0	0.0	0.0	0.0
OG0001581	0.0	0.0	0.0	0.0
OG0001582	0.0	0.0	0.0	0.0
OG0001583	0.0	0.0	0.0	0.0
OG0001584	0.0	0.0	0.0	0.0
OG0001585	0.0	0.0	0.0	0.0
OG0001586	0.0	0.0	0.0	0.0
OG0001587	0.0	0.0	0.0	0.0
OG0001588	0.0	0.0	0.0	0.0
OG0001589	0.0	0.0	0.0	0.0
OG0001590	0.0	0.0	0.0	0.0
OG0001591	0.0	0.0	0.0	0.0
OG0001593	0.0	0.0	0.0	0.0
OG0001594	0.0	0.0	0.0	0.0
OG0001595	0.0	0.0	0.0	0.0
OG0001596	0.0	0.0	0.0	0.0
OG0001597	0.0	0.0	0.0	0.0
OG0001598	0.0	0.0	0.0	0.0
OG0001599	0.0	0.0	0.0	0.0
OG0001600	0.0	0.0	0.0	0.0
OG0001601	0.0	0.0	0.0	0.0
OG0001602	0.0	0.0	0.0	0.0
OG0001603	0.0	0.0	0.0	0.0
OG0001604	0.0	0.0	0.0	0.0
OG0001605	0.0	0.0	0.0	0.0
OG0001606	0.0	0.0	0.0	0.0
OG0001607	0.0	0.0	0.0	0.0
OG0001608	0.0	0.0	0.0	0.0
OG0001609	0.0	0.0	0.0	0.0
OG0001610	0.0	0.0	0.0	0.0
OG0001611	0.0	0.0	0.0	0.0
OG0001612	0.0	0.0	0.0	0.0
OG0001614	0.0	0.0	0.0	0.0
OG0001615	0.0	0.0	0.0	0.0
OG0001616	0.0	0.0	0.0	0.0
OG0001617	0.0	0.0	0.0	0.0
OG0001618	0.0	0.0	0.0	0.0
OG0001619	0.0	0.0	0.0	0.0
OG0001620	0.0	0.0	0.0	0.0
OG0001621	0.0	0.0	0.0	0.0
OG0001622	0.0	0.0	0.0	0.0
OG0001623	0.0	0.0	0.0	0.0
OG0001624	0.0	0.0	0.0	0.0
OG0001625	0.0	0.0	0.0	0.0
OG0001626	0.0	0.0	0.0	0.0
OG0001627	0.0	0.0	0.0	0.0
OG0001628	0.0	0.0	0.0	0.0
OG0001629	0.0	0.0	0.0	0.0
OG0001630	0.0	0.0	0.0	0.0
OG0001631	0.0	0.0	0.0	0.0
OG0001632	0.0	0.0	0.0	0.0
OG0001633	0.0	0.0	0.0	0.0
OG0001634	0.0	0.0	0.0	0.0
OG0001635	0.0	0.0	0.0	0.0
OG0001636	0.0	0.0	0.0	0.0
OG0001637	0.0	0.0	0.0	0.0
OG0001638	0.0	0.0	0.0	0.0
OG0001639	0.0	0.0	0.0	0.0
OG0001640	0.0	0.0	0.0	0.0
OG0001641	0.0	0.0	0.0	0.0
OG0001642	0.0	0.0	0.0	0.0
OG0001643	0.0	0.0	0.0	0.0
OG0001644	0.0	0.0	0.0	0.0
OG0001645	0.0	0.0	0.0	0.0
OG0001646	0.0	0.0	0.0	0.0
OG0001647	0.0	0.0	0.0	0.0
OG0001648	0.0	0.0	0.0	0.0
OG0001649	0.0	0.0	0.0	0.0
OG0001651	0.0	0.0	0.0	0.0
OG0001652	0.0	0.0	0.0	0.0
OG0001653	0.0	0.0	0.0	0.0
OG0001654	0.0	0.0	0.0	0.0
OG0001655	0.0	0.0	0.0	0.0
OG0001656	0.0	0.0	0.0	0.0
OG0001657	0.0	0.0	0.0	0.0
OG0001658	0.0	0.0	0.0	0.0
OG0001659	0.0	0.0	0.0	0.0
OG0001660	0.0	0.0	0.0	0.0
OG0001661	0.0	0.0	0.0	0.0
OG0001662	0.0	0.0	0.0	0.0
OG0001663	0.0	0.0	0.0	0.0
OG0001665	0.0	0.0	0.0	0.0
OG0001666	0.0	0.0	0.0	0.0
OG0001667	0.0	0.0	0.0	0.0
OG0001668	0.0	0.0	0.0	0.0
OG0001669	0.0	0.0	0.0	0.0
OG0001670	0.0	0.0	0.0	0.0
OG0001671	0.0	0.0	0.0	0.0
OG0001672	0.0	0.0	0.0	0.0
OG0001673	0.0	0.0	0.0	0.0
OG0001674	0.0	0.0	0.0	0.0
OG0001675	0.0	0.0	0.0	0.0
OG0001676	0.0	0.0	0.0	0.0
OG0001677	0.0	0.0	0.0	0.0
OG0001678	0.0	0.0	0.0	0.0
OG0001679	0.0	0.0	0.0	0.0
OG0001680	0.0	0.0	0.0	0.0
OG0001681	0.0	0.0	0.0	0.0
OG0001682	0.0	0.0	0.0	0.0
OG0001684	0.0	0.0	0.0	0.0
OG0001685	0.0	0.0	0.0	0.0
OG0001686	0.0	0.0	0.0	0.0
OG0001687	0.0	0.0	0.0	0.0
OG0001688	0.0	0.0	0.0	0.0
OG0001689	0.0	0.0	0.0	0.0
OG0001690	0.0	0.0	0.0	0.0
OG0001691	0.0	0.0	0.0	0.0
OG0001692	0.0	0.0	0.0	0.0
OG0001693	0.0	0.0	0.0	0.0
OG0001694	0.0	0.0	0.0	0.0
OG0001695	0.0	0.0	0.0	0.0
OG0001696	0.0	0.0	0.0	0.0
OG0001697	0.0	0.0	0.0	0.0
OG0001698	0.0	0.0	0.0	0.0
OG0001699	0.0	0.0	0.0	0.0
OG0001700	0.0	0.0	0.0	0.0
OG0001702	0.0	0.0	0.0	0.0
OG0001703	0.0	0.0	0.0	0.0
OG0001704	0.0	0.0	0.0	0.0
OG0001705	0.0	0.0	0.0	0.0
OG0001706	0.0	0.0	0.0	0.0
OG0001707	0.0	0.0	0.0	0.0
OG0001708	0.0	0.0	0.0	0.0
OG0001709	0.0	0.0	0.0	0.0
OG0001710	0.0	0.0	0.0	0.0
OG0001711	0.0	0.0	0.0	0.0
OG0001712	0.0	0.0	0.0	0.0
OG0001713	0.0	0.0	0.0	0.0
OG0001714	0.0	0.0	0.0	0.0
OG0001715	0.0	0.0	0.0	0.0
OG0001716	0.0	0.0	0.0	0.0
OG0001717	0.0	0.0	0.0	0.0
OG0001718	0.0	0.0	0.0	0.0
OG0001719	0.0	0.0	0.0	0.0
OG0001720	0.0	0.0	0.0	0.0
OG0001721	0.0	0.0	0.0	0.0
OG0001722	0.0	0.0	0.0	0.0
OG0001723	0.0	0.0	0.0	0.0
OG0001724	0.0	0.0	0.0	0.0
OG0001725	0.0	0.0	0.0	0.0
OG0001726	0.0	0.0	0.0	0.0
OG0001727	0.0	0.0	0.0	0.0
OG0001728	0.0	0.0	0.0	0.0
OG0001729	0.0	0.0	0.0	0.0
OG0001730	0.0	0.0	0.0	0.0
OG0001731	0.0	0.0	0.0	0.0
OG0001732	0.0	0.0	0.0	0.0
OG0001733	0.0	0.0	0.0	0.0
OG0001734	0.0	0.0	0.0	0.0
OG0001735	0.0	0.0	0.0	0.0
OG0001736	0.0	0.0	0.0	0.0
OG0001737	0.0	0.0	0.0	0.0
OG0001738	0.0	0.0	0.0	0.0
OG0001739	0.0	0.0	0.0	0.0
OG0001740	0.0	0.0	0.0	0.0
OG0001741	0.0	0.0	0.0	0.0
OG0001744	0.0	0.0	0.0	0.0
OG0001745	0.0	0.0	0.0	0.0
OG0001746	0.0	0.0	0.0	0.0
OG0001747	0.0	0.0	0.0	0.0
OG0001748	0.0	0.0	0.0	0.0
OG0001749	0.0	0.0	0.0	0.0
OG0001750	0.0	0.0	0.0	0.0
OG0001751	0.0	0.0	0.0	0.0
OG0001752	0.0	0.0	0.0	0.0
OG0001753	0.0	0.0	0.0	0.0
OG0001754	0.0	0.0	0.0	0.0
OG0001755	0.0	0.0	0.0	0.0
OG0001756	0.0	0.0	0.0	0.0
OG0001757	0.0	0.0	0.0	0.0
OG0001758	0.0	0.0	0.0	0.0
OG0001760	0.0	0.0	0.0	0.0
OG0001761	0.0	0.0	0.0	0.0
OG0001762	0.0	0.0	0.0	0.0
OG0001763	0.0	0.0	0.0	0.0
OG0001764	0.0	0.0	0.0	0.0
OG0001765	0.0	0.0	0.0	0.0
OG0001766	0.0	0.0	0.0	0.0
OG0001768	0.0	0.0	0.0	0.0
OG0001769	0.0	0.0	0.0	0.0
OG0001770	0.0	0.0	0.0	0.0
OG0001771	0.0	0.0	0.0	0.0
OG0001772	0.0	0.0	0.0	0.0
OG0001773	0.0	0.0	0.0	0.0
OG0001774	0.0	0.0	0.0	0.0
OG0001775	0.0	0.0	0.0	0.0
OG0001776	0.0	0.0	0.0	0.0
OG0001777	0.0	0.0	0.0	0.0
OG0001778	0.0	0.0	0.0	0.0
OG0001779	0.0	0.0	0.0	0.0
OG0001780	0.0	0.0	0.0	0.0
OG0001781	0.0	0.0	0.0	0.0
OG0001782	0.0	0.0	0.0	0.0
OG0001783	0.0	0.0	0.0	0.0
OG0001784	0.0	0.0	0.0	0.0
OG0001785	0.0	0.0	0.0	0.0
OG0001786	0.0	0.0	0.0	0.0
OG0001787	0.0	0.0	0.0	0.0
OG0001788	0.0	0.0	0.0	0.0
OG0001789	0.0	0.0	0.0	0.0
OG0001790	0.0	0.0	0.0	0.0
OG0001792	0.0	0.0	0.0	0.0
OG0001793	0.0	0.0	0.0	0.0
OG0001794	0.0	0.0	0.0	0.0
OG0001795	0.0	0.0	0.0	0.0
OG0001796	0.0	0.0	0.0	0.0
OG0001797	0.0	0.0	0.0	0.0
OG0001798	0.0	0.0	0.0	0.0
OG0001799	0.0	0.0	0.0	0.0
OG0001800	0.0	0.0	0.0	0.0
OG0001801	0.0	0.0	0.0	0.0
OG0001802	0.0	0.0	0.0	0.0
OG0001803	0.0	0.0	0.0	0.0
OG0001804	0.0	0.0	0.0	0.0
OG0001805	0.0	0.0	0.0	0.0
OG0001806	0.0	0.0	0.0	0.0
OG0001808	0.0	0.0	0.0	0.0
OG0001809	0.0	0.0	0.0	0.0
OG0001810	0.0	0.0	0.0	0.0
OG0001811	0.0	0.0	0.0	0.0
OG0001812	0.0	0.0	0.0	0.0
OG0001813	0.0	0.0	0.0	0.0
OG0001814	0.0	0.0	0.0	0.0
OG0001815	0.0	0.0	0.0	0.0
OG0001816	0.0	0.0	0.0	0.0
OG0001817	0.0	0.0	0.0	0.0
OG0001818	0.0	0.0	0.0	0.0
OG0001819	0.0	0.0	0.0	0.0
OG0001820	0.0	0.0	0.0	0.0
OG0001821	0.0	0.0	0.0	0.0
OG0001822	0.0	0.0	0.0	0.0
OG0001823	0.0	0.0	0.0	0.0
OG0001824	0.0	0.0	0.0	0.0
OG0001825	0.0	0.0	0.0	0.0
OG0001826	0.0	0.0	0.0	0.0
OG0001827	0.0	0.0	0.0	0.0
OG0001828	0.0	0.0	0.0	0.0
OG0001829	0.0	0.0	0.0	0.0
OG0001830	0.0	0.0	0.0	0.0
OG0001831	0.0	0.0	0.0	0.0
OG0001833	0.0	0.0	0.0	0.0
OG0001834	0.0	0.0	0.0	0.0
OG0001835	0.0	0.0	0.0	0.0
OG0001836	0.0	0.0	0.0	0.0
OG0001837	0.0	0.0	0.0	0.0
OG0001838	0.0	0.0	0.0	0.0
OG0001839	0.0	0.0	0.0	0.0
OG0001840	0.0	0.0	0.0	0.0
OG0001841	0.0	0.0	0.0	0.0
OG0001842	0.0	0.0	0.0	0.0
OG0001843	0.0	0.0	0.0	0.0
OG0001844	0.0	0.0	0.0	0.0
OG0001845	0.0	0.0	0.0	0.0
OG0001846	0.0	0.0	0.0	0.0
OG0001847	0.0	0.0	0.0	0.0
OG0001848	0.0	0.0	0.0	0.0
OG0001849	0.0	0.0	0.0	0.0
OG0001850	0.0	0.0	0.0	0.0
OG0001851	0.0	0.0	0.0	0.0
OG0001852	0.0	0.0	0.0	0.0
OG0001853	0.0	0.0	0.0	0.0
OG0001854	0.0	0.0	0.0	0.0
OG0001855	0.0	0.0	0.0	0.0
OG0001856	0.0	0.0	0.0	0.0
OG0001857	0.0	0.0	0.0	0.0
OG0001858	0.0	0.0	0.0	0.0
OG0001859	0.0	0.0	0.0	0.0
OG0001860	0.0	0.0	0.0	0.0
OG0001861	0.0	0.0	0.0	0.0
OG0001862	0.0	0.0	0.0	0.0
OG0001863	0.0	0.0	0.0	0.0
OG0001864	0.0	0.0	0.0	0.0
OG0001865	0.0	0.0	0.0	0.0
OG0001866	0.0	0.0	0.0	0.0
OG0001867	0.0	0.0	0.0	0.0
OG0001868	0.0	0.0	0.0	0.0
OG0001869	0.0	0.0	0.0	0.0
OG0001870	0.0	0.0	0.0	0.0
OG0001872	0.0	0.0	0.0	0.0
OG0001873	0.0	0.0	0.0	0.0
OG0001874	0.0	0.0	0.0	0.0
OG0001875	0.0	0.0	0.0	0.0
OG0001876	0.0	0.0	0.0	0.0
OG0001877	0.0	0.0	0.0	0.0
OG0001878	0.0	0.0	0.0	0.0
OG0001879	0.0	0.0	0.0	0.0
OG0001880	0.0	0.0	0.0	0.0
OG0001881	0.0	0.0	0.0	0.0
OG0001882	0.0	0.0	0.0	0.0
OG0001883	0.0	0.0	0.0	0.0
OG0001884	0.0	0.0	0.0	0.0
OG0001885	0.0	0.0	0.0	0.0
OG0001886	0.0	0.0	0.0	0.0
OG0001887	0.0	0.0	0.0	0.0
OG0001888	0.0	0.0	0.0	0.0
OG0001889	0.0	0.0	0.0	0.0
OG0001890	0.0	0.0	0.0	0.0
OG0001891	0.0	0.0	0.0	0.0
OG0001892	0.0	0.0	0.0	0.0
OG0001893	0.0	0.0	0.0	0.0
OG0001894	0.0	0.0	0.0	0.0
OG0001895	0.0	0.0	0.0	0.0
OG0001896	0.0	0.0	0.0	0.0
OG0001897	0.0	0.0	0.0	0.0
OG0001898	0.0	0.0	0.0	0.0
OG0001899	0.0	0.0	0.0	0.0
OG0001900	0.0	0.0	0.0	0.0
OG0001901	0.0	0.0	0.0	0.0
OG0001902	0.0	0.0	0.0	0.0
OG0001903	0.0	0.0	0.0	0.0
OG0001904	0.0	0.0	0.0	0.0
OG0001905	0.0	0.0	0.0	0.0
OG0001906	0.0	0.0	0.0	0.0
OG0001907	0.0	0.0	0.0	0.0
OG0001908	0.0	0.0	0.0	0.0
OG0001909	0.0	0.0	0.0	0.0
OG0001910	0.0	0.0	0.0	0.0
OG0001911	0.0	0.0	0.0	0.0
OG0001912	0.0	0.0	0.0	0.0
OG0001913	0.0	0.0	0.0	0.0
OG0001914	0.0	0.0	0.0	0.0
OG0001915	0.0	0.0	0.0	0.0
OG0001916	0.0	0.0	0.0	0.0
OG0001917	0.0	0.0	0.0	0.0
OG0001918	0.0	0.0	0.0	0.0
OG0001919	0.0	0.0	0.0	0.0
OG0001920	0.0	0.0	0.0	0.0
OG0001921	0.0	0.0	0.0	0.0
OG0001922	0.0	0.0	0.0	0.0
OG0001923	0.0	0.0	0.0	0.0
OG0001924	0.0	0.0	0.0	0.0
OG0001925	0.0	0.0	0.0	0.0
OG0001926	0.0	0.0	0.0	0.0
OG0001927	0.0	0.0	0.0	0.0
OG0001928	0.0	0.0	0.0	0.0
OG0001929	0.0	0.0	0.0	0.0
OG0001930	0.0	0.0	0.0	0.0
OG0001931	0.0	0.0	0.0	0.0
OG0001932	0.0	0.0	0.0	0.0
OG0001933	0.0	0.0	0.0	0.0
OG0001934	0.0	0.0	0.0	0.0
OG0001935	0.0	0.0	0.0	0.0
OG0001936	0.0	0.0	0.0	0.0
OG0001937	0.0	0.0	0.0	0.0
OG0001938	0.0	0.0	0.0	0.0
OG0001939	0.0	0.0	0.0	0.0
OG0001940	0.0	0.0	0.0	0.0
OG0001941	0.0	0.0	0.0	0.0
OG0001942	0.0	0.0	0.0	0.0
OG0001943	0.0	0.0	0.0	0.0
OG0001944	0.0	0.0	0.0	0.0
OG0001945	0.0	0.0	0.0	0.0
OG0001946	0.0	0.0	0.0	0.0
OG0001947	0.0	0.0	0.0	0.0
OG0001948	0.0	0.0	0.0	0.0
OG0001949	0.0	0.0	0.0	0.0
OG0001950	0.0	0.0	0.0	0.0
OG0001951	0.0	0.0	0.0	0.0
OG0001952	0.0	0.0	0.0	0.0
OG0001953	0.0	0.0	0.0	0.0
OG0001954	0.0	0.0	0.0	0.0
OG0001955	0.0	0.0	0.0	0.0
OG0001956	0.0	0.0	0.0	0.0
OG0001957	0.0	0.0	0.0	0.0
OG0001958	0.0	0.0	0.0	0.0
OG0001959	0.0	0.0	0.0	0.0
OG0001960	0.0	0.0	0.0	0.0
OG0001961	0.0	0.0	0.0	0.0
OG0001962	0.0	0.0	0.0	0.0
OG0001963	0.0	0.0	0.0	0.0
OG0001964	0.0	0.0	0.0	0.0
OG0001965	0.0	0.0	0.0	0.0
OG0001966	0.0	0.0	0.0	0.0
OG0001967	0.0	0.0	0.0	0.0
OG0001968	0.0	0.0	0.0	0.0
OG0001969	0.0	0.0	0.0	0.0
OG0001970	0.0	0.0	0.0	0.0
OG0001971	0.0	0.0	0.0	0.0
OG0001972	0.0	0.0	0.0	0.0
OG0001973	0.0	0.0	0.0	0.0
OG0001974	0.0	0.0	0.0	0.0
OG0001975	0.0	0.0	0.0	0.0
OG0001976	0.0	0.0	0.0	0.0
OG0001977	0.0	0.0	0.0	0.0
OG0001978	0.0	0.0	0.0	0.0
OG0001979	0.0	0.0	0.0	0.0
OG0001980	0.0	0.0	0.0	0.0
OG0001981	0.0	0.0	0.0	0.0
OG0001982	0.0	0.0	0.0	0.0
OG0001983	0.0	0.0	0.0	0.0
OG0001984	0.0	0.0	0.0	0.0
OG0001985	0.0	0.0	0.0	0.0
OG0001986	0.0	0.0	0.0	0.0
OG0001987	0.0	0.0	0.0	0.0
OG0001989	0.0	0.0	0.0	0.0
OG0001991	0.0	0.0	0.0	0.0
OG0001992	0.0	0.0	0.0	0.0
OG0001993	0.0	0.0	0.0	0.0
OG0001994	0.0	0.0	0.0	0.0
OG0001995	0.0	0.0	0.0	0.0
OG0001996	0.0	0.0	0.0	0.0
OG0001997	0.0	0.0	0.0	0.0
OG0001998	0.0	0.0	0.0	0.0
OG0001999	0.0	0.0	0.0	0.0
OG0002000	0.0	0.0	0.0	0.0
OG0002001	0.0	0.0	0.0	0.0
OG0002002	0.0	0.0	0.0	0.0
OG0002003	0.0	0.0	0.0	0.0
OG0002004	0.0	0.0	0.0	0.0
OG0002005	0.0	0.0	0.0	0.0
OG0002006	0.0	0.0	0.0	0.0
OG0002007	0.0	0.0	0.0	0.0
OG0002008	0.0	0.0	0.0	0.0
OG0002009	0.0	0.0	0.0	0.0
OG0002010	0.0	0.0	0.0	0.0
OG0002011	0.0	0.0	0.0	0.0
OG0002012	0.0	0.0	0.0	0.0
OG0002013	0.0	0.0	0.0	0.0
OG0002014	0.0	0.0	0.0	0.0
OG0002016	0.0	0.0	0.0	0.0
OG0002017	0.0	0.0	0.0	0.0
OG0002018	0.0	0.0	0.0	0.0
OG0002019	0.0	0.0	0.0	0.0
OG0002020	0.0	0.0	0.0	0.0
OG0002021	0.0	0.0	0.0	0.0
OG0002022	0.0	0.0	0.0	0.0
OG0002023	0.0	0.0	0.0	0.0
OG0002024	0.0	0.0	0.0	0.0
OG0002025	0.0	0.0	0.0	0.0
OG0002026	0.0	0.0	0.0	0.0
OG0002027	0.0	0.0	0.0	0.0
OG0002028	0.0	0.0	0.0	0.0
OG0002029	0.0	0.0	0.0	0.0
OG0002030	0.0	0.0	0.0	0.0
OG0002031	0.0	0.0	0.0	0.0
OG0002032	0.0	0.0	0.0	0.0
OG0002033	0.0	0.0	0.0	0.0
OG0002034	0.0	0.0	0.0	0.0
OG0002035	0.0	0.0	0.0	0.0
OG0002036	0.0	0.0	0.0	0.0
OG0002037	0.0	0.0	0.0	0.0
OG0002038	0.0	0.0	0.0	0.0
OG0002039	0.0	0.0	0.0	0.0
OG0002040	0.0	0.0	0.0	0.0
OG0002042	0.0	0.0	0.0	0.0
OG0002044	0.0	0.0	0.0	0.0
OG0002045	0.0	0.0	0.0	0.0
OG0002046	0.0	0.0	0.0	0.0
OG0002048	0.0	0.0	0.0	0.0
OG0002049	0.0	0.0	0.0	0.0
OG0002050	0.0	0.0	0.0	0.0
OG0002051	0.0	0.0	0.0	0.0
OG0002052	0.0	0.0	0.0	0.0
OG0002053	0.0	0.0	0.0	0.0
OG0002054	0.0	0.0	0.0	0.0
OG0002055	0.0	0.0	0.0	0.0
OG0002056	0.0	0.0	0.0	0.0
OG0002057	0.0	0.0	0.0	0.0
OG0002058	0.0	0.0	0.0	0.0
OG0002059	0.0	0.0	0.0	0.0
OG0002060	0.0	0.0	0.0	0.0
OG0002061	0.0	0.0	0.0	0.0
OG0002062	0.0	0.0	0.0	0.0
OG0002063	0.0	0.0	0.0	0.0
OG0002064	0.0	0.0	0.0	0.0
OG0002065	0.0	0.0	0.0	0.0
OG0002066	0.0	0.0	0.0	0.0
OG0002067	0.0	0.0	0.0	0.0
OG0002068	0.0	0.0	0.0	0.0
OG0002069	0.0	0.0	0.0	0.0
OG0002070	0.0	0.0	0.0	0.0
OG0002071	0.0	0.0	0.0	0.0
OG0002072	0.0	0.0	0.0	0.0
OG0002073	0.0	0.0	0.0	0.0
OG0002074	0.0	0.0	0.0	0.0
OG0002075	0.0	0.0	0.0	0.0
OG0002076	0.0	0.0	0.0	0.0
OG0002077	0.0	0.0	0.0	0.0
OG0002078	0.0	0.0	0.0	0.0
OG0002079	0.0	0.0	0.0	0.0
OG0002080	0.0	0.0	0.0	0.0
OG0002081	0.0	0.0	0.0	0.0
OG0002082	0.0	0.0	0.0	0.0
OG0002083	0.0	0.0	0.0	0.0
OG0002084	0.0	0.0	0.0	0.0
OG0002085	0.0	0.0	0.0	0.0
OG0002086	0.0	0.0	0.0	0.0
OG0002087	0.0	0.0	0.0	0.0
OG0002088	0.0	0.0	0.0	0.0
OG0002089	0.0	0.0	0.0	0.0
OG0002090	0.0	0.0	0.0	0.0
OG0002091	0.0	0.0	0.0	0.0
OG0002092	0.0	0.0	0.0	0.0
OG0002093	0.0	0.0	0.0	0.0
OG0002094	0.0	0.0	0.0	0.0
OG0002095	0.0	0.0	0.0	0.0
OG0002096	0.0	0.0	0.0	0.0
OG0002097	0.0	0.0	0.0	0.0
OG0002098	0.0	0.0	0.0	0.0
OG0002099	0.0	0.0	0.0	0.0
OG0002100	0.0	0.0	0.0	0.0
OG0002101	0.0	0.0	0.0	0.0
OG0002102	0.0	0.0	0.0	0.0
OG0002103	0.0	0.0	0.0	0.0
OG0002104	0.0	0.0	0.0	0.0
OG0002105	0.0	0.0	0.0	0.0
OG0002106	0.0	0.0	0.0	0.0
OG0002107	0.0	0.0	0.0	0.0
OG0002108	0.0	0.0	0.0	0.0
OG0002109	0.0	0.0	0.0	0.0
OG0002110	0.0	0.0	0.0	0.0
OG0002111	0.0	0.0	0.0	0.0
OG0002112	0.0	0.0	0.0	0.0
OG0002113	0.0	0.0	0.0	0.0
OG0002114	0.0	0.0	0.0	0.0
OG0002115	0.0	0.0	0.0	0.0
OG0002116	0.0	0.0	0.0	0.0
OG0002117	0.0	0.0	0.0	0.0
OG0002118	0.0	0.0	0.0	0.0
OG0002119	0.0	0.0	0.0	0.0
OG0002120	0.0	0.0	0.0	0.0
OG0002121	0.0	0.0	0.0	0.0
OG0002122	0.0	0.0	0.0	0.0
OG0002123	0.0	0.0	0.0	0.0
OG0002124	0.0	0.0	0.0	0.0
OG0002125	0.0	0.0	0.0	0.0
OG0002126	0.0	0.0	0.0	0.0
OG0002128	0.0	0.0	0.0	0.0
OG0002129	0.0	0.0	0.0	0.0
OG0002130	0.0	0.0	0.0	0.0
OG0002131	0.0	0.0	0.0	0.0
OG0002132	0.0	0.0	0.0	0.0
OG0002133	0.0	0.0	0.0	0.0
OG0002134	0.0	0.0	0.0	0.0
OG0002135	0.0	0.0	0.0	0.0
OG0002136	0.0	0.0	0.0	0.0
OG0002137	0.0	0.0	0.0	0.0
OG0002138	0.0	0.0	0.0	0.0
OG0002139	0.0	0.0	0.0	0.0
OG0002140	0.0	0.0	0.0	0.0
OG0002141	0.0	0.0	0.0	0.0
OG0002142	0.0	0.0	0.0	0.0
OG0002143	0.0	0.0	0.0	0.0
OG0002144	0.0	0.0	0.0	0.0
OG0002145	0.0	0.0	0.0	0.0
OG0002146	0.0	0.0	0.0	0.0
OG0002147	0.0	0.0	0.0	0.0
OG0002148	0.0	0.0	0.0	0.0
OG0002149	0.0	0.0	0.0	0.0
OG0002150	0.0	0.0	0.0	0.0
OG0002151	0.0	0.0	0.0	0.0
OG0002152	0.0	0.0	0.0	0.0
OG0002153	0.0	0.0	0.0	0.0
OG0002154	0.0	0.0	0.0	0.0
OG0002155	0.0	0.0	0.0	0.0
OG0002156	0.0	0.0	0.0	0.0
OG0002157	0.0	0.0	0.0	0.0
OG0002158	0.0	0.0	0.0	0.0
OG0002159	0.0	0.0	0.0	0.0
OG0002160	0.0	0.0	0.0	0.0
OG0002161	0.0	0.0	0.0	0.0
OG0002162	0.0	0.0	0.0	0.0
OG0002163	0.0	0.0	0.0	0.0
OG0002164	0.0	0.0	0.0	0.0
OG0002165	0.0	0.0	0.0	0.0
OG0002166	0.0	0.0	0.0	0.0
OG0002167	0.0	0.0	0.0	0.0
OG0002168	0.0	0.0	0.0	0.0
OG0002169	0.0	0.0	0.0	0.0
OG0002170	0.0	0.0	0.0	0.0
OG0002171	0.0	0.0	0.0	0.0
OG0002172	0.0	0.0	0.0	0.0
OG0002173	0.0	0.0	0.0	0.0
OG0002174	0.0	0.0	0.0	0.0
OG0002175	0.0	0.0	0.0	0.0
OG0002176	0.0	0.0	0.0	0.0
OG0002177	0.0	0.0	0.0	0.0
OG0002178	0.0	0.0	0.0	0.0
OG0002179	0.0	0.0	0.0	0.0
OG0002180	0.0	0.0	0.0	0.0
OG0002181	0.0	0.0	0.0	0.0
OG0002182	0.0	0.0	0.0	0.0
OG0002183	0.0	0.0	0.0	0.0
OG0002184	0.0	0.0	0.0	0.0
OG0002185	0.0	0.0	0.0	0.0
OG0002186	0.0	0.0	0.0	0.0
OG0002187	0.0	0.0	0.0	0.0
OG0002188	0.0	0.0	0.0	0.0
OG0002190	0.0	0.0	0.0	0.0
OG0002191	0.0	0.0	0.0	0.0
OG0002192	0.0	0.0	0.0	0.0
OG0002193	0.0	0.0	0.0	0.0
OG0002194	0.0	0.0	0.0	0.0
OG0002195	0.0	0.0	0.0	0.0
OG0002196	0.0	0.0	0.0	0.0
OG0002197	0.0	0.0	0.0	0.0
OG0002198	0.0	0.0	0.0	0.0
OG0002199	0.0	0.0	0.0	0.0
OG0002200	0.0	0.0	0.0	0.0
OG0002201	0.0	0.0	0.0	0.0
OG0002202	0.0	0.0	0.0	0.0
OG0002203	0.0	0.0	0.0	0.0
OG0002204	0.0	0.0	0.0	0.0
OG0002205	0.0	0.0	0.0	0.0
OG0002206	0.0	0.0	0.0	0.0
OG0002207	0.0	0.0	0.0	0.0
OG0002208	0.0	0.0	0.0	0.0
OG0002209	0.0	0.0	0.0	0.0
OG0002210	0.0	0.0	0.0	0.0
OG0002211	0.0	0.0	0.0	0.0
OG0002212	0.0	0.0	0.0	0.0
OG0002213	0.0	0.0	0.0	0.0
OG0002214	0.0	0.0	0.0	0.0
OG0002215	0.0	0.0	0.0	0.0
OG0002216	0.0	0.0	0.0	0.0
OG0002217	0.0	0.0	0.0	0.0
OG0002218	0.0	0.0	0.0	0.0
OG0002219	0.0	0.0	0.0	0.0
OG0002220	0.0	0.0	0.0	0.0
OG0002221	0.0	0.0	0.0	0.0
OG0002222	0.0	0.0	0.0	0.0
OG0002223	0.0	0.0	0.0	0.0
OG0002224	0.0	0.0	0.0	0.0
OG0002225	0.0	0.0	0.0	0.0
OG0002226	0.0	0.0	0.0	0.0
OG0002227	0.0	0.0	0.0	0.0
OG0002228	0.0	0.0	0.0	0.0
OG0002229	0.0	0.0	0.0	0.0
OG0002230	0.0	0.0	0.0	0.0
OG0002231	0.0	0.0	0.0	0.0
OG0002232	0.0	0.0	0.0	0.0
OG0002233	0.0	0.0	0.0	0.0
OG0002234	0.0	0.0	0.0	0.0
OG0002235	0.0	0.0	0.0	0.0
OG0002236	0.0	0.0	0.0	0.0
OG0002237	0.0	0.0	0.0	0.0
OG0002238	0.0	0.0	0.0	0.0
OG0002239	0.0	0.0	0.0	0.0
OG0002240	0.0	0.0	0.0	0.0
OG0002241	0.0	0.0	0.0	0.0
OG0002242	0.0	0.0	0.0	0.0
OG0002243	0.0	0.0	0.0	0.0
OG0002244	0.0	0.0	0.0	0.0
OG0002245	0.0	0.0	0.0	0.0
OG0002246	0.0	0.0	0.0	0.0
OG0002247	0.0	0.0	0.0	0.0
OG0002248	0.0	0.0	0.0	0.0
OG0002249	0.0	0.0	0.0	0.0
OG0002250	0.0	0.0	0.0	0.0
OG0002251	0.0	0.0	0.0	0.0
OG0002252	0.0	0.0	0.0	0.0
OG0002253	0.0	0.0	0.0	0.0
OG0002254	0.0	0.0	0.0	0.0
OG0002255	0.0	0.0	0.0	0.0
OG0002256	0.0	0.0	0.0	0.0
OG0002257	0.0	0.0	0.0	0.0
OG0002258	0.0	0.0	0.0	0.0
OG0002259	0.0	0.0	0.0	0.0
OG0002260	0.0	0.0	0.0	0.0
OG0002261	0.0	0.0	0.0	0.0
OG0002262	0.0	0.0	0.0	0.0
OG0002263	0.0	0.0	0.0	0.0
OG0002264	0.0	0.0	0.0	0.0
OG0002265	0.0	0.0	0.0	0.0
OG0002266	0.0	0.0	0.0	0.0
OG0002267	0.0	0.0	0.0	0.0
OG0002268	0.0	0.0	0.0	0.0
OG0002269	0.0	0.0	0.0	0.0
OG0002270	0.0	0.0	0.0	0.0
OG0002271	0.0	0.0	0.0	0.0
OG0002272	0.0	0.0	0.0	0.0
OG0002273	0.0	0.0	0.0	0.0
OG0002274	0.0	0.0	0.0	0.0
OG0002275	0.0	0.0	0.0	0.0
OG0002276	0.0	0.0	0.0	0.0
OG0002277	0.0	0.0	0.0	0.0
OG0002278	0.0	0.0	0.0	0.0
OG0002279	0.0	0.0	0.0	0.0
OG0002280	0.0	0.0	0.0	0.0
OG0002281	0.0	0.0	0.0	0.0
OG0002282	0.0	0.0	0.0	0.0
OG0002283	0.0	0.0	0.0	0.0
OG0002284	0.0	0.0	0.0	0.0
OG0002285	0.0	0.0	0.0	0.0
OG0002286	0.0	0.0	0.0	0.0
OG0002287	0.0	0.0	0.0	0.0
OG0002288	0.0	0.0	0.0	0.0
OG0002289	0.0	0.0	0.0	0.0
OG0002290	0.0	0.0	0.0	0.0
OG0002291	0.0	0.0	0.0	0.0
OG0002292	0.0	0.0	0.0	0.0
OG0002293	0.0	0.0	0.0	0.0
OG0002294	0.0	0.0	0.0	0.0
OG0002295	0.0	0.0	0.0	0.0
OG0002296	0.0	0.0	0.0	0.0
OG0002297	0.0	0.0	0.0	0.0
OG0002298	0.0	0.0	0.0	0.0
OG0002299	0.0	0.0	0.0	0.0
OG0002300	0.0	0.0	0.0	0.0
OG0002301	0.0	0.0	0.0	0.0
OG0002302	0.0	0.0	0.0	0.0
OG0002303	0.0	0.0	0.0	0.0
OG0002304	0.0	0.0	0.0	0.0
OG0002305	0.0	0.0	0.0	0.0
OG0002306	0.0	0.0	0.0	0.0
OG0002307	0.0	0.0	0.0	0.0
OG0002308	0.0	0.0	0.0	0.0
OG0002309	0.0	0.0	0.0	0.0
OG0002310	0.0	0.0	0.0	0.0
OG0002311	0.0	0.0	0.0	0.0
OG0002312	0.0	0.0	0.0	0.0
OG0002313	0.0	0.0	0.0	0.0
OG0002314	0.0	0.0	0.0	0.0
OG0002315	0.0	0.0	0.0	0.0
OG0002316	0.0	0.0	0.0	0.0
OG0002317	0.0	0.0	0.0	0.0
OG0002318	0.0	0.0	0.0	0.0
OG0002319	0.0	0.0	0.0	0.0
OG0002320	0.0	0.0	0.0	0.0
OG0002322	0.0	0.0	0.0	0.0
OG0002323	0.0	0.0	0.0	0.0
OG0002324	0.0	0.0	0.0	0.0
OG0002325	0.0	0.0	0.0	0.0
OG0002326	0.0	0.0	0.0	0.0
OG0002327	0.0	0.0	0.0	0.0
OG0002328	0.0	0.0	0.0	0.0
OG0002329	0.0	0.0	0.0	0.0
OG0002330	0.0	0.0	0.0	0.0
OG0002331	0.0	0.0	0.0	0.0
OG0002332	0.0	0.0	0.0	0.0
OG0002333	0.0	0.0	0.0	0.0
OG0002334	0.0	0.0	0.0	0.0
OG0002335	0.0	0.0	0.0	0.0
OG0002336	0.0	0.0	0.0	0.0
OG0002337	0.0	0.0	0.0	0.0
OG0002338	0.0	0.0	0.0	0.0
OG0002339	0.0	0.0	0.0	0.0
OG0002340	0.0	0.0	0.0	0.0
OG0002341	0.0	0.0	0.0	0.0
OG0002342	0.0	0.0	0.0	0.0
OG0002343	0.0	0.0	0.0	0.0
OG0002344	0.0	0.0	0.0	0.0
OG0002346	0.0	0.0	0.0	0.0
OG0002347	0.0	0.0	0.0	0.0
OG0002349	0.0	0.0	0.0	0.0
OG0002350	0.0	0.0	0.0	0.0
OG0002351	0.0	0.0	0.0	0.0
OG0002352	0.0	0.0	0.0	0.0
OG0002353	0.0	0.0	0.0	0.0
OG0002354	0.0	0.0	0.0	0.0
OG0002355	0.0	0.0	0.0	0.0
OG0002356	0.0	0.0	0.0	0.0
OG0002357	0.0	0.0	0.0	0.0
OG0002358	0.0	0.0	0.0	0.0
OG0002359	0.0	0.0	0.0	0.0
OG0002360	0.0	0.0	0.0	0.0
OG0002361	0.0	0.0	0.0	0.0
OG0002362	0.0	0.0	0.0	0.0
OG0002363	0.0	0.0	0.0	0.0
OG0002364	0.0	0.0	0.0	0.0
OG0002365	0.0	0.0	0.0	0.0
OG0002366	0.0	0.0	0.0	0.0
OG0002367	0.0	0.0	0.0	0.0
OG0002368	0.0	0.0	0.0	0.0
OG0002369	0.0	0.0	0.0	0.0
OG0002370	0.0	0.0	0.0	0.0
OG0002371	0.0	0.0	0.0	0.0
OG0002372	0.0	0.0	0.0	0.0
OG0002373	0.0	0.0	0.0	0.0
OG0002374	0.0	0.0	0.0	0.0
OG0002376	0.0	0.0	0.0	0.0
OG0002377	0.0	0.0	0.0	0.0
OG0002378	0.0	0.0	0.0	0.0
OG0002379	0.0	0.0	0.0	0.0
OG0002380	0.0	0.0	0.0	0.0
OG0002381	0.0	0.0	0.0	0.0
OG0002382	0.0	0.0	0.0	0.0
OG0002383	0.0	0.0	0.0	0.0
OG0002384	0.0	0.0	0.0	0.0
OG0002385	0.0	0.0	0.0	0.0
OG0002386	0.0	0.0	0.0	0.0
OG0002387	0.0	0.0	0.0	0.0
OG0002388	0.0	0.0	0.0	0.0
OG0002389	0.0	0.0	0.0	0.0
OG0002390	0.0	0.0	0.0	0.0
OG0002391	0.0	0.0	0.0	0.0
OG0002392	0.0	0.0	0.0	0.0
OG0002393	0.0	0.0	0.0	0.0
OG0002395	0.0	0.0	0.0	0.0
OG0002398	0.0	0.0	0.0	0.0
OG0002399	0.0	0.0	0.0	0.0
OG0002400	0.0	0.0	0.0	0.0
OG0002402	0.0	0.0	0.0	0.0
OG0002403	0.0	0.0	0.0	0.0
OG0002405	0.0	0.0	0.0	0.0
OG0002406	0.0	0.0	0.0	0.0
OG0002407	0.0	0.0	0.0	0.0
OG0002408	0.0	0.0	0.0	0.0
OG0002410	0.0	0.0	0.0	0.0
OG0002412	0.0	0.0	0.0	0.0
OG0002414	0.0	0.0	0.0	0.0
OG0002415	0.0	0.0	0.0	0.0
OG0002416	0.0	0.0	0.0	0.0
OG0002417	0.0	0.0	0.0	0.0
OG0002419	0.0	0.0	0.0	0.0
OG0002421	0.0	0.0	0.0	0.0
OG0002423	0.0	0.0	0.0	0.0
OG0002424	0.0	0.0	0.0	0.0
OG0002425	0.0	0.0	0.0	0.0
OG0002426	0.0	0.0	0.0	0.0
OG0002427	0.0	0.0	0.0	0.0
OG0002428	0.0	0.0	0.0	0.0
OG0002431	0.0	0.0	0.0	0.0
OG0002432	0.0	0.0	0.0	0.0
OG0002433	0.0	0.0	0.0	0.0
OG0002436	0.0	0.0	0.0	0.0
OG0002437	0.0	0.0	0.0	0.0
OG0002439	0.0	0.0	0.0	0.0
OG0002440	0.0	0.0	0.0	0.0
OG0002441	0.0	0.0	0.0	0.0
OG0002442	0.0	0.0	0.0	0.0
OG0002443	0.0	0.0	0.0	0.0
OG0002445	0.0	0.0	0.0	0.0
OG0002446	0.0	0.0	0.0	0.0
OG0002448	0.0	0.0	0.0	0.0
OG0002449	0.0	0.0	0.0	0.0
OG0002451	0.0	0.0	0.0	0.0
OG0002452	0.0	0.0	0.0	0.0
OG0002453	0.0	0.0	0.0	0.0
OG0002454	0.0	0.0	0.0	0.0
OG0002456	0.0	0.0	0.0	0.0
OG0002459	0.0	0.0	0.0	0.0
OG0002460	0.0	0.0	0.0	0.0
OG0002461	0.0	0.0	0.0	0.0
OG0002462	0.0	0.0	0.0	0.0
OG0002463	0.0	0.0	0.0	0.0
OG0002464	0.0	0.0	0.0	0.0
OG0002466	0.0	0.0	0.0	0.0
OG0002467	0.0	0.0	0.0	0.0
OG0002468	0.0	0.0	0.0	0.0
OG0002470	0.0	0.0	0.0	0.0
OG0002471	0.0	0.0	0.0	0.0
OG0002472	0.0	0.0	0.0	0.0
OG0002475	0.0	0.0	0.0	0.0
OG0002476	0.0	0.0	0.0	0.0
OG0002478	0.0	0.0	0.0	0.0
OG0002479	0.0	0.0	0.0	0.0
OG0002480	0.0	0.0	0.0	0.0
OG0002481	0.0	0.0	0.0	0.0
OG0002482	0.0	0.0	0.0	0.0
OG0002483	0.0	0.0	0.0	0.0
OG0002485	0.0	0.0	0.0	0.0
OG0002487	0.0	0.0	0.0	0.0
OG0002488	0.0	0.0	0.0	0.0
OG0002489	0.0	0.0	0.0	0.0
OG0002491	0.0	0.0	0.0	0.0
OG0002493	0.0	0.0	0.0	0.0
OG0002496	0.0	0.0	0.0	0.0
OG0002497	0.0	0.0	0.0	0.0
OG0002499	0.0	0.0	0.0	0.0
OG0002500	0.0	0.0	0.0	0.0
OG0002502	0.0	0.0	0.0	0.0
OG0002504	0.0	0.0	0.0	0.0
OG0002505	0.0	0.0	0.0	0.0
OG0002507	0.0	0.0	0.0	0.0
OG0002508	0.0	0.0	0.0	0.0
OG0002509	0.0	0.0	0.0	0.0
OG0002510	0.0	0.0	0.0	0.0
OG0002511	0.0	0.0	0.0	0.0
OG0002512	0.0	0.0	0.0	0.0
OG0002514	0.0	0.0	0.0	0.0
OG0002515	0.0	0.0	0.0	0.0
OG0002516	0.0	0.0	0.0	0.0
OG0002517	0.0	0.0	0.0	0.0
OG0002519	0.0	0.0	0.0	0.0
OG0002520	0.0	0.0	0.0	0.0
OG0002521	0.0	0.0	0.0	0.0
OG0002522	0.0	0.0	0.0	0.0
OG0002523	0.0	0.0	0.0	0.0
OG0002524	0.0	0.0	0.0	0.0
OG0002526	0.0	0.0	0.0	0.0
OG0002528	0.0	0.0	0.0	0.0
OG0002529	0.0	0.0	0.0	0.0
OG0002531	0.0	0.0	0.0	0.0
OG0002532	0.0	0.0	0.0	0.0
OG0002534	0.0	0.0	0.0	0.0
OG0002535	0.0	0.0	0.0	0.0
OG0002536	0.0	0.0	0.0	0.0
OG0002537	0.0	0.0	0.0	0.0
OG0002538	0.0	0.0	0.0	0.0
OG0002539	0.0	0.0	0.0	0.0
OG0002541	0.0	0.0	0.0	0.0
OG0002542	0.0	0.0	0.0	0.0
OG0002543	0.0	0.0	0.0	0.0
OG0002545	0.0	0.0	0.0	0.0
OG0002546	0.0	0.0	0.0	0.0
OG0002547	0.0	0.0	0.0	0.0
OG0002548	0.0	0.0	0.0	0.0
OG0002550	0.0	0.0	0.0	0.0
OG0002551	0.0	0.0	0.0	0.0
OG0002552	0.0	0.0	0.0	0.0
OG0002553	0.0	0.0	0.0	0.0
OG0002554	0.0	0.0	0.0	0.0
OG0002555	0.0	0.0	0.0	0.0
OG0002556	0.0	0.0	0.0	0.0
OG0002557	0.0	0.0	0.0	0.0
OG0002559	0.0	0.0	0.0	0.0
OG0002562	0.0	0.0	0.0	0.0
OG0002563	0.0	0.0	0.0	0.0
OG0002564	0.0	0.0	0.0	0.0
OG0002565	0.0	0.0	0.0	0.0
OG0002566	0.0	0.0	0.0	0.0
OG0002571	0.0	0.0	0.0	0.0
OG0002573	0.0	0.0	0.0	0.0
OG0002574	0.0	0.0	0.0	0.0
OG0002575	0.0	0.0	0.0	0.0
OG0002576	0.0	0.0	0.0	0.0
OG0002577	0.0	0.0	0.0	0.0
OG0002578	0.0	0.0	0.0	0.0
OG0002581	0.0	0.0	0.0	0.0
OG0002582	0.0	0.0	0.0	0.0
OG0002584	0.0	0.0	0.0	0.0
OG0002586	0.0	0.0	0.0	0.0
OG0002587	0.0	0.0	0.0	0.0
OG0002588	0.0	0.0	0.0	0.0
OG0002590	0.0	0.0	0.0	0.0
OG0002591	0.0	0.0	0.0	0.0
OG0002592	0.0	0.0	0.0	0.0
OG0002593	0.0	0.0	0.0	0.0
OG0002594	0.0	0.0	0.0	0.0
OG0002596	0.0	0.0	0.0	0.0
OG0002597	0.0	0.0	0.0	0.0
OG0002598	0.0	0.0	0.0	0.0
OG0002601	0.0	0.0	0.0	0.0
OG0002602	0.0	0.0	0.0	0.0
OG0002603	0.0	0.0	0.0	0.0
OG0002604	0.0	0.0	0.0	0.0
OG0002606	0.0	0.0	0.0	0.0
OG0002608	0.0	0.0	0.0	0.0
OG0002609	0.0	0.0	0.0	0.0
OG0002610	0.0	0.0	0.0	0.0
OG0002614	0.0	0.0	0.0	0.0
OG0002615	0.0	0.0	0.0	0.0
OG0002616	0.0	0.0	0.0	0.0
OG0002617	0.0	0.0	0.0	0.0
OG0002618	0.0	0.0	0.0	0.0
OG0002620	0.0	0.0	0.0	0.0
OG0002621	0.0	0.0	0.0	0.0
OG0002623	0.0	0.0	0.0	0.0
OG0002624	0.0	0.0	0.0	0.0
OG0002626	0.0	0.0	0.0	0.0
OG0002627	0.0	0.0	0.0	0.0
OG0002628	0.0	0.0	0.0	0.0
OG0002631	0.0	0.0	0.0	0.0
OG0002632	0.0	0.0	0.0	0.0
OG0002633	0.0	0.0	0.0	0.0
OG0002634	0.0	0.0	0.0	0.0
OG0002637	0.0	0.0	0.0	0.0
OG0002638	0.0	0.0	0.0	0.0
OG0002639	0.0	0.0	0.0	0.0
OG0002640	0.0	0.0	0.0	0.0
OG0002641	0.0	0.0	0.0	0.0
OG0002642	0.0	0.0	0.0	0.0
OG0002645	0.0	0.0	0.0	0.0
OG0002646	0.0	0.0	0.0	0.0
OG0002647	0.0	0.0	0.0	0.0
OG0002648	0.0	0.0	0.0	0.0
OG0002651	0.0	0.0	0.0	0.0
OG0002652	0.0	0.0	0.0	0.0
OG0002654	0.0	0.0	0.0	0.0
OG0002656	0.0	0.0	0.0	0.0
OG0002657	0.0	0.0	0.0	0.0
OG0002658	0.0	0.0	0.0	0.0
OG0002659	0.0	0.0	0.0	0.0
OG0002660	0.0	0.0	0.0	0.0
OG0002662	0.0	0.0	0.0	0.0
OG0002663	0.0	0.0	0.0	0.0
OG0002666	0.0	0.0	0.0	0.0
OG0002667	0.0	0.0	0.0	0.0
OG0002668	0.0	0.0	0.0	0.0
OG0002671	0.0	0.0	0.0	0.0
OG0002672	0.0	0.0	0.0	0.0
OG0002673	0.0	0.0	0.0	0.0
OG0002674	0.0	0.0	0.0	0.0
OG0002677	0.0	0.0	0.0	0.0
OG0002680	0.0	0.0	0.0	0.0
OG0002681	0.0	0.0	0.0	0.0
OG0002682	0.0	0.0	0.0	0.0
OG0002683	0.0	0.0	0.0	0.0
OG0002684	0.0	0.0	0.0	0.0
OG0002686	0.0	0.0	0.0	0.0
OG0002687	0.0	0.0	0.0	0.0
OG0002689	0.0	0.0	0.0	0.0
OG0002690	0.0	0.0	0.0	0.0
OG0002691	0.0	0.0	0.0	0.0
OG0002692	0.0	0.0	0.0	0.0
OG0002693	0.0	0.0	0.0	0.0
OG0002694	0.0	0.0	0.0	0.0
OG0002695	0.0	0.0	0.0	0.0
OG0002696	0.0	0.0	0.0	0.0
OG0002697	0.0	0.0	0.0	0.0
OG0002699	0.0	0.0	0.0	0.0
OG0002700	0.0	0.0	0.0	0.0
OG0002702	0.0	0.0	0.0	0.0
OG0002703	0.0	0.0	0.0	0.0
OG0002704	0.0	0.0	0.0	0.0
OG0002705	0.0	0.0	0.0	0.0
OG0002706	0.0	0.0	0.0	0.0
OG0002707	0.0	0.0	0.0	0.0
OG0002708	0.0	0.0	0.0	0.0
OG0002710	0.0	0.0	0.0	0.0
OG0002711	0.0	0.0	0.0	0.0
OG0002712	0.0	0.0	0.0	0.0
OG0002713	0.0	0.0	0.0	0.0
OG0002714	0.0	0.0	0.0	0.0
OG0002716	0.0	0.0	0.0	0.0
OG0002718	0.0	0.0	0.0	0.0
OG0002719	0.0	0.0	0.0	0.0
OG0002721	0.0	0.0	0.0	0.0
OG0002722	0.0	0.0	0.0	0.0
OG0002723	0.0	0.0	0.0	0.0
OG0002724	0.0	0.0	0.0	0.0
OG0002727	0.0	0.0	0.0	0.0
OG0002728	0.0	0.0	0.0	0.0
OG0002729	0.0	0.0	0.0	0.0
OG0002730	0.0	0.0	0.0	0.0
OG0002731	0.0	0.0	0.0	0.0
OG0002732	0.0	0.0	0.0	0.0
OG0002733	0.0	0.0	0.0	0.0
OG0002734	0.0	0.0	0.0	0.0
OG0002735	0.0	0.0	0.0	0.0
OG0002736	0.0	0.0	0.0	0.0
OG0002737	0.0	0.0	0.0	0.0
OG0002738	0.0	0.0	0.0	0.0
OG0002739	0.0	0.0	0.0	0.0
OG0002741	0.0	0.0	0.0	0.0
OG0002743	0.0	0.0	0.0	0.0
OG0002745	0.0	0.0	0.0	0.0
OG0002746	0.0	0.0	0.0	0.0
OG0002748	0.0	0.0	0.0	0.0
OG0002749	0.0	0.0	0.0	0.0
OG0002750	0.0	0.0	0.0	0.0
OG0002751	0.0	0.0	0.0	0.0
OG0002752	0.0	0.0	0.0	0.0
OG0002753	0.0	0.0	0.0	0.0
OG0002754	0.0	0.0	0.0	0.0
OG0002755	0.0	0.0	0.0	0.0
OG0002760	0.0	0.0	0.0	0.0
OG0002762	0.0	0.0	0.0	0.0
OG0002763	0.0	0.0	0.0	0.0
OG0002764	0.0	0.0	0.0	0.0
OG0002765	0.0	0.0	0.0	0.0
OG0002766	0.0	0.0	0.0	0.0
OG0002767	0.0	0.0	0.0	0.0
OG0002768	0.0	0.0	0.0	0.0
OG0002769	0.0	0.0	0.0	0.0
OG0002770	0.0	0.0	0.0	0.0
OG0002772	0.0	0.0	0.0	0.0
OG0002773	0.0	0.0	0.0	0.0
OG0002774	0.0	0.0	0.0	0.0
OG0002775	0.0	0.0	0.0	0.0
OG0002776	0.0	0.0	0.0	0.0
OG0002777	0.0	0.0	0.0	0.0
OG0002778	0.0	0.0	0.0	0.0
OG0002779	0.0	0.0	0.0	0.0
OG0002780	0.0	0.0	0.0	0.0
OG0002781	0.0	0.0	0.0	0.0
OG0002784	0.0	0.0	0.0	0.0
OG0002785	0.0	0.0	0.0	0.0
OG0002786	0.0	0.0	0.0	0.0
OG0002788	0.0	0.0	0.0	0.0
OG0002789	0.0	0.0	0.0	0.0
OG0002790	0.0	0.0	0.0	0.0
OG0002791	0.0	0.0	0.0	0.0
OG0002792	0.0	0.0	0.0	0.0
OG0002793	0.0	0.0	0.0	0.0
OG0002794	0.0	0.0	0.0	0.0
OG0002795	0.0	0.0	0.0	0.0
OG0002796	0.0	0.0	0.0	0.0
OG0002797	0.0	0.0	0.0	0.0
OG0002798	0.0	0.0	0.0	0.0
OG0002799	0.0	0.0	0.0	0.0
OG0002800	0.0	0.0	0.0	0.0
OG0002801	0.0	0.0	0.0	0.0
OG0002803	0.0	0.0	0.0	0.0
OG0002804	0.0	0.0	0.0	0.0
OG0002805	0.0	0.0	0.0	0.0
OG0002806	0.0	0.0	0.0	0.0
OG0002807	0.0	0.0	0.0	0.0
OG0002808	0.0	0.0	0.0	0.0
OG0002809	0.0	0.0	0.0	0.0
OG0002810	0.0	0.0	0.0	0.0
OG0002811	0.0	0.0	0.0	0.0
OG0002812	0.0	0.0	0.0	0.0
OG0002813	0.0	0.0	0.0	0.0
OG0002814	0.0	0.0	0.0	0.0
OG0002815	0.0	0.0	0.0	0.0
OG0002816	0.0	0.0	0.0	0.0
OG0002817	0.0	0.0	0.0	0.0
OG0002818	0.0	0.0	0.0	0.0
OG0002819	0.0	0.0	0.0	0.0
OG0002820	0.0	0.0	0.0	0.0
OG0002821	0.0	0.0	0.0	0.0
OG0002822	0.0	0.0	0.0	0.0
OG0002823	0.0	0.0	0.0	0.0
OG0002824	0.0	0.0	0.0	0.0
OG0002825	0.0	0.0	0.0	0.0
OG0002826	0.0	0.0	0.0	0.0
OG0002829	0.0	0.0	0.0	0.0
OG0002830	0.0	0.0	0.0	0.0
OG0002831	0.0	0.0	0.0	0.0
OG0002832	0.0	0.0	0.0	0.0
OG0002833	0.0	0.0	0.0	0.0
OG0002834	0.0	0.0	0.0	0.0
OG0002835	0.0	0.0	0.0	0.0
OG0002836	0.0	0.0	0.0	0.0
OG0002837	0.0	0.0	0.0	0.0
OG0002838	0.0	0.0	0.0	0.0
OG0002839	0.0	0.0	0.0	0.0
OG0002840	0.0	0.0	0.0	0.0
OG0002841	0.0	0.0	0.0	0.0
OG0002842	0.0	0.0	0.0	0.0
OG0002843	0.0	0.0	0.0	0.0
OG0002844	0.0	0.0	0.0	0.0
OG0002845	0.0	0.0	0.0	0.0
OG0002846	0.0	0.0	0.0	0.0
OG0002847	0.0	0.0	0.0	0.0
OG0002848	0.0	0.0	0.0	0.0
OG0002849	0.0	0.0	0.0	0.0
OG0002850	0.0	0.0	0.0	0.0
OG0002851	0.0	0.0	0.0	0.0
OG0002852	0.0	0.0	0.0	0.0
OG0002853	0.0	0.0	0.0	0.0
OG0002854	0.0	0.0	0.0	0.0
OG0002855	0.0	0.0	0.0	0.0
OG0002856	0.0	0.0	0.0	0.0
OG0002857	0.0	0.0	0.0	0.0
OG0002858	0.0	0.0	0.0	0.0
OG0002859	0.0	0.0	0.0	0.0
OG0002860	0.0	0.0	0.0	0.0
OG0002861	0.0	0.0	0.0	0.0
OG0002862	0.0	0.0	0.0	0.0
OG0002863	0.0	0.0	0.0	0.0
OG0002864	0.0	0.0	0.0	0.0
OG0002865	0.0	0.0	0.0	0.0
OG0002866	0.0	0.0	0.0	0.0
OG0002867	0.0	0.0	0.0	0.0
OG0002868	0.0	0.0	0.0	0.0
OG0002869	0.0	0.0	0.0	0.0
OG0002870	0.0	0.0	0.0	0.0
OG0002871	0.0	0.0	0.0	0.0
OG0002872	0.0	0.0	0.0	0.0
OG0002873	0.0	0.0	0.0	0.0
OG0002874	0.0	0.0	0.0	0.0
OG0002875	0.0	0.0	0.0	0.0
OG0002876	0.0	0.0	0.0	0.0
OG0002877	0.0	0.0	0.0	0.0
OG0002878	0.0	0.0	0.0	0.0
OG0002879	0.0	0.0	0.0	0.0
OG0002880	0.0	0.0	0.0	0.0
OG0002881	0.0	0.0	0.0	0.0
OG0002882	0.0	0.0	0.0	0.0
OG0002883	0.0	0.0	0.0	0.0
OG0002884	0.0	0.0	0.0	0.0
OG0002885	0.0	0.0	0.0	0.0
OG0002886	0.0	0.0	0.0	0.0
OG0002887	0.0	0.0	0.0	0.0
OG0002889	0.0	0.0	0.0	0.0
OG0002890	0.0	0.0	0.0	0.0
OG0002891	0.0	0.0	0.0	0.0
OG0002893	0.0	0.0	0.0	0.0
OG0002894	0.0	0.0	0.0	0.0
OG0002895	0.0	0.0	0.0	0.0
OG0002896	0.0	0.0	0.0	0.0
OG0002897	0.0	0.0	0.0	0.0
OG0002898	0.0	0.0	0.0	0.0
OG0002899	0.0	0.0	0.0	0.0
OG0002900	0.0	0.0	0.0	0.0
OG0002901	0.0	0.0	0.0	0.0
OG0002902	0.0	0.0	0.0	0.0
OG0002903	0.0	0.0	0.0	0.0
OG0002904	0.0	0.0	0.0	0.0
OG0002905	0.0	0.0	0.0	0.0
OG0002906	0.0	0.0	0.0	0.0
OG0002907	0.0	0.0	0.0	0.0
OG0002908	0.0	0.0	0.0	0.0
OG0002909	0.0	0.0	0.0	0.0
OG0002910	0.0	0.0	0.0	0.0
OG0002911	0.0	0.0	0.0	0.0
OG0002912	0.0	0.0	0.0	0.0
OG0002913	0.0	0.0	0.0	0.0
OG0002914	0.0	0.0	0.0	0.0
OG0002915	0.0	0.0	0.0	0.0
OG0002916	0.0	0.0	0.0	0.0
OG0002917	0.0	0.0	0.0	0.0
OG0002918	0.0	0.0	0.0	0.0
OG0002919	0.0	0.0	0.0	0.0
OG0002920	0.0	0.0	0.0	0.0
OG0002921	0.0	0.0	0.0	0.0
OG0002922	0.0	0.0	0.0	0.0
OG0002923	0.0	0.0	0.0	0.0
OG0002924	0.0	0.0	0.0	0.0
OG0002925	0.0	0.0	0.0	0.0
OG0002926	0.0	0.0	0.0	0.0
OG0002927	0.0	0.0	0.0	0.0
OG0002928	0.0	0.0	0.0	0.0
OG0002929	0.0	0.0	0.0	0.0
OG0002930	0.0	0.0	0.0	0.0
OG0002931	0.0	0.0	0.0	0.0
OG0002932	0.0	0.0	0.0	0.0
OG0002933	0.0	0.0	0.0	0.0
OG0002934	0.0	0.0	0.0	0.0
OG0002935	0.0	0.0	0.0	0.0
OG0002936	0.0	0.0	0.0	0.0
OG0002937	0.0	0.0	0.0	0.0
OG0002938	0.0	0.0	0.0	0.0
OG0002939	0.0	0.0	0.0	0.0
OG0002940	0.0	0.0	0.0	0.0
OG0002941	0.0	0.0	0.0	0.0
OG0002942	0.0	0.0	0.0	0.0
OG0002943	0.0	0.0	0.0	0.0
OG0002944	0.0	0.0	0.0	0.0
OG0002945	0.0	0.0	0.0	0.0
OG0002946	0.0	0.0	0.0	0.0
OG0002947	0.0	0.0	0.0	0.0
OG0002948	0.0	0.0	0.0	0.0
OG0002949	0.0	0.0	0.0	0.0
OG0002950	0.0	0.0	0.0	0.0
OG0002951	0.0	0.0	0.0	0.0
OG0002952	0.0	0.0	0.0	0.0
OG0002953	0.0	0.0	0.0	0.0
OG0002954	0.0	0.0	0.0	0.0
OG0002955	0.0	0.0	0.0	0.0
OG0002956	0.0	0.0	0.0	0.0
OG0002957	0.0	0.0	0.0	0.0
OG0002958	0.0	0.0	0.0	0.0
OG0002959	0.0	0.0	0.0	0.0
OG0002960	0.0	0.0	0.0	0.0
OG0002961	0.0	0.0	0.0	0.0
OG0002962	0.0	0.0	0.0	0.0
OG0002963	0.0	0.0	0.0	0.0
OG0002964	0.0	0.0	0.0	0.0
OG0002965	0.0	0.0	0.0	0.0
OG0002966	0.0	0.0	0.0	0.0
OG0002967	0.0	0.0	0.0	0.0
OG0002968	0.0	0.0	0.0	0.0
OG0002969	0.0	0.0	0.0	0.0
OG0002970	0.0	0.0	0.0	0.0
OG0002971	0.0	0.0	0.0	0.0
OG0002972	0.0	0.0	0.0	0.0
OG0002973	0.0	0.0	0.0	0.0
OG0002974	0.0	0.0	0.0	0.0
OG0002975	0.0	0.0	0.0	0.0
OG0002976	0.0	0.0	0.0	0.0
OG0002977	0.0	0.0	0.0	0.0
OG0002978	0.0	0.0	0.0	0.0
OG0002979	0.0	0.0	0.0	0.0
OG0002980	0.0	0.0	0.0	0.0
OG0002982	0.0	0.0	0.0	0.0
OG0002983	0.0	0.0	0.0	0.0
OG0002984	0.0	0.0	0.0	0.0
OG0002988	0.0	0.0	0.0	0.0
OG0002991	0.0	0.0	0.0	0.0
OG0002993	0.0	0.0	0.0	0.0
OG0002994	0.0	0.0	0.0	0.0
OG0002995	0.0	0.0	0.0	0.0
OG0002997	0.0	0.0	0.0	0.0
OG0002998	0.0	0.0	0.0	0.0
OG0003000	0.0	0.0	0.0	0.0
OG0003001	0.0	0.0	0.0	0.0
OG0003002	0.0	0.0	0.0	0.0
OG0003003	0.0	0.0	0.0	0.0
OG0003004	0.0	0.0	0.0	0.0
OG0003005	0.0	0.0	0.0	0.0
OG0003006	0.0	0.0	0.0	0.0
OG0003007	0.0	0.0	0.0	0.0
OG0003009	0.0	0.0	0.0	0.0
OG0003011	0.0	0.0	0.0	0.0
OG0003012	0.0	0.0	0.0	0.0
OG0003014	0.0	0.0	0.0	0.0
OG0003015	0.0	0.0	0.0	0.0
OG0003016	0.0	0.0	0.0	0.0
OG0003017	0.0	0.0	0.0	0.0
OG0003018	0.0	0.0	0.0	0.0
OG0003019	0.0	0.0	0.0	0.0
OG0003021	0.0	0.0	0.0	0.0
OG0003022	0.0	0.0	0.0	0.0
OG0003023	0.0	0.0	0.0	0.0
OG0003024	0.0	0.0	0.0	0.0
OG0003025	0.0	0.0	0.0	0.0
OG0003026	0.0	0.0	0.0	0.0
OG0003027	0.0	0.0	0.0	0.0
OG0003028	0.0	0.0	0.0	0.0
OG0003029	0.0	0.0	0.0	0.0
OG0003030	0.0	0.0	0.0	0.0
OG0003032	0.0	0.0	0.0	0.0
OG0003033	0.0	0.0	0.0	0.0
OG0003034	0.0	0.0	0.0	0.0
OG0003035	0.0	0.0	0.0	0.0
OG0003036	0.0	0.0	0.0	0.0
OG0003037	0.0	0.0	0.0	0.0
OG0003038	0.0	0.0	0.0	0.0
OG0003039	0.0	0.0	0.0	0.0
OG0003041	0.0	0.0	0.0	0.0
OG0003042	0.0	0.0	0.0	0.0
OG0003043	0.0	0.0	0.0	0.0
OG0003044	0.0	0.0	0.0	0.0
OG0003045	0.0	0.0	0.0	0.0
OG0003046	0.0	0.0	0.0	0.0
OG0003047	0.0	0.0	0.0	0.0
OG0003048	0.0	0.0	0.0	0.0
OG0003049	0.0	0.0	0.0	0.0
OG0003050	0.0	0.0	0.0	0.0
OG0003051	0.0	0.0	0.0	0.0
OG0003052	0.0	0.0	0.0	0.0
OG0003053	0.0	0.0	0.0	0.0
OG0003054	0.0	0.0	0.0	0.0
OG0003055	0.0	0.0	0.0	0.0
OG0003056	0.0	0.0	0.0	0.0
OG0003057	0.0	0.0	0.0	0.0
OG0003058	0.0	0.0	0.0	0.0
OG0003059	0.0	0.0	0.0	0.0
OG0003060	0.0	0.0	0.0	0.0
OG0003061	0.0	0.0	0.0	0.0
OG0003063	0.0	0.0	0.0	0.0
OG0003064	0.0	0.0	0.0	0.0
OG0003066	0.0	0.0	0.0	0.0
OG0003067	0.0	0.0	0.0	0.0
OG0003070	0.0	0.0	0.0	0.0
OG0003071	0.0	0.0	0.0	0.0
OG0003072	0.0	0.0	0.0	0.0
OG0003073	0.0	0.0	0.0	0.0
OG0003075	0.0	0.0	0.0	0.0
OG0003076	0.0	0.0	0.0	0.0
OG0003077	0.0	0.0	0.0	0.0
OG0003080	0.0	0.0	0.0	0.0
OG0003081	0.0	0.0	0.0	0.0
OG0003082	0.0	0.0	0.0	0.0
OG0003083	0.0	0.0	0.0	0.0
OG0003084	0.0	0.0	0.0	0.0
OG0003085	0.0	0.0	0.0	0.0
OG0003086	0.0	0.0	0.0	0.0
OG0003087	0.0	0.0	0.0	0.0
OG0003088	0.0	0.0	0.0	0.0
OG0003089	0.0	0.0	0.0	0.0
OG0003090	0.0	0.0	0.0	0.0
OG0003091	0.0	0.0	0.0	0.0
OG0003092	0.0	0.0	0.0	0.0
OG0003094	0.0	0.0	0.0	0.0
OG0003095	0.0	0.0	0.0	0.0
OG0003096	0.0	0.0	0.0	0.0
OG0003099	0.0	0.0	0.0	0.0
OG0003100	0.0	0.0	0.0	0.0
OG0003101	0.0	0.0	0.0	0.0
OG0003102	0.0	0.0	0.0	0.0
OG0003103	0.0	0.0	0.0	0.0
OG0003104	0.0	0.0	0.0	0.0
OG0003105	0.0	0.0	0.0	0.0
OG0003106	0.0	0.0	0.0	0.0
OG0003107	0.0	0.0	0.0	0.0
OG0003108	0.0	0.0	0.0	0.0
OG0003109	0.0	0.0	0.0	0.0
OG0003110	0.0	0.0	0.0	0.0
OG0003111	0.0	0.0	0.0	0.0
OG0003112	0.0	0.0	0.0	0.0
OG0003113	0.0	0.0	0.0	0.0
OG0003114	0.0	0.0	0.0	0.0
OG0003115	0.0	0.0	0.0	0.0
OG0003116	0.0	0.0	0.0	0.0
OG0003117	0.0	0.0	0.0	0.0
OG0003118	0.0	0.0	0.0	0.0
OG0003120	0.0	0.0	0.0	0.0
OG0003121	0.0	0.0	0.0	0.0
OG0003123	0.0	0.0	0.0	0.0
OG0003124	0.0	0.0	0.0	0.0
OG0003125	0.0	0.0	0.0	0.0
OG0003126	0.0	0.0	0.0	0.0
OG0003127	0.0	0.0	0.0	0.0
OG0003128	0.0	0.0	0.0	0.0
OG0003129	0.0	0.0	0.0	0.0
OG0003130	0.0	0.0	0.0	0.0
OG0003131	0.0	0.0	0.0	0.0
OG0003132	0.0	0.0	0.0	0.0
OG0003133	0.0	0.0	0.0	0.0
OG0003134	0.0	0.0	0.0	0.0
OG0003136	0.0	0.0	0.0	0.0
OG0003137	0.0	0.0	0.0	0.0
OG0003138	0.0	0.0	0.0	0.0
OG0003140	0.0	0.0	0.0	0.0
OG0003142	0.0	0.0	0.0	0.0
OG0003144	0.0	0.0	0.0	0.0
OG0003145	0.0	0.0	0.0	0.0
OG0003148	0.0	0.0	0.0	0.0
OG0003149	0.0	0.0	0.0	0.0
OG0003150	0.0	0.0	0.0	0.0
OG0003151	0.0	0.0	0.0	0.0
OG0003152	0.0	0.0	0.0	0.0
OG0003153	0.0	0.0	0.0	0.0
OG0003155	0.0	0.0	0.0	0.0
OG0003156	0.0	0.0	0.0	0.0
OG0003157	0.0	0.0	0.0	0.0
OG0003158	0.0	0.0	0.0	0.0
OG0003159	0.0	0.0	0.0	0.0
OG0003160	0.0	0.0	0.0	0.0
OG0003161	0.0	0.0	0.0	0.0
OG0003162	0.0	0.0	0.0	0.0
OG0003164	0.0	0.0	0.0	0.0
OG0003165	0.0	0.0	0.0	0.0
OG0003167	0.0	0.0	0.0	0.0
OG0003169	0.0	0.0	0.0	0.0
OG0003170	0.0	0.0	0.0	0.0
OG0003171	0.0	0.0	0.0	0.0
OG0003172	0.0	0.0	0.0	0.0
OG0003173	0.0	0.0	0.0	0.0
OG0003174	0.0	0.0	0.0	0.0
OG0003175	0.0	0.0	0.0	0.0
OG0003176	0.0	0.0	0.0	0.0
OG0003177	0.0	0.0	0.0	0.0
OG0003179	0.0	0.0	0.0	0.0
OG0003181	0.0	0.0	0.0	0.0
OG0003182	0.0	0.0	0.0	0.0
OG0003184	0.0	0.0	0.0	0.0
OG0003185	0.0	0.0	0.0	0.0
OG0003186	0.0	0.0	0.0	0.0
OG0003187	0.0	0.0	0.0	0.0
OG0003189	0.0	0.0	0.0	0.0
OG0003190	0.0	0.0	0.0	0.0
OG0003191	0.0	0.0	0.0	0.0
OG0003192	0.0	0.0	0.0	0.0
OG0003193	0.0	0.0	0.0	0.0
OG0003194	0.0	0.0	0.0	0.0
OG0003195	0.0	0.0	0.0	0.0
OG0003196	0.0	0.0	0.0	0.0
OG0003197	0.0	0.0	0.0	0.0
OG0003198	0.0	0.0	0.0	0.0
OG0003199	0.0	0.0	0.0	0.0
OG0003200	0.0	0.0	0.0	0.0
OG0003202	0.0	0.0	0.0	0.0
OG0003203	0.0	0.0	0.0	0.0
OG0003204	0.0	0.0	0.0	0.0
OG0003205	0.0	0.0	0.0	0.0
OG0003207	0.0	0.0	0.0	0.0
OG0003209	0.0	0.0	0.0	0.0
OG0003210	0.0	0.0	0.0	0.0
OG0003211	0.0	0.0	0.0	0.0
OG0003212	0.0	0.0	0.0	0.0
OG0003213	0.0	0.0	0.0	0.0
OG0003214	0.0	0.0	0.0	0.0
OG0003216	0.0	0.0	0.0	0.0
OG0003217	0.0	0.0	0.0	0.0
OG0003218	0.0	0.0	0.0	0.0
OG0003219	0.0	0.0	0.0	0.0
OG0003220	0.0	0.0	0.0	0.0
OG0003221	0.0	0.0	0.0	0.0
OG0003223	0.0	0.0	0.0	0.0
OG0003224	0.0	0.0	0.0	0.0
OG0003225	0.0	0.0	0.0	0.0
OG0003226	0.0	0.0	0.0	0.0
OG0003227	0.0	0.0	0.0	0.0
OG0003228	0.0	0.0	0.0	0.0
OG0003229	0.0	0.0	0.0	0.0
OG0003232	0.0	0.0	0.0	0.0
OG0003234	0.0	0.0	0.0	0.0
OG0003235	0.0	0.0	0.0	0.0
OG0003236	0.0	0.0	0.0	0.0
OG0003237	0.0	0.0	0.0	0.0
OG0003238	0.0	0.0	0.0	0.0
OG0003239	0.0	0.0	0.0	0.0
OG0003241	0.0	0.0	0.0	0.0
OG0003242	0.0	0.0	0.0	0.0
OG0003243	0.0	0.0	0.0	0.0
OG0003244	0.0	0.0	0.0	0.0
OG0003245	0.0	0.0	0.0	0.0
OG0003247	0.0	0.0	0.0	0.0
OG0003248	0.0	0.0	0.0	0.0
OG0003249	0.0	0.0	0.0	0.0
OG0003250	0.0	0.0	0.0	0.0
OG0003251	0.0	0.0	0.0	0.0
OG0003252	0.0	0.0	0.0	0.0
OG0003253	0.0	0.0	0.0	0.0
OG0003254	0.0	0.0	0.0	0.0
OG0003255	0.0	0.0	0.0	0.0
OG0003256	0.0	0.0	0.0	0.0
OG0003257	0.0	0.0	0.0	0.0
OG0003258	0.0	0.0	0.0	0.0
OG0003259	0.0	0.0	0.0	0.0
OG0003260	0.0	0.0	0.0	0.0
OG0003261	0.0	0.0	0.0	0.0
OG0003262	0.0	0.0	0.0	0.0
OG0003263	0.0	0.0	0.0	0.0
OG0003264	0.0	0.0	0.0	0.0
OG0003265	0.0	0.0	0.0	0.0
OG0003266	0.0	0.0	0.0	0.0
OG0003268	0.0	0.0	0.0	0.0
OG0003269	0.0	0.0	0.0	0.0
OG0003271	0.0	0.0	0.0	0.0
OG0003272	0.0	0.0	0.0	0.0
OG0003273	0.0	0.0	0.0	0.0
OG0003275	0.0	0.0	0.0	0.0
OG0003276	0.0	0.0	0.0	0.0
OG0003278	0.0	0.0	0.0	0.0
OG0003279	0.0	0.0	0.0	0.0
OG0003281	0.0	0.0	0.0	0.0
OG0003282	0.0	0.0	0.0	0.0
OG0003283	0.0	0.0	0.0	0.0
OG0003284	0.0	0.0	0.0	0.0
OG0003285	0.0	0.0	0.0	0.0
OG0003286	0.0	0.0	0.0	0.0
OG0003288	0.0	0.0	0.0	0.0
OG0003289	0.0	0.0	0.0	0.0
OG0003294	0.0	0.0	0.0	0.0
OG0003296	0.0	0.0	0.0	0.0
OG0003297	0.0	0.0	0.0	0.0
OG0003299	0.0	0.0	0.0	0.0
OG0003300	0.0	0.0	0.0	0.0
OG0003304	0.0	0.0	0.0	0.0
OG0003306	0.0	0.0	0.0	0.0
OG0003307	0.0	0.0	0.0	0.0
OG0003308	0.0	0.0	0.0	0.0
OG0003309	0.0	0.0	0.0	0.0
OG0003310	0.0	0.0	0.0	0.0
OG0003311	0.0	0.0	0.0	0.0
OG0003312	0.0	0.0	0.0	0.0
OG0003313	0.0	0.0	0.0	0.0
OG0003314	0.0	0.0	0.0	0.0
OG0003315	0.0	0.0	0.0	0.0
OG0003316	0.0	0.0	0.0	0.0
OG0003317	0.0	0.0	0.0	0.0
OG0003318	0.0	0.0	0.0	0.0
OG0003319	0.0	0.0	0.0	0.0
OG0003322	0.0	0.0	0.0	0.0
OG0003323	0.0	0.0	0.0	0.0
OG0003324	0.0	0.0	0.0	0.0
OG0003325	0.0	0.0	0.0	0.0
OG0003327	0.0	0.0	0.0	0.0
OG0003328	0.0	0.0	0.0	0.0
OG0003330	0.0	0.0	0.0	0.0
OG0003332	0.0	0.0	0.0	0.0
OG0003333	0.0	0.0	0.0	0.0
OG0003334	0.0	0.0	0.0	0.0
OG0003335	0.0	0.0	0.0	0.0
OG0003337	0.0	0.0	0.0	0.0
OG0003338	0.0	0.0	0.0	0.0
OG0003340	0.0	0.0	0.0	0.0
OG0003341	0.0	0.0	0.0	0.0
OG0003342	0.0	0.0	0.0	0.0
OG0003343	0.0	0.0	0.0	0.0
OG0003344	0.0	0.0	0.0	0.0
OG0003345	0.0	0.0	0.0	0.0
OG0003346	0.0	0.0	0.0	0.0
OG0003347	0.0	0.0	0.0	0.0
OG0003348	0.0	0.0	0.0	0.0
OG0003349	0.0	0.0	0.0	0.0
OG0003350	0.0	0.0	0.0	0.0
OG0003351	0.0	0.0	0.0	0.0
OG0003353	0.0	0.0	0.0	0.0
OG0003354	0.0	0.0	0.0	0.0
OG0003355	0.0	0.0	0.0	0.0
OG0003356	0.0	0.0	0.0	0.0
OG0003358	0.0	0.0	0.0	0.0
OG0003359	0.0	0.0	0.0	0.0
OG0003361	0.0	0.0	0.0	0.0
OG0003362	0.0	0.0	0.0	0.0
OG0003364	0.0	0.0	0.0	0.0
OG0003365	0.0	0.0	0.0	0.0
OG0003366	0.0	0.0	0.0	0.0
OG0003367	0.0	0.0	0.0	0.0
OG0003368	0.0	0.0	0.0	0.0
OG0003369	0.0	0.0	0.0	0.0
OG0003370	0.0	0.0	0.0	0.0
OG0003371	0.0	0.0	0.0	0.0
OG0003372	0.0	0.0	0.0	0.0
OG0003374	0.0	0.0	0.0	0.0
OG0003377	0.0	0.0	0.0	0.0
OG0003378	0.0	0.0	0.0	0.0
OG0003379	0.0	0.0	0.0	0.0
OG0003380	0.0	0.0	0.0	0.0
OG0003381	0.0	0.0	0.0	0.0
OG0003385	0.0	0.0	0.0	0.0
OG0003386	0.0	0.0	0.0	0.0
OG0003387	0.0	0.0	0.0	0.0
OG0003388	0.0	0.0	0.0	0.0
OG0003389	0.0	0.0	0.0	0.0
OG0003390	0.0	0.0	0.0	0.0
OG0003391	0.0	0.0	0.0	0.0
OG0003392	0.0	0.0	0.0	0.0
OG0003393	0.0	0.0	0.0	0.0
OG0003395	0.0	0.0	0.0	0.0
OG0003398	0.0	0.0	0.0	0.0
OG0003401	0.0	0.0	0.0	0.0
OG0003402	0.0	0.0	0.0	0.0
OG0003403	0.0	0.0	0.0	0.0
OG0003407	0.0	0.0	0.0	0.0
OG0003408	0.0	0.0	0.0	0.0
OG0003409	0.0	0.0	0.0	0.0
OG0003410	0.0	0.0	0.0	0.0
OG0003411	0.0	0.0	0.0	0.0
OG0003412	0.0	0.0	0.0	0.0
OG0003413	0.0	0.0	0.0	0.0
OG0003414	0.0	0.0	0.0	0.0
OG0003415	0.0	0.0	0.0	0.0
OG0003416	0.0	0.0	0.0	0.0
OG0003417	0.0	0.0	0.0	0.0
OG0003418	0.0	0.0	0.0	0.0
OG0003419	0.0	0.0	0.0	0.0
OG0003421	0.0	0.0	0.0	0.0
OG0003422	0.0	0.0	0.0	0.0
OG0003425	0.0	0.0	0.0	0.0
OG0003427	0.0	0.0	0.0	0.0
OG0003428	0.0	0.0	0.0	0.0
OG0003429	0.0	0.0	0.0	0.0
OG0003430	0.0	0.0	0.0	0.0
OG0003432	0.0	0.0	0.0	0.0
OG0003433	0.0	0.0	0.0	0.0
OG0003435	0.0	0.0	0.0	0.0
OG0003436	0.0	0.0	0.0	0.0
OG0003437	0.0	0.0	0.0	0.0
OG0003438	0.0	0.0	0.0	0.0
OG0003439	0.0	0.0	0.0	0.0
OG0003440	0.0	0.0	0.0	0.0
OG0003441	0.0	0.0	0.0	0.0
OG0003442	0.0	0.0	0.0	0.0
OG0003443	0.0	0.0	0.0	0.0
OG0003444	0.0	0.0	0.0	0.0
OG0003446	0.0	0.0	0.0	0.0
OG0003447	0.0	0.0	0.0	0.0
OG0003448	0.0	0.0	0.0	0.0
OG0003449	0.0	0.0	0.0	0.0
OG0003450	0.0	0.0	0.0	0.0
OG0003451	0.0	0.0	0.0	0.0
OG0003452	0.0	0.0	0.0	0.0
OG0003453	0.0	0.0	0.0	0.0
OG0003455	0.0	0.0	0.0	0.0
OG0003456	0.0	0.0	0.0	0.0
OG0003457	0.0	0.0	0.0	0.0
OG0003458	0.0	0.0	0.0	0.0
OG0003459	0.0	0.0	0.0	0.0
OG0003460	0.0	0.0	0.0	0.0
OG0003463	0.0	0.0	0.0	0.0
OG0003464	0.0	0.0	0.0	0.0
OG0003465	0.0	0.0	0.0	0.0
OG0003467	0.0	0.0	0.0	0.0
OG0003469	0.0	0.0	0.0	0.0
OG0003470	0.0	0.0	0.0	0.0
OG0003471	0.0	0.0	0.0	0.0
OG0003472	0.0	0.0	0.0	0.0
OG0003473	0.0	0.0	0.0	0.0
OG0003474	0.0	0.0	0.0	0.0
OG0003475	0.0	0.0	0.0	0.0
OG0003476	0.0	0.0	0.0	0.0
OG0003477	0.0	0.0	0.0	0.0
OG0003479	0.0	0.0	0.0	0.0
OG0003480	0.0	0.0	0.0	0.0
OG0003481	0.0	0.0	0.0	0.0
OG0003483	0.0	0.0	0.0	0.0
OG0003487	0.0	0.0	0.0	0.0
OG0003488	0.0	0.0	0.0	0.0
OG0003490	0.0	0.0	0.0	0.0
OG0003491	0.0	0.0	0.0	0.0
OG0003492	0.0	0.0	0.0	0.0
OG0003493	0.0	0.0	0.0	0.0
OG0003495	0.0	0.0	0.0	0.0
OG0003496	0.0	0.0	0.0	0.0
OG0003497	0.0	0.0	0.0	0.0
OG0003498	0.0	0.0	0.0	0.0
OG0003499	0.0	0.0	0.0	0.0
OG0003502	0.0	0.0	0.0	0.0
OG0003504	0.0	0.0	0.0	0.0
OG0003507	0.0	0.0	0.0	0.0
OG0003511	0.0	0.0	0.0	0.0
OG0003512	0.0	0.0	0.0	0.0
OG0003513	0.0	0.0	0.0	0.0
OG0003517	0.0	0.0	0.0	0.0
OG0003518	0.0	0.0	0.0	0.0
OG0003520	0.0	0.0	0.0	0.0
OG0003521	0.0	0.0	0.0	0.0
OG0003522	0.0	0.0	0.0	0.0
OG0003523	0.0	0.0	0.0	0.0
OG0003524	0.0	0.0	0.0	0.0
OG0003525	0.0	0.0	0.0	0.0
OG0003529	0.0	0.0	0.0	0.0
OG0003530	0.0	0.0	0.0	0.0
OG0003531	0.0	0.0	0.0	0.0
OG0003532	0.0	0.0	0.0	0.0
OG0003533	0.0	0.0	0.0	0.0
OG0003534	0.0	0.0	0.0	0.0
OG0003535	0.0	0.0	0.0	0.0
OG0003536	0.0	0.0	0.0	0.0
OG0003537	0.0	0.0	0.0	0.0
OG0003538	0.0	0.0	0.0	0.0
OG0003539	0.0	0.0	0.0	0.0
OG0003540	0.0	0.0	0.0	0.0
OG0003541	0.0	0.0	0.0	0.0
OG0003542	0.0	0.0	0.0	0.0
OG0003543	0.0	0.0	0.0	0.0
OG0003544	0.0	0.0	0.0	0.0
OG0003545	0.0	0.0	0.0	0.0
OG0003546	0.0	0.0	0.0	0.0
OG0003547	0.0	0.0	0.0	0.0
OG0003548	0.0	0.0	0.0	0.0
OG0003549	0.0	0.0	0.0	0.0
OG0003550	0.0	0.0	0.0	0.0
OG0003551	0.0	0.0	0.0	0.0
OG0003552	0.0	0.0	0.0	0.0
OG0003553	0.0	0.0	0.0	0.0
OG0003554	0.0	0.0	0.0	0.0
OG0003555	0.0	0.0	0.0	0.0
OG0003556	0.0	0.0	0.0	0.0
OG0003557	0.0	0.0	0.0	0.0
OG0003558	0.0	0.0	0.0	0.0
OG0003559	0.0	0.0	0.0	0.0
OG0003560	0.0	0.0	0.0	0.0
OG0003561	0.0	0.0	0.0	0.0
OG0003562	0.0	0.0	0.0	0.0
OG0003563	0.0	0.0	0.0	0.0
OG0003564	0.0	0.0	0.0	0.0
OG0003565	0.0	0.0	0.0	0.0
OG0003566	0.0	0.0	0.0	0.0
OG0003567	0.0	0.0	0.0	0.0
OG0003568	0.0	0.0	0.0	0.0
OG0003569	0.0	0.0	0.0	0.0
OG0003571	0.0	0.0	0.0	0.0
OG0003572	0.0	0.0	0.0	0.0
OG0003573	0.0	0.0	0.0	0.0
OG0003574	0.0	0.0	0.0	0.0
OG0003575	0.0	0.0	0.0	0.0
OG0003576	0.0	0.0	0.0	0.0
OG0003577	0.0	0.0	0.0	0.0
OG0003578	0.0	0.0	0.0	0.0
OG0003579	0.0	0.0	0.0	0.0
OG0003580	0.0	0.0	0.0	0.0
OG0003581	0.0	0.0	0.0	0.0
OG0003582	0.0	0.0	0.0	0.0
OG0003584	0.0	0.0	0.0	0.0
OG0003588	0.0	0.0	0.0	0.0
OG0003589	0.0	0.0	0.0	0.0
OG0003591	0.0	0.0	0.0	0.0
OG0003593	0.0	0.0	0.0	0.0
OG0003594	0.0	0.0	0.0	0.0
OG0003595	0.0	0.0	0.0	0.0
OG0003597	0.0	0.0	0.0	0.0
OG0003601	0.0	0.0	0.0	0.0
OG0003603	0.0	0.0	0.0	0.0
OG0003604	0.0	0.0	0.0	0.0
OG0003605	0.0	0.0	0.0	0.0
OG0003606	0.0	0.0	0.0	0.0
OG0003608	0.0	0.0	0.0	0.0
OG0003609	0.0	0.0	0.0	0.0
OG0003610	0.0	0.0	0.0	0.0
OG0003612	0.0	0.0	0.0	0.0
OG0003613	0.0	0.0	0.0	0.0
OG0003615	0.0	0.0	0.0	0.0
OG0003616	0.0	0.0	0.0	0.0
OG0003618	0.0	0.0	0.0	0.0
OG0003619	0.0	0.0	0.0	0.0
OG0003620	0.0	0.0	0.0	0.0
OG0003622	0.0	0.0	0.0	0.0
OG0003623	0.0	0.0	0.0	0.0
OG0003624	0.0	0.0	0.0	0.0
OG0003625	0.0	0.0	0.0	0.0
OG0003626	0.0	0.0	0.0	0.0
OG0003627	0.0	0.0	0.0	0.0
OG0003628	0.0	0.0	0.0	0.0
OG0003630	0.0	0.0	0.0	0.0
OG0003631	0.0	0.0	0.0	0.0
OG0003633	0.0	0.0	0.0	0.0
OG0003634	0.0	0.0	0.0	0.0
OG0003635	0.0	0.0	0.0	0.0
OG0003637	0.0	0.0	0.0	0.0
OG0003638	0.0	0.0	0.0	0.0
OG0003639	0.0	0.0	0.0	0.0
OG0003640	0.0	0.0	0.0	0.0
OG0003643	0.0	0.0	0.0	0.0
OG0003644	0.0	0.0	0.0	0.0
OG0003645	0.0	0.0	0.0	0.0
OG0003647	0.0	0.0	0.0	0.0
OG0003651	0.0	0.0	0.0	0.0
OG0003652	0.0	0.0	0.0	0.0
OG0003653	0.0	0.0	0.0	0.0
OG0003654	0.0	0.0	0.0	0.0
OG0003655	0.0	0.0	0.0	0.0
OG0003656	0.0	0.0	0.0	0.0
OG0003657	0.0	0.0	0.0	0.0
OG0003659	0.0	0.0	0.0	0.0
OG0003660	0.0	0.0	0.0	0.0
OG0003661	0.0	0.0	0.0	0.0
OG0003662	0.0	0.0	0.0	0.0
OG0003667	0.0	0.0	0.0	0.0
OG0003668	0.0	0.0	0.0	0.0
OG0003669	0.0	0.0	0.0	0.0
OG0003670	0.0	0.0	0.0	0.0
OG0003671	0.0	0.0	0.0	0.0
OG0003673	0.0	0.0	0.0	0.0
OG0003676	0.0	0.0	0.0	0.0
OG0003677	0.0	0.0	0.0	0.0
OG0003679	0.0	0.0	0.0	0.0
OG0003680	0.0	0.0	0.0	0.0
OG0003681	0.0	0.0	0.0	0.0
OG0003682	0.0	0.0	0.0	0.0
OG0003683	0.0	0.0	0.0	0.0
OG0003687	0.0	0.0	0.0	0.0
OG0003688	0.0	0.0	0.0	0.0
OG0003689	0.0	0.0	0.0	0.0
OG0003690	0.0	0.0	0.0	0.0
OG0003691	0.0	0.0	0.0	0.0
OG0003692	0.0	0.0	0.0	0.0
OG0003693	0.0	0.0	0.0	0.0
OG0003695	0.0	0.0	0.0	0.0
OG0003697	0.0	0.0	0.0	0.0
OG0003698	0.0	0.0	0.0	0.0
OG0003699	0.0	0.0	0.0	0.0
OG0003700	0.0	0.0	0.0	0.0
OG0003701	0.0	0.0	0.0	0.0
OG0003702	0.0	0.0	0.0	0.0
OG0003703	0.0	0.0	0.0	0.0
OG0003705	0.0	0.0	0.0	0.0
OG0003706	0.0	0.0	0.0	0.0
OG0003707	0.0	0.0	0.0	0.0
OG0003710	0.0	0.0	0.0	0.0
OG0003711	0.0	0.0	0.0	0.0
OG0003712	0.0	0.0	0.0	0.0
OG0003713	0.0	0.0	0.0	0.0
OG0003714	0.0	0.0	0.0	0.0
OG0003715	0.0	0.0	0.0	0.0
OG0003716	0.0	0.0	0.0	0.0
OG0003717	0.0	0.0	0.0	0.0
OG0003718	0.0	0.0	0.0	0.0
OG0003719	0.0	0.0	0.0	0.0
OG0003720	0.0	0.0	0.0	0.0
OG0003721	0.0	0.0	0.0	0.0
OG0003722	0.0	0.0	0.0	0.0
OG0003723	0.0	0.0	0.0	0.0
OG0003724	0.0	0.0	0.0	0.0
OG0003725	0.0	0.0	0.0	0.0
OG0003726	0.0	0.0	0.0	0.0
OG0003727	0.0	0.0	0.0	0.0
OG0003728	0.0	0.0	0.0	0.0
OG0003729	0.0	0.0	0.0	0.0
OG0003730	0.0	0.0	0.0	0.0
OG0003731	0.0	0.0	0.0	0.0
OG0003732	0.0	0.0	0.0	0.0
OG0003733	0.0	0.0	0.0	0.0
OG0003735	0.0	0.0	0.0	0.0
OG0003736	0.0	0.0	0.0	0.0
OG0003737	0.0	0.0	0.0	0.0
OG0003739	0.0	0.0	0.0	0.0
OG0003743	0.0	0.0	0.0	0.0
OG0003744	0.0	0.0	0.0	0.0
OG0003745	0.0	0.0	0.0	0.0
OG0003746	0.0	0.0	0.0	0.0
OG0003747	0.0	0.0	0.0	0.0
OG0003748	0.0	0.0	0.0	0.0
OG0003749	0.0	0.0	0.0	0.0
OG0003750	0.0	0.0	0.0	0.0
OG0003751	0.0	0.0	0.0	0.0
OG0003752	0.0	0.0	0.0	0.0
OG0003753	0.0	0.0	0.0	0.0
OG0003755	0.0	0.0	0.0	0.0
OG0003757	0.0	0.0	0.0	0.0
OG0003759	0.0	0.0	0.0	0.0
OG0003760	0.0	0.0	0.0	0.0
OG0003761	0.0	0.0	0.0	0.0
OG0003762	0.0	0.0	0.0	0.0
OG0003764	0.0	0.0	0.0	0.0
OG0003767	0.0	0.0	0.0	0.0
OG0003769	0.0	0.0	0.0	0.0
OG0003770	0.0	0.0	0.0	0.0
OG0003771	0.0	0.0	0.0	0.0
OG0003772	0.0	0.0	0.0	0.0
OG0003773	0.0	0.0	0.0	0.0
OG0003774	0.0	0.0	0.0	0.0
OG0003777	0.0	0.0	0.0	0.0
OG0003778	0.0	0.0	0.0	0.0
OG0003779	0.0	0.0	0.0	0.0
OG0003780	0.0	0.0	0.0	0.0
OG0003781	0.0	0.0	0.0	0.0
OG0003782	0.0	0.0	0.0	0.0
OG0003787	0.0	0.0	0.0	0.0
OG0003788	0.0	0.0	0.0	0.0
OG0003789	0.0	0.0	0.0	0.0
OG0003790	0.0	0.0	0.0	0.0
OG0003791	0.0	0.0	0.0	0.0
OG0003792	0.0	0.0	0.0	0.0
OG0003793	0.0	0.0	0.0	0.0
OG0003795	0.0	0.0	0.0	0.0
OG0003796	0.0	0.0	0.0	0.0
OG0003797	0.0	0.0	0.0	0.0
OG0003798	0.0	0.0	0.0	0.0
OG0003799	0.0	0.0	0.0	0.0
OG0003801	0.0	0.0	0.0	0.0
OG0003802	0.0	0.0	0.0	0.0
OG0003803	0.0	0.0	0.0	0.0
OG0003807	0.0	0.0	0.0	0.0
OG0003808	0.0	0.0	0.0	0.0
OG0003809	0.0	0.0	0.0	0.0
OG0003811	0.0	0.0	0.0	0.0
OG0003812	0.0	0.0	0.0	0.0
OG0003813	0.0	0.0	0.0	0.0
OG0003814	0.0	0.0	0.0	0.0
OG0003815	0.0	0.0	0.0	0.0
OG0003816	0.0	0.0	0.0	0.0
OG0003817	0.0	0.0	0.0	0.0
OG0003818	0.0	0.0	0.0	0.0
OG0003821	0.0	0.0	0.0	0.0
OG0003822	0.0	0.0	0.0	0.0
OG0003823	0.0	0.0	0.0	0.0
OG0003824	0.0	0.0	0.0	0.0
OG0003825	0.0	0.0	0.0	0.0
OG0003828	0.0	0.0	0.0	0.0
OG0003829	0.0	0.0	0.0	0.0
OG0003830	0.0	0.0	0.0	0.0
OG0003831	0.0	0.0	0.0	0.0
OG0003832	0.0	0.0	0.0	0.0
OG0003834	0.0	0.0	0.0	0.0
OG0003836	0.0	0.0	0.0	0.0
OG0003838	0.0	0.0	0.0	0.0
OG0003839	0.0	0.0	0.0	0.0
OG0003840	0.0	0.0	0.0	0.0
OG0003841	0.0	0.0	0.0	0.0
OG0003842	0.0	0.0	0.0	0.0
OG0003843	0.0	0.0	0.0	0.0
OG0003845	0.0	0.0	0.0	0.0
OG0003846	0.0	0.0	0.0	0.0
OG0003850	0.0	0.0	0.0	0.0
OG0003851	0.0	0.0	0.0	0.0
OG0003854	0.0	0.0	0.0	0.0
OG0003857	0.0	0.0	0.0	0.0
OG0003861	0.0	0.0	0.0	0.0
OG0003863	0.0	0.0	0.0	0.0
OG0003864	0.0	0.0	0.0	0.0
OG0003866	0.0	0.0	0.0	0.0
OG0003867	0.0	0.0	0.0	0.0
OG0003868	0.0	0.0	0.0	0.0
OG0003872	0.0	0.0	0.0	0.0
OG0003873	0.0	0.0	0.0	0.0
OG0003874	0.0	0.0	0.0	0.0
OG0003875	0.0	0.0	0.0	0.0
OG0003876	0.0	0.0	0.0	0.0
OG0003877	0.0	0.0	0.0	0.0
OG0003880	0.0	0.0	0.0	0.0
OG0003881	0.0	0.0	0.0	0.0
OG0003883	0.0	0.0	0.0	0.0
OG0003884	0.0	0.0	0.0	0.0
OG0003886	0.0	0.0	0.0	0.0
OG0003887	0.0	0.0	0.0	0.0
OG0003888	0.0	0.0	0.0	0.0
OG0003889	0.0	0.0	0.0	0.0
OG0003890	0.0	0.0	0.0	0.0
OG0003891	0.0	0.0	0.0	0.0
OG0003892	0.0	0.0	0.0	0.0
OG0003893	0.0	0.0	0.0	0.0
OG0003895	0.0	0.0	0.0	0.0
OG0003896	0.0	0.0	0.0	0.0
OG0003898	0.0	0.0	0.0	0.0
OG0003899	0.0	0.0	0.0	0.0
OG0003901	0.0	0.0	0.0	0.0
OG0003902	0.0	0.0	0.0	0.0
OG0003903	0.0	0.0	0.0	0.0
OG0003905	0.0	0.0	0.0	0.0
OG0003906	0.0	0.0	0.0	0.0
OG0003907	0.0	0.0	0.0	0.0
OG0003908	0.0	0.0	0.0	0.0
OG0003909	0.0	0.0	0.0	0.0
OG0003911	0.0	0.0	0.0	0.0
OG0003912	0.0	0.0	0.0	0.0
OG0003913	0.0	0.0	0.0	0.0
OG0003915	0.0	0.0	0.0	0.0
OG0003916	0.0	0.0	0.0	0.0
OG0003917	0.0	0.0	0.0	0.0
OG0003918	0.0	0.0	0.0	0.0
OG0003921	0.0	0.0	0.0	0.0
OG0003922	0.0	0.0	0.0	0.0
OG0003923	0.0	0.0	0.0	0.0
OG0003924	0.0	0.0	0.0	0.0
OG0003925	0.0	0.0	0.0	0.0
OG0003926	0.0	0.0	0.0	0.0
OG0003927	0.0	0.0	0.0	0.0
OG0003928	0.0	0.0	0.0	0.0
OG0003929	0.0	0.0	0.0	0.0
OG0003930	0.0	0.0	0.0	0.0
OG0003931	0.0	0.0	0.0	0.0
OG0003934	0.0	0.0	0.0	0.0
OG0003935	0.0	0.0	0.0	0.0
OG0003936	0.0	0.0	0.0	0.0
OG0003938	0.0	0.0	0.0	0.0
OG0003939	0.0	0.0	0.0	0.0
OG0003940	0.0	0.0	0.0	0.0
OG0003941	0.0	0.0	0.0	0.0
OG0003943	0.0	0.0	0.0	0.0
OG0003944	0.0	0.0	0.0	0.0
OG0003946	0.0	0.0	0.0	0.0
OG0003949	0.0	0.0	0.0	0.0
OG0003950	0.0	0.0	0.0	0.0
OG0003951	0.0	0.0	0.0	0.0
OG0003952	0.0	0.0	0.0	0.0
OG0003953	0.0	0.0	0.0	0.0
OG0003954	0.0	0.0	0.0	0.0
OG0003955	0.0	0.0	0.0	0.0
OG0003957	0.0	0.0	0.0	0.0
OG0003958	0.0	0.0	0.0	0.0
OG0003960	0.0	0.0	0.0	0.0
OG0003962	0.0	0.0	0.0	0.0
OG0003963	0.0	0.0	0.0	0.0
OG0003965	0.0	0.0	0.0	0.0
OG0003966	0.0	0.0	0.0	0.0
OG0003968	0.0	0.0	0.0	0.0
OG0003969	0.0	0.0	0.0	0.0
OG0003971	0.0	0.0	0.0	0.0
OG0003972	0.0	0.0	0.0	0.0
OG0003974	0.0	0.0	0.0	0.0
OG0003975	0.0	0.0	0.0	0.0
OG0003978	0.0	0.0	0.0	0.0
OG0003979	0.0	0.0	0.0	0.0
OG0003980	0.0	0.0	0.0	0.0
OG0003981	0.0	0.0	0.0	0.0
OG0003982	0.0	0.0	0.0	0.0
OG0003987	0.0	0.0	0.0	0.0
OG0003988	0.0	0.0	0.0	0.0
OG0003991	0.0	0.0	0.0	0.0
OG0003992	0.0	0.0	0.0	0.0
OG0003993	0.0	0.0	0.0	0.0
OG0003996	0.0	0.0	0.0	0.0
OG0003997	0.0	0.0	0.0	0.0
OG0003999	0.0	0.0	0.0	0.0
OG0004000	0.0	0.0	0.0	0.0
OG0004001	0.0	0.0	0.0	0.0
OG0004002	0.0	0.0	0.0	0.0
OG0004004	0.0	0.0	0.0	0.0
OG0004005	0.0	0.0	0.0	0.0
OG0004008	0.0	0.0	0.0	0.0
OG0004009	0.0	0.0	0.0	0.0
OG0004010	0.0	0.0	0.0	0.0
OG0004011	0.0	0.0	0.0	0.0
OG0004016	0.0	0.0	0.0	0.0
OG0004017	0.0	0.0	0.0	0.0
OG0004019	0.0	0.0	0.0	0.0
OG0004020	0.0	0.0	0.0	0.0
OG0004021	0.0	0.0	0.0	0.0
OG0004023	0.0	0.0	0.0	0.0
OG0004025	0.0	0.0	0.0	0.0
OG0004027	0.0	0.0	0.0	0.0
OG0004028	0.0	0.0	0.0	0.0
OG0004030	0.0	0.0	0.0	0.0
OG0004031	0.0	0.0	0.0	0.0
OG0004032	0.0	0.0	0.0	0.0
OG0004033	0.0	0.0	0.0	0.0
OG0004034	0.0	0.0	0.0	0.0
OG0004035	0.0	0.0	0.0	0.0
OG0004036	0.0	0.0	0.0	0.0
OG0004037	0.0	0.0	0.0	0.0
OG0004038	0.0	0.0	0.0	0.0
OG0004039	0.0	0.0	0.0	0.0
OG0004040	0.0	0.0	0.0	0.0
OG0004041	0.0	0.0	0.0	0.0
OG0004042	0.0	0.0	0.0	0.0
OG0004045	0.0	0.0	0.0	0.0
OG0004046	0.0	0.0	0.0	0.0
OG0004047	0.0	0.0	0.0	0.0
OG0004050	0.0	0.0	0.0	0.0
OG0004051	0.0	0.0	0.0	0.0
OG0004052	0.0	0.0	0.0	0.0
OG0004055	0.0	0.0	0.0	0.0
OG0004058	0.0	0.0	0.0	0.0
OG0004060	0.0	0.0	0.0	0.0
OG0004063	0.0	0.0	0.0	0.0
OG0004064	0.0	0.0	0.0	0.0
OG0004065	0.0	0.0	0.0	0.0
OG0004067	0.0	0.0	0.0	0.0
OG0004070	0.0	0.0	0.0	0.0
OG0004075	0.0	0.0	0.0	0.0
OG0004078	0.0	0.0	0.0	0.0
OG0004079	0.0	0.0	0.0	0.0
OG0004081	0.0	0.0	0.0	0.0
OG0004084	0.0	0.0	0.0	0.0
OG0004085	0.0	0.0	0.0	0.0
OG0004087	0.0	0.0	0.0	0.0
OG0004089	0.0	0.0	0.0	0.0
OG0004090	0.0	0.0	0.0	0.0
OG0004091	0.0	0.0	0.0	0.0
OG0004093	0.0	0.0	0.0	0.0
OG0004096	0.0	0.0	0.0	0.0
OG0004097	0.0	0.0	0.0	0.0
OG0004098	0.0	0.0	0.0	0.0
OG0004099	0.0	0.0	0.0	0.0
OG0004100	0.0	0.0	0.0	0.0
OG0004101	0.0	0.0	0.0	0.0
OG0004102	0.0	0.0	0.0	0.0
OG0004104	0.0	0.0	0.0	0.0
OG0004105	0.0	0.0	0.0	0.0
OG0004108	0.0	0.0	0.0	0.0
OG0004109	0.0	0.0	0.0	0.0
OG0004110	0.0	0.0	0.0	0.0
OG0004113	0.0	0.0	0.0	0.0
OG0004114	0.0	0.0	0.0	0.0
OG0004115	0.0	0.0	0.0	0.0
OG0004116	0.0	0.0	0.0	0.0
OG0004119	0.0	0.0	0.0	0.0
OG0004121	0.0	0.0	0.0	0.0
OG0004124	0.0	0.0	0.0	0.0
OG0004126	0.0	0.0	0.0	0.0
OG0004128	0.0	0.0	0.0	0.0
OG0004129	0.0	0.0	0.0	0.0
OG0004133	0.0	0.0	0.0	0.0
OG0004134	0.0	0.0	0.0	0.0
OG0004136	0.0	0.0	0.0	0.0
OG0004138	0.0	0.0	0.0	0.0
OG0004139	0.0	0.0	0.0	0.0
OG0004140	0.0	0.0	0.0	0.0
OG0004141	0.0	0.0	0.0	0.0
OG0004144	0.0	0.0	0.0	0.0
OG0004145	0.0	0.0	0.0	0.0
OG0004146	0.0	0.0	0.0	0.0
OG0004147	0.0	0.0	0.0	0.0
OG0004148	0.0	0.0	0.0	0.0
OG0004149	0.0	0.0	0.0	0.0
OG0004151	0.0	0.0	0.0	0.0
OG0004153	0.0	0.0	0.0	0.0
OG0004154	0.0	0.0	0.0	0.0
OG0004157	0.0	0.0	0.0	0.0
OG0004158	0.0	0.0	0.0	0.0
OG0004160	0.0	0.0	0.0	0.0
OG0004161	0.0	0.0	0.0	0.0
OG0004162	0.0	0.0	0.0	0.0
OG0004163	0.0	0.0	0.0	0.0
OG0004164	0.0	0.0	0.0	0.0
OG0004166	0.0	0.0	0.0	0.0
OG0004168	0.0	0.0	0.0	0.0
OG0004169	0.0	0.0	0.0	0.0
OG0004172	0.0	0.0	0.0	0.0
OG0004173	0.0	0.0	0.0	0.0
OG0004174	0.0	0.0	0.0	0.0
OG0004175	0.0	0.0	0.0	0.0
OG0004180	0.0	0.0	0.0	0.0
OG0004181	0.0	0.0	0.0	0.0
OG0004183	0.0	0.0	0.0	0.0
OG0004184	0.0	0.0	0.0	0.0
OG0004186	0.0	0.0	0.0	0.0
OG0004187	0.0	0.0	0.0	0.0
OG0004188	0.0	0.0	0.0	0.0
OG0004189	0.0	0.0	0.0	0.0
OG0004191	0.0	0.0	0.0	0.0
OG0004192	0.0	0.0	0.0	0.0
OG0004193	0.0	0.0	0.0	0.0
OG0004194	0.0	0.0	0.0	0.0
OG0004195	0.0	0.0	0.0	0.0
OG0004196	0.0	0.0	0.0	0.0
OG0004198	0.0	0.0	0.0	0.0
OG0004201	0.0	0.0	0.0	0.0
OG0004203	0.0	0.0	0.0	0.0
OG0004204	0.0	0.0	0.0	0.0
OG0004205	0.0	0.0	0.0	0.0
OG0004208	0.0	0.0	0.0	0.0
OG0004209	0.0	0.0	0.0	0.0
OG0004211	0.0	0.0	0.0	0.0
OG0004214	0.0	0.0	0.0	0.0
OG0004217	0.0	0.0	0.0	0.0
OG0004220	0.0	0.0	0.0	0.0
OG0004221	0.0	0.0	0.0	0.0
OG0004223	0.0	0.0	0.0	0.0
OG0004225	0.0	0.0	0.0	0.0
OG0004230	0.0	0.0	0.0	0.0
OG0004231	0.0	0.0	0.0	0.0
OG0004232	0.0	0.0	0.0	0.0
OG0004234	0.0	0.0	0.0	0.0
OG0004235	0.0	0.0	0.0	0.0
OG0004236	0.0	0.0	0.0	0.0
OG0004237	0.0	0.0	0.0	0.0
OG0004239	0.0	0.0	0.0	0.0
OG0004241	0.0	0.0	0.0	0.0
OG0004242	0.0	0.0	0.0	0.0
OG0004244	0.0	0.0	0.0	0.0
OG0004245	0.0	0.0	0.0	0.0
OG0004246	0.0	0.0	0.0	0.0
OG0004247	0.0	0.0	0.0	0.0
OG0004248	0.0	0.0	0.0	0.0
OG0004249	0.0	0.0	0.0	0.0
OG0004250	0.0	0.0	0.0	0.0
OG0004253	0.0	0.0	0.0	0.0
OG0004255	0.0	0.0	0.0	0.0
OG0004256	0.0	0.0	0.0	0.0
OG0004257	0.0	0.0	0.0	0.0
OG0004258	0.0	0.0	0.0	0.0
OG0004259	0.0	0.0	0.0	0.0
OG0004268	0.0	0.0	0.0	0.0
OG0004269	0.0	0.0	0.0	0.0
OG0004272	0.0	0.0	0.0	0.0
OG0004273	0.0	0.0	0.0	0.0
OG0004274	0.0	0.0	0.0	0.0
OG0004275	0.0	0.0	0.0	0.0
OG0004276	0.0	0.0	0.0	0.0
OG0004277	0.0	0.0	0.0	0.0
OG0004278	0.0	0.0	0.0	0.0
OG0004282	0.0	0.0	0.0	0.0
OG0004284	0.0	0.0	0.0	0.0
OG0004285	0.0	0.0	0.0	0.0
OG0004286	0.0	0.0	0.0	0.0
OG0004287	0.0	0.0	0.0	0.0
OG0004291	0.0	0.0	0.0	0.0
OG0004294	0.0	0.0	0.0	0.0
OG0004296	0.0	0.0	0.0	0.0
OG0004297	0.0	0.0	0.0	0.0
OG0004298	0.0	0.0	0.0	0.0
OG0004301	0.0	0.0	0.0	0.0
OG0004302	0.0	0.0	0.0	0.0
OG0004303	0.0	0.0	0.0	0.0
OG0004305	0.0	0.0	0.0	0.0
OG0004306	0.0	0.0	0.0	0.0
OG0004307	0.0	0.0	0.0	0.0
OG0004308	0.0	0.0	0.0	0.0
OG0004310	0.0	0.0	0.0	0.0
OG0004311	0.0	0.0	0.0	0.0
OG0004312	0.0	0.0	0.0	0.0
OG0004313	0.0	0.0	0.0	0.0
OG0004314	0.0	0.0	0.0	0.0
OG0004318	0.0	0.0	0.0	0.0
OG0004319	0.0	0.0	0.0	0.0
OG0004324	0.0	0.0	0.0	0.0
OG0004326	0.0	0.0	0.0	0.0
OG0004328	0.0	0.0	0.0	0.0
OG0004331	0.0	0.0	0.0	0.0
OG0004332	0.0	0.0	0.0	0.0
OG0004333	0.0	0.0	0.0	0.0
OG0004334	0.0	0.0	0.0	0.0
OG0004336	0.0	0.0	0.0	0.0
OG0004337	0.0	0.0	0.0	0.0
OG0004340	0.0	0.0	0.0	0.0
OG0004341	0.0	0.0	0.0	0.0
OG0004342	0.0	0.0	0.0	0.0
OG0004343	0.0	0.0	0.0	0.0
OG0004346	0.0	0.0	0.0	0.0
OG0004347	0.0	0.0	0.0	0.0
OG0004354	0.0	0.0	0.0	0.0
OG0004355	0.0	0.0	0.0	0.0
OG0004356	0.0	0.0	0.0	0.0
OG0004357	0.0	0.0	0.0	0.0
OG0004358	0.0	0.0	0.0	0.0
OG0004359	0.0	0.0	0.0	0.0
OG0004361	0.0	0.0	0.0	0.0
OG0004362	0.0	0.0	0.0	0.0
OG0004363	0.0	0.0	0.0	0.0
OG0004366	0.0	0.0	0.0	0.0
OG0004367	0.0	0.0	0.0	0.0
OG0004368	0.0	0.0	0.0	0.0
OG0004369	0.0	0.0	0.0	0.0
OG0004372	0.0	0.0	0.0	0.0
OG0004374	0.0	0.0	0.0	0.0
OG0004378	0.0	0.0	0.0	0.0
OG0004379	0.0	0.0	0.0	0.0
OG0004380	0.0	0.0	0.0	0.0
OG0004381	0.0	0.0	0.0	0.0
OG0004383	0.0	0.0	0.0	0.0
OG0004388	0.0	0.0	0.0	0.0
OG0004389	0.0	0.0	0.0	0.0
OG0004390	0.0	0.0	0.0	0.0
OG0004392	0.0	0.0	0.0	0.0
OG0004396	0.0	0.0	0.0	0.0
OG0004397	0.0	0.0	0.0	0.0
OG0004398	0.0	0.0	0.0	0.0
OG0004399	0.0	0.0	0.0	0.0
OG0004400	0.0	0.0	0.0	0.0
OG0004403	0.0	0.0	0.0	0.0
OG0004404	0.0	0.0	0.0	0.0
OG0004405	0.0	0.0	0.0	0.0
OG0004406	0.0	0.0	0.0	0.0
OG0004407	0.0	0.0	0.0	0.0
OG0004408	0.0	0.0	0.0	0.0
OG0004409	0.0	0.0	0.0	0.0
OG0004413	0.0	0.0	0.0	0.0
OG0004414	0.0	0.0	0.0	0.0
OG0004415	0.0	0.0	0.0	0.0
OG0004419	0.0	0.0	0.0	0.0
OG0004420	0.0	0.0	0.0	0.0
OG0004421	0.0	0.0	0.0	0.0
OG0004422	0.0	0.0	0.0	0.0
OG0004423	0.0	0.0	0.0	0.0
OG0004425	0.0	0.0	0.0	0.0
OG0004426	0.0	0.0	0.0	0.0
OG0004427	0.0	0.0	0.0	0.0
OG0004431	0.0	0.0	0.0	0.0
OG0004432	0.0	0.0	0.0	0.0
OG0004434	0.0	0.0	0.0	0.0
OG0004435	0.0	0.0	0.0	0.0
OG0004436	0.0	0.0	0.0	0.0
OG0004437	0.0	0.0	0.0	0.0
OG0004439	0.0	0.0	0.0	0.0
OG0004440	0.0	0.0	0.0	0.0
OG0004441	0.0	0.0	0.0	0.0
OG0004449	0.0	0.0	0.0	0.0
OG0004450	0.0	0.0	0.0	0.0
OG0004452	0.0	0.0	0.0	0.0
OG0004453	0.0	0.0	0.0	0.0
OG0004454	0.0	0.0	0.0	0.0
OG0004455	0.0	0.0	0.0	0.0
OG0004456	0.0	0.0	0.0	0.0
OG0004457	0.0	0.0	0.0	0.0
OG0004459	0.0	0.0	0.0	0.0
OG0004461	0.0	0.0	0.0	0.0
OG0004462	0.0	0.0	0.0	0.0
OG0004464	0.0	0.0	0.0	0.0
OG0004465	0.0	0.0	0.0	0.0
OG0004466	0.0	0.0	0.0	0.0
OG0004467	0.0	0.0	0.0	0.0
OG0004468	0.0	0.0	0.0	0.0
OG0004470	0.0	0.0	0.0	0.0
OG0004471	0.0	0.0	0.0	0.0
OG0004473	0.0	0.0	0.0	0.0
OG0004474	0.0	0.0	0.0	0.0
OG0004475	0.0	0.0	0.0	0.0
OG0004477	0.0	0.0	0.0	0.0
OG0004482	0.0	0.0	0.0	0.0
OG0004483	0.0	0.0	0.0	0.0
OG0004487	0.0	0.0	0.0	0.0
OG0004488	0.0	0.0	0.0	0.0
OG0004491	0.0	0.0	0.0	0.0
OG0004493	0.0	0.0	0.0	0.0
OG0004495	0.0	0.0	0.0	0.0
OG0004496	0.0	0.0	0.0	0.0
OG0004501	0.0	0.0	0.0	0.0
OG0004502	0.0	0.0	0.0	0.0
OG0004503	0.0	0.0	0.0	0.0
OG0004505	0.0	0.0	0.0	0.0
OG0004507	0.0	0.0	0.0	0.0
OG0004509	0.0	0.0	0.0	0.0
OG0004510	0.0	0.0	0.0	0.0
OG0004512	0.0	0.0	0.0	0.0
OG0004513	0.0	0.0	0.0	0.0
OG0004514	0.0	0.0	0.0	0.0
OG0004515	0.0	0.0	0.0	0.0
OG0004517	0.0	0.0	0.0	0.0
OG0004519	0.0	0.0	0.0	0.0
OG0004521	0.0	0.0	0.0	0.0
OG0004525	0.0	0.0	0.0	0.0
OG0004526	0.0	0.0	0.0	0.0
OG0004527	0.0	0.0	0.0	0.0
OG0004528	0.0	0.0	0.0	0.0
OG0004529	0.0	0.0	0.0	0.0
OG0004530	0.0	0.0	0.0	0.0
OG0004531	0.0	0.0	0.0	0.0
OG0004532	0.0	0.0	0.0	0.0
OG0004533	0.0	0.0	0.0	0.0
OG0004534	0.0	0.0	0.0	0.0
OG0004536	0.0	0.0	0.0	0.0
OG0004538	0.0	0.0	0.0	0.0
OG0004539	0.0	0.0	0.0	0.0
OG0004540	0.0	0.0	0.0	0.0
OG0004542	0.0	0.0	0.0	0.0
OG0004543	0.0	0.0	0.0	0.0
OG0004547	0.0	0.0	0.0	0.0
OG0004549	0.0	0.0	0.0	0.0
OG0004552	0.0	0.0	0.0	0.0
OG0004554	0.0	0.0	0.0	0.0
OG0004555	0.0	0.0	0.0	0.0
OG0004556	0.0	0.0	0.0	0.0
OG0004557	0.0	0.0	0.0	0.0
OG0004558	0.0	0.0	0.0	0.0
OG0004559	0.0	0.0	0.0	0.0
OG0004560	0.0	0.0	0.0	0.0
OG0004561	0.0	0.0	0.0	0.0
OG0004562	0.0	0.0	0.0	0.0
OG0004566	0.0	0.0	0.0	0.0
OG0004567	0.0	0.0	0.0	0.0
OG0004569	0.0	0.0	0.0	0.0
OG0004570	0.0	0.0	0.0	0.0
OG0004571	0.0	0.0	0.0	0.0
OG0004572	0.0	0.0	0.0	0.0
OG0004573	0.0	0.0	0.0	0.0
OG0004574	0.0	0.0	0.0	0.0
OG0004578	0.0	0.0	0.0	0.0
OG0004579	0.0	0.0	0.0	0.0
OG0004580	0.0	0.0	0.0	0.0
OG0004581	0.0	0.0	0.0	0.0
OG0004583	0.0	0.0	0.0	0.0
OG0004585	0.0	0.0	0.0	0.0
OG0004589	0.0	0.0	0.0	0.0
OG0004592	0.0	0.0	0.0	0.0
OG0004593	0.0	0.0	0.0	0.0
OG0004594	0.0	0.0	0.0	0.0
OG0004595	0.0	0.0	0.0	0.0
OG0004599	0.0	0.0	0.0	0.0
OG0004600	0.0	0.0	0.0	0.0
OG0004601	0.0	0.0	0.0	0.0
OG0004602	0.0	0.0	0.0	0.0
OG0004608	0.0	0.0	0.0	0.0
OG0004609	0.0	0.0	0.0	0.0
OG0004610	0.0	0.0	0.0	0.0
OG0004611	0.0	0.0	0.0	0.0
OG0004614	0.0	0.0	0.0	0.0
OG0004615	0.0	0.0	0.0	0.0
OG0004616	0.0	0.0	0.0	0.0
OG0004617	0.0	0.0	0.0	0.0
OG0004618	0.0	0.0	0.0	0.0
OG0004619	0.0	0.0	0.0	0.0
OG0004620	0.0	0.0	0.0	0.0
OG0004622	0.0	0.0	0.0	0.0
OG0004627	0.0	0.0	0.0	0.0
OG0004630	0.0	0.0	0.0	0.0
OG0004631	0.0	0.0	0.0	0.0
OG0004632	0.0	0.0	0.0	0.0
OG0004633	0.0	0.0	0.0	0.0
OG0004634	0.0	0.0	0.0	0.0
OG0004636	0.0	0.0	0.0	0.0
OG0004637	0.0	0.0	0.0	0.0
OG0004641	0.0	0.0	0.0	0.0
OG0004642	0.0	0.0	0.0	0.0
OG0004643	0.0	0.0	0.0	0.0
OG0004644	0.0	0.0	0.0	0.0
OG0004649	0.0	0.0	0.0	0.0
OG0004652	0.0	0.0	0.0	0.0
OG0004654	0.0	0.0	0.0	0.0
OG0004655	0.0	0.0	0.0	0.0
OG0004657	0.0	0.0	0.0	0.0
OG0004658	0.0	0.0	0.0	0.0
OG0004663	0.0	0.0	0.0	0.0
OG0004666	0.0	0.0	0.0	0.0
OG0004667	0.0	0.0	0.0	0.0
OG0004668	0.0	0.0	0.0	0.0
OG0004669	0.0	0.0	0.0	0.0
OG0004672	0.0	0.0	0.0	0.0
OG0004673	0.0	0.0	0.0	0.0
OG0004674	0.0	0.0	0.0	0.0
OG0004676	0.0	0.0	0.0	0.0
OG0004677	0.0	0.0	0.0	0.0
OG0004678	0.0	0.0	0.0	0.0
OG0004679	0.0	0.0	0.0	0.0
OG0004680	0.0	0.0	0.0	0.0
OG0004681	0.0	0.0	0.0	0.0
OG0004682	0.0	0.0	0.0	0.0
OG0004683	0.0	0.0	0.0	0.0
OG0004684	0.0	0.0	0.0	0.0
OG0004685	0.0	0.0	0.0	0.0
OG0004688	0.0	0.0	0.0	0.0
OG0004689	0.0	0.0	0.0	0.0
OG0004690	0.0	0.0	0.0	0.0
OG0004691	0.0	0.0	0.0	0.0
OG0004693	0.0	0.0	0.0	0.0
OG0004695	0.0	0.0	0.0	0.0
OG0004696	0.0	0.0	0.0	0.0
OG0004697	0.0	0.0	0.0	0.0
OG0004698	0.0	0.0	0.0	0.0
OG0004699	0.0	0.0	0.0	0.0
OG0004701	0.0	0.0	0.0	0.0
OG0004702	0.0	0.0	0.0	0.0
OG0004703	0.0	0.0	0.0	0.0
OG0004704	0.0	0.0	0.0	0.0
OG0004709	0.0	0.0	0.0	0.0
OG0004711	0.0	0.0	0.0	0.0
OG0004713	0.0	0.0	0.0	0.0
OG0004714	0.0	0.0	0.0	0.0
OG0004715	0.0	0.0	0.0	0.0
OG0004717	0.0	0.0	0.0	0.0
OG0004722	0.0	0.0	0.0	0.0
OG0004723	0.0	0.0	0.0	0.0
OG0004725	0.0	0.0	0.0	0.0
OG0004729	0.0	0.0	0.0	0.0
OG0004731	0.0	0.0	0.0	0.0
OG0004733	0.0	0.0	0.0	0.0
OG0004734	0.0	0.0	0.0	0.0
OG0004735	0.0	0.0	0.0	0.0
OG0004736	0.0	0.0	0.0	0.0
OG0004737	0.0	0.0	0.0	0.0
OG0004738	0.0	0.0	0.0	0.0
OG0004740	0.0	0.0	0.0	0.0
OG0004743	0.0	0.0	0.0	0.0
OG0004744	0.0	0.0	0.0	0.0
OG0004745	0.0	0.0	0.0	0.0
OG0004746	0.0	0.0	0.0	0.0
OG0004747	0.0	0.0	0.0	0.0
OG0004748	0.0	0.0	0.0	0.0
OG0004749	0.0	0.0	0.0	0.0
OG0004750	0.0	0.0	0.0	0.0
OG0004753	0.0	0.0	0.0	0.0
OG0004754	0.0	0.0	0.0	0.0
OG0004755	0.0	0.0	0.0	0.0
OG0004757	0.0	0.0	0.0	0.0
OG0004758	0.0	0.0	0.0	0.0
OG0004760	0.0	0.0	0.0	0.0
OG0004761	0.0	0.0	0.0	0.0
OG0004762	0.0	0.0	0.0	0.0
OG0004763	0.0	0.0	0.0	0.0
OG0004764	0.0	0.0	0.0	0.0
OG0004765	0.0	0.0	0.0	0.0
OG0004766	0.0	0.0	0.0	0.0
OG0004768	0.0	0.0	0.0	0.0
OG0004769	0.0	0.0	0.0	0.0
OG0004770	0.0	0.0	0.0	0.0
OG0004771	0.0	0.0	0.0	0.0
OG0004772	0.0	0.0	0.0	0.0
OG0004773	0.0	0.0	0.0	0.0
OG0004774	0.0	0.0	0.0	0.0
OG0004776	0.0	0.0	0.0	0.0
OG0004777	0.0	0.0	0.0	0.0
OG0004779	0.0	0.0	0.0	0.0
OG0004780	0.0	0.0	0.0	0.0
OG0004781	0.0	0.0	0.0	0.0
OG0004782	0.0	0.0	0.0	0.0
OG0004784	0.0	0.0	0.0	0.0
OG0004785	0.0	0.0	0.0	0.0
OG0004788	0.0	0.0	0.0	0.0
OG0004789	0.0	0.0	0.0	0.0
OG0004792	0.0	0.0	0.0	0.0
OG0004794	0.0	0.0	0.0	0.0
OG0004795	0.0	0.0	0.0	0.0
OG0004797	0.0	0.0	0.0	0.0
OG0004800	0.0	0.0	0.0	0.0
OG0004801	0.0	0.0	0.0	0.0
OG0004802	0.0	0.0	0.0	0.0
OG0004803	0.0	0.0	0.0	0.0
OG0004810	0.0	0.0	0.0	0.0
OG0004811	0.0	0.0	0.0	0.0
OG0004812	0.0	0.0	0.0	0.0
OG0004813	0.0	0.0	0.0	0.0
OG0004814	0.0	0.0	0.0	0.0
OG0004815	0.0	0.0	0.0	0.0
OG0004816	0.0	0.0	0.0	0.0
OG0004817	0.0	0.0	0.0	0.0
OG0004818	0.0	0.0	0.0	0.0
OG0004819	0.0	0.0	0.0	0.0
OG0004820	0.0	0.0	0.0	0.0
OG0004821	0.0	0.0	0.0	0.0
OG0004824	0.0	0.0	0.0	0.0
OG0004825	0.0	0.0	0.0	0.0
OG0004826	0.0	0.0	0.0	0.0
OG0004827	0.0	0.0	0.0	0.0
OG0004829	0.0	0.0	0.0	0.0
OG0004830	0.0	0.0	0.0	0.0
OG0004831	0.0	0.0	0.0	0.0
OG0004832	0.0	0.0	0.0	0.0
OG0004833	0.0	0.0	0.0	0.0
OG0004834	0.0	0.0	0.0	0.0
OG0004836	0.0	0.0	0.0	0.0
OG0004837	0.0	0.0	0.0	0.0
OG0004838	0.0	0.0	0.0	0.0
OG0004839	0.0	0.0	0.0	0.0
OG0004841	0.0	0.0	0.0	0.0
OG0004843	0.0	0.0	0.0	0.0
OG0004844	0.0	0.0	0.0	0.0
OG0004846	0.0	0.0	0.0	0.0
OG0004848	0.0	0.0	0.0	0.0
OG0004850	0.0	0.0	0.0	0.0
OG0004851	0.0	0.0	0.0	0.0
OG0004852	0.0	0.0	0.0	0.0
OG0004853	0.0	0.0	0.0	0.0
OG0004855	0.0	0.0	0.0	0.0
OG0004856	0.0	0.0	0.0	0.0
OG0004858	0.0	0.0	0.0	0.0
OG0004859	0.0	0.0	0.0	0.0
OG0004860	0.0	0.0	0.0	0.0
OG0004862	0.0	0.0	0.0	0.0
OG0004863	0.0	0.0	0.0	0.0
OG0004865	0.0	0.0	0.0	0.0
OG0004866	0.0	0.0	0.0	0.0
OG0004867	0.0	0.0	0.0	0.0
OG0004868	0.0	0.0	0.0	0.0
OG0004872	0.0	0.0	0.0	0.0
OG0004877	0.0	0.0	0.0	0.0
OG0004878	0.0	0.0	0.0	0.0
OG0004879	0.0	0.0	0.0	0.0
OG0004880	0.0	0.0	0.0	0.0
OG0004881	0.0	0.0	0.0	0.0
OG0004882	0.0	0.0	0.0	0.0
OG0004883	0.0	0.0	0.0	0.0
OG0004884	0.0	0.0	0.0	0.0
OG0004885	0.0	0.0	0.0	0.0
OG0004886	0.0	0.0	0.0	0.0
OG0004887	0.0	0.0	0.0	0.0
OG0004888	0.0	0.0	0.0	0.0
OG0004891	0.0	0.0	0.0	0.0
OG0004892	0.0	0.0	0.0	0.0
OG0004894	0.0	0.0	0.0	0.0
OG0004896	0.0	0.0	0.0	0.0
OG0004898	0.0	0.0	0.0	0.0
OG0004899	0.0	0.0	0.0	0.0
OG0004901	0.0	0.0	0.0	0.0
OG0004902	0.0	0.0	0.0	0.0
OG0004903	0.0	0.0	0.0	0.0
OG0004904	0.0	0.0	0.0	0.0
OG0004905	0.0	0.0	0.0	0.0
OG0004906	0.0	0.0	0.0	0.0
OG0004907	0.0	0.0	0.0	0.0
OG0004908	0.0	0.0	0.0	0.0
OG0004910	0.0	0.0	0.0	0.0
OG0004911	0.0	0.0	0.0	0.0
OG0004912	0.0	0.0	0.0	0.0
OG0004913	0.0	0.0	0.0	0.0
OG0004915	0.0	0.0	0.0	0.0
OG0004920	0.0	0.0	0.0	0.0
OG0004921	0.0	0.0	0.0	0.0
OG0004924	0.0	0.0	0.0	0.0
OG0004925	0.0	0.0	0.0	0.0
OG0004927	0.0	0.0	0.0	0.0
OG0004928	0.0	0.0	0.0	0.0
OG0004929	0.0	0.0	0.0	0.0
OG0004930	0.0	0.0	0.0	0.0
OG0004931	0.0	0.0	0.0	0.0
OG0004932	0.0	0.0	0.0	0.0
OG0004933	0.0	0.0	0.0	0.0
OG0004934	0.0	0.0	0.0	0.0
OG0004935	0.0	0.0	0.0	0.0
OG0004936	0.0	0.0	0.0	0.0
OG0004937	0.0	0.0	0.0	0.0
OG0004939	0.0	0.0	0.0	0.0
OG0004940	0.0	0.0	0.0	0.0
OG0004941	0.0	0.0	0.0	0.0
OG0004942	0.0	0.0	0.0	0.0
OG0004943	0.0	0.0	0.0	0.0
OG0004944	0.0	0.0	0.0	0.0
OG0004946	0.0	0.0	0.0	0.0
OG0004949	0.0	0.0	0.0	0.0
OG0004952	0.0	0.0	0.0	0.0
OG0004954	0.0	0.0	0.0	0.0
OG0004956	0.0	0.0	0.0	0.0
OG0004957	0.0	0.0	0.0	0.0
OG0004959	0.0	0.0	0.0	0.0
OG0004962	0.0	0.0	0.0	0.0
OG0004966	0.0	0.0	0.0	0.0
OG0004967	0.0	0.0	0.0	0.0
OG0004968	0.0	0.0	0.0	0.0
OG0004970	0.0	0.0	0.0	0.0
OG0004972	0.0	0.0	0.0	0.0
OG0004974	0.0	0.0	0.0	0.0
OG0004975	0.0	0.0	0.0	0.0
OG0004976	0.0	0.0	0.0	0.0
OG0004977	0.0	0.0	0.0	0.0
OG0004981	0.0	0.0	0.0	0.0
OG0004983	0.0	0.0	0.0	0.0
OG0004987	0.0	0.0	0.0	0.0
OG0004989	0.0	0.0	0.0	0.0
OG0004990	0.0	0.0	0.0	0.0
OG0004991	0.0	0.0	0.0	0.0
OG0004992	0.0	0.0	0.0	0.0
OG0004993	0.0	0.0	0.0	0.0
OG0004994	0.0	0.0	0.0	0.0
OG0004995	0.0	0.0	0.0	0.0
OG0004996	0.0	0.0	0.0	0.0
OG0004997	0.0	0.0	0.0	0.0
OG0004998	0.0	0.0	0.0	0.0
OG0005000	0.0	0.0	0.0	0.0
OG0005001	0.0	0.0	0.0	0.0
OG0005002	0.0	0.0	0.0	0.0
OG0005006	0.0	0.0	0.0	0.0
OG0005007	0.0	0.0	0.0	0.0
OG0005008	0.0	0.0	0.0	0.0
OG0005009	0.0	0.0	0.0	0.0
OG0005010	0.0	0.0	0.0	0.0
OG0005012	0.0	0.0	0.0	0.0
OG0005013	0.0	0.0	0.0	0.0
OG0005014	0.0	0.0	0.0	0.0
OG0005015	0.0	0.0	0.0	0.0
OG0005016	0.0	0.0	0.0	0.0
OG0005017	0.0	0.0	0.0	0.0
OG0005019	0.0	0.0	0.0	0.0
OG0005020	0.0	0.0	0.0	0.0
OG0005021	0.0	0.0	0.0	0.0
OG0005022	0.0	0.0	0.0	0.0
OG0005023	0.0	0.0	0.0	0.0
OG0005025	0.0	0.0	0.0	0.0
OG0005027	0.0	0.0	0.0	0.0
OG0005028	0.0	0.0	0.0	0.0
OG0005029	0.0	0.0	0.0	0.0
OG0005030	0.0	0.0	0.0	0.0
OG0005031	0.0	0.0	0.0	0.0
OG0005032	0.0	0.0	0.0	0.0
OG0005033	0.0	0.0	0.0	0.0
OG0005034	0.0	0.0	0.0	0.0
OG0005035	0.0	0.0	0.0	0.0
OG0005037	0.0	0.0	0.0	0.0
OG0005038	0.0	0.0	0.0	0.0
OG0005040	0.0	0.0	0.0	0.0
OG0005041	0.0	0.0	0.0	0.0
OG0005042	0.0	0.0	0.0	0.0
OG0005043	0.0	0.0	0.0	0.0
OG0005044	0.0	0.0	0.0	0.0
OG0005045	0.0	0.0	0.0	0.0
OG0005046	0.0	0.0	0.0	0.0
OG0005047	0.0	0.0	0.0	0.0
OG0005048	0.0	0.0	0.0	0.0
OG0005052	0.0	0.0	0.0	0.0
OG0005055	0.0	0.0	0.0	0.0
OG0005058	0.0	0.0	0.0	0.0
OG0005059	0.0	0.0	0.0	0.0
OG0005060	0.0	0.0	0.0	0.0
OG0005061	0.0	0.0	0.0	0.0
OG0005063	0.0	0.0	0.0	0.0
OG0005064	0.0	0.0	0.0	0.0
OG0005065	0.0	0.0	0.0	0.0
OG0005066	0.0	0.0	0.0	0.0
OG0005068	0.0	0.0	0.0	0.0
OG0005070	0.0	0.0	0.0	0.0
OG0005071	0.0	0.0	0.0	0.0
OG0005072	0.0	0.0	0.0	0.0
OG0005074	0.0	0.0	0.0	0.0
OG0005075	0.0	0.0	0.0	0.0
OG0005076	0.0	0.0	0.0	0.0
OG0005077	0.0	0.0	0.0	0.0
OG0005078	0.0	0.0	0.0	0.0
OG0005079	0.0	0.0	0.0	0.0
OG0005080	0.0	0.0	0.0	0.0
OG0005081	0.0	0.0	0.0	0.0
OG0005084	0.0	0.0	0.0	0.0
OG0005085	0.0	0.0	0.0	0.0
OG0005086	0.0	0.0	0.0	0.0
OG0005092	0.0	0.0	0.0	0.0
OG0005093	0.0	0.0	0.0	0.0
OG0005094	0.0	0.0	0.0	0.0
OG0005095	0.0	0.0	0.0	0.0
OG0005099	0.0	0.0	0.0	0.0
OG0005100	0.0	0.0	0.0	0.0
OG0005102	0.0	0.0	0.0	0.0
OG0005103	0.0	0.0	0.0	0.0
OG0005104	0.0	0.0	0.0	0.0
OG0005106	0.0	0.0	0.0	0.0
OG0005109	0.0	0.0	0.0	0.0
OG0005110	0.0	0.0	0.0	0.0
OG0005111	0.0	0.0	0.0	0.0
OG0005112	0.0	0.0	0.0	0.0
OG0005115	0.0	0.0	0.0	0.0
OG0005116	0.0	0.0	0.0	0.0
OG0005117	0.0	0.0	0.0	0.0
OG0005118	0.0	0.0	0.0	0.0
OG0005119	0.0	0.0	0.0	0.0
OG0005121	0.0	0.0	0.0	0.0
OG0005123	0.0	0.0	0.0	0.0
OG0005124	0.0	0.0	0.0	0.0
OG0005127	0.0	0.0	0.0	0.0
OG0005130	0.0	0.0	0.0	0.0
OG0005131	0.0	0.0	0.0	0.0
OG0005132	0.0	0.0	0.0	0.0
OG0005133	0.0	0.0	0.0	0.0
OG0005134	0.0	0.0	0.0	0.0
OG0005135	0.0	0.0	0.0	0.0
OG0005136	0.0	0.0	0.0	0.0
OG0005137	0.0	0.0	0.0	0.0
OG0005138	0.0	0.0	0.0	0.0
OG0005139	0.0	0.0	0.0	0.0
OG0005141	0.0	0.0	0.0	0.0
OG0005142	0.0	0.0	0.0	0.0
OG0005143	0.0	0.0	0.0	0.0
OG0005144	0.0	0.0	0.0	0.0
OG0005145	0.0	0.0	0.0	0.0
OG0005147	0.0	0.0	0.0	0.0
OG0005148	0.0	0.0	0.0	0.0
OG0005149	0.0	0.0	0.0	0.0
OG0005150	0.0	0.0	0.0	0.0
OG0005151	0.0	0.0	0.0	0.0
OG0005153	0.0	0.0	0.0	0.0
OG0005154	0.0	0.0	0.0	0.0
OG0005155	0.0	0.0	0.0	0.0
OG0005156	0.0	0.0	0.0	0.0
OG0005157	0.0	0.0	0.0	0.0
OG0005158	0.0	0.0	0.0	0.0
OG0005159	0.0	0.0	0.0	0.0
OG0005161	0.0	0.0	0.0	0.0
OG0005163	0.0	0.0	0.0	0.0
OG0005165	0.0	0.0	0.0	0.0
OG0005166	0.0	0.0	0.0	0.0
OG0005167	0.0	0.0	0.0	0.0
OG0005168	0.0	0.0	0.0	0.0
OG0005169	0.0	0.0	0.0	0.0
OG0005170	0.0	0.0	0.0	0.0
OG0005171	0.0	0.0	0.0	0.0
OG0005172	0.0	0.0	0.0	0.0
OG0005175	0.0	0.0	0.0	0.0
OG0005179	0.0	0.0	0.0	0.0
OG0005180	0.0	0.0	0.0	0.0
OG0005181	0.0	0.0	0.0	0.0
OG0005182	0.0	0.0	0.0	0.0
OG0005183	0.0	0.0	0.0	0.0
OG0005184	0.0	0.0	0.0	0.0
OG0005185	0.0	0.0	0.0	0.0
OG0005186	0.0	0.0	0.0	0.0
OG0005187	0.0	0.0	0.0	0.0
OG0005188	0.0	0.0	0.0	0.0
OG0005189	0.0	0.0	0.0	0.0
OG0005190	0.0	0.0	0.0	0.0
OG0005192	0.0	0.0	0.0	0.0
OG0005193	0.0	0.0	0.0	0.0
OG0005194	0.0	0.0	0.0	0.0
OG0005195	0.0	0.0	0.0	0.0
OG0005196	0.0	0.0	0.0	0.0
OG0005197	0.0	0.0	0.0	0.0
OG0005198	0.0	0.0	0.0	0.0
OG0005199	0.0	0.0	0.0	0.0
OG0005201	0.0	0.0	0.0	0.0
OG0005202	0.0	0.0	0.0	0.0
OG0005203	0.0	0.0	0.0	0.0
OG0005204	0.0	0.0	0.0	0.0
OG0005205	0.0	0.0	0.0	0.0
OG0005206	0.0	0.0	0.0	0.0
OG0005207	0.0	0.0	0.0	0.0
OG0005208	0.0	0.0	0.0	0.0
OG0005210	0.0	0.0	0.0	0.0
OG0005211	0.0	0.0	0.0	0.0
OG0005212	0.0	0.0	0.0	0.0
OG0005213	0.0	0.0	0.0	0.0
OG0005214	0.0	0.0	0.0	0.0
OG0005215	0.0	0.0	0.0	0.0
OG0005217	0.0	0.0	0.0	0.0
OG0005218	0.0	0.0	0.0	0.0
OG0005219	0.0	0.0	0.0	0.0
OG0005220	0.0	0.0	0.0	0.0
OG0005221	0.0	0.0	0.0	0.0
OG0005222	0.0	0.0	0.0	0.0
OG0005223	0.0	0.0	0.0	0.0
OG0005224	0.0	0.0	0.0	0.0
OG0005225	0.0	0.0	0.0	0.0
OG0005226	0.0	0.0	0.0	0.0
OG0005227	0.0	0.0	0.0	0.0
OG0005231	0.0	0.0	0.0	0.0
OG0005232	0.0	0.0	0.0	0.0
OG0005233	0.0	0.0	0.0	0.0
OG0005234	0.0	0.0	0.0	0.0
OG0005235	0.0	0.0	0.0	0.0
OG0005236	0.0	0.0	0.0	0.0
OG0005237	0.0	0.0	0.0	0.0
OG0005239	0.0	0.0	0.0	0.0
OG0005240	0.0	0.0	0.0	0.0
OG0005241	0.0	0.0	0.0	0.0
OG0005243	0.0	0.0	0.0	0.0
OG0005244	0.0	0.0	0.0	0.0
OG0005245	0.0	0.0	0.0	0.0
OG0005246	0.0	0.0	0.0	0.0
OG0005247	0.0	0.0	0.0	0.0
OG0005250	0.0	0.0	0.0	0.0
OG0005255	0.0	0.0	0.0	0.0
OG0005257	0.0	0.0	0.0	0.0
OG0005258	0.0	0.0	0.0	0.0
OG0005261	0.0	0.0	0.0	0.0
OG0005262	0.0	0.0	0.0	0.0
OG0005263	0.0	0.0	0.0	0.0
OG0005264	0.0	0.0	0.0	0.0
OG0005265	0.0	0.0	0.0	0.0
OG0005266	0.0	0.0	0.0	0.0
OG0005267	0.0	0.0	0.0	0.0
OG0005268	0.0	0.0	0.0	0.0
OG0005269	0.0	0.0	0.0	0.0
OG0005270	0.0	0.0	0.0	0.0
OG0005271	0.0	0.0	0.0	0.0
OG0005272	0.0	0.0	0.0	0.0
OG0005273	0.0	0.0	0.0	0.0
OG0005274	0.0	0.0	0.0	0.0
OG0005276	0.0	0.0	0.0	0.0
OG0005277	0.0	0.0	0.0	0.0
OG0005279	0.0	0.0	0.0	0.0
OG0005280	0.0	0.0	0.0	0.0
OG0005281	0.0	0.0	0.0	0.0
OG0005282	0.0	0.0	0.0	0.0
OG0005283	0.0	0.0	0.0	0.0
OG0005285	0.0	0.0	0.0	0.0
OG0005286	0.0	0.0	0.0	0.0
OG0005287	0.0	0.0	0.0	0.0
OG0005288	0.0	0.0	0.0	0.0
OG0005290	0.0	0.0	0.0	0.0
OG0005291	0.0	0.0	0.0	0.0
OG0005292	0.0	0.0	0.0	0.0
OG0005293	0.0	0.0	0.0	0.0
OG0005294	0.0	0.0	0.0	0.0
OG0005296	0.0	0.0	0.0	0.0
OG0005297	0.0	0.0	0.0	0.0
OG0005298	0.0	0.0	0.0	0.0
OG0005299	0.0	0.0	0.0	0.0
OG0005300	0.0	0.0	0.0	0.0
OG0005301	0.0	0.0	0.0	0.0
OG0005302	0.0	0.0	0.0	0.0
OG0005303	0.0	0.0	0.0	0.0
OG0005304	0.0	0.0	0.0	0.0
OG0005305	0.0	0.0	0.0	0.0
OG0005306	0.0	0.0	0.0	0.0
OG0005307	0.0	0.0	0.0	0.0
OG0005308	0.0	0.0	0.0	0.0
OG0005311	0.0	0.0	0.0	0.0
OG0005312	0.0	0.0	0.0	0.0
OG0005313	0.0	0.0	0.0	0.0
OG0005314	0.0	0.0	0.0	0.0
OG0005315	0.0	0.0	0.0	0.0
OG0005316	0.0	0.0	0.0	0.0
OG0005319	0.0	0.0	0.0	0.0
OG0005320	0.0	0.0	0.0	0.0
OG0005321	0.0	0.0	0.0	0.0
OG0005323	0.0	0.0	0.0	0.0
OG0005325	0.0	0.0	0.0	0.0
OG0005331	0.0	0.0	0.0	0.0
OG0005332	0.0	0.0	0.0	0.0
OG0005333	0.0	0.0	0.0	0.0
OG0005334	0.0	0.0	0.0	0.0
OG0005336	0.0	0.0	0.0	0.0
OG0005337	0.0	0.0	0.0	0.0
OG0005341	0.0	0.0	0.0	0.0
OG0005344	0.0	0.0	0.0	0.0
OG0005345	0.0	0.0	0.0	0.0
OG0005346	0.0	0.0	0.0	0.0
OG0005347	0.0	0.0	0.0	0.0
OG0005348	0.0	0.0	0.0	0.0
OG0005349	0.0	0.0	0.0	0.0
OG0005350	0.0	0.0	0.0	0.0
OG0005351	0.0	0.0	0.0	0.0
OG0005352	0.0	0.0	0.0	0.0
OG0005353	0.0	0.0	0.0	0.0
OG0005354	0.0	0.0	0.0	0.0
OG0005355	0.0	0.0	0.0	0.0
OG0005357	0.0	0.0	0.0	0.0
OG0005358	0.0	0.0	0.0	0.0
OG0005359	0.0	0.0	0.0	0.0
OG0005360	0.0	0.0	0.0	0.0
OG0005362	0.0	0.0	0.0	0.0
OG0005363	0.0	0.0	0.0	0.0
OG0005364	0.0	0.0	0.0	0.0
OG0005365	0.0	0.0	0.0	0.0
OG0005366	0.0	0.0	0.0	0.0
OG0005367	0.0	0.0	0.0	0.0
OG0005368	0.0	0.0	0.0	0.0
OG0005369	0.0	0.0	0.0	0.0
OG0005370	0.0	0.0	0.0	0.0
OG0005371	0.0	0.0	0.0	0.0
OG0005372	0.0	0.0	0.0	0.0
OG0005373	0.0	0.0	0.0	0.0
OG0005374	0.0	0.0	0.0	0.0
OG0005375	0.0	0.0	0.0	0.0
OG0005376	0.0	0.0	0.0	0.0
OG0005377	0.0	0.0	0.0	0.0
OG0005378	0.0	0.0	0.0	0.0
OG0005379	0.0	0.0	0.0	0.0
OG0005380	0.0	0.0	0.0	0.0
OG0005381	0.0	0.0	0.0	0.0
OG0005382	0.0	0.0	0.0	0.0
OG0005383	0.0	0.0	0.0	0.0
OG0005384	0.0	0.0	0.0	0.0
OG0005385	0.0	0.0	0.0	0.0
OG0005386	0.0	0.0	0.0	0.0
OG0005387	0.0	0.0	0.0	0.0
OG0005388	0.0	0.0	0.0	0.0
OG0005389	0.0	0.0	0.0	0.0
OG0005390	0.0	0.0	0.0	0.0
OG0005391	0.0	0.0	0.0	0.0
OG0005392	0.0	0.0	0.0	0.0
OG0005393	0.0	0.0	0.0	0.0
OG0005394	0.0	0.0	0.0	0.0
OG0005395	0.0	0.0	0.0	0.0
OG0005396	0.0	0.0	0.0	0.0
OG0005397	0.0	0.0	0.0	0.0
OG0005398	0.0	0.0	0.0	0.0
OG0005399	0.0	0.0	0.0	0.0
OG0005400	0.0	0.0	0.0	0.0
OG0005401	0.0	0.0	0.0	0.0
OG0005402	0.0	0.0	0.0	0.0
OG0005403	0.0	0.0	0.0	0.0
OG0005404	0.0	0.0	0.0	0.0
OG0005405	0.0	0.0	0.0	0.0
OG0005406	0.0	0.0	0.0	0.0
OG0005408	0.0	0.0	0.0	0.0
OG0005413	0.0	0.0	0.0	0.0
OG0005414	0.0	0.0	0.0	0.0
OG0005416	0.0	0.0	0.0	0.0
OG0005417	0.0	0.0	0.0	0.0
OG0005418	0.0	0.0	0.0	0.0
OG0005419	0.0	0.0	0.0	0.0
OG0005420	0.0	0.0	0.0	0.0
OG0005423	0.0	0.0	0.0	0.0
OG0005424	0.0	0.0	0.0	0.0
OG0005425	0.0	0.0	0.0	0.0
OG0005427	0.0	0.0	0.0	0.0
OG0005428	0.0	0.0	0.0	0.0
OG0005429	0.0	0.0	0.0	0.0
OG0005430	0.0	0.0	0.0	0.0
OG0005432	0.0	0.0	0.0	0.0
OG0005433	0.0	0.0	0.0	0.0
OG0005434	0.0	0.0	0.0	0.0
OG0005435	0.0	0.0	0.0	0.0
OG0005438	0.0	0.0	0.0	0.0
OG0005439	0.0	0.0	0.0	0.0
OG0005440	0.0	0.0	0.0	0.0
OG0005441	0.0	0.0	0.0	0.0
OG0005442	0.0	0.0	0.0	0.0
OG0005443	0.0	0.0	0.0	0.0
OG0005444	0.0	0.0	0.0	0.0
OG0005445	0.0	0.0	0.0	0.0
OG0005446	0.0	0.0	0.0	0.0
OG0005447	0.0	0.0	0.0	0.0
OG0005448	0.0	0.0	0.0	0.0
OG0005449	0.0	0.0	0.0	0.0
OG0005450	0.0	0.0	0.0	0.0
OG0005451	0.0	0.0	0.0	0.0
OG0005452	0.0	0.0	0.0	0.0
OG0005454	0.0	0.0	0.0	0.0
OG0005455	0.0	0.0	0.0	0.0
OG0005456	0.0	0.0	0.0	0.0
OG0005457	0.0	0.0	0.0	0.0
OG0005458	0.0	0.0	0.0	0.0
OG0005459	0.0	0.0	0.0	0.0
OG0005460	0.0	0.0	0.0	0.0
OG0005461	0.0	0.0	0.0	0.0
OG0005462	0.0	0.0	0.0	0.0
OG0005463	0.0	0.0	0.0	0.0
OG0005464	0.0	0.0	0.0	0.0
OG0005465	0.0	0.0	0.0	0.0
OG0005466	0.0	0.0	0.0	0.0
OG0005468	0.0	0.0	0.0	0.0
OG0005469	0.0	0.0	0.0	0.0
OG0005470	0.0	0.0	0.0	0.0
OG0005471	0.0	0.0	0.0	0.0
OG0005473	0.0	0.0	0.0	0.0
OG0005474	0.0	0.0	0.0	0.0
OG0005475	0.0	0.0	0.0	0.0
OG0005479	0.0	0.0	0.0	0.0
OG0005480	0.0	0.0	0.0	0.0
OG0005481	0.0	0.0	0.0	0.0
OG0005483	0.0	0.0	0.0	0.0
OG0005484	0.0	0.0	0.0	0.0
OG0005494	0.0	0.0	0.0	0.0
OG0005496	0.0	0.0	0.0	0.0
OG0005497	0.0	0.0	0.0	0.0
OG0005498	0.0	0.0	0.0	0.0
OG0005499	0.0	0.0	0.0	0.0
OG0005500	0.0	0.0	0.0	0.0
OG0005502	0.0	0.0	0.0	0.0
OG0005503	0.0	0.0	0.0	0.0
OG0005504	0.0	0.0	0.0	0.0
OG0005505	0.0	0.0	0.0	0.0
OG0005506	0.0	0.0	0.0	0.0
OG0005507	0.0	0.0	0.0	0.0
OG0005508	0.0	0.0	0.0	0.0
OG0005510	0.0	0.0	0.0	0.0
OG0005512	0.0	0.0	0.0	0.0
OG0005514	0.0	0.0	0.0	0.0
OG0005515	0.0	0.0	0.0	0.0
OG0005516	0.0	0.0	0.0	0.0
OG0005517	0.0	0.0	0.0	0.0
OG0005519	0.0	0.0	0.0	0.0
OG0005520	0.0	0.0	0.0	0.0
OG0005521	0.0	0.0	0.0	0.0
OG0005522	0.0	0.0	0.0	0.0
OG0005523	0.0	0.0	0.0	0.0
OG0005524	0.0	0.0	0.0	0.0
OG0005525	0.0	0.0	0.0	0.0
OG0005526	0.0	0.0	0.0	0.0
OG0005527	0.0	0.0	0.0	0.0
OG0005528	0.0	0.0	0.0	0.0
OG0005529	0.0	0.0	0.0	0.0
OG0005530	0.0	0.0	0.0	0.0
OG0005532	0.0	0.0	0.0	0.0
OG0005533	0.0	0.0	0.0	0.0
OG0005535	0.0	0.0	0.0	0.0
OG0005536	0.0	0.0	0.0	0.0
OG0005537	0.0	0.0	0.0	0.0
OG0005538	0.0	0.0	0.0	0.0
OG0005539	0.0	0.0	0.0	0.0
OG0005541	0.0	0.0	0.0	0.0
OG0005544	0.0	0.0	0.0	0.0
OG0005545	0.0	0.0	0.0	0.0
OG0005547	0.0	0.0	0.0	0.0
OG0005549	0.0	0.0	0.0	0.0
OG0005550	0.0	0.0	0.0	0.0
OG0005551	0.0	0.0	0.0	0.0
OG0005552	0.0	0.0	0.0	0.0
OG0005553	0.0	0.0	0.0	0.0
OG0005554	0.0	0.0	0.0	0.0
OG0005555	0.0	0.0	0.0	0.0
OG0005556	0.0	0.0	0.0	0.0
OG0005557	0.0	0.0	0.0	0.0
OG0005562	0.0	0.0	0.0	0.0
OG0005564	0.0	0.0	0.0	0.0
OG0005565	0.0	0.0	0.0	0.0
OG0005566	0.0	0.0	0.0	0.0
OG0005567	0.0	0.0	0.0	0.0
OG0005568	0.0	0.0	0.0	0.0
OG0005569	0.0	0.0	0.0	0.0
OG0005570	0.0	0.0	0.0	0.0
OG0005571	0.0	0.0	0.0	0.0
OG0005572	0.0	0.0	0.0	0.0
OG0005573	0.0	0.0	0.0	0.0
OG0005575	0.0	0.0	0.0	0.0
OG0005576	0.0	0.0	0.0	0.0
OG0005577	0.0	0.0	0.0	0.0
OG0005583	0.0	0.0	0.0	0.0
OG0005586	0.0	0.0	0.0	0.0
OG0005587	0.0	0.0	0.0	0.0
OG0005588	0.0	0.0	0.0	0.0
OG0005589	0.0	0.0	0.0	0.0
OG0005590	0.0	0.0	0.0	0.0
OG0005591	0.0	0.0	0.0	0.0
OG0005592	0.0	0.0	0.0	0.0
OG0005593	0.0	0.0	0.0	0.0
OG0005594	0.0	0.0	0.0	0.0
OG0005596	0.0	0.0	0.0	0.0
OG0005598	0.0	0.0	0.0	0.0
OG0005599	0.0	0.0	0.0	0.0
OG0005600	0.0	0.0	0.0	0.0
OG0005601	0.0	0.0	0.0	0.0
OG0005602	0.0	0.0	0.0	0.0
OG0005603	0.0	0.0	0.0	0.0
OG0005604	0.0	0.0	0.0	0.0
OG0005605	0.0	0.0	0.0	0.0
OG0005606	0.0	0.0	0.0	0.0
OG0005607	0.0	0.0	0.0	0.0
OG0005608	0.0	0.0	0.0	0.0
OG0005609	0.0	0.0	0.0	0.0
OG0005610	0.0	0.0	0.0	0.0
OG0005611	0.0	0.0	0.0	0.0
OG0005612	0.0	0.0	0.0	0.0
OG0005613	0.0	0.0	0.0	0.0
OG0005614	0.0	0.0	0.0	0.0
OG0005615	0.0	0.0	0.0	0.0
OG0005616	0.0	0.0	0.0	0.0
OG0005617	0.0	0.0	0.0	0.0
OG0005618	0.0	0.0	0.0	0.0
OG0005619	0.0	0.0	0.0	0.0
OG0005620	0.0	0.0	0.0	0.0
OG0005621	0.0	0.0	0.0	0.0
OG0005622	0.0	0.0	0.0	0.0
OG0005623	0.0	0.0	0.0	0.0
OG0005625	0.0	0.0	0.0	0.0
OG0005627	0.0	0.0	0.0	0.0
OG0005628	0.0	0.0	0.0	0.0
OG0005629	0.0	0.0	0.0	0.0
OG0005630	0.0	0.0	0.0	0.0
OG0005631	0.0	0.0	0.0	0.0
OG0005632	0.0	0.0	0.0	0.0
OG0005633	0.0	0.0	0.0	0.0
OG0005634	0.0	0.0	0.0	0.0
OG0005635	0.0	0.0	0.0	0.0
OG0005636	0.0	0.0	0.0	0.0
OG0005637	0.0	0.0	0.0	0.0
OG0005638	0.0	0.0	0.0	0.0
OG0005639	0.0	0.0	0.0	0.0
OG0005643	0.0	0.0	0.0	0.0
OG0005644	0.0	0.0	0.0	0.0
OG0005646	0.0	0.0	0.0	0.0
OG0005647	0.0	0.0	0.0	0.0
OG0005648	0.0	0.0	0.0	0.0
OG0005649	0.0	0.0	0.0	0.0
OG0005650	0.0	0.0	0.0	0.0
OG0005652	0.0	0.0	0.0	0.0
OG0005653	0.0	0.0	0.0	0.0
OG0005654	0.0	0.0	0.0	0.0
OG0005655	0.0	0.0	0.0	0.0
OG0005656	0.0	0.0	0.0	0.0
OG0005657	0.0	0.0	0.0	0.0
OG0005658	0.0	0.0	0.0	0.0
OG0005659	0.0	0.0	0.0	0.0
OG0005669	0.0	0.0	0.0	0.0
OG0005670	0.0	0.0	0.0	0.0
OG0005671	0.0	0.0	0.0	0.0
OG0005672	0.0	0.0	0.0	0.0
OG0005673	0.0	0.0	0.0	0.0
OG0005674	0.0	0.0	0.0	0.0
OG0005676	0.0	0.0	0.0	0.0
OG0005677	0.0	0.0	0.0	0.0
OG0005678	0.0	0.0	0.0	0.0
OG0005679	0.0	0.0	0.0	0.0
OG0005680	0.0	0.0	0.0	0.0
OG0005682	0.0	0.0	0.0	0.0
OG0005683	0.0	0.0	0.0	0.0
OG0005685	0.0	0.0	0.0	0.0
OG0005686	0.0	0.0	0.0	0.0
OG0005688	0.0	0.0	0.0	0.0
OG0005689	0.0	0.0	0.0	0.0
OG0005691	0.0	0.0	0.0	0.0
OG0005692	0.0	0.0	0.0	0.0
OG0005693	0.0	0.0	0.0	0.0
OG0005694	0.0	0.0	0.0	0.0
OG0005695	0.0	0.0	0.0	0.0
OG0005696	0.0	0.0	0.0	0.0
OG0005697	0.0	0.0	0.0	0.0
OG0005698	0.0	0.0	0.0	0.0
OG0005699	0.0	0.0	0.0	0.0
OG0005702	0.0	0.0	0.0	0.0
OG0005703	0.0	0.0	0.0	0.0
OG0005705	0.0	0.0	0.0	0.0
OG0005706	0.0	0.0	0.0	0.0
OG0005707	0.0	0.0	0.0	0.0
OG0005708	0.0	0.0	0.0	0.0
OG0005709	0.0	0.0	0.0	0.0
OG0005710	0.0	0.0	0.0	0.0
OG0005711	0.0	0.0	0.0	0.0
OG0005712	0.0	0.0	0.0	0.0
OG0005713	0.0	0.0	0.0	0.0
OG0005714	0.0	0.0	0.0	0.0
OG0005715	0.0	0.0	0.0	0.0
OG0005716	0.0	0.0	0.0	0.0
OG0005718	0.0	0.0	0.0	0.0
OG0005719	0.0	0.0	0.0	0.0
OG0005720	0.0	0.0	0.0	0.0
OG0005721	0.0	0.0	0.0	0.0
OG0005722	0.0	0.0	0.0	0.0
OG0005723	0.0	0.0	0.0	0.0
OG0005724	0.0	0.0	0.0	0.0
OG0005725	0.0	0.0	0.0	0.0
OG0005727	0.0	0.0	0.0	0.0
OG0005728	0.0	0.0	0.0	0.0
OG0005729	0.0	0.0	0.0	0.0
OG0005730	0.0	0.0	0.0	0.0
OG0005731	0.0	0.0	0.0	0.0
OG0005733	0.0	0.0	0.0	0.0
OG0005734	0.0	0.0	0.0	0.0
OG0005735	0.0	0.0	0.0	0.0
OG0005736	0.0	0.0	0.0	0.0
OG0005740	0.0	0.0	0.0	0.0
OG0005741	0.0	0.0	0.0	0.0
OG0005742	0.0	0.0	0.0	0.0
OG0005743	0.0	0.0	0.0	0.0
OG0005744	0.0	0.0	0.0	0.0
OG0005745	0.0	0.0	0.0	0.0
OG0005746	0.0	0.0	0.0	0.0
OG0005747	0.0	0.0	0.0	0.0
OG0005748	0.0	0.0	0.0	0.0
OG0005749	0.0	0.0	0.0	0.0
OG0005750	0.0	0.0	0.0	0.0
OG0005751	0.0	0.0	0.0	0.0
OG0005752	0.0	0.0	0.0	0.0
OG0005753	0.0	0.0	0.0	0.0
OG0005754	0.0	0.0	0.0	0.0
OG0005755	0.0	0.0	0.0	0.0
OG0005762	0.0	0.0	0.0	0.0
OG0005768	0.0	0.0	0.0	0.0
OG0005769	0.0	0.0	0.0	0.0
OG0005770	0.0	0.0	0.0	0.0
OG0005771	0.0	0.0	0.0	0.0
OG0005772	0.0	0.0	0.0	0.0
OG0005773	0.0	0.0	0.0	0.0
OG0005774	0.0	0.0	0.0	0.0
OG0005775	0.0	0.0	0.0	0.0
OG0005776	0.0	0.0	0.0	0.0
OG0005778	0.0	0.0	0.0	0.0
OG0005779	0.0	0.0	0.0	0.0
OG0005780	0.0	0.0	0.0	0.0
OG0005781	0.0	0.0	0.0	0.0
OG0005782	0.0	0.0	0.0	0.0
OG0005783	0.0	0.0	0.0	0.0
OG0005784	0.0	0.0	0.0	0.0
OG0005785	0.0	0.0	0.0	0.0
OG0005786	0.0	0.0	0.0	0.0
OG0005787	0.0	0.0	0.0	0.0
OG0005788	0.0	0.0	0.0	0.0
OG0005789	0.0	0.0	0.0	0.0
OG0005790	0.0	0.0	0.0	0.0
OG0005791	0.0	0.0	0.0	0.0
OG0005792	0.0	0.0	0.0	0.0
OG0005793	0.0	0.0	0.0	0.0
OG0005794	0.0	0.0	0.0	0.0
OG0005795	0.0	0.0	0.0	0.0
OG0005796	0.0	0.0	0.0	0.0
OG0005797	0.0	0.0	0.0	0.0
OG0005798	0.0	0.0	0.0	0.0
OG0005799	0.0	0.0	0.0	0.0
OG0005800	0.0	0.0	0.0	0.0
OG0005802	0.0	0.0	0.0	0.0
OG0005803	0.0	0.0	0.0	0.0
OG0005804	0.0	0.0	0.0	0.0
OG0005805	0.0	0.0	0.0	0.0
OG0005806	0.0	0.0	0.0	0.0
OG0005807	0.0	0.0	0.0	0.0
OG0005810	0.0	0.0	0.0	0.0
OG0005811	0.0	0.0	0.0	0.0
OG0005815	0.0	0.0	0.0	0.0
OG0005816	0.0	0.0	0.0	0.0
OG0005817	0.0	0.0	0.0	0.0
OG0005818	0.0	0.0	0.0	0.0
OG0005819	0.0	0.0	0.0	0.0
OG0005820	0.0	0.0	0.0	0.0
OG0005821	0.0	0.0	0.0	0.0
OG0005822	0.0	0.0	0.0	0.0
OG0005823	0.0	0.0	0.0	0.0
OG0005825	0.0	0.0	0.0	0.0
OG0005827	0.0	0.0	0.0	0.0
OG0005828	0.0	0.0	0.0	0.0
OG0005829	0.0	0.0	0.0	0.0
OG0005832	0.0	0.0	0.0	0.0
OG0005833	0.0	0.0	0.0	0.0
OG0005834	0.0	0.0	0.0	0.0
OG0005836	0.0	0.0	0.0	0.0
OG0005837	0.0	0.0	0.0	0.0
OG0005838	0.0	0.0	0.0	0.0
OG0005839	0.0	0.0	0.0	0.0
OG0005841	0.0	0.0	0.0	0.0
OG0005843	0.0	0.0	0.0	0.0
OG0005844	0.0	0.0	0.0	0.0
OG0005845	0.0	0.0	0.0	0.0
OG0005846	0.0	0.0	0.0	0.0
OG0005847	0.0	0.0	0.0	0.0
OG0005848	0.0	0.0	0.0	0.0
OG0005849	0.0	0.0	0.0	0.0
OG0005850	0.0	0.0	0.0	0.0
OG0005851	0.0	0.0	0.0	0.0
OG0005852	0.0	0.0	0.0	0.0
OG0005854	0.0	0.0	0.0	0.0
OG0005860	0.0	0.0	0.0	0.0
OG0005861	0.0	0.0	0.0	0.0
OG0005863	0.0	0.0	0.0	0.0
OG0005868	0.0	0.0	0.0	0.0
OG0005869	0.0	0.0	0.0	0.0
OG0005871	0.0	0.0	0.0	0.0
OG0005872	0.0	0.0	0.0	0.0
OG0005873	0.0	0.0	0.0	0.0
OG0005874	0.0	0.0	0.0	0.0
OG0005875	0.0	0.0	0.0	0.0
OG0005876	0.0	0.0	0.0	0.0
OG0005877	0.0	0.0	0.0	0.0
OG0005878	0.0	0.0	0.0	0.0
OG0005879	0.0	0.0	0.0	0.0
OG0005880	0.0	0.0	0.0	0.0
OG0005881	0.0	0.0	0.0	0.0
OG0005882	0.0	0.0	0.0	0.0
OG0005883	0.0	0.0	0.0	0.0
OG0005884	0.0	0.0	0.0	0.0
OG0005885	0.0	0.0	0.0	0.0
OG0005887	0.0	0.0	0.0	0.0
OG0005888	0.0	0.0	0.0	0.0
OG0005889	0.0	0.0	0.0	0.0
OG0005890	0.0	0.0	0.0	0.0
OG0005892	0.0	0.0	0.0	0.0
OG0005894	0.0	0.0	0.0	0.0
OG0005895	0.0	0.0	0.0	0.0
OG0005896	0.0	0.0	0.0	0.0
OG0005897	0.0	0.0	0.0	0.0
OG0005898	0.0	0.0	0.0	0.0
OG0005899	0.0	0.0	0.0	0.0
OG0005900	0.0	0.0	0.0	0.0
OG0005902	0.0	0.0	0.0	0.0
OG0005903	0.0	0.0	0.0	0.0
OG0005905	0.0	0.0	0.0	0.0
OG0005906	0.0	0.0	0.0	0.0
OG0005907	0.0	0.0	0.0	0.0
OG0005908	0.0	0.0	0.0	0.0
OG0005910	0.0	0.0	0.0	0.0
OG0005911	0.0	0.0	0.0	0.0
OG0005912	0.0	0.0	0.0	0.0
OG0005913	0.0	0.0	0.0	0.0
OG0005915	0.0	0.0	0.0	0.0
OG0005916	0.0	0.0	0.0	0.0
OG0005917	0.0	0.0	0.0	0.0
OG0005918	0.0	0.0	0.0	0.0
OG0005919	0.0	0.0	0.0	0.0
OG0005920	0.0	0.0	0.0	0.0
OG0005921	0.0	0.0	0.0	0.0
OG0005922	0.0	0.0	0.0	0.0
OG0005923	0.0	0.0	0.0	0.0
OG0005924	0.0	0.0	0.0	0.0
OG0005925	0.0	0.0	0.0	0.0
OG0005926	0.0	0.0	0.0	0.0
OG0005927	0.0	0.0	0.0	0.0
OG0005928	0.0	0.0	0.0	0.0
OG0005929	0.0	0.0	0.0	0.0
OG0005930	0.0	0.0	0.0	0.0
OG0005931	0.0	0.0	0.0	0.0
OG0005932	0.0	0.0	0.0	0.0
OG0005934	0.0	0.0	0.0	0.0
OG0005935	0.0	0.0	0.0	0.0
OG0005937	0.0	0.0	0.0	0.0
OG0005939	0.0	0.0	0.0	0.0
OG0005940	0.0	0.0	0.0	0.0
OG0005941	0.0	0.0	0.0	0.0
OG0005942	0.0	0.0	0.0	0.0
OG0005943	0.0	0.0	0.0	0.0
OG0005944	0.0	0.0	0.0	0.0
OG0005945	0.0	0.0	0.0	0.0
OG0005946	0.0	0.0	0.0	0.0
OG0005947	0.0	0.0	0.0	0.0
OG0005948	0.0	0.0	0.0	0.0
OG0005949	0.0	0.0	0.0	0.0
OG0005950	0.0	0.0	0.0	0.0
OG0005951	0.0	0.0	0.0	0.0
OG0005952	0.0	0.0	0.0	0.0
OG0005953	0.0	0.0	0.0	0.0
OG0005954	0.0	0.0	0.0	0.0
OG0005955	0.0	0.0	0.0	0.0
OG0005956	0.0	0.0	0.0	0.0
OG0005957	0.0	0.0	0.0	0.0
OG0005958	0.0	0.0	0.0	0.0
OG0005964	0.0	0.0	0.0	0.0
OG0005965	0.0	0.0	0.0	0.0
OG0005966	0.0	0.0	0.0	0.0
OG0005967	0.0	0.0	0.0	0.0
OG0005968	0.0	0.0	0.0	0.0
OG0005969	0.0	0.0	0.0	0.0
OG0005970	0.0	0.0	0.0	0.0
OG0005974	0.0	0.0	0.0	0.0
OG0005975	0.0	0.0	0.0	0.0
OG0005976	0.0	0.0	0.0	0.0
OG0005977	0.0	0.0	0.0	0.0
OG0005978	0.0	0.0	0.0	0.0
OG0005979	0.0	0.0	0.0	0.0
OG0005980	0.0	0.0	0.0	0.0
OG0005981	0.0	0.0	0.0	0.0
OG0005982	0.0	0.0	0.0	0.0
OG0005983	0.0	0.0	0.0	0.0
OG0005984	0.0	0.0	0.0	0.0
OG0005986	0.0	0.0	0.0	0.0
OG0005987	0.0	0.0	0.0	0.0
OG0005988	0.0	0.0	0.0	0.0
OG0005989	0.0	0.0	0.0	0.0
OG0005990	0.0	0.0	0.0	0.0
OG0005991	0.0	0.0	0.0	0.0
OG0005992	0.0	0.0	0.0	0.0
OG0005993	0.0	0.0	0.0	0.0
OG0005995	0.0	0.0	0.0	0.0
OG0005997	0.0	0.0	0.0	0.0
OG0005998	0.0	0.0	0.0	0.0
OG0005999	0.0	0.0	0.0	0.0
OG0006001	0.0	0.0	0.0	0.0
OG0006002	0.0	0.0	0.0	0.0
OG0006003	0.0	0.0	0.0	0.0
OG0006004	0.0	0.0	0.0	0.0
OG0006005	0.0	0.0	0.0	0.0
OG0006006	0.0	0.0	0.0	0.0
OG0006007	0.0	0.0	0.0	0.0
OG0006008	0.0	0.0	0.0	0.0
OG0006009	0.0	0.0	0.0	0.0
OG0006010	0.0	0.0	0.0	0.0
OG0006011	0.0	0.0	0.0	0.0
OG0006012	0.0	0.0	0.0	0.0
OG0006013	0.0	0.0	0.0	0.0
OG0006014	0.0	0.0	0.0	0.0
OG0006015	0.0	0.0	0.0	0.0
OG0006016	0.0	0.0	0.0	0.0
OG0006017	0.0	0.0	0.0	0.0
OG0006018	0.0	0.0	0.0	0.0
OG0006019	0.0	0.0	0.0	0.0
OG0006020	0.0	0.0	0.0	0.0
OG0006021	0.0	0.0	0.0	0.0
OG0006022	0.0	0.0	0.0	0.0
OG0006023	0.0	0.0	0.0	0.0
OG0006024	0.0	0.0	0.0	0.0
OG0006025	0.0	0.0	0.0	0.0
OG0006026	0.0	0.0	0.0	0.0
OG0006027	0.0	0.0	0.0	0.0
OG0006028	0.0	0.0	0.0	0.0
OG0006030	0.0	0.0	0.0	0.0
OG0006031	0.0	0.0	0.0	0.0
OG0006032	0.0	0.0	0.0	0.0
OG0006036	0.0	0.0	0.0	0.0
OG0006037	0.0	0.0	0.0	0.0
OG0006039	0.0	0.0	0.0	0.0
OG0006040	0.0	0.0	0.0	0.0
OG0006041	0.0	0.0	0.0	0.0
OG0006042	0.0	0.0	0.0	0.0
OG0006043	0.0	0.0	0.0	0.0
OG0006044	0.0	0.0	0.0	0.0
OG0006045	0.0	0.0	0.0	0.0
OG0006046	0.0	0.0	0.0	0.0
OG0006047	0.0	0.0	0.0	0.0
OG0006048	0.0	0.0	0.0	0.0
OG0006049	0.0	0.0	0.0	0.0
OG0006050	0.0	0.0	0.0	0.0
OG0006051	0.0	0.0	0.0	0.0
OG0006052	0.0	0.0	0.0	0.0
OG0006053	0.0	0.0	0.0	0.0
OG0006054	0.0	0.0	0.0	0.0
OG0006055	0.0	0.0	0.0	0.0
OG0006056	0.0	0.0	0.0	0.0
OG0006057	0.0	0.0	0.0	0.0
OG0006058	0.0	0.0	0.0	0.0
OG0006059	0.0	0.0	0.0	0.0
OG0006060	0.0	0.0	0.0	0.0
OG0006061	0.0	0.0	0.0	0.0
OG0006062	0.0	0.0	0.0	0.0
OG0006063	0.0	0.0	0.0	0.0
OG0006064	0.0	0.0	0.0	0.0
OG0006065	0.0	0.0	0.0	0.0
OG0006066	0.0	0.0	0.0	0.0
OG0006067	0.0	0.0	0.0	0.0
OG0006068	0.0	0.0	0.0	0.0
OG0006069	0.0	0.0	0.0	0.0
OG0006070	0.0	0.0	0.0	0.0
OG0006074	0.0	0.0	0.0	0.0
OG0006087	0.0	0.0	0.0	0.0
OG0006088	0.0	0.0	0.0	0.0
OG0006090	0.0	0.0	0.0	0.0
OG0006092	0.0	0.0	0.0	0.0
OG0006094	0.0	0.0	0.0	0.0
OG0006095	0.0	0.0	0.0	0.0
OG0006096	0.0	0.0	0.0	0.0
OG0006097	0.0	0.0	0.0	0.0
OG0006099	0.0	0.0	0.0	0.0
OG0006100	0.0	0.0	0.0	0.0
OG0006101	0.0	0.0	0.0	0.0
OG0006102	0.0	0.0	0.0	0.0
OG0006103	0.0	0.0	0.0	0.0
OG0006104	0.0	0.0	0.0	0.0
OG0006105	0.0	0.0	0.0	0.0
OG0006106	0.0	0.0	0.0	0.0
OG0006107	0.0	0.0	0.0	0.0
OG0006108	0.0	0.0	0.0	0.0
OG0006109	0.0	0.0	0.0	0.0
OG0006110	0.0	0.0	0.0	0.0
OG0006111	0.0	0.0	0.0	0.0
OG0006112	0.0	0.0	0.0	0.0
OG0006113	0.0	0.0	0.0	0.0
OG0006114	0.0	0.0	0.0	0.0
OG0006116	0.0	0.0	0.0	0.0
OG0006117	0.0	0.0	0.0	0.0
OG0006118	0.0	0.0	0.0	0.0
OG0006119	0.0	0.0	0.0	0.0
OG0006120	0.0	0.0	0.0	0.0
OG0006121	0.0	0.0	0.0	0.0
OG0006122	0.0	0.0	0.0	0.0
OG0006123	0.0	0.0	0.0	0.0
OG0006124	0.0	0.0	0.0	0.0
OG0006125	0.0	0.0	0.0	0.0
OG0006126	0.0	0.0	0.0	0.0
OG0006127	0.0	0.0	0.0	0.0
OG0006128	0.0	0.0	0.0	0.0
OG0006129	0.0	0.0	0.0	0.0
OG0006130	0.0	0.0	0.0	0.0
OG0006132	0.0	0.0	0.0	0.0
OG0006133	0.0	0.0	0.0	0.0
OG0006134	0.0	0.0	0.0	0.0
OG0006135	0.0	0.0	0.0	0.0
OG0006136	0.0	0.0	0.0	0.0
OG0006137	0.0	0.0	0.0	0.0
OG0006140	0.0	0.0	0.0	0.0
OG0006141	0.0	0.0	0.0	0.0
OG0006142	0.0	0.0	0.0	0.0
OG0006143	0.0	0.0	0.0	0.0
OG0006144	0.0	0.0	0.0	0.0
OG0006145	0.0	0.0	0.0	0.0
OG0006146	0.0	0.0	0.0	0.0
OG0006147	0.0	0.0	0.0	0.0
OG0006148	0.0	0.0	0.0	0.0
OG0006149	0.0	0.0	0.0	0.0
OG0006150	0.0	0.0	0.0	0.0
OG0006151	0.0	0.0	0.0	0.0
OG0006152	0.0	0.0	0.0	0.0
OG0006154	0.0	0.0	0.0	0.0
OG0006155	0.0	0.0	0.0	0.0
OG0006156	0.0	0.0	0.0	0.0
OG0006157	0.0	0.0	0.0	0.0
OG0006158	0.0	0.0	0.0	0.0
OG0006159	0.0	0.0	0.0	0.0
OG0006160	0.0	0.0	0.0	0.0
OG0006161	0.0	0.0	0.0	0.0
OG0006162	0.0	0.0	0.0	0.0
OG0006163	0.0	0.0	0.0	0.0
OG0006164	0.0	0.0	0.0	0.0
OG0006165	0.0	0.0	0.0	0.0
OG0006166	0.0	0.0	0.0	0.0
OG0006167	0.0	0.0	0.0	0.0
OG0006169	0.0	0.0	0.0	0.0
OG0006173	0.0	0.0	0.0	0.0
OG0006175	0.0	0.0	0.0	0.0
OG0006176	0.0	0.0	0.0	0.0
OG0006179	0.0	0.0	0.0	0.0
OG0006180	0.0	0.0	0.0	0.0
OG0006181	0.0	0.0	0.0	0.0
OG0006182	0.0	0.0	0.0	0.0
OG0006183	0.0	0.0	0.0	0.0
OG0006184	0.0	0.0	0.0	0.0
OG0006185	0.0	0.0	0.0	0.0
OG0006186	0.0	0.0	0.0	0.0
OG0006187	0.0	0.0	0.0	0.0
OG0006188	0.0	0.0	0.0	0.0
OG0006189	0.0	0.0	0.0	0.0
OG0006190	0.0	0.0	0.0	0.0
OG0006191	0.0	0.0	0.0	0.0
OG0006192	0.0	0.0	0.0	0.0
OG0006193	0.0	0.0	0.0	0.0
OG0006194	0.0	0.0	0.0	0.0
OG0006195	0.0	0.0	0.0	0.0
OG0006208	0.0	0.0	0.0	0.0
OG0006209	0.0	0.0	0.0	0.0
OG0006210	0.0	0.0	0.0	0.0
OG0006211	0.0	0.0	0.0	0.0
OG0006212	0.0	0.0	0.0	0.0
OG0006214	0.0	0.0	0.0	0.0
OG0006216	0.0	0.0	0.0	0.0
OG0006217	0.0	0.0	0.0	0.0
OG0006218	0.0	0.0	0.0	0.0
OG0006219	0.0	0.0	0.0	0.0
OG0006220	0.0	0.0	0.0	0.0
OG0006221	0.0	0.0	0.0	0.0
OG0006222	0.0	0.0	0.0	0.0
OG0006223	0.0	0.0	0.0	0.0
OG0006224	0.0	0.0	0.0	0.0
OG0006225	0.0	0.0	0.0	0.0
OG0006226	0.0	0.0	0.0	0.0
OG0006227	0.0	0.0	0.0	0.0
OG0006228	0.0	0.0	0.0	0.0
OG0006229	0.0	0.0	0.0	0.0
OG0006230	0.0	0.0	0.0	0.0
OG0006231	0.0	0.0	0.0	0.0
OG0006232	0.0	0.0	0.0	0.0
OG0006233	0.0	0.0	0.0	0.0
OG0006234	0.0	0.0	0.0	0.0
OG0006235	0.0	0.0	0.0	0.0
OG0006236	0.0	0.0	0.0	0.0
OG0006238	0.0	0.0	0.0	0.0
OG0006239	0.0	0.0	0.0	0.0
OG0006240	0.0	0.0	0.0	0.0
OG0006241	0.0	0.0	0.0	0.0
OG0006242	0.0	0.0	0.0	0.0
OG0006243	0.0	0.0	0.0	0.0
OG0006244	0.0	0.0	0.0	0.0
OG0006245	0.0	0.0	0.0	0.0
OG0006246	0.0	0.0	0.0	0.0
OG0006247	0.0	0.0	0.0	0.0
OG0006248	0.0	0.0	0.0	0.0
OG0006249	0.0	0.0	0.0	0.0
OG0006250	0.0	0.0	0.0	0.0
OG0006251	0.0	0.0	0.0	0.0
OG0006252	0.0	0.0	0.0	0.0
OG0006253	0.0	0.0	0.0	0.0
OG0006254	0.0	0.0	0.0	0.0
OG0006255	0.0	0.0	0.0	0.0
OG0006257	0.0	0.0	0.0	0.0
OG0006258	0.0	0.0	0.0	0.0
OG0006259	0.0	0.0	0.0	0.0
OG0006260	0.0	0.0	0.0	0.0
OG0006261	0.0	0.0	0.0	0.0
OG0006262	0.0	0.0	0.0	0.0
OG0006263	0.0	0.0	0.0	0.0
OG0006264	0.0	0.0	0.0	0.0
OG0006265	0.0	0.0	0.0	0.0
OG0006266	0.0	0.0	0.0	0.0
OG0006267	0.0	0.0	0.0	0.0
OG0006268	0.0	0.0	0.0	0.0
OG0006269	0.0	0.0	0.0	0.0
OG0006270	0.0	0.0	0.0	0.0
OG0006272	0.0	0.0	0.0	0.0
OG0006274	0.0	0.0	0.0	0.0
OG0006275	0.0	0.0	0.0	0.0
OG0006276	0.0	0.0	0.0	0.0
OG0006278	0.0	0.0	0.0	0.0
OG0006279	0.0	0.0	0.0	0.0
OG0006280	0.0	0.0	0.0	0.0
OG0006281	0.0	0.0	0.0	0.0
OG0006282	0.0	0.0	0.0	0.0
OG0006283	0.0	0.0	0.0	0.0
OG0006285	0.0	0.0	0.0	0.0
OG0006286	0.0	0.0	0.0	0.0
OG0006287	0.0	0.0	0.0	0.0
OG0006288	0.0	0.0	0.0	0.0
OG0006289	0.0	0.0	0.0	0.0
OG0006290	0.0	0.0	0.0	0.0
OG0006291	0.0	0.0	0.0	0.0
OG0006292	0.0	0.0	0.0	0.0
OG0006293	0.0	0.0	0.0	0.0
OG0006294	0.0	0.0	0.0	0.0
OG0006295	0.0	0.0	0.0	0.0
OG0006296	0.0	0.0	0.0	0.0
OG0006297	0.0	0.0	0.0	0.0
OG0006300	0.0	0.0	0.0	0.0
OG0006301	0.0	0.0	0.0	0.0
OG0006302	0.0	0.0	0.0	0.0
OG0006303	0.0	0.0	0.0	0.0
OG0006304	0.0	0.0	0.0	0.0
OG0006305	0.0	0.0	0.0	0.0
OG0006306	0.0	0.0	0.0	0.0
OG0006307	0.0	0.0	0.0	0.0
OG0006308	0.0	0.0	0.0	0.0
OG0006309	0.0	0.0	0.0	0.0
OG0006310	0.0	0.0	0.0	0.0
OG0006311	0.0	0.0	0.0	0.0
OG0006312	0.0	0.0	0.0	0.0
OG0006313	0.0	0.0	0.0	0.0
OG0006314	0.0	0.0	0.0	0.0
OG0006315	0.0	0.0	0.0	0.0
OG0006318	0.0	0.0	0.0	0.0
OG0006319	0.0	0.0	0.0	0.0
OG0006321	0.0	0.0	0.0	0.0
OG0006329	0.0	0.0	0.0	0.0
OG0006330	0.0	0.0	0.0	0.0
OG0006331	0.0	0.0	0.0	0.0
OG0006332	0.0	0.0	0.0	0.0
OG0006333	0.0	0.0	0.0	0.0
OG0006334	0.0	0.0	0.0	0.0
OG0006336	0.0	0.0	0.0	0.0
OG0006337	0.0	0.0	0.0	0.0
OG0006339	0.0	0.0	0.0	0.0
OG0006340	0.0	0.0	0.0	0.0
OG0006341	0.0	0.0	0.0	0.0
OG0006342	0.0	0.0	0.0	0.0
OG0006343	0.0	0.0	0.0	0.0
OG0006344	0.0	0.0	0.0	0.0
OG0006345	0.0	0.0	0.0	0.0
OG0006346	0.0	0.0	0.0	0.0
OG0006347	0.0	0.0	0.0	0.0
OG0006348	0.0	0.0	0.0	0.0
OG0006349	0.0	0.0	0.0	0.0
OG0006350	0.0	0.0	0.0	0.0
OG0006351	0.0	0.0	0.0	0.0
OG0006352	0.0	0.0	0.0	0.0
OG0006353	0.0	0.0	0.0	0.0
OG0006354	0.0	0.0	0.0	0.0
OG0006356	0.0	0.0	0.0	0.0
OG0006357	0.0	0.0	0.0	0.0
OG0006358	0.0	0.0	0.0	0.0
OG0006359	0.0	0.0	0.0	0.0
OG0006360	0.0	0.0	0.0	0.0
OG0006361	0.0	0.0	0.0	0.0
OG0006363	0.0	0.0	0.0	0.0
OG0006364	0.0	0.0	0.0	0.0
OG0006365	0.0	0.0	0.0	0.0
OG0006366	0.0	0.0	0.0	0.0
OG0006367	0.0	0.0	0.0	0.0
OG0006368	0.0	0.0	0.0	0.0
OG0006369	0.0	0.0	0.0	0.0
OG0006370	0.0	0.0	0.0	0.0
OG0006371	0.0	0.0	0.0	0.0
OG0006372	0.0	0.0	0.0	0.0
OG0006375	0.0	0.0	0.0	0.0
OG0006376	0.0	0.0	0.0	0.0
OG0006378	0.0	0.0	0.0	0.0
OG0006379	0.0	0.0	0.0	0.0
OG0006380	0.0	0.0	0.0	0.0
OG0006381	0.0	0.0	0.0	0.0
OG0006382	0.0	0.0	0.0	0.0
OG0006383	0.0	0.0	0.0	0.0
OG0006384	0.0	0.0	0.0	0.0
OG0006385	0.0	0.0	0.0	0.0
OG0006386	0.0	0.0	0.0	0.0
OG0006387	0.0	0.0	0.0	0.0
OG0006389	0.0	0.0	0.0	0.0
OG0006393	0.0	0.0	0.0	0.0
OG0006395	0.0	0.0	0.0	0.0
OG0006396	0.0	0.0	0.0	0.0
OG0006397	0.0	0.0	0.0	0.0
OG0006398	0.0	0.0	0.0	0.0
OG0006399	0.0	0.0	0.0	0.0
OG0006401	0.0	0.0	0.0	0.0
OG0006402	0.0	0.0	0.0	0.0
OG0006403	0.0	0.0	0.0	0.0
OG0006404	0.0	0.0	0.0	0.0
OG0006405	0.0	0.0	0.0	0.0
OG0006406	0.0	0.0	0.0	0.0
OG0006407	0.0	0.0	0.0	0.0
OG0006408	0.0	0.0	0.0	0.0
OG0006409	0.0	0.0	0.0	0.0
OG0006410	0.0	0.0	0.0	0.0
OG0006411	0.0	0.0	0.0	0.0
OG0006412	0.0	0.0	0.0	0.0
OG0006413	0.0	0.0	0.0	0.0
OG0006428	0.0	0.0	0.0	0.0
OG0006430	0.0	0.0	0.0	0.0
OG0006431	0.0	0.0	0.0	0.0
OG0006432	0.0	0.0	0.0	0.0
OG0006433	0.0	0.0	0.0	0.0
OG0006434	0.0	0.0	0.0	0.0
OG0006435	0.0	0.0	0.0	0.0
OG0006436	0.0	0.0	0.0	0.0
OG0006437	0.0	0.0	0.0	0.0
OG0006438	0.0	0.0	0.0	0.0
OG0006439	0.0	0.0	0.0	0.0
OG0006440	0.0	0.0	0.0	0.0
OG0006441	0.0	0.0	0.0	0.0
OG0006442	0.0	0.0	0.0	0.0
OG0006443	0.0	0.0	0.0	0.0
OG0006444	0.0	0.0	0.0	0.0
OG0006445	0.0	0.0	0.0	0.0
OG0006446	0.0	0.0	0.0	0.0
OG0006447	0.0	0.0	0.0	0.0
OG0006448	0.0	0.0	0.0	0.0
OG0006449	0.0	0.0	0.0	0.0
OG0006451	0.0	0.0	0.0	0.0
OG0006452	0.0	0.0	0.0	0.0
OG0006453	0.0	0.0	0.0	0.0
OG0006454	0.0	0.0	0.0	0.0
OG0006455	0.0	0.0	0.0	0.0
OG0006456	0.0	0.0	0.0	0.0
OG0006457	0.0	0.0	0.0	0.0
OG0006458	0.0	0.0	0.0	0.0
OG0006459	0.0	0.0	0.0	0.0
OG0006460	0.0	0.0	0.0	0.0
OG0006461	0.0	0.0	0.0	0.0
OG0006462	0.0	0.0	0.0	0.0
OG0006463	0.0	0.0	0.0	0.0
OG0006464	0.0	0.0	0.0	0.0
OG0006465	0.0	0.0	0.0	0.0
OG0006466	0.0	0.0	0.0	0.0
OG0006467	0.0	0.0	0.0	0.0
OG0006468	0.0	0.0	0.0	0.0
OG0006469	0.0	0.0	0.0	0.0
OG0006470	0.0	0.0	0.0	0.0
OG0006471	0.0	0.0	0.0	0.0
OG0006472	0.0	0.0	0.0	0.0
OG0006474	0.0	0.0	0.0	0.0
OG0006475	0.0	0.0	0.0	0.0
OG0006476	0.0	0.0	0.0	0.0
OG0006477	0.0	0.0	0.0	0.0
OG0006478	0.0	0.0	0.0	0.0
OG0006479	0.0	0.0	0.0	0.0
OG0006480	0.0	0.0	0.0	0.0
OG0006481	0.0	0.0	0.0	0.0
OG0006484	0.0	0.0	0.0	0.0
OG0006485	0.0	0.0	0.0	0.0
OG0006486	0.0	0.0	0.0	0.0
OG0006487	0.0	0.0	0.0	0.0
OG0006488	0.0	0.0	0.0	0.0
OG0006489	0.0	0.0	0.0	0.0
OG0006490	0.0	0.0	0.0	0.0
OG0006491	0.0	0.0	0.0	0.0
OG0006492	0.0	0.0	0.0	0.0
OG0006493	0.0	0.0	0.0	0.0
OG0006494	0.0	0.0	0.0	0.0
OG0006496	0.0	0.0	0.0	0.0
OG0006498	0.0	0.0	0.0	0.0
OG0006499	0.0	0.0	0.0	0.0
OG0006500	0.0	0.0	0.0	0.0
OG0006501	0.0	0.0	0.0	0.0
OG0006502	0.0	0.0	0.0	0.0
OG0006503	0.0	0.0	0.0	0.0
OG0006504	0.0	0.0	0.0	0.0
OG0006505	0.0	0.0	0.0	0.0
OG0006506	0.0	0.0	0.0	0.0
OG0006507	0.0	0.0	0.0	0.0
OG0006509	0.0	0.0	0.0	0.0
OG0006510	0.0	0.0	0.0	0.0
OG0006511	0.0	0.0	0.0	0.0
OG0006512	0.0	0.0	0.0	0.0
OG0006513	0.0	0.0	0.0	0.0
OG0006514	0.0	0.0	0.0	0.0
OG0006515	0.0	0.0	0.0	0.0
OG0006516	0.0	0.0	0.0	0.0
OG0006518	0.0	0.0	0.0	0.0
OG0006519	0.0	0.0	0.0	0.0
OG0006520	0.0	0.0	0.0	0.0
OG0006541	0.0	0.0	0.0	0.0
OG0006542	0.0	0.0	0.0	0.0
OG0006543	0.0	0.0	0.0	0.0
OG0006544	0.0	0.0	0.0	0.0
OG0006545	0.0	0.0	0.0	0.0
OG0006546	0.0	0.0	0.0	0.0
OG0006547	0.0	0.0	0.0	0.0
OG0006548	0.0	0.0	0.0	0.0
OG0006549	0.0	0.0	0.0	0.0
OG0006550	0.0	0.0	0.0	0.0
OG0006551	0.0	0.0	0.0	0.0
OG0006552	0.0	0.0	0.0	0.0
OG0006553	0.0	0.0	0.0	0.0
OG0006554	0.0	0.0	0.0	0.0
OG0006555	0.0	0.0	0.0	0.0
OG0006557	0.0	0.0	0.0	0.0
OG0006558	0.0	0.0	0.0	0.0
OG0006559	0.0	0.0	0.0	0.0
OG0006560	0.0	0.0	0.0	0.0
OG0006561	0.0	0.0	0.0	0.0
OG0006562	0.0	0.0	0.0	0.0
OG0006563	0.0	0.0	0.0	0.0
OG0006564	0.0	0.0	0.0	0.0
OG0006565	0.0	0.0	0.0	0.0
OG0006566	0.0	0.0	0.0	0.0
OG0006567	0.0	0.0	0.0	0.0
OG0006568	0.0	0.0	0.0	0.0
OG0006569	0.0	0.0	0.0	0.0
OG0006570	0.0	0.0	0.0	0.0
OG0006571	0.0	0.0	0.0	0.0
OG0006572	0.0	0.0	0.0	0.0
OG0006573	0.0	0.0	0.0	0.0
OG0006574	0.0	0.0	0.0	0.0
OG0006575	0.0	0.0	0.0	0.0
OG0006576	0.0	0.0	0.0	0.0
OG0006577	0.0	0.0	0.0	0.0
OG0006578	0.0	0.0	0.0	0.0
OG0006579	0.0	0.0	0.0	0.0
OG0006581	0.0	0.0	0.0	0.0
OG0006582	0.0	0.0	0.0	0.0
OG0006583	0.0	0.0	0.0	0.0
OG0006584	0.0	0.0	0.0	0.0
OG0006585	0.0	0.0	0.0	0.0
OG0006586	0.0	0.0	0.0	0.0
OG0006588	0.0	0.0	0.0	0.0
OG0006589	0.0	0.0	0.0	0.0
OG0006590	0.0	0.0	0.0	0.0
OG0006591	0.0	0.0	0.0	0.0
OG0006592	0.0	0.0	0.0	0.0
OG0006593	0.0	0.0	0.0	0.0
OG0006594	0.0	0.0	0.0	0.0
OG0006595	0.0	0.0	0.0	0.0
OG0006596	0.0	0.0	0.0	0.0
OG0006597	0.0	0.0	0.0	0.0
OG0006598	0.0	0.0	0.0	0.0
OG0006599	0.0	0.0	0.0	0.0
OG0006600	0.0	0.0	0.0	0.0
OG0006601	0.0	0.0	0.0	0.0
OG0006602	0.0	0.0	0.0	0.0
OG0006603	0.0	0.0	0.0	0.0
OG0006604	0.0	0.0	0.0	0.0
OG0006605	0.0	0.0	0.0	0.0
OG0006606	0.0	0.0	0.0	0.0
OG0006607	0.0	0.0	0.0	0.0
OG0006608	0.0	0.0	0.0	0.0
OG0006609	0.0	0.0	0.0	0.0
OG0006610	0.0	0.0	0.0	0.0
OG0006611	0.0	0.0	0.0	0.0
OG0006613	0.0	0.0	0.0	0.0
OG0006614	0.0	0.0	0.0	0.0
OG0006615	0.0	0.0	0.0	0.0
OG0006616	0.0	0.0	0.0	0.0
OG0006617	0.0	0.0	0.0	0.0
OG0006619	0.0	0.0	0.0	0.0
OG0006621	0.0	0.0	0.0	0.0
OG0006622	0.0	0.0	0.0	0.0
OG0006623	0.0	0.0	0.0	0.0
OG0006624	0.0	0.0	0.0	0.0
OG0006625	0.0	0.0	0.0	0.0
OG0006626	0.0	0.0	0.0	0.0
OG0006627	0.0	0.0	0.0	0.0
OG0006628	0.0	0.0	0.0	0.0
OG0006629	0.0	0.0	0.0	0.0
OG0006630	0.0	0.0	0.0	0.0
OG0006631	0.0	0.0	0.0	0.0
OG0006633	0.0	0.0	0.0	0.0
OG0006634	0.0	0.0	0.0	0.0
OG0006636	0.0	0.0	0.0	0.0
OG0006637	0.0	0.0	0.0	0.0
OG0006638	0.0	0.0	0.0	0.0
OG0006639	0.0	0.0	0.0	0.0
OG0006640	0.0	0.0	0.0	0.0
OG0006641	0.0	0.0	0.0	0.0
OG0006642	0.0	0.0	0.0	0.0
OG0006643	0.0	0.0	0.0	0.0
OG0006644	0.0	0.0	0.0	0.0
OG0006645	0.0	0.0	0.0	0.0
OG0006646	0.0	0.0	0.0	0.0
OG0006647	0.0	0.0	0.0	0.0
OG0006648	0.0	0.0	0.0	0.0
OG0006649	0.0	0.0	0.0	0.0
OG0006662	0.0	0.0	0.0	0.0
OG0006663	0.0	0.0	0.0	0.0
OG0006664	0.0	0.0	0.0	0.0
OG0006665	0.0	0.0	0.0	0.0
OG0006666	0.0	0.0	0.0	0.0
OG0006667	0.0	0.0	0.0	0.0
OG0006669	0.0	0.0	0.0	0.0
OG0006670	0.0	0.0	0.0	0.0
OG0006671	0.0	0.0	0.0	0.0
OG0006672	0.0	0.0	0.0	0.0
OG0006673	0.0	0.0	0.0	0.0
OG0006674	0.0	0.0	0.0	0.0
OG0006675	0.0	0.0	0.0	0.0
OG0006676	0.0	0.0	0.0	0.0
OG0006677	0.0	0.0	0.0	0.0
OG0006678	0.0	0.0	0.0	0.0
OG0006680	0.0	0.0	0.0	0.0
OG0006681	0.0	0.0	0.0	0.0
OG0006682	0.0	0.0	0.0	0.0
OG0006683	0.0	0.0	0.0	0.0
OG0006684	0.0	0.0	0.0	0.0
OG0006686	0.0	0.0	0.0	0.0
OG0006687	0.0	0.0	0.0	0.0
OG0006688	0.0	0.0	0.0	0.0
OG0006689	0.0	0.0	0.0	0.0
OG0006690	0.0	0.0	0.0	0.0
OG0006691	0.0	0.0	0.0	0.0
OG0006692	0.0	0.0	0.0	0.0
OG0006693	0.0	0.0	0.0	0.0
OG0006694	0.0	0.0	0.0	0.0
OG0006695	0.0	0.0	0.0	0.0
OG0006696	0.0	0.0	0.0	0.0
OG0006697	0.0	0.0	0.0	0.0
OG0006698	0.0	0.0	0.0	0.0
OG0006699	0.0	0.0	0.0	0.0
OG0006700	0.0	0.0	0.0	0.0
OG0006701	0.0	0.0	0.0	0.0
OG0006702	0.0	0.0	0.0	0.0
OG0006703	0.0	0.0	0.0	0.0
OG0006704	0.0	0.0	0.0	0.0
OG0006706	0.0	0.0	0.0	0.0
OG0006707	0.0	0.0	0.0	0.0
OG0006708	0.0	0.0	0.0	0.0
OG0006709	0.0	0.0	0.0	0.0
OG0006710	0.0	0.0	0.0	0.0
OG0006711	0.0	0.0	0.0	0.0
OG0006712	0.0	0.0	0.0	0.0
OG0006713	0.0	0.0	0.0	0.0
OG0006714	0.0	0.0	0.0	0.0
OG0006715	0.0	0.0	0.0	0.0
OG0006717	0.0	0.0	0.0	0.0
OG0006718	0.0	0.0	0.0	0.0
OG0006719	0.0	0.0	0.0	0.0
OG0006720	0.0	0.0	0.0	0.0
OG0006721	0.0	0.0	0.0	0.0
OG0006722	0.0	0.0	0.0	0.0
OG0006723	0.0	0.0	0.0	0.0
OG0006724	0.0	0.0	0.0	0.0
OG0006725	0.0	0.0	0.0	0.0
OG0006726	0.0	0.0	0.0	0.0
OG0006727	0.0	0.0	0.0	0.0
OG0006728	0.0	0.0	0.0	0.0
OG0006730	0.0	0.0	0.0	0.0
OG0006731	0.0	0.0	0.0	0.0
OG0006732	0.0	0.0	0.0	0.0
OG0006733	0.0	0.0	0.0	0.0
OG0006735	0.0	0.0	0.0	0.0
OG0006740	0.0	0.0	0.0	0.0
OG0006741	0.0	0.0	0.0	0.0
OG0006742	0.0	0.0	0.0	0.0
OG0006743	0.0	0.0	0.0	0.0
OG0006744	0.0	0.0	0.0	0.0
OG0006745	0.0	0.0	0.0	0.0
OG0006746	0.0	0.0	0.0	0.0
OG0006747	0.0	0.0	0.0	0.0
OG0006748	0.0	0.0	0.0	0.0
OG0006749	0.0	0.0	0.0	0.0
OG0006750	0.0	0.0	0.0	0.0
OG0006751	0.0	0.0	0.0	0.0
OG0006752	0.0	0.0	0.0	0.0
OG0006753	0.0	0.0	0.0	0.0
OG0006754	0.0	0.0	0.0	0.0
OG0006755	0.0	0.0	0.0	0.0
OG0006757	0.0	0.0	0.0	0.0
OG0006758	0.0	0.0	0.0	0.0
OG0006759	0.0	0.0	0.0	0.0
OG0006760	0.0	0.0	0.0	0.0
OG0006761	0.0	0.0	0.0	0.0
OG0006762	0.0	0.0	0.0	0.0
OG0006763	0.0	0.0	0.0	0.0
OG0006764	0.0	0.0	0.0	0.0
OG0006779	0.0	0.0	0.0	0.0
OG0006781	0.0	0.0	0.0	0.0
OG0006782	0.0	0.0	0.0	0.0
OG0006783	0.0	0.0	0.0	0.0
OG0006784	0.0	0.0	0.0	0.0
OG0006785	0.0	0.0	0.0	0.0
OG0006786	0.0	0.0	0.0	0.0
OG0006788	0.0	0.0	0.0	0.0
OG0006789	0.0	0.0	0.0	0.0
OG0006790	0.0	0.0	0.0	0.0
OG0006791	0.0	0.0	0.0	0.0
OG0006792	0.0	0.0	0.0	0.0
OG0006793	0.0	0.0	0.0	0.0
OG0006796	0.0	0.0	0.0	0.0
OG0006797	0.0	0.0	0.0	0.0
OG0006798	0.0	0.0	0.0	0.0
OG0006799	0.0	0.0	0.0	0.0
OG0006800	0.0	0.0	0.0	0.0
OG0006801	0.0	0.0	0.0	0.0
OG0006802	0.0	0.0	0.0	0.0
OG0006803	0.0	0.0	0.0	0.0
OG0006804	0.0	0.0	0.0	0.0
OG0006806	0.0	0.0	0.0	0.0
OG0006807	0.0	0.0	0.0	0.0
OG0006808	0.0	0.0	0.0	0.0
OG0006809	0.0	0.0	0.0	0.0
OG0006810	0.0	0.0	0.0	0.0
OG0006811	0.0	0.0	0.0	0.0
OG0006813	0.0	0.0	0.0	0.0
OG0006814	0.0	0.0	0.0	0.0
OG0006815	0.0	0.0	0.0	0.0
OG0006816	0.0	0.0	0.0	0.0
OG0006817	0.0	0.0	0.0	0.0
OG0006818	0.0	0.0	0.0	0.0
OG0006819	0.0	0.0	0.0	0.0
OG0006820	0.0	0.0	0.0	0.0
OG0006821	0.0	0.0	0.0	0.0
OG0006822	0.0	0.0	0.0	0.0
OG0006823	0.0	0.0	0.0	0.0
OG0006824	0.0	0.0	0.0	0.0
OG0006825	0.0	0.0	0.0	0.0
OG0006826	0.0	0.0	0.0	0.0
OG0006827	0.0	0.0	0.0	0.0
OG0006828	0.0	0.0	0.0	0.0
OG0006829	0.0	0.0	0.0	0.0
OG0006830	0.0	0.0	0.0	0.0
OG0006831	0.0	0.0	0.0	0.0
OG0006832	0.0	0.0	0.0	0.0
OG0006833	0.0	0.0	0.0	0.0
OG0006834	0.0	0.0	0.0	0.0
OG0006836	0.0	0.0	0.0	0.0
OG0006837	0.0	0.0	0.0	0.0
OG0006838	0.0	0.0	0.0	0.0
OG0006839	0.0	0.0	0.0	0.0
OG0006840	0.0	0.0	0.0	0.0
OG0006841	0.0	0.0	0.0	0.0
OG0006842	0.0	0.0	0.0	0.0
OG0006843	0.0	0.0	0.0	0.0
OG0006844	0.0	0.0	0.0	0.0
OG0006845	0.0	0.0	0.0	0.0
OG0006846	0.0	0.0	0.0	0.0
OG0006847	0.0	0.0	0.0	0.0
OG0006848	0.0	0.0	0.0	0.0
OG0006849	0.0	0.0	0.0	0.0
OG0006850	0.0	0.0	0.0	0.0
OG0006851	0.0	0.0	0.0	0.0
OG0006852	0.0	0.0	0.0	0.0
OG0006853	0.0	0.0	0.0	0.0
OG0006854	0.0	0.0	0.0	0.0
OG0006855	0.0	0.0	0.0	0.0
OG0006856	0.0	0.0	0.0	0.0
OG0006857	0.0	0.0	0.0	0.0
OG0006858	0.0	0.0	0.0	0.0
OG0006859	0.0	0.0	0.0	0.0
OG0006860	0.0	0.0	0.0	0.0
OG0006861	0.0	0.0	0.0	0.0
OG0006863	0.0	0.0	0.0	0.0
OG0006864	0.0	0.0	0.0	0.0
OG0006865	0.0	0.0	0.0	0.0
OG0006866	0.0	0.0	0.0	0.0
OG0006867	0.0	0.0	0.0	0.0
OG0006868	0.0	0.0	0.0	0.0
OG0006869	0.0	0.0	0.0	0.0
OG0006870	0.0	0.0	0.0	0.0
OG0006872	0.0	0.0	0.0	0.0
OG0006874	0.0	0.0	0.0	0.0
OG0006875	0.0	0.0	0.0	0.0
OG0006876	0.0	0.0	0.0	0.0
OG0006877	0.0	0.0	0.0	0.0
OG0006878	0.0	0.0	0.0	0.0
OG0006880	0.0	0.0	0.0	0.0
OG0006881	0.0	0.0	0.0	0.0
OG0006882	0.0	0.0	0.0	0.0
OG0006883	0.0	0.0	0.0	0.0
OG0006884	0.0	0.0	0.0	0.0
OG0006885	0.0	0.0	0.0	0.0
OG0006886	0.0	0.0	0.0	0.0
OG0006887	0.0	0.0	0.0	0.0
OG0006889	0.0	0.0	0.0	0.0
OG0006890	0.0	0.0	0.0	0.0
OG0006892	0.0	0.0	0.0	0.0
OG0006893	0.0	0.0	0.0	0.0
OG0006894	0.0	0.0	0.0	0.0
OG0006895	0.0	0.0	0.0	0.0
OG0006896	0.0	0.0	0.0	0.0
OG0006897	0.0	0.0	0.0	0.0
OG0006898	0.0	0.0	0.0	0.0
OG0006899	0.0	0.0	0.0	0.0
OG0006900	0.0	0.0	0.0	0.0
OG0006901	0.0	0.0	0.0	0.0
OG0006902	0.0	0.0	0.0	0.0
OG0006904	0.0	0.0	0.0	0.0
OG0006913	0.0	0.0	0.0	0.0
OG0006920	0.0	0.0	0.0	0.0
OG0006925	0.0	0.0	0.0	0.0
OG0006926	0.0	0.0	0.0	0.0
OG0006927	0.0	0.0	0.0	0.0
OG0006928	0.0	0.0	0.0	0.0
OG0006929	0.0	0.0	0.0	0.0
OG0006930	0.0	0.0	0.0	0.0
OG0006932	0.0	0.0	0.0	0.0
OG0006934	0.0	0.0	0.0	0.0
OG0006935	0.0	0.0	0.0	0.0
OG0006937	0.0	0.0	0.0	0.0
OG0006938	0.0	0.0	0.0	0.0
OG0006939	0.0	0.0	0.0	0.0
OG0006940	0.0	0.0	0.0	0.0
OG0006942	0.0	0.0	0.0	0.0
OG0006943	0.0	0.0	0.0	0.0
OG0006944	0.0	0.0	0.0	0.0
OG0006945	0.0	0.0	0.0	0.0
OG0006946	0.0	0.0	0.0	0.0
OG0006947	0.0	0.0	0.0	0.0
OG0006948	0.0	0.0	0.0	0.0
OG0006949	0.0	0.0	0.0	0.0
OG0006951	0.0	0.0	0.0	0.0
OG0006952	0.0	0.0	0.0	0.0
OG0006953	0.0	0.0	0.0	0.0
OG0006954	0.0	0.0	0.0	0.0
OG0006955	0.0	0.0	0.0	0.0
OG0006956	0.0	0.0	0.0	0.0
OG0006957	0.0	0.0	0.0	0.0
OG0006958	0.0	0.0	0.0	0.0
OG0006959	0.0	0.0	0.0	0.0
OG0006960	0.0	0.0	0.0	0.0
OG0006961	0.0	0.0	0.0	0.0
OG0006962	0.0	0.0	0.0	0.0
OG0006963	0.0	0.0	0.0	0.0
OG0006964	0.0	0.0	0.0	0.0
OG0006965	0.0	0.0	0.0	0.0
OG0006966	0.0	0.0	0.0	0.0
OG0006967	0.0	0.0	0.0	0.0
OG0006968	0.0	0.0	0.0	0.0
OG0006969	0.0	0.0	0.0	0.0
OG0006970	0.0	0.0	0.0	0.0
OG0006971	0.0	0.0	0.0	0.0
OG0006972	0.0	0.0	0.0	0.0
OG0006973	0.0	0.0	0.0	0.0
OG0006974	0.0	0.0	0.0	0.0
OG0006975	0.0	0.0	0.0	0.0
OG0006976	0.0	0.0	0.0	0.0
OG0006977	0.0	0.0	0.0	0.0
OG0006978	0.0	0.0	0.0	0.0
OG0006979	0.0	0.0	0.0	0.0
OG0006980	0.0	0.0	0.0	0.0
OG0006981	0.0	0.0	0.0	0.0
OG0006982	0.0	0.0	0.0	0.0
OG0006983	0.0	0.0	0.0	0.0
OG0006984	0.0	0.0	0.0	0.0
OG0006985	0.0	0.0	0.0	0.0
OG0006986	0.0	0.0	0.0	0.0
OG0006987	0.0	0.0	0.0	0.0
OG0006988	0.0	0.0	0.0	0.0
OG0006989	0.0	0.0	0.0	0.0
OG0006990	0.0	0.0	0.0	0.0
OG0006991	0.0	0.0	0.0	0.0
OG0006992	0.0	0.0	0.0	0.0
OG0006993	0.0	0.0	0.0	0.0
OG0006994	0.0	0.0	0.0	0.0
OG0006995	0.0	0.0	0.0	0.0
OG0006996	0.0	0.0	0.0	0.0
OG0006997	0.0	0.0	0.0	0.0
OG0006998	0.0	0.0	0.0	0.0
OG0006999	0.0	0.0	0.0	0.0
OG0007000	0.0	0.0	0.0	0.0
OG0007001	0.0	0.0	0.0	0.0
OG0007002	0.0	0.0	0.0	0.0
OG0007003	0.0	0.0	0.0	0.0
OG0007004	0.0	0.0	0.0	0.0
OG0007005	0.0	0.0	0.0	0.0
OG0007006	0.0	0.0	0.0	0.0
OG0007007	0.0	0.0	0.0	0.0
OG0007008	0.0	0.0	0.0	0.0
OG0007010	0.0	0.0	0.0	0.0
OG0007011	0.0	0.0	0.0	0.0
OG0007012	0.0	0.0	0.0	0.0
OG0007013	0.0	0.0	0.0	0.0
OG0007014	0.0	0.0	0.0	0.0
OG0007015	0.0	0.0	0.0	0.0
OG0007017	0.0	0.0	0.0	0.0
OG0007019	0.0	0.0	0.0	0.0
OG0007020	0.0	0.0	0.0	0.0
OG0007021	0.0	0.0	0.0	0.0
OG0007022	0.0	0.0	0.0	0.0
OG0007024	0.0	0.0	0.0	0.0
OG0007025	0.0	0.0	0.0	0.0
OG0007027	0.0	0.0	0.0	0.0
OG0007028	0.0	0.0	0.0	0.0
OG0007029	0.0	0.0	0.0	0.0
OG0007032	0.0	0.0	0.0	0.0
OG0007033	0.0	0.0	0.0	0.0
OG0007034	0.0	0.0	0.0	0.0
OG0007037	0.0	0.0	0.0	0.0
OG0007038	0.0	0.0	0.0	0.0
OG0007042	0.0	0.0	0.0	0.0
OG0007055	0.0	0.0	0.0	0.0
OG0007057	0.0	0.0	0.0	0.0
OG0007058	0.0	0.0	0.0	0.0
OG0007059	0.0	0.0	0.0	0.0
OG0007060	0.0	0.0	0.0	0.0
OG0007062	0.0	0.0	0.0	0.0
OG0007063	0.0	0.0	0.0	0.0
OG0007065	0.0	0.0	0.0	0.0
OG0007066	0.0	0.0	0.0	0.0
OG0007067	0.0	0.0	0.0	0.0
OG0007069	0.0	0.0	0.0	0.0
OG0007071	0.0	0.0	0.0	0.0
OG0007072	0.0	0.0	0.0	0.0
OG0007073	0.0	0.0	0.0	0.0
OG0007075	0.0	0.0	0.0	0.0
OG0007076	0.0	0.0	0.0	0.0
OG0007077	0.0	0.0	0.0	0.0
OG0007078	0.0	0.0	0.0	0.0
OG0007079	0.0	0.0	0.0	0.0
OG0007081	0.0	0.0	0.0	0.0
OG0007082	0.0	0.0	0.0	0.0
OG0007083	0.0	0.0	0.0	0.0
OG0007084	0.0	0.0	0.0	0.0
OG0007085	0.0	0.0	0.0	0.0
OG0007086	0.0	0.0	0.0	0.0
OG0007087	0.0	0.0	0.0	0.0
OG0007088	0.0	0.0	0.0	0.0
OG0007089	0.0	0.0	0.0	0.0
OG0007090	0.0	0.0	0.0	0.0
OG0007091	0.0	0.0	0.0	0.0
OG0007092	0.0	0.0	0.0	0.0
OG0007093	0.0	0.0	0.0	0.0
OG0007094	0.0	0.0	0.0	0.0
OG0007095	0.0	0.0	0.0	0.0
OG0007096	0.0	0.0	0.0	0.0
OG0007097	0.0	0.0	0.0	0.0
OG0007098	0.0	0.0	0.0	0.0
OG0007100	0.0	0.0	0.0	0.0
OG0007101	0.0	0.0	0.0	0.0
OG0007102	0.0	0.0	0.0	0.0
OG0007103	0.0	0.0	0.0	0.0
OG0007104	0.0	0.0	0.0	0.0
OG0007105	0.0	0.0	0.0	0.0
OG0007106	0.0	0.0	0.0	0.0
OG0007107	0.0	0.0	0.0	0.0
OG0007108	0.0	0.0	0.0	0.0
OG0007109	0.0	0.0	0.0	0.0
OG0007110	0.0	0.0	0.0	0.0
OG0007111	0.0	0.0	0.0	0.0
OG0007112	0.0	0.0	0.0	0.0
OG0007113	0.0	0.0	0.0	0.0
OG0007114	0.0	0.0	0.0	0.0
OG0007115	0.0	0.0	0.0	0.0
OG0007116	0.0	0.0	0.0	0.0
OG0007117	0.0	0.0	0.0	0.0
OG0007118	0.0	0.0	0.0	0.0
OG0007119	0.0	0.0	0.0	0.0
OG0007120	0.0	0.0	0.0	0.0
OG0007121	0.0	0.0	0.0	0.0
OG0007122	0.0	0.0	0.0	0.0
OG0007123	0.0	0.0	0.0	0.0
OG0007125	0.0	0.0	0.0	0.0
OG0007126	0.0	0.0	0.0	0.0
OG0007127	0.0	0.0	0.0	0.0
OG0007128	0.0	0.0	0.0	0.0
OG0007129	0.0	0.0	0.0	0.0
OG0007131	0.0	0.0	0.0	0.0
OG0007132	0.0	0.0	0.0	0.0
OG0007133	0.0	0.0	0.0	0.0
OG0007137	0.0	0.0	0.0	0.0
OG0007143	0.0	0.0	0.0	0.0
OG0007144	0.0	0.0	0.0	0.0
OG0007145	0.0	0.0	0.0	0.0
OG0007146	0.0	0.0	0.0	0.0
OG0007148	0.0	0.0	0.0	0.0
OG0007150	0.0	0.0	0.0	0.0
OG0007151	0.0	0.0	0.0	0.0
OG0007152	0.0	0.0	0.0	0.0
OG0007153	0.0	0.0	0.0	0.0
OG0007154	0.0	0.0	0.0	0.0
OG0007155	0.0	0.0	0.0	0.0
OG0007156	0.0	0.0	0.0	0.0
OG0007157	0.0	0.0	0.0	0.0
OG0007158	0.0	0.0	0.0	0.0
OG0007159	0.0	0.0	0.0	0.0
OG0007161	0.0	0.0	0.0	0.0
OG0007163	0.0	0.0	0.0	0.0
OG0007164	0.0	0.0	0.0	0.0
OG0007165	0.0	0.0	0.0	0.0
OG0007166	0.0	0.0	0.0	0.0
OG0007167	0.0	0.0	0.0	0.0
OG0007169	0.0	0.0	0.0	0.0
OG0007170	0.0	0.0	0.0	0.0
OG0007171	0.0	0.0	0.0	0.0
OG0007173	0.0	0.0	0.0	0.0
OG0007174	0.0	0.0	0.0	0.0
OG0007176	0.0	0.0	0.0	0.0
OG0007177	0.0	0.0	0.0	0.0
OG0007178	0.0	0.0	0.0	0.0
OG0007191	0.0	0.0	0.0	0.0
OG0007198	0.0	0.0	0.0	0.0
OG0007200	0.0	0.0	0.0	0.0
OG0007201	0.0	0.0	0.0	0.0
OG0007202	0.0	0.0	0.0	0.0
OG0007203	0.0	0.0	0.0	0.0
OG0007204	0.0	0.0	0.0	0.0
OG0007205	0.0	0.0	0.0	0.0
OG0007206	0.0	0.0	0.0	0.0
OG0007207	0.0	0.0	0.0	0.0
OG0007208	0.0	0.0	0.0	0.0
OG0007209	0.0	0.0	0.0	0.0
OG0007210	0.0	0.0	0.0	0.0
OG0007211	0.0	0.0	0.0	0.0
OG0007212	0.0	0.0	0.0	0.0
OG0007213	0.0	0.0	0.0	0.0
OG0007214	0.0	0.0	0.0	0.0
OG0007215	0.0	0.0	0.0	0.0
OG0007216	0.0	0.0	0.0	0.0
OG0007217	0.0	0.0	0.0	0.0
OG0007218	0.0	0.0	0.0	0.0
OG0007219	0.0	0.0	0.0	0.0
OG0007220	0.0	0.0	0.0	0.0
OG0007221	0.0	0.0	0.0	0.0
OG0007222	0.0	0.0	0.0	0.0
OG0007223	0.0	0.0	0.0	0.0
OG0007225	0.0	0.0	0.0	0.0
OG0007226	0.0	0.0	0.0	0.0
OG0007227	0.0	0.0	0.0	0.0
OG0007228	0.0	0.0	0.0	0.0
OG0007229	0.0	0.0	0.0	0.0
OG0007230	0.0	0.0	0.0	0.0
OG0007231	0.0	0.0	0.0	0.0
OG0007232	0.0	0.0	0.0	0.0
OG0007233	0.0	0.0	0.0	0.0
OG0007234	0.0	0.0	0.0	0.0
OG0007235	0.0	0.0	0.0	0.0
OG0007236	0.0	0.0	0.0	0.0
OG0007237	0.0	0.0	0.0	0.0
OG0007238	0.0	0.0	0.0	0.0
OG0007239	0.0	0.0	0.0	0.0
OG0007240	0.0	0.0	0.0	0.0
OG0007241	0.0	0.0	0.0	0.0
OG0007242	0.0	0.0	0.0	0.0
OG0007243	0.0	0.0	0.0	0.0
OG0007244	0.0	0.0	0.0	0.0
OG0007245	0.0	0.0	0.0	0.0
OG0007246	0.0	0.0	0.0	0.0
OG0007247	0.0	0.0	0.0	0.0
OG0007249	0.0	0.0	0.0	0.0
OG0007250	0.0	0.0	0.0	0.0
OG0007251	0.0	0.0	0.0	0.0
OG0007252	0.0	0.0	0.0	0.0
OG0007253	0.0	0.0	0.0	0.0
OG0007254	0.0	0.0	0.0	0.0
OG0007255	0.0	0.0	0.0	0.0
OG0007256	0.0	0.0	0.0	0.0
OG0007257	0.0	0.0	0.0	0.0
OG0007258	0.0	0.0	0.0	0.0
OG0007259	0.0	0.0	0.0	0.0
OG0007260	0.0	0.0	0.0	0.0
OG0007261	0.0	0.0	0.0	0.0
OG0007262	0.0	0.0	0.0	0.0
OG0007263	0.0	0.0	0.0	0.0
OG0007264	0.0	0.0	0.0	0.0
OG0007265	0.0	0.0	0.0	0.0
OG0007266	0.0	0.0	0.0	0.0
OG0007267	0.0	0.0	0.0	0.0
OG0007268	0.0	0.0	0.0	0.0
OG0007269	0.0	0.0	0.0	0.0
OG0007270	0.0	0.0	0.0	0.0
OG0007271	0.0	0.0	0.0	0.0
OG0007272	0.0	0.0	0.0	0.0
OG0007273	0.0	0.0	0.0	0.0
OG0007274	0.0	0.0	0.0	0.0
OG0007275	0.0	0.0	0.0	0.0
OG0007276	0.0	0.0	0.0	0.0
OG0007277	0.0	0.0	0.0	0.0
OG0007278	0.0	0.0	0.0	0.0
OG0007280	0.0	0.0	0.0	0.0
OG0007281	0.0	0.0	0.0	0.0
OG0007291	0.0	0.0	0.0	0.0
OG0007292	0.0	0.0	0.0	0.0
OG0007293	0.0	0.0	0.0	0.0
OG0007294	0.0	0.0	0.0	0.0
OG0007295	0.0	0.0	0.0	0.0
OG0007296	0.0	0.0	0.0	0.0
OG0007298	0.0	0.0	0.0	0.0
OG0007299	0.0	0.0	0.0	0.0
OG0007300	0.0	0.0	0.0	0.0
OG0007301	0.0	0.0	0.0	0.0
OG0007302	0.0	0.0	0.0	0.0
OG0007303	0.0	0.0	0.0	0.0
OG0007304	0.0	0.0	0.0	0.0
OG0007305	0.0	0.0	0.0	0.0
OG0007306	0.0	0.0	0.0	0.0
OG0007307	0.0	0.0	0.0	0.0
OG0007309	0.0	0.0	0.0	0.0
OG0007310	0.0	0.0	0.0	0.0
OG0007311	0.0	0.0	0.0	0.0
OG0007312	0.0	0.0	0.0	0.0
OG0007313	0.0	0.0	0.0	0.0
OG0007314	0.0	0.0	0.0	0.0
OG0007315	0.0	0.0	0.0	0.0
OG0007316	0.0	0.0	0.0	0.0
OG0007317	0.0	0.0	0.0	0.0
OG0007318	0.0	0.0	0.0	0.0
OG0007319	0.0	0.0	0.0	0.0
OG0007320	0.0	0.0	0.0	0.0
OG0007321	0.0	0.0	0.0	0.0
OG0007322	0.0	0.0	0.0	0.0
OG0007323	0.0	0.0	0.0	0.0
OG0007324	0.0	0.0	0.0	0.0
OG0007325	0.0	0.0	0.0	0.0
OG0007326	0.0	0.0	0.0	0.0
OG0007327	0.0	0.0	0.0	0.0
OG0007328	0.0	0.0	0.0	0.0
OG0007331	0.0	0.0	0.0	0.0
OG0007338	0.0	0.0	0.0	0.0
OG0007340	0.0	0.0	0.0	0.0
OG0007360	0.0	0.0	0.0	0.0
OG0007361	0.0	0.0	0.0	0.0
OG0007362	0.0	0.0	0.0	0.0
OG0007363	0.0	0.0	0.0	0.0
OG0007364	0.0	0.0	0.0	0.0
OG0007365	0.0	0.0	0.0	0.0
OG0007366	0.0	0.0	0.0	0.0
OG0007367	0.0	0.0	0.0	0.0
OG0007368	0.0	0.0	0.0	0.0
OG0007369	0.0	0.0	0.0	0.0
OG0007370	0.0	0.0	0.0	0.0
OG0007371	0.0	0.0	0.0	0.0
OG0007372	0.0	0.0	0.0	0.0
OG0007373	0.0	0.0	0.0	0.0
OG0007374	0.0	0.0	0.0	0.0
OG0007375	0.0	0.0	0.0	0.0
OG0007376	0.0	0.0	0.0	0.0
OG0007378	0.0	0.0	0.0	0.0
OG0007379	0.0	0.0	0.0	0.0
OG0007380	0.0	0.0	0.0	0.0
OG0007381	0.0	0.0	0.0	0.0
OG0007382	0.0	0.0	0.0	0.0
OG0007383	0.0	0.0	0.0	0.0
OG0007384	0.0	0.0	0.0	0.0
OG0007385	0.0	0.0	0.0	0.0
OG0007386	0.0	0.0	0.0	0.0
OG0007387	0.0	0.0	0.0	0.0
OG0007389	0.0	0.0	0.0	0.0
OG0007390	0.0	0.0	0.0	0.0
OG0007392	0.0	0.0	0.0	0.0
OG0007393	0.0	0.0	0.0	0.0
OG0007394	0.0	0.0	0.0	0.0
OG0007395	0.0	0.0	0.0	0.0
OG0007396	0.0	0.0	0.0	0.0
OG0007397	0.0	0.0	0.0	0.0
OG0007398	0.0	0.0	0.0	0.0
OG0007399	0.0	0.0	0.0	0.0
OG0007400	0.0	0.0	0.0	0.0
OG0007401	0.0	0.0	0.0	0.0
OG0007402	0.0	0.0	0.0	0.0
OG0007403	0.0	0.0	0.0	0.0
OG0007404	0.0	0.0	0.0	0.0
OG0007405	0.0	0.0	0.0	0.0
OG0007406	0.0	0.0	0.0	0.0
OG0007407	0.0	0.0	0.0	0.0
OG0007408	0.0	0.0	0.0	0.0
OG0007409	0.0	0.0	0.0	0.0
OG0007410	0.0	0.0	0.0	0.0
OG0007411	0.0	0.0	0.0	0.0
OG0007412	0.0	0.0	0.0	0.0
OG0007413	0.0	0.0	0.0	0.0
OG0007414	0.0	0.0	0.0	0.0
OG0007415	0.0	0.0	0.0	0.0
OG0007416	0.0	0.0	0.0	0.0
OG0007417	0.0	0.0	0.0	0.0
OG0007418	0.0	0.0	0.0	0.0
OG0007419	0.0	0.0	0.0	0.0
OG0007420	0.0	0.0	0.0	0.0
OG0007421	0.0	0.0	0.0	0.0
OG0007422	0.0	0.0	0.0	0.0
OG0007423	0.0	0.0	0.0	0.0
OG0007424	0.0	0.0	0.0	0.0
OG0007425	0.0	0.0	0.0	0.0
OG0007426	0.0	0.0	0.0	0.0
OG0007427	0.0	0.0	0.0	0.0
OG0007428	0.0	0.0	0.0	0.0
OG0007429	0.0	0.0	0.0	0.0
OG0007430	0.0	0.0	0.0	0.0
OG0007431	0.0	0.0	0.0	0.0
OG0007432	0.0	0.0	0.0	0.0
OG0007433	0.0	0.0	0.0	0.0
OG0007434	0.0	0.0	0.0	0.0
OG0007435	0.0	0.0	0.0	0.0
OG0007436	0.0	0.0	0.0	0.0
OG0007437	0.0	0.0	0.0	0.0
OG0007439	0.0	0.0	0.0	0.0
OG0007440	0.0	0.0	0.0	0.0
OG0007441	0.0	0.0	0.0	0.0
OG0007442	0.0	0.0	0.0	0.0
OG0007443	0.0	0.0	0.0	0.0
OG0007444	0.0	0.0	0.0	0.0
OG0007445	0.0	0.0	0.0	0.0
OG0007446	0.0	0.0	0.0	0.0
OG0007447	0.0	0.0	0.0	0.0
OG0007448	0.0	0.0	0.0	0.0
OG0007449	0.0	0.0	0.0	0.0
OG0007450	0.0	0.0	0.0	0.0
OG0007451	0.0	0.0	0.0	0.0
OG0007453	0.0	0.0	0.0	0.0
OG0007455	0.0	0.0	0.0	0.0
OG0007456	0.0	0.0	0.0	0.0
OG0007457	0.0	0.0	0.0	0.0
OG0007458	0.0	0.0	0.0	0.0
OG0007459	0.0	0.0	0.0	0.0
OG0007460	0.0	0.0	0.0	0.0
OG0007461	0.0	0.0	0.0	0.0
OG0007462	0.0	0.0	0.0	0.0
OG0007464	0.0	0.0	0.0	0.0
OG0007465	0.0	0.0	0.0	0.0
OG0007466	0.0	0.0	0.0	0.0
OG0007467	0.0	0.0	0.0	0.0
OG0007468	0.0	0.0	0.0	0.0
OG0007469	0.0	0.0	0.0	0.0
OG0007472	0.0	0.0	0.0	0.0
OG0007473	0.0	0.0	0.0	0.0
OG0007474	0.0	0.0	0.0	0.0
OG0007475	0.0	0.0	0.0	0.0
OG0007476	0.0	0.0	0.0	0.0
OG0007477	0.0	0.0	0.0	0.0
OG0007479	0.0	0.0	0.0	0.0
OG0007480	0.0	0.0	0.0	0.0
OG0007481	0.0	0.0	0.0	0.0
OG0007482	0.0	0.0	0.0	0.0
OG0007483	0.0	0.0	0.0	0.0
OG0007484	0.0	0.0	0.0	0.0
OG0007485	0.0	0.0	0.0	0.0
OG0007486	0.0	0.0	0.0	0.0
OG0007487	0.0	0.0	0.0	0.0
OG0007488	0.0	0.0	0.0	0.0
OG0007490	0.0	0.0	0.0	0.0
OG0007491	0.0	0.0	0.0	0.0
OG0007492	0.0	0.0	0.0	0.0
OG0007493	0.0	0.0	0.0	0.0
OG0007494	0.0	0.0	0.0	0.0
OG0007495	0.0	0.0	0.0	0.0
OG0007496	0.0	0.0	0.0	0.0
OG0007497	0.0	0.0	0.0	0.0
OG0007498	0.0	0.0	0.0	0.0
OG0007499	0.0	0.0	0.0	0.0
OG0007500	0.0	0.0	0.0	0.0
OG0007501	0.0	0.0	0.0	0.0
OG0007502	0.0	0.0	0.0	0.0
OG0007503	0.0	0.0	0.0	0.0
OG0007504	0.0	0.0	0.0	0.0
OG0007505	0.0	0.0	0.0	0.0
OG0007506	0.0	0.0	0.0	0.0
OG0007507	0.0	0.0	0.0	0.0
OG0007508	0.0	0.0	0.0	0.0
OG0007509	0.0	0.0	0.0	0.0
OG0007510	0.0	0.0	0.0	0.0
OG0007511	0.0	0.0	0.0	0.0
OG0007512	0.0	0.0	0.0	0.0
OG0007513	0.0	0.0	0.0	0.0
OG0007517	0.0	0.0	0.0	0.0
OG0007519	0.0	0.0	0.0	0.0
OG0007523	0.0	0.0	0.0	0.0
OG0007532	0.0	0.0	0.0	0.0
OG0007535	0.0	0.0	0.0	0.0
OG0007536	0.0	0.0	0.0	0.0
OG0007537	0.0	0.0	0.0	0.0
OG0007538	0.0	0.0	0.0	0.0
OG0007540	0.0	0.0	0.0	0.0
OG0007541	0.0	0.0	0.0	0.0
OG0007543	0.0	0.0	0.0	0.0
OG0007544	0.0	0.0	0.0	0.0
OG0007545	0.0	0.0	0.0	0.0
OG0007546	0.0	0.0	0.0	0.0
OG0007548	0.0	0.0	0.0	0.0
OG0007549	0.0	0.0	0.0	0.0
OG0007550	0.0	0.0	0.0	0.0
OG0007551	0.0	0.0	0.0	0.0
OG0007553	0.0	0.0	0.0	0.0
OG0007554	0.0	0.0	0.0	0.0
OG0007555	0.0	0.0	0.0	0.0
OG0007556	0.0	0.0	0.0	0.0
OG0007557	0.0	0.0	0.0	0.0
OG0007558	0.0	0.0	0.0	0.0
OG0007559	0.0	0.0	0.0	0.0
OG0007560	0.0	0.0	0.0	0.0
OG0007561	0.0	0.0	0.0	0.0
OG0007562	0.0	0.0	0.0	0.0
OG0007563	0.0	0.0	0.0	0.0
OG0007564	0.0	0.0	0.0	0.0
OG0007565	0.0	0.0	0.0	0.0
OG0007566	0.0	0.0	0.0	0.0
OG0007567	0.0	0.0	0.0	0.0
OG0007569	0.0	0.0	0.0	0.0
OG0007570	0.0	0.0	0.0	0.0
OG0007571	0.0	0.0	0.0	0.0
OG0007572	0.0	0.0	0.0	0.0
OG0007573	0.0	0.0	0.0	0.0
OG0007574	0.0	0.0	0.0	0.0
OG0007575	0.0	0.0	0.0	0.0
OG0007576	0.0	0.0	0.0	0.0
OG0007577	0.0	0.0	0.0	0.0
OG0007578	0.0	0.0	0.0	0.0
OG0007579	0.0	0.0	0.0	0.0
OG0007580	0.0	0.0	0.0	0.0
OG0007581	0.0	0.0	0.0	0.0
OG0007582	0.0	0.0	0.0	0.0
OG0007583	0.0	0.0	0.0	0.0
OG0007584	0.0	0.0	0.0	0.0
OG0007585	0.0	0.0	0.0	0.0
OG0007586	0.0	0.0	0.0	0.0
OG0007587	0.0	0.0	0.0	0.0
OG0007588	0.0	0.0	0.0	0.0
OG0007589	0.0	0.0	0.0	0.0
OG0007590	0.0	0.0	0.0	0.0
OG0007591	0.0	0.0	0.0	0.0
OG0007592	0.0	0.0	0.0	0.0
OG0007593	0.0	0.0	0.0	0.0
OG0007594	0.0	0.0	0.0	0.0
OG0007595	0.0	0.0	0.0	0.0
OG0007596	0.0	0.0	0.0	0.0
OG0007597	0.0	0.0	0.0	0.0
OG0007598	0.0	0.0	0.0	0.0
OG0007599	0.0	0.0	0.0	0.0
OG0007600	0.0	0.0	0.0	0.0
OG0007601	0.0	0.0	0.0	0.0
OG0007602	0.0	0.0	0.0	0.0
OG0007603	0.0	0.0	0.0	0.0
OG0007604	0.0	0.0	0.0	0.0
OG0007605	0.0	0.0	0.0	0.0
OG0007606	0.0	0.0	0.0	0.0
OG0007607	0.0	0.0	0.0	0.0
OG0007608	0.0	0.0	0.0	0.0
OG0007609	0.0	0.0	0.0	0.0
OG0007610	0.0	0.0	0.0	0.0
OG0007611	0.0	0.0	0.0	0.0
OG0007612	0.0	0.0	0.0	0.0
OG0007613	0.0	0.0	0.0	0.0
OG0007614	0.0	0.0	0.0	0.0
OG0007615	0.0	0.0	0.0	0.0
OG0007616	0.0	0.0	0.0	0.0
OG0007617	0.0	0.0	0.0	0.0
OG0007618	0.0	0.0	0.0	0.0
OG0007619	0.0	0.0	0.0	0.0
OG0007620	0.0	0.0	0.0	0.0
OG0007621	0.0	0.0	0.0	0.0
OG0007622	0.0	0.0	0.0	0.0
OG0007623	0.0	0.0	0.0	0.0
OG0007624	0.0	0.0	0.0	0.0
OG0007625	0.0	0.0	0.0	0.0
OG0007626	0.0	0.0	0.0	0.0
OG0007627	0.0	0.0	0.0	0.0
OG0007628	0.0	0.0	0.0	0.0
OG0007629	0.0	0.0	0.0	0.0
OG0007630	0.0	0.0	0.0	0.0
OG0007631	0.0	0.0	0.0	0.0
OG0007632	0.0	0.0	0.0	0.0
OG0007633	0.0	0.0	0.0	0.0
OG0007634	0.0	0.0	0.0	0.0
OG0007635	0.0	0.0	0.0	0.0
OG0007636	0.0	0.0	0.0	0.0
OG0007637	0.0	0.0	0.0	0.0
OG0007638	0.0	0.0	0.0	0.0
OG0007639	0.0	0.0	0.0	0.0
OG0007640	0.0	0.0	0.0	0.0
OG0007641	0.0	0.0	0.0	0.0
OG0007642	0.0	0.0	0.0	0.0
OG0007643	0.0	0.0	0.0	0.0
OG0007644	0.0	0.0	0.0	0.0
OG0007645	0.0	0.0	0.0	0.0
OG0007646	0.0	0.0	0.0	0.0
OG0007647	0.0	0.0	0.0	0.0
OG0007648	0.0	0.0	0.0	0.0
OG0007649	0.0	0.0	0.0	0.0
OG0007650	0.0	0.0	0.0	0.0
OG0007651	0.0	0.0	0.0	0.0
OG0007652	0.0	0.0	0.0	0.0
OG0007654	0.0	0.0	0.0	0.0
OG0007655	0.0	0.0	0.0	0.0
OG0007657	0.0	0.0	0.0	0.0
OG0007658	0.0	0.0	0.0	0.0
OG0007659	0.0	0.0	0.0	0.0
OG0007660	0.0	0.0	0.0	0.0
OG0007661	0.0	0.0	0.0	0.0
OG0007662	0.0	0.0	0.0	0.0
OG0007668	0.0	0.0	0.0	0.0
OG0007669	0.0	0.0	0.0	0.0
OG0007670	0.0	0.0	0.0	0.0
OG0007671	0.0	0.0	0.0	0.0
OG0007672	0.0	0.0	0.0	0.0
OG0007674	0.0	0.0	0.0	0.0
OG0007675	0.0	0.0	0.0	0.0
OG0007676	0.0	0.0	0.0	0.0
OG0007677	0.0	0.0	0.0	0.0
OG0007678	0.0	0.0	0.0	0.0
OG0007679	0.0	0.0	0.0	0.0
OG0007680	0.0	0.0	0.0	0.0
OG0007681	0.0	0.0	0.0	0.0
OG0007683	0.0	0.0	0.0	0.0
OG0007684	0.0	0.0	0.0	0.0
OG0007685	0.0	0.0	0.0	0.0
OG0007687	0.0	0.0	0.0	0.0
OG0007688	0.0	0.0	0.0	0.0
OG0007689	0.0	0.0	0.0	0.0
OG0007690	0.0	0.0	0.0	0.0
OG0007691	0.0	0.0	0.0	0.0
OG0007692	0.0	0.0	0.0	0.0
OG0007693	0.0	0.0	0.0	0.0
OG0007694	0.0	0.0	0.0	0.0
OG0007695	0.0	0.0	0.0	0.0
OG0007696	0.0	0.0	0.0	0.0
OG0007697	0.0	0.0	0.0	0.0
OG0007698	0.0	0.0	0.0	0.0
OG0007699	0.0	0.0	0.0	0.0
OG0007700	0.0	0.0	0.0	0.0
OG0007702	0.0	0.0	0.0	0.0
OG0007703	0.0	0.0	0.0	0.0
OG0007704	0.0	0.0	0.0	0.0
OG0007715	0.0	0.0	0.0	0.0
OG0007716	0.0	0.0	0.0	0.0
OG0007717	0.0	0.0	0.0	0.0
OG0007718	0.0	0.0	0.0	0.0
OG0007719	0.0	0.0	0.0	0.0
OG0007748	0.0	0.0	0.0	0.0
OG0007749	0.0	0.0	0.0	0.0
OG0007750	0.0	0.0	0.0	0.0
OG0007751	0.0	0.0	0.0	0.0
OG0007752	0.0	0.0	0.0	0.0
OG0007753	0.0	0.0	0.0	0.0
OG0007754	0.0	0.0	0.0	0.0
OG0007755	0.0	0.0	0.0	0.0
OG0007756	0.0	0.0	0.0	0.0
OG0007757	0.0	0.0	0.0	0.0
OG0007758	0.0	0.0	0.0	0.0
OG0007761	0.0	0.0	0.0	0.0
OG0007762	0.0	0.0	0.0	0.0
OG0007763	0.0	0.0	0.0	0.0
OG0007764	0.0	0.0	0.0	0.0
OG0007765	0.0	0.0	0.0	0.0
OG0007767	0.0	0.0	0.0	0.0
OG0007769	0.0	0.0	0.0	0.0
OG0007770	0.0	0.0	0.0	0.0
OG0007771	0.0	0.0	0.0	0.0
OG0007772	0.0	0.0	0.0	0.0
OG0007773	0.0	0.0	0.0	0.0
OG0007774	0.0	0.0	0.0	0.0
OG0007775	0.0	0.0	0.0	0.0
OG0007776	0.0	0.0	0.0	0.0
OG0007777	0.0	0.0	0.0	0.0
OG0007778	0.0	0.0	0.0	0.0
OG0007779	0.0	0.0	0.0	0.0
OG0007780	0.0	0.0	0.0	0.0
OG0007781	0.0	0.0	0.0	0.0
OG0007782	0.0	0.0	0.0	0.0
OG0007783	0.0	0.0	0.0	0.0
OG0007784	0.0	0.0	0.0	0.0
OG0007785	0.0	0.0	0.0	0.0
OG0007786	0.0	0.0	0.0	0.0
OG0007787	0.0	0.0	0.0	0.0
OG0007788	0.0	0.0	0.0	0.0
OG0007789	0.0	0.0	0.0	0.0
OG0007790	0.0	0.0	0.0	0.0
OG0007791	0.0	0.0	0.0	0.0
OG0007792	0.0	0.0	0.0	0.0
OG0007793	0.0	0.0	0.0	0.0
OG0007794	0.0	0.0	0.0	0.0
OG0007795	0.0	0.0	0.0	0.0
OG0007796	0.0	0.0	0.0	0.0
OG0007797	0.0	0.0	0.0	0.0
OG0007798	0.0	0.0	0.0	0.0
OG0007800	0.0	0.0	0.0	0.0
OG0007801	0.0	0.0	0.0	0.0
OG0007802	0.0	0.0	0.0	0.0
OG0007803	0.0	0.0	0.0	0.0
OG0007804	0.0	0.0	0.0	0.0
OG0007805	0.0	0.0	0.0	0.0
OG0007806	0.0	0.0	0.0	0.0
OG0007807	0.0	0.0	0.0	0.0
OG0007808	0.0	0.0	0.0	0.0
OG0007809	0.0	0.0	0.0	0.0
OG0007810	0.0	0.0	0.0	0.0
OG0007811	0.0	0.0	0.0	0.0
OG0007812	0.0	0.0	0.0	0.0
OG0007813	0.0	0.0	0.0	0.0
OG0007814	0.0	0.0	0.0	0.0
OG0007815	0.0	0.0	0.0	0.0
OG0007816	0.0	0.0	0.0	0.0
OG0007817	0.0	0.0	0.0	0.0
OG0007818	0.0	0.0	0.0	0.0
OG0007819	0.0	0.0	0.0	0.0
OG0007820	0.0	0.0	0.0	0.0
OG0007821	0.0	0.0	0.0	0.0
OG0007822	0.0	0.0	0.0	0.0
OG0007823	0.0	0.0	0.0	0.0
OG0007824	0.0	0.0	0.0	0.0
OG0007825	0.0	0.0	0.0	0.0
OG0007826	0.0	0.0	0.0	0.0
OG0007827	0.0	0.0	0.0	0.0
OG0007828	0.0	0.0	0.0	0.0
OG0007829	0.0	0.0	0.0	0.0
OG0007830	0.0	0.0	0.0	0.0
OG0007831	0.0	0.0	0.0	0.0
OG0007832	0.0	0.0	0.0	0.0
OG0007833	0.0	0.0	0.0	0.0
OG0007834	0.0	0.0	0.0	0.0
OG0007835	0.0	0.0	0.0	0.0
OG0007836	0.0	0.0	0.0	0.0
OG0007837	0.0	0.0	0.0	0.0
OG0007838	0.0	0.0	0.0	0.0
OG0007839	0.0	0.0	0.0	0.0
OG0007840	0.0	0.0	0.0	0.0
OG0007841	0.0	0.0	0.0	0.0
OG0007842	0.0	0.0	0.0	0.0
OG0007843	0.0	0.0	0.0	0.0
OG0007844	0.0	0.0	0.0	0.0
OG0007845	0.0	0.0	0.0	0.0
OG0007846	0.0	0.0	0.0	0.0
OG0007847	0.0	0.0	0.0	0.0
OG0007848	0.0	0.0	0.0	0.0
OG0007849	0.0	0.0	0.0	0.0
OG0007850	0.0	0.0	0.0	0.0
OG0007851	0.0	0.0	0.0	0.0
OG0007852	0.0	0.0	0.0	0.0
OG0007853	0.0	0.0	0.0	0.0
OG0007854	0.0	0.0	0.0	0.0
OG0007856	0.0	0.0	0.0	0.0
OG0007857	0.0	0.0	0.0	0.0
OG0007858	0.0	0.0	0.0	0.0
OG0007859	0.0	0.0	0.0	0.0
OG0007860	0.0	0.0	0.0	0.0
OG0007861	0.0	0.0	0.0	0.0
OG0007862	0.0	0.0	0.0	0.0
OG0007863	0.0	0.0	0.0	0.0
OG0007864	0.0	0.0	0.0	0.0
OG0007865	0.0	0.0	0.0	0.0
OG0007866	0.0	0.0	0.0	0.0
OG0007867	0.0	0.0	0.0	0.0
OG0007868	0.0	0.0	0.0	0.0
OG0007869	0.0	0.0	0.0	0.0
OG0007870	0.0	0.0	0.0	0.0
OG0007871	0.0	0.0	0.0	0.0
OG0007872	0.0	0.0	0.0	0.0
OG0007873	0.0	0.0	0.0	0.0
OG0007874	0.0	0.0	0.0	0.0
OG0007875	0.0	0.0	0.0	0.0
OG0007876	0.0	0.0	0.0	0.0
OG0007877	0.0	0.0	0.0	0.0
OG0007878	0.0	0.0	0.0	0.0
OG0007880	0.0	0.0	0.0	0.0
OG0007881	0.0	0.0	0.0	0.0
OG0007891	0.0	0.0	0.0	0.0
OG0007892	0.0	0.0	0.0	0.0
OG0007893	0.0	0.0	0.0	0.0
OG0007894	0.0	0.0	0.0	0.0
OG0007895	0.0	0.0	0.0	0.0
OG0007896	0.0	0.0	0.0	0.0
OG0007897	0.0	0.0	0.0	0.0
OG0007898	0.0	0.0	0.0	0.0
OG0007899	0.0	0.0	0.0	0.0
OG0007900	0.0	0.0	0.0	0.0
OG0007901	0.0	0.0	0.0	0.0
OG0007903	0.0	0.0	0.0	0.0
OG0007904	0.0	0.0	0.0	0.0
OG0007905	0.0	0.0	0.0	0.0
OG0007906	0.0	0.0	0.0	0.0
OG0007907	0.0	0.0	0.0	0.0
OG0007908	0.0	0.0	0.0	0.0
OG0007909	0.0	0.0	0.0	0.0
OG0007910	0.0	0.0	0.0	0.0
OG0007911	0.0	0.0	0.0	0.0
OG0007912	0.0	0.0	0.0	0.0
OG0007913	0.0	0.0	0.0	0.0
OG0007914	0.0	0.0	0.0	0.0
OG0007915	0.0	0.0	0.0	0.0
OG0007917	0.0	0.0	0.0	0.0
OG0007919	0.0	0.0	0.0	0.0
OG0007920	0.0	0.0	0.0	0.0
OG0007921	0.0	0.0	0.0	0.0
OG0007922	0.0	0.0	0.0	0.0
OG0007924	0.0	0.0	0.0	0.0
OG0007925	0.0	0.0	0.0	0.0
OG0007926	0.0	0.0	0.0	0.0
OG0007927	0.0	0.0	0.0	0.0
OG0007928	0.0	0.0	0.0	0.0
OG0007930	0.0	0.0	0.0	0.0
OG0007931	0.0	0.0	0.0	0.0
OG0007932	0.0	0.0	0.0	0.0
OG0007938	0.0	0.0	0.0	0.0
OG0007939	0.0	0.0	0.0	0.0
OG0007944	0.0	0.0	0.0	0.0
OG0007964	0.0	0.0	0.0	0.0
OG0007965	0.0	0.0	0.0	0.0
OG0007966	0.0	0.0	0.0	0.0
OG0007967	0.0	0.0	0.0	0.0
OG0007968	0.0	0.0	0.0	0.0
OG0007969	0.0	0.0	0.0	0.0
OG0007970	0.0	0.0	0.0	0.0
OG0007971	0.0	0.0	0.0	0.0
OG0007972	0.0	0.0	0.0	0.0
OG0007973	0.0	0.0	0.0	0.0
OG0007974	0.0	0.0	0.0	0.0
OG0007975	0.0	0.0	0.0	0.0
OG0007976	0.0	0.0	0.0	0.0
OG0007977	0.0	0.0	0.0	0.0
OG0007978	0.0	0.0	0.0	0.0
OG0007980	0.0	0.0	0.0	0.0
OG0007981	0.0	0.0	0.0	0.0
OG0007983	0.0	0.0	0.0	0.0
OG0007984	0.0	0.0	0.0	0.0
OG0007985	0.0	0.0	0.0	0.0
OG0007986	0.0	0.0	0.0	0.0
OG0007987	0.0	0.0	0.0	0.0
OG0007988	0.0	0.0	0.0	0.0
OG0007989	0.0	0.0	0.0	0.0
OG0007990	0.0	0.0	0.0	0.0
OG0007991	0.0	0.0	0.0	0.0
OG0007992	0.0	0.0	0.0	0.0
OG0007993	0.0	0.0	0.0	0.0
OG0007994	0.0	0.0	0.0	0.0
OG0007996	0.0	0.0	0.0	0.0
OG0007997	0.0	0.0	0.0	0.0
OG0007998	0.0	0.0	0.0	0.0
OG0007999	0.0	0.0	0.0	0.0
OG0008000	0.0	0.0	0.0	0.0
OG0008001	0.0	0.0	0.0	0.0
OG0008002	0.0	0.0	0.0	0.0
OG0008003	0.0	0.0	0.0	0.0
OG0008004	0.0	0.0	0.0	0.0
OG0008005	0.0	0.0	0.0	0.0
OG0008006	0.0	0.0	0.0	0.0
OG0008007	0.0	0.0	0.0	0.0
OG0008008	0.0	0.0	0.0	0.0
OG0008009	0.0	0.0	0.0	0.0
OG0008010	0.0	0.0	0.0	0.0
OG0008011	0.0	0.0	0.0	0.0
OG0008012	0.0	0.0	0.0	0.0
OG0008013	0.0	0.0	0.0	0.0
OG0008014	0.0	0.0	0.0	0.0
OG0008015	0.0	0.0	0.0	0.0
OG0008016	0.0	0.0	0.0	0.0
OG0008017	0.0	0.0	0.0	0.0
OG0008018	0.0	0.0	0.0	0.0
OG0008019	0.0	0.0	0.0	0.0
OG0008020	0.0	0.0	0.0	0.0
OG0008021	0.0	0.0	0.0	0.0
OG0008022	0.0	0.0	0.0	0.0
OG0008023	0.0	0.0	0.0	0.0
OG0008025	0.0	0.0	0.0	0.0
OG0008026	0.0	0.0	0.0	0.0
OG0008027	0.0	0.0	0.0	0.0
OG0008028	0.0	0.0	0.0	0.0
OG0008029	0.0	0.0	0.0	0.0
OG0008030	0.0	0.0	0.0	0.0
OG0008031	0.0	0.0	0.0	0.0
OG0008032	0.0	0.0	0.0	0.0
OG0008033	0.0	0.0	0.0	0.0
OG0008034	0.0	0.0	0.0	0.0
OG0008035	0.0	0.0	0.0	0.0
OG0008036	0.0	0.0	0.0	0.0
OG0008037	0.0	0.0	0.0	0.0
OG0008038	0.0	0.0	0.0	0.0
OG0008039	0.0	0.0	0.0	0.0
OG0008040	0.0	0.0	0.0	0.0
OG0008041	0.0	0.0	0.0	0.0
OG0008042	0.0	0.0	0.0	0.0
OG0008043	0.0	0.0	0.0	0.0
OG0008044	0.0	0.0	0.0	0.0
OG0008045	0.0	0.0	0.0	0.0
OG0008046	0.0	0.0	0.0	0.0
OG0008047	0.0	0.0	0.0	0.0
OG0008048	0.0	0.0	0.0	0.0
OG0008049	0.0	0.0	0.0	0.0
OG0008050	0.0	0.0	0.0	0.0
OG0008051	0.0	0.0	0.0	0.0
OG0008052	0.0	0.0	0.0	0.0
OG0008053	0.0	0.0	0.0	0.0
OG0008054	0.0	0.0	0.0	0.0
OG0008056	0.0	0.0	0.0	0.0
OG0008057	0.0	0.0	0.0	0.0
OG0008058	0.0	0.0	0.0	0.0
OG0008060	0.0	0.0	0.0	0.0
OG0008062	0.0	0.0	0.0	0.0
OG0008063	0.0	0.0	0.0	0.0
OG0008064	0.0	0.0	0.0	0.0
OG0008065	0.0	0.0	0.0	0.0
OG0008070	0.0	0.0	0.0	0.0
OG0008071	0.0	0.0	0.0	0.0
OG0008072	0.0	0.0	0.0	0.0
OG0008074	0.0	0.0	0.0	0.0
OG0008075	0.0	0.0	0.0	0.0
OG0008076	0.0	0.0	0.0	0.0
OG0008077	0.0	0.0	0.0	0.0
OG0008078	0.0	0.0	0.0	0.0
OG0008079	0.0	0.0	0.0	0.0
OG0008080	0.0	0.0	0.0	0.0
OG0008082	0.0	0.0	0.0	0.0
OG0008084	0.0	0.0	0.0	0.0
OG0008085	0.0	0.0	0.0	0.0
OG0008086	0.0	0.0	0.0	0.0
OG0008087	0.0	0.0	0.0	0.0
OG0008088	0.0	0.0	0.0	0.0
OG0008089	0.0	0.0	0.0	0.0
OG0008090	0.0	0.0	0.0	0.0
OG0008091	0.0	0.0	0.0	0.0
OG0008092	0.0	0.0	0.0	0.0
OG0008093	0.0	0.0	0.0	0.0
OG0008094	0.0	0.0	0.0	0.0
OG0008095	0.0	0.0	0.0	0.0
OG0008096	0.0	0.0	0.0	0.0
OG0008097	0.0	0.0	0.0	0.0
OG0008098	0.0	0.0	0.0	0.0
OG0008099	0.0	0.0	0.0	0.0
OG0008100	0.0	0.0	0.0	0.0
OG0008101	0.0	0.0	0.0	0.0
OG0008102	0.0	0.0	0.0	0.0
OG0008103	0.0	0.0	0.0	0.0
OG0008105	0.0	0.0	0.0	0.0
OG0008107	0.0	0.0	0.0	0.0
OG0008117	0.0	0.0	0.0	0.0
OG0008118	0.0	0.0	0.0	0.0
OG0008122	0.0	0.0	0.0	0.0
OG0008131	0.0	0.0	0.0	0.0
OG0008149	0.0	0.0	0.0	0.0
OG0008150	0.0	0.0	0.0	0.0
OG0008151	0.0	0.0	0.0	0.0
OG0008152	0.0	0.0	0.0	0.0
OG0008153	0.0	0.0	0.0	0.0
OG0008154	0.0	0.0	0.0	0.0
OG0008156	0.0	0.0	0.0	0.0
OG0008157	0.0	0.0	0.0	0.0
OG0008159	0.0	0.0	0.0	0.0
OG0008160	0.0	0.0	0.0	0.0
OG0008161	0.0	0.0	0.0	0.0
OG0008162	0.0	0.0	0.0	0.0
OG0008163	0.0	0.0	0.0	0.0
OG0008164	0.0	0.0	0.0	0.0
OG0008165	0.0	0.0	0.0	0.0
OG0008166	0.0	0.0	0.0	0.0
OG0008167	0.0	0.0	0.0	0.0
OG0008168	0.0	0.0	0.0	0.0
OG0008170	0.0	0.0	0.0	0.0
OG0008171	0.0	0.0	0.0	0.0
OG0008172	0.0	0.0	0.0	0.0
OG0008173	0.0	0.0	0.0	0.0
OG0008174	0.0	0.0	0.0	0.0
OG0008175	0.0	0.0	0.0	0.0
OG0008176	0.0	0.0	0.0	0.0
OG0008177	0.0	0.0	0.0	0.0
OG0008178	0.0	0.0	0.0	0.0
OG0008179	0.0	0.0	0.0	0.0
OG0008180	0.0	0.0	0.0	0.0
OG0008181	0.0	0.0	0.0	0.0
OG0008182	0.0	0.0	0.0	0.0
OG0008183	0.0	0.0	0.0	0.0
OG0008184	0.0	0.0	0.0	0.0
OG0008185	0.0	0.0	0.0	0.0
OG0008186	0.0	0.0	0.0	0.0
OG0008187	0.0	0.0	0.0	0.0
OG0008188	0.0	0.0	0.0	0.0
OG0008189	0.0	0.0	0.0	0.0
OG0008190	0.0	0.0	0.0	0.0
OG0008191	0.0	0.0	0.0	0.0
OG0008192	0.0	0.0	0.0	0.0
OG0008193	0.0	0.0	0.0	0.0
OG0008194	0.0	0.0	0.0	0.0
OG0008195	0.0	0.0	0.0	0.0
OG0008196	0.0	0.0	0.0	0.0
OG0008197	0.0	0.0	0.0	0.0
OG0008198	0.0	0.0	0.0	0.0
OG0008199	0.0	0.0	0.0	0.0
OG0008200	0.0	0.0	0.0	0.0
OG0008201	0.0	0.0	0.0	0.0
OG0008202	0.0	0.0	0.0	0.0
OG0008203	0.0	0.0	0.0	0.0
OG0008204	0.0	0.0	0.0	0.0
OG0008205	0.0	0.0	0.0	0.0
OG0008206	0.0	0.0	0.0	0.0
OG0008207	0.0	0.0	0.0	0.0
OG0008208	0.0	0.0	0.0	0.0
OG0008209	0.0	0.0	0.0	0.0
OG0008210	0.0	0.0	0.0	0.0
OG0008211	0.0	0.0	0.0	0.0
OG0008212	0.0	0.0	0.0	0.0
OG0008213	0.0	0.0	0.0	0.0
OG0008214	0.0	0.0	0.0	0.0
OG0008215	0.0	0.0	0.0	0.0
OG0008216	0.0	0.0	0.0	0.0
OG0008217	0.0	0.0	0.0	0.0
OG0008218	0.0	0.0	0.0	0.0
OG0008219	0.0	0.0	0.0	0.0
OG0008220	0.0	0.0	0.0	0.0
OG0008221	0.0	0.0	0.0	0.0
OG0008222	0.0	0.0	0.0	0.0
OG0008223	0.0	0.0	0.0	0.0
OG0008225	0.0	0.0	0.0	0.0
OG0008226	0.0	0.0	0.0	0.0
OG0008227	0.0	0.0	0.0	0.0
OG0008228	0.0	0.0	0.0	0.0
OG0008229	0.0	0.0	0.0	0.0
OG0008230	0.0	0.0	0.0	0.0
OG0008231	0.0	0.0	0.0	0.0
OG0008232	0.0	0.0	0.0	0.0
OG0008233	0.0	0.0	0.0	0.0
OG0008235	0.0	0.0	0.0	0.0
OG0008237	0.0	0.0	0.0	0.0
OG0008238	0.0	0.0	0.0	0.0
OG0008239	0.0	0.0	0.0	0.0
OG0008240	0.0	0.0	0.0	0.0
OG0008244	0.0	0.0	0.0	0.0
OG0008247	0.0	0.0	0.0	0.0
OG0008248	0.0	0.0	0.0	0.0
OG0008249	0.0	0.0	0.0	0.0
OG0008250	0.0	0.0	0.0	0.0
OG0008251	0.0	0.0	0.0	0.0
OG0008253	0.0	0.0	0.0	0.0
OG0008254	0.0	0.0	0.0	0.0
OG0008255	0.0	0.0	0.0	0.0
OG0008256	0.0	0.0	0.0	0.0
OG0008257	0.0	0.0	0.0	0.0
OG0008258	0.0	0.0	0.0	0.0
OG0008259	0.0	0.0	0.0	0.0
OG0008260	0.0	0.0	0.0	0.0
OG0008261	0.0	0.0	0.0	0.0
OG0008262	0.0	0.0	0.0	0.0
OG0008263	0.0	0.0	0.0	0.0
OG0008264	0.0	0.0	0.0	0.0
OG0008265	0.0	0.0	0.0	0.0
OG0008266	0.0	0.0	0.0	0.0
OG0008267	0.0	0.0	0.0	0.0
OG0008268	0.0	0.0	0.0	0.0
OG0008269	0.0	0.0	0.0	0.0
OG0008270	0.0	0.0	0.0	0.0
OG0008271	0.0	0.0	0.0	0.0
OG0008272	0.0	0.0	0.0	0.0
OG0008273	0.0	0.0	0.0	0.0
OG0008274	0.0	0.0	0.0	0.0
OG0008276	0.0	0.0	0.0	0.0
OG0008277	0.0	0.0	0.0	0.0
OG0008278	0.0	0.0	0.0	0.0
OG0008280	0.0	0.0	0.0	0.0
OG0008282	0.0	0.0	0.0	0.0
OG0008284	0.0	0.0	0.0	0.0
OG0008285	0.0	0.0	0.0	0.0
OG0008301	0.0	0.0	0.0	0.0
OG0008303	0.0	0.0	0.0	0.0
OG0008308	0.0	0.0	0.0	0.0
OG0008330	0.0	0.0	0.0	0.0
OG0008333	0.0	0.0	0.0	0.0
OG0008334	0.0	0.0	0.0	0.0
OG0008335	0.0	0.0	0.0	0.0
OG0008336	0.0	0.0	0.0	0.0
OG0008337	0.0	0.0	0.0	0.0
OG0008339	0.0	0.0	0.0	0.0
OG0008341	0.0	0.0	0.0	0.0
OG0008344	0.0	0.0	0.0	0.0
OG0008346	0.0	0.0	0.0	0.0
OG0008347	0.0	0.0	0.0	0.0
OG0008348	0.0	0.0	0.0	0.0
OG0008349	0.0	0.0	0.0	0.0
OG0008350	0.0	0.0	0.0	0.0
OG0008351	0.0	0.0	0.0	0.0
OG0008352	0.0	0.0	0.0	0.0
OG0008353	0.0	0.0	0.0	0.0
OG0008354	0.0	0.0	0.0	0.0
OG0008355	0.0	0.0	0.0	0.0
OG0008356	0.0	0.0	0.0	0.0
OG0008357	0.0	0.0	0.0	0.0
OG0008358	0.0	0.0	0.0	0.0
OG0008359	0.0	0.0	0.0	0.0
OG0008360	0.0	0.0	0.0	0.0
OG0008361	0.0	0.0	0.0	0.0
OG0008362	0.0	0.0	0.0	0.0
OG0008363	0.0	0.0	0.0	0.0
OG0008364	0.0	0.0	0.0	0.0
OG0008365	0.0	0.0	0.0	0.0
OG0008366	0.0	0.0	0.0	0.0
OG0008368	0.0	0.0	0.0	0.0
OG0008370	0.0	0.0	0.0	0.0
OG0008371	0.0	0.0	0.0	0.0
OG0008372	0.0	0.0	0.0	0.0
OG0008373	0.0	0.0	0.0	0.0
OG0008375	0.0	0.0	0.0	0.0
OG0008376	0.0	0.0	0.0	0.0
OG0008377	0.0	0.0	0.0	0.0
OG0008378	0.0	0.0	0.0	0.0
OG0008379	0.0	0.0	0.0	0.0
OG0008380	0.0	0.0	0.0	0.0
OG0008381	0.0	0.0	0.0	0.0
OG0008382	0.0	0.0	0.0	0.0
OG0008383	0.0	0.0	0.0	0.0
OG0008384	0.0	0.0	0.0	0.0
OG0008385	0.0	0.0	0.0	0.0
OG0008386	0.0	0.0	0.0	0.0
OG0008387	0.0	0.0	0.0	0.0
OG0008388	0.0	0.0	0.0	0.0
OG0008389	0.0	0.0	0.0	0.0
OG0008390	0.0	0.0	0.0	0.0
OG0008391	0.0	0.0	0.0	0.0
OG0008392	0.0	0.0	0.0	0.0
OG0008393	0.0	0.0	0.0	0.0
OG0008394	0.0	0.0	0.0	0.0
OG0008395	0.0	0.0	0.0	0.0
OG0008396	0.0	0.0	0.0	0.0
OG0008397	0.0	0.0	0.0	0.0
OG0008398	0.0	0.0	0.0	0.0
OG0008399	0.0	0.0	0.0	0.0
OG0008400	0.0	0.0	0.0	0.0
OG0008401	0.0	0.0	0.0	0.0
OG0008402	0.0	0.0	0.0	0.0
OG0008403	0.0	0.0	0.0	0.0
OG0008404	0.0	0.0	0.0	0.0
OG0008405	0.0	0.0	0.0	0.0
OG0008406	0.0	0.0	0.0	0.0
OG0008407	0.0	0.0	0.0	0.0
OG0008408	0.0	0.0	0.0	0.0
OG0008409	0.0	0.0	0.0	0.0
OG0008410	0.0	0.0	0.0	0.0
OG0008411	0.0	0.0	0.0	0.0
OG0008412	0.0	0.0	0.0	0.0
OG0008413	0.0	0.0	0.0	0.0
OG0008414	0.0	0.0	0.0	0.0
OG0008415	0.0	0.0	0.0	0.0
OG0008416	0.0	0.0	0.0	0.0
OG0008417	0.0	0.0	0.0	0.0
OG0008418	0.0	0.0	0.0	0.0
OG0008419	0.0	0.0	0.0	0.0
OG0008420	0.0	0.0	0.0	0.0
OG0008421	0.0	0.0	0.0	0.0
OG0008422	0.0	0.0	0.0	0.0
OG0008423	0.0	0.0	0.0	0.0
OG0008424	0.0	0.0	0.0	0.0
OG0008425	0.0	0.0	0.0	0.0
OG0008426	0.0	0.0	0.0	0.0
OG0008427	0.0	0.0	0.0	0.0
OG0008428	0.0	0.0	0.0	0.0
OG0008429	0.0	0.0	0.0	0.0
OG0008430	0.0	0.0	0.0	0.0
OG0008431	0.0	0.0	0.0	0.0
OG0008432	0.0	0.0	0.0	0.0
OG0008433	0.0	0.0	0.0	0.0
OG0008434	0.0	0.0	0.0	0.0
OG0008435	0.0	0.0	0.0	0.0
OG0008438	0.0	0.0	0.0	0.0
OG0008439	0.0	0.0	0.0	0.0
OG0008440	0.0	0.0	0.0	0.0
OG0008441	0.0	0.0	0.0	0.0
OG0008442	0.0	0.0	0.0	0.0
OG0008443	0.0	0.0	0.0	0.0
OG0008445	0.0	0.0	0.0	0.0
OG0008448	0.0	0.0	0.0	0.0
OG0008458	0.0	0.0	0.0	0.0
OG0008461	0.0	0.0	0.0	0.0
OG0008462	0.0	0.0	0.0	0.0
OG0008463	0.0	0.0	0.0	0.0
OG0008464	0.0	0.0	0.0	0.0
OG0008465	0.0	0.0	0.0	0.0
OG0008466	0.0	0.0	0.0	0.0
OG0008467	0.0	0.0	0.0	0.0
OG0008468	0.0	0.0	0.0	0.0
OG0008469	0.0	0.0	0.0	0.0
OG0008470	0.0	0.0	0.0	0.0
OG0008471	0.0	0.0	0.0	0.0
OG0008472	0.0	0.0	0.0	0.0
OG0008473	0.0	0.0	0.0	0.0
OG0008474	0.0	0.0	0.0	0.0
OG0008475	0.0	0.0	0.0	0.0
OG0008476	0.0	0.0	0.0	0.0
OG0008477	0.0	0.0	0.0	0.0
OG0008478	0.0	0.0	0.0	0.0
OG0008479	0.0	0.0	0.0	0.0
OG0008480	0.0	0.0	0.0	0.0
OG0008481	0.0	0.0	0.0	0.0
OG0008482	0.0	0.0	0.0	0.0
OG0008483	0.0	0.0	0.0	0.0
OG0008484	0.0	0.0	0.0	0.0
OG0008485	0.0	0.0	0.0	0.0
OG0008486	0.0	0.0	0.0	0.0
OG0008488	0.0	0.0	0.0	0.0
OG0008489	0.0	0.0	0.0	0.0
OG0008491	0.0	0.0	0.0	0.0
OG0008492	0.0	0.0	0.0	0.0
OG0008493	0.0	0.0	0.0	0.0
OG0008495	0.0	0.0	0.0	0.0
OG0008501	0.0	0.0	0.0	0.0
OG0008502	0.0	0.0	0.0	0.0
OG0008504	0.0	0.0	0.0	0.0
OG0008505	0.0	0.0	0.0	0.0
OG0008506	0.0	0.0	0.0	0.0
OG0008507	0.0	0.0	0.0	0.0
OG0008516	0.0	0.0	0.0	0.0
OG0008522	0.0	0.0	0.0	0.0
OG0008556	0.0	0.0	0.0	0.0
OG0008558	0.0	0.0	0.0	0.0
OG0008559	0.0	0.0	0.0	0.0
OG0008560	0.0	0.0	0.0	0.0
OG0008561	0.0	0.0	0.0	0.0
OG0008564	0.0	0.0	0.0	0.0
OG0008565	0.0	0.0	0.0	0.0
OG0008566	0.0	0.0	0.0	0.0
OG0008569	0.0	0.0	0.0	0.0
OG0008570	0.0	0.0	0.0	0.0
OG0008571	0.0	0.0	0.0	0.0
OG0008572	0.0	0.0	0.0	0.0
OG0008575	0.0	0.0	0.0	0.0
OG0008576	0.0	0.0	0.0	0.0
OG0008577	0.0	0.0	0.0	0.0
OG0008578	0.0	0.0	0.0	0.0
OG0008580	0.0	0.0	0.0	0.0
OG0008581	0.0	0.0	0.0	0.0
OG0008582	0.0	0.0	0.0	0.0
OG0008583	0.0	0.0	0.0	0.0
OG0008584	0.0	0.0	0.0	0.0
OG0008586	0.0	0.0	0.0	0.0
OG0008587	0.0	0.0	0.0	0.0
OG0008588	0.0	0.0	0.0	0.0
OG0008589	0.0	0.0	0.0	0.0
OG0008590	0.0	0.0	0.0	0.0
OG0008591	0.0	0.0	0.0	0.0
OG0008592	0.0	0.0	0.0	0.0
OG0008593	0.0	0.0	0.0	0.0
OG0008594	0.0	0.0	0.0	0.0
OG0008595	0.0	0.0	0.0	0.0
OG0008596	0.0	0.0	0.0	0.0
OG0008597	0.0	0.0	0.0	0.0
OG0008598	0.0	0.0	0.0	0.0
OG0008599	0.0	0.0	0.0	0.0
OG0008601	0.0	0.0	0.0	0.0
OG0008602	0.0	0.0	0.0	0.0
OG0008603	0.0	0.0	0.0	0.0
OG0008604	0.0	0.0	0.0	0.0
OG0008605	0.0	0.0	0.0	0.0
OG0008606	0.0	0.0	0.0	0.0
OG0008607	0.0	0.0	0.0	0.0
OG0008608	0.0	0.0	0.0	0.0
OG0008609	0.0	0.0	0.0	0.0
OG0008610	0.0	0.0	0.0	0.0
OG0008611	0.0	0.0	0.0	0.0
OG0008612	0.0	0.0	0.0	0.0
OG0008613	0.0	0.0	0.0	0.0
OG0008614	0.0	0.0	0.0	0.0
OG0008615	0.0	0.0	0.0	0.0
OG0008616	0.0	0.0	0.0	0.0
OG0008617	0.0	0.0	0.0	0.0
OG0008618	0.0	0.0	0.0	0.0
OG0008619	0.0	0.0	0.0	0.0
OG0008620	0.0	0.0	0.0	0.0
OG0008621	0.0	0.0	0.0	0.0
OG0008622	0.0	0.0	0.0	0.0
OG0008623	0.0	0.0	0.0	0.0
OG0008624	0.0	0.0	0.0	0.0
OG0008625	0.0	0.0	0.0	0.0
OG0008626	0.0	0.0	0.0	0.0
OG0008627	0.0	0.0	0.0	0.0
OG0008628	0.0	0.0	0.0	0.0
OG0008629	0.0	0.0	0.0	0.0
OG0008630	0.0	0.0	0.0	0.0
OG0008631	0.0	0.0	0.0	0.0
OG0008633	0.0	0.0	0.0	0.0
OG0008634	0.0	0.0	0.0	0.0
OG0008635	0.0	0.0	0.0	0.0
OG0008636	0.0	0.0	0.0	0.0
OG0008637	0.0	0.0	0.0	0.0
OG0008638	0.0	0.0	0.0	0.0
OG0008639	0.0	0.0	0.0	0.0
OG0008640	0.0	0.0	0.0	0.0
OG0008641	0.0	0.0	0.0	0.0
OG0008642	0.0	0.0	0.0	0.0
OG0008643	0.0	0.0	0.0	0.0
OG0008644	0.0	0.0	0.0	0.0
OG0008645	0.0	0.0	0.0	0.0
OG0008646	0.0	0.0	0.0	0.0
OG0008647	0.0	0.0	0.0	0.0
OG0008648	0.0	0.0	0.0	0.0
OG0008649	0.0	0.0	0.0	0.0
OG0008650	0.0	0.0	0.0	0.0
OG0008651	0.0	0.0	0.0	0.0
OG0008652	0.0	0.0	0.0	0.0
OG0008653	0.0	0.0	0.0	0.0
OG0008655	0.0	0.0	0.0	0.0
OG0008656	0.0	0.0	0.0	0.0
OG0008657	0.0	0.0	0.0	0.0
OG0008658	0.0	0.0	0.0	0.0
OG0008659	0.0	0.0	0.0	0.0
OG0008660	0.0	0.0	0.0	0.0
OG0008661	0.0	0.0	0.0	0.0
OG0008662	0.0	0.0	0.0	0.0
OG0008663	0.0	0.0	0.0	0.0
OG0008664	0.0	0.0	0.0	0.0
OG0008665	0.0	0.0	0.0	0.0
OG0008666	0.0	0.0	0.0	0.0
OG0008667	0.0	0.0	0.0	0.0
OG0008669	0.0	0.0	0.0	0.0
OG0008681	0.0	0.0	0.0	0.0
OG0008684	0.0	0.0	0.0	0.0
OG0008686	0.0	0.0	0.0	0.0
OG0008687	0.0	0.0	0.0	0.0
OG0008688	0.0	0.0	0.0	0.0
OG0008689	0.0	0.0	0.0	0.0
OG0008690	0.0	0.0	0.0	0.0
OG0008691	0.0	0.0	0.0	0.0
OG0008692	0.0	0.0	0.0	0.0
OG0008693	0.0	0.0	0.0	0.0
OG0008695	0.0	0.0	0.0	0.0
OG0008696	0.0	0.0	0.0	0.0
OG0008697	0.0	0.0	0.0	0.0
OG0008698	0.0	0.0	0.0	0.0
OG0008699	0.0	0.0	0.0	0.0
OG0008700	0.0	0.0	0.0	0.0
OG0008701	0.0	0.0	0.0	0.0
OG0008703	0.0	0.0	0.0	0.0
OG0008704	0.0	0.0	0.0	0.0
OG0008705	0.0	0.0	0.0	0.0
OG0008706	0.0	0.0	0.0	0.0
OG0008707	0.0	0.0	0.0	0.0
OG0008708	0.0	0.0	0.0	0.0
OG0008709	0.0	0.0	0.0	0.0
OG0008712	0.0	0.0	0.0	0.0
OG0008713	0.0	0.0	0.0	0.0
OG0008715	0.0	0.0	0.0	0.0
OG0008717	0.0	0.0	0.0	0.0
OG0008718	0.0	0.0	0.0	0.0
OG0008719	0.0	0.0	0.0	0.0
OG0008722	0.0	0.0	0.0	0.0
OG0008724	0.0	0.0	0.0	0.0
OG0008735	0.0	0.0	0.0	0.0
OG0008737	0.0	0.0	0.0	0.0
OG0008742	0.0	0.0	0.0	0.0
OG0008743	0.0	0.0	0.0	0.0
OG0008746	0.0	0.0	0.0	0.0
OG0008752	0.0	0.0	0.0	0.0
OG0008776	0.0	0.0	0.0	0.0
OG0008777	0.0	0.0	0.0	0.0
OG0008778	0.0	0.0	0.0	0.0
OG0008781	0.0	0.0	0.0	0.0
OG0008782	0.0	0.0	0.0	0.0
OG0008786	0.0	0.0	0.0	0.0
OG0008787	0.0	0.0	0.0	0.0
OG0008788	0.0	0.0	0.0	0.0
OG0008789	0.0	0.0	0.0	0.0
OG0008790	0.0	0.0	0.0	0.0
OG0008791	0.0	0.0	0.0	0.0
OG0008792	0.0	0.0	0.0	0.0
OG0008793	0.0	0.0	0.0	0.0
OG0008794	0.0	0.0	0.0	0.0
OG0008795	0.0	0.0	0.0	0.0
OG0008796	0.0	0.0	0.0	0.0
OG0008797	0.0	0.0	0.0	0.0
OG0008798	0.0	0.0	0.0	0.0
OG0008799	0.0	0.0	0.0	0.0
OG0008800	0.0	0.0	0.0	0.0
OG0008801	0.0	0.0	0.0	0.0
OG0008802	0.0	0.0	0.0	0.0
OG0008804	0.0	0.0	0.0	0.0
OG0008805	0.0	0.0	0.0	0.0
OG0008808	0.0	0.0	0.0	0.0
OG0008809	0.0	0.0	0.0	0.0
OG0008810	0.0	0.0	0.0	0.0
OG0008812	0.0	0.0	0.0	0.0
OG0008813	0.0	0.0	0.0	0.0
OG0008815	0.0	0.0	0.0	0.0
OG0008816	0.0	0.0	0.0	0.0
OG0008817	0.0	0.0	0.0	0.0
OG0008818	0.0	0.0	0.0	0.0
OG0008819	0.0	0.0	0.0	0.0
OG0008820	0.0	0.0	0.0	0.0
OG0008821	0.0	0.0	0.0	0.0
OG0008822	0.0	0.0	0.0	0.0
OG0008823	0.0	0.0	0.0	0.0
OG0008824	0.0	0.0	0.0	0.0
OG0008825	0.0	0.0	0.0	0.0
OG0008826	0.0	0.0	0.0	0.0
OG0008827	0.0	0.0	0.0	0.0
OG0008828	0.0	0.0	0.0	0.0
OG0008829	0.0	0.0	0.0	0.0
OG0008830	0.0	0.0	0.0	0.0
OG0008831	0.0	0.0	0.0	0.0
OG0008832	0.0	0.0	0.0	0.0
OG0008833	0.0	0.0	0.0	0.0
OG0008834	0.0	0.0	0.0	0.0
OG0008835	0.0	0.0	0.0	0.0
OG0008836	0.0	0.0	0.0	0.0
OG0008837	0.0	0.0	0.0	0.0
OG0008838	0.0	0.0	0.0	0.0
OG0008839	0.0	0.0	0.0	0.0
OG0008840	0.0	0.0	0.0	0.0
OG0008841	0.0	0.0	0.0	0.0
OG0008842	0.0	0.0	0.0	0.0
OG0008843	0.0	0.0	0.0	0.0
OG0008844	0.0	0.0	0.0	0.0
OG0008845	0.0	0.0	0.0	0.0
OG0008846	0.0	0.0	0.0	0.0
OG0008847	0.0	0.0	0.0	0.0
OG0008848	0.0	0.0	0.0	0.0
OG0008849	0.0	0.0	0.0	0.0
OG0008850	0.0	0.0	0.0	0.0
OG0008851	0.0	0.0	0.0	0.0
OG0008852	0.0	0.0	0.0	0.0
OG0008853	0.0	0.0	0.0	0.0
OG0008854	0.0	0.0	0.0	0.0
OG0008855	0.0	0.0	0.0	0.0
OG0008856	0.0	0.0	0.0	0.0
OG0008857	0.0	0.0	0.0	0.0
OG0008858	0.0	0.0	0.0	0.0
OG0008859	0.0	0.0	0.0	0.0
OG0008860	0.0	0.0	0.0	0.0
OG0008861	0.0	0.0	0.0	0.0
OG0008862	0.0	0.0	0.0	0.0
OG0008863	0.0	0.0	0.0	0.0
OG0008864	0.0	0.0	0.0	0.0
OG0008865	0.0	0.0	0.0	0.0
OG0008866	0.0	0.0	0.0	0.0
OG0008868	0.0	0.0	0.0	0.0
OG0008869	0.0	0.0	0.0	0.0
OG0008870	0.0	0.0	0.0	0.0
OG0008871	0.0	0.0	0.0	0.0
OG0008872	0.0	0.0	0.0	0.0
OG0008873	0.0	0.0	0.0	0.0
OG0008874	0.0	0.0	0.0	0.0
OG0008875	0.0	0.0	0.0	0.0
OG0008876	0.0	0.0	0.0	0.0
OG0008877	0.0	0.0	0.0	0.0
OG0008878	0.0	0.0	0.0	0.0
OG0008879	0.0	0.0	0.0	0.0
OG0008880	0.0	0.0	0.0	0.0
OG0008881	0.0	0.0	0.0	0.0
OG0008882	0.0	0.0	0.0	0.0
OG0008883	0.0	0.0	0.0	0.0
OG0008884	0.0	0.0	0.0	0.0
OG0008885	0.0	0.0	0.0	0.0
OG0008886	0.0	0.0	0.0	0.0
OG0008887	0.0	0.0	0.0	0.0
OG0008888	0.0	0.0	0.0	0.0
OG0008889	0.0	0.0	0.0	0.0
OG0008890	0.0	0.0	0.0	0.0
OG0008891	0.0	0.0	0.0	0.0
OG0008892	0.0	0.0	0.0	0.0
OG0008893	0.0	0.0	0.0	0.0
OG0008894	0.0	0.0	0.0	0.0
OG0008895	0.0	0.0	0.0	0.0
OG0008896	0.0	0.0	0.0	0.0
OG0008897	0.0	0.0	0.0	0.0
OG0008898	0.0	0.0	0.0	0.0
OG0008899	0.0	0.0	0.0	0.0
OG0008900	0.0	0.0	0.0	0.0
OG0008901	0.0	0.0	0.0	0.0
OG0008903	0.0	0.0	0.0	0.0
OG0008909	0.0	0.0	0.0	0.0
OG0008912	0.0	0.0	0.0	0.0
OG0008914	0.0	0.0	0.0	0.0
OG0008915	0.0	0.0	0.0	0.0
OG0008916	0.0	0.0	0.0	0.0
OG0008917	0.0	0.0	0.0	0.0
OG0008918	0.0	0.0	0.0	0.0
OG0008919	0.0	0.0	0.0	0.0
OG0008920	0.0	0.0	0.0	0.0
OG0008921	0.0	0.0	0.0	0.0
OG0008922	0.0	0.0	0.0	0.0
OG0008923	0.0	0.0	0.0	0.0
OG0008924	0.0	0.0	0.0	0.0
OG0008925	0.0	0.0	0.0	0.0
OG0008926	0.0	0.0	0.0	0.0
OG0008927	0.0	0.0	0.0	0.0
OG0008929	0.0	0.0	0.0	0.0
OG0008930	0.0	0.0	0.0	0.0
OG0008931	0.0	0.0	0.0	0.0
OG0008932	0.0	0.0	0.0	0.0
OG0008935	0.0	0.0	0.0	0.0
OG0008936	0.0	0.0	0.0	0.0
OG0008937	0.0	0.0	0.0	0.0
OG0008938	0.0	0.0	0.0	0.0
OG0008939	0.0	0.0	0.0	0.0
OG0008940	0.0	0.0	0.0	0.0
OG0008941	0.0	0.0	0.0	0.0
OG0008942	0.0	0.0	0.0	0.0
OG0008943	0.0	0.0	0.0	0.0
OG0008945	0.0	0.0	0.0	0.0
OG0008946	0.0	0.0	0.0	0.0
OG0008947	0.0	0.0	0.0	0.0
OG0008948	0.0	0.0	0.0	0.0
OG0008949	0.0	0.0	0.0	0.0
OG0008950	0.0	0.0	0.0	0.0
OG0008951	0.0	0.0	0.0	0.0
OG0008952	0.0	0.0	0.0	0.0
OG0008953	0.0	0.0	0.0	0.0
OG0008954	0.0	0.0	0.0	0.0
OG0008955	0.0	0.0	0.0	0.0
OG0008956	0.0	0.0	0.0	0.0
OG0008957	0.0	0.0	0.0	0.0
OG0008958	0.0	0.0	0.0	0.0
OG0008959	0.0	0.0	0.0	0.0
OG0008960	0.0	0.0	0.0	0.0
OG0008961	0.0	0.0	0.0	0.0
OG0008962	0.0	0.0	0.0	0.0
OG0008963	0.0	0.0	0.0	0.0
OG0008964	0.0	0.0	0.0	0.0
OG0008966	0.0	0.0	0.0	0.0
OG0008968	0.0	0.0	0.0	0.0
OG0008969	0.0	0.0	0.0	0.0
OG0008970	0.0	0.0	0.0	0.0
OG0008971	0.0	0.0	0.0	0.0
OG0008972	0.0	0.0	0.0	0.0
OG0008975	0.0	0.0	0.0	0.0
OG0008976	0.0	0.0	0.0	0.0
OG0008977	0.0	0.0	0.0	0.0
OG0008978	0.0	0.0	0.0	0.0
OG0008980	0.0	0.0	0.0	0.0
OG0008981	0.0	0.0	0.0	0.0
OG0008983	0.0	0.0	0.0	0.0
OG0008984	0.0	0.0	0.0	0.0
OG0008985	0.0	0.0	0.0	0.0
OG0008986	0.0	0.0	0.0	0.0
OG0008998	0.0	0.0	0.0	0.0
OG0008999	0.0	0.0	0.0	0.0
OG0009001	0.0	0.0	0.0	0.0
OG0009005	0.0	0.0	0.0	0.0
OG0009006	0.0	0.0	0.0	0.0
OG0009053	0.0	0.0	0.0	0.0
OG0009054	0.0	0.0	0.0	0.0
OG0009055	0.0	0.0	0.0	0.0
OG0009056	0.0	0.0	0.0	0.0
OG0009057	0.0	0.0	0.0	0.0
OG0009058	0.0	0.0	0.0	0.0
OG0009060	0.0	0.0	0.0	0.0
OG0009063	0.0	0.0	0.0	0.0
OG0009064	0.0	0.0	0.0	0.0
OG0009065	0.0	0.0	0.0	0.0
OG0009066	0.0	0.0	0.0	0.0
OG0009067	0.0	0.0	0.0	0.0
OG0009068	0.0	0.0	0.0	0.0
OG0009069	0.0	0.0	0.0	0.0
OG0009070	0.0	0.0	0.0	0.0
OG0009071	0.0	0.0	0.0	0.0
OG0009072	0.0	0.0	0.0	0.0
OG0009073	0.0	0.0	0.0	0.0
OG0009074	0.0	0.0	0.0	0.0
OG0009075	0.0	0.0	0.0	0.0
OG0009076	0.0	0.0	0.0	0.0
OG0009077	0.0	0.0	0.0	0.0
OG0009078	0.0	0.0	0.0	0.0
OG0009079	0.0	0.0	0.0	0.0
OG0009080	0.0	0.0	0.0	0.0
OG0009081	0.0	0.0	0.0	0.0
OG0009082	0.0	0.0	0.0	0.0
OG0009083	0.0	0.0	0.0	0.0
OG0009084	0.0	0.0	0.0	0.0
OG0009085	0.0	0.0	0.0	0.0
OG0009087	0.0	0.0	0.0	0.0
OG0009088	0.0	0.0	0.0	0.0
OG0009089	0.0	0.0	0.0	0.0
OG0009090	0.0	0.0	0.0	0.0
OG0009091	0.0	0.0	0.0	0.0
OG0009093	0.0	0.0	0.0	0.0
OG0009094	0.0	0.0	0.0	0.0
OG0009095	0.0	0.0	0.0	0.0
OG0009096	0.0	0.0	0.0	0.0
OG0009097	0.0	0.0	0.0	0.0
OG0009098	0.0	0.0	0.0	0.0
OG0009099	0.0	0.0	0.0	0.0
OG0009100	0.0	0.0	0.0	0.0
OG0009101	0.0	0.0	0.0	0.0
OG0009102	0.0	0.0	0.0	0.0
OG0009103	0.0	0.0	0.0	0.0
OG0009104	0.0	0.0	0.0	0.0
OG0009105	0.0	0.0	0.0	0.0
OG0009106	0.0	0.0	0.0	0.0
OG0009107	0.0	0.0	0.0	0.0
OG0009108	0.0	0.0	0.0	0.0
OG0009109	0.0	0.0	0.0	0.0
OG0009110	0.0	0.0	0.0	0.0
OG0009111	0.0	0.0	0.0	0.0
OG0009112	0.0	0.0	0.0	0.0
OG0009113	0.0	0.0	0.0	0.0
OG0009114	0.0	0.0	0.0	0.0
OG0009115	0.0	0.0	0.0	0.0
OG0009116	0.0	0.0	0.0	0.0
OG0009117	0.0	0.0	0.0	0.0
OG0009118	0.0	0.0	0.0	0.0
OG0009119	0.0	0.0	0.0	0.0
OG0009120	0.0	0.0	0.0	0.0
OG0009121	0.0	0.0	0.0	0.0
OG0009122	0.0	0.0	0.0	0.0
OG0009123	0.0	0.0	0.0	0.0
OG0009124	0.0	0.0	0.0	0.0
OG0009126	0.0	0.0	0.0	0.0
OG0009127	0.0	0.0	0.0	0.0
OG0009128	0.0	0.0	0.0	0.0
OG0009129	0.0	0.0	0.0	0.0
OG0009130	0.0	0.0	0.0	0.0
OG0009131	0.0	0.0	0.0	0.0
OG0009132	0.0	0.0	0.0	0.0
OG0009133	0.0	0.0	0.0	0.0
OG0009134	0.0	0.0	0.0	0.0
OG0009135	0.0	0.0	0.0	0.0
OG0009136	0.0	0.0	0.0	0.0
OG0009137	0.0	0.0	0.0	0.0
OG0009138	0.0	0.0	0.0	0.0
OG0009139	0.0	0.0	0.0	0.0
OG0009140	0.0	0.0	0.0	0.0
OG0009141	0.0	0.0	0.0	0.0
OG0009142	0.0	0.0	0.0	0.0
OG0009143	0.0	0.0	0.0	0.0
OG0009144	0.0	0.0	0.0	0.0
OG0009145	0.0	0.0	0.0	0.0
OG0009146	0.0	0.0	0.0	0.0
OG0009147	0.0	0.0	0.0	0.0
OG0009148	0.0	0.0	0.0	0.0
OG0009149	0.0	0.0	0.0	0.0
OG0009150	0.0	0.0	0.0	0.0
OG0009151	0.0	0.0	0.0	0.0
OG0009152	0.0	0.0	0.0	0.0
OG0009153	0.0	0.0	0.0	0.0
OG0009154	0.0	0.0	0.0	0.0
OG0009155	0.0	0.0	0.0	0.0
OG0009156	0.0	0.0	0.0	0.0
OG0009157	0.0	0.0	0.0	0.0
OG0009158	0.0	0.0	0.0	0.0
OG0009159	0.0	0.0	0.0	0.0
OG0009161	0.0	0.0	0.0	0.0
OG0009162	0.0	0.0	0.0	0.0
OG0009163	0.0	0.0	0.0	0.0
OG0009164	0.0	0.0	0.0	0.0
OG0009165	0.0	0.0	0.0	0.0
OG0009166	0.0	0.0	0.0	0.0
OG0009167	0.0	0.0	0.0	0.0
OG0009168	0.0	0.0	0.0	0.0
OG0009169	0.0	0.0	0.0	0.0
OG0009170	0.0	0.0	0.0	0.0
OG0009171	0.0	0.0	0.0	0.0
OG0009172	0.0	0.0	0.0	0.0
OG0009173	0.0	0.0	0.0	0.0
OG0009174	0.0	0.0	0.0	0.0
OG0009175	0.0	0.0	0.0	0.0
OG0009178	0.0	0.0	0.0	0.0
OG0009179	0.0	0.0	0.0	0.0
OG0009180	0.0	0.0	0.0	0.0
OG0009181	0.0	0.0	0.0	0.0
OG0009186	0.0	0.0	0.0	0.0
OG0009187	0.0	0.0	0.0	0.0
OG0009188	0.0	0.0	0.0	0.0
OG0009190	0.0	0.0	0.0	0.0
OG0009192	0.0	0.0	0.0	0.0
OG0009193	0.0	0.0	0.0	0.0
OG0009194	0.0	0.0	0.0	0.0
OG0009195	0.0	0.0	0.0	0.0
OG0009196	0.0	0.0	0.0	0.0
OG0009197	0.0	0.0	0.0	0.0
OG0009198	0.0	0.0	0.0	0.0
OG0009201	0.0	0.0	0.0	0.0
OG0009202	0.0	0.0	0.0	0.0
OG0009204	0.0	0.0	0.0	0.0
OG0009206	0.0	0.0	0.0	0.0
OG0009207	0.0	0.0	0.0	0.0
OG0009209	0.0	0.0	0.0	0.0
OG0009212	0.0	0.0	0.0	0.0
OG0009213	0.0	0.0	0.0	0.0
OG0009214	0.0	0.0	0.0	0.0
OG0009215	0.0	0.0	0.0	0.0
OG0009216	0.0	0.0	0.0	0.0
OG0009217	0.0	0.0	0.0	0.0
OG0009218	0.0	0.0	0.0	0.0
OG0009219	0.0	0.0	0.0	0.0
OG0009220	0.0	0.0	0.0	0.0
OG0009221	0.0	0.0	0.0	0.0
OG0009222	0.0	0.0	0.0	0.0
OG0009223	0.0	0.0	0.0	0.0
OG0009224	0.0	0.0	0.0	0.0
OG0009225	0.0	0.0	0.0	0.0
OG0009227	0.0	0.0	0.0	0.0
OG0009229	0.0	0.0	0.0	0.0
OG0009230	0.0	0.0	0.0	0.0
OG0009231	0.0	0.0	0.0	0.0
OG0009232	0.0	0.0	0.0	0.0
OG0009233	0.0	0.0	0.0	0.0
OG0009234	0.0	0.0	0.0	0.0
OG0009235	0.0	0.0	0.0	0.0
OG0009237	0.0	0.0	0.0	0.0
OG0009238	0.0	0.0	0.0	0.0
OG0009239	0.0	0.0	0.0	0.0
OG0009241	0.0	0.0	0.0	0.0
OG0009242	0.0	0.0	0.0	0.0
OG0009243	0.0	0.0	0.0	0.0
OG0009244	0.0	0.0	0.0	0.0
OG0009245	0.0	0.0	0.0	0.0
OG0009247	0.0	0.0	0.0	0.0
OG0009249	0.0	0.0	0.0	0.0
OG0009250	0.0	0.0	0.0	0.0
OG0009251	0.0	0.0	0.0	0.0
OG0009252	0.0	0.0	0.0	0.0
OG0009254	0.0	0.0	0.0	0.0
OG0009256	0.0	0.0	0.0	0.0
OG0009257	0.0	0.0	0.0	0.0
OG0009260	0.0	0.0	0.0	0.0
OG0009261	0.0	0.0	0.0	0.0
OG0009279	0.0	0.0	0.0	0.0
OG0009280	0.0	0.0	0.0	0.0
OG0009284	0.0	0.0	0.0	0.0
OG0009291	0.0	0.0	0.0	0.0
OG0009304	0.0	0.0	0.0	0.0
OG0009328	0.0	0.0	0.0	0.0
OG0009335	0.0	0.0	0.0	0.0
OG0009336	0.0	0.0	0.0	0.0
OG0009337	0.0	0.0	0.0	0.0
OG0009338	0.0	0.0	0.0	0.0
OG0009339	0.0	0.0	0.0	0.0
OG0009340	0.0	0.0	0.0	0.0
OG0009341	0.0	0.0	0.0	0.0
OG0009342	0.0	0.0	0.0	0.0
OG0009343	0.0	0.0	0.0	0.0
OG0009344	0.0	0.0	0.0	0.0
OG0009347	0.0	0.0	0.0	0.0
OG0009348	0.0	0.0	0.0	0.0
OG0009349	0.0	0.0	0.0	0.0
OG0009350	0.0	0.0	0.0	0.0
OG0009351	0.0	0.0	0.0	0.0
OG0009352	0.0	0.0	0.0	0.0
OG0009353	0.0	0.0	0.0	0.0
OG0009356	0.0	0.0	0.0	0.0
OG0009357	0.0	0.0	0.0	0.0
OG0009358	0.0	0.0	0.0	0.0
OG0009359	0.0	0.0	0.0	0.0
OG0009360	0.0	0.0	0.0	0.0
OG0009361	0.0	0.0	0.0	0.0
OG0009362	0.0	0.0	0.0	0.0
OG0009363	0.0	0.0	0.0	0.0
OG0009364	0.0	0.0	0.0	0.0
OG0009365	0.0	0.0	0.0	0.0
OG0009366	0.0	0.0	0.0	0.0
OG0009367	0.0	0.0	0.0	0.0
OG0009368	0.0	0.0	0.0	0.0
OG0009370	0.0	0.0	0.0	0.0
OG0009371	0.0	0.0	0.0	0.0
OG0009372	0.0	0.0	0.0	0.0
OG0009373	0.0	0.0	0.0	0.0
OG0009374	0.0	0.0	0.0	0.0
OG0009375	0.0	0.0	0.0	0.0
OG0009376	0.0	0.0	0.0	0.0
OG0009377	0.0	0.0	0.0	0.0
OG0009378	0.0	0.0	0.0	0.0
OG0009379	0.0	0.0	0.0	0.0
OG0009380	0.0	0.0	0.0	0.0
OG0009381	0.0	0.0	0.0	0.0
OG0009382	0.0	0.0	0.0	0.0
OG0009383	0.0	0.0	0.0	0.0
OG0009384	0.0	0.0	0.0	0.0
OG0009385	0.0	0.0	0.0	0.0
OG0009386	0.0	0.0	0.0	0.0
OG0009387	0.0	0.0	0.0	0.0
OG0009388	0.0	0.0	0.0	0.0
OG0009389	0.0	0.0	0.0	0.0
OG0009390	0.0	0.0	0.0	0.0
OG0009391	0.0	0.0	0.0	0.0
OG0009392	0.0	0.0	0.0	0.0
OG0009393	0.0	0.0	0.0	0.0
OG0009394	0.0	0.0	0.0	0.0
OG0009395	0.0	0.0	0.0	0.0
OG0009396	0.0	0.0	0.0	0.0
OG0009397	0.0	0.0	0.0	0.0
OG0009398	0.0	0.0	0.0	0.0
OG0009399	0.0	0.0	0.0	0.0
OG0009400	0.0	0.0	0.0	0.0
OG0009401	0.0	0.0	0.0	0.0
OG0009402	0.0	0.0	0.0	0.0
OG0009403	0.0	0.0	0.0	0.0
OG0009404	0.0	0.0	0.0	0.0
OG0009405	0.0	0.0	0.0	0.0
OG0009406	0.0	0.0	0.0	0.0
OG0009407	0.0	0.0	0.0	0.0
OG0009408	0.0	0.0	0.0	0.0
OG0009409	0.0	0.0	0.0	0.0
OG0009410	0.0	0.0	0.0	0.0
OG0009411	0.0	0.0	0.0	0.0
OG0009412	0.0	0.0	0.0	0.0
OG0009413	0.0	0.0	0.0	0.0
OG0009414	0.0	0.0	0.0	0.0
OG0009415	0.0	0.0	0.0	0.0
OG0009416	0.0	0.0	0.0	0.0
OG0009417	0.0	0.0	0.0	0.0
OG0009418	0.0	0.0	0.0	0.0
OG0009419	0.0	0.0	0.0	0.0
OG0009420	0.0	0.0	0.0	0.0
OG0009421	0.0	0.0	0.0	0.0
OG0009422	0.0	0.0	0.0	0.0
OG0009423	0.0	0.0	0.0	0.0
OG0009424	0.0	0.0	0.0	0.0
OG0009426	0.0	0.0	0.0	0.0
OG0009427	0.0	0.0	0.0	0.0
OG0009428	0.0	0.0	0.0	0.0
OG0009429	0.0	0.0	0.0	0.0
OG0009430	0.0	0.0	0.0	0.0
OG0009431	0.0	0.0	0.0	0.0
OG0009432	0.0	0.0	0.0	0.0
OG0009433	0.0	0.0	0.0	0.0
OG0009434	0.0	0.0	0.0	0.0
OG0009435	0.0	0.0	0.0	0.0
OG0009436	0.0	0.0	0.0	0.0
OG0009438	0.0	0.0	0.0	0.0
OG0009439	0.0	0.0	0.0	0.0
OG0009440	0.0	0.0	0.0	0.0
OG0009441	0.0	0.0	0.0	0.0
OG0009442	0.0	0.0	0.0	0.0
OG0009443	0.0	0.0	0.0	0.0
OG0009444	0.0	0.0	0.0	0.0
OG0009445	0.0	0.0	0.0	0.0
OG0009446	0.0	0.0	0.0	0.0
OG0009447	0.0	0.0	0.0	0.0
OG0009461	0.0	0.0	0.0	0.0
OG0009462	0.0	0.0	0.0	0.0
OG0009463	0.0	0.0	0.0	0.0
OG0009465	0.0	0.0	0.0	0.0
OG0009467	0.0	0.0	0.0	0.0
OG0009470	0.0	0.0	0.0	0.0
OG0009471	0.0	0.0	0.0	0.0
OG0009472	0.0	0.0	0.0	0.0
OG0009473	0.0	0.0	0.0	0.0
OG0009474	0.0	0.0	0.0	0.0
OG0009475	0.0	0.0	0.0	0.0
OG0009476	0.0	0.0	0.0	0.0
OG0009477	0.0	0.0	0.0	0.0
OG0009478	0.0	0.0	0.0	0.0
OG0009479	0.0	0.0	0.0	0.0
OG0009480	0.0	0.0	0.0	0.0
OG0009481	0.0	0.0	0.0	0.0
OG0009482	0.0	0.0	0.0	0.0
OG0009483	0.0	0.0	0.0	0.0
OG0009484	0.0	0.0	0.0	0.0
OG0009485	0.0	0.0	0.0	0.0
OG0009486	0.0	0.0	0.0	0.0
OG0009487	0.0	0.0	0.0	0.0
OG0009488	0.0	0.0	0.0	0.0
OG0009489	0.0	0.0	0.0	0.0
OG0009490	0.0	0.0	0.0	0.0
OG0009491	0.0	0.0	0.0	0.0
OG0009492	0.0	0.0	0.0	0.0
OG0009493	0.0	0.0	0.0	0.0
OG0009494	0.0	0.0	0.0	0.0
OG0009495	0.0	0.0	0.0	0.0
OG0009496	0.0	0.0	0.0	0.0
OG0009497	0.0	0.0	0.0	0.0
OG0009499	0.0	0.0	0.0	0.0
OG0009500	0.0	0.0	0.0	0.0
OG0009501	0.0	0.0	0.0	0.0
OG0009502	0.0	0.0	0.0	0.0
OG0009503	0.0	0.0	0.0	0.0
OG0009504	0.0	0.0	0.0	0.0
OG0009505	0.0	0.0	0.0	0.0
OG0009506	0.0	0.0	0.0	0.0
OG0009507	0.0	0.0	0.0	0.0
OG0009508	0.0	0.0	0.0	0.0
OG0009509	0.0	0.0	0.0	0.0
OG0009510	0.0	0.0	0.0	0.0
OG0009511	0.0	0.0	0.0	0.0
OG0009513	0.0	0.0	0.0	0.0
OG0009514	0.0	0.0	0.0	0.0
OG0009515	0.0	0.0	0.0	0.0
OG0009516	0.0	0.0	0.0	0.0
OG0009517	0.0	0.0	0.0	0.0
OG0009518	0.0	0.0	0.0	0.0
OG0009519	0.0	0.0	0.0	0.0
OG0009520	0.0	0.0	0.0	0.0
OG0009521	0.0	0.0	0.0	0.0
OG0009522	0.0	0.0	0.0	0.0
OG0009523	0.0	0.0	0.0	0.0
OG0009524	0.0	0.0	0.0	0.0
OG0009525	0.0	0.0	0.0	0.0
OG0009530	0.0	0.0	0.0	0.0
OG0009532	0.0	0.0	0.0	0.0
OG0009535	0.0	0.0	0.0	0.0
OG0009536	0.0	0.0	0.0	0.0
OG0009537	0.0	0.0	0.0	0.0
OG0009538	0.0	0.0	0.0	0.0
OG0009542	0.0	0.0	0.0	0.0
OG0009543	0.0	0.0	0.0	0.0
OG0009544	0.0	0.0	0.0	0.0
OG0009547	0.0	0.0	0.0	0.0
OG0009558	0.0	0.0	0.0	0.0
OG0009560	0.0	0.0	0.0	0.0
OG0009561	0.0	0.0	0.0	0.0
OG0009562	0.0	0.0	0.0	0.0
OG0009566	0.0	0.0	0.0	0.0
OG0009567	0.0	0.0	0.0	0.0
OG0009571	0.0	0.0	0.0	0.0
OG0009574	0.0	0.0	0.0	0.0
OG0009619	0.0	0.0	0.0	0.0
OG0009620	0.0	0.0	0.0	0.0
OG0009621	0.0	0.0	0.0	0.0
OG0009622	0.0	0.0	0.0	0.0
OG0009625	0.0	0.0	0.0	0.0
OG0009626	0.0	0.0	0.0	0.0
OG0009627	0.0	0.0	0.0	0.0
OG0009628	0.0	0.0	0.0	0.0
OG0009629	0.0	0.0	0.0	0.0
OG0009631	0.0	0.0	0.0	0.0
OG0009632	0.0	0.0	0.0	0.0
OG0009633	0.0	0.0	0.0	0.0
OG0009634	0.0	0.0	0.0	0.0
OG0009635	0.0	0.0	0.0	0.0
OG0009638	0.0	0.0	0.0	0.0
OG0009639	0.0	0.0	0.0	0.0
OG0009640	0.0	0.0	0.0	0.0
OG0009641	0.0	0.0	0.0	0.0
OG0009643	0.0	0.0	0.0	0.0
OG0009644	0.0	0.0	0.0	0.0
OG0009645	0.0	0.0	0.0	0.0
OG0009646	0.0	0.0	0.0	0.0
OG0009648	0.0	0.0	0.0	0.0
OG0009649	0.0	0.0	0.0	0.0
OG0009650	0.0	0.0	0.0	0.0
OG0009651	0.0	0.0	0.0	0.0
OG0009652	0.0	0.0	0.0	0.0
OG0009653	0.0	0.0	0.0	0.0
OG0009654	0.0	0.0	0.0	0.0
OG0009655	0.0	0.0	0.0	0.0
OG0009656	0.0	0.0	0.0	0.0
OG0009657	0.0	0.0	0.0	0.0
OG0009658	0.0	0.0	0.0	0.0
OG0009659	0.0	0.0	0.0	0.0
OG0009660	0.0	0.0	0.0	0.0
OG0009661	0.0	0.0	0.0	0.0
OG0009662	0.0	0.0	0.0	0.0
OG0009663	0.0	0.0	0.0	0.0
OG0009664	0.0	0.0	0.0	0.0
OG0009665	0.0	0.0	0.0	0.0
OG0009666	0.0	0.0	0.0	0.0
OG0009667	0.0	0.0	0.0	0.0
OG0009668	0.0	0.0	0.0	0.0
OG0009669	0.0	0.0	0.0	0.0
OG0009670	0.0	0.0	0.0	0.0
OG0009671	0.0	0.0	0.0	0.0
OG0009672	0.0	0.0	0.0	0.0
OG0009673	0.0	0.0	0.0	0.0
OG0009674	0.0	0.0	0.0	0.0
OG0009675	0.0	0.0	0.0	0.0
OG0009676	0.0	0.0	0.0	0.0
OG0009677	0.0	0.0	0.0	0.0
OG0009678	0.0	0.0	0.0	0.0
OG0009679	0.0	0.0	0.0	0.0
OG0009680	0.0	0.0	0.0	0.0
OG0009681	0.0	0.0	0.0	0.0
OG0009682	0.0	0.0	0.0	0.0
OG0009683	0.0	0.0	0.0	0.0
OG0009684	0.0	0.0	0.0	0.0
OG0009685	0.0	0.0	0.0	0.0
OG0009686	0.0	0.0	0.0	0.0
OG0009687	0.0	0.0	0.0	0.0
OG0009688	0.0	0.0	0.0	0.0
OG0009689	0.0	0.0	0.0	0.0
OG0009690	0.0	0.0	0.0	0.0
OG0009691	0.0	0.0	0.0	0.0
OG0009692	0.0	0.0	0.0	0.0
OG0009693	0.0	0.0	0.0	0.0
OG0009694	0.0	0.0	0.0	0.0
OG0009695	0.0	0.0	0.0	0.0
OG0009696	0.0	0.0	0.0	0.0
OG0009697	0.0	0.0	0.0	0.0
OG0009698	0.0	0.0	0.0	0.0
OG0009699	0.0	0.0	0.0	0.0
OG0009700	0.0	0.0	0.0	0.0
OG0009701	0.0	0.0	0.0	0.0
OG0009702	0.0	0.0	0.0	0.0
OG0009703	0.0	0.0	0.0	0.0
OG0009705	0.0	0.0	0.0	0.0
OG0009706	0.0	0.0	0.0	0.0
OG0009707	0.0	0.0	0.0	0.0
OG0009708	0.0	0.0	0.0	0.0
OG0009709	0.0	0.0	0.0	0.0
OG0009710	0.0	0.0	0.0	0.0
OG0009711	0.0	0.0	0.0	0.0
OG0009712	0.0	0.0	0.0	0.0
OG0009713	0.0	0.0	0.0	0.0
OG0009714	0.0	0.0	0.0	0.0
OG0009715	0.0	0.0	0.0	0.0
OG0009716	0.0	0.0	0.0	0.0
OG0009717	0.0	0.0	0.0	0.0
OG0009718	0.0	0.0	0.0	0.0
OG0009719	0.0	0.0	0.0	0.0
OG0009720	0.0	0.0	0.0	0.0
OG0009721	0.0	0.0	0.0	0.0
OG0009722	0.0	0.0	0.0	0.0
OG0009723	0.0	0.0	0.0	0.0
OG0009724	0.0	0.0	0.0	0.0
OG0009725	0.0	0.0	0.0	0.0
OG0009726	0.0	0.0	0.0	0.0
OG0009727	0.0	0.0	0.0	0.0
OG0009728	0.0	0.0	0.0	0.0
OG0009729	0.0	0.0	0.0	0.0
OG0009730	0.0	0.0	0.0	0.0
OG0009731	0.0	0.0	0.0	0.0
OG0009732	0.0	0.0	0.0	0.0
OG0009733	0.0	0.0	0.0	0.0
OG0009734	0.0	0.0	0.0	0.0
OG0009735	0.0	0.0	0.0	0.0
OG0009736	0.0	0.0	0.0	0.0
OG0009737	0.0	0.0	0.0	0.0
OG0009738	0.0	0.0	0.0	0.0
OG0009739	0.0	0.0	0.0	0.0
OG0009740	0.0	0.0	0.0	0.0
OG0009741	0.0	0.0	0.0	0.0
OG0009742	0.0	0.0	0.0	0.0
OG0009743	0.0	0.0	0.0	0.0
OG0009744	0.0	0.0	0.0	0.0
OG0009746	0.0	0.0	0.0	0.0
OG0009747	0.0	0.0	0.0	0.0
OG0009749	0.0	0.0	0.0	0.0
OG0009750	0.0	0.0	0.0	0.0
OG0009751	0.0	0.0	0.0	0.0
OG0009752	0.0	0.0	0.0	0.0
OG0009753	0.0	0.0	0.0	0.0
OG0009754	0.0	0.0	0.0	0.0
OG0009755	0.0	0.0	0.0	0.0
OG0009756	0.0	0.0	0.0	0.0
OG0009758	0.0	0.0	0.0	0.0
OG0009759	0.0	0.0	0.0	0.0
OG0009760	0.0	0.0	0.0	0.0
OG0009761	0.0	0.0	0.0	0.0
OG0009762	0.0	0.0	0.0	0.0
OG0009763	0.0	0.0	0.0	0.0
OG0009764	0.0	0.0	0.0	0.0
OG0009766	0.0	0.0	0.0	0.0
OG0009767	0.0	0.0	0.0	0.0
OG0009768	0.0	0.0	0.0	0.0
OG0009770	0.0	0.0	0.0	0.0
OG0009771	0.0	0.0	0.0	0.0
OG0009772	0.0	0.0	0.0	0.0
OG0009773	0.0	0.0	0.0	0.0
OG0009777	0.0	0.0	0.0	0.0
OG0009778	0.0	0.0	0.0	0.0
OG0009779	0.0	0.0	0.0	0.0
OG0009780	0.0	0.0	0.0	0.0
OG0009781	0.0	0.0	0.0	0.0
OG0009782	0.0	0.0	0.0	0.0
OG0009783	0.0	0.0	0.0	0.0
OG0009784	0.0	0.0	0.0	0.0
OG0009785	0.0	0.0	0.0	0.0
OG0009786	0.0	0.0	0.0	0.0
OG0009787	0.0	0.0	0.0	0.0
OG0009788	0.0	0.0	0.0	0.0
OG0009789	0.0	0.0	0.0	0.0
OG0009792	0.0	0.0	0.0	0.0
OG0009797	0.0	0.0	0.0	0.0
OG0009802	0.0	0.0	0.0	0.0
OG0009804	0.0	0.0	0.0	0.0
OG0009806	0.0	0.0	0.0	0.0
OG0009808	0.0	0.0	0.0	0.0
OG0009809	0.0	0.0	0.0	0.0
OG0009811	0.0	0.0	0.0	0.0
OG0009812	0.0	0.0	0.0	0.0
OG0009813	0.0	0.0	0.0	0.0
OG0009815	0.0	0.0	0.0	0.0
OG0009816	0.0	0.0	0.0	0.0
OG0009817	0.0	0.0	0.0	0.0
OG0009818	0.0	0.0	0.0	0.0
OG0009819	0.0	0.0	0.0	0.0
OG0009820	0.0	0.0	0.0	0.0
OG0009821	0.0	0.0	0.0	0.0
OG0009822	0.0	0.0	0.0	0.0
OG0009823	0.0	0.0	0.0	0.0
OG0009824	0.0	0.0	0.0	0.0
OG0009825	0.0	0.0	0.0	0.0
OG0009826	0.0	0.0	0.0	0.0
OG0009827	0.0	0.0	0.0	0.0
OG0009828	0.0	0.0	0.0	0.0
OG0009829	0.0	0.0	0.0	0.0
OG0009830	0.0	0.0	0.0	0.0
OG0009831	0.0	0.0	0.0	0.0
OG0009832	0.0	0.0	0.0	0.0
OG0009833	0.0	0.0	0.0	0.0
OG0009834	0.0	0.0	0.0	0.0
OG0009835	0.0	0.0	0.0	0.0
OG0009836	0.0	0.0	0.0	0.0
OG0009837	0.0	0.0	0.0	0.0
OG0009838	0.0	0.0	0.0	0.0
OG0009839	0.0	0.0	0.0	0.0
OG0009840	0.0	0.0	0.0	0.0
OG0009841	0.0	0.0	0.0	0.0
OG0009842	0.0	0.0	0.0	0.0
OG0009844	0.0	0.0	0.0	0.0
OG0009845	0.0	0.0	0.0	0.0
OG0009846	0.0	0.0	0.0	0.0
OG0009847	0.0	0.0	0.0	0.0
OG0009849	0.0	0.0	0.0	0.0
OG0009850	0.0	0.0	0.0	0.0
OG0009851	0.0	0.0	0.0	0.0
OG0009852	0.0	0.0	0.0	0.0
OG0009853	0.0	0.0	0.0	0.0
OG0009854	0.0	0.0	0.0	0.0
OG0009855	0.0	0.0	0.0	0.0
OG0009856	0.0	0.0	0.0	0.0
OG0009857	0.0	0.0	0.0	0.0
OG0009858	0.0	0.0	0.0	0.0
OG0009859	0.0	0.0	0.0	0.0
OG0009860	0.0	0.0	0.0	0.0
OG0009861	0.0	0.0	0.0	0.0
OG0009863	0.0	0.0	0.0	0.0
OG0009864	0.0	0.0	0.0	0.0
OG0009865	0.0	0.0	0.0	0.0
OG0009869	0.0	0.0	0.0	0.0
OG0009873	0.0	0.0	0.0	0.0
OG0009875	0.0	0.0	0.0	0.0
OG0009876	0.0	0.0	0.0	0.0
OG0009877	0.0	0.0	0.0	0.0
OG0009878	0.0	0.0	0.0	0.0
OG0009883	0.0	0.0	0.0	0.0
OG0009884	0.0	0.0	0.0	0.0
OG0009885	0.0	0.0	0.0	0.0
OG0009886	0.0	0.0	0.0	0.0
OG0009887	0.0	0.0	0.0	0.0
OG0009888	0.0	0.0	0.0	0.0
OG0009890	0.0	0.0	0.0	0.0
OG0009891	0.0	0.0	0.0	0.0
OG0009892	0.0	0.0	0.0	0.0
OG0009893	0.0	0.0	0.0	0.0
OG0009895	0.0	0.0	0.0	0.0
OG0009896	0.0	0.0	0.0	0.0
OG0009897	0.0	0.0	0.0	0.0
OG0009898	0.0	0.0	0.0	0.0
OG0009924	0.0	0.0	0.0	0.0
OG0009925	0.0	0.0	0.0	0.0
OG0009926	0.0	0.0	0.0	0.0
OG0009931	0.0	0.0	0.0	0.0
OG0009945	0.0	0.0	0.0	0.0
OG0009948	0.0	0.0	0.0	0.0
OG0009992	0.0	0.0	0.0	0.0
OG0009993	0.0	0.0	0.0	0.0
OG0009994	0.0	0.0	0.0	0.0
OG0009995	0.0	0.0	0.0	0.0
OG0009996	0.0	0.0	0.0	0.0
OG0009997	0.0	0.0	0.0	0.0
OG0010000	0.0	0.0	0.0	0.0
OG0010002	0.0	0.0	0.0	0.0
OG0010003	0.0	0.0	0.0	0.0
OG0010004	0.0	0.0	0.0	0.0
OG0010006	0.0	0.0	0.0	0.0
OG0010007	0.0	0.0	0.0	0.0
OG0010008	0.0	0.0	0.0	0.0
OG0010010	0.0	0.0	0.0	0.0
OG0010011	0.0	0.0	0.0	0.0
OG0010012	0.0	0.0	0.0	0.0
OG0010014	0.0	0.0	0.0	0.0
OG0010015	0.0	0.0	0.0	0.0
OG0010016	0.0	0.0	0.0	0.0
OG0010017	0.0	0.0	0.0	0.0
OG0010018	0.0	0.0	0.0	0.0
OG0010019	0.0	0.0	0.0	0.0
OG0010020	0.0	0.0	0.0	0.0
OG0010021	0.0	0.0	0.0	0.0
OG0010022	0.0	0.0	0.0	0.0
OG0010024	0.0	0.0	0.0	0.0
OG0010026	0.0	0.0	0.0	0.0
OG0010027	0.0	0.0	0.0	0.0
OG0010028	0.0	0.0	0.0	0.0
OG0010029	0.0	0.0	0.0	0.0
OG0010030	0.0	0.0	0.0	0.0
OG0010031	0.0	0.0	0.0	0.0
OG0010032	0.0	0.0	0.0	0.0
OG0010033	0.0	0.0	0.0	0.0
OG0010034	0.0	0.0	0.0	0.0
OG0010035	0.0	0.0	0.0	0.0
OG0010037	0.0	0.0	0.0	0.0
OG0010038	0.0	0.0	0.0	0.0
OG0010039	0.0	0.0	0.0	0.0
OG0010040	0.0	0.0	0.0	0.0
OG0010042	0.0	0.0	0.0	0.0
OG0010043	0.0	0.0	0.0	0.0
OG0010044	0.0	0.0	0.0	0.0
OG0010045	0.0	0.0	0.0	0.0
OG0010046	0.0	0.0	0.0	0.0
OG0010047	0.0	0.0	0.0	0.0
OG0010048	0.0	0.0	0.0	0.0
OG0010049	0.0	0.0	0.0	0.0
OG0010050	0.0	0.0	0.0	0.0
OG0010051	0.0	0.0	0.0	0.0
OG0010052	0.0	0.0	0.0	0.0
OG0010053	0.0	0.0	0.0	0.0
OG0010054	0.0	0.0	0.0	0.0
OG0010055	0.0	0.0	0.0	0.0
OG0010056	0.0	0.0	0.0	0.0
OG0010057	0.0	0.0	0.0	0.0
OG0010058	0.0	0.0	0.0	0.0
OG0010059	0.0	0.0	0.0	0.0
OG0010060	0.0	0.0	0.0	0.0
OG0010061	0.0	0.0	0.0	0.0
OG0010062	0.0	0.0	0.0	0.0
OG0010063	0.0	0.0	0.0	0.0
OG0010064	0.0	0.0	0.0	0.0
OG0010065	0.0	0.0	0.0	0.0
OG0010066	0.0	0.0	0.0	0.0
OG0010067	0.0	0.0	0.0	0.0
OG0010068	0.0	0.0	0.0	0.0
OG0010069	0.0	0.0	0.0	0.0
OG0010070	0.0	0.0	0.0	0.0
OG0010071	0.0	0.0	0.0	0.0
OG0010072	0.0	0.0	0.0	0.0
OG0010073	0.0	0.0	0.0	0.0
OG0010074	0.0	0.0	0.0	0.0
OG0010075	0.0	0.0	0.0	0.0
OG0010076	0.0	0.0	0.0	0.0
OG0010077	0.0	0.0	0.0	0.0
OG0010078	0.0	0.0	0.0	0.0
OG0010079	0.0	0.0	0.0	0.0
OG0010080	0.0	0.0	0.0	0.0
OG0010081	0.0	0.0	0.0	0.0
OG0010082	0.0	0.0	0.0	0.0
OG0010083	0.0	0.0	0.0	0.0
OG0010084	0.0	0.0	0.0	0.0
OG0010085	0.0	0.0	0.0	0.0
OG0010086	0.0	0.0	0.0	0.0
OG0010087	0.0	0.0	0.0	0.0
OG0010088	0.0	0.0	0.0	0.0
OG0010089	0.0	0.0	0.0	0.0
OG0010090	0.0	0.0	0.0	0.0
OG0010091	0.0	0.0	0.0	0.0
OG0010092	0.0	0.0	0.0	0.0
OG0010093	0.0	0.0	0.0	0.0
OG0010094	0.0	0.0	0.0	0.0
OG0010095	0.0	0.0	0.0	0.0
OG0010096	0.0	0.0	0.0	0.0
OG0010097	0.0	0.0	0.0	0.0
OG0010098	0.0	0.0	0.0	0.0
OG0010099	0.0	0.0	0.0	0.0
OG0010100	0.0	0.0	0.0	0.0
OG0010101	0.0	0.0	0.0	0.0
OG0010102	0.0	0.0	0.0	0.0
OG0010103	0.0	0.0	0.0	0.0
OG0010104	0.0	0.0	0.0	0.0
OG0010105	0.0	0.0	0.0	0.0
OG0010106	0.0	0.0	0.0	0.0
OG0010107	0.0	0.0	0.0	0.0
OG0010108	0.0	0.0	0.0	0.0
OG0010109	0.0	0.0	0.0	0.0
OG0010110	0.0	0.0	0.0	0.0
OG0010111	0.0	0.0	0.0	0.0
OG0010112	0.0	0.0	0.0	0.0
OG0010113	0.0	0.0	0.0	0.0
OG0010116	0.0	0.0	0.0	0.0
OG0010117	0.0	0.0	0.0	0.0
OG0010118	0.0	0.0	0.0	0.0
OG0010119	0.0	0.0	0.0	0.0
OG0010120	0.0	0.0	0.0	0.0
OG0010121	0.0	0.0	0.0	0.0
OG0010122	0.0	0.0	0.0	0.0
OG0010123	0.0	0.0	0.0	0.0
OG0010124	0.0	0.0	0.0	0.0
OG0010125	0.0	0.0	0.0	0.0
OG0010126	0.0	0.0	0.0	0.0
OG0010127	0.0	0.0	0.0	0.0
OG0010128	0.0	0.0	0.0	0.0
OG0010129	0.0	0.0	0.0	0.0
OG0010130	0.0	0.0	0.0	0.0
OG0010131	0.0	0.0	0.0	0.0
OG0010132	0.0	0.0	0.0	0.0
OG0010133	0.0	0.0	0.0	0.0
OG0010134	0.0	0.0	0.0	0.0
OG0010135	0.0	0.0	0.0	0.0
OG0010136	0.0	0.0	0.0	0.0
OG0010137	0.0	0.0	0.0	0.0
OG0010138	0.0	0.0	0.0	0.0
OG0010139	0.0	0.0	0.0	0.0
OG0010140	0.0	0.0	0.0	0.0
OG0010141	0.0	0.0	0.0	0.0
OG0010142	0.0	0.0	0.0	0.0
OG0010143	0.0	0.0	0.0	0.0
OG0010144	0.0	0.0	0.0	0.0
OG0010145	0.0	0.0	0.0	0.0
OG0010146	0.0	0.0	0.0	0.0
OG0010147	0.0	0.0	0.0	0.0
OG0010148	0.0	0.0	0.0	0.0
OG0010149	0.0	0.0	0.0	0.0
OG0010150	0.0	0.0	0.0	0.0
OG0010151	0.0	0.0	0.0	0.0
OG0010152	0.0	0.0	0.0	0.0
OG0010153	0.0	0.0	0.0	0.0
OG0010154	0.0	0.0	0.0	0.0
OG0010155	0.0	0.0	0.0	0.0
OG0010156	0.0	0.0	0.0	0.0
OG0010157	0.0	0.0	0.0	0.0
OG0010165	0.0	0.0	0.0	0.0
OG0010167	0.0	0.0	0.0	0.0
OG0010176	0.0	0.0	0.0	0.0
OG0010177	0.0	0.0	0.0	0.0
OG0010178	0.0	0.0	0.0	0.0
OG0010179	0.0	0.0	0.0	0.0
OG0010182	0.0	0.0	0.0	0.0
OG0010184	0.0	0.0	0.0	0.0
OG0010185	0.0	0.0	0.0	0.0
OG0010186	0.0	0.0	0.0	0.0
OG0010187	0.0	0.0	0.0	0.0
OG0010189	0.0	0.0	0.0	0.0
OG0010191	0.0	0.0	0.0	0.0
OG0010193	0.0	0.0	0.0	0.0
OG0010194	0.0	0.0	0.0	0.0
OG0010195	0.0	0.0	0.0	0.0
OG0010196	0.0	0.0	0.0	0.0
OG0010197	0.0	0.0	0.0	0.0
OG0010198	0.0	0.0	0.0	0.0
OG0010199	0.0	0.0	0.0	0.0
OG0010200	0.0	0.0	0.0	0.0
OG0010202	0.0	0.0	0.0	0.0
OG0010203	0.0	0.0	0.0	0.0
OG0010204	0.0	0.0	0.0	0.0
OG0010205	0.0	0.0	0.0	0.0
OG0010206	0.0	0.0	0.0	0.0
OG0010207	0.0	0.0	0.0	0.0
OG0010208	0.0	0.0	0.0	0.0
OG0010209	0.0	0.0	0.0	0.0
OG0010210	0.0	0.0	0.0	0.0
OG0010211	0.0	0.0	0.0	0.0
OG0010212	0.0	0.0	0.0	0.0
OG0010213	0.0	0.0	0.0	0.0
OG0010215	0.0	0.0	0.0	0.0
OG0010216	0.0	0.0	0.0	0.0
OG0010217	0.0	0.0	0.0	0.0
OG0010218	0.0	0.0	0.0	0.0
OG0010219	0.0	0.0	0.0	0.0
OG0010220	0.0	0.0	0.0	0.0
OG0010221	0.0	0.0	0.0	0.0
OG0010222	0.0	0.0	0.0	0.0
OG0010223	0.0	0.0	0.0	0.0
OG0010224	0.0	0.0	0.0	0.0
OG0010225	0.0	0.0	0.0	0.0
OG0010226	0.0	0.0	0.0	0.0
OG0010227	0.0	0.0	0.0	0.0
OG0010228	0.0	0.0	0.0	0.0
OG0010229	0.0	0.0	0.0	0.0
OG0010230	0.0	0.0	0.0	0.0
OG0010231	0.0	0.0	0.0	0.0
OG0010233	0.0	0.0	0.0	0.0
OG0010234	0.0	0.0	0.0	0.0
OG0010236	0.0	0.0	0.0	0.0
OG0010237	0.0	0.0	0.0	0.0
OG0010238	0.0	0.0	0.0	0.0
OG0010240	0.0	0.0	0.0	0.0
OG0010241	0.0	0.0	0.0	0.0
OG0010243	0.0	0.0	0.0	0.0
OG0010244	0.0	0.0	0.0	0.0
OG0010245	0.0	0.0	0.0	0.0
OG0010246	0.0	0.0	0.0	0.0
OG0010247	0.0	0.0	0.0	0.0
OG0010248	0.0	0.0	0.0	0.0
OG0010249	0.0	0.0	0.0	0.0
OG0010255	0.0	0.0	0.0	0.0
OG0010257	0.0	0.0	0.0	0.0
OG0010258	0.0	0.0	0.0	0.0
OG0010259	0.0	0.0	0.0	0.0
OG0010262	0.0	0.0	0.0	0.0
OG0010263	0.0	0.0	0.0	0.0
OG0010264	0.0	0.0	0.0	0.0
OG0010265	0.0	0.0	0.0	0.0
OG0010266	0.0	0.0	0.0	0.0
OG0010267	0.0	0.0	0.0	0.0
OG0010268	0.0	0.0	0.0	0.0
OG0010270	0.0	0.0	0.0	0.0
OG0010271	0.0	0.0	0.0	0.0
OG0010272	0.0	0.0	0.0	0.0
OG0010273	0.0	0.0	0.0	0.0
OG0010274	0.0	0.0	0.0	0.0
OG0010275	0.0	0.0	0.0	0.0
OG0010276	0.0	0.0	0.0	0.0
OG0010277	0.0	0.0	0.0	0.0
OG0010282	0.0	0.0	0.0	0.0
OG0010283	0.0	0.0	0.0	0.0
OG0010284	0.0	0.0	0.0	0.0
OG0010285	0.0	0.0	0.0	0.0
OG0010293	0.0	0.0	0.0	0.0
OG0010309	0.0	0.0	0.0	0.0
OG0010310	0.0	0.0	0.0	0.0
OG0010312	0.0	0.0	0.0	0.0
OG0010314	0.0	0.0	0.0	0.0
OG0010326	0.0	0.0	0.0	0.0
OG0010330	0.0	0.0	0.0	0.0
OG0010394	0.0	0.0	0.0	0.0
OG0010402	0.0	0.0	0.0	0.0
OG0010403	0.0	0.0	0.0	0.0
OG0010404	0.0	0.0	0.0	0.0
OG0010405	0.0	0.0	0.0	0.0
OG0010406	0.0	0.0	0.0	0.0
OG0010407	0.0	0.0	0.0	0.0
OG0010408	0.0	0.0	0.0	0.0
OG0010409	0.0	0.0	0.0	0.0
OG0010414	0.0	0.0	0.0	0.0
OG0010415	0.0	0.0	0.0	0.0
OG0010416	0.0	0.0	0.0	0.0
OG0010417	0.0	0.0	0.0	0.0
OG0010418	0.0	0.0	0.0	0.0
OG0010419	0.0	0.0	0.0	0.0
OG0010420	0.0	0.0	0.0	0.0
OG0010421	0.0	0.0	0.0	0.0
OG0010423	0.0	0.0	0.0	0.0
OG0010424	0.0	0.0	0.0	0.0
OG0010425	0.0	0.0	0.0	0.0
OG0010426	0.0	0.0	0.0	0.0
OG0010427	0.0	0.0	0.0	0.0
OG0010428	0.0	0.0	0.0	0.0
OG0010429	0.0	0.0	0.0	0.0
OG0010430	0.0	0.0	0.0	0.0
OG0010431	0.0	0.0	0.0	0.0
OG0010432	0.0	0.0	0.0	0.0
OG0010433	0.0	0.0	0.0	0.0
OG0010434	0.0	0.0	0.0	0.0
OG0010435	0.0	0.0	0.0	0.0
OG0010436	0.0	0.0	0.0	0.0
OG0010437	0.0	0.0	0.0	0.0
OG0010438	0.0	0.0	0.0	0.0
OG0010439	0.0	0.0	0.0	0.0
OG0010440	0.0	0.0	0.0	0.0
OG0010441	0.0	0.0	0.0	0.0
OG0010442	0.0	0.0	0.0	0.0
OG0010443	0.0	0.0	0.0	0.0
OG0010444	0.0	0.0	0.0	0.0
OG0010445	0.0	0.0	0.0	0.0
OG0010446	0.0	0.0	0.0	0.0
OG0010447	0.0	0.0	0.0	0.0
OG0010448	0.0	0.0	0.0	0.0
OG0010449	0.0	0.0	0.0	0.0
OG0010450	0.0	0.0	0.0	0.0
OG0010452	0.0	0.0	0.0	0.0
OG0010453	0.0	0.0	0.0	0.0
OG0010454	0.0	0.0	0.0	0.0
OG0010455	0.0	0.0	0.0	0.0
OG0010456	0.0	0.0	0.0	0.0
OG0010458	0.0	0.0	0.0	0.0
OG0010459	0.0	0.0	0.0	0.0
OG0010460	0.0	0.0	0.0	0.0
OG0010461	0.0	0.0	0.0	0.0
OG0010462	0.0	0.0	0.0	0.0
OG0010463	0.0	0.0	0.0	0.0
OG0010464	0.0	0.0	0.0	0.0
OG0010465	0.0	0.0	0.0	0.0
OG0010466	0.0	0.0	0.0	0.0
OG0010467	0.0	0.0	0.0	0.0
OG0010469	0.0	0.0	0.0	0.0
OG0010470	0.0	0.0	0.0	0.0
OG0010471	0.0	0.0	0.0	0.0
OG0010472	0.0	0.0	0.0	0.0
OG0010473	0.0	0.0	0.0	0.0
OG0010474	0.0	0.0	0.0	0.0
OG0010475	0.0	0.0	0.0	0.0
OG0010476	0.0	0.0	0.0	0.0
OG0010477	0.0	0.0	0.0	0.0
OG0010478	0.0	0.0	0.0	0.0
OG0010479	0.0	0.0	0.0	0.0
OG0010480	0.0	0.0	0.0	0.0
OG0010481	0.0	0.0	0.0	0.0
OG0010482	0.0	0.0	0.0	0.0
OG0010483	0.0	0.0	0.0	0.0
OG0010484	0.0	0.0	0.0	0.0
OG0010485	0.0	0.0	0.0	0.0
OG0010486	0.0	0.0	0.0	0.0
OG0010487	0.0	0.0	0.0	0.0
OG0010488	0.0	0.0	0.0	0.0
OG0010489	0.0	0.0	0.0	0.0
OG0010490	0.0	0.0	0.0	0.0
OG0010491	0.0	0.0	0.0	0.0
OG0010493	0.0	0.0	0.0	0.0
OG0010494	0.0	0.0	0.0	0.0
OG0010495	0.0	0.0	0.0	0.0
OG0010496	0.0	0.0	0.0	0.0
OG0010497	0.0	0.0	0.0	0.0
OG0010498	0.0	0.0	0.0	0.0
OG0010499	0.0	0.0	0.0	0.0
OG0010500	0.0	0.0	0.0	0.0
OG0010501	0.0	0.0	0.0	0.0
OG0010502	0.0	0.0	0.0	0.0
OG0010503	0.0	0.0	0.0	0.0
OG0010504	0.0	0.0	0.0	0.0
OG0010505	0.0	0.0	0.0	0.0
OG0010506	0.0	0.0	0.0	0.0
OG0010507	0.0	0.0	0.0	0.0
OG0010508	0.0	0.0	0.0	0.0
OG0010509	0.0	0.0	0.0	0.0
OG0010510	0.0	0.0	0.0	0.0
OG0010511	0.0	0.0	0.0	0.0
OG0010512	0.0	0.0	0.0	0.0
OG0010513	0.0	0.0	0.0	0.0
OG0010514	0.0	0.0	0.0	0.0
OG0010515	0.0	0.0	0.0	0.0
OG0010516	0.0	0.0	0.0	0.0
OG0010517	0.0	0.0	0.0	0.0
OG0010518	0.0	0.0	0.0	0.0
OG0010519	0.0	0.0	0.0	0.0
OG0010520	0.0	0.0	0.0	0.0
OG0010521	0.0	0.0	0.0	0.0
OG0010522	0.0	0.0	0.0	0.0
OG0010523	0.0	0.0	0.0	0.0
OG0010524	0.0	0.0	0.0	0.0
OG0010525	0.0	0.0	0.0	0.0
OG0010526	0.0	0.0	0.0	0.0
OG0010527	0.0	0.0	0.0	0.0
OG0010528	0.0	0.0	0.0	0.0
OG0010529	0.0	0.0	0.0	0.0
OG0010530	0.0	0.0	0.0	0.0
OG0010531	0.0	0.0	0.0	0.0
OG0010532	0.0	0.0	0.0	0.0
OG0010533	0.0	0.0	0.0	0.0
OG0010534	0.0	0.0	0.0	0.0
OG0010535	0.0	0.0	0.0	0.0
OG0010537	0.0	0.0	0.0	0.0
OG0010538	0.0	0.0	0.0	0.0
OG0010539	0.0	0.0	0.0	0.0
OG0010540	0.0	0.0	0.0	0.0
OG0010541	0.0	0.0	0.0	0.0
OG0010542	0.0	0.0	0.0	0.0
OG0010543	0.0	0.0	0.0	0.0
OG0010544	0.0	0.0	0.0	0.0
OG0010545	0.0	0.0	0.0	0.0
OG0010546	0.0	0.0	0.0	0.0
OG0010547	0.0	0.0	0.0	0.0
OG0010548	0.0	0.0	0.0	0.0
OG0010549	0.0	0.0	0.0	0.0
OG0010550	0.0	0.0	0.0	0.0
OG0010551	0.0	0.0	0.0	0.0
OG0010552	0.0	0.0	0.0	0.0
OG0010553	0.0	0.0	0.0	0.0
OG0010554	0.0	0.0	0.0	0.0
OG0010556	0.0	0.0	0.0	0.0
OG0010557	0.0	0.0	0.0	0.0
OG0010558	0.0	0.0	0.0	0.0
OG0010559	0.0	0.0	0.0	0.0
OG0010560	0.0	0.0	0.0	0.0
OG0010561	0.0	0.0	0.0	0.0
OG0010562	0.0	0.0	0.0	0.0
OG0010563	0.0	0.0	0.0	0.0
OG0010564	0.0	0.0	0.0	0.0
OG0010565	0.0	0.0	0.0	0.0
OG0010566	0.0	0.0	0.0	0.0
OG0010567	0.0	0.0	0.0	0.0
OG0010568	0.0	0.0	0.0	0.0
OG0010569	0.0	0.0	0.0	0.0
OG0010570	0.0	0.0	0.0	0.0
OG0010572	0.0	0.0	0.0	0.0
OG0010581	0.0	0.0	0.0	0.0
OG0010587	0.0	0.0	0.0	0.0
OG0010593	0.0	0.0	0.0	0.0
OG0010597	0.0	0.0	0.0	0.0
OG0010598	0.0	0.0	0.0	0.0
OG0010599	0.0	0.0	0.0	0.0
OG0010600	0.0	0.0	0.0	0.0
OG0010601	0.0	0.0	0.0	0.0
OG0010603	0.0	0.0	0.0	0.0
OG0010604	0.0	0.0	0.0	0.0
OG0010605	0.0	0.0	0.0	0.0
OG0010606	0.0	0.0	0.0	0.0
OG0010608	0.0	0.0	0.0	0.0
OG0010610	0.0	0.0	0.0	0.0
OG0010611	0.0	0.0	0.0	0.0
OG0010613	0.0	0.0	0.0	0.0
OG0010615	0.0	0.0	0.0	0.0
OG0010616	0.0	0.0	0.0	0.0
OG0010617	0.0	0.0	0.0	0.0
OG0010618	0.0	0.0	0.0	0.0
OG0010619	0.0	0.0	0.0	0.0
OG0010620	0.0	0.0	0.0	0.0
OG0010621	0.0	0.0	0.0	0.0
OG0010622	0.0	0.0	0.0	0.0
OG0010623	0.0	0.0	0.0	0.0
OG0010624	0.0	0.0	0.0	0.0
OG0010625	0.0	0.0	0.0	0.0
OG0010626	0.0	0.0	0.0	0.0
OG0010627	0.0	0.0	0.0	0.0
OG0010628	0.0	0.0	0.0	0.0
OG0010629	0.0	0.0	0.0	0.0
OG0010630	0.0	0.0	0.0	0.0
OG0010631	0.0	0.0	0.0	0.0
OG0010632	0.0	0.0	0.0	0.0
OG0010633	0.0	0.0	0.0	0.0
OG0010634	0.0	0.0	0.0	0.0
OG0010635	0.0	0.0	0.0	0.0
OG0010636	0.0	0.0	0.0	0.0
OG0010637	0.0	0.0	0.0	0.0
OG0010638	0.0	0.0	0.0	0.0
OG0010639	0.0	0.0	0.0	0.0
OG0010640	0.0	0.0	0.0	0.0
OG0010641	0.0	0.0	0.0	0.0
OG0010642	0.0	0.0	0.0	0.0
OG0010643	0.0	0.0	0.0	0.0
OG0010644	0.0	0.0	0.0	0.0
OG0010645	0.0	0.0	0.0	0.0
OG0010646	0.0	0.0	0.0	0.0
OG0010647	0.0	0.0	0.0	0.0
OG0010648	0.0	0.0	0.0	0.0
OG0010650	0.0	0.0	0.0	0.0
OG0010651	0.0	0.0	0.0	0.0
OG0010652	0.0	0.0	0.0	0.0
OG0010653	0.0	0.0	0.0	0.0
OG0010654	0.0	0.0	0.0	0.0
OG0010656	0.0	0.0	0.0	0.0
OG0010657	0.0	0.0	0.0	0.0
OG0010658	0.0	0.0	0.0	0.0
OG0010659	0.0	0.0	0.0	0.0
OG0010661	0.0	0.0	0.0	0.0
OG0010662	0.0	0.0	0.0	0.0
OG0010663	0.0	0.0	0.0	0.0
OG0010664	0.0	0.0	0.0	0.0
OG0010665	0.0	0.0	0.0	0.0
OG0010666	0.0	0.0	0.0	0.0
OG0010667	0.0	0.0	0.0	0.0
OG0010668	0.0	0.0	0.0	0.0
OG0010669	0.0	0.0	0.0	0.0
OG0010670	0.0	0.0	0.0	0.0
OG0010671	0.0	0.0	0.0	0.0
OG0010672	0.0	0.0	0.0	0.0
OG0010673	0.0	0.0	0.0	0.0
OG0010674	0.0	0.0	0.0	0.0
OG0010675	0.0	0.0	0.0	0.0
OG0010676	0.0	0.0	0.0	0.0
OG0010677	0.0	0.0	0.0	0.0
OG0010678	0.0	0.0	0.0	0.0
OG0010679	0.0	0.0	0.0	0.0
OG0010680	0.0	0.0	0.0	0.0
OG0010681	0.0	0.0	0.0	0.0
OG0010682	0.0	0.0	0.0	0.0
OG0010683	0.0	0.0	0.0	0.0
OG0010684	0.0	0.0	0.0	0.0
OG0010686	0.0	0.0	0.0	0.0
OG0010688	0.0	0.0	0.0	0.0
OG0010689	0.0	0.0	0.0	0.0
OG0010690	0.0	0.0	0.0	0.0
OG0010691	0.0	0.0	0.0	0.0
OG0010693	0.0	0.0	0.0	0.0
OG0010694	0.0	0.0	0.0	0.0
OG0010696	0.0	0.0	0.0	0.0
OG0010697	0.0	0.0	0.0	0.0
OG0010698	0.0	0.0	0.0	0.0
OG0010699	0.0	0.0	0.0	0.0
OG0010700	0.0	0.0	0.0	0.0
OG0010701	0.0	0.0	0.0	0.0
OG0010702	0.0	0.0	0.0	0.0
OG0010704	0.0	0.0	0.0	0.0
OG0010705	0.0	0.0	0.0	0.0
OG0010710	0.0	0.0	0.0	0.0
OG0010711	0.0	0.0	0.0	0.0
OG0010712	0.0	0.0	0.0	0.0
OG0010713	0.0	0.0	0.0	0.0
OG0010717	0.0	0.0	0.0	0.0
OG0010718	0.0	0.0	0.0	0.0
OG0010719	0.0	0.0	0.0	0.0
OG0010720	0.0	0.0	0.0	0.0
OG0010721	0.0	0.0	0.0	0.0
OG0010722	0.0	0.0	0.0	0.0
OG0010723	0.0	0.0	0.0	0.0
OG0010724	0.0	0.0	0.0	0.0
OG0010734	0.0	0.0	0.0	0.0
OG0010737	0.0	0.0	0.0	0.0
OG0010738	0.0	0.0	0.0	0.0
OG0010740	0.0	0.0	0.0	0.0
OG0010765	0.0	0.0	0.0	0.0
OG0010767	0.0	0.0	0.0	0.0
OG0010771	0.0	0.0	0.0	0.0
OG0010773	0.0	0.0	0.0	0.0
OG0010775	0.0	0.0	0.0	0.0
OG0010777	0.0	0.0	0.0	0.0
OG0010778	0.0	0.0	0.0	0.0
OG0010781	0.0	0.0	0.0	0.0
OG0010836	0.0	0.0	0.0	0.0
OG0010870	0.0	0.0	0.0	0.0
OG0010871	0.0	0.0	0.0	0.0
OG0010872	0.0	0.0	0.0	0.0
OG0010873	0.0	0.0	0.0	0.0
OG0010874	0.0	0.0	0.0	0.0
OG0010875	0.0	0.0	0.0	0.0
OG0010876	0.0	0.0	0.0	0.0
OG0010877	0.0	0.0	0.0	0.0
OG0010878	0.0	0.0	0.0	0.0
OG0010880	0.0	0.0	0.0	0.0
OG0010881	0.0	0.0	0.0	0.0
OG0010882	0.0	0.0	0.0	0.0
OG0010888	0.0	0.0	0.0	0.0
OG0010889	0.0	0.0	0.0	0.0
OG0010890	0.0	0.0	0.0	0.0
OG0010891	0.0	0.0	0.0	0.0
OG0010893	0.0	0.0	0.0	0.0
OG0010894	0.0	0.0	0.0	0.0
OG0010895	0.0	0.0	0.0	0.0
OG0010897	0.0	0.0	0.0	0.0
OG0010898	0.0	0.0	0.0	0.0
OG0010899	0.0	0.0	0.0	0.0
OG0010901	0.0	0.0	0.0	0.0
OG0010902	0.0	0.0	0.0	0.0
OG0010903	0.0	0.0	0.0	0.0
OG0010904	0.0	0.0	0.0	0.0
OG0010905	0.0	0.0	0.0	0.0
OG0010907	0.0	0.0	0.0	0.0
OG0010908	0.0	0.0	0.0	0.0
OG0010909	0.0	0.0	0.0	0.0
OG0010910	0.0	0.0	0.0	0.0
OG0010911	0.0	0.0	0.0	0.0
OG0010912	0.0	0.0	0.0	0.0
OG0010913	0.0	0.0	0.0	0.0
OG0010914	0.0	0.0	0.0	0.0
OG0010916	0.0	0.0	0.0	0.0
OG0010917	0.0	0.0	0.0	0.0
OG0010918	0.0	0.0	0.0	0.0
OG0010919	0.0	0.0	0.0	0.0
OG0010920	0.0	0.0	0.0	0.0
OG0010921	0.0	0.0	0.0	0.0
OG0010922	0.0	0.0	0.0	0.0
OG0010923	0.0	0.0	0.0	0.0
OG0010924	0.0	0.0	0.0	0.0
OG0010925	0.0	0.0	0.0	0.0
OG0010926	0.0	0.0	0.0	0.0
OG0010927	0.0	0.0	0.0	0.0
OG0010928	0.0	0.0	0.0	0.0
OG0010929	0.0	0.0	0.0	0.0
OG0010930	0.0	0.0	0.0	0.0
OG0010931	0.0	0.0	0.0	0.0
OG0010932	0.0	0.0	0.0	0.0
OG0010933	0.0	0.0	0.0	0.0
OG0010934	0.0	0.0	0.0	0.0
OG0010935	0.0	0.0	0.0	0.0
OG0010936	0.0	0.0	0.0	0.0
OG0010938	0.0	0.0	0.0	0.0
OG0010939	0.0	0.0	0.0	0.0
OG0010940	0.0	0.0	0.0	0.0
OG0010941	0.0	0.0	0.0	0.0
OG0010942	0.0	0.0	0.0	0.0
OG0010943	0.0	0.0	0.0	0.0
OG0010944	0.0	0.0	0.0	0.0
OG0010945	0.0	0.0	0.0	0.0
OG0010946	0.0	0.0	0.0	0.0
OG0010947	0.0	0.0	0.0	0.0
OG0010948	0.0	0.0	0.0	0.0
OG0010949	0.0	0.0	0.0	0.0
OG0010950	0.0	0.0	0.0	0.0
OG0010951	0.0	0.0	0.0	0.0
OG0010952	0.0	0.0	0.0	0.0
OG0010953	0.0	0.0	0.0	0.0
OG0010954	0.0	0.0	0.0	0.0
OG0010955	0.0	0.0	0.0	0.0
OG0010956	0.0	0.0	0.0	0.0
OG0010958	0.0	0.0	0.0	0.0
OG0010959	0.0	0.0	0.0	0.0
OG0010963	0.0	0.0	0.0	0.0
OG0010965	0.0	0.0	0.0	0.0
OG0010966	0.0	0.0	0.0	0.0
OG0010967	0.0	0.0	0.0	0.0
OG0010968	0.0	0.0	0.0	0.0
OG0010969	0.0	0.0	0.0	0.0
OG0010970	0.0	0.0	0.0	0.0
OG0010971	0.0	0.0	0.0	0.0
OG0010972	0.0	0.0	0.0	0.0
OG0010973	0.0	0.0	0.0	0.0
OG0010974	0.0	0.0	0.0	0.0
OG0010975	0.0	0.0	0.0	0.0
OG0010976	0.0	0.0	0.0	0.0
OG0010977	0.0	0.0	0.0	0.0
OG0010978	0.0	0.0	0.0	0.0
OG0010979	0.0	0.0	0.0	0.0
OG0010980	0.0	0.0	0.0	0.0
OG0010981	0.0	0.0	0.0	0.0
OG0010982	0.0	0.0	0.0	0.0
OG0010983	0.0	0.0	0.0	0.0
OG0010984	0.0	0.0	0.0	0.0
OG0010985	0.0	0.0	0.0	0.0
OG0010986	0.0	0.0	0.0	0.0
OG0010987	0.0	0.0	0.0	0.0
OG0010988	0.0	0.0	0.0	0.0
OG0010989	0.0	0.0	0.0	0.0
OG0010990	0.0	0.0	0.0	0.0
OG0010991	0.0	0.0	0.0	0.0
OG0010992	0.0	0.0	0.0	0.0
OG0010993	0.0	0.0	0.0	0.0
OG0010994	0.0	0.0	0.0	0.0
OG0010995	0.0	0.0	0.0	0.0
OG0010996	0.0	0.0	0.0	0.0
OG0010997	0.0	0.0	0.0	0.0
OG0010998	0.0	0.0	0.0	0.0
OG0010999	0.0	0.0	0.0	0.0
OG0011000	0.0	0.0	0.0	0.0
OG0011001	0.0	0.0	0.0	0.0
OG0011002	0.0	0.0	0.0	0.0
OG0011003	0.0	0.0	0.0	0.0
OG0011004	0.0	0.0	0.0	0.0
OG0011005	0.0	0.0	0.0	0.0
OG0011006	0.0	0.0	0.0	0.0
OG0011007	0.0	0.0	0.0	0.0
OG0011008	0.0	0.0	0.0	0.0
OG0011009	0.0	0.0	0.0	0.0
OG0011010	0.0	0.0	0.0	0.0
OG0011011	0.0	0.0	0.0	0.0
OG0011012	0.0	0.0	0.0	0.0
OG0011013	0.0	0.0	0.0	0.0
OG0011014	0.0	0.0	0.0	0.0
OG0011015	0.0	0.0	0.0	0.0
OG0011016	0.0	0.0	0.0	0.0
OG0011017	0.0	0.0	0.0	0.0
OG0011018	0.0	0.0	0.0	0.0
OG0011019	0.0	0.0	0.0	0.0
OG0011021	0.0	0.0	0.0	0.0
OG0011022	0.0	0.0	0.0	0.0
OG0011023	0.0	0.0	0.0	0.0
OG0011024	0.0	0.0	0.0	0.0
OG0011025	0.0	0.0	0.0	0.0
OG0011026	0.0	0.0	0.0	0.0
OG0011027	0.0	0.0	0.0	0.0
OG0011028	0.0	0.0	0.0	0.0
OG0011029	0.0	0.0	0.0	0.0
OG0011030	0.0	0.0	0.0	0.0
OG0011031	0.0	0.0	0.0	0.0
OG0011032	0.0	0.0	0.0	0.0
OG0011033	0.0	0.0	0.0	0.0
OG0011034	0.0	0.0	0.0	0.0
OG0011035	0.0	0.0	0.0	0.0
OG0011036	0.0	0.0	0.0	0.0
OG0011037	0.0	0.0	0.0	0.0
OG0011038	0.0	0.0	0.0	0.0
OG0011039	0.0	0.0	0.0	0.0
OG0011041	0.0	0.0	0.0	0.0
OG0011042	0.0	0.0	0.0	0.0
OG0011043	0.0	0.0	0.0	0.0
OG0011044	0.0	0.0	0.0	0.0
OG0011045	0.0	0.0	0.0	0.0
OG0011046	0.0	0.0	0.0	0.0
OG0011047	0.0	0.0	0.0	0.0
OG0011048	0.0	0.0	0.0	0.0
OG0011049	0.0	0.0	0.0	0.0
OG0011050	0.0	0.0	0.0	0.0
OG0011051	0.0	0.0	0.0	0.0
OG0011052	0.0	0.0	0.0	0.0
OG0011053	0.0	0.0	0.0	0.0
OG0011054	0.0	0.0	0.0	0.0
OG0011055	0.0	0.0	0.0	0.0
OG0011057	0.0	0.0	0.0	0.0
OG0011058	0.0	0.0	0.0	0.0
OG0011059	0.0	0.0	0.0	0.0
OG0011060	0.0	0.0	0.0	0.0
OG0011061	0.0	0.0	0.0	0.0
OG0011062	0.0	0.0	0.0	0.0
OG0011063	0.0	0.0	0.0	0.0
OG0011065	0.0	0.0	0.0	0.0
OG0011066	0.0	0.0	0.0	0.0
OG0011068	0.0	0.0	0.0	0.0
OG0011069	0.0	0.0	0.0	0.0
OG0011070	0.0	0.0	0.0	0.0
OG0011071	0.0	0.0	0.0	0.0
OG0011072	0.0	0.0	0.0	0.0
OG0011073	0.0	0.0	0.0	0.0
OG0011074	0.0	0.0	0.0	0.0
OG0011075	0.0	0.0	0.0	0.0
OG0011076	0.0	0.0	0.0	0.0
OG0011077	0.0	0.0	0.0	0.0
OG0011078	0.0	0.0	0.0	0.0
OG0011079	0.0	0.0	0.0	0.0
OG0011080	0.0	0.0	0.0	0.0
OG0011081	0.0	0.0	0.0	0.0
OG0011082	0.0	0.0	0.0	0.0
OG0011083	0.0	0.0	0.0	0.0
OG0011084	0.0	0.0	0.0	0.0
OG0011085	0.0	0.0	0.0	0.0
OG0011086	0.0	0.0	0.0	0.0
OG0011087	0.0	0.0	0.0	0.0
OG0011088	0.0	0.0	0.0	0.0
OG0011108	0.0	0.0	0.0	0.0
OG0011109	0.0	0.0	0.0	0.0
OG0011111	0.0	0.0	0.0	0.0
OG0011113	0.0	0.0	0.0	0.0
OG0011114	0.0	0.0	0.0	0.0
OG0011117	0.0	0.0	0.0	0.0
OG0011120	0.0	0.0	0.0	0.0
OG0011122	0.0	0.0	0.0	0.0
OG0011123	0.0	0.0	0.0	0.0
OG0011124	0.0	0.0	0.0	0.0
OG0011125	0.0	0.0	0.0	0.0
OG0011126	0.0	0.0	0.0	0.0
OG0011127	0.0	0.0	0.0	0.0
OG0011128	0.0	0.0	0.0	0.0
OG0011129	0.0	0.0	0.0	0.0
OG0011130	0.0	0.0	0.0	0.0
OG0011131	0.0	0.0	0.0	0.0
OG0011132	0.0	0.0	0.0	0.0
OG0011133	0.0	0.0	0.0	0.0
OG0011135	0.0	0.0	0.0	0.0
OG0011136	0.0	0.0	0.0	0.0
OG0011137	0.0	0.0	0.0	0.0
OG0011138	0.0	0.0	0.0	0.0
OG0011139	0.0	0.0	0.0	0.0
OG0011140	0.0	0.0	0.0	0.0
OG0011141	0.0	0.0	0.0	0.0
OG0011142	0.0	0.0	0.0	0.0
OG0011143	0.0	0.0	0.0	0.0
OG0011144	0.0	0.0	0.0	0.0
OG0011145	0.0	0.0	0.0	0.0
OG0011146	0.0	0.0	0.0	0.0
OG0011147	0.0	0.0	0.0	0.0
OG0011148	0.0	0.0	0.0	0.0
OG0011149	0.0	0.0	0.0	0.0
OG0011150	0.0	0.0	0.0	0.0
OG0011151	0.0	0.0	0.0	0.0
OG0011152	0.0	0.0	0.0	0.0
OG0011153	0.0	0.0	0.0	0.0
OG0011154	0.0	0.0	0.0	0.0
OG0011155	0.0	0.0	0.0	0.0
OG0011156	0.0	0.0	0.0	0.0
OG0011157	0.0	0.0	0.0	0.0
OG0011158	0.0	0.0	0.0	0.0
OG0011159	0.0	0.0	0.0	0.0
OG0011160	0.0	0.0	0.0	0.0
OG0011161	0.0	0.0	0.0	0.0
OG0011163	0.0	0.0	0.0	0.0
OG0011164	0.0	0.0	0.0	0.0
OG0011165	0.0	0.0	0.0	0.0
OG0011166	0.0	0.0	0.0	0.0
OG0011167	0.0	0.0	0.0	0.0
OG0011168	0.0	0.0	0.0	0.0
OG0011169	0.0	0.0	0.0	0.0
OG0011170	0.0	0.0	0.0	0.0
OG0011171	0.0	0.0	0.0	0.0
OG0011172	0.0	0.0	0.0	0.0
OG0011173	0.0	0.0	0.0	0.0
OG0011174	0.0	0.0	0.0	0.0
OG0011175	0.0	0.0	0.0	0.0
OG0011176	0.0	0.0	0.0	0.0
OG0011177	0.0	0.0	0.0	0.0
OG0011178	0.0	0.0	0.0	0.0
OG0011179	0.0	0.0	0.0	0.0
OG0011180	0.0	0.0	0.0	0.0
OG0011181	0.0	0.0	0.0	0.0
OG0011182	0.0	0.0	0.0	0.0
OG0011183	0.0	0.0	0.0	0.0
OG0011184	0.0	0.0	0.0	0.0
OG0011185	0.0	0.0	0.0	0.0
OG0011186	0.0	0.0	0.0	0.0
OG0011187	0.0	0.0	0.0	0.0
OG0011188	0.0	0.0	0.0	0.0
OG0011189	0.0	0.0	0.0	0.0
OG0011190	0.0	0.0	0.0	0.0
OG0011191	0.0	0.0	0.0	0.0
OG0011192	0.0	0.0	0.0	0.0
OG0011194	0.0	0.0	0.0	0.0
OG0011195	0.0	0.0	0.0	0.0
OG0011196	0.0	0.0	0.0	0.0
OG0011197	0.0	0.0	0.0	0.0
OG0011198	0.0	0.0	0.0	0.0
OG0011200	0.0	0.0	0.0	0.0
OG0011201	0.0	0.0	0.0	0.0
OG0011202	0.0	0.0	0.0	0.0
OG0011203	0.0	0.0	0.0	0.0
OG0011204	0.0	0.0	0.0	0.0
OG0011205	0.0	0.0	0.0	0.0
OG0011206	0.0	0.0	0.0	0.0
OG0011207	0.0	0.0	0.0	0.0
OG0011208	0.0	0.0	0.0	0.0
OG0011209	0.0	0.0	0.0	0.0
OG0011210	0.0	0.0	0.0	0.0
OG0011211	0.0	0.0	0.0	0.0
OG0011212	0.0	0.0	0.0	0.0
OG0011213	0.0	0.0	0.0	0.0
OG0011214	0.0	0.0	0.0	0.0
OG0011215	0.0	0.0	0.0	0.0
OG0011216	0.0	0.0	0.0	0.0
OG0011217	0.0	0.0	0.0	0.0
OG0011218	0.0	0.0	0.0	0.0
OG0011219	0.0	0.0	0.0	0.0
OG0011220	0.0	0.0	0.0	0.0
OG0011221	0.0	0.0	0.0	0.0
OG0011222	0.0	0.0	0.0	0.0
OG0011223	0.0	0.0	0.0	0.0
OG0011224	0.0	0.0	0.0	0.0
OG0011225	0.0	0.0	0.0	0.0
OG0011226	0.0	0.0	0.0	0.0
OG0011227	0.0	0.0	0.0	0.0
OG0011228	0.0	0.0	0.0	0.0
OG0011229	0.0	0.0	0.0	0.0
OG0011230	0.0	0.0	0.0	0.0
OG0011231	0.0	0.0	0.0	0.0
OG0011232	0.0	0.0	0.0	0.0
OG0011233	0.0	0.0	0.0	0.0
OG0011234	0.0	0.0	0.0	0.0
OG0011236	0.0	0.0	0.0	0.0
OG0011239	0.0	0.0	0.0	0.0
OG0011241	0.0	0.0	0.0	0.0
OG0011242	0.0	0.0	0.0	0.0
OG0011244	0.0	0.0	0.0	0.0
OG0011245	0.0	0.0	0.0	0.0
OG0011246	0.0	0.0	0.0	0.0
OG0011247	0.0	0.0	0.0	0.0
OG0011248	0.0	0.0	0.0	0.0
OG0011249	0.0	0.0	0.0	0.0
OG0011250	0.0	0.0	0.0	0.0
OG0011251	0.0	0.0	0.0	0.0
OG0011252	0.0	0.0	0.0	0.0
OG0011253	0.0	0.0	0.0	0.0
OG0011254	0.0	0.0	0.0	0.0
OG0011255	0.0	0.0	0.0	0.0
OG0011256	0.0	0.0	0.0	0.0
OG0011259	0.0	0.0	0.0	0.0
OG0011260	0.0	0.0	0.0	0.0
OG0011261	0.0	0.0	0.0	0.0
OG0011263	0.0	0.0	0.0	0.0
OG0011266	0.0	0.0	0.0	0.0
OG0011270	0.0	0.0	0.0	0.0
OG0011271	0.0	0.0	0.0	0.0
OG0011272	0.0	0.0	0.0	0.0
OG0011273	0.0	0.0	0.0	0.0
OG0011277	0.0	0.0	0.0	0.0
OG0011279	0.0	0.0	0.0	0.0
OG0011281	0.0	0.0	0.0	0.0
OG0011283	0.0	0.0	0.0	0.0
OG0011284	0.0	0.0	0.0	0.0
OG0011285	0.0	0.0	0.0	0.0
OG0011286	0.0	0.0	0.0	0.0
OG0011289	0.0	0.0	0.0	0.0
OG0011290	0.0	0.0	0.0	0.0
OG0011291	0.0	0.0	0.0	0.0
OG0011292	0.0	0.0	0.0	0.0
OG0011293	0.0	0.0	0.0	0.0
OG0011295	0.0	0.0	0.0	0.0
OG0011296	0.0	0.0	0.0	0.0
OG0011299	0.0	0.0	0.0	0.0
OG0011300	0.0	0.0	0.0	0.0
OG0011303	0.0	0.0	0.0	0.0
OG0011306	0.0	0.0	0.0	0.0
OG0011307	0.0	0.0	0.0	0.0
OG0011310	0.0	0.0	0.0	0.0
OG0011311	0.0	0.0	0.0	0.0
OG0011315	0.0	0.0	0.0	0.0
OG0011316	0.0	0.0	0.0	0.0
OG0011317	0.0	0.0	0.0	0.0
OG0011318	0.0	0.0	0.0	0.0
OG0011322	0.0	0.0	0.0	0.0
OG0011326	0.0	0.0	0.0	0.0
OG0011328	0.0	0.0	0.0	0.0
OG0011329	0.0	0.0	0.0	0.0
OG0011355	0.0	0.0	0.0	0.0
OG0011362	0.0	0.0	0.0	0.0
OG0011363	0.0	0.0	0.0	0.0
OG0011365	0.0	0.0	0.0	0.0
OG0011370	0.0	0.0	0.0	0.0
OG0011376	0.0	0.0	0.0	0.0
OG0011382	0.0	0.0	0.0	0.0
OG0011390	0.0	0.0	0.0	0.0
OG0011399	0.0	0.0	0.0	0.0
OG0011411	0.0	0.0	0.0	0.0
OG0011416	0.0	0.0	0.0	0.0
OG0011424	0.0	0.0	0.0	0.0
OG0011456	0.0	0.0	0.0	0.0
OG0011507	0.0	0.0	0.0	0.0
OG0011508	0.0	0.0	0.0	0.0
OG0011509	0.0	0.0	0.0	0.0
OG0011510	0.0	0.0	0.0	0.0
OG0011511	0.0	0.0	0.0	0.0
OG0011512	0.0	0.0	0.0	0.0
OG0011513	0.0	0.0	0.0	0.0
OG0011514	0.0	0.0	0.0	0.0
OG0011515	0.0	0.0	0.0	0.0
OG0011516	0.0	0.0	0.0	0.0
OG0011517	0.0	0.0	0.0	0.0
OG0011518	0.0	0.0	0.0	0.0
OG0011519	0.0	0.0	0.0	0.0
OG0011520	0.0	0.0	0.0	0.0
OG0011521	0.0	0.0	0.0	0.0
OG0011522	0.0	0.0	0.0	0.0
OG0011523	0.0	0.0	0.0	0.0
OG0011524	0.0	0.0	0.0	0.0
OG0011525	0.0	0.0	0.0	0.0
OG0011526	0.0	0.0	0.0	0.0
OG0011527	0.0	0.0	0.0	0.0
OG0011528	0.0	0.0	0.0	0.0
OG0011529	0.0	0.0	0.0	0.0
OG0011530	0.0	0.0	0.0	0.0
OG0011531	0.0	0.0	0.0	0.0
OG0011541	0.0	0.0	0.0	0.0
OG0011542	0.0	0.0	0.0	0.0
OG0011543	0.0	0.0	0.0	0.0
OG0011544	0.0	0.0	0.0	0.0
OG0011545	0.0	0.0	0.0	0.0
OG0011546	0.0	0.0	0.0	0.0
OG0011547	0.0	0.0	0.0	0.0
OG0011548	0.0	0.0	0.0	0.0
OG0011549	0.0	0.0	0.0	0.0
OG0011550	0.0	0.0	0.0	0.0
OG0011551	0.0	0.0	0.0	0.0
OG0011552	0.0	0.0	0.0	0.0
OG0011553	0.0	0.0	0.0	0.0
OG0011554	0.0	0.0	0.0	0.0
OG0011555	0.0	0.0	0.0	0.0
OG0011556	0.0	0.0	0.0	0.0
OG0011557	0.0	0.0	0.0	0.0
OG0011558	0.0	0.0	0.0	0.0
OG0011560	0.0	0.0	0.0	0.0
OG0011561	0.0	0.0	0.0	0.0
OG0011562	0.0	0.0	0.0	0.0
OG0011563	0.0	0.0	0.0	0.0
OG0011565	0.0	0.0	0.0	0.0
OG0011566	0.0	0.0	0.0	0.0
OG0011567	0.0	0.0	0.0	0.0
OG0011568	0.0	0.0	0.0	0.0
OG0011569	0.0	0.0	0.0	0.0
OG0011571	0.0	0.0	0.0	0.0
OG0011572	0.0	0.0	0.0	0.0
OG0011573	0.0	0.0	0.0	0.0
OG0011574	0.0	0.0	0.0	0.0
OG0011575	0.0	0.0	0.0	0.0
OG0011576	0.0	0.0	0.0	0.0
OG0011577	0.0	0.0	0.0	0.0
OG0011578	0.0	0.0	0.0	0.0
OG0011579	0.0	0.0	0.0	0.0
OG0011580	0.0	0.0	0.0	0.0
OG0011581	0.0	0.0	0.0	0.0
OG0011583	0.0	0.0	0.0	0.0
OG0011584	0.0	0.0	0.0	0.0
OG0011585	0.0	0.0	0.0	0.0
OG0011586	0.0	0.0	0.0	0.0
OG0011587	0.0	0.0	0.0	0.0
OG0011588	0.0	0.0	0.0	0.0
OG0011589	0.0	0.0	0.0	0.0
OG0011590	0.0	0.0	0.0	0.0
OG0011591	0.0	0.0	0.0	0.0
OG0011592	0.0	0.0	0.0	0.0
OG0011593	0.0	0.0	0.0	0.0
OG0011594	0.0	0.0	0.0	0.0
OG0011595	0.0	0.0	0.0	0.0
OG0011596	0.0	0.0	0.0	0.0
OG0011597	0.0	0.0	0.0	0.0
OG0011598	0.0	0.0	0.0	0.0
OG0011599	0.0	0.0	0.0	0.0
OG0011600	0.0	0.0	0.0	0.0
OG0011601	0.0	0.0	0.0	0.0
OG0011603	0.0	0.0	0.0	0.0
OG0011604	0.0	0.0	0.0	0.0
OG0011605	0.0	0.0	0.0	0.0
OG0011606	0.0	0.0	0.0	0.0
OG0011607	0.0	0.0	0.0	0.0
OG0011608	0.0	0.0	0.0	0.0
OG0011610	0.0	0.0	0.0	0.0
OG0011611	0.0	0.0	0.0	0.0
OG0011612	0.0	0.0	0.0	0.0
OG0011613	0.0	0.0	0.0	0.0
OG0011614	0.0	0.0	0.0	0.0
OG0011615	0.0	0.0	0.0	0.0
OG0011617	0.0	0.0	0.0	0.0
OG0011618	0.0	0.0	0.0	0.0
OG0011619	0.0	0.0	0.0	0.0
OG0011620	0.0	0.0	0.0	0.0
OG0011621	0.0	0.0	0.0	0.0
OG0011622	0.0	0.0	0.0	0.0
OG0011623	0.0	0.0	0.0	0.0
OG0011624	0.0	0.0	0.0	0.0
OG0011625	0.0	0.0	0.0	0.0
OG0011626	0.0	0.0	0.0	0.0
OG0011628	0.0	0.0	0.0	0.0
OG0011629	0.0	0.0	0.0	0.0
OG0011630	0.0	0.0	0.0	0.0
OG0011631	0.0	0.0	0.0	0.0
OG0011632	0.0	0.0	0.0	0.0
OG0011633	0.0	0.0	0.0	0.0
OG0011634	0.0	0.0	0.0	0.0
OG0011635	0.0	0.0	0.0	0.0
OG0011636	0.0	0.0	0.0	0.0
OG0011637	0.0	0.0	0.0	0.0
OG0011638	0.0	0.0	0.0	0.0
OG0011639	0.0	0.0	0.0	0.0
OG0011640	0.0	0.0	0.0	0.0
OG0011641	0.0	0.0	0.0	0.0
OG0011642	0.0	0.0	0.0	0.0
OG0011643	0.0	0.0	0.0	0.0
OG0011644	0.0	0.0	0.0	0.0
OG0011645	0.0	0.0	0.0	0.0
OG0011646	0.0	0.0	0.0	0.0
OG0011647	0.0	0.0	0.0	0.0
OG0011648	0.0	0.0	0.0	0.0
OG0011649	0.0	0.0	0.0	0.0
OG0011650	0.0	0.0	0.0	0.0
OG0011651	0.0	0.0	0.0	0.0
OG0011652	0.0	0.0	0.0	0.0
OG0011653	0.0	0.0	0.0	0.0
OG0011654	0.0	0.0	0.0	0.0
OG0011655	0.0	0.0	0.0	0.0
OG0011656	0.0	0.0	0.0	0.0
OG0011657	0.0	0.0	0.0	0.0
OG0011658	0.0	0.0	0.0	0.0
OG0011659	0.0	0.0	0.0	0.0
OG0011660	0.0	0.0	0.0	0.0
OG0011661	0.0	0.0	0.0	0.0
OG0011662	0.0	0.0	0.0	0.0
OG0011663	0.0	0.0	0.0	0.0
OG0011665	0.0	0.0	0.0	0.0
OG0011667	0.0	0.0	0.0	0.0
OG0011669	0.0	0.0	0.0	0.0
OG0011670	0.0	0.0	0.0	0.0
OG0011671	0.0	0.0	0.0	0.0
OG0011672	0.0	0.0	0.0	0.0
OG0011673	0.0	0.0	0.0	0.0
OG0011674	0.0	0.0	0.0	0.0
OG0011675	0.0	0.0	0.0	0.0
OG0011676	0.0	0.0	0.0	0.0
OG0011677	0.0	0.0	0.0	0.0
OG0011678	0.0	0.0	0.0	0.0
OG0011679	0.0	0.0	0.0	0.0
OG0011680	0.0	0.0	0.0	0.0
OG0011682	0.0	0.0	0.0	0.0
OG0011683	0.0	0.0	0.0	0.0
OG0011684	0.0	0.0	0.0	0.0
OG0011685	0.0	0.0	0.0	0.0
OG0011686	0.0	0.0	0.0	0.0
OG0011687	0.0	0.0	0.0	0.0
OG0011688	0.0	0.0	0.0	0.0
OG0011689	0.0	0.0	0.0	0.0
OG0011690	0.0	0.0	0.0	0.0
OG0011691	0.0	0.0	0.0	0.0
OG0011692	0.0	0.0	0.0	0.0
OG0011693	0.0	0.0	0.0	0.0
OG0011694	0.0	0.0	0.0	0.0
OG0011695	0.0	0.0	0.0	0.0
OG0011696	0.0	0.0	0.0	0.0
OG0011697	0.0	0.0	0.0	0.0
OG0011698	0.0	0.0	0.0	0.0
OG0011699	0.0	0.0	0.0	0.0
OG0011700	0.0	0.0	0.0	0.0
OG0011701	0.0	0.0	0.0	0.0
OG0011702	0.0	0.0	0.0	0.0
OG0011703	0.0	0.0	0.0	0.0
OG0011704	0.0	0.0	0.0	0.0
OG0011705	0.0	0.0	0.0	0.0
OG0011706	0.0	0.0	0.0	0.0
OG0011707	0.0	0.0	0.0	0.0
OG0011708	0.0	0.0	0.0	0.0
OG0011709	0.0	0.0	0.0	0.0
OG0011710	0.0	0.0	0.0	0.0
OG0011712	0.0	0.0	0.0	0.0
OG0011713	0.0	0.0	0.0	0.0
OG0011714	0.0	0.0	0.0	0.0
OG0011715	0.0	0.0	0.0	0.0
OG0011716	0.0	0.0	0.0	0.0
OG0011717	0.0	0.0	0.0	0.0
OG0011718	0.0	0.0	0.0	0.0
OG0011719	0.0	0.0	0.0	0.0
OG0011720	0.0	0.0	0.0	0.0
OG0011721	0.0	0.0	0.0	0.0
OG0011722	0.0	0.0	0.0	0.0
OG0011723	0.0	0.0	0.0	0.0
OG0011724	0.0	0.0	0.0	0.0
OG0011725	0.0	0.0	0.0	0.0
OG0011726	0.0	0.0	0.0	0.0
OG0011727	0.0	0.0	0.0	0.0
OG0011728	0.0	0.0	0.0	0.0
OG0011729	0.0	0.0	0.0	0.0
OG0011730	0.0	0.0	0.0	0.0
OG0011731	0.0	0.0	0.0	0.0
OG0011732	0.0	0.0	0.0	0.0
OG0011733	0.0	0.0	0.0	0.0
OG0011734	0.0	0.0	0.0	0.0
OG0011735	0.0	0.0	0.0	0.0
OG0011751	0.0	0.0	0.0	0.0
OG0011755	0.0	0.0	0.0	0.0
OG0011758	0.0	0.0	0.0	0.0
OG0011759	0.0	0.0	0.0	0.0
OG0011762	0.0	0.0	0.0	0.0
OG0011763	0.0	0.0	0.0	0.0
OG0011767	0.0	0.0	0.0	0.0
OG0011770	0.0	0.0	0.0	0.0
OG0011773	0.0	0.0	0.0	0.0
OG0011774	0.0	0.0	0.0	0.0
OG0011775	0.0	0.0	0.0	0.0
OG0011776	0.0	0.0	0.0	0.0
OG0011777	0.0	0.0	0.0	0.0
OG0011779	0.0	0.0	0.0	0.0
OG0011782	0.0	0.0	0.0	0.0
OG0011783	0.0	0.0	0.0	0.0
OG0011784	0.0	0.0	0.0	0.0
OG0011786	0.0	0.0	0.0	0.0
OG0011787	0.0	0.0	0.0	0.0
OG0011788	0.0	0.0	0.0	0.0
OG0011789	0.0	0.0	0.0	0.0
OG0011790	0.0	0.0	0.0	0.0
OG0011791	0.0	0.0	0.0	0.0
OG0011792	0.0	0.0	0.0	0.0
OG0011793	0.0	0.0	0.0	0.0
OG0011794	0.0	0.0	0.0	0.0
OG0011795	0.0	0.0	0.0	0.0
OG0011796	0.0	0.0	0.0	0.0
OG0011797	0.0	0.0	0.0	0.0
OG0011798	0.0	0.0	0.0	0.0
OG0011799	0.0	0.0	0.0	0.0
OG0011801	0.0	0.0	0.0	0.0
OG0011802	0.0	0.0	0.0	0.0
OG0011803	0.0	0.0	0.0	0.0
OG0011804	0.0	0.0	0.0	0.0
OG0011805	0.0	0.0	0.0	0.0
OG0011806	0.0	0.0	0.0	0.0
OG0011807	0.0	0.0	0.0	0.0
OG0011808	0.0	0.0	0.0	0.0
OG0011809	0.0	0.0	0.0	0.0
OG0011810	0.0	0.0	0.0	0.0
OG0011811	0.0	0.0	0.0	0.0
OG0011812	0.0	0.0	0.0	0.0
OG0011813	0.0	0.0	0.0	0.0
OG0011814	0.0	0.0	0.0	0.0
OG0011815	0.0	0.0	0.0	0.0
OG0011816	0.0	0.0	0.0	0.0
OG0011817	0.0	0.0	0.0	0.0
OG0011818	0.0	0.0	0.0	0.0
OG0011819	0.0	0.0	0.0	0.0
OG0011820	0.0	0.0	0.0	0.0
OG0011822	0.0	0.0	0.0	0.0
OG0011823	0.0	0.0	0.0	0.0
OG0011824	0.0	0.0	0.0	0.0
OG0011825	0.0	0.0	0.0	0.0
OG0011826	0.0	0.0	0.0	0.0
OG0011827	0.0	0.0	0.0	0.0
OG0011828	0.0	0.0	0.0	0.0
OG0011829	0.0	0.0	0.0	0.0
OG0011830	0.0	0.0	0.0	0.0
OG0011831	0.0	0.0	0.0	0.0
OG0011832	0.0	0.0	0.0	0.0
OG0011833	0.0	0.0	0.0	0.0
OG0011834	0.0	0.0	0.0	0.0
OG0011835	0.0	0.0	0.0	0.0
OG0011836	0.0	0.0	0.0	0.0
OG0011837	0.0	0.0	0.0	0.0
OG0011838	0.0	0.0	0.0	0.0
OG0011839	0.0	0.0	0.0	0.0
OG0011840	0.0	0.0	0.0	0.0
OG0011841	0.0	0.0	0.0	0.0
OG0011843	0.0	0.0	0.0	0.0
OG0011844	0.0	0.0	0.0	0.0
OG0011845	0.0	0.0	0.0	0.0
OG0011846	0.0	0.0	0.0	0.0
OG0011847	0.0	0.0	0.0	0.0
OG0011848	0.0	0.0	0.0	0.0
OG0011849	0.0	0.0	0.0	0.0
OG0011850	0.0	0.0	0.0	0.0
OG0011851	0.0	0.0	0.0	0.0
OG0011853	0.0	0.0	0.0	0.0
OG0011855	0.0	0.0	0.0	0.0
OG0011857	0.0	0.0	0.0	0.0
OG0011858	0.0	0.0	0.0	0.0
OG0011859	0.0	0.0	0.0	0.0
OG0011860	0.0	0.0	0.0	0.0
OG0011861	0.0	0.0	0.0	0.0
OG0011862	0.0	0.0	0.0	0.0
OG0011863	0.0	0.0	0.0	0.0
OG0011864	0.0	0.0	0.0	0.0
OG0011865	0.0	0.0	0.0	0.0
OG0011866	0.0	0.0	0.0	0.0
OG0011867	0.0	0.0	0.0	0.0
OG0011868	0.0	0.0	0.0	0.0
OG0011869	0.0	0.0	0.0	0.0
OG0011870	0.0	0.0	0.0	0.0
OG0011873	0.0	0.0	0.0	0.0
OG0011874	0.0	0.0	0.0	0.0
OG0011875	0.0	0.0	0.0	0.0
OG0011879	0.0	0.0	0.0	0.0
OG0011880	0.0	0.0	0.0	0.0
OG0011882	0.0	0.0	0.0	0.0
OG0011883	0.0	0.0	0.0	0.0
OG0011885	0.0	0.0	0.0	0.0
OG0011887	0.0	0.0	0.0	0.0
OG0011888	0.0	0.0	0.0	0.0
OG0011889	0.0	0.0	0.0	0.0
OG0011890	0.0	0.0	0.0	0.0
OG0011891	0.0	0.0	0.0	0.0
OG0011892	0.0	0.0	0.0	0.0
OG0011893	0.0	0.0	0.0	0.0
OG0011894	0.0	0.0	0.0	0.0
OG0011895	0.0	0.0	0.0	0.0
OG0011897	0.0	0.0	0.0	0.0
OG0011898	0.0	0.0	0.0	0.0
OG0011899	0.0	0.0	0.0	0.0
OG0011900	0.0	0.0	0.0	0.0
OG0011902	0.0	0.0	0.0	0.0
OG0011904	0.0	0.0	0.0	0.0
OG0011905	0.0	0.0	0.0	0.0
OG0011906	0.0	0.0	0.0	0.0
OG0011907	0.0	0.0	0.0	0.0
OG0011908	0.0	0.0	0.0	0.0
OG0011909	0.0	0.0	0.0	0.0
OG0011910	0.0	0.0	0.0	0.0
OG0011911	0.0	0.0	0.0	0.0
OG0011912	0.0	0.0	0.0	0.0
OG0011918	0.0	0.0	0.0	0.0
OG0011919	0.0	0.0	0.0	0.0
OG0011921	0.0	0.0	0.0	0.0
OG0011924	0.0	0.0	0.0	0.0
OG0011927	0.0	0.0	0.0	0.0
OG0011928	0.0	0.0	0.0	0.0
OG0011929	0.0	0.0	0.0	0.0
OG0011931	0.0	0.0	0.0	0.0
OG0011932	0.0	0.0	0.0	0.0
OG0011933	0.0	0.0	0.0	0.0
OG0011934	0.0	0.0	0.0	0.0
OG0011937	0.0	0.0	0.0	0.0
OG0011938	0.0	0.0	0.0	0.0
OG0011939	0.0	0.0	0.0	0.0
OG0011940	0.0	0.0	0.0	0.0
OG0011942	0.0	0.0	0.0	0.0
OG0011944	0.0	0.0	0.0	0.0
OG0011947	0.0	0.0	0.0	0.0
OG0011948	0.0	0.0	0.0	0.0
OG0011949	0.0	0.0	0.0	0.0
OG0011950	0.0	0.0	0.0	0.0
OG0011952	0.0	0.0	0.0	0.0
OG0011953	0.0	0.0	0.0	0.0
OG0011954	0.0	0.0	0.0	0.0
OG0011955	0.0	0.0	0.0	0.0
OG0011956	0.0	0.0	0.0	0.0
OG0011957	0.0	0.0	0.0	0.0
OG0011958	0.0	0.0	0.0	0.0
OG0011959	0.0	0.0	0.0	0.0
OG0011960	0.0	0.0	0.0	0.0
OG0011961	0.0	0.0	0.0	0.0
OG0011962	0.0	0.0	0.0	0.0
OG0011963	0.0	0.0	0.0	0.0
OG0011964	0.0	0.0	0.0	0.0
OG0011965	0.0	0.0	0.0	0.0
OG0011967	0.0	0.0	0.0	0.0
OG0011968	0.0	0.0	0.0	0.0
OG0011969	0.0	0.0	0.0	0.0
OG0011970	0.0	0.0	0.0	0.0
OG0011971	0.0	0.0	0.0	0.0
OG0011972	0.0	0.0	0.0	0.0
OG0011973	0.0	0.0	0.0	0.0
OG0011974	0.0	0.0	0.0	0.0
OG0011975	0.0	0.0	0.0	0.0
OG0011976	0.0	0.0	0.0	0.0
OG0011977	0.0	0.0	0.0	0.0
OG0011981	0.0	0.0	0.0	0.0
OG0011983	0.0	0.0	0.0	0.0
OG0011984	0.0	0.0	0.0	0.0
OG0011985	0.0	0.0	0.0	0.0
OG0011987	0.0	0.0	0.0	0.0
OG0011990	0.0	0.0	0.0	0.0
OG0011991	0.0	0.0	0.0	0.0
OG0011992	0.0	0.0	0.0	0.0
OG0011993	0.0	0.0	0.0	0.0
OG0011994	0.0	0.0	0.0	0.0
OG0011995	0.0	0.0	0.0	0.0
OG0011997	0.0	0.0	0.0	0.0
OG0011999	0.0	0.0	0.0	0.0
OG0012000	0.0	0.0	0.0	0.0
OG0012001	0.0	0.0	0.0	0.0
OG0012002	0.0	0.0	0.0	0.0
OG0012003	0.0	0.0	0.0	0.0
OG0012004	0.0	0.0	0.0	0.0
OG0012005	0.0	0.0	0.0	0.0
OG0012006	0.0	0.0	0.0	0.0
OG0012007	0.0	0.0	0.0	0.0
OG0012008	0.0	0.0	0.0	0.0
OG0012009	0.0	0.0	0.0	0.0
OG0012010	0.0	0.0	0.0	0.0
OG0012012	0.0	0.0	0.0	0.0
OG0012013	0.0	0.0	0.0	0.0
OG0012014	0.0	0.0	0.0	0.0
OG0012015	0.0	0.0	0.0	0.0
OG0012022	0.0	0.0	0.0	0.0
OG0012029	0.0	0.0	0.0	0.0
OG0012030	0.0	0.0	0.0	0.0
OG0012031	0.0	0.0	0.0	0.0
OG0012032	0.0	0.0	0.0	0.0
OG0012033	0.0	0.0	0.0	0.0
OG0012037	0.0	0.0	0.0	0.0
OG0012038	0.0	0.0	0.0	0.0
OG0012040	0.0	0.0	0.0	0.0
OG0012041	0.0	0.0	0.0	0.0
OG0012062	0.0	0.0	0.0	0.0
OG0012074	0.0	0.0	0.0	0.0
OG0012084	0.0	0.0	0.0	0.0
OG0012087	0.0	0.0	0.0	0.0
OG0012088	0.0	0.0	0.0	0.0
OG0012089	0.0	0.0	0.0	0.0
OG0012090	0.0	0.0	0.0	0.0
OG0012092	0.0	0.0	0.0	0.0
OG0012094	0.0	0.0	0.0	0.0
OG0012095	0.0	0.0	0.0	0.0
OG0012097	0.0	0.0	0.0	0.0
OG0012098	0.0	0.0	0.0	0.0
OG0012099	0.0	0.0	0.0	0.0
OG0012102	0.0	0.0	0.0	0.0
OG0012117	0.0	0.0	0.0	0.0
OG0012118	0.0	0.0	0.0	0.0
OG0012127	0.0	0.0	0.0	0.0
OG0012131	0.0	0.0	0.0	0.0
OG0012132	0.0	0.0	0.0	0.0
OG0012152	0.0	0.0	0.0	0.0
OG0012223	0.0	0.0	0.0	0.0
OG0012270	0.0	0.0	0.0	0.0
OG0012271	0.0	0.0	0.0	0.0
OG0012273	0.0	0.0	0.0	0.0
OG0012274	0.0	0.0	0.0	0.0
OG0012275	0.0	0.0	0.0	0.0
OG0012276	0.0	0.0	0.0	0.0
OG0012277	0.0	0.0	0.0	0.0
OG0012278	0.0	0.0	0.0	0.0
OG0012279	0.0	0.0	0.0	0.0
OG0012280	0.0	0.0	0.0	0.0
OG0012281	0.0	0.0	0.0	0.0
OG0012282	0.0	0.0	0.0	0.0
OG0012283	0.0	0.0	0.0	0.0
OG0012284	0.0	0.0	0.0	0.0
OG0012286	0.0	0.0	0.0	0.0
OG0012287	0.0	0.0	0.0	0.0
OG0012288	0.0	0.0	0.0	0.0
OG0012289	0.0	0.0	0.0	0.0
OG0012290	0.0	0.0	0.0	0.0
OG0012291	0.0	0.0	0.0	0.0
OG0012292	0.0	0.0	0.0	0.0
OG0012293	0.0	0.0	0.0	0.0
OG0012294	0.0	0.0	0.0	0.0
OG0012295	0.0	0.0	0.0	0.0
OG0012296	0.0	0.0	0.0	0.0
OG0012297	0.0	0.0	0.0	0.0
OG0012299	0.0	0.0	0.0	0.0
OG0012300	0.0	0.0	0.0	0.0
OG0012301	0.0	0.0	0.0	0.0
OG0012302	0.0	0.0	0.0	0.0
OG0012304	0.0	0.0	0.0	0.0
OG0012305	0.0	0.0	0.0	0.0
OG0012307	0.0	0.0	0.0	0.0
OG0012308	0.0	0.0	0.0	0.0
OG0012317	0.0	0.0	0.0	0.0
OG0012318	0.0	0.0	0.0	0.0
OG0012320	0.0	0.0	0.0	0.0
OG0012321	0.0	0.0	0.0	0.0
OG0012323	0.0	0.0	0.0	0.0
OG0012324	0.0	0.0	0.0	0.0
OG0012325	0.0	0.0	0.0	0.0
OG0012326	0.0	0.0	0.0	0.0
OG0012328	0.0	0.0	0.0	0.0
OG0012329	0.0	0.0	0.0	0.0
OG0012330	0.0	0.0	0.0	0.0
OG0012331	0.0	0.0	0.0	0.0
OG0012332	0.0	0.0	0.0	0.0
OG0012333	0.0	0.0	0.0	0.0
OG0012334	0.0	0.0	0.0	0.0
OG0012335	0.0	0.0	0.0	0.0
OG0012336	0.0	0.0	0.0	0.0
OG0012337	0.0	0.0	0.0	0.0
OG0012338	0.0	0.0	0.0	0.0
OG0012339	0.0	0.0	0.0	0.0
OG0012340	0.0	0.0	0.0	0.0
OG0012341	0.0	0.0	0.0	0.0
OG0012342	0.0	0.0	0.0	0.0
OG0012343	0.0	0.0	0.0	0.0
OG0012345	0.0	0.0	0.0	0.0
OG0012346	0.0	0.0	0.0	0.0
OG0012347	0.0	0.0	0.0	0.0
OG0012348	0.0	0.0	0.0	0.0
OG0012349	0.0	0.0	0.0	0.0
OG0012350	0.0	0.0	0.0	0.0
OG0012351	0.0	0.0	0.0	0.0
OG0012352	0.0	0.0	0.0	0.0
OG0012353	0.0	0.0	0.0	0.0
OG0012354	0.0	0.0	0.0	0.0
OG0012355	0.0	0.0	0.0	0.0
OG0012356	0.0	0.0	0.0	0.0
OG0012357	0.0	0.0	0.0	0.0
OG0012358	0.0	0.0	0.0	0.0
OG0012359	0.0	0.0	0.0	0.0
OG0012360	0.0	0.0	0.0	0.0
OG0012361	0.0	0.0	0.0	0.0
OG0012362	0.0	0.0	0.0	0.0
OG0012363	0.0	0.0	0.0	0.0
OG0012364	0.0	0.0	0.0	0.0
OG0012365	0.0	0.0	0.0	0.0
OG0012366	0.0	0.0	0.0	0.0
OG0012367	0.0	0.0	0.0	0.0
OG0012368	0.0	0.0	0.0	0.0
OG0012369	0.0	0.0	0.0	0.0
OG0012370	0.0	0.0	0.0	0.0
OG0012371	0.0	0.0	0.0	0.0
OG0012372	0.0	0.0	0.0	0.0
OG0012373	0.0	0.0	0.0	0.0
OG0012374	0.0	0.0	0.0	0.0
OG0012375	0.0	0.0	0.0	0.0
OG0012376	0.0	0.0	0.0	0.0
OG0012377	0.0	0.0	0.0	0.0
OG0012378	0.0	0.0	0.0	0.0
OG0012379	0.0	0.0	0.0	0.0
OG0012380	0.0	0.0	0.0	0.0
OG0012381	0.0	0.0	0.0	0.0
OG0012382	0.0	0.0	0.0	0.0
OG0012383	0.0	0.0	0.0	0.0
OG0012384	0.0	0.0	0.0	0.0
OG0012386	0.0	0.0	0.0	0.0
OG0012387	0.0	0.0	0.0	0.0
OG0012388	0.0	0.0	0.0	0.0
OG0012389	0.0	0.0	0.0	0.0
OG0012390	0.0	0.0	0.0	0.0
OG0012391	0.0	0.0	0.0	0.0
OG0012392	0.0	0.0	0.0	0.0
OG0012393	0.0	0.0	0.0	0.0
OG0012394	0.0	0.0	0.0	0.0
OG0012395	0.0	0.0	0.0	0.0
OG0012396	0.0	0.0	0.0	0.0
OG0012397	0.0	0.0	0.0	0.0
OG0012398	0.0	0.0	0.0	0.0
OG0012399	0.0	0.0	0.0	0.0
OG0012400	0.0	0.0	0.0	0.0
OG0012401	0.0	0.0	0.0	0.0
OG0012402	0.0	0.0	0.0	0.0
OG0012403	0.0	0.0	0.0	0.0
OG0012404	0.0	0.0	0.0	0.0
OG0012405	0.0	0.0	0.0	0.0
OG0012406	0.0	0.0	0.0	0.0
OG0012408	0.0	0.0	0.0	0.0
OG0012410	0.0	0.0	0.0	0.0
OG0012411	0.0	0.0	0.0	0.0
OG0012412	0.0	0.0	0.0	0.0
OG0012413	0.0	0.0	0.0	0.0
OG0012414	0.0	0.0	0.0	0.0
OG0012416	0.0	0.0	0.0	0.0
OG0012417	0.0	0.0	0.0	0.0
OG0012418	0.0	0.0	0.0	0.0
OG0012419	0.0	0.0	0.0	0.0
OG0012420	0.0	0.0	0.0	0.0
OG0012421	0.0	0.0	0.0	0.0
OG0012423	0.0	0.0	0.0	0.0
OG0012424	0.0	0.0	0.0	0.0
OG0012425	0.0	0.0	0.0	0.0
OG0012426	0.0	0.0	0.0	0.0
OG0012428	0.0	0.0	0.0	0.0
OG0012429	0.0	0.0	0.0	0.0
OG0012430	0.0	0.0	0.0	0.0
OG0012431	0.0	0.0	0.0	0.0
OG0012432	0.0	0.0	0.0	0.0
OG0012433	0.0	0.0	0.0	0.0
OG0012434	0.0	0.0	0.0	0.0
OG0012436	0.0	0.0	0.0	0.0
OG0012437	0.0	0.0	0.0	0.0
OG0012438	0.0	0.0	0.0	0.0
OG0012439	0.0	0.0	0.0	0.0
OG0012440	0.0	0.0	0.0	0.0
OG0012441	0.0	0.0	0.0	0.0
OG0012442	0.0	0.0	0.0	0.0
OG0012443	0.0	0.0	0.0	0.0
OG0012444	0.0	0.0	0.0	0.0
OG0012445	0.0	0.0	0.0	0.0
OG0012446	0.0	0.0	0.0	0.0
OG0012447	0.0	0.0	0.0	0.0
OG0012448	0.0	0.0	0.0	0.0
OG0012449	0.0	0.0	0.0	0.0
OG0012450	0.0	0.0	0.0	0.0
OG0012451	0.0	0.0	0.0	0.0
OG0012452	0.0	0.0	0.0	0.0
OG0012453	0.0	0.0	0.0	0.0
OG0012454	0.0	0.0	0.0	0.0
OG0012455	0.0	0.0	0.0	0.0
OG0012456	0.0	0.0	0.0	0.0
OG0012457	0.0	0.0	0.0	0.0
OG0012458	0.0	0.0	0.0	0.0
OG0012459	0.0	0.0	0.0	0.0
OG0012460	0.0	0.0	0.0	0.0
OG0012461	0.0	0.0	0.0	0.0
OG0012462	0.0	0.0	0.0	0.0
OG0012463	0.0	0.0	0.0	0.0
OG0012464	0.0	0.0	0.0	0.0
OG0012465	0.0	0.0	0.0	0.0
OG0012466	0.0	0.0	0.0	0.0
OG0012467	0.0	0.0	0.0	0.0
OG0012468	0.0	0.0	0.0	0.0
OG0012469	0.0	0.0	0.0	0.0
OG0012470	0.0	0.0	0.0	0.0
OG0012471	0.0	0.0	0.0	0.0
OG0012472	0.0	0.0	0.0	0.0
OG0012473	0.0	0.0	0.0	0.0
OG0012474	0.0	0.0	0.0	0.0
OG0012475	0.0	0.0	0.0	0.0
OG0012476	0.0	0.0	0.0	0.0
OG0012477	0.0	0.0	0.0	0.0
OG0012478	0.0	0.0	0.0	0.0
OG0012479	0.0	0.0	0.0	0.0
OG0012480	0.0	0.0	0.0	0.0
OG0012482	0.0	0.0	0.0	0.0
OG0012483	0.0	0.0	0.0	0.0
OG0012484	0.0	0.0	0.0	0.0
OG0012486	0.0	0.0	0.0	0.0
OG0012488	0.0	0.0	0.0	0.0
OG0012489	0.0	0.0	0.0	0.0
OG0012490	0.0	0.0	0.0	0.0
OG0012491	0.0	0.0	0.0	0.0
OG0012492	0.0	0.0	0.0	0.0
OG0012493	0.0	0.0	0.0	0.0
OG0012494	0.0	0.0	0.0	0.0
OG0012496	0.0	0.0	0.0	0.0
OG0012497	0.0	0.0	0.0	0.0
OG0012498	0.0	0.0	0.0	0.0
OG0012499	0.0	0.0	0.0	0.0
OG0012500	0.0	0.0	0.0	0.0
OG0012501	0.0	0.0	0.0	0.0
OG0012502	0.0	0.0	0.0	0.0
OG0012503	0.0	0.0	0.0	0.0
OG0012504	0.0	0.0	0.0	0.0
OG0012505	0.0	0.0	0.0	0.0
OG0012506	0.0	0.0	0.0	0.0
OG0012507	0.0	0.0	0.0	0.0
OG0012508	0.0	0.0	0.0	0.0
OG0012509	0.0	0.0	0.0	0.0
OG0012510	0.0	0.0	0.0	0.0
OG0012511	0.0	0.0	0.0	0.0
OG0012512	0.0	0.0	0.0	0.0
OG0012513	0.0	0.0	0.0	0.0
OG0012514	0.0	0.0	0.0	0.0
OG0012515	0.0	0.0	0.0	0.0
OG0012516	0.0	0.0	0.0	0.0
OG0012517	0.0	0.0	0.0	0.0
OG0012518	0.0	0.0	0.0	0.0
OG0012519	0.0	0.0	0.0	0.0
OG0012520	0.0	0.0	0.0	0.0
OG0012521	0.0	0.0	0.0	0.0
OG0012522	0.0	0.0	0.0	0.0
OG0012523	0.0	0.0	0.0	0.0
OG0012524	0.0	0.0	0.0	0.0
OG0012528	0.0	0.0	0.0	0.0
OG0012529	0.0	0.0	0.0	0.0
OG0012530	0.0	0.0	0.0	0.0
OG0012531	0.0	0.0	0.0	0.0
OG0012532	0.0	0.0	0.0	0.0
OG0012533	0.0	0.0	0.0	0.0
OG0012534	0.0	0.0	0.0	0.0
OG0012535	0.0	0.0	0.0	0.0
OG0012536	0.0	0.0	0.0	0.0
OG0012537	0.0	0.0	0.0	0.0
OG0012538	0.0	0.0	0.0	0.0
OG0012539	0.0	0.0	0.0	0.0
OG0012540	0.0	0.0	0.0	0.0
OG0012541	0.0	0.0	0.0	0.0
OG0012542	0.0	0.0	0.0	0.0
OG0012543	0.0	0.0	0.0	0.0
OG0012544	0.0	0.0	0.0	0.0
OG0012545	0.0	0.0	0.0	0.0
OG0012546	0.0	0.0	0.0	0.0
OG0012547	0.0	0.0	0.0	0.0
OG0012548	0.0	0.0	0.0	0.0
OG0012549	0.0	0.0	0.0	0.0
OG0012550	0.0	0.0	0.0	0.0
OG0012551	0.0	0.0	0.0	0.0
OG0012552	0.0	0.0	0.0	0.0
OG0012553	0.0	0.0	0.0	0.0
OG0012554	0.0	0.0	0.0	0.0
OG0012555	0.0	0.0	0.0	0.0
OG0012556	0.0	0.0	0.0	0.0
OG0012557	0.0	0.0	0.0	0.0
OG0012558	0.0	0.0	0.0	0.0
OG0012559	0.0	0.0	0.0	0.0
OG0012560	0.0	0.0	0.0	0.0
OG0012561	0.0	0.0	0.0	0.0
OG0012562	0.0	0.0	0.0	0.0
OG0012563	0.0	0.0	0.0	0.0
OG0012564	0.0	0.0	0.0	0.0
OG0012565	0.0	0.0	0.0	0.0
OG0012567	0.0	0.0	0.0	0.0
OG0012568	0.0	0.0	0.0	0.0
OG0012569	0.0	0.0	0.0	0.0
OG0012570	0.0	0.0	0.0	0.0
OG0012571	0.0	0.0	0.0	0.0
OG0012572	0.0	0.0	0.0	0.0
OG0012573	0.0	0.0	0.0	0.0
OG0012574	0.0	0.0	0.0	0.0
OG0012575	0.0	0.0	0.0	0.0
OG0012576	0.0	0.0	0.0	0.0
OG0012577	0.0	0.0	0.0	0.0
OG0012578	0.0	0.0	0.0	0.0
OG0012579	0.0	0.0	0.0	0.0
OG0012581	0.0	0.0	0.0	0.0
OG0012582	0.0	0.0	0.0	0.0
OG0012583	0.0	0.0	0.0	0.0
OG0012584	0.0	0.0	0.0	0.0
OG0012585	0.0	0.0	0.0	0.0
OG0012586	0.0	0.0	0.0	0.0
OG0012587	0.0	0.0	0.0	0.0
OG0012588	0.0	0.0	0.0	0.0
OG0012589	0.0	0.0	0.0	0.0
OG0012598	0.0	0.0	0.0	0.0
OG0012612	0.0	0.0	0.0	0.0
OG0012613	0.0	0.0	0.0	0.0
OG0012619	0.0	0.0	0.0	0.0
OG0012624	0.0	0.0	0.0	0.0
OG0012627	0.0	0.0	0.0	0.0
OG0012637	0.0	0.0	0.0	0.0
OG0012638	0.0	0.0	0.0	0.0
OG0012639	0.0	0.0	0.0	0.0
OG0012642	0.0	0.0	0.0	0.0
OG0012643	0.0	0.0	0.0	0.0
OG0012644	0.0	0.0	0.0	0.0
OG0012648	0.0	0.0	0.0	0.0
OG0012649	0.0	0.0	0.0	0.0
OG0012650	0.0	0.0	0.0	0.0
OG0012652	0.0	0.0	0.0	0.0
OG0012653	0.0	0.0	0.0	0.0
OG0012655	0.0	0.0	0.0	0.0
OG0012656	0.0	0.0	0.0	0.0
OG0012657	0.0	0.0	0.0	0.0
OG0012658	0.0	0.0	0.0	0.0
OG0012659	0.0	0.0	0.0	0.0
OG0012660	0.0	0.0	0.0	0.0
OG0012661	0.0	0.0	0.0	0.0
OG0012662	0.0	0.0	0.0	0.0
OG0012663	0.0	0.0	0.0	0.0
OG0012664	0.0	0.0	0.0	0.0
OG0012666	0.0	0.0	0.0	0.0
OG0012668	0.0	0.0	0.0	0.0
OG0012669	0.0	0.0	0.0	0.0
OG0012670	0.0	0.0	0.0	0.0
OG0012671	0.0	0.0	0.0	0.0
OG0012672	0.0	0.0	0.0	0.0
OG0012673	0.0	0.0	0.0	0.0
OG0012674	0.0	0.0	0.0	0.0
OG0012675	0.0	0.0	0.0	0.0
OG0012676	0.0	0.0	0.0	0.0
OG0012677	0.0	0.0	0.0	0.0
OG0012679	0.0	0.0	0.0	0.0
OG0012680	0.0	0.0	0.0	0.0
OG0012681	0.0	0.0	0.0	0.0
OG0012683	0.0	0.0	0.0	0.0
OG0012684	0.0	0.0	0.0	0.0
OG0012685	0.0	0.0	0.0	0.0
OG0012686	0.0	0.0	0.0	0.0
OG0012687	0.0	0.0	0.0	0.0
OG0012688	0.0	0.0	0.0	0.0
OG0012689	0.0	0.0	0.0	0.0
OG0012690	0.0	0.0	0.0	0.0
OG0012691	0.0	0.0	0.0	0.0
OG0012692	0.0	0.0	0.0	0.0
OG0012693	0.0	0.0	0.0	0.0
OG0012694	0.0	0.0	0.0	0.0
OG0012695	0.0	0.0	0.0	0.0
OG0012696	0.0	0.0	0.0	0.0
OG0012697	0.0	0.0	0.0	0.0
OG0012698	0.0	0.0	0.0	0.0
OG0012699	0.0	0.0	0.0	0.0
OG0012700	0.0	0.0	0.0	0.0
OG0012701	0.0	0.0	0.0	0.0
OG0012702	0.0	0.0	0.0	0.0
OG0012703	0.0	0.0	0.0	0.0
OG0012704	0.0	0.0	0.0	0.0
OG0012705	0.0	0.0	0.0	0.0
OG0012706	0.0	0.0	0.0	0.0
OG0012707	0.0	0.0	0.0	0.0
OG0012708	0.0	0.0	0.0	0.0
OG0012711	0.0	0.0	0.0	0.0
OG0012712	0.0	0.0	0.0	0.0
OG0012713	0.0	0.0	0.0	0.0
OG0012714	0.0	0.0	0.0	0.0
OG0012716	0.0	0.0	0.0	0.0
OG0012717	0.0	0.0	0.0	0.0
OG0012718	0.0	0.0	0.0	0.0
OG0012719	0.0	0.0	0.0	0.0
OG0012720	0.0	0.0	0.0	0.0
OG0012722	0.0	0.0	0.0	0.0
OG0012724	0.0	0.0	0.0	0.0
OG0012725	0.0	0.0	0.0	0.0
OG0012726	0.0	0.0	0.0	0.0
OG0012727	0.0	0.0	0.0	0.0
OG0012729	0.0	0.0	0.0	0.0
OG0012731	0.0	0.0	0.0	0.0
OG0012734	0.0	0.0	0.0	0.0
OG0012735	0.0	0.0	0.0	0.0
OG0012736	0.0	0.0	0.0	0.0
OG0012737	0.0	0.0	0.0	0.0
OG0012740	0.0	0.0	0.0	0.0
OG0012741	0.0	0.0	0.0	0.0
OG0012742	0.0	0.0	0.0	0.0
OG0012744	0.0	0.0	0.0	0.0
OG0012745	0.0	0.0	0.0	0.0
OG0012746	0.0	0.0	0.0	0.0
OG0012747	0.0	0.0	0.0	0.0
OG0012748	0.0	0.0	0.0	0.0
OG0012749	0.0	0.0	0.0	0.0
OG0012750	0.0	0.0	0.0	0.0
OG0012751	0.0	0.0	0.0	0.0
OG0012752	0.0	0.0	0.0	0.0
OG0012753	0.0	0.0	0.0	0.0
OG0012754	0.0	0.0	0.0	0.0
OG0012756	0.0	0.0	0.0	0.0
OG0012757	0.0	0.0	0.0	0.0
OG0012758	0.0	0.0	0.0	0.0
OG0012760	0.0	0.0	0.0	0.0
OG0012761	0.0	0.0	0.0	0.0
OG0012763	0.0	0.0	0.0	0.0
OG0012764	0.0	0.0	0.0	0.0
OG0012765	0.0	0.0	0.0	0.0
OG0012766	0.0	0.0	0.0	0.0
OG0012767	0.0	0.0	0.0	0.0
OG0012769	0.0	0.0	0.0	0.0
OG0012771	0.0	0.0	0.0	0.0
OG0012772	0.0	0.0	0.0	0.0
OG0012773	0.0	0.0	0.0	0.0
OG0012775	0.0	0.0	0.0	0.0
OG0012776	0.0	0.0	0.0	0.0
OG0012778	0.0	0.0	0.0	0.0
OG0012779	0.0	0.0	0.0	0.0
OG0012780	0.0	0.0	0.0	0.0
OG0012781	0.0	0.0	0.0	0.0
OG0012782	0.0	0.0	0.0	0.0
OG0012784	0.0	0.0	0.0	0.0
OG0012787	0.0	0.0	0.0	0.0
OG0012788	0.0	0.0	0.0	0.0
OG0012790	0.0	0.0	0.0	0.0
OG0012791	0.0	0.0	0.0	0.0
OG0012792	0.0	0.0	0.0	0.0
OG0012793	0.0	0.0	0.0	0.0
OG0012796	0.0	0.0	0.0	0.0
OG0012800	0.0	0.0	0.0	0.0
OG0012804	0.0	0.0	0.0	0.0
OG0012805	0.0	0.0	0.0	0.0
OG0012807	0.0	0.0	0.0	0.0
OG0012808	0.0	0.0	0.0	0.0
OG0012809	0.0	0.0	0.0	0.0
OG0012810	0.0	0.0	0.0	0.0
OG0012814	0.0	0.0	0.0	0.0
OG0012815	0.0	0.0	0.0	0.0
OG0012816	0.0	0.0	0.0	0.0
OG0012817	0.0	0.0	0.0	0.0
OG0012818	0.0	0.0	0.0	0.0
OG0012819	0.0	0.0	0.0	0.0
OG0012820	0.0	0.0	0.0	0.0
OG0012821	0.0	0.0	0.0	0.0
OG0012822	0.0	0.0	0.0	0.0
OG0012823	0.0	0.0	0.0	0.0
OG0012824	0.0	0.0	0.0	0.0
OG0012825	0.0	0.0	0.0	0.0
OG0012827	0.0	0.0	0.0	0.0
OG0012828	0.0	0.0	0.0	0.0
OG0012829	0.0	0.0	0.0	0.0
OG0012830	0.0	0.0	0.0	0.0
OG0012831	0.0	0.0	0.0	0.0
OG0012832	0.0	0.0	0.0	0.0
OG0012833	0.0	0.0	0.0	0.0
OG0012834	0.0	0.0	0.0	0.0
OG0012835	0.0	0.0	0.0	0.0
OG0012836	0.0	0.0	0.0	0.0
OG0012837	0.0	0.0	0.0	0.0
OG0012838	0.0	0.0	0.0	0.0
OG0012839	0.0	0.0	0.0	0.0
OG0012840	0.0	0.0	0.0	0.0
OG0012841	0.0	0.0	0.0	0.0
OG0012842	0.0	0.0	0.0	0.0
OG0012843	0.0	0.0	0.0	0.0
OG0012845	0.0	0.0	0.0	0.0
OG0012846	0.0	0.0	0.0	0.0
OG0012847	0.0	0.0	0.0	0.0
OG0012848	0.0	0.0	0.0	0.0
OG0012849	0.0	0.0	0.0	0.0
OG0012850	0.0	0.0	0.0	0.0
OG0012851	0.0	0.0	0.0	0.0
OG0012853	0.0	0.0	0.0	0.0
OG0012854	0.0	0.0	0.0	0.0
OG0012855	0.0	0.0	0.0	0.0
OG0012856	0.0	0.0	0.0	0.0
OG0012857	0.0	0.0	0.0	0.0
OG0012858	0.0	0.0	0.0	0.0
OG0012859	0.0	0.0	0.0	0.0
OG0012861	0.0	0.0	0.0	0.0
OG0012862	0.0	0.0	0.0	0.0
OG0012863	0.0	0.0	0.0	0.0
OG0012864	0.0	0.0	0.0	0.0
OG0012865	0.0	0.0	0.0	0.0
OG0012866	0.0	0.0	0.0	0.0
OG0012867	0.0	0.0	0.0	0.0
OG0012868	0.0	0.0	0.0	0.0
OG0012869	0.0	0.0	0.0	0.0
OG0012870	0.0	0.0	0.0	0.0
OG0012871	0.0	0.0	0.0	0.0
OG0012872	0.0	0.0	0.0	0.0
OG0012873	0.0	0.0	0.0	0.0
OG0012878	0.0	0.0	0.0	0.0
OG0012879	0.0	0.0	0.0	0.0
OG0012880	0.0	0.0	0.0	0.0
OG0012881	0.0	0.0	0.0	0.0
OG0012882	0.0	0.0	0.0	0.0
OG0012883	0.0	0.0	0.0	0.0
OG0012885	0.0	0.0	0.0	0.0
OG0012886	0.0	0.0	0.0	0.0
OG0012887	0.0	0.0	0.0	0.0
OG0012888	0.0	0.0	0.0	0.0
OG0012889	0.0	0.0	0.0	0.0
OG0012890	0.0	0.0	0.0	0.0
OG0012891	0.0	0.0	0.0	0.0
OG0012893	0.0	0.0	0.0	0.0
OG0012894	0.0	0.0	0.0	0.0
OG0012895	0.0	0.0	0.0	0.0
OG0012897	0.0	0.0	0.0	0.0
OG0012898	0.0	0.0	0.0	0.0
OG0012899	0.0	0.0	0.0	0.0
OG0012900	0.0	0.0	0.0	0.0
OG0012901	0.0	0.0	0.0	0.0
OG0012902	0.0	0.0	0.0	0.0
OG0012903	0.0	0.0	0.0	0.0
OG0012904	0.0	0.0	0.0	0.0
OG0012905	0.0	0.0	0.0	0.0
OG0012906	0.0	0.0	0.0	0.0
OG0012907	0.0	0.0	0.0	0.0
OG0012908	0.0	0.0	0.0	0.0
OG0012909	0.0	0.0	0.0	0.0
OG0012910	0.0	0.0	0.0	0.0
OG0012911	0.0	0.0	0.0	0.0
OG0012912	0.0	0.0	0.0	0.0
OG0012913	0.0	0.0	0.0	0.0
OG0012914	0.0	0.0	0.0	0.0
OG0012915	0.0	0.0	0.0	0.0
OG0012916	0.0	0.0	0.0	0.0
OG0012917	0.0	0.0	0.0	0.0
OG0012918	0.0	0.0	0.0	0.0
OG0012920	0.0	0.0	0.0	0.0
OG0012921	0.0	0.0	0.0	0.0
OG0012922	0.0	0.0	0.0	0.0
OG0012924	0.0	0.0	0.0	0.0
OG0012932	0.0	0.0	0.0	0.0
OG0012937	0.0	0.0	0.0	0.0
OG0012938	0.0	0.0	0.0	0.0
OG0012941	0.0	0.0	0.0	0.0
OG0012942	0.0	0.0	0.0	0.0
OG0012944	0.0	0.0	0.0	0.0
OG0012946	0.0	0.0	0.0	0.0
OG0012949	0.0	0.0	0.0	0.0
OG0012950	0.0	0.0	0.0	0.0
OG0012952	0.0	0.0	0.0	0.0
OG0012953	0.0	0.0	0.0	0.0
OG0012954	0.0	0.0	0.0	0.0
OG0012960	0.0	0.0	0.0	0.0
OG0012995	0.0	0.0	0.0	0.0
OG0012997	0.0	0.0	0.0	0.0
OG0012999	0.0	0.0	0.0	0.0
OG0013000	0.0	0.0	0.0	0.0
OG0013007	0.0	0.0	0.0	0.0
OG0013009	0.0	0.0	0.0	0.0
OG0013012	0.0	0.0	0.0	0.0
OG0013014	0.0	0.0	0.0	0.0
OG0013017	0.0	0.0	0.0	0.0
OG0013018	0.0	0.0	0.0	0.0
OG0013020	0.0	0.0	0.0	0.0
OG0013021	0.0	0.0	0.0	0.0
OG0013035	0.0	0.0	0.0	0.0
OG0013038	0.0	0.0	0.0	0.0
OG0013041	0.0	0.0	0.0	0.0
OG0013054	0.0	0.0	0.0	0.0
OG0013057	0.0	0.0	0.0	0.0
OG0013059	0.0	0.0	0.0	0.0
OG0013060	0.0	0.0	0.0	0.0
OG0013164	0.0	0.0	0.0	0.0
OG0013217	0.0	0.0	0.0	0.0
OG0013220	0.0	0.0	0.0	0.0
OG0013221	0.0	0.0	0.0	0.0
OG0013222	0.0	0.0	0.0	0.0
OG0013223	0.0	0.0	0.0	0.0
OG0013224	0.0	0.0	0.0	0.0
OG0013225	0.0	0.0	0.0	0.0
OG0013226	0.0	0.0	0.0	0.0
OG0013227	0.0	0.0	0.0	0.0
OG0013228	0.0	0.0	0.0	0.0
OG0013229	0.0	0.0	0.0	0.0
OG0013230	0.0	0.0	0.0	0.0
OG0013231	0.0	0.0	0.0	0.0
OG0013232	0.0	0.0	0.0	0.0
OG0013233	0.0	0.0	0.0	0.0
OG0013234	0.0	0.0	0.0	0.0
OG0013235	0.0	0.0	0.0	0.0
OG0013236	0.0	0.0	0.0	0.0
OG0013237	0.0	0.0	0.0	0.0
OG0013238	0.0	0.0	0.0	0.0
OG0013239	0.0	0.0	0.0	0.0
OG0013240	0.0	0.0	0.0	0.0
OG0013241	0.0	0.0	0.0	0.0
OG0013242	0.0	0.0	0.0	0.0
OG0013243	0.0	0.0	0.0	0.0
OG0013244	0.0	0.0	0.0	0.0
OG0013245	0.0	0.0	0.0	0.0
OG0013246	0.0	0.0	0.0	0.0
OG0013247	0.0	0.0	0.0	0.0
OG0013248	0.0	0.0	0.0	0.0
OG0013249	0.0	0.0	0.0	0.0
OG0013250	0.0	0.0	0.0	0.0
OG0013251	0.0	0.0	0.0	0.0
OG0013252	0.0	0.0	0.0	0.0
OG0013253	0.0	0.0	0.0	0.0
OG0013254	0.0	0.0	0.0	0.0
OG0013255	0.0	0.0	0.0	0.0
OG0013258	0.0	0.0	0.0	0.0
OG0013259	0.0	0.0	0.0	0.0
OG0013270	0.0	0.0	0.0	0.0
OG0013271	0.0	0.0	0.0	0.0
OG0013272	0.0	0.0	0.0	0.0
OG0013273	0.0	0.0	0.0	0.0
OG0013274	0.0	0.0	0.0	0.0
OG0013275	0.0	0.0	0.0	0.0
OG0013276	0.0	0.0	0.0	0.0
OG0013277	0.0	0.0	0.0	0.0
OG0013278	0.0	0.0	0.0	0.0
OG0013280	0.0	0.0	0.0	0.0
OG0013281	0.0	0.0	0.0	0.0
OG0013283	0.0	0.0	0.0	0.0
OG0013284	0.0	0.0	0.0	0.0
OG0013285	0.0	0.0	0.0	0.0
OG0013286	0.0	0.0	0.0	0.0
OG0013287	0.0	0.0	0.0	0.0
OG0013288	0.0	0.0	0.0	0.0
OG0013289	0.0	0.0	0.0	0.0
OG0013290	0.0	0.0	0.0	0.0
OG0013292	0.0	0.0	0.0	0.0
OG0013293	0.0	0.0	0.0	0.0
OG0013294	0.0	0.0	0.0	0.0
OG0013296	0.0	0.0	0.0	0.0
OG0013297	0.0	0.0	0.0	0.0
OG0013298	0.0	0.0	0.0	0.0
OG0013299	0.0	0.0	0.0	0.0
OG0013300	0.0	0.0	0.0	0.0
OG0013301	0.0	0.0	0.0	0.0
OG0013302	0.0	0.0	0.0	0.0
OG0013303	0.0	0.0	0.0	0.0
OG0013304	0.0	0.0	0.0	0.0
OG0013305	0.0	0.0	0.0	0.0
OG0013306	0.0	0.0	0.0	0.0
OG0013307	0.0	0.0	0.0	0.0
OG0013308	0.0	0.0	0.0	0.0
OG0013309	0.0	0.0	0.0	0.0
OG0013310	0.0	0.0	0.0	0.0
OG0013312	0.0	0.0	0.0	0.0
OG0013313	0.0	0.0	0.0	0.0
OG0013314	0.0	0.0	0.0	0.0
OG0013315	0.0	0.0	0.0	0.0
OG0013316	0.0	0.0	0.0	0.0
OG0013317	0.0	0.0	0.0	0.0
OG0013318	0.0	0.0	0.0	0.0
OG0013319	0.0	0.0	0.0	0.0
OG0013320	0.0	0.0	0.0	0.0
OG0013321	0.0	0.0	0.0	0.0
OG0013322	0.0	0.0	0.0	0.0
OG0013323	0.0	0.0	0.0	0.0
OG0013324	0.0	0.0	0.0	0.0
OG0013325	0.0	0.0	0.0	0.0
OG0013326	0.0	0.0	0.0	0.0
OG0013327	0.0	0.0	0.0	0.0
OG0013328	0.0	0.0	0.0	0.0
OG0013329	0.0	0.0	0.0	0.0
OG0013330	0.0	0.0	0.0	0.0
OG0013331	0.0	0.0	0.0	0.0
OG0013332	0.0	0.0	0.0	0.0
OG0013333	0.0	0.0	0.0	0.0
OG0013334	0.0	0.0	0.0	0.0
OG0013335	0.0	0.0	0.0	0.0
OG0013336	0.0	0.0	0.0	0.0
OG0013337	0.0	0.0	0.0	0.0
OG0013339	0.0	0.0	0.0	0.0
OG0013340	0.0	0.0	0.0	0.0
OG0013341	0.0	0.0	0.0	0.0
OG0013342	0.0	0.0	0.0	0.0
OG0013343	0.0	0.0	0.0	0.0
OG0013345	0.0	0.0	0.0	0.0
OG0013346	0.0	0.0	0.0	0.0
OG0013347	0.0	0.0	0.0	0.0
OG0013348	0.0	0.0	0.0	0.0
OG0013349	0.0	0.0	0.0	0.0
OG0013350	0.0	0.0	0.0	0.0
OG0013352	0.0	0.0	0.0	0.0
OG0013354	0.0	0.0	0.0	0.0
OG0013355	0.0	0.0	0.0	0.0
OG0013357	0.0	0.0	0.0	0.0
OG0013358	0.0	0.0	0.0	0.0
OG0013359	0.0	0.0	0.0	0.0
OG0013360	0.0	0.0	0.0	0.0
OG0013361	0.0	0.0	0.0	0.0
OG0013362	0.0	0.0	0.0	0.0
OG0013363	0.0	0.0	0.0	0.0
OG0013365	0.0	0.0	0.0	0.0
OG0013366	0.0	0.0	0.0	0.0
OG0013368	0.0	0.0	0.0	0.0
OG0013371	0.0	0.0	0.0	0.0
OG0013372	0.0	0.0	0.0	0.0
OG0013373	0.0	0.0	0.0	0.0
OG0013374	0.0	0.0	0.0	0.0
OG0013375	0.0	0.0	0.0	0.0
OG0013376	0.0	0.0	0.0	0.0
OG0013377	0.0	0.0	0.0	0.0
OG0013379	0.0	0.0	0.0	0.0
OG0013382	0.0	0.0	0.0	0.0
OG0013383	0.0	0.0	0.0	0.0
OG0013386	0.0	0.0	0.0	0.0
OG0013387	0.0	0.0	0.0	0.0
OG0013388	0.0	0.0	0.0	0.0
OG0013389	0.0	0.0	0.0	0.0
OG0013390	0.0	0.0	0.0	0.0
OG0013391	0.0	0.0	0.0	0.0
OG0013392	0.0	0.0	0.0	0.0
OG0013393	0.0	0.0	0.0	0.0
OG0013394	0.0	0.0	0.0	0.0
OG0013395	0.0	0.0	0.0	0.0
OG0013396	0.0	0.0	0.0	0.0
OG0013397	0.0	0.0	0.0	0.0
OG0013398	0.0	0.0	0.0	0.0
OG0013399	0.0	0.0	0.0	0.0
OG0013400	0.0	0.0	0.0	0.0
OG0013401	0.0	0.0	0.0	0.0
OG0013402	0.0	0.0	0.0	0.0
OG0013403	0.0	0.0	0.0	0.0
OG0013404	0.0	0.0	0.0	0.0
OG0013405	0.0	0.0	0.0	0.0
OG0013406	0.0	0.0	0.0	0.0
OG0013407	0.0	0.0	0.0	0.0
OG0013408	0.0	0.0	0.0	0.0
OG0013410	0.0	0.0	0.0	0.0
OG0013411	0.0	0.0	0.0	0.0
OG0013412	0.0	0.0	0.0	0.0
OG0013413	0.0	0.0	0.0	0.0
OG0013414	0.0	0.0	0.0	0.0
OG0013415	0.0	0.0	0.0	0.0
OG0013416	0.0	0.0	0.0	0.0
OG0013417	0.0	0.0	0.0	0.0
OG0013418	0.0	0.0	0.0	0.0
OG0013419	0.0	0.0	0.0	0.0
OG0013420	0.0	0.0	0.0	0.0
OG0013421	0.0	0.0	0.0	0.0
OG0013422	0.0	0.0	0.0	0.0
OG0013423	0.0	0.0	0.0	0.0
OG0013424	0.0	0.0	0.0	0.0
OG0013425	0.0	0.0	0.0	0.0
OG0013426	0.0	0.0	0.0	0.0
OG0013427	0.0	0.0	0.0	0.0
OG0013428	0.0	0.0	0.0	0.0
OG0013429	0.0	0.0	0.0	0.0
OG0013430	0.0	0.0	0.0	0.0
OG0013431	0.0	0.0	0.0	0.0
OG0013432	0.0	0.0	0.0	0.0
OG0013433	0.0	0.0	0.0	0.0
OG0013434	0.0	0.0	0.0	0.0
OG0013435	0.0	0.0	0.0	0.0
OG0013436	0.0	0.0	0.0	0.0
OG0013437	0.0	0.0	0.0	0.0
OG0013438	0.0	0.0	0.0	0.0
OG0013440	0.0	0.0	0.0	0.0
OG0013441	0.0	0.0	0.0	0.0
OG0013443	0.0	0.0	0.0	0.0
OG0013444	0.0	0.0	0.0	0.0
OG0013445	0.0	0.0	0.0	0.0
OG0013446	0.0	0.0	0.0	0.0
OG0013447	0.0	0.0	0.0	0.0
OG0013448	0.0	0.0	0.0	0.0
OG0013449	0.0	0.0	0.0	0.0
OG0013450	0.0	0.0	0.0	0.0
OG0013451	0.0	0.0	0.0	0.0
OG0013452	0.0	0.0	0.0	0.0
OG0013453	0.0	0.0	0.0	0.0
OG0013454	0.0	0.0	0.0	0.0
OG0013455	0.0	0.0	0.0	0.0
OG0013456	0.0	0.0	0.0	0.0
OG0013457	0.0	0.0	0.0	0.0
OG0013458	0.0	0.0	0.0	0.0
OG0013459	0.0	0.0	0.0	0.0
OG0013460	0.0	0.0	0.0	0.0
OG0013461	0.0	0.0	0.0	0.0
OG0013462	0.0	0.0	0.0	0.0
OG0013463	0.0	0.0	0.0	0.0
OG0013464	0.0	0.0	0.0	0.0
OG0013465	0.0	0.0	0.0	0.0
OG0013466	0.0	0.0	0.0	0.0
OG0013467	0.0	0.0	0.0	0.0
OG0013470	0.0	0.0	0.0	0.0
OG0013471	0.0	0.0	0.0	0.0
OG0013472	0.0	0.0	0.0	0.0
OG0013473	0.0	0.0	0.0	0.0
OG0013474	0.0	0.0	0.0	0.0
OG0013475	0.0	0.0	0.0	0.0
OG0013476	0.0	0.0	0.0	0.0
OG0013477	0.0	0.0	0.0	0.0
OG0013478	0.0	0.0	0.0	0.0
OG0013479	0.0	0.0	0.0	0.0
OG0013481	0.0	0.0	0.0	0.0
OG0013482	0.0	0.0	0.0	0.0
OG0013483	0.0	0.0	0.0	0.0
OG0013484	0.0	0.0	0.0	0.0
OG0013485	0.0	0.0	0.0	0.0
OG0013486	0.0	0.0	0.0	0.0
OG0013487	0.0	0.0	0.0	0.0
OG0013488	0.0	0.0	0.0	0.0
OG0013489	0.0	0.0	0.0	0.0
OG0013490	0.0	0.0	0.0	0.0
OG0013491	0.0	0.0	0.0	0.0
OG0013492	0.0	0.0	0.0	0.0
OG0013493	0.0	0.0	0.0	0.0
OG0013494	0.0	0.0	0.0	0.0
OG0013495	0.0	0.0	0.0	0.0
OG0013496	0.0	0.0	0.0	0.0
OG0013497	0.0	0.0	0.0	0.0
OG0013498	0.0	0.0	0.0	0.0
OG0013499	0.0	0.0	0.0	0.0
OG0013500	0.0	0.0	0.0	0.0
OG0013501	0.0	0.0	0.0	0.0
OG0013502	0.0	0.0	0.0	0.0
OG0013503	0.0	0.0	0.0	0.0
OG0013504	0.0	0.0	0.0	0.0
OG0013505	0.0	0.0	0.0	0.0
OG0013506	0.0	0.0	0.0	0.0
OG0013507	0.0	0.0	0.0	0.0
OG0013529	0.0	0.0	0.0	0.0
OG0013537	0.0	0.0	0.0	0.0
OG0013538	0.0	0.0	0.0	0.0
OG0013543	0.0	0.0	0.0	0.0
OG0013546	0.0	0.0	0.0	0.0
OG0013550	0.0	0.0	0.0	0.0
OG0013554	0.0	0.0	0.0	0.0
OG0013557	0.0	0.0	0.0	0.0
OG0013559	0.0	0.0	0.0	0.0
OG0013561	0.0	0.0	0.0	0.0
OG0013567	0.0	0.0	0.0	0.0
OG0013568	0.0	0.0	0.0	0.0
OG0013573	0.0	0.0	0.0	0.0
OG0013574	0.0	0.0	0.0	0.0
OG0013575	0.0	0.0	0.0	0.0
OG0013576	0.0	0.0	0.0	0.0
OG0013578	0.0	0.0	0.0	0.0
OG0013580	0.0	0.0	0.0	0.0
OG0013582	0.0	0.0	0.0	0.0
OG0013583	0.0	0.0	0.0	0.0
OG0013584	0.0	0.0	0.0	0.0
OG0013585	0.0	0.0	0.0	0.0
OG0013586	0.0	0.0	0.0	0.0
OG0013587	0.0	0.0	0.0	0.0
OG0013588	0.0	0.0	0.0	0.0
OG0013589	0.0	0.0	0.0	0.0
OG0013590	0.0	0.0	0.0	0.0
OG0013591	0.0	0.0	0.0	0.0
OG0013592	0.0	0.0	0.0	0.0
OG0013593	0.0	0.0	0.0	0.0
OG0013594	0.0	0.0	0.0	0.0
OG0013595	0.0	0.0	0.0	0.0
OG0013596	0.0	0.0	0.0	0.0
OG0013597	0.0	0.0	0.0	0.0
OG0013598	0.0	0.0	0.0	0.0
OG0013599	0.0	0.0	0.0	0.0
OG0013600	0.0	0.0	0.0	0.0
OG0013602	0.0	0.0	0.0	0.0
OG0013603	0.0	0.0	0.0	0.0
OG0013604	0.0	0.0	0.0	0.0
OG0013605	0.0	0.0	0.0	0.0
OG0013606	0.0	0.0	0.0	0.0
OG0013607	0.0	0.0	0.0	0.0
OG0013608	0.0	0.0	0.0	0.0
OG0013609	0.0	0.0	0.0	0.0
OG0013610	0.0	0.0	0.0	0.0
OG0013611	0.0	0.0	0.0	0.0
OG0013612	0.0	0.0	0.0	0.0
OG0013613	0.0	0.0	0.0	0.0
OG0013614	0.0	0.0	0.0	0.0
OG0013615	0.0	0.0	0.0	0.0
OG0013617	0.0	0.0	0.0	0.0
OG0013618	0.0	0.0	0.0	0.0
OG0013619	0.0	0.0	0.0	0.0
OG0013620	0.0	0.0	0.0	0.0
OG0013621	0.0	0.0	0.0	0.0
OG0013622	0.0	0.0	0.0	0.0
OG0013623	0.0	0.0	0.0	0.0
OG0013624	0.0	0.0	0.0	0.0
OG0013625	0.0	0.0	0.0	0.0
OG0013627	0.0	0.0	0.0	0.0
OG0013628	0.0	0.0	0.0	0.0
OG0013629	0.0	0.0	0.0	0.0
OG0013630	0.0	0.0	0.0	0.0
OG0013631	0.0	0.0	0.0	0.0
OG0013632	0.0	0.0	0.0	0.0
OG0013633	0.0	0.0	0.0	0.0
OG0013634	0.0	0.0	0.0	0.0
OG0013635	0.0	0.0	0.0	0.0
OG0013636	0.0	0.0	0.0	0.0
OG0013637	0.0	0.0	0.0	0.0
OG0013638	0.0	0.0	0.0	0.0
OG0013639	0.0	0.0	0.0	0.0
OG0013640	0.0	0.0	0.0	0.0
OG0013641	0.0	0.0	0.0	0.0
OG0013642	0.0	0.0	0.0	0.0
OG0013643	0.0	0.0	0.0	0.0
OG0013644	0.0	0.0	0.0	0.0
OG0013645	0.0	0.0	0.0	0.0
OG0013646	0.0	0.0	0.0	0.0
OG0013647	0.0	0.0	0.0	0.0
OG0013648	0.0	0.0	0.0	0.0
OG0013649	0.0	0.0	0.0	0.0
OG0013650	0.0	0.0	0.0	0.0
OG0013651	0.0	0.0	0.0	0.0
OG0013653	0.0	0.0	0.0	0.0
OG0013654	0.0	0.0	0.0	0.0
OG0013656	0.0	0.0	0.0	0.0
OG0013657	0.0	0.0	0.0	0.0
OG0013658	0.0	0.0	0.0	0.0
OG0013659	0.0	0.0	0.0	0.0
OG0013660	0.0	0.0	0.0	0.0
OG0013661	0.0	0.0	0.0	0.0
OG0013662	0.0	0.0	0.0	0.0
OG0013663	0.0	0.0	0.0	0.0
OG0013664	0.0	0.0	0.0	0.0
OG0013665	0.0	0.0	0.0	0.0
OG0013666	0.0	0.0	0.0	0.0
OG0013667	0.0	0.0	0.0	0.0
OG0013668	0.0	0.0	0.0	0.0
OG0013669	0.0	0.0	0.0	0.0
OG0013670	0.0	0.0	0.0	0.0
OG0013671	0.0	0.0	0.0	0.0
OG0013673	0.0	0.0	0.0	0.0
OG0013674	0.0	0.0	0.0	0.0
OG0013675	0.0	0.0	0.0	0.0
OG0013676	0.0	0.0	0.0	0.0
OG0013677	0.0	0.0	0.0	0.0
OG0013678	0.0	0.0	0.0	0.0
OG0013679	0.0	0.0	0.0	0.0
OG0013680	0.0	0.0	0.0	0.0
OG0013681	0.0	0.0	0.0	0.0
OG0013682	0.0	0.0	0.0	0.0
OG0013683	0.0	0.0	0.0	0.0
OG0013684	0.0	0.0	0.0	0.0
OG0013685	0.0	0.0	0.0	0.0
OG0013689	0.0	0.0	0.0	0.0
OG0013690	0.0	0.0	0.0	0.0
OG0013691	0.0	0.0	0.0	0.0
OG0013692	0.0	0.0	0.0	0.0
OG0013693	0.0	0.0	0.0	0.0
OG0013694	0.0	0.0	0.0	0.0
OG0013696	0.0	0.0	0.0	0.0
OG0013697	0.0	0.0	0.0	0.0
OG0013699	0.0	0.0	0.0	0.0
OG0013700	0.0	0.0	0.0	0.0
OG0013701	0.0	0.0	0.0	0.0
OG0013702	0.0	0.0	0.0	0.0
OG0013703	0.0	0.0	0.0	0.0
OG0013704	0.0	0.0	0.0	0.0
OG0013705	0.0	0.0	0.0	0.0
OG0013706	0.0	0.0	0.0	0.0
OG0013707	0.0	0.0	0.0	0.0
OG0013708	0.0	0.0	0.0	0.0
OG0013709	0.0	0.0	0.0	0.0
OG0013710	0.0	0.0	0.0	0.0
OG0013712	0.0	0.0	0.0	0.0
OG0013713	0.0	0.0	0.0	0.0
OG0013714	0.0	0.0	0.0	0.0
OG0013715	0.0	0.0	0.0	0.0
OG0013716	0.0	0.0	0.0	0.0
OG0013717	0.0	0.0	0.0	0.0
OG0013718	0.0	0.0	0.0	0.0
OG0013719	0.0	0.0	0.0	0.0
OG0013720	0.0	0.0	0.0	0.0
OG0013721	0.0	0.0	0.0	0.0
OG0013722	0.0	0.0	0.0	0.0
OG0013723	0.0	0.0	0.0	0.0
OG0013724	0.0	0.0	0.0	0.0
OG0013726	0.0	0.0	0.0	0.0
OG0013727	0.0	0.0	0.0	0.0
OG0013728	0.0	0.0	0.0	0.0
OG0013729	0.0	0.0	0.0	0.0
OG0013730	0.0	0.0	0.0	0.0
OG0013731	0.0	0.0	0.0	0.0
OG0013732	0.0	0.0	0.0	0.0
OG0013733	0.0	0.0	0.0	0.0
OG0013734	0.0	0.0	0.0	0.0
OG0013735	0.0	0.0	0.0	0.0
OG0013736	0.0	0.0	0.0	0.0
OG0013737	0.0	0.0	0.0	0.0
OG0013738	0.0	0.0	0.0	0.0
OG0013739	0.0	0.0	0.0	0.0
OG0013740	0.0	0.0	0.0	0.0
OG0013741	0.0	0.0	0.0	0.0
OG0013742	0.0	0.0	0.0	0.0
OG0013743	0.0	0.0	0.0	0.0
OG0013744	0.0	0.0	0.0	0.0
OG0013745	0.0	0.0	0.0	0.0
OG0013746	0.0	0.0	0.0	0.0
OG0013747	0.0	0.0	0.0	0.0
OG0013748	0.0	0.0	0.0	0.0
OG0013749	0.0	0.0	0.0	0.0
OG0013750	0.0	0.0	0.0	0.0
OG0013751	0.0	0.0	0.0	0.0
OG0013753	0.0	0.0	0.0	0.0
OG0013754	0.0	0.0	0.0	0.0
OG0013755	0.0	0.0	0.0	0.0
OG0013756	0.0	0.0	0.0	0.0
OG0013757	0.0	0.0	0.0	0.0
OG0013758	0.0	0.0	0.0	0.0
OG0013759	0.0	0.0	0.0	0.0
OG0013760	0.0	0.0	0.0	0.0
OG0013762	0.0	0.0	0.0	0.0
OG0013764	0.0	0.0	0.0	0.0
OG0013767	0.0	0.0	0.0	0.0
OG0013768	0.0	0.0	0.0	0.0
OG0013769	0.0	0.0	0.0	0.0
OG0013771	0.0	0.0	0.0	0.0
OG0013772	0.0	0.0	0.0	0.0
OG0013773	0.0	0.0	0.0	0.0
OG0013774	0.0	0.0	0.0	0.0
OG0013775	0.0	0.0	0.0	0.0
OG0013776	0.0	0.0	0.0	0.0
OG0013777	0.0	0.0	0.0	0.0
OG0013779	0.0	0.0	0.0	0.0
OG0013781	0.0	0.0	0.0	0.0
OG0013783	0.0	0.0	0.0	0.0
OG0013784	0.0	0.0	0.0	0.0
OG0013785	0.0	0.0	0.0	0.0
OG0013788	0.0	0.0	0.0	0.0
OG0013789	0.0	0.0	0.0	0.0
OG0013790	0.0	0.0	0.0	0.0
OG0013791	0.0	0.0	0.0	0.0
OG0013792	0.0	0.0	0.0	0.0
OG0013794	0.0	0.0	0.0	0.0
OG0013796	0.0	0.0	0.0	0.0
OG0013797	0.0	0.0	0.0	0.0
OG0013798	0.0	0.0	0.0	0.0
OG0013800	0.0	0.0	0.0	0.0
OG0013801	0.0	0.0	0.0	0.0
OG0013802	0.0	0.0	0.0	0.0
OG0013803	0.0	0.0	0.0	0.0
OG0013806	0.0	0.0	0.0	0.0
OG0013807	0.0	0.0	0.0	0.0
OG0013808	0.0	0.0	0.0	0.0
OG0013809	0.0	0.0	0.0	0.0
OG0013810	0.0	0.0	0.0	0.0
OG0013812	0.0	0.0	0.0	0.0
OG0013813	0.0	0.0	0.0	0.0
OG0013814	0.0	0.0	0.0	0.0
OG0013815	0.0	0.0	0.0	0.0
OG0013816	0.0	0.0	0.0	0.0
OG0013817	0.0	0.0	0.0	0.0
OG0013818	0.0	0.0	0.0	0.0
OG0013819	0.0	0.0	0.0	0.0
OG0013820	0.0	0.0	0.0	0.0
OG0013821	0.0	0.0	0.0	0.0
OG0013822	0.0	0.0	0.0	0.0
OG0013823	0.0	0.0	0.0	0.0
OG0013824	0.0	0.0	0.0	0.0
OG0013825	0.0	0.0	0.0	0.0
OG0013827	0.0	0.0	0.0	0.0
OG0013828	0.0	0.0	0.0	0.0
OG0013829	0.0	0.0	0.0	0.0
OG0013830	0.0	0.0	0.0	0.0
OG0013831	0.0	0.0	0.0	0.0
OG0013834	0.0	0.0	0.0	0.0
OG0013839	0.0	0.0	0.0	0.0
OG0013840	0.0	0.0	0.0	0.0
OG0013841	0.0	0.0	0.0	0.0
OG0013844	0.0	0.0	0.0	0.0
OG0013847	0.0	0.0	0.0	0.0
OG0013848	0.0	0.0	0.0	0.0
OG0013852	0.0	0.0	0.0	0.0
OG0013856	0.0	0.0	0.0	0.0
OG0013859	0.0	0.0	0.0	0.0
OG0013861	0.0	0.0	0.0	0.0
OG0013864	0.0	0.0	0.0	0.0
OG0013865	0.0	0.0	0.0	0.0
OG0013866	0.0	0.0	0.0	0.0
OG0013867	0.0	0.0	0.0	0.0
OG0013868	0.0	0.0	0.0	0.0
OG0013873	0.0	0.0	0.0	0.0
OG0013874	0.0	0.0	0.0	0.0
OG0013875	0.0	0.0	0.0	0.0
OG0013877	0.0	0.0	0.0	0.0
OG0013878	0.0	0.0	0.0	0.0
OG0013879	0.0	0.0	0.0	0.0
OG0013880	0.0	0.0	0.0	0.0
OG0013881	0.0	0.0	0.0	0.0
OG0013882	0.0	0.0	0.0	0.0
OG0013883	0.0	0.0	0.0	0.0
OG0013885	0.0	0.0	0.0	0.0
OG0013887	0.0	0.0	0.0	0.0
OG0013888	0.0	0.0	0.0	0.0
OG0013889	0.0	0.0	0.0	0.0
OG0013890	0.0	0.0	0.0	0.0
OG0013892	0.0	0.0	0.0	0.0
OG0013893	0.0	0.0	0.0	0.0
OG0013894	0.0	0.0	0.0	0.0
OG0013896	0.0	0.0	0.0	0.0
OG0013897	0.0	0.0	0.0	0.0
OG0013898	0.0	0.0	0.0	0.0
OG0013900	0.0	0.0	0.0	0.0
OG0013901	0.0	0.0	0.0	0.0
OG0013902	0.0	0.0	0.0	0.0
OG0013903	0.0	0.0	0.0	0.0
OG0013904	0.0	0.0	0.0	0.0
OG0013905	0.0	0.0	0.0	0.0
OG0013906	0.0	0.0	0.0	0.0
OG0013908	0.0	0.0	0.0	0.0
OG0013911	0.0	0.0	0.0	0.0
OG0013913	0.0	0.0	0.0	0.0
OG0013914	0.0	0.0	0.0	0.0
OG0013915	0.0	0.0	0.0	0.0
OG0013917	0.0	0.0	0.0	0.0
OG0013918	0.0	0.0	0.0	0.0
OG0013919	0.0	0.0	0.0	0.0
OG0013920	0.0	0.0	0.0	0.0
OG0013921	0.0	0.0	0.0	0.0
OG0013923	0.0	0.0	0.0	0.0
OG0013924	0.0	0.0	0.0	0.0
OG0013925	0.0	0.0	0.0	0.0
OG0013928	0.0	0.0	0.0	0.0
OG0013929	0.0	0.0	0.0	0.0
OG0013930	0.0	0.0	0.0	0.0
OG0013931	0.0	0.0	0.0	0.0
OG0013932	0.0	0.0	0.0	0.0
OG0013933	0.0	0.0	0.0	0.0
OG0013935	0.0	0.0	0.0	0.0
OG0013936	0.0	0.0	0.0	0.0
OG0013937	0.0	0.0	0.0	0.0
OG0013939	0.0	0.0	0.0	0.0
OG0013940	0.0	0.0	0.0	0.0
OG0013941	0.0	0.0	0.0	0.0
OG0013943	0.0	0.0	0.0	0.0
OG0013944	0.0	0.0	0.0	0.0
OG0013945	0.0	0.0	0.0	0.0
OG0013946	0.0	0.0	0.0	0.0
OG0013947	0.0	0.0	0.0	0.0
OG0013948	0.0	0.0	0.0	0.0
OG0013949	0.0	0.0	0.0	0.0
OG0013950	0.0	0.0	0.0	0.0
OG0013952	0.0	0.0	0.0	0.0
OG0013953	0.0	0.0	0.0	0.0
OG0013954	0.0	0.0	0.0	0.0
OG0013955	0.0	0.0	0.0	0.0
OG0013956	0.0	0.0	0.0	0.0
OG0013957	0.0	0.0	0.0	0.0
OG0013958	0.0	0.0	0.0	0.0
OG0013959	0.0	0.0	0.0	0.0
OG0013960	0.0	0.0	0.0	0.0
OG0013961	0.0	0.0	0.0	0.0
OG0013962	0.0	0.0	0.0	0.0
OG0013963	0.0	0.0	0.0	0.0
OG0013964	0.0	0.0	0.0	0.0
OG0013965	0.0	0.0	0.0	0.0
OG0013966	0.0	0.0	0.0	0.0
OG0013967	0.0	0.0	0.0	0.0
OG0013968	0.0	0.0	0.0	0.0
OG0013969	0.0	0.0	0.0	0.0
OG0013970	0.0	0.0	0.0	0.0
OG0013971	0.0	0.0	0.0	0.0
OG0013973	0.0	0.0	0.0	0.0
OG0013974	0.0	0.0	0.0	0.0
OG0013975	0.0	0.0	0.0	0.0
OG0013976	0.0	0.0	0.0	0.0
OG0013978	0.0	0.0	0.0	0.0
OG0013979	0.0	0.0	0.0	0.0
OG0013980	0.0	0.0	0.0	0.0
OG0013982	0.0	0.0	0.0	0.0
OG0013983	0.0	0.0	0.0	0.0
OG0013984	0.0	0.0	0.0	0.0
OG0013985	0.0	0.0	0.0	0.0
OG0013986	0.0	0.0	0.0	0.0
OG0013987	0.0	0.0	0.0	0.0
OG0013988	0.0	0.0	0.0	0.0
OG0013989	0.0	0.0	0.0	0.0
OG0013990	0.0	0.0	0.0	0.0
OG0013991	0.0	0.0	0.0	0.0
OG0013992	0.0	0.0	0.0	0.0
OG0013993	0.0	0.0	0.0	0.0
OG0013994	0.0	0.0	0.0	0.0
OG0013996	0.0	0.0	0.0	0.0
OG0013997	0.0	0.0	0.0	0.0
OG0013998	0.0	0.0	0.0	0.0
OG0013999	0.0	0.0	0.0	0.0
OG0014000	0.0	0.0	0.0	0.0
OG0014001	0.0	0.0	0.0	0.0
OG0014002	0.0	0.0	0.0	0.0
OG0014003	0.0	0.0	0.0	0.0
OG0014004	0.0	0.0	0.0	0.0
OG0014005	0.0	0.0	0.0	0.0
OG0014013	0.0	0.0	0.0	0.0
OG0014017	0.0	0.0	0.0	0.0
OG0014018	0.0	0.0	0.0	0.0
OG0014030	0.0	0.0	0.0	0.0
OG0014031	0.0	0.0	0.0	0.0
OG0014032	0.0	0.0	0.0	0.0
OG0014033	0.0	0.0	0.0	0.0
OG0014034	0.0	0.0	0.0	0.0
OG0014035	0.0	0.0	0.0	0.0
OG0014037	0.0	0.0	0.0	0.0
OG0014038	0.0	0.0	0.0	0.0
OG0014039	0.0	0.0	0.0	0.0
OG0014043	0.0	0.0	0.0	0.0
OG0014044	0.0	0.0	0.0	0.0
OG0014047	0.0	0.0	0.0	0.0
OG0014048	0.0	0.0	0.0	0.0
OG0014049	0.0	0.0	0.0	0.0
OG0014050	0.0	0.0	0.0	0.0
OG0014052	0.0	0.0	0.0	0.0
OG0014053	0.0	0.0	0.0	0.0
OG0014083	0.0	0.0	0.0	0.0
OG0014084	0.0	0.0	0.0	0.0
OG0014085	0.0	0.0	0.0	0.0
OG0014086	0.0	0.0	0.0	0.0
OG0014087	0.0	0.0	0.0	0.0
OG0014088	0.0	0.0	0.0	0.0
OG0014091	0.0	0.0	0.0	0.0
OG0014098	0.0	0.0	0.0	0.0
OG0014101	0.0	0.0	0.0	0.0
OG0014102	0.0	0.0	0.0	0.0
OG0014103	0.0	0.0	0.0	0.0
OG0014104	0.0	0.0	0.0	0.0
OG0014105	0.0	0.0	0.0	0.0
OG0014107	0.0	0.0	0.0	0.0
OG0014108	0.0	0.0	0.0	0.0
OG0014109	0.0	0.0	0.0	0.0
OG0014110	0.0	0.0	0.0	0.0
OG0014112	0.0	0.0	0.0	0.0
OG0014114	0.0	0.0	0.0	0.0
OG0014115	0.0	0.0	0.0	0.0
OG0014116	0.0	0.0	0.0	0.0
OG0014117	0.0	0.0	0.0	0.0
OG0014118	0.0	0.0	0.0	0.0
OG0014119	0.0	0.0	0.0	0.0
OG0014120	0.0	0.0	0.0	0.0
OG0014121	0.0	0.0	0.0	0.0
OG0014122	0.0	0.0	0.0	0.0
OG0014123	0.0	0.0	0.0	0.0
OG0014124	0.0	0.0	0.0	0.0
OG0014125	0.0	0.0	0.0	0.0
OG0014126	0.0	0.0	0.0	0.0
OG0014127	0.0	0.0	0.0	0.0
OG0014130	0.0	0.0	0.0	0.0
OG0014142	0.0	0.0	0.0	0.0
OG0014146	0.0	0.0	0.0	0.0
OG0014148	0.0	0.0	0.0	0.0
OG0014173	0.0	0.0	0.0	0.0
OG0014178	0.0	0.0	0.0	0.0
OG0014185	0.0	0.0	0.0	0.0
OG0014188	0.0	0.0	0.0	0.0
OG0014201	0.0	0.0	0.0	0.0
OG0014276	0.0	0.0	0.0	0.0
OG0014300	0.0	0.0	0.0	0.0
OG0014314	0.0	0.0	0.0	0.0
OG0014315	0.0	0.0	0.0	0.0
OG0014409	0.0	0.0	0.0	0.0
OG0014411	0.0	0.0	0.0	0.0
OG0014412	0.0	0.0	0.0	0.0
OG0014414	0.0	0.0	0.0	0.0
OG0014415	0.0	0.0	0.0	0.0
OG0014416	0.0	0.0	0.0	0.0
OG0014417	0.0	0.0	0.0	0.0
OG0014418	0.0	0.0	0.0	0.0
OG0014419	0.0	0.0	0.0	0.0
OG0014420	0.0	0.0	0.0	0.0
OG0014421	0.0	0.0	0.0	0.0
OG0014422	0.0	0.0	0.0	0.0
OG0014423	0.0	0.0	0.0	0.0
OG0014424	0.0	0.0	0.0	0.0
OG0014425	0.0	0.0	0.0	0.0
OG0014426	0.0	0.0	0.0	0.0
OG0014427	0.0	0.0	0.0	0.0
OG0014428	0.0	0.0	0.0	0.0
OG0014429	0.0	0.0	0.0	0.0
OG0014430	0.0	0.0	0.0	0.0
OG0014431	0.0	0.0	0.0	0.0
OG0014432	0.0	0.0	0.0	0.0
OG0014433	0.0	0.0	0.0	0.0
OG0014434	0.0	0.0	0.0	0.0
OG0014435	0.0	0.0	0.0	0.0
OG0014436	0.0	0.0	0.0	0.0
OG0014437	0.0	0.0	0.0	0.0
OG0014438	0.0	0.0	0.0	0.0
OG0014439	0.0	0.0	0.0	0.0
OG0014440	0.0	0.0	0.0	0.0
OG0014441	0.0	0.0	0.0	0.0
OG0014442	0.0	0.0	0.0	0.0
OG0014443	0.0	0.0	0.0	0.0
OG0014445	0.0	0.0	0.0	0.0
OG0014446	0.0	0.0	0.0	0.0
OG0014447	0.0	0.0	0.0	0.0
OG0014448	0.0	0.0	0.0	0.0
OG0014452	0.0	0.0	0.0	0.0
OG0014455	0.0	0.0	0.0	0.0
OG0014459	0.0	0.0	0.0	0.0
OG0014460	0.0	0.0	0.0	0.0
OG0014461	0.0	0.0	0.0	0.0
OG0014462	0.0	0.0	0.0	0.0
OG0014463	0.0	0.0	0.0	0.0
OG0014464	0.0	0.0	0.0	0.0
OG0014465	0.0	0.0	0.0	0.0
OG0014466	0.0	0.0	0.0	0.0
OG0014469	0.0	0.0	0.0	0.0
OG0014470	0.0	0.0	0.0	0.0
OG0014471	0.0	0.0	0.0	0.0
OG0014472	0.0	0.0	0.0	0.0
OG0014473	0.0	0.0	0.0	0.0
OG0014474	0.0	0.0	0.0	0.0
OG0014475	0.0	0.0	0.0	0.0
OG0014476	0.0	0.0	0.0	0.0
OG0014478	0.0	0.0	0.0	0.0
OG0014479	0.0	0.0	0.0	0.0
OG0014480	0.0	0.0	0.0	0.0
OG0014481	0.0	0.0	0.0	0.0
OG0014483	0.0	0.0	0.0	0.0
OG0014485	0.0	0.0	0.0	0.0
OG0014486	0.0	0.0	0.0	0.0
OG0014487	0.0	0.0	0.0	0.0
OG0014488	0.0	0.0	0.0	0.0
OG0014490	0.0	0.0	0.0	0.0
OG0014491	0.0	0.0	0.0	0.0
OG0014493	0.0	0.0	0.0	0.0
OG0014494	0.0	0.0	0.0	0.0
OG0014495	0.0	0.0	0.0	0.0
OG0014496	0.0	0.0	0.0	0.0
OG0014498	0.0	0.0	0.0	0.0
OG0014499	0.0	0.0	0.0	0.0
OG0014500	0.0	0.0	0.0	0.0
OG0014501	0.0	0.0	0.0	0.0
OG0014502	0.0	0.0	0.0	0.0
OG0014503	0.0	0.0	0.0	0.0
OG0014506	0.0	0.0	0.0	0.0
OG0014507	0.0	0.0	0.0	0.0
OG0014508	0.0	0.0	0.0	0.0
OG0014509	0.0	0.0	0.0	0.0
OG0014510	0.0	0.0	0.0	0.0
OG0014511	0.0	0.0	0.0	0.0
OG0014512	0.0	0.0	0.0	0.0
OG0014513	0.0	0.0	0.0	0.0
OG0014514	0.0	0.0	0.0	0.0
OG0014515	0.0	0.0	0.0	0.0
OG0014516	0.0	0.0	0.0	0.0
OG0014517	0.0	0.0	0.0	0.0
OG0014518	0.0	0.0	0.0	0.0
OG0014520	0.0	0.0	0.0	0.0
OG0014521	0.0	0.0	0.0	0.0
OG0014523	0.0	0.0	0.0	0.0
OG0014524	0.0	0.0	0.0	0.0
OG0014525	0.0	0.0	0.0	0.0
OG0014526	0.0	0.0	0.0	0.0
OG0014527	0.0	0.0	0.0	0.0
OG0014529	0.0	0.0	0.0	0.0
OG0014530	0.0	0.0	0.0	0.0
OG0014531	0.0	0.0	0.0	0.0
OG0014532	0.0	0.0	0.0	0.0
OG0014536	0.0	0.0	0.0	0.0
OG0014538	0.0	0.0	0.0	0.0
OG0014539	0.0	0.0	0.0	0.0
OG0014540	0.0	0.0	0.0	0.0
OG0014541	0.0	0.0	0.0	0.0
OG0014542	0.0	0.0	0.0	0.0
OG0014543	0.0	0.0	0.0	0.0
OG0014544	0.0	0.0	0.0	0.0
OG0014545	0.0	0.0	0.0	0.0
OG0014547	0.0	0.0	0.0	0.0
OG0014548	0.0	0.0	0.0	0.0
OG0014549	0.0	0.0	0.0	0.0
OG0014550	0.0	0.0	0.0	0.0
OG0014552	0.0	0.0	0.0	0.0
OG0014553	0.0	0.0	0.0	0.0
OG0014554	0.0	0.0	0.0	0.0
OG0014556	0.0	0.0	0.0	0.0
OG0014557	0.0	0.0	0.0	0.0
OG0014558	0.0	0.0	0.0	0.0
OG0014559	0.0	0.0	0.0	0.0
OG0014561	0.0	0.0	0.0	0.0
OG0014562	0.0	0.0	0.0	0.0
OG0014564	0.0	0.0	0.0	0.0
OG0014565	0.0	0.0	0.0	0.0
OG0014566	0.0	0.0	0.0	0.0
OG0014567	0.0	0.0	0.0	0.0
OG0014568	0.0	0.0	0.0	0.0
OG0014569	0.0	0.0	0.0	0.0
OG0014570	0.0	0.0	0.0	0.0
OG0014571	0.0	0.0	0.0	0.0
OG0014572	0.0	0.0	0.0	0.0
OG0014573	0.0	0.0	0.0	0.0
OG0014575	0.0	0.0	0.0	0.0
OG0014576	0.0	0.0	0.0	0.0
OG0014577	0.0	0.0	0.0	0.0
OG0014578	0.0	0.0	0.0	0.0
OG0014579	0.0	0.0	0.0	0.0
OG0014582	0.0	0.0	0.0	0.0
OG0014583	0.0	0.0	0.0	0.0
OG0014584	0.0	0.0	0.0	0.0
OG0014585	0.0	0.0	0.0	0.0
OG0014586	0.0	0.0	0.0	0.0
OG0014587	0.0	0.0	0.0	0.0
OG0014588	0.0	0.0	0.0	0.0
OG0014589	0.0	0.0	0.0	0.0
OG0014592	0.0	0.0	0.0	0.0
OG0014593	0.0	0.0	0.0	0.0
OG0014594	0.0	0.0	0.0	0.0
OG0014595	0.0	0.0	0.0	0.0
OG0014596	0.0	0.0	0.0	0.0
OG0014597	0.0	0.0	0.0	0.0
OG0014598	0.0	0.0	0.0	0.0
OG0014600	0.0	0.0	0.0	0.0
OG0014601	0.0	0.0	0.0	0.0
OG0014602	0.0	0.0	0.0	0.0
OG0014605	0.0	0.0	0.0	0.0
OG0014606	0.0	0.0	0.0	0.0
OG0014607	0.0	0.0	0.0	0.0
OG0014608	0.0	0.0	0.0	0.0
OG0014610	0.0	0.0	0.0	0.0
OG0014612	0.0	0.0	0.0	0.0
OG0014613	0.0	0.0	0.0	0.0
OG0014614	0.0	0.0	0.0	0.0
OG0014615	0.0	0.0	0.0	0.0
OG0014617	0.0	0.0	0.0	0.0
OG0014618	0.0	0.0	0.0	0.0
OG0014619	0.0	0.0	0.0	0.0
OG0014621	0.0	0.0	0.0	0.0
OG0014622	0.0	0.0	0.0	0.0
OG0014623	0.0	0.0	0.0	0.0
OG0014624	0.0	0.0	0.0	0.0
OG0014625	0.0	0.0	0.0	0.0
OG0014626	0.0	0.0	0.0	0.0
OG0014627	0.0	0.0	0.0	0.0
OG0014628	0.0	0.0	0.0	0.0
OG0014629	0.0	0.0	0.0	0.0
OG0014630	0.0	0.0	0.0	0.0
OG0014631	0.0	0.0	0.0	0.0
OG0014632	0.0	0.0	0.0	0.0
OG0014633	0.0	0.0	0.0	0.0
OG0014634	0.0	0.0	0.0	0.0
OG0014635	0.0	0.0	0.0	0.0
OG0014636	0.0	0.0	0.0	0.0
OG0014638	0.0	0.0	0.0	0.0
OG0014640	0.0	0.0	0.0	0.0
OG0014641	0.0	0.0	0.0	0.0
OG0014643	0.0	0.0	0.0	0.0
OG0014644	0.0	0.0	0.0	0.0
OG0014645	0.0	0.0	0.0	0.0
OG0014646	0.0	0.0	0.0	0.0
OG0014647	0.0	0.0	0.0	0.0
OG0014648	0.0	0.0	0.0	0.0
OG0014650	0.0	0.0	0.0	0.0
OG0014651	0.0	0.0	0.0	0.0
OG0014652	0.0	0.0	0.0	0.0
OG0014653	0.0	0.0	0.0	0.0
OG0014654	0.0	0.0	0.0	0.0
OG0014655	0.0	0.0	0.0	0.0
OG0014656	0.0	0.0	0.0	0.0
OG0014657	0.0	0.0	0.0	0.0
OG0014658	0.0	0.0	0.0	0.0
OG0014659	0.0	0.0	0.0	0.0
OG0014660	0.0	0.0	0.0	0.0
OG0014663	0.0	0.0	0.0	0.0
OG0014664	0.0	0.0	0.0	0.0
OG0014666	0.0	0.0	0.0	0.0
OG0014667	0.0	0.0	0.0	0.0
OG0014668	0.0	0.0	0.0	0.0
OG0014671	0.0	0.0	0.0	0.0
OG0014672	0.0	0.0	0.0	0.0
OG0014673	0.0	0.0	0.0	0.0
OG0014674	0.0	0.0	0.0	0.0
OG0014675	0.0	0.0	0.0	0.0
OG0014677	0.0	0.0	0.0	0.0
OG0014678	0.0	0.0	0.0	0.0
OG0014679	0.0	0.0	0.0	0.0
OG0014680	0.0	0.0	0.0	0.0
OG0014681	0.0	0.0	0.0	0.0
OG0014683	0.0	0.0	0.0	0.0
OG0014684	0.0	0.0	0.0	0.0
OG0014685	0.0	0.0	0.0	0.0
OG0014686	0.0	0.0	0.0	0.0
OG0014687	0.0	0.0	0.0	0.0
OG0014688	0.0	0.0	0.0	0.0
OG0014689	0.0	0.0	0.0	0.0
OG0014690	0.0	0.0	0.0	0.0
OG0014691	0.0	0.0	0.0	0.0
OG0014692	0.0	0.0	0.0	0.0
OG0014694	0.0	0.0	0.0	0.0
OG0014695	0.0	0.0	0.0	0.0
OG0014696	0.0	0.0	0.0	0.0
OG0014697	0.0	0.0	0.0	0.0
OG0014698	0.0	0.0	0.0	0.0
OG0014699	0.0	0.0	0.0	0.0
OG0014700	0.0	0.0	0.0	0.0
OG0014701	0.0	0.0	0.0	0.0
OG0014702	0.0	0.0	0.0	0.0
OG0014703	0.0	0.0	0.0	0.0
OG0014704	0.0	0.0	0.0	0.0
OG0014705	0.0	0.0	0.0	0.0
OG0014706	0.0	0.0	0.0	0.0
OG0014707	0.0	0.0	0.0	0.0
OG0014708	0.0	0.0	0.0	0.0
OG0014709	0.0	0.0	0.0	0.0
OG0014710	0.0	0.0	0.0	0.0
OG0014711	0.0	0.0	0.0	0.0
OG0014712	0.0	0.0	0.0	0.0
OG0014713	0.0	0.0	0.0	0.0
OG0014714	0.0	0.0	0.0	0.0
OG0014716	0.0	0.0	0.0	0.0
OG0014717	0.0	0.0	0.0	0.0
OG0014718	0.0	0.0	0.0	0.0
OG0014719	0.0	0.0	0.0	0.0
OG0014720	0.0	0.0	0.0	0.0
OG0014722	0.0	0.0	0.0	0.0
OG0014723	0.0	0.0	0.0	0.0
OG0014724	0.0	0.0	0.0	0.0
OG0014725	0.0	0.0	0.0	0.0
OG0014726	0.0	0.0	0.0	0.0
OG0014727	0.0	0.0	0.0	0.0
OG0014728	0.0	0.0	0.0	0.0
OG0014729	0.0	0.0	0.0	0.0
OG0014731	0.0	0.0	0.0	0.0
OG0014732	0.0	0.0	0.0	0.0
OG0014733	0.0	0.0	0.0	0.0
OG0014734	0.0	0.0	0.0	0.0
OG0014735	0.0	0.0	0.0	0.0
OG0014736	0.0	0.0	0.0	0.0
OG0014737	0.0	0.0	0.0	0.0
OG0014738	0.0	0.0	0.0	0.0
OG0014739	0.0	0.0	0.0	0.0
OG0014740	0.0	0.0	0.0	0.0
OG0014741	0.0	0.0	0.0	0.0
OG0014742	0.0	0.0	0.0	0.0
OG0014743	0.0	0.0	0.0	0.0
OG0014744	0.0	0.0	0.0	0.0
OG0014745	0.0	0.0	0.0	0.0
OG0014746	0.0	0.0	0.0	0.0
OG0014747	0.0	0.0	0.0	0.0
OG0014748	0.0	0.0	0.0	0.0
OG0014749	0.0	0.0	0.0	0.0
OG0014750	0.0	0.0	0.0	0.0
OG0014773	0.0	0.0	0.0	0.0
OG0014802	0.0	0.0	0.0	0.0
OG0014804	0.0	0.0	0.0	0.0
OG0014808	0.0	0.0	0.0	0.0
OG0014812	0.0	0.0	0.0	0.0
OG0014817	0.0	0.0	0.0	0.0
OG0014819	0.0	0.0	0.0	0.0
OG0014820	0.0	0.0	0.0	0.0
OG0014822	0.0	0.0	0.0	0.0
OG0014826	0.0	0.0	0.0	0.0
OG0014827	0.0	0.0	0.0	0.0
OG0014830	0.0	0.0	0.0	0.0
OG0014831	0.0	0.0	0.0	0.0
OG0014832	0.0	0.0	0.0	0.0
OG0014833	0.0	0.0	0.0	0.0
OG0014834	0.0	0.0	0.0	0.0
OG0014835	0.0	0.0	0.0	0.0
OG0014837	0.0	0.0	0.0	0.0
OG0014838	0.0	0.0	0.0	0.0
OG0014839	0.0	0.0	0.0	0.0
OG0014840	0.0	0.0	0.0	0.0
OG0014841	0.0	0.0	0.0	0.0
OG0014842	0.0	0.0	0.0	0.0
OG0014843	0.0	0.0	0.0	0.0
OG0014844	0.0	0.0	0.0	0.0
OG0014845	0.0	0.0	0.0	0.0
OG0014846	0.0	0.0	0.0	0.0
OG0014847	0.0	0.0	0.0	0.0
OG0014848	0.0	0.0	0.0	0.0
OG0014849	0.0	0.0	0.0	0.0
OG0014850	0.0	0.0	0.0	0.0
OG0014851	0.0	0.0	0.0	0.0
OG0014852	0.0	0.0	0.0	0.0
OG0014854	0.0	0.0	0.0	0.0
OG0014855	0.0	0.0	0.0	0.0
OG0014857	0.0	0.0	0.0	0.0
OG0014858	0.0	0.0	0.0	0.0
OG0014859	0.0	0.0	0.0	0.0
OG0014860	0.0	0.0	0.0	0.0
OG0014861	0.0	0.0	0.0	0.0
OG0014862	0.0	0.0	0.0	0.0
OG0014863	0.0	0.0	0.0	0.0
OG0014864	0.0	0.0	0.0	0.0
OG0014865	0.0	0.0	0.0	0.0
OG0014866	0.0	0.0	0.0	0.0
OG0014869	0.0	0.0	0.0	0.0
OG0014870	0.0	0.0	0.0	0.0
OG0014871	0.0	0.0	0.0	0.0
OG0014872	0.0	0.0	0.0	0.0
OG0014873	0.0	0.0	0.0	0.0
OG0014874	0.0	0.0	0.0	0.0
OG0014875	0.0	0.0	0.0	0.0
OG0014876	0.0	0.0	0.0	0.0
OG0014877	0.0	0.0	0.0	0.0
OG0014878	0.0	0.0	0.0	0.0
OG0014879	0.0	0.0	0.0	0.0
OG0014880	0.0	0.0	0.0	0.0
OG0014881	0.0	0.0	0.0	0.0
OG0014882	0.0	0.0	0.0	0.0
OG0014883	0.0	0.0	0.0	0.0
OG0014884	0.0	0.0	0.0	0.0
OG0014885	0.0	0.0	0.0	0.0
OG0014886	0.0	0.0	0.0	0.0
OG0014887	0.0	0.0	0.0	0.0
OG0014888	0.0	0.0	0.0	0.0
OG0014889	0.0	0.0	0.0	0.0
OG0014890	0.0	0.0	0.0	0.0
OG0014891	0.0	0.0	0.0	0.0
OG0014892	0.0	0.0	0.0	0.0
OG0014893	0.0	0.0	0.0	0.0
OG0014894	0.0	0.0	0.0	0.0
OG0014895	0.0	0.0	0.0	0.0
OG0014896	0.0	0.0	0.0	0.0
OG0014897	0.0	0.0	0.0	0.0
OG0014899	0.0	0.0	0.0	0.0
OG0014900	0.0	0.0	0.0	0.0
OG0014903	0.0	0.0	0.0	0.0
OG0014904	0.0	0.0	0.0	0.0
OG0014905	0.0	0.0	0.0	0.0
OG0014906	0.0	0.0	0.0	0.0
OG0014907	0.0	0.0	0.0	0.0
OG0014908	0.0	0.0	0.0	0.0
OG0014909	0.0	0.0	0.0	0.0
OG0014911	0.0	0.0	0.0	0.0
OG0014912	0.0	0.0	0.0	0.0
OG0014913	0.0	0.0	0.0	0.0
OG0014914	0.0	0.0	0.0	0.0
OG0014915	0.0	0.0	0.0	0.0
OG0014916	0.0	0.0	0.0	0.0
OG0014917	0.0	0.0	0.0	0.0
OG0014918	0.0	0.0	0.0	0.0
OG0014919	0.0	0.0	0.0	0.0
OG0014920	0.0	0.0	0.0	0.0
OG0014922	0.0	0.0	0.0	0.0
OG0014924	0.0	0.0	0.0	0.0
OG0014925	0.0	0.0	0.0	0.0
OG0014926	0.0	0.0	0.0	0.0
OG0014928	0.0	0.0	0.0	0.0
OG0014929	0.0	0.0	0.0	0.0
OG0014930	0.0	0.0	0.0	0.0
OG0014931	0.0	0.0	0.0	0.0
OG0014932	0.0	0.0	0.0	0.0
OG0014933	0.0	0.0	0.0	0.0
OG0014934	0.0	0.0	0.0	0.0
OG0014935	0.0	0.0	0.0	0.0
OG0014936	0.0	0.0	0.0	0.0
OG0014937	0.0	0.0	0.0	0.0
OG0014938	0.0	0.0	0.0	0.0
OG0014940	0.0	0.0	0.0	0.0
OG0014941	0.0	0.0	0.0	0.0
OG0014942	0.0	0.0	0.0	0.0
OG0014943	0.0	0.0	0.0	0.0
OG0014944	0.0	0.0	0.0	0.0
OG0014945	0.0	0.0	0.0	0.0
OG0014946	0.0	0.0	0.0	0.0
OG0014947	0.0	0.0	0.0	0.0
OG0014948	0.0	0.0	0.0	0.0
OG0014949	0.0	0.0	0.0	0.0
OG0014950	0.0	0.0	0.0	0.0
OG0014951	0.0	0.0	0.0	0.0
OG0014952	0.0	0.0	0.0	0.0
OG0014953	0.0	0.0	0.0	0.0
OG0014954	0.0	0.0	0.0	0.0
OG0014955	0.0	0.0	0.0	0.0
OG0014956	0.0	0.0	0.0	0.0
OG0014957	0.0	0.0	0.0	0.0
OG0014958	0.0	0.0	0.0	0.0
OG0014959	0.0	0.0	0.0	0.0
OG0014960	0.0	0.0	0.0	0.0
OG0014961	0.0	0.0	0.0	0.0
OG0014962	0.0	0.0	0.0	0.0
OG0014963	0.0	0.0	0.0	0.0
OG0014964	0.0	0.0	0.0	0.0
OG0014965	0.0	0.0	0.0	0.0
OG0014966	0.0	0.0	0.0	0.0
OG0014967	0.0	0.0	0.0	0.0
OG0014968	0.0	0.0	0.0	0.0
OG0014969	0.0	0.0	0.0	0.0
OG0014970	0.0	0.0	0.0	0.0
OG0014971	0.0	0.0	0.0	0.0
OG0014972	0.0	0.0	0.0	0.0
OG0014973	0.0	0.0	0.0	0.0
OG0014974	0.0	0.0	0.0	0.0
OG0014975	0.0	0.0	0.0	0.0
OG0014976	0.0	0.0	0.0	0.0
OG0014977	0.0	0.0	0.0	0.0
OG0014978	0.0	0.0	0.0	0.0
OG0014979	0.0	0.0	0.0	0.0
OG0014980	0.0	0.0	0.0	0.0
OG0014981	0.0	0.0	0.0	0.0
OG0014982	0.0	0.0	0.0	0.0
OG0014983	0.0	0.0	0.0	0.0
OG0014984	0.0	0.0	0.0	0.0
OG0014985	0.0	0.0	0.0	0.0
OG0014986	0.0	0.0	0.0	0.0
OG0014987	0.0	0.0	0.0	0.0
OG0014988	0.0	0.0	0.0	0.0
OG0014989	0.0	0.0	0.0	0.0
OG0014990	0.0	0.0	0.0	0.0
OG0014991	0.0	0.0	0.0	0.0
OG0014992	0.0	0.0	0.0	0.0
OG0014993	0.0	0.0	0.0	0.0
OG0014994	0.0	0.0	0.0	0.0
OG0014995	0.0	0.0	0.0	0.0
OG0014996	0.0	0.0	0.0	0.0
OG0014997	0.0	0.0	0.0	0.0
OG0014998	0.0	0.0	0.0	0.0
OG0014999	0.0	0.0	0.0	0.0
OG0015000	0.0	0.0	0.0	0.0
OG0015001	0.0	0.0	0.0	0.0
OG0015002	0.0	0.0	0.0	0.0
OG0015003	0.0	0.0	0.0	0.0
OG0015004	0.0	0.0	0.0	0.0
OG0015005	0.0	0.0	0.0	0.0
OG0015006	0.0	0.0	0.0	0.0
OG0015007	0.0	0.0	0.0	0.0
OG0015008	0.0	0.0	0.0	0.0
OG0015009	0.0	0.0	0.0	0.0
OG0015010	0.0	0.0	0.0	0.0
OG0015011	0.0	0.0	0.0	0.0
OG0015012	0.0	0.0	0.0	0.0
OG0015013	0.0	0.0	0.0	0.0
OG0015014	0.0	0.0	0.0	0.0
OG0015015	0.0	0.0	0.0	0.0
OG0015016	0.0	0.0	0.0	0.0
OG0015017	0.0	0.0	0.0	0.0
OG0015018	0.0	0.0	0.0	0.0
OG0015019	0.0	0.0	0.0	0.0
OG0015020	0.0	0.0	0.0	0.0
OG0015021	0.0	0.0	0.0	0.0
OG0015022	0.0	0.0	0.0	0.0
OG0015023	0.0	0.0	0.0	0.0
OG0015024	0.0	0.0	0.0	0.0
OG0015026	0.0	0.0	0.0	0.0
OG0015027	0.0	0.0	0.0	0.0
OG0015028	0.0	0.0	0.0	0.0
OG0015029	0.0	0.0	0.0	0.0
OG0015030	0.0	0.0	0.0	0.0
OG0015031	0.0	0.0	0.0	0.0
OG0015032	0.0	0.0	0.0	0.0
OG0015033	0.0	0.0	0.0	0.0
OG0015034	0.0	0.0	0.0	0.0
OG0015035	0.0	0.0	0.0	0.0
OG0015036	0.0	0.0	0.0	0.0
OG0015037	0.0	0.0	0.0	0.0
OG0015038	0.0	0.0	0.0	0.0
OG0015039	0.0	0.0	0.0	0.0
OG0015040	0.0	0.0	0.0	0.0
OG0015041	0.0	0.0	0.0	0.0
OG0015042	0.0	0.0	0.0	0.0
OG0015043	0.0	0.0	0.0	0.0
OG0015044	0.0	0.0	0.0	0.0
OG0015045	0.0	0.0	0.0	0.0
OG0015047	0.0	0.0	0.0	0.0
OG0015048	0.0	0.0	0.0	0.0
OG0015049	0.0	0.0	0.0	0.0
OG0015050	0.0	0.0	0.0	0.0
OG0015051	0.0	0.0	0.0	0.0
OG0015052	0.0	0.0	0.0	0.0
OG0015053	0.0	0.0	0.0	0.0
OG0015054	0.0	0.0	0.0	0.0
OG0015056	0.0	0.0	0.0	0.0
OG0015057	0.0	0.0	0.0	0.0
OG0015058	0.0	0.0	0.0	0.0
OG0015059	0.0	0.0	0.0	0.0
OG0015060	0.0	0.0	0.0	0.0
OG0015061	0.0	0.0	0.0	0.0
OG0015062	0.0	0.0	0.0	0.0
OG0015063	0.0	0.0	0.0	0.0
OG0015064	0.0	0.0	0.0	0.0
OG0015065	0.0	0.0	0.0	0.0
OG0015066	0.0	0.0	0.0	0.0
OG0015067	0.0	0.0	0.0	0.0
OG0015068	0.0	0.0	0.0	0.0
OG0015069	0.0	0.0	0.0	0.0
OG0015070	0.0	0.0	0.0	0.0
OG0015071	0.0	0.0	0.0	0.0
OG0015072	0.0	0.0	0.0	0.0
OG0015073	0.0	0.0	0.0	0.0
OG0015074	0.0	0.0	0.0	0.0
OG0015075	0.0	0.0	0.0	0.0
OG0015076	0.0	0.0	0.0	0.0
OG0015077	0.0	0.0	0.0	0.0
OG0015078	0.0	0.0	0.0	0.0
OG0015079	0.0	0.0	0.0	0.0
OG0015080	0.0	0.0	0.0	0.0
OG0015081	0.0	0.0	0.0	0.0
OG0015082	0.0	0.0	0.0	0.0
OG0015083	0.0	0.0	0.0	0.0
OG0015084	0.0	0.0	0.0	0.0
OG0015085	0.0	0.0	0.0	0.0
OG0015086	0.0	0.0	0.0	0.0
OG0015087	0.0	0.0	0.0	0.0
OG0015088	0.0	0.0	0.0	0.0
OG0015089	0.0	0.0	0.0	0.0
OG0015090	0.0	0.0	0.0	0.0
OG0015091	0.0	0.0	0.0	0.0
OG0015092	0.0	0.0	0.0	0.0
OG0015093	0.0	0.0	0.0	0.0
OG0015094	0.0	0.0	0.0	0.0
OG0015095	0.0	0.0	0.0	0.0
OG0015096	0.0	0.0	0.0	0.0
OG0015097	0.0	0.0	0.0	0.0
OG0015098	0.0	0.0	0.0	0.0
OG0015099	0.0	0.0	0.0	0.0
OG0015100	0.0	0.0	0.0	0.0
OG0015101	0.0	0.0	0.0	0.0
OG0015102	0.0	0.0	0.0	0.0
OG0015103	0.0	0.0	0.0	0.0
OG0015104	0.0	0.0	0.0	0.0
OG0015105	0.0	0.0	0.0	0.0
OG0015106	0.0	0.0	0.0	0.0
OG0015107	0.0	0.0	0.0	0.0
OG0015108	0.0	0.0	0.0	0.0
OG0015109	0.0	0.0	0.0	0.0
OG0015110	0.0	0.0	0.0	0.0
OG0015111	0.0	0.0	0.0	0.0
OG0015112	0.0	0.0	0.0	0.0
OG0015113	0.0	0.0	0.0	0.0
OG0015114	0.0	0.0	0.0	0.0
OG0015115	0.0	0.0	0.0	0.0
OG0015116	0.0	0.0	0.0	0.0
OG0015117	0.0	0.0	0.0	0.0
OG0015118	0.0	0.0	0.0	0.0
OG0015119	0.0	0.0	0.0	0.0
OG0015120	0.0	0.0	0.0	0.0
OG0015121	0.0	0.0	0.0	0.0
OG0015122	0.0	0.0	0.0	0.0
OG0015123	0.0	0.0	0.0	0.0
OG0015124	0.0	0.0	0.0	0.0
OG0015125	0.0	0.0	0.0	0.0
OG0015126	0.0	0.0	0.0	0.0
OG0015127	0.0	0.0	0.0	0.0
OG0015128	0.0	0.0	0.0	0.0
OG0015129	0.0	0.0	0.0	0.0
OG0015130	0.0	0.0	0.0	0.0
OG0015131	0.0	0.0	0.0	0.0
OG0015132	0.0	0.0	0.0	0.0
OG0015133	0.0	0.0	0.0	0.0
OG0015134	0.0	0.0	0.0	0.0
OG0015135	0.0	0.0	0.0	0.0
OG0015136	0.0	0.0	0.0	0.0
OG0015137	0.0	0.0	0.0	0.0
OG0015138	0.0	0.0	0.0	0.0
OG0015139	0.0	0.0	0.0	0.0
OG0015140	0.0	0.0	0.0	0.0
OG0015141	0.0	0.0	0.0	0.0
OG0015142	0.0	0.0	0.0	0.0
OG0015143	0.0	0.0	0.0	0.0
OG0015144	0.0	0.0	0.0	0.0
OG0015145	0.0	0.0	0.0	0.0
OG0015146	0.0	0.0	0.0	0.0
OG0015147	0.0	0.0	0.0	0.0
OG0015148	0.0	0.0	0.0	0.0
OG0015149	0.0	0.0	0.0	0.0
OG0015150	0.0	0.0	0.0	0.0
OG0015151	0.0	0.0	0.0	0.0
OG0015152	0.0	0.0	0.0	0.0
OG0015153	0.0	0.0	0.0	0.0
OG0015154	0.0	0.0	0.0	0.0
OG0015155	0.0	0.0	0.0	0.0
OG0015156	0.0	0.0	0.0	0.0
OG0015157	0.0	0.0	0.0	0.0
OG0015158	0.0	0.0	0.0	0.0
OG0015159	0.0	0.0	0.0	0.0
OG0015160	0.0	0.0	0.0	0.0
OG0015161	0.0	0.0	0.0	0.0
OG0015162	0.0	0.0	0.0	0.0
OG0015163	0.0	0.0	0.0	0.0
OG0015164	0.0	0.0	0.0	0.0
OG0015165	0.0	0.0	0.0	0.0
OG0015166	0.0	0.0	0.0	0.0
OG0015167	0.0	0.0	0.0	0.0
OG0015168	0.0	0.0	0.0	0.0
OG0015169	0.0	0.0	0.0	0.0
OG0015170	0.0	0.0	0.0	0.0
OG0015171	0.0	0.0	0.0	0.0
OG0015172	0.0	0.0	0.0	0.0
OG0015173	0.0	0.0	0.0	0.0
OG0015174	0.0	0.0	0.0	0.0
OG0015175	0.0	0.0	0.0	0.0
OG0015176	0.0	0.0	0.0	0.0
OG0015177	0.0	0.0	0.0	0.0
OG0015178	0.0	0.0	0.0	0.0
OG0015179	0.0	0.0	0.0	0.0
OG0015180	0.0	0.0	0.0	0.0
OG0015181	0.0	0.0	0.0	0.0
OG0015182	0.0	0.0	0.0	0.0
OG0015183	0.0	0.0	0.0	0.0
OG0015184	0.0	0.0	0.0	0.0
OG0015185	0.0	0.0	0.0	0.0
OG0015186	0.0	0.0	0.0	0.0
OG0015187	0.0	0.0	0.0	0.0
OG0015188	0.0	0.0	0.0	0.0
OG0015189	0.0	0.0	0.0	0.0
OG0015190	0.0	0.0	0.0	0.0
OG0015191	0.0	0.0	0.0	0.0
OG0015192	0.0	0.0	0.0	0.0
OG0015193	0.0	0.0	0.0	0.0
OG0015194	0.0	0.0	0.0	0.0
OG0015195	0.0	0.0	0.0	0.0
OG0015196	0.0	0.0	0.0	0.0
OG0015197	0.0	0.0	0.0	0.0
OG0015198	0.0	0.0	0.0	0.0
OG0015199	0.0	0.0	0.0	0.0
OG0015200	0.0	0.0	0.0	0.0
OG0015201	0.0	0.0	0.0	0.0
OG0015202	0.0	0.0	0.0	0.0
OG0015203	0.0	0.0	0.0	0.0
OG0015204	0.0	0.0	0.0	0.0
OG0015205	0.0	0.0	0.0	0.0
OG0015206	0.0	0.0	0.0	0.0
OG0015207	0.0	0.0	0.0	0.0
OG0015208	0.0	0.0	0.0	0.0
OG0015209	0.0	0.0	0.0	0.0
OG0015210	0.0	0.0	0.0	0.0
OG0015211	0.0	0.0	0.0	0.0
OG0015212	0.0	0.0	0.0	0.0
OG0015213	0.0	0.0	0.0	0.0
OG0015214	0.0	0.0	0.0	0.0
OG0015215	0.0	0.0	0.0	0.0
OG0015216	0.0	0.0	0.0	0.0
OG0015217	0.0	0.0	0.0	0.0
OG0015218	0.0	0.0	0.0	0.0
OG0015219	0.0	0.0	0.0	0.0
OG0015220	0.0	0.0	0.0	0.0
OG0015221	0.0	0.0	0.0	0.0
OG0015222	0.0	0.0	0.0	0.0
OG0015223	0.0	0.0	0.0	0.0
OG0015224	0.0	0.0	0.0	0.0
OG0015225	0.0	0.0	0.0	0.0
OG0015226	0.0	0.0	0.0	0.0
OG0015227	0.0	0.0	0.0	0.0
OG0015228	0.0	0.0	0.0	0.0
OG0015229	0.0	0.0	0.0	0.0
OG0015232	0.0	0.0	0.0	0.0
OG0015233	0.0	0.0	0.0	0.0
OG0015234	0.0	0.0	0.0	0.0
OG0015235	0.0	0.0	0.0	0.0
OG0015236	0.0	0.0	0.0	0.0
OG0015237	0.0	0.0	0.0	0.0
OG0015238	0.0	0.0	0.0	0.0
OG0015239	0.0	0.0	0.0	0.0
OG0015240	0.0	0.0	0.0	0.0
OG0015241	0.0	0.0	0.0	0.0
OG0015242	0.0	0.0	0.0	0.0
OG0015243	0.0	0.0	0.0	0.0
OG0015244	0.0	0.0	0.0	0.0
OG0015245	0.0	0.0	0.0	0.0
OG0015246	0.0	0.0	0.0	0.0
OG0015247	0.0	0.0	0.0	0.0
OG0015248	0.0	0.0	0.0	0.0
OG0015249	0.0	0.0	0.0	0.0
OG0015250	0.0	0.0	0.0	0.0
OG0015255	0.0	0.0	0.0	0.0
OG0015260	0.0	0.0	0.0	0.0
OG0015262	0.0	0.0	0.0	0.0
OG0015263	0.0	0.0	0.0	0.0
OG0015265	0.0	0.0	0.0	0.0
OG0015266	0.0	0.0	0.0	0.0
OG0015267	0.0	0.0	0.0	0.0
OG0015268	0.0	0.0	0.0	0.0
OG0015270	0.0	0.0	0.0	0.0
OG0015271	0.0	0.0	0.0	0.0
OG0015272	0.0	0.0	0.0	0.0
OG0015274	0.0	0.0	0.0	0.0
OG0015276	0.0	0.0	0.0	0.0
OG0015277	0.0	0.0	0.0	0.0
OG0015279	0.0	0.0	0.0	0.0
OG0015280	0.0	0.0	0.0	0.0
OG0015284	0.0	0.0	0.0	0.0
OG0015285	0.0	0.0	0.0	0.0
OG0015287	0.0	0.0	0.0	0.0
OG0015289	0.0	0.0	0.0	0.0
OG0015290	0.0	0.0	0.0	0.0
OG0015291	0.0	0.0	0.0	0.0
OG0015292	0.0	0.0	0.0	0.0
OG0015293	0.0	0.0	0.0	0.0
OG0015295	0.0	0.0	0.0	0.0
OG0015296	0.0	0.0	0.0	0.0
OG0015297	0.0	0.0	0.0	0.0
OG0015298	0.0	0.0	0.0	0.0
OG0015299	0.0	0.0	0.0	0.0
OG0015300	0.0	0.0	0.0	0.0
OG0015301	0.0	0.0	0.0	0.0
OG0015302	0.0	0.0	0.0	0.0
OG0015303	0.0	0.0	0.0	0.0
OG0015304	0.0	0.0	0.0	0.0
OG0015306	0.0	0.0	0.0	0.0
OG0015307	0.0	0.0	0.0	0.0
OG0015308	0.0	0.0	0.0	0.0
OG0015309	0.0	0.0	0.0	0.0
OG0015310	0.0	0.0	0.0	0.0
OG0015311	0.0	0.0	0.0	0.0
OG0015313	0.0	0.0	0.0	0.0
OG0015315	0.0	0.0	0.0	0.0
OG0015316	0.0	0.0	0.0	0.0
OG0015317	0.0	0.0	0.0	0.0
OG0015318	0.0	0.0	0.0	0.0
OG0015319	0.0	0.0	0.0	0.0
OG0015320	0.0	0.0	0.0	0.0
OG0015322	0.0	0.0	0.0	0.0
OG0015323	0.0	0.0	0.0	0.0
OG0015325	0.0	0.0	0.0	0.0
OG0015326	0.0	0.0	0.0	0.0
OG0015327	0.0	0.0	0.0	0.0
OG0015329	0.0	0.0	0.0	0.0
OG0015330	0.0	0.0	0.0	0.0
OG0015331	0.0	0.0	0.0	0.0
OG0015332	0.0	0.0	0.0	0.0
OG0015333	0.0	0.0	0.0	0.0
OG0015334	0.0	0.0	0.0	0.0
OG0015335	0.0	0.0	0.0	0.0
OG0015336	0.0	0.0	0.0	0.0
OG0015337	0.0	0.0	0.0	0.0
OG0015338	0.0	0.0	0.0	0.0
OG0015339	0.0	0.0	0.0	0.0
OG0015342	0.0	0.0	0.0	0.0
OG0015348	0.0	0.0	0.0	0.0
OG0015365	0.0	0.0	0.0	0.0
OG0015380	0.0	0.0	0.0	0.0
OG0015383	0.0	0.0	0.0	0.0
OG0015385	0.0	0.0	0.0	0.0
OG0015386	0.0	0.0	0.0	0.0
OG0015390	0.0	0.0	0.0	0.0
OG0015391	0.0	0.0	0.0	0.0
OG0015392	0.0	0.0	0.0	0.0
OG0015394	0.0	0.0	0.0	0.0
OG0015399	0.0	0.0	0.0	0.0
OG0015400	0.0	0.0	0.0	0.0
OG0015401	0.0	0.0	0.0	0.0
OG0015404	0.0	0.0	0.0	0.0
OG0015405	0.0	0.0	0.0	0.0
OG0015406	0.0	0.0	0.0	0.0
OG0015407	0.0	0.0	0.0	0.0
OG0015408	0.0	0.0	0.0	0.0
OG0015410	0.0	0.0	0.0	0.0
OG0015411	0.0	0.0	0.0	0.0
OG0015414	0.0	0.0	0.0	0.0
OG0015416	0.0	0.0	0.0	0.0
OG0015418	0.0	0.0	0.0	0.0
OG0015419	0.0	0.0	0.0	0.0
OG0015420	0.0	0.0	0.0	0.0
OG0015421	0.0	0.0	0.0	0.0
OG0015423	0.0	0.0	0.0	0.0
OG0015425	0.0	0.0	0.0	0.0
OG0015428	0.0	0.0	0.0	0.0
OG0015429	0.0	0.0	0.0	0.0
OG0015430	0.0	0.0	0.0	0.0
OG0015431	0.0	0.0	0.0	0.0
OG0015432	0.0	0.0	0.0	0.0
OG0015433	0.0	0.0	0.0	0.0
OG0015434	0.0	0.0	0.0	0.0
OG0015435	0.0	0.0	0.0	0.0
OG0015436	0.0	0.0	0.0	0.0
OG0015437	0.0	0.0	0.0	0.0
OG0015438	0.0	0.0	0.0	0.0
OG0015440	0.0	0.0	0.0	0.0
OG0015443	0.0	0.0	0.0	0.0
OG0015445	0.0	0.0	0.0	0.0
OG0015446	0.0	0.0	0.0	0.0
OG0015447	0.0	0.0	0.0	0.0
OG0015448	0.0	0.0	0.0	0.0
OG0015449	0.0	0.0	0.0	0.0
OG0015450	0.0	0.0	0.0	0.0
OG0015453	0.0	0.0	0.0	0.0
OG0015454	0.0	0.0	0.0	0.0
OG0015455	0.0	0.0	0.0	0.0
OG0015456	0.0	0.0	0.0	0.0
OG0015457	0.0	0.0	0.0	0.0
OG0015458	0.0	0.0	0.0	0.0
OG0015459	0.0	0.0	0.0	0.0
OG0015460	0.0	0.0	0.0	0.0
OG0015462	0.0	0.0	0.0	0.0
OG0015463	0.0	0.0	0.0	0.0
OG0015464	0.0	0.0	0.0	0.0
OG0015465	0.0	0.0	0.0	0.0
OG0015466	0.0	0.0	0.0	0.0
OG0015467	0.0	0.0	0.0	0.0
OG0015468	0.0	0.0	0.0	0.0
OG0015469	0.0	0.0	0.0	0.0
OG0015470	0.0	0.0	0.0	0.0
OG0015471	0.0	0.0	0.0	0.0
OG0015472	0.0	0.0	0.0	0.0
OG0015473	0.0	0.0	0.0	0.0
OG0015474	0.0	0.0	0.0	0.0
OG0015475	0.0	0.0	0.0	0.0
OG0015476	0.0	0.0	0.0	0.0
OG0015477	0.0	0.0	0.0	0.0
OG0015478	0.0	0.0	0.0	0.0
OG0015479	0.0	0.0	0.0	0.0
OG0015480	0.0	0.0	0.0	0.0
OG0015481	0.0	0.0	0.0	0.0
OG0015482	0.0	0.0	0.0	0.0
OG0015483	0.0	0.0	0.0	0.0
OG0015484	0.0	0.0	0.0	0.0
OG0015485	0.0	0.0	0.0	0.0
OG0015486	0.0	0.0	0.0	0.0
OG0015487	0.0	0.0	0.0	0.0
OG0015488	0.0	0.0	0.0	0.0
OG0015489	0.0	0.0	0.0	0.0
OG0015490	0.0	0.0	0.0	0.0
OG0015491	0.0	0.0	0.0	0.0
OG0015492	0.0	0.0	0.0	0.0
OG0015493	0.0	0.0	0.0	0.0
OG0015494	0.0	0.0	0.0	0.0
OG0015495	0.0	0.0	0.0	0.0
OG0015496	0.0	0.0	0.0	0.0
OG0015497	0.0	0.0	0.0	0.0
OG0015498	0.0	0.0	0.0	0.0
OG0015500	0.0	0.0	0.0	0.0
OG0015501	0.0	0.0	0.0	0.0
OG0015502	0.0	0.0	0.0	0.0
OG0015503	0.0	0.0	0.0	0.0
OG0015504	0.0	0.0	0.0	0.0
OG0015506	0.0	0.0	0.0	0.0
OG0015507	0.0	0.0	0.0	0.0
OG0015508	0.0	0.0	0.0	0.0
OG0015509	0.0	0.0	0.0	0.0
OG0015510	0.0	0.0	0.0	0.0
OG0015511	0.0	0.0	0.0	0.0
OG0015512	0.0	0.0	0.0	0.0
OG0015513	0.0	0.0	0.0	0.0
OG0015514	0.0	0.0	0.0	0.0
OG0015515	0.0	0.0	0.0	0.0
OG0015516	0.0	0.0	0.0	0.0
OG0015517	0.0	0.0	0.0	0.0
OG0015518	0.0	0.0	0.0	0.0
OG0015519	0.0	0.0	0.0	0.0
OG0015520	0.0	0.0	0.0	0.0
OG0015521	0.0	0.0	0.0	0.0
OG0015522	0.0	0.0	0.0	0.0
OG0015523	0.0	0.0	0.0	0.0
OG0015524	0.0	0.0	0.0	0.0
OG0015525	0.0	0.0	0.0	0.0
OG0015526	0.0	0.0	0.0	0.0
OG0015527	0.0	0.0	0.0	0.0
OG0015528	0.0	0.0	0.0	0.0
OG0015529	0.0	0.0	0.0	0.0
OG0015530	0.0	0.0	0.0	0.0
OG0015531	0.0	0.0	0.0	0.0
OG0015532	0.0	0.0	0.0	0.0
OG0015533	0.0	0.0	0.0	0.0
OG0015535	0.0	0.0	0.0	0.0
OG0015536	0.0	0.0	0.0	0.0
OG0015537	0.0	0.0	0.0	0.0
OG0015538	0.0	0.0	0.0	0.0
OG0015539	0.0	0.0	0.0	0.0
OG0015540	0.0	0.0	0.0	0.0
OG0015541	0.0	0.0	0.0	0.0
OG0015542	0.0	0.0	0.0	0.0
OG0015543	0.0	0.0	0.0	0.0
OG0015544	0.0	0.0	0.0	0.0
OG0015545	0.0	0.0	0.0	0.0
OG0015546	0.0	0.0	0.0	0.0
OG0015547	0.0	0.0	0.0	0.0
OG0015548	0.0	0.0	0.0	0.0
OG0015549	0.0	0.0	0.0	0.0
OG0015550	0.0	0.0	0.0	0.0
OG0015551	0.0	0.0	0.0	0.0
OG0015552	0.0	0.0	0.0	0.0
OG0015553	0.0	0.0	0.0	0.0
OG0015554	0.0	0.0	0.0	0.0
OG0015555	0.0	0.0	0.0	0.0
OG0015556	0.0	0.0	0.0	0.0
OG0015557	0.0	0.0	0.0	0.0
OG0015559	0.0	0.0	0.0	0.0
OG0015561	0.0	0.0	0.0	0.0
OG0015562	0.0	0.0	0.0	0.0
OG0015563	0.0	0.0	0.0	0.0
OG0015564	0.0	0.0	0.0	0.0
OG0015565	0.0	0.0	0.0	0.0
OG0015566	0.0	0.0	0.0	0.0
OG0015567	0.0	0.0	0.0	0.0
OG0015568	0.0	0.0	0.0	0.0
OG0015569	0.0	0.0	0.0	0.0
OG0015570	0.0	0.0	0.0	0.0
OG0015571	0.0	0.0	0.0	0.0
OG0015572	0.0	0.0	0.0	0.0
OG0015573	0.0	0.0	0.0	0.0
OG0015574	0.0	0.0	0.0	0.0
OG0015575	0.0	0.0	0.0	0.0
OG0015576	0.0	0.0	0.0	0.0
OG0015577	0.0	0.0	0.0	0.0
OG0015578	0.0	0.0	0.0	0.0
OG0015579	0.0	0.0	0.0	0.0
OG0015580	0.0	0.0	0.0	0.0
OG0015581	0.0	0.0	0.0	0.0
OG0015582	0.0	0.0	0.0	0.0
OG0015583	0.0	0.0	0.0	0.0
OG0015584	0.0	0.0	0.0	0.0
OG0015586	0.0	0.0	0.0	0.0
OG0015587	0.0	0.0	0.0	0.0
OG0015588	0.0	0.0	0.0	0.0
OG0015589	0.0	0.0	0.0	0.0
OG0015590	0.0	0.0	0.0	0.0
OG0015591	0.0	0.0	0.0	0.0
OG0015592	0.0	0.0	0.0	0.0
OG0015593	0.0	0.0	0.0	0.0
OG0015594	0.0	0.0	0.0	0.0
OG0015595	0.0	0.0	0.0	0.0
OG0015596	0.0	0.0	0.0	0.0
OG0015597	0.0	0.0	0.0	0.0
OG0015598	0.0	0.0	0.0	0.0
OG0015599	0.0	0.0	0.0	0.0
OG0015600	0.0	0.0	0.0	0.0
OG0015601	0.0	0.0	0.0	0.0
OG0015602	0.0	0.0	0.0	0.0
OG0015603	0.0	0.0	0.0	0.0
OG0015604	0.0	0.0	0.0	0.0
OG0015605	0.0	0.0	0.0	0.0
OG0015606	0.0	0.0	0.0	0.0
OG0015607	0.0	0.0	0.0	0.0
OG0015608	0.0	0.0	0.0	0.0
OG0015609	0.0	0.0	0.0	0.0
OG0015610	0.0	0.0	0.0	0.0
OG0015612	0.0	0.0	0.0	0.0
OG0015613	0.0	0.0	0.0	0.0
OG0015614	0.0	0.0	0.0	0.0
OG0015615	0.0	0.0	0.0	0.0
OG0015616	0.0	0.0	0.0	0.0
OG0015617	0.0	0.0	0.0	0.0
OG0015618	0.0	0.0	0.0	0.0
OG0015619	0.0	0.0	0.0	0.0
OG0015629	0.0	0.0	0.0	0.0
OG0015633	0.0	0.0	0.0	0.0
OG0015647	0.0	0.0	0.0	0.0
OG0015648	0.0	0.0	0.0	0.0
OG0015659	0.0	0.0	0.0	0.0
OG0015661	0.0	0.0	0.0	0.0
OG0015664	0.0	0.0	0.0	0.0
OG0015665	0.0	0.0	0.0	0.0
OG0015668	0.0	0.0	0.0	0.0
OG0015669	0.0	0.0	0.0	0.0
OG0015670	0.0	0.0	0.0	0.0
OG0015671	0.0	0.0	0.0	0.0
OG0015675	0.0	0.0	0.0	0.0
OG0015677	0.0	0.0	0.0	0.0
OG0015678	0.0	0.0	0.0	0.0
OG0015679	0.0	0.0	0.0	0.0
OG0015680	0.0	0.0	0.0	0.0
OG0015681	0.0	0.0	0.0	0.0
OG0015682	0.0	0.0	0.0	0.0
OG0015683	0.0	0.0	0.0	0.0
OG0015684	0.0	0.0	0.0	0.0
OG0015688	0.0	0.0	0.0	0.0
OG0015691	0.0	0.0	0.0	0.0
OG0015692	0.0	0.0	0.0	0.0
OG0015693	0.0	0.0	0.0	0.0
OG0015694	0.0	0.0	0.0	0.0
OG0015695	0.0	0.0	0.0	0.0
OG0015696	0.0	0.0	0.0	0.0
OG0015697	0.0	0.0	0.0	0.0
OG0015698	0.0	0.0	0.0	0.0
OG0015699	0.0	0.0	0.0	0.0
OG0015736	0.0	0.0	0.0	0.0
OG0015743	0.0	0.0	0.0	0.0
OG0015751	0.0	0.0	0.0	0.0
OG0015756	0.0	0.0	0.0	0.0
OG0015762	0.0	0.0	0.0	0.0
OG0015767	0.0	0.0	0.0	0.0
OG0015769	0.0	0.0	0.0	0.0
OG0015770	0.0	0.0	0.0	0.0
OG0015773	0.0	0.0	0.0	0.0
OG0015778	0.0	0.0	0.0	0.0
OG0015781	0.0	0.0	0.0	0.0
OG0015783	0.0	0.0	0.0	0.0
OG0015788	0.0	0.0	0.0	0.0
OG0015789	0.0	0.0	0.0	0.0
OG0015790	0.0	0.0	0.0	0.0
OG0015791	0.0	0.0	0.0	0.0
OG0015792	0.0	0.0	0.0	0.0
OG0015795	0.0	0.0	0.0	0.0
OG0015796	0.0	0.0	0.0	0.0
OG0015797	0.0	0.0	0.0	0.0
OG0015798	0.0	0.0	0.0	0.0
OG0015799	0.0	0.0	0.0	0.0
OG0015800	0.0	0.0	0.0	0.0
OG0015801	0.0	0.0	0.0	0.0
OG0015802	0.0	0.0	0.0	0.0
OG0015803	0.0	0.0	0.0	0.0
OG0015804	0.0	0.0	0.0	0.0
OG0015805	0.0	0.0	0.0	0.0
OG0015806	0.0	0.0	0.0	0.0
OG0015810	0.0	0.0	0.0	0.0
OG0015813	0.0	0.0	0.0	0.0
OG0015814	0.0	0.0	0.0	0.0
OG0015816	0.0	0.0	0.0	0.0
OG0015817	0.0	0.0	0.0	0.0
OG0015821	0.0	0.0	0.0	0.0
OG0015822	0.0	0.0	0.0	0.0
OG0015823	0.0	0.0	0.0	0.0
OG0015824	0.0	0.0	0.0	0.0
OG0015825	0.0	0.0	0.0	0.0
OG0015826	0.0	0.0	0.0	0.0
OG0015827	0.0	0.0	0.0	0.0
OG0015828	0.0	0.0	0.0	0.0
OG0015829	0.0	0.0	0.0	0.0
OG0015830	0.0	0.0	0.0	0.0
OG0015834	0.0	0.0	0.0	0.0
OG0015836	0.0	0.0	0.0	0.0
OG0015853	0.0	0.0	0.0	0.0
OG0015856	0.0	0.0	0.0	0.0
OG0015857	0.0	0.0	0.0	0.0
OG0015869	0.0	0.0	0.0	0.0
OG0015870	0.0	0.0	0.0	0.0
OG0015891	0.0	0.0	0.0	0.0
OG0015893	0.0	0.0	0.0	0.0
OG0015904	0.0	0.0	0.0	0.0
OG0015908	0.0	0.0	0.0	0.0
OG0015952	0.0	0.0	0.0	0.0
OG0015987	0.0	0.0	0.0	0.0
OG0016053	0.0	0.0	0.0	0.0
OG0016069	0.0	0.0	0.0	0.0
OG0016085	0.0	0.0	0.0	0.0
OG0016204	0.0	0.0	0.0	0.0
OG0016205	0.0	0.0	0.0	0.0
OG0016206	0.0	0.0	0.0	0.0
OG0016207	0.0	0.0	0.0	0.0
OG0016208	0.0	0.0	0.0	0.0
OG0016209	0.0	0.0	0.0	0.0
OG0016210	0.0	0.0	0.0	0.0
OG0016211	0.0	0.0	0.0	0.0
OG0016212	0.0	0.0	0.0	0.0
OG0016213	0.0	0.0	0.0	0.0
OG0016214	0.0	0.0	0.0	0.0
OG0016215	0.0	0.0	0.0	0.0
OG0016216	0.0	0.0	0.0	0.0
OG0016217	0.0	0.0	0.0	0.0
OG0016218	0.0	0.0	0.0	0.0
OG0016219	0.0	0.0	0.0	0.0
OG0016220	0.0	0.0	0.0	0.0
OG0016221	0.0	0.0	0.0	0.0
OG0016222	0.0	0.0	0.0	0.0
OG0016223	0.0	0.0	0.0	0.0
OG0016224	0.0	0.0	0.0	0.0
OG0016225	0.0	0.0	0.0	0.0
OG0016226	0.0	0.0	0.0	0.0
OG0016227	0.0	0.0	0.0	0.0
OG0016229	0.0	0.0	0.0	0.0
OG0016230	0.0	0.0	0.0	0.0
OG0016231	0.0	0.0	0.0	0.0
OG0016232	0.0	0.0	0.0	0.0
OG0016233	0.0	0.0	0.0	0.0
OG0016234	0.0	0.0	0.0	0.0
OG0016235	0.0	0.0	0.0	0.0
OG0016236	0.0	0.0	0.0	0.0
OG0016237	0.0	0.0	0.0	0.0
OG0016238	0.0	0.0	0.0	0.0
OG0016239	0.0	0.0	0.0	0.0
OG0016240	0.0	0.0	0.0	0.0
OG0016241	0.0	0.0	0.0	0.0
OG0016242	0.0	0.0	0.0	0.0
OG0016243	0.0	0.0	0.0	0.0
OG0016244	0.0	0.0	0.0	0.0
OG0016245	0.0	0.0	0.0	0.0
OG0016246	0.0	0.0	0.0	0.0
OG0016247	0.0	0.0	0.0	0.0
OG0016248	0.0	0.0	0.0	0.0
OG0016249	0.0	0.0	0.0	0.0
OG0016250	0.0	0.0	0.0	0.0
OG0016251	0.0	0.0	0.0	0.0
OG0016252	0.0	0.0	0.0	0.0
OG0016253	0.0	0.0	0.0	0.0
OG0016254	0.0	0.0	0.0	0.0
OG0016255	0.0	0.0	0.0	0.0
OG0016257	0.0	0.0	0.0	0.0
OG0016258	0.0	0.0	0.0	0.0
OG0016288	0.0	0.0	0.0	0.0
OG0016289	0.0	0.0	0.0	0.0
OG0016290	0.0	0.0	0.0	0.0
OG0016291	0.0	0.0	0.0	0.0
OG0016293	0.0	0.0	0.0	0.0
OG0016295	0.0	0.0	0.0	0.0
OG0016296	0.0	0.0	0.0	0.0
OG0016297	0.0	0.0	0.0	0.0
OG0016298	0.0	0.0	0.0	0.0
OG0016299	0.0	0.0	0.0	0.0
OG0016300	0.0	0.0	0.0	0.0
OG0016301	0.0	0.0	0.0	0.0
OG0016302	0.0	0.0	0.0	0.0
OG0016303	0.0	0.0	0.0	0.0
OG0016304	0.0	0.0	0.0	0.0
OG0016305	0.0	0.0	0.0	0.0
OG0016306	0.0	0.0	0.0	0.0
OG0016308	0.0	0.0	0.0	0.0
OG0016309	0.0	0.0	0.0	0.0
OG0016310	0.0	0.0	0.0	0.0
OG0016311	0.0	0.0	0.0	0.0
OG0016315	0.0	0.0	0.0	0.0
OG0016316	0.0	0.0	0.0	0.0
OG0016317	0.0	0.0	0.0	0.0
OG0016318	0.0	0.0	0.0	0.0
OG0016319	0.0	0.0	0.0	0.0
OG0016321	0.0	0.0	0.0	0.0
OG0016322	0.0	0.0	0.0	0.0
OG0016323	0.0	0.0	0.0	0.0
OG0016324	0.0	0.0	0.0	0.0
OG0016325	0.0	0.0	0.0	0.0
OG0016326	0.0	0.0	0.0	0.0
OG0016327	0.0	0.0	0.0	0.0
OG0016330	0.0	0.0	0.0	0.0
OG0016331	0.0	0.0	0.0	0.0
OG0016332	0.0	0.0	0.0	0.0
OG0016333	0.0	0.0	0.0	0.0
OG0016335	0.0	0.0	0.0	0.0
OG0016336	0.0	0.0	0.0	0.0
OG0016337	0.0	0.0	0.0	0.0
OG0016338	0.0	0.0	0.0	0.0
OG0016339	0.0	0.0	0.0	0.0
OG0016342	0.0	0.0	0.0	0.0
OG0016343	0.0	0.0	0.0	0.0
OG0016344	0.0	0.0	0.0	0.0
OG0016347	0.0	0.0	0.0	0.0
OG0016348	0.0	0.0	0.0	0.0
OG0016349	0.0	0.0	0.0	0.0
OG0016350	0.0	0.0	0.0	0.0
OG0016351	0.0	0.0	0.0	0.0
OG0016352	0.0	0.0	0.0	0.0
OG0016353	0.0	0.0	0.0	0.0
OG0016354	0.0	0.0	0.0	0.0
OG0016357	0.0	0.0	0.0	0.0
OG0016358	0.0	0.0	0.0	0.0
OG0016359	0.0	0.0	0.0	0.0
OG0016360	0.0	0.0	0.0	0.0
OG0016361	0.0	0.0	0.0	0.0
OG0016362	0.0	0.0	0.0	0.0
OG0016363	0.0	0.0	0.0	0.0
OG0016365	0.0	0.0	0.0	0.0
OG0016366	0.0	0.0	0.0	0.0
OG0016367	0.0	0.0	0.0	0.0
OG0016368	0.0	0.0	0.0	0.0
OG0016369	0.0	0.0	0.0	0.0
OG0016370	0.0	0.0	0.0	0.0
OG0016371	0.0	0.0	0.0	0.0
OG0016372	0.0	0.0	0.0	0.0
OG0016373	0.0	0.0	0.0	0.0
OG0016374	0.0	0.0	0.0	0.0
OG0016375	0.0	0.0	0.0	0.0
OG0016376	0.0	0.0	0.0	0.0
OG0016377	0.0	0.0	0.0	0.0
OG0016378	0.0	0.0	0.0	0.0
OG0016380	0.0	0.0	0.0	0.0
OG0016382	0.0	0.0	0.0	0.0
OG0016383	0.0	0.0	0.0	0.0
OG0016384	0.0	0.0	0.0	0.0
OG0016386	0.0	0.0	0.0	0.0
OG0016387	0.0	0.0	0.0	0.0
OG0016388	0.0	0.0	0.0	0.0
OG0016390	0.0	0.0	0.0	0.0
OG0016391	0.0	0.0	0.0	0.0
OG0016392	0.0	0.0	0.0	0.0
OG0016394	0.0	0.0	0.0	0.0
OG0016395	0.0	0.0	0.0	0.0
OG0016396	0.0	0.0	0.0	0.0
OG0016397	0.0	0.0	0.0	0.0
OG0016398	0.0	0.0	0.0	0.0
OG0016399	0.0	0.0	0.0	0.0
OG0016401	0.0	0.0	0.0	0.0
OG0016404	0.0	0.0	0.0	0.0
OG0016405	0.0	0.0	0.0	0.0
OG0016407	0.0	0.0	0.0	0.0
OG0016410	0.0	0.0	0.0	0.0
OG0016411	0.0	0.0	0.0	0.0
OG0016412	0.0	0.0	0.0	0.0
OG0016413	0.0	0.0	0.0	0.0
OG0016414	0.0	0.0	0.0	0.0
OG0016415	0.0	0.0	0.0	0.0
OG0016416	0.0	0.0	0.0	0.0
OG0016418	0.0	0.0	0.0	0.0
OG0016419	0.0	0.0	0.0	0.0
OG0016421	0.0	0.0	0.0	0.0
OG0016422	0.0	0.0	0.0	0.0
OG0016423	0.0	0.0	0.0	0.0
OG0016424	0.0	0.0	0.0	0.0
OG0016425	0.0	0.0	0.0	0.0
OG0016428	0.0	0.0	0.0	0.0
OG0016430	0.0	0.0	0.0	0.0
OG0016431	0.0	0.0	0.0	0.0
OG0016432	0.0	0.0	0.0	0.0
OG0016434	0.0	0.0	0.0	0.0
OG0016435	0.0	0.0	0.0	0.0
OG0016437	0.0	0.0	0.0	0.0
OG0016438	0.0	0.0	0.0	0.0
OG0016439	0.0	0.0	0.0	0.0
OG0016440	0.0	0.0	0.0	0.0
OG0016442	0.0	0.0	0.0	0.0
OG0016443	0.0	0.0	0.0	0.0
OG0016444	0.0	0.0	0.0	0.0
OG0016445	0.0	0.0	0.0	0.0
OG0016446	0.0	0.0	0.0	0.0
OG0016447	0.0	0.0	0.0	0.0
OG0016448	0.0	0.0	0.0	0.0
OG0016449	0.0	0.0	0.0	0.0
OG0016450	0.0	0.0	0.0	0.0
OG0016451	0.0	0.0	0.0	0.0
OG0016452	0.0	0.0	0.0	0.0
OG0016453	0.0	0.0	0.0	0.0
OG0016454	0.0	0.0	0.0	0.0
OG0016456	0.0	0.0	0.0	0.0
OG0016458	0.0	0.0	0.0	0.0
OG0016459	0.0	0.0	0.0	0.0
OG0016460	0.0	0.0	0.0	0.0
OG0016462	0.0	0.0	0.0	0.0
OG0016463	0.0	0.0	0.0	0.0
OG0016465	0.0	0.0	0.0	0.0
OG0016466	0.0	0.0	0.0	0.0
OG0016468	0.0	0.0	0.0	0.0
OG0016469	0.0	0.0	0.0	0.0
OG0016470	0.0	0.0	0.0	0.0
OG0016471	0.0	0.0	0.0	0.0
OG0016472	0.0	0.0	0.0	0.0
OG0016475	0.0	0.0	0.0	0.0
OG0016477	0.0	0.0	0.0	0.0
OG0016478	0.0	0.0	0.0	0.0
OG0016480	0.0	0.0	0.0	0.0
OG0016481	0.0	0.0	0.0	0.0
OG0016482	0.0	0.0	0.0	0.0
OG0016483	0.0	0.0	0.0	0.0
OG0016484	0.0	0.0	0.0	0.0
OG0016485	0.0	0.0	0.0	0.0
OG0016486	0.0	0.0	0.0	0.0
OG0016487	0.0	0.0	0.0	0.0
OG0016488	0.0	0.0	0.0	0.0
OG0016489	0.0	0.0	0.0	0.0
OG0016490	0.0	0.0	0.0	0.0
OG0016492	0.0	0.0	0.0	0.0
OG0016493	0.0	0.0	0.0	0.0
OG0016494	0.0	0.0	0.0	0.0
OG0016496	0.0	0.0	0.0	0.0
OG0016498	0.0	0.0	0.0	0.0
OG0016499	0.0	0.0	0.0	0.0
OG0016500	0.0	0.0	0.0	0.0
OG0016501	0.0	0.0	0.0	0.0
OG0016502	0.0	0.0	0.0	0.0
OG0016503	0.0	0.0	0.0	0.0
OG0016504	0.0	0.0	0.0	0.0
OG0016506	0.0	0.0	0.0	0.0
OG0016507	0.0	0.0	0.0	0.0
OG0016508	0.0	0.0	0.0	0.0
OG0016509	0.0	0.0	0.0	0.0
OG0016510	0.0	0.0	0.0	0.0
OG0016512	0.0	0.0	0.0	0.0
OG0016513	0.0	0.0	0.0	0.0
OG0016515	0.0	0.0	0.0	0.0
OG0016517	0.0	0.0	0.0	0.0
OG0016518	0.0	0.0	0.0	0.0
OG0016519	0.0	0.0	0.0	0.0
OG0016520	0.0	0.0	0.0	0.0
OG0016521	0.0	0.0	0.0	0.0
OG0016522	0.0	0.0	0.0	0.0
OG0016525	0.0	0.0	0.0	0.0
OG0016526	0.0	0.0	0.0	0.0
OG0016527	0.0	0.0	0.0	0.0
OG0016528	0.0	0.0	0.0	0.0
OG0016529	0.0	0.0	0.0	0.0
OG0016531	0.0	0.0	0.0	0.0
OG0016532	0.0	0.0	0.0	0.0
OG0016535	0.0	0.0	0.0	0.0
OG0016536	0.0	0.0	0.0	0.0
OG0016538	0.0	0.0	0.0	0.0
OG0016539	0.0	0.0	0.0	0.0
OG0016540	0.0	0.0	0.0	0.0
OG0016541	0.0	0.0	0.0	0.0
OG0016542	0.0	0.0	0.0	0.0
OG0016543	0.0	0.0	0.0	0.0
OG0016544	0.0	0.0	0.0	0.0
OG0016545	0.0	0.0	0.0	0.0
OG0016548	0.0	0.0	0.0	0.0
OG0016549	0.0	0.0	0.0	0.0
OG0016551	0.0	0.0	0.0	0.0
OG0016552	0.0	0.0	0.0	0.0
OG0016553	0.0	0.0	0.0	0.0
OG0016554	0.0	0.0	0.0	0.0
OG0016555	0.0	0.0	0.0	0.0
OG0016558	0.0	0.0	0.0	0.0
OG0016559	0.0	0.0	0.0	0.0
OG0016560	0.0	0.0	0.0	0.0
OG0016561	0.0	0.0	0.0	0.0
OG0016563	0.0	0.0	0.0	0.0
OG0016565	0.0	0.0	0.0	0.0
OG0016566	0.0	0.0	0.0	0.0
OG0016568	0.0	0.0	0.0	0.0
OG0016569	0.0	0.0	0.0	0.0
OG0016570	0.0	0.0	0.0	0.0
OG0016571	0.0	0.0	0.0	0.0
OG0016572	0.0	0.0	0.0	0.0
OG0016574	0.0	0.0	0.0	0.0
OG0016576	0.0	0.0	0.0	0.0
OG0016577	0.0	0.0	0.0	0.0
OG0016578	0.0	0.0	0.0	0.0
OG0016579	0.0	0.0	0.0	0.0
OG0016580	0.0	0.0	0.0	0.0
OG0016581	0.0	0.0	0.0	0.0
OG0016583	0.0	0.0	0.0	0.0
OG0016584	0.0	0.0	0.0	0.0
OG0016586	0.0	0.0	0.0	0.0
OG0016587	0.0	0.0	0.0	0.0
OG0016591	0.0	0.0	0.0	0.0
OG0016592	0.0	0.0	0.0	0.0
OG0016593	0.0	0.0	0.0	0.0
OG0016594	0.0	0.0	0.0	0.0
OG0016595	0.0	0.0	0.0	0.0
OG0016597	0.0	0.0	0.0	0.0
OG0016598	0.0	0.0	0.0	0.0
OG0016599	0.0	0.0	0.0	0.0
OG0016600	0.0	0.0	0.0	0.0
OG0016601	0.0	0.0	0.0	0.0
OG0016602	0.0	0.0	0.0	0.0
OG0016603	0.0	0.0	0.0	0.0
OG0016604	0.0	0.0	0.0	0.0
OG0016605	0.0	0.0	0.0	0.0
OG0016606	0.0	0.0	0.0	0.0
OG0016607	0.0	0.0	0.0	0.0
OG0016608	0.0	0.0	0.0	0.0
OG0016609	0.0	0.0	0.0	0.0
OG0016610	0.0	0.0	0.0	0.0
OG0016611	0.0	0.0	0.0	0.0
OG0016612	0.0	0.0	0.0	0.0
OG0016613	0.0	0.0	0.0	0.0
OG0016614	0.0	0.0	0.0	0.0
OG0016615	0.0	0.0	0.0	0.0
OG0016616	0.0	0.0	0.0	0.0
OG0016617	0.0	0.0	0.0	0.0
OG0016618	0.0	0.0	0.0	0.0
OG0016619	0.0	0.0	0.0	0.0
OG0016620	0.0	0.0	0.0	0.0
OG0016621	0.0	0.0	0.0	0.0
OG0016622	0.0	0.0	0.0	0.0
OG0016623	0.0	0.0	0.0	0.0
OG0016624	0.0	0.0	0.0	0.0
OG0016625	0.0	0.0	0.0	0.0
OG0016626	0.0	0.0	0.0	0.0
OG0016627	0.0	0.0	0.0	0.0
OG0016628	0.0	0.0	0.0	0.0
OG0016629	0.0	0.0	0.0	0.0
OG0016630	0.0	0.0	0.0	0.0
OG0016631	0.0	0.0	0.0	0.0
OG0016632	0.0	0.0	0.0	0.0
OG0016634	0.0	0.0	0.0	0.0
OG0016635	0.0	0.0	0.0	0.0
OG0016636	0.0	0.0	0.0	0.0
OG0016637	0.0	0.0	0.0	0.0
OG0016638	0.0	0.0	0.0	0.0
OG0016639	0.0	0.0	0.0	0.0
OG0016640	0.0	0.0	0.0	0.0
OG0016641	0.0	0.0	0.0	0.0
OG0016642	0.0	0.0	0.0	0.0
OG0016643	0.0	0.0	0.0	0.0
OG0016644	0.0	0.0	0.0	0.0
OG0016645	0.0	0.0	0.0	0.0
OG0016646	0.0	0.0	0.0	0.0
OG0016647	0.0	0.0	0.0	0.0
OG0016648	0.0	0.0	0.0	0.0
OG0016650	0.0	0.0	0.0	0.0
OG0016651	0.0	0.0	0.0	0.0
OG0016652	0.0	0.0	0.0	0.0
OG0016653	0.0	0.0	0.0	0.0
OG0016654	0.0	0.0	0.0	0.0
OG0016655	0.0	0.0	0.0	0.0
OG0016658	0.0	0.0	0.0	0.0
OG0016659	0.0	0.0	0.0	0.0
OG0016660	0.0	0.0	0.0	0.0
OG0016661	0.0	0.0	0.0	0.0
OG0016662	0.0	0.0	0.0	0.0
OG0016663	0.0	0.0	0.0	0.0
OG0016664	0.0	0.0	0.0	0.0
OG0016665	0.0	0.0	0.0	0.0
OG0016666	0.0	0.0	0.0	0.0
OG0016667	0.0	0.0	0.0	0.0
OG0016668	0.0	0.0	0.0	0.0
OG0016669	0.0	0.0	0.0	0.0
OG0016670	0.0	0.0	0.0	0.0
OG0016671	0.0	0.0	0.0	0.0
OG0016674	0.0	0.0	0.0	0.0
OG0016675	0.0	0.0	0.0	0.0
OG0016676	0.0	0.0	0.0	0.0
OG0016677	0.0	0.0	0.0	0.0
OG0016678	0.0	0.0	0.0	0.0
OG0016679	0.0	0.0	0.0	0.0
OG0016691	0.0	0.0	0.0	0.0
OG0016703	0.0	0.0	0.0	0.0
OG0016713	0.0	0.0	0.0	0.0
OG0016718	0.0	0.0	0.0	0.0
OG0016719	0.0	0.0	0.0	0.0
OG0016720	0.0	0.0	0.0	0.0
OG0016747	0.0	0.0	0.0	0.0
OG0016761	0.0	0.0	0.0	0.0
OG0016764	0.0	0.0	0.0	0.0
OG0016766	0.0	0.0	0.0	0.0
OG0016780	0.0	0.0	0.0	0.0
OG0016782	0.0	0.0	0.0	0.0
OG0016785	0.0	0.0	0.0	0.0
OG0016804	0.0	0.0	0.0	0.0
OG0016805	0.0	0.0	0.0	0.0
OG0016806	0.0	0.0	0.0	0.0
OG0016807	0.0	0.0	0.0	0.0
OG0016808	0.0	0.0	0.0	0.0
OG0016809	0.0	0.0	0.0	0.0
OG0016810	0.0	0.0	0.0	0.0
OG0016811	0.0	0.0	0.0	0.0
OG0016812	0.0	0.0	0.0	0.0
OG0016813	0.0	0.0	0.0	0.0
OG0016814	0.0	0.0	0.0	0.0
OG0016815	0.0	0.0	0.0	0.0
OG0016816	0.0	0.0	0.0	0.0
OG0016817	0.0	0.0	0.0	0.0
OG0016818	0.0	0.0	0.0	0.0
OG0016819	0.0	0.0	0.0	0.0
OG0016820	0.0	0.0	0.0	0.0
OG0016821	0.0	0.0	0.0	0.0
OG0016823	0.0	0.0	0.0	0.0
OG0016824	0.0	0.0	0.0	0.0
OG0016826	0.0	0.0	0.0	0.0
OG0016827	0.0	0.0	0.0	0.0
OG0016828	0.0	0.0	0.0	0.0
OG0016829	0.0	0.0	0.0	0.0
OG0016830	0.0	0.0	0.0	0.0
OG0016832	0.0	0.0	0.0	0.0
OG0016833	0.0	0.0	0.0	0.0
OG0016834	0.0	0.0	0.0	0.0
OG0016835	0.0	0.0	0.0	0.0
OG0016836	0.0	0.0	0.0	0.0
OG0016837	0.0	0.0	0.0	0.0
OG0016838	0.0	0.0	0.0	0.0
OG0016840	0.0	0.0	0.0	0.0
OG0016841	0.0	0.0	0.0	0.0
OG0016842	0.0	0.0	0.0	0.0
OG0016843	0.0	0.0	0.0	0.0
OG0016844	0.0	0.0	0.0	0.0
OG0016845	0.0	0.0	0.0	0.0
OG0016846	0.0	0.0	0.0	0.0
OG0016847	0.0	0.0	0.0	0.0
OG0016848	0.0	0.0	0.0	0.0
OG0016849	0.0	0.0	0.0	0.0
OG0016850	0.0	0.0	0.0	0.0
OG0016851	0.0	0.0	0.0	0.0
OG0016852	0.0	0.0	0.0	0.0
OG0016853	0.0	0.0	0.0	0.0
OG0016854	0.0	0.0	0.0	0.0
OG0016855	0.0	0.0	0.0	0.0
OG0016856	0.0	0.0	0.0	0.0
OG0016857	0.0	0.0	0.0	0.0
OG0016859	0.0	0.0	0.0	0.0
OG0016860	0.0	0.0	0.0	0.0
OG0016861	0.0	0.0	0.0	0.0
OG0016862	0.0	0.0	0.0	0.0
OG0016863	0.0	0.0	0.0	0.0
OG0016864	0.0	0.0	0.0	0.0
OG0016865	0.0	0.0	0.0	0.0
OG0016866	0.0	0.0	0.0	0.0
OG0016867	0.0	0.0	0.0	0.0
OG0016868	0.0	0.0	0.0	0.0
OG0016869	0.0	0.0	0.0	0.0
OG0016870	0.0	0.0	0.0	0.0
OG0016871	0.0	0.0	0.0	0.0
OG0016872	0.0	0.0	0.0	0.0
OG0016873	0.0	0.0	0.0	0.0
OG0016874	0.0	0.0	0.0	0.0
OG0016876	0.0	0.0	0.0	0.0
OG0016877	0.0	0.0	0.0	0.0
OG0016878	0.0	0.0	0.0	0.0
OG0016879	0.0	0.0	0.0	0.0
OG0016881	0.0	0.0	0.0	0.0
OG0016882	0.0	0.0	0.0	0.0
OG0016886	0.0	0.0	0.0	0.0
OG0016887	0.0	0.0	0.0	0.0
OG0016888	0.0	0.0	0.0	0.0
OG0016889	0.0	0.0	0.0	0.0
OG0016890	0.0	0.0	0.0	0.0
OG0016891	0.0	0.0	0.0	0.0
OG0016892	0.0	0.0	0.0	0.0
OG0016893	0.0	0.0	0.0	0.0
OG0016894	0.0	0.0	0.0	0.0
OG0016895	0.0	0.0	0.0	0.0
OG0016896	0.0	0.0	0.0	0.0
OG0016897	0.0	0.0	0.0	0.0
OG0016898	0.0	0.0	0.0	0.0
OG0016899	0.0	0.0	0.0	0.0
OG0016900	0.0	0.0	0.0	0.0
OG0016907	0.0	0.0	0.0	0.0
OG0016908	0.0	0.0	0.0	0.0
OG0016911	0.0	0.0	0.0	0.0
OG0016913	0.0	0.0	0.0	0.0
OG0016916	0.0	0.0	0.0	0.0
OG0016919	0.0	0.0	0.0	0.0
OG0016921	0.0	0.0	0.0	0.0
OG0016922	0.0	0.0	0.0	0.0
OG0016923	0.0	0.0	0.0	0.0
OG0016924	0.0	0.0	0.0	0.0
OG0016925	0.0	0.0	0.0	0.0
OG0016926	0.0	0.0	0.0	0.0
OG0016928	0.0	0.0	0.0	0.0
OG0016929	0.0	0.0	0.0	0.0
OG0016930	0.0	0.0	0.0	0.0
OG0016931	0.0	0.0	0.0	0.0
OG0016932	0.0	0.0	0.0	0.0
OG0016933	0.0	0.0	0.0	0.0
OG0016934	0.0	0.0	0.0	0.0
OG0016935	0.0	0.0	0.0	0.0
OG0016936	0.0	0.0	0.0	0.0
OG0016938	0.0	0.0	0.0	0.0
OG0016939	0.0	0.0	0.0	0.0
OG0016940	0.0	0.0	0.0	0.0
OG0016941	0.0	0.0	0.0	0.0
OG0016942	0.0	0.0	0.0	0.0
OG0016943	0.0	0.0	0.0	0.0
OG0016944	0.0	0.0	0.0	0.0
OG0016945	0.0	0.0	0.0	0.0
OG0016946	0.0	0.0	0.0	0.0
OG0016947	0.0	0.0	0.0	0.0
OG0016948	0.0	0.0	0.0	0.0
OG0016949	0.0	0.0	0.0	0.0
OG0016950	0.0	0.0	0.0	0.0
OG0016951	0.0	0.0	0.0	0.0
OG0016952	0.0	0.0	0.0	0.0
OG0016953	0.0	0.0	0.0	0.0
OG0016954	0.0	0.0	0.0	0.0
OG0016955	0.0	0.0	0.0	0.0
OG0016956	0.0	0.0	0.0	0.0
OG0016957	0.0	0.0	0.0	0.0
OG0016958	0.0	0.0	0.0	0.0
OG0016959	0.0	0.0	0.0	0.0
OG0016960	0.0	0.0	0.0	0.0
OG0016961	0.0	0.0	0.0	0.0
OG0016962	0.0	0.0	0.0	0.0
OG0016963	0.0	0.0	0.0	0.0
OG0016964	0.0	0.0	0.0	0.0
OG0016965	0.0	0.0	0.0	0.0
OG0016966	0.0	0.0	0.0	0.0
OG0016967	0.0	0.0	0.0	0.0
OG0016968	0.0	0.0	0.0	0.0
OG0016969	0.0	0.0	0.0	0.0
OG0016970	0.0	0.0	0.0	0.0
OG0016971	0.0	0.0	0.0	0.0
OG0016972	0.0	0.0	0.0	0.0
OG0016973	0.0	0.0	0.0	0.0
OG0016974	0.0	0.0	0.0	0.0
OG0016975	0.0	0.0	0.0	0.0
OG0016976	0.0	0.0	0.0	0.0
OG0016977	0.0	0.0	0.0	0.0
OG0016978	0.0	0.0	0.0	0.0
OG0016979	0.0	0.0	0.0	0.0
OG0016980	0.0	0.0	0.0	0.0
OG0016981	0.0	0.0	0.0	0.0
OG0016982	0.0	0.0	0.0	0.0
OG0016983	0.0	0.0	0.0	0.0
OG0016985	0.0	0.0	0.0	0.0
OG0016988	0.0	0.0	0.0	0.0
OG0016989	0.0	0.0	0.0	0.0
OG0016991	0.0	0.0	0.0	0.0
OG0016992	0.0	0.0	0.0	0.0
OG0016993	0.0	0.0	0.0	0.0
OG0016994	0.0	0.0	0.0	0.0
OG0016995	0.0	0.0	0.0	0.0
OG0016996	0.0	0.0	0.0	0.0
OG0016998	0.0	0.0	0.0	0.0
OG0016999	0.0	0.0	0.0	0.0
OG0017000	0.0	0.0	0.0	0.0
OG0017001	0.0	0.0	0.0	0.0
OG0017002	0.0	0.0	0.0	0.0
OG0017003	0.0	0.0	0.0	0.0
OG0017004	0.0	0.0	0.0	0.0
OG0017005	0.0	0.0	0.0	0.0
OG0017006	0.0	0.0	0.0	0.0
OG0017007	0.0	0.0	0.0	0.0
OG0017008	0.0	0.0	0.0	0.0
OG0017010	0.0	0.0	0.0	0.0
OG0017011	0.0	0.0	0.0	0.0
OG0017012	0.0	0.0	0.0	0.0
OG0017013	0.0	0.0	0.0	0.0
OG0017014	0.0	0.0	0.0	0.0
OG0017015	0.0	0.0	0.0	0.0
OG0017016	0.0	0.0	0.0	0.0
OG0017017	0.0	0.0	0.0	0.0
OG0017018	0.0	0.0	0.0	0.0
OG0017019	0.0	0.0	0.0	0.0
OG0017020	0.0	0.0	0.0	0.0
OG0017021	0.0	0.0	0.0	0.0
OG0017022	0.0	0.0	0.0	0.0
OG0017023	0.0	0.0	0.0	0.0
OG0017025	0.0	0.0	0.0	0.0
OG0017026	0.0	0.0	0.0	0.0
OG0017027	0.0	0.0	0.0	0.0
OG0017028	0.0	0.0	0.0	0.0
OG0017029	0.0	0.0	0.0	0.0
OG0017030	0.0	0.0	0.0	0.0
OG0017031	0.0	0.0	0.0	0.0
OG0017032	0.0	0.0	0.0	0.0
OG0017033	0.0	0.0	0.0	0.0
OG0017034	0.0	0.0	0.0	0.0
OG0017035	0.0	0.0	0.0	0.0
OG0017036	0.0	0.0	0.0	0.0
OG0017037	0.0	0.0	0.0	0.0
OG0017038	0.0	0.0	0.0	0.0
OG0017039	0.0	0.0	0.0	0.0
OG0017041	0.0	0.0	0.0	0.0
OG0017042	0.0	0.0	0.0	0.0
OG0017043	0.0	0.0	0.0	0.0
OG0017044	0.0	0.0	0.0	0.0
OG0017045	0.0	0.0	0.0	0.0
OG0017046	0.0	0.0	0.0	0.0
OG0017047	0.0	0.0	0.0	0.0
OG0017048	0.0	0.0	0.0	0.0
OG0017049	0.0	0.0	0.0	0.0
OG0017050	0.0	0.0	0.0	0.0
OG0017051	0.0	0.0	0.0	0.0
OG0017053	0.0	0.0	0.0	0.0
OG0017054	0.0	0.0	0.0	0.0
OG0017055	0.0	0.0	0.0	0.0
OG0017056	0.0	0.0	0.0	0.0
OG0017057	0.0	0.0	0.0	0.0
OG0017058	0.0	0.0	0.0	0.0
OG0017059	0.0	0.0	0.0	0.0
OG0017060	0.0	0.0	0.0	0.0
OG0017061	0.0	0.0	0.0	0.0
OG0017062	0.0	0.0	0.0	0.0
OG0017063	0.0	0.0	0.0	0.0
OG0017064	0.0	0.0	0.0	0.0
OG0017065	0.0	0.0	0.0	0.0
OG0017066	0.0	0.0	0.0	0.0
OG0017067	0.0	0.0	0.0	0.0
OG0017069	0.0	0.0	0.0	0.0
OG0017070	0.0	0.0	0.0	0.0
OG0017071	0.0	0.0	0.0	0.0
OG0017073	0.0	0.0	0.0	0.0
OG0017074	0.0	0.0	0.0	0.0
OG0017077	0.0	0.0	0.0	0.0
OG0017078	0.0	0.0	0.0	0.0
OG0017079	0.0	0.0	0.0	0.0
OG0017080	0.0	0.0	0.0	0.0
OG0017081	0.0	0.0	0.0	0.0
OG0017082	0.0	0.0	0.0	0.0
OG0017083	0.0	0.0	0.0	0.0
OG0017084	0.0	0.0	0.0	0.0
OG0017085	0.0	0.0	0.0	0.0
OG0017086	0.0	0.0	0.0	0.0
OG0017087	0.0	0.0	0.0	0.0
OG0017088	0.0	0.0	0.0	0.0
OG0017089	0.0	0.0	0.0	0.0
OG0017090	0.0	0.0	0.0	0.0
OG0017091	0.0	0.0	0.0	0.0
OG0017092	0.0	0.0	0.0	0.0
OG0017093	0.0	0.0	0.0	0.0
OG0017094	0.0	0.0	0.0	0.0
OG0017095	0.0	0.0	0.0	0.0
OG0017096	0.0	0.0	0.0	0.0
OG0017097	0.0	0.0	0.0	0.0
OG0017098	0.0	0.0	0.0	0.0
OG0017099	0.0	0.0	0.0	0.0
OG0017100	0.0	0.0	0.0	0.0
OG0017101	0.0	0.0	0.0	0.0
OG0017102	0.0	0.0	0.0	0.0
OG0017103	0.0	0.0	0.0	0.0
OG0017104	0.0	0.0	0.0	0.0
OG0017105	0.0	0.0	0.0	0.0
OG0017106	0.0	0.0	0.0	0.0
OG0017107	0.0	0.0	0.0	0.0
OG0017108	0.0	0.0	0.0	0.0
OG0017109	0.0	0.0	0.0	0.0
OG0017110	0.0	0.0	0.0	0.0
OG0017112	0.0	0.0	0.0	0.0
OG0017113	0.0	0.0	0.0	0.0
OG0017114	0.0	0.0	0.0	0.0
OG0017116	0.0	0.0	0.0	0.0
OG0017117	0.0	0.0	0.0	0.0
OG0017118	0.0	0.0	0.0	0.0
OG0017119	0.0	0.0	0.0	0.0
OG0017121	0.0	0.0	0.0	0.0
OG0017122	0.0	0.0	0.0	0.0
OG0017123	0.0	0.0	0.0	0.0
OG0017124	0.0	0.0	0.0	0.0
OG0017125	0.0	0.0	0.0	0.0
OG0017128	0.0	0.0	0.0	0.0
OG0017129	0.0	0.0	0.0	0.0
OG0017130	0.0	0.0	0.0	0.0
OG0017131	0.0	0.0	0.0	0.0
OG0017132	0.0	0.0	0.0	0.0
OG0017133	0.0	0.0	0.0	0.0
OG0017134	0.0	0.0	0.0	0.0
OG0017135	0.0	0.0	0.0	0.0
OG0017136	0.0	0.0	0.0	0.0
OG0017137	0.0	0.0	0.0	0.0
OG0017138	0.0	0.0	0.0	0.0
OG0017139	0.0	0.0	0.0	0.0
OG0017140	0.0	0.0	0.0	0.0
OG0017141	0.0	0.0	0.0	0.0
OG0017142	0.0	0.0	0.0	0.0
OG0017143	0.0	0.0	0.0	0.0
OG0017144	0.0	0.0	0.0	0.0
OG0017145	0.0	0.0	0.0	0.0
OG0017146	0.0	0.0	0.0	0.0
OG0017147	0.0	0.0	0.0	0.0
OG0017148	0.0	0.0	0.0	0.0
OG0017149	0.0	0.0	0.0	0.0
OG0017151	0.0	0.0	0.0	0.0
OG0017152	0.0	0.0	0.0	0.0
OG0017153	0.0	0.0	0.0	0.0
OG0017154	0.0	0.0	0.0	0.0
OG0017155	0.0	0.0	0.0	0.0
OG0017156	0.0	0.0	0.0	0.0
OG0017157	0.0	0.0	0.0	0.0
OG0017158	0.0	0.0	0.0	0.0
OG0017159	0.0	0.0	0.0	0.0
OG0017160	0.0	0.0	0.0	0.0
OG0017161	0.0	0.0	0.0	0.0
OG0017162	0.0	0.0	0.0	0.0
OG0017163	0.0	0.0	0.0	0.0
OG0017164	0.0	0.0	0.0	0.0
OG0017165	0.0	0.0	0.0	0.0
OG0017166	0.0	0.0	0.0	0.0
OG0017167	0.0	0.0	0.0	0.0
OG0017168	0.0	0.0	0.0	0.0
OG0017169	0.0	0.0	0.0	0.0
OG0017170	0.0	0.0	0.0	0.0
OG0017171	0.0	0.0	0.0	0.0
OG0017172	0.0	0.0	0.0	0.0
OG0017173	0.0	0.0	0.0	0.0
OG0017174	0.0	0.0	0.0	0.0
OG0017175	0.0	0.0	0.0	0.0
OG0017176	0.0	0.0	0.0	0.0
OG0017177	0.0	0.0	0.0	0.0
OG0017178	0.0	0.0	0.0	0.0
OG0017179	0.0	0.0	0.0	0.0
OG0017180	0.0	0.0	0.0	0.0
OG0017181	0.0	0.0	0.0	0.0
OG0017182	0.0	0.0	0.0	0.0
OG0017183	0.0	0.0	0.0	0.0
OG0017184	0.0	0.0	0.0	0.0
OG0017185	0.0	0.0	0.0	0.0
OG0017188	0.0	0.0	0.0	0.0
OG0017189	0.0	0.0	0.0	0.0
OG0017190	0.0	0.0	0.0	0.0
OG0017192	0.0	0.0	0.0	0.0
OG0017194	0.0	0.0	0.0	0.0
OG0017196	0.0	0.0	0.0	0.0
OG0017201	0.0	0.0	0.0	0.0
OG0017203	0.0	0.0	0.0	0.0
OG0017205	0.0	0.0	0.0	0.0
OG0017206	0.0	0.0	0.0	0.0
OG0017208	0.0	0.0	0.0	0.0
OG0017209	0.0	0.0	0.0	0.0
OG0017210	0.0	0.0	0.0	0.0
OG0017211	0.0	0.0	0.0	0.0
OG0017212	0.0	0.0	0.0	0.0
OG0017213	0.0	0.0	0.0	0.0
OG0017216	0.0	0.0	0.0	0.0
OG0017217	0.0	0.0	0.0	0.0
OG0017218	0.0	0.0	0.0	0.0
OG0017219	0.0	0.0	0.0	0.0
OG0017220	0.0	0.0	0.0	0.0
OG0017221	0.0	0.0	0.0	0.0
OG0017222	0.0	0.0	0.0	0.0
OG0017224	0.0	0.0	0.0	0.0
OG0017225	0.0	0.0	0.0	0.0
OG0017227	0.0	0.0	0.0	0.0
OG0017228	0.0	0.0	0.0	0.0
OG0017229	0.0	0.0	0.0	0.0
OG0017231	0.0	0.0	0.0	0.0
OG0017232	0.0	0.0	0.0	0.0
OG0017233	0.0	0.0	0.0	0.0
OG0017234	0.0	0.0	0.0	0.0
OG0017235	0.0	0.0	0.0	0.0
OG0017237	0.0	0.0	0.0	0.0
OG0017238	0.0	0.0	0.0	0.0
OG0017241	0.0	0.0	0.0	0.0
OG0017242	0.0	0.0	0.0	0.0
OG0017243	0.0	0.0	0.0	0.0
OG0017244	0.0	0.0	0.0	0.0
OG0017245	0.0	0.0	0.0	0.0
OG0017246	0.0	0.0	0.0	0.0
OG0017247	0.0	0.0	0.0	0.0
OG0017248	0.0	0.0	0.0	0.0
OG0017249	0.0	0.0	0.0	0.0
OG0017250	0.0	0.0	0.0	0.0
OG0017251	0.0	0.0	0.0	0.0
OG0017252	0.0	0.0	0.0	0.0
OG0017253	0.0	0.0	0.0	0.0
OG0017254	0.0	0.0	0.0	0.0
OG0017255	0.0	0.0	0.0	0.0
OG0017256	0.0	0.0	0.0	0.0
OG0017257	0.0	0.0	0.0	0.0
OG0017258	0.0	0.0	0.0	0.0
OG0017259	0.0	0.0	0.0	0.0
OG0017260	0.0	0.0	0.0	0.0
OG0017261	0.0	0.0	0.0	0.0
OG0017262	0.0	0.0	0.0	0.0
OG0017263	0.0	0.0	0.0	0.0
OG0017264	0.0	0.0	0.0	0.0
OG0017266	0.0	0.0	0.0	0.0
OG0017268	0.0	0.0	0.0	0.0
OG0017269	0.0	0.0	0.0	0.0
OG0017270	0.0	0.0	0.0	0.0
OG0017271	0.0	0.0	0.0	0.0
OG0017272	0.0	0.0	0.0	0.0
OG0017273	0.0	0.0	0.0	0.0
OG0017274	0.0	0.0	0.0	0.0
OG0017275	0.0	0.0	0.0	0.0
OG0017276	0.0	0.0	0.0	0.0
OG0017277	0.0	0.0	0.0	0.0
OG0017278	0.0	0.0	0.0	0.0
OG0017279	0.0	0.0	0.0	0.0
OG0017281	0.0	0.0	0.0	0.0
OG0017282	0.0	0.0	0.0	0.0
OG0017283	0.0	0.0	0.0	0.0
OG0017284	0.0	0.0	0.0	0.0
OG0017285	0.0	0.0	0.0	0.0
OG0017286	0.0	0.0	0.0	0.0
OG0017287	0.0	0.0	0.0	0.0
OG0017288	0.0	0.0	0.0	0.0
OG0017289	0.0	0.0	0.0	0.0
OG0017290	0.0	0.0	0.0	0.0
OG0017291	0.0	0.0	0.0	0.0
OG0017292	0.0	0.0	0.0	0.0
OG0017293	0.0	0.0	0.0	0.0
OG0017295	0.0	0.0	0.0	0.0
OG0017296	0.0	0.0	0.0	0.0
OG0017297	0.0	0.0	0.0	0.0
OG0017298	0.0	0.0	0.0	0.0
OG0017299	0.0	0.0	0.0	0.0
OG0017300	0.0	0.0	0.0	0.0
OG0017301	0.0	0.0	0.0	0.0
OG0017302	0.0	0.0	0.0	0.0
OG0017303	0.0	0.0	0.0	0.0
OG0017304	0.0	0.0	0.0	0.0
OG0017305	0.0	0.0	0.0	0.0
OG0017306	0.0	0.0	0.0	0.0
OG0017307	0.0	0.0	0.0	0.0
OG0017308	0.0	0.0	0.0	0.0
OG0017309	0.0	0.0	0.0	0.0
OG0017310	0.0	0.0	0.0	0.0
OG0017311	0.0	0.0	0.0	0.0
OG0017312	0.0	0.0	0.0	0.0
OG0017313	0.0	0.0	0.0	0.0
OG0017314	0.0	0.0	0.0	0.0
OG0017315	0.0	0.0	0.0	0.0
OG0017316	0.0	0.0	0.0	0.0
OG0017317	0.0	0.0	0.0	0.0
OG0017318	0.0	0.0	0.0	0.0
OG0017319	0.0	0.0	0.0	0.0
OG0017320	0.0	0.0	0.0	0.0
OG0017321	0.0	0.0	0.0	0.0
OG0017322	0.0	0.0	0.0	0.0
OG0017323	0.0	0.0	0.0	0.0
OG0017324	0.0	0.0	0.0	0.0
OG0017325	0.0	0.0	0.0	0.0
OG0017326	0.0	0.0	0.0	0.0
OG0017327	0.0	0.0	0.0	0.0
OG0017328	0.0	0.0	0.0	0.0
OG0017329	0.0	0.0	0.0	0.0
OG0017330	0.0	0.0	0.0	0.0
OG0017331	0.0	0.0	0.0	0.0
OG0017332	0.0	0.0	0.0	0.0
OG0017335	0.0	0.0	0.0	0.0
OG0017336	0.0	0.0	0.0	0.0
OG0017337	0.0	0.0	0.0	0.0
OG0017338	0.0	0.0	0.0	0.0
OG0017339	0.0	0.0	0.0	0.0
OG0017340	0.0	0.0	0.0	0.0
OG0017341	0.0	0.0	0.0	0.0
OG0017342	0.0	0.0	0.0	0.0
OG0017343	0.0	0.0	0.0	0.0
OG0017344	0.0	0.0	0.0	0.0
OG0017345	0.0	0.0	0.0	0.0
OG0017346	0.0	0.0	0.0	0.0
OG0017347	0.0	0.0	0.0	0.0
OG0017348	0.0	0.0	0.0	0.0
OG0017349	0.0	0.0	0.0	0.0
OG0017350	0.0	0.0	0.0	0.0
OG0017351	0.0	0.0	0.0	0.0
OG0017352	0.0	0.0	0.0	0.0
OG0017353	0.0	0.0	0.0	0.0
OG0017354	0.0	0.0	0.0	0.0
OG0017356	0.0	0.0	0.0	0.0
OG0017357	0.0	0.0	0.0	0.0
OG0017358	0.0	0.0	0.0	0.0
OG0017359	0.0	0.0	0.0	0.0
OG0017360	0.0	0.0	0.0	0.0
OG0017361	0.0	0.0	0.0	0.0
OG0017362	0.0	0.0	0.0	0.0
OG0017365	0.0	0.0	0.0	0.0
OG0017366	0.0	0.0	0.0	0.0
OG0017367	0.0	0.0	0.0	0.0
OG0017368	0.0	0.0	0.0	0.0
OG0017369	0.0	0.0	0.0	0.0
OG0017370	0.0	0.0	0.0	0.0
OG0017371	0.0	0.0	0.0	0.0
OG0017373	0.0	0.0	0.0	0.0
OG0017374	0.0	0.0	0.0	0.0
OG0017375	0.0	0.0	0.0	0.0
OG0017376	0.0	0.0	0.0	0.0
OG0017377	0.0	0.0	0.0	0.0
OG0017378	0.0	0.0	0.0	0.0
OG0017379	0.0	0.0	0.0	0.0
OG0017380	0.0	0.0	0.0	0.0
OG0017381	0.0	0.0	0.0	0.0
OG0017382	0.0	0.0	0.0	0.0
OG0017383	0.0	0.0	0.0	0.0
OG0017384	0.0	0.0	0.0	0.0
OG0017385	0.0	0.0	0.0	0.0
OG0017386	0.0	0.0	0.0	0.0
OG0017387	0.0	0.0	0.0	0.0
OG0017388	0.0	0.0	0.0	0.0
OG0017389	0.0	0.0	0.0	0.0
OG0017390	0.0	0.0	0.0	0.0
OG0017391	0.0	0.0	0.0	0.0
OG0017392	0.0	0.0	0.0	0.0
OG0017393	0.0	0.0	0.0	0.0
OG0017394	0.0	0.0	0.0	0.0
OG0017395	0.0	0.0	0.0	0.0
OG0017396	0.0	0.0	0.0	0.0
OG0017397	0.0	0.0	0.0	0.0
OG0017398	0.0	0.0	0.0	0.0
OG0017399	0.0	0.0	0.0	0.0
OG0017400	0.0	0.0	0.0	0.0
OG0017401	0.0	0.0	0.0	0.0
OG0017402	0.0	0.0	0.0	0.0
OG0017403	0.0	0.0	0.0	0.0
OG0017404	0.0	0.0	0.0	0.0
OG0017405	0.0	0.0	0.0	0.0
OG0017406	0.0	0.0	0.0	0.0
OG0017408	0.0	0.0	0.0	0.0
OG0017410	0.0	0.0	0.0	0.0
OG0017411	0.0	0.0	0.0	0.0
OG0017412	0.0	0.0	0.0	0.0
OG0017413	0.0	0.0	0.0	0.0
OG0017414	0.0	0.0	0.0	0.0
OG0017415	0.0	0.0	0.0	0.0
OG0017416	0.0	0.0	0.0	0.0
OG0017417	0.0	0.0	0.0	0.0
OG0017418	0.0	0.0	0.0	0.0
OG0017419	0.0	0.0	0.0	0.0
OG0017420	0.0	0.0	0.0	0.0
OG0017421	0.0	0.0	0.0	0.0
OG0017422	0.0	0.0	0.0	0.0
OG0017423	0.0	0.0	0.0	0.0
OG0017424	0.0	0.0	0.0	0.0
OG0017425	0.0	0.0	0.0	0.0
OG0017426	0.0	0.0	0.0	0.0
OG0017427	0.0	0.0	0.0	0.0
OG0017428	0.0	0.0	0.0	0.0
OG0017429	0.0	0.0	0.0	0.0
OG0017430	0.0	0.0	0.0	0.0
OG0017431	0.0	0.0	0.0	0.0
OG0017432	0.0	0.0	0.0	0.0
OG0017433	0.0	0.0	0.0	0.0
OG0017434	0.0	0.0	0.0	0.0
OG0017435	0.0	0.0	0.0	0.0
OG0017436	0.0	0.0	0.0	0.0
OG0017437	0.0	0.0	0.0	0.0
OG0017438	0.0	0.0	0.0	0.0
OG0017439	0.0	0.0	0.0	0.0
OG0017440	0.0	0.0	0.0	0.0
OG0017441	0.0	0.0	0.0	0.0
OG0017442	0.0	0.0	0.0	0.0
OG0017443	0.0	0.0	0.0	0.0
OG0017446	0.0	0.0	0.0	0.0
OG0017447	0.0	0.0	0.0	0.0
OG0017448	0.0	0.0	0.0	0.0
OG0017449	0.0	0.0	0.0	0.0
OG0017450	0.0	0.0	0.0	0.0
OG0017451	0.0	0.0	0.0	0.0
OG0017452	0.0	0.0	0.0	0.0
OG0017453	0.0	0.0	0.0	0.0
OG0017454	0.0	0.0	0.0	0.0
OG0017455	0.0	0.0	0.0	0.0
OG0017456	0.0	0.0	0.0	0.0
OG0017457	0.0	0.0	0.0	0.0
OG0017458	0.0	0.0	0.0	0.0
OG0017459	0.0	0.0	0.0	0.0
OG0017460	0.0	0.0	0.0	0.0
OG0017461	0.0	0.0	0.0	0.0
OG0017462	0.0	0.0	0.0	0.0
OG0017463	0.0	0.0	0.0	0.0
OG0017464	0.0	0.0	0.0	0.0
OG0017465	0.0	0.0	0.0	0.0
OG0017466	0.0	0.0	0.0	0.0
OG0017467	0.0	0.0	0.0	0.0
OG0017468	0.0	0.0	0.0	0.0
OG0017470	0.0	0.0	0.0	0.0
OG0017471	0.0	0.0	0.0	0.0
OG0017472	0.0	0.0	0.0	0.0
OG0017473	0.0	0.0	0.0	0.0
OG0017474	0.0	0.0	0.0	0.0
OG0017478	0.0	0.0	0.0	0.0
OG0017479	0.0	0.0	0.0	0.0
OG0017481	0.0	0.0	0.0	0.0
OG0017482	0.0	0.0	0.0	0.0
OG0017483	0.0	0.0	0.0	0.0
OG0017485	0.0	0.0	0.0	0.0
OG0017486	0.0	0.0	0.0	0.0
OG0017490	0.0	0.0	0.0	0.0
OG0017492	0.0	0.0	0.0	0.0
OG0017494	0.0	0.0	0.0	0.0
OG0017499	0.0	0.0	0.0	0.0
OG0017500	0.0	0.0	0.0	0.0
OG0017501	0.0	0.0	0.0	0.0
OG0017504	0.0	0.0	0.0	0.0
OG0017509	0.0	0.0	0.0	0.0
OG0017510	0.0	0.0	0.0	0.0
OG0017511	0.0	0.0	0.0	0.0
OG0017526	0.0	0.0	0.0	0.0
OG0017530	0.0	0.0	0.0	0.0
OG0017534	0.0	0.0	0.0	0.0
OG0017537	0.0	0.0	0.0	0.0
OG0017539	0.0	0.0	0.0	0.0
OG0017553	0.0	0.0	0.0	0.0
OG0017554	0.0	0.0	0.0	0.0
OG0017555	0.0	0.0	0.0	0.0
OG0017558	0.0	0.0	0.0	0.0
OG0017565	0.0	0.0	0.0	0.0
OG0017567	0.0	0.0	0.0	0.0
OG0017568	0.0	0.0	0.0	0.0
OG0017570	0.0	0.0	0.0	0.0
OG0017572	0.0	0.0	0.0	0.0
OG0017573	0.0	0.0	0.0	0.0
OG0017575	0.0	0.0	0.0	0.0
OG0017576	0.0	0.0	0.0	0.0
OG0017580	0.0	0.0	0.0	0.0
OG0017581	0.0	0.0	0.0	0.0
OG0017583	0.0	0.0	0.0	0.0
OG0017587	0.0	0.0	0.0	0.0
OG0017596	0.0	0.0	0.0	0.0
OG0017597	0.0	0.0	0.0	0.0
OG0017599	0.0	0.0	0.0	0.0
OG0017601	0.0	0.0	0.0	0.0
OG0017603	0.0	0.0	0.0	0.0
OG0017606	0.0	0.0	0.0	0.0
OG0017609	0.0	0.0	0.0	0.0
OG0017610	0.0	0.0	0.0	0.0
OG0017612	0.0	0.0	0.0	0.0
OG0017613	0.0	0.0	0.0	0.0
OG0017615	0.0	0.0	0.0	0.0
OG0017616	0.0	0.0	0.0	0.0
OG0017617	0.0	0.0	0.0	0.0
OG0017618	0.0	0.0	0.0	0.0
OG0017619	0.0	0.0	0.0	0.0
OG0017620	0.0	0.0	0.0	0.0
OG0017621	0.0	0.0	0.0	0.0
OG0017622	0.0	0.0	0.0	0.0
OG0017625	0.0	0.0	0.0	0.0
OG0017627	0.0	0.0	0.0	0.0
OG0017628	0.0	0.0	0.0	0.0
OG0017631	0.0	0.0	0.0	0.0
OG0017632	0.0	0.0	0.0	0.0
OG0017633	0.0	0.0	0.0	0.0
OG0017634	0.0	0.0	0.0	0.0
OG0017635	0.0	0.0	0.0	0.0
OG0017636	0.0	0.0	0.0	0.0
OG0017638	0.0	0.0	0.0	0.0
OG0017639	0.0	0.0	0.0	0.0
OG0017640	0.0	0.0	0.0	0.0
OG0017642	0.0	0.0	0.0	0.0
OG0017643	0.0	0.0	0.0	0.0
OG0017644	0.0	0.0	0.0	0.0
OG0017645	0.0	0.0	0.0	0.0
OG0017647	0.0	0.0	0.0	0.0
OG0017648	0.0	0.0	0.0	0.0
OG0017649	0.0	0.0	0.0	0.0
OG0017650	0.0	0.0	0.0	0.0
OG0017651	0.0	0.0	0.0	0.0
OG0017652	0.0	0.0	0.0	0.0
OG0017653	0.0	0.0	0.0	0.0
OG0017655	0.0	0.0	0.0	0.0
OG0017656	0.0	0.0	0.0	0.0
OG0017657	0.0	0.0	0.0	0.0
OG0017658	0.0	0.0	0.0	0.0
OG0017659	0.0	0.0	0.0	0.0
OG0017662	0.0	0.0	0.0	0.0
OG0017663	0.0	0.0	0.0	0.0
OG0017664	0.0	0.0	0.0	0.0
OG0017665	0.0	0.0	0.0	0.0
OG0017666	0.0	0.0	0.0	0.0
OG0017667	0.0	0.0	0.0	0.0
OG0017668	0.0	0.0	0.0	0.0
OG0017670	0.0	0.0	0.0	0.0
OG0017671	0.0	0.0	0.0	0.0
OG0017672	0.0	0.0	0.0	0.0
OG0017673	0.0	0.0	0.0	0.0
OG0017674	0.0	0.0	0.0	0.0
OG0017675	0.0	0.0	0.0	0.0
OG0017676	0.0	0.0	0.0	0.0
OG0017677	0.0	0.0	0.0	0.0
OG0017678	0.0	0.0	0.0	0.0
OG0017680	0.0	0.0	0.0	0.0
OG0017681	0.0	0.0	0.0	0.0
OG0017682	0.0	0.0	0.0	0.0
OG0017683	0.0	0.0	0.0	0.0
OG0017684	0.0	0.0	0.0	0.0
OG0017685	0.0	0.0	0.0	0.0
OG0017686	0.0	0.0	0.0	0.0
OG0017687	0.0	0.0	0.0	0.0
OG0017688	0.0	0.0	0.0	0.0
OG0017689	0.0	0.0	0.0	0.0
OG0017690	0.0	0.0	0.0	0.0
OG0017692	0.0	0.0	0.0	0.0
OG0017694	0.0	0.0	0.0	0.0
OG0017695	0.0	0.0	0.0	0.0
OG0017696	0.0	0.0	0.0	0.0
OG0017697	0.0	0.0	0.0	0.0
OG0017698	0.0	0.0	0.0	0.0
OG0017699	0.0	0.0	0.0	0.0
OG0017700	0.0	0.0	0.0	0.0
OG0017701	0.0	0.0	0.0	0.0
OG0017702	0.0	0.0	0.0	0.0
OG0017703	0.0	0.0	0.0	0.0
OG0017705	0.0	0.0	0.0	0.0
OG0017706	0.0	0.0	0.0	0.0
OG0017707	0.0	0.0	0.0	0.0
OG0017708	0.0	0.0	0.0	0.0
OG0017709	0.0	0.0	0.0	0.0
OG0017710	0.0	0.0	0.0	0.0
OG0017725	0.0	0.0	0.0	0.0
OG0017738	0.0	0.0	0.0	0.0
OG0017739	0.0	0.0	0.0	0.0
OG0017746	0.0	0.0	0.0	0.0
OG0017749	0.0	0.0	0.0	0.0
OG0017752	0.0	0.0	0.0	0.0
OG0017758	0.0	0.0	0.0	0.0
OG0017760	0.0	0.0	0.0	0.0
OG0017762	0.0	0.0	0.0	0.0
OG0017763	0.0	0.0	0.0	0.0
OG0017764	0.0	0.0	0.0	0.0
OG0017765	0.0	0.0	0.0	0.0
OG0017767	0.0	0.0	0.0	0.0
OG0017768	0.0	0.0	0.0	0.0
OG0017769	0.0	0.0	0.0	0.0
OG0017770	0.0	0.0	0.0	0.0
OG0017771	0.0	0.0	0.0	0.0
OG0017772	0.0	0.0	0.0	0.0
OG0017776	0.0	0.0	0.0	0.0
OG0017777	0.0	0.0	0.0	0.0
OG0017779	0.0	0.0	0.0	0.0
OG0017781	0.0	0.0	0.0	0.0
OG0017782	0.0	0.0	0.0	0.0
OG0017783	0.0	0.0	0.0	0.0
OG0017784	0.0	0.0	0.0	0.0
OG0017785	0.0	0.0	0.0	0.0
OG0017786	0.0	0.0	0.0	0.0
OG0017789	0.0	0.0	0.0	0.0
OG0017796	0.0	0.0	0.0	0.0
OG0017798	0.0	0.0	0.0	0.0
OG0017800	0.0	0.0	0.0	0.0
OG0017802	0.0	0.0	0.0	0.0
OG0017804	0.0	0.0	0.0	0.0
OG0017880	0.0	0.0	0.0	0.0
OG0017881	0.0	0.0	0.0	0.0
OG0017882	0.0	0.0	0.0	0.0
OG0017894	0.0	0.0	0.0	0.0
OG0017895	0.0	0.0	0.0	0.0
OG0017896	0.0	0.0	0.0	0.0
OG0017897	0.0	0.0	0.0	0.0
OG0017899	0.0	0.0	0.0	0.0
OG0017901	0.0	0.0	0.0	0.0
OG0017903	0.0	0.0	0.0	0.0
OG0017904	0.0	0.0	0.0	0.0
OG0017906	0.0	0.0	0.0	0.0
OG0017907	0.0	0.0	0.0	0.0
OG0017908	0.0	0.0	0.0	0.0
OG0017912	0.0	0.0	0.0	0.0
OG0017913	0.0	0.0	0.0	0.0
OG0017914	0.0	0.0	0.0	0.0
OG0017919	0.0	0.0	0.0	0.0
OG0017922	0.0	0.0	0.0	0.0
OG0017924	0.0	0.0	0.0	0.0
OG0017925	0.0	0.0	0.0	0.0
OG0017927	0.0	0.0	0.0	0.0
OG0017928	0.0	0.0	0.0	0.0
OG0017929	0.0	0.0	0.0	0.0
OG0017932	0.0	0.0	0.0	0.0
OG0017935	0.0	0.0	0.0	0.0
OG0017936	0.0	0.0	0.0	0.0
OG0017937	0.0	0.0	0.0	0.0
OG0017938	0.0	0.0	0.0	0.0
OG0017940	0.0	0.0	0.0	0.0
OG0017941	0.0	0.0	0.0	0.0
OG0017943	0.0	0.0	0.0	0.0
OG0017944	0.0	0.0	0.0	0.0
OG0017945	0.0	0.0	0.0	0.0
OG0017946	0.0	0.0	0.0	0.0
OG0017947	0.0	0.0	0.0	0.0
OG0017948	0.0	0.0	0.0	0.0
OG0017949	0.0	0.0	0.0	0.0
OG0017950	0.0	0.0	0.0	0.0
OG0017951	0.0	0.0	0.0	0.0
OG0017952	0.0	0.0	0.0	0.0
OG0017953	0.0	0.0	0.0	0.0
OG0017954	0.0	0.0	0.0	0.0
OG0017955	0.0	0.0	0.0	0.0
OG0017959	0.0	0.0	0.0	0.0
OG0017960	0.0	0.0	0.0	0.0
OG0017961	0.0	0.0	0.0	0.0
OG0017962	0.0	0.0	0.0	0.0
OG0017963	0.0	0.0	0.0	0.0
OG0017965	0.0	0.0	0.0	0.0
OG0017966	0.0	0.0	0.0	0.0
OG0017968	0.0	0.0	0.0	0.0
OG0017972	0.0	0.0	0.0	0.0
OG0017973	0.0	0.0	0.0	0.0
OG0017974	0.0	0.0	0.0	0.0
OG0017975	0.0	0.0	0.0	0.0
OG0017977	0.0	0.0	0.0	0.0
OG0018005	0.0	0.0	0.0	0.0
OG0018007	0.0	0.0	0.0	0.0
OG0018017	0.0	0.0	0.0	0.0
OG0018022	0.0	0.0	0.0	0.0
OG0018025	0.0	0.0	0.0	0.0
OG0018036	0.0	0.0	0.0	0.0
OG0018037	0.0	0.0	0.0	0.0
OG0018039	0.0	0.0	0.0	0.0
OG0018042	0.0	0.0	0.0	0.0
OG0018045	0.0	0.0	0.0	0.0
OG0018046	0.0	0.0	0.0	0.0
OG0018058	0.0	0.0	0.0	0.0
OG0018059	0.0	0.0	0.0	0.0
OG0018060	0.0	0.0	0.0	0.0
OG0018062	0.0	0.0	0.0	0.0
OG0018064	0.0	0.0	0.0	0.0
OG0018065	0.0	0.0	0.0	0.0
OG0018073	0.0	0.0	0.0	0.0
OG0018076	0.0	0.0	0.0	0.0
OG0018090	0.0	0.0	0.0	0.0
OG0018092	0.0	0.0	0.0	0.0
OG0018093	0.0	0.0	0.0	0.0
OG0018353	0.0	0.0	0.0	0.0
OG0018357	0.0	0.0	0.0	0.0
OG0018423	0.0	0.0	0.0	0.0
OG0018549	0.0	0.0	0.0	0.0
OG0018579	0.0	0.0	0.0	0.0
OG0018580	0.0	0.0	0.0	0.0
OG0018581	0.0	0.0	0.0	0.0
OG0018582	0.0	0.0	0.0	0.0
OG0018583	0.0	0.0	0.0	0.0
OG0018586	0.0	0.0	0.0	0.0
OG0018587	0.0	0.0	0.0	0.0
OG0018588	0.0	0.0	0.0	0.0
OG0018589	0.0	0.0	0.0	0.0
OG0018591	0.0	0.0	0.0	0.0
OG0018594	0.0	0.0	0.0	0.0
OG0018595	0.0	0.0	0.0	0.0
OG0018596	0.0	0.0	0.0	0.0
OG0018597	0.0	0.0	0.0	0.0
OG0018598	0.0	0.0	0.0	0.0
OG0018599	0.0	0.0	0.0	0.0
OG0018600	0.0	0.0	0.0	0.0
OG0018601	0.0	0.0	0.0	0.0
OG0018602	0.0	0.0	0.0	0.0
OG0018603	0.0	0.0	0.0	0.0
OG0018604	0.0	0.0	0.0	0.0
OG0018605	0.0	0.0	0.0	0.0
OG0018606	0.0	0.0	0.0	0.0
OG0018607	0.0	0.0	0.0	0.0
OG0018608	0.0	0.0	0.0	0.0
OG0018609	0.0	0.0	0.0	0.0
OG0018610	0.0	0.0	0.0	0.0
OG0018612	0.0	0.0	0.0	0.0
OG0018613	0.0	0.0	0.0	0.0
OG0018614	0.0	0.0	0.0	0.0
OG0018615	0.0	0.0	0.0	0.0
OG0018617	0.0	0.0	0.0	0.0
OG0018618	0.0	0.0	0.0	0.0
OG0018619	0.0	0.0	0.0	0.0
OG0018620	0.0	0.0	0.0	0.0
OG0018621	0.0	0.0	0.0	0.0
OG0018625	0.0	0.0	0.0	0.0
OG0018626	0.0	0.0	0.0	0.0
OG0018627	0.0	0.0	0.0	0.0
OG0018631	0.0	0.0	0.0	0.0
OG0018653	0.0	0.0	0.0	0.0
OG0018655	0.0	0.0	0.0	0.0
OG0018657	0.0	0.0	0.0	0.0
OG0018658	0.0	0.0	0.0	0.0
OG0018663	0.0	0.0	0.0	0.0
OG0018665	0.0	0.0	0.0	0.0
OG0018668	0.0	0.0	0.0	0.0
OG0018669	0.0	0.0	0.0	0.0
OG0018670	0.0	0.0	0.0	0.0
OG0018671	0.0	0.0	0.0	0.0
OG0018672	0.0	0.0	0.0	0.0
OG0018673	0.0	0.0	0.0	0.0
OG0018675	0.0	0.0	0.0	0.0
OG0018678	0.0	0.0	0.0	0.0
OG0018680	0.0	0.0	0.0	0.0
OG0018681	0.0	0.0	0.0	0.0
OG0018683	0.0	0.0	0.0	0.0
OG0018686	0.0	0.0	0.0	0.0
OG0018687	0.0	0.0	0.0	0.0
OG0018688	0.0	0.0	0.0	0.0
OG0018689	0.0	0.0	0.0	0.0
OG0018690	0.0	0.0	0.0	0.0
OG0018691	0.0	0.0	0.0	0.0
OG0018692	0.0	0.0	0.0	0.0
OG0018695	0.0	0.0	0.0	0.0
OG0018696	0.0	0.0	0.0	0.0
OG0018697	0.0	0.0	0.0	0.0
OG0018699	0.0	0.0	0.0	0.0
OG0018700	0.0	0.0	0.0	0.0
OG0018701	0.0	0.0	0.0	0.0
OG0018702	0.0	0.0	0.0	0.0
OG0018704	0.0	0.0	0.0	0.0
OG0018706	0.0	0.0	0.0	0.0
OG0018708	0.0	0.0	0.0	0.0
OG0018710	0.0	0.0	0.0	0.0
OG0018712	0.0	0.0	0.0	0.0
OG0018713	0.0	0.0	0.0	0.0
OG0018714	0.0	0.0	0.0	0.0
OG0018716	0.0	0.0	0.0	0.0
OG0018717	0.0	0.0	0.0	0.0
OG0018718	0.0	0.0	0.0	0.0
OG0018719	0.0	0.0	0.0	0.0
OG0018721	0.0	0.0	0.0	0.0
OG0018722	0.0	0.0	0.0	0.0
OG0018725	0.0	0.0	0.0	0.0
OG0018727	0.0	0.0	0.0	0.0
OG0018728	0.0	0.0	0.0	0.0
OG0018732	0.0	0.0	0.0	0.0
OG0018733	0.0	0.0	0.0	0.0
OG0018734	0.0	0.0	0.0	0.0
OG0018737	0.0	0.0	0.0	0.0
OG0018738	0.0	0.0	0.0	0.0
OG0018740	0.0	0.0	0.0	0.0
OG0018741	0.0	0.0	0.0	0.0
OG0018742	0.0	0.0	0.0	0.0
OG0018743	0.0	0.0	0.0	0.0
OG0018744	0.0	0.0	0.0	0.0
OG0018747	0.0	0.0	0.0	0.0
OG0018748	0.0	0.0	0.0	0.0
OG0018749	0.0	0.0	0.0	0.0
OG0018750	0.0	0.0	0.0	0.0
OG0018752	0.0	0.0	0.0	0.0
OG0018753	0.0	0.0	0.0	0.0
OG0018756	0.0	0.0	0.0	0.0
OG0018757	0.0	0.0	0.0	0.0
OG0018763	0.0	0.0	0.0	0.0
OG0018765	0.0	0.0	0.0	0.0
OG0018766	0.0	0.0	0.0	0.0
OG0018767	0.0	0.0	0.0	0.0
OG0018768	0.0	0.0	0.0	0.0
OG0018769	0.0	0.0	0.0	0.0
OG0018771	0.0	0.0	0.0	0.0
OG0018773	0.0	0.0	0.0	0.0
OG0018774	0.0	0.0	0.0	0.0
OG0018775	0.0	0.0	0.0	0.0
OG0018778	0.0	0.0	0.0	0.0
OG0018779	0.0	0.0	0.0	0.0
OG0018780	0.0	0.0	0.0	0.0
OG0018782	0.0	0.0	0.0	0.0
OG0018786	0.0	0.0	0.0	0.0
OG0018787	0.0	0.0	0.0	0.0
OG0018788	0.0	0.0	0.0	0.0
OG0018790	0.0	0.0	0.0	0.0
OG0018791	0.0	0.0	0.0	0.0
OG0018792	0.0	0.0	0.0	0.0
OG0018795	0.0	0.0	0.0	0.0
OG0018796	0.0	0.0	0.0	0.0
OG0018797	0.0	0.0	0.0	0.0
OG0018798	0.0	0.0	0.0	0.0
OG0018799	0.0	0.0	0.0	0.0
OG0018801	0.0	0.0	0.0	0.0
OG0018802	0.0	0.0	0.0	0.0
OG0018803	0.0	0.0	0.0	0.0
OG0018805	0.0	0.0	0.0	0.0
OG0018809	0.0	0.0	0.0	0.0
OG0018810	0.0	0.0	0.0	0.0
OG0018811	0.0	0.0	0.0	0.0
OG0018812	0.0	0.0	0.0	0.0
OG0018814	0.0	0.0	0.0	0.0
OG0018815	0.0	0.0	0.0	0.0
OG0018816	0.0	0.0	0.0	0.0
OG0018818	0.0	0.0	0.0	0.0
OG0018824	0.0	0.0	0.0	0.0
OG0018825	0.0	0.0	0.0	0.0
OG0018827	0.0	0.0	0.0	0.0
OG0018828	0.0	0.0	0.0	0.0
OG0018830	0.0	0.0	0.0	0.0
OG0018831	0.0	0.0	0.0	0.0
OG0018832	0.0	0.0	0.0	0.0
OG0018833	0.0	0.0	0.0	0.0
OG0018836	0.0	0.0	0.0	0.0
OG0018837	0.0	0.0	0.0	0.0
OG0018839	0.0	0.0	0.0	0.0
OG0018840	0.0	0.0	0.0	0.0
OG0018842	0.0	0.0	0.0	0.0
OG0018843	0.0	0.0	0.0	0.0
OG0018844	0.0	0.0	0.0	0.0
OG0018847	0.0	0.0	0.0	0.0
OG0018851	0.0	0.0	0.0	0.0
OG0018852	0.0	0.0	0.0	0.0
OG0018854	0.0	0.0	0.0	0.0
OG0018855	0.0	0.0	0.0	0.0
OG0018857	0.0	0.0	0.0	0.0
OG0018858	0.0	0.0	0.0	0.0
OG0018859	0.0	0.0	0.0	0.0
OG0018860	0.0	0.0	0.0	0.0
OG0018862	0.0	0.0	0.0	0.0
OG0018864	0.0	0.0	0.0	0.0
OG0018865	0.0	0.0	0.0	0.0
OG0018866	0.0	0.0	0.0	0.0
OG0018867	0.0	0.0	0.0	0.0
OG0018868	0.0	0.0	0.0	0.0
OG0018869	0.0	0.0	0.0	0.0
OG0018870	0.0	0.0	0.0	0.0
OG0018871	0.0	0.0	0.0	0.0
OG0018872	0.0	0.0	0.0	0.0
OG0018873	0.0	0.0	0.0	0.0
OG0018874	0.0	0.0	0.0	0.0
OG0018875	0.0	0.0	0.0	0.0
OG0018876	0.0	0.0	0.0	0.0
OG0018881	0.0	0.0	0.0	0.0
OG0018886	0.0	0.0	0.0	0.0
OG0018889	0.0	0.0	0.0	0.0
OG0018890	0.0	0.0	0.0	0.0
OG0018891	0.0	0.0	0.0	0.0
OG0018895	0.0	0.0	0.0	0.0
OG0018896	0.0	0.0	0.0	0.0
OG0018899	0.0	0.0	0.0	0.0
OG0018900	0.0	0.0	0.0	0.0
OG0018901	0.0	0.0	0.0	0.0
OG0018902	0.0	0.0	0.0	0.0
OG0018904	0.0	0.0	0.0	0.0
OG0018905	0.0	0.0	0.0	0.0
OG0018907	0.0	0.0	0.0	0.0
OG0018908	0.0	0.0	0.0	0.0
OG0018911	0.0	0.0	0.0	0.0
OG0018912	0.0	0.0	0.0	0.0
OG0018915	0.0	0.0	0.0	0.0
OG0018916	0.0	0.0	0.0	0.0
OG0018917	0.0	0.0	0.0	0.0
OG0018918	0.0	0.0	0.0	0.0
OG0018920	0.0	0.0	0.0	0.0
OG0018921	0.0	0.0	0.0	0.0
OG0018922	0.0	0.0	0.0	0.0
OG0018923	0.0	0.0	0.0	0.0
OG0018924	0.0	0.0	0.0	0.0
OG0018925	0.0	0.0	0.0	0.0
OG0018926	0.0	0.0	0.0	0.0
OG0018927	0.0	0.0	0.0	0.0
OG0018928	0.0	0.0	0.0	0.0
OG0018929	0.0	0.0	0.0	0.0
OG0018930	0.0	0.0	0.0	0.0
OG0018935	0.0	0.0	0.0	0.0
OG0018936	0.0	0.0	0.0	0.0
OG0018940	0.0	0.0	0.0	0.0
OG0018943	0.0	0.0	0.0	0.0
OG0018944	0.0	0.0	0.0	0.0
OG0018946	0.0	0.0	0.0	0.0
OG0018948	0.0	0.0	0.0	0.0
OG0018949	0.0	0.0	0.0	0.0
OG0018951	0.0	0.0	0.0	0.0
OG0018952	0.0	0.0	0.0	0.0
OG0018955	0.0	0.0	0.0	0.0
OG0018957	0.0	0.0	0.0	0.0
OG0018959	0.0	0.0	0.0	0.0
OG0018960	0.0	0.0	0.0	0.0
OG0018963	0.0	0.0	0.0	0.0
OG0018966	0.0	0.0	0.0	0.0
OG0018968	0.0	0.0	0.0	0.0
OG0018970	0.0	0.0	0.0	0.0
OG0018971	0.0	0.0	0.0	0.0
OG0018972	0.0	0.0	0.0	0.0
OG0018974	0.0	0.0	0.0	0.0
OG0018978	0.0	0.0	0.0	0.0
OG0018979	0.0	0.0	0.0	0.0
OG0018981	0.0	0.0	0.0	0.0
OG0018983	0.0	0.0	0.0	0.0
OG0018985	0.0	0.0	0.0	0.0
OG0018986	0.0	0.0	0.0	0.0
OG0018989	0.0	0.0	0.0	0.0
OG0018990	0.0	0.0	0.0	0.0
OG0018991	0.0	0.0	0.0	0.0
OG0018995	0.0	0.0	0.0	0.0
OG0018996	0.0	0.0	0.0	0.0
OG0018997	0.0	0.0	0.0	0.0
OG0018999	0.0	0.0	0.0	0.0
OG0019001	0.0	0.0	0.0	0.0
OG0019002	0.0	0.0	0.0	0.0
OG0019004	0.0	0.0	0.0	0.0
OG0019005	0.0	0.0	0.0	0.0
OG0019009	0.0	0.0	0.0	0.0
OG0019010	0.0	0.0	0.0	0.0
OG0019011	0.0	0.0	0.0	0.0
OG0019015	0.0	0.0	0.0	0.0
OG0019018	0.0	0.0	0.0	0.0
OG0019019	0.0	0.0	0.0	0.0
OG0019021	0.0	0.0	0.0	0.0
OG0019022	0.0	0.0	0.0	0.0
OG0019023	0.0	0.0	0.0	0.0
OG0019025	0.0	0.0	0.0	0.0
OG0019027	0.0	0.0	0.0	0.0
OG0019028	0.0	0.0	0.0	0.0
OG0019029	0.0	0.0	0.0	0.0
OG0019030	0.0	0.0	0.0	0.0
OG0019031	0.0	0.0	0.0	0.0
OG0019032	0.0	0.0	0.0	0.0
OG0019035	0.0	0.0	0.0	0.0
OG0019036	0.0	0.0	0.0	0.0
OG0019039	0.0	0.0	0.0	0.0
OG0019040	0.0	0.0	0.0	0.0
OG0019042	0.0	0.0	0.0	0.0
OG0019043	0.0	0.0	0.0	0.0
OG0019044	0.0	0.0	0.0	0.0
OG0019045	0.0	0.0	0.0	0.0
OG0019047	0.0	0.0	0.0	0.0
OG0019052	0.0	0.0	0.0	0.0
OG0019053	0.0	0.0	0.0	0.0
OG0019055	0.0	0.0	0.0	0.0
OG0019056	0.0	0.0	0.0	0.0
OG0019057	0.0	0.0	0.0	0.0
OG0019061	0.0	0.0	0.0	0.0
OG0019062	0.0	0.0	0.0	0.0
OG0019063	0.0	0.0	0.0	0.0
OG0019064	0.0	0.0	0.0	0.0
OG0019065	0.0	0.0	0.0	0.0
OG0019066	0.0	0.0	0.0	0.0
OG0019067	0.0	0.0	0.0	0.0
OG0019068	0.0	0.0	0.0	0.0
OG0019069	0.0	0.0	0.0	0.0
OG0019071	0.0	0.0	0.0	0.0
OG0019074	0.0	0.0	0.0	0.0
OG0019075	0.0	0.0	0.0	0.0
OG0019076	0.0	0.0	0.0	0.0
OG0019077	0.0	0.0	0.0	0.0
OG0019080	0.0	0.0	0.0	0.0
OG0019081	0.0	0.0	0.0	0.0
OG0019082	0.0	0.0	0.0	0.0
OG0019083	0.0	0.0	0.0	0.0
OG0019084	0.0	0.0	0.0	0.0
OG0019085	0.0	0.0	0.0	0.0
OG0019086	0.0	0.0	0.0	0.0
OG0019087	0.0	0.0	0.0	0.0
OG0019088	0.0	0.0	0.0	0.0
OG0019089	0.0	0.0	0.0	0.0
OG0019090	0.0	0.0	0.0	0.0
OG0019091	0.0	0.0	0.0	0.0
OG0019092	0.0	0.0	0.0	0.0
OG0019093	0.0	0.0	0.0	0.0
OG0019094	0.0	0.0	0.0	0.0
OG0019095	0.0	0.0	0.0	0.0
OG0019096	0.0	0.0	0.0	0.0
OG0019097	0.0	0.0	0.0	0.0
OG0019098	0.0	0.0	0.0	0.0
OG0019099	0.0	0.0	0.0	0.0
OG0019100	0.0	0.0	0.0	0.0
OG0019101	0.0	0.0	0.0	0.0
OG0019102	0.0	0.0	0.0	0.0
OG0019103	0.0	0.0	0.0	0.0
OG0019104	0.0	0.0	0.0	0.0
OG0019105	0.0	0.0	0.0	0.0
OG0019106	0.0	0.0	0.0	0.0
OG0019107	0.0	0.0	0.0	0.0
OG0019108	0.0	0.0	0.0	0.0
OG0019109	0.0	0.0	0.0	0.0
OG0019110	0.0	0.0	0.0	0.0
OG0019111	0.0	0.0	0.0	0.0
OG0019112	0.0	0.0	0.0	0.0
OG0019113	0.0	0.0	0.0	0.0
OG0019114	0.0	0.0	0.0	0.0
OG0019115	0.0	0.0	0.0	0.0
OG0019116	0.0	0.0	0.0	0.0
OG0019117	0.0	0.0	0.0	0.0
OG0019118	0.0	0.0	0.0	0.0
OG0019119	0.0	0.0	0.0	0.0
OG0019120	0.0	0.0	0.0	0.0
OG0019121	0.0	0.0	0.0	0.0
OG0019122	0.0	0.0	0.0	0.0
OG0019123	0.0	0.0	0.0	0.0
OG0019124	0.0	0.0	0.0	0.0
OG0019125	0.0	0.0	0.0	0.0
OG0019126	0.0	0.0	0.0	0.0
OG0019127	0.0	0.0	0.0	0.0
OG0019128	0.0	0.0	0.0	0.0
OG0019129	0.0	0.0	0.0	0.0
OG0019130	0.0	0.0	0.0	0.0
OG0019131	0.0	0.0	0.0	0.0
OG0019132	0.0	0.0	0.0	0.0
OG0019133	0.0	0.0	0.0	0.0
OG0019134	0.0	0.0	0.0	0.0
OG0019135	0.0	0.0	0.0	0.0
OG0019136	0.0	0.0	0.0	0.0
OG0019137	0.0	0.0	0.0	0.0
OG0019138	0.0	0.0	0.0	0.0
OG0019139	0.0	0.0	0.0	0.0
OG0019140	0.0	0.0	0.0	0.0
OG0019141	0.0	0.0	0.0	0.0
OG0019142	0.0	0.0	0.0	0.0
OG0019143	0.0	0.0	0.0	0.0
OG0019144	0.0	0.0	0.0	0.0
OG0019145	0.0	0.0	0.0	0.0
OG0019146	0.0	0.0	0.0	0.0
OG0019147	0.0	0.0	0.0	0.0
OG0019148	0.0	0.0	0.0	0.0
OG0019149	0.0	0.0	0.0	0.0
OG0019150	0.0	0.0	0.0	0.0
OG0019151	0.0	0.0	0.0	0.0
OG0019152	0.0	0.0	0.0	0.0
OG0019153	0.0	0.0	0.0	0.0
OG0019154	0.0	0.0	0.0	0.0
OG0019155	0.0	0.0	0.0	0.0
OG0019156	0.0	0.0	0.0	0.0
OG0019157	0.0	0.0	0.0	0.0
OG0019158	0.0	0.0	0.0	0.0
OG0019159	0.0	0.0	0.0	0.0
OG0019160	0.0	0.0	0.0	0.0
OG0019161	0.0	0.0	0.0	0.0
OG0019162	0.0	0.0	0.0	0.0
OG0019163	0.0	0.0	0.0	0.0
OG0019164	0.0	0.0	0.0	0.0
OG0019165	0.0	0.0	0.0	0.0
OG0019166	0.0	0.0	0.0	0.0
OG0019167	0.0	0.0	0.0	0.0
OG0019168	0.0	0.0	0.0	0.0
OG0019169	0.0	0.0	0.0	0.0
OG0019170	0.0	0.0	0.0	0.0
OG0019171	0.0	0.0	0.0	0.0
OG0019172	0.0	0.0	0.0	0.0
OG0019173	0.0	0.0	0.0	0.0
OG0019174	0.0	0.0	0.0	0.0
OG0019175	0.0	0.0	0.0	0.0
OG0019176	0.0	0.0	0.0	0.0
OG0019177	0.0	0.0	0.0	0.0
OG0019178	0.0	0.0	0.0	0.0
OG0019179	0.0	0.0	0.0	0.0
OG0019180	0.0	0.0	0.0	0.0
OG0019181	0.0	0.0	0.0	0.0
OG0019182	0.0	0.0	0.0	0.0
OG0019183	0.0	0.0	0.0	0.0
OG0019184	0.0	0.0	0.0	0.0
OG0019185	0.0	0.0	0.0	0.0
OG0019186	0.0	0.0	0.0	0.0
OG0019187	0.0	0.0	0.0	0.0
OG0019188	0.0	0.0	0.0	0.0
OG0019189	0.0	0.0	0.0	0.0
OG0019190	0.0	0.0	0.0	0.0
OG0019191	0.0	0.0	0.0	0.0
OG0019192	0.0	0.0	0.0	0.0
OG0019193	0.0	0.0	0.0	0.0
OG0019194	0.0	0.0	0.0	0.0
OG0019195	0.0	0.0	0.0	0.0
OG0019196	0.0	0.0	0.0	0.0
OG0019197	0.0	0.0	0.0	0.0
OG0019198	0.0	0.0	0.0	0.0
OG0019199	0.0	0.0	0.0	0.0
OG0019200	0.0	0.0	0.0	0.0
OG0019201	0.0	0.0	0.0	0.0
OG0019202	0.0	0.0	0.0	0.0
OG0019203	0.0	0.0	0.0	0.0
OG0019204	0.0	0.0	0.0	0.0
OG0019205	0.0	0.0	0.0	0.0
OG0019206	0.0	0.0	0.0	0.0
OG0019207	0.0	0.0	0.0	0.0
OG0019208	0.0	0.0	0.0	0.0
OG0019209	0.0	0.0	0.0	0.0
OG0019210	0.0	0.0	0.0	0.0
OG0019211	0.0	0.0	0.0	0.0
OG0019212	0.0	0.0	0.0	0.0
OG0019213	0.0	0.0	0.0	0.0
OG0019214	0.0	0.0	0.0	0.0
OG0019215	0.0	0.0	0.0	0.0
OG0019216	0.0	0.0	0.0	0.0
OG0019217	0.0	0.0	0.0	0.0
OG0019218	0.0	0.0	0.0	0.0
OG0019219	0.0	0.0	0.0	0.0
OG0019220	0.0	0.0	0.0	0.0
OG0019221	0.0	0.0	0.0	0.0
OG0019222	0.0	0.0	0.0	0.0
OG0019223	0.0	0.0	0.0	0.0
OG0019224	0.0	0.0	0.0	0.0
OG0019225	0.0	0.0	0.0	0.0
OG0019226	0.0	0.0	0.0	0.0
OG0019227	0.0	0.0	0.0	0.0
OG0019228	0.0	0.0	0.0	0.0
OG0019229	0.0	0.0	0.0	0.0
OG0019230	0.0	0.0	0.0	0.0
OG0019231	0.0	0.0	0.0	0.0
OG0019232	0.0	0.0	0.0	0.0
OG0019233	0.0	0.0	0.0	0.0
OG0019234	0.0	0.0	0.0	0.0
OG0019235	0.0	0.0	0.0	0.0
OG0019236	0.0	0.0	0.0	0.0
OG0019237	0.0	0.0	0.0	0.0
OG0019238	0.0	0.0	0.0	0.0
OG0019239	0.0	0.0	0.0	0.0
OG0019240	0.0	0.0	0.0	0.0
OG0019241	0.0	0.0	0.0	0.0
OG0019242	0.0	0.0	0.0	0.0
OG0019243	0.0	0.0	0.0	0.0
OG0019244	0.0	0.0	0.0	0.0
OG0019245	0.0	0.0	0.0	0.0
OG0019246	0.0	0.0	0.0	0.0
OG0019247	0.0	0.0	0.0	0.0
OG0019248	0.0	0.0	0.0	0.0
OG0019249	0.0	0.0	0.0	0.0
OG0019250	0.0	0.0	0.0	0.0
OG0019251	0.0	0.0	0.0	0.0
OG0019252	0.0	0.0	0.0	0.0
OG0019253	0.0	0.0	0.0	0.0
OG0019254	0.0	0.0	0.0	0.0
OG0019255	0.0	0.0	0.0	0.0
OG0019256	0.0	0.0	0.0	0.0
OG0019257	0.0	0.0	0.0	0.0
OG0019258	0.0	0.0	0.0	0.0
OG0019259	0.0	0.0	0.0	0.0
OG0019260	0.0	0.0	0.0	0.0
OG0019261	0.0	0.0	0.0	0.0
OG0019262	0.0	0.0	0.0	0.0
OG0019263	0.0	0.0	0.0	0.0
OG0019264	0.0	0.0	0.0	0.0
OG0019265	0.0	0.0	0.0	0.0
OG0019266	0.0	0.0	0.0	0.0
OG0019267	0.0	0.0	0.0	0.0
OG0019268	0.0	0.0	0.0	0.0
OG0019269	0.0	0.0	0.0	0.0
OG0019270	0.0	0.0	0.0	0.0
OG0019271	0.0	0.0	0.0	0.0
OG0019272	0.0	0.0	0.0	0.0
OG0019273	0.0	0.0	0.0	0.0
OG0019274	0.0	0.0	0.0	0.0
OG0019275	0.0	0.0	0.0	0.0
OG0019276	0.0	0.0	0.0	0.0
OG0019277	0.0	0.0	0.0	0.0
OG0019278	0.0	0.0	0.0	0.0
OG0019279	0.0	0.0	0.0	0.0
OG0019280	0.0	0.0	0.0	0.0
OG0019281	0.0	0.0	0.0	0.0
OG0019282	0.0	0.0	0.0	0.0
OG0019283	0.0	0.0	0.0	0.0
OG0019284	0.0	0.0	0.0	0.0
OG0019285	0.0	0.0	0.0	0.0
OG0019286	0.0	0.0	0.0	0.0
OG0019287	0.0	0.0	0.0	0.0
OG0019288	0.0	0.0	0.0	0.0
OG0019289	0.0	0.0	0.0	0.0
OG0019290	0.0	0.0	0.0	0.0
OG0019291	0.0	0.0	0.0	0.0
OG0019292	0.0	0.0	0.0	0.0
OG0019293	0.0	0.0	0.0	0.0
OG0019294	0.0	0.0	0.0	0.0
OG0019295	0.0	0.0	0.0	0.0
OG0019296	0.0	0.0	0.0	0.0
OG0019297	0.0	0.0	0.0	0.0
OG0019298	0.0	0.0	0.0	0.0
OG0019299	0.0	0.0	0.0	0.0
OG0019300	0.0	0.0	0.0	0.0
OG0019301	0.0	0.0	0.0	0.0
OG0019302	0.0	0.0	0.0	0.0
OG0019303	0.0	0.0	0.0	0.0
OG0019304	0.0	0.0	0.0	0.0
OG0019305	0.0	0.0	0.0	0.0
OG0019306	0.0	0.0	0.0	0.0
OG0019307	0.0	0.0	0.0	0.0
OG0019308	0.0	0.0	0.0	0.0
OG0019309	0.0	0.0	0.0	0.0
OG0019310	0.0	0.0	0.0	0.0
OG0019311	0.0	0.0	0.0	0.0
OG0019312	0.0	0.0	0.0	0.0
OG0019313	0.0	0.0	0.0	0.0
OG0019314	0.0	0.0	0.0	0.0
OG0019315	0.0	0.0	0.0	0.0
OG0019316	0.0	0.0	0.0	0.0
OG0019317	0.0	0.0	0.0	0.0
OG0019318	0.0	0.0	0.0	0.0
OG0019319	0.0	0.0	0.0	0.0
OG0019320	0.0	0.0	0.0	0.0
OG0019321	0.0	0.0	0.0	0.0
OG0019322	0.0	0.0	0.0	0.0
OG0019323	0.0	0.0	0.0	0.0
OG0019324	0.0	0.0	0.0	0.0
OG0019325	0.0	0.0	0.0	0.0
OG0019326	0.0	0.0	0.0	0.0
OG0019327	0.0	0.0	0.0	0.0
OG0019328	0.0	0.0	0.0	0.0
OG0019329	0.0	0.0	0.0	0.0
OG0019330	0.0	0.0	0.0	0.0
OG0019331	0.0	0.0	0.0	0.0
OG0019332	0.0	0.0	0.0	0.0
OG0019333	0.0	0.0	0.0	0.0
OG0019334	0.0	0.0	0.0	0.0
OG0019335	0.0	0.0	0.0	0.0
OG0019336	0.0	0.0	0.0	0.0
OG0019337	0.0	0.0	0.0	0.0
OG0019338	0.0	0.0	0.0	0.0
OG0019339	0.0	0.0	0.0	0.0
OG0019340	0.0	0.0	0.0	0.0
OG0019341	0.0	0.0	0.0	0.0
OG0019342	0.0	0.0	0.0	0.0
OG0019343	0.0	0.0	0.0	0.0
OG0019344	0.0	0.0	0.0	0.0
OG0019345	0.0	0.0	0.0	0.0
OG0019346	0.0	0.0	0.0	0.0
OG0019347	0.0	0.0	0.0	0.0
OG0019348	0.0	0.0	0.0	0.0
OG0019349	0.0	0.0	0.0	0.0
OG0019350	0.0	0.0	0.0	0.0
OG0019351	0.0	0.0	0.0	0.0
OG0019352	0.0	0.0	0.0	0.0
OG0019353	0.0	0.0	0.0	0.0
OG0019354	0.0	0.0	0.0	0.0
OG0019355	0.0	0.0	0.0	0.0
OG0019356	0.0	0.0	0.0	0.0
OG0019357	0.0	0.0	0.0	0.0
OG0019358	0.0	0.0	0.0	0.0
OG0019359	0.0	0.0	0.0	0.0
OG0019360	0.0	0.0	0.0	0.0
OG0019361	0.0	0.0	0.0	0.0
OG0019362	0.0	0.0	0.0	0.0
OG0019363	0.0	0.0	0.0	0.0
OG0019364	0.0	0.0	0.0	0.0
OG0019365	0.0	0.0	0.0	0.0
OG0019366	0.0	0.0	0.0	0.0
OG0019367	0.0	0.0	0.0	0.0
OG0019368	0.0	0.0	0.0	0.0
OG0019369	0.0	0.0	0.0	0.0
OG0019370	0.0	0.0	0.0	0.0
OG0019371	0.0	0.0	0.0	0.0
OG0019372	0.0	0.0	0.0	0.0
OG0019373	0.0	0.0	0.0	0.0
OG0019374	0.0	0.0	0.0	0.0
OG0019375	0.0	0.0	0.0	0.0
OG0019376	0.0	0.0	0.0	0.0
OG0019377	0.0	0.0	0.0	0.0
OG0019378	0.0	0.0	0.0	0.0
OG0019379	0.0	0.0	0.0	0.0
OG0019380	0.0	0.0	0.0	0.0
OG0019381	0.0	0.0	0.0	0.0
OG0019382	0.0	0.0	0.0	0.0
OG0019383	0.0	0.0	0.0	0.0
OG0019384	0.0	0.0	0.0	0.0
OG0019385	0.0	0.0	0.0	0.0
OG0019386	0.0	0.0	0.0	0.0
OG0019387	0.0	0.0	0.0	0.0
OG0019390	0.0	0.0	0.0	0.0
OG0019391	0.0	0.0	0.0	0.0
OG0019392	0.0	0.0	0.0	0.0
OG0019393	0.0	0.0	0.0	0.0
OG0019394	0.0	0.0	0.0	0.0
OG0019395	0.0	0.0	0.0	0.0
OG0019396	0.0	0.0	0.0	0.0
OG0019397	0.0	0.0	0.0	0.0
OG0019398	0.0	0.0	0.0	0.0
OG0019399	0.0	0.0	0.0	0.0
OG0019400	0.0	0.0	0.0	0.0
OG0019401	0.0	0.0	0.0	0.0
OG0019402	0.0	0.0	0.0	0.0
OG0019403	0.0	0.0	0.0	0.0
OG0019404	0.0	0.0	0.0	0.0
OG0019405	0.0	0.0	0.0	0.0
OG0019406	0.0	0.0	0.0	0.0
OG0019407	0.0	0.0	0.0	0.0
OG0019408	0.0	0.0	0.0	0.0
OG0019409	0.0	0.0	0.0	0.0
OG0019410	0.0	0.0	0.0	0.0
OG0019411	0.0	0.0	0.0	0.0
OG0019412	0.0	0.0	0.0	0.0
OG0019413	0.0	0.0	0.0	0.0
OG0019414	0.0	0.0	0.0	0.0
OG0019415	0.0	0.0	0.0	0.0
OG0019416	0.0	0.0	0.0	0.0
OG0019417	0.0	0.0	0.0	0.0
OG0019418	0.0	0.0	0.0	0.0
OG0019419	0.0	0.0	0.0	0.0
OG0019420	0.0	0.0	0.0	0.0
OG0019421	0.0	0.0	0.0	0.0
OG0019422	0.0	0.0	0.0	0.0
OG0019423	0.0	0.0	0.0	0.0
OG0019424	0.0	0.0	0.0	0.0
OG0019425	0.0	0.0	0.0	0.0
OG0019426	0.0	0.0	0.0	0.0
OG0019427	0.0	0.0	0.0	0.0
OG0019428	0.0	0.0	0.0	0.0
OG0019429	0.0	0.0	0.0	0.0
OG0019430	0.0	0.0	0.0	0.0
OG0019431	0.0	0.0	0.0	0.0
OG0019432	0.0	0.0	0.0	0.0
OG0019433	0.0	0.0	0.0	0.0
OG0019434	0.0	0.0	0.0	0.0
OG0019435	0.0	0.0	0.0	0.0
OG0019436	0.0	0.0	0.0	0.0
OG0019437	0.0	0.0	0.0	0.0
OG0019438	0.0	0.0	0.0	0.0
OG0019439	0.0	0.0	0.0	0.0
OG0019440	0.0	0.0	0.0	0.0
OG0019441	0.0	0.0	0.0	0.0
OG0019442	0.0	0.0	0.0	0.0
OG0019443	0.0	0.0	0.0	0.0
OG0019444	0.0	0.0	0.0	0.0
OG0019445	0.0	0.0	0.0	0.0
OG0019446	0.0	0.0	0.0	0.0
OG0019447	0.0	0.0	0.0	0.0
OG0019448	0.0	0.0	0.0	0.0
OG0019449	0.0	0.0	0.0	0.0
OG0019450	0.0	0.0	0.0	0.0
OG0019451	0.0	0.0	0.0	0.0
OG0019452	0.0	0.0	0.0	0.0
OG0019453	0.0	0.0	0.0	0.0
OG0019454	0.0	0.0	0.0	0.0
OG0019455	0.0	0.0	0.0	0.0
OG0019456	0.0	0.0	0.0	0.0
OG0019457	0.0	0.0	0.0	0.0
OG0019458	0.0	0.0	0.0	0.0
OG0019459	0.0	0.0	0.0	0.0
OG0019460	0.0	0.0	0.0	0.0
OG0019461	0.0	0.0	0.0	0.0
OG0019462	0.0	0.0	0.0	0.0
OG0019463	0.0	0.0	0.0	0.0
OG0019464	0.0	0.0	0.0	0.0
OG0019465	0.0	0.0	0.0	0.0
OG0019466	0.0	0.0	0.0	0.0
OG0019467	0.0	0.0	0.0	0.0
OG0019468	0.0	0.0	0.0	0.0
OG0019469	0.0	0.0	0.0	0.0
OG0019470	0.0	0.0	0.0	0.0
OG0019471	0.0	0.0	0.0	0.0
OG0019472	0.0	0.0	0.0	0.0
OG0019473	0.0	0.0	0.0	0.0
OG0019474	0.0	0.0	0.0	0.0
OG0019475	0.0	0.0	0.0	0.0
OG0019476	0.0	0.0	0.0	0.0
OG0019477	0.0	0.0	0.0	0.0
OG0019478	0.0	0.0	0.0	0.0
OG0019480	0.0	0.0	0.0	0.0
OG0019482	0.0	0.0	0.0	0.0
OG0019483	0.0	0.0	0.0	0.0
OG0019484	0.0	0.0	0.0	0.0
OG0019485	0.0	0.0	0.0	0.0
OG0019486	0.0	0.0	0.0	0.0
OG0019487	0.0	0.0	0.0	0.0
OG0019488	0.0	0.0	0.0	0.0
OG0019489	0.0	0.0	0.0	0.0
OG0019490	0.0	0.0	0.0	0.0
OG0019494	0.0	0.0	0.0	0.0
OG0019495	0.0	0.0	0.0	0.0
OG0019496	0.0	0.0	0.0	0.0
OG0019497	0.0	0.0	0.0	0.0
OG0019498	0.0	0.0	0.0	0.0
OG0019499	0.0	0.0	0.0	0.0
OG0019500	0.0	0.0	0.0	0.0
OG0019501	0.0	0.0	0.0	0.0
OG0019502	0.0	0.0	0.0	0.0
OG0019503	0.0	0.0	0.0	0.0
OG0019504	0.0	0.0	0.0	0.0
OG0019505	0.0	0.0	0.0	0.0
OG0019506	0.0	0.0	0.0	0.0
OG0019507	0.0	0.0	0.0	0.0
OG0019508	0.0	0.0	0.0	0.0
OG0019509	0.0	0.0	0.0	0.0
OG0019510	0.0	0.0	0.0	0.0
OG0019511	0.0	0.0	0.0	0.0
OG0019512	0.0	0.0	0.0	0.0
OG0019513	0.0	0.0	0.0	0.0
OG0019514	0.0	0.0	0.0	0.0
OG0019519	0.0	0.0	0.0	0.0
OG0019520	0.0	0.0	0.0	0.0
OG0019521	0.0	0.0	0.0	0.0
OG0019523	0.0	0.0	0.0	0.0
OG0019524	0.0	0.0	0.0	0.0
OG0019526	0.0	0.0	0.0	0.0
OG0019527	0.0	0.0	0.0	0.0
OG0019528	0.0	0.0	0.0	0.0
OG0019529	0.0	0.0	0.0	0.0
OG0019530	0.0	0.0	0.0	0.0
OG0019531	0.0	0.0	0.0	0.0
OG0019532	0.0	0.0	0.0	0.0
OG0019607	0.0	0.0	0.0	0.0
OG0019622	0.0	0.0	0.0	0.0
OG0019663	0.0	0.0	0.0	0.0
OG0019669	0.0	0.0	0.0	0.0
OG0019685	0.0	0.0	0.0	0.0
OG0019728	0.0	0.0	0.0	0.0
OG0019729	0.0	0.0	0.0	0.0
OG0019730	0.0	0.0	0.0	0.0
OG0019731	0.0	0.0	0.0	0.0
OG0019732	0.0	0.0	0.0	0.0
OG0019734	0.0	0.0	0.0	0.0
OG0019735	0.0	0.0	0.0	0.0
OG0019736	0.0	0.0	0.0	0.0
OG0019737	0.0	0.0	0.0	0.0
OG0019738	0.0	0.0	0.0	0.0
OG0019739	0.0	0.0	0.0	0.0
OG0019740	0.0	0.0	0.0	0.0
OG0019741	0.0	0.0	0.0	0.0
OG0019742	0.0	0.0	0.0	0.0
OG0019743	0.0	0.0	0.0	0.0
OG0019744	0.0	0.0	0.0	0.0
OG0019745	0.0	0.0	0.0	0.0
OG0019746	0.0	0.0	0.0	0.0
OG0019747	0.0	0.0	0.0	0.0
OG0019748	0.0	0.0	0.0	0.0
OG0019749	0.0	0.0	0.0	0.0
OG0019750	0.0	0.0	0.0	0.0
OG0019751	0.0	0.0	0.0	0.0
OG0019752	0.0	0.0	0.0	0.0
OG0019753	0.0	0.0	0.0	0.0
OG0019754	0.0	0.0	0.0	0.0
OG0019755	0.0	0.0	0.0	0.0
OG0019756	0.0	0.0	0.0	0.0
OG0019757	0.0	0.0	0.0	0.0
OG0019758	0.0	0.0	0.0	0.0
OG0019759	0.0	0.0	0.0	0.0
OG0019760	0.0	0.0	0.0	0.0
OG0019761	0.0	0.0	0.0	0.0
OG0019762	0.0	0.0	0.0	0.0
OG0019763	0.0	0.0	0.0	0.0
OG0019764	0.0	0.0	0.0	0.0
OG0019769	0.0	0.0	0.0	0.0
OG0019770	0.0	0.0	0.0	0.0
OG0019771	0.0	0.0	0.0	0.0
OG0019772	0.0	0.0	0.0	0.0
OG0019773	0.0	0.0	0.0	0.0
OG0019775	0.0	0.0	0.0	0.0
OG0019776	0.0	0.0	0.0	0.0
OG0019777	0.0	0.0	0.0	0.0
OG0019778	0.0	0.0	0.0	0.0
OG0019779	0.0	0.0	0.0	0.0
OG0019780	0.0	0.0	0.0	0.0
OG0019781	0.0	0.0	0.0	0.0
OG0019782	0.0	0.0	0.0	0.0
OG0019783	0.0	0.0	0.0	0.0
OG0019784	0.0	0.0	0.0	0.0
OG0019785	0.0	0.0	0.0	0.0
OG0019786	0.0	0.0	0.0	0.0
OG0019787	0.0	0.0	0.0	0.0
OG0019788	0.0	0.0	0.0	0.0
OG0019789	0.0	0.0	0.0	0.0
OG0019790	0.0	0.0	0.0	0.0
OG0019791	0.0	0.0	0.0	0.0
OG0019792	0.0	0.0	0.0	0.0
OG0019793	0.0	0.0	0.0	0.0
OG0019794	0.0	0.0	0.0	0.0
OG0019796	0.0	0.0	0.0	0.0
OG0019797	0.0	0.0	0.0	0.0
OG0019799	0.0	0.0	0.0	0.0
OG0019800	0.0	0.0	0.0	0.0
OG0019801	0.0	0.0	0.0	0.0
OG0019802	0.0	0.0	0.0	0.0
OG0019803	0.0	0.0	0.0	0.0
OG0019804	0.0	0.0	0.0	0.0
OG0019805	0.0	0.0	0.0	0.0
OG0019806	0.0	0.0	0.0	0.0
OG0019807	0.0	0.0	0.0	0.0
OG0019808	0.0	0.0	0.0	0.0
OG0019809	0.0	0.0	0.0	0.0
OG0019811	0.0	0.0	0.0	0.0
OG0019812	0.0	0.0	0.0	0.0
OG0019813	0.0	0.0	0.0	0.0
OG0019814	0.0	0.0	0.0	0.0
OG0019815	0.0	0.0	0.0	0.0
OG0019816	0.0	0.0	0.0	0.0
OG0019817	0.0	0.0	0.0	0.0
OG0019818	0.0	0.0	0.0	0.0
OG0019819	0.0	0.0	0.0	0.0
OG0019820	0.0	0.0	0.0	0.0
OG0019821	0.0	0.0	0.0	0.0
OG0019825	0.0	0.0	0.0	0.0
OG0019826	0.0	0.0	0.0	0.0
OG0019827	0.0	0.0	0.0	0.0
OG0019828	0.0	0.0	0.0	0.0
OG0019829	0.0	0.0	0.0	0.0
OG0019830	0.0	0.0	0.0	0.0
OG0019831	0.0	0.0	0.0	0.0
OG0019833	0.0	0.0	0.0	0.0
OG0019834	0.0	0.0	0.0	0.0
OG0019835	0.0	0.0	0.0	0.0
OG0019836	0.0	0.0	0.0	0.0
OG0019837	0.0	0.0	0.0	0.0
OG0019838	0.0	0.0	0.0	0.0
OG0019839	0.0	0.0	0.0	0.0
OG0019840	0.0	0.0	0.0	0.0
OG0019842	0.0	0.0	0.0	0.0
OG0019843	0.0	0.0	0.0	0.0
OG0019844	0.0	0.0	0.0	0.0
OG0019845	0.0	0.0	0.0	0.0
OG0019846	0.0	0.0	0.0	0.0
OG0019847	0.0	0.0	0.0	0.0
OG0019848	0.0	0.0	0.0	0.0
OG0019849	0.0	0.0	0.0	0.0
OG0019850	0.0	0.0	0.0	0.0
OG0019851	0.0	0.0	0.0	0.0
OG0019852	0.0	0.0	0.0	0.0
OG0019853	0.0	0.0	0.0	0.0
OG0019854	0.0	0.0	0.0	0.0
OG0019855	0.0	0.0	0.0	0.0
OG0019857	0.0	0.0	0.0	0.0
OG0019858	0.0	0.0	0.0	0.0
OG0019859	0.0	0.0	0.0	0.0
OG0019860	0.0	0.0	0.0	0.0
OG0019861	0.0	0.0	0.0	0.0
OG0019862	0.0	0.0	0.0	0.0
OG0019864	0.0	0.0	0.0	0.0
OG0019865	0.0	0.0	0.0	0.0
OG0019866	0.0	0.0	0.0	0.0
OG0019867	0.0	0.0	0.0	0.0
OG0019868	0.0	0.0	0.0	0.0
OG0019869	0.0	0.0	0.0	0.0
OG0019872	0.0	0.0	0.0	0.0
OG0019873	0.0	0.0	0.0	0.0
OG0019874	0.0	0.0	0.0	0.0
OG0019875	0.0	0.0	0.0	0.0
OG0019876	0.0	0.0	0.0	0.0
OG0019877	0.0	0.0	0.0	0.0
OG0019878	0.0	0.0	0.0	0.0
OG0019880	0.0	0.0	0.0	0.0
OG0019881	0.0	0.0	0.0	0.0
OG0019882	0.0	0.0	0.0	0.0
OG0019883	0.0	0.0	0.0	0.0
OG0019885	0.0	0.0	0.0	0.0
OG0019886	0.0	0.0	0.0	0.0
OG0019887	0.0	0.0	0.0	0.0
OG0019889	0.0	0.0	0.0	0.0
OG0019890	0.0	0.0	0.0	0.0
OG0019892	0.0	0.0	0.0	0.0
OG0019893	0.0	0.0	0.0	0.0
OG0019894	0.0	0.0	0.0	0.0
OG0019895	0.0	0.0	0.0	0.0
OG0019896	0.0	0.0	0.0	0.0
OG0019897	0.0	0.0	0.0	0.0
OG0019898	0.0	0.0	0.0	0.0
OG0019899	0.0	0.0	0.0	0.0
OG0019900	0.0	0.0	0.0	0.0
OG0019901	0.0	0.0	0.0	0.0
OG0019902	0.0	0.0	0.0	0.0
OG0019903	0.0	0.0	0.0	0.0
OG0019904	0.0	0.0	0.0	0.0
OG0019905	0.0	0.0	0.0	0.0
OG0019906	0.0	0.0	0.0	0.0
OG0019907	0.0	0.0	0.0	0.0
OG0019908	0.0	0.0	0.0	0.0
OG0019909	0.0	0.0	0.0	0.0
OG0019910	0.0	0.0	0.0	0.0
OG0019912	0.0	0.0	0.0	0.0
OG0019913	0.0	0.0	0.0	0.0
OG0019914	0.0	0.0	0.0	0.0
OG0019915	0.0	0.0	0.0	0.0
OG0019916	0.0	0.0	0.0	0.0
OG0019917	0.0	0.0	0.0	0.0
OG0019918	0.0	0.0	0.0	0.0
OG0019919	0.0	0.0	0.0	0.0
OG0019920	0.0	0.0	0.0	0.0
OG0019921	0.0	0.0	0.0	0.0
OG0019922	0.0	0.0	0.0	0.0
OG0019924	0.0	0.0	0.0	0.0
OG0019925	0.0	0.0	0.0	0.0
OG0019926	0.0	0.0	0.0	0.0
OG0019927	0.0	0.0	0.0	0.0
OG0019928	0.0	0.0	0.0	0.0
OG0019929	0.0	0.0	0.0	0.0
OG0019930	0.0	0.0	0.0	0.0
OG0019931	0.0	0.0	0.0	0.0
OG0019932	0.0	0.0	0.0	0.0
OG0019933	0.0	0.0	0.0	0.0
OG0019934	0.0	0.0	0.0	0.0
OG0019935	0.0	0.0	0.0	0.0
OG0019936	0.0	0.0	0.0	0.0
OG0019938	0.0	0.0	0.0	0.0
OG0019939	0.0	0.0	0.0	0.0
OG0019940	0.0	0.0	0.0	0.0
OG0019942	0.0	0.0	0.0	0.0
OG0019945	0.0	0.0	0.0	0.0
OG0019946	0.0	0.0	0.0	0.0
OG0019947	0.0	0.0	0.0	0.0
OG0019950	0.0	0.0	0.0	0.0
OG0019951	0.0	0.0	0.0	0.0
OG0019952	0.0	0.0	0.0	0.0
OG0019953	0.0	0.0	0.0	0.0
OG0019954	0.0	0.0	0.0	0.0
OG0019955	0.0	0.0	0.0	0.0
OG0019956	0.0	0.0	0.0	0.0
OG0019957	0.0	0.0	0.0	0.0
OG0019961	0.0	0.0	0.0	0.0
OG0019962	0.0	0.0	0.0	0.0
OG0019963	0.0	0.0	0.0	0.0
OG0019964	0.0	0.0	0.0	0.0
OG0019965	0.0	0.0	0.0	0.0
OG0019966	0.0	0.0	0.0	0.0
OG0019967	0.0	0.0	0.0	0.0
OG0019968	0.0	0.0	0.0	0.0
OG0019970	0.0	0.0	0.0	0.0
OG0019972	0.0	0.0	0.0	0.0
OG0019973	0.0	0.0	0.0	0.0
OG0019974	0.0	0.0	0.0	0.0
OG0019975	0.0	0.0	0.0	0.0
OG0019976	0.0	0.0	0.0	0.0
OG0019977	0.0	0.0	0.0	0.0
OG0019978	0.0	0.0	0.0	0.0
OG0019979	0.0	0.0	0.0	0.0
OG0019980	0.0	0.0	0.0	0.0
OG0019982	0.0	0.0	0.0	0.0
OG0019983	0.0	0.0	0.0	0.0
OG0019984	0.0	0.0	0.0	0.0
OG0019985	0.0	0.0	0.0	0.0
OG0019986	0.0	0.0	0.0	0.0
OG0019987	0.0	0.0	0.0	0.0
OG0019988	0.0	0.0	0.0	0.0
OG0019989	0.0	0.0	0.0	0.0
OG0019990	0.0	0.0	0.0	0.0
OG0019991	0.0	0.0	0.0	0.0
OG0019992	0.0	0.0	0.0	0.0
OG0019993	0.0	0.0	0.0	0.0
OG0019994	0.0	0.0	0.0	0.0
OG0019995	0.0	0.0	0.0	0.0
OG0019996	0.0	0.0	0.0	0.0
OG0019997	0.0	0.0	0.0	0.0
OG0020000	0.0	0.0	0.0	0.0
OG0020001	0.0	0.0	0.0	0.0
OG0020002	0.0	0.0	0.0	0.0
OG0020008	0.0	0.0	0.0	0.0
OG0020009	0.0	0.0	0.0	0.0
OG0020010	0.0	0.0	0.0	0.0
OG0020011	0.0	0.0	0.0	0.0
OG0020012	0.0	0.0	0.0	0.0
OG0020013	0.0	0.0	0.0	0.0
OG0020014	0.0	0.0	0.0	0.0
OG0020017	0.0	0.0	0.0	0.0
OG0020018	0.0	0.0	0.0	0.0
OG0020020	0.0	0.0	0.0	0.0
OG0020021	0.0	0.0	0.0	0.0
OG0020022	0.0	0.0	0.0	0.0
OG0020023	0.0	0.0	0.0	0.0
OG0020024	0.0	0.0	0.0	0.0
OG0020025	0.0	0.0	0.0	0.0
OG0020026	0.0	0.0	0.0	0.0
OG0020027	0.0	0.0	0.0	0.0
OG0020029	0.0	0.0	0.0	0.0
OG0020030	0.0	0.0	0.0	0.0
OG0020031	0.0	0.0	0.0	0.0
OG0020032	0.0	0.0	0.0	0.0
OG0020034	0.0	0.0	0.0	0.0
OG0020035	0.0	0.0	0.0	0.0
OG0020036	0.0	0.0	0.0	0.0
OG0020037	0.0	0.0	0.0	0.0
OG0020039	0.0	0.0	0.0	0.0
OG0020040	0.0	0.0	0.0	0.0
OG0020041	0.0	0.0	0.0	0.0
OG0020042	0.0	0.0	0.0	0.0
OG0020043	0.0	0.0	0.0	0.0
OG0020045	0.0	0.0	0.0	0.0
OG0020046	0.0	0.0	0.0	0.0
OG0020047	0.0	0.0	0.0	0.0
OG0020048	0.0	0.0	0.0	0.0
OG0020049	0.0	0.0	0.0	0.0
OG0020051	0.0	0.0	0.0	0.0
OG0020052	0.0	0.0	0.0	0.0
OG0020053	0.0	0.0	0.0	0.0
OG0020054	0.0	0.0	0.0	0.0
OG0020055	0.0	0.0	0.0	0.0
OG0020057	0.0	0.0	0.0	0.0
OG0020059	0.0	0.0	0.0	0.0
OG0020060	0.0	0.0	0.0	0.0
OG0020061	0.0	0.0	0.0	0.0
OG0020064	0.0	0.0	0.0	0.0
OG0020066	0.0	0.0	0.0	0.0
OG0020069	0.0	0.0	0.0	0.0
OG0020070	0.0	0.0	0.0	0.0
OG0020072	0.0	0.0	0.0	0.0
OG0020073	0.0	0.0	0.0	0.0
OG0020074	0.0	0.0	0.0	0.0
OG0020075	0.0	0.0	0.0	0.0
OG0020078	0.0	0.0	0.0	0.0
OG0020079	0.0	0.0	0.0	0.0
OG0020080	0.0	0.0	0.0	0.0
OG0020081	0.0	0.0	0.0	0.0
OG0020082	0.0	0.0	0.0	0.0
OG0020085	0.0	0.0	0.0	0.0
OG0020086	0.0	0.0	0.0	0.0
OG0020087	0.0	0.0	0.0	0.0
OG0020088	0.0	0.0	0.0	0.0
OG0020089	0.0	0.0	0.0	0.0
OG0020090	0.0	0.0	0.0	0.0
OG0020092	0.0	0.0	0.0	0.0
OG0020093	0.0	0.0	0.0	0.0
OG0020095	0.0	0.0	0.0	0.0
OG0020096	0.0	0.0	0.0	0.0
OG0020097	0.0	0.0	0.0	0.0
OG0020098	0.0	0.0	0.0	0.0
OG0020099	0.0	0.0	0.0	0.0
OG0020100	0.0	0.0	0.0	0.0
OG0020101	0.0	0.0	0.0	0.0
OG0020102	0.0	0.0	0.0	0.0
OG0020103	0.0	0.0	0.0	0.0
OG0020104	0.0	0.0	0.0	0.0
OG0020105	0.0	0.0	0.0	0.0
OG0020106	0.0	0.0	0.0	0.0
OG0020107	0.0	0.0	0.0	0.0
OG0020108	0.0	0.0	0.0	0.0
OG0020109	0.0	0.0	0.0	0.0
OG0020110	0.0	0.0	0.0	0.0
OG0020112	0.0	0.0	0.0	0.0
OG0020113	0.0	0.0	0.0	0.0
OG0020114	0.0	0.0	0.0	0.0
OG0020115	0.0	0.0	0.0	0.0
OG0020116	0.0	0.0	0.0	0.0
OG0020117	0.0	0.0	0.0	0.0
OG0020118	0.0	0.0	0.0	0.0
OG0020119	0.0	0.0	0.0	0.0
OG0020120	0.0	0.0	0.0	0.0
OG0020121	0.0	0.0	0.0	0.0
OG0020122	0.0	0.0	0.0	0.0
OG0020123	0.0	0.0	0.0	0.0
OG0020124	0.0	0.0	0.0	0.0
OG0020126	0.0	0.0	0.0	0.0
OG0020127	0.0	0.0	0.0	0.0
OG0020132	0.0	0.0	0.0	0.0
OG0020133	0.0	0.0	0.0	0.0
OG0020134	0.0	0.0	0.0	0.0
OG0020135	0.0	0.0	0.0	0.0
OG0020136	0.0	0.0	0.0	0.0
OG0020138	0.0	0.0	0.0	0.0
OG0020139	0.0	0.0	0.0	0.0
OG0020140	0.0	0.0	0.0	0.0
OG0020141	0.0	0.0	0.0	0.0
OG0020142	0.0	0.0	0.0	0.0
OG0020144	0.0	0.0	0.0	0.0
OG0020145	0.0	0.0	0.0	0.0
OG0020147	0.0	0.0	0.0	0.0
OG0020148	0.0	0.0	0.0	0.0
OG0020149	0.0	0.0	0.0	0.0
OG0020150	0.0	0.0	0.0	0.0
OG0020152	0.0	0.0	0.0	0.0
OG0020153	0.0	0.0	0.0	0.0
OG0020155	0.0	0.0	0.0	0.0
OG0020156	0.0	0.0	0.0	0.0
OG0020157	0.0	0.0	0.0	0.0
OG0020158	0.0	0.0	0.0	0.0
OG0020159	0.0	0.0	0.0	0.0
OG0020160	0.0	0.0	0.0	0.0
OG0020161	0.0	0.0	0.0	0.0
OG0020162	0.0	0.0	0.0	0.0
OG0020163	0.0	0.0	0.0	0.0
OG0020164	0.0	0.0	0.0	0.0
OG0020165	0.0	0.0	0.0	0.0
OG0020167	0.0	0.0	0.0	0.0
OG0020169	0.0	0.0	0.0	0.0
OG0020171	0.0	0.0	0.0	0.0
OG0020172	0.0	0.0	0.0	0.0
OG0020173	0.0	0.0	0.0	0.0
OG0020175	0.0	0.0	0.0	0.0
OG0020177	0.0	0.0	0.0	0.0
OG0020178	0.0	0.0	0.0	0.0
OG0020179	0.0	0.0	0.0	0.0
OG0020180	0.0	0.0	0.0	0.0
OG0020182	0.0	0.0	0.0	0.0
OG0020183	0.0	0.0	0.0	0.0
OG0020184	0.0	0.0	0.0	0.0
OG0020186	0.0	0.0	0.0	0.0
OG0020187	0.0	0.0	0.0	0.0
OG0020188	0.0	0.0	0.0	0.0
OG0020190	0.0	0.0	0.0	0.0
OG0020191	0.0	0.0	0.0	0.0
OG0020192	0.0	0.0	0.0	0.0
OG0020193	0.0	0.0	0.0	0.0
OG0020195	0.0	0.0	0.0	0.0
OG0020196	0.0	0.0	0.0	0.0
OG0020197	0.0	0.0	0.0	0.0
OG0020198	0.0	0.0	0.0	0.0
OG0020199	0.0	0.0	0.0	0.0
OG0020200	0.0	0.0	0.0	0.0
OG0020202	0.0	0.0	0.0	0.0
OG0020203	0.0	0.0	0.0	0.0
OG0020204	0.0	0.0	0.0	0.0
OG0020206	0.0	0.0	0.0	0.0
OG0020207	0.0	0.0	0.0	0.0
OG0020209	0.0	0.0	0.0	0.0
OG0020210	0.0	0.0	0.0	0.0
OG0020212	0.0	0.0	0.0	0.0
OG0020214	0.0	0.0	0.0	0.0
OG0020217	0.0	0.0	0.0	0.0
OG0020219	0.0	0.0	0.0	0.0
OG0020220	0.0	0.0	0.0	0.0
OG0020223	0.0	0.0	0.0	0.0
OG0020224	0.0	0.0	0.0	0.0
OG0020226	0.0	0.0	0.0	0.0
OG0020228	0.0	0.0	0.0	0.0
OG0020229	0.0	0.0	0.0	0.0
OG0020230	0.0	0.0	0.0	0.0
OG0020233	0.0	0.0	0.0	0.0
OG0020234	0.0	0.0	0.0	0.0
OG0020235	0.0	0.0	0.0	0.0
OG0020237	0.0	0.0	0.0	0.0
OG0020238	0.0	0.0	0.0	0.0
OG0020240	0.0	0.0	0.0	0.0
OG0020241	0.0	0.0	0.0	0.0
OG0020242	0.0	0.0	0.0	0.0
OG0020243	0.0	0.0	0.0	0.0
OG0020244	0.0	0.0	0.0	0.0
OG0020245	0.0	0.0	0.0	0.0
OG0020246	0.0	0.0	0.0	0.0
OG0020247	0.0	0.0	0.0	0.0
OG0020248	0.0	0.0	0.0	0.0
OG0020249	0.0	0.0	0.0	0.0
OG0020250	0.0	0.0	0.0	0.0
OG0020251	0.0	0.0	0.0	0.0
OG0020252	0.0	0.0	0.0	0.0
OG0020256	0.0	0.0	0.0	0.0
OG0020257	0.0	0.0	0.0	0.0
OG0020258	0.0	0.0	0.0	0.0
OG0020259	0.0	0.0	0.0	0.0
OG0020262	0.0	0.0	0.0	0.0
OG0020263	0.0	0.0	0.0	0.0
OG0020265	0.0	0.0	0.0	0.0
OG0020267	0.0	0.0	0.0	0.0
OG0020268	0.0	0.0	0.0	0.0
OG0020269	0.0	0.0	0.0	0.0
OG0020270	0.0	0.0	0.0	0.0
OG0020271	0.0	0.0	0.0	0.0
OG0020272	0.0	0.0	0.0	0.0
OG0020274	0.0	0.0	0.0	0.0
OG0020275	0.0	0.0	0.0	0.0
OG0020277	0.0	0.0	0.0	0.0
OG0020278	0.0	0.0	0.0	0.0
OG0020280	0.0	0.0	0.0	0.0
OG0020281	0.0	0.0	0.0	0.0
OG0020283	0.0	0.0	0.0	0.0
OG0020284	0.0	0.0	0.0	0.0
OG0020285	0.0	0.0	0.0	0.0
OG0020286	0.0	0.0	0.0	0.0
OG0020287	0.0	0.0	0.0	0.0
OG0020288	0.0	0.0	0.0	0.0
OG0020289	0.0	0.0	0.0	0.0
OG0020290	0.0	0.0	0.0	0.0
OG0020291	0.0	0.0	0.0	0.0
OG0020292	0.0	0.0	0.0	0.0
OG0020293	0.0	0.0	0.0	0.0
OG0020295	0.0	0.0	0.0	0.0
OG0020298	0.0	0.0	0.0	0.0
OG0020299	0.0	0.0	0.0	0.0
OG0020301	0.0	0.0	0.0	0.0
OG0020302	0.0	0.0	0.0	0.0
OG0020303	0.0	0.0	0.0	0.0
OG0020304	0.0	0.0	0.0	0.0
OG0020305	0.0	0.0	0.0	0.0
OG0020307	0.0	0.0	0.0	0.0
OG0020308	0.0	0.0	0.0	0.0
OG0020309	0.0	0.0	0.0	0.0
OG0020310	0.0	0.0	0.0	0.0
OG0020311	0.0	0.0	0.0	0.0
OG0020313	0.0	0.0	0.0	0.0
OG0020315	0.0	0.0	0.0	0.0
OG0020316	0.0	0.0	0.0	0.0
OG0020317	0.0	0.0	0.0	0.0
OG0020318	0.0	0.0	0.0	0.0
OG0020319	0.0	0.0	0.0	0.0
OG0020320	0.0	0.0	0.0	0.0
OG0020321	0.0	0.0	0.0	0.0
OG0020325	0.0	0.0	0.0	0.0
OG0020327	0.0	0.0	0.0	0.0
OG0020328	0.0	0.0	0.0	0.0
OG0020329	0.0	0.0	0.0	0.0
OG0020330	0.0	0.0	0.0	0.0
OG0020331	0.0	0.0	0.0	0.0
OG0020332	0.0	0.0	0.0	0.0
OG0020333	0.0	0.0	0.0	0.0
OG0020334	0.0	0.0	0.0	0.0
OG0020335	0.0	0.0	0.0	0.0
OG0020336	0.0	0.0	0.0	0.0
OG0020337	0.0	0.0	0.0	0.0
OG0020339	0.0	0.0	0.0	0.0
OG0020340	0.0	0.0	0.0	0.0
OG0020342	0.0	0.0	0.0	0.0
OG0020343	0.0	0.0	0.0	0.0
OG0020344	0.0	0.0	0.0	0.0
OG0020345	0.0	0.0	0.0	0.0
OG0020346	0.0	0.0	0.0	0.0
OG0020347	0.0	0.0	0.0	0.0
OG0020348	0.0	0.0	0.0	0.0
OG0020349	0.0	0.0	0.0	0.0
OG0020350	0.0	0.0	0.0	0.0
OG0020351	0.0	0.0	0.0	0.0
OG0020355	0.0	0.0	0.0	0.0
OG0020356	0.0	0.0	0.0	0.0
OG0020357	0.0	0.0	0.0	0.0
OG0020358	0.0	0.0	0.0	0.0
OG0020359	0.0	0.0	0.0	0.0
OG0020360	0.0	0.0	0.0	0.0
OG0020361	0.0	0.0	0.0	0.0
OG0020362	0.0	0.0	0.0	0.0
OG0020363	0.0	0.0	0.0	0.0
OG0020364	0.0	0.0	0.0	0.0
OG0020365	0.0	0.0	0.0	0.0
OG0020366	0.0	0.0	0.0	0.0
OG0020369	0.0	0.0	0.0	0.0
OG0020370	0.0	0.0	0.0	0.0
OG0020371	0.0	0.0	0.0	0.0
OG0020372	0.0	0.0	0.0	0.0
OG0020373	0.0	0.0	0.0	0.0
OG0020374	0.0	0.0	0.0	0.0
OG0020375	0.0	0.0	0.0	0.0
OG0020376	0.0	0.0	0.0	0.0
OG0020377	0.0	0.0	0.0	0.0
OG0020379	0.0	0.0	0.0	0.0
OG0020380	0.0	0.0	0.0	0.0
OG0020381	0.0	0.0	0.0	0.0
OG0020384	0.0	0.0	0.0	0.0
OG0020385	0.0	0.0	0.0	0.0
OG0020387	0.0	0.0	0.0	0.0
OG0020388	0.0	0.0	0.0	0.0
OG0020389	0.0	0.0	0.0	0.0
OG0020390	0.0	0.0	0.0	0.0
OG0020392	0.0	0.0	0.0	0.0
OG0020393	0.0	0.0	0.0	0.0
OG0020395	0.0	0.0	0.0	0.0
OG0020396	0.0	0.0	0.0	0.0
OG0020397	0.0	0.0	0.0	0.0
OG0020398	0.0	0.0	0.0	0.0
OG0020399	0.0	0.0	0.0	0.0
OG0020401	0.0	0.0	0.0	0.0
OG0020402	0.0	0.0	0.0	0.0
OG0020403	0.0	0.0	0.0	0.0
OG0020404	0.0	0.0	0.0	0.0
OG0020405	0.0	0.0	0.0	0.0
OG0020406	0.0	0.0	0.0	0.0
OG0020407	0.0	0.0	0.0	0.0
OG0020408	0.0	0.0	0.0	0.0
OG0020409	0.0	0.0	0.0	0.0
OG0020410	0.0	0.0	0.0	0.0
OG0020411	0.0	0.0	0.0	0.0
OG0020412	0.0	0.0	0.0	0.0
OG0020413	0.0	0.0	0.0	0.0
OG0020414	0.0	0.0	0.0	0.0
OG0020415	0.0	0.0	0.0	0.0
OG0020416	0.0	0.0	0.0	0.0
OG0020417	0.0	0.0	0.0	0.0
OG0020418	0.0	0.0	0.0	0.0
OG0020419	0.0	0.0	0.0	0.0
OG0020420	0.0	0.0	0.0	0.0
OG0020421	0.0	0.0	0.0	0.0
OG0020422	0.0	0.0	0.0	0.0
OG0020423	0.0	0.0	0.0	0.0
OG0020424	0.0	0.0	0.0	0.0
OG0020425	0.0	0.0	0.0	0.0
OG0020426	0.0	0.0	0.0	0.0
OG0020427	0.0	0.0	0.0	0.0
OG0020428	0.0	0.0	0.0	0.0
OG0020429	0.0	0.0	0.0	0.0
OG0020431	0.0	0.0	0.0	0.0
OG0020432	0.0	0.0	0.0	0.0
OG0020434	0.0	0.0	0.0	0.0
OG0020435	0.0	0.0	0.0	0.0
OG0020437	0.0	0.0	0.0	0.0
OG0020438	0.0	0.0	0.0	0.0
OG0020439	0.0	0.0	0.0	0.0
OG0020440	0.0	0.0	0.0	0.0
OG0020441	0.0	0.0	0.0	0.0
OG0020442	0.0	0.0	0.0	0.0
OG0020443	0.0	0.0	0.0	0.0
OG0020444	0.0	0.0	0.0	0.0
OG0020446	0.0	0.0	0.0	0.0
OG0020448	0.0	0.0	0.0	0.0
OG0020449	0.0	0.0	0.0	0.0
OG0020450	0.0	0.0	0.0	0.0
OG0020452	0.0	0.0	0.0	0.0
OG0020454	0.0	0.0	0.0	0.0
OG0020455	0.0	0.0	0.0	0.0
OG0020456	0.0	0.0	0.0	0.0
OG0020457	0.0	0.0	0.0	0.0
OG0020458	0.0	0.0	0.0	0.0
OG0020459	0.0	0.0	0.0	0.0
OG0020460	0.0	0.0	0.0	0.0
OG0020461	0.0	0.0	0.0	0.0
OG0020462	0.0	0.0	0.0	0.0
OG0020463	0.0	0.0	0.0	0.0
OG0020464	0.0	0.0	0.0	0.0
OG0020465	0.0	0.0	0.0	0.0
OG0020467	0.0	0.0	0.0	0.0
OG0020468	0.0	0.0	0.0	0.0
OG0020469	0.0	0.0	0.0	0.0
OG0020470	0.0	0.0	0.0	0.0
OG0020471	0.0	0.0	0.0	0.0
OG0020472	0.0	0.0	0.0	0.0
OG0020473	0.0	0.0	0.0	0.0
OG0020474	0.0	0.0	0.0	0.0
OG0020476	0.0	0.0	0.0	0.0
OG0020477	0.0	0.0	0.0	0.0
OG0020478	0.0	0.0	0.0	0.0
OG0020479	0.0	0.0	0.0	0.0
OG0020480	0.0	0.0	0.0	0.0
OG0020481	0.0	0.0	0.0	0.0
OG0020482	0.0	0.0	0.0	0.0
OG0020483	0.0	0.0	0.0	0.0
OG0020484	0.0	0.0	0.0	0.0
OG0020485	0.0	0.0	0.0	0.0
OG0020486	0.0	0.0	0.0	0.0
OG0020487	0.0	0.0	0.0	0.0
OG0020488	0.0	0.0	0.0	0.0
OG0020489	0.0	0.0	0.0	0.0
OG0020490	0.0	0.0	0.0	0.0
OG0020491	0.0	0.0	0.0	0.0
OG0020492	0.0	0.0	0.0	0.0
OG0020493	0.0	0.0	0.0	0.0
OG0020494	0.0	0.0	0.0	0.0
OG0020495	0.0	0.0	0.0	0.0
OG0020496	0.0	0.0	0.0	0.0
OG0020497	0.0	0.0	0.0	0.0
OG0020498	0.0	0.0	0.0	0.0
OG0020499	0.0	0.0	0.0	0.0
OG0020500	0.0	0.0	0.0	0.0
OG0020502	0.0	0.0	0.0	0.0
OG0020503	0.0	0.0	0.0	0.0
OG0020504	0.0	0.0	0.0	0.0
OG0020505	0.0	0.0	0.0	0.0
OG0020506	0.0	0.0	0.0	0.0
OG0020508	0.0	0.0	0.0	0.0
OG0020509	0.0	0.0	0.0	0.0
OG0020510	0.0	0.0	0.0	0.0
OG0020511	0.0	0.0	0.0	0.0
OG0020513	0.0	0.0	0.0	0.0
OG0020515	0.0	0.0	0.0	0.0
OG0020516	0.0	0.0	0.0	0.0
OG0020517	0.0	0.0	0.0	0.0
OG0020518	0.0	0.0	0.0	0.0
OG0020519	0.0	0.0	0.0	0.0
OG0020520	0.0	0.0	0.0	0.0
OG0020521	0.0	0.0	0.0	0.0
OG0020522	0.0	0.0	0.0	0.0
OG0020523	0.0	0.0	0.0	0.0
OG0020525	0.0	0.0	0.0	0.0
OG0020526	0.0	0.0	0.0	0.0
OG0020527	0.0	0.0	0.0	0.0
OG0020528	0.0	0.0	0.0	0.0
OG0020529	0.0	0.0	0.0	0.0
OG0020530	0.0	0.0	0.0	0.0
OG0020531	0.0	0.0	0.0	0.0
OG0020533	0.0	0.0	0.0	0.0
OG0020534	0.0	0.0	0.0	0.0
OG0020535	0.0	0.0	0.0	0.0
OG0020536	0.0	0.0	0.0	0.0
OG0020537	0.0	0.0	0.0	0.0
OG0020538	0.0	0.0	0.0	0.0
OG0020539	0.0	0.0	0.0	0.0
OG0020540	0.0	0.0	0.0	0.0
OG0020541	0.0	0.0	0.0	0.0
OG0020542	0.0	0.0	0.0	0.0
OG0020543	0.0	0.0	0.0	0.0
OG0020544	0.0	0.0	0.0	0.0
OG0020545	0.0	0.0	0.0	0.0
OG0020546	0.0	0.0	0.0	0.0
OG0020547	0.0	0.0	0.0	0.0
OG0020549	0.0	0.0	0.0	0.0
OG0020550	0.0	0.0	0.0	0.0
OG0020551	0.0	0.0	0.0	0.0
OG0020553	0.0	0.0	0.0	0.0
OG0020555	0.0	0.0	0.0	0.0
OG0020556	0.0	0.0	0.0	0.0
OG0020557	0.0	0.0	0.0	0.0
OG0020558	0.0	0.0	0.0	0.0
OG0020559	0.0	0.0	0.0	0.0
OG0020560	0.0	0.0	0.0	0.0
OG0020562	0.0	0.0	0.0	0.0
OG0020563	0.0	0.0	0.0	0.0
OG0020564	0.0	0.0	0.0	0.0
OG0020565	0.0	0.0	0.0	0.0
OG0020566	0.0	0.0	0.0	0.0
OG0020567	0.0	0.0	0.0	0.0
OG0020568	0.0	0.0	0.0	0.0
OG0020569	0.0	0.0	0.0	0.0
OG0020571	0.0	0.0	0.0	0.0
OG0020572	0.0	0.0	0.0	0.0
OG0020578	0.0	0.0	0.0	0.0
OG0020580	0.0	0.0	0.0	0.0
OG0020581	0.0	0.0	0.0	0.0
OG0020584	0.0	0.0	0.0	0.0
OG0020585	0.0	0.0	0.0	0.0
OG0020588	0.0	0.0	0.0	0.0
OG0020589	0.0	0.0	0.0	0.0
OG0020598	0.0	0.0	0.0	0.0
OG0020602	0.0	0.0	0.0	0.0
OG0020611	0.0	0.0	0.0	0.0
OG0020612	0.0	0.0	0.0	0.0
OG0020613	0.0	0.0	0.0	0.0
OG0020614	0.0	0.0	0.0	0.0
OG0020616	0.0	0.0	0.0	0.0
OG0020617	0.0	0.0	0.0	0.0
OG0020618	0.0	0.0	0.0	0.0
OG0020619	0.0	0.0	0.0	0.0
OG0020620	0.0	0.0	0.0	0.0
OG0020621	0.0	0.0	0.0	0.0
OG0020622	0.0	0.0	0.0	0.0
OG0020623	0.0	0.0	0.0	0.0
OG0020624	0.0	0.0	0.0	0.0
OG0020626	0.0	0.0	0.0	0.0
OG0020666	0.0	0.0	0.0	0.0
OG0020667	0.0	0.0	0.0	0.0
OG0020694	0.0	0.0	0.0	0.0
OG0020702	0.0	0.0	0.0	0.0
OG0020703	0.0	0.0	0.0	0.0
OG0020705	0.0	0.0	0.0	0.0
OG0020725	0.0	0.0	0.0	0.0
OG0020730	0.0	0.0	0.0	0.0
OG0020735	0.0	0.0	0.0	0.0
OG0020736	0.0	0.0	0.0	0.0
OG0020737	0.0	0.0	0.0	0.0
OG0020742	0.0	0.0	0.0	0.0
OG0020748	0.0	0.0	0.0	0.0
OG0020765	0.0	0.0	0.0	0.0
OG0020769	0.0	0.0	0.0	0.0
OG0020772	0.0	0.0	0.0	0.0
OG0020775	0.0	0.0	0.0	0.0
OG0020778	0.0	0.0	0.0	0.0
OG0020784	0.0	0.0	0.0	0.0
OG0020785	0.0	0.0	0.0	0.0
OG0020787	0.0	0.0	0.0	0.0
OG0020790	0.0	0.0	0.0	0.0
OG0020795	0.0	0.0	0.0	0.0
OG0020799	0.0	0.0	0.0	0.0
OG0020802	0.0	0.0	0.0	0.0
OG0020803	0.0	0.0	0.0	0.0
OG0020804	0.0	0.0	0.0	0.0
OG0020805	0.0	0.0	0.0	0.0
OG0020809	0.0	0.0	0.0	0.0
OG0020813	0.0	0.0	0.0	0.0
OG0020816	0.0	0.0	0.0	0.0
OG0020817	0.0	0.0	0.0	0.0
OG0020821	0.0	0.0	0.0	0.0
OG0020823	0.0	0.0	0.0	0.0
OG0020824	0.0	0.0	0.0	0.0
OG0020825	0.0	0.0	0.0	0.0
OG0020826	0.0	0.0	0.0	0.0
OG0020827	0.0	0.0	0.0	0.0
OG0020828	0.0	0.0	0.0	0.0
OG0020829	0.0	0.0	0.0	0.0
OG0020830	0.0	0.0	0.0	0.0
OG0020831	0.0	0.0	0.0	0.0
OG0020833	0.0	0.0	0.0	0.0
OG0020834	0.0	0.0	0.0	0.0
OG0020837	0.0	0.0	0.0	0.0
OG0020838	0.0	0.0	0.0	0.0
OG0020839	0.0	0.0	0.0	0.0
OG0020841	0.0	0.0	0.0	0.0
OG0020842	0.0	0.0	0.0	0.0
OG0020843	0.0	0.0	0.0	0.0
OG0020896	0.0	0.0	0.0	0.0
OG0020915	0.0	0.0	0.0	0.0
OG0020920	0.0	0.0	0.0	0.0
OG0020923	0.0	0.0	0.0	0.0
OG0020925	0.0	0.0	0.0	0.0
OG0020926	0.0	0.0	0.0	0.0
OG0020931	0.0	0.0	0.0	0.0
OG0020942	0.0	0.0	0.0	0.0
OG0020949	0.0	0.0	0.0	0.0
OG0020954	0.0	0.0	0.0	0.0
OG0020955	0.0	0.0	0.0	0.0
OG0020961	0.0	0.0	0.0	0.0
OG0020964	0.0	0.0	0.0	0.0
OG0020968	0.0	0.0	0.0	0.0
OG0020969	0.0	0.0	0.0	0.0
OG0020970	0.0	0.0	0.0	0.0
OG0020980	0.0	0.0	0.0	0.0
OG0020983	0.0	0.0	0.0	0.0
OG0020986	0.0	0.0	0.0	0.0
OG0020994	0.0	0.0	0.0	0.0
OG0020997	0.0	0.0	0.0	0.0
OG0020999	0.0	0.0	0.0	0.0
OG0021000	0.0	0.0	0.0	0.0
OG0021001	0.0	0.0	0.0	0.0
OG0021002	0.0	0.0	0.0	0.0
OG0021003	0.0	0.0	0.0	0.0
OG0021006	0.0	0.0	0.0	0.0
OG0021008	0.0	0.0	0.0	0.0
OG0021009	0.0	0.0	0.0	0.0
OG0021084	0.0	0.0	0.0	0.0
OG0021116	0.0	0.0	0.0	0.0
OG0021117	0.0	0.0	0.0	0.0
OG0021121	0.0	0.0	0.0	0.0
OG0021122	0.0	0.0	0.0	0.0
OG0021123	0.0	0.0	0.0	0.0
OG0021124	0.0	0.0	0.0	0.0
OG0021125	0.0	0.0	0.0	0.0
OG0021126	0.0	0.0	0.0	0.0
OG0021128	0.0	0.0	0.0	0.0
OG0021129	0.0	0.0	0.0	0.0
OG0021130	0.0	0.0	0.0	0.0
OG0021131	0.0	0.0	0.0	0.0
OG0021132	0.0	0.0	0.0	0.0
OG0021133	0.0	0.0	0.0	0.0
OG0021134	0.0	0.0	0.0	0.0
OG0021139	0.0	0.0	0.0	0.0
OG0021140	0.0	0.0	0.0	0.0
OG0021141	0.0	0.0	0.0	0.0
OG0021142	0.0	0.0	0.0	0.0
OG0021143	0.0	0.0	0.0	0.0
OG0021145	0.0	0.0	0.0	0.0
OG0021146	0.0	0.0	0.0	0.0
OG0021147	0.0	0.0	0.0	0.0
OG0021148	0.0	0.0	0.0	0.0
OG0021149	0.0	0.0	0.0	0.0
OG0021151	0.0	0.0	0.0	0.0
OG0021153	0.0	0.0	0.0	0.0
OG0021154	0.0	0.0	0.0	0.0
OG0021156	0.0	0.0	0.0	0.0
OG0021159	0.0	0.0	0.0	0.0
OG0021160	0.0	0.0	0.0	0.0
OG0021161	0.0	0.0	0.0	0.0
OG0021162	0.0	0.0	0.0	0.0
OG0021163	0.0	0.0	0.0	0.0
OG0021164	0.0	0.0	0.0	0.0
OG0021165	0.0	0.0	0.0	0.0
OG0021166	0.0	0.0	0.0	0.0
OG0021167	0.0	0.0	0.0	0.0
OG0021168	0.0	0.0	0.0	0.0
OG0021169	0.0	0.0	0.0	0.0
OG0021170	0.0	0.0	0.0	0.0
OG0021171	0.0	0.0	0.0	0.0
OG0021172	0.0	0.0	0.0	0.0
OG0021175	0.0	0.0	0.0	0.0
OG0021177	0.0	0.0	0.0	0.0
OG0021178	0.0	0.0	0.0	0.0
OG0021179	0.0	0.0	0.0	0.0
OG0021180	0.0	0.0	0.0	0.0
OG0021181	0.0	0.0	0.0	0.0
OG0021184	0.0	0.0	0.0	0.0
OG0021185	0.0	0.0	0.0	0.0
OG0021188	0.0	0.0	0.0	0.0
OG0021189	0.0	0.0	0.0	0.0
OG0021190	0.0	0.0	0.0	0.0
OG0021191	0.0	0.0	0.0	0.0
OG0021192	0.0	0.0	0.0	0.0
OG0021193	0.0	0.0	0.0	0.0
OG0021194	0.0	0.0	0.0	0.0
OG0021196	0.0	0.0	0.0	0.0
OG0021197	0.0	0.0	0.0	0.0
OG0021198	0.0	0.0	0.0	0.0
OG0021199	0.0	0.0	0.0	0.0
OG0021200	0.0	0.0	0.0	0.0
OG0021203	0.0	0.0	0.0	0.0
OG0021204	0.0	0.0	0.0	0.0
OG0021205	0.0	0.0	0.0	0.0
OG0021206	0.0	0.0	0.0	0.0
OG0021207	0.0	0.0	0.0	0.0
OG0021208	0.0	0.0	0.0	0.0
OG0021209	0.0	0.0	0.0	0.0
OG0021210	0.0	0.0	0.0	0.0
OG0021211	0.0	0.0	0.0	0.0
OG0021212	0.0	0.0	0.0	0.0
OG0021213	0.0	0.0	0.0	0.0
OG0021215	0.0	0.0	0.0	0.0
OG0021216	0.0	0.0	0.0	0.0
OG0021217	0.0	0.0	0.0	0.0
OG0021218	0.0	0.0	0.0	0.0
OG0021219	0.0	0.0	0.0	0.0
OG0021220	0.0	0.0	0.0	0.0
OG0021221	0.0	0.0	0.0	0.0
OG0021222	0.0	0.0	0.0	0.0
OG0021223	0.0	0.0	0.0	0.0
OG0021225	0.0	0.0	0.0	0.0
OG0021226	0.0	0.0	0.0	0.0
OG0021228	0.0	0.0	0.0	0.0
OG0021230	0.0	0.0	0.0	0.0
OG0021231	0.0	0.0	0.0	0.0
OG0021233	0.0	0.0	0.0	0.0
OG0021237	0.0	0.0	0.0	0.0
OG0021240	0.0	0.0	0.0	0.0
OG0021241	0.0	0.0	0.0	0.0
OG0021244	0.0	0.0	0.0	0.0
OG0021247	0.0	0.0	0.0	0.0
OG0021248	0.0	0.0	0.0	0.0
OG0021250	0.0	0.0	0.0	0.0
OG0021251	0.0	0.0	0.0	0.0
OG0021252	0.0	0.0	0.0	0.0
OG0021253	0.0	0.0	0.0	0.0
OG0021255	0.0	0.0	0.0	0.0
OG0021258	0.0	0.0	0.0	0.0
OG0021261	0.0	0.0	0.0	0.0
OG0021262	0.0	0.0	0.0	0.0
OG0021264	0.0	0.0	0.0	0.0
OG0021265	0.0	0.0	0.0	0.0
OG0021266	0.0	0.0	0.0	0.0
OG0021269	0.0	0.0	0.0	0.0
OG0021270	0.0	0.0	0.0	0.0
OG0021271	0.0	0.0	0.0	0.0
OG0021273	0.0	0.0	0.0	0.0
OG0021274	0.0	0.0	0.0	0.0
OG0021275	0.0	0.0	0.0	0.0
OG0021276	0.0	0.0	0.0	0.0
OG0021277	0.0	0.0	0.0	0.0
OG0021278	0.0	0.0	0.0	0.0
OG0021281	0.0	0.0	0.0	0.0
OG0021282	0.0	0.0	0.0	0.0
OG0021284	0.0	0.0	0.0	0.0
OG0021285	0.0	0.0	0.0	0.0
OG0021286	0.0	0.0	0.0	0.0
OG0021287	0.0	0.0	0.0	0.0
OG0021288	0.0	0.0	0.0	0.0
OG0021290	0.0	0.0	0.0	0.0
OG0021293	0.0	0.0	0.0	0.0
OG0021294	0.0	0.0	0.0	0.0
OG0021295	0.0	0.0	0.0	0.0
OG0021296	0.0	0.0	0.0	0.0
OG0021297	0.0	0.0	0.0	0.0
OG0021298	0.0	0.0	0.0	0.0
OG0021299	0.0	0.0	0.0	0.0
OG0021300	0.0	0.0	0.0	0.0
OG0021301	0.0	0.0	0.0	0.0
OG0021302	0.0	0.0	0.0	0.0
OG0021303	0.0	0.0	0.0	0.0
OG0021305	0.0	0.0	0.0	0.0
OG0021306	0.0	0.0	0.0	0.0
OG0021307	0.0	0.0	0.0	0.0
OG0021309	0.0	0.0	0.0	0.0
OG0021310	0.0	0.0	0.0	0.0
OG0021311	0.0	0.0	0.0	0.0
OG0021314	0.0	0.0	0.0	0.0
OG0021316	0.0	0.0	0.0	0.0
OG0021317	0.0	0.0	0.0	0.0
OG0021318	0.0	0.0	0.0	0.0
OG0021321	0.0	0.0	0.0	0.0
OG0021322	0.0	0.0	0.0	0.0
OG0021327	0.0	0.0	0.0	0.0
OG0021328	0.0	0.0	0.0	0.0
OG0021329	0.0	0.0	0.0	0.0
OG0021330	0.0	0.0	0.0	0.0
OG0021332	0.0	0.0	0.0	0.0
OG0021333	0.0	0.0	0.0	0.0
OG0021334	0.0	0.0	0.0	0.0
OG0021335	0.0	0.0	0.0	0.0
OG0021337	0.0	0.0	0.0	0.0
OG0021338	0.0	0.0	0.0	0.0
OG0021340	0.0	0.0	0.0	0.0
OG0021341	0.0	0.0	0.0	0.0
OG0021343	0.0	0.0	0.0	0.0
OG0021344	0.0	0.0	0.0	0.0
OG0021346	0.0	0.0	0.0	0.0
OG0021347	0.0	0.0	0.0	0.0
OG0021349	0.0	0.0	0.0	0.0
OG0021350	0.0	0.0	0.0	0.0
OG0021351	0.0	0.0	0.0	0.0
OG0021352	0.0	0.0	0.0	0.0
OG0021353	0.0	0.0	0.0	0.0
OG0021354	0.0	0.0	0.0	0.0
OG0021360	0.0	0.0	0.0	0.0
OG0021361	0.0	0.0	0.0	0.0
OG0021362	0.0	0.0	0.0	0.0
OG0021363	0.0	0.0	0.0	0.0
OG0021365	0.0	0.0	0.0	0.0
OG0021368	0.0	0.0	0.0	0.0
OG0021369	0.0	0.0	0.0	0.0
OG0021371	0.0	0.0	0.0	0.0
OG0021373	0.0	0.0	0.0	0.0
OG0021375	0.0	0.0	0.0	0.0
OG0021376	0.0	0.0	0.0	0.0
OG0021377	0.0	0.0	0.0	0.0
OG0021379	0.0	0.0	0.0	0.0
OG0021380	0.0	0.0	0.0	0.0
OG0021381	0.0	0.0	0.0	0.0
OG0021382	0.0	0.0	0.0	0.0
OG0021383	0.0	0.0	0.0	0.0
OG0021384	0.0	0.0	0.0	0.0
OG0021385	0.0	0.0	0.0	0.0
OG0021386	0.0	0.0	0.0	0.0
OG0021387	0.0	0.0	0.0	0.0
OG0021388	0.0	0.0	0.0	0.0
OG0021389	0.0	0.0	0.0	0.0
OG0021390	0.0	0.0	0.0	0.0
OG0021391	0.0	0.0	0.0	0.0
OG0021393	0.0	0.0	0.0	0.0
OG0021394	0.0	0.0	0.0	0.0
OG0021395	0.0	0.0	0.0	0.0
OG0021396	0.0	0.0	0.0	0.0
OG0021397	0.0	0.0	0.0	0.0
OG0021398	0.0	0.0	0.0	0.0
OG0021399	0.0	0.0	0.0	0.0
OG0021400	0.0	0.0	0.0	0.0
OG0021401	0.0	0.0	0.0	0.0
OG0021402	0.0	0.0	0.0	0.0
OG0021403	0.0	0.0	0.0	0.0
OG0021404	0.0	0.0	0.0	0.0
OG0021405	0.0	0.0	0.0	0.0
OG0021406	0.0	0.0	0.0	0.0
OG0021407	0.0	0.0	0.0	0.0
OG0021408	0.0	0.0	0.0	0.0
OG0021409	0.0	0.0	0.0	0.0
OG0021410	0.0	0.0	0.0	0.0
OG0021413	0.0	0.0	0.0	0.0
OG0021414	0.0	0.0	0.0	0.0
OG0021416	0.0	0.0	0.0	0.0
OG0021418	0.0	0.0	0.0	0.0
OG0021420	0.0	0.0	0.0	0.0
OG0021421	0.0	0.0	0.0	0.0
OG0021422	0.0	0.0	0.0	0.0
OG0021423	0.0	0.0	0.0	0.0
OG0021424	0.0	0.0	0.0	0.0
OG0021425	0.0	0.0	0.0	0.0
OG0021426	0.0	0.0	0.0	0.0
OG0021427	0.0	0.0	0.0	0.0
OG0021428	0.0	0.0	0.0	0.0
OG0021429	0.0	0.0	0.0	0.0
OG0021430	0.0	0.0	0.0	0.0
OG0021431	0.0	0.0	0.0	0.0
OG0021432	0.0	0.0	0.0	0.0
OG0021433	0.0	0.0	0.0	0.0
OG0021434	0.0	0.0	0.0	0.0
OG0021438	0.0	0.0	0.0	0.0
OG0021442	0.0	0.0	0.0	0.0
OG0021443	0.0	0.0	0.0	0.0
OG0021444	0.0	0.0	0.0	0.0
OG0021445	0.0	0.0	0.0	0.0
OG0021446	0.0	0.0	0.0	0.0
OG0021447	0.0	0.0	0.0	0.0
OG0021448	0.0	0.0	0.0	0.0
OG0021449	0.0	0.0	0.0	0.0
OG0021450	0.0	0.0	0.0	0.0
OG0021452	0.0	0.0	0.0	0.0
OG0021453	0.0	0.0	0.0	0.0
OG0021481	0.0	0.0	0.0	0.0
OG0021501	0.0	0.0	0.0	0.0
OG0021522	0.0	0.0	0.0	0.0
OG0021547	0.0	0.0	0.0	0.0
OG0021552	0.0	0.0	0.0	0.0
OG0021570	0.0	0.0	0.0	0.0
OG0021571	0.0	0.0	0.0	0.0
OG0021572	0.0	0.0	0.0	0.0
OG0021582	0.0	0.0	0.0	0.0
OG0021583	0.0	0.0	0.0	0.0
OG0021584	0.0	0.0	0.0	0.0
OG0021594	0.0	0.0	0.0	0.0
OG0021598	0.0	0.0	0.0	0.0
OG0021602	0.0	0.0	0.0	0.0
OG0021603	0.0	0.0	0.0	0.0
OG0021605	0.0	0.0	0.0	0.0
OG0021613	0.0	0.0	0.0	0.0
OG0021622	0.0	0.0	0.0	0.0
OG0021623	0.0	0.0	0.0	0.0
OG0021624	0.0	0.0	0.0	0.0
OG0021626	0.0	0.0	0.0	0.0
OG0021628	0.0	0.0	0.0	0.0
OG0021629	0.0	0.0	0.0	0.0
OG0021631	0.0	0.0	0.0	0.0
OG0021632	0.0	0.0	0.0	0.0
OG0021635	0.0	0.0	0.0	0.0
OG0021636	0.0	0.0	0.0	0.0
OG0021686	0.0	0.0	0.0	0.0
OG0021694	0.0	0.0	0.0	0.0
OG0021739	0.0	0.0	0.0	0.0
OG0021769	0.0	0.0	0.0	0.0
OG0021795	0.0	0.0	0.0	0.0
OG0021822	0.0	0.0	0.0	0.0
OG0021836	0.0	0.0	0.0	0.0
OG0021840	0.0	0.0	0.0	0.0
OG0021913	0.0	0.0	0.0	0.0
OG0021980	0.0	0.0	0.0	0.0
OG0021998	0.0	0.0	0.0	0.0
OG0022036	0.0	0.0	0.0	0.0
OG0022040	0.0	0.0	0.0	0.0
OG0022378	0.0	0.0	0.0	0.0
OG0022379	0.0	0.0	0.0	0.0
OG0022383	0.0	0.0	0.0	0.0
OG0022384	0.0	0.0	0.0	0.0
OG0022385	0.0	0.0	0.0	0.0
OG0022388	0.0	0.0	0.0	0.0
OG0022389	0.0	0.0	0.0	0.0
OG0022390	0.0	0.0	0.0	0.0
OG0022393	0.0	0.0	0.0	0.0
OG0022395	0.0	0.0	0.0	0.0
OG0022396	0.0	0.0	0.0	0.0
OG0022397	0.0	0.0	0.0	0.0
OG0022399	0.0	0.0	0.0	0.0
OG0022400	0.0	0.0	0.0	0.0
OG0022401	0.0	0.0	0.0	0.0
OG0022403	0.0	0.0	0.0	0.0
OG0022404	0.0	0.0	0.0	0.0
OG0022405	0.0	0.0	0.0	0.0
OG0022406	0.0	0.0	0.0	0.0
OG0022408	0.0	0.0	0.0	0.0
OG0022409	0.0	0.0	0.0	0.0
OG0022410	0.0	0.0	0.0	0.0
OG0022412	0.0	0.0	0.0	0.0
OG0022413	0.0	0.0	0.0	0.0
OG0022414	0.0	0.0	0.0	0.0
OG0022416	0.0	0.0	0.0	0.0
OG0022417	0.0	0.0	0.0	0.0
OG0022418	0.0	0.0	0.0	0.0
OG0022419	0.0	0.0	0.0	0.0
OG0022420	0.0	0.0	0.0	0.0
OG0022421	0.0	0.0	0.0	0.0
OG0022422	0.0	0.0	0.0	0.0
OG0022424	0.0	0.0	0.0	0.0
OG0022425	0.0	0.0	0.0	0.0
OG0022426	0.0	0.0	0.0	0.0
OG0022429	0.0	0.0	0.0	0.0
OG0022432	0.0	0.0	0.0	0.0
OG0022433	0.0	0.0	0.0	0.0
OG0022434	0.0	0.0	0.0	0.0
OG0022435	0.0	0.0	0.0	0.0
OG0022437	0.0	0.0	0.0	0.0
OG0022441	0.0	0.0	0.0	0.0
OG0022442	0.0	0.0	0.0	0.0
OG0022443	0.0	0.0	0.0	0.0
OG0022444	0.0	0.0	0.0	0.0
OG0022446	0.0	0.0	0.0	0.0
OG0022447	0.0	0.0	0.0	0.0
OG0022448	0.0	0.0	0.0	0.0
OG0022451	0.0	0.0	0.0	0.0
OG0022454	0.0	0.0	0.0	0.0
OG0022456	0.0	0.0	0.0	0.0
OG0022459	0.0	0.0	0.0	0.0
