gene	Rho	N	P	p.adj	stat
aligned_OG0000000_pruned_1	0.261266109502842	39	0.0514504675812202	0.245003828946281	1.28861067402067
aligned_OG0000000_pruned_3	0.196261352585063	27	0.228757317251575	0.519358287155821	0.640625005278317
aligned_OG0000000_pruned_4	0	19	1	1	0
aligned_OG0000000_pruned_5	0.269098110553471	30	0.0808173664658655	0.312165116837118	1.0924953056872
aligned_OG0000000_pruned_6	0.0899103450823968	29	0.56671788984457	0.793972090813606	0.246633077568233
aligned_OG0000000_pruned_7	0.101784136092077	27	0.532504268588356	0.769321503295852	0.273676906542862
aligned_OG0000000_pruned_8	-0.11407586285883	20	0.552297008395854	0.782942888710507	-0.257827309194739
aligned_OG0000001_pruned_1	0.176131983089159	27	0.280087210811498	0.570916848241465	0.552706721239983
aligned_OG0000001_pruned_2	0.361044554299188	32	0.0153334654548652	0.127455031477481	1.81435968090298
aligned_OG0000003_pruned_1	0.0324047404603258	32	0.827743067638689	0.936124430207473	0.0821044477838328
aligned_OG0000003_pruned_2	0.288675134594813	25	0.0894293590289936	0.329855705719403	1.04851988197463
aligned_OG0000008_pruned	0.0377964473009227	25	0.82402213130188	0.934610510958773	0.0840611240150061
aligned_OG0000014_pruned_1	0.192410503163637	52	0.0955238463885876	0.341274063985984	1.01988819844558
aligned_OG0000014_pruned_2	-0.132314031006241	17	0.52873332512143	0.765958483925414	-0.276763315923175
aligned_OG0000015_pruned_1	-0.232817963663039	37	0.0913739367364451	0.333647759968935	-1.03917766362841
aligned_OG0000015_pruned_2	0.0539580171740027	34	0.708281012290603	0.874808151058164	0.149794400680712
aligned_OG0000015_pruned_3	-0.201581052271588	25	0.235622731299505	0.524926720610836	-0.627782814047371
aligned_OG0000017_pruned	-0.285723806033029	39	0.0331689576920775	0.193048106279789	-1.47926817562226
aligned_OG0000018_pruned_1	-0.635850784457874	19	0.00128048017610139	0.0287957634749613	-2.89262714072262
aligned_OG0000018_pruned_2	-0.145095250022002	20	0.449691797968891	0.717398330633544	-0.347085033555776
aligned_OG0000027_pruned	0.00895358848917089	28	0.955350370113023	0.98386224113054	0.0198373238082652
aligned_OG0000029_pruned_1	-0.198620033979943	30	0.197506910034998	0.480543143217176	-0.704417705416903
aligned_OG0000029_pruned_2	0.378196897175126	27	0.0203798740617465	0.150646883933695	1.69079850406156
aligned_OG0000029_pruned_3	-0.0270665980980383	21	0.884836122122616	0.958944769915231	-0.0531371562492435
aligned_OG0000030_pruned	0.0624037720753383	65	0.543997004787025	0.776635723893006	0.264403491493085
aligned_OG0000031_pruned	0.0118301817251485	92	0.890658741616846	0.961863882781408	0.0502886652358233
aligned_OG0000034_pruned	0.332550544994035	39	0.0131707301929197	0.117953365971277	1.88039014683283
aligned_OG0000035_pruned_1	0.161015297179883	28	0.313995840581997	0.603697838731851	0.50307610487026
aligned_OG0000035_pruned_2	-0.0766091792363986	23	0.666599097267864	0.852844384160944	-0.176135278812078
aligned_OG0000037_pruned	-0.244035550434625	31	0.10712339925384	0.358877298390974	-0.970115654687585
aligned_OG0000038_pruned	-0.216930457818656	18	0.286320596793059	0.577461958046649	-0.543147409394308
aligned_OG0000039_pruned_1	0.109184166736802	29	0.48661604576405	0.740101651285481	0.312813574665595
aligned_OG0000041_pruned	0.35738456255106	24	0.0397105319226853	0.212597340389024	1.40109429552136
aligned_OG0000047_pruned	0.101092475203773	32	0.497243306061228	0.745097450387282	0.303431054679623
aligned_OG0000048_pruned_2	-0.0545058283473107	34	0.705456986111273	0.873097452979123	-0.151529461376703
aligned_OG0000049_pruned_1	-0.20217561542251	57	0.0662207038792783	0.280321479619201	-1.17900620731603
aligned_OG0000053_pruned	0.261116483933547	22	0.151772228013917	0.427070837533885	0.81880769038882
aligned_OG0000058_pruned_1	0.0784119948161608	23	0.659243003692631	0.849247754756908	0.180954470520204
aligned_OG0000058_pruned_2	0.20108311560593	19	0.308486899993609	0.599918033881802	0.510763273709459
aligned_OG0000060_pruned	-0.340258669147177	27	0.036922061893465	0.204112306260825	-1.43271405401801
aligned_OG0000062_pruned	-0.121135927963087	24	0.485717059401073	0.740101651285481	-0.313616642926711
aligned_OG0000063_pruned_1	-0.117793061147572	29	0.452920301103724	0.718166917979166	-0.343978212636257
aligned_OG0000063_pruned_2	0.214886123740101	28	0.179031822218172	0.459799187855558	0.747069767984151
aligned_OG0000063_pruned_3	-0.0723101526062187	18	0.722282962716192	0.881880649755579	-0.141292629201193
aligned_OG0000068_pruned_1	0.124341182825498	22	0.494907904410018	0.744829796526892	0.305475609809293
aligned_OG0000068_pruned_2	-0.241825416703337	20	0.207712085727557	0.492462291169762	-0.682538233305609
aligned_OG0000068_pruned_3	-0.301292302525911	18	0.138640633813219	0.407855537290523	-0.858109464857366
aligned_OG0000072_pruned	-0.201943230946152	42	0.117546635282553	0.377362015649148	-0.929789797837505
aligned_OG0000073_pruned	0.0712786444967237	32	0.632198726456311	0.831974112631408	0.199146383367609
aligned_OG0000075_pruned_1	-0.0153552775784106	34	0.915201977082599	0.968270540229821	-0.0384830503570654
aligned_OG0000075_pruned_2	0.344016480616226	17	0.101453812614208	0.34904678357747	0.993731627623249
aligned_OG0000075_pruned_3	0.401022085988157	20	0.0366827744024653	0.203572622274657	1.43553782507085
aligned_OG0000085_pruned	-0.158421039711203	29	0.312768826488652	0.603222279015355	-0.504776539367383
aligned_OG0000086_pruned_1	-0.159363814577919	21	0.393768634642993	0.676345701541786	-0.404758880234402
aligned_OG0000088_pruned_1	-0.00713648812050917	22	0.968752430219047	0.988852718971664	-0.0137871950101256
aligned_OG0000088_pruned_2	-0.159164485150844	20	0.406975413438649	0.68604194679923	-0.390431826967546
aligned_OG0000089_pruned	-0.199204768222399	21	0.286422022777859	0.577461958046649	-0.542993592498288
aligned_OG0000091_pruned	-0.131148245894106	19	0.50655516904904	0.751971303674708	-0.295373248608145
aligned_OG0000094_pruned_1	-0.0182937678251381	63	0.86105212381504	0.947832880387961	-0.0649705577216468
aligned_OG0000094_pruned_2	-0.154528774990922	19	0.433848065766439	0.706105436298481	-0.362662334431686
aligned_OG0000097_pruned	0.148478467729125	28	0.353160353315988	0.640598039983485	0.452028057366676
aligned_OG0000098_pruned_1	-0.0302613766334401	14	0.897278961260083	0.964008870729624	-0.0470725151485739
aligned_OG0000098_pruned_2	-0.237227857295589	14	0.31151480355771	0.602907837507625	-0.506521310318891
aligned_OG0000104_pruned_1	0.044362934672906	99	0.592528243021122	0.81200793100636	0.227290944058964
aligned_OG0000104_pruned_2	0.0125044946105212	34	0.930901235040378	0.974275248375257	0.0310963935109047
aligned_OG0000104_pruned_3	-0.267000626304938	19	0.176296374440511	0.454841732495957	-0.753756618935336
aligned_OG0000107_pruned_1	-0.20464687117164	40	0.122094578117408	0.385169247518566	-0.913303621443922
aligned_OG0000107_pruned_2	0.226455406828919	27	0.164914822553301	0.441450302577422	0.782740308189302
aligned_OG0000111_pruned_1	0.103695169473043	32	0.486234321388297	0.740101651285481	0.313154389253537
aligned_OG0000111_pruned_2	0.0540293932315405	29	0.730646863184221	0.887379451350177	0.136292475883201
aligned_OG0000111_pruned_3	0.0214094643615275	22	0.906448699786851	0.966478040464662	0.0426567696489218
aligned_OG0000117_pruned_1	-0.182716119213996	79	0.0495317375838692	0.239642206262324	-1.30511643660769
aligned_OG0000117_pruned_2	0.0819920061690788	17	0.696270340114023	0.869245420868885	0.157222104607798
aligned_OG0000119_pruned	-0.134303827337563	28	0.400998794307391	0.682657867224814	-0.3968569331814
aligned_OG0000120_pruned	0.188623825028603	20	0.325751354478716	0.614773357169397	0.487113769809056
aligned_OG0000121_pruned_1	-0.273809523809524	49	0.0214482200433516	0.154158624160199	-1.66860874345248
aligned_OG0000121_pruned_2	0.0312131996342363	78	0.738891779599465	0.889941118992976	0.131419165075353
aligned_OG0000123_pruned_1	-0.125783395120855	52	0.275833356896184	0.566176874741625	-0.559353215172635
aligned_OG0000123_pruned_2	0.0313747203556674	43	0.805540588667494	0.925600227268173	0.0939125719546113
aligned_OG0000123_pruned_3	0.300499290570139	21	0.107821928159968	0.360115348134279	0.967292906028558
aligned_OG0000126_pruned	0.072488037629275	29	0.64416722268371	0.839932225709186	0.191001377265088
aligned_OG0000127_pruned_1	-0.0859068074775847	89	0.326348473322072	0.615290814126139	-0.486318414619148
aligned_OG0000127_pruned_2	-0.0285351185062553	70	0.773155182060015	0.909131602160686	-0.111733328916843
aligned_OG0000128_pruned_1	-0.292596012940876	22	0.108253141387791	0.360698128362619	-0.965559492040762
aligned_OG0000128_pruned_2	0	16	1	1	0
aligned_OG0000131_pruned	-0.299572344757639	14	0.201242620957724	0.483543276297121	-0.696280035114604
aligned_OG0000134_pruned_1	0.268686645311939	34	0.0624373662554725	0.271893818006038	1.20455542471339
aligned_OG0000134_pruned_2	0.0161937568907824	33	0.911987933817605	0.967533752896107	0.0400109076267348
aligned_OG0000135_pruned	-0.42410349187173	30	0.0059292341519224	0.0729235707097077	-2.22700139855369
aligned_OG0000136_pruned	0	22	1	1	0
aligned_OG0000137_pruned	-0.143364429632299	23	0.42011267955064	0.696837780477233	-0.376634210688202
aligned_OG0000140_pruned	-0.203670030886926	21	0.275757847827509	0.566176874741625	-0.559472119070243
aligned_OG0000141_pruned_1	-0.0988657478109864	20	0.606497988802077	0.821398465377926	-0.21717063495175
aligned_OG0000141_pruned_2	-0.0394899251839395	19	0.841480581121794	0.939264159305194	-0.0749559018021908
aligned_OG0000141_pruned_3	-0.221879403079707	59	0.0401468728229645	0.213558750712452	-1.39634827774827
aligned_OG0000142_pruned_1	0.214750966720793	71	0.0288736282005763	0.178487461993304	1.53949864014126
aligned_OG0000142_pruned_2	-0.198516666794186	29	0.205903210732068	0.489608516440297	-0.686336881199607
aligned_OG0000145_pruned_1	0.0877058019307029	40	0.507593716864656	0.751971303674708	0.294483762361213
aligned_OG0000145_pruned_2	-0.271746488194703	27	0.0956186087805806	0.341274063985984	-1.01945757943664
aligned_OG0000145_pruned_3	-0.0376532784254104	24	0.828446406825464	0.936124430207473	-0.0817355813578648
aligned_OG0000145_pruned_4	0.299028409048353	28	0.0614967508291229	0.269571247915018	1.2111478294971
aligned_OG0000147_pruned_1	0.413449115297362	13	0.0909689479753578	0.33317148400834	1.04110682772672
aligned_OG0000147_pruned_2	0.421057451293024	15	0.0617262423351409	0.270006325795921	1.20953016046664
aligned_OG0000148_pruned_1	-0.0230134250801311	63	0.825721040382237	0.935585884690798	-0.08316664890841
aligned_OG0000148_pruned_2	0.00340799088295499	41	0.979191912923298	0.994041998823413	0.00913218199108955
aligned_OG0000148_pruned_3	-0.547722557505166	16	0.0117186855997686	0.10966490087434	-1.93112109725817
aligned_OG0000151_pruned_1	0.101220030313581	30	0.511350635125169	0.75299049157469	0.291281200297837
aligned_OG0000151_pruned_2	-0.394664881467296	31	0.00916607391901213	0.0963373362735186	-2.03781664474674
aligned_OG0000151_pruned_3	0.379536057638295	16	0.0807162584311211	0.31198864840915	1.09303897784621
aligned_OG0000155_pruned_1	-0.41194292043555	15	0.0675772630558706	0.284015151808363	-1.17019940154903
aligned_OG0000155_pruned_2	0.252344432870075	19	0.201242620957724	0.483543276297121	0.696280035114604
aligned_OG0000156_pruned	0.0987248129598487	19	0.617075077451974	0.826023348598955	0.20966199360126
aligned_OG0000157_pruned	0.134025669301987	29	0.393112473665939	0.676008501397037	0.405483175568515
aligned_OG0000158_pruned	0	47	1	1	0
aligned_OG0000159_pruned_1	-0.128127016076385	97	0.126101016635953	0.392535913692335	-0.899281412097779
aligned_OG0000159_pruned_2	0.0771957994770643	96	0.359273733722496	0.64723420438887	0.444574532632145
aligned_OG0000160_pruned	-0.0388038739841194	23	0.827259346562711	0.936017917998928	-0.0823583173833652
aligned_OG0000163_pruned	-0.173078923353406	23	0.330390048848794	0.617921897166214	-0.480973041845422
aligned_OG0000167_pruned	0.329527787692368	29	0.0357561710608715	0.200324574895881	1.44664899368392
aligned_OG0000169_pruned	0	24	1	1	0
aligned_OG0000170_pruned	-0.251617118698799	27	0.122822648101393	0.38546194001131	-0.910721543304409
aligned_OG0000174_pruned	-0.133387788444174	18	0.512075045837903	0.753063706068627	-0.290666387451988
aligned_OG0000175_pruned_1	0.195924895565505	39	0.144127034816015	0.416093949443064	0.841254548192447
aligned_OG0000175_pruned_2	-0.0305281255436332	37	0.824809382538614	0.934963698621976	-0.0836464074219574
aligned_OG0000179_pruned_1	-0.122678321660863	28	0.44299751941372	0.712721179840075	-0.353598705623317
aligned_OG0000179_pruned_2	-0.067210281270995	23	0.705456986111273	0.873097452979123	-0.151529461376703
aligned_OG0000179_pruned_3	0.185346145828511	24	0.286122384391018	0.577461958046649	0.543448164434447
aligned_OG0000180_pruned_1	-0.145277176147333	48	0.227317351874295	0.517703359085624	-0.643367411896531
aligned_OG0000180_pruned_2	-0.153522062157279	33	0.294696817509163	0.587013259801595	-0.530624554159143
aligned_OG0000180_pruned_3	0.213746685793361	27	0.189927253192394	0.473353800312851	0.721412712662423
aligned_OG0000181_pruned	-0.0222717701593687	28	0.889235607206326	0.961138857942717	-0.0509831553931884
aligned_OG0000185_pruned	0.187867287325545	17	0.371093369522698	0.658364414687946	0.430516805299371
aligned_OG0000186_pruned_1	-0.00165842382427184	59	0.987761489477918	0.999148611983221	-0.00534790997570951
aligned_OG0000186_pruned_2	-0.056193965676498	29	0.720300330517657	0.881316146917168	-0.142486385942509
aligned_OG0000186_pruned_3	-0.074535599249993	10	0.794002680192762	0.920775495909909	-0.100178031589324
aligned_OG0000187_pruned	-0.256684513695607	19	0.193600969171221	0.475735605282443	-0.713092472933309
aligned_OG0000188_pruned	0.0765559002350953	15	0.734095182319476	0.887717492520861	0.134247626083749
aligned_OG0000189_pruned	0.462910049886276	21	0.0132429375674621	0.118308991937045	1.87801566838332
aligned_OG0000192_pruned_1	-0.332956045908146	17	0.112923660715929	0.369230379219993	-0.947215051504944
aligned_OG0000192_pruned_2	-0.332875142967841	14	0.155580347792198	0.432689271304428	-0.808045262002015
aligned_OG0000192_pruned_3	0.229667700705286	15	0.308179547467054	0.599918033881802	0.51119618689254
aligned_OG0000194_pruned	0.226511342461939	24	0.192379455784821	0.475735605282443	0.715841308159294
aligned_OG0000196_pruned_1	0.0278942469585241	64	0.787876494909947	0.91755098519503	0.103541855839008
aligned_OG0000196_pruned_2	-0.0415657019041425	30	0.787401294143973	0.917144268542996	-0.103803875754674
aligned_OG0000197_pruned	0.0987248129598487	19	0.617075077451974	0.826023348598955	0.20966199360126
aligned_OG0000198_pruned	0.214422506967559	29	0.171857339062799	0.451567407331736	0.764831916849893
aligned_OG0000199_pruned	-0.018490006540841	26	0.911528237909377	0.967330926587863	-0.040229872946178
aligned_OG0000200_pruned	-0.289772762640408	25	0.0882180330638857	0.326878116406184	-1.05444262961161
aligned_OG0000202_pruned_1	0.431129472434505	31	0.00441948685714129	0.0614089385626827	2.35462815328648
aligned_OG0000202_pruned_2	-0.10432810619146	15	0.643428843563621	0.839420428236288	-0.191499474488224
aligned_OG0000204_pruned_1	-0.340887162240716	18	0.0938393807613776	0.338786229044716	-1.02761486675787
aligned_OG0000204_pruned_3	-0.350438322025231	19	0.0759269629825577	0.303916557161079	-1.11960397120459
aligned_OG0000205_pruned_1	-0.155047829081826	38	0.254213223603964	0.543590743336407	-0.594801862165714
aligned_OG0000205_pruned_2	-0.141054544342668	28	0.37774822458727	0.662875214190477	-0.422797568163692
aligned_OG0000205_pruned_3	0.147369306751051	30	0.338990428860951	0.627239977772957	0.469812563600913
aligned_OG0000206_pruned_1	0.0532354026674542	20	0.781511294998713	0.914232605862087	0.107064740843558
aligned_OG0000206_pruned_2	-0.298142396999972	10	0.296269871484286	0.587776821328907	-0.528312510900668
aligned_OG0000207_pruned_1	0.107832815098262	72	0.269084304358312	0.559932214927942	0.570111633820692
aligned_OG0000207_pruned_2	-0.193316607959158	94	0.0231339195107551	0.161648817617858	-1.6357507797809
aligned_OG0000208_pruned_1	0.108237221869627	53	0.343622096456595	0.630999365523447	0.463918916841327
aligned_OG0000208_pruned_2	-0.241853831651641	37	0.0794794237425494	0.309768810397525	-1.09974529035863
aligned_OG0000209_pruned_1	-0.0712728969142045	53	0.532884027786804	0.769321503295852	-0.273367296737903
aligned_OG0000209_pruned_2	-0.201612903225806	32	0.175791927684023	0.454841732495957	-0.755001071485089
aligned_OG0000209_pruned_3	-0.156918847254001	28	0.326466167117422	0.615290814126139	-0.48616181958202
aligned_OG0000211_pruned_1	0.00758783875509896	44	0.951949785508622	0.982583837296325	0.0213859596530045
aligned_OG0000211_pruned_2	0.0675367415394257	29	0.666954528692819	0.852844384160944	0.175903774195836
aligned_OG0000214_pruned_1	-0.177338638915781	19	0.369107590437563	0.656659185840534	-0.432847023752451
aligned_OG0000214_pruned_2	-0.241522945769824	16	0.266379923342483	0.557651587652851	-0.574498510395665
aligned_OG0000215_pruned_2	-0.0345032779671177	16	0.873844698517373	0.95374780109768	-0.0585657442190907
aligned_OG0000216_pruned_1	-0.353846639501341	38	0.00926595592072073	0.0967940101273567	-2.03310977011962
aligned_OG0000216_pruned_2	-0.371856843370836	20	0.0527050417902267	0.247577683402994	-1.27814783797643
aligned_OG0000219_pruned_1	0.0776077479682388	23	0.662520583540057	0.851101265618389	0.17880062429078
aligned_OG0000219_pruned_2	-0.0949559076689796	27	0.560355262248423	0.788368384546111	-0.251536545288876
aligned_OG0000219_pruned_4	0.0776580274715321	26	0.640738381802541	0.837907522577795	0.193319259922949
aligned_OG0000220_pruned_1	0.0652071227998983	73	0.500910397385744	0.748128944280123	0.300239953576227
aligned_OG0000220_pruned_2	-0.224068779301473	82	0.0140915893229044	0.121709207425939	-1.85104002213253
aligned_OG0000221_pruned_1	-0.0181488502160157	24	0.916814948528089	0.968270540229821	-0.0377183142135798
aligned_OG0000221_pruned_2	0.0707106781186548	16	0.744881619545956	0.893931609018313	0.127912742101464
aligned_OG0000224_pruned	-0.0836556327631423	20	0.662955817793509	0.851101265618389	-0.178515413869513
aligned_OG0000225_pruned	-0.221329492343999	38	0.103611643074258	0.352305578003852	-0.984591439197104
aligned_OG0000228_pruned	-0.0364952213519146	50	0.756714043113694	0.900522011116002	-0.12106820631234
aligned_OG0000232_pruned_1	0.0211472213055072	70	0.83084285692221	0.936948715261429	0.0804811095794287
aligned_OG0000232_pruned_2	-0.0114747545510024	59	0.915476252696759	0.968270540229821	-0.0383529167435182
aligned_OG0000233_pruned_1	-0.0135073483078851	29	0.931413715609961	0.974275248375257	-0.0308573711167675
aligned_OG0000233_pruned_2	-0.250352170083023	54	0.0269788656014889	0.173593865920094	-1.56897631535245
aligned_OG0000235_pruned	-0.396381323067253	48	0.000987545753100902	0.024128592712509	-3.00544277432535
aligned_OG0000236_pruned_1	0.477660596273982	42	0.000213827721635566	0.00915293460576408	3.66993599148972
aligned_OG0000236_pruned_2	-0.0619375417650971	60	0.563346357605096	0.791118067787062	-0.24922450932971
aligned_OG0000236_pruned_3	0.323339822458239	68	0.00129134186324985	0.0288378442518187	2.88895876960908
aligned_OG0000237_pruned_1	0.192225467552739	41	0.141253414905094	0.412541561943036	0.850001043993401
aligned_OG0000237_pruned_2	-0.107486943048874	34	0.456056540250256	0.720761378242265	-0.340981311729203
aligned_OG0000239_pruned_1	0.36486372952863	55	0.00113663330660526	0.026189326282889	2.94437962203496
aligned_OG0000239_pruned_3	-0.0836556327631423	20	0.662955817793509	0.851101265618389	-0.178515413869513
aligned_OG0000240_pruned_1	-0.29530424764979	61	0.0054557171430543	0.0692863862006814	-2.26314815418646
aligned_OG0000240_pruned_2	0.0711695885070879	39	0.595723986499781	0.814547670554911	0.224954912919838
aligned_OG0000240_pruned_3	-0.0288009216442392	36	0.836913431665578	0.938422230110218	-0.0773194620716245
aligned_OG0000242_pruned	-0.220192753025272	33	0.132854955731054	0.401876581918489	-0.876622240978893
aligned_OG0000244_pruned	0.0995327077234409	34	0.490069522780991	0.742170953094517	0.309742305240083
aligned_OG0000248_pruned_1	-0.162583610843969	35	0.252275628477969	0.541994349645351	-0.598124703223131
aligned_OG0000248_pruned_2	-0.11129676054903	27	0.494907904410018	0.744829796526892	-0.305475609809293
aligned_OG0000248_pruned_3	0.157959700735758	19	0.423710797166793	0.698004047686339	0.372930468993552
aligned_OG0000249_pruned_1	0.145643816250884	12	0.569764367960621	0.79529872897176	0.244304714243531
aligned_OG0000249_pruned_2	-0.471559562571508	20	0.01401927711396	0.121228452098269	-1.85327437962986
aligned_OG0000251_pruned	0.0747000512162402	23	0.674424072235294	0.856044729171431	0.171066936822849
aligned_OG0000252_pruned_1	0.171521634478698	32	0.249418171439065	0.538556852386664	0.603071909044209
aligned_OG0000252_pruned_2	-0.0492211689759097	58	0.651805065967799	0.844447097030524	-0.185882268428545
aligned_OG0000254_pruned_1	-0.217268400741357	38	0.110103763826302	0.364227852984693	-0.958197834697143
aligned_OG0000254_pruned_2	-0.0147532558512888	59	0.891459503428567	0.961963265615482	-0.0498983808531562
aligned_OG0000254_pruned_3	-0.00165311839783122	42	0.989777429509239	1	-0.00446245389054605
aligned_OG0000255_pruned_1	-0.0818367656411492	32	0.582640440337413	0.8043619730938	-0.234599374830464
aligned_OG0000255_pruned_2	-0.185805838239302	30	0.227992614278735	0.518754445176085	-0.642079221551931
aligned_OG0000257_pruned_1	0	61	1	1	0
aligned_OG0000257_pruned_2	-0.219178501879802	17	0.29671752632206	0.588202110977919	-0.527656800295371
aligned_OG0000257_pruned_3	-0.222765037524075	24	0.199838328992071	0.482627087819262	-0.699321210437898
aligned_OG0000258_pruned_1	-0.115875407116543	24	0.504859827969244	0.750640066866258	-0.296829185029172
aligned_OG0000258_pruned_2	0.0340502612303499	25	0.841219241177106	0.939264159305194	0.075090802270221
aligned_OG0000259_pruned	0.0325300024316178	10	0.909269045214222	0.966621100628522	0.0413075936058659
aligned_OG0000260_pruned_1	0.285968701862223	45	0.0215714914367953	0.154578855975903	1.66611982706351
aligned_OG0000260_pruned_2	0.147461185671637	43	0.247247841371325	0.536735698576213	0.606867491377353
aligned_OG0000261_pruned_1	-0.0224775862705992	29	0.886114085599552	0.959374967620868	-0.0525103598774121
aligned_OG0000261_pruned_2	0.0852802865422442	25	0.615846761025556	0.825779054701119	0.21052733835527
aligned_OG0000262_pruned	0.232930054429243	26	0.161592561509405	0.436423159830753	0.791578634711009
aligned_OG0000263_pruned	-0.0831508291600043	34	0.564209715333876	0.791465632588983	-0.248559439840409
aligned_OG0000264_pruned_1	-0.00675728121913271	46	0.956199846921516	0.984041142817747	-0.0194513301666319
aligned_OG0000264_pruned_2	0.26763218066403	36	0.0557743325873705	0.25685826411679	1.25356561791291
aligned_OG0000265_pruned	0.231956723482264	35	0.102398909834216	0.350275697752975	0.989704666949102
aligned_OG0000266_pruned	-0.415619466772905	19	0.0352965968414079	0.199478494036172	-1.45226716555398
aligned_OG0000267_pruned	-0.211702449609985	17	0.313499945583588	0.603222279015355	-0.503762530216836
aligned_OG0000268_pruned_1	0	39	1	1	0
aligned_OG0000268_pruned_2	0.345288264918825	15	0.125506471437469	0.391582275782293	0.901333880261644
aligned_OG0000268_pruned_3	0.0552052447473883	15	0.80649594050734	0.925760199090958	0.0933978142882851
aligned_OG0000269_pruned_1	-0.282863243285264	41	0.0304023763273183	0.183613021152552	-1.51709246949955
aligned_OG0000269_pruned_2	0.0808290376865476	25	0.634390475931851	0.833152426994915	0.197643345679877
aligned_OG0000269_pruned_3	-0.233625548016821	19	0.236723570637857	0.525840036017211	-0.625758497084399
aligned_OG0000271_pruned_1	0.246329475861519	45	0.0477801540401709	0.235499477935992	1.32075245444616
aligned_OG0000271_pruned_2	0.311353152819388	48	0.0096691837615664	0.0995107200459493	2.01461018598003
aligned_OG0000271_pruned_3	0.0800768452746689	45	0.519940357373853	0.758958649165803	0.284046471651754
aligned_OG0000272_pruned_1	0.0904513364642605	61	0.394686891141624	0.6772838214476	0.403747297722547
aligned_OG0000272_pruned_2	0.00324939181138763	42	0.979907951773817	0.994384640678071	0.00881471809753339
aligned_OG0000273_pruned_1	-0.230119293221805	32	0.122286858429467	0.38527503947423	-0.91262021195982
aligned_OG0000273_pruned_2	0.00350618290757214	34	0.980602762666644	0.994812416744577	0.00850688754385995
aligned_OG0000273_pruned_3	-0.392968500549653	26	0.0182037837188057	0.141604432966479	-1.7398383330364
aligned_OG0000273_pruned_4	0.108033953925361	18	0.595422767855216	0.814288725160373	0.225174562761457
aligned_OG0000273_pruned_5	0.167717896866414	45	0.177769382146529	0.457687012520819	0.750143037009525
aligned_OG0000274_pruned_1	0.340236362588494	28	0.033370964134826	0.193533883276866	1.47663124577595
aligned_OG0000274_pruned_2	0	25	1	1	0
aligned_OG0000275_pruned_1	-0.211551887187525	44	0.0929516252125423	0.336874456531867	-1.03174301240452
aligned_OG0000275_pruned_2	0.281780668386479	52	0.0146380238165081	0.124219613635429	1.83451755056698
aligned_OG0000275_pruned_3	-0.0808135229794045	33	0.5812242534524	0.803725247031025	-0.235656271661049
aligned_OG0000275_pruned_4	-0.0482804549585268	27	0.767170313982703	0.905990189639352	-0.115108210742162
aligned_OG0000276_pruned_1	-0.0188288227207885	38	0.889875664640676	0.961392982033741	-0.0506706696839124
aligned_OG0000276_pruned_2	0.308783109232044	40	0.019660892819356	0.146972238827239	1.70639676434134
aligned_OG0000279_pruned	-0.329983164553722	16	0.128885073232889	0.39516462434517	-0.8897973773554
aligned_OG0000281_pruned	0.202298276435393	29	0.197395731844499	0.480543143217176	0.704662242023129
aligned_OG0000282_pruned_1	0.115203686576957	31	0.446872820710831	0.715595324469439	0.349816058797375
aligned_OG0000282_pruned_2	-0.171498585142509	18	0.399269143171066	0.681612809244672	-0.398734252210763
aligned_OG0000283_pruned	0.114833850352643	15	0.610384513874678	0.823261808059596	0.214396493441266
aligned_OG0000284_pruned_1	0.0716114874039433	27	0.660549205201673	0.850178321207951	0.180094825662437
aligned_OG0000284_pruned_2	-0.433876017745524	19	0.0279918154856658	0.176241867302977	-1.55296893326526
aligned_OG0000285_pruned	0.0435285750066007	20	0.820595839755441	0.932419325946651	0.085870689143217
aligned_OG0000286_pruned_1	0.286684744386724	61	0.00698186905963719	0.0804351085810417	2.15602830035287
aligned_OG0000286_pruned_2	-0.245654188558125	46	0.0458611660133138	0.230604385181587	-1.3385549075932
aligned_OG0000286_pruned_3	0.238165255811233	17	0.256839257957857	0.546318035989236	0.59033859348718
aligned_OG0000287_pruned_1	0.276198303967949	42	0.0323009538038457	0.189881779266578	1.49078465334595
aligned_OG0000287_pruned_2	0.130120009726471	28	0.415830469545054	0.693508545004899	0.381083691362262
aligned_OG0000288_pruned_1	0.120099459671365	40	0.36424138946775	0.652569042474914	0.438610705998171
aligned_OG0000288_pruned_2	0.222717701593687	28	0.163705979832896	0.439831453565798	0.785935456440245
aligned_OG0000289_pruned	-0.110781892280476	27	0.496905847564768	0.745092163474556	-0.303725892467249
aligned_OG0000292_pruned_1	-0.0725954008640628	24	0.676103314023147	0.856679054992394	-0.169986935298258
aligned_OG0000292_pruned_2	-0.356965323840065	16	0.100449276149927	0.347444740925234	-0.998053188484922
aligned_OG0000292_pruned_3	-0.413449115297362	13	0.0909689479753578	0.33317148400834	-1.04110682772672
aligned_OG0000292_pruned_4	-0.261116483933547	12	0.308179547467054	0.599918033881802	-0.51119618689254
aligned_OG0000293_pruned_1	-0.0585673741900212	68	0.559983535255786	0.788368384546111	-0.251824742016439
aligned_OG0000293_pruned_2	0.161876432734995	108	0.0412149770482875	0.216582425291497	1.38494493766924
aligned_OG0000295_pruned	0.0237825747077247	17	0.909850032747285	0.966956369644282	0.0410301849509848
aligned_OG0000297_pruned_1	0.060045553652064	42	0.64165849961249	0.83874360949586	0.192696048556911
aligned_OG0000297_pruned_2	-0.171184197004365	14	0.465208818452142	0.725773603417622	-0.332352061422512
aligned_OG0000299_pruned_1	-0.114065430204105	28	0.475670962037153	0.733175750202128	-0.322693359851805
aligned_OG0000299_pruned_2	-0.0506369683541833	26	0.760906727075114	0.902747576964951	-0.118668576342757
aligned_OG0000300_pruned_1	-0.058601070181547	30	0.703785364270955	0.87266029244837	-0.152559768876862
aligned_OG0000300_pruned_2	0.325669473639465	25	0.0553560392672762	0.255254795380011	1.25683499127352
aligned_OG0000300_pruned_3	-0.237004303430358	21	0.204697953567147	0.487857872315025	-0.688886499100748
aligned_OG0000301_pruned_1	-0.0836827408755723	21	0.654289549498979	0.845366639450481	-0.184230016322717
aligned_OG0000301_pruned_2	-0.197385508487931	22	0.278598671837962	0.568997736227828	-0.555020958317005
aligned_OG0000305_pruned	-0.308327406296755	20	0.108197247523702	0.360698128362619	-0.965783787292969
aligned_OG0000306_pruned_1	-0.162336922335236	37	0.239144895134082	0.528120710182362	-0.621338885286525
aligned_OG0000306_pruned_2	-0.0397033333588372	29	0.800281958329362	0.923431527511265	-0.0967569737924379
aligned_OG0000306_pruned_3	0.0297775000191279	29	0.849515492365035	0.942438496701501	0.0708286966215449
aligned_OG0000309_pruned	0.244458856130797	32	0.100686310716031	0.347597973083172	0.997029571994777
aligned_OG0000310_pruned_1	0.0834678215811376	69	0.402625898796453	0.684135161992293	0.395098292679786
aligned_OG0000310_pruned_2	0.293839558255292	52	0.0109063457833749	0.104899740619224	1.96232073721668
aligned_OG0000312_pruned_1	-0.0526397786140954	43	0.679577233549781	0.858895361300135	-0.167761178816115
aligned_OG0000312_pruned_2	0.0555160282965097	38	0.683091398309609	0.86137659700247	0.165521183396262
aligned_OG0000312_pruned_3	-0.178412203012729	22	0.32741896060709	0.615324119369453	-0.484896174500737
aligned_OG0000313_pruned	-0.0212360790666737	106	0.790807345646316	0.919445447066693	-0.101929305267768
aligned_OG0000318_pruned	0.2061667864449	35	0.146576034309001	0.419794841653549	0.83393703254752
aligned_OG0000320_pruned	-0.00760505752392203	20	0.968394932147476	0.988765040101777	-0.0139474919958409
aligned_OG0000321_pruned_1	0.0874990156574872	104	0.279073006500083	0.569646919071237	0.554282168867895
aligned_OG0000321_pruned_2	-0.0585926026752994	55	0.601249939349053	0.818838649256247	-0.220944954427464
aligned_OG0000322_pruned	-0.20625903683036	58	0.0586287007861939	0.263340882433237	-1.2318897296876
aligned_OG0000323_pruned_1	0.316361415071055	63	0.00247034678698051	0.0431388570687437	2.60724207625434
aligned_OG0000323_pruned_2	0.132611620815657	113	0.0870280221938653	0.324450091957774	1.06034088617836
aligned_OG0000324_pruned_1	0.0257986517673365	44	0.837666845810513	0.938422230110218	0.0769286732486436
aligned_OG0000324_pruned_2	0.280900323866795	24	0.105968809127202	0.356622887986579	0.974821946219337
aligned_OG0000324_pruned_3	0.305017408276001	22	0.0940761615091507	0.338912414811644	1.02652041096823
aligned_OG0000324_pruned_4	-0.0397747175992646	43	0.754969168376091	0.899514075428951	-0.122070783837752
aligned_OG0000325_pruned_1	-0.0427883880431709	88	0.626934440143044	0.829645521388859	-0.202777871885012
aligned_OG0000325_pruned_2	0.152640627718166	37	0.268372763571023	0.559156899512649	0.571261561643951
aligned_OG0000327_pruned_1	0.0710669054518702	25	0.675858648133198	0.856679054992394	0.170144124701583
aligned_OG0000327_pruned_2	-0.209426954145848	20	0.275233524074834	0.56617467035939	-0.560298669150204
aligned_OG0000331_pruned_1	-0.139875721236047	24	0.42082864053497	0.696837780477233	-0.375894710862343
aligned_OG0000331_pruned_2	-0.482381910618866	16	0.0264309737781526	0.171671650382452	-1.57788683616122
aligned_OG0000333_pruned_1	-0.166336959782615	23	0.349574806123298	0.63799872988247	-0.456459874538491
aligned_OG0000333_pruned_2	0.158655679740622	23	0.372276194504177	0.659176213300227	0.429134734197999
aligned_OG0000337_pruned_1	-0.0965642895767117	112	0.214794009404119	0.501415576297337	-0.667977835258396
aligned_OG0000337_pruned_2	-0.15740541849077	49	0.186099725017867	0.468996022490638	-0.730254268585037
aligned_OG0000338_pruned	0.248755496770252	18	0.221461838356929	0.508201857322096	0.65470109932291
aligned_OG0000339_pruned	0.586939185653422	19	0.00295286917827633	0.0478838318196658	2.529755793269
aligned_OG0000340_pruned_1	0.0994726906506905	47	0.413568596153781	0.692387433569942	0.383452446304159
aligned_OG0000340_pruned_2	0.111884363038598	35	0.430791121227532	0.703113686092281	0.365733256259909
aligned_OG0000341_pruned_1	-0.405998971470575	21	0.0298088937045306	0.181794869672461	-1.52565414161021
aligned_OG0000341_pruned_2	0.421057451293024	15	0.0617262423351409	0.270006325795921	1.20953016046664
aligned_OG0000341_pruned_3	-0.392792202424786	21	0.035557905699921	0.200229784532966	-1.44906382615381
aligned_OG0000342_pruned_1	-0.296120328266346	35	0.0370562185641189	0.204148066041212	-1.4311389007356
aligned_OG0000343_pruned_1	0.0728017442296863	44	0.563161780082252	0.791118067787062	0.249366826988482
aligned_OG0000343_pruned_2	0.317277677042264	40	0.0165330404043954	0.13390107584472	1.78164727289973
aligned_OG0000343_pruned_3	0.11742132205944	27	0.47147432485129	0.730694882767612	0.32654195272308
aligned_OG0000344_pruned	0.0883021571376696	19	0.654720846018577	0.845366639450481	0.183943831116022
aligned_OG0000347_pruned_1	0.211651009334749	49	0.0754254583714797	0.302731916100883	1.12248204187423
aligned_OG0000347_pruned_2	0.283313448138523	36	0.0428806746867553	0.221900634253209	1.36773839004967
aligned_OG0000347_pruned_3	0.0381385035698237	55	0.733729995696247	0.887717492520861	0.134463726122065
aligned_OG0000349_pruned	0.469668218313862	17	0.0253473186774683	0.16838852854986	1.59606797499609
aligned_OG0000351_pruned	0.332871880855921	23	0.061214634954602	0.269057824137853	1.21314473602116
aligned_OG0000352_pruned_1	-0.0338816025717014	54	0.764681537031685	0.905014023265231	-0.116519395572883
aligned_OG0000352_pruned_2	-0.342493872625371	55	0.00225211363704029	0.0405882163150752	-2.64740969965798
aligned_OG0000353_pruned	-0.0882734829504749	15	0.695298566782637	0.868756139189159	-0.157828665823695
aligned_OG0000354_pruned	0.0727392967453308	21	0.697091610005963	0.869245420868885	0.156710144275458
aligned_OG0000359_pruned	-0.438286278201907	23	0.0137108300781332	0.120130630323572	-1.86293625145119
aligned_OG0000360_pruned_1	-0.110045441336876	47	0.365712296281513	0.653917295978806	-0.436860437207945
aligned_OG0000360_pruned_2	-0.0375134838315635	34	0.794761190646548	0.921120982899246	-0.0997633482803444
aligned_OG0000360_pruned_3	0.104062933681147	71	0.289646776322514	0.580775404064516	0.538131300698964
aligned_OG0000363_pruned_1	0.124066298000308	77	0.18812479772738	0.471185638889941	0.72555395401719
aligned_OG0000363_pruned_2	0.153198405791243	50	0.193442504774889	0.475735605282443	0.713448093019335
aligned_OG0000365_pruned_1	0.0712696645099798	36	0.610491756745271	0.823261808059596	0.214320195804621
aligned_OG0000365_pruned_3	-0.179605302026775	31	0.235679913429038	0.524926720610836	-0.627677430028337
aligned_OG0000366_pruned	0.129866238965848	26	0.435156072445529	0.706594862505775	0.361354951677024
aligned_OG0000367_pruned_1	-0.220104043123186	57	0.0455196111629224	0.229520975676757	-1.34180145642227
aligned_OG0000367_pruned_2	0.213877157361901	34	0.138046025888705	0.407855537290523	0.859976091447383
aligned_OG0000368_pruned_1	-0.276421864055496	53	0.0155811497225046	0.128473792890428	-1.80740049918484
aligned_OG0000368_pruned_2	-0.161704791088987	38	0.234389012300443	0.523814118649332	-0.630062751054686
aligned_OG0000368_pruned_3	-0.0833010690229028	31	0.582319373576693	0.8043619730938	-0.234838760815059
aligned_OG0000368_pruned_4	-0.334594310725211	21	0.0733714740124742	0.297946292406483	-1.13447275598242
aligned_OG0000372_pruned	0.102560460308288	33	0.483907120658634	0.738337665801397	0.31523798723215
aligned_OG0000374_pruned_1	-0.256870404469028	55	0.021957671859832	0.156432298249938	-1.6584137093963
aligned_OG0000374_pruned_2	-0.0552564318188832	50	0.639028276910611	0.837581437297239	-0.19447992394718
aligned_OG0000376_pruned	0.313112145542575	17	0.136037128114144	0.405106883353407	0.866342545052644
aligned_OG0000378_pruned_1	0.04315592499801	55	0.700296823391549	0.870452835388467	0.154717843645797
aligned_OG0000378_pruned_2	-0.0577585629807221	82	0.526858615450674	0.764459461756947	-0.278305913758355
aligned_OG0000380_pruned	-0.301199177393367	28	0.0596351734523652	0.265405683317036	-1.22449751323761
aligned_OG0000381_pruned_1	0.175932887637249	21	0.346464634017448	0.634299472034457	0.460341090157381
aligned_OG0000381_pruned_2	0.250414544877872	38	0.0655521611655025	0.27862222695297	1.1834129856401
aligned_OG0000382_pruned_1	-0.0417072752636677	72	0.66904721013214	0.853923654790078	-0.174543235929518
aligned_OG0000382_pruned_2	-0.0491901113417463	42	0.70302040290535	0.872305990721515	-0.153032070797206
aligned_OG0000382_pruned_3	0.050395263067897	25	0.766848475677745	0.905990189639352	0.11529044136789
aligned_OG0000383_pruned_1	-0.347099011956117	24	0.0457650280420156	0.230422073975991	-1.33946626719268
aligned_OG0000383_pruned_2	0.114833850352643	15	0.610384513874678	0.823261808059596	0.214396493441266
aligned_OG0000384_pruned_1	-0.0915018021743355	50	0.437314756689577	0.708519969616558	-0.359205867634047
aligned_OG0000384_pruned_2	0.0330148279982896	37	0.810799346414604	0.927471307656138	0.0910866100636925
aligned_OG0000384_pruned_3	-0.0309874083901509	36	0.824726338227276	0.934963698621976	-0.0836901357095526
aligned_OG0000386_pruned_1	0.475485380501196	41	0.000273716419805981	0.0108986205464394	3.56269914918382
aligned_OG0000386_pruned_2	-0.172235022565785	28	0.28146554043242	0.573405316141144	-0.550574767832613
aligned_OG0000388_pruned	-0.0220755392844174	19	0.910979292510634	0.967330926587863	-0.0404914948717621
aligned_OG0000393_pruned_1	0.0440226057949103	109	0.577005829568066	0.799615425406373	0.238819799086117
aligned_OG0000393_pruned_2	0.0527798662911748	65	0.607809801821542	0.822271119855564	0.216232300566237
aligned_OG0000394_pruned	0.172516389835589	16	0.427262856745706	0.699933693398698	0.369304860076608
aligned_OG0000395_pruned_2	0.20385887657505	11	0.449691797968891	0.717398330633544	0.347085033555776
aligned_OG0000396_pruned	0.269623345711082	47	0.026677319321127	0.172809218840859	1.57385781278147
aligned_OG0000398_pruned_1	-0.0268319247223854	107	0.736292041842151	0.889096524619152	-0.132949893537583
aligned_OG0000398_pruned_2	-0.135484175795097	74	0.159055998159893	0.436011767254698	-0.798449948570925
aligned_OG0000399_pruned_1	0.128921130638099	24	0.458123188235415	0.722215841893414	0.33901772553931
aligned_OG0000399_pruned_2	-0.331734603094028	23	0.0621048626635957	0.270769763505174	-1.20687439426321
aligned_OG0000400_pruned_1	-0.0638241951226311	78	0.495511259074327	0.745092163474556	-0.304946472968215
aligned_OG0000400_pruned_2	-0.145283440689323	56	0.190881550616366	0.474499341084931	-0.719236045690727
aligned_OG0000402_pruned	0.339876540650401	22	0.0620941286268417	0.270769763505174	1.20694946303621
aligned_OG0000403_pruned	0.167365481751145	35	0.238592829316435	0.527740456105391	0.622342612782609
aligned_OG0000405_pruned_1	-0.237595481655746	32	0.110612073748523	0.365013104573916	-0.956197465471003
aligned_OG0000405_pruned_2	-0.348362485575616	22	0.0558501136757434	0.256925952719493	-1.25297593859675
aligned_OG0000405_pruned_3	0.0365605664738055	19	0.853100388979009	0.943411897350572	0.0689998600232189
aligned_OG0000405_pruned_4	0.13744614642581	30	0.372511690659449	0.659275065554558	0.428860093092284
aligned_OG0000406_pruned	0.177695530362884	47	0.144127034816015	0.416093949443064	0.841254548192447
aligned_OG0000407_pruned	-0.0374960519143436	42	0.771348094747997	0.908767876676402	-0.112749588859864
aligned_OG0000408_pruned_1	0.18516401995451	25	0.275973318013738	0.566176874741625	0.559132904889697
aligned_OG0000408_pruned_2	0.114332390095006	18	0.574149072797162	0.797173798443199	0.240975332187915
aligned_OG0000409_pruned_1	-0.0819920061690788	35	0.563702861650773	0.791118067787062	-0.248949760468112
aligned_OG0000409_pruned_2	-0.329983164553722	16	0.128885073232889	0.39516462434517	-0.8897973773554
aligned_OG0000409_pruned_3	0.0895622151039798	34	0.534560802034505	0.769805617012111	0.272002890106687
aligned_OG0000411_pruned_1	0.370909900435161	45	0.00287916203398259	0.0473246028045774	2.54073389313362
aligned_OG0000411_pruned_2	0.0209980262782904	28	0.895532903167044	0.963127779609933	0.0479184529178312
aligned_OG0000411_pruned_3	0.12891541135896	28	0.420160100788902	0.696837780477233	0.376585191411115
aligned_OG0000412_pruned_1	-0.079455215770466	33	0.587593847955658	0.808192859603087	-0.230922759874458
aligned_OG0000412_pruned_3	-0.216989143186379	35	0.126527816260601	0.39284037678594	-0.897813987369683
aligned_OG0000413_pruned	0.125092558324419	25	0.461742825391087	0.724714272833046	0.335599843948941
aligned_OG0000417_pruned	0.652154650726025	19	0.000956934756441269	0.0236987821824792	3.01911767129677
aligned_OG0000418_pruned	-0.0871500597522802	23	0.62406453246517	0.828199719222812	-0.204770499028419
aligned_OG0000420_pruned_1	-0.01753816266581	56	0.874539745432806	0.953793272393088	-0.0582204482437325
aligned_OG0000420_pruned_2	-0.113629775830124	23	0.522816653919089	0.760869089982987	-0.281650586757207
aligned_OG0000421_pruned_1	0.0107520811780032	92	0.900568819448445	0.96549592650368	0.0454830937664969
aligned_OG0000421_pruned_2	-0.153926540242223	41	0.238784575227238	0.527740456105391	-0.621993730767353
aligned_OG0000421_pruned_3	0.254558441227157	25	0.134213673457928	0.402973095442134	0.872203236739126
aligned_OG0000422_pruned	-0.105644281841065	36	0.450218644868975	0.71760988469593	-0.346576523560195
aligned_OG0000423_pruned	0.332956045908146	17	0.112923660715929	0.369230379219993	0.947215051504944
aligned_OG0000424_pruned_1	0.0316650248190562	33	0.828885287104947	0.936402447697613	0.0815055691174077
aligned_OG0000424_pruned_2	-0.0160128153805087	26	0.923341840180906	0.971507368418345	-0.0346374844350617
aligned_OG0000424_pruned_3	0.291287632501768	22	0.109840007507366	0.36387376037098	0.959239446088057
aligned_OG0000425_pruned_1	-0.132767263328691	47	0.275141225075861	0.56617467035939	-0.560444333341291
aligned_OG0000425_pruned_2	-0.00770828816771467	34	0.957371576490613	0.984262022751107	-0.018919470479018
aligned_OG0000425_pruned_3	-0.221062837855084	27	0.17520724385907	0.45414166697682	-0.756447942100663
aligned_OG0000427_pruned	0.324037034920393	21	0.0829149018536659	0.31568244308215	1.08136740900085
aligned_OG0000428_pruned_1	-0.0105387301937617	49	0.929459150055562	0.974275248375257	-0.0317696928154913
aligned_OG0000428_pruned_2	0.15988717826779	35	0.260227956327487	0.549314166784032	0.584646048948264
aligned_OG0000428_pruned_3	0.0607342407344579	81	0.508457733739577	0.751996904196193	0.293745142577197
aligned_OG0000429_pruned_1	0.0169882397145875	45	0.891422288274256	0.961963265615482	0.0499165114283158
aligned_OG0000429_pruned_2	-0.0959121846399011	39	0.4746014367329	0.732889302407687	-0.323670951402654
aligned_OG0000431_pruned	0.00225645405073635	87	0.979670218941332	0.99428197157957	0.00892009389663656
aligned_OG0000432_pruned_1	-0.0144232436127838	23	0.935353907955952	0.974990952588015	-0.02902403491243
aligned_OG0000432_pruned_2	-0.108112495523467	22	0.552885102869537	0.782949871844962	-0.257365111686724
aligned_OG0000434_pruned_1	0.0467446394305924	26	0.778786852238366	0.912658469523185	0.108581389006816
aligned_OG0000434_pruned_2	-0.14142135623731	16	0.515181169612163	0.755473955318706	-0.28804001925652
aligned_OG0000435_pruned	0.0870388279778489	22	0.632816376564393	0.831985561171064	0.198722290320242
aligned_OG0000437_pruned_1	0.20140730832359	40	0.128117483981452	0.394152305492707	0.892391598760174
aligned_OG0000437_pruned_2	0.176400201578771	22	0.332903643329982	0.6208687057084	0.477681451856104
aligned_OG0000440_pruned_1	0.163784604970665	25	0.33523441379596	0.623299736171701	0.474651404855225
aligned_OG0000440_pruned_2	-0.119110000076512	29	0.447884478264112	0.715769729201273	-0.348833988060004
aligned_OG0000441_pruned	-0.11371787315124	58	0.297153548525527	0.588727887568534	-0.527019079150165
aligned_OG0000443_pruned	-0.248069469178417	13	0.310494434317235	0.602250767205362	-0.50794618024417
aligned_OG0000446_pruned_1	-0.0595238095238095	49	0.617075077451974	0.826023348598955	-0.209661993601259
aligned_OG0000446_pruned_2	0.1066635880352	117	0.161209631021285	0.436423159830753	0.792609016039272
aligned_OG0000447_pruned_1	-0.0179930632119804	40	0.891875186572506	0.961963265615482	-0.0496959186906526
aligned_OG0000447_pruned_2	0.0356824406025459	22	0.8447156864516	0.940711978136143	0.0732894408521419
aligned_OG0000448_pruned_1	-0.0885670906977071	32	0.552026685680719	0.78288007371276	-0.25803992740893
aligned_OG0000448_pruned_2	-0.043229647707156	24	0.803525912118194	0.92482961842121	-0.0950001135384799
aligned_OG0000449_pruned_1	-0.0136014773094758	66	0.893957873752442	0.962816867457555	-0.048682946112266
aligned_OG0000449_pruned_2	0.099640833208988	49	0.402602124390522	0.684135161992293	0.395123937821316
aligned_OG0000450_pruned_1	0.0808290376865476	25	0.634390475931851	0.833152426994915	0.197643345679877
aligned_OG0000450_pruned_2	0.0676664952450959	21	0.717274753874257	0.879761917886731	0.144314454883304
aligned_OG0000450_pruned_3	-0.292484531790444	19	0.138523409728315	0.407855537290523	-0.858476826912016
aligned_OG0000453_pruned_1	-0.0762215933966706	18	0.707932441791887	0.874786181278354	-0.150008185187231
aligned_OG0000453_pruned_2	0.132336396583661	23	0.456750402423169	0.721388216929088	0.340321061337034
aligned_OG0000453_pruned_3	-0.121320298048656	22	0.505448407031975	0.751055071755063	-0.29632316783725
aligned_OG0000454_pruned_1	-0.051256782962566	30	0.739463121826426	0.889941118992976	-0.131083480066886
aligned_OG0000454_pruned_2	0.422890031611031	10	0.138476715032117	0.407855537290523	0.85862324741708
aligned_OG0000455_pruned_1	-0.111887280882722	98	0.17934042446952	0.460267053423537	-0.746321806671689
aligned_OG0000455_pruned_2	0.128013344112371	74	0.183320650893928	0.46555900214813	0.736788609428891
aligned_OG0000456_pruned_1	0.015913663867543	27	0.922257859652062	0.971352448448816	0.0351476349474855
aligned_OG0000456_pruned_2	-0.260578653323524	12	0.309177044632912	0.60093915162099	-0.509792758477336
aligned_OG0000457_pruned_1	-0.138197498205696	18	0.496979395778165	0.745092163474556	-0.303661616267347
aligned_OG0000458_pruned	-0.218896806123325	47	0.0719786395562129	0.294424985735273	-1.14279636605784
aligned_OG0000459_pruned_1	0.494670449212505	90	1.31549155538077e-08	1.19726175184092e-05	7.88091193546372
aligned_OG0000459_pruned_2	0.369098999041214	71	0.000172800663541897	0.00786351019530346	3.76245459419491
aligned_OG0000460_pruned	0.0444261658319319	20	0.816961321715391	0.930453736924284	0.0877985042548626
aligned_OG0000461_pruned_1	0.164115100049328	37	0.234038288912191	0.523342991375044	0.630713085739536
aligned_OG0000461_pruned_2	-0.396437508836763	36	0.00460586402051743	0.0626827961371727	-2.33668888791123
aligned_OG0000463_pruned_1	-0.225390583946641	38	0.0974275126857311	0.343839159611258	-1.01131838480162
aligned_OG0000463_pruned_2	0.13069658651533	37	0.343282969912096	0.630694752442586	0.464347741161077
aligned_OG0000466_pruned_1	0.0796759792372243	48	0.507886658911677	0.751971303674708	0.294233195001956
aligned_OG0000466_pruned_2	-0.0305479904985959	32	0.837471310044172	0.938422230110218	-0.0770300620259522
aligned_OG0000466_pruned_3	-0.160754523440937	35	0.257651271664437	0.546926795623546	-0.588967709692389
aligned_OG0000467_pruned	-0.176400201578771	22	0.332903643329982	0.6208687057084	-0.477681451856104
aligned_OG0000469_pruned_1	0.117852651662799	89	0.178147600541581	0.458182186351966	0.749220022757641
aligned_OG0000469_pruned_2	0.103605809660406	50	0.379139179351062	0.663263428236256	0.42120133428426
aligned_OG0000470_pruned_1	0.213467717983535	33	0.145106391987706	0.417431702908924	0.838313456315909
aligned_OG0000470_pruned_2	-0.461880215351701	25	0.00657841361282637	0.0773787229644408	-2.1818788240548
aligned_OG0000470_pruned_3	0.478148032648406	33	0.0010999591455141	0.0255057405684337	2.95862344503022
aligned_OG0000472_pruned_1	-0.223606797749979	40	0.091166259462084	0.333647759968935	-1.04016586387213
aligned_OG0000472_pruned_2	0.274284885005381	20	0.1530066664964	0.42838687946416	0.815289646571115
aligned_OG0000473_pruned	0.164730474342016	14	0.482202697627791	0.737698543071696	0.316770364341007
aligned_OG0000474_pruned	-0.154528774990922	19	0.433848065766439	0.706105436298481	-0.362662334431686
aligned_OG0000475_pruned_1	0.399429793010185	27	0.0143058784354296	0.122860627071339	1.84448546970445
aligned_OG0000475_pruned_2	0.0101586994446437	20	0.957791177245039	0.984262022751107	0.0187291678065063
aligned_OG0000476_pruned_2	0.295492548483252	23	0.0965658944346192	0.34280657112553	1.01517623253065
aligned_OG0000477_pruned	-0.109591611768088	29	0.484991319467168	0.739213271308446	-0.314266034472471
aligned_OG0000478_pruned	0.112815214963553	50	0.338234332211067	0.626159209974264	0.470782311779484
aligned_OG0000482_pruned_1	0.272688419920932	30	0.0768508722678887	0.306100219355852	1.11435119883462
aligned_OG0000482_pruned_2	0.0139414296135505	21	0.940529226774238	0.97800532706987	0.0266277042820695
aligned_OG0000483_pruned_2	-0.0695048046856916	24	0.689156516779352	0.865576780864319	-0.16168213273089
aligned_OG0000484_pruned_1	0.0282585932837051	58	0.795579177614228	0.921441921581855	0.099316592020176
aligned_OG0000484_pruned_2	0.014824986333222	36	0.915617497301714	0.968270540229821	0.0382859166211573
aligned_OG0000484_pruned_3	0.201955468790144	34	0.161382422019975	0.436423159830753	0.792143770948933
aligned_OG0000484_pruned_4	-0.520996573244168	38	0.000127492225998924	0.00649140487760955	-3.89451629608259
aligned_OG0000486_pruned_1	-0.419710824446042	22	0.0212314615250602	0.153389486242635	-1.67302010897006
aligned_OG0000486_pruned_2	-0.0308783197908257	24	0.858954922737482	0.946464997642711	-0.0660296269953575
aligned_OG0000487_pruned_1	0.0908738934795304	31	0.548506235500147	0.780776911178215	0.260818430937195
aligned_OG0000487_pruned_2	-0.294397122297474	19	0.135961853854647	0.405106883353407	-0.866582922396168
aligned_OG0000488_pruned_1	0.0740436097198865	20	0.699675625634705	0.870380698829025	0.155103255195663
aligned_OG0000488_pruned_2	-0.159363814577919	15	0.479500122186953	0.736237956483173	-0.31921127782572
aligned_OG0000488_pruned_3	-0.171184197004365	14	0.465208818452142	0.725773603417622	-0.332352061422512
aligned_OG0000488_pruned_4	-0.0626224291085149	17	0.765594483995764	0.905358687343375	-0.116001204252675
aligned_OG0000489_pruned	0.154303349962092	21	0.408961342036874	0.687837267583849	0.388317742685929
aligned_OG0000490_pruned_2	0.460650315833481	23	0.00958315664745183	0.09925314871991	2.01849141276296
aligned_OG0000490_pruned_3	0.290800804838157	18	0.152916368763238	0.42838687946416	0.815546023527796
aligned_OG0000491_pruned_1	0.100310812284454	67	0.3218252648109	0.611355229485763	0.49237986472034
aligned_OG0000491_pruned_2	-0.145541187014951	56	0.190095661600711	0.473353800312851	-0.721027794572598
aligned_OG0000492_pruned	0.20008168266626	18	0.325403180480112	0.614434791772743	0.487578206598262
aligned_OG0000496_pruned	-0.380984511208496	19	0.0536653918261608	0.250399360242304	-1.27030569538545
aligned_OG0000498_pruned	0.122140963310492	27	0.453841932050896	0.718665312584291	0.343095380603991
aligned_OG0000499_pruned_1	-0.17707155531638	37	0.199152587978719	0.4821324957983	-0.70081404558117
aligned_OG0000499_pruned_2	0.172697890558943	20	0.368261074002576	0.656150449025481	0.433844184591512
aligned_OG0000501_pruned_1	0.00795117072214493	38	0.953373832293834	0.98307815789993	0.0207367725331154
aligned_OG0000501_pruned_2	0.24726586433103	71	0.0118673519874921	0.11007157938972	1.92564617620251
aligned_OG0000502_pruned	-0.0448956686467649	64	0.664967135117932	0.852448125360013	-0.177199818440708
aligned_OG0000503_pruned	0.221358563023941	104	0.0061755861058455	0.075151970491139	2.20932181856138
aligned_OG0000504_pruned_1	-0.00649878362277526	42	0.95982864220512	0.985268905102985	-0.0178062944473221
aligned_OG0000504_pruned_2	-0.151179806741658	27	0.353871984398644	0.641569202790471	-0.451153818551203
aligned_OG0000505_pruned_1	0.209255534664866	33	0.153209646219568	0.42838687946416	0.814713890264475
aligned_OG0000505_pruned_2	-0.309111697217192	31	0.0412580447574931	0.216582425291497	-1.38449135734086
aligned_OG0000506_pruned	0.171184197004365	28	0.284411467622047	0.576342859937692	0.546052896604122
aligned_OG0000507_pruned_1	0	38	1	1	0
aligned_OG0000507_pruned_2	-0.15191090506255	26	0.361310428526179	0.649716283057325	-0.44211950318146
aligned_OG0000508_pruned	-0.0321640692437512	38	0.813025342617578	0.92850632424692	-0.0898959169060131
aligned_OG0000509_pruned_1	-0.0940304896279075	30	0.541802935032798	0.775400501397206	-0.266158646654095
aligned_OG0000509_pruned_2	-0.292166993392852	15	0.194850648608869	0.477217531523853	-0.710298144211634
aligned_OG0000511_pruned	-0.295840104653456	25	0.0817588856311023	0.314286020388212	-1.08746503657777
aligned_OG0000512_pruned_1	0.229451675549283	38	0.0915420124044095	0.333926549256766	1.03837954453573
aligned_OG0000512_pruned_2	0.448539491093068	35	0.00158632124932552	0.0330910644616101	2.79960885820284
aligned_OG0000513_pruned_1	0.0225765343040209	30	0.883541584775939	0.958728208458064	0.0537730051683005
aligned_OG0000513_pruned_2	0.0662702310406287	23	0.709388115014226	0.875581431669534	0.149116091909998
aligned_OG0000513_pruned_3	0.358327916565539	46	0.0035857450345604	0.0537197728325808	2.44542059431097
aligned_OG0000516_pruned	-0.138873014965883	21	0.457390543168855	0.721929448257627	-0.339712818942301
aligned_OG0000517_pruned	-0.0132803178814933	21	0.943344507173677	0.979114947502714	-0.0253296749814544
aligned_OG0000518_pruned	0.269030181012329	68	0.00741950596332087	0.0841455185653259	2.12962501177579
aligned_OG0000522_pruned	0.0394021213797615	34	0.784676779075934	0.915567770482606	0.105309199268435
aligned_OG0000524_pruned_1	0.139559098816128	95	0.0992462603046169	0.346578834766877	1.00328584889399
aligned_OG0000524_pruned_2	-0.141976777748274	58	0.193042064888716	0.475735605282443	-0.714348045611397
aligned_OG0000526_pruned	0.0929563859987819	82	0.30846912227967	0.599918033881802	0.510788302278071
aligned_OG0000527_pruned_1	-0.121428571428571	49	0.30772846074547	0.599885119862856	-0.511832335494147
aligned_OG0000527_pruned_2	-0.169351288865454	35	0.233067426059391	0.521982137538734	-0.632518420049556
aligned_OG0000528_pruned_1	-0.0763336765435562	46	0.534969776542824	0.769937723464776	-0.271670753028203
aligned_OG0000528_pruned_2	0.0713267487518188	28	0.655578627470622	0.846324111101701	0.183375213312143
aligned_OG0000528_pruned_3	-0.33123146848433	15	0.141644690295137	0.412691072444534	-0.848799700838165
aligned_OG0000529_pruned	0.257132681931364	21	0.168823810894705	0.446172837431704	0.77256630053677
aligned_OG0000531_pruned_1	0.0656702022996026	34	0.648834043010642	0.842471388498185	0.187866371645543
aligned_OG0000531_pruned_2	-0.0296174438879546	20	0.877370556064143	0.95516372887306	-0.0568169443024353
aligned_OG0000532_pruned	-0.317820863081864	11	0.238592829316435	0.527740456105391	-0.62234261278261
aligned_OG0000533_pruned	-0.18229308607506	26	0.273321678292298	0.564554649545028	-0.563325921218609
aligned_OG0000534_pruned	-0.244557994022259	19	0.215499509069327	0.501985093037949	-0.666553714870884
aligned_OG0000535_pruned	0.106791848409366	34	0.458974863307161	0.722394288746095	0.338211098832949
aligned_OG0000538_pruned	-0.107966745382229	37	0.433696783710688	0.706105436298481	-0.362813798561129
aligned_OG0000539_pruned	-0.0650600048632356	15	0.772829992684447	0.909131602160686	-0.111916031772954
aligned_OG0000541_pruned	0.101891578672399	45	0.412943816025183	0.69181866647017	0.384109033210629
aligned_OG0000542_pruned	-0.260240019452942	15	0.248213078989923	0.536910109365904	-0.605175338133423
aligned_OG0000544_pruned	0.26496250339459	40	0.0453162973446516	0.229130528448895	1.34374558222608
aligned_OG0000546_pruned_1	-0.394743920166998	44	0.00171947830034217	0.0345843135491474	-2.76460330056376
aligned_OG0000546_pruned_2	-0.1362010449214	25	0.422936763859057	0.697644444417261	-0.373724562081373
aligned_OG0000548_pruned_1	-0.0804076737349039	47	0.508662195013592	0.752146515413072	-0.293570538969984
aligned_OG0000548_pruned_2	0.0163313833616003	38	0.904407009618643	0.966478040464662	0.0436360803084344
aligned_OG0000549_pruned	0.125988157669742	25	0.458542286255114	0.722350343458241	0.338620607997351
aligned_OG0000550_pruned	-0.0888194902908463	41	0.496660819449747	0.745092163474556	-0.303940099251665
aligned_OG0000554_pruned_1	0.182628515306823	36	0.191802693333746	0.475328594337306	0.717145298668112
aligned_OG0000554_pruned_2	0.0603881084877118	27	0.711138083802417	0.876552630466464	0.148046062827378
aligned_OG0000555_pruned	0.157343103894194	29	0.316072805950671	0.604657409386978	0.500212868075667
aligned_OG0000556_pruned	0.115795889146646	48	0.335899159087932	0.62437625154946	0.473791083398371
aligned_OG0000558_pruned_1	0.187476561826853	23	0.291747765521269	0.583415402570821	0.534992461505383
aligned_OG0000558_pruned_2	0.0495073771488337	25	0.770840345264592	0.908316645714759	0.113035562740978
aligned_OG0000559_pruned_1	-0.11749092789864	36	0.401065531261771	0.682657867224814	-0.396784660945448
aligned_OG0000559_pruned_2	-0.167093470609201	27	0.305507086861254	0.597293408968007	-0.514978710956489
aligned_OG0000560_pruned	0.00291345907511354	45	0.981322935228188	0.994988482300019	0.00818805081739252
aligned_OG0000561_pruned_1	-0.390150220517861	26	0.0190520463761956	0.144524827131601	-1.72005837000627
aligned_OG0000561_pruned_2	0.146104310758895	29	0.351879772106333	0.638911875487833	0.453605697970422
aligned_OG0000562_pruned	0.00878776058209744	51	0.939921190950195	0.977512668377142	0.026908558921889
aligned_OG0000563_pruned_1	-0.198820048699083	35	0.161513318467542	0.436423159830753	-0.791791659720042
aligned_OG0000563_pruned_2	0.0264628062012482	17	0.899741298687171	0.964945705662291	0.0458823446755175
aligned_OG0000564_pruned_1	-0.0802572353905128	24	0.64416722268371	0.839932225709186	-0.191001377265088
aligned_OG0000564_pruned_2	0	17	1	1	0
aligned_OG0000565_pruned_1	-0.046604138242837	51	0.689374521654178	0.865701257703359	-0.161544771565541
aligned_OG0000565_pruned_2	0.188451282641956	39	0.160057346231945	0.436423159830753	0.795724388031696
aligned_OG0000565_pruned_3	0.548398509973291	33	0.000181745348520211	0.00811833056794882	3.74053669539523
aligned_OG0000566_pruned_1	-0.00837707816583391	20	0.965188514513838	0.987013704238098	-0.0153878547211263
aligned_OG0000566_pruned_2	-0.187867287325545	17	0.371093369522698	0.658364414687946	-0.430516805299371
aligned_OG0000567_pruned_1	0.0755446986484326	57	0.492471075112327	0.743833884747656	0.307619272350138
aligned_OG0000567_pruned_2	0.220367585887079	26	0.18542189470596	0.468281933872387	0.731838985463581
aligned_OG0000568_pruned_1	-0.144989194407927	47	0.233355700250823	0.522326944780025	-0.631981586005559
aligned_OG0000568_pruned_2	-0.209609381840844	18	0.30289529533644	0.594739649355862	-0.518707472211188
aligned_OG0000569_pruned	-0.214043172369522	17	0.308179547467054	0.599918033881802	-0.51119618689254
aligned_OG0000570_pruned	-0.025628391481283	30	0.86793487444457	0.951031924139442	-0.0615128609185093
aligned_OG0000571_pruned_1	-0.0550586170123567	29	0.725720985208312	0.883903394664054	-0.139230318521873
aligned_OG0000571_pruned_2	-0.0725954008640628	24	0.676103314023147	0.856679054992394	-0.169986935298258
aligned_OG0000572_pruned	0.207809733386452	19	0.292584140273833	0.584445850571681	0.533749218806177
aligned_OG0000573_pruned	-0.130788763062403	52	0.257175934158326	0.546395674527801	-0.589769673971942
aligned_OG0000574_pruned_1	-0.253967486116093	20	0.18578872162136	0.468558254979259	-0.730980653562383
aligned_OG0000574_pruned_2	-0.419710824446042	14	0.0733659268028147	0.297946292406483	-1.1345055918175
aligned_OG0000574_pruned_3	-0.586555725441001	16	0.00695050894308376	0.0802007220516527	-2.15798339352783
aligned_OG0000577_pruned	-0.0649065505971569	41	0.619370551791639	0.826849466005669	-0.208049447184628
aligned_OG0000580_pruned	0.212485086103892	21	0.255508820294028	0.545400093978546	0.592594103204778
aligned_OG0000581_pruned	0.190553983491676	18	0.348971653149742	0.637422259763647	0.457209849203104
aligned_OG0000582_pruned_1	-0.0265487525340594	53	0.816311964020289	0.93042695836439	-0.0881438383530646
aligned_OG0000582_pruned_2	-0.131148245894106	19	0.50655516904904	0.751971303674708	-0.295373248608145
aligned_OG0000583_pruned_1	-0.135169902276464	38	0.320223311187022	0.609997740938305	-0.494547056078844
aligned_OG0000583_pruned_2	0.108902016155841	20	0.570465195131655	0.79529872897176	0.243770847342816
aligned_OG0000584_pruned_1	-0.019047619047619	49	0.872881074217134	0.953269401736157	-0.0590449227658437
aligned_OG0000584_pruned_2	-0.151658351429768	43	0.234049048215039	0.523342991375044	-0.630693120636933
aligned_OG0000585_pruned	-0.113389341902768	25	0.504692685302899	0.750640066866258	-0.296972989610694
aligned_OG0000586_pruned_1	0.126156478596732	34	0.381673069343418	0.665938561679709	0.418308482566395
aligned_OG0000586_pruned_2	-0.189102876310392	29	0.228231039529064	0.518810552235753	-0.6416252916466
aligned_OG0000587_pruned_1	0.109522297523801	52	0.342697531790725	0.630096143678856	0.465089023476548
aligned_OG0000587_pruned_2	-0.206840759122596	49	0.0823055893846828	0.314801261920532	-1.08457067078409
aligned_OG0000588_pruned_1	-0.165144564768954	12	0.519249062248657	0.758405701551147	-0.284624279117565
aligned_OG0000588_pruned_2	-0.358218930271716	21	0.0552461450314806	0.254909494280234	-1.25769802080965
aligned_OG0000589_pruned_1	0.288508799153406	32	0.0527050417902267	0.247577683402994	1.27814783797643
aligned_OG0000589_pruned_2	0.281387128385115	20	0.142650091522999	0.414624876797986	0.845727945367433
aligned_OG0000590_pruned_1	-0.0405711521731283	32	0.785288077147198	0.915567770482606	-0.104970996293365
aligned_OG0000590_pruned_2	0.156309478355039	44	0.214485976387857	0.501339452353126	0.668601097775143
aligned_OG0000590_pruned_3	0.315075883833252	29	0.0446853264089969	0.227049235023947	1.34983506536476
aligned_OG0000591_pruned	-0.167262182613809	78	0.0740719255649678	0.299620938910295	-1.13034636533396
aligned_OG0000597_pruned	0.281718084909506	21	0.131668016022814	0.399420063659876	0.880519708346928
aligned_OG0000599_pruned	-0.250966898289427	20	0.191040373641517	0.474570099107431	-0.71887484114594
aligned_OG0000601_pruned_1	0.0988623065485962	51	0.396493499928388	0.678539046064738	0.401763928064845
aligned_OG0000601_pruned_2	-0.116382874792529	21	0.533416513472694	0.769321503295852	-0.272933543578545
aligned_OG0000602_pruned	0.285830975237515	18	0.160057346231945	0.436423159830753	0.795724388031696
aligned_OG0000603_pruned	0.0466252404120157	24	0.788446734264471	0.917774687798499	0.103227641328617
aligned_OG0000604_pruned_1	-0.309111697217192	31	0.0412580447574931	0.216582425291497	-1.38449135734086
aligned_OG0000604_pruned_2	0.198810693121886	23	0.263552477282973	0.553483007527351	0.579132897243489
aligned_OG0000605_pruned_1	-0.0705700608696929	59	0.513933338114746	0.7542838706151	-0.289093209344095
aligned_OG0000605_pruned_2	-0.0577350269189626	25	0.734095182319476	0.887717492520861	-0.134247626083749
aligned_OG0000605_pruned_3	-0.14484136487558	13	0.553745778412028	0.783400571861758	-0.256689571684178
aligned_OG0000608_pruned_1	-0.196441330895342	38	0.148578458818059	0.422248149357645	-0.828044150835109
aligned_OG0000608_pruned_2	0.354677277831561	19	0.0724480135297872	0.295846318850466	1.13997351805864
aligned_OG0000608_pruned_3	-0.196995032322168	23	0.26793808403418	0.559156899512649	-0.571965552497118
aligned_OG0000609_pruned	-0.0399295538106522	89	0.648246248126996	0.84245490375094	-0.188259988129699
aligned_OG0000611_pruned	-0.267784770801831	35	0.0593464387919199	0.264768027477922	-1.22660533668279
aligned_OG0000613_pruned_1	-0.176668346026367	38	0.193886881508436	0.475735605282443	-0.71245157452745
aligned_OG0000613_pruned_2	0.119175914306225	25	0.483197184466217	0.738333410303992	0.315875604962976
aligned_OG0000613_pruned_4	0.288675134594813	24	0.0966482373122282	0.342931684147336	1.01480606230334
aligned_OG0000615_pruned_1	-0.245469373235012	35	0.0839016227558878	0.31801843551251	-1.07622963932491
aligned_OG0000615_pruned_2	-0.314864884025715	33	0.0316242251725158	0.187504872541602	-1.49998010636706
aligned_OG0000615_pruned_3	-0.227710017021324	15	0.312321421676216	0.603026324907061	-0.505398227115572
aligned_OG0000616_pruned_1	-0.018490006540841	25	0.91337249904847	0.968197736079941	-0.0393520688088298
aligned_OG0000616_pruned_2	0.443310347466787	17	0.0348084788118671	0.198687007539921	1.45831495568863
aligned_OG0000616_pruned_3	0	14	1	1	0
aligned_OG0000617_pruned_2	-0.1688801323683	17	0.421379503742869	0.69697050585003	-0.375326592666822
aligned_OG0000620_pruned	0.153741222957161	26	0.35555412352927	0.643337369139318	0.449094280276073
aligned_OG0000622_pruned	0.0163038662681506	19	0.934191641443611	0.974895992740567	0.0295640228233979
aligned_OG0000623_pruned	0.0183803655523452	37	0.893973132390217	0.962816867457555	0.048675533362932
aligned_OG0000624_pruned	0.0713477241231741	17	0.734095182319476	0.887717492520861	0.134247626083749
aligned_OG0000625_pruned_1	0.25365132433913	56	0.0223948457209997	0.157926623910893	1.64985192508129
aligned_OG0000625_pruned_2	-0.0503320548046959	53	0.659657920630401	0.849631933506093	-0.180681218543285
aligned_OG0000626_pruned_1	-0.367181274686802	42	0.00442962484491023	0.0614325685634122	-2.35363305361542
aligned_OG0000626_pruned_2	-0.226712596470953	33	0.121757214624219	0.38493889695134	-0.914505295586383
aligned_OG0000627_pruned	0.23835182861245	25	0.160813984979232	0.436423159830753	0.793676186089986
aligned_OG0000628_pruned_1	0.120834972023846	44	0.337253960037008	0.625159726625767	0.472042942139013
aligned_OG0000628_pruned_2	-0.185319816380856	34	0.198764606373235	0.481599034610158	-0.70166094702765
aligned_OG0000629_pruned_1	-0.193049313047307	37	0.161565286634209	0.436423159830753	-0.791651944568025
aligned_OG0000629_pruned_2	0.0320256307610174	26	0.847389659686714	0.941960933157094	0.0719168398021052
aligned_OG0000630_pruned_1	-0.022129569321495	51	0.849469006039149	0.942438496701501	-0.0708524622943221
aligned_OG0000630_pruned_2	0.0657040385998357	79	0.480037648835258	0.736697813225681	0.318724700040658
aligned_OG0000632_pruned_1	-0.386979776510047	44	0.00211789642397637	0.0394783364189936	-2.67409528294215
aligned_OG0000632_pruned_2	0.240192230707631	26	0.148914673178766	0.422668613610233	0.827062507307554
aligned_OG0000635_pruned_1	-0.052807868958756	51	0.650612963932754	0.843653248511911	-0.186677287337034
aligned_OG0000635_pruned_2	-0.0883571941906715	35	0.53382942174414	0.769340793611776	-0.272597493963642
aligned_OG0000635_pruned_3	0.0167365481751145	35	0.906185615754928	0.966478040464662	0.0427828358313433
aligned_OG0000635_pruned_4	-0.115489144530597	28	0.470180510239197	0.729629742068168	-0.327735377063478
aligned_OG0000636_pruned	-0.323380833381777	17	0.123657710402833	0.387748401999582	-0.907778798987238
aligned_OG0000637_pruned_1	-0.0244450603519352	41	0.851595659312836	0.942893551620553	-0.0697665608801306
aligned_OG0000637_pruned_2	0.0136645369678225	41	0.916711150824639	0.968270540229821	0.0377674858833001
aligned_OG0000641_pruned_1	-0.0678844233302131	32	0.648503379652976	0.84245490375094	-0.188087756263303
aligned_OG0000641_pruned_2	0.145531755777651	28	0.362796093751042	0.651583216231213	0.440337397663487
aligned_OG0000643_pruned	-0.184226474588735	21	0.324206575396745	0.61345398012879	-0.489178181253192
aligned_OG0000645_pruned_1	-0.0160128153805087	26	0.923341840180906	0.971507368418345	-0.0346374844350617
aligned_OG0000645_pruned_2	-0.155857300039839	27	0.339178523816154	0.627269197842371	-0.469571654302749
aligned_OG0000646_pruned_1	0.281424945589406	45	0.0237394886567666	0.163217390849781	1.62452863988591
aligned_OG0000647_pruned	-0.0823885840871099	55	0.462432726450476	0.724859565400628	-0.334951438398261
aligned_OG0000648_pruned_1	0.162496289031176	39	0.225746826248105	0.5155339546877	0.64637834667392
aligned_OG0000649_pruned_1	0.463252819314869	36	0.000929912486126558	0.0232300860422041	3.03155792088765
aligned_OG0000649_pruned_2	-0.23094010767585	25	0.174231388248025	0.453754174105247	-0.758873602973919
aligned_OG0000651_pruned_1	0.0836556327631423	20	0.662955817793509	0.851101265618389	0.178515413869513
aligned_OG0000651_pruned_2	0.0471404520791032	16	0.828262540835312	0.936124430207473	0.0818319796846482
aligned_OG0000653_pruned_1	-0.0319524670873375	79	0.731258546915074	0.887434430150024	-0.135929044866875
aligned_OG0000653_pruned_2	-0.168195525970228	66	0.0992794056940303	0.346578834766877	-1.00314083127338
aligned_OG0000654_pruned	-0.143380841343775	75	0.133448761378875	0.402392859786663	-0.874685452815524
aligned_OG0000655_pruned_1	0.208462922658819	55	0.0629790512144552	0.27278433783013	1.20080388633889
aligned_OG0000655_pruned_2	-0.00235584497580073	40	0.985800277950489	0.997999419321123	-0.00621106373014149
aligned_OG0000657_pruned_1	-0.219611909242198	31	0.147058519219297	0.420360034611372	-0.832509811396551
aligned_OG0000657_pruned_2	-0.386243639668214	13	0.114316775540404	0.372078874702585	-0.94189003390882
aligned_OG0000657_pruned_3	0.242535625036333	17	0.248213078989924	0.536910109365904	0.605175338133423
aligned_OG0000658_pruned_1	-0.139689775021752	71	0.155194912659392	0.431847849978672	-0.809122519161372
aligned_OG0000658_pruned_2	0.126943535778517	63	0.224519675122681	0.51358082141635	0.648745594870897
aligned_OG0000659_pruned	-0.181838729064806	37	0.187323937680926	0.470150151759677	-0.72740672161853
aligned_OG0000660_pruned	-0.308530453672267	24	0.0758001745823613	0.303575946718467	-1.12032979410319
aligned_OG0000661_pruned	0	60	1	1	0
aligned_OG0000662_pruned_1	0.0668521489993101	67	0.509086090041933	0.752467686072943	0.293208769198297
aligned_OG0000662_pruned_2	0.0350650801342791	42	0.785798249882581	0.915863143492088	0.104688942776928
aligned_OG0000662_pruned_3	0.313647979264643	23	0.0777598964393295	0.307700981508021	1.10924432647501
aligned_OG0000665_pruned	0.008	50	0.94585729817659	0.979997079841189	0.0241743808173357
aligned_OG0000667_pruned_1	0.102853072772546	26	0.536529166316816	0.771425110858901	0.270406664329615
aligned_OG0000667_pruned_2	0.165748386032949	14	0.479500122186953	0.736237956483173	0.31921127782572
aligned_OG0000668_pruned	-0.0994460507293461	42	0.440853042964095	0.711610149596677	-0.355706157167375
aligned_OG0000669_pruned	0.0857492925712544	18	0.673416574633767	0.855846758580635	0.171716198634893
aligned_OG0000670_pruned	0.233207160102944	99	0.00490338058595946	0.0651487482598007	2.30950439678699
aligned_OG0000671_pruned_1	-0.214703425626164	41	0.100348246462291	0.347320265995916	-0.998490212198965
aligned_OG0000671_pruned_3	-0.00527750413650936	33	0.971264890245109	0.990570300372687	-0.0126623100682859
aligned_OG0000672_pruned_1	-0.197091476769565	41	0.131457310662029	0.399420063659876	-0.881215256709444
aligned_OG0000672_pruned_2	-0.0455803777984378	34	0.751947896532354	0.897529940106897	-0.123812251206814
aligned_OG0000672_pruned_3	-0.124697105712428	30	0.418480579026616	0.695970099564366	-0.378324692072834
aligned_OG0000672_pruned_4	-0.160213760950366	51	0.169415035739006	0.447206273325475	-0.771048048263258
aligned_OG0000674_pruned_1	-0.118694884586225	27	0.466679468654148	0.727756095795856	-0.330981305278008
aligned_OG0000674_pruned_2	-0.0767522578880198	45	0.53741714449655	0.77208646982624	-0.269688482968947
aligned_OG0000675_pruned_1	0.0389703622190827	53	0.733122248211151	0.887717492520861	0.134823600670258
aligned_OG0000675_pruned_2	-0.0799435891338951	35	0.573485103377122	0.796707696563408	-0.241477858678388
aligned_OG0000680_pruned	0	41	1	1	0
aligned_OG0000682_pruned	0.424264068711929	16	0.0508938032973023	0.243231059534683	1.29333509305848
aligned_OG0000683_pruned	0.172854326280577	18	0.395552633930926	0.677970510275676	0.40279571923366
aligned_OG0000687_pruned_1	-0.205263595359754	32	0.168098272585568	0.444901316864964	-0.77443674944221
aligned_OG0000687_pruned_2	0.166875391440586	19	0.398024719506938	0.680605444511511	0.40008995503163
aligned_OG0000687_pruned_3	0.0383214231015951	56	0.730090731592921	0.88727967771142	0.136623164836298
aligned_OG0000688_pruned_1	-0.090643024433806	48	0.451286792881348	0.717804562263206	-0.345547376124617
aligned_OG0000688_pruned_2	0.193656363355312	26	0.244533482956436	0.533744222034632	0.611661666325141
aligned_OG0000691_pruned	-0.26742184004686	52	0.0205138200081532	0.151022369544351	-1.68795345937883
aligned_OG0000692_pruned	0.135190887258407	29	0.389011695952801	0.672648312231267	0.410037341061434
aligned_OG0000693_pruned_1	-0.0399028403569341	61	0.707298806260665	0.874332044561299	-0.150397074894852
aligned_OG0000693_pruned_2	0.0712166229363768	77	0.449951751401492	0.717498620664534	0.346834053388016
aligned_OG0000694_pruned_1	-0.185291149403029	50	0.115744368429836	0.375717675674381	-0.936500130498737
aligned_OG0000694_pruned_2	-0.0468623348903205	35	0.741412683040016	0.890858720227839	-0.129939988946893
aligned_OG0000696_pruned_1	0.071472550317808	54	0.527746891913294	0.7655957601157	0.277574315725432
aligned_OG0000696_pruned_2	-0.145882328730868	54	0.197450847310311	0.480543143217176	-0.704540998258645
aligned_OG0000697_pruned_2	0.220820978989553	15	0.327186877790306	0.615324119369453	0.485204122535983
aligned_OG0000698_pruned	-0.210752991920078	60	0.0492606674136039	0.238841533996035	-1.30749970837021
aligned_OG0000701_pruned_1	-0.0062084263310826	48	0.958852250451266	0.984544244187797	-0.0182483081131709
aligned_OG0000701_pruned_2	0.193974173134531	57	0.0780000263239171	0.30791568230855	1.10790525074119
aligned_OG0000703_pruned_1	-0.400668337976507	27	0.0140069510433957	0.121228452098269	-1.85365638927773
aligned_OG0000703_pruned_2	-0.031993857768906	29	0.838463781922464	0.938824862634998	-0.0765156923315198
aligned_OG0000703_pruned_3	0.108821437516502	20	0.570750388058174	0.79529872897176	0.243553784557015
aligned_OG0000706_pruned	0.0154303349962092	21	0.934191641443611	0.974895992740567	0.0295640228233979
aligned_OG0000707_pruned_1	-0.0992565390180221	65	0.334486781497321	0.622545566483128	-0.47562104033623
aligned_OG0000707_pruned_2	0.106662357163537	35	0.452611963834159	0.718166917979166	0.344273970579066
aligned_OG0000708_pruned_1	0.158725403180481	26	0.340174274540112	0.627723608117431	0.468298532721442
aligned_OG0000708_pruned_2	0.0826898230594723	13	0.735316690637341	0.888737475746291	0.1335255760527
aligned_OG0000709_pruned_1	-0.0093095450823512	43	0.941768149386564	0.978315579352771	-0.0260560014910522
aligned_OG0000709_pruned_2	-0.327310189782753	24	0.059609703778749	0.265405683317036	-1.22468303632476
aligned_OG0000710_pruned_1	0.0900994925939084	67	0.373539741577075	0.659516127651909	0.427663186005327
aligned_OG0000710_pruned_2	-0.0911294566525844	28	0.568774316215148	0.795221929034084	-0.245060022998888
aligned_OG0000711_pruned	0.468265014445085	54	3.51798870592681e-05	0.00266817455915137	4.45370555912573
aligned_OG0000712_pruned	-0.242830932128591	19	0.218758004533392	0.505964749367099	-0.660036046826422
aligned_OG0000713_pruned	0.0951161521203935	33	0.516195690992237	0.755977791571997	0.287185625104247
aligned_OG0000714_pruned	0.0347524023428458	24	0.841480581121794	0.939264159305194	0.0749559018021908
aligned_OG0000715_pruned	0.176313812556831	34	0.221470195479056	0.508201857322096	0.654684711020653
aligned_OG0000716_pruned_1	-0.104954961341905	57	0.340286372921233	0.627723608117431	-0.468155442275364
aligned_OG0000716_pruned_2	-0.408248290463863	12	0.111102994241961	0.36537529407214	-0.954274236601542
aligned_OG0000717_pruned	0.139187712723571	27	0.393346636348547	0.676008501397037	0.405224559290481
aligned_OG0000718_pruned_1	-0.0640960996524978	45	0.606533395068139	0.821398465377926	-0.217145282357935
aligned_OG0000719_pruned_1	-0.0557362361796304	43	0.661867272065616	0.850821964673332	-0.17922909332291
aligned_OG0000719_pruned_2	0.0608919001805744	31	0.687652969040903	0.865205865400664	0.162630677540305
aligned_OG0000721_pruned_1	0.415604707296817	20	0.0303684722342539	0.183613021152552	1.51757705585659
aligned_OG0000721_pruned_3	-0.392232270276368	13	0.108809430040546	0.362084762397264	-0.963333464590945
aligned_OG0000722_pruned	-0.177122977108019	17	0.399075196548237	0.681612809244672	-0.398945263789463
aligned_OG0000725_pruned_1	0.0818367656411492	32	0.582640440337413	0.8043619730938	0.234599374830464
aligned_OG0000725_pruned_2	0.156671997313474	18	0.44126813332893	0.711610149596677	0.355297434481447
aligned_OG0000726_pruned	-0.237825747077247	17	0.257517982249063	0.546803274644336	-0.589192439170885
aligned_OG0000729_pruned	-0.344350221575091	23	0.0528075114161136	0.247579839420942	-1.27730429840273
aligned_OG0000731_pruned_1	0.12223963651628	30	0.427710510297464	0.700283387784087	0.368850077524092
aligned_OG0000731_pruned_2	-0.156347191994114	25	0.357642677993292	0.645268969589659	-0.446550661825088
aligned_OG0000732_pruned_1	0.331365021469696	41	0.0112126132076626	0.106857377964649	1.95029315909033
aligned_OG0000732_pruned_2	0.342997170285018	34	0.0173844203520662	0.137882314360996	1.75983978540039
aligned_OG0000734_pruned_1	0.154478595163331	33	0.291698662142363	0.583415402570821	0.535065562738129
aligned_OG0000734_pruned_2	0.149209419390598	22	0.412770233630431	0.691787721529404	0.3842916288134
aligned_OG0000735_pruned_1	0.0515939370367582	50	0.66140957347609	0.850644501589925	0.179529523244892
aligned_OG0000736_pruned_1	-0.211295434743209	41	0.105859794847485	0.356622887986579	-0.975268951991184
aligned_OG0000736_pruned_3	-0.159023925495317	52	0.168293711095199	0.445256726193366	-0.773932112709161
aligned_OG0000737_pruned	0.0754829883089264	63	0.47015786285767	0.729629742068168	0.32775629641147
aligned_OG0000738_pruned	-0.234191145556245	97	0.00517524095512448	0.0670479170716394	-2.28606942499282
aligned_OG0000739_pruned_1	0.13016398365558	47	0.28466376882578	0.576450007155441	0.545667805070631
aligned_OG0000739_pruned_2	-0.0610034816552002	22	0.73773415882334	0.889458918760182	-0.13210010722207
aligned_OG0000740_pruned_1	-0.460412183424858	28	0.00398832090775138	0.0566061686731731	-2.39920990480909
aligned_OG0000740_pruned_2	0.233078091689023	100	0.00471027893969898	0.0636280908347834	2.32695337346877
aligned_OG0000741_pruned_1	0.0880291537476698	47	0.469330961571927	0.729235751430901	0.328520794612774
aligned_OG0000741_pruned_2	0.0128141957406415	30	0.933739346420739	0.974843157626814	0.0297743402684648
aligned_OG0000742_pruned	-0.0206899664606204	44	0.869488381614055	0.951276469801943	-0.0607362168063134
aligned_OG0000743_pruned	-0.00935176380377851	58	0.931676070184679	0.974275248375257	-0.0307350590889482
aligned_OG0000744_pruned	0.188823132445717	101	0.0213782144986731	0.153961206493412	1.67002856974252
aligned_OG0000745_pruned_1	-0.165379646118945	13	0.498962298603761	0.745831348005335	-0.301932268258211
aligned_OG0000745_pruned_2	0	20	1	1	0
aligned_OG0000746_pruned_2	-0.180648920932378	33	0.217564721445548	0.504486858867846	-0.662411524983274
aligned_OG0000748_pruned_1	0.221326697997275	25	0.192857560944157	0.475735605282443	0.714763330031248
aligned_OG0000748_pruned_2	-0.304700025046205	20	0.112410584655364	0.368178797514936	-0.949192793384494
aligned_OG0000748_pruned_3	0.0167852033153636	33	0.908787251260324	0.966621100628522	0.0415377740033553
aligned_OG0000749_pruned_1	0.181025128880568	32	0.224145154052202	0.513108303315693	0.649470646006925
aligned_OG0000750_pruned_1	0.034752661429079	67	0.731423432952931	0.887434430150024	0.135831130080649
aligned_OG0000750_pruned_2	-0.10314235786222	52	0.371548776643588	0.658637472397473	-0.429984164308189
aligned_OG0000751_pruned_1	-0.256684513695607	19	0.193600969171221	0.475735605282443	-0.713092472933309
aligned_OG0000752_pruned	-0.0237389769172449	27	0.884254160748036	0.958944769915231	-0.0534228879897035
aligned_OG0000759_pruned	-0.166742926870459	24	0.337253960037008	0.625159726625767	-0.472042942139013
aligned_OG0000760_pruned	-0.0179328943938165	42	0.889459363386626	0.961138857942717	-0.0508738886819022
aligned_OG0000761_pruned	0.310903044599522	115	5.16521039608351e-05	0.00348221267535963	4.28691198353505
aligned_OG0000762_pruned_1	0.101059246694121	51	0.3860831000967	0.670106646564582	0.413319208205998
aligned_OG0000762_pruned_2	0.0985024959213811	36	0.481428113750962	0.737194484469454	0.317468552011964
aligned_OG0000762_pruned_3	-0.303660090940743	30	0.0488145118658311	0.238046159791728	-1.31145104917866
aligned_OG0000763_pruned_1	0	27	1	1	0
aligned_OG0000763_pruned_2	0.146159629729407	26	0.379775474840949	0.663263428236256	0.420473084583602
aligned_OG0000764_pruned	0.179659801174639	112	0.0210014956960121	0.152759131031632	1.67774977434259
aligned_OG0000765_pruned	-0.171184197004365	26	0.303625840704739	0.594913817591821	-0.517661269674096
aligned_OG0000766_pruned_1	-0.0486984753557674	46	0.692238155334118	0.86716882904452	-0.159744466592921
aligned_OG0000766_pruned_2	-0.0208106025911701	81	0.820754690931303	0.932419325946651	-0.0857866264301691
aligned_OG0000767_pruned_1	0.17378432710447	47	0.153163872269663	0.42838687946416	0.814843662407345
aligned_OG0000767_pruned_2	-0.133869888150416	31	0.376759117811582	0.662604622412108	-0.423936228681966
aligned_OG0000768_pruned_2	0.0865873889110218	19	0.661002845623979	0.850611827322055	0.17979667086817
aligned_OG0000768_pruned_3	-0.295540231644524	17	0.159411690798395	0.436016724531599	-0.797479831854259
aligned_OG0000769_pruned	0.264229897809438	65	0.0101926002950085	0.101382954573712	1.99171500640468
aligned_OG0000770_pruned_1	-0.174714139453653	13	0.475050524053953	0.733175750202128	-0.323260198478386
aligned_OG0000770_pruned_2	-0.0218739319629904	20	0.909269045214222	0.966621100628522	-0.0413075936058659
aligned_OG0000770_pruned_3	-0.311758667495683	28	0.0512342297051531	0.24429366501848	-1.29043978892591
aligned_OG0000771_pruned	0.0571661950475029	18	0.778729004587343	0.912658469523185	0.108613649244208
aligned_OG0000772_pruned_1	-0.360716734785252	31	0.0172351501327983	0.137296639077576	-1.7635849291657
aligned_OG0000772_pruned_2	-0.122176567731394	50	0.299677159205597	0.591474442443343	-0.523346356850783
aligned_OG0000772_pruned_3	-0.184029639692939	44	0.14388852414767	0.416093949443064	-0.841973841908307
aligned_OG0000773_pruned	0.0765317759296479	107	0.336778047312294	0.625159726625767	0.472656225491446
aligned_OG0000774_pruned	-0.0456198045947366	105	0.570648203865738	0.79529872897176	-0.24363154535214
aligned_OG0000775_pruned_1	-0.154986884495953	55	0.16685764522413	0.442959360588665	-0.777653889682933
aligned_OG0000775_pruned_2	-0.176156268781531	37	0.201484796984124	0.483543276297121	-0.695757717934761
aligned_OG0000776_pruned_1	0.0362640758760122	24	0.834682691602667	0.938003500163454	0.0784785921527522
aligned_OG0000777_pruned	-0.267784770801831	21	0.151859140004838	0.427070837533885	-0.818559063908983
aligned_OG0000778_pruned_1	0.061738444416365	42	0.632293029061977	0.831974112631408	0.199081606193433
aligned_OG0000778_pruned_2	0.0975900072948533	15	0.665005542102029	0.852448125360013	0.177174735306971
aligned_OG0000779_pruned_1	0.182986260047918	51	0.116555706049338	0.376255045353011	0.933466460495344
aligned_OG0000779_pruned_2	-0.0435739154680002	22	0.810964121020658	0.927471307656138	-0.090998359583459
aligned_OG0000781_pruned_1	0.0805387266256829	37	0.559222252324298	0.787867108973145	0.252415555664779
aligned_OG0000781_pruned_2	0.0912414835752265	14	0.697091610005963	0.869245420868885	0.156710144275458
aligned_OG0000782_pruned	-0.173632301982648	48	0.149037947214546	0.422728980782669	-0.826703139858557
aligned_OG0000783_pruned	-0.205153462112477	39	0.126167493463833	0.392575008508619	-0.899052524868217
aligned_OG0000784_pruned	-0.0681005224606999	25	0.688664324768293	0.865406446088703	-0.161992414412058
aligned_OG0000785_pruned_1	-0.0237897155500137	40	0.857369519392987	0.945834465257627	-0.0668319602874042
aligned_OG0000785_pruned_2	-0.0381801774160606	28	0.811298552185406	0.927471307656138	-0.0908192990479699
aligned_OG0000786_pruned_1	0.0998460353205412	26	0.548506235500147	0.780776911178215	0.260818430937195
aligned_OG0000786_pruned_2	0.301292302525911	18	0.138640633813219	0.407855537290523	0.858109464857366
aligned_OG0000787_pruned	0.254558441227157	25	0.134213673457928	0.402973095442134	0.872203236739126
aligned_OG0000788_pruned	-0.252337556507632	33	0.085007130438001	0.320610109039662	-1.0705446439328
aligned_OG0000789_pruned_1	0.139724324498314	77	0.138272836879333	0.407855537290523	0.85926312684699
aligned_OG0000789_pruned_2	0.222101773000782	62	0.0350656234979809	0.198687007539921	1.4551184345543
aligned_OG0000790_pruned	0.0307330141401791	76	0.746052193066401	0.894540915979348	0.127230788656249
aligned_OG0000791_pruned_1	0.281335802538635	46	0.0222140516319924	0.157488325153395	1.6533722230391
aligned_OG0000791_pruned_3	-0.0335704066307271	33	0.818762637809121	0.931276828211931	-0.0868419835028707
aligned_OG0000792_pruned_1	0.00470256406669971	35	0.973584229581969	0.991178002570386	0.0116264695571604
aligned_OG0000792_pruned_2	0.0181220094073187	29	0.908072555255975	0.966478040464662	0.0418794498396784
aligned_OG0000793_pruned	0.228664780190012	34	0.112818742167059	0.369230379219993	0.947618746597425
aligned_OG0000796_pruned	-0.0361550763031094	18	0.858954922737482	0.946464997642711	-0.0660296269953575
aligned_OG0000797_pruned_1	-0.393722673794194	20	0.0402427852455695	0.213718248995617	-1.39531196893321
aligned_OG0000797_pruned_2	0.217597069944622	12	0.395765687345556	0.678014913846543	0.402561861575945
aligned_OG0000798_pruned_1	-0.0647750275631296	40	0.624590726506401	0.828230366245735	-0.204404468163771
aligned_OG0000798_pruned_2	0.0475248456521757	23	0.789268026134281	0.918437030251511	0.102775490447784
aligned_OG0000799_pruned_1	-0.0428571428571429	49	0.718847133564018	0.880687528096855	-0.143363454690965
aligned_OG0000799_pruned_2	0.138013111868471	16	0.525358404466242	0.763000233569746	0.279544315687569
aligned_OG0000800_pruned_1	-0.186500961648063	45	0.133982219455852	0.402973095442134	-0.872952832266328
aligned_OG0000800_pruned_2	-0.0927743455666193	22	0.610577360736412	0.823261808059596	-0.214259302706089
aligned_OG0000801_pruned	-0.149218429349206	33	0.308440889705285	0.599918033881802	-0.510828052812299
aligned_OG0000802_pruned_1	-0.0405220449236554	29	0.796253414737639	0.921557957829399	-0.0989486921780576
aligned_OG0000802_pruned_2	-0.211950261485958	19	0.283073893152809	0.574912417307002	-0.548100182144937
aligned_OG0000803_pruned_1	0.131148245894106	19	0.50655516904904	0.751971303674708	0.295373248608145
aligned_OG0000803_pruned_2	0.211463845043156	27	0.194701765159243	0.477217531523853	0.710630111163873
aligned_OG0000804_pruned	-0.0438529009653515	16	0.840071644440277	0.939264159305194	-0.0756836741068785
aligned_OG0000808_pruned	0.0403666119194864	45	0.745668712726913	0.894303177221441	0.127454078949199
aligned_OG0000809_pruned_1	0.258116178275778	54	0.0225829509451667	0.158866150562086	1.64621930884746
aligned_OG0000809_pruned_2	0.226426504680106	55	0.0434288822742174	0.223466920027263	1.36222134789741
aligned_OG0000810_pruned_1	-0.245292303737382	67	0.0154092329277814	0.127784310873777	-1.81221897993981
aligned_OG0000810_pruned_2	-0.234311674451602	21	0.209888893121195	0.495250196421394	-0.678010542760157
aligned_OG0000811_pruned	-0.00713465951240666	96	0.932477095669617	0.974275248375257	-0.0303618269149447
aligned_OG0000812_pruned	0.0843690783059572	35	0.552452904881778	0.782942888710507	0.257704738496664
aligned_OG0000813_pruned_1	0.0611764149207335	40	0.643960733918434	0.839932225709186	0.191140613327225
aligned_OG0000813_pruned_2	-0.0802044171976313	20	0.676052808564345	0.856679054992394	-0.170019378655512
aligned_OG0000816_pruned_1	-0.146924508382318	101	0.0733562513123878	0.297946292406483	-1.13456287030344
aligned_OG0000816_pruned_2	-0.0570613990014551	28	0.721226098500163	0.881735333383358	-0.141928566157166
aligned_OG0000817_pruned_1	0.35456948342555	50	0.00261376226578597	0.0446333010552585	2.58273391612524
aligned_OG0000817_pruned_2	-0.160793970206289	16	0.459336357314789	0.722494711084248	-0.337869178017134
aligned_OG0000818_pruned	0.288675134594813	25	0.0894293590289936	0.329855705719403	1.04851988197463
aligned_OG0000819_pruned	0.170959214844058	24	0.325179480098328	0.614434791772743	0.487876867632821
aligned_OG0000820_pruned_1	0.182286216988974	97	0.0295369003660461	0.180998616465938	1.52963508196087
aligned_OG0000820_pruned_2	-0.350177921528386	34	0.015171085936968	0.127211629718392	-1.81898333156967
aligned_OG0000821_pruned	0.124454776105391	32	0.403317565109483	0.684484086442141	0.394352863377938
aligned_OG0000823_pruned	-0.0290957186981323	21	0.876269663627762	0.95454616287869	-0.0573622232801059
aligned_OG0000824_pruned	0.0667681884478172	50	0.570864848686326	0.79529872897176	0.243466698089056
aligned_OG0000825_pruned_1	-0.118599890665776	36	0.396635352753913	0.678548403054803	-0.401608579032171
aligned_OG0000825_pruned_2	0.317311359481244	23	0.0743529053685636	0.300090634139973	1.12870205658544
aligned_OG0000826_pruned_1	-0.195740073171568	30	0.204084177765573	0.487192425675783	-0.690190663953519
aligned_OG0000826_pruned_2	-0.238165255811233	17	0.256839257957857	0.546318035989236	-0.59033859348718
aligned_OG0000827_pruned_1	-0.161441569947559	67	0.110831164662793	0.365013104573916	-0.955338102983067
aligned_OG0000827_pruned_2	-0.270151895082343	65	0.00861899279131865	0.0926955487645364	-2.06454348251984
aligned_OG0000828_pruned	0.0388773431634392	100	0.637347722761964	0.836136774456089	0.195623561582552
aligned_OG0000829_pruned_1	0.0335489491598399	27	0.836995730048049	0.938422230110218	0.0772767575638494
aligned_OG0000829_pruned_2	0.0220755392844174	19	0.910979292510634	0.967330926587863	0.0404914948717621
aligned_OG0000830_pruned_1	-0.337683707697128	29	0.0314243465217826	0.18692864953031	-1.50273374482529
aligned_OG0000830_pruned_2	0.447213595499958	10	0.117185087198138	0.376810215595963	0.931127652478669
aligned_OG0000830_pruned_3	-0.00844400661841498	34	0.953307346973783	0.98307815789993	-0.0207670599329719
aligned_OG0000831_pruned_1	-0.339683110243379	13	0.164914822553301	0.441450302577422	-0.782740308189302
aligned_OG0000831_pruned_2	-0.169459404487096	38	0.212707919627673	0.499097860164941	-0.672216339967667
aligned_OG0000832_pruned_1	0.228193058772768	37	0.097993790603023	0.344682506947155	1.00880144259608
aligned_OG0000832_pruned_2	0.105550082730187	17	0.615302555690511	0.825550522135087	0.21091128104397
aligned_OG0000832_pruned_3	0.514631947177513	32	0.000548781503877189	0.0170028856584247	3.26060053450874
aligned_OG0000833_pruned_1	-0.331529966079811	48	0.00586712874509935	0.0725272740120006	-2.23157438175593
aligned_OG0000833_pruned_2	0.17376525569973	42	0.178056831810586	0.458182186351966	0.749441358351884
aligned_OG0000836_pruned	0.12011077820905	40	0.364196186148375	0.652569042474914	0.438664606436179
aligned_OG0000838_pruned_1	-0.202794332084359	33	0.166302006177827	0.442275506251791	-0.779102511654176
aligned_OG0000838_pruned_2	-0.22824559600582	28	0.153498488436854	0.428865116772345	-0.813895896843249
aligned_OG0000841_pruned_1	0.461167901884406	38	0.000695641949985107	0.0195817297112214	3.15761423618958
aligned_OG0000841_pruned_2	0	24	1	1	0
aligned_OG0000841_pruned_3	-0.380875031307756	20	0.0472209040035772	0.233964543085418	-1.32586570298353
aligned_OG0000844_pruned	0.110539422071345	33	0.450553137670666	0.717804562263206	0.346253981519018
aligned_OG0000845_pruned_1	-0.0594559891634027	43	0.640840639964234	0.837907522577795	-0.193249954550915
aligned_OG0000845_pruned_2	0.0848528137423857	25	0.617617237985539	0.826023348598955	0.209280591141355
aligned_OG0000846_pruned_1	0	21	1	1	0
aligned_OG0000846_pruned_2	-0.139875721236047	24	0.42082864053497	0.696837780477233	-0.375894710862343
aligned_OG0000846_pruned_3	-0.132063092780368	20	0.491432024910546	0.743118706827349	-0.308536545477534
aligned_OG0000847_pruned_1	0.291287632501768	22	0.109840007507366	0.36387376037098	0.959239446088057
aligned_OG0000847_pruned_2	0.364646449272488	14	0.119794930425918	0.381551569742393	0.921561560366031
aligned_OG0000848_pruned	0.00179252924882635	40	0.989195391403239	1	0.00471791565567079
aligned_OG0000849_pruned_1	-0.14432371363607	43	0.257448774601829	0.546803274644336	-0.589309170975727
aligned_OG0000849_pruned_2	-0.0313112145542575	17	0.881497452191014	0.957794799194564	-0.0547789386125126
aligned_OG0000850_pruned_1	0	14	1	1	0
aligned_OG0000851_pruned_1	0.343526079111579	52	0.00291896287347893	0.0477412310389296	2.53477142880293
aligned_OG0000851_pruned_2	0.128388147753274	28	0.422063522356294	0.697309849393278	0.374622180951358
aligned_OG0000852_pruned_1	0.14056811292892	39	0.294677222132853	0.587013259801595	0.53065343281084
aligned_OG0000853_pruned_1	0.202535372019641	83	0.0255611128335053	0.169037658983426	1.59242024257428
aligned_OG0000853_pruned_2	0.0473779369679134	33	0.746406843167037	0.894554990215255	0.127024387568015
aligned_OG0000856_pruned	0.128141957406415	30	0.405741490886717	0.685589184299417	0.391750579325993
aligned_OG0000858_pruned_1	-0.132268000727928	24	0.446536389881342	0.715595324469439	-0.350143143089686
aligned_OG0000859_pruned_1	-0.181885754737157	50	0.122592661226959	0.38546194001131	-0.911535527240369
aligned_OG0000859_pruned_2	-0.379536057638295	16	0.0807162584311211	0.31198864840915	-1.09303897784621
aligned_OG0000861_pruned	-0.0305479904985959	32	0.837471310044172	0.938422230110218	-0.0770300620259522
aligned_OG0000862_pruned	0.14236993256484	102	0.0811873897678421	0.312930325515965	1.09051142124572
aligned_OG0000863_pruned_1	0.132262802754592	31	0.382514508988695	0.66628902869538	0.417352087165989
aligned_OG0000863_pruned_2	0.238165255811233	17	0.256839257957857	0.546318035989236	0.59033859348718
aligned_OG0000863_pruned_3	-0.1441968187829	19	0.465208818452142	0.725773603417622	-0.332352061422512
aligned_OG0000864_pruned_1	-0.209358097673776	27	0.199183429111562	0.4821324957983	-0.700746795153081
aligned_OG0000864_pruned_2	0.188025358272589	22	0.302028228109777	0.593861066396782	0.519952465190518
aligned_OG0000865_pruned_1	0.186096842079694	25	0.273561411724749	0.564569342054393	0.562945163738955
aligned_OG0000865_pruned_2	-0.51809367167683	20	0.00695050894308373	0.0802007220516527	-2.15798339352783
aligned_OG0000866_pruned	0.0950262193466398	36	0.497035110286488	0.745092163474556	0.303612931860019
aligned_OG0000867_pruned_1	0.134271538882394	40	0.310402256146158	0.602250767205362	0.508075130750621
aligned_OG0000867_pruned_2	0.315603479873587	35	0.0262606341177954	0.171031614439485	1.58069479117364
aligned_OG0000867_pruned_3	0.479839926384036	26	0.0039330874828218	0.056371673154381	2.40526639356375
aligned_OG0000868_pruned	-0.300523349205568	55	0.00735227723116462	0.0839058472102031	-2.13357812543927
aligned_OG0000869_pruned	-0.110940039245046	25	0.513940706238362	0.7542838706151	-0.289086983025907
aligned_OG0000870_pruned_1	0.0164234670435408	56	0.882453874134	0.958560739968278	0.0543079859204339
aligned_OG0000870_pruned_2	0.15342642764843	37	0.265916518562823	0.557322444345398	0.575254683737035
aligned_OG0000871_pruned_1	-0.0222717701593687	28	0.889235607206326	0.961138857942717	-0.0509831553931884
aligned_OG0000872_pruned_1	-0.110096376512636	33	0.452370360677361	0.718166917979166	-0.344505857804835
aligned_OG0000872_pruned_2	-0.34031040676716	22	0.0617614369097211	0.270006325795921	-1.20928260848347
aligned_OG0000872_pruned_3	0.290190500044005	19	0.141644690295137	0.412691072444534	0.848799700838165
aligned_OG0000873_pruned	-0.141653170775884	119	0.0605586673242253	0.267878284804183	-1.21782369064311
aligned_OG0000874_pruned	0.0156053045155643	101	0.849163403988026	0.942438496701501	0.0710087306960191
aligned_OG0000876_pruned_1	-0.209107138817525	45	0.0929130005272528	0.336874456531867	-1.03192351461533
aligned_OG0000876_pruned_2	-0.146140560433379	31	0.334594259585485	0.622555488441876	-0.475481514215624
aligned_OG0000877_pruned_1	0.0508000508000762	31	0.737315677216418	0.889248872919122	0.132346531787668
aligned_OG0000877_pruned_2	0.105679189853496	27	0.51693704426449	0.756242439077708	0.286562344707538
aligned_OG0000878_pruned	-0.280042838629146	23	0.115290617071394	0.374578751850431	-0.938206036330049
aligned_OG0000879_pruned	0.0702377268045571	91	0.416997511090476	0.694773198684154	0.379866537167485
aligned_OG0000880_pruned_1	-0.441510785688348	19	0.0253473186774683	0.16838852854986	-1.59606797499609
aligned_OG0000880_pruned_2	-0.0211244244761958	52	0.85478867801408	0.94469626283915	-0.0681412388577265
aligned_OG0000880_pruned_3	0.394899251839395	19	0.0455002638963584	0.229520975676757	1.34198608447696
aligned_OG0000880_pruned_4	-0.0675242708968142	34	0.639613411070054	0.837907522577795	-0.19408243877718
aligned_OG0000881_pruned	0.101040092574487	111	0.196330696602995	0.479968246553472	0.707011792488379
aligned_OG0000882_pruned_1	-0.301430282244109	32	0.0429601460284251	0.221996325928292	-1.36693425106941
aligned_OG0000882_pruned_2	0.18068630765869	29	0.249609103986738	0.538809334754652	0.602739578688736
aligned_OG0000883_pruned	0.0454003483071333	46	0.712118420158299	0.877018642958825	0.14744778031693
aligned_OG0000884_pruned	-0.0784119948161608	23	0.659243003692631	0.849247754756908	-0.180954470520204
aligned_OG0000885_pruned	0.0339380227338527	35	0.811124146555851	0.927471307656138	0.0909126697865318
aligned_OG0000886_pruned	0.0279317729295392	74	0.771564364626645	0.908875608938133	0.112627838834523
aligned_OG0000887_pruned	0.0281418432921843	80	0.760786029872501	0.902747576964951	0.118737470840607
aligned_OG0000888_pruned_1	0.434248118673448	21	0.0201367515503463	0.149607844936808	1.69601058827826
aligned_OG0000888_pruned_2	0.388922234131299	18	0.0559301792419169	0.256925952719493	1.2523537888668
aligned_OG0000889_pruned_1	0.119392401159142	55	0.286923737152502	0.577895361053214	0.542233521158293
aligned_OG0000889_pruned_2	-0.250185116648838	25	0.141031640520716	0.412224558262278	-0.850683442224038
aligned_OG0000890_pruned_1	-0.126660099276225	33	0.387299118293557	0.670673126395605	-0.411953491706607
aligned_OG0000890_pruned_2	0.0535569541603663	35	0.706081741214071	0.873573688662643	0.151145018915223
aligned_OG0000890_pruned_3	0.198656516523961	43	0.11905172683965	0.379763219412194	0.924264300792557
aligned_OG0000891_pruned_1	-0.243415075516762	58	0.0256406748439206	0.169103037625531	-1.59107054868778
aligned_OG0000891_pruned_2	-0.220755392844174	19	0.263552477282973	0.553483007527351	-0.579132897243489
aligned_OG0000892_pruned	-0.244845363723212	40	0.0643527538425642	0.275663212240234	-1.19143286363077
aligned_OG0000893_pruned	-0.0359151893960671	103	0.658412937285323	0.849247754756908	-0.181501644174241
aligned_OG0000894_pruned_1	-0.296670181314096	32	0.0463564353478717	0.23180561817561	-1.33388996719226
aligned_OG0000894_pruned_2	0.0571661950475029	18	0.778729004587343	0.912658469523185	0.108613649244208
aligned_OG0000895_pruned	-0.243016404571718	45	0.0508554875547238	0.243231059534683	-1.29366217772352
aligned_OG0000897_pruned	0.226174309859971	97	0.00692959694209689	0.0802007220516527	2.15929202526032
aligned_OG0000900_pruned	-0.130120009726471	15	0.563702861650773	0.791118067787062	-0.248949760468112
aligned_OG0000901_pruned_1	0.258892169635083	44	0.039784458570292	0.212740216357575	1.40028654790916
aligned_OG0000901_pruned_2	-0.294525028810891	48	0.0143813686315275	0.123180285893597	-1.84219978148887
aligned_OG0000904_pruned	-0.0266834647479419	33	0.855481080075396	0.944739113077289	-0.067789590926756
aligned_OG0000905_pruned_1	0.116411621952358	23	0.512690760261923	0.753360529862172	0.290144509365569
aligned_OG0000905_pruned_2	-0.0235702260395516	16	0.913626661062859	0.968197736079941	-0.0392312355172983
aligned_OG0000906_pruned_1	-0.261041130808709	30	0.0903246300359385	0.331311653043661	-1.04419380859946
aligned_OG0000906_pruned_2	0.0895358848917089	28	0.575552757276245	0.798513648195186	0.239914861184818
aligned_OG0000907_pruned	-0.0694351989352323	53	0.543498950147018	0.776076849582357	-0.264801290484397
aligned_OG0000909_pruned	0.162680810685962	61	0.125811682517907	0.391970415238716	0.900279029657906
aligned_OG0000911_pruned	0.0251495250502652	44	0.841696632877666	0.939361309623281	0.0748444101718199
aligned_OG0000912_pruned_1	-0.0470256406669971	35	0.740543958567318	0.890634384263073	-0.130449156728743
aligned_OG0000912_pruned_2	0.128388147753274	28	0.422063522356294	0.697309849393278	0.374622180951358
aligned_OG0000915_pruned_1	0.0757409709329841	35	0.593802857207703	0.813044555565946	0.226357717035438
aligned_OG0000915_pruned_2	0.302166093111201	28	0.0588211577753368	0.263717272021076	1.2304664315377
aligned_OG0000915_pruned_3	0.0592348877759092	20	0.757620723683397	0.900522011116002	0.120548154308045
aligned_OG0000915_pruned_4	0.0197449625919697	19	0.920344325445942	0.970401183316091	0.0360496610626423
aligned_OG0000916_pruned	-0.421809223536276	18	0.0381517101734152	0.208076855260401	-1.41848598976072
aligned_OG0000917_pruned_1	0.207869854820774	36	0.137367154681307	0.407069700136181	0.862117097304837
aligned_OG0000917_pruned_2	-0.0973969507115348	23	0.583882420770365	0.805618325872471	-0.233674600065298
aligned_OG0000918_pruned	0.0362440188146375	29	0.817361331385177	0.930453736924284	0.0875859122119937
aligned_OG0000919_pruned_1	0.0880291537476698	47	0.469330961571927	0.729235751430901	0.328520794612774
aligned_OG0000919_pruned_2	0.158859603891643	32	0.286089935171333	0.577461958046649	0.543497420686312
aligned_OG0000920_pruned	0.400426318379622	113	2.3749422401603e-07	0.000115279696337381	6.62434694818004
aligned_OG0000921_pruned_1	0.23543508244112	51	0.043463592025053	0.223487580179669	1.36187438449973
aligned_OG0000921_pruned_2	-0.0101784136092077	27	0.950229341121992	0.981669624070787	-0.0221715635919994
aligned_OG0000922_pruned_1	0.200392924443722	62	0.0572238508776777	0.260567140863272	1.24242291971055
aligned_OG0000922_pruned_2	0.085236904249128	37	0.536532998405367	0.771425110858901	0.270403562449843
aligned_OG0000923_pruned	-0.358685057899314	19	0.069279883221202	0.287914857153865	-1.1593928530408
aligned_OG0000924_pruned_1	-0.296332778606911	39	0.0271662524080086	0.173828281932892	-1.56597026849334
aligned_OG0000924_pruned_2	0.0855920985021826	14	0.715000654688089	0.877895407552104	0.145693560538368
aligned_OG0000925_pruned	0.291964976508653	54	0.00989531152309936	0.100345074094271	2.00457052883168
aligned_OG0000926_pruned	0.101392009685999	55	0.365813121304394	0.653936984094598	0.436740720926597
aligned_OG0000927_pruned	-0.0961127337763693	41	0.461992600363039	0.724859565400628	-0.335364980390273
aligned_OG0000929_pruned_1	0	12	1	1	0
aligned_OG0000929_pruned_2	0.402712464227264	12	0.116031614870982	0.376234080464064	0.935423663416785
aligned_OG0000930_pruned	0.00546268686165521	47	0.96418596031032	0.987013704238098	0.0158391966490582
aligned_OG0000931_pruned_1	0	55	1	1	0
aligned_OG0000931_pruned_2	0.181838729064806	37	0.187323937680926	0.470150151759677	0.72740672161853
aligned_OG0000932_pruned_1	-0.172320632202402	37	0.211474931478731	0.497495630402791	-0.674741107086661
aligned_OG0000932_pruned_2	0.0150970271219279	27	0.926235636313624	0.972999770838645	0.0332785138229813
aligned_OG0000933_pruned	0.0621403287804062	73	0.521260876886359	0.760276531372111	0.282944869720937
aligned_OG0000934_pruned_1	0.0247716605242802	43	0.845884759526936	0.941492025031845	0.0726887997394565
aligned_OG0000934_pruned_2	-0.0304458101471908	49	0.798147895754781	0.9228703873258	-0.0979166269964701
aligned_OG0000935_pruned_1	0.110800834213124	43	0.384626677101564	0.669283524686119	0.414960597070473
aligned_OG0000935_pruned_2	-0.183444361188437	37	0.183459076352776	0.465585756334808	-0.736460797331759
aligned_OG0000936_pruned	-0.207011974621195	26	0.213504292833683	0.4998941548995	-0.670593388389602
aligned_OG0000937_pruned	-0.261435877317399	51	0.0249468195714902	0.167243626638903	-1.60298481399227
aligned_OG0000938_pruned_1	-0.192569217002026	34	0.181762032798084	0.463054359973007	-0.740496828860502
aligned_OG0000938_pruned_2	-0.121566134770966	29	0.438578026081	0.709934772764731	-0.357953131415523
aligned_OG0000939_pruned_1	0.105550082730187	34	0.464214312771032	0.725773603417622	0.333281473398299
aligned_OG0000941_pruned	-0.0909829707188537	42	0.480710247306031	0.736697813225681	-0.318116619912066
aligned_OG0000942_pruned	0.10076115398709	40	0.446526780980854	0.715595324469439	0.350152488660292
aligned_OG0000943_pruned_1	-0.0591862348824634	29	0.706081741214071	0.873573688662643	-0.151145018915223
aligned_OG0000943_pruned_2	-0.0890374084392237	27	0.585052941267812	0.80662194004373	-0.232804832960264
aligned_OG0000946_pruned	-0.0171221609545363	93	0.841428107539405	0.939264159305194	-0.0749829846587215
aligned_OG0000947_pruned_1	0.259626202388627	41	0.0469256610158453	0.233056269008244	1.32858960099725
aligned_OG0000947_pruned_2	0	49	1	1	0
aligned_OG0000947_pruned_3	-0.162650012158089	15	0.47048642205879	0.729629742068168	-0.327452905520533
aligned_OG0000948_pruned_1	0.209131802314338	52	0.0700143455323287	0.290139129095552	1.154812966454
aligned_OG0000948_pruned_2	0.251141997456587	47	0.0389895570405871	0.21068736173817	1.40905169879307
aligned_OG0000949_pruned	-0.0615361654698583	38	0.650895438406477	0.84371901140067	-0.186488772062107
aligned_OG0000950_pruned	0.193924523957124	104	0.0164427054021977	0.133317748366817	1.78402672423022
aligned_OG0000951_pruned	-0.142834826658794	98	0.0864923208342575	0.32328058931942	-1.06302244938319
aligned_OG0000953_pruned_1	0.0685172848206714	57	0.533590659475903	0.769321503295852	0.272791781365829
aligned_OG0000953_pruned_2	-0.273470884714122	40	0.0388299265162045	0.210357659943813	-1.4108334313349
aligned_OG0000955_pruned	0.0492882678269672	121	0.510181054769187	0.752942923241877	0.292275672660697
aligned_OG0000956_pruned	-0.184107400641049	63	0.0781467067445417	0.307977485341023	-1.10708931928023
aligned_OG0000957_pruned_1	-0.0360374985078224	22	0.843190481080196	0.940458439854545	-0.0740743049276377
aligned_OG0000958_pruned	-0.069901951842259	67	0.48995360832176	0.742170953094517	-0.309845039570842
aligned_OG0000959_pruned_1	-0.0252312957193464	34	0.86110827222743	0.947832880387961	-0.0649422387035885
aligned_OG0000959_pruned_2	0.19346033336267	20	0.313499945583588	0.603222279015355	0.503762530216836
aligned_OG0000961_pruned_1	0.0461976947925433	46	0.707293637093819	0.874332044561299	0.15040024887001
aligned_OG0000961_pruned_2	-0.478605309436635	40	0.000299526294847344	0.0114180678156205	-3.52356504570929
aligned_OG0000962_pruned_1	-0.362328650926271	27	0.02628545207496	0.171031614439485	-1.58028454929147
aligned_OG0000962_pruned_2	-0.423659272868162	14	0.0707011448659831	0.291988108774375	-1.15057355360122
aligned_OG0000963_pruned	0.131769105727436	64	0.203710677675621	0.486619896376705	0.690986206473245
aligned_OG0000964_pruned	0.00987681418243266	68	0.921698336268183	0.971044072691164	0.0354111964421785
aligned_OG0000965_pruned	0.0112253313766734	32	0.939914093226748	0.977512668377142	0.0269118384668079
aligned_OG0000966_pruned	-0.0858350551670769	59	0.427244182193295	0.699933693398698	-0.369323842377972
aligned_OG0000967_pruned_1	0.0254160933161816	97	0.76155986766079	0.903156018841594	0.118295950275757
aligned_OG0000967_pruned_2	-0.130088727117598	26	0.434369763656214	0.706105436298481	-0.362140413470516
aligned_OG0000968_pruned_1	-0.189079125635052	61	0.0752008398773998	0.302172911229221	-1.12377730898172
aligned_OG0000968_pruned_2	-0.00532737001650427	30	0.972426565720367	0.990570300372687	-0.0121431851761235
aligned_OG0000969_pruned_1	-0.00566274657152917	45	0.963707519118151	0.987013704238098	-0.016054752514729
aligned_OG0000969_pruned_2	0.110446492738339	35	0.436737771934079	0.708057830650642	0.359779245831918
aligned_OG0000970_pruned	0.314269854272154	76	0.000927576451699421	0.0232300860422041	3.03265028528935
aligned_OG0000971_pruned	0.214437598110694	37	0.119966122905842	0.381929751148857	0.92094137655406
aligned_OG0000972_pruned	-0.0120256255303835	49	0.919538350813888	0.970031691144005	-0.0364301531039675
aligned_OG0000973_pruned_1	-0.358870281282637	33	0.0143058784354297	0.122860627071339	-1.84448546970445
aligned_OG0000973_pruned_2	0.150970271219279	27	0.354539479773501	0.642139789112155	0.450335396889647
aligned_OG0000974_pruned_1	0.173902085910063	32	0.242908260904324	0.532266816990232	0.614557715313612
aligned_OG0000974_pruned_2	-0.211702449609985	17	0.313499945583588	0.603222279015355	-0.503762530216836
aligned_OG0000975_pruned	0.280102740830642	31	0.0644009235023538	0.275663212240234	1.19110790485912
aligned_OG0000976_pruned	0.0106407066344844	24	0.951170269296936	0.982020377373961	0.0217417329079466
aligned_OG0000980_pruned	0.123218848996824	23	0.488350427184481	0.741338938363374	0.311268428045988
aligned_OG0000982_pruned_1	0.25629374439306	39	0.0560514960988376	0.257320897286025	1.25141279094059
aligned_OG0000982_pruned_2	-0.0590484315418469	32	0.691729696013945	0.86716882904452	-0.160063579622524
aligned_OG0000982_pruned_3	-0.149837928457203	34	0.298788882836956	0.59036142630553	-0.524635565532623
aligned_OG0000983_pruned	0.179930632119804	40	0.174045804738272	0.453754174105247	0.759336440641556
aligned_OG0000984_pruned	-0.0781345384897492	14	0.738882680363527	0.889941118992976	-0.131424513317679
aligned_OG0000985_pruned_1	-0.217613153903744	26	0.190977693467857	0.474570099107431	-0.719017356153123
aligned_OG0000985_pruned_2	-0.0970096849602985	23	0.585378928460961	0.806765848594408	-0.232562914662449
aligned_OG0000986_pruned	0.340889327490372	23	0.0552342537180639	0.254909494280234	1.25779150946244
aligned_OG0000988_pruned	0.0872692013156213	35	0.538878454357215	0.77309174188303	0.268509180183579
aligned_OG0000990_pruned_1	-0.110953786986464	44	0.378245176979507	0.662976199708182	-0.422226600977057
aligned_OG0000990_pruned_2	0.133184250412607	30	0.387518451139447	0.670673126395605	0.411707614351802
aligned_OG0000991_pruned_1	0.150294266192224	40	0.256197333255954	0.546229219161524	0.591425395115342
aligned_OG0000993_pruned_1	0.129091310831744	32	0.386026878782775	0.670106646564582	0.413382454653044
aligned_OG0000994_pruned	-0.0235072155511649	80	0.79925634126939	0.923418822720157	-0.097313909366716
aligned_OG0000995_pruned	-0.152069139292044	22	0.403872165737719	0.684565107794119	-0.393756076721221
aligned_OG0000998_pruned_1	-0.143222974807887	27	0.379775474840949	0.663263428236256	-0.420473084583601
aligned_OG0000998_pruned_2	0.325395686727984	18	0.109744638747013	0.36387376037098	0.959616686752902
aligned_OG0000999_pruned	-0.0834872925825218	38	0.539254571086942	0.77309174188303	-0.26820616483567
aligned_OG0001000_pruned_1	-0.238956933199155	34	0.0975154923168222	0.343839159611258	-1.0109263823197
aligned_OG0001000_pruned_2	0.194336900433961	29	0.215612859418794	0.502039408195791	0.666325340850429
aligned_OG0001001_pruned_1	-0.121783800361149	31	0.421348232697488	0.69697050585003	-0.375358823343164
aligned_OG0001001_pruned_2	0.0184164873369943	28	0.908315639943751	0.966595465423919	0.0417632077946733
aligned_OG0001003_pruned	-0.131040898851149	34	0.363514722736444	0.652442046232806	-0.439477995056078
aligned_OG0001004_pruned	-0.0624709904090273	73	0.519046399308165	0.758405701551147	-0.284793817367742
aligned_OG0001006_pruned	-0.0051162665258447	58	0.962588506766508	0.986433063725115	-0.0165593280707561
aligned_OG0001007_pruned_1	0.13696759411033	38	0.31382965145454	0.603537689445458	0.50330602552053
aligned_OG0001007_pruned_2	0.36430604443135	31	0.0161569312611813	0.131586819365393	1.79164112270084
aligned_OG0001008_pruned_1	0.338591164552388	29	0.0309714316508462	0.185294160928358	1.50903871896701
aligned_OG0001008_pruned_2	-0.0922596101895597	27	0.571544057890823	0.79529872897176	-0.242950286071207
aligned_OG0001008_pruned_3	0.175050302542972	27	0.283051287051885	0.574912417307002	0.548134866010758
aligned_OG0001009_pruned	0.0176354683797173	54	0.876185398117178	0.95454616287869	0.05740398874056
aligned_OG0001010_pruned	0.276431064503712	83	0.00230779976508424	0.0411840443372019	2.63680187519198
aligned_OG0001011_pruned_1	-0.154625089833675	35	0.276242409444738	0.566409738993843	-0.55870964663373
aligned_OG0001011_pruned_2	0.242535625036333	17	0.248213078989924	0.536910109365904	0.605175338133423
aligned_OG0001012_pruned_1	-0.335143622964643	43	0.00854558053412826	0.0923808669727039	-2.06825842864782
aligned_OG0001012_pruned_2	0.0722089108598375	32	0.627760662991036	0.829678117525544	0.202205901731188
aligned_OG0001013_pruned	-0.281062143299938	82	0.00207456170490336	0.0391318232471537	-2.68307364316786
aligned_OG0001014_pruned_1	-0.0148439203291646	62	0.887981298849819	0.960396886055486	-0.0515961804960072
aligned_OG0001014_pruned_2	0.466280352306184	51	6.35865336763856e-05	0.00395703890339969	4.19663484927727
aligned_OG0001015_pruned_1	0.337567800896383	33	0.0212176796521742	0.153389486242635	1.67330211192178
aligned_OG0001015_pruned_2	-0.0050335853880431	24	0.976889894467819	0.992567027856572	-0.0101543829749368
aligned_OG0001016_pruned_1	0.0370791006928841	33	0.800202117165679	0.923431527511265	0.0968003039040907
aligned_OG0001016_pruned_2	0.0510753918455249	25	0.763794840443074	0.904595475194665	0.11702327968183
aligned_OG0001017_pruned	-0.391739300779829	38	0.00396750557471103	0.0565311312905499	-2.40148245434891
aligned_OG0001018_pruned_1	0.0626160569457807	28	0.69538672973416	0.868756139189159	0.157773601340735
aligned_OG0001018_pruned_2	0.215339192303527	32	0.148177871896285	0.421768211601584	0.829216646767383
aligned_OG0001019_pruned_1	0.17956125877227	88	0.0413811819832552	0.216936964571476	1.38319710860808
aligned_OG0001019_pruned_2	0.0540293932315405	29	0.730646863184221	0.887379451350177	0.136292475883201
aligned_OG0001020_pruned_1	0.00977122240081099	49	0.934584474295938	0.974990952588015	0.0293814379314445
aligned_OG0001020_pruned_2	-0.299978945087848	35	0.0346594608337925	0.198392715668902	-1.46017819750006
aligned_OG0001021_pruned_1	-0.216253650996831	41	0.097918036775561	0.344582516076781	-1.00913730257278
aligned_OG0001021_pruned_2	-0.2724020898428	25	0.109006789815442	0.362575804772149	-0.962546449880101
aligned_OG0001022_pruned	0.183591591394217	54	0.104802519674124	0.354255870820473	0.979628275869336
aligned_OG0001023_pruned_1	-0.0712736132960044	48	0.553645898291171	0.783400571861758	-0.256767913225605
aligned_OG0001023_pruned_2	-0.114142311177029	43	0.370454601038594	0.658033654589413	-0.431265006919461
aligned_OG0001024_pruned	0.0309523809523809	49	0.794863773596479	0.921120982899246	0.099707295802362
aligned_OG0001025_pruned	0.00924500327042049	26	0.955695871316436	0.983870745966232	0.0196802901745257
aligned_OG0001026_pruned	-0.0390979770823211	102	0.6320119357289	0.831974112631408	-0.199274719862787
aligned_OG0001027_pruned	-0.0809952469235885	60	0.449836957775144	0.717472703080137	-0.34694486660059
aligned_OG0001028_pruned	-0.296981537894543	24	0.0874272224927506	0.325771549114492	-1.0583533186519
aligned_OG0001029_pruned	-0.118897816348474	91	0.169460528513252	0.447206273325475	-0.770931443450021
aligned_OG0001030_pruned	-0.165627196728544	43	0.193737983729754	0.475735605282443	-0.712785224365884
aligned_OG0001031_pruned	0.156571428571429	50	0.183816555380381	0.465843487547705	0.735615376592142
aligned_OG0001032_pruned_1	0.0120124995026075	22	0.947427149084497	0.980351762138678	0.0234541744648814
aligned_OG0001032_pruned_2	-0.228664780190012	18	0.261054189579657	0.54999964770288	-0.583269332536674
aligned_OG0001033_pruned	-0.0624695047554424	81	0.496419832632364	0.745092163474556	-0.304150876184709
aligned_OG0001034_pruned	-0.227748147693416	53	0.0462936594153613	0.231698908987571	-1.33447848780473
aligned_OG0001035_pruned	-0.122975576185608	79	0.186219956190143	0.468996022490638	-0.729973779859231
aligned_OG0001036_pruned	-0.0378765919433746	46	0.758189131690535	0.900522011116002	-0.120222445286342
aligned_OG0001037_pruned_1	-0.0764470787156438	45	0.539036084606369	0.77309174188303	-0.268382160934089
aligned_OG0001037_pruned_2	0.292914950373158	34	0.0422361869593672	0.220080174372312	1.37431529637515
aligned_OG0001038_pruned	0.167170372392939	44	0.184318362972676	0.466303683392651	0.734431395435109
aligned_OG0001039_pruned_1	0.100272578593678	33	0.493712356595713	0.744710931919078	0.30652600315483
aligned_OG0001039_pruned_2	-0.0970096849602985	23	0.585378928460961	0.806765848594408	-0.232562914662449
aligned_OG0001040_pruned_1	0.0359914249397924	51	0.75756247304732	0.900522011116002	0.120581546877184
aligned_OG0001040_pruned_2	-0.211702449609985	17	0.313499945583588	0.603222279015355	-0.503762530216836
aligned_OG0001040_pruned_3	0.0240512510607669	49	0.839892873271269	0.939264159305194	0.0757761038358381
aligned_OG0001041_pruned	0.0988657478109864	20	0.606497988802077	0.821398465377926	0.21717063495175
aligned_OG0001042_pruned	-0.12264587995154	61	0.248459336836461	0.53712364355887	-0.604744678289096
aligned_OG0001043_pruned_1	-0.0908174024430905	32	0.541969973665359	0.775400501397206	-0.26602477366949
aligned_OG0001043_pruned_2	-0.313647979264643	23	0.0777598964393295	0.307700981508021	-1.10924432647501
aligned_OG0001043_pruned_3	0.0129618961841303	32	0.930640648939811	0.974275248375257	0.0312179820792307
aligned_OG0001044_pruned	-0.0298247094562828	113	0.700331370650411	0.870452835388467	-0.154696419424929
aligned_OG0001045_pruned	-0.071731602670573	91	0.40715876897686	0.686073361934857	-0.390236207371815
aligned_OG0001046_pruned	-0.148674447390952	125	0.0434262579988737	0.223466920027263	-1.36224759178574
aligned_OG0001047_pruned	0.599886610600896	15	0.0077739565522673	0.0869898605254252	2.10935789091896
aligned_OG0001048_pruned_1	0.00804238359164164	68	0.936206813782013	0.975321478201007	0.0286282023699091
aligned_OG0001048_pruned_2	0.1258085593494	27	0.440400698139003	0.711610149596677	0.35615200124053
aligned_OG0001049_pruned_1	-0.121118476539876	56	0.275528008920353	0.566176874741625	-0.559834246172421
aligned_OG0001049_pruned_2	0	29	1	1	0
aligned_OG0001050_pruned_1	0.328165061656947	14	0.161513318467542	0.436423159830753	0.791791659720042
aligned_OG0001050_pruned_2	0.212208919882711	31	0.161177789449806	0.436423159830753	0.792694804863248
aligned_OG0001051_pruned	-0.117854411999187	57	0.284258749303021	0.576342859937692	-0.546286159127317
aligned_OG0001052_pruned	-0.113140705550355	32	0.447411702009319	0.715769729201273	-0.349292661161131
aligned_OG0001057_pruned	0.417312424765841	15	0.0640775064510595	0.274925353252896	1.19329439698025
aligned_OG0001059_pruned	0.145155652080906	46	0.238071737119875	0.527740456105391	0.623292159158059
aligned_OG0001062_pruned_1	0.342231783617972	48	0.00445438277943411	0.0614364999154393	2.35121246537717
aligned_OG0001062_pruned_2	-0.0204980015422697	17	0.922257859652062	0.971352448448816	-0.0351476349474855
aligned_OG0001063_pruned_1	-0.240643181220165	30	0.118443140952773	0.37826459118994	-0.926490084224565
aligned_OG0001063_pruned_2	0.513162517230404	24	0.00314448035206713	0.0498800902906335	2.50245111456733
aligned_OG0001064_pruned	0.202938234413685	70	0.0403644137080893	0.214051927318717	1.39400135124921
aligned_OG0001066_pruned	-0.199106613612733	29	0.204558752720553	0.48784548921007	-0.689181933046997
aligned_OG0001067_pruned_1	0.252380952380952	49	0.0340060452952656	0.195575051970639	1.46844387104604
aligned_OG0001067_pruned_2	-0.121716123890037	10	0.669815357599417	0.853923654790078	-0.17404489913085
aligned_OG0001068_pruned_1	0.150925310530864	42	0.242104843547336	0.532266816990232	0.615996521979832
aligned_OG0001068_pruned_2	-0.131558702896054	16	0.544909587792251	0.777633615977142	-0.263675550531136
aligned_OG0001069_pruned_1	-0.213808993529939	36	0.126484013679718	0.39284037678594	-0.897964361519107
aligned_OG0001069_pruned_2	0.187276436766925	25	0.270532137431646	0.56126781169911	0.567781136175943
aligned_OG0001070_pruned_1	-0.218815529732876	55	0.0509765446721077	0.243231059534683	-1.29262960552219
aligned_OG0001070_pruned_2	-0.396189076277502	53	0.000527287234719333	0.0164771603261436	-3.27795274252793
aligned_OG0001070_pruned_3	-0.040291148201269	22	0.82496556883499	0.934963698621976	-0.0835641769979699
aligned_OG0001071_pruned	0.51703507359295	22	0.00453875982822346	0.0621178765212313	2.34306279765744
aligned_OG0001072_pruned_1	-0.579655069847578	15	0.0101123339213335	0.101382954573712	-1.99514859790286
aligned_OG0001072_pruned_2	-0.308606699924184	21	0.0986476104292992	0.345920438911252	-1.00591343033007
aligned_OG0001074_pruned_1	-0.100102421564633	46	0.415857479397251	0.693508545004899	-0.381055483114721
aligned_OG0001074_pruned_2	-0.131468439624436	21	0.481727716316626	0.737409603743429	-0.317198365732305
aligned_OG0001076_pruned	-0.0815368822681018	28	0.610140755643174	0.823261808059596	-0.21456996441956
aligned_OG0001077_pruned_1	-0.0950146187582615	40	0.472877579648154	0.731714135153386	-0.325251276523619
aligned_OG0001077_pruned_2	0.423137508004668	82	3.55323863766423e-06	0.000582903223167938	5.44937562405009
aligned_OG0001078_pruned_1	0.130721746404001	22	0.473036455729568	0.731714135153386	0.325105387989285
aligned_OG0001078_pruned_2	-0.230066083833326	21	0.218266169067196	0.505469458326418	-0.661013574075744
aligned_OG0001079_pruned_1	0.0754851356096397	13	0.757620723683397	0.900522011116002	0.120548154308045
aligned_OG0001079_pruned_2	0.218673460440084	29	0.163515071079141	0.439805405440423	0.786442212515251
aligned_OG0001080_pruned	-0.0788117983895897	108	0.320288609203013	0.609997740938305	-0.494458506382204
aligned_OG0001081_pruned_1	-0.065680324673369	52	0.5693405985459	0.79529872897176	-0.24462784640837
aligned_OG0001081_pruned_2	-0.025628391481283	30	0.86793487444457	0.951031924139442	-0.0615128609185093
aligned_OG0001082_pruned_1	0.235712089923874	52	0.0411419356963467	0.216441064888078	1.38571527894014
aligned_OG0001082_pruned_2	-0.349499070930057	18	0.0858309584442857	0.321799798369127	-1.06635603783345
aligned_OG0001084_pruned	-0.0722948853260781	95	0.393120847679992	0.676008501397037	-0.405473924400966
aligned_OG0001085_pruned	-0.0924716990757848	38	0.496498600545536	0.745092163474556	-0.304081971289864
aligned_OG0001086_pruned	0.130828316467802	50	0.266754143890807	0.557953726420271	0.573888825305808
aligned_OG0001088_pruned_1	-0.448726695359302	47	0.000225693167609472	0.00944409168600326	-3.64648158808404
aligned_OG0001088_pruned_2	0.0693745935094321	34	0.630466581587964	0.830931698371131	0.200337928625528
aligned_OG0001089_pruned	0.234471952580397	44	0.0625963448235217	0.272247600237886	1.20345102572441
aligned_OG0001090_pruned	-0.125061079896144	31	0.408961342036874	0.687837267583849	-0.388317742685929
aligned_OG0001091_pruned_1	-0.108886301469604	42	0.398714173860845	0.681612809244672	-0.399338325360585
aligned_OG0001091_pruned_2	0.15062893357603	21	0.420208290973085	0.696837780477233	0.376535382943065
aligned_OG0001092_pruned_1	-0.0181560279304415	80	0.844282577988943	0.940661277786916	-0.0735121724244362
aligned_OG0001092_pruned_2	0.0428983099685726	45	0.730320987299072	0.88727967771142	0.136486218820126
aligned_OG0001093_pruned_1	-0.0237203654075886	78	0.800031468879459	0.923431527511265	-0.0968929298931699
aligned_OG0001093_pruned_2	0.372677996249965	36	0.0077316778923166	0.086740133642461	2.11172624731076
aligned_OG0001094_pruned	0.135332709467688	115	0.0780591160195566	0.30791568230855	1.10757637119469
aligned_OG0001095_pruned_1	-0.30403449605253	34	0.0350056820770932	0.198687007539921	-1.45586145580858
aligned_OG0001095_pruned_2	0.0871500597522802	23	0.62406453246517	0.828199719222812	0.204770499028419
aligned_OG0001096_pruned	0.131171182075642	49	0.270532137431646	0.56126781169911	0.567781136175942
aligned_OG0001097_pruned	-0.0855345704805593	95	0.312321421676216	0.603026324907061	-0.505398227115572
aligned_OG0001098_pruned	0.0456558647034432	38	0.737067246614641	0.889096524619152	0.1324928873087
aligned_OG0001099_pruned_3	-0.0397841596688574	27	0.807250167932007	0.926041984041743	-0.0929918559646422
aligned_OG0001100_pruned_1	0.313280565037837	36	0.0251527631230037	0.168004029749699	1.59941429915047
aligned_OG0001100_pruned_2	-0.291029054880896	23	0.101706930031093	0.349470579309292	-0.992649454434921
aligned_OG0001101_pruned_1	0.0579066024143586	36	0.678973379677151	0.858562899866157	0.168147252650209
aligned_OG0001101_pruned_2	0.220367585887079	26	0.18542189470596	0.468281933872387	0.731838985463581
aligned_OG0001102_pruned	0.403253555628517	29	0.0101858261526925	0.101382954573712	1.99200374044834
aligned_OG0001103_pruned	0.311585340360254	122	2.90690764529477e-05	0.00237097150070648	4.53656876588214
aligned_OG0001104_pruned_1	-0.123600434257646	51	0.289113309516823	0.58021885517971	-0.538931914843828
aligned_OG0001104_pruned_2	0.0284267621807481	25	0.867174601424439	0.951031924139442	0.0618934506197423
aligned_OG0001105_pruned	-0.255376959227625	25	0.132966410552238	0.402030539271326	-0.876258054929176
aligned_OG0001106_pruned_1	-0.0887892776128947	56	0.424079915264244	0.698004047686339	-0.372552295558359
aligned_OG0001106_pruned_2	-0.0384820016972271	49	0.746506815073189	0.894554990215255	-0.126966223122921
aligned_OG0001108_pruned_1	-0.0863667034175061	40	0.514096280300079	0.754360140440322	-0.288955538422392
aligned_OG0001108_pruned_2	0.162328251185891	46	0.187035925856154	0.470075449140027	0.728074966177217
aligned_OG0001109_pruned_1	-0.020348923188912	24	0.90677446334059	0.966478040464662	-0.0425007190113688
aligned_OG0001109_pruned_2	-0.469276272807629	37	0.000667026893821934	0.0192723127536409	-3.17585665543427
aligned_OG0001110_pruned	-0.0757652122250875	124	0.305363187666221	0.597293408968007	-0.515183319463778
aligned_OG0001111_pruned_1	0.64007575309253	11	0.0176220909623244	0.138709669509929	1.75394256133135
aligned_OG0001111_pruned_2	0.162579403864988	31	0.283073893152809	0.574912417307002	0.548100182144937
aligned_OG0001111_pruned_3	0.349499070930057	18	0.0858309584442857	0.321799798369127	1.06635603783345
aligned_OG0001112_pruned_1	-0.0675877674752788	44	0.591443739902024	0.811511586770065	-0.228086560608597
aligned_OG0001112_pruned_2	-0.165275221660255	38	0.224219432946833	0.513108303315693	-0.649326750100377
aligned_OG0001113_pruned	0.144412712367469	48	0.230095004546791	0.520359858937772	0.638092809933327
aligned_OG0001114_pruned_1	-0.288123966938208	57	0.00884892851075903	0.0944707455818717	-2.05310931348715
aligned_OG0001114_pruned_2	0.0261837529946155	66	0.797482047390273	0.922393453065699	0.0982790848314059
aligned_OG0001115_pruned	-0.11800571319267	104	0.144348803399342	0.416403976842554	-0.840586811916388
aligned_OG0001116_pruned	0.188563404992083	121	0.0117536995535346	0.109698294808565	1.92982541485607
aligned_OG0001117_pruned_1	0.200082695889413	31	0.186482269574586	0.469169801234471	0.729362453892666
aligned_OG0001117_pruned_2	-0.324442842261525	19	0.100348246462291	0.347320265995916	-0.998490212198965
aligned_OG0001117_pruned_3	0.317820863081864	11	0.238592829316435	0.527740456105391	0.62234261278261
aligned_OG0001118_pruned_1	-0.139993983858889	28	0.381344942871229	0.66568509447265	-0.418682008545444
aligned_OG0001118_pruned_2	-0.184482013880427	17	0.379775474840949	0.663263428236256	-0.420473084583601
aligned_OG0001119_pruned	0.102742136032582	29	0.512690760261923	0.753360529862172	0.290144509365569
aligned_OG0001120_pruned_1	-0.156207782967735	35	0.271356573571598	0.56209024528444	-0.566459653239501
aligned_OG0001120_pruned_2	0.233856894993725	34	0.104877439548968	0.354344611302103	0.979317923943147
aligned_OG0001120_pruned_3	-0.353583999951419	25	0.0374974908157199	0.205277617014479	-1.42599779257485
aligned_OG0001121_pruned_1	-0.238904284338429	37	0.0832153520188172	0.316392155639169	-1.07979654531972
aligned_OG0001121_pruned_2	-0.0202113020863611	17	0.923341840180906	0.971507368418345	-0.0346374844350617
aligned_OG0001122_pruned	-0.199185270266239	90	0.022093865750694	0.157095152862113	-1.65572828922995
aligned_OG0001123_pruned	-0.0170806712097781	41	0.89599542881846	0.963337444030752	-0.0476942060119625
aligned_OG0001124_pruned_1	0.160177446758019	30	0.298682092906558	0.590341179478659	0.524790814171877
aligned_OG0001125_pruned	0.184620670345983	80	0.0457932620578573	0.230422073975991	1.33919841864162
aligned_OG0001126_pruned	-0.0482804549585268	13	0.843525869092694	0.940458439854545	-0.0739015940091372
aligned_OG0001127_pruned	-0.0514510895174125	102	0.528559973644246	0.765958483925414	-0.276905727855102
aligned_OG0001128_pruned	0.169501817603279	107	0.0333853258337788	0.193533883276866	1.47644438078675
aligned_OG0001129_pruned_1	-0.0263528018541044	57	0.81076733729525	0.927471307656138	-0.0911037556847112
aligned_OG0001129_pruned_2	0.235504107976803	22	0.196111297528975	0.479639354151316	0.707497386887211
aligned_OG0001130_pruned_1	-0.260528342296425	66	0.0106725547651361	0.103886191503952	-1.97173160798006
aligned_OG0001130_pruned_2	-0.19047619047619	49	0.109598583399116	0.36387376037098	-0.960195059226859
aligned_OG0001131_pruned_1	0.0661681982918304	23	0.709815266565717	0.875960162011015	0.14885466416855
aligned_OG0001131_pruned_2	0.186050863859825	23	0.295432850439315	0.587286051833441	0.529541215282356
aligned_OG0001132_pruned	0.379621180503998	115	7.70292621405884e-07	0.00022434002305825	6.11334426220378
aligned_OG0001133_pruned	-0.15275647267978	47	0.20925980426642	0.494842687516662	-0.679314185238851
aligned_OG0001134_pruned_1	0.203433498555654	64	0.049724267212611	0.240081160195637	1.30343160836169
aligned_OG0001135_pruned_1	0.082850968233101	47	0.495868184540851	0.745092163474556	0.304633755636303
aligned_OG0001135_pruned_2	0.223540356863725	34	0.121113867656852	0.383837931391712	0.916806126864914
aligned_OG0001136_pruned_1	-0.196930279942793	24	0.25707429868483	0.546374296894556	-0.589941340305026
aligned_OG0001136_pruned_2	0.330759292237889	13	0.176296374440511	0.454841732495957	0.753756618935336
aligned_OG0001137_pruned_1	-0.0362977004320314	24	0.834531622710929	0.938003500163454	-0.0785572020540521
aligned_OG0001137_pruned_2	-0.398409536444798	15	0.0770998717435418	0.306560072972561	-1.11294634440194
aligned_OG0001137_pruned_3	0.11749092789864	36	0.401065531261771	0.682657867224814	0.396784660945448
aligned_OG0001138_pruned	-0.20111043677824	83	0.0266158102343763	0.172564304823236	-1.57486030856458
aligned_OG0001139_pruned_1	-0.243120562732825	62	0.0210517952777284	0.152972177063015	-1.67671086201526
aligned_OG0001139_pruned_2	-0.11352269576001	26	0.495121029417684	0.744829796526892	-0.305288627362514
aligned_OG0001140_pruned	0.125746038445919	93	0.14175058945811	0.412834416737798	0.848475126453595
aligned_OG0001141_pruned	0.227710017021324	15	0.312321421676216	0.603026324907061	0.505398227115572
aligned_OG0001142_pruned	-0.0545721121884458	56	0.623208232575248	0.828176517864643	-0.205366818271329
aligned_OG0001143_pruned	-0.204450187992649	94	0.0163047866338878	0.132530434137721	-1.78768488004303
aligned_OG0001144_pruned	0.290190500044005	20	0.130570018115736	0.398274110557468	0.88415653563166
aligned_OG0001145_pruned_1	-0.218883369246853	23	0.218354690565902	0.50551367313524	-0.660837474386066
aligned_OG0001145_pruned_2	-0.189974276058391	20	0.322299595871919	0.611588052526308	-0.491740239044617
aligned_OG0001146_pruned	0.0345999530738455	45	0.780997605701077	0.914232605862087	0.107350297534229
aligned_OG0001147_pruned	0.188065103354877	117	0.0135031838711884	0.119236995917231	1.86956381856723
aligned_OG0001149_pruned	0.19414506867883	26	0.243345009148762	0.532266816990232	0.613777556432512
aligned_OG0001150_pruned	-0.346717637585861	22	0.0570177656075743	0.259953883148872	-1.24398980567465
aligned_OG0001151_pruned_1	-0.107804933390945	35	0.44778489364887	0.715769729201273	-0.348930561752075
aligned_OG0001151_pruned_2	0.0403786426543624	24	0.816243657512388	0.93042695836439	0.0881801803178782
aligned_OG0001152_pruned_1	0.49043474645078	37	0.000376245991664039	0.0132963911220433	3.4245281181289
aligned_OG0001152_pruned_2	0.0406234044939959	87	0.646403549318713	0.841339430806829	0.189496267571806
aligned_OG0001153_pruned_1	0.0354141810173154	36	0.800184139706444	0.923431527511265	0.096810060937821
aligned_OG0001153_pruned_2	0.263109920978197	31	0.0823522150528067	0.314801261920532	1.08432471498514
aligned_OG0001159_pruned	-0.336210699426122	32	0.0239676798225893	0.163857912477251	-1.62037400555821
aligned_OG0001160_pruned	-0.0773492468153762	28	0.628608651143499	0.829900197457083	-0.20161964635689
aligned_OG0001161_pruned	0.397229328241619	38	0.00348791319260114	0.0529893761836909	2.45743433235284
aligned_OG0001162_pruned	-0.0969907101873339	101	0.237185297742457	0.526187127624263	-0.624912234815419
aligned_OG0001163_pruned	-0.083880078964652	109	0.28789297451982	0.579088276286963	-0.540768933122971
aligned_OG0001165_pruned_1	-0.0197514608520081	49	0.868225990352435	0.951031924139442	-0.0613672176937039
aligned_OG0001165_pruned_2	-0.0639284401980512	30	0.678302465597232	0.857863514332717	-0.168576604292303
aligned_OG0001165_pruned_3	-0.168415071664137	26	0.31151480355771	0.602907837507625	-0.506521310318892
aligned_OG0001165_pruned_4	-0.0202030508910442	36	0.88518991877493	0.958944769915231	-0.0529635407969144
aligned_OG0001166_pruned_1	-0.117155837225801	64	0.258438179174945	0.547289265117938	-0.587643327440952
aligned_OG0001166_pruned_2	-0.185239643408737	17	0.377821637100064	0.662875214190477	-0.422713174513479
aligned_OG0001167_pruned	-0.210115159746452	33	0.151528575776475	0.427070837533885	-0.819505458701101
aligned_OG0001169_pruned_1	-0.166941754478027	52	0.148092103076447	0.421688933320145	-0.829468099356995
aligned_OG0001169_pruned_2	0.278524249529117	66	0.00634101531835675	0.0763773836740186	2.19784119766152
aligned_OG0001171_pruned	0.0397033333588372	29	0.800281958329362	0.923431527511265	0.0967569737924379
aligned_OG0001172_pruned	0.178404537447278	133	0.0123846761977285	0.113282446476961	1.9071153437312
aligned_OG0001174_pruned	0.0571136765349531	123	0.44159785735095	0.711658698400236	0.354973042486549
aligned_OG0001175_pruned	0.0165281157819779	89	0.850221604879555	0.942438496701501	0.0704678634235205
aligned_OG0001176_pruned	-0.230357809927915	47	0.0582969188145027	0.262986286176204	-1.23435439853809
aligned_OG0001177_pruned_1	-0.169867264870427	61	0.109942074260676	0.36387376037098	-0.95883607352394
aligned_OG0001177_pruned_2	-0.472616833854375	29	0.00260023727829412	0.0445750554878688	-2.58498701973997
aligned_OG0001177_pruned_3	0.129550055126259	33	0.376560543363003	0.662415394111144	0.424165188030054
aligned_OG0001178_pruned	0.117396981571296	129	0.105139580078615	0.355065529940816	0.978233761861101
aligned_OG0001179_pruned	0.0338513354333148	28	0.832355358279734	0.937413668002281	0.0796912203545408
aligned_OG0001180_pruned_1	-0.145095250022002	20	0.449691797968891	0.717398330633544	-0.347085033555776
aligned_OG0001180_pruned_2	0.272352389700961	14	0.245278116806773	0.534691607326381	0.610341196897587
aligned_OG0001181_pruned	0.0544447757984907	134	0.443587713443018	0.71303399735652	0.353020491507992
aligned_OG0001182_pruned_1	-0.323875137815648	40	0.01441417436909	0.123180285893597	-1.84121022855967
aligned_OG0001183_pruned	0.00113707048722992	100	0.988999403647684	1	0.00480397027602416
aligned_OG0001184_pruned	-0.0202392246906305	31	0.893694669323233	0.962816867457555	-0.048810832521162
aligned_OG0001185_pruned	-0.169344192575878	55	0.130934141588128	0.39838897582235	-0.88294709470215
aligned_OG0001186_pruned	0.354841794914666	134	5.934185205464e-07	0.000214361290197683	6.22663890351027
aligned_OG0001189_pruned_1	0.0659994447813088	64	0.524363591980189	0.76220629131718	0.280367470206624
aligned_OG0001189_pruned_2	-0.217869577340001	22	0.231730830336291	0.520603679125199	-0.635016182204
aligned_OG0001190_pruned	0.247312641086542	101	0.00257772973279344	0.0444750004371305	2.58876261906542
aligned_OG0001191_pruned_1	0.0101784136092077	27	0.950229341121992	0.981669624070787	0.0221715635919994
aligned_OG0001191_pruned_2	-0.0895459591432136	30	0.561245620663596	0.789343126144803	-0.250847034726357
aligned_OG0001192_pruned	0.412160204688608	59	0.000137733460744515	0.00691611950124699	3.86096054012512
aligned_OG0001193_pruned_1	0.0962882668037072	39	0.472870776495609	0.731714135153386	0.325257524637275
aligned_OG0001193_pruned_2	-0.130693325543483	23	0.462358730089593	0.724859565400628	-0.335020937767127
aligned_OG0001193_pruned_3	0.226522465574584	41	0.0829853311439685	0.31568244308215	1.08099866866302
aligned_OG0001194_pruned_1	-0.356722535420098	40	0.00704046556356067	0.0808543056282101	-2.15239862139765
aligned_OG0001194_pruned_2	0.171184197004365	14	0.465208818452142	0.725773603417622	0.332352061422512
aligned_OG0001196_pruned	-0.206899664606204	44	0.100365587097295	0.347320265995916	-0.998415170613835
aligned_OG0001198_pruned	0.00238523776786512	138	0.972821481261436	0.990783774662822	0.0119668481347611
aligned_OG0001199_pruned	-0.353100986837152	40	0.00764032187690643	0.0859801910135329	-2.11688834477252
aligned_OG0001200_pruned	-0.042328318821981	92	0.622811687965754	0.828102976639637	-0.205643245860819
aligned_OG0001201_pruned	-0.0127865729541727	87	0.885184587140629	0.958944769915231	-0.0529661566268973
aligned_OG0001202_pruned_1	-0.0124315958931776	35	0.930244182236217	0.974275248375257	-0.0314030373834062
aligned_OG0001202_pruned_2	-0.186189867250253	40	0.159544659377869	0.436216547101113	-0.797117728866529
aligned_OG0001202_pruned_3	-0.28382995007476	26	0.0880815116621903	0.326878116406184	-1.05511524057452
aligned_OG0001203_pruned_1	0.335757232617048	24	0.0533246910558794	0.24936228360813	1.2730716520176
aligned_OG0001203_pruned_2	0.171498585142509	18	0.399269143171066	0.681612809244672	0.398734252210763
aligned_OG0001204_pruned_1	0.0153347902076079	28	0.923605823951625	0.971507368418345	0.0345133372294399
aligned_OG0001204_pruned_2	-0.342997170285018	17	0.102470434859749	0.350275697752975	-0.98940142074879
aligned_OG0001204_pruned_3	-0.227710017021324	15	0.312321421676216	0.603026324907061	-0.505398227115572
aligned_OG0001205_pruned_1	0.100731146153017	42	0.434970953596289	0.706594862505775	0.361539743307506
aligned_OG0001205_pruned_2	0.138466093651246	59	0.200292803649734	0.483016562940116	0.698334654257873
aligned_OG0001206_pruned	0.0522714158975811	89	0.550369104696858	0.781711708016227	0.25934595347216
aligned_OG0001207_pruned_1	0.0734253251620267	32	0.621977731148727	0.827775885848558	0.206225164203643
aligned_OG0001207_pruned_2	0.137571718037043	22	0.450160410886803	0.71760988469593	0.346632701448808
aligned_OG0001208_pruned	0.161742943563157	105	0.0443659228936613	0.226210283325454	1.35295047991861
aligned_OG0001209_pruned_1	0.171109404258786	76	0.0713778826726835	0.293488984282465	1.14643633894142
aligned_OG0001209_pruned_2	0.226511342461939	24	0.192379455784821	0.475735605282443	0.715841308159294
aligned_OG0001210_pruned	0.134897660160378	72	0.166799771290474	0.442959360588665	0.777804549186008
aligned_OG0001211_pruned_1	0.0765222714611313	55	0.494907904410018	0.744829796526892	0.305475609809293
aligned_OG0001211_pruned_2	-0.151185789203691	25	0.373734863712646	0.659516127651909	-0.427436387267348
aligned_OG0001211_pruned_3	0.0980392156862745	18	0.629898707479226	0.830850088615261	0.200729282799859
aligned_OG0001212_pruned_1	0.0405179114973251	43	0.750541530921106	0.89717499370162	0.124625271241057
aligned_OG0001212_pruned_2	0.229667700705286	15	0.308179547467054	0.599918033881802	0.51119618689254
aligned_OG0001212_pruned_3	-0.0669986487844853	40	0.612749059062922	0.824662827918139	-0.212717346977712
aligned_OG0001213_pruned_1	-0.179903058546994	67	0.0756007858196216	0.302944040480278	-1.12147369027456
aligned_OG0001213_pruned_2	-0.0146176336551172	16	0.94636892512424	0.979997079841189	-0.0239395285963526
aligned_OG0001214_pruned	0.347496703484009	129	1.61461658762969e-06	0.00033588638212948	5.79193059014132
aligned_OG0001215_pruned_1	-0.300375704593055	19	0.128190174345108	0.394152305492707	-0.892145261800322
aligned_OG0001215_pruned_2	-0.260820265478651	15	0.247159973211907	0.536704970162808	-0.607021860527865
aligned_OG0001216_pruned_1	-0.0760703945426392	41	0.560444273919883	0.788368384546111	-0.251467563679634
aligned_OG0001216_pruned_2	0.42340489921997	17	0.0438197928026749	0.22500134795224	1.35832968028667
aligned_OG0001217_pruned	-0.200494259000733	109	0.0110773450523699	0.106071332977646	-1.95556431607598
aligned_OG0001218_pruned	-0.0372182083859634	48	0.757097296022125	0.900522011116002	-0.120848304898526
aligned_OG0001219_pruned_1	-0.0467514363430674	43	0.713740613419461	0.877895407552104	-0.146459590223416
aligned_OG0001219_pruned_2	-0.0270665980980383	27	0.868168754253117	0.951031924139442	-0.0613958486512509
aligned_OG0001220_pruned	0.0992522974377456	23	0.576737654794811	0.799548146336827	0.239021692882938
aligned_OG0001221_pruned_1	-0.150440163762078	47	0.216248934360738	0.502556173342014	-0.665046023989815
aligned_OG0001221_pruned_2	0.0888168295389517	48	0.46045657725458	0.723319166988262	0.33681131909992
aligned_OG0001222_pruned	-0.047679331651789	61	0.653674607606887	0.845366639450481	-0.184638385143305
aligned_OG0001223_pruned_1	-0.317103182998876	51	0.00653490273048647	0.0772827683131547	-2.18476087234164
aligned_OG0001223_pruned_2	0.229667700705286	15	0.308179547467054	0.599918033881802	0.51119618689254
aligned_OG0001224_pruned	-0.0935414346693485	36	0.503782406361762	0.75030126576497	-0.297757003478284
aligned_OG0001225_pruned	0.0495992081687348	90	0.568730146230995	0.795221929034084	0.245093750832099
aligned_OG0001226_pruned_1	0.109802162609203	50	0.351293754375733	0.63836202303993	0.454329571427066
aligned_OG0001226_pruned_2	0.138013111868471	16	0.525358404466242	0.763000233569746	0.279544315687569
aligned_OG0001227_pruned	-0.0443978687422874	106	0.579182633974827	0.801986839524496	-0.237184468361275
aligned_OG0001228_pruned_1	-0.128203650285527	60	0.231641156600615	0.520603679125199	-0.635184275270305
aligned_OG0001229_pruned	-0.0297152849670857	58	0.785293328754824	0.915567770482606	-0.104968091962263
aligned_OG0001230_pruned_1	0.0521541585255043	34	0.717608299729336	0.879761917886731	0.144112546962561
aligned_OG0001230_pruned_2	-0.0507934972232186	20	0.79129600021147	0.919445447066693	-0.101661029508782
aligned_OG0001231_pruned_1	-0.335401285028909	41	0.0102614507479388	0.101651187613255	-1.98879123500544
aligned_OG0001231_pruned_2	-0.0754851356096397	27	0.643428843563621	0.839420428236288	-0.191499474488224
aligned_OG0001232_pruned	-0.243432247780074	10	0.393768634642993	0.676345701541786	-0.404758880234402
aligned_OG0001233_pruned	-0.0975900072948533	10	0.732439899903872	0.887717492520861	-0.135228005391519
aligned_OG0001234_pruned_1	0.192569217002026	34	0.181762032798084	0.463054359973007	0.740496828860502
aligned_OG0001234_pruned_2	0.137168702723984	52	0.23469003426343	0.523843696956478	0.629505351629748
aligned_OG0001236_pruned	-0.390803368367358	25	0.0214887391196774	0.154158624160199	-1.66778906656679
aligned_OG0001238_pruned	-0.0768830535612797	54	0.496979395778165	0.745092163474556	-0.303661616267347
aligned_OG0001239_pruned_1	-0.0432619035640929	44	0.731175443951419	0.887434430150024	-0.135978402525149
aligned_OG0001239_pruned_2	0.192212936109622	30	0.212354787473278	0.499043618768827	0.672937943527601
aligned_OG0001240_pruned_1	-0.0781510556738445	44	0.534841193682063	0.769937723464776	-0.271775150587621
aligned_OG0001240_pruned_2	0.235935052808204	24	0.174525340568583	0.453897286847709	0.758141505838905
aligned_OG0001241_pruned	0.140205205755091	95	0.0976912817479191	0.344283747534656	1.01014419224556
aligned_OG0001242_pruned_1	0.291052880845769	21	0.11934945428266	0.380465576458866	0.923179562434949
aligned_OG0001242_pruned_2	-0.220192753025272	11	0.414216178242525	0.692516186861958	-0.382772942660716
aligned_OG0001243_pruned_1	-0.180317571515752	59	0.0953523190745668	0.341159820728217	-1.02066873996418
aligned_OG0001243_pruned_2	-0.0791107034563626	50	0.50186974911092	0.749203779812504	-0.299408981225976
aligned_OG0001244_pruned_1	0.135906805477164	24	0.434130320809688	0.706105436298481	0.362379880826875
aligned_OG0001244_pruned_2	-0.145643816250884	22	0.424025854812914	0.698004047686339	-0.372607661661413
aligned_OG0001245_pruned_1	-0.210418095291397	31	0.164742356819022	0.441450302577422	-0.783194725251847
aligned_OG0001245_pruned_2	0.444800893911966	61	2.84434861362878e-05	0.00237097150070648	4.54601717598137
aligned_OG0001246_pruned	-0.0538453046016462	70	0.586494085901821	0.807385789270402	-0.231736362871819
aligned_OG0001247_pruned	-0.117902819292435	97	0.159250500775658	0.436011767254698	-0.797919193317492
aligned_OG0001248_pruned	0.257634930814433	100	0.00178426768932017	0.0353311227593447	2.74853998893222
aligned_OG0001249_pruned	-0.0923517708523661	109	0.241964347480276	0.532266816990232	-0.616248620933856
aligned_OG0001250_pruned_1	-0.0342478580607719	48	0.775942749856853	0.911510198308739	-0.110170320415089
aligned_OG0001250_pruned_2	-0.0855920985021826	14	0.715000654688089	0.877895407552104	-0.145693560538368
aligned_OG0001251_pruned	-0.164560210240351	49	0.166877836299232	0.442959360588665	-0.77760133984633
aligned_OG0001252_pruned	0.0960681190751792	58	0.378455690227935	0.663025957783829	0.421984960591852
aligned_OG0001254_pruned	-0.0942261180645807	101	0.250820553993117	0.540462993081942	-0.600636877251081
aligned_OG0001260_pruned	-0.0405757664482559	56	0.714887089270711	0.877895407552104	-0.145762546141489
aligned_OG0001261_pruned_1	-0.151581142409819	64	0.143697840467842	0.416093949443064	-0.842549758518156
aligned_OG0001261_pruned_2	-0.312840881990972	54	0.0057114733643792	0.0716986854586982	-2.24325184420952
aligned_OG0001262_pruned_1	-0.291067011160292	43	0.0223792430799718	0.157926623910893	-1.65015460644711
aligned_OG0001262_pruned_2	0.0754851356096397	27	0.643428843563621	0.839420428236288	0.191499474488224
aligned_OG0001263_pruned_1	-0.0263970954171742	38	0.846084775475273	0.941492025031845	-0.0725861196128196
aligned_OG0001263_pruned_2	0.179094326779314	58	0.100605891617416	0.347597973083172	0.997376585661689
aligned_OG0001264_pruned_1	-0.169256677166574	28	0.289869223783883	0.580775404064516	-0.537797892442029
aligned_OG0001265_pruned_1	0.120385853085769	23	0.498403923800466	0.74560899305346	0.30241854725141
aligned_OG0001265_pruned_2	0.371580267808769	18	0.0677987124289229	0.284015151808363	1.16877855377783
aligned_OG0001266_pruned_1	-0.301245946297846	52	0.00905817422147309	0.0955834297196312	-2.04295933051807
aligned_OG0001266_pruned_2	-0.306398735985262	39	0.0223620728532725	0.157926623910893	-1.65048794197464
aligned_OG0001267_pruned	0.129862600948713	23	0.465208818452142	0.725773603417622	0.332352061422512
aligned_OG0001269_pruned_1	0.0425085025508503	49	0.721038338484667	0.881735333383358	0.142041642701275
aligned_OG0001269_pruned_2	0.0475651494154494	17	0.820847238541928	0.932419325946651	0.0857376585093486
aligned_OG0001270_pruned_1	-0.177566329049941	77	0.0596059389424681	0.265405683317036	-1.22471046641003
aligned_OG0001270_pruned_2	0.161187746974121	56	0.146735046285989	0.419794841653549	0.833466146614484
aligned_OG0001272_pruned_1	-0.194019369920597	23	0.275233524074834	0.56617467035939	-0.560298669150203
aligned_OG0001272_pruned_2	0.225765403985385	21	0.226994418738	0.517129650447867	0.643984820961447
aligned_OG0001273_pruned	0.139291134685666	45	0.26303824620735	0.552881486904074	0.57998109976432
aligned_OG0001274_pruned_1	0.00617566395816515	24	0.971648407431574	0.990570300372687	0.012490856817995
aligned_OG0001274_pruned_2	-0.254850950514202	24	0.142466754827972	0.414591802755961	-0.846286468141331
aligned_OG0001276_pruned	0.293322094662995	114	0.00014342611887492	0.0070559835914074	3.84337175347753
aligned_OG0001277_pruned	-0.192705050852099	113	0.0128910960028099	0.116019864025289	-1.88971015729845
aligned_OG0001278_pruned_1	0.226216589719762	59	0.0364071643683899	0.202660981472666	1.43881314548568
aligned_OG0001278_pruned_2	0.0829185643624607	39	0.536478683201187	0.771425110858901	0.270447529899374
aligned_OG0001278_pruned_3	0.016582585026521	30	0.914319999399395	0.968270540229821	0.0389017805779364
aligned_OG0001279_pruned_1	-0.296885542997677	33	0.0427228539043433	0.221241180140486	-1.36933974395914
aligned_OG0001279_pruned_2	0.268105094842194	26	0.107155507032273	0.358877298390974	0.969985504395656
aligned_OG0001280_pruned	0.229008801254076	122	0.00212143260282625	0.0394783364189936	2.67337076106239
aligned_OG0001281_pruned	0.271001372260848	114	0.000443324427276739	0.0146503930269551	3.35327833831668
aligned_OG0001282_pruned_1	-0.216253650996831	41	0.097918036775561	0.344582516076781	-1.00913730257278
aligned_OG0001282_pruned_2	0.078979850367879	19	0.689156516779352	0.865576780864319	0.16168213273089
aligned_OG0001283_pruned	-0.246001567889141	99	0.0030007608106674	0.0481259363282085	-2.52276862061888
aligned_OG0001284_pruned_1	-0.0188561808316413	25	0.911663894828446	0.967330926587863	-0.0401652444844437
aligned_OG0001284_pruned_2	-0.190524665238793	18	0.349045810970699	0.637422259763647	-0.457117569756792
aligned_OG0001285_pruned	0.247937426017319	30	0.107688896292735	0.360028888381701	0.967829074115164
aligned_OG0001286_pruned	0.0253392625836887	117	0.739263734613482	0.889941118992976	0.13120059806808
aligned_OG0001287_pruned	-0.00448448529330875	26	0.978500887681619	0.993510662837801	-0.0094387760202324
aligned_OG0001288_pruned	0.100811143158562	139	0.148393174257281	0.422051055377837	0.828586075139027
aligned_OG0001289_pruned	-0.0570843821844264	122	0.443724356822193	0.71303399735652	-0.35288673142961
aligned_OG0001290_pruned	-0.164234670435408	22	0.367320535329506	0.655665804788952	-0.434954791417871
aligned_OG0001291_pruned	-0.0957191151326914	101	0.243390465651139	0.532266816990232	-0.613696438415732
aligned_OG0001292_pruned_1	0.132673905941747	59	0.219768479502161	0.506531908596149	0.658034596534561
aligned_OG0001292_pruned_2	0.140007872540364	54	0.216106268625165	0.50253015767127	0.665332635292451
aligned_OG0001293_pruned	0.0178108591841533	58	0.870291193671244	0.951868736836462	0.0603354110075304
aligned_OG0001294_pruned_1	-0.0511204146068925	74	0.595171202103794	0.814288725160373	-0.225358090684596
aligned_OG0001294_pruned_2	0.111745693891081	20	0.560444273919883	0.788368384546111	0.251467563679634
aligned_OG0001295_pruned	-0.0310647169470097	121	0.67809410367906	0.857863514332717	-0.168710031984561
aligned_OG0001296_pruned_1	-0.0466830222500787	56	0.674278231966143	0.856044729171431	-0.171160860625279
aligned_OG0001296_pruned_2	0.101149138217696	29	0.519249062248657	0.758405701551147	0.284624279117565
aligned_OG0001297_pruned	0.0146531499692284	86	0.86933462958037	0.951251192962831	0.0608130200917021
aligned_OG0001298_pruned_1	-0.0703020846567795	51	0.546541073078783	0.779350872128206	-0.262377194846594
aligned_OG0001298_pruned_2	-0.030535240827623	27	0.85145965683372	0.942886351544687	-0.0698359246004638
aligned_OG0001299_pruned_1	-0.199080780002717	81	0.0301981053831602	0.18307444237701	-1.52002030364716
aligned_OG0001299_pruned_2	0.0564516129032258	32	0.7046349530109	0.872970408860364	0.152035817692871
aligned_OG0001300_pruned_1	0.0795197872689496	42	0.5376862221402	0.77216832019779	0.269471091893992
aligned_OG0001300_pruned_2	0.132535791286007	35	0.350687536047984	0.638179442630685	0.45507966931033
aligned_OG0001301_pruned_1	-0.165144140406797	48	0.169939346770627	0.447820623900448	-0.769706055463071
aligned_OG0001301_pruned_2	-0.110323309773591	58	0.311807883528202	0.603026324907061	-0.506112908616344
aligned_OG0001302_pruned	0.0236690534165575	119	0.753838941009408	0.898755744144343	0.122721431984993
aligned_OG0001303_pruned	-0.00209236458138388	138	0.976157552824424	0.992158415278123	-0.0104800811037173
aligned_OG0001304_pruned	-0.187096074628369	109	0.0177642721616398	0.13934750618606	-1.75045258173835
aligned_OG0001305_pruned_1	0.0575480441531375	36	0.68085125122935	0.85974296916422	0.166947760079265
aligned_OG0001305_pruned_2	0.112003584172041	36	0.423420497075842	0.698004047686339	0.373228122340532
aligned_OG0001306_pruned	0.0123302711888016	129	0.864856899468192	0.950207195567814	0.0630557456133017
aligned_OG0001307_pruned_1	-0.0682523632789935	24	0.694472964320302	0.868061399693754	-0.158344656585905
aligned_OG0001307_pruned_2	-0.223703576286321	21	0.231266043155483	0.520603679125199	-0.635888130103639
aligned_OG0001308_pruned_1	-0.17817416127495	28	0.265205392591508	0.556312435453404	-0.576417649388968
aligned_OG0001308_pruned_2	-0.460062376454344	22	0.0115587243036776	0.109124155441754	-1.93709009484675
aligned_OG0001308_pruned_3	-0.0342231889995338	56	0.757999581428451	0.900522011116002	-0.120331034187688
aligned_OG0001309_pruned	-0.272452207329272	32	0.0673232181774568	0.283505119462153	-1.17183513210046
aligned_OG0001310_pruned_1	0.175755211641949	51	0.131713716913523	0.399420063659876	0.880368994441062
aligned_OG0001310_pruned_2	-0.316598154838486	39	0.0182652697635201	0.141703729691373	-1.73837390922031
aligned_OG0001310_pruned_3	-0.0688700443150182	23	0.698535358303339	0.869853932581941	-0.15581160597445
aligned_OG0001311_pruned_1	-0.111497585707958	42	0.387500790445222	0.670673126395605	-0.411727407259224
aligned_OG0001311_pruned_2	-0.232823243904716	23	0.190430263825524	0.473700974005344	-0.720264030909669
aligned_OG0001312_pruned	-0.10328645739724	122	0.165799698936029	0.441754052844285	-0.780416262389725
aligned_OG0001313_pruned	0.216651244478298	80	0.0190877696549136	0.144618159060797	1.71924481456872
aligned_OG0001314_pruned	0.102914094579168	92	0.231736921308168	0.520603679125199	0.635004767060372
aligned_OG0001315_pruned_1	-0.247312830972508	45	0.046898018275971	0.233056269008244	-1.3288455084575
aligned_OG0001315_pruned_2	0.0135073483078851	29	0.931413715609961	0.974275248375257	0.0308573711167675
aligned_OG0001316_pruned_1	-0.10182663499532	32	0.494124544409264	0.744829796526892	-0.30616357307525
aligned_OG0001316_pruned_2	-0.515832895701368	21	0.00577351784589214	0.0719209119101525	-2.23855948744728
aligned_OG0001316_pruned_3	-0.324442842261525	19	0.100348246462291	0.347320265995916	-0.998490212198965
aligned_OG0001316_pruned_4	0.143337690865371	40	0.278866038682898	0.569384079542956	0.554604372470004
aligned_OG0001317_pruned	-0.113829071674674	89	0.193426013451606	0.475735605282443	-0.713485118987425
aligned_OG0001318_pruned_1	0.149171809163031	59	0.167667193004428	0.444356854762998	0.775551906332363
aligned_OG0001318_pruned_2	-0.185217967715112	32	0.213597369070562	0.499904353649233	-0.67040410091864
aligned_OG0001318_pruned_3	0.164991582276861	16	0.447699072465294	0.715769729201273	0.349013805378945
aligned_OG0001319_pruned_1	-0.0973687118968303	88	0.268709008400244	0.559471058096133	-0.57071777371221
aligned_OG0001319_pruned_2	0	14	1	1	0
aligned_OG0001320_pruned_1	0.313797825923377	68	0.00179057606073317	0.0353311227593447	2.74700722614322
aligned_OG0001320_pruned_2	0.180623516796614	41	0.166865056305734	0.442959360588665	0.777634600663449
aligned_OG0001321_pruned	0.0422977105804359	56	0.703349393943928	0.872416854736923	0.152828882424452
aligned_OG0001322_pruned_1	0.298589839431819	39	0.0260177518009149	0.170299133537303	1.58473023362533
aligned_OG0001323_pruned_1	0.132175264286357	54	0.242908260904324	0.532266816990232	0.614557715313612
aligned_OG0001323_pruned_2	0.165144564768954	33	0.25965635637045	0.548752418648464	0.585601041438567
aligned_OG0001324_pruned	0.115327761665773	30	0.454297379987439	0.718826760861148	0.342659767830496
aligned_OG0001325_pruned	0.0833179055199394	74	0.386476230771233	0.670303343555346	0.412877211091908
aligned_OG0001326_pruned_1	0.0366654750580906	58	0.736760528217066	0.889096524619152	0.132673649419121
aligned_OG0001327_pruned_1	-0.381529197579247	28	0.0170416921688018	0.136595840107363	-1.76848728380138
aligned_OG0001327_pruned_2	0.241552433950847	27	0.138523409728315	0.407855537290523	0.858476826912016
aligned_OG0001328_pruned_1	-0.0281096553110447	57	0.798415214750443	0.922886359517062	-0.0977711956445307
aligned_OG0001328_pruned_2	0.25388232199535	30	0.0995087321591696	0.346578834766877	1.00213880707192
aligned_OG0001330_pruned	-0.080172691967088	73	0.407936544997579	0.687035150103109	-0.389407386666594
aligned_OG0001331_pruned_1	0.0428746462856272	17	0.838256486385826	0.938824862634998	0.0766230773376477
aligned_OG0001332_pruned_1	0.0699086407042276	40	0.59740402906081	0.815466579601004	0.223731852717869
aligned_OG0001332_pruned_2	-0.151719206570472	31	0.316471787847978	0.604730401560873	-0.49966499947934
aligned_OG0001333_pruned	0.0980938498690936	109	0.213925775183767	0.500512072337086	0.669736885621606
aligned_OG0001334_pruned_1	-0.281800930988317	17	0.179712494879	0.460572571353044	-0.745421726628619
aligned_OG0001334_pruned_2	0.0304138278584088	22	0.867413214279566	0.951031924139442	0.0617739660413216
aligned_OG0001335_pruned	0.0322215964818659	83	0.722423800166707	0.881880649755579	0.141207954678488
aligned_OG0001336_pruned	-0.243714432075794	41	0.0621541282628288	0.270822386524032	-1.20653002032525
aligned_OG0001337_pruned	0.0138294376940486	93	0.871626642882695	0.952607541368876	0.0596695032076864
aligned_OG0001338_pruned	-0.0866416631411254	122	0.245032975630162	0.534331634117434	-0.610775465959831
aligned_OG0001339_pruned	0.240178157321478	119	0.00146251369414095	0.0311745132207942	2.83490005874185
aligned_OG0001340_pruned	0.042306378378895	98	0.611642738117928	0.823935388757934	0.213502176169623
aligned_OG0001341_pruned_1	-0.0900257815862266	80	0.330090388089985	0.617520070833294	-0.481367121717119
aligned_OG0001341_pruned_2	-0.0750150045015005	49	0.528612125255688	0.765958483925414	-0.276862879283685
aligned_OG0001342_pruned	0.0229961024909137	62	0.827259346562711	0.936017917998928	0.0823583173833652
aligned_OG0001343_pruned	-0.309353287121843	35	0.0293818793700735	0.18022701237869	-1.53192042862921
aligned_OG0001344_pruned	-0.135225407581454	36	0.333809094477626	0.621896209094794	-0.476501835339084
aligned_OG0001345_pruned	0.072	50	0.541073951731835	0.774741286639034	0.266743373277597
aligned_OG0001346_pruned_1	-0.21179244933804	87	0.0167662884904027	0.135188645070456	-1.77556306539238
aligned_OG0001346_pruned_2	-0.176140969185596	26	0.289838717607508	0.580775404064516	-0.537843600506831
aligned_OG0001347_pruned	-0.141587100200973	93	0.0980460681025946	0.344699865695312	-1.00856981796341
aligned_OG0001348_pruned	0.0558040059413449	105	0.487872672561755	0.741122664077225	0.311693507544664
aligned_OG0001349_pruned	-0.0162690366956417	31	0.91445798515089	0.968270540229821	-0.0388362434257225
aligned_OG0001350_pruned	0.375914912329933	56	0.000713513575290255	0.0196913128030852	3.1465977595955
aligned_OG0001351_pruned	0.238550834639662	122	0.00137088421660863	0.029706571372403	2.86299922370165
aligned_OG0001352_pruned	-0.0351736146122915	84	0.696425468813946	0.869245420868885	-0.15712535478173
aligned_OG0001353_pruned	0.0583644371943474	98	0.483648233734227	0.738337665801397	0.315470393915405
aligned_OG0001354_pruned_1	0.0365537909544767	32	0.806101943598735	0.925600227268173	0.0936100317150662
aligned_OG0001354_pruned_2	-0.0661314013772962	31	0.662375130977966	0.851101265618389	-0.178895981600275
aligned_OG0001355_pruned	0.0382558650219414	96	0.649603527597647	0.843129170170061	0.187351625373974
aligned_OG0001356_pruned	0.0364186207775508	123	0.623658871633475	0.828199719222812	0.205052895377415
aligned_OG0001357_pruned_1	-0.257145265302632	45	0.0388071364253516	0.210357659943813	-1.41108840262332
aligned_OG0001357_pruned_2	0.0379179795994408	24	0.827259346562711	0.936017917998928	0.0823583173833652
aligned_OG0001358_pruned	0.321059070100688	125	1.2932050903414e-05	0.0014266403428448	4.88833259457794
aligned_OG0001359_pruned	0.165023308377006	65	0.10858281437618	0.361495871729751	0.96423890598293
aligned_OG0001360_pruned	0.249459341586156	99	0.00261787403760171	0.0446333010552585	2.58205125392376
aligned_OG0001361_pruned	-0.0149993897056153	73	0.876962106806443	0.955004651459425	-0.0570191719251845
aligned_OG0001362_pruned	-0.085283573899723	82	0.350110266386402	0.63799872988247	-0.455795154103314
aligned_OG0001363_pruned	0.197004924117976	38	0.147417086299701	0.420589265418545	0.83145217688656
aligned_OG0001364_pruned	0.276864289790224	121	0.000216220952093314	0.00915293460576408	3.66510222463976
aligned_OG0001365_pruned	-0.126401320909255	49	0.288339614661322	0.579784792695135	-0.540095686273215
aligned_OG0001366_pruned	-0.177290627857437	34	0.218921228402629	0.506015696548547	-0.659712123625701
aligned_OG0001367_pruned_1	-0.254781775081643	26	0.125757548930055	0.391969483630022	-0.900465935812662
aligned_OG0001367_pruned_2	-0.353553390593274	16	0.103741678236542	0.352305578003852	-0.984046730672741
aligned_OG0001368_pruned_1	0.170497320505608	31	0.260284833869649	0.549314166784032	0.584551136380242
aligned_OG0001368_pruned_2	-0.150970271219279	27	0.354539479773501	0.642139789112155	-0.450335396889647
aligned_OG0001369_pruned	-0.116462072008773	100	0.157899843324827	0.435288446084586	-0.801618300917587
aligned_OG0001370_pruned_1	-0.0462454831202372	44	0.713427844356341	0.877888817772269	-0.146649944599114
aligned_OG0001370_pruned_2	0.150925310530864	42	0.242104843547336	0.532266816990232	0.615996521979832
aligned_OG0001371_pruned_1	0.0358787583285972	54	0.751256206479615	0.897439940833155	0.124211927064126
aligned_OG0001372_pruned_1	-0.202932867101831	38	0.135618501097675	0.405019813983663	-0.867681059904489
aligned_OG0001372_pruned_2	0.0907442510800785	24	0.60150813444059	0.818838649256247	0.220758495142467
aligned_OG0001373_pruned	-0.0802886914861388	120	0.285409390393134	0.577221204426422	-0.544531742052378
aligned_OG0001374_pruned	-0.116392860325115	102	0.153968246374831	0.42984770009783	-0.812568836605921
aligned_OG0001375_pruned_1	0.272621680438591	31	0.0718606382258517	0.294107536212719	1.14350892995443
aligned_OG0001375_pruned_2	-0.175655062137989	25	0.301386922917049	0.593521471384028	-0.520875595512345
aligned_OG0001376_pruned	0.332900151430592	22	0.0676503519667977	0.284015151808363	1.16972993954174
aligned_OG0001377_pruned	-0.141235234073019	117	0.0635805573385371	0.274152466228536	-1.19667566943807
aligned_OG0001378_pruned_1	-0.218799687311067	52	0.0580161621052087	0.262207123704546	-1.23645100410383
aligned_OG0001378_pruned_2	0.203229902704239	64	0.0499532058382994	0.240489549160074	1.30143663490133
aligned_OG0001379_pruned	0.133871307759943	41	0.305578622223022	0.597293408968007	0.514877031560106
aligned_OG0001380_pruned	-0.0038644907980014	32	0.979297247295748	0.994041998823413	-0.00908546624950322
aligned_OG0001381_pruned	-0.200522364585403	42	0.120150467403668	0.382349455055117	-0.920274535384933
aligned_OG0001382_pruned	-0.0838058925559663	127	0.251120858432555	0.5406300917349	-0.600117212711469
aligned_OG0001383_pruned	0.0086540361830769	109	0.912690062252332	0.968137579146158	0.0396766782224276
aligned_OG0001384_pruned	-0.0452910813657838	27	0.78120732342182	0.914232605862087	-0.107233694074945
aligned_OG0001385_pruned	0.301591993696553	106	0.000165074673267063	0.0077045429234454	3.78231955365484
aligned_OG0001386_pruned	-0.136282006293758	28	0.39409817807334	0.676619709183643	-0.404395572885028
aligned_OG0001387_pruned	0.0951693968562638	71	0.332844514962822	0.6208687057084	0.477758595512693
aligned_OG0001390_pruned_1	-0.0193931558479158	35	0.891380375435431	0.961963265615482	-0.0499369315398588
aligned_OG0001390_pruned_2	0	11	1	1	0
aligned_OG0001392_pruned_1	-0.395023025311119	29	0.0118354522658119	0.109915724422674	-1.92681514180811
aligned_OG0001392_pruned_2	-0.317820863081864	11	0.238592829316435	0.527740456105391	-0.62234261278261
aligned_OG0001393_pruned_1	-0.0285714285714286	50	0.80836515591451	0.926591105197347	-0.0923924147512302
aligned_OG0001393_pruned_2	-0.1952284403477	31	0.197395731844499	0.480543143217176	-0.704662242023129
aligned_OG0001394_pruned	0.106242543051946	21	0.569671581587966	0.79529872897176	0.244375445046337
aligned_OG0001395_pruned_1	0.266528451423955	67	0.00847957235631283	0.0918746522713002	2.07162604962733
aligned_OG0001395_pruned_2	-0.294513753930916	31	0.0518299272179097	0.245549881798936	-1.28541940101735
aligned_OG0001396_pruned	0.0806057507521264	124	0.275499167562741	0.566176874741625	0.55987970905704
aligned_OG0001397_pruned	0.0468342835350579	101	0.568147566256157	0.795221929034084	0.245538849346578
aligned_OG0001399_pruned	-0.122812687697269	27	0.451362985140717	0.717804562263206	-0.345474058922992
aligned_OG0001400_pruned	0.133387788444174	18	0.512075045837903	0.753063706068627	0.290666387451988
aligned_OG0001401_pruned	0.142480707043793	20	0.457901055440255	0.722215841893414	0.339228355442929
aligned_OG0001402_pruned_1	-0.101673280220275	53	0.373680247249393	0.659516127651909	-0.427499858364751
aligned_OG0001402_pruned_2	0.0616663053417174	34	0.668929268252767	0.853923654790078	0.17461980156181
aligned_OG0001403_pruned_1	0.234680852249135	26	0.158463984539009	0.435551631343347	0.80006942804121
aligned_OG0001403_pruned_2	-0.0360047817525462	29	0.818545808382043	0.931223754817134	-0.0869570110952143
aligned_OG0001404_pruned	-0.160650530557084	87	0.0696404169398992	0.288918447714761	-1.15713863740888
aligned_OG0001405_pruned_1	0.0573539334676404	96	0.495798780998977	0.745092163474556	0.304694545349699
aligned_OG0001405_pruned_2	0.287402497385498	33	0.0497994868560286	0.240125870065394	1.30277513227529
aligned_OG0001406_pruned_1	-0.0224007168344082	36	0.872802119874244	0.953269401736157	-0.0590842075977981
aligned_OG0001406_pruned_2	-0.322460829146623	18	0.112985206002217	0.369230379219993	-0.946978418217619
aligned_OG0001408_pruned	0.13695009389644	23	0.441208519505878	0.711610149596677	0.355356110151456
aligned_OG0001409_pruned	-0.289286703539398	56	0.00920282749702899	0.0963373362735186	-2.03607871855701
aligned_OG0001411_pruned	0.34236839400873	14	0.144127034816015	0.416093949443064	0.841254548192448
aligned_OG0001412_pruned	-0.021812389157118	87	0.805427194337474	0.925600227268173	-0.0939737110194737
aligned_OG0001414_pruned_1	-0.208166599946613	26	0.21096162903586	0.496888609620725	-0.67579652959994
aligned_OG0001414_pruned_2	0.0276394996411391	18	0.891939844275528	0.961963265615482	0.0496644350635256
aligned_OG0001415_pruned	-0.0318932591446445	101	0.697504312162669	0.869534745978146	-0.156453103118647
aligned_OG0001416_pruned	0.365655975649	37	0.00801539672370026	0.0882906256357966	2.09607497728365
aligned_OG0001417_pruned	-0.114065430204105	28	0.475670962037153	0.733175750202128	-0.322693359851805
aligned_OG0001418_pruned_1	0.268991106197506	50	0.0224069695488653	0.157926623910893	1.64961687604863
aligned_OG0001418_pruned_2	0.190016658670064	68	0.0586167360906766	0.263340882433237	1.23197836770025
aligned_OG0001419_pruned	0.180290785582293	124	0.0147243631460368	0.12437133186345	1.83196348011595
aligned_OG0001420_pruned	0.0825372694369832	125	0.262210195216545	0.551778159355972	0.581350426146289
aligned_OG0001421_pruned	0.211639566562612	128	0.00361727222261735	0.0539250319332951	2.44161880660142
aligned_OG0001422_pruned	0.303915544806123	95	0.0003307387045837	0.0121621641821915	3.48051497894919
aligned_OG0001423_pruned	0.148925967348599	87	0.0926006978206759	0.336189480268785	1.0333857405478
aligned_OG0001424_pruned	0.142653497503638	28	0.372365302198027	0.659176213300227	0.429030794301847
aligned_OG0001426_pruned_1	0.293161164372789	34	0.0420633564851245	0.21970107501305	1.37609607532998
aligned_OG0001426_pruned_2	0.0657951694959769	21	0.72477122130619	0.883189834699643	0.139799059641473
aligned_OG0001428_pruned_1	-0.092193968338354	37	0.50380756603831	0.75030126576497	-0.29773531467829
aligned_OG0001429_pruned_1	-0.148478467729125	28	0.353160353315988	0.640598039983485	-0.452028057366676
aligned_OG0001429_pruned_2	0.0408958905954598	41	0.754292576022996	0.898919341662003	0.122460166721432
aligned_OG0001430_pruned	0.2826077520475	120	0.000169835318648424	0.007777175818108	3.76997198959793
aligned_OG0001431_pruned	-0.162176005135281	112	0.0372187774347127	0.20482987037199	-1.42923789670977
aligned_OG0001432_pruned_1	0.0556581950550145	38	0.682324107233454	0.860707176848021	0.166009284364958
aligned_OG0001432_pruned_2	-0.128388147753274	28	0.422063522356294	0.697309849393278	-0.374622180951358
aligned_OG0001432_pruned_3	-0.206338680208135	29	0.188593442181763	0.471224726329931	-0.724473412732248
aligned_OG0001433_pruned	0.062231033704012	101	0.448195963635122	0.716038490526753	0.348532058954208
aligned_OG0001434_pruned	0.0366987921708787	33	0.80220865636859	0.923897694878157	0.0957126560008085
aligned_OG0001435_pruned	0.0811402208048698	108	0.306200150058909	0.597866262423951	0.513994600803858
aligned_OG0001436_pruned	-0.196454278487541	122	0.00839171053309948	0.0913994317230593	-2.07614950527753
aligned_OG0001437_pruned	0.1703802240497	95	0.0441579667343562	0.22549249876804	1.35499093202657
aligned_OG0001438_pruned	0.111213597612568	50	0.345136903865162	0.632658440295774	0.462008601160218
aligned_OG0001439_pruned	0.151574028555623	45	0.223248683775763	0.511476924660582	0.651211092934862
aligned_OG0001440_pruned_1	0.0123858302621401	43	0.922578760322963	0.971507368418345	0.0349965479726194
aligned_OG0001440_pruned_2	0.0690065559342354	16	0.750823518899001	0.897364747390615	0.124462131937638
aligned_OG0001441_pruned	-0.182804995753753	101	0.0258876641982651	0.169962202910341	-1.58690713348046
aligned_OG0001442_pruned_1	-0.268571428571429	50	0.022617483727214	0.158955500982476	-1.64555571347656
aligned_OG0001442_pruned_2	0.163205222650689	36	0.243434761787869	0.532266816990232	0.61361740566755
aligned_OG0001444_pruned_1	-0.112017135451658	23	0.52873332512143	0.765958483925414	-0.276763315923175
aligned_OG0001444_pruned_2	0.0382611357305657	55	0.732906490457802	0.887717492520861	0.134951432273981
aligned_OG0001445_pruned_1	-0.101015254455221	36	0.470315119171937	0.729629742068168	-0.327611059809309
aligned_OG0001445_pruned_2	-0.128058173461127	70	0.195806384670306	0.479215558583025	-0.708173151236275
aligned_OG0001446_pruned	-0.144090709638886	33	0.325361698160612	0.614434791772743	-0.487633573883962
aligned_OG0001447_pruned_1	-0.209354639498066	36	0.134580921181242	0.403909186776845	-0.871016503358688
aligned_OG0001447_pruned_2	-0.249891472044539	56	0.0244645778270678	0.165853436833222	-1.61146227424113
aligned_OG0001448_pruned_1	0.130444135550601	66	0.20111395189845	0.483543276297121	0.696557800003307
aligned_OG0001448_pruned_2	0.289875452182101	16	0.182221574933331	0.463900450031323	0.739400204093112
aligned_OG0001449_pruned	0.02231308762555	82	0.8068711416567	0.925979082020313	0.0931958171191229
aligned_OG0001450_pruned	0.0607837793435899	93	0.47755566199502	0.735423598770249	0.320976001486646
aligned_OG0001451_pruned	-0.138460984293209	81	0.131685833348522	0.399420063659876	-0.880460943561318
aligned_OG0001452_pruned	-0.006699092186182	109	0.932359123231311	0.974275248375257	-0.0304167752031879
aligned_OG0001453_pruned	-0.102873217454113	123	0.165740714768959	0.441754052844285	-0.780570792561551
aligned_OG0001454_pruned_1	0.196728874674821	50	0.0949230000891336	0.340425006002568	1.02262854414237
aligned_OG0001454_pruned_2	-0.0236071410598837	45	0.849552650435175	0.942438496701501	-0.0708097008621446
aligned_OG0001455_pruned_1	0.0246128603488943	53	0.829492297279229	0.93679748976114	0.081187642508407
aligned_OG0001455_pruned_2	-0.0566012674877895	47	0.64175808934232	0.83874360949586	-0.192628648352522
aligned_OG0001456_pruned	0.197930603035066	101	0.0158551638954173	0.130001630993844	1.79982926429552
aligned_OG0001457_pruned	0.232829604279905	107	0.00347516938958992	0.0529893761836909	2.45902402181594
aligned_OG0001458_pruned_1	0.101236917385896	38	0.456594571203401	0.721352367676878	0.340469256469136
aligned_OG0001458_pruned_2	-0.15084944665313	25	0.374798834353952	0.660695922507238	-0.426201768463111
aligned_OG0001459_pruned_1	0.189308222624828	62	0.0724292484448252	0.295846318850466	1.14008602119109
aligned_OG0001459_pruned_2	0.23714218655604	50	0.0441104219438773	0.22549249876804	1.35545878790237
aligned_OG0001460_pruned_1	0.473665466715671	21	0.0112535989475706	0.107107782924525	1.94870856616449
aligned_OG0001460_pruned_2	-0.029424494316825	15	0.896124777972845	0.963337444030752	-0.0476315142082844
aligned_OG0001461_pruned	-0.000633306253736873	97	0.99396741047528	1	-0.00262785472016943
aligned_OG0001462_pruned	-0.0404067614897022	33	0.782702702026258	0.914806129660321	-0.106403166917221
aligned_OG0001463_pruned	0.0345439842590774	114	0.654314887186182	0.845366639450481	0.18421319837922
aligned_OG0001464_pruned_1	0.130141798681952	53	0.254832853238377	0.54459583341022	0.593744583164078
aligned_OG0001464_pruned_2	-0.438274162030856	18	0.0312286169485295	0.186460802061142	-1.50544724935682
aligned_OG0001464_pruned_3	0.202794332084359	33	0.166302006177827	0.442275506251791	0.779102511654176
aligned_OG0001465_pruned_1	-0.0527663591397477	39	0.694049147671228	0.868061399693754	-0.158609774780507
aligned_OG0001465_pruned_2	0.114332390095006	18	0.574149072797162	0.797173798443199	0.240975332187915
aligned_OG0001466_pruned	-0.0151480102323142	97	0.856488207885483	0.945210070374985	-0.0672786120160645
aligned_OG0001467_pruned_1	0.230256226790534	52	0.0460614506071493	0.230973431040395	1.33666238897795
aligned_OG0001467_pruned_2	0.44427816717863	39	0.000926204886001965	0.0232300860422041	3.03329293230553
aligned_OG0001468_pruned	-0.0143367991614228	129	0.843130363131763	0.940458439854545	-0.0741052704385824
aligned_OG0001469_pruned_1	-0.0520719175164266	35	0.713867673474997	0.877895407552104	-0.146382284030055
aligned_OG0001469_pruned_2	0.223886831419822	21	0.230884085144165	0.520603679125199	0.636606001999572
aligned_OG0001470_pruned_1	-0.253143061023934	38	0.0626681744264107	0.272247600237886	-1.20295295645822
aligned_OG0001470_pruned_2	-0.00871478309360004	22	0.961846557151101	0.986380035345559	-0.016894205194779
aligned_OG0001470_pruned_3	0.0123091490979333	33	0.933043070517738	0.974674572609631	0.0300983081758483
aligned_OG0001471_pruned	0.126074867473141	53	0.269981543907751	0.56126781169911	0.568665923444652
aligned_OG0001472_pruned	0.261564901166008	118	0.000559491226332486	0.0171162000795245	3.25220671947569
aligned_OG0001473_pruned_1	0.255819158963404	47	0.0354883568407484	0.200147735211068	1.44991410861285
aligned_OG0001473_pruned_2	0.00930484210398471	25	0.956341705798531	0.984048044081275	0.019386904347991
aligned_OG0001474_pruned	-0.139036194520592	117	0.0678162883880532	0.284015151808363	-1.1686659830141
aligned_OG0001475_pruned_1	0.242220438905725	34	0.0930254120535778	0.336881185998794	1.03139839760636
aligned_OG0001475_pruned_2	-0.213352140922882	29	0.174007225341306	0.453754174105247	-0.759432718035161
aligned_OG0001476_pruned	0.258867339723293	82	0.0045657182635552	0.0623695960167831	2.34049089099698
aligned_OG0001477_pruned_1	0.140345893053447	40	0.289022632313469	0.58021885517971	0.539068147887043
aligned_OG0001477_pruned_2	0.0424277645813832	32	0.775719651844469	0.911510198308739	0.110295206132837
aligned_OG0001478_pruned	0.255976368398686	97	0.00224308103887678	0.0405257395634288	2.64915503577894
aligned_OG0001479_pruned	0.0195122734165104	117	0.797725659268986	0.9225286729888	0.0981464384117175
aligned_OG0001480_pruned	0.150306880725883	132	0.0358131320237677	0.200426913347465	1.44595769626933
aligned_OG0001482_pruned	-0.191438230265383	101	0.0196424611962613	0.146972238827239	-1.70680409613222
aligned_OG0001483_pruned	-0.175109199193003	94	0.0396571206200249	0.212597340389024	-1.4016788217553
aligned_OG0001484_pruned	0.140418187327876	123	0.0585086928275842	0.263340882433237	1.23277960457444
aligned_OG0001485_pruned	-0.0992374673294129	125	0.17764641713565	0.457532211943639	-0.750443547160906
aligned_OG0001486_pruned	-0.0734930919740164	28	0.645823091087996	0.840886610552879	-0.189886431054973
aligned_OG0001487_pruned	-0.139470652159594	123	0.0602307237250144	0.266914120171534	-1.22018191836866
aligned_OG0001488_pruned_1	-0.116441087503593	29	0.458123188235415	0.722215841893414	-0.33901772553931
aligned_OG0001488_pruned_2	0.259281489420866	18	0.202526585655949	0.484654377711348	0.693517958889701
aligned_OG0001489_pruned_1	0.228770024211029	67	0.0238564012330977	0.163640421280853	1.62239506957121
aligned_OG0001489_pruned_2	0.324552472854696	70	0.00104361048026247	0.0246705451519189	2.98146156822906
aligned_OG0001490_pruned	-0.237468519026467	117	0.00181389806839929	0.0353585358980983	-2.74138712167257
aligned_OG0001491_pruned	-0.0777579275861545	22	0.669508565996856	0.853923654790078	-0.174243862055456
aligned_OG0001492_pruned_1	-0.152461641267931	60	0.154890027633911	0.431758916999429	-0.809976542750681
aligned_OG0001492_pruned_2	-0.302611841916414	37	0.0282153524538875	0.177099983807548	-1.54951452034264
aligned_OG0001493_pruned	0.287850524899528	115	0.000178339647421132	0.00801537637576086	3.74875209629687
aligned_OG0001494_pruned	0.0550993651481821	113	0.477065537150907	0.734824238628254	0.321421955408758
aligned_OG0001495_pruned_1	0.100254300082695	42	0.437148250844043	0.708407837613059	0.359371255009319
aligned_OG0001495_pruned_2	-0.0146176336551172	16	0.94636892512424	0.979997079841189	-0.0239395285963526
aligned_OG0001496_pruned	-0.326382738260583	118	1.66536836956647e-05	0.00168410376372409	-4.7784896881785
aligned_OG0001497_pruned	0.00967565755886609	30	0.949943581441121	0.981669624070787	0.0223021873389385
aligned_OG0001498_pruned_1	0.0336717514850737	36	0.809822150175418	0.927471307656138	0.0916103486254004
aligned_OG0001498_pruned_2	0.0725476250110012	20	0.705456986111273	0.873097452979123	0.151529461376703
aligned_OG0001499_pruned	0.0994634865216863	126	0.174912399459892	0.453897286847709	0.757179402493111
aligned_OG0001500_pruned_1	0.10560337936221	36	0.450394061885301	0.717732362570995	0.346407343972534
aligned_OG0001500_pruned_2	-0.13079178766075	36	0.34990046392663	0.63799872988247	-0.456055481693595
aligned_OG0001500_pruned_3	-0.259272486435067	25	0.127152992600014	0.39360255170231	-0.89567341406178
aligned_OG0001501_pruned	0.334186941218402	27	0.0404239793369085	0.214211785700168	1.39336093676342
aligned_OG0001502_pruned	-0.152746564182564	109	0.052954821909689	0.2481107196425	-1.27609448818304
aligned_OG0001503_pruned	-0.229661956678269	107	0.00394547117232635	0.0564380660230022	-2.40390112545267
aligned_OG0001504_pruned	0.189720198234476	104	0.018928894231041	0.14416451767386	1.7228747554701
aligned_OG0001505_pruned	0.0667793345751671	73	0.490643228995848	0.742542787428552	0.309234190154771
aligned_OG0001506_pruned_1	-0.275958027016015	23	0.120690800527446	0.383721144938058	-0.918325832076885
aligned_OG0001506_pruned_2	0.0684653196881458	16	0.752713806263052	0.898002494412794	0.123370118071121
aligned_OG0001507_pruned	0.153902425076985	56	0.16587770642443	0.441754052844285	0.780211978215786
aligned_OG0001508_pruned_1	-0.132264421304446	39	0.324126587757619	0.61345398012879	-0.489285342794336
aligned_OG0001508_pruned_2	0.202610224618277	29	0.196705602458947	0.480125206672341	0.70618327057199
aligned_OG0001509_pruned	-0.0377142857142857	50	0.748856879212993	0.896462583108193	-0.12560117630229
aligned_OG0001510_pruned	-0.147881642247384	122	0.0472363519208302	0.233964543085418	-1.32572365047069
aligned_OG0001511_pruned	0.112320948316503	106	0.160612587428035	0.436423159830753	0.794220421471305
aligned_OG0001512_pruned_1	0.0405162721413875	28	0.799990504718343	0.923431527511265	0.0969151677241821
aligned_OG0001512_pruned_2	-0.320256307610174	50	0.00655638433703024	0.0773695856692336	-2.18333559589486
aligned_OG0001513_pruned	0.0318379736424378	100	0.69945674102388	0.870380698829025	0.155239139950666
aligned_OG0001514_pruned_1	-0.00593599879950372	44	0.96240128706151	0.986380035345559	-0.0166438048667384
aligned_OG0001514_pruned_2	-0.32970315353437	74	0.000610266291723595	0.0180623937806483	-3.21448061779162
aligned_OG0001515_pruned_1	-0.0967465936436137	32	0.515917616903938	0.755977791571997	-0.287419642133399
aligned_OG0001515_pruned_2	-0.119771165111603	18	0.556073650940421	0.785559226328522	-0.254867683096609
aligned_OG0001516_pruned	0.461372177264719	43	0.000294403826340325	0.0114096315079976	3.53105654981113
aligned_OG0001517_pruned_1	-0.0819473922393003	45	0.510237674381561	0.752942923241877	-0.292227477572652
aligned_OG0001517_pruned_2	-0.292190852134604	23	0.100348246462291	0.347320265995916	-0.998490212198965
aligned_OG0001517_pruned_3	0.0968718959392966	32	0.515374143121551	0.755473955318706	0.287877374262652
aligned_OG0001518_pruned	0.0583044326607964	90	0.502889296937386	0.749750124562241	0.29852760743037
aligned_OG0001519_pruned	-0.182604025532212	57	0.0970949827939282	0.343575688240846	-1.01280321088712
aligned_OG0001520_pruned	-0.106343966832648	104	0.188333508237931	0.471209470644713	-0.725072403572439
aligned_OG0001521_pruned_1	0.0169115429810614	37	0.902401785598116	0.966281167474752	0.0446000540138342
aligned_OG0001521_pruned_2	0.131558702896054	16	0.544909587792251	0.777633615977142	0.263675550531136
aligned_OG0001521_pruned_3	-0.217194588511667	19	0.271332121892765	0.56209024528444	-0.56649878885919
aligned_OG0001522_pruned	0.159363814577919	35	0.261791349277442	0.551056031826844	0.582044708523017
aligned_OG0001523_pruned_2	-0.212132034355964	16	0.328971774410624	0.616485446851105	-0.482841362668789
aligned_OG0001524_pruned_1	0.0918995280025133	53	0.421348232697489	0.69697050585003	0.375358823343164
aligned_OG0001524_pruned_2	-0.263533967546176	46	0.0321938760475821	0.18958667856935	-1.49222673239368
aligned_OG0001525_pruned	-0.054318676335168	121	0.467980612760086	0.728853974950744	-0.329772138262876
aligned_OG0001526_pruned	-0.186426276742831	122	0.0123724188884546	0.113282446476961	-1.90754538467074
aligned_OG0001527_pruned_1	-0.0721327262976397	78	0.441124904965938	0.711610149596677	-0.355438422194509
aligned_OG0001527_pruned_2	-0.108691670134736	34	0.451023354536067	0.717804562263206	-0.345800969245022
aligned_OG0001528_pruned	0.0610745945610428	65	0.552608639621384	0.782942888710507	0.257582329498115
aligned_OG0001529_pruned	0.00253331036475682	106	0.974756050069259	0.991728021724394	0.01110406057338
aligned_OG0001530_pruned_1	0.0941839423379257	71	0.337874848738497	0.625811949545916	0.471244135720302
aligned_OG0001530_pruned_2	-0.0878229774030361	34	0.542525461513689	0.775620278208548	-0.265579874925676
aligned_OG0001531_pruned	-0.0281096553110447	57	0.798415214750443	0.922886359517062	-0.0977711956445307
aligned_OG0001532_pruned_1	-0.435214576816157	27	0.00760913308785953	0.0857617616295746	-2.11866481978728
aligned_OG0001532_pruned_2	-0.0815368822681018	28	0.610140755643174	0.823261808059596	-0.21456996441956
aligned_OG0001536_pruned_1	-0.301940542438559	13	0.217043907756942	0.503760501236307	-0.66345239994127
aligned_OG0001536_pruned_2	-0.0671408132614542	33	0.646755973186752	0.841339430806829	-0.189259551617888
aligned_OG0001537_pruned	0.0734558619623596	26	0.658912733550481	0.849247754756908	0.181172099589702
aligned_OG0001538_pruned	-0.0478828670761853	28	0.764615990970611	0.905014023265231	-0.116556623505488
aligned_OG0001539_pruned	-0.153111800470191	15	0.496905847564768	0.745092163474556	-0.30372589246725
aligned_OG0001542_pruned	-0.184386852854653	63	0.0776956491220365	0.307700981508021	-1.10960330057099
aligned_OG0001544_pruned	-0.0285714285714286	50	0.80836515591451	0.926591105197347	-0.0923924147512302
aligned_OG0001545_pruned_1	0.0800390978763872	46	0.515333749015371	0.755473955318706	0.287911414823626
aligned_OG0001545_pruned_2	0.0855920985021826	14	0.715000654688089	0.877895407552104	0.145693560538368
aligned_OG0001545_pruned_3	-0.0456558647034432	38	0.737067246614641	0.889096524619152	-0.1324928873087
aligned_OG0001546_pruned	-0.322460829146623	18	0.112985206002217	0.369230379219993	-0.946978418217619
aligned_OG0001547_pruned_1	0.0603938441678774	48	0.615743868576716	0.825779054701119	0.210599904063047
aligned_OG0001547_pruned_2	-0.122286941433653	60	0.253895308177609	0.543549467462855	-0.5953453245355
aligned_OG0001548_pruned	0.18692490271989	85	0.0369793326914794	0.204129280763201	1.4320409301434
aligned_OG0001549_pruned	0.260933865409608	101	0.00147239485510024	0.0312551222740084	2.8319757087515
aligned_OG0001550_pruned	0.0826611893091645	80	0.371183343262466	0.658364414687946	0.430411520846239
aligned_OG0001551_pruned_1	-0.232773592320335	59	0.0313188008440664	0.186605719268124	-1.50419487486361
aligned_OG0001551_pruned_2	-0.105561558922697	39	0.431312842864894	0.703636585302957	-0.365207610014691
aligned_OG0001552_pruned	-0.0479471492944456	83	0.597093439536735	0.815348337071824	-0.223957700529235
aligned_OG0001553_pruned	0.385129218563305	21	0.0393087399538148	0.211535059574076	1.40551087731641
aligned_OG0001554_pruned	-0.2739093372383	56	0.0136637128681812	0.119862040232804	-1.86443127290468
aligned_OG0001555_pruned	0.136667537716189	99	0.0992091127211659	0.346578834766877	1.00344843447131
aligned_OG0001556_pruned	0.103509833901353	64	0.318056180358034	0.606857193183136	0.497496160944823
aligned_OG0001557_pruned_1	-0.0582983088130138	26	0.726091626504343	0.883983014053906	-0.139008571621714
aligned_OG0001557_pruned_2	-0.04325904563487	25	0.799098562922529	0.923383056124256	-0.0973996503563403
aligned_OG0001558_pruned_1	0.0180396269750382	62	0.864078933044275	0.949639050791753	0.0634465831926525
aligned_OG0001558_pruned_2	-0.165059802905072	40	0.212407110913967	0.499043618768827	-0.672830948141401
aligned_OG0001559_pruned	-0.0186601461841415	104	0.81744313595322	0.930453736924284	-0.0875424485767575
aligned_OG0001561_pruned_1	-0.145541187014951	56	0.190095661600711	0.473353800312851	-0.721027794572598
aligned_OG0001561_pruned_2	0.14358323741565	74	0.135584601912143	0.405019813983663	0.867789629674753
aligned_OG0001562_pruned	-0.139019044092571	26	0.403492256146503	0.684489076654867	-0.394164795874041
aligned_OG0001563_pruned	0.379597059911873	32	0.0108036845328454	0.104325765362927	1.96642810568088
aligned_OG0001564_pruned	-0.0309672325037108	102	0.70446033841851	0.872970408860364	-0.152143452931998
aligned_OG0001565_pruned	0.197955650430102	112	0.0109908081964542	0.105572657623197	1.95897037105649
aligned_OG0001566_pruned	-0.0371422152089572	84	0.68034954582676	0.859407536982068	-0.167267900793587
aligned_OG0001567_pruned_1	-0.0454475796958745	87	0.60778063100509	0.822271119855564	-0.216253144304848
aligned_OG0001567_pruned_2	0.101196123453153	31	0.504035866452505	0.750487759435724	0.297538558696953
aligned_OG0001568_pruned_1	0.212910363822738	66	0.0369267096290313	0.204112306260825	1.43265938862897
aligned_OG0001568_pruned_2	0.277188918323838	18	0.173070920804995	0.453118861457655	0.761775895699531
aligned_OG0001569_pruned	-0.120479086187186	131	0.0937354423145504	0.338703600740566	-1.02809616694299
aligned_OG0001570_pruned_1	-0.161216944468891	19	0.414216178242525	0.692516186861958	-0.382772942660716
aligned_OG0001570_pruned_2	0.174574312188794	21	0.350201389179296	0.63799872988247	0.455682135489278
aligned_OG0001571_pruned_1	-0.316677912530856	40	0.0167385937656004	0.135188645070456	-1.77628103054186
aligned_OG0001571_pruned_2	0.00758046991486615	55	0.946094231679476	0.979997079841189	0.0240656053949258
aligned_OG0001572_pruned_1	-0.0685172848206714	57	0.533590659475903	0.769321503295852	-0.272791781365829
aligned_OG0001572_pruned_2	0	13	1	1	0
aligned_OG0001573_pruned	0.1441511617483	103	0.0759873690201017	0.303991227382066	1.11925859220294
aligned_OG0001574_pruned_1	0.0181488502160157	24	0.916814948528089	0.968270540229821	0.0377183142135798
aligned_OG0001574_pruned_2	-0.241268655526195	23	0.174844433610415	0.453897286847709	-0.757348189438591
aligned_OG0001574_pruned_3	0.223606797749979	10	0.433421930956074	0.706105436298481	0.363089117353455
aligned_OG0001575_pruned_1	-0.00593599879950372	44	0.96240128706151	0.986380035345559	-0.0166438048667384
aligned_OG0001575_pruned_2	0.147938204419578	66	0.147105805272597	0.420360034611372	0.832370188264266
aligned_OG0001576_pruned	-0.0663808977521674	119	0.379155730462215	0.663263428236256	-0.421182375812691
aligned_OG0001577_pruned	0.102382876858246	120	0.173131311473279	0.453118861457655	0.761624381169497
aligned_OG0001578_pruned	0.117898061950258	124	0.110712235785051	0.365013104573916	0.955804378757466
aligned_OG0001579_pruned	0.0816679164378001	92	0.342616135031773	0.630096143678856	0.465192188392514
aligned_OG0001580_pruned_1	0.26018717958626	57	0.0180784153962847	0.140930345289452	1.74283963883903
aligned_OG0001580_pruned_2	0.355334527259351	12	0.16551785869747	0.441754052844285	0.781155140768423
aligned_OG0001580_pruned_3	-0.152894157431288	11	0.570750388058174	0.79529872897176	-0.243553784557015
aligned_OG0001581_pruned	0.031976098680234	94	0.707156976850311	0.874332044561299	0.150484169495094
aligned_OG0001582_pruned	0.0579217518999101	42	0.653488838407196	0.845366639450481	0.18476182577213
aligned_OG0001583_pruned_1	-0.112468517421864	49	0.344793904694396	0.632353758206523	-0.462440420286384
aligned_OG0001583_pruned_2	0.0681005224606999	25	0.688664324768293	0.865406446088703	0.161992414412058
aligned_OG0001584_pruned	-0.250386390775701	30	0.104256846034505	0.353067021384757	-0.98189541743441
aligned_OG0001585_pruned	0.010939213671969	133	0.878119950004987	0.955836650618375	0.0564461559991953
aligned_OG0001586_pruned	0.349445520904647	123	2.50022380378738e-06	0.000455103237884398	5.60202111436814
aligned_OG0001587_pruned	0.129211530524376	120	0.0855837856786883	0.321675429971269	1.06760850702009
aligned_OG0001588_pruned_1	0.121739528586704	40	0.357727970193413	0.645268969589659	0.44644710171361
aligned_OG0001588_pruned_2	0.362287461259064	36	0.00961696509797739	0.0994562875118294	2.01696196009857
aligned_OG0001588_pruned_3	-0.162606641934502	54	0.150830255552138	0.426317969982577	-0.821511533125582
aligned_OG0001589_pruned	-0.240836010900007	104	0.00288950134538185	0.0473839173327146	-2.53917709898553
aligned_OG0001590_pruned	-0.167179617954914	96	0.0471038015506116	0.233625871314716	-1.3269440413673
aligned_OG0001591_pruned	-0.0795803853682705	127	0.27581561369675	0.566176874741625	-0.559381152408156
aligned_OG0001592_pruned_1	0.201455741006345	22	0.268806743547665	0.559514551106504	0.570559840347367
aligned_OG0001592_pruned_2	0.259513674682756	37	0.0598674565079311	0.265916866027704	1.22280919263159
aligned_OG0001593_pruned_1	0.105513363270829	46	0.391108392993292	0.674396960157009	0.407702864202401
aligned_OG0001593_pruned_2	-0.116020569730361	31	0.443657055911713	0.71303399735652	-0.352952607080566
aligned_OG0001595_pruned_1	0.141205933969407	75	0.139440719679229	0.409217202734571	0.855610384418491
aligned_OG0001596_pruned	0.0737913253516667	130	0.306523700358268	0.598337550216769	0.51353594027483
aligned_OG0001597_pruned	0.18984757031862	86	0.0330623542686629	0.192581601144108	1.48066622488781
aligned_OG0001598_pruned	-0.435285750066007	19	0.0274863361115103	0.174327537654971	-1.56088314711911
aligned_OG0001599_pruned	-0.0414498801761828	93	0.628152480072225	0.829749311938655	-0.201934921205606
aligned_OG0001600_pruned_1	0.0306614699878849	61	0.772944972839907	0.909131602160686	0.111851423083785
aligned_OG0001600_pruned_2	-0.102019076213882	63	0.329005071046075	0.616485446851105	-0.482797408097579
aligned_OG0001601_pruned_1	0.134965158207145	50	0.25192548560916	0.541561694927751	0.598727895623934
aligned_OG0001601_pruned_2	0.0437631059465752	55	0.696288524574138	0.869245420868885	0.15721076230711
aligned_OG0001602_pruned_1	-0.0959901845315858	43	0.451335283420347	0.717804562263206	-0.345500713907761
aligned_OG0001602_pruned_2	-0.169705627484771	25	0.318056180358034	0.606857193183136	-0.497496160944823
aligned_OG0001603_pruned	0.0537522552903738	115	0.484011218084064	0.738337665801397	0.315144572455698
aligned_OG0001604_pruned	-0.240454979415536	80	0.00928631023307439	0.0968676573166399	-2.03215681170347
aligned_OG0001605_pruned	0.345288264918825	15	0.125506471437469	0.391582275782293	0.901333880261644
aligned_OG0001606_pruned	0.00481392739065583	32	0.974212546185407	0.991507065805975	0.011346281760753
aligned_OG0001607_pruned	-0.203107007514224	102	0.0128541720624755	0.115974258719807	-1.89095589103807
aligned_OG0001608_pruned	-0.0336582058446973	47	0.782042438548935	0.914413199787184	-0.106769678746383
aligned_OG0001609_pruned_1	0.409550152401109	54	0.0002965290802597	0.0114096315079976	3.52793270945984
aligned_OG0001609_pruned_2	0.330759292237889	13	0.176296374440511	0.454841732495957	0.753756618935336
aligned_OG0001610_pruned	0.0625856534203438	104	0.438804216358974	0.710143031631405	0.357729208051203
aligned_OG0001611_pruned	0.0257347774186536	78	0.783456073480783	0.915331141048392	0.105985348371776
aligned_OG0001612_pruned	-0.243097440996517	100	0.00320150075932741	0.0504696053649976	-2.49464639083445
aligned_OG0001614_pruned_1	0.239552497338943	31	0.11372747010875	0.370326346092042	0.944134621717618
aligned_OG0001614_pruned_2	0.196618959928084	44	0.118419942708124	0.37826459118994	0.926575153366766
aligned_OG0001615_pruned	0.0706293908510567	132	0.323964918847975	0.61345398012879	0.489502015644063
aligned_OG0001616_pruned	-0.0128372719267037	73	0.894585369841462	0.962843557713506	-0.048378208610352
aligned_OG0001617_pruned_1	-0.060744391085693	54	0.591497320558815	0.811511586770065	-0.228047218354997
aligned_OG0001617_pruned_2	0.0588268940247865	37	0.669698596194836	0.853923654790078	0.174120611419913
aligned_OG0001618_pruned_1	0.153879022589446	58	0.158317950849103	0.435551631343347	0.800469839953039
aligned_OG0001618_pruned_2	0.190276643466693	65	0.0642926275271219	0.275663212240234	1.19183882502072
aligned_OG0001619_pruned_1	-0.00943280799951131	37	0.945468370643846	0.979997079841189	-0.0243529953061003
aligned_OG0001619_pruned_2	0.192707204192867	34	0.18144920772142	0.463017850948405	0.74124492375974
aligned_OG0001620_pruned_1	-0.0845577149053068	37	0.539784210264512	0.773503018094058	-0.267779823549951
aligned_OG0001620_pruned_2	-0.317820863081864	11	0.238592829316435	0.527740456105391	-0.62234261278261
aligned_OG0001620_pruned_3	0.336205574067695	16	0.121827699998635	0.38499456757381	0.91425395481624
aligned_OG0001621_pruned	0.116071887554156	94	0.172664540569747	0.452545183545116	0.762796842606735
aligned_OG0001622_pruned	-0.00931533727968469	108	0.906485952218153	0.966478040464662	-0.0426389217630799
aligned_OG0001623_pruned	0.436519702361131	26	0.0087119129623796	0.0932815268810086	2.05988647211214
aligned_OG0001624_pruned_1	-0.236944664487874	74	0.0137834822278886	0.12018866359432	-1.86064104938724
aligned_OG0001624_pruned_2	0.27578838786788	52	0.0168805757622502	0.135809361464026	1.77261274455256
aligned_OG0001625_pruned	-0.107267515667768	108	0.176148624018267	0.454841732495957	-0.754120744952837
aligned_OG0001626_pruned	0.157125239256799	122	0.0350137699734571	0.198687007539921	1.4557611257239
aligned_OG0001627_pruned	-0.139626787118938	68	0.1646582685618	0.441450302577422	-0.783416455656002
aligned_OG0001628_pruned	-0.13333700521627	111	0.0881792222478524	0.326878116406184	-1.05463373602632
aligned_OG0001629_pruned_1	-0.0416125189288239	22	0.819322777151339	0.931525474771846	-0.0865449715977749
aligned_OG0001629_pruned_2	-0.105705293148905	24	0.542966152730253	0.775620278208548	-0.265227242493366
aligned_OG0001630_pruned	0.202316082300726	47	0.0963193241116727	0.342404467403951	1.01628657359041
aligned_OG0001631_pruned	0.184912378863009	97	0.0272722841689667	0.173848085535251	1.56427848653822
aligned_OG0001632_pruned	-0.158423606876268	25	0.351293754375733	0.63836202303993	-0.454329571427066
aligned_OG0001633_pruned	-0.0714799529954991	100	0.386086716431592	0.670106646564582	-0.413315140307319
aligned_OG0001634_pruned	0.19510028674201	107	0.0143370788960271	0.122954383323879	1.84353932485824
aligned_OG0001635_pruned	-0.174553871424754	95	0.0392183293617668	0.211204627280343	-1.40651091052594
aligned_OG0001636_pruned	-0.0133466393327773	128	0.854407881530515	0.944427476153587	-0.0683347541247135
aligned_OG0001637_pruned_1	-0.0166442925397635	54	0.883092712370276	0.958728208458064	-0.0539936991889791
aligned_OG0001637_pruned_2	-0.179398740368981	30	0.244433985034296	0.533744222034632	-0.611838411822423
aligned_OG0001637_pruned_3	-0.4178818259491	36	0.0028205755513182	0.0469945322406128	-2.54966226286603
aligned_OG0001638_pruned_1	-0.106686989933816	42	0.408308372373108	0.687215270284003	-0.389011714766785
aligned_OG0001638_pruned_2	0.0710071602496726	35	0.617075077451974	0.826023348598955	0.209661993601259
aligned_OG0001638_pruned_3	-0.108847605952017	39	0.417110671444184	0.694802745089248	-0.379748698933749
aligned_OG0001639_pruned	0.316716841833356	96	0.00016908895273192	0.007777175818108	3.7718847656979
aligned_OG0001640_pruned_2	0.434248118673448	21	0.0201367515503463	0.149607844936808	1.69601058827826
aligned_OG0001641_pruned	0.222772270570073	102	0.00635928419226744	0.0763773836740186	2.19659176624525
aligned_OG0001642_pruned	-0.0216348942698752	124	0.769758643400154	0.907629584226157	-0.113645425828575
aligned_OG0001643_pruned	-0.150485806956665	104	0.0626622546892319	0.272247600237886	-1.20299398255557
aligned_OG0001644_pruned	-0.177942152300294	83	0.0497983658117665	0.240125870065394	-1.3027849088583
aligned_OG0001645_pruned	0.112034389650737	82	0.219649722587454	0.506531908596149	0.658269340902253
aligned_OG0001646_pruned	-0.181403936499123	108	0.0221599765626556	0.157411501807507	-1.65443070327189
aligned_OG0001647_pruned_1	0.0186190901647024	43	0.883846057146513	0.958915682027084	0.053623371133747
aligned_OG0001647_pruned_2	-0.280042838629146	23	0.115290617071394	0.374578751850431	-0.938206036330049
aligned_OG0001647_pruned_3	0.0260820265478651	15	0.907868500949536	0.966478040464662	0.0419770517517728
aligned_OG0001648_pruned_1	-0.107514617554844	50	0.361419086402869	0.649751201999824	-0.441988916245013
aligned_OG0001648_pruned_2	0.266649865062097	32	0.0733659268028147	0.297946292406483	1.1345055918175
aligned_OG0001649_pruned_1	0.162032544430264	45	0.192926043342277	0.475735605282443	0.714609142411074
aligned_OG0001649_pruned_2	0.141832892023822	42	0.271649698086427	0.562377438660016	0.565990773308234
aligned_OG0001651_pruned	-0.0796956020572561	98	0.338846022154715	0.627132152340742	-0.469997608345919
aligned_OG0001652_pruned	0.31346752882753	112	5.65201205461168e-05	0.00367431247943104	4.24779692055919
aligned_OG0001653_pruned	-0.285589094720889	31	0.0593464387919199	0.264768027477922	-1.22660533668279
aligned_OG0001654_pruned	0.00527246210634956	109	0.946739525207886	0.979997079841189	0.0237694912449817
aligned_OG0001655_pruned_1	-0.322433888937783	19	0.102470434859749	0.350275697752975	-0.98940142074879
aligned_OG0001655_pruned_2	0.0571661950475029	18	0.778729004587343	0.912658469523185	0.108613649244208
aligned_OG0001656_pruned	-0.0718333728171297	122	0.335140630439602	0.623284528794571	-0.474772917715157
aligned_OG0001657_pruned	-0.14979858996743	86	0.0926241034774322	0.336189480268785	-1.0332759825936
aligned_OG0001658_pruned	0.0754851356096397	27	0.643428843563621	0.839420428236288	0.191499474488224
aligned_OG0001659_pruned	0.0914818504783086	43	0.472870776495609	0.731714135153386	0.325257524637275
aligned_OG0001660_pruned	0.0322880427019826	136	0.647105516046703	0.841502993808903	0.189024898155794
aligned_OG0001661_pruned_1	-0.239625174237388	50	0.041939755047624	0.219212746950288	-1.3773741103937
aligned_OG0001661_pruned_2	-0.202035183757062	73	0.0370351470982548	0.204148066041212	-1.43138592605401
aligned_OG0001662_pruned	-0.0522020290251642	67	0.606154529364398	0.821398465377926	-0.217416645313821
aligned_OG0001663_pruned	0.144721166628336	100	0.0792887054551619	0.309544806658999	1.10078867280658
aligned_OG0001664_pruned	0.184542972224046	51	0.113479091322219	0.370188068568765	0.945084150452198
aligned_OG0001665_pruned	0.290757083991947	68	0.00380814607886454	0.0554542232004254	2.41928640061635
aligned_OG0001666_pruned_1	-0.12195129223686	56	0.272240229588956	0.563279656617559	-0.565047697657565
aligned_OG0001666_pruned_2	-0.0294523980635572	35	0.835705026995279	0.938422230110218	-0.0779469854243733
aligned_OG0001667_pruned	0.124749640537627	121	0.0955504903832286	0.341274063985984	1.01976707972165
aligned_OG0001668_pruned	0.0899424029829187	120	0.231427543095572	0.520603679125199	0.635584955226179
aligned_OG0001669_pruned	-0.102500271023764	77	0.276875365974926	0.567068787528392	-0.557715682380356
aligned_OG0001670_pruned	0.0288742991159212	127	0.692545986619105	0.867250094687792	0.159551383170633
aligned_OG0001671_pruned	0.0449186654179797	126	0.540109231597423	0.773664236722573	0.267518399653528
aligned_OG0001672_pruned	0.0471616469223689	107	0.553900033504235	0.783400571861758	0.256568608583766
aligned_OG0001673_pruned	0.181974453283246	47	0.134714983934204	0.403986876534683	0.870584096348082
aligned_OG0001674_pruned	0.125445983107755	120	0.0951040742850542	0.34077399845939	1.02180087736738
aligned_OG0001675_pruned	0.0278179223189972	127	0.703250445469946	0.872416854736923	0.152889984061335
aligned_OG0001676_pruned	0.209328295743838	114	0.00665935585848377	0.0780240526216906	2.17656777693108
aligned_OG0001677_pruned	0.0880477361784722	129	0.224242634411556	0.513108303315693	0.649281813108629
aligned_OG0001678_pruned	-0.0423697082147248	105	0.598405160957129	0.816373988557028	-0.223004669546106
aligned_OG0001679_pruned	-0.0938596563154843	107	0.238783367849923	0.527740456105391	-0.621995926715859
aligned_OG0001680_pruned	-0.0313779782052537	108	0.692329680433429	0.86716882904452	-0.15968704962191
aligned_OG0001681_pruned_1	-0.189585757112964	58	0.0821917875924322	0.314801261920532	-1.08517157396198
aligned_OG0001681_pruned_2	-0.0606339062590832	17	0.772829992684448	0.909131602160686	-0.111916031772954
aligned_OG0001682_pruned_1	0.111904761904762	49	0.347217560677249	0.634561008858196	0.459398318310155
aligned_OG0001682_pruned_2	-0.0946656916317601	38	0.486339141292764	0.740101651285481	-0.313060776363557
aligned_OG0001683_pruned	-0.0509469086525167	54	0.652632415718273	0.845218181936099	-0.185331358960729
aligned_OG0001684_pruned	-0.133151852021611	102	0.102905344311985	0.351267677750981	-0.987562069893217
aligned_OG0001685_pruned	0.136979511517271	100	0.096722264541171	0.34296780687106	1.01447354396882
aligned_OG0001686_pruned	-0.0136540944394503	129	0.850510113346326	0.942447531195758	-0.0703205178604779
aligned_OG0001687_pruned	0.0565694660855831	88	0.520490456224004	0.759609342907792	0.283587229356617
aligned_OG0001688_pruned	-0.185042526934945	116	0.0155236471938454	0.128207948779531	-1.80900623603684
aligned_OG0001689_pruned	0.2150002860172	129	0.00300084811056265	0.0481259363282085	2.52275598605262
aligned_OG0001690_pruned	-0.111490869903329	86	0.210696279449284	0.496465893420789	-0.676343133252421
aligned_OG0001691_pruned	0.194023899514427	84	0.0313864991655147	0.186856173691016	1.50325712258883
aligned_OG0001692_pruned	0.0429064688523545	98	0.606600679623281	0.821398465377926	0.217097107450223
aligned_OG0001693_pruned	0.186050636818965	102	0.0226749815618038	0.159205921650428	1.64445305741495
aligned_OG0001694_pruned_1	-0.177035700134068	46	0.150167484873575	0.42460949800563	-0.82342409308864
aligned_OG0001694_pruned_2	-0.215827661202636	56	0.0520065023607447	0.246042458537091	-1.28394235323356
aligned_OG0001695_pruned	0.0703313950014702	124	0.341356776757868	0.628424447932753	0.46679147093056
aligned_OG0001696_pruned	-0.195345435587264	109	0.0133230906752213	0.118650742687201	-1.87539501634488
aligned_OG0001697_pruned	-0.152576294970138	99	0.0656777665802852	0.278671222885231	-1.18258162413389
aligned_OG0001698_pruned	0.228711671855346	131	0.00146431582495696	0.0311745132207942	2.83436524414956
aligned_OG0001699_pruned	-0.0992592965419058	114	0.198217211359818	0.481110594855921	-0.702858638074436
aligned_OG0001700_pruned	0.233892457923527	95	0.00573050634445846	0.071813798096389	2.24180700231032
aligned_OG0001701_pruned_1	-0.0246262950446062	57	0.822952195153827	0.933736942385927	-0.0846253919856625
aligned_OG0001701_pruned_2	-0.052495065695726	28	0.742710487036958	0.891914078198266	-0.12918044382356
aligned_OG0001702_pruned	0.092241942586509	99	0.26580799732017	0.557255406993422	0.575431956652239
aligned_OG0001703_pruned_1	0.195793025985514	56	0.0779494748738133	0.30791568230855	1.10818680619898
aligned_OG0001703_pruned_2	0.160845770350797	23	0.365712296281513	0.653917295978806	0.436860437207945
aligned_OG0001703_pruned_3	0.284521318976946	21	0.127869410215738	0.39411641558457	0.893233337956385
aligned_OG0001704_pruned	-0.00394578130788472	93	0.963226385212773	0.986808964504601	-0.0162716294963785
aligned_OG0001705_pruned	0.105476292461545	102	0.196377613855623	0.479968246553472	0.70690802130006
aligned_OG0001706_pruned	0.0114605932661387	126	0.875787430452426	0.95454616287869	0.0576012922157419
aligned_OG0001707_pruned	-0.00933619913756138	82	0.918527811069892	0.969536423009987	-0.0369076896452308
aligned_OG0001708_pruned_1	-0.093516698073737	62	0.37485714268334	0.660695922507238	-0.426134209511995
aligned_OG0001708_pruned_2	0.0155080701733078	22	0.93216149611896	0.974275248375257	0.0305088400093362
aligned_OG0001709_pruned	0.187653710912163	107	0.0185105940736601	0.142490591425164	1.73257964290176
aligned_OG0001710_pruned_1	0.0963846032628246	37	0.484615968556301	0.738795826436019	0.3146022795472
aligned_OG0001710_pruned_2	-0.0340502612303499	25	0.841219241177106	0.939264159305194	-0.075090802270221
aligned_OG0001711_pruned	-0.114346204935874	120	0.128163537860147	0.394152305492707	-0.892235512714793
aligned_OG0001712_pruned	0.067226607481408	48	0.576384338733973	0.799210506631509	0.239287828159609
aligned_OG0001713_pruned_1	-0.169790543991204	37	0.218257785039783	0.505469458326418	-0.661030256490571
aligned_OG0001713_pruned_2	0.20869967789998	10	0.464702099940465	0.725773603417622	0.332825364985096
aligned_OG0001714_pruned	-0.0180358367392626	31	0.905209893724817	0.966478040464662	-0.0432507079579054
aligned_OG0001715_pruned	0.000352212964215783	127	0.99615167720917	1	0.00167452948821376
aligned_OG0001716_pruned	-0.0886793527422219	105	0.270301791634781	0.56126781169911	-0.5681510756682
aligned_OG0001717_pruned_1	-0.382235393578219	45	0.00213088672059669	0.0394783364189936	-2.67143963706544
aligned_OG0001717_pruned_2	0.288526140967032	19	0.143942851422932	0.416093949443064	0.841809898445946
aligned_OG0001717_pruned_3	-0.22131694743641	45	0.0753485795557433	0.302599563014543	-1.12292493043518
aligned_OG0001718_pruned_1	0.373364328316172	32	0.0121715013478897	0.11197260562724	1.9146558484841
aligned_OG0001718_pruned_2	0.0664015894074663	21	0.722338991965049	0.881880649755579	0.141258941226928
aligned_OG0001719_pruned	0.138627509943676	106	0.0833425556128482	0.316710410969284	1.07913318648564
aligned_OG0001720_pruned	0.101273936708367	105	0.208055485433531	0.492795051867775	0.681820829440329
aligned_OG0001721_pruned_1	0.129526889833244	80	0.161133568139568	0.436423159830753	0.792813975787186
aligned_OG0001721_pruned_2	0.349954290962692	46	0.00444928394753017	0.0614364999154393	2.35170987725702
aligned_OG0001722_pruned	-0.087833933192491	40	0.506973792229014	0.751971303674708	-0.295014490734727
aligned_OG0001723_pruned_1	-0.163086270672541	60	0.128110000611248	0.394152305492707	-0.892416966736539
aligned_OG0001723_pruned_2	-0.124166546246583	58	0.254974541098449	0.544738742293957	-0.593503181183448
aligned_OG0001724_pruned	0.382105825133813	109	1.29020856639207e-06	0.000302609073368326	5.88934007891658
aligned_OG0001725_pruned	0.103129928865162	119	0.171836785844547	0.451567407331736	0.764883859252372
aligned_OG0001726_pruned	0.0388038739841194	23	0.827259346562711	0.936017917998928	0.0823583173833652
aligned_OG0001727_pruned	0.110991658529102	118	0.143142973763795	0.41532989314501	0.844229964656021
aligned_OG0001728_pruned	0.0862178454119513	54	0.446226186999543	0.715595324469439	0.35044494652264
aligned_OG0001729_pruned	-0.0279020029706724	105	0.728705392914353	0.886204103191816	-0.137448016389468
aligned_OG0001730_pruned_1	0.202033807448511	33	0.167896797683469	0.44469137283861	0.774957587135695
aligned_OG0001730_pruned_2	0.242091013067521	14	0.301699582478348	0.593695854060771	0.520425290844153
aligned_OG0001731_pruned	0.327027883070944	82	0.000339735072119361	0.0123900701012678	3.46885961697551
aligned_OG0001732_pruned	-0.386509406224541	38	0.00447928738979912	0.0616515907091255	-2.34879107245152
aligned_OG0001733_pruned_1	-0.0959704492964982	47	0.430203978107873	0.702627896950073	-0.366325577997115
aligned_OG0001733_pruned_2	0.0593988704139364	32	0.689994877261632	0.865882919914158	0.161154133589214
aligned_OG0001734_pruned	0.0428178872372266	108	0.589224796028762	0.809919905585315	0.229718985264789
aligned_OG0001735_pruned	0.0765437941511687	118	0.312612621418641	0.603222279015355	0.504993491762082
aligned_OG0001736_pruned_1	-0.0676456164779375	62	0.520930052069535	0.759946245064774	-0.283220587717048
aligned_OG0001736_pruned_2	-0.105550082730187	17	0.615302555690511	0.825550522135087	-0.21091128104397
aligned_OG0001737_pruned_1	0.206115647466947	52	0.0741498977382223	0.299638443589617	1.12988944358039
aligned_OG0001737_pruned_2	0.212258821904221	49	0.0745905188578343	0.300555870346141	1.12731637184914
aligned_OG0001738_pruned_1	0.194255480328434	41	0.137100533003806	0.406942103873099	0.862960856806681
aligned_OG0001739_pruned	-0.071780589476391	84	0.425916113820819	0.699705601247605	-0.370675928813124
aligned_OG0001740_pruned	0.382484319191677	115	6.35757104809048e-07	0.000214361290197683	6.19670877773169
aligned_OG0001741_pruned	0.163773882297194	60	0.126509364377545	0.39284037678594	0.897877326290754
aligned_OG0001744_pruned_1	-0.090248525639428	18	0.657347965875579	0.848157104295604	-0.182204676627213
aligned_OG0001744_pruned_2	-0.0652154650726025	19	0.741181505873604	0.890812569208602	-0.130075425830808
aligned_OG0001745_pruned_2	0.131656117720877	26	0.428853661000839	0.70120896154213	0.367690878122937
aligned_OG0001747_pruned	0.158670090466207	103	0.0507980256268016	0.243231059534683	1.29415316716586
aligned_OG0001748_pruned_1	-0.149417766475105	44	0.235387770428575	0.524596986988202	-0.628216104675915
aligned_OG0001748_pruned_2	0.0772088032191448	28	0.629232155703355	0.83044233942159	0.2011890916945
aligned_OG0001749_pruned	-0.0182482967150453	22	0.92021167732356	0.970401183316091	-0.0361122599160307
aligned_OG0001750_pruned_1	-0.0916263479198925	58	0.400895222256302	0.682657867224814	-0.39696911950425
aligned_OG0001750_pruned_2	-0.0976142201738501	31	0.519249062248657	0.758405701551147	-0.284624279117565
aligned_OG0001751_pruned_1	0.0435503556309342	38	0.748774041706547	0.896462583108193	0.125649220011161
aligned_OG0001751_pruned_2	0.0868114732282431	26	0.601898702213904	0.818838649256247	0.220476593079842
aligned_OG0001752_pruned	0.472274180292629	57	1.77880110202347e-05	0.00177417134573053	4.74987261016387
aligned_OG0001753_pruned	-0.13086468563154	92	0.128337173532101	0.394437720762865	-0.891647529739615
aligned_OG0001754_pruned	0.158962230168396	115	0.038478424690833	0.209630642919605	1.41478271631413
aligned_OG0001755_pruned_1	0.0710669054518702	25	0.675858648133198	0.856679054992394	0.170144124701583
aligned_OG0001755_pruned_2	-0.432135815701443	18	0.0336720688563458	0.19449592818879	-1.47273019916606
aligned_OG0001756_pruned	0.0342347559137043	132	0.632586150459916	0.831985561171064	0.198880320552887
aligned_OG0001757_pruned	0.128008871372805	116	0.0941190636930565	0.338912414811644	1.02632240188447
aligned_OG0001758_pruned	-0.381694978890958	41	0.00348700489214138	0.0529893761836909	-2.45754744332419
aligned_OG0001760_pruned_1	0.0222982854160354	79	0.810577845672926	0.927471307656138	0.0912052703617603
aligned_OG0001760_pruned_2	0.17778975055469	33	0.224933301364908	0.513881194614965	0.64794624252625
aligned_OG0001761_pruned	-0.143799327135763	32	0.334239820466315	0.622244984100035	-0.475941810640782
aligned_OG0001762_pruned	0.20193071611161	36	0.148958613174544	0.422668613610233	0.826934379686085
aligned_OG0001763_pruned	0.006491506980871	96	0.93855128951762	0.976784848672935	0.0275419892697629
aligned_OG0001764_pruned	-0.302054833269472	124	4.38137102230356e-05	0.00319007624133922	-4.35838996843415
aligned_OG0001765_pruned	0.349693790745199	112	7.04715017513581e-06	0.00092279005390839	5.15198647356618
aligned_OG0001766_pruned	0.0600945638298235	113	0.438049726713584	0.709395031183631	0.358476586273315
aligned_OG0001767_pruned	0.0307719848310266	44	0.80694098000534	0.925979082020313	0.0931582285931086
aligned_OG0001768_pruned	0.320739187461754	65	0.00181656339206252	0.0353585358980983	2.74074944209382
aligned_OG0001769_pruned	0.251581969897019	107	0.00159069805817381	0.0330910644616101	2.7984122490861
aligned_OG0001770_pruned	0.234395727571633	59	0.0301585268540305	0.18298686168683	1.5205898761574
aligned_OG0001771_pruned	0.317590458003636	100	0.000117651550156623	0.00620739809195924	3.92940234626074
aligned_OG0001772_pruned	0.36966111804412	88	2.67987757380833e-05	0.00237097150070648	4.57188504561074
aligned_OG0001773_pruned	0.296757440512889	91	0.00060531978694218	0.0179891157907184	3.21801512945875
aligned_OG0001774_pruned_1	-0.115875407116543	24	0.504859827969244	0.750640066866258	-0.296829185029172
aligned_OG0001775_pruned_1	0.0935049164424369	61	0.378922862869269	0.663263428236256	0.42144919013696
aligned_OG0001775_pruned_2	-0.128844581122838	35	0.364266831981052	0.652569042474914	-0.438580371287287
aligned_OG0001776_pruned_1	0.0891254154088169	67	0.378728200464275	0.663184229817312	0.421672355692384
aligned_OG0001776_pruned_2	0.159164485150844	20	0.406975413438649	0.68604194679923	0.390431826967546
aligned_OG0001776_pruned_3	0.105971442021255	34	0.462432726450476	0.724859565400628	0.334951438398261
aligned_OG0001777_pruned	-0.143838990445615	30	0.350687536047984	0.638179442630685	-0.45507966931033
aligned_OG0001778_pruned	-0.0441332233419191	85	0.622361976261416	0.827938625422039	-0.205956948801612
aligned_OG0001779_pruned	0.0722576215396174	92	0.401100172502095	0.682657867224814	0.396747151240263
aligned_OG0001780_pruned_1	0.234974048925694	94	0.00576889543221907	0.0719209119101525	2.23890733305119
aligned_OG0001780_pruned_2	-0.0151007561641293	24	0.930747169066599	0.974275248375257	-0.0311682760449709
aligned_OG0001781_pruned	-0.0361360148873752	126	0.622110925334886	0.827775885848558	-0.206132171634359
aligned_OG0001782_pruned	0.0969762275752854	33	0.508024532682368	0.751971303674708	0.294115314977258
aligned_OG0001783_pruned_1	-0.229426979464249	51	0.04910274854688	0.238662958724855	-1.30889419738142
aligned_OG0001783_pruned_2	0.0405220449236554	29	0.796253414737639	0.921557957829399	0.0989486921780576
aligned_OG0001784_pruned	0.129781151612681	134	0.0678073204411826	0.284015151808363	1.16872341740741
aligned_OG0001785_pruned	0.293041124712997	117	0.000118570064380142	0.00621040568385288	3.92602494432384
aligned_OG0001786_pruned_1	0.139727626201154	41	0.284906092941291	0.576703158939544	0.545298262931509
aligned_OG0001786_pruned_2	0.255968876076889	37	0.0634443401287788	0.274141873923397	1.19760711526317
aligned_OG0001787_pruned	0.104750111005257	120	0.163406044697833	0.439674579247939	0.786731882134339
aligned_OG0001788_pruned	0.334250128421733	108	2.49669173429127e-05	0.00227230156467184	4.60263507653566
aligned_OG0001789_pruned_1	-0.0815162766949941	61	0.443040249959645	0.712721179840075	-0.353556816573076
aligned_OG0001789_pruned_2	-0.195401684183679	25	0.250291066431589	0.539481721340556	-0.601554651265545
aligned_OG0001790_pruned_1	0.159189868212189	45	0.200851231813764	0.48343729548298	0.697125500410877
aligned_OG0001790_pruned_2	-0.290190500044005	20	0.130570018115736	0.398274110557468	-0.88415653563166
aligned_OG0001792_pruned	0.449485798065288	109	1.23403599349529e-08	1.19726175184092e-05	7.90867217292156
aligned_OG0001793_pruned	0.35404713957744	101	1.59699690254992e-05	0.00163770907710788	4.79669592619513
aligned_OG0001794_pruned	0.183204152021241	108	0.0208706441710633	0.152314324746198	1.68046414625698
aligned_OG0001795_pruned_1	-0.179266654855785	40	0.175640053245765	0.454777819232722	-0.755376439910064
aligned_OG0001795_pruned_2	0	25	1	1	0
aligned_OG0001796_pruned_1	-0.22825404157005	47	0.0606324474706204	0.267879156573778	-1.21729490081448
aligned_OG0001796_pruned_2	0.108469174142337	62	0.303338191298174	0.594913817591821	0.518072907111439
aligned_OG0001797_pruned	0.196387039879349	58	0.0717877756954067	0.294107536212719	1.14394950283317
aligned_OG0001798_pruned_1	0.0986927542439653	33	0.500544623244332	0.74773602828108	0.30055719937365
aligned_OG0001798_pruned_2	-0.0671519136687817	22	0.712422249878667	0.877244444675558	-0.147262525412286
aligned_OG0001799_pruned	0.271768996520052	69	0.00642904710322238	0.076486751566278	2.1918533923137
aligned_OG0001800_pruned	-0.041306788043962	91	0.633129998047403	0.832097385520422	-0.198507108879708
aligned_OG0001801_pruned	0.272794500040836	138	9.75964732091932e-05	0.00540747096202644	4.01056587591384
aligned_OG0001802_pruned_1	0.398962499287518	28	0.0126020249399363	0.114550990746163	1.89955966523303
aligned_OG0001802_pruned_2	0.451407444512896	19	0.02224312059135	0.157541012670836	1.65280428361284
aligned_OG0001803_pruned	0.0428460446527783	118	0.571924755513822	0.79529872897176	0.242661104799077
aligned_OG0001804_pruned	0.258025464047856	119	0.000629737392144329	0.0184883788395277	3.20084051867218
aligned_OG0001805_pruned	-0.132796258705107	51	0.254729228589725	0.544534208268288	-0.593921219594942
aligned_OG0001806_pruned	0.225708585006511	132	0.00162138975935579	0.0333484147962415	2.7901125742997
aligned_OG0001807_pruned_1	0.544454303371251	24	0.00172833041819614	0.0346665944211737	2.76237322650901
aligned_OG0001807_pruned_2	0	33	1	1	0
aligned_OG0001808_pruned	0.361048608105691	108	5.28752748498209e-06	0.000758921176580125	5.27674736211429
aligned_OG0001809_pruned_2	-0.164139226771711	22	0.367599028713057	0.655807059678176	-0.434625644797126
aligned_OG0001810_pruned_1	-0.121508202285859	45	0.328891747580515	0.616485446851105	-0.482947023523147
aligned_OG0001810_pruned_2	0	16	1	1	0
aligned_OG0001810_pruned_3	-0.172560961956171	43	0.175734335644225	0.454841732495957	-0.755143376103086
aligned_OG0001811_pruned	0.0443478791728512	125	0.546894895808507	0.779702709297384	0.262096129893864
aligned_OG0001812_pruned	-0.0490332785387884	105	0.542173321331297	0.775400501397206	-0.265861856515148
aligned_OG0001813_pruned_1	-0.0142857142857143	49	0.904483147958832	0.966478040464662	-0.0435995203648836
aligned_OG0001813_pruned_2	0.0730702802166893	31	0.629485854316783	0.830455971241257	0.20101402482727
aligned_OG0001814_pruned	0.0688583564161841	70	0.486692309621602	0.740101651285481	0.312745516126104
aligned_OG0001815_pruned	0.149408162425421	122	0.0449997660625933	0.228322854844419	1.34678974395774
aligned_OG0001816_pruned	0.092080373080815	130	0.201962884053033	0.484351699206236	0.694728436157505
aligned_OG0001817_pruned_1	-0.0411494262193404	54	0.716194860779074	0.878768921694041	-0.144968799692864
aligned_OG0001817_pruned_2	0.288141026436832	64	0.00544559218276154	0.0692863862006814	2.26395488583999
aligned_OG0001818_pruned	0.0616354006831787	131	0.391209972030591	0.674396960157009	0.407590083478858
aligned_OG0001819_pruned	0.228697987953707	92	0.00787113929596406	0.0872003586391917	2.10396240180359
aligned_OG0001820_pruned	0.042571786189976	115	0.57937793928016	0.801986839524496	0.237038045258066
aligned_OG0001821_pruned	0.0105156196837932	95	0.901145822796937	0.965598636612877	0.0452049261000076
aligned_OG0001823_pruned_1	-0.235165963317463	73	0.015209689575357	0.127211629718392	-1.8178796496607
aligned_OG0001823_pruned_2	0.100845418050804	55	0.368403108860894	0.656150449025481	0.433676713558158
aligned_OG0001824_pruned	0.303628598436138	141	1.16265249754871e-05	0.00137926460470743	4.93455007112591
aligned_OG0001825_pruned	-0.178417330224306	124	0.0157895878379684	0.129648208084814	-1.8016292064092
aligned_OG0001826_pruned	0.00907717618435057	97	0.91370303533456	0.968197736079941	0.0391949323533497
aligned_OG0001827_pruned_1	0.0258054887454244	38	0.849492612171825	0.942438496701501	0.0708403937307345
aligned_OG0001827_pruned_2	0.0160100788487652	33	0.912982222463773	0.968195922389203	0.0395376789400197
aligned_OG0001828_pruned	-0.178855713958475	61	0.0923683167550811	0.335595665815242	-1.03447697053369
aligned_OG0001829_pruned_1	0.01187827741833	36	0.932344650619953	0.974275248375257	0.0304235166227526
aligned_OG0001829_pruned_2	0.0896137083613266	23	0.614294664663482	0.825522278016789	0.211623256644088
aligned_OG0001830_pruned	0.114714187026244	103	0.157921153684524	0.435288446084586	0.801559691947789
aligned_OG0001831_pruned	-0.179094326779314	58	0.100605891617416	0.347597973083172	-0.997376585661689
aligned_OG0001832_pruned	-0.473100324369521	23	0.00780172763673982	0.0869898605254252	-2.10780921525541
aligned_OG0001833_pruned	-0.00405020685776465	135	0.954377837261805	0.983556267955159	-0.0202796544871903
aligned_OG0001835_pruned	0.257967349506794	118	0.000666333167240761	0.0192723127536409	3.17630856885532
aligned_OG0001836_pruned	0.0459707214591329	86	0.605791081171063	0.821398465377926	0.217677124906606
aligned_OG0001837_pruned	-0.110898093296387	125	0.131955641235619	0.399940458369655	-0.879572038523653
aligned_OG0001838_pruned	0.034757266918127	114	0.652320654278904	0.844964718698577	0.185538870293477
aligned_OG0001839_pruned	0.0420063556198632	73	0.664591131997038	0.852367100945998	0.177445458047448
aligned_OG0001840_pruned	0.0951037715100764	110	0.226058575460453	0.515966297155974	0.645779013493594
aligned_OG0001841_pruned	0.126969229800892	35	0.371290142040899	0.658393454505549	0.430286581380022
aligned_OG0001842_pruned	-0.121835457245228	127	0.0952353620446047	0.340939360312331	-1.02120176286272
aligned_OG0001843_pruned	-0.369560350097688	111	2.29156148611629e-06	0.000427816902061865	-5.6398684854745
aligned_OG0001844_pruned	-0.169614997961706	115	0.0272148103218157	0.173848085535251	-1.56519468822458
aligned_OG0001845_pruned_1	-0.169388710590097	65	0.0995493234495081	0.346578834766877	-1.00196168714982
aligned_OG0001845_pruned_2	0.0986343532050771	30	0.522198815248579	0.760634044876402	0.282164117828257
aligned_OG0001846_pruned	-0.122443879994575	115	0.110881170942384	0.365013104573916	-0.955142196412545
aligned_OG0001847_pruned_1	-0.113286824834428	107	0.155065812404647	0.431847849978672	-0.80948394119745
aligned_OG0001847_pruned_2	-0.324442842261525	19	0.100348246462291	0.347320265995916	-0.998490212198965
aligned_OG0001848_pruned	0.0571886263589597	50	0.62735024087826	0.829678117525544	0.202489930918782
aligned_OG0001849_pruned_1	-0.161798731587894	62	0.124694548794151	0.389991842684801	-0.904152531929371
aligned_OG0001849_pruned_2	-0.21358561870278	38	0.116265167016089	0.376234080464064	-0.934550380186521
aligned_OG0001850_pruned	-0.200623093959222	120	0.007600871161648	0.0857617616295746	-2.11913662890154
aligned_OG0001851_pruned	-0.210710863598511	107	0.00817794322613155	0.0898093584154808	-2.08735590878087
aligned_OG0001852_pruned_1	0.0530402584121486	92	0.537666358689594	0.77216832019779	0.269487136095949
aligned_OG0001852_pruned_2	-0.324442842261525	19	0.100348246462291	0.347320265995916	-0.998490212198965
aligned_OG0001853_pruned	0.1689331255256	120	0.024597466123725	0.165966732568236	1.60910962887885
aligned_OG0001854_pruned	-0.241887068522467	133	0.000696562010054434	0.0195817297112214	-3.15704021531223
aligned_OG0001855_pruned	0.0219099906247986	98	0.792591005719652	0.920076701561004	0.100950860324422
aligned_OG0001856_pruned	0.084597876083743	114	0.272816756836646	0.564151890521903	0.564128958142427
aligned_OG0001857_pruned	0.14999897445199	92	0.0813268373901307	0.313102738875953	1.08976611606479
aligned_OG0001858_pruned	0.0388096597062734	121	0.604076067799957	0.819982790525159	0.218908369746949
aligned_OG0001859_pruned	-0.0213585516918822	100	0.795646938742634	0.921441921581855	-0.0992796038336831
aligned_OG0001860_pruned_1	0.0457509010871677	50	0.697743855839343	0.869534745978146	0.156303979112807
aligned_OG0001860_pruned_2	-0.333333333333333	18	0.101347442960612	0.34904678357747	-0.994187204268512
aligned_OG0001861_pruned	-0.0687927644774103	100	0.404195220217953	0.684565107794119	-0.39340882650909
aligned_OG0001862_pruned	-0.126693979201741	90	0.145452130507849	0.418095918763383	-0.837279913048576
aligned_OG0001863_pruned	-0.1736731940193	107	0.0292742565895801	0.179838186148849	-1.53351412488558
aligned_OG0001864_pruned	-0.17893500559613	118	0.018251016393966	0.141703729691373	-1.73871294479657
aligned_OG0001865_pruned	0.218196512044392	33	0.136405007878966	0.405870397370966	0.865169685000091
aligned_OG0001866_pruned	0.0846792904242944	89	0.333308666791511	0.621305786715052	0.477153393537811
aligned_OG0001867_pruned_1	0.143021311763297	51	0.219960389624916	0.50681379647437	0.657655519705739
aligned_OG0001867_pruned_2	0.501153071580332	45	5.65195934401124e-05	0.00367431247943104	4.2478009708035
aligned_OG0001868_pruned	0.0125365350638628	77	0.894199104484157	0.962816867457555	0.0485657694017644
aligned_OG0001869_pruned	-0.00904959540305768	115	0.906204236190104	0.966478040464662	-0.0427739119762036
aligned_OG0001870_pruned	-0.0213582454738922	45	0.863737219806498	0.949406808184045	-0.0636183655611062
aligned_OG0001871_pruned_1	-0.2728400398492	31	0.0716332837657289	0.293941628703475	-1.14488513974396
aligned_OG0001871_pruned_2	-0.281800930988317	17	0.179712494879	0.460572571353044	-0.745421726628619
aligned_OG0001872_pruned	-0.0609409417282837	111	0.435804140077061	0.707489396633462	-0.360708648334642
aligned_OG0001873_pruned_1	0.235607440912881	47	0.0527932049975933	0.247579839420942	1.2774219718214
aligned_OG0001873_pruned_2	0.316540089812488	46	0.0100871598419003	0.101382954573712	1.99623109725391
aligned_OG0001874_pruned_1	-0.0555684067136168	40	0.674630498006547	0.856044729171431	-0.170934029561638
aligned_OG0001874_pruned_2	0.014213381090374	25	0.933355224711733	0.974674572609631	0.0299530370988594
aligned_OG0001875_pruned	0.29263700724247	121	9.22909210568942e-05	0.00527144304677265	4.0348410197631
aligned_OG0001876_pruned	-0.129674595327937	103	0.11043163560162	0.365013104573916	-0.956906495455714
aligned_OG0001877_pruned_1	-0.186874574116325	59	0.0839051523993315	0.31801843551251	-1.07621136944672
aligned_OG0001877_pruned_2	0.0224946405873703	51	0.847016106136878	0.941833272569121	0.0721083314167941
aligned_OG0001878_pruned_1	-0.341875390364917	61	0.00129514834093459	0.0288378442518187	-2.88768048644004
aligned_OG0001878_pruned_2	0.180797271257886	67	0.0741585599984191	0.299638443589617	1.12983871185725
aligned_OG0001879_pruned_1	0.403861432223219	36	0.00389627960495265	0.056175864957743	2.40934988481938
aligned_OG0001879_pruned_2	0.199481249643759	28	0.212246794136714	0.498988991963001	0.673158860797789
aligned_OG0001880_pruned_1	0.13242903670462	51	0.256045309195022	0.54622499157602	0.591683176124755
aligned_OG0001880_pruned_2	-0.213421306912657	23	0.230062298026397	0.520359858937772	-0.638154546479826
aligned_OG0001881_pruned	-0.135605435651776	76	0.15302072317289	0.42838687946416	-0.815249749900139
aligned_OG0001882_pruned_1	-0.195949582127131	39	0.144076506527923	0.416093949443064	-0.841406830546932
aligned_OG0001882_pruned_2	0.0510391745803108	20	0.79031005469267	0.919355729064919	0.102202492728919
aligned_OG0001882_pruned_3	-0.165453742206388	62	0.116404128519197	0.376255045353011	-0.934031616238457
aligned_OG0001883_pruned	0.243610368168654	118	0.00131048259890471	0.0290619546272387	2.88256874140936
aligned_OG0001884_pruned	-0.0179647667513399	112	0.817485586472276	0.930453736924284	-0.0875198958795896
aligned_OG0001885_pruned	-0.117624452730276	114	0.127332564361542	0.393790087016013	-0.89506051454
aligned_OG0001886_pruned	-0.0665925842504728	107	0.403265179282402	0.684484086442141	-0.394409276376657
aligned_OG0001887_pruned_1	-0.01200024576755	69	0.904223532171643	0.966478040464662	-0.0437241947588073
aligned_OG0001887_pruned_2	-0.0668153104781061	36	0.632980559716336	0.832051174452905	-0.198609627956688
aligned_OG0001888_pruned	0.335012293030405	116	1.1803688158178e-05	0.00137926460470743	4.92798227265323
aligned_OG0001889_pruned	-0.194334655913301	114	0.0117668408522853	0.109698294808565	-1.92934012038342
aligned_OG0001890_pruned	-0.193858117982953	110	0.0136015827405985	0.119460945638477	-1.86641055225378
aligned_OG0001891_pruned_1	-0.130327582928831	53	0.254155243973277	0.543590743336407	-0.594900925091074
aligned_OG0001891_pruned_2	-0.284961414087587	20	0.137645845518265	0.40739813057662	-0.861236892121876
aligned_OG0001892_pruned	0.0993271951975511	104	0.21917520616639	0.506122695835919	0.65920857625585
aligned_OG0001893_pruned	-0.1907420676792	112	0.0142727986107015	0.122860627071339	-1.84549086206286
aligned_OG0001894_pruned	0.0608580619450185	10	0.831170409541762	0.936948715261429	0.0803099264728716
aligned_OG0001895_pruned	-0.112633031495798	102	0.167709468052289	0.444356854762998	-0.775442418569872
aligned_OG0001896_pruned	0.36230601693833	111	3.60261571797242e-06	0.000582903223167938	5.44338206051543
aligned_OG0001897_pruned	-0.136667537716189	99	0.0992091127211659	0.346578834766877	-1.00344843447131
aligned_OG0001898_pruned	-0.18250769779885	116	0.0169968087931126	0.136442960113179	-1.76963261118876
aligned_OG0001899_pruned_1	0.0650621551451545	62	0.536972856133847	0.77177447346376	0.27004766724129
aligned_OG0001899_pruned_2	0.254256690465491	11	0.34577858615116	0.633202687567052	0.461201905811519
aligned_OG0001900_pruned	0.0153975094477187	123	0.835656834185578	0.938422230110218	0.0779720307144597
aligned_OG0001901_pruned	-0.295591561508054	114	0.000127311585311455	0.00649140487760955	-3.89513207389623
aligned_OG0001902_pruned	-0.235359736986184	105	0.00343634601464565	0.0529893761836909	-2.46390311239453
aligned_OG0001903_pruned	-0.157394406285791	121	0.0354661744168461	0.200147735211068	-1.45018565447297
aligned_OG0001904_pruned	0.301263696614355	77	0.00139380818729898	0.0299360395626072	2.85579698874113
aligned_OG0001905_pruned	0.1159587546218	133	0.104038067338754	0.352818429573112	0.982807724064691
aligned_OG0001906_pruned_1	-0.162015106651749	58	0.137453162770564	0.407158860102716	-0.86184526267391
aligned_OG0001906_pruned_2	0.158672655155994	30	0.303244616059124	0.594913817591821	0.518206901051892
aligned_OG0001907_pruned_1	0.26401000024165	37	0.0555726476025415	0.25609142227475	1.25513891198224
aligned_OG0001907_pruned_2	-0.105917074243124	44	0.400272081816849	0.682657867224814	-0.39764470001659
aligned_OG0001908_pruned	0.026660498008873	97	0.750265336629257	0.897121790960583	0.124785118135193
aligned_OG0001909_pruned	0.184336939840519	110	0.0189546376740908	0.144209735532973	1.72228451288075
aligned_OG0001910_pruned	0.205564387727582	96	0.0146381580138989	0.124219613635429	1.83451356909244
aligned_OG0001911_pruned	0.0450079811270102	93	0.59895478392904	0.816664753143696	0.222605961970139
aligned_OG0001912_pruned	-0.0603197356882919	42	0.640137733935724	0.837907522577795	-0.193726571871452
aligned_OG0001913_pruned_1	0.134632823378789	47	0.268452421712347	0.559156899512649	0.571132673907616
aligned_OG0001913_pruned_2	-0.0516043568732696	64	0.618640617281212	0.826632838029822	-0.208561569489631
aligned_OG0001914_pruned	-0.025545412494633	106	0.749657682199193	0.896854680264924	-0.125137004168016
aligned_OG0001915_pruned	0.17605830749534	47	0.147858808397429	0.4212170281452	0.8301527981284
aligned_OG0001916_pruned_1	0.205822661323865	33	0.16006457529724	0.436423159830753	0.795704773360181
aligned_OG0001917_pruned_1	0.0874390209894364	53	0.444237761444665	0.713544041711583	0.352384527980202
aligned_OG0001917_pruned_2	0.15539494866472	35	0.273858381797624	0.564702032814642	0.562473962375328
aligned_OG0001918_pruned_1	-0.0317860970256823	82	0.72765117679148	0.885069866057261	-0.138076763956361
aligned_OG0001918_pruned_2	-0.0141503168719474	47	0.907406443454194	0.966478040464662	-0.0421981411525838
aligned_OG0001919_pruned	-0.0784392535504009	66	0.442057293842014	0.71214720332437	-0.354521439277844
aligned_OG0001920_pruned_1	0.238559361806849	41	0.067889154861829	0.284015151808363	1.16819959773493
aligned_OG0001920_pruned_2	0.444648645899944	17	0.0342640077348691	0.196903109958628	1.46516184057242
aligned_OG0001921_pruned	0.0231246712831016	109	0.769531247487419	0.907629584226157	0.113773740568263
aligned_OG0001922_pruned	0.128777253187225	102	0.114715951289713	0.373044591934078	0.940376189113207
aligned_OG0001923_pruned	0.117780637712146	81	0.19972659255106	0.482627087819262	0.699564107240932
aligned_OG0001924_pruned	0.0183919660362007	101	0.822642337241965	0.933736942385927	0.0847889433104108
aligned_OG0001925_pruned_1	0.278607259998494	50	0.0180287804537383	0.140694051965347	1.7440336498791
aligned_OG0001925_pruned_2	-0.135873244097351	27	0.404710464627215	0.68527834719785	-0.392855565879998
aligned_OG0001926_pruned_1	-0.129176266924338	36	0.355884188738073	0.643556862343359	-0.448691306450616
aligned_OG0001926_pruned_2	0.0943762819308597	45	0.448249339351867	0.716038490526753	0.348480341846204
aligned_OG0001927_pruned	-0.0849481683411415	87	0.337393485128272	0.625159726625767	-0.471863307639479
aligned_OG0001928_pruned_1	-0.0421672720028387	79	0.65036935167223	0.843489476610501	-0.186839932840262
aligned_OG0001928_pruned_2	-0.277350098112615	26	0.0955807045456294	0.341274063985984	-1.01962977252676
aligned_OG0001929_pruned	-0.0736019493822149	92	0.392396412475294	0.675623986454006	-0.406274971856069
aligned_OG0001930_pruned	-0.134526154432209	126	0.0665340484957853	0.280994435671585	-1.17695604959039
aligned_OG0001931_pruned	-0.211504071901147	91	0.0145228895338611	0.123818686997708	-1.83794696602146
aligned_OG0001932_pruned	-0.083028567653384	99	0.316526240948838	0.604730401560873	-0.499590279874513
aligned_OG0001933_pruned_1	0.0882829589295641	50	0.453609106130423	0.718665312584291	0.343318235635215
aligned_OG0001933_pruned_2	-0.19267279781418	20	0.315473917940259	0.604146658738302	-0.501036540581038
aligned_OG0001934_pruned	0.468575176576705	130	8.40569562981885e-11	6.1201869880711e-07	10.0754263398461
aligned_OG0001935_pruned	-0.121102674937607	82	0.184570511694146	0.466455361209676	-0.733837683762417
aligned_OG0001936_pruned_1	0.103059877095971	48	0.391743745745941	0.674937579928111	0.406997928387664
aligned_OG0001936_pruned_2	0	29	1	1	0
aligned_OG0001937_pruned	0.18368220380291	107	0.0211443698759341	0.153338801859239	1.67480525274845
aligned_OG0001938_pruned	-0.130118335053747	130	0.0713756422421661	0.293488984282465	-1.14644997092159
aligned_OG0001939_pruned	-0.124937383948158	86	0.160733005484993	0.436423159830753	-0.7938949345111
aligned_OG0001940_pruned_1	0.11585042807073	106	0.147868524095472	0.4212170281452	0.830124261881759
aligned_OG0001940_pruned_2	0	18	1	1	0
aligned_OG0001941_pruned	0.138924298583043	130	0.054216055153434	0.251728180179142	1.26587208556451
aligned_OG0001942_pruned	0.118643897511985	116	0.120761172964275	0.383721144938058	0.918072677286583
aligned_OG0001943_pruned	-0.148821761509965	114	0.0537184178956844	0.250399360242304	-1.26987678657093
aligned_OG0001944_pruned_1	0.115145285161936	59	0.286868651325368	0.577895361053214	0.542316908360039
aligned_OG0001944_pruned_2	0.107974274819377	51	0.354420098733247	0.642139789112155	0.450481657774155
aligned_OG0001945_pruned	-0.034307046587288	103	0.672799026083014	0.855409779073874	-0.172114645877027
aligned_OG0001946_pruned	0.0299529706465978	127	0.681678623358805	0.860638470032158	0.166420324753011
aligned_OG0001947_pruned	0.330648050046554	109	2.79829146067556e-05	0.00237097150070648	4.55310705282818
aligned_OG0001948_pruned	0.109605420325034	31	0.469264694667712	0.729235751430901	0.328582118891637
aligned_OG0001949_pruned	-0.166013366591751	117	0.0292153939565232	0.179659867734329	-1.53438825304734
aligned_OG0001950_pruned_1	0.341760243961542	47	0.00496730290796428	0.0657580590416145	2.3038793557595
aligned_OG0001950_pruned_2	-0.0397558536107247	38	0.770016989639977	0.907680764550967	-0.11349969245675
aligned_OG0001952_pruned	-0.0103547350196934	63	0.921079324555609	0.97081334135631	-0.0357029661839446
aligned_OG0001953_pruned	0.237273011055103	51	0.0418518272800436	0.219067688300501	1.37828557565601
aligned_OG0001954_pruned	0.0846455925798291	116	0.268307877796006	0.559156899512649	0.571366575806971
aligned_OG0001955_pruned	-0.0715894717282546	78	0.4445730951976	0.713666216799704	-0.352056823600092
aligned_OG0001956_pruned_1	-0.461681906890646	56	3.2317870795036e-05	0.00251725552437552	-4.4905572596681
aligned_OG0001956_pruned_2	-0.531085004543794	13	0.029912990320776	0.181951948642916	-1.5241401695532
aligned_OG0001957_pruned	0.516145191852951	90	3.01467286285642e-09	4.38996662289152e-06	8.52075980842087
aligned_OG0001958_pruned	0.186480715726453	117	0.014309272319255	0.122860627071339	1.84438245119952
aligned_OG0001959_pruned	0.00298405587431378	138	0.966001983124074	0.987706844421623	0.0150219820120863
aligned_OG0001960_pruned	0.0578109716949784	136	0.412411883426237	0.691723317951263	0.384668829246703
aligned_OG0001961_pruned	-0.0642543567987112	106	0.422200895078512	0.697378565577733	-0.374480850310109
aligned_OG0001962_pruned	-0.122105559581279	106	0.127200495008314	0.39360255170231	-0.895511198601433
aligned_OG0001963_pruned_1	0.153226175536575	25	0.367320535329506	0.655665804788952	0.434954791417871
aligned_OG0001963_pruned_2	0.250640205913801	13	0.305507086861254	0.597293408968007	0.514978710956489
aligned_OG0001963_pruned_3	-0.3437051317587	48	0.00428615855966718	0.0601300972503598	-2.3679317669585
aligned_OG0001964_pruned	-0.00130598294851393	132	0.985448897007514	0.997782425130261	-0.0063658922603296
aligned_OG0001965_pruned	-0.0185865027088292	89	0.83183165289118	0.937293885662913	-0.0799645578657378
aligned_OG0001966_pruned	-0.107385648385708	110	0.171653463218614	0.451567407331736	-0.765347429980375
aligned_OG0001967_pruned	-0.0691909835841123	115	0.3676515308591	0.655807059678176	-0.434563621335719
aligned_OG0001968_pruned_1	-0.0178276062433566	46	0.884788108566733	0.958944769915231	-0.0531607228596232
aligned_OG0001968_pruned_2	0.283724340492417	85	0.0015443000793296	0.0325246532386079	2.81126830624486
aligned_OG0001969_pruned	-0.195369983285822	119	0.00964297153497488	0.0994562875118294	-2.01578911522774
aligned_OG0001970_pruned	0.060636463990046	126	0.408223671361333	0.687215270284003	0.389101815779818
aligned_OG0001971_pruned	-0.115935615796832	127	0.112373873059575	0.368178797514936	-0.949334650555375
aligned_OG0001972_pruned	-0.0240635376401668	120	0.748841762407018	0.896462583108193	-0.125609943280154
aligned_OG0001973_pruned	0.0583237944724535	105	0.468439965680209	0.729096064582643	0.329346059513541
aligned_OG0001974_pruned	-0.0599053904239696	114	0.437440313509726	0.708565722505966	-0.359081195857025
aligned_OG0001975_pruned_1	0.0179328943938165	42	0.889459363386626	0.961138857942717	0.0508738886819022
aligned_OG0001975_pruned_2	0.0641523731616499	59	0.5529361682498	0.782949871844962	0.257325001384165
aligned_OG0001976_pruned	-0.075433981500713	80	0.414458728268708	0.692762626383027	-0.38251870993293
aligned_OG0001977_pruned	-0.00167396744566725	101	0.983723419336131	0.996728390785746	-0.00712698931303355
aligned_OG0001978_pruned	0.250645986315749	86	0.00489476212584155	0.0651487482598007	2.31026840905893
aligned_OG0001979_pruned_1	-0.187607801998212	51	0.107609132468131	0.360028888381701	-0.968150869820078
aligned_OG0001979_pruned_2	0.293326415966539	67	0.00376723938317648	0.0552386761154936	2.42397678237452
aligned_OG0001980_pruned	-0.0524539562978292	124	0.477933302655723	0.735591542025254	-0.320632706546164
aligned_OG0001981_pruned	-0.00522124203319862	99	0.949776952535338	0.981669624070787	-0.0223783732970288
aligned_OG0001982_pruned_1	-0.32686952410871	37	0.0177796776880717	0.13934750618606	-1.75007611623199
aligned_OG0001982_pruned_2	-0.146095426067302	23	0.411313791776259	0.690666681241027	-0.38582672790414
aligned_OG0001983_pruned	-0.149824994011372	91	0.0833942871395376	0.31674168214031	-1.07886369934733
aligned_OG0001984_pruned_1	-0.131665160557271	44	0.295739925373303	0.587457944037454	-0.529090041051024
aligned_OG0001984_pruned_2	0.0510753918455249	25	0.763794840443074	0.904595475194665	0.11702327968183
aligned_OG0001984_pruned_3	-0.237066903733689	31	0.117524868096639	0.377362015649148	-0.929870227567354
aligned_OG0001985_pruned	-0.154651796336855	80	0.0943116085472069	0.339437875349586	-1.02543484790203
aligned_OG0001986_pruned	0.25738182611009	120	0.000615971966137064	0.0181574570260889	3.21043905281776
aligned_OG0001987_pruned	-0.153174635553972	127	0.0359439288288571	0.200850150270843	-1.4443744543434
aligned_OG0001988_pruned_1	-0.037497368135981	35	0.791749601432756	0.9197040268835	-0.101412146580109
aligned_OG0001988_pruned_2	-0.127128345232746	11	0.637351888233937	0.836136774456089	-0.195620723201686
aligned_OG0001989_pruned	-0.0906177326896715	90	0.297760237948511	0.589608999864865	-0.526133297156336
aligned_OG0001990_pruned_1	-0.214811551055458	48	0.0742369537066231	0.299788829693801	-1.12937985758052
aligned_OG0001990_pruned_2	0.0524157112363523	41	0.688311325868148	0.865406446088703	0.162215084257728
aligned_OG0001991_pruned	0.137191234501077	120	0.0679499649072049	0.284015151808363	1.16781076322304
aligned_OG0001992_pruned	-0.141752813354304	75	0.137914899516972	0.407855537290523	-0.86038881266056
aligned_OG0001993_pruned	0.169588822342731	126	0.0207209877701822	0.151880241077875	1.68358954560081
aligned_OG0001994_pruned_1	0.0557487928539791	42	0.665683791519391	0.852513655613906	0.176732017390204
aligned_OG0001994_pruned_2	0.193218735439357	55	0.0848212437757142	0.320532732757185	1.07149536355552
aligned_OG0001995_pruned_1	0.0149553155730914	101	0.855375247949148	0.944739113077289	0.0678433211058985
aligned_OG0001995_pruned_2	-0.294883912309794	23	0.0972544284390033	0.343575688240846	-1.01209061413763
aligned_OG0001996_pruned	-0.197716672615421	116	0.00971885724469956	0.0995107200459493	-2.01238479695617
aligned_OG0001997_pruned	0.456820503009717	116	2.31291389068952e-09	4.2100815095276e-06	8.63584053562303
aligned_OG0001998_pruned	0.268634243262158	94	0.00159894649431008	0.0331678900999193	2.79616606884581
aligned_OG0001999_pruned_2	0.012683657235796	37	0.926721159278614	0.972999770838645	0.0330509208754717
aligned_OG0002000_pruned	0.051307390031552	116	0.502232324549504	0.749334317291296	0.299095338772234
aligned_OG0002001_pruned	-0.203317683361408	103	0.012322184238675	0.112994739851124	-1.90931230201545
aligned_OG0002002_pruned	0.222343596984497	132	0.00190253981697194	0.0366465407602452	2.72066624540614
aligned_OG0002003_pruned_1	0.168581897029494	29	0.282745459932774	0.574912417307002	0.548604359848921
aligned_OG0002003_pruned_2	0.260215306487413	79	0.00515776251780289	0.0670479170716394	2.28753865823959
aligned_OG0002004_pruned	-0.171319904049481	131	0.0171594592311145	0.136993445901036	-1.7654964027719
aligned_OG0002005_pruned	-0.180620514780629	106	0.0240610993946597	0.164034517502357	-1.61868453285129
aligned_OG0002006_pruned	0.0188823662178449	86	0.83212026877147	0.937293885662913	0.0798138993234751
aligned_OG0002007_pruned	-0.170062007950645	111	0.0296517043973656	0.181423579594302	-1.52795033808061
aligned_OG0002008_pruned_1	-0.403210821936606	36	0.00395424091008524	0.0564526040516287	-2.40293687504929
aligned_OG0002008_pruned_2	0.0571661950475029	18	0.778729004587343	0.912658469523185	0.108613649244208
aligned_OG0002009_pruned	-0.0633984702998187	89	0.46886007144826	0.729235751430901	-0.328956750600983
aligned_OG0002010_pruned_1	-0.0627905433146513	55	0.57544772598579	0.798513648195186	-0.239994121811832
aligned_OG0002010_pruned_2	-0.317037569560487	27	0.0518686606519384	0.245549881798936	-1.28509496617612
aligned_OG0002011_pruned	0.322799682178226	107	5.08987926189894e-05	0.00348221267535963	4.29329251953219
aligned_OG0002012_pruned	-0.121748046528297	92	0.157140792060011	0.434977412279957	-0.8037110621468
aligned_OG0002013_pruned	0.142984593512889	118	0.0592635693825618	0.264768027477922	1.22721219496756
aligned_OG0002014_pruned	0.0168946398854024	78	0.856826438712232	0.945378587704767	0.0671071411378269
aligned_OG0002015_pruned	0.118797740827873	32	0.425030652784928	0.698881703461395	0.371579747937215
aligned_OG0002016_pruned_1	-0.0336582058446973	47	0.782042438548935	0.914413199787184	-0.106769678746383
aligned_OG0002016_pruned_2	0.19856959007624	52	0.0853757612498598	0.321417227332073	1.06866541092225
aligned_OG0002017_pruned_1	0	59	1	1	0
aligned_OG0002017_pruned_2	0.133892385400916	21	0.473684074326995	0.732093768876003	0.324511216387039
aligned_OG0002018_pruned	-0.0270259231783809	120	0.719159967795002	0.880782120901003	-0.143174495704209
aligned_OG0002019_pruned	0.117073113238841	113	0.130846837166277	0.39838897582235	0.883236770676638
aligned_OG0002020_pruned	0.132754943573066	115	0.0838991205536765	0.31801843551251	1.07624259150369
aligned_OG0002021_pruned	-0.153600369768675	110	0.050562228435851	0.242678698247483	-1.29617379358512
aligned_OG0002022_pruned	0.0599042170326421	71	0.542154699945002	0.775400501397206	0.265876772970603
aligned_OG0002023_pruned_1	0.189882928308147	82	0.0374910128754287	0.205277617014479	1.42607282630911
aligned_OG0002023_pruned_2	-0.0535479552601666	31	0.723673609831763	0.882147589684424	-0.140457264479674
aligned_OG0002024_pruned	0.0147866292538535	130	0.837648877113655	0.938422230110218	0.0769379893504216
aligned_OG0002025_pruned	-0.0372265696094697	85	0.677826678099338	0.857719243438364	-0.168881342073852
aligned_OG0002026_pruned	-0.00601402961707196	87	0.945851679351735	0.979997079841189	-0.0241769607328071
aligned_OG0002027_pruned	0.164153736900201	102	0.044361418248293	0.226210283325454	1.35299457777171
aligned_OG0002028_pruned	0.160721770587247	106	0.0446863828854986	0.227049235023947	1.34982479764316
aligned_OG0002029_pruned	0.0894182730813168	78	0.339635906389541	0.627636810767067	0.468986402284046
aligned_OG0002030_pruned	0.205529737516979	130	0.0043984776089843	0.0613493098976673	2.35669761451946
aligned_OG0002031_pruned	-0.115722567958229	139	0.0971156142209356	0.343575688240846	-1.01271093873437
aligned_OG0002032_pruned	-0.25555171207914	81	0.0053974007403482	0.0692863862006814	-2.26781533571266
aligned_OG0002033_pruned	-0.156979486564547	123	0.0344300342348365	0.197389826192004	-1.46306254546282
aligned_OG0002034_pruned	-0.020574932684528	97	0.805963807947754	0.925600227268173	-0.0936844598840967
aligned_OG0002035_pruned	-0.0337696117960473	107	0.67168058200797	0.854983621958047	-0.172837206783466
aligned_OG0002036_pruned	0.109302458031111	105	0.174231388248025	0.453754174105247	0.758873602973919
aligned_OG0002037_pruned_1	0.188597259480986	105	0.0190556014347393	0.144524827131601	1.71997733943097
aligned_OG0002037_pruned_2	-0.191532719420718	24	0.27034414065478	0.56126781169911	-0.568083038734455
aligned_OG0002038_pruned	-0.0655320382270881	125	0.373366986762483	0.659516127651909	-0.427864085156963
aligned_OG0002039_pruned_1	0.400891862868637	28	0.0121799620459791	0.11197260562724	1.91435406500754
aligned_OG0002040_pruned	-0.0216028547634009	61	0.838913691414568	0.939134469125072	-0.0762827176820228
aligned_OG0002043_pruned_1	-0.0223768466710825	44	0.858954922737482	0.946464997642711	-0.0660296269953575
aligned_OG0002043_pruned_2	-0.130721746404001	22	0.473036455729568	0.731714135153386	-0.325105387989285
aligned_OG0002043_pruned_3	-0.350823207722812	26	0.0350149810196625	0.198687007539921	-1.45574610473104
aligned_OG0002043_pruned_4	-0.292484531790444	19	0.138523409728315	0.407855537290523	-0.858476826912016
aligned_OG0002044_pruned	-0.0388650165378777	26	0.815334594355228	0.929749597729117	-0.0886641303254954
aligned_OG0002045_pruned	0.115194555106354	68	0.251620167038001	0.541151686793898	0.599254553678588
aligned_OG0002046_pruned	0.121716123890037	10	0.669815357599417	0.853923654790078	0.17404489913085
aligned_OG0002047_pruned	0.0912414835752265	22	0.616486953791655	0.826023348598955	0.210076109589328
aligned_OG0002048_pruned_2	-0.553911709406997	16	0.0108036845328454	0.104325765362927	-1.96642810568088
aligned_OG0002049_pruned	0.298481002897855	25	0.079069931663631	0.309188062536465	1.10198863654233
aligned_OG0002050_pruned_1	-0.355035801248363	35	0.0124193306515523	0.113456896454143	-1.90590181013132
aligned_OG0002050_pruned_2	0.00418644638276988	39	0.975102552067023	0.991728021724394	0.0109497069120256
aligned_OG0002052_pruned_1	-0.0336946137742513	56	0.761623122605052	0.903156018841594	-0.118259879398603
aligned_OG0002052_pruned_2	0.503455612037662	59	3.21436358381995e-06	0.000547372386966086	5.49290500077864
aligned_OG0002053_pruned	-0.182968416403855	90	0.0355174153272708	0.200156579719705	-1.449558646214
aligned_OG0002054_pruned_1	-0.0781603705619243	52	0.4983145649269	0.74560899305346	-0.302496418919773
aligned_OG0002054_pruned_2	0.261973388620171	47	0.0312929697968718	0.186604515226063	1.5045532190465
aligned_OG0002055_pruned_1	0.0776077479682388	23	0.662520583540057	0.851101265618389	0.17880062429078
aligned_OG0002056_pruned_1	0.100678116056816	33	0.49196661494384	0.743618211211564	0.308064367634284
aligned_OG0002056_pruned_2	0.377425678048199	13	0.122822648101393	0.38546194001131	0.910721543304409
aligned_OG0002057_pruned	-0.0190736155707028	128	0.793140276220816	0.920295514129683	-0.100649995783267
aligned_OG0002058_pruned	-0.190705410754569	51	0.10192336097616	0.349554400031756	-0.991726263684812
aligned_OG0002059_pruned_1	0.374640883299438	36	0.00741523833713129	0.0841455185653259	2.12987488552063
aligned_OG0002060_pruned	0.293266080135093	90	0.000752250893923135	0.0202108441278758	3.12363728750193
aligned_OG0002061_pruned	0.491952037014473	17	0.0191724847552231	0.145008575752413	1.71732159888237
aligned_OG0002062_pruned_1	-0.160873110177776	53	0.159256695539274	0.436011767254698	-0.797902299811245
aligned_OG0002062_pruned_2	0.035921060405355	31	0.812524269315369	0.928289534737988	0.0901636581985251
aligned_OG0002063_pruned_1	0.135292343848491	37	0.326581427589863	0.615290814126139	0.486008516857723
aligned_OG0002063_pruned_2	0.00392723481827993	39	0.976643668633661	0.992455345613634	0.0102638610240095
aligned_OG0002064_pruned	0.10175508647825	116	0.183281102164898	0.46555900214813	0.736882312171485
aligned_OG0002065_pruned_1	-0.0453620149744253	55	0.685774092805359	0.863413655492965	-0.163818925701388
aligned_OG0002065_pruned_2	0.27349703093614	60	0.0107189116342728	0.104017905245878	1.96984930934713
aligned_OG0002066_pruned	0.0014206279725409	78	0.987896011216482	0.999148611983221	0.0052887680962855
aligned_OG0002067_pruned_1	0.0509647191437626	11	0.850106739138526	0.942438496701501	0.0705265409815816
aligned_OG0002067_pruned_2	0.092147859824173	20	0.631170965037274	0.831624284552369	0.199852987641039
aligned_OG0002067_pruned_3	0	13	1	1	0
aligned_OG0002068_pruned	0.135844099921866	90	0.118541502490521	0.378386970466235	0.926129572463907
aligned_OG0002069_pruned	-0.127923771539209	108	0.106701717807591	0.35793041516084	-0.971828588744671
aligned_OG0002071_pruned	0.13717175208769	53	0.230062298026397	0.520359858937772	0.638154546479826
aligned_OG0002072_pruned	0.0483176940346058	118	0.523864114682732	0.761784425605147	0.280781350223646
aligned_OG0002073_pruned	-0.123217570270474	96	0.143388579628305	0.415596957473197	-0.843485437245055
aligned_OG0002074_pruned	0.228956409330101	98	0.00600028184341956	0.0735489092625216	2.22182834958851
aligned_OG0002075_pruned	-0.131434599901552	115	0.0870246282946309	0.324450091957774	-1.06035782302713
aligned_OG0002076_pruned	-0.171162349033475	63	0.101487713340682	0.34904678357747	-0.993586532640761
aligned_OG0002077_pruned	0.155550397969926	72	0.110884717512119	0.365013104573916	0.955128305586718
aligned_OG0002078_pruned	0.0306959668768019	80	0.739828703659001	0.890168312353225	0.130868823062679
aligned_OG0002079_pruned	0.0195413429896853	98	0.814580696643547	0.929617876530041	0.0890658857311411
aligned_OG0002080_pruned	0.0284070271125441	115	0.711482744509404	0.876829022134896	0.147835628334754
aligned_OG0002081_pruned	-0.117036122514444	105	0.145705484267273	0.418504793695296	-0.836524101337842
aligned_OG0002082_pruned	0.10829442340642	83	0.232527734846538	0.521305673277808	0.633525239021608
aligned_OG0002083_pruned	-0.00235257372454568	92	0.978190386140978	0.993510662837801	-0.00957660983046002
aligned_OG0002084_pruned_2	-0.327165152540788	25	0.0542455040105855	0.251728180179142	-1.26563625129157
aligned_OG0002085_pruned	-0.286972021591776	17	0.171857339062799	0.451567407331736	-0.764831916849893
aligned_OG0002086_pruned	-0.218826667521677	121	0.00345774821877623	0.0529893761836909	-2.46120663372756
aligned_OG0002087_pruned_1	-0.163205222650689	36	0.243434761787869	0.532266816990232	-0.61361740566755
aligned_OG0002088_pruned_1	-0.1421058510705	42	0.270728272859123	0.56126781169911	-0.567466387356454
aligned_OG0002088_pruned_2	0.174201422523737	38	0.200184804177579	0.483016562940116	0.698568892452596
aligned_OG0002088_pruned_3	-0.27579129347781	56	0.0130307452907932	0.117093203066933	-1.8850307441936
aligned_OG0002089_pruned	0.168161872713106	110	0.0323119797433443	0.189881779266578	1.4906364321009
aligned_OG0002090_pruned	-0.00268023801463188	103	0.973680217429635	0.991178002570386	-0.0115836536030473
aligned_OG0002091_pruned	0.24597032020875	115	0.00136200022320502	0.0296907892968736	2.86582282125091
aligned_OG0002092_pruned	-0.0174041401106621	99	0.833701808689181	0.937624786695385	-0.0789892563140744
aligned_OG0002093_pruned	0.026931799496032	118	0.722379410759513	0.881880649755579	0.141234640768967
aligned_OG0002094_pruned	0.321786766739456	114	3.0305696308638e-05	0.00240528773043425	4.51847573311825
aligned_OG0002095_pruned	0.19983148489289	64	0.0539069924321371	0.250957040855748	1.26835489756411
aligned_OG0002096_pruned	-0.156731351145005	110	0.0460395185472777	0.230973431040395	-1.33686922660076
aligned_OG0002097_pruned_1	0.0357142857142857	49	0.764177155622095	0.904711198387719	0.116805949290318
aligned_OG0002097_pruned_2	0	25	1	1	0
aligned_OG0002097_pruned_3	0.339467369916602	21	0.069279883221202	0.287914857153865	1.1593928530408
aligned_OG0002098_pruned_1	0.0562404734626101	66	0.581516907204977	0.803725247031025	0.23543765393797
aligned_OG0002098_pruned_2	-0.0306836716543765	64	0.767248387490213	0.905990189639352	-0.115064015642752
aligned_OG0002099_pruned	-0.0954456741317952	121	0.202210441565631	0.484654377711348	-0.694196422448014
aligned_OG0002100_pruned	-0.137285142504486	109	0.0819654935624418	0.314431379677628	-1.0863689416337
aligned_OG0002101_pruned_1	0.415861968050203	51	0.000361542635052521	0.0129674479104306	3.44184048100779
aligned_OG0002101_pruned_2	-0.223062873816808	21	0.232604984469808	0.521305673277808	-0.633380983053234
aligned_OG0002102_pruned	0.0305816178393078	125	0.67783498513176	0.857719243438364	0.168876019656851
aligned_OG0002103_pruned	-0.19496955162223	91	0.0242593884230172	0.164923069195134	-1.61512015185596
aligned_OG0002104_pruned_1	-0.120736944254211	46	0.326422260765443	0.615290814126139	-0.486220231664695
aligned_OG0002104_pruned_2	-0.354913171856314	65	0.000558554921483316	0.0171162000795245	-3.2529341172226
aligned_OG0002105_pruned	-0.244339405557942	125	0.000903096112347717	0.0229910587202928	-3.04426602727119
aligned_OG0002106_pruned	-0.190543746246516	104	0.0184174910809314	0.142227269481283	-1.73476953178953
aligned_OG0002107_pruned	-0.243376017675543	99	0.00332488857937345	0.0518383592000387	-2.47822290379668
aligned_OG0002108_pruned	-0.156702805433627	65	0.1275857465139	0.39411641558457	-0.894197840944979
aligned_OG0002109_pruned	0.444760562000322	110	1.50186786565339e-08	1.21501110331359e-05	7.82336827488305
aligned_OG0002110_pruned_1	-0.280996822316543	53	0.0139475774635903	0.120895608943335	-1.85550121787842
aligned_OG0002110_pruned_2	-0.0563436169819011	21	0.763024600552995	0.904376056751808	-0.1174614598011
aligned_OG0002111_pruned	0.0497451292144599	119	0.509862015040447	0.752850401847393	0.292547341970197
aligned_OG0002112_pruned	0.371695970837514	57	0.000732399031961609	0.01989775131236	3.13525223839275
aligned_OG0002113_pruned	-0.0218432891008866	107	0.783965296848967	0.91545556217303	-0.105703161448941
aligned_OG0002114_pruned_1	-0.0190153075416611	60	0.859183914274438	0.946464997642711	-0.065913862472318
aligned_OG0002114_pruned_2	-0.235702260395516	25	0.16551785869747	0.441754052844285	-0.781155140768423
aligned_OG0002114_pruned_3	-0.113512792502099	35	0.42411343317736	0.698004047686339	-0.37251797167514
aligned_OG0002115_pruned	0.161324175376352	110	0.0400248068309691	0.213491830703814	1.39767075540983
aligned_OG0002116_pruned	0.0712943311892079	103	0.380154200276878	0.663765643217254	0.420040206684546
aligned_OG0002117_pruned_1	-0.0587036224454722	33	0.688652091976234	0.865406446088703	-0.162000128883512
aligned_OG0002117_pruned_2	-0.109388353885649	14	0.640738381802541	0.837907522577795	-0.193319259922949
aligned_OG0002118_pruned	-0.0176864435291971	128	0.807878851458858	0.926325341334164	-0.0926537606210678
aligned_OG0002119_pruned	0.223813829196014	113	0.00387444491767283	0.0560831678838486	2.4117905090182
aligned_OG0002120_pruned	0.0101187963462537	106	0.899419194438442	0.964945705662291	0.0460378484227926
aligned_OG0002121_pruned	-0.0362036875171596	90	0.677409534634161	0.857628033676113	-0.169148694892656
aligned_OG0002122_pruned	-0.0638412433761781	99	0.441208519505877	0.711610149596677	-0.355356110151456
aligned_OG0002123_pruned_1	0.107483670272837	32	0.470447999936463	0.729629742068168	0.327488373487967
aligned_OG0002124_pruned_1	-0.148149180214145	83	0.102417578586053	0.350275697752975	-0.98962549621444
aligned_OG0002124_pruned_2	0.133892385400916	35	0.34577858615116	0.633202687567052	0.461201905811519
aligned_OG0002125_pruned	0.353158097895989	112	5.71242816567395e-06	0.000799849797582154	5.24317924818206
aligned_OG0002126_pruned	0.0865353691982598	124	0.241717159011931	0.532187068269086	0.616692518811684
aligned_OG0002127_pruned_1	-0.322329185610152	22	0.0768432440336564	0.306100219355852	-1.1143943091386
aligned_OG0002128_pruned	-0.0618570463871334	84	0.492633499143488	0.743854107686382	-0.307476059410224
aligned_OG0002129_pruned_1	0.054638249234908	37	0.69196540021438	0.86716882904452	0.159915620675674
aligned_OG0002129_pruned_2	0.0155627755615943	47	0.898211943217643	0.964299787462055	0.0466211745694136
aligned_OG0002130_pruned	0.184794091252601	93	0.0308299121820363	0.185054738346803	1.51102771234489
aligned_OG0002131_pruned	0.00206380875685902	91	0.980973363870956	0.99482598795411	0.00834278475146035
aligned_OG0002132_pruned	0.225701029316494	86	0.0112822028683501	0.107239842146811	1.94760609537353
aligned_OG0002133_pruned	0.0957396731780974	123	0.197082125940478	0.480543143217176	0.705352761602941
aligned_OG0002134_pruned	0.192641319743362	137	0.00611628643795772	0.0748448429491936	2.21351218390205
aligned_OG0002135_pruned_1	0.221062837855084	27	0.17520724385907	0.45414166697682	0.756447942100663
aligned_OG0002136_pruned_1	0	32	1	1	0
aligned_OG0002136_pruned_2	0.0308331526708587	34	0.83069601130637	0.936948715261429	0.0805578748505117
aligned_OG0002137_pruned_1	-0.00849411985729376	45	0.945584744246869	0.979997079841189	-0.0242995431705701
aligned_OG0002137_pruned_2	-0.256776295506548	14	0.273321678292298	0.564554649545028	-0.563325921218609
aligned_OG0002138_pruned	-0.00448075626062257	126	0.951269018214332	0.982020377373961	-0.0216966475165347
aligned_OG0002139_pruned	0.0735033014749303	122	0.324026598559682	0.61345398012879	0.489419338146593
aligned_OG0002140_pruned	-0.00043001804232299	115	0.995532727437986	1	-0.00194445827635598
aligned_OG0002141_pruned	-0.176363492916646	88	0.0451380273716601	0.228423376503865	-1.3454574244413
aligned_OG0002142_pruned	0.0155009547472974	110	0.843583858081312	0.940458439854545	0.0738717390478715
aligned_OG0002143_pruned	-0.0954497133024772	127	0.191185301201245	0.474606265955085	-0.718545500410219
aligned_OG0002144_pruned	-0.0822659189976879	129	0.256158646600692	0.546229219161524	-0.591490979988346
aligned_OG0002145_pruned	-0.142274190010454	23	0.423655936667324	0.698004047686339	-0.372986703469785
aligned_OG0002146_pruned	-0.128927298603936	115	0.093218233969079	0.33733695901037	-1.03049912908793
aligned_OG0002147_pruned	-0.10560465914333	92	0.219761766392878	0.506531908596149	-0.658047862817579
aligned_OG0002148_pruned_1	-0.138736449360712	44	0.270562148710169	0.56126781169911	-0.567732960717416
aligned_OG0002148_pruned_3	-0.11713970536622	30	0.447238952875532	0.715680618876208	-0.34946037801481
aligned_OG0002149_pruned	-0.210171855596526	103	0.00967724379118618	0.0995107200459493	-2.01424831797305
aligned_OG0002150_pruned	0.0247417421303183	91	0.774949778610979	0.911094677549902	0.110726441466396
aligned_OG0002151_pruned	0.227046425369423	119	0.00262935216101949	0.0446333010552585	2.58015124297505
aligned_OG0002152_pruned	-0.0277004280583108	111	0.723169217173006	0.881880649755579	-0.140760068562047
aligned_OG0002153_pruned	-0.151461562034566	110	0.0538611267020157	0.250903943389236	-1.26872456597556
aligned_OG0002154_pruned	-0.19598358672582	108	0.0134557758177947	0.119236995917231	-1.8710912571218
aligned_OG0002156_pruned	0.0417387199078251	98	0.616429300885223	0.826023348598955	0.2101167260368
aligned_OG0002157_pruned	0.0657775019059393	126	0.369642890475961	0.65723318328583	0.432217642386122
aligned_OG0002158_pruned	0.284743294347484	106	0.000375453750068447	0.0132963911220433	3.42544355353905
aligned_OG0002159_pruned	0.143431107679819	102	0.0789458220237541	0.309131555745779	1.1026708488101
aligned_OG0002160_pruned	0.336867836943357	37	0.0145789040226926	0.124150877414298	1.8362751231228
aligned_OG0002161_pruned	0.050476010755859	106	0.528366309990158	0.765958483925414	0.277064881920167
aligned_OG0002162_pruned	-0.142796631675949	111	0.0678428899765035	0.284015151808363	-1.16849566024846
aligned_OG0002163_pruned	0.0195429292229581	62	0.852876449633109	0.943411897350572	0.0691138775415846
aligned_OG0002164_pruned	0.157524161371987	121	0.0353148988892495	0.199478494036172	1.45204203284772
aligned_OG0002165_pruned_1	0.0766223669553978	42	0.55260624384191	0.782942888710507	0.257584212342475
aligned_OG0002165_pruned_2	-0.0465530091673857	36	0.739346292170735	0.889941118992976	-0.13115210077543
aligned_OG0002166_pruned	0.010791558958361	104	0.893800593479308	0.962816867457555	0.0487593613061105
aligned_OG0002167_pruned	-0.0777861368243747	115	0.311159609903338	0.602907837507625	-0.507016781651895
aligned_OG0002168_pruned	-0.196055473726283	94	0.0212566943577557	0.153389486242635	-1.67250427197675
aligned_OG0002169_pruned_1	-0.113629775830124	46	0.355705580797358	0.643451511499519	-0.448909320952865
aligned_OG0002169_pruned_2	0.471404520791032	16	0.0300595678924124	0.182538543640246	1.52201726670619
aligned_OG0002170_pruned	0.217183131955501	134	0.00224154914940183	0.0405257395634288	2.64945173412142
aligned_OG0002171_pruned_1	-0.0187486840679905	35	0.894968731619499	0.962882814941618	-0.0481921377816634
aligned_OG0002171_pruned_2	-0.128388147753274	28	0.422063522356294	0.697309849393278	-0.374622180951358
aligned_OG0002172_pruned_1	-0.124670496914846	43	0.327959604872347	0.615907630403806	-0.484179645499936
aligned_OG0002172_pruned_2	0.171498585142509	18	0.399269143171066	0.681612809244672	0.398734252210763
aligned_OG0002173_pruned_1	0.0640043859445686	59	0.553852381542015	0.783400571861758	0.256605972500063
aligned_OG0002173_pruned_2	0.0904151426402017	65	0.379321576469814	0.663263428236256	0.420992453170482
aligned_OG0002174_pruned	-0.00908295560377141	112	0.9071120046392	0.966478040464662	-0.0423390856041177
aligned_OG0002175_pruned_1	0.0231983945740827	89	0.790975252383274	0.919445447066693	0.101837104266568
aligned_OG0002175_pruned_2	-0.215686274509804	18	0.289093315162018	0.58021885517971	-0.538961950604726
aligned_OG0002176_pruned	0.0144475691189143	114	0.851443896865379	0.942886351544687	0.069843963185234
aligned_OG0002177_pruned_2	0.31209389196618	12	0.223225145306756	0.511476924660582	0.651256885662434
aligned_OG0002178_pruned	-0.0830481128525638	94	0.329210155219148	0.616506980491413	-0.482526776474306
aligned_OG0002179_pruned	0.0992628835079138	125	0.177535403953573	0.457532211943639	0.750715027349936
aligned_OG0002181_pruned	0.223579281993061	91	0.00977752056308766	0.0998459007290901	2.00977126201085
aligned_OG0002183_pruned	-0.0834030185330733	95	0.324533518532444	0.613588301333348	-0.488740441662007
aligned_OG0002184_pruned_1	0.061328676289319	56	0.580854232614564	0.803572044017982	0.235932841643918
aligned_OG0002184_pruned_2	-0.135768846660426	32	0.361934766921192	0.65035711696772	-0.441369697199053
aligned_OG0002185_pruned	-0.167405669819801	112	0.0315127029124049	0.187262935382855	-1.50151434485523
aligned_OG0002186_pruned	-0.149323784669299	81	0.104001707688575	0.352818429573112	-0.982959529608564
aligned_OG0002187_pruned	0.185129027226247	126	0.011570367806762	0.109124155441754	1.93665283517892
aligned_OG0002188_pruned	-0.225018427543708	102	0.00584827353178536	0.0724171421512402	-2.23297232302576
aligned_OG0002189_pruned_1	0.26864149016897	58	0.0137824108626127	0.12018866359432	1.86067480762799
aligned_OG0002189_pruned_2	0.094216832860179	24	0.587668565049744	0.808192859603087	0.230867539489036
aligned_OG0002190_pruned	-0.171714875277188	97	0.0403606846383056	0.214051927318717	-1.39404147543522
aligned_OG0002191_pruned	-0.227662649754939	112	0.00344882683060884	0.0529893761836909	-2.46232861148911
aligned_OG0002192_pruned_1	-0.193235832646633	59	0.073888871485733	0.299132905098981	-1.13142096642623
aligned_OG0002192_pruned_2	0.0399433633151271	44	0.75108553754846	0.897439940833155	0.124310600452717
aligned_OG0002193_pruned	-0.127311890717142	106	0.111774432554856	0.367417446244655	-0.951657526236671
aligned_OG0002194_pruned	-0.0676894374196156	102	0.407045901685575	0.68604194679923	-0.390356613564194
aligned_OG0002195_pruned_1	-0.0669529445983453	66	0.511724288758347	0.753004152475652	-0.290963968950534
aligned_OG0002195_pruned_2	-0.0682523632789935	24	0.694472964320302	0.868061399693754	-0.158344656585905
aligned_OG0002196_pruned	-0.144024528791696	97	0.0855317536533596	0.321675429971269	-1.06787262356108
aligned_OG0002197_pruned	-0.153887632194469	111	0.0490820782428139	0.238662958724855	-1.30907705657508
aligned_OG0002198_pruned_1	0.0682242292337953	45	0.583555521961691	0.805472560265985	0.233917817023154
aligned_OG0002198_pruned_2	-0.0744763606588096	43	0.558963533162174	0.787867108973145	-0.252616524605606
aligned_OG0002199_pruned_1	-0.0352709367594346	54	0.755334366279655	0.899801950406114	-0.121860755278894
aligned_OG0002199_pruned_2	0.0486458808252089	38	0.720547417331303	0.881316146917168	0.142337434131424
aligned_OG0002200_pruned	0.0385039594658094	112	0.620859836784406	0.827490755065006	0.207006433610412
aligned_OG0002201_pruned	0.352308351482619	32	0.0179939648094016	0.140573023366151	1.74487313320093
aligned_OG0002202_pruned	-0.127891067117649	126	0.081104636816732	0.312854666156841	-1.09095431611738
aligned_OG0002203_pruned	-0.0683364241929571	126	0.351313916539074	0.63836202303993	-0.454304646232973
aligned_OG0002204_pruned	-0.00654538720567124	116	0.931785621879666	0.974275248375257	-0.0306839953113848
aligned_OG0002205_pruned	0.275897791454193	120	0.000241756113222755	0.00994478113206148	3.61662253521666
aligned_OG0002206_pruned	0.063035638515351	88	0.473966180975068	0.73237431317476	0.324252645540886
aligned_OG0002207_pruned	-0.00319218983879017	130	0.964717148963816	0.987013704238098	-0.0156000013200805
aligned_OG0002208_pruned	-0.0219694014552436	51	0.850545629376092	0.942447531195758	-0.0703023827513675
aligned_OG0002209_pruned_1	-0.0520655934622319	47	0.668679884122512	0.853923654790078	-0.174781741471845
aligned_OG0002209_pruned_2	0.100916529798716	45	0.417429194992072	0.695174283791693	0.379417179658314
aligned_OG0002210_pruned	0.113807271972096	129	0.11620985602686	0.376234080464064	0.934757036863438
aligned_OG0002211_pruned	-0.219853636910679	96	0.00903033469432214	0.095427963583976	-2.04429615298622
aligned_OG0002212_pruned_1	0.0445187042196118	27	0.784845948982864	0.915567770482606	0.105215579015533
aligned_OG0002212_pruned_2	0.133278497495796	20	0.487453290364035	0.740949354309089	0.312066993727596
aligned_OG0002213_pruned	0.295473247703034	108	0.000194466558280876	0.0086336037246528	3.71115507198759
aligned_OG0002214_pruned_1	0.361311595649344	47	0.00297943596447334	0.0481003841625951	2.52586594421292
aligned_OG0002214_pruned_2	-0.0443500955243184	51	0.703669252363561	0.87266029244837	-0.152631425554361
aligned_OG0002215_pruned_1	-0.26247532847863	28	0.100728846670456	0.347597973083172	-0.99684613862458
aligned_OG0002215_pruned_2	-0.234403615469248	14	0.317310507862914	0.606069729210356	-0.498515545827989
aligned_OG0002216_pruned	-0.0720558829225021	90	0.407691771728244	0.686812538165974	-0.389668053642472
aligned_OG0002218_pruned_1	-0.266245267646827	47	0.0286375274329123	0.178487461993304	-1.54306448177612
aligned_OG0002218_pruned_2	-0.0482804549585268	13	0.843525869092694	0.940458439854545	-0.0739015940091372
aligned_OG0002218_pruned_3	-0.111423114103567	32	0.454337365794028	0.718826760861148	-0.342621544297337
aligned_OG0002219_pruned	-0.0359190276939024	95	0.671356099131317	0.854720013599426	-0.173047061253599
aligned_OG0002220_pruned	-0.284642799056373	103	0.000458550888496099	0.0148387067517338	-3.33861246072095
aligned_OG0002221_pruned_1	-0.286562937960294	27	0.0788602895817828	0.309032168161981	-1.10314163249308
aligned_OG0002221_pruned_2	-0.157840848988422	46	0.199518339463967	0.482362007329224	-0.700017178363512
aligned_OG0002222_pruned	-0.0493746536967063	57	0.653714370356339	0.845366639450481	-0.184611967997423
aligned_OG0002223_pruned_1	0.147687188029145	44	0.240855651241489	0.531311611997617	0.61824315929681
aligned_OG0002223_pruned_2	-0.108081451015857	44	0.390713745300261	0.674396960157009	-0.408141310036923
aligned_OG0002224_pruned	0.014891961740455	118	0.844255853593091	0.940661277786916	0.0735259195295475
aligned_OG0002225_pruned	-0.0655214877934004	118	0.38739543518941	0.670673126395605	-0.411845501024575
aligned_OG0002226_pruned	-0.0342087467091864	104	0.672165152418272	0.855409779073874	-0.172524006750133
aligned_OG0002227_pruned	-0.0961289696826018	113	0.214791616633699	0.501415576297337	-0.66798267325542
aligned_OG0002228_pruned_1	0.0724990248023038	51	0.534077628015796	0.769414168892562	0.27239561381664
aligned_OG0002228_pruned_2	-0.121220284469107	33	0.408012634122489	0.687035150103109	-0.389326388761276
aligned_OG0002229_pruned	0.135099381174428	89	0.122703096767389	0.38546194001131	0.911144476457859
aligned_OG0002230_pruned	-0.187276436766925	25	0.270532137431646	0.56126781169911	-0.567781136175943
aligned_OG0002231_pruned	-0.114069330086211	120	0.129090039704307	0.395582735306002	-0.889107265621527
aligned_OG0002232_pruned	-0.145529073220805	132	0.0421212260459442	0.219845624975283	-1.37549899605163
aligned_OG0002233_pruned	0.00598838183278822	38	0.964875092964941	0.987013704238098	0.0155289042180077
aligned_OG0002234_pruned_1	-0.00814547393305194	53	0.943183138031105	0.979087029940758	-0.0254039720409405
aligned_OG0002234_pruned_2	-0.0283390745588692	65	0.782891000053501	0.914817745368246	-0.106298699462517
aligned_OG0002235_pruned	0.160875292256675	87	0.0692507077423135	0.287914857153865	1.15957578375072
aligned_OG0002236_pruned	0.17707334896833	125	0.0161567070395719	0.131586819365393	1.79164714976637
aligned_OG0002237_pruned	0.175341750034896	89	0.0451450678188521	0.228423376503865	1.34538969022449
aligned_OG0002238_pruned	0.00698986621499132	94	0.934549913190443	0.974990952588015	0.0293974985181064
aligned_OG0002239_pruned	0.252746624084515	40	0.0562079913883271	0.257714348424691	1.25020193409066
aligned_OG0002240_pruned	-0.0824087725169814	107	0.300989822018965	0.593421850560543	-0.521448189840491
aligned_OG0002241_pruned	-0.173370829426972	114	0.0246197597829839	0.165966732568236	-1.60871618883092
aligned_OG0002242_pruned	-0.00469725901433256	110	0.952321828005457	0.982689233235223	-0.0212162611663832
aligned_OG0002243_pruned	-0.091951019536189	120	0.221173207540962	0.508160973211027	-0.655267483704851
aligned_OG0002244_pruned	0.181690331145498	101	0.0268075924045623	0.173344653905522	1.5717421883433
aligned_OG0002245_pruned	-0.114117000405914	127	0.118121046407722	0.37826459118994	-0.927672714373007
aligned_OG0002246_pruned	0.173883238414864	106	0.0298559564534837	0.181908969822439	1.52496901137496
aligned_OG0002247_pruned	-0.117499496783587	102	0.15009138151883	0.42460949800563	-0.823644244907135
aligned_OG0002248_pruned	0.108900653799268	44	0.387132453082193	0.670673126395605	0.4121404205081
aligned_OG0002249_pruned	0.0511190542445853	116	0.503802683027042	0.75030126576497	0.297739523974197
aligned_OG0002250_pruned	-0.174853678990283	120	0.0199950994652007	0.149164261481687	-1.69907643113634
aligned_OG0002251_pruned	-0.110033578556318	100	0.182131433676578	0.463833147463855	-0.739615093775774
aligned_OG0002252_pruned	-0.104018965295113	88	0.237371327424081	0.526439425822338	-0.624571741546319
aligned_OG0002253_pruned	0.00089103170162523	98	0.9914679797481	1	0.00372130712006354
aligned_OG0002254_pruned_1	0.13066105160163	36	0.350382309552165	0.63799872988247	0.455457829038842
aligned_OG0002254_pruned_2	-0.0394771016975861	21	0.832689358709658	0.937499802190354	-0.0795169853395473
aligned_OG0002255_pruned	-0.132916953951793	88	0.13108333133065	0.398504273661154	-0.882452530059462
aligned_OG0002256_pruned	-0.0825960172175227	78	0.377760038264631	0.662875214190477	-0.422783986274144
aligned_OG0002257_pruned	0.12533449682468	114	0.104237823826955	0.353067021384757	0.981974663966715
aligned_OG0002258_pruned	0.0685394421545454	122	0.357773771492028	0.645268969589659	0.446391500867041
aligned_OG0002259_pruned	0.157212145610732	102	0.0541500129738224	0.251605771833057	1.26640143498587
aligned_OG0002260_pruned	0.270648109692835	113	0.000478377234390632	0.0153438971083621	3.32022949627253
aligned_OG0002261_pruned	0.0282318884989099	109	0.720570666474097	0.881316146917168	0.14232342143595
aligned_OG0002262_pruned	-0.0405296607602387	119	0.591294796279616	0.811511586770065	-0.228195943015088
aligned_OG0002263_pruned	-0.130373608447916	109	0.0985701804218907	0.345874449952668	-1.00625444851645
aligned_OG0002264_pruned	0.273240027791839	81	0.00293096144408756	0.0477412310389296	2.53298989453671
aligned_OG0002265_pruned	0.184581907672965	125	0.0121639452773632	0.11197260562724	1.91492554230895
aligned_OG0002266_pruned	-0.0767542629235255	108	0.333085227895512	0.621048282793142	-0.477444627548161
aligned_OG0002267_pruned_1	0.014787097133337	52	0.89806324154778	0.964282327342484	0.0466930792701705
aligned_OG0002267_pruned_2	-0.0426695906297124	59	0.693090223694918	0.867375372760863	-0.159210227000972
aligned_OG0002268_pruned	-0.054563748853817	142	0.429093781942376	0.701444056201715	-0.367447778843419
aligned_OG0002269_pruned	0.216146223999653	128	0.00296153876803234	0.0479176972667632	2.52848257785258
aligned_OG0002270_pruned	0.00746223636413779	107	0.925380373041701	0.972671357891818	0.0336797159557234
aligned_OG0002271_pruned	0.082021968533013	36	0.557728048671433	0.786980217514865	0.25357751387868
aligned_OG0002272_pruned	-0.121003960108465	93	0.157393197198266	0.435072083827097	-0.803014042517623
aligned_OG0002273_pruned	-0.101293211833374	121	0.175924701035859	0.454841732495957	-0.754673178334313
aligned_OG0002274_pruned	0.426255257505039	78	5.31588792824974e-06	0.000758921176580125	5.27442418360887
aligned_OG0002275_pruned	-0.0158646925617635	112	0.838508183177502	0.938824862634998	-0.0764926946661341
aligned_OG0002276_pruned	-0.0366987921708787	33	0.80220865636859	0.923897694878157	-0.0957126560008085
aligned_OG0002277_pruned	0.189720198234476	104	0.018928894231041	0.14416451767386	1.7228747554701
aligned_OG0002278_pruned	-0.0418788701798222	73	0.665547135327322	0.852513655613906	-0.176821181530166
aligned_OG0002279_pruned	0.353092665739894	127	1.32996708526115e-06	0.000302609073368326	5.87615910705272
aligned_OG0002280_pruned	0.0346612240910206	125	0.6377575129998	0.836367516597901	0.195344416551748
aligned_OG0002281_pruned_1	0.304077444844389	34	0.0349799446354437	0.198687007539921	1.456180882237
aligned_OG0002281_pruned_2	0.111943415709911	21	0.549144678638317	0.780922344758904	0.260313220474355
aligned_OG0002282_pruned	-0.187618035373152	104	0.0202909671967392	0.150430820056116	-1.69269725123203
aligned_OG0002283_pruned	0.163564186669974	104	0.0430354113017093	0.222157608919436	1.36617404200216
aligned_OG0002284_pruned_1	0.0248783930844388	34	0.863031577305542	0.949106097103316	0.063973313672206
aligned_OG0002284_pruned_2	-0.0418242888406514	21	0.822901935421429	0.933736942385927	-0.0846519162371662
aligned_OG0002285_pruned	-0.056710849681698	115	0.46027921594732	0.723306833100981	-0.336978635367122
aligned_OG0002286_pruned	0.185102035245583	129	0.010619841820502	0.103789353416208	1.97388195189812
aligned_OG0002287_pruned	0.0573917287633248	130	0.426444511619122	0.699933693398698	0.370137470628641
aligned_OG0002288_pruned_1	-0.280691786106895	26	0.0916518734507004	0.334159885124962	-1.03785865322238
aligned_OG0002288_pruned_2	-0.00758359591988817	24	0.965188514513838	0.987013704238098	-0.0153878547211263
aligned_OG0002288_pruned_3	-0.0752875995722717	53	0.51006491334817	0.752942923241877	-0.292374549951198
aligned_OG0002289_pruned	-0.0505255897261408	94	0.552773529922488	0.782949871844962	-0.257452761733421
aligned_OG0002290_pruned	0.376662272053954	118	6.73419312869526e-07	0.000214361290197683	6.17171443271717
aligned_OG0002291_pruned_1	0.0466036696311193	47	0.701671244488594	0.871671784869724	0.153866321128047
aligned_OG0002291_pruned_2	-0.107095910520333	31	0.479500122186953	0.736237956483173	-0.31921127782572
aligned_OG0002291_pruned_3	-0.120967741935484	32	0.416622068196862	0.694306541208823	-0.380257729486001
aligned_OG0002292_pruned	0.323823442632347	113	2.93074351138007e-05	0.00237097150070648	4.53302218786196
aligned_OG0002293_pruned_1	-0.123600434257646	51	0.289113309516823	0.58021885517971	-0.538931914843828
aligned_OG0002293_pruned_2	0.122529510379598	30	0.426615654848464	0.699933693398698	0.369963211967793
aligned_OG0002294_pruned	-0.106973970969435	97	0.201559379695339	0.483543276297121	-0.695596986867698
aligned_OG0002295_pruned	0.270186754128075	117	0.000386881856718778	0.0135152257824223	3.41242163655344
aligned_OG0002296_pruned	-0.0598773215456525	102	0.463304975312615	0.725289943077005	-0.334133035995393
aligned_OG0002297_pruned	-0.217531653975487	126	0.0030079471060427	0.0481337645694438	-2.52172980496728
aligned_OG0002298_pruned	-0.226216589719762	59	0.0364071643683899	0.202660981472666	-1.43881314548568
aligned_OG0002299_pruned	-0.235224188736581	111	0.00262981543094436	0.0446333010552585	-2.58007473064909
aligned_OG0002300_pruned	0.300427046479524	100	0.000269633524922371	0.0108464182041977	3.56922611071382
aligned_OG0002301_pruned	0.41842408962903	127	1.00510063117806e-08	1.19726175184092e-05	7.99779045428583
aligned_OG0002302_pruned	-0.393798073988336	105	9.81654841824621e-07	0.00026471958901204	-6.00804118700019
aligned_OG0002303_pruned	0.25613733993316	114	0.000899603552037038	0.0229825033767778	3.04594883844423
aligned_OG0002304_pruned	-0.205337318617008	87	0.0204007454413711	0.150646883933695	-1.69035396320355
aligned_OG0002305_pruned	0.00727104491151083	97	0.930825534332273	0.974275248375257	0.0311317116900975
aligned_OG0002306_pruned	0.120137132960832	120	0.109946748086273	0.36387376037098	0.95881761131522
aligned_OG0002307_pruned	-0.0462249168112363	87	0.601654613420202	0.818838649256247	-0.22065274882845
aligned_OG0002308_pruned	-0.222946677229078	88	0.0113246457603637	0.107502928006791	-1.94597537401495
aligned_OG0002309_pruned	-0.226675420136003	108	0.00425628093335926	0.0598262190652292	-2.37096971441106
aligned_OG0002310_pruned	-0.134497150000406	116	0.0785927433168723	0.308231412581836	-1.10461755170779
aligned_OG0002311_pruned_1	0.0404761904761905	49	0.733856527927944	0.887717492520861	0.134388838203349
aligned_OG0002311_pruned_2	0.313837694508003	28	0.0497027408676085	0.240081160195637	1.30361966135004
aligned_OG0002312_pruned	-0.0337938837376394	129	0.640888201241002	0.837907522577795	-0.193217723708636
aligned_OG0002313_pruned	-0.166165339791636	125	0.0239966827009366	0.163902295258461	-1.61984879096562
aligned_OG0002314_pruned	-0.0720852420497969	125	0.327479873994868	0.615324119369453	-0.484815385386864
aligned_OG0002315_pruned	0.248976118667086	125	0.000719391457989377	0.0196913128030852	3.14303472327328
aligned_OG0002316_pruned	0.168159262634491	138	0.0163091977733001	0.132530434137721	1.78756740077441
aligned_OG0002317_pruned_1	0.0179930632119804	40	0.891875186572506	0.961963265615482	0.0496959186906526
aligned_OG0002317_pruned_2	-0.313837694508003	28	0.0497027408676085	0.240081160195637	-1.30361966135004
aligned_OG0002318_pruned	0.314801105538506	52	0.00638576391985888	0.0763773836740186	2.19478714126131
aligned_OG0002319_pruned	0.0831896727577607	128	0.252731779133298	0.542358880746575	0.597340145359561
aligned_OG0002320_pruned	-0.288446345072368	99	0.000501983016576369	0.0158910362769241	-3.29931097594649
aligned_OG0002321_pruned_1	-0.154528774990922	19	0.433848065766439	0.706105436298481	-0.362662334431686
aligned_OG0002321_pruned_2	0.121645990709976	31	0.421873879114426	0.697309849393278	0.374817363709502
aligned_OG0002322_pruned_1	-0.128565131657962	32	0.387966038937782	0.671288196175378	-0.411206289218787
aligned_OG0002322_pruned_2	-0.251668212517738	64	0.0151989910160861	0.127211629718392	-1.81818524170593
aligned_OG0002323_pruned	-0.0837060089120173	105	0.298087008188077	0.590095570042791	-0.525656951827761
aligned_OG0002324_pruned	0.12888192248676	81	0.160558521491574	0.436423159830753	0.794366639717179
aligned_OG0002325_pruned	-0.186515720331082	113	0.0160888597667205	0.13147361162906	-1.79347473368646
aligned_OG0002326_pruned	-0.107063478674654	106	0.181110837434971	0.462729607997506	-0.742055561296192
aligned_OG0002327_pruned	0.0165575945014214	104	0.837708654597377	0.938422230110218	0.0769069977192718
aligned_OG0002328_pruned	-0.302482479255668	119	6.13740088208144e-05	0.00385227722607198	-4.21201550858998
aligned_OG0002329_pruned	-0.0134179087668863	107	0.866262104529189	0.951031924139442	-0.0623506838162071
aligned_OG0002330_pruned_1	0.0407136544368306	27	0.802838605279178	0.924476970589545	0.0953717522077126
aligned_OG0002330_pruned_2	0.325791882767501	20	0.089632994267889	0.330262608727195	1.04753209535092
aligned_OG0002331_pruned	-0.0875458916720738	95	0.301079427036105	0.593437820316698	-0.521318919113434
aligned_OG0002332_pruned	0.285592154370827	95	0.000742163231319167	0.0200880687257801	3.12950056552314
aligned_OG0002333_pruned	0.269205441523575	116	0.000430601047570067	0.0144479549647818	3.36592491795576
aligned_OG0002334_pruned	0.226719073232376	130	0.00167970632310016	0.0339720603847006	2.77476664292059
aligned_OG0002335_pruned	-0.0863620579234104	84	0.338093537142433	0.626057742607847	-0.470963130950307
aligned_OG0002336_pruned	0.101461240087147	113	0.190430263825524	0.473700974005344	0.720264030909669
aligned_OG0002337_pruned	0.000401170396890806	119	0.995759311370444	1	0.0018456238009887
aligned_OG0002338_pruned	0.106357434160999	102	0.192665699131956	0.475735605282443	0.715195597247442
aligned_OG0002339_pruned	0.188861388562291	76	0.0465769061528407	0.232289724543158	1.33182936263203
aligned_OG0002340_pruned_1	-0.132233986637837	30	0.390914049617457	0.674396960157009	-0.407918720558582
aligned_OG0002340_pruned_2	-0.0819163049192861	85	0.360639802033079	0.648830837312292	-0.442926344032294
aligned_OG0002341_pruned	0.249191551453779	91	0.0039822340879234	0.0566061686731731	2.39987321439768
aligned_OG0002342_pruned	-0.141851825963307	122	0.0570052074410893	0.259953883148872	-1.24408546959717
aligned_OG0002343_pruned	0.0538318325403543	123	0.468279534705081	0.729002200596043	0.329494821843944
aligned_OG0002344_pruned	0.139801681551121	125	0.0575566364704187	0.261303079794289	1.23990459355785
aligned_OG0002345_pruned	0.221190334469006	59	0.0407700350440534	0.215574891180649	1.38965891524805
aligned_OG0002346_pruned	-0.111615093131592	124	0.131043424177833	0.398504273661154	-0.882584767276966
aligned_OG0002347_pruned_1	0.258492242111891	29	0.0995448485009154	0.346578834766877	1.00198121002647
aligned_OG0002347_pruned_2	-0.0162717264595181	63	0.876278883763379	0.95454616287869	-0.0573576536446147
aligned_OG0002349_pruned	0.0841964146390075	87	0.341686381573666	0.628713304078307	0.466372330318215
aligned_OG0002350_pruned	0.109794463913077	101	0.180865746449495	0.462565309528768	0.742643674912163
aligned_OG0002351_pruned	0.186225625639673	98	0.0254211154658793	0.168571167310626	1.59480539673844
aligned_OG0002352_pruned_1	-0.151411196783981	29	0.334663120692419	0.622555488441876	-0.475392143519847
aligned_OG0002353_pruned	-0.239081101856032	114	0.00194118769866483	0.0370965554697601	-2.71193246947859
aligned_OG0002354_pruned	-0.0288127365579625	124	0.696686637495507	0.869245420868885	-0.156962519187863
aligned_OG0002355_pruned	-0.0104604570671047	38	0.938684739206775	0.976784848672935	-0.0274802426776214
aligned_OG0002356_pruned	0.198966401349523	98	0.0169473483375683	0.136196074222776	1.77089824391812
aligned_OG0002357_pruned	-0.0909398615340435	105	0.258279040582489	0.547289265117938	-0.587910835517339
aligned_OG0002358_pruned	-0.0975629910877719	127	0.181542812020478	0.463017850948405	-0.741020941802821
aligned_OG0002359_pruned	-0.0633757923305744	81	0.490193670296873	0.742170953094517	-0.30963230094377
aligned_OG0002360_pruned	-0.000308582014350419	96	0.997076070609666	1	-0.00127170649704852
aligned_OG0002361_pruned_1	-0.149622295383142	51	0.199405447533916	0.482362007329224	-0.700262981422541
aligned_OG0002361_pruned_2	-0.366586217483641	47	0.00258502404174521	0.0444954138249335	-2.58753541344094
aligned_OG0002362_pruned	-0.0233830448346729	44	0.852683684334643	0.943411897350572	-0.0692120469395618
aligned_OG0002363_pruned_1	-0.342843866515828	43	0.0071422491156048	0.0818940406468008	-2.14616500605507
aligned_OG0002363_pruned_2	-0.0629042796746998	27	0.699675625634705	0.870380698829025	-0.155103255195663
aligned_OG0002364_pruned	-0.082312892420805	130	0.254024380347426	0.543590743336407	-0.595124599355548
aligned_OG0002365_pruned	-0.0266190830307009	129	0.713303173878458	0.877883774342301	-0.146725843559811
aligned_OG0002366_pruned	0.0590016472029997	97	0.481184852671674	0.737114856364919	0.317688052372608
aligned_OG0002367_pruned	0.126989117224031	125	0.084524887891053	0.319701666875198	1.07301539658502
aligned_OG0002368_pruned	-0.102114758379592	108	0.197840123949798	0.480799046221122	-0.703685624554682
aligned_OG0002369_pruned_1	0.0676019361728852	63	0.517750898616461	0.757280894501095	0.285879138665642
aligned_OG0002369_pruned_2	0.399001785624231	70	5.56452883612844e-05	0.00367431247943104	4.2545716026738
aligned_OG0002370_pruned	0.184225035120005	109	0.0195894725988503	0.146972238827239	1.70797725622029
aligned_OG0002371_pruned	0.319850674733806	104	7.59910791504572e-05	0.00457265328342544	4.11923738802353
aligned_OG0002372_pruned	0.104384627311729	127	0.152879328843306	0.42838687946416	0.815651232548337
aligned_OG0002373_pruned	-0.228226450930041	110	0.00367146594026489	0.0543332185184322	-2.43516049633363
aligned_OG0002374_pruned_1	0.308230346388083	78	0.000996377473157592	0.0241820812735347	3.00157609987695
aligned_OG0002374_pruned_2	-0.0969693671761307	47	0.425420020469349	0.699206132965536	-0.371182075846619
aligned_OG0002375_pruned_1	0.195991577402445	36	0.161282267779078	0.436423159830753	0.792413378606249
aligned_OG0002375_pruned_2	-0.0547208423117133	23	0.758288758433211	0.900522011116002	-0.120165382344722
aligned_OG0002376_pruned	-0.0764341374144864	121	0.307131195306936	0.599041583988695	-0.512676070038182
aligned_OG0002377_pruned	0.118957686623149	103	0.143102691680287	0.41532989314501	0.844352197331056
aligned_OG0002378_pruned	0.0823516219569019	50	0.484513239075081	0.738793904440977	0.314694351577717
aligned_OG0002379_pruned	0.00744578898057735	122	0.9204217239364	0.970401183316091	0.0360131395966532
aligned_OG0002380_pruned	-0.0522942104764017	117	0.492159058114148	0.743754691184954	-0.307894517359471
aligned_OG0002381_pruned	0.0355724790449199	78	0.704039396074798	0.87282663763334	0.152403038273818
aligned_OG0002382_pruned_1	-0.101677039318326	44	0.419399569639838	0.696837780477233	-0.377372019514784
aligned_OG0002382_pruned_2	-0.144766506035897	64	0.162586850726355	0.438604987083583	-0.788914581053787
aligned_OG0002383_pruned	0.221799438807803	130	0.00211544928612874	0.0394783364189936	2.6745973815917
aligned_OG0002384_pruned	-0.217980772350541	70	0.027668570317697	0.174722342136298	-1.55801328101721
aligned_OG0002385_pruned	-0.199829030228833	116	0.00896726678015273	0.0948992288172849	-2.04733990959594
aligned_OG0002386_pruned_1	0.0359861264239609	40	0.785726882016357	0.915863143492088	0.104728388115572
aligned_OG0002386_pruned_2	0.0770828816771467	34	0.592980098017427	0.812474236670095	0.226959882464161
aligned_OG0002387_pruned	0.0469168036832555	126	0.52223727377244	0.760634044876402	0.282132134397431
aligned_OG0002388_pruned	-0.0885032957153772	115	0.249184888117903	0.538212747074	-0.603478299115634
aligned_OG0002389_pruned	0.196079573987201	82	0.0316925051223827	0.187697798953273	1.49904343080568
aligned_OG0002390_pruned_1	-0.216089685481343	30	0.160905189688845	0.436423159830753	-0.793429948338007
aligned_OG0002391_pruned	-0.10337539018871	100	0.210028666307295	0.495250196421394	-0.677721425411666
aligned_OG0002393_pruned	-0.181587654188938	82	0.0466468531661216	0.232308986253441	-1.33117764878105
aligned_OG0002395_pruned	-0.603381524467947	12	0.0185329748770266	0.142490591425164	-1.73205486298121
aligned_OG0002396_pruned	0.132961800978733	104	0.100011020221721	0.347320265995916	0.99995214242213
aligned_OG0002397_pruned	-0.0547208423117133	23	0.758288758433211	0.900522011116002	-0.120165382344722
aligned_OG0002398_pruned	0.250937419590989	65	0.0146881919458478	0.124287953435007	1.83303166072904
aligned_OG0002399_pruned_1	0.19346033336267	19	0.327186877790306	0.615324119369453	0.485204122535983
aligned_OG0002399_pruned_2	-0.132039994058274	29	0.400160769248567	0.68265477059485	-0.397765490747302
aligned_OG0002400_pruned_1	0.061786757427666	41	0.636308609364267	0.835370173959832	0.196332200645437
aligned_OG0002400_pruned_2	-0.205123709807973	31	0.175627660060276	0.454777819232722	-0.755407084867568
aligned_OG0002400_pruned_3	0.366718909548839	30	0.0173433591624235	0.137706650012656	1.76086678203775
aligned_OG0002401_pruned	-0.00379387314276728	106	0.962202623348704	0.986380035345559	-0.0167334633716037
aligned_OG0002402_pruned	0.0338862805602346	103	0.676583227910431	0.85679847381099	0.169678772312496
aligned_OG0002403_pruned	-0.110158578254509	80	0.233364860784154	0.522326944780025	-0.63196453782123
aligned_OG0002404_pruned	-0.0262983020668767	111	0.736647398647375	0.889096524619152	-0.132740340451601
aligned_OG0002405_pruned	0.103822935564719	77	0.270724018698699	0.56126781169911	0.567473211811447
aligned_OG0002406_pruned	0.229575649932215	127	0.00166774777876293	0.0338241548110666	2.77786962910239
aligned_OG0002407_pruned	-0.0892782637689201	101	0.276569592201652	0.566920946176867	-0.558195570665517
aligned_OG0002408_pruned	0.208022595832337	109	0.00839805244097331	0.0913994317230593	2.07582141777212
aligned_OG0002410_pruned	-0.111420618149934	102	0.172331391183504	0.452160309624178	-0.763635606034076
aligned_OG0002411_pruned	-0.180266176279486	100	0.0288278960639445	0.178487461993304	-1.54018705241448
aligned_OG0002412_pruned	0.200292825925484	26	0.228740317773394	0.519358287155821	0.640657279891374
aligned_OG0002413_pruned	-0.0939060283031685	21	0.615302555690511	0.825550522135087	-0.21091128104397
aligned_OG0002414_pruned_1	-0.12795265564328	36	0.360459006142966	0.648665848672006	-0.443144119067231
aligned_OG0002414_pruned_2	-0.0658291977837472	39	0.623604884395689	0.828199719222812	-0.20509049185108
aligned_OG0002414_pruned_3	0.0713731789646925	43	0.575457292710886	0.798513648195186	0.239986901796537
aligned_OG0002415_pruned	0.153377389222217	27	0.346919279037574	0.634334322117674	0.459771564825037
aligned_OG0002416_pruned	0.017853296769819	128	0.806102326755595	0.925600227268173	0.0936098252860016
aligned_OG0002417_pruned	-0.311639936973945	44	0.0133283287808176	0.118650742687201	-1.87522430270697
aligned_OG0002418_pruned	0.23544807694937	96	0.00517237751587393	0.0670479170716394	2.28630978482074
aligned_OG0002419_pruned_1	-0.115010926557059	28	0.472020809129022	0.731386148386552	-0.326038854987312
aligned_OG0002419_pruned_2	0.1867501280406	23	0.293621543928906	0.586196452247426	0.532212082045546
aligned_OG0002420_pruned	-0.0487697067930606	115	0.525433755132359	0.763000233569746	-0.279482030528207
aligned_OG0002421_pruned	0.096433062352348	106	0.22837444472144	0.518812584092607	0.641352495598716
aligned_OG0002422_pruned	-0.027072053086435	89	0.7570922545022	0.900522011116002	-0.120851196880291
aligned_OG0002423_pruned_1	0.19766648444296	36	0.157731385405592	0.435288446084586	0.80208188211643
aligned_OG0002423_pruned_2	-0.0498000341441601	23	0.779434528427275	0.912976641164574	-0.108220359162672
aligned_OG0002424_pruned_1	0.15995646747697	61	0.132274515965591	0.400593065843904	0.878523819014256
aligned_OG0002424_pruned_2	0.116417629327588	71	0.236170675241249	0.525599678246043	0.62677402870197
aligned_OG0002425_pruned	0.0115226950963604	136	0.87022610163278	0.951868736836462	0.0603678945837753
aligned_OG0002426_pruned	0.167307365677738	117	0.0279801619559822	0.176241867302977	1.55314977603483
aligned_OG0002427_pruned	-0.0813825866994928	96	0.333808725024604	0.621896209094794	-0.476502316007526
aligned_OG0002428_pruned_1	-0.255727281991839	75	0.00744022155893671	0.0842492273260003	-2.12841413160588
aligned_OG0002428_pruned_2	-0.353553390593274	16	0.103741678236542	0.352305578003852	-0.984046730672741
aligned_OG0002429_pruned	0.121931495972357	106	0.127743508519893	0.39411641558457	0.893661159965225
aligned_OG0002430_pruned_1	0.256365138241215	52	0.0263492768275697	0.171293825519228	1.57923129977234
aligned_OG0002430_pruned_2	-0.0908174024430905	32	0.541969973665359	0.775400501397206	-0.26602477366949
aligned_OG0002431_pruned	-0.0637462365291941	132	0.373348179972062	0.659516127651909	-0.42788596146447
aligned_OG0002432_pruned	-0.0452735528370229	106	0.571721956434469	0.79529872897176	-0.242815128801596
aligned_OG0002433_pruned_1	-0.0546994061872279	60	0.609808884046211	0.823261808059596	-0.214806252872997
aligned_OG0002433_pruned_2	0.229443705158148	59	0.0338210105622437	0.194754872276896	1.47081341994794
aligned_OG0002434_pruned	-0.00972430153258079	104	0.904250100506527	0.966478040464662	-0.043711434294927
aligned_OG0002435_pruned	-0.0821178727526687	93	0.337296015126941	0.625159726625767	-0.471988789610097
aligned_OG0002436_pruned	0.23755510686451	138	0.000690950363809111	0.0195751346260472	3.16055315016282
aligned_OG0002437_pruned	0.198287798983258	76	0.0366664971593058	0.203572622274657	1.43573057727821
aligned_OG0002438_pruned	-0.215029235109688	50	0.0679514344801769	0.284015151808363	-1.1678013707159
aligned_OG0002439_pruned_1	-0.0692111060738832	66	0.497590560798344	0.745157727925287	-0.303127866725748
aligned_OG0002439_pruned_2	-0.111943415709911	21	0.549144678638317	0.780922344758904	-0.260313220474355
aligned_OG0002440_pruned	-0.0737397206398586	109	0.350160754528941	0.63799872988247	-0.455732530573025
aligned_OG0002441_pruned	0.220960796413648	106	0.00577929656396044	0.0719209119101525	2.23812501918876
aligned_OG0002442_pruned	0.34085746710415	135	1.47429053003109e-06	0.000325282101489587	5.83141692410508
aligned_OG0002443_pruned	0.17686754560239	118	0.0196370125706948	0.146972238827239	1.70692458186208
aligned_OG0002444_pruned	-0.150547662248255	124	0.0416796565345859	0.218323438293755	-1.38007586854127
aligned_OG0002445_pruned	0.1894738759047	100	0.021591360599848	0.154578855975903	1.66571998932915
aligned_OG0002446_pruned	-0.278077733648487	110	0.000400662638208002	0.01382570933077	-3.39722115364071
aligned_OG0002447_pruned	-0.113821288457072	127	0.119076971558582	0.379763219412194	-0.92417221913886
aligned_OG0002448_pruned	-0.120917027217712	100	0.142596763682566	0.414624876797986	-0.845890330941043
aligned_OG0002449_pruned	-0.0198332924384701	98	0.811862053198082	0.927678532538486	-0.090517757241975
aligned_OG0002450_pruned	0.0832250378576479	22	0.647791664829312	0.84224484136111	0.18856464438068
aligned_OG0002451_pruned	0.10290132516071	126	0.160474919458896	0.436423159830753	0.794592833612624
aligned_OG0002452_pruned	-0.0989649636537603	131	0.168597032886241	0.445897201759796	-0.773150072727123
aligned_OG0002453_pruned	0.0622556192429505	118	0.411493911444926	0.690666681241027	0.385636586321538
aligned_OG0002454_pruned_1	0.330289129537908	12	0.197395731844499	0.480543143217176	0.704662242023129
aligned_OG0002454_pruned_2	0.565752381856018	12	0.0272484408923059	0.173848085535251	1.56465834224016
aligned_OG0002455_pruned	-0.113611456399476	35	0.423710797166793	0.698004047686339	-0.372930468993552
aligned_OG0002456_pruned	-0.148717408324307	123	0.0451040022671782	0.228423376503865	-1.34578491964241
aligned_OG0002457_pruned	-0.313698931042571	91	0.000288973634771327	0.0114096315079976	-3.53914177937376
aligned_OG0002458_pruned	0.110481851414039	101	0.178150497124353	0.458182186351966	0.749212961423759
aligned_OG0002459_pruned	0.19214866428323	114	0.0127482858651878	0.115448096249294	1.89454820655054
aligned_OG0002460_pruned_1	0.194758033870807	56	0.0795347981076557	0.309768810397525	1.0994428170088
aligned_OG0002460_pruned_2	-0.100315094637907	67	0.321804607160744	0.611355229485763	-0.492407742554685
aligned_OG0002461_pruned	-0.00379657725796646	106	0.96217570313149	0.986380035345559	-0.0167456141027018
aligned_OG0002462_pruned	0.0608398754000628	128	0.402895349482408	0.684433280350307	0.394807745532408
aligned_OG0002463_pruned_1	0.0386134337458501	71	0.694384006231809	0.868061399693754	0.158400290834536
aligned_OG0002463_pruned_2	0.326984524607316	55	0.00354020376811313	0.0533669226410594	2.45097174000239
aligned_OG0002464_pruned	-0.159005471005713	104	0.0491863595764357	0.238841533996035	-1.3081553196316
aligned_OG0002465_pruned	-0.129430045785887	26	0.436700030722758	0.708057830650642	-0.359816777525136
aligned_OG0002466_pruned_1	0.0568236516027416	91	0.511416826786979	0.75299049157469	0.291224986789718
aligned_OG0002466_pruned_2	-0.374552873533849	25	0.0275471481074148	0.174561170905211	-1.55992335598908
aligned_OG0002468_pruned	0.0336693446622949	111	0.666791623706757	0.852844384160944	0.176009864454085
aligned_OG0002469_pruned	-0.215172460120419	93	0.0119295012297011	0.110366834121288	-1.92337771372419
aligned_OG0002470_pruned	0.120186168055873	109	0.127821005423104	0.39411641558457	0.893397770671138
aligned_OG0002471_pruned	0.324975391645909	109	3.83141877211643e-05	0.00284658776324283	4.41664037725738
aligned_OG0002472_pruned	-0.170349180775916	123	0.0217256699505719	0.155235135338679	-1.66302682241207
aligned_OG0002473_pruned	-0.203919426313931	72	0.0366212855897014	0.203572622274657	-1.4362664138652
aligned_OG0002474_pruned	0.0270470088767658	102	0.740426189256861	0.890634384263073	0.130518228427253
aligned_OG0002475_pruned	-0.0242936962937832	81	0.791397420239935	0.919445447066693	-0.101605369760397
aligned_OG0002476_pruned	0.243423210181074	112	0.00176552302234021	0.0351887435046306	2.75312661488359
aligned_OG0002477_pruned	0.0230856886012724	126	0.752862784126454	0.898033081786486	0.123284170581468
aligned_OG0002478_pruned	0.133475174290293	58	0.221069051016604	0.508160973211027	0.655472053050019
aligned_OG0002479_pruned	-0.0976153432843663	109	0.216168720481585	0.50253015767127	-0.665207148056317
aligned_OG0002480_pruned_1	0.0667557337293191	51	0.566959062800916	0.794004411666372	0.246448298146792
aligned_OG0002480_pruned_2	-0.0296582593060695	59	0.783839593206682	0.91545556217303	-0.105772803275756
aligned_OG0002481_pruned	-0.188741444917372	113	0.0148664814873643	0.125281078367476	-1.82779180561627
aligned_OG0002482_pruned	0.173790155307503	78	0.0634706475196477	0.274141873923397	1.19742707104518
aligned_OG0002483_pruned	0.0546856543957694	116	0.474509357153583	0.732889302407687	0.323755219021516
aligned_OG0002484_pruned	0.0961594144981811	100	0.243619004788975	0.532349932133412	0.613288835279566
aligned_OG0002485_pruned	0.0816021461995004	123	0.271579165153575	0.562377438660016	0.566103551055424
aligned_OG0002486_pruned	-0.0402589023792157	105	0.616753993361052	0.826023348598955	-0.209888029857595
aligned_OG0002487_pruned	0.0305547133668034	103	0.706828043863837	0.874332044561299	0.150686227906499
aligned_OG0002488_pruned	-0.190098445391768	110	0.0155307527569765	0.128207948779531	-1.80880749402815
aligned_OG0002489_pruned	0.380255166785041	100	4.01094054888748e-06	0.000634862133401082	5.39675377518651
aligned_OG0002490_pruned	-0.0666124376120336	115	0.385773323824842	0.670106646564582	-0.413667807060775
aligned_OG0002491_pruned	-0.181488502160157	24	0.296269871484286	0.587776821328907	-0.528312510900668
aligned_OG0002492_pruned	0.0449437822291756	119	0.55154838443027	0.782506583600311	0.258416383188676
aligned_OG0002493_pruned_1	-0.162660769874364	48	0.176451735885659	0.454938062671204	-0.753374064808379
aligned_OG0002493_pruned_2	-0.23043176077453	57	0.0362905980210696	0.202321473347173	-1.44020587514167
aligned_OG0002494_pruned	0.186152706688085	90	0.0324357632496961	0.190148786007276	1.48897587817984
aligned_OG0002495_pruned	0.166098511702109	127	0.0229335577960696	0.160402722683173	1.63952856579589
aligned_OG0002496_pruned	-0.0567736244755634	92	0.509427937409618	0.752692172583675	-0.29291724168466
aligned_OG0002497_pruned	0.0890606099547816	136	0.206689520344778	0.491157440479872	0.684681542588063
aligned_OG0002498_pruned	-0.00551359744649041	85	0.950937839650493	0.981956943766167	-0.0218478708429128
aligned_OG0002499_pruned	-0.000430409501705213	115	0.995528660777318	1	-0.00194623233344758
aligned_OG0002500_pruned	0.287918519019228	113	0.000202845014126481	0.00884379968775393	3.69283566266495
aligned_OG0002501_pruned	0.0380096335882529	135	0.591340330842589	0.811511586770065	0.228162500055393
aligned_OG0002502_pruned	-0.0742576644721582	99	0.370352436377114	0.658033654589413	-0.431384793980779
aligned_OG0002503_pruned	-0.0194572876793227	102	0.811628824871212	0.927557600672939	-0.0906425374639622
aligned_OG0002504_pruned	0.0165663328955378	108	0.834517257471375	0.938003500163454	0.0785646778617935
aligned_OG0002505_pruned_1	-0.0693954681964694	49	0.559945855014173	0.788368384546111	-0.251853965860652
aligned_OG0002505_pruned_2	-0.268028133709449	29	0.0876687951299293	0.326337677577206	-1.05715496210106
aligned_OG0002505_pruned_3	0.0221403721385024	17	0.916051072281896	0.968270540229821	0.0380803125855493
aligned_OG0002506_pruned	-0.0720755808741498	103	0.374955533605635	0.660709399850587	-0.426020232684933
aligned_OG0002507_pruned	-0.0128602904457458	103	0.874215376072302	0.95374780109768	-0.0583815592229067
aligned_OG0002508_pruned	0.0452250102423403	120	0.547359358495338	0.780059402858594	0.261727452151445
aligned_OG0002509_pruned	0.191133778970721	74	0.0469569491326869	0.233056269008244	1.32830012764377
aligned_OG0002510_pruned	0.148087219439773	95	0.0802468135466059	0.311535651553851	1.09557220361594
aligned_OG0002511_pruned_1	-0.22120693031098	64	0.0328614770957312	0.191564783614106	-1.48331291929086
aligned_OG0002511_pruned_2	0.1362010449214	25	0.422936763859057	0.697644444417261	0.373724562081373
aligned_OG0002512_pruned_1	-0.115476729758136	48	0.337232790707463	0.625159726625767	-0.472070203528505
aligned_OG0002512_pruned_2	-0.0430730492253948	22	0.813096597088087	0.92850632424692	-0.0898578565089204
aligned_OG0002512_pruned_3	0.218735362838911	27	0.179794758220763	0.460573470953515	0.74522297394307
aligned_OG0002513_pruned	-0.09954124878641	97	0.234681764671369	0.523843696956478	-0.629520654799678
aligned_OG0002514_pruned	-0.138073275710295	102	0.0907967907065528	0.332875847499703	-1.04192950173295
aligned_OG0002515_pruned_1	-0.296866165836362	44	0.018396050420317	0.142227269481283	-1.73527540877209
aligned_OG0002515_pruned_2	-0.212138822906916	32	0.154299700676208	0.430442958093282	-0.811634916417717
aligned_OG0002515_pruned_3	-0.0773775954499418	33	0.597398541801176	0.815466579601004	-0.223735841806339
aligned_OG0002516_pruned	0.352157040039087	114	4.99896183673297e-06	0.000753627568438495	5.30112017874242
aligned_OG0002517_pruned	-0.185806200511063	72	0.056868580313238	0.25992475408706	-1.24512761348904
aligned_OG0002518_pruned	-0.0353129717514951	119	0.639894077347655	0.837907522577795	-0.193891909501381
aligned_OG0002519_pruned	-0.0571431972741616	102	0.483973318072237	0.738337665801397	-0.315178580779993
aligned_OG0002520_pruned	-0.14168180094456	126	0.0533095570405315	0.24936228360813	-1.27319492609729
aligned_OG0002521_pruned	0.159720345888902	143	0.0201827138621066	0.14979647260958	1.69502043690521
aligned_OG0002522_pruned	-0.113705115908652	94	0.181586703798534	0.463017850948405	-0.740915954704427
aligned_OG0002523_pruned	0.202550107138082	93	0.0179457944857151	0.14049820392526	1.74603731007389
aligned_OG0002524_pruned	0.0527716325203729	104	0.513878782721124	0.7542838706151	0.289139313307941
aligned_OG0002525_pruned	-0.038422045101746	116	0.615336174100689	0.825550522135087	-0.210887553056737
aligned_OG0002526_pruned	-0.203217998701243	122	0.00639827513420612	0.0763773836740186	-2.19393708861916
aligned_OG0002527_pruned	-0.222995580564633	110	0.0045325108331388	0.0621178765212313	-2.34366114922544
aligned_OG0002528_pruned_1	-0.00625305399480722	31	0.967067781377182	0.988380195986421	-0.014543085331222
aligned_OG0002528_pruned_2	-0.054232614454664	18	0.789810270860482	0.918921154064424	-0.102477222905086
aligned_OG0002528_pruned_3	-0.0712696645099798	36	0.610491756745271	0.823261808059596	-0.214320195804621
aligned_OG0002529_pruned	0.162450817271548	127	0.0261088786226966	0.170645193224285	1.58321178074057
aligned_OG0002530_pruned	-0.078979850367879	76	0.405267633023494	0.685589184299417	-0.392258080098932
aligned_OG0002531_pruned	-0.0725799866947727	89	0.406971471461398	0.68604194679923	-0.390436033578566
aligned_OG0002532_pruned	-0.123598220109504	126	0.0918416459723857	0.334354827591485	-1.03696034151493
aligned_OG0002533_pruned	0.0735289473001584	116	0.336256683206906	0.624881294137183	0.473329075164892
aligned_OG0002534_pruned	0.124313694610861	126	0.0899767417863356	0.330869018659752	1.04586973744113
aligned_OG0002535_pruned	-0.0626632531989118	109	0.427230714643163	0.699933693398698	-0.369337532382744
aligned_OG0002536_pruned_1	0.188487905978353	51	0.105968701726035	0.356622887986579	0.974822386384312
aligned_OG0002537_pruned	-0.0610077745007532	126	0.405359305069189	0.685589184299417	-0.392159853252799
aligned_OG0002538_pruned	-0.110957068987981	95	0.189971971823441	0.473353800312851	-0.72131046946995
aligned_OG0002539_pruned	0.196572757692901	116	0.0101488787666546	0.101382954573712	1.99358193532243
aligned_OG0002540_pruned	-0.158938225345763	62	0.131498424729836	0.399420063659876	-0.881079449723557
aligned_OG0002541_pruned_1	-0.26937401188059	64	0.00936611163306673	0.0975109845044934	-2.02844067024218
aligned_OG0002541_pruned_2	-0.136600190310795	36	0.328917985914859	0.616485446851105	-0.482912377748705
aligned_OG0002542_pruned	0.163227103529563	108	0.0395523663400032	0.212226341252388	1.40282752840745
aligned_OG0002544_pruned	0.0498518887935219	115	0.516285344200333	0.755977791571997	0.28711020310165
aligned_OG0002545_pruned	0.111952590856584	93	0.190828878751928	0.474499341084931	0.719355901468627
aligned_OG0002546_pruned	0.0826816236355919	62	0.432691510472441	0.705534640752085	0.363821625695988
aligned_OG0002547_pruned	-0.139328683051308	123	0.0604923192891557	0.267878284804183	-1.21829976422512
aligned_OG0002548_pruned	0.0131775625990192	104	0.870508462100552	0.95196336926316	0.0602270028054522
aligned_OG0002549_pruned	0.0795855259227163	124	0.281621626075654	0.57356281383408	0.550333998234835
aligned_OG0002550_pruned	-0.0893289772775367	94	0.293949003631649	0.58630298956547	-0.531728007555219
aligned_OG0002551_pruned	0.0312314736272852	88	0.722763632560849	0.881880649755579	0.141003708041788
aligned_OG0002552_pruned	0.0930936719534534	113	0.229623995094477	0.520359858937772	0.638982731288764
aligned_OG0002553_pruned	-0.0514366087270563	123	0.488303191906966	0.741338938363374	-0.31131043684008
aligned_OG0002554_pruned	0.343719623071601	92	6.49299744298282e-05	0.00397701093547052	4.18755476815738
aligned_OG0002555_pruned	0.0209416190843559	47	0.863333289536501	0.949106097103316	0.0638215126701364
aligned_OG0002556_pruned	0.165023253805422	86	0.0639347087276239	0.27463635058751	1.19426330903216
aligned_OG0002557_pruned	-0.0649313004743565	23	0.715000654688089	0.877895407552104	-0.145693560538368
aligned_OG0002558_pruned	0.0807127911488778	114	0.295450903459853	0.587286051833441	0.529514677652401
aligned_OG0002559_pruned_1	-0.219143139100953	46	0.0748817493478546	0.301056884042921	-1.12562401839327
aligned_OG0002559_pruned_2	0.105754889147711	75	0.268362081809177	0.559156899512649	0.571278847759311
aligned_OG0002560_pruned	-0.187800804314769	119	0.0128429462303503	0.115974258719807	-1.89133533570586
aligned_OG0002561_pruned	0.0234555014902805	75	0.80607869482027	0.925600227268173	0.0936225573787027
aligned_OG0002562_pruned	0.133448539011821	79	0.151453409511063	0.427070837533885	0.819720945406904
aligned_OG0002563_pruned	0.274870920902043	95	0.00116682777909245	0.0266322039485019	2.93299324002086
aligned_OG0002564_pruned	-0.210045486662861	129	0.00374044710860182	0.0551299501978337	-2.42707648197257
aligned_OG0002565_pruned	-0.146862210593146	110	0.0615662544622438	0.269713537147772	-1.21065726700068
aligned_OG0002566_pruned	0.103060131095349	76	0.277480585260758	0.567829157190438	0.556767398159641
aligned_OG0002567_pruned	-0.072843825353438	116	0.340778567926002	0.628154114701069	-0.467527726476225
aligned_OG0002568_pruned	0.3530552352667	122	2.16847462208217e-06	0.000415491150615271	5.66384565608574
aligned_OG0002569_pruned	0.289259347741305	97	0.000553655744229478	0.0170812181090459	3.25676018987993
aligned_OG0002570_pruned	0.0757839754763108	84	0.400568963033231	0.682657867224814	0.397322703833226
aligned_OG0002571_pruned	0.469208785848845	121	3.6280573948036e-10	1.32079429457825e-06	9.44032585114631
aligned_OG0002572_pruned	0.10554765445939	127	0.1483564817774	0.422051055377837	0.828693474364582
aligned_OG0002573_pruned	-0.130327196660336	98	0.117796221371308	0.377830082733256	-0.928868640481942
aligned_OG0002574_pruned_1	-0.00955365911497878	92	0.911603064879551	0.967330926587863	-0.0401942233577883
aligned_OG0002574_pruned_2	0.0288464872255676	23	0.871131491597158	0.952501635428579	0.0599162861347576
aligned_OG0002575_pruned_1	0.365263354274887	66	0.000344028542942799	0.0124003555503293	3.46340552391594
aligned_OG0002575_pruned_2	-0.0373479824739141	51	0.748727363209714	0.896462583108193	-0.125676294728471
aligned_OG0002576_pruned	-0.0517926562525681	120	0.490757361551736	0.742561169879093	-0.309133177092564
aligned_OG0002577_pruned_1	-0.276443579472519	20	0.14980005429363	0.424064617150825	-0.824488029230545
aligned_OG0002577_pruned_2	-0.385337317794226	11	0.15304188415882	0.42838687946416	-0.815189696177693
aligned_OG0002578_pruned	-0.0986998912622177	89	0.25946440019965	0.548752418648464	-0.585922221081224
aligned_OG0002579_pruned	-0.328984951456554	98	7.87295737029655e-05	0.00469860677156796	-4.10386210012601
aligned_OG0002580_pruned	0.10095925068901	74	0.293997007952689	0.58630298956547	0.531657089439029
aligned_OG0002581_pruned	0.138520771264547	88	0.115603304328425	0.375427144877459	0.937029752151718
aligned_OG0002582_pruned	-0.11246770680975	95	0.184010939798797	0.466081824214669	-0.735156356593632
aligned_OG0002583_pruned	0.0878259058795241	95	0.299535972781675	0.591356132815448	0.523551013533657
aligned_OG0002584_pruned	0.34280615904356	95	5.13620437681716e-05	0.00348221267535963	4.28935770340533
aligned_OG0002585_pruned	0.0183875046064738	107	0.817484398938609	0.930453736924284	0.0875205267649554
aligned_OG0002586_pruned	-0.107613650210904	102	0.187463274151392	0.470175714466513	-0.727083802046417
aligned_OG0002587_pruned_1	-0.435897966613378	49	0.000250700850654519	0.010254791537166	-3.60084419243214
aligned_OG0002587_pruned_2	-0.396189278341105	20	0.0390083417973429	0.21068736173817	-1.40884251068718
aligned_OG0002588_pruned	-0.110933901529839	86	0.212984629360148	0.499112032948579	-0.671651737523419
aligned_OG0002589_pruned	0.154109508937469	87	0.0817933711207498	0.314286020388212	1.08728189195624
aligned_OG0002590_pruned	0.160689941201039	124	0.0297114614299112	0.181636566474545	1.5270759858491
aligned_OG0002591_pruned	0.0676367713274547	46	0.582491288488402	0.8043619730938	0.23471056539157
aligned_OG0002592_pruned_1	-0.221278772214486	47	0.0689370505089258	0.287310054238975	-1.161547301942
aligned_OG0002592_pruned_3	0.345645147147229	29	0.0276380386161691	0.174681048723599	1.55849278070447
aligned_OG0002593_pruned	0.10221609857283	110	0.19322181269021	0.475735605282443	0.713943847919151
aligned_OG0002594_pruned	-0.01163448807808	83	0.897941348766127	0.964282327342484	-0.0467520294118601
aligned_OG0002595_pruned	-0.0378144318125386	125	0.607483074751825	0.822134622168781	-0.216465817555632
aligned_OG0002596_pruned	0.195990627311679	105	0.0148364039812719	0.125172488282318	1.82867134975375
aligned_OG0002597_pruned	-0.203435726537599	113	0.00865884510113136	0.0929868011524151	-2.06254002942067
aligned_OG0002598_pruned	0.0565592355339141	108	0.475693207520238	0.733175750202128	0.32267304987827
aligned_OG0002599_pruned	-0.0674924875351648	128	0.353446276746704	0.640956996511271	-0.451676588898361
aligned_OG0002600_pruned	-0.110336898898453	82	0.226715796019606	0.517129650447867	-0.644518220124203
aligned_OG0002601_pruned	-0.22117585980053	60	0.0390581158856384	0.21068736173817	-1.4082887103622
aligned_OG0002602_pruned_1	0.441457321527141	32	0.00303297913288358	0.0484278970757135	2.51813057765659
aligned_OG0002602_pruned_2	0.30645235107315	25	0.0713870335344383	0.293488984282465	1.14638066463605
aligned_OG0002603_pruned	0.219935667522992	135	0.00189225792233633	0.0365451722348298	2.7230196678216
aligned_OG0002604_pruned	-0.21157652716694	113	0.00632784616272659	0.0763773836740186	-2.19874408758419
aligned_OG0002605_pruned	0.0260986764228757	30	0.86553432515616	0.950664568028662	0.0627157042989131
aligned_OG0002606_pruned	0.302158769831779	132	2.44669266472587e-05	0.00225498345466697	4.61142058005414
aligned_OG0002607_pruned	-0.0140492608821196	90	0.871751689073042	0.952607541368876	-0.0596072024786379
aligned_OG0002608_pruned_1	-0.014787097133337	52	0.89806324154778	0.964282327342484	-0.0466930792701705
aligned_OG0002608_pruned_2	0.20193071611161	36	0.148958613174544	0.422668613610233	0.826934379686085
aligned_OG0002609_pruned_1	0.0649065505971569	41	0.619370551791639	0.826849466005669	0.208049447184628
aligned_OG0002609_pruned_2	-0.398283407393313	49	0.000821104841988925	0.0215052674623071	-3.08560138686319
aligned_OG0002610_pruned	0.0572291171766665	105	0.476829090792898	0.734615448595661	0.321637256654082
aligned_OG0002611_pruned	-0.165812869202516	102	0.0422568443582601	0.220080174372312	-1.37410293816315
aligned_OG0002612_pruned	-0.15700731852057	79	0.0914791846792692	0.3338646334084	-1.03867771475694
aligned_OG0002613_pruned	0.164817546946949	111	0.0350615258600211	0.198687007539921	1.45516918755291
aligned_OG0002614_pruned	0.00258477490643937	110	0.973753090562556	0.991178002570386	0.0115511509243763
aligned_OG0002615_pruned	-0.253060442086831	116	0.000934818735114106	0.0232300860422041	-3.02927259230555
aligned_OG0002616_pruned	-0.0544782540181182	37	0.692821388848363	0.867278613372746	-0.159378713202848
aligned_OG0002617_pruned	0.114014121449828	100	0.166822093512003	0.442959360588665	0.777746432985177
aligned_OG0002618_pruned	-0.0742694248474228	41	0.569764367960621	0.79529872897176	-0.244304714243531
aligned_OG0002619_pruned	0.104708999080395	114	0.174689365862578	0.453897286847709	0.757733531695772
aligned_OG0002620_pruned	0.147355052936939	99	0.0754646927239531	0.302731916100883	1.12225619196898
aligned_OG0002621_pruned	0.0748928804019841	98	0.368754340659606	0.656454854362492	0.433262858841795
aligned_OG0002622_pruned	-0.0538688026295429	89	0.538252657988501	0.772829343879762	-0.269013816874863
aligned_OG0002623_pruned	0.21518349985414	107	0.00691792389900008	0.0802007220516527	2.16002421977556
aligned_OG0002624_pruned	0.176031123490073	109	0.0257273321456087	0.169214729315426	1.58960524661174
aligned_OG0002625_pruned	0.0837577403596443	73	0.387294258569831	0.670673126395605	0.411958941149529
aligned_OG0002626_pruned	0.131538736443496	127	0.0716586170785151	0.293941628703475	1.14473157742814
aligned_OG0002627_pruned	0.0541744074903447	99	0.513409897318137	0.754112863097307	0.289535763422228
aligned_OG0002628_pruned	0.162195865076531	91	0.0608924525388086	0.26837648119556	1.21543653370338
aligned_OG0002629_pruned	-0.11084108439723	113	0.152616701932064	0.42838687946416	-0.816397935843696
aligned_OG0002630_pruned	0.145338885068032	104	0.0721911804293531	0.295128570862504	1.14151585679086
aligned_OG0002631_pruned	0.317627373685603	122	2.02871228179911e-05	0.00191831871737394	4.69277954157547
aligned_OG0002632_pruned	-0.0124156974480384	121	0.868243536488891	0.951031924139442	-0.061358441046462
aligned_OG0002633_pruned	-0.0242562598914528	75	0.79959699517027	0.923431527511265	-0.0971288465992219
aligned_OG0002634_pruned	-0.032304652982829	116	0.672682122082474	0.855409779073874	-0.172190114437169
aligned_OG0002635_pruned	-0.170290278638503	40	0.198272683403036	0.481110594855921	-0.702737115671242
aligned_OG0002636_pruned	0.343232949771519	105	1.98377954223921e-05	0.00190051300618996	4.70250659272055
aligned_OG0002637_pruned	-0.0240789757054809	117	0.751793953378803	0.897529940106897	-0.12390117160542
aligned_OG0002639_pruned	0.0629132211456712	118	0.406571294033871	0.68604194679923	0.390863287977341
aligned_OG0002640_pruned	0.030181776645351	89	0.730221895751704	0.88727967771142	0.136545148842367
aligned_OG0002641_pruned	0.00668044865539114	124	0.927987347042712	0.973798075739179	0.0324579452757414
aligned_OG0002642_pruned	0.0336693446622949	111	0.666791623706757	0.852844384160944	0.176009864454085
aligned_OG0002643_pruned	-0.0476766457416404	124	0.518927185709559	0.758405701551147	-0.284893576762427
aligned_OG0002644_pruned_1	0.115813229892179	63	0.267817550254145	0.559156899512649	0.572160966798285
aligned_OG0002644_pruned_2	0.0470152448139537	30	0.760332307521876	0.902507259710919	0.118996555376231
aligned_OG0002645_pruned	-0.0394578130788472	93	0.644761152284097	0.840023441702569	-0.190601137234141
aligned_OG0002646_pruned	0.176186503326178	104	0.0292937905195077	0.179838186148849	1.53322442841418
aligned_OG0002647_pruned	0.267230776216263	131	0.000201193874325553	0.00882465421062862	3.69638524621606
aligned_OG0002648_pruned	0.295781312837831	90	0.000677086978006995	0.0193638142126489	3.16935553863809
aligned_OG0002649_pruned	-0.191865311441719	104	0.0176220909623244	0.138709669509929	-1.75394256133135
aligned_OG0002650_pruned	-0.0574700152710445	92	0.504247854050139	0.750640066866258	-0.29735594135747
aligned_OG0002652_pruned_1	0.223410304961885	58	0.0405395343977735	0.214579644884409	1.39212124354728
aligned_OG0002652_pruned_2	0.160005120245773	31	0.290765952315103	0.582091146454025	0.536456449213878
aligned_OG0002653_pruned	-0.302413274946461	99	0.000264097179444629	0.0106827309085352	-3.57823623702925
aligned_OG0002654_pruned_1	0.0362099034638909	80	0.695256259091943	0.868756139189159	0.157855092680478
aligned_OG0002654_pruned_2	-0.115427966056676	48	0.337436852855276	0.625159726625767	-0.47180748808456
aligned_OG0002655_pruned	0.0858339304556398	65	0.403941937554119	0.684565107794119	0.393681055711297
aligned_OG0002656_pruned	-0.147481543202504	57	0.180249408559475	0.461379943764898	-0.744126151628104
aligned_OG0002657_pruned	-0.020806259464412	22	0.909072872160142	0.966621100628522	-0.0414013019171591
aligned_OG0002658_pruned_1	0.0030058098336094	44	0.980955908514291	0.99482598795411	0.00835051261931599
aligned_OG0002659_pruned	0.0396240439373867	89	0.650758011039898	0.843691075210381	0.186580476881413
aligned_OG0002660_pruned	0.0446476918068076	132	0.532951308856942	0.769321503295852	0.273312466884675
aligned_OG0002661_pruned	0.239746927619939	101	0.00347948821909361	0.0529893761836909	2.45848462960762
aligned_OG0002662_pruned	-0.016382466825665	107	0.83709052176703	0.938422230110218	-0.0772275754855865
aligned_OG0002663_pruned	0.200647119790004	125	0.00641883722098202	0.076486751566278	2.19254363770187
aligned_OG0002664_pruned	-0.122010679579216	67	0.228191153858292	0.518810552235753	-0.641701195610161
aligned_OG0002665_pruned	-0.136088624450702	95	0.1079393868225	0.360342354633023	-0.966820053385508
aligned_OG0002666_pruned	0.127380487363797	120	0.0901122574659663	0.331032970035167	1.04521613035543
aligned_OG0002667_pruned	0.159017648584156	97	0.057636690859721	0.261303079794289	1.23930096163005
aligned_OG0002668_pruned	0.243251654543688	98	0.00350788069228664	0.0529893761836909	2.45495518599092
aligned_OG0002669_pruned	0.0246728513796485	110	0.753475222860234	0.898616396010706	0.122931024373902
aligned_OG0002670_pruned	0.232572755942102	135	0.00101930571784027	0.0244323327338611	2.99169553958716
aligned_OG0002671_pruned_1	0.424970172207784	36	0.00238703328642129	0.0420195517559793	2.62214152485236
aligned_OG0002671_pruned_2	0.0744608664921398	54	0.510634223928	0.75299049157469	0.291890081100545
aligned_OG0002672_pruned	-0.258114682334633	96	0.00217467640072216	0.0399571547192586	-2.66260535840425
aligned_OG0002673_pruned	0.077058398315538	113	0.320027834837879	0.609979755354607	0.494812246708928
aligned_OG0002674_pruned	-0.049254593799752	116	0.51948745615836	0.758489013010558	-0.284424934703488
aligned_OG0002675_pruned	-0.147639599616486	71	0.133016284728008	0.402030539271326	-0.876095186592519
aligned_OG0002676_pruned	-0.000516139774092509	105	0.994880725407812	1	-0.00222898297509883
aligned_OG0002677_pruned	-0.0385603017006613	82	0.672681590694411	0.855409779073874	-0.172190457510051
aligned_OG0002678_pruned	0.174254741066865	123	0.0188871902598828	0.144148461511747	1.72383264479861
aligned_OG0002679_pruned	0.25858921131707	99	0.00181150856927078	0.0353585358980983	2.74195960721144
aligned_OG0002680_pruned	0.059411271161156	121	0.427304665177477	0.699933693398698	0.36926236566683
aligned_OG0002681_pruned	0.0189665021908615	90	0.82747918790013	0.936121188176017	0.0822429204450473
aligned_OG0002682_pruned	-0.0167383793346253	94	0.844098363141293	0.940661277786916	-0.0736069419046966
aligned_OG0002683_pruned_1	-0.0320783840023027	64	0.756994844196247	0.900522011116002	-0.120907078419009
aligned_OG0002683_pruned_2	0.32968170974845	38	0.0153345155300472	0.127455031477481	1.81432994031735
aligned_OG0002684_pruned	-0.142963352771542	35	0.314087301415926	0.603714266528342	-0.502949621820133
aligned_OG0002685_pruned	0.120919616337732	106	0.130935972962901	0.39838897582235	0.882941020271245
aligned_OG0002686_pruned	-0.140599813824598	94	0.0985625225326274	0.345874449952668	-1.00628819004185
aligned_OG0002687_pruned	0.134893486026633	123	0.0691509495696008	0.287871963302609	1.16020185185248
aligned_OG0002688_pruned	-0.151091842258229	110	0.0544492125514425	0.252512558335703	-1.26400839666186
aligned_OG0002689_pruned	-0.122135228190112	97	0.14480584425814	0.41718543670426	-0.839213909976981
aligned_OG0002690_pruned	-0.166520291485095	109	0.0348754658758515	0.198687007539921	-1.45747998225712
aligned_OG0002691_pruned	-0.185630611028149	120	0.0135178175391583	0.119236995917231	-1.86909341987444
aligned_OG0002693_pruned	0.0466652085337124	107	0.558080252114239	0.787220498179965	0.253303344889814
aligned_OG0002694_pruned	0.0587971881935036	105	0.4648375508888	0.725773603417622	0.332698795667059
aligned_OG0002695_pruned	-0.119018452453431	127	0.103137614486007	0.351565997693172	-0.98658291779594
aligned_OG0002696_pruned	0.0249127315543739	129	0.730943546128783	0.887434430150024	0.136116164152299
aligned_OG0002697_pruned	0.208573948253824	63	0.0459733104472893	0.230849429908078	1.33749422243577
aligned_OG0002698_pruned	-0.344378951636619	62	0.00108337239229917	0.0252013878221414	-2.96522223578306
aligned_OG0002699_pruned	-0.145577207677268	122	0.0507893258403144	0.243231059534683	-1.29422755180567
aligned_OG0002700_pruned	0.173999197887028	115	0.0234816429549493	0.162245274716605	1.62927151980492
aligned_OG0002701_pruned	0.18807660287287	108	0.0177035393225127	0.139050129241872	1.75193990004633
aligned_OG0002702_pruned	0.177065792000892	93	0.0385499912538962	0.209777642989251	1.41397571614441
aligned_OG0002703_pruned	-0.0095790618064484	81	0.916937972103367	0.968270540229821	-0.0376600419574142
aligned_OG0002704_pruned	-0.0287588842164521	109	0.715579333174714	0.878309697377798	-0.145342210890845
aligned_OG0002705_pruned	0.0393963663707863	111	0.614408079188708	0.825522278016789	0.211543082162735
aligned_OG0002706_pruned	0.190317155808856	95	0.0245704557506247	0.165966732568236	1.60958678783633
aligned_OG0002707_pruned	-0.0122154528160448	124	0.868740586119344	0.951031924139442	-0.0611098884951518
aligned_OG0002708_pruned	0.234797885756898	65	0.0224277062386847	0.157926623910893	1.64921514098775
aligned_OG0002709_pruned	0.0719662925916114	103	0.375680115359736	0.661701675144601	0.425181791410084
aligned_OG0002710_pruned	0.0609848536643394	113	0.431293863160639	0.703636585302957	0.365226721344965
aligned_OG0002711_pruned	-0.177505042132938	118	0.0192001531334587	0.145008575752413	-1.71669530750734
aligned_OG0002712_pruned	-0.12431336824083	104	0.124093852347526	0.388539551339634	-0.906249733067578
aligned_OG0002713_pruned	0.035825615249405	90	0.68059130220361	0.859563793815175	0.167113605385837
aligned_OG0002714_pruned_1	-0.0847941805474568	57	0.441049138549404	0.711610149596677	-0.355513021842815
aligned_OG0002714_pruned_2	-0.0844400661841498	33	0.564378276538114	0.791465632588983	-0.248429711007682
aligned_OG0002715_pruned	0.0182468986064964	126	0.803461093995957	0.92482961842121	0.0950351482372336
aligned_OG0002716_pruned	-0.116110575856925	116	0.128899324655923	0.39516462434517	-0.889749358045931
aligned_OG0002717_pruned	-0.013662732184138	102	0.867094777074066	0.951031924139442	-0.0619334297318028
aligned_OG0002718_pruned	0.314578740756784	120	2.84550279391169e-05	0.00237097150070648	4.54584098363505
aligned_OG0002719_pruned	-0.20124142112203	120	0.00741671036792767	0.0841455185653259	-2.12978868041477
aligned_OG0002720_pruned	0.191761942992631	120	0.0107289447657814	0.104017905245878	1.96944299051629
aligned_OG0002721_pruned	0.263289237874182	126	0.000329393341717894	0.0121621641821915	3.48228518380744
aligned_OG0002722_pruned	-0.146947314138032	122	0.0486508697456388	0.23789589161719	-1.31290939131844
aligned_OG0002723_pruned	0.0628473266414346	92	0.465202436963309	0.725773603417622	0.332358018885667
aligned_OG0002725_pruned	-0.274620404563559	104	0.000680831814096705	0.0193638142126489	-3.16696015861703
aligned_OG0002726_pruned	-0.131879230578681	134	0.063480730591244	0.274141873923397	-1.19735808365128
aligned_OG0002727_pruned	0.0649337262453098	72	0.505728893743668	0.751318521801193	0.296082233167996
aligned_OG0002728_pruned	0.128875480098712	110	0.100910828154717	0.348049142489101	0.996062229644865
aligned_OG0002729_pruned	-0.252900695875461	118	0.000849225820519203	0.0218488098911672	-3.07097680967969
aligned_OG0002730_pruned	0.0677725611204692	103	0.404134340994277	0.684565107794119	0.393474244161058
aligned_OG0002731_pruned	0.167283241789735	100	0.0425187856024119	0.220655223072816	1.3714191480458
aligned_OG0002732_pruned	-0.13000398651149	99	0.116807941598316	0.376651294409803	-0.932527629183573
aligned_OG0002733_pruned	0.089136355727455	100	0.279772714895203	0.570435490661432	0.553194642768648
aligned_OG0002734_pruned_1	0.0793051585718144	53	0.487752031649034	0.741122664077225	0.311800912949073
aligned_OG0002734_pruned_2	0.267261241912424	36	0.0561147240280999	0.257448837837804	1.2509231685987
aligned_OG0002735_pruned	-0.0356207834343158	129	0.622949807510004	0.828135393186112	-0.205546944030373
aligned_OG0002736_pruned	-0.220418644563493	107	0.0056665762648289	0.071257930542693	-2.24667926181182
aligned_OG0002737_pruned	-0.0752071046995234	40	0.569922585543834	0.79529872897176	-0.244184131966863
aligned_OG0002738_pruned	-0.0725783207731718	104	0.369277218811824	0.656743387925962	-0.432647483709673
aligned_OG0002739_pruned	-0.024779680116684	123	0.738486037590526	0.889941118992976	-0.131657711394295
aligned_OG0002740_pruned	0.0205563075671696	63	0.844075598282895	0.940661277786916	0.073618654740708
aligned_OG0002741_pruned_1	-0.483045891539648	16	0.026224181348738	0.171031614439485	-1.58129806047568
aligned_OG0002741_pruned_2	-0.447213595499958	10	0.117185087198138	0.376810215595963	-0.931127652478669
aligned_OG0002742_pruned	-0.0252346645595798	62	0.810748621098251	0.927471307656138	-0.0911137812919678
aligned_OG0002743_pruned_1	-0.284760714323443	49	0.0167572989267077	0.135188645070456	-1.77579598306628
aligned_OG0002743_pruned_2	-0.0289754377571684	68	0.773067152685765	0.909131602160686	-0.111782779336313
aligned_OG0002744_pruned	0.0855948819398023	91	0.322612811392517	0.611863474797842	0.491318390181407
aligned_OG0002745_pruned	0.284745806288021	116	0.000196235727122025	0.00865934744954829	3.70722192111806
aligned_OG0002746_pruned	0.249336274236228	106	0.00184263884687036	0.035681525117189	2.73455977719608
aligned_OG0002747_pruned	0.0549469549335558	98	0.509617864161714	0.752692172583675	0.292755356632529
aligned_OG0002748_pruned	0.279390737529973	122	0.000177771955795083	0.00801537637576086	3.75013674957543
aligned_OG0002749_pruned	0.282570016988684	107	0.000390328040117473	0.0135332307623587	3.40857024904959
aligned_OG0002750_pruned	0.0226569630687459	118	0.765025870441937	0.9052743966663	0.116323878310166
aligned_OG0002751_pruned	0.168450020363197	44	0.180981916672732	0.462685862111714	0.742364816741787
aligned_OG0002753_pruned	-0.137713256438294	111	0.0782309621995349	0.307977485341023	-1.10662132812827
aligned_OG0002754_pruned_1	-0.105847549351431	25	0.533447263152588	0.769321503295852	-0.272908508674194
aligned_OG0002754_pruned_2	-0.0523314715644201	65	0.610862711572269	0.823341614764474	-0.214056384366528
aligned_OG0002755_pruned	0.121796094019878	66	0.232622185479961	0.521305673277808	0.633348868403537
aligned_OG0002758_pruned	-0.0289906377178422	104	0.719873498349325	0.881222991326968	-0.142743814396098
aligned_OG0002760_pruned	0.343749089545611	105	1.92752536548476e-05	0.0018712416248126	4.71499989809279
aligned_OG0002761_pruned_1	-0.00958926602970768	30	0.950389943699351	0.981669624070787	-0.0220981677111418
aligned_OG0002761_pruned_3	0.134742013909074	18	0.507800648275273	0.751971303674708	0.294306749027097
aligned_OG0002762_pruned	0.439123026500324	69	1.06698616764783e-05	0.00129478771444065	4.9718412107097
aligned_OG0002763_pruned	0.0451109031558961	115	0.556966369654601	0.786362640576914	0.254171027293724
aligned_OG0002764_pruned	0.0830615048391472	99	0.31633430152263	0.604730401560873	0.499853713065945
aligned_OG0002765_pruned_1	-0.023094010767585	25	0.891921487406349	0.961963265615482	-0.049673373299753
aligned_OG0002765_pruned_2	-0.308784925361875	23	0.0824778874732095	0.314801261920532	-1.08366247127543
aligned_OG0002766_pruned_1	0.322251693317745	13	0.187682772533396	0.470402157251518	0.7265755895899
aligned_OG0002766_pruned_2	0.0181488502160157	24	0.916814948528089	0.968270540229821	0.0377183142135798
aligned_OG0002767_pruned	-0.00464801126153467	102	0.954599517787705	0.983628075563685	-0.0201787893519156
aligned_OG0002768_pruned	0.0732772406235879	110	0.350951745701415	0.63836202303993	0.454752592982197
aligned_OG0002769_pruned	0.0626700458883862	117	0.410414527559848	0.689803364534454	0.386777274778766
aligned_OG0002770_pruned	0.24822833781079	65	0.015794253615057	0.129648208084814	1.80150089261551
aligned_OG0002771_pruned	-0.0736388241842755	73	0.447201548663439	0.715680618876208	-0.349496701152891
aligned_OG0002772_pruned	0.294906838030198	88	0.000808304112873141	0.021355935001033	3.09242521138632
aligned_OG0002773_pruned	0.374825942454164	73	0.000109329123834765	0.00589648407882164	3.96126413232379
aligned_OG0002774_pruned	-0.051319707171683	106	0.52149634708421	0.760467635313465	-0.282748729321299
aligned_OG0002775_pruned	0.0811641255929457	23	0.648076868139146	0.84245490375094	0.188373479578804
aligned_OG0002776_pruned	-0.161838914702024	107	0.0422305168407541	0.220080174372312	-1.37437360340308
aligned_OG0002777_pruned	-0.0725136608828799	80	0.432758921246918	0.705534640752085	-0.363753970458063
aligned_OG0002778_pruned	0.0913005204520443	103	0.261062873569723	0.54999964770288	0.583254885933669
aligned_OG0002779_pruned	0.0062157979465888	35	0.965088688502607	0.987013704238098	0.015432774575952
aligned_OG0002780_pruned_1	0.132233986637837	30	0.390914049617457	0.674396960157009	0.407918720558582
aligned_OG0002780_pruned_2	-0.051256782962566	30	0.739463121826426	0.889941118992976	-0.131083480066886
aligned_OG0002781_pruned	0.0645735495398703	92	0.453034013772601	0.718166917979166	0.343869189953624
aligned_OG0002782_pruned	-0.178412203012729	22	0.32741896060709	0.615324119369453	-0.484896174500737
aligned_OG0002783_pruned_1	-0.0481125224324688	25	0.777123746357262	0.912087421105319	-0.109509820219654
aligned_OG0002783_pruned_2	-0.491371761615251	21	0.0085516693228406	0.0923808669727039	-2.06794910083508
aligned_OG0002784_pruned	-0.0836485776813028	21	0.654421505659851	0.845366639450481	-0.184142437276925
aligned_OG0002785_pruned	0.241799713173907	116	0.00156593491711848	0.0327631383090221	2.80522629191005
aligned_OG0002786_pruned	0.192920875544231	115	0.0120093228967397	0.110964314734977	1.92048147806748
aligned_OG0002787_pruned	-0.206702207839691	75	0.0305128718485942	0.183928116280984	-1.51551691496325
aligned_OG0002788_pruned_1	0.364960345510255	58	0.000820073770231043	0.0215052674623071	3.08614707863674
aligned_OG0002788_pruned_2	-0.19920013657664	23	0.262618290442521	0.552158178663584	-0.580675030106267
aligned_OG0002789_pruned	0.334042949649473	132	3.08728547235726e-06	0.000547372386966086	5.51042321070666
aligned_OG0002790_pruned	0.0308645779235008	128	0.671315028708101	0.854720013599426	0.173073630169557
aligned_OG0002791_pruned	0.231436900748682	129	0.00140060771767919	0.0299936023306535	2.85368348491631
aligned_OG0002792_pruned	0.326903648966906	62	0.00192152611186089	0.0369145953046415	2.716353709477
aligned_OG0002793_pruned	0.401677873892851	106	5.23738511986747e-07	0.00020070211083029	6.28088549001225
aligned_OG0002794_pruned_1	-0.240818439028632	52	0.0369482240972074	0.204112306260825	-1.43240643097195
aligned_OG0002794_pruned_2	0.0432360827857124	64	0.676636619202472	0.85679847381099	0.169644502133003
aligned_OG0002795_pruned	-0.102860903068979	84	0.253892287408376	0.543549467462855	-0.595350491670027
aligned_OG0002796_pruned	0.266614880197642	113	0.000580568043652453	0.0173955387894383	3.2361468728229
aligned_OG0002797_pruned	0.151494717236771	126	0.0388054769145062	0.210357659943813	1.41110697476957
aligned_OG0002798_pruned	-0.241661249402409	99	0.00355346563559274	0.0534561638279974	-2.44934788012154
aligned_OG0002799_pruned	-0.0174364996487965	117	0.818848270047079	0.931276828211931	-0.0867965641565856
aligned_OG0002800_pruned	0.0739184790915111	118	0.329499578773507	0.616731730861158	0.482145136264079
aligned_OG0002801_pruned_1	0.231829068365383	64	0.0253364954958418	0.16838852854986	1.59625345622733
aligned_OG0002801_pruned_2	0.308612210905727	61	0.00368374488310316	0.0544043539429495	2.43371045439729
aligned_OG0002802_pruned	0.342202034734159	101	3.0392318527668e-05	0.00240528773043425	4.51723616779225
aligned_OG0002803_pruned	0.109551774507729	116	0.151948523086879	0.427157218762768	0.818303516830078
aligned_OG0002804_pruned	-0.197883493789341	108	0.012580391254786	0.114497285907621	-1.90030585196291
aligned_OG0002805_pruned	-0.117373480927257	92	0.172592891858874	0.452545183545116	-0.762977094426344
aligned_OG0002806_pruned	-0.196035464089254	131	0.00638941954665903	0.0763773836740186	-2.19453859397512
aligned_OG0002807_pruned	0.0251769742237989	112	0.746369532023636	0.894554990215255	0.127046097482461
aligned_OG0002808_pruned	0.310868592344013	126	2.23568028013838e-05	0.0020869215538061	4.65059030387134
aligned_OG0002809_pruned	-0.121555381839482	52	0.292296236618501	0.584351702037151	-0.534176776248243
aligned_OG0002810_pruned	0.0647627862273757	78	0.489193275332418	0.742033598484682	0.310519521599155
aligned_OG0002811_pruned	-0.223050740671288	119	0.00312560973552884	0.0496890054244225	-2.50506524905744
aligned_OG0002812_pruned	0.0934754543852179	110	0.234106320959829	0.523342991375044	0.630586860028648
aligned_OG0002813_pruned	0.181018148850417	72	0.0635609607602463	0.274152466228536	1.19680954680575
aligned_OG0002814_pruned	0.0665515454157463	81	0.468711770995288	0.729207351413824	0.3290941396863
aligned_OG0002815_pruned	0.0567079006489152	123	0.44484892878406	0.7138957572133	0.351787450894821
aligned_OG0002816_pruned	0.0963170716496463	131	0.18028099711731	0.461379943764898	0.744050048552314
aligned_OG0002817_pruned	0.252359057878163	132	0.00042475344959624	0.0143843249605127	3.37186308536173
aligned_OG0002818_pruned	0.215008334306596	54	0.0574900938841352	0.261303079794289	1.24040698212932
aligned_OG0002819_pruned_1	-0.314040458138841	35	0.0270130270687359	0.173593865920094	-1.568426746224
aligned_OG0002819_pruned_2	-0.417365006184151	32	0.0050693095567016	0.0667443813423949	-2.29505118783312
aligned_OG0002819_pruned_3	-0.336027895484555	32	0.0240443769360559	0.164034517502357	-1.61898647235348
aligned_OG0002820_pruned	0.203713701083204	88	0.0206652458142535	0.151677071344334	1.68475942439442
aligned_OG0002821_pruned_1	0.314901389815072	84	0.000477758187329195	0.0153438971083621	3.32079186171633
aligned_OG0002821_pruned_2	0.392938021249549	40	0.00299237129776813	0.0481259363282085	2.52398451957522
aligned_OG0002822_pruned	-0.0514880463856067	112	0.508337145541397	0.751971303674708	-0.293848154089872
aligned_OG0002823_pruned	0.24841428375612	80	0.00720027753377172	0.0824295923323772	2.14265076342114
aligned_OG0002824_pruned	-0.201828138123431	54	0.074566609643176	0.300555870346141	-1.1274556027419
aligned_OG0002825_pruned	-0.138622805350196	74	0.149619376511398	0.423882755011473	-0.825012159365582
aligned_OG0002826_pruned	-0.115511878397428	112	0.137836431115355	0.407796446546486	-0.860635980242075
aligned_OG0002827_pruned	-0.268372520060847	28	0.0933066622412822	0.337489223933818	-1.0300873458427
aligned_OG0002828_pruned	-0.0548408497107082	19	0.78120732342182	0.914232605862087	-0.107233694074945
aligned_OG0002829_pruned	0.191512166623145	83	0.0347472102430431	0.198687007539921	1.45908005797136
aligned_OG0002830_pruned	-0.0734940097248864	103	0.365629849243943	0.653917295978806	-0.436958356612253
aligned_OG0002831_pruned	0.0927058226217631	97	0.268389294637091	0.559156899512649	0.571234811054315
aligned_OG0002832_pruned	0.487064020965449	74	4.13457550081647e-07	0.000177081436596734	6.38356907308041
aligned_OG0002833_pruned	-0.0905328782414257	81	0.324293966421606	0.61345398012879	-0.489061131420085
aligned_OG0002834_pruned	-0.169137757907435	111	0.0305494162889704	0.183978742762608	-1.51499708345419
aligned_OG0002835_pruned	0.241482402236308	122	0.00119510462681169	0.0271923649619248	2.92259407224059
aligned_OG0002836_pruned	0.222510085369452	116	0.00361526982022178	0.0539250319332951	2.44185928424483
aligned_OG0002837_pruned	0.353739931828248	108	8.16249841859342e-06	0.00102467501699618	5.08817688985729
aligned_OG0002838_pruned	-0.0254273557248661	102	0.755458191851835	0.8998022402868	-0.121789565144223
aligned_OG0002839_pruned	-0.0527811372005318	121	0.480670159018243	0.736697813225681	-0.318152838919799
aligned_OG0002840_pruned	0.262854814505597	96	0.00179889303142938	0.0353585358980983	2.74499466057949
aligned_OG0002841_pruned	-0.00110457302453014	88	0.989989063935084	1	-0.00436960287606559
aligned_OG0002842_pruned	0.0288828292880369	105	0.719564600497076	0.881121738348337	0.142930210233294
aligned_OG0002843_pruned	0.355639438413214	126	1.23098944051612e-06	0.000298761137213263	5.90974567245069
aligned_OG0002844_pruned_1	-0.0431550252013362	94	0.612144462200524	0.824306238076939	-0.213146075022854
aligned_OG0002844_pruned_2	0.211702449609985	17	0.313499945583588	0.603222279015355	0.503762530216836
aligned_OG0002845_pruned	0.00420432572264767	104	0.958521129652505	0.98447555215797	0.018398309087073
aligned_OG0002846_pruned	0.148403014925816	88	0.0918431060545213	0.334354827591485	1.03695343723346
aligned_OG0002847_pruned	-0.203956858334149	108	0.0101106844085535	0.101382954573712	-1.99521944531921
aligned_OG0002848_pruned_1	-0.323704829889637	43	0.011086428292266	0.106071332977646	-1.95520834770145
aligned_OG0002848_pruned_2	0.00358057437019716	40	0.978419783352449	0.993510662837801	0.00947477457976406
aligned_OG0002849_pruned	0.365809137748772	104	6.03294003028942e-06	0.000828789365293156	5.2194709917139
aligned_OG0002850_pruned	-0.0894529259948443	111	0.252664083017597	0.542358880746575	-0.597456489998971
aligned_OG0002851_pruned	-0.0101469257886368	75	0.915424584298719	0.968270540229821	-0.0383774285026593
aligned_OG0002852_pruned	-0.100242572996858	98	0.228961833236215	0.519498631284788	-0.640236906290514
aligned_OG0002853_pruned	-0.112758505271623	111	0.149322512839276	0.423206390028326	-0.825874710260273
aligned_OG0002854_pruned	0.169293593629541	90	0.0517415068340197	0.245477062535306	1.28616092776152
aligned_OG0002855_pruned	0.0724320608771232	113	0.349942886508921	0.63799872988247	0.456002830215495
aligned_OG0002856_pruned	-0.0628727743130115	131	0.381770608465068	0.665949161531902	-0.418197509867913
aligned_OG0002857_pruned	-0.0156969092330428	111	0.840911033247101	0.939264159305194	-0.0752499492837589
aligned_OG0002858_pruned	0.0609709712542489	102	0.455177450148108	0.719840793772454	0.341819261373143
aligned_OG0002859_pruned	-0.370696079414402	57	0.000756964640316339	0.0202627189196444	-3.12092440699155
aligned_OG0002860_pruned	-0.039061222938489	114	0.612624570052418	0.824647715761076	-0.212805589272503
aligned_OG0002861_pruned	-0.0201691700534711	77	0.830575973711124	0.936948715261429	-0.0806206359947399
aligned_OG0002862_pruned	-0.0503627736299178	92	0.558391422720081	0.787458444475093	-0.253061261398413
aligned_OG0002863_pruned_1	0.0257753027059552	46	0.834057325263905	0.937879750617219	0.0788040990142903
aligned_OG0002863_pruned_2	0.441595683446211	27	0.006767561519879	0.0788393846819824	2.16956778762653
aligned_OG0002863_pruned_3	0.392465672421556	21	0.035711269785628	0.200324574895881	1.44719470732368
aligned_OG0002864_pruned	0.199890350868951	90	0.0216272110233486	0.154683421867388	1.66499948219129
aligned_OG0002865_pruned	-0.00453455286882278	87	0.959158856265041	0.98472019634317	-0.0181094588502967
aligned_OG0002866_pruned	-0.0375189948953157	97	0.654207348649925	0.845366639450481	-0.184284581794365
aligned_OG0002867_pruned	-0.0110660383345766	110	0.887980998993599	0.960396886055486	-0.0515963271499109
aligned_OG0002868_pruned	0.237525976094342	110	0.00249898522149696	0.0435289746356923	2.6022363121974
aligned_OG0002869_pruned	-0.00774209661138764	105	0.923328732935832	0.971507368418345	-0.0346436494807301
aligned_OG0002870_pruned	-0.0999346202238393	131	0.164463615238965	0.441378393864691	-0.783930167311221
aligned_OG0002872_pruned	-0.0368466850689076	79	0.692061490935938	0.86716882904452	-0.159855315965601
aligned_OG0002873_pruned	-0.160475877278931	98	0.0541152207295021	0.251604675690616	-1.26668056577836
aligned_OG0002874_pruned	0.0794498880038079	138	0.256445965402925	0.546279424838705	0.591004129185593
aligned_OG0002875_pruned	0.292547770003004	108	0.000224954773643685	0.00944409168600326	3.64790478647212
aligned_OG0002877_pruned_1	0.00130273782187603	67	0.989734369141546	1	0.00448134832713761
aligned_OG0002877_pruned_2	-0.0906100470365937	29	0.563702861650773	0.791118067787062	-0.248949760468112
aligned_OG0002878_pruned	-0.192495084914017	124	0.00920900783496345	0.0963373362735186	-2.03578715753513
aligned_OG0002879_pruned	0.214562504958227	138	0.00217868293140306	0.0399571547192586	2.66180596900181
aligned_OG0002880_pruned	-0.0146897822695124	113	0.849650480840978	0.942438496701501	-0.0707596924733093
aligned_OG0002881_pruned	0.146718952252869	125	0.0462588721157573	0.231698908987571	1.33480496040834
aligned_OG0002882_pruned_1	0.0285714285714286	49	0.810330256604408	0.927471307656138	0.0913379448383972
aligned_OG0002882_pruned_2	0.214006330728353	56	0.0540191945729399	0.251318693728802	1.26745189543801
aligned_OG0002883_pruned_1	0.0831479419283098	36	0.552333610887165	0.782942888710507	0.257798528062425
aligned_OG0002883_pruned_2	0.0815490423329343	29	0.603331772291867	0.819563177995724	0.219443803528774
aligned_OG0002884_pruned	-0.100411725557434	116	0.189131689362165	0.472407488935138	-0.72323569821952
aligned_OG0002885_pruned	-0.329679307051813	97	8.28801398025007e-05	0.00486653466050006	-4.08154952502882
aligned_OG0002886_pruned	-0.186555909103445	107	0.0192082510970139	0.145008575752413	-1.71651217566371
aligned_OG0002887_pruned	-0.114887607813717	123	0.121648482156918	0.384762206161823	-0.914893305516455
aligned_OG0002888_pruned	-0.0600624975130373	36	0.66772466869859	0.85367924719832	-0.175402578713695
aligned_OG0002889_pruned	0.167525465900492	135	0.0179651628264725	0.140498765348599	1.74556884223233
aligned_OG0002890_pruned	-0.00198992969710341	107	0.980074408653247	0.994414962291568	-0.00874095079651603
aligned_OG0002891_pruned	0.112427798345596	83	0.215182429939649	0.501913660590064	0.667193192539916
aligned_OG0002892_pruned	0.20832516881883	129	0.00403369839102075	0.0570278795825671	2.39429657811442
aligned_OG0002893_pruned	-0.0142446373522545	113	0.854154641722556	0.944384842028164	-0.0684634946893731
aligned_OG0002894_pruned	-0.0933084792947019	120	0.214430136779457	0.501339452353126	-0.668714177387646
aligned_OG0002895_pruned	0.160768314186754	65	0.118000280252752	0.37826459118994	0.928116961235575
aligned_OG0002896_pruned	0.172335505553518	101	0.0357026035407225	0.200324574895881	1.44730011267937
aligned_OG0002897_pruned	0.27197816441412	101	0.000917514425379777	0.0231959115666325	3.03738709894117
aligned_OG0002898_pruned	0.154345895802469	127	0.0345494195858403	0.197918429586549	1.46155924417355
aligned_OG0002899_pruned	0.121521440511107	129	0.0934717891323907	0.337918618010396	1.02931944445173
aligned_OG0002900_pruned	0.0538943185079681	75	0.572710641815749	0.796239485022048	0.24206474697412
aligned_OG0002901_pruned	0.0149654787833311	85	0.867364102149377	0.951031924139442	0.0617985560874787
aligned_OG0002902_pruned	0.0380593798077726	103	0.639427248460141	0.837907522577795	0.194208860707852
aligned_OG0002903_pruned	-0.0395092712711381	110	0.615025531082565	0.825550522135087	-0.211106855317058
aligned_OG0002904_pruned	0.109471337988764	113	0.15775168489949	0.435288446084586	0.80202599348704
aligned_OG0002905_pruned	-0.217351437174101	45	0.0807288303258945	0.31198864840915	-1.09297133993191
aligned_OG0002906_pruned	-0.121641634385154	101	0.138212953361077	0.407855537290523	-0.859451252840152
aligned_OG0002907_pruned	-0.095149225338108	114	0.217437505676161	0.50435249405165	-0.662665542571168
aligned_OG0002908_pruned	-0.0567379286630127	123	0.444607877956799	0.713666216799704	-0.352022846353953
aligned_OG0002909_pruned	0.160734976673747	123	0.0303419926358755	0.183613021152552	1.51795590138883
aligned_OG0002910_pruned	-0.0215853318918907	92	0.80194643146711	0.923897694878157	-0.0958546408121382
aligned_OG0002911_pruned	0.472392791258317	114	9.16075556061402e-10	2.22331537456102e-06	9.0380687051233
aligned_OG0002912_pruned	0.0535549632070179	117	0.481782376734994	0.737409603743429	0.317149090237897
aligned_OG0002913_pruned	0.163362441378238	101	0.0464873460766817	0.232149771457009	1.33266524661433
aligned_OG0002914_pruned	-0.164961310309915	99	0.0465882674552669	0.232289724543158	-1.33172343998337
aligned_OG0002915_pruned	0.0518128658975075	94	0.5427014326394	0.775620278208548	0.265439031955507
aligned_OG0002916_pruned	0.0282095402518866	120	0.707415200454692	0.874332044561299	0.150325612597786
aligned_OG0002917_pruned	0.0356829173470465	116	0.640750540720565	0.837907522577795	0.193311018648426
aligned_OG0002918_pruned	0.21483446221183	13	0.379775474840949	0.663263428236256	0.420473084583602
aligned_OG0002919_pruned	0.144743963311508	116	0.0583691968443904	0.262986461772281	1.23381628250703
aligned_OG0002920_pruned	0.163389408472572	126	0.0258487943463109	0.169860172956218	1.58755970869984
aligned_OG0002921_pruned	-0.00646975030247018	111	0.934063360320164	0.974895992740567	-0.0296236632729941
aligned_OG0002922_pruned	0.0244236116761313	123	0.742109162929756	0.891338966560798	0.12953220608085
aligned_OG0002923_pruned	-0.139060956489015	72	0.154090841875948	0.430025074625825	-0.812223172059846
aligned_OG0002924_pruned	0.0436198793724696	104	0.589473961153566	0.81010945850493	0.22953537424503
aligned_OG0002925_pruned	-0.0616709929634097	104	0.445523467717266	0.714663222835298	-0.351129414788318
aligned_OG0002926_pruned	-0.196026786524691	116	0.0103600304115106	0.102210543937952	-1.9846389697325
aligned_OG0002927_pruned	-0.0374165798392966	116	0.624613781218972	0.828230366245735	-0.204388437907091
aligned_OG0002928_pruned	0.162434663841254	93	0.0576963142770674	0.261410618700266	1.23885192930974
aligned_OG0002929_pruned	-0.189490574748091	127	0.00946270548783895	0.0982852477274685	-2.02398467644663
aligned_OG0002930_pruned	-0.183497046369849	112	0.0184107553353574	0.142227269481283	-1.7349283933945
aligned_OG0002931_pruned_1	0.168071646782436	50	0.153661291283374	0.429155297980147	0.813435521565163
aligned_OG0002931_pruned_2	-0.00370904878885705	62	0.971923105799406	0.990570300372687	-0.0123680931477933
aligned_OG0002932_pruned	-0.107172618796585	117	0.159219649414266	0.436011767254698	-0.798003336688829
aligned_OG0002933_pruned	0.0235110100512449	131	0.743616898636596	0.892560936197339	0.128650749479435
aligned_OG0002934_pruned	0.259272486435067	81	0.00476038174800744	0.064067170993054	2.32235821862293
aligned_OG0002935_pruned	0.303395104105403	97	0.00029220030646005	0.0114096315079976	3.53431933291288
aligned_OG0002936_pruned	-0.222220387002053	129	0.00215994611526033	0.0399151463584023	-2.66555708317175
aligned_OG0002937_pruned	-0.0498604623369711	112	0.52183409747705	0.760510928946968	-0.282467546810504
aligned_OG0002938_pruned	0.0330574552938249	102	0.685544553920964	0.863273935852394	0.163964314917882
aligned_OG0002939_pruned	0.0256073759865792	121	0.732239459845789	0.887717492520861	0.135346871013735
aligned_OG0002940_pruned_1	-0.0948897565520499	87	0.283899985194654	0.575787128747153	-0.54683463012254
aligned_OG0002940_pruned_2	-0.0593988704139364	32	0.689994877261632	0.865882919914158	-0.161154133589214
aligned_OG0002941_pruned_1	-0.194678647598575	55	0.0824942738283719	0.314801261920532	-1.08357619606884
aligned_OG0002941_pruned_2	-0.378408985866701	27	0.0203095036554267	0.150430820056116	-1.69230069020146
aligned_OG0002942_pruned	-0.135850106171687	109	0.0852123390861435	0.320967946656084	-1.06949751310868
aligned_OG0002943_pruned	-0.248952222996319	98	0.00281047620594313	0.0469945322406128	-2.55122008717992
aligned_OG0002944_pruned	-0.00159716194918784	140	0.981665955372772	0.995008654299745	-0.00803627027680553
aligned_OG0002945_pruned_1	0.0183022281044576	72	0.851206903069737	0.942886351544687	0.0699648630178493
aligned_OG0002945_pruned_2	-0.449305528427436	26	0.00693415182108363	0.0802007220516527	-2.15900665383378
aligned_OG0002946_pruned	-0.114568106085486	99	0.166940479141427	0.4429641503749	-0.777438344349938
aligned_OG0002947_pruned	-0.0656348468535765	118	0.386574723684231	0.670314494676086	-0.412766545867044
aligned_OG0002948_pruned_1	0.115142513621093	55	0.304425916745135	0.596000295730393	0.516518377459023
aligned_OG0002948_pruned_2	0.290957186981323	21	0.119470986771701	0.380686325901424	0.922737549233019
aligned_OG0002948_pruned_3	-0.160177446758019	30	0.298682092906558	0.590341179478659	-0.524790814171877
aligned_OG0002949_pruned	-0.0650256088762355	43	0.609893133886768	0.823261808059596	-0.214746255856717
aligned_OG0002950_pruned	0.0229566814383394	33	0.875487474563089	0.954398009027377	0.0577500629066871
aligned_OG0002951_pruned_1	-0.0422962227875052	92	0.623075390563457	0.828151135212218	-0.205459401615654
aligned_OG0002951_pruned_2	0.291287632501768	22	0.109840007507366	0.36387376037098	0.959239446088057
aligned_OG0002952_pruned_1	0.00892465921002777	31	0.953011395422729	0.982982854522296	0.0209019063505278
aligned_OG0002952_pruned_2	-0.0474644452534567	30	0.758113574851489	0.900522011116002	-0.120265726773809
aligned_OG0002952_pruned_3	0.32832505387028	23	0.0648381569920665	0.276559239050519	1.18816933835701
aligned_OG0002953_pruned_1	0.0638442398069062	24	0.713303173878458	0.877883774342301	0.146725843559811
aligned_OG0002953_pruned_2	0.0247564749491409	41	0.849727454211958	0.942438496701501	0.0707203497119336
aligned_OG0002954_pruned	-0.214811900029194	112	0.005788443123108	0.0719209119101525	-2.23743822970327
aligned_OG0002955_pruned	0.107375474180179	81	0.242385423099578	0.532266816990232	0.615493501905809
aligned_OG0002956_pruned	-0.0649484831484365	85	0.468578485816446	0.729155792953525	-0.329217655358549
aligned_OG0002957_pruned	-0.122138027335507	122	0.101262292952671	0.348930787973685	-0.994552242805215
aligned_OG0002958_pruned	0.11990987326343	57	0.275943645352865	0.566176874741625	0.559179602758212
aligned_OG0002959_pruned	0.479221126407272	90	3.65998348122551e-08	2.49305885855748e-05	7.43652087472275
aligned_OG0002960_pruned	-0.169696392558229	47	0.163063054697097	0.439238661209607	-0.787644426198992
aligned_OG0002961_pruned	-0.174729745585854	134	0.0139400922605258	0.120895608943335	-1.85573435191199
aligned_OG0002962_pruned	0.0401732756994438	117	0.597727223900338	0.815754811099974	0.223496963472925
aligned_OG0002963_pruned	0.207369399741613	126	0.00467928414128445	0.0633268918823273	2.32982058223992
aligned_OG0002964_pruned	0.00262814789116346	123	0.971753387444591	0.990570300372687	0.012443936782696
aligned_OG0002965_pruned	0.00695256713448032	107	0.930463481667969	0.974275248375257	0.0313006671557955
aligned_OG0002966_pruned	0.346480318652113	84	0.000121438495123353	0.00627087718434845	3.91564362323115
aligned_OG0002967_pruned_1	-0.219338805895089	71	0.0256221442390819	0.169103037625531	-1.59138452829024
aligned_OG0002968_pruned_1	-0.302085683819448	32	0.0425094206130823	0.220655223072816	-1.37151481425791
aligned_OG0002968_pruned_2	0.353583999951419	25	0.0374974908157199	0.205277617014479	1.42599779257485
aligned_OG0002969_pruned	0.116575690144843	84	0.195986010497494	0.479493999473204	0.707774927524009
aligned_OG0002970_pruned	0.379455721688738	109	1.52692203761352e-06	0.000326985863407765	5.81618313681301
aligned_OG0002971_pruned	-0.131694974016518	127	0.0713222157711288	0.293488984282465	-1.14677517303698
aligned_OG0002972_pruned	-0.128881520075585	123	0.0824873884947577	0.314801261920532	-1.08361244570234
aligned_OG0002973_pruned	-0.0722544942938201	109	0.359950295802616	0.648070747709902	-0.443757465202062
aligned_OG0002974_pruned	-0.159146094266104	103	0.0501079233237921	0.240815702785829	-1.30009359581483
aligned_OG0002975_pruned_1	0.0718006858509849	39	0.592467066498465	0.81200793100636	0.227335785799724
aligned_OG0002975_pruned_2	0.143655371836399	64	0.165836708887553	0.441754052844285	0.780319329619922
aligned_OG0002976_pruned	0.0926703616817761	119	0.219540399415171	0.506531908596149	0.65848555000655
aligned_OG0002977_pruned	0.212683646604075	117	0.00521286139055076	0.0674153530809948	2.28292382276515
aligned_OG0002978_pruned	0.0442650391873514	115	0.564385326796045	0.791465632588983	0.248424285800657
aligned_OG0002979_pruned	-0.000178958826366453	126	0.998052502982195	1	-0.000846611863238178
aligned_OG0002980_pruned	0.0323171660680292	111	0.679413101283131	0.858895361300135	0.167866082782284
aligned_OG0002981_pruned	0.180892895068081	114	0.0190361690357496	0.144524827131601	1.72042044744507
aligned_OG0002982_pruned	-0.0806191593030949	94	0.343552649792107	0.630999365523447	-0.464006697434084
aligned_OG0002990_pruned_1	-0.154705883232814	41	0.236415182839691	0.525599678246043	-0.626324636032061
aligned_OG0002990_pruned_2	0.0998520711675341	38	0.462776698693703	0.725231625615823	0.334628516365726
aligned_OG0002993_pruned_1	0.274202704458451	74	0.00437019473701893	0.0610736811520823	2.35949921032285
aligned_OG0002993_pruned_2	0.0194019369920597	23	0.913116080072374	0.968195922389203	0.0394740091794164
aligned_OG0002994_pruned	-0.331496772065898	14	0.157299207050285	0.434977412279957	-0.80327346666186
aligned_OG0002995_pruned	0.0659517700509149	99	0.426256102972691	0.699933693398698	0.370329389891789
aligned_OG0002996_pruned	-0.00657365023692898	45	0.957874598777906	0.984262022751107	-0.0186913433468616
aligned_OG0002997_pruned	0.165205121290801	124	0.0254173487446921	0.168571167310626	1.59486975219272
aligned_OG0002998_pruned	-0.0148006516650215	130	0.837497062438498	0.938422230110218	-0.0770167075973716
aligned_OG0002999_pruned	0.1379567698515	112	0.076356492779565	0.305132614669601	1.11715402791407
aligned_OG0003000_pruned	0.252905584978648	110	0.00128534859625909	0.0287957634749613	2.89097907241023
aligned_OG0003001_pruned	-0.072067072739759	132	0.314213525808755	0.603797487836777	-0.50277512401383
aligned_OG0003002_pruned_1	-0.068412623347071	52	0.55338580413652	0.783400571861758	-0.256971985896642
aligned_OG0003002_pruned_2	-0.121081102919336	26	0.466854270822725	0.727872793546095	-0.330818663875957
aligned_OG0003004_pruned	0.249498793468864	84	0.00564928206078055	0.0711633610459225	2.24800674100408
aligned_OG0003006_pruned	-0.166553108888713	76	0.0792501026814699	0.309544806658999	-1.10100016641031
aligned_OG0003007_pruned	0.0398054359728365	101	0.627591672772978	0.829678117525544	0.202322827501827
aligned_OG0003008_pruned_1	-0.0864039457156614	42	0.503067484924665	0.749812560437356	-0.298373751793982
aligned_OG0003008_pruned_2	0.335021907462912	70	0.000713713833252419	0.0196913128030852	3.14647588563487
aligned_OG0003009_pruned	0.377786057203528	61	0.000378018536226199	0.0132963911220433	3.42248690391045
aligned_OG0003010_pruned	0.0923606340490432	120	0.219122660756616	0.506122695835919	0.659312707182991
aligned_OG0003011_pruned	0.197529920962732	132	0.00580646825292564	0.0720219682275154	2.2360879441396
aligned_OG0003012_pruned	0.269562874245053	62	0.0105283839545269	0.103450962986384	1.97763828536654
aligned_OG0003013_pruned	-0.217448360896722	60	0.0424790246067857	0.220655223072816	-1.37182546397824
aligned_OG0003014_pruned	0.200876173576019	117	0.00832768638690792	0.0909053741875211	2.0794756383246
aligned_OG0003015_pruned	0.187022203927931	120	0.012833994212642	0.115974258719807	1.89163816088543
aligned_OG0003016_pruned	-0.181096165147457	85	0.0432853291367594	0.22317834392092	-1.36365927580789
aligned_OG0003017_pruned	0.166844980926243	134	0.0188821882949917	0.144148461511747	1.72394767585534
aligned_OG0003019_pruned_1	0.107766629803397	63	0.302488053763602	0.59444413480507	0.51929177237348
aligned_OG0003019_pruned_2	0.0498000341441601	23	0.779434528427275	0.912976641164574	0.108220359162672
aligned_OG0003020_pruned	0.252112472494196	76	0.00789246481846276	0.0872003586391917	2.10278734534725
aligned_OG0003021_pruned	0.067668019248097	112	0.384693249665075	0.669283524686119	0.414885434329862
aligned_OG0003022_pruned_1	0.128080630790121	33	0.381997524653891	0.666185383713767	0.41793945130986
aligned_OG0003022_pruned_2	0.149071198499986	10	0.60150813444059	0.818838649256247	0.220758495142467
aligned_OG0003022_pruned_3	-0.553010041337502	10	0.0527050417902267	0.247577683402994	-1.27814783797643
aligned_OG0003023_pruned	0.0966883554986245	90	0.266566911038846	0.557882632731774	0.574193760567697
aligned_OG0003024_pruned	-0.137981347155924	125	0.0608846397376215	0.26837648119556	-1.2154922593967
aligned_OG0003025_pruned	0.0582942245502928	121	0.436046180421808	0.707566801794336	0.360467513391291
aligned_OG0003026_pruned	0.246922090395991	114	0.00137082506899553	0.029706571372403	2.86301796199905
aligned_OG0003027_pruned	0.0976649488945173	68	0.331066800143877	0.618811495929084	0.480084368741271
aligned_OG0003028_pruned	0.0980397157779163	134	0.16770413919747	0.444356854762998	0.775456218202284
aligned_OG0003029_pruned_1	0.155282238223613	64	0.134169832403848	0.402973095442134	0.872345122716627
aligned_OG0003029_pruned_2	0.161888931703271	37	0.240443746859749	0.530667147889006	0.618986512994909
aligned_OG0003030_pruned	-0.174660731242663	114	0.0235718036716603	0.162524907702044	-1.62760718477821
aligned_OG0003031_pruned_1	-0.101215740322187	87	0.253022231979713	0.542797545976514	-0.596841317551783
aligned_OG0003031_pruned_2	0.226254587360824	32	0.128688450956521	0.39516462434517	0.890460426762372
aligned_OG0003032_pruned	-0.16803524584713	115	0.02868022821536	0.178487461993304	-1.54241739720657
aligned_OG0003033_pruned	0.157949146682164	97	0.0593361198809087	0.264768027477922	1.22668085655989
aligned_OG0003034_pruned	-0.210584265036297	114	0.0063392764190733	0.0763773836740186	-2.19796031075194
aligned_OG0003035_pruned	-0.159767378385012	109	0.0429452144493445	0.221996325928292	-1.36708522424338
aligned_OG0003036_pruned	0.0186627789926337	50	0.874123013072584	0.95374780109768	0.0584274459246983
aligned_OG0003037_pruned	-0.0969195962874548	133	0.174247585606135	0.453754174105247	-0.758833230820753
aligned_OG0003038_pruned	0.0201514465899301	105	0.802199583580516	0.923897694878157	0.0957175677953232
aligned_OG0003039_pruned	0	33	1	1	0
aligned_OG0003040_pruned_1	0.146992000460726	39	0.273163945028108	0.564549158032827	0.563576623836316
aligned_OG0003040_pruned_2	0.246275514561805	21	0.187539450808381	0.470204800735475	0.726907360116623
aligned_OG0003040_pruned_3	-0.134332098851893	21	0.472232879769928	0.731403445565804	-0.325843777940221
aligned_OG0003041_pruned	-0.0678391885145659	75	0.477696410497448	0.73548478850326	-0.320848022076512
aligned_OG0003042_pruned	0.372304439610184	36	0.00779325219777923	0.0869898605254252	2.10828126931046
aligned_OG0003043_pruned	-0.11193651035009	118	0.139769228715073	0.409850887746454	-0.854588431381534
aligned_OG0003044_pruned	-0.066962297114041	96	0.42648529384267	0.699933693398698	-0.370095939673698
aligned_OG0003045_pruned	0.0998135837882061	100	0.226164700136607	0.516046750766102	0.645575178951762
aligned_OG0003046_pruned	0.204915003249123	121	0.00618267138088069	0.075151970491139	2.20882383635135
aligned_OG0003047_pruned	-0.185223374796545	121	0.0133300793185181	0.118650742687201	-1.87516726637817
aligned_OG0003048_pruned	0.0833091971459668	124	0.259717186466503	0.548752418648464	0.585499310514709
aligned_OG0003049_pruned	-0.194823936744355	99	0.0187595732360183	0.143928822688566	-1.72677704566647
aligned_OG0003050_pruned	-0.110019452181296	109	0.163335906964225	0.439648332202043	-0.786918331599991
aligned_OG0003051_pruned	-0.279793773987259	80	0.00247066383706443	0.0431388570687437	-2.60718634146136
aligned_OG0003052_pruned_1	-0.0066009836198445	51	0.954852800176366	0.983628075563685	-0.0200635739643734
aligned_OG0003052_pruned_2	0.31453690598002	60	0.00333941265493302	0.0519535545738618	2.47632991137778
aligned_OG0003053_pruned	0.0985566125619921	126	0.178877792917192	0.459565705797487	0.747443572301038
aligned_OG0003054_pruned	0.0373380076094862	130	0.604875938216855	0.820895005807442	0.218333691253087
aligned_OG0003055_pruned_1	0.179030139367065	64	0.0841797868707053	0.318727523767865	1.07479217814839
aligned_OG0003055_pruned_2	0.0909829707188537	42	0.480710247306031	0.736697813225681	0.318116619912066
aligned_OG0003056_pruned	0.195267653050846	33	0.182593967808573	0.464686011749116	0.738513573957925
aligned_OG0003057_pruned	0.24488136390441	103	0.0025747327704958	0.0444750004371305	2.58926783936903
aligned_OG0003058_pruned	0.338091957220592	101	3.78188851705168e-05	0.00283875570027353	4.4222912774854
aligned_OG0003059_pruned	0.00327749084297991	66	0.974376187345628	0.991535013286305	0.0112733382485173
aligned_OG0003060_pruned	0.111190948409125	93	0.19386451099219	0.475735605282443	0.712501685974949
aligned_OG0003061_pruned	0.032835384361169	114	0.670378740664756	0.853923654790078	0.173679766690401
aligned_OG0003062_pruned_1	-0.223062873816808	21	0.232604984469808	0.521305673277808	-0.633380983053234
aligned_OG0003062_pruned_2	0.109369659814952	20	0.568811400413337	0.795221929034084	0.245031707835627
aligned_OG0003062_pruned_3	0.0678424617511042	39	0.613027712896959	0.824732959645742	0.212519892062043
aligned_OG0003063_pruned	-0.0169680706800465	107	0.831353190207661	0.937009686981731	-0.0802144323277897
aligned_OG0003064_pruned_1	0.446909678648343	24	0.0101123339213335	0.101382954573712	1.99514859790286
aligned_OG0003064_pruned_2	0.0644921658293246	18	0.751256206479615	0.897439940833155	0.124211927064126
aligned_OG0003066_pruned	0.186628922813038	100	0.0236366736946382	0.162817995431089	1.62641364021487
aligned_OG0003067_pruned_1	0.0118444842419784	33	0.935565054651499	0.975066376221978	0.0289260083843223
aligned_OG0003067_pruned_2	0.265080924162515	23	0.136037128114144	0.405106883353407	0.866342545052645
aligned_OG0003067_pruned_3	-0.103147319132562	62	0.327678696974296	0.615538852598	-0.484551792023919
aligned_OG0003068_pruned	-0.235508667183183	121	0.00165121928000151	0.0335824792672933	-2.78219524910485
aligned_OG0003069_pruned	0.0243567600722298	31	0.872237629786812	0.952995525581899	0.0593651810697889
aligned_OG0003070_pruned	-0.189137077834724	91	0.0288450080508811	0.178487461993304	-1.53992933549063
aligned_OG0003071_pruned	-0.11166741071695	134	0.116092569505987	0.376234080464064	-0.935195576349438
aligned_OG0003072_pruned	0.174499113256944	87	0.0487655478936275	0.238046159791728	1.3118868920092
aligned_OG0003073_pruned	-0.047629930078813	107	0.549970996411316	0.781639434876204	-0.259660213106943
aligned_OG0003074_pruned_1	0.06550010010521	27	0.687921638521238	0.865219804814844	0.162461029636647
aligned_OG0003074_pruned_2	0.0626224291085149	17	0.765594483995764	0.905358687343375	0.116001204252675
aligned_OG0003075_pruned	-0.15594061483088	109	0.0481822404711921	0.236717201667173	-1.31711300920168
aligned_OG0003076_pruned_1	-0.092309613443468	78	0.324250354243444	0.61345398012879	-0.489119540776992
aligned_OG0003076_pruned_2	0.103535845462523	54	0.360336807361357	0.648606253250442	0.443291373687922
aligned_OG0003078_pruned_1	-0.142658775981281	47	0.24095466870157	0.531311611997617	-0.618064654456417
aligned_OG0003078_pruned_2	0.21871095710691	30	0.155887057067393	0.433376732534438	0.807189941755066
aligned_OG0003079_pruned	-0.243276948084663	36	0.0820830756747395	0.314716626639167	-1.0857463787973
aligned_OG0003080_pruned	0.00902491090227552	115	0.906458905068322	0.966478040464662	0.0426518801582304
aligned_OG0003081_pruned	-0.0520189515564621	128	0.474493905016555	0.732889302407687	-0.32376936181346
aligned_OG0003082_pruned	0.351489600187427	85	8.76512031414512e-05	0.00506684093573651	4.05724211819988
aligned_OG0003083_pruned_1	-0.339841655460993	68	0.00071927615491415	0.0196913128030852	-3.14310433697554
aligned_OG0003083_pruned_2	0.0734930919740164	28	0.645823091087996	0.840886610552879	0.189886431054973
aligned_OG0003084_pruned	0.188175593913994	104	0.0199216174384224	0.148768509301696	1.70067540406166
aligned_OG0003085_pruned	0.311770389578761	114	5.31512079221668e-05	0.00355040316404859	4.27448686118827
aligned_OG0003086_pruned	0.344062702261405	117	6.2065849154049e-06	0.000836854532760428	5.2071472984324
aligned_OG0003087_pruned	0.125463531785006	99	0.130142663353203	0.397803833700533	0.885580309729383
aligned_OG0003088_pruned	0.133615329615807	81	0.145743932451657	0.418504793695296	0.836409516552583
aligned_OG0003089_pruned	-0.0823586490263356	109	0.296726597118788	0.588202110977919	-0.527643523908227
aligned_OG0003090_pruned	0.265820367653978	110	0.000715361210164228	0.0196913128030852	3.14547461278693
aligned_OG0003091_pruned	0.0437766738493706	23	0.805540588667494	0.925600227268173	0.0939125719546113
aligned_OG0003092_pruned	-0.122752024474157	105	0.127028989113473	0.39360255170231	-0.896097157978253
aligned_OG0003094_pruned	-0.108683521323649	113	0.160763804873456	0.436423159830753	-0.793811723704241
aligned_OG0003095_pruned	-0.042571786189976	115	0.57937793928016	0.801986839524496	-0.237038045258066
aligned_OG0003096_pruned	0.0775269183146255	120	0.302306033127098	0.594246821597839	0.519553185512683
aligned_OG0003097_pruned	0.131330021548112	23	0.46018093544712	0.723306833100981	0.337071377413614
aligned_OG0003098_pruned_1	-0.129429305887552	51	0.266972933910084	0.558250985582803	-0.573532765786469
aligned_OG0003098_pruned_2	0.270745576918284	18	0.183276894788619	0.46555900214813	0.736892281891509
aligned_OG0003099_pruned	-0.197486748040088	95	0.0196597181103349	0.146972238827239	-1.70642271356409
aligned_OG0003100_pruned	-0.197677184828798	102	0.0154661200701834	0.128110148158141	-1.81061862252887
aligned_OG0003101_pruned	-0.131822400767071	108	0.096440396486904	0.342528061863975	-1.01574101281428
aligned_OG0003102_pruned	0.0402115094811777	107	0.613773116489004	0.825278312309591	0.211992137761754
aligned_OG0003103_pruned	0.106081496881203	111	0.174925942438494	0.453897286847709	0.757145777585982
aligned_OG0003104_pruned	-0.389596346344629	115	3.9236286112989e-07	0.000177081436596734	-6.40631210722909
aligned_OG0003105_pruned	0.15686311955033	53	0.169910935076276	0.447820623900448	0.769778670039349
aligned_OG0003106_pruned	-0.079454186440864	119	0.292498897289066	0.584445850571681	-0.533875766854199
aligned_OG0003107_pruned	0.00909336712831348	120	0.903700655664772	0.966478040464662	0.0439754026241705
aligned_OG0003108_pruned	0.14028129477003	117	0.0653903784418722	0.278262621528505	1.18448614918348
aligned_OG0003109_pruned	-0.00385739540426547	133	0.956875048414341	0.984179577271482	-0.0191447699839673
aligned_OG0003110_pruned	-0.0619460647898135	124	0.402004992356532	0.683718371723407	-0.395768553533862
aligned_OG0003111_pruned	0.0237354660132965	70	0.810511586907113	0.927471307656138	0.0912407721864072
aligned_OG0003112_pruned	-0.140879156034758	106	0.0784522040657345	0.307977485341023	-1.10539485067309
aligned_OG0003113_pruned	-0.0769902596944238	84	0.393112867048618	0.676008501397037	-0.40548274097574
aligned_OG0003114_pruned	0.0582957125062116	113	0.451884217589365	0.717907263423122	0.344972826479249
aligned_OG0003115_pruned	-0.0627458721685584	84	0.486438086558472	0.740101651285481	-0.31297242852435
aligned_OG0003116_pruned	0.0373530074831441	117	0.62368974146947	0.828199719222812	0.205031399222624
aligned_OG0003117_pruned	0.140579223676404	79	0.130772354218656	0.39838897582235	0.883484057841239
aligned_OG0003118_pruned	-0.0176845503501935	85	0.843552800570669	0.940458439854545	-0.0738877283934013
aligned_OG0003119_pruned_1	0.0821937088260659	29	0.600471260123385	0.818119619191311	0.221507774053777
aligned_OG0003119_pruned_2	0.157165055597148	25	0.355133375178795	0.642895600367183	0.449608511097812
aligned_OG0003120_pruned	-0.176492913864873	103	0.0298122612812689	0.181794869672461	-1.52560508117196
aligned_OG0003121_pruned_1	-0.467718144533414	30	0.00240814871352708	0.0422499536944353	-2.61831669703633
aligned_OG0003121_pruned_2	-0.0458734902135984	33	0.754195461921882	0.898919341662003	-0.122516085120819
aligned_OG0003122_pruned_1	0.046286975594623	61	0.663155165742388	0.851125112245782	0.17838484302604
aligned_OG0003122_pruned_2	0.169708398256749	33	0.246719426829834	0.536548430928322	0.607796652566108
aligned_OG0003123_pruned	0.14926887092786	109	0.0585940474025463	0.263340882433237	1.23214650192624
aligned_OG0003124_pruned	-0.0440804615900574	71	0.653761639070305	0.845366639450481	-0.184580566210311
aligned_OG0003125_pruned	0.0023682213858729	120	0.974863341272601	0.991728021724394	0.0110562604973015
aligned_OG0003126_pruned	0.191210560487785	126	0.00910915923221399	0.0959823275973228	2.04052170619502
aligned_OG0003127_pruned	-0.092756906247971	124	0.209524340976698	0.495250196421394	-0.678765516669994
aligned_OG0003128_pruned	0.236697851713887	94	0.00542103867506114	0.0692863862006814	2.26591749434167
aligned_OG0003129_pruned	-0.0835839065696741	110	0.287356702163938	0.578287492663249	-0.541578669144966
aligned_OG0003130_pruned	-0.146932001155895	106	0.06645458530959	0.280821727010519	-1.17747504773931
aligned_OG0003131_pruned	0.335395284339707	52	0.00366427625198996	0.0543332185184322	2.43601179204778
aligned_OG0003132_pruned	0.0979428589089625	132	0.171381985131959	0.451458839994861	0.766034831006556
aligned_OG0003133_pruned	0.203142237782348	114	0.00845773616070573	0.0917746303816668	2.0727458668052
aligned_OG0003134_pruned_1	0.00340706768345736	71	0.972343870048427	0.990570300372687	0.0121801193801424
aligned_OG0003134_pruned_2	-0.0956198498999022	56	0.389316149294509	0.672984540126618	-0.409697580859222
aligned_OG0003135_pruned_1	0.104210021143781	52	0.366618381070825	0.655054830080165	0.435785764694284
aligned_OG0003135_pruned_2	0.0345032779671177	16	0.873844698517373	0.95374780109768	0.0585657442190907
aligned_OG0003136_pruned	0.227416384014459	75	0.0173048849405644	0.137551165122543	1.76183128396558
aligned_OG0003137_pruned	0.431344926267522	34	0.00277963181818541	0.0468483779356665	2.55601272563582
aligned_OG0003140_pruned	0.108060758032937	65	0.293385720561149	0.585886294954943	0.532561027617522
aligned_OG0003142_pruned_1	-0.13164268547907	30	0.393036051018534	0.676008501397037	-0.405567612371798
aligned_OG0003142_pruned_2	0.116189072730447	77	0.21773180739776	0.504713559268733	0.662078122321848
aligned_OG0003143_pruned	0.247457489753714	36	0.076959955431679	0.306367105247706	1.11373519247468
aligned_OG0003144_pruned_1	0.0373023548476495	22	0.837761913983851	0.938422230110218	0.0768793872579523
aligned_OG0003144_pruned_2	-0.0819920061690788	17	0.696270340114023	0.869245420868885	-0.157222104607798
aligned_OG0003145_pruned	0.104551216775532	85	0.243314826069322	0.532266816990232	0.61383142709911
aligned_OG0003146_pruned	0.19874868427499	38	0.143867728481615	0.416093949443064	0.842036613389017
aligned_OG0003148_pruned_1	-0.047858943583772	49	0.687672894255411	0.865205865400664	-0.16261809374334
aligned_OG0003148_pruned_2	0.0858677581482184	31	0.570750388058174	0.79529872897176	0.243553784557015
aligned_OG0003149_pruned	-0.305788314862575	11	0.256839257957857	0.546318035989236	-0.59033859348718
aligned_OG0003150_pruned	0.451454886069851	29	0.00402002533314963	0.0569451448456468	2.39577121009652
aligned_OG0003151_pruned	-0.204632440972376	93	0.0167995297233827	0.135306831765431	-1.77470287550024
aligned_OG0003152_pruned	0.036332550950697	116	0.634683359899976	0.833386752647742	0.197442887850141
aligned_OG0003153_pruned_1	-0.0413294600259954	58	0.704758123895135	0.872974464117128	-0.151959909223662
aligned_OG0003153_pruned_2	0.0532764181416351	49	0.654498270198596	0.845366639450481	0.184091496927125
aligned_OG0003154_pruned	0.227001741535666	46	0.065028459638386	0.27706934434579	1.18689653322064
aligned_OG0003155_pruned	-0.0383008925835915	106	0.63235060284332	0.831974112631408	-0.199042063076422
aligned_OG0003156_pruned	-0.12923549874525	104	0.109886369095997	0.36387376037098	-0.959056176489523
aligned_OG0003157_pruned	-0.344648685094953	107	1.52056467879124e-05	0.00158366814078436	-4.817995101962
aligned_OG0003158_pruned	0.248991264498224	109	0.00160661382601071	0.0332322592817726	2.79408849995551
aligned_OG0003159_pruned	-0.147763182167178	91	0.0877297494377687	0.326397703452424	-1.05685311101474
aligned_OG0003160_pruned	0.0491747927962565	120	0.512935366935894	0.753567878664295	0.289937355261477
aligned_OG0003161_pruned	0.111901693858283	127	0.125430462389661	0.391582275782293	0.901596976734083
aligned_OG0003162_pruned	-0.302215095238253	67	0.00283754488879231	0.0470618777569405	-2.54705725938451
aligned_OG0003163_pruned	-0.265581123827228	25	0.118160287351448	0.37826459118994	-0.927528461543464
aligned_OG0003165_pruned	0.0199889227898915	124	0.786834950392247	0.916631243808952	0.104116357413891
aligned_OG0003167_pruned	0.152286874249936	123	0.040191535424451	0.213601875493013	1.39586540227701
aligned_OG0003168_pruned_1	-0.452910813657838	27	0.00547855324254737	0.0692863862006814	-2.26133411336475
aligned_OG0003168_pruned_2	0.0650256088762355	43	0.609893133886768	0.823261808059596	0.214746255856717
aligned_OG0003168_pruned_3	-0.00886287096692083	32	0.952542738698022	0.982777905690845	-0.0211155292856169
aligned_OG0003169_pruned	0.16519786744456	123	0.0260325416326079	0.170299133537303	1.58448342838979
aligned_OG0003171_pruned_1	-0.0688700443150182	23	0.698535358303339	0.869853932581941	-0.15581160597445
aligned_OG0003172_pruned_1	-0.293380203465047	39	0.0287345261064766	0.178487461993304	-1.54159596091202
aligned_OG0003172_pruned_2	-0.512450038556742	17	0.0146974217700235	0.124287953435007	-1.83275884275225
aligned_OG0003173_pruned_1	0.415706855242619	44	0.00096232357788166	0.0237514507476487	3.01667887343018
aligned_OG0003173_pruned_2	0.00437801348664017	34	0.975780872998229	0.991993931346007	0.010647699067304
aligned_OG0003173_pruned_3	-0.147261990317786	35	0.299758370088715	0.591474442443343	-0.523228681348077
aligned_OG0003174_pruned	0.0457503771388963	111	0.558517589125895	0.787483843227273	0.252963145305699
aligned_OG0003175_pruned	-0.0674344009533085	116	0.377838822047405	0.662875214190477	-0.422693421388348
aligned_OG0003176_pruned	-0.0574154081474368	97	0.493053280145273	0.744311144446712	-0.307106147613626
aligned_OG0003177_pruned	-0.0697388413447827	103	0.39063597557417	0.674396960157009	-0.408227762907155
aligned_OG0003178_pruned	0.263255390246916	128	0.000295302966035515	0.0114096315079976	3.52973219094082
aligned_OG0003179_pruned	-0.0601146459755708	106	0.452713347816376	0.718166917979166	-0.344176700562095
aligned_OG0003180_pruned	0.246582623299646	40	0.0624830213205985	0.271929992967888	1.20423797863236
aligned_OG0003181_pruned	-0.0521741145133771	103	0.520712186239675	0.759780646896007	-0.283402258401288
aligned_OG0003182_pruned	-0.0905467061231885	120	0.228307573019957	0.518812584092607	-0.641479682613003
aligned_OG0003183_pruned	0.43191707988023	29	0.00592153702414871	0.0729235707097077	2.22756555096859
aligned_OG0003184_pruned	0.193612571039174	64	0.0618185064004671	0.270006325795921	1.2088814921532
aligned_OG0003185_pruned	-0.100776949350159	103	0.214777741744002	0.501415576297337	-0.668010728273391
aligned_OG0003186_pruned_1	0.310691130874129	47	0.0106563747212914	0.103886191503952	1.97239051635247
aligned_OG0003186_pruned_2	-0.0768851744438489	30	0.61788745866449	0.826232981916649	-0.209090619622908
aligned_OG0003187_pruned	0.171816458425365	47	0.157870586500368	0.435288446084586	0.801698777594673
aligned_OG0003188_pruned	0.153526876447657	113	0.0475701114585234	0.235297541799938	1.32266583101094
aligned_OG0003189_pruned	0.0545865464476875	109	0.48918351243407	0.742033598484682	0.310528188961122
aligned_OG0003190_pruned_1	0.250041970575519	54	0.0271688758192049	0.173828281932892	1.56592833124043
aligned_OG0003190_pruned_2	-0.0543660282219562	29	0.729034489538804	0.886308251516452	-0.137251925369169
aligned_OG0003190_pruned_3	0.228897376384589	37	0.0969616171884018	0.34337428732916	1.01340014967385
aligned_OG0003191_pruned	-0.177983566646026	61	0.0939679683307614	0.33887111313337	-1.02702016286773
aligned_OG0003192_pruned	0.185922316258614	127	0.0108963541953874	0.104899740619224	1.96271878808528
aligned_OG0003193_pruned	-0.147960089226564	107	0.0633043080023749	0.273867300395301	-1.19856673424809
aligned_OG0003194_pruned_1	0.0249346443846498	61	0.814491743613116	0.929617876530041	0.0891133137145117
aligned_OG0003194_pruned_2	0.20453750900015	44	0.104306486260447	0.353070909559421	0.981688684291273
aligned_OG0003195_pruned	-0.0589085222741989	39	0.660549205201673	0.850178321207951	-0.180094825662437
aligned_OG0003197_pruned_1	0.0916127929287059	85	0.30661301331854	0.598351474128193	0.513409416694631
aligned_OG0003200_pruned	0.00532737001650427	30	0.972426565720367	0.990570300372687	0.0121431851761235
aligned_OG0003202_pruned	0.292166993392852	15	0.194850648608869	0.477217531523853	0.710298144211634
aligned_OG0003203_pruned	0.031834786712535	111	0.68393778437999	0.861996020091865	0.164983402854998
aligned_OG0003204_pruned	-0.194324294037198	91	0.02473349738778	0.166283097396516	-1.60671446880568
aligned_OG0003205_pruned	0.0388444377569576	89	0.657185521443723	0.848097798942175	0.182312013140752
aligned_OG0003206_pruned	-0.139704232062228	123	0.0598023652823066	0.265824799524099	-1.22328163860792
aligned_OG0003207_pruned	-0.027598984869993	113	0.721727253737224	0.881880649755579	-0.141626894640972
aligned_OG0003208_pruned	0.00445144917257952	113	0.954191705430605	0.983503653346579	0.0203643629828934
aligned_OG0003209_pruned	0.0605976170331499	116	0.428083136768519	0.700578403868641	0.368471879740147
aligned_OG0003210_pruned	0.187231030400356	104	0.0205508347953855	0.151142048631517	1.68717053195502
aligned_OG0003211_pruned	0.102447581575571	113	0.186156299094723	0.468996022490638	0.73012226368521
aligned_OG0003212_pruned_1	0.18587110285263	33	0.204557394439026	0.48784548921007	0.689184816796153
aligned_OG0003212_pruned_2	-0.241891438971652	30	0.116545290078359	0.376255045353011	-0.933505272845339
aligned_OG0003213_pruned	0.0246787070917852	79	0.790803473486527	0.919445447066693	0.10193143178032
aligned_OG0003214_pruned_1	-0.0703608429845893	57	0.522637933720202	0.760761054661494	-0.281799071823617
aligned_OG0003214_pruned_2	0.158859603891643	32	0.286089935171333	0.577461958046649	0.543497420686312
aligned_OG0003215_pruned_1	0.0386910011819967	53	0.734963140531251	0.888619499536373	0.133734440868575
aligned_OG0003215_pruned_2	0.211018054982552	33	0.149778053615368	0.424064617150825	0.824551817424226
aligned_OG0003216_pruned_1	0.143364429632299	23	0.42011267955064	0.696837780477233	0.376634210688202
aligned_OG0003216_pruned_2	0.236939551103637	19	0.230139340443417	0.520359858937772	0.638009135885426
aligned_OG0003217_pruned	-0.192028215770479	107	0.0159460727734185	0.130599950352373	-1.79734625823953
aligned_OG0003218_pruned	-0.0180814577932738	110	0.817968544506757	0.930857920061535	-0.0872633970741631
aligned_OG0003219_pruned	0.0256045778249595	100	0.756203288212877	0.900395117167287	0.121361438518573
aligned_OG0003220_pruned	-0.0638291061563367	108	0.420863502438249	0.696837780477233	-0.37585873492421
aligned_OG0003221_pruned	-0.195829180722053	51	0.0930460190967689	0.336881185998794	-1.03130220309517
aligned_OG0003222_pruned	-0.0866707365751742	126	0.237163520994588	0.526187127624263	-0.624952110624387
aligned_OG0003223_pruned_1	0.140310435082467	48	0.243605155720598	0.532349932133412	0.613313524424584
aligned_OG0003223_pruned_2	0.112836587553489	30	0.464103474430927	0.725773603417622	0.333385180297774
aligned_OG0003226_pruned	-0.0888905810834708	116	0.245039599823941	0.534331634117434	-0.61076372545057
aligned_OG0003227_pruned	-0.00945188133684071	85	0.915996162981056	0.968270540229821	-0.0381063455457351
aligned_OG0003228_pruned_1	0.388032489620592	30	0.0118146205401278	0.109862390999579	1.92758022240021
aligned_OG0003229_pruned	0.141159442494549	109	0.0736984268390753	0.298663598900821	1.13254178245846
aligned_OG0003230_pruned	0	20	1	1	0
aligned_OG0003231_pruned_1	-0.00410214339148239	53	0.971368373724537	0.990570300372687	-0.0126160405999721
aligned_OG0003231_pruned_2	-0.139369616715498	44	0.268381627292761	0.559156899512649	-0.571247218154617
aligned_OG0003232_pruned	0.217358727883013	96	0.00984361512459591	0.0999600581899342	2.00684537511266
aligned_OG0003233_pruned_1	0.418487915365013	44	0.000889267032132457	0.0227984269751987	3.05096780801983
aligned_OG0003233_pruned_2	0.375284167835096	19	0.0573468519013664	0.260964017933656	1.24149041803109
aligned_OG0003234_pruned	0.16874636052259	78	0.0715425488661034	0.293834317381761	1.14543559118223
aligned_OG0003236_pruned	0.249718495970505	131	0.000512961558646292	0.0161682818549942	3.2899151797095
aligned_OG0003237_pruned	-0.241793943520556	110	0.00208540994958758	0.0391484003359552	-2.68080855875105
aligned_OG0003238_pruned_1	0.227259551660248	46	0.0647242607272644	0.276397268243526	1.18893290132419
aligned_OG0003238_pruned_2	0.219464186074818	36	0.116756762266587	0.376651294409803	0.932717956757432
aligned_OG0003239_pruned	0.0240930693418679	117	0.751653460025504	0.897529940106897	0.123982339044621
aligned_OG0003240_pruned_1	-0.216694535554385	50	0.0658468121958186	0.27909253682511	-1.18146524544445
aligned_OG0003240_pruned_2	0.0534460789170462	44	0.671245323744567	0.854720013599426	0.173118726810458
aligned_OG0003241_pruned	0.224390151672745	107	0.00485768962646695	0.0647780918870071	2.31357023712637
aligned_OG0003242_pruned	-0.183258231230571	87	0.038494186180952	0.209630642919605	-1.41460485750946
aligned_OG0003243_pruned	-0.0213669560283817	113	0.782755416533965	0.914806129660321	-0.106373918456913
aligned_OG0003244_pruned	-0.183920797465868	78	0.0495226946577852	0.239642206262324	-1.30519573226
aligned_OG0003245_pruned	0.019419342886421	94	0.81952828899533	0.931613656857923	0.0864360505833855
aligned_OG0003246_pruned	-0.0263464277934709	106	0.742082864967755	0.891338966560798	-0.129547596353226
aligned_OG0003247_pruned	0.0729575570991573	103	0.369139685159361	0.656659185840534	0.432809262527872
aligned_OG0003248_pruned	0.190182029971064	120	0.0113937575312001	0.107958589262199	1.94333302693501
aligned_OG0003249_pruned	-0.0151451574612787	127	0.835700160696236	0.938422230110218	-0.0779495143226169
aligned_OG0003250_pruned	-0.0369872846019199	103	0.648891573506087	0.842471388498185	-0.187827865544698
aligned_OG0003251_pruned_1	-0.105759225680755	40	0.424303764309266	0.698159482019383	-0.372323115272058
aligned_OG0003251_pruned_2	-0.167249555434696	30	0.277855660892565	0.568434836408978	-0.556180750689437
aligned_OG0003252_pruned_1	-0.0108488022905358	61	0.918687306031933	0.969555337761777	-0.0368322844502325
aligned_OG0003253_pruned	0.184559230851133	99	0.0259843668039289	0.170289986228089	1.58528786175088
aligned_OG0003254_pruned	0.277663670943217	114	0.000319183011260201	0.0121040182551329	3.49596023233478
aligned_OG0003255_pruned	0.0697088031059633	93	0.415343936144818	0.693446273577258	0.381592125678023
aligned_OG0003256_pruned	0.0433973372913535	111	0.578925645963834	0.801818076519436	0.237377211093289
aligned_OG0003257_pruned	-0.175287566156925	103	0.0309481848944646	0.185294160928358	-1.50936481719101
aligned_OG0003258_pruned	0.404469738751564	95	1.77283526592389e-06	0.000348865231653833	5.75133161771215
aligned_OG0003259_pruned	0.134317854816703	90	0.122736819241172	0.38546194001131	0.911025135768614
aligned_OG0003260_pruned	0.190832979224529	105	0.0176809098912719	0.139022359523057	1.75249538917643
aligned_OG0003261_pruned	-0.158060378239745	128	0.029772443535004	0.181794869672461	-1.52618551972954
aligned_OG0003262_pruned_1	-0.285608162958437	18	0.160383305015643	0.436423159830753	-0.794840841269677
aligned_OG0003262_pruned_2	-0.377964473009227	14	0.106863714993379	0.358229608133884	-0.97116973214562
aligned_OG0003263_pruned	0.362836553314258	91	2.75525861157303e-05	0.00237097150070648	4.55983763154613
aligned_OG0003264_pruned	-0.032391547572328	126	0.658641275208096	0.849247754756908	-0.181351056749786
aligned_OG0003265_pruned	0.173370829426972	114	0.0246197597829839	0.165966732568236	1.60871618883092
aligned_OG0003266_pruned	-0.0182256184994968	103	0.822483421936274	0.933736942385927	-0.0848728469757461
aligned_OG0003268_pruned	-0.00697388413447827	103	0.931588473876058	0.974275248375257	-0.0307758934338281
aligned_OG0003269_pruned	-0.183150702945623	117	0.0161430623050249	0.131586819365393	-1.79201407704749
aligned_OG0003274_pruned	0.104197157746732	80	0.259639771381287	0.548752418648464	0.585628781946897
aligned_OG0003275_pruned	0.138356072422016	124	0.0612385711543083	0.269057824137853	1.21297495100837
aligned_OG0003276_pruned_1	0.0138309808259344	41	0.915700393531323	0.968270540229821	0.038246599170818
aligned_OG0003276_pruned_2	0.0500092213003443	83	0.581415806674324	0.803725247031025	0.23551316544808
aligned_OG0003277_pruned	0.47112820660489	39	0.000444418787329268	0.0146503930269551	3.35220759000802
aligned_OG0003278_pruned_1	0.0522873613744285	48	0.663907901877649	0.851941035172922	0.177892162319434
aligned_OG0003278_pruned_2	0.119392401159142	55	0.286923737152502	0.577895361053214	0.542233521158293
aligned_OG0003279_pruned	0.0660330325469061	108	0.405004399093354	0.685589184299417	0.392540259522139
aligned_OG0003281_pruned	0.115215301608148	29	0.462869298755216	0.725231625615823	0.334541624193159
aligned_OG0003282_pruned	0.00576349729998352	89	0.947498331296508	0.980351762138678	0.0234215462246464
aligned_OG0003283_pruned	0.218434065888705	72	0.0251740690093285	0.168004029749699	1.59904658161199
aligned_OG0003284_pruned	0.131903981582573	84	0.143441169362745	0.415596957473197	0.84332618297099
aligned_OG0003285_pruned	-0.108257463055641	99	0.191561829760319	0.47505506896624	-0.71769102331551
aligned_OG0003286_pruned	-0.134332098851893	21	0.472232879769928	0.731403445565804	-0.325843777940221
aligned_OG0003287_pruned_1	-0.233410125612303	31	0.123291597998009	0.386766964680527	-0.909066518436156
aligned_OG0003287_pruned_2	0.0377425678048199	13	0.877370556064143	0.95516372887306	0.0568169443024353
aligned_OG0003288_pruned	-0.10175241362285	109	0.197329765423018	0.480543143217176	-0.704807400384092
aligned_OG0003289_pruned_1	0.409485292190464	38	0.00260189514933996	0.0445750554878688	2.5847102085356
aligned_OG0003289_pruned_2	0.288508799153406	32	0.0527050417902267	0.247577683402994	1.27814783797643
aligned_OG0003290_pruned	0.0278681180898152	43	0.826908453006328	0.936017917998928	0.0825425685066164
aligned_OG0003291_pruned	-0.249653499486977	20	0.193373163105003	0.475735605282443	-0.713603798733558
aligned_OG0003292_pruned_1	0.116411621952358	23	0.512690760261923	0.753360529862172	0.290144509365569
aligned_OG0003292_pruned_2	0.291589016578766	23	0.10105025592541	0.348365015811037	0.995462582229305
aligned_OG0003293_pruned_1	0.01135996960985	42	0.929840838129223	0.974275248375257	0.0315913837447857
aligned_OG0003293_pruned_2	-0.146962236497644	54	0.194153671927863	0.476130981915382	-0.711854391453608
aligned_OG0003294_pruned	-0.134165684170844	132	0.0609814160150184	0.268605983064337	-1.21480249534668
aligned_OG0003296_pruned	-0.0661518584475778	40	0.617246869019547	0.826023348598955	-0.209541104346184
aligned_OG0003297_pruned	-0.0179584055477071	127	0.805743415159818	0.925600227268173	-0.0938032350200223
aligned_OG0003298_pruned_1	-0.0836485776813028	21	0.654421505659851	0.845366639450481	-0.184142437276925
aligned_OG0003298_pruned_2	0.196700073741898	48	0.102124902009452	0.349915958367445	0.990868347172132
aligned_OG0003299_pruned	0.0477657394643877	130	0.5080346891794	0.751971303674708	0.294106632588433
aligned_OG0003300_pruned	-0.281712096832073	99	0.000677671507245111	0.0193638142126489	-3.16898077392373
aligned_OG0003301_pruned	0.184866675157596	103	0.0228667084438332	0.16008894632649	1.64079634556205
aligned_OG0003302_pruned	0.251387745604533	89	0.00407709027684598	0.0575296401273558	2.38964967208918
aligned_OG0003303_pruned	-0.0223386559031477	104	0.782287157254937	0.914552471415093	-0.106633799472876
aligned_OG0003304_pruned	-0.014213381090374	25	0.933355224711733	0.974674572609631	-0.0299530370988594
aligned_OG0003305_pruned	0.145498047479029	102	0.0747243054358101	0.300922382675959	1.12653811304742
aligned_OG0003306_pruned	0.260155389404199	131	0.000295646222312381	0.0114096315079976	3.52922766592707
aligned_OG0003307_pruned	0.382607420591047	114	7.06588513218566e-07	0.000214361290197683	6.15083342702903
aligned_OG0003308_pruned	0.106490801279464	119	0.158288135769034	0.435551631343347	0.800551635757587
aligned_OG0003309_pruned	0.174893083968391	116	0.0221844264018399	0.157431587360425	1.65395179587401
aligned_OG0003310_pruned_1	0.155399633254756	55	0.165730727209036	0.441754052844285	0.780596963999657
aligned_OG0003310_pruned_2	0.219586757696916	56	0.0480503592659706	0.236228673744451	1.3183033608228
aligned_OG0003311_pruned	-0.100882795543627	107	0.205448403746211	0.489166065296326	-0.687297228687363
aligned_OG0003312_pruned	-0.132503451481111	105	0.0995287327795601	0.346578834766877	-1.00205152542269
aligned_OG0003313_pruned	0.274888708277817	103	0.000714903170471874	0.0196913128030852	3.14575277690872
aligned_OG0003314_pruned	-0.225168895690198	127	0.0020461907860944	0.0386969223728658	-2.68905387527434
aligned_OG0003315_pruned	0.000515764808714944	105	0.994884444408972	1	0.00222735952555138
aligned_OG0003316_pruned	0.323849216399158	99	9.35336875135335e-05	0.00527921533942665	4.029031943499
aligned_OG0003317_pruned	-0.184345883604799	121	0.0137740572242125	0.12018866359432	-1.86093811707394
aligned_OG0003318_pruned	0.279021619933511	131	0.000103797923030163	0.00563994535509413	3.9838113365219
aligned_OG0003319_pruned	0.0570895352028648	114	0.459286404453272	0.722494711084248	0.337916410141215
aligned_OG0003320_pruned	-0.00912095976809887	81	0.920896901854614	0.970761595830816	-0.0357889881114148
aligned_OG0003321_pruned_1	-0.140906409123812	50	0.231650186407621	0.520603679125199	-0.635167345986323
aligned_OG0003321_pruned_2	-0.109377297748676	71	0.265719875424818	0.557231109725834	-0.575575959837018
aligned_OG0003322_pruned	0.104471309097929	107	0.189783401216727	0.473353800312851	0.721741774391434
aligned_OG0003323_pruned_1	0.0814805526476724	30	0.59703970563091	0.815348337071824	0.22399678551553
aligned_OG0003323_pruned_2	-0.431382640224006	24	0.0130425199405689	0.117093203066933	-1.8846384906169
aligned_OG0003323_pruned_3	-0.0459598103977893	39	0.731881235719949	0.887717492520861	-0.135559387324327
aligned_OG0003324_pruned	0.135475112616404	118	0.0739101903959714	0.299132905098981	1.13129567895792
aligned_OG0003325_pruned	0.0857864054457777	34	0.551926307258741	0.78288007371276	0.258118905037807
aligned_OG0003327_pruned	0.0788692868116771	111	0.313185003620992	0.603222279015355	0.504199041635097
aligned_OG0003328_pruned	0.20348923188912	24	0.241566586968973	0.532016430647638	0.616963136683878
aligned_OG0003329_pruned	0.0273784205639151	92	0.750373809497315	0.897121790960583	0.124722332663765
aligned_OG0003330_pruned	-0.125473074693546	106	0.117044813305508	0.376810215595963	-0.93164782675767
aligned_OG0003331_pruned_1	0.205944170193115	37	0.135351135553394	0.404885627758529	0.868538096284283
aligned_OG0003331_pruned_2	0.0313112145542575	17	0.881497452191014	0.957794799194564	0.0547789386125126
aligned_OG0003332_pruned	0.137831378176201	117	0.0702337088291561	0.290882613188331	1.15345439720371
aligned_OG0003333_pruned	0.0429728152749234	110	0.584378548790456	0.806150097336739	0.233305734409405
aligned_OG0003334_pruned	-0.0363171235628311	118	0.631874273078812	0.831974112631408	-0.19936932668596
aligned_OG0003335_pruned_1	-0.0610704816552459	27	0.708022931777687	0.874786181278354	-0.14995267594974
aligned_OG0003335_pruned_2	-0.33123146848433	15	0.141644690295137	0.412691072444534	-0.848799700838165
aligned_OG0003335_pruned_3	0.0255952274305622	60	0.811257679730849	0.927471307656138	0.0908411789448027
aligned_OG0003336_pruned	0.14164491713492	113	0.0675708799079262	0.284015151808363	1.17024042565592
aligned_OG0003337_pruned	0.116670159809441	103	0.150952467842343	0.426497834055141	0.82115978253124
aligned_OG0003338_pruned	-0.119865825371346	30	0.436737771934079	0.708057830650642	-0.359779245831918
aligned_OG0003339_pruned	-0.093236969198832	35	0.511481779449553	0.75299049157469	-0.291169832578329
aligned_OG0003340_pruned_1	0.038594192855828	62	0.71419083891929	0.877895407552104	0.146185724896972
aligned_OG0003340_pruned_2	0.157656985463279	54	0.163657424580708	0.439831453565798	0.78606428744556
aligned_OG0003341_pruned	-0.117468783863265	56	0.290254957916595	0.581388266462374	-0.537220353234766
aligned_OG0003342_pruned	-0.0266998421282733	100	0.746126491243315	0.894540915979348	-0.127187540098131
aligned_OG0003343_pruned	-0.371222439012269	26	0.0256964190872529	0.169164220049085	-1.59012739336136
aligned_OG0003344_pruned	0.280047763092638	111	0.000342041490228653	0.0123900701012678	3.46592121007122
aligned_OG0003345_pruned	0.0962865080617406	98	0.247861314710841	0.536910109365904	0.605791251040362
aligned_OG0003346_pruned	0.182768954772383	32	0.219713901319235	0.506531908596149	0.658142464357406
aligned_OG0003347_pruned_1	-0.0606094267850161	52	0.599519884656377	0.817282209358374	-0.222196407805628
aligned_OG0003347_pruned_2	0.36561224867909	60	0.000646852765530817	0.0189145983366662	3.18919456074431
aligned_OG0003348_pruned	-0.0819029820751623	111	0.294935595160765	0.587013259801595	-0.530272810191433
aligned_OG0003349_pruned	-0.24662660351181	104	0.00228166099114499	0.0408225679149626	-2.64174888253489
aligned_OG0003350_pruned	-0.049154739982021	129	0.497465275255244	0.745123363327183	-0.303237229071752
aligned_OG0003351_pruned	-0.103022799906039	80	0.265048311206999	0.556143156742986	-0.57667495859778
aligned_OG0003353_pruned_1	0.150670767585289	44	0.23148405295514	0.520603679125199	0.635478922365846
aligned_OG0003353_pruned_2	0.197004924117976	38	0.147417086299701	0.420589265418545	0.83145217688656
aligned_OG0003354_pruned	0.26768986023882	103	0.000983574970431846	0.0241124894266474	3.007192531521
aligned_OG0003355_pruned	0.517690043648876	42	6.01196835998497e-05	0.00380636014165657	4.22098331370058
aligned_OG0003356_pruned	-0.0467358302228876	97	0.576870846163375	0.7995805503361	-0.238921408814966
aligned_OG0003357_pruned	0.00727200611779588	125	0.921310886118441	0.970916856539061	0.0355937972262443
aligned_OG0003358_pruned	0.0248063506185034	62	0.813901425685388	0.929279642530235	0.0894281907781657
aligned_OG0003359_pruned	0.417034834620375	118	3.76646716716554e-08	2.49305885855748e-05	7.42406581402218
aligned_OG0003360_pruned	0.0350508013512842	91	0.6854524249971	0.863273935852394	0.164022682782922
aligned_OG0003361_pruned	0.233067796075358	125	0.00154560225526141	0.0325246532386079	2.81090225722848
aligned_OG0003362_pruned	-0.0714092898594717	105	0.374710382855299	0.660695922507238	-0.426304272867534
aligned_OG0003363_pruned	0.00589260009436931	112	0.939659440468249	0.977512668377142	0.0270295186602256
aligned_OG0003365_pruned	0.160761662454176	95	0.057568347349901	0.261303079794289	1.23981623792581
aligned_OG0003366_pruned_1	-0.176523574451241	37	0.200546496962535	0.48318300608346	-0.6977849196366
aligned_OG0003366_pruned_2	-0.00783798594654103	54	0.944792680160077	0.979997079841189	-0.0246634801049582
aligned_OG0003367_pruned	0.0967626165192424	74	0.314524869050972	0.60380073415077	0.502345009790712
aligned_OG0003368_pruned	-0.293561575149241	121	8.76832794812252e-05	0.00506684093573651	-4.0570832153154
aligned_OG0003369_pruned	0.207408969940971	101	0.0114796735543769	0.108550004090153	1.9400704617245
aligned_OG0003370_pruned	0.0223407221974722	105	0.781230218822933	0.914232605862087	0.107220966082822
aligned_OG0003371_pruned	-0.124923293438702	104	0.122259192298728	0.38527503947423	-0.912718477688758
aligned_OG0003372_pruned	-0.160823293015358	46	0.191156257590541	0.474606265955085	-0.718611480576893
aligned_OG0003373_pruned	0.140551547055339	122	0.0593185901563531	0.264768027477922	1.22680917953496
aligned_OG0003374_pruned	-0.23675144530555	94	0.00541053385608488	0.0692863862006814	-2.26675988104628
aligned_OG0003375_pruned	0.347758931053918	91	5.85514464754261e-05	0.00377268213971308	4.23246237149621
aligned_OG0003376_pruned	-0.317013089389707	22	0.0818374600895878	0.314286020388212	-1.0870478578662
aligned_OG0003377_pruned	-0.0513219519010832	118	0.498385599409939	0.74560899305346	-0.302434514878488
aligned_OG0003378_pruned	-0.0640629400248544	107	0.421365551617295	0.69697050585003	-0.375340972653059
aligned_OG0003379_pruned	0.287795014771419	116	0.000167424208447455	0.00776443096627973	3.77618174565572
aligned_OG0003383_pruned_1	0.121799691441173	21	0.514539142758153	0.75485784775783	0.288581581373363
aligned_OG0003383_pruned_2	0.283110429252465	16	0.192638022963196	0.475735605282443	0.715257987547375
aligned_OG0003383_pruned_3	-0.27716572655856	19	0.160399622796926	0.436423159830753	-0.79479665735738
aligned_OG0003385_pruned	0.241552433950847	27	0.138523409728315	0.407855537290523	0.858476826912016
aligned_OG0003386_pruned	-0.0827933795472136	105	0.303385870461089	0.594913817591821	-0.51800464940187
aligned_OG0003387_pruned	0.364937972129928	31	0.0159733666481621	0.130676497264346	1.79660353955181
aligned_OG0003388_pruned_1	-0.0852052205728663	26	0.608637255229367	0.823084668522478	-0.215641467611539
aligned_OG0003388_pruned_2	0.251748273047614	20	0.189662399764146	0.473353800312851	0.722018758692242
aligned_OG0003389_pruned	0.275958027016015	23	0.120690800527446	0.383721144938058	0.918325832076885
aligned_OG0003390_pruned	0.0827990622757773	97	0.322904692512782	0.612098168754378	0.490925643686463
aligned_OG0003391_pruned	0.0211880575387909	55	0.850106739138526	0.942438496701501	0.0705265409815816
aligned_OG0003392_pruned	0.132695525677462	80	0.151130793406844	0.426670533848479	0.820647037685195
aligned_OG0003393_pruned_1	-0.0813810729633871	29	0.604078090607243	0.819982790525159	-0.2189069154722
aligned_OG0003393_pruned_2	-0.370479286817474	17	0.0777598964393295	0.307700981508021	-1.10924432647501
aligned_OG0003395_pruned	0.0705548366732216	100	0.392264248408394	0.675623986454006	0.406421272361153
aligned_OG0003397_pruned	0.244557994022259	19	0.215499509069327	0.501985093037949	0.666553714870884
aligned_OG0003398_pruned_1	-0.137375754175322	71	0.162151257408755	0.437592033058987	-0.790079679223099
aligned_OG0003398_pruned_2	-0.00366377800053752	43	0.977065590671051	0.992607027441876	-0.0100762809993894
aligned_OG0003400_pruned	0.245033483155863	29	0.118451211085437	0.37826459118994	0.926460494544142
aligned_OG0003401_pruned	0.0617065623103788	109	0.434321434162717	0.706105436298481	0.362188737276291
aligned_OG0003402_pruned	-0.160096719204135	122	0.0317083220316613	0.187697798953273	-1.49882673973487
aligned_OG0003403_pruned	-0.189728976226144	123	0.0105811373796295	0.103550082340164	-1.97546764693714
aligned_OG0003404_pruned	0.0631983438129302	91	0.465208818452142	0.725773603417622	0.332352061422512
aligned_OG0003405_pruned	0.285449013303011	68	0.00449997597230647	0.0618194812346479	2.34678980514078
aligned_OG0003406_pruned	0.0750315002146623	105	0.350968596676523	0.63836202303993	0.454731740799794
aligned_OG0003407_pruned	0.228928067301047	120	0.00231982547259166	0.0412974309680682	2.63454468715285
aligned_OG0003409_pruned	0.217349253481144	94	0.0106625539885866	0.103886191503952	1.97213875681988
aligned_OG0003410_pruned_1	-0.313753936906442	55	0.00513470097777477	0.0669995659841902	-2.2894848427159
aligned_OG0003410_pruned_2	0.272053593791254	20	0.156375721759645	0.434237845206702	0.805830672786885
aligned_OG0003411_pruned_1	0.422928605709234	53	0.000215211149500385	0.00915293460576408	3.66713523281484
aligned_OG0003411_pruned_2	-0.163232156274753	20	0.39509158490415	0.677613312764177	-0.403302220302386
aligned_OG0003412_pruned_1	-0.278865927330285	48	0.0204785871628763	0.150915580094031	-1.68870000905032
aligned_OG0003413_pruned	0.0441638870232685	108	0.577572781477123	0.800248795801129	0.23839328138859
aligned_OG0003414_pruned_1	0.0772328445721233	51	0.507719052211512	0.751971303674708	0.294376539342924
aligned_OG0003414_pruned_2	0.199974581117905	59	0.0643669315571531	0.275663212240234	1.19133719367605
aligned_OG0003415_pruned_1	0.0157526842088531	83	0.86213056038146	0.948499941090573	0.064426959976239
aligned_OG0003415_pruned_2	-0.0893325000573837	29	0.569213649473711	0.79529872897176	-0.244724694286912
aligned_OG0003416_pruned	-0.178983066141075	125	0.0150448448656965	0.126491357352351	-1.82261228611063
aligned_OG0003417_pruned	0.185095244548225	100	0.0248074934549588	0.166473142714797	1.60541711455379
aligned_OG0003418_pruned_1	-0.0725238695628459	61	0.494953994273443	0.744829796526892	-0.305435166645659
aligned_OG0003418_pruned_2	-0.248697382248677	55	0.0265410756272981	0.172233129806023	-1.57608148050948
aligned_OG0003419_pruned	0.0812617307726008	98	0.329439555102697	0.616731730861158	0.482224257226087
aligned_OG0003420_pruned	0.00501367685040137	107	0.949824878657173	0.981669624070787	0.0223564591780648
aligned_OG0003421_pruned_1	-0.0170107556154095	55	0.879404857901544	0.956806152178892	-0.0558111396328384
aligned_OG0003421_pruned_2	0.00431501720252459	63	0.967067781377182	0.988380195986421	0.014543085331222
aligned_OG0003422_pruned	0.0763803164477691	83	0.399764815585771	0.682139119353175	0.398195432002205
aligned_OG0003424_pruned_1	-0.220624375823192	32	0.138476715032117	0.407855537290523	-0.85862324741708
aligned_OG0003424_pruned_2	-0.0777579275861545	22	0.669508565996856	0.853923654790078	-0.174243862055456
aligned_OG0003425_pruned	0.20184742223922	110	0.0101900502991835	0.101382954573712	1.99182367226404
aligned_OG0003426_pruned	0.0624212180622571	101	0.446810057718822	0.715595324469439	0.349877059453871
aligned_OG0003427_pruned	0.239783576983538	121	0.0013561602427473	0.0296522604427721	2.86768899156832
aligned_OG0003428_pruned_1	0.282928414969328	59	0.00887331995758854	0.0945924489183047	2.05191385824102
aligned_OG0003428_pruned_2	0.292240618973842	60	0.006398874336101	0.0763773836740186	2.19389641861256
aligned_OG0003429_pruned	0.060887166277724	98	0.464948444027451	0.725773603417622	0.332595201337421
aligned_OG0003431_pruned	-0.206604421327247	18	0.309879549639773	0.60182261961248	-0.508807083882233
aligned_OG0003432_pruned	-0.177170985670814	88	0.0441632060490626	0.22549249876804	-1.35493940631881
aligned_OG0003433_pruned	0.0082834491179512	90	0.9241706892692	0.971961113472345	0.034247809557313
aligned_OG0003435_pruned	0.304944159999755	87	0.000573674798611251	0.0173316440194544	3.24133422814522
aligned_OG0003436_pruned	-0.0972033345203821	96	0.24835579270696	0.537059259488974	-0.604925705967414
aligned_OG0003437_pruned	-0.096365610858487	98	0.247473021379868	0.536910109365904	-0.606472139374792
aligned_OG0003438_pruned	-0.0593065573578106	115	0.440005565118163	0.711454701227037	-0.356541830593755
aligned_OG0003439_pruned	-0.212493051697285	86	0.0170533743520935	0.136595840107363	-1.76818967429617
aligned_OG0003440_pruned	-0.141902905601787	46	0.248753634974311	0.537440716987526	-0.604230564299821
aligned_OG0003441_pruned	-0.172119370759891	114	0.0256748220770485	0.169164220049085	-1.5904925573207
aligned_OG0003442_pruned	0.190842374467805	53	0.0949599213282813	0.340425006002568	1.02245965385451
aligned_OG0003443_pruned	0.171204204006513	113	0.0271533677816426	0.173828281932892	1.56617629799861
aligned_OG0003444_pruned	-0.105317197201081	108	0.184140363132027	0.466177324048778	-0.734851004737917
aligned_OG0003445_pruned	0.405242920767312	100	8.93252924839622e-07	0.000250145174836819	6.04902555308284
aligned_OG0003446_pruned	0.255601041141223	111	0.00108094510622448	0.0252013878221414	2.9661963603197
aligned_OG0003447_pruned	-0.346132570767808	104	1.85368248321365e-05	0.00182387326490252	-4.731964654009
aligned_OG0003448_pruned	0.0691500569743435	107	0.385447517501073	0.669955448776633	0.414034747084741
aligned_OG0003449_pruned	0.271523302418433	118	0.000341107238727324	0.0123900701012678	3.46710906421625
aligned_OG0003450_pruned	-0.00401168893250818	116	0.958159319959158	0.984388035645919	-0.0185622716873261
aligned_OG0003451_pruned	-0.206872784004438	123	0.00531630401491551	0.0685097513851324	-2.27439019172009
aligned_OG0003452_pruned	0.0348800573984391	112	0.654096548752364	0.845366639450481	0.184358142355205
aligned_OG0003453_pruned	-0.173090080313715	77	0.0663264054282666	0.280442832708019	-1.17831353873313
aligned_OG0003454_pruned	0.181291970592203	128	0.0126845234757493	0.115013717841757	1.89672584343948
aligned_OG0003455_pruned	-0.0912171339867499	128	0.209803693108308	0.495250196421394	-0.678186871326242
aligned_OG0003456_pruned_1	0.276955854703499	33	0.058707408431205	0.263369464440914	1.23130709061312
aligned_OG0003456_pruned_2	0.265606357629865	21	0.155218489684684	0.431847849978672	0.809056546674834
aligned_OG0003457_pruned	0.0632424771640858	106	0.429545717217664	0.702025222685031	0.366990606736728
aligned_OG0003458_pruned	-0.0249060905721086	111	0.750110935976399	0.897102123003311	-0.12487450284888
aligned_OG0003459_pruned	-0.314755790145854	19	0.110912117486589	0.365013104573916	-0.955021003264056
aligned_OG0003460_pruned	0.0884459484023292	118	0.243304597336256	0.532266816990232	0.613849684826255
aligned_OG0003461_pruned	-0.217946292736242	116	0.00436874511027856	0.0610736811520823	-2.35964329299442
aligned_OG0003462_pruned	0.162379604635827	43	0.202621607712312	0.484654377711348	0.693314243033775
aligned_OG0003464_pruned	-0.130295466823866	115	0.0897960916675373	0.330538596274691	-1.04674256538348
aligned_OG0003465_pruned	0.0827824781544576	94	0.330759507254177	0.61845402473489	0.480487663727957
aligned_OG0003467_pruned	0.0167712464224357	112	0.829418134384627	0.93679748976114	0.081226473460693
aligned_OG0003468_pruned_1	0.196286596826287	46	0.110620409851168	0.365013104573916	0.956164736792806
aligned_OG0003468_pruned_2	-0.306223600940381	15	0.174231388248025	0.453754174105247	-0.75887360297392
aligned_OG0003469_pruned	-0.203346493403211	91	0.0187836495500799	0.143961844604349	-1.72622002306697
aligned_OG0003470_pruned	0.202724250577201	97	0.0155099469061528	0.128207948779531	1.80938968886623
aligned_OG0003471_pruned_1	0.0577230025458406	49	0.627766278901963	0.829678117525544	0.202202016575012
aligned_OG0003471_pruned_3	0.38973504863515	31	0.0100749099756515	0.101382954573712	1.99675882580744
aligned_OG0003472_pruned	0.388333145711425	114	4.80942662624136e-07	0.000194541307031463	6.31790669657884
aligned_OG0003473_pruned	-0.0419141483957769	105	0.60234425754396	0.819138688677171	-0.220155225653962
aligned_OG0003474_pruned	0.0193332442096698	115	0.801255259174654	0.92353008422521	0.0962291068983548
aligned_OG0003475_pruned	-0.0835100208960253	97	0.318767285259767	0.608054651290637	-0.496526256159873
aligned_OG0003476_pruned	0.00527853806908971	116	0.94496493040729	0.979997079841189	0.0245843087533943
aligned_OG0003477_pruned	-0.0702436787237223	107	0.377977518007105	0.662875214190477	-0.42253403110411
aligned_OG0003479_pruned	-0.0964922077312537	38	0.477967804603966	0.735591542025254	-0.320601356010779
aligned_OG0003487_pruned	0.0987692834206004	90	0.256411199079068	0.546279424838705	0.591063010385568
aligned_OG0003489_pruned_1	0.179227416722653	23	0.313499945583588	0.603222279015355	0.503762530216836
aligned_OG0003489_pruned_2	0.447213595499958	10	0.117185087198138	0.376810215595963	0.931127652478669
aligned_OG0003491_pruned	0.196893435872316	31	0.193600969171221	0.475735605282443	0.713092472933309
aligned_OG0003492_pruned	0.108855996832774	125	0.139221884911846	0.409069630364467	0.856292490663781
aligned_OG0003493_pruned_1	-0.067748737510091	46	0.581867161556841	0.803904137247696	-0.235176152098711
aligned_OG0003493_pruned_2	-0.0115010926557059	16	0.957791177245039	0.984262022751107	-0.0187291678065063
aligned_OG0003493_pruned_3	-0.345288264918825	21	0.0646400307646333	0.276361752200408	-1.18949844553627
aligned_OG0003494_pruned_1	0.0427398171160035	51	0.713946219752968	0.877895407552104	0.146334501591051
aligned_OG0003494_pruned_2	0.0826739905068924	57	0.452556867940406	0.718166917979166	0.344326839926357
aligned_OG0003495_pruned_1	-0.114332390095006	18	0.574149072797162	0.797173798443199	-0.240975332187915
aligned_OG0003496_pruned_1	-0.231455024943138	21	0.215499509069327	0.501985093037949	-0.666553714870884
aligned_OG0003496_pruned_2	0.324885671122472	92	0.000159827165880519	0.00750775222436169	3.79634940155961
aligned_OG0003497_pruned	0.150660435155041	98	0.0705885356713051	0.291790569399377	1.15126582726239
aligned_OG0003498_pruned_1	0.508510721613907	53	8.61638397709632e-06	0.00106332019893624	5.06467495555288
aligned_OG0003498_pruned_2	-0.012683657235796	37	0.926721159278614	0.972999770838645	-0.0330509208754717
aligned_OG0003499_pruned	-0.0822943388657542	60	0.442601606858405	0.712645355934552	-0.353987013706385
aligned_OG0003501_pruned_1	0.232823243904716	23	0.190430263825524	0.473700974005344	0.720264030909669
aligned_OG0003501_pruned_2	0.0446225966199544	56	0.68787992906271	0.865219804814844	0.162487362195228
aligned_OG0003502_pruned_1	0.0731776576151253	51	0.53025690240447	0.767707398370838	0.275513669522079
aligned_OG0003502_pruned_2	-0.185701680122655	61	0.080558332779669	0.31198864840915	-1.09388953043957
aligned_OG0003503_pruned	0.307953011341927	125	2.87409551059704e-05	0.00237097150070648	4.541498803691
aligned_OG0003504_pruned	0.0313658829462514	99	0.705144693489276	0.873097452979123	0.151721757992608
aligned_OG0003505_pruned	0.0350823207722812	26	0.833028893719521	0.937592112408693	0.0793399347692915
aligned_OG0003506_pruned	0.00962894230925353	102	0.906114069046549	0.966478040464662	0.0428171263418192
aligned_OG0003507_pruned	0.271269473325982	105	0.000745879045943281	0.0201138716056038	3.12733159335622
aligned_OG0003509_pruned	-0.0377979108643665	98	0.650100446461349	0.843439299836971	-0.18701953570543
aligned_OG0003510_pruned	-0.0873731288461583	115	0.255280668542414	0.545072887876047	-0.592982071459871
aligned_OG0003511_pruned_1	-0.274879043759677	58	0.0117331352535519	0.10966490087434	-1.93058592297581
aligned_OG0003512_pruned	0.0417755401689649	109	0.596601925543547	0.815288780007988	0.224315349278369
aligned_OG0003513_pruned	-0.0867847851189621	115	0.258494720683116	0.547289265117938	-0.587548322208738
aligned_OG0003514_pruned	-0.0948347409694975	89	0.278587368918733	0.568997736227828	-0.555038578268304
aligned_OG0003516_pruned_1	0.164887544065348	37	0.231844214690456	0.52068406143159	0.634803736772096
aligned_OG0003516_pruned_2	-0.272948912156561	42	0.0343888838855526	0.197309269953277	-1.46358191926992
aligned_OG0003517_pruned	-0.104457973864192	106	0.191962010554839	0.475404044224577	-0.716784710040412
aligned_OG0003518_pruned	0.0162131863344436	106	0.839509576447312	0.939264159305194	0.0759743454169361
aligned_OG0003519_pruned_1	0.141767553465828	41	0.277932703971427	0.568434836408978	0.556060347362026
aligned_OG0003519_pruned_2	-0.168016511776516	36	0.229816642727326	0.520359858937772	-0.638618524024913
aligned_OG0003519_pruned_3	0.0912414835752265	14	0.697091610005963	0.869245420868885	0.156710144275458
aligned_OG0003520_pruned	-0.0124411712029094	109	0.874749276481766	0.953878909999062	-0.0581164080563811
aligned_OG0003521_pruned	-0.0679653808972395	94	0.424578193266147	0.698295420187671	-0.372042315368758
aligned_OG0003522_pruned	0.0717978704566058	121	0.337400803791344	0.625159726625767	0.471853887124103
aligned_OG0003523_pruned	-0.0768210672011108	105	0.339598847007562	0.627636810767067	-0.469033792924856
aligned_OG0003525_pruned	0.333997492961138	100	5.12365695147321e-05	0.00348221267535963	4.29041995563883
aligned_OG0003526_pruned	-0.0193332442096698	115	0.801255259174654	0.92353008422521	-0.0962291068983548
aligned_OG0003527_pruned	0.418242888406514	21	0.0252118427380513	0.168102039355084	1.59839541050285
aligned_OG0003528_pruned	0.00962778921460033	110	0.902461888159032	0.966281167474752	0.0445711297123002
aligned_OG0003529_pruned	-0.0691240611458837	103	0.394826668004176	0.677364036224884	-0.403593521210326
aligned_OG0003530_pruned	0.00129122850511564	115	0.986586543999186	0.998402047434901	0.00586481215256577
aligned_OG0003531_pruned	0.122137499706763	111	0.118319810024475	0.37826459118994	0.926942536318368
aligned_OG0003532_pruned	0.167601817842397	102	0.0400828639708987	0.213491830703814	1.39704125514678
aligned_OG0003533_pruned	0.277785157869426	61	0.00894988399682019	0.0948992288172849	2.04818259371955
aligned_OG0003534_pruned	0.244598124602717	84	0.00666542517932861	0.0780240526216906	2.17617214225212
aligned_OG0003535_pruned	0.0941523498050659	98	0.258498528051173	0.547289265117938	0.587541925533572
aligned_OG0003536_pruned	0.122287780918898	104	0.130341257831203	0.398076635179944	0.884918092251616
aligned_OG0003537_pruned	0.0796531462120617	93	0.351997335911368	0.638965994208594	0.453460623463262
aligned_OG0003538_pruned	0.211704782766429	107	0.00788141384282247	0.0872003586391917	2.10339586765536
aligned_OG0003539_pruned	-0.105264042531063	106	0.188555071618469	0.471224726329931	-0.724561781761181
aligned_OG0003540_pruned	0.16179205736975	121	0.0306371625650954	0.184354694740875	1.5137514589932
aligned_OG0003542_pruned	0.171675897515589	98	0.0393672406234953	0.211693411358692	1.40486502523994
aligned_OG0003543_pruned_1	-0.142375686975685	39	0.288512059301113	0.579971370450416	-0.539836029376628
aligned_OG0003543_pruned_2	-0.261322103203259	36	0.0618044587567091	0.270006325795921	-1.20898019249073
aligned_OG0003543_pruned_3	-0.0958626140296004	22	0.598748308802989	0.816536137178228	-0.222755700263922
aligned_OG0003544_pruned	-0.149730423597728	122	0.0445391987286362	0.226934853704129	-1.35125760029843
aligned_OG0003545_pruned	0.0173239556831606	108	0.827066299678989	0.936017917998928	0.0824596749327935
aligned_OG0003547_pruned	0.2353959545346	15	0.296269871484286	0.587776821328907	0.528312510900668
aligned_OG0003548_pruned	-0.447213595499958	10	0.117185087198138	0.376810215595963	-0.931127652478669
aligned_OG0003549_pruned	0.314605212096165	102	0.00011644827179894	0.0061887581530517	3.93386695241701
aligned_OG0003550_pruned	0.0574595225765132	109	0.466608406858734	0.727756095795856	0.331047440811303
aligned_OG0003551_pruned	-0.0293864002311791	106	0.71356754797763	0.877895407552104	-0.146564909269151
aligned_OG0003552_pruned	0.0191985686080849	109	0.807815894062799	0.926325341334164	0.0926876061847707
aligned_OG0003553_pruned_1	-0.297477284451592	54	0.00858464361815964	0.0924627073725153	-2.0662777293766
aligned_OG0003553_pruned_2	0.0857492925712544	18	0.673416574633767	0.855846758580635	0.171716198634893
aligned_OG0003553_pruned_3	-0.0735414586077308	32	0.62142683421786	0.827773285755624	-0.206609997136531
aligned_OG0003554_pruned	0.262556141379681	104	0.00116242419558392	0.0266151275724733	2.93463535887932
aligned_OG0003555_pruned	-0.0167420905493276	109	0.832012471360641	0.937293885662913	-0.0798701638504842
aligned_OG0003556_pruned	-0.0454699307670218	105	0.571914585798573	0.79529872897176	-0.242668827301802
aligned_OG0003557_pruned	-0.0234403615469248	81	0.798564164311396	0.92291201275417	-0.0976901827354857
aligned_OG0003558_pruned	0.1238300797767	49	0.298259686359539	0.590276916657735	0.52540544316747
aligned_OG0003559_pruned	0.0306719179465949	41	0.814411906464192	0.929617876530041	0.089155885702431
aligned_OG0003560_pruned_1	0.136120524048313	47	0.263199078161258	0.553059881123266	0.579715636145392
aligned_OG0003560_pruned_2	0.0910032596964772	58	0.404105724980177	0.684565107794119	0.393504996848399
aligned_OG0003561_pruned_1	0.0530851714392172	24	0.759981527157728	0.9022607038118	0.11919696397048
aligned_OG0003561_pruned_2	-0.15088035126783	94	0.076287452348385	0.30502412990038	-1.11754688830967
aligned_OG0003563_pruned	-0.111321071351581	88	0.206040038735007	0.489773921655105	-0.686048377145185
aligned_OG0003564_pruned	0.0489643107869095	105	0.542741555834439	0.775620278208548	0.265406924728514
aligned_OG0003565_pruned_1	0.140101174657939	41	0.283620363316366	0.575540653652859	0.547262590983876
aligned_OG0003565_pruned_2	0.230500710559336	30	0.134774786253122	0.403986876534683	0.870391348270712
aligned_OG0003565_pruned_3	-0.0798996178239206	43	0.530701512055799	0.768045658771272	-0.275149674992521
aligned_OG0003566_pruned	0.218665774628931	120	0.00362166469102888	0.0539250319332951	2.44109176097306
aligned_OG0003567_pruned	0.0432891649105582	95	0.609108727919787	0.823261808059596	0.215305177447774
aligned_OG0003568_pruned	0.213637879628492	91	0.0135597078175343	0.119236995917231	1.86774966847778
aligned_OG0003569_pruned_1	0.394868345041104	55	0.000428398375795404	0.0144405952507701	3.36815218439581
aligned_OG0003569_pruned_2	0.257947111150226	19	0.191418425237607	0.474861176884163	0.718016260948477
aligned_OG0003570_pruned_1	0.168686942449158	41	0.196705602458947	0.480125206672341	0.70618327057199
aligned_OG0003570_pruned_2	0.15062893357603	21	0.420208290973085	0.696837780477233	0.376535382943065
aligned_OG0003570_pruned_3	0.233441633423914	47	0.0550088336292658	0.254630516904783	1.25956756344405
aligned_OG0003571_pruned	-0.00378016791453544	55	0.973103317521338	0.990932203478723	-0.0118410468361616
aligned_OG0003572_pruned	0.0188024218119029	114	0.807442910569252	0.926117175780517	0.0928881742615435
aligned_OG0003573_pruned	0.12166277389834	83	0.179839359692466	0.460573470953515	0.745115252388412
aligned_OG0003574_pruned	-0.122577163601638	95	0.14763873255696	0.420891782203299	-0.830799691774139
aligned_OG0003575_pruned	0.0116104871427207	115	0.879840843398924	0.957137484056113	0.055595881355455
aligned_OG0003576_pruned	0.156220022563333	105	0.0521417089397337	0.246521936876754	1.28281473897257
aligned_OG0003577_pruned	0.226028424868784	114	0.00339081278294548	0.0524172141669342	2.46969618827507
aligned_OG0003578_pruned_1	0.138430023457671	54	0.221326574616685	0.508192617402739	0.654966437331294
aligned_OG0003578_pruned_2	-0.0419960525565808	28	0.792848982628205	0.920104150863239	-0.100809526751843
aligned_OG0003579_pruned	-0.125320102956901	40	0.34376459713413	0.631101873861221	-0.463738851502895
aligned_OG0003580_pruned_1	0.356981151142673	44	0.0045833026247347	0.0624925588215231	2.3388214663613
aligned_OG0003580_pruned_2	-0.0224833273430832	64	0.828305642579684	0.936124430207473	-0.0818093801322325
aligned_OG0003581_pruned	0.0418735437377632	65	0.683893963311951	0.861996020091865	0.165011229739524
aligned_OG0003587_pruned	0.353553390593274	16	0.103741678236542	0.352305578003852	0.984046730672741
aligned_OG0003589_pruned_2	0.0547448901451359	14	0.815334594355228	0.929749597729117	0.0886641303254954
aligned_OG0003590_pruned	0.0834376957202932	19	0.672603817441517	0.855409779073874	0.172240672125337
aligned_OG0003591_pruned	0.133319660223178	53	0.243414724109917	0.532266816990232	0.613653154921567
aligned_OG0003592_pruned	0.206377000909767	24	0.234951942242765	0.524106952043374	0.629020960507686
aligned_OG0003593_pruned	-0.228031093059062	104	0.00478962651694576	0.0643418278042105	-2.3196983504588
aligned_OG0003594_pruned_1	0.213980246255456	28	0.180871231455624	0.462565309528768	0.742630504525718
aligned_OG0003594_pruned_2	0.127738077005317	22	0.483197184466217	0.738333410303992	0.315875604962976
aligned_OG0003595_pruned	-0.180178789491256	102	0.0273179216932958	0.173848085535251	-1.56355234420963
aligned_OG0003596_pruned_1	0.545705156331749	17	0.00937476845943489	0.0975109845044934	2.02803944979027
aligned_OG0003596_pruned_2	-0.440385506050544	12	0.0856734395523169	0.321706195657772	-1.06715379702345
aligned_OG0003597_pruned	0.291825111870594	48	0.0153017821557917	0.127455031477481	1.81525798517241
aligned_OG0003599_pruned_1	-0.0124341182825498	22	0.945584744246869	0.979997079841189	-0.0242995431705701
aligned_OG0003599_pruned_2	0.238165255811233	17	0.256839257957857	0.546318035989236	0.59033859348718
aligned_OG0003600_pruned	0.163750250263025	27	0.31528564826829	0.604136093054523	0.501295797789187
aligned_OG0003601_pruned_2	0.208832545917459	92	0.0152366481441756	0.127222517359797	1.8171105613818
aligned_OG0003602_pruned	0.153677052267701	118	0.0426331324955153	0.220933692313058	1.37025275612752
aligned_OG0003603_pruned	0.0627488099324558	112	0.420192167909	0.696837780477233	0.376552046802991
aligned_OG0003604_pruned	-0.0454029804402663	36	0.745559691028975	0.894303177221441	-0.127517580317316
aligned_OG0003605_pruned	0.226412268356896	91	0.00888788834661857	0.0946092325317688	2.05120140982237
aligned_OG0003606_pruned	0.105034152646322	117	0.167706019073329	0.444356854762998	0.775451350015128
aligned_OG0003608_pruned	-0.0610806665335735	113	0.430570416204354	0.703068670191501	-0.365955813157627
aligned_OG0003609_pruned	0.145851138514199	105	0.0698214969621408	0.289504737688694	1.15601084421522
aligned_OG0003610_pruned	0.319263428303737	127	1.23131711723641e-05	0.00137926460470743	4.90963008311283
aligned_OG0003611_pruned	0.261041130808709	30	0.0903246300359385	0.331311653043661	1.04419380859946
aligned_OG0003612_pruned_1	-0.0942249898086259	70	0.341186839114802	0.628275653419846	-0.467007729585567
aligned_OG0003614_pruned	-0.162650012158089	15	0.47048642205879	0.729629742068168	-0.327452905520533
aligned_OG0003615_pruned	0.134897565294645	127	0.0647070870907023	0.276397268243526	1.18904815030773
aligned_OG0003616_pruned	0.0666131058039567	119	0.377490597385198	0.662875214190477	0.423093861397918
aligned_OG0003618_pruned	0.112940756466047	113	0.144993625085291	0.417431702908924	0.838651091910839
aligned_OG0003620_pruned	-0.0550682021850601	97	0.510899158217977	0.75299049157469	-0.291664812881621
aligned_OG0003621_pruned	0.296562444830161	98	0.000372094162437712	0.0132804784152401	3.42934714331084
aligned_OG0003622_pruned	0.117198674209323	108	0.13942197789311	0.409217202734571	0.85566876048941
aligned_OG0003623_pruned_1	0.237234985429401	56	0.0326950320770843	0.191206850243575	1.48551823221485
aligned_OG0003623_pruned_2	0.0511253342838611	50	0.664295687022986	0.852153456401065	0.177638567230584
aligned_OG0003624_pruned	0.287724682512119	82	0.00161967213446249	0.0333484147962415	2.79057288953428
aligned_OG0003625_pruned	0.123007386230366	89	0.159910103702207	0.436423159830753	0.796124095081233
aligned_OG0003627_pruned	-0.221804563092763	129	0.00220179107615454	0.04017854843479	-2.657223892802
aligned_OG0003628_pruned	-0.213096142223271	94	0.0122937188849193	0.112875872889152	-1.91031672192316
aligned_OG0003629_pruned_1	0.362210832762633	46	0.00323960953342507	0.0508353383898015	2.48950733167547
aligned_OG0003629_pruned_2	0.172516389835589	16	0.427262856745706	0.699933693398698	0.369304860076607
aligned_OG0003630_pruned	-0.157377895072927	19	0.425420020469349	0.699206132965536	-0.371182075846619
aligned_OG0003631_pruned	0.0771962154651644	117	0.310599902754382	0.602257760840122	0.50779868458055
aligned_OG0003633_pruned	0.0258864234707485	112	0.739478611441767	0.889941118992976	0.131074382947888
aligned_OG0003634_pruned	-0.0465331152921891	101	0.57063851443964	0.79529872897176	-0.243638919597752
aligned_OG0003635_pruned_1	0.084258348925316	54	0.456628631042814	0.721352367676878	0.340436861321307
aligned_OG0003635_pruned_2	0.237074222768307	43	0.0628555027686447	0.272573505454736	1.20165669542521
aligned_OG0003636_pruned	-0.122164334040706	89	0.162792202943643	0.438996307271357	-0.788366399813172
aligned_OG0003637_pruned	0.0636488981287219	111	0.415686896046956	0.693508545004899	0.381233665809391
aligned_OG0003638_pruned	0.0517580024197615	111	0.508055262406889	0.751971303674708	0.294089045879381
aligned_OG0003639_pruned	0.148285711562504	102	0.0693246778240569	0.287936668132891	1.15911214006325
aligned_OG0003642_pruned_1	-0.117793061147572	29	0.452920301103724	0.718166917979166	-0.343978212636257
aligned_OG0003642_pruned_2	0.304290309725092	10	0.286422022777859	0.577461958046649	0.542993592498288
aligned_OG0003643_pruned	-0.0483104150245664	114	0.531168578489725	0.768263492249441	-0.274767623760786
aligned_OG0003644_pruned_1	0.142251701400497	38	0.295525702958737	0.587286051833441	0.529404740949543
aligned_OG0003644_pruned_2	0.198908532410806	62	0.0590916055384627	0.264766756877259	1.22847420993534
aligned_OG0003645_pruned	-0.0813898786519732	105	0.311656260714282	0.603021321886976	-0.506324144349216
aligned_OG0003646_pruned	0.0524734269057998	100	0.52459995765554	0.762397663011973	0.280171748800881
aligned_OG0003647_pruned	-0.0114395493249527	45	0.926761902316441	0.972999770838645	-0.0330318276591662
aligned_OG0003649_pruned_1	0.147285850281423	42	0.253647607239957	0.543498595736942	0.595769230202025
aligned_OG0003649_pruned_2	0.294602283894668	20	0.124822456610313	0.390224262163887	0.903707274392497
aligned_OG0003650_pruned_1	-0.0344850367403777	44	0.784191229401619	0.91545556217303	-0.105578019270931
aligned_OG0003650_pruned_2	0.292596012940876	22	0.108253141387791	0.360698128362619	0.965559492040762
aligned_OG0003651_pruned	-0.113942656721111	105	0.156654187282719	0.43467954939233	-0.805057992167691
aligned_OG0003652_pruned	-0.0170218230833834	95	0.840645817157227	0.939264159305194	-0.0753869436235835
aligned_OG0003653_pruned	-0.0396642341301025	114	0.607149117085437	0.821988233822809	-0.216704632196527
aligned_OG0003654_pruned	0.0404736141128473	92	0.638128495720421	0.836703327451898	0.195091861461581
aligned_OG0003655_pruned_1	0.0712696645099798	36	0.610491756745271	0.823261808059596	0.214320195804621
aligned_OG0003655_pruned_2	0.14953447612722	22	0.411753000680177	0.690820240820673	0.385363227193802
aligned_OG0003656_pruned	-0.00775309379431226	118	0.918536223859757	0.969536423009987	-0.0369037119632928
aligned_OG0003657_pruned	0.263903897306743	105	0.00103596136464706	0.0245694941237631	2.98465644095513
aligned_OG0003658_pruned_1	-0.0763699762464897	32	0.608075423479944	0.822477644131055	-0.21604254906675
aligned_OG0003658_pruned_2	0.655744467690826	18	0.00126842828287172	0.028681448222326	2.89673408282425
aligned_OG0003659_pruned	-0.210039836832144	115	0.00624252549796353	0.0757530469177874	-2.20463967507157
aligned_OG0003664_pruned	0.376256066331136	25	0.0268496592922457	0.173346129884309	1.57106122089316
aligned_OG0003666_pruned	-0.433065569568613	21	0.0204785871628763	0.150915580094031	-1.68870000905032
aligned_OG0003668_pruned	-0.340746904535549	78	0.000273924949869306	0.0108986205464394	-3.56236840915867
aligned_OG0003670_pruned	0.213373886046829	72	0.0287527796234673	0.178487461993304	1.54132016430371
aligned_OG0003671_pruned	-0.138802442232915	81	0.13073628912706	0.39838897582235	-0.883603846389474
aligned_OG0003673_pruned	-0.411103208395673	20	0.0322096856737104	0.18958667856935	-1.49201351333117
aligned_OG0003674_pruned_1	-0.118912873538624	17	0.571299621499449	0.79529872897176	-0.243136063670512
aligned_OG0003674_pruned_2	0.130120009726471	15	0.563702861650773	0.791118067787062	0.248949760468112
aligned_OG0003675_pruned	0.287677980891231	29	0.0667980684751382	0.281945934242018	1.17523609534956
aligned_OG0003677_pruned	-0.0963267492610002	90	0.268359528829253	0.559156899512649	-0.571282979305615
aligned_OG0003678_pruned	-0.0770265126137955	90	0.376114694688878	0.662110999040068	-0.424679698490328
aligned_OG0003679_pruned	-0.0688137641293765	85	0.44252962392756	0.712645355934552	-0.354057651344373
aligned_OG0003680_pruned	-0.0935446828050048	34	0.516548484146503	0.755977791571997	-0.28688890858955
aligned_OG0003682_pruned	-0.318506376659287	39	0.0175764598663796	0.138709669509929	-1.75506859315978
aligned_OG0003684_pruned	0.39167472590032	12	0.126370086585736	0.39284037678594	0.898355716941477
aligned_OG0003685_pruned_1	0.213669735444974	77	0.0234087324436079	0.162014240420065	1.63062210222181
aligned_OG0003685_pruned_2	0.29109086821373	17	0.165786683981058	0.441754052844285	0.780450355002813
aligned_OG0003686_pruned	0.39890950966315	39	0.00294121179041855	0.0478012567991908	2.53147370174305
aligned_OG0003687_pruned_1	0.266315833673706	58	0.0146238134365625	0.124219613635429	1.83493936209084
aligned_OG0003687_pruned_2	-0.0990866420971208	43	0.436871354367948	0.708116725546089	-0.359646431023523
aligned_OG0003688_pruned	0.418073217014932	105	2.02482858908512e-07	0.00010698866067154	6.69361173588899
aligned_OG0003689_pruned	0.258361586393925	116	0.000728110468976499	0.019855327058494	3.13780272449567
aligned_OG0003690_pruned_1	-0.0454369467397652	31	0.764177155622095	0.904711198387719	-0.116805949290318
aligned_OG0003690_pruned_2	-0.202072594216369	25	0.234482607093185	0.523843696956478	-0.629889365842695
aligned_OG0003691_pruned	0.0525285049020701	90	0.546121627880031	0.779057909991087	0.262710623898518
aligned_OG0003692_pruned	-0.0296144457036259	105	0.712772248916438	0.877527011220931	-0.14704921746876
aligned_OG0003693_pruned	0.218826667521677	121	0.00345774821877623	0.0529893761836909	2.46120663372756
aligned_OG0003694_pruned	-0.0120114652996181	80	0.89661039652741	0.963717197684687	-0.0473962296367364
aligned_OG0003695_pruned	0.0282305232409087	117	0.710782842216592	0.876552630466464	0.148263064294694
aligned_OG0003696_pruned	-0.0129395006049404	111	0.868576250315886	0.951031924139442	-0.0611920498273131
aligned_OG0003697_pruned_1	0.17262225092152	39	0.198137708395878	0.481110594855921	0.70303286424031
aligned_OG0003697_pruned_2	-0.0920963348718571	54	0.415841386735485	0.693508545004899	-0.38107228956833
aligned_OG0003698_pruned	0.0425793590017724	22	0.815199877744741	0.929749597729117	0.0887358941326268
aligned_OG0003699_pruned	-0.0929583338108669	87	0.293815735807982	0.586262639741825	-0.531924948533614
aligned_OG0003701_pruned	0.0370539837489909	96	0.659908186497742	0.849803945152115	0.180516483959832
aligned_OG0003702_pruned	0.348141245882587	105	1.50658506817908e-05	0.00158366814078436	4.82200634119094
aligned_OG0003703_pruned	-0.00877437615957266	105	0.913143991079063	0.968195922389203	-0.0394607344039539
aligned_OG0003704_pruned	-0.0591381904910915	107	0.45793960795463	0.722215841893414	-0.33919179199923
aligned_OG0003705_pruned	0.0187758419005184	103	0.817217630155765	0.930453736924284	0.0876622727337002
aligned_OG0003706_pruned	-0.00463877486470181	90	0.95749119069929	0.984262022751107	-0.0188652130233474
aligned_OG0003707_pruned	0.31185602912182	116	4.53559665147363e-05	0.00323761560974309	4.34336557400669
aligned_OG0003709_pruned	0.00992924874811404	102	0.903200154861899	0.966281167474752	0.0442159966193349
aligned_OG0003710_pruned	0.085883841237577	107	0.281065578033276	0.572750762289472	0.551192338973072
aligned_OG0003711_pruned_1	0.481322498810494	60	7.09741011109324e-06	0.00092279005390839	5.1489000991196
aligned_OG0003711_pruned_2	0.0304760983339312	20	0.873844698517373	0.95374780109768	0.0585657442190907
aligned_OG0003712_pruned	0.127223490001988	117	0.0947084496431593	0.340361248300043	1.02361127263669
aligned_OG0003713_pruned	0.0613870362864011	74	0.523427513312474	0.761605860197467	0.281143452949974
aligned_OG0003715_pruned	-0.151326504360629	88	0.0856210662387473	0.321675429971269	-1.06741936820083
aligned_OG0003716_pruned	0.0392375399476374	109	0.619092365797695	0.826849466005669	0.208244551361634
aligned_OG0003717_pruned	0.0417489737823163	90	0.631427155761524	0.831811311941316	0.199676744357367
aligned_OG0003718_pruned_1	-0.176929223565496	35	0.212817704927282	0.499097860164941	-0.671992244645924
aligned_OG0003718_pruned_2	-0.256639617849817	29	0.101994631474793	0.349634139250456	-0.99142268688742
aligned_OG0003718_pruned_3	-0.0695608343640252	32	0.640428787412791	0.837907522577795	-0.19352915468289
aligned_OG0003719_pruned	-0.0696665380159119	101	0.395856523546253	0.678014913846543	-0.402462193677924
aligned_OG0003722_pruned_1	0.176166065854411	36	0.208002515578622	0.492795051867775	0.68193141265595
aligned_OG0003722_pruned_2	0.194450250398053	66	0.056694353323541	0.259454171306538	1.24646019406207
aligned_OG0003723_pruned	0.370534790568038	117	1.13342307419573e-06	0.000284567358731694	5.94560795024942
aligned_OG0003725_pruned_1	0.637430034036958	27	9.26719832422606e-05	0.00527144304677265	4.03305154268781
aligned_OG0003726_pruned_1	0.0372915901155299	30	0.808814725692476	0.926872919420905	0.0921509503587392
aligned_OG0003726_pruned_2	-0.0907841299003204	14	0.698535358303339	0.869853932581941	-0.15581160597445
aligned_OG0003728_pruned	0.222498004812231	110	0.00462327571864381	0.0626854199393772	2.33505020573671
aligned_OG0003729_pruned	0.196689652349675	90	0.0238166439811281	0.163593381911881	1.62311943526135
aligned_OG0003730_pruned	0.21441904117055	103	0.00830442923796176	0.0909053741875211	2.08069021117428
aligned_OG0003731_pruned	0.309869277774151	107	0.000100587025546263	0.00550657242858903	3.99745803416133
aligned_OG0003732_pruned	-0.030145914837819	109	0.702500821949522	0.871971835937312	-0.153353163283476
aligned_OG0003733_pruned_1	-0.125054100846506	33	0.393346636348547	0.676008501397037	-0.405224559290481
aligned_OG0003733_pruned_2	0.153377389222217	27	0.346919279037574	0.634334322117674	0.459771564825037
aligned_OG0003734_pruned	0.0277920381502854	108	0.725982551737459	0.883983014053906	0.139073817006794
aligned_OG0003735_pruned	0.0616959792201819	117	0.417727492487474	0.695194028068869	0.379106940960187
aligned_OG0003736_pruned	0.343839359849143	110	1.20475476222463e-05	0.00137926460470743	4.9191013483189
aligned_OG0003737_pruned	-0.294197030068403	114	0.000136998449971291	0.00691611950124699	-3.86328434651311
aligned_OG0003738_pruned	-0.248532329372446	107	0.00181262199943433	0.0353585358980983	-2.74169275336495
aligned_OG0003739_pruned_1	0.135752090935411	35	0.339120617270988	0.627269197842371	0.469645805931638
aligned_OG0003739_pruned_2	-0.0241825416703337	20	0.899741298687171	0.964945705662291	-0.0458823446755175
aligned_OG0003741_pruned	-0.171687126760457	90	0.0485204941898834	0.237577483656046	-1.31407478441622
aligned_OG0003742_pruned_1	-0.201166040026945	34	0.163026983668401	0.439238661209607	-0.787740506710141
aligned_OG0003742_pruned_2	-0.0920824366849717	28	0.564739017068058	0.791809124450709	-0.24815220639807
aligned_OG0003742_pruned_3	-0.0221338631358221	36	0.874304720051196	0.95374780109768	-0.0583371770083187
aligned_OG0003743_pruned	0.144635173961873	102	0.0764636627160359	0.305361601265796	1.11654490250762
aligned_OG0003744_pruned_1	0.0761904761904762	49	0.522172599385723	0.760634044876402	0.28218592119135
aligned_OG0003744_pruned_2	0.174958607718865	61	0.099689011482265	0.346792017487994	1.00135271045088
aligned_OG0003745_pruned	0.0988946554400184	99	0.232860075083957	0.521678217441935	0.632904966841373
aligned_OG0003746_pruned	0.297872573721446	96	0.000404043205563178	0.0138713692674306	3.39357219198247
aligned_OG0003747_pruned	0.122975348921038	102	0.131995182181332	0.399940458369655	0.879441920235416
aligned_OG0003748_pruned	-0.176604314275339	19	0.371093369522697	0.658364414687946	-0.430516805299371
aligned_OG0003749_pruned	0.136741133395314	34	0.343019579165807	0.630386078673015	0.464681090216729
aligned_OG0003760_pruned_1	-0.378095325708169	71	0.000119414475448346	0.00621040568385288	-3.92294302474524
aligned_OG0003760_pruned_2	-0.145531755777651	28	0.362796093751042	0.651583216231213	-0.440337397663487
aligned_OG0003761_pruned_1	-0.176084604134773	72	0.0711242494670258	0.293236500775433	-1.1479823034306
aligned_OG0003761_pruned_2	-0.463586324972765	19	0.0188810401560988	0.144148461511747	-1.72397408410518
aligned_OG0003762_pruned	0.0441822330442408	85	0.621975486930647	0.827775885848558	0.206226731226444
aligned_OG0003763_pruned	-0.175399819565323	59	0.104732748442588	0.35418445954969	-0.979917499370888
aligned_OG0003764_pruned	-0.0649065505971569	41	0.619370551791639	0.826849466005669	-0.208049447184628
aligned_OG0003765_pruned	-0.20108311560593	19	0.308486899993609	0.599918033881802	-0.510763273709459
aligned_OG0003767_pruned	-0.0973092964368359	73	0.315180193373985	0.604136093054523	-0.501441082358432
aligned_OG0003768_pruned	0.207117049928673	38	0.127739461577168	0.39411641558457	0.893674918728822
aligned_OG0003769_pruned_1	-0.0304438997889219	55	0.785977513200359	0.915925459925066	-0.104589878938581
aligned_OG0003769_pruned_2	0.015604289297357	32	0.916548447695895	0.968270540229821	0.0378445737886295
aligned_OG0003770_pruned	0.106058512226352	100	0.198435722375422	0.481282643109743	0.702380143502276
aligned_OG0003771_pruned	0.0132864704497554	84	0.882835859380708	0.958676792267104	0.0541200348048145
aligned_OG0003772_pruned	0.179168754886639	85	0.0455610616731484	0.229570996568992	1.34140616445646
aligned_OG0003778_pruned_1	-0.111777047426074	60	0.297003164107786	0.588590102849425	-0.527238923924432
aligned_OG0003778_pruned_2	0.121320298048656	22	0.505448407031975	0.751055071755063	0.29632316783725
aligned_OG0003780_pruned	-0.0273536646620739	33	0.851892710919494	0.943079037282171	-0.0696150977094106
aligned_OG0003781_pruned	-0.17234928899171	39	0.198848011964938	0.4816408433522	-0.701478746629086
aligned_OG0003782_pruned	-0.175918641482512	20	0.359396770820519	0.64723420438887	-0.444425829344824
aligned_OG0003786_pruned	0.388058588221066	107	1.1130151215074e-06	0.000284567358731694	5.95349893526762
aligned_OG0003787_pruned	-0.15060569137882	103	0.0637517956072349	0.274174142833005	-1.19550757855939
aligned_OG0003788_pruned	0.120736760697879	112	0.120897720984467	0.383721144938058	0.917581885848897
aligned_OG0003789_pruned	0.108979436917179	86	0.221156560219005	0.508160973211027	0.655300173524053
aligned_OG0003790_pruned	-0.0789120157333864	105	0.326617085097861	0.615290814126139	-0.485961101382406
aligned_OG0003791_pruned_1	0.240117293629162	46	0.0509779696264148	0.243231059534683	1.29261746579896
aligned_OG0003791_pruned_2	0.234037479627337	55	0.0368478359474983	0.204022124360255	1.43358801292454
aligned_OG0003792_pruned	0.287784057436374	106	0.000324709808632348	0.0121621641821915	3.48850459227771
aligned_OG0003793_pruned	-0.088358598596192	94	0.299224774319127	0.590901974997982	-0.524002451901603
aligned_OG0003794_pruned	0.204747348591006	107	0.0101761527266611	0.101382954573712	1.9924163836288
aligned_OG0003796_pruned	-0.0769767724879413	90	0.376423008460621	0.662346174380729	-0.424323838639866
aligned_OG0003798_pruned	0.0837395485558967	95	0.322585075195827	0.611863474797842	0.491355729662608
aligned_OG0003799_pruned	0.0669898587246198	99	0.419011360596657	0.696693700960096	0.377774201908279
aligned_OG0003800_pruned	0.0224976744487826	100	0.785008986684571	0.915567770482606	0.105125371477448
aligned_OG0003801_pruned	-0.094677190890321	101	0.248559230869276	0.537180100908044	-0.604570103612698
aligned_OG0003802_pruned_1	0.025628391481283	30	0.86793487444457	0.951031924139442	0.0615128609185093
aligned_OG0003802_pruned_2	-0.166095384492948	69	0.0958218057280575	0.341497096185015	-1.01853564927476
aligned_OG0003804_pruned	-0.113708362899659	103	0.161598247342907	0.436423159830753	-0.791563353793064
aligned_OG0003805_pruned	0.168446124478937	103	0.0381237107841834	0.208076855260401	1.41880483377714
aligned_OG0003806_pruned	0.197619047619048	49	0.0969144525334457	0.343374271968865	1.01361145321246
aligned_OG0003807_pruned	-0.0633259485770426	48	0.598708850792267	0.816536137178228	-0.222784321573991
aligned_OG0003808_pruned	-0.0377516300281958	108	0.6340236963732	0.8329712257837	-0.197894510238449
aligned_OG0003809_pruned	0.188312787802479	27	0.248163398072493	0.536910109365904	0.605262272746021
aligned_OG0003810_pruned_1	0.213421306912657	23	0.230062298026397	0.520359858937772	0.638154546479826
aligned_OG0003810_pruned_2	-0.197385508487931	21	0.290845706743544	0.582091146454025	-0.536337342563051
aligned_OG0003811_pruned_1	-0.0923159544930798	44	0.463483559028984	0.725413541119955	-0.333965666804552
aligned_OG0003811_pruned_2	0.050395263067897	25	0.766848475677745	0.905990189639352	0.11529044136789
aligned_OG0003812_pruned	0.00305473398033744	110	0.968983144815424	0.98894957631078	0.0136837773117921
aligned_OG0003813_pruned	0.0830587236908154	88	0.345430838311488	0.63288423093758	0.461638893431365
aligned_OG0003815_pruned	-0.101068072662627	88	0.250942718754416	0.540566253032812	-0.600425401100293
aligned_OG0003817_pruned	-0.0557332304127295	101	0.496988587061505	0.745092163474556	-0.303653584371542
aligned_OG0003818_pruned	0.193592162697141	106	0.0155982465204146	0.128473792890428	1.80692422019105
aligned_OG0003819_pruned	-0.0836827408755723	21	0.654289549498979	0.845366639450481	-0.184230016322717
aligned_OG0003820_pruned	-0.404331105400002	30	0.0087061554524342	0.0932815268810086	-2.06017358258045
aligned_OG0003821_pruned	0.256262691503671	101	0.00178931908672498	0.0353311227593447	2.74731220540971
aligned_OG0003822_pruned	-0.0719632326122901	103	0.375700415471471	0.661701675144601	-0.425158324668137
aligned_OG0003823_pruned	0.0962474090628335	108	0.224847526685133	0.513881194614965	0.648111885293755
aligned_OG0003824_pruned	0.263117405792109	40	0.0468374130836386	0.232939347446702	1.32940709981928
aligned_OG0003826_pruned	0.0911294566525844	28	0.568774316215148	0.795221929034084	0.245060022998888
aligned_OG0003827_pruned_1	-0.464095480892257	14	0.0477148802373512	0.235499477935992	-1.32134616189926
aligned_OG0003827_pruned_2	0.0863667034175061	33	0.555525307944701	0.784936884755554	0.255296151213899
aligned_OG0003827_pruned_3	0.153377389222217	27	0.346919279037574	0.634334322117674	0.459771564825037
aligned_OG0003828_pruned	0.0249547511666707	111	0.749639044740921	0.896854680264924	0.125147801424009
aligned_OG0003829_pruned	0.0118238312458966	82	0.896927933748394	0.963773950062287	0.0472424501919537
aligned_OG0003830_pruned	-0.176998081351197	28	0.268372763571023	0.559156899512649	-0.57126156164395
aligned_OG0003831_pruned_1	0.204697076158526	55	0.0678878197584782	0.284015151808363	1.16820813862369
aligned_OG0003831_pruned_2	0.0672001599476785	53	0.556549253113142	0.786078586210822	0.254496395734067
aligned_OG0003832_pruned	-0.195006916560908	101	0.017472984818493	0.138375993894572	-1.75763290042775
aligned_OG0003833_pruned	-0.15720233802244	97	0.0605484248355964	0.267878284804183	-1.21789715052434
aligned_OG0003834_pruned	-0.123147849942242	93	0.150166359817873	0.42460949800563	-0.823427346837705
aligned_OG0003835_pruned_1	-0.265103790174124	48	0.0275881074459872	0.174668704621072	-1.55927809125536
aligned_OG0003835_pruned_2	-0.0197449625919697	19	0.920344325445942	0.970401183316091	-0.0360496610626423
aligned_OG0003836_pruned	-0.196065795425127	94	0.0212498785334145	0.153389486242635	-1.67264354808043
aligned_OG0003838_pruned	0.267091654904118	106	0.000849095955734432	0.0218488098911672	3.07104322766987
aligned_OG0003839_pruned_1	-0.0565154429236554	45	0.64974560827142	0.843129170170061	-0.187256647278945
aligned_OG0003839_pruned_2	-0.0189956909363405	39	0.887387833858371	0.960040240464012	-0.0518865297826316
aligned_OG0003839_pruned_3	0.0134303827337563	22	0.94123240611575	0.978038126006675	0.0263031287176794
aligned_OG0003840_pruned	0.101530935658612	99	0.220640514106429	0.507648715999496	0.656314739233286
aligned_OG0003842_pruned	-0.0629365323187462	100	0.445378720131176	0.714588466565688	-0.351270537078325
aligned_OG0003843_pruned_1	-0.00322622612330552	61	0.975780872998229	0.991993931346007	-0.010647699067304
aligned_OG0003843_pruned_2	0.416755038706782	44	0.000934159308781203	0.0232300860422041	3.02957905415021
aligned_OG0003844_pruned	0.174542440790753	107	0.0284747109155274	0.178266870314665	1.54554067632449
aligned_OG0003846_pruned	0.0814282319490432	112	0.295538537826909	0.587286051833441	0.529385879675118
aligned_OG0003847_pruned	0.154705883232814	41	0.236415182839691	0.525599678246043	0.626324636032061
aligned_OG0003848_pruned	-0.115385948902271	23	0.516412268396038	0.755977791571997	-0.287003448757649
aligned_OG0003856_pruned	0.109895180317983	76	0.246855569392714	0.536684204463526	0.607557070067955
aligned_OG0003861_pruned	0	15	1	1	0
aligned_OG0003862_pruned	0.215862380436421	104	0.00757791067093178	0.0856751049612645	2.12045051853187
aligned_OG0003863_pruned	0.0142653497503638	28	0.928918868601934	0.974140613897548	0.032022215454309
aligned_OG0003864_pruned	-0.207261513291484	59	0.0552342537180638	0.254909494280234	-1.25779150946244
aligned_OG0003865_pruned	-0.115489144530597	28	0.470180510239197	0.729629742068168	-0.327735377063478
aligned_OG0003866_pruned_1	0.0264350528572715	53	0.817084681401242	0.930453736924284	0.0877329315220829
aligned_OG0003866_pruned_2	0.164121987972444	33	0.262618290442521	0.552158178663584	0.580675030106267
aligned_OG0003868_pruned	0.0650536945864845	111	0.405470482317669	0.685589184299417	0.392040756331147
aligned_OG0003871_pruned	0.29530424764979	61	0.0054557171430543	0.0692863862006814	2.26314815418646
aligned_OG0003872_pruned_1	0.0496291666985465	29	0.751829634045849	0.897529940106897	0.123880560174553
aligned_OG0003872_pruned_2	-0.111269728052837	26	0.503720141436729	0.75030126576497	-0.297810683369122
aligned_OG0003873_pruned	0.304037332919783	122	4.5158843421036e-05	0.00323761560974309	4.3452571894728
aligned_OG0003874_pruned	0.31983292014631	107	5.96413747432404e-05	0.00380636014165657	4.2244523545463
aligned_OG0003876_pruned	-0.124199964321792	115	0.105854627794739	0.356622887986579	-0.975290150570552
aligned_OG0003877_pruned_1	0.123779158290733	34	0.390708884042837	0.674396960157009	0.408146713559154
aligned_OG0003877_pruned_2	-0.408424983088653	22	0.0249682491630941	0.167243626638903	-1.60261191041061
aligned_OG0003878_pruned	-0.30288811586846	23	0.0885072791981875	0.327616420865279	-1.05302100969085
aligned_OG0003879_pruned	-0.0926349593724772	24	0.593954675326914	0.813044555565946	-0.226246694760302
aligned_OG0003880_pruned_1	-0.205120920616577	40	0.121232111772355	0.383837931391712	-0.916382329688033
aligned_OG0003880_pruned_2	-0.0950765377083057	59	0.379187830262806	0.663263428236256	-0.421145609452436
aligned_OG0003881_pruned	-0.0645527355405793	96	0.443316207495419	0.713007578258039	-0.353286390746333
aligned_OG0003882_pruned	0.0487748937239041	78	0.602464241068729	0.819148858864877	0.220068725296505
aligned_OG0003883_pruned	0.386260439872678	18	0.0576307243947685	0.261303079794289	1.23934592147932
aligned_OG0003884_pruned	-0.0109105852592306	105	0.892114701116382	0.962009351129795	-0.0495793038532214
aligned_OG0003885_pruned	-0.213327583796981	33	0.145370590996211	0.418026569132468	-0.837523443957759
aligned_OG0003886_pruned	0.0808530178084012	100	0.326893753682871	0.615324119369453	0.48559337788087
aligned_OG0003887_pruned	-0.177499564839324	103	0.0288912409509113	0.178487461993304	-1.53923380372318
aligned_OG0003888_pruned	0.0909185437522558	104	0.260713944630661	0.549900993874811	0.58383573939482
aligned_OG0003890_pruned	0.213075781140803	83	0.0188230779281629	0.144112334800162	1.72530935976525
aligned_OG0003891_pruned	0.178242669450421	82	0.0508380057310777	0.243231059534683	1.29381149425052
aligned_OG0003892_pruned	-0.295361230090023	86	0.000913566082007362	0.0231765667006816	-3.03926003286189
aligned_OG0003893_pruned	0.323766543761229	94	0.000142475481790639	0.0070559835914074	3.846259865755
aligned_OG0003894_pruned	0.0404104514364238	73	0.676597565815461	0.85679847381099	0.16966956899973
aligned_OG0003895_pruned	0.00720014746053	69	0.942445416967144	0.978739848942772	0.0257437931608104
aligned_OG0003896_pruned_1	-0.105057579873226	33	0.473326862331432	0.731852385779391	-0.32483884767385
aligned_OG0003896_pruned_2	0.313526358136195	20	0.102377555810651	0.350275697752975	0.989795243125471
aligned_OG0003897_pruned	0.0313112145542575	17	0.881497452191014	0.957794799194564	0.0547789386125126
aligned_OG0003898_pruned	-0.207410973849493	102	0.011069349865802	0.106071332977646	-1.95587788571442
aligned_OG0003899_pruned	-0.0819920061690788	17	0.696270340114023	0.869245420868885	-0.157222104607798
aligned_OG0003900_pruned	0.100235808053728	103	0.217250133537661	0.504078464718837	0.663039947930382
aligned_OG0003901_pruned	0.0940473818385221	121	0.208899901773241	0.494312702246009	0.680061764229119
aligned_OG0003902_pruned	0.0447819814043475	116	0.558114573768023	0.787220498179965	0.253276636819668
aligned_OG0003903_pruned_1	-0.153589529557661	26	0.356028985238161	0.643556862343359	-0.448514643553642
aligned_OG0003903_pruned_2	-0.0416125189288239	22	0.819322777151339	0.931525474771846	-0.0865449715977749
aligned_OG0003904_pruned_1	-0.349784288956296	31	0.0209174885682751	0.152314324746198	-1.67949045969071
aligned_OG0003904_pruned_2	0.0440145768738349	47	0.71751343043873	0.879761917886731	0.144169965380255
aligned_OG0003905_pruned	0.225140435036036	100	0.00633423038914879	0.0763773836740186	2.19830614448221
aligned_OG0003906_pruned	-0.0848555291627663	32	0.568811400413337	0.795221929034084	-0.245031707835627
aligned_OG0003907_pruned	0.0369845956621548	44	0.768978437040291	0.907297358627509	0.114085838099364
aligned_OG0003908_pruned	0.0687075182488665	91	0.427219457239201	0.699933693398698	0.36934897606567
aligned_OG0003909_pruned	0.0974231010545249	57	0.376066777805898	0.662110999040068	0.42473503098297
aligned_OG0003911_pruned	0.0117476907242518	102	0.885584799235694	0.959087152050437	0.0527698465836197
aligned_OG0003912_pruned	0.108393737761489	90	0.212946275155601	0.499112032948579	0.671729952178711
aligned_OG0003913_pruned	0.0117852347686977	73	0.903179857459862	0.966281167474752	0.0442257565254915
aligned_OG0003914_pruned_1	0.234285714285714	50	0.0467241523341936	0.232534896203188	1.33045856881316
aligned_OG0003914_pruned_2	0.394959837166268	53	0.000548780645208955	0.0170028856584247	3.26060121404179
aligned_OG0003916_pruned	0.0823518096927211	113	0.287913687702075	0.579088276286963	0.540737687841004
aligned_OG0003920_pruned	-0.13442056254199	23	0.449691797968891	0.717398330633544	-0.347085033555776
aligned_OG0003921_pruned	-0.116253074813814	33	0.427491200714075	0.700081743679527	-0.369072820165403
aligned_OG0003924_pruned_1	-0.222324322949972	17	0.289838717607508	0.580775404064516	-0.537843600506831
aligned_OG0003924_pruned_2	-0.0398409536444798	21	0.831170409541762	0.936948715261429	-0.0803099264728717
aligned_OG0003926_pruned_1	0.0660932937593074	59	0.540988872926097	0.774741286639034	0.266811667382326
aligned_OG0003926_pruned_2	-0.156823989632322	23	0.377821637100064	0.662875214190477	-0.422713174513479
aligned_OG0003927_pruned	0.309099336643573	60	0.0039278164603451	0.056371673154381	2.40584881419508
aligned_OG0003928_pruned	-0.0919111252058534	115	0.231422676924253	0.520603679125199	-0.635594087127864
aligned_OG0003929_pruned_1	0.364364173531744	24	0.0360010980312307	0.201015333409042	1.44368425307626
aligned_OG0003929_pruned_2	0.212612575327938	33	0.146724355115741	0.419794841653549	0.833497790625367
aligned_OG0003930_pruned	-0.163359456431518	63	0.118046615460853	0.37826459118994	-0.927946460154476
aligned_OG0003932_pruned_1	0.203312515197611	28	0.203597381026417	0.486508871432012	0.691227812843584
aligned_OG0003932_pruned_2	0.244989471753056	28	0.125525756307632	0.391582275782293	0.901267153269753
aligned_OG0003933_pruned	-0.0423333807925992	102	0.604091153464765	0.819982790525159	-0.218897524193673
aligned_OG0003934_pruned	0.0178110075246334	95	0.833363623508953	0.937624786695385	0.0791654605071582
aligned_OG0003935_pruned	-0.0275388062841067	92	0.748960567648282	0.896462583108193	-0.125541047058303
aligned_OG0003936_pruned	0.285799403753287	90	0.00102346676058613	0.0244323327338611	2.98992625747479
aligned_OG0003937_pruned	-0.130140038974604	29	0.406975413438649	0.68604194679923	-0.390431826967546
aligned_OG0003938_pruned	0.254484816151761	104	0.00164337021191942	0.0335714509033327	2.78426458940588
aligned_OG0003939_pruned	-0.113653191804374	102	0.163893095280174	0.440048685924392	-0.785439342615498
aligned_OG0003940_pruned	0.0522447215155009	105	0.516046865239966	0.755977791571997	0.287310855754803
aligned_OG0003941_pruned	0.23217755510276	112	0.00285797612259751	0.0471857690445181	2.54394140391015
aligned_OG0003942_pruned	0.0800917951228313	96	0.341532463389113	0.628588944877688	0.46656800940359
aligned_OG0003943_pruned	0.00924500327042049	40	0.944318598129003	0.979846617212095	0.024881456903629
aligned_OG0003946_pruned_1	0.318264025086221	43	0.012515318690074	0.114190520529359	1.90255808704031
aligned_OG0003946_pruned_2	0.0521028405695753	52	0.651705551834464	0.844447097030524	0.185948579264026
aligned_OG0003947_pruned	0.106432233147527	30	0.489845925402961	0.742170953094517	0.309940500113552
aligned_OG0003950_pruned_1	0.00320010240491546	36	0.981752804901713	0.995008654299745	0.00799784926141883
aligned_OG0003950_pruned_2	0.0808452083454443	17	0.70031137293689	0.870452835388467	0.15470882072665
aligned_OG0003951_pruned_1	0.0144543030130665	66	0.88735197480993	0.960040240464012	0.0519040798333947
aligned_OG0003951_pruned_2	0.146457475186579	34	0.309823373372375	0.60182261961248	0.508885821748735
aligned_OG0003952_pruned	-0.0287933576578061	103	0.723010848563592	0.881880649755579	-0.140855186196538
aligned_OG0003953_pruned	0.0893632387330263	102	0.273701585565307	0.564698567441486	0.562722686695579
aligned_OG0003954_pruned	0.162426985227231	113	0.0360786195594117	0.201293815334925	1.44275008779305
aligned_OG0003955_pruned	-0.00832366593713913	74	0.931054575240747	0.974275248375257	-0.0310248614126056
aligned_OG0003956_pruned	-0.0445215380747085	81	0.627870680890777	0.829678117525544	-0.202129796324736
aligned_OG0003957_pruned	0.00255892043154228	100	0.975246894045689	0.991728021724394	0.0108854241496919
aligned_OG0003958_pruned_2	-0.078979850367879	19	0.689156516779352	0.865576780864319	-0.16168213273089
aligned_OG0003959_pruned	-0.39263618672702	54	0.000522630564800918	0.0164020394065323	-3.28180519518998
aligned_OG0003960_pruned	0.371941965689307	78	7.12972058381446e-05	0.00432595796422942	4.14692748996375
aligned_OG0003961_pruned_1	-0.0715010478891181	76	0.451184065067056	0.717804562263206	-0.345646247179976
aligned_OG0003961_pruned_2	-0.236939551103637	19	0.230139340443417	0.520359858937772	-0.638009135885426
aligned_OG0003962_pruned_1	-0.346349555644087	27	0.0336720688563458	0.19449592818879	-1.47273019916606
aligned_OG0003962_pruned_2	-0.0800640769025436	26	0.63042750153589	0.830931698371131	-0.200364849603587
aligned_OG0003963_pruned	0.323089718252062	108	4.61412733933152e-05	0.00326169525802648	4.33591042411794
aligned_OG0003964_pruned_1	0.146080360765615	62	0.165683838913003	0.441754052844285	0.780719851346504
aligned_OG0003964_pruned_2	-0.244323710734324	54	0.0308840909950587	0.185075774925945	-1.51026517663613
aligned_OG0003966_pruned_1	0.145806085438226	54	0.197685172808176	0.480582885881914	0.704025903316952
aligned_OG0003966_pruned_2	-0.0221466651256812	50	0.850878662371376	0.942673088972305	-0.0701323670830922
aligned_OG0003967_pruned	0.219131677240437	100	0.00788163413334704	0.0872003586391917	2.10338372901829
aligned_OG0003968_pruned	-0.021673806765439	100	0.792698962902373	0.920076701561004	-0.100891709998945
aligned_OG0003969_pruned	-0.105310978678328	81	0.251560166357828	0.541151686793898	-0.599358126742571
aligned_OG0003970_pruned	0.203114282714461	107	0.0107942872205458	0.104325765362927	1.96680603016199
aligned_OG0003971_pruned	-0.144050125096079	98	0.0838478730426614	0.31801843551251	-1.07650794960591
aligned_OG0003973_pruned_1	-0.0251463646821941	41	0.847389659686714	0.941960933157094	-0.0719168398021052
aligned_OG0003974_pruned_1	0.00847731643854831	45	0.945692224199131	0.979997079841189	0.0242501818649425
aligned_OG0003974_pruned_2	0.111286869883235	48	0.355055278604798	0.642895600367183	0.44970402631366
aligned_OG0003975_pruned	0.108565554581254	59	0.315302452081746	0.604136093054523	0.501272651765795
aligned_OG0003976_pruned	-0.014510073597584	96	0.863188734482445	0.949106097103316	-0.0638942362862628
aligned_OG0003977_pruned	0.0696629228563244	115	0.364393118126367	0.652569042474914	0.438429833641867
aligned_OG0003978_pruned	-0.0791855243078072	97	0.344472172752039	0.632241464534307	-0.462845855638384
aligned_OG0003979_pruned	0.121666542133602	100	0.140137965514535	0.410766717758183	0.853444191767695
aligned_OG0003980_pruned	0.15356898811202	66	0.132320604773326	0.400593065843904	0.878372522837491
aligned_OG0003981_pruned	0.0664699027628705	103	0.413228768936677	0.692034914767419	0.383809450570818
aligned_OG0003982_pruned	-0.0506369683541833	26	0.760906727075114	0.902747576964951	-0.118668576342757
aligned_OG0003983_pruned	0.444587475020554	101	6.01666880431352e-08	3.65061379701723e-05	7.22064389417858
aligned_OG0003984_pruned_1	0.070410491945008	51	0.545922705293327	0.778926752349738	0.262868842718145
aligned_OG0003984_pruned_2	-0.00218848771385379	38	0.98715981107112	0.998681476227431	-0.00561253380650687
aligned_OG0003985_pruned_1	0.169970854531274	33	0.245989432496197	0.535921321964336	0.609083549429817
aligned_OG0003985_pruned_2	0.432449982093868	22	0.0176075286550928	0.138709669509929	1.7543015961494
aligned_OG0003985_pruned_3	0.310529501704059	16	0.1530066664964	0.42838687946416	0.815289646571115
aligned_OG0003986_pruned	-0.227437962824136	85	0.0111456620765074	0.106498117557809	-1.95289412838308
aligned_OG0003987_pruned	0.305226879552508	104	0.000159494616441234	0.00750775222436169	3.79725397147403
aligned_OG0003988_pruned	0.0373460504161284	92	0.664307515249615	0.852153456401065	0.177630834397264
aligned_OG0003989_pruned	-0.0365794911571003	108	0.644590735935882	0.840023441702569	-0.19071594046321
aligned_OG0003990_pruned	0.0056330722230163	115	0.941532552567128	0.978210404572097	0.0261646600807957
aligned_OG0003991_pruned	-0.0767116858464532	92	0.372706183397569	0.659458984524351	-0.428633402005572
aligned_OG0003992_pruned	0.170743998678079	114	0.0268792446970725	0.173346129884309	1.57058293905952
aligned_OG0003993_pruned	-0.23006773048294	82	0.0117139883373739	0.10966490087434	-1.93129521269808
aligned_OG0004000_pruned	-0.273724450725679	14	0.242908260904324	0.532266816990232	-0.614557715313612
aligned_OG0004002_pruned	-0.118766436136887	89	0.174806437475815	0.453897286847709	-0.757442577944497
aligned_OG0004003_pruned_1	-0.31085603275803	18	0.126542687336915	0.39284037678594	-0.897762946839093
aligned_OG0004003_pruned_2	-0.432169110914555	42	0.000809536885082419	0.021355935001033	-3.09176335861806
aligned_OG0004005_pruned	-0.442125675710167	27	0.00670157533564466	0.0782956208613652	-2.17382309593219
aligned_OG0004007_pruned_1	0.216089685481343	30	0.160905189688845	0.436423159830753	0.793429948338007
aligned_OG0004007_pruned_2	0.0795099935886035	30	0.605940350648675	0.821398465377926	0.217570126096359
aligned_OG0004008_pruned	-0.0960143104551281	102	0.239577091892592	0.528914738044258	-0.620554711075184
aligned_OG0004009_pruned	0.0323875137815648	33	0.82504350551383	0.934963698621976	0.0835231499877438
aligned_OG0004011_pruned_1	-0.0429338790741092	31	0.776814004155482	0.912087421105319	-0.109682953706865
aligned_OG0004011_pruned_2	0.0647518267761447	41	0.620205935493173	0.82702082507915	0.207464081794923
aligned_OG0004012_pruned	0.125809048228656	48	0.295786406103737	0.587457944037454	0.529021789398614
aligned_OG0004015_pruned	0.0304138278584088	22	0.867413214279566	0.951031924139442	0.0617739660413216
aligned_OG0004016_pruned	0.122585434948364	114	0.112057640467044	0.368016093928978	0.950558526460021
aligned_OG0004017_pruned	0.0961169418374054	114	0.21279572197841	0.499097860164941	0.672037107297317
aligned_OG0004018_pruned_1	0.094539562817526	61	0.37367064647848	0.659516127651909	0.427511016608797
aligned_OG0004018_pruned_2	0.303645246512847	51	0.00920790118298491	0.0963373362735186	2.0358393500988
aligned_OG0004019_pruned	0.21411038566314	47	0.078422977927618	0.307977485341023	1.10555667041407
aligned_OG0004020_pruned	0.165403473165823	60	0.122778160735786	0.38546194001131	0.910878876805876
aligned_OG0004021_pruned_1	0.418709278996131	36	0.00276649787645941	0.0467351996252923	2.55806965881051
aligned_OG0004021_pruned_2	-0.0632912592548783	42	0.623754001384201	0.828199719222812	-0.204986655358927
aligned_OG0004022_pruned	0	69	1	1	0
aligned_OG0004023_pruned_2	-0.316227766016838	20	0.0994534797483087	0.346578834766877	-1.00238001687287
aligned_OG0004024_pruned	0.122515580807873	107	0.124123471558301	0.388539551339634	0.906146086314349
aligned_OG0004025_pruned	0.0453874601248934	53	0.69127730213151	0.866894598143218	0.160347702803476
aligned_OG0004026_pruned_1	0.207118791422369	77	0.0280060212154298	0.176241867302977	1.55274858653247
aligned_OG0004026_pruned_2	-0.253299034744521	20	0.18694930948365	0.470075449140027	-0.728276134617781
aligned_OG0004027_pruned	-0.236994790664477	91	0.00616968219277193	0.075151970491139	-2.20973720638495
aligned_OG0004028_pruned	-0.106750879990758	111	0.172220192435858	0.452031442366792	-0.763915929831557
aligned_OG0004029_pruned	0.117127437616695	78	0.211012166041379	0.496888609620725	0.675692504454352
aligned_OG0004030_pruned	0.11429795386532	101	0.163626027477252	0.439831453565798	0.786147613313304
aligned_OG0004031_pruned	-0.0608121636492164	85	0.497369446632787	0.745123363327183	-0.303320896923617
aligned_OG0004033_pruned_1	0.21290765681316	33	0.146164497399801	0.419315880838436	0.835158102451723
aligned_OG0004033_pruned_2	0.133006927246845	44	0.290845706743544	0.582091146454025	0.536337342563051
aligned_OG0004034_pruned	-0.0883571941906715	35	0.53382942174414	0.769340793611776	-0.272597493963642
aligned_OG0004035_pruned	-0.315075883833252	29	0.0446853264089969	0.227049235023947	-1.34983506536476
aligned_OG0004036_pruned	-0.0404761904761905	49	0.733856527927944	0.887717492520861	-0.134388838203349
aligned_OG0004037_pruned	0.00866902601359126	85	0.922931151604127	0.971507368418345	0.0348306950668714
aligned_OG0004039_pruned	-0.0895143592549291	40	0.498880519074119	0.745831348005335	-0.302003454617238
aligned_OG0004040_pruned	-0.283110429252465	16	0.192638022963196	0.475735605282443	-0.715257987547375
aligned_OG0004041_pruned	-0.00368150902472611	104	0.963675295737421	0.987013704238098	-0.016069274213618
aligned_OG0004042_pruned_1	-0.367695526217005	25	0.0305157484504092	0.183928116280984	-1.51547597376911
aligned_OG0004042_pruned_2	-0.0222658804937469	62	0.832662106350533	0.937499802190354	-0.07953119921504
aligned_OG0004043_pruned	0.225054723082633	107	0.00473303063167158	0.0638170296837051	2.32486068481515
aligned_OG0004044_pruned	0.100536135507749	110	0.200642631038493	0.483254712732805	0.697576785883232
aligned_OG0004045_pruned_1	-0.0171810749455681	73	0.859240988108545	0.946464997642711	-0.0658850141342981
aligned_OG0004045_pruned_2	-0.254897607801616	34	0.0771347416132032	0.306560072972561	-1.11274997094326
aligned_OG0004046_pruned	0.0904693273763829	89	0.301312541753293	0.593521471384028	0.52098279099213
aligned_OG0004047_pruned	-0.025401936649342	105	0.752177102823392	0.89765636545765	-0.123679891159307
aligned_OG0004048_pruned_1	0.22510994381306	31	0.137199500414962	0.407069700136181	0.862647470024457
aligned_OG0004048_pruned_2	0.138214738143788	19	0.483927304446146	0.738337665801397	0.315219873167772
aligned_OG0004050_pruned	0.368764899912219	104	5.07179657375172e-06	0.000753627568438495	5.29483817402791
aligned_OG0004051_pruned	-0.0921076347462751	105	0.252215535995088	0.541994349645351	-0.598228165228734
aligned_OG0004052_pruned	0.11397061848648	91	0.1878378145773	0.470628743268177	0.726216973256907
aligned_OG0004053_pruned_1	0.0914505435281224	63	0.381573905705021	0.665925121629497	0.418421332594266
aligned_OG0004053_pruned_2	0.250226654624976	36	0.073712194372308	0.298663598900821	1.1324606598951
aligned_OG0004054_pruned_1	0.235007995970211	18	0.248057539902026	0.536910109365904	0.605447567708314
aligned_OG0004054_pruned_2	-0.0765559002350953	15	0.734095182319476	0.887717492520861	-0.134247626083749
aligned_OG0004054_pruned_3	-0.124902559423934	56	0.260805978874572	0.549935804282003	-0.583682456795672
aligned_OG0004055_pruned	0.00160753630571823	103	0.984212252672485	0.996946217544291	0.00691123264178183
aligned_OG0004056_pruned	-0.00122619478430204	69	0.990190108699336	1	-0.00428141627837122
aligned_OG0004063_pruned	-0.0924500327042048	25	0.58649081829208	0.807385789270402	-0.231738782519121
aligned_OG0004065_pruned	-0.298710702393648	79	0.00132369389085821	0.0292055006646626	-2.87821243550173
aligned_OG0004066_pruned	0.0397841596688574	27	0.807250167932007	0.926041984041743	0.0929918559646422
aligned_OG0004067_pruned_1	0.0542887268488301	35	0.702256338764795	0.871971835937312	0.153504332043581
aligned_OG0004067_pruned_2	0	21	1	1	0
aligned_OG0004068_pruned	0.223703576286321	21	0.231266043155483	0.520603679125199	0.635888130103639
aligned_OG0004069_pruned	0.0245239801301828	65	0.811526148642399	0.927557600672939	0.0906974819644975
aligned_OG0004070_pruned	0.303473075486785	106	0.000150212365388145	0.00724302140656346	3.82329431500965
aligned_OG0004071_pruned	-0.235235984448482	23	0.185876732365876	0.468617897630174	-0.730774970838868
aligned_OG0004072_pruned_1	0.206405578306371	68	0.0399601607954631	0.213306400844404	1.39837277288745
aligned_OG0004075_pruned	0.170360807584822	114	0.0272233763835736	0.173848085535251	1.5650580123502
aligned_OG0004077_pruned	0.167700145049593	20	0.382282875039932	0.666204311432682	0.417615156446679
aligned_OG0004079_pruned	0.0316101433006824	93	0.711863405788949	0.87700126185268	0.147603331929431
aligned_OG0004081_pruned_1	-0.146222631512443	42	0.257090831089239	0.546374296894556	-0.589913411798816
aligned_OG0004081_pruned_2	-0.133424876998998	36	0.340285478886017	0.627723608117431	-0.468156583299814
aligned_OG0004083_pruned_2	0.321869699723512	27	0.0483982231812983	0.237138265802849	1.31517058208952
aligned_OG0004083_pruned_3	-0.0225765343040209	30	0.883541584775939	0.958728208458064	-0.0537730051683005
aligned_OG0004084_pruned	0.106875315117393	103	0.188307111274387	0.471209470644713	0.725133278873884
aligned_OG0004086_pruned	0.14766861179902	83	0.103536212317897	0.352305578003852	0.984907726929257
aligned_OG0004087_pruned	-0.0366329337107828	92	0.670335880587685	0.853923654790078	-0.173707533815003
aligned_OG0004088_pruned	-0.0134072069050409	88	0.8789530915396	0.956457548871593	-0.0560343019786866
aligned_OG0004089_pruned	0.347626221349629	24	0.0454367917924984	0.229421138031332	1.34259234094147
aligned_OG0004090_pruned	0.178005766026509	105	0.026912869864805	0.173409385385527	1.57003998859846
aligned_OG0004091_pruned	0.27448119441265	67	0.0067101314953292	0.0782956208613652	2.17326896908044
aligned_OG0004092_pruned	0.0796819072889596	21	0.669815357599417	0.853923654790078	0.17404489913085
aligned_OG0004093_pruned	0.303642228498999	90	0.000484796293905607	0.0154815869119593	3.31444070885517
aligned_OG0004094_pruned	-0.0302971677478222	65	0.768304843621685	0.906649524539625	-0.114466428882011
aligned_OG0004095_pruned	0.0672948539678439	84	0.455399788432619	0.719959420936085	0.341607175483211
aligned_OG0004096_pruned	0.158763572088855	57	0.149163137538536	0.42291931636218	0.826338490144855
aligned_OG0004097_pruned	-0.105840267791484	82	0.246213068884272	0.536248086911871	-0.608688898627739
aligned_OG0004098_pruned_1	0.179711009953208	41	0.169018682221541	0.446525771137533	0.772065288656758
aligned_OG0004098_pruned_2	0.0207877072900011	34	0.885382027404707	0.959010196598285	0.0528692981220033
aligned_OG0004099_pruned	0.0710659314456142	88	0.419517124266949	0.696837780477233	0.377250307009642
aligned_OG0004100_pruned	0.280222570408556	90	0.00128228954158775	0.0287957634749613	2.89201389984374
aligned_OG0004101_pruned	0.152581923154397	90	0.0795588072302392	0.309768810397525	1.09931173657335
aligned_OG0004104_pruned	-0.234042736495422	96	0.00544580281102095	0.0692863862006814	-2.26393808823218
aligned_OG0004105_pruned	-0.127851439338468	88	0.146417396240196	0.419614388514129	-0.834407320529778
aligned_OG0004109_pruned	0.129688943121468	24	0.455450225632689	0.719959420936085	0.34155907843681
aligned_OG0004111_pruned_1	-0.109388353885649	14	0.640738381802541	0.837907522577795	-0.193319259922949
aligned_OG0004111_pruned_2	0.174689229366102	62	0.0973808792687715	0.343839159611258	1.01152630845256
aligned_OG0004113_pruned	0.0202293398428172	56	0.85548604294298	0.944739113077289	0.0677870714791556
aligned_OG0004114_pruned	0.271405405720517	87	0.00217664038983706	0.0399571547192586	2.66221331630109
aligned_OG0004116_pruned_1	-0.292314760686484	46	0.0175050484893793	0.13838681655936	-1.75683668189177
aligned_OG0004118_pruned_1	0.174419738098477	47	0.151667128134974	0.427070837533885	0.819108536659246
aligned_OG0004118_pruned_2	0.0616452816195494	29	0.694472964320302	0.868061399693754	0.158344656585905
aligned_OG0004119_pruned	0.146887665139199	101	0.0734283860845894	0.298011192353342	1.13413601724037
aligned_OG0004121_pruned_1	0.0608877995778437	55	0.587077898541529	0.808036706858388	0.231304269004264
aligned_OG0004121_pruned_2	-0.0808493329957542	50	0.492517945113095	0.743833884747656	-0.307577941163093
aligned_OG0004122_pruned	-0.111507964018128	99	0.178565363964427	0.458924961180725	-0.748202776678656
aligned_OG0004123_pruned	0.220889523177045	34	0.125588261910109	0.391609479643469	0.901050949976948
aligned_OG0004124_pruned	0.0930186000046291	107	0.243017749479539	0.532266816990232	0.614362005333755
aligned_OG0004126_pruned_1	0.292365643208297	50	0.0130714041161609	0.117207996760798	1.88367775846785
aligned_OG0004126_pruned_2	0.2470831055537	36	0.0774078616447628	0.307310054872147	1.11121492955542
aligned_OG0004127_pruned	0.1140796670316	84	0.205732912399393	0.489363389474022	0.686696225903444
aligned_OG0004128_pruned	0.189117511309781	98	0.023228893668183	0.161707490823842	1.63397147402434
aligned_OG0004129_pruned	-0.0667431180750953	99	0.420726750788887	0.696837780477233	-0.375999873648201
aligned_OG0004130_pruned	0.122782323138163	98	0.140604705659032	0.411472724236579	0.852000144411833
aligned_OG0004131_pruned_2	0.0582691815022708	45	0.639636316967676	0.837907522577795	0.194066886059484
aligned_OG0004132_pruned	0.0347732790039024	99	0.674857851591358	0.856184007220191	0.170787694977441
aligned_OG0004136_pruned	0.198284496930376	89	0.0234866803394178	0.162245274716605	1.6291783630502
aligned_OG0004137_pruned	0.0158599594282456	108	0.841477619295312	0.939264159305194	0.0749574304258932
aligned_OG0004138_pruned	0.191661858291131	89	0.0285416871553364	0.178379419895283	1.54452035846048
aligned_OG0004139_pruned_1	0.199618608519338	34	0.166287257273551	0.442275506251791	0.779141029841315
aligned_OG0004139_pruned_2	0.429452936375342	20	0.0252603016320124	0.168271048657532	1.5975614678608
aligned_OG0004139_pruned_3	-0.256627072018422	35	0.0707543802111436	0.292042314238853	-1.15024666898184
aligned_OG0004140_pruned	0.0157855605745666	105	0.844430635444475	0.940682291412365	0.0734360191313899
aligned_OG0004141_pruned	0.133944691914014	110	0.088198190875181	0.326878116406184	1.0545403230426
aligned_OG0004142_pruned	0.129344163206864	30	0.401350832531665	0.682765283098844	0.396475831818806
aligned_OG0004143_pruned	0.34804800219013	97	3.24985605399394e-05	0.00251725552437552	4.48813587481823
aligned_OG0004144_pruned	-0.0722089108598375	32	0.627760662991036	0.829678117525544	-0.202205901731188
aligned_OG0004145_pruned	0.11944407501422	105	0.137596206053002	0.40739813057662	0.861393540758659
aligned_OG0004146_pruned	0.0772439361353073	89	0.377495060639769	0.662875214190477	0.423088726553804
aligned_OG0004148_pruned	0.064102673475714	87	0.469116167950784	0.729235751430901	0.328719598963291
aligned_OG0004151_pruned	0.0211128262358909	71	0.829896383208654	0.936848107069223	0.0809761281177203
aligned_OG0004152_pruned	0.133697315210751	96	0.11234474563112	0.368178797514936	0.94944723474261
aligned_OG0004153_pruned	-0.072426815023981	88	0.410668401766903	0.689832811830663	-0.386508711965445
aligned_OG0004155_pruned	0.329706769571051	105	4.1571859556225e-05	0.00305742130736236	4.38120054857666
aligned_OG0004156_pruned	0.370655359743866	88	2.54935175980743e-05	0.00229158397076024	4.59357023640072
aligned_OG0004158_pruned	0.00928802279138882	111	0.905455200883845	0.966478040464662	0.0431330323628923
aligned_OG0004159_pruned	-0.172783236692425	57	0.116444526264876	0.376255045353011	-0.933880921631937
aligned_OG0004161_pruned	-0.174290960597105	46	0.156590844332483	0.434669438652234	-0.80523363418179
aligned_OG0004162_pruned	-0.146285803820359	103	0.0717446355342742	0.294107536212719	-1.14421056630074
aligned_OG0004163_pruned_1	0.0372182083859634	48	0.757097296022125	0.900522011116002	0.120848304898526
aligned_OG0004163_pruned_2	0.267189096886974	39	0.0463865932813986	0.23180561817561	1.33360752171314
aligned_OG0004164_pruned	-0.151357969851784	30	0.326079557445003	0.615130290197197	-0.486676427097501
aligned_OG0004165_pruned	0.0861855065191769	107	0.27937923064956	0.570112157611952	0.553805882937511
aligned_OG0004169_pruned_1	-0.128921130638099	24	0.458123188235415	0.722215841893414	-0.33901772553931
aligned_OG0004169_pruned_2	-0.241268655526195	23	0.174844433610415	0.453897286847709	-0.757348189438591
aligned_OG0004170_pruned	0.213980246255456	14	0.361310428526179	0.649716283057325	0.44211950318146
aligned_OG0004171_pruned_1	0.0373023548476495	22	0.837761913983851	0.938422230110218	0.0768793872579523
aligned_OG0004171_pruned_2	-0.0135632189507869	71	0.890230054943497	0.961543543991041	-0.050497747645299
aligned_OG0004172_pruned	0.0388447721544501	81	0.6723532315084	0.855409779073874	0.172402503448262
aligned_OG0004173_pruned_1	0.34443532492933	54	0.00234205975715561	0.0414903578877129	2.63040202819113
aligned_OG0004173_pruned_2	0.124899354501651	45	0.315572735963903	0.604176989364495	0.500900524891972
aligned_OG0004174_pruned	-0.248129122772926	22	0.173194587479282	0.453118861457655	-0.761465684285245
aligned_OG0004175_pruned	0.00729131065433012	20	0.969698159609322	0.989401947886137	0.0133634286368032
aligned_OG0004176_pruned_1	0.0671408132614542	33	0.646755973186752	0.841339430806829	0.189259551617888
aligned_OG0004176_pruned_2	0.318112558996491	41	0.014909159116305	0.125495476908459	1.82654685027249
aligned_OG0004177_pruned_1	-0.0475670712008451	45	0.702303206123166	0.871971835937312	-0.153475348957455
aligned_OG0004177_pruned_2	0.0144232436127838	23	0.935353907955952	0.974990952588015	0.02902403491243
aligned_OG0004178_pruned_1	-0.106993166900168	38	0.431401416947178	0.703636585302957	-0.36511843278162
aligned_OG0004178_pruned_2	-0.344601218802256	20	0.0726009394499574	0.296138621924448	-1.13905775953003
aligned_OG0004179_pruned	-0.135847935420859	30	0.378096520331418	0.662875214190477	-0.422397319484378
aligned_OG0004180_pruned	0.208527976476594	89	0.0171975474545329	0.137147144596335	1.7645334834941
aligned_OG0004181_pruned_1	-0.0382998419981577	39	0.775245691840262	0.91129542820293	-0.11056063852527
aligned_OG0004181_pruned_2	-0.194678647598575	55	0.0824942738283719	0.314801261920532	-1.08357619606884
aligned_OG0004182_pruned	0.477878830394179	42	0.000212406307465867	0.00915106700981645	3.6728325909006
aligned_OG0004183_pruned	0.025200516111855	69	0.800509128947739	0.92353008422521	0.0966337110538356
aligned_OG0004184_pruned	0.0912414835752265	22	0.616486953791655	0.826023348598955	0.210076109589328
aligned_OG0004186_pruned	0.075224391702326	30	0.625499479981046	0.82846236280986	0.203773047028045
aligned_OG0004187_pruned	-0.122781869822681	90	0.158294029395315	0.435551631343347	-0.800535465741369
aligned_OG0004188_pruned	0.0472014844016367	79	0.611901496572035	0.824131482896964	0.213318484616422
aligned_OG0004189_pruned	-0.114951667140044	95	0.174512059586787	0.453897286847709	-0.758174555919548
aligned_OG0004190_pruned	0.211034910530655	95	0.0126734864132327	0.115013717841757	1.89710389642322
aligned_OG0004191_pruned_1	0.238542149110711	33	0.103486055104543	0.352305578003852	0.985118168073437
aligned_OG0004191_pruned_2	0.120185042515466	25	0.479500122186953	0.736237956483173	0.31921127782572
aligned_OG0004192_pruned	0.0810475921091411	90	0.351707600516705	0.638908043197961	0.453818246335324
aligned_OG0004193_pruned	-0.0288621691081517	73	0.765771157297602	0.905420558019461	-0.115900995343242
aligned_OG0004195_pruned	0.0109660515160586	84	0.903186634105125	0.966281167474752	0.0442224979844842
aligned_OG0004196_pruned	-0.144782873638698	100	0.0791607661414494	0.309377100523829	-1.10149001121408
aligned_OG0004197_pruned	-0.0493636132600721	113	0.524116296790281	0.761998953061109	-0.280572336202662
aligned_OG0004198_pruned	0.424591770910058	93	7.00510632895724e-07	0.000214361290197683	6.15458526826844
aligned_OG0004199_pruned	-0.0799894909350852	75	0.40249203340658	0.684135161992293	-0.395242711275746
aligned_OG0004200_pruned	0.108754024867203	90	0.211429389207269	0.497495630402791	0.674834644826988
aligned_OG0004201_pruned	0.167728809291328	105	0.0370668511614453	0.204148066041212	1.43101430583159
aligned_OG0004202_pruned	0.249248777802549	100	0.00250873293735349	0.0435944737872811	2.60054556826168
aligned_OG0004203_pruned	0.25584427012139	112	0.00101389088594115	0.0244323327338611	2.99400878088382
aligned_OG0004204_pruned	0.00799918682359076	98	0.923520301469723	0.971507368418345	0.0345535531535007
aligned_OG0004205_pruned	-0.19875654912469	57	0.0709399224379186	0.292642252277895	-1.14910929069918
aligned_OG0004206_pruned	0.178012953710149	76	0.0606811047767765	0.267931548744518	1.21694652092931
aligned_OG0004207_pruned	-0.047629930078813	107	0.549970996411316	0.781639434876204	-0.259660213106943
aligned_OG0004208_pruned	0.157253028341872	104	0.0517395863618997	0.245477062535306	1.286177047623
aligned_OG0004209_pruned	-0.0152835090744767	92	0.859037483366596	0.946464997642711	-0.0659878856866686
aligned_OG0004211_pruned_1	-0.162380626047427	58	0.136568126641071	0.406189759017009	-0.864650647939293
aligned_OG0004211_pruned_2	0.104142748293785	34	0.470192391111442	0.729629742068168	0.327724403124842
aligned_OG0004212_pruned	0.358055849178337	100	1.41426319158321e-05	0.00153690302953991	4.84946976167359
aligned_OG0004213_pruned_1	-0.125234120028798	36	0.370754398623079	0.658245007650485	-0.430913687807606
aligned_OG0004213_pruned_2	-0.252033472267823	29	0.108293655899009	0.360698128362619	-0.96539698463742
aligned_OG0004214_pruned_1	-0.155079622907053	70	0.11721949434485	0.376810215595963	-0.931000156386535
aligned_OG0004214_pruned_2	0.00906100470365937	29	0.953959692772039	0.983403726896958	0.0204699749568053
aligned_OG0004215_pruned_1	-0.246534616841239	36	0.0780678958304604	0.30791568230855	-1.10752752604757
aligned_OG0004215_pruned_2	0.337928418769042	32	0.023257297913569	0.161707490823842	1.63344074400972
aligned_OG0004216_pruned	0.108465228909328	18	0.593954675326914	0.813044555565946	0.226246694760302
aligned_OG0004217_pruned	0.137825935689744	90	0.11326264888215	0.369805088121496	0.945913285712768
aligned_OG0004218_pruned_1	0.104918596715285	19	0.595163146709572	0.814288725160373	0.225363968719223
aligned_OG0004218_pruned_2	-0.0286763823325281	70	0.772063165540229	0.909131602160686	-0.112347166861986
aligned_OG0004219_pruned	-0.106854496909158	103	0.188393183497701	0.471209470644713	-0.724934815040436
aligned_OG0004220_pruned	-0.122775801470968	37	0.37332424623132	0.659516127651909	-0.427913803102047
aligned_OG0004223_pruned	-0.300508640671585	93	0.000445837884126273	0.0146503930269551	-3.35082303103759
aligned_OG0004224_pruned	-0.233668016547117	30	0.129497745813789	0.396498354613205	-0.887737791344529
aligned_OG0004225_pruned	-0.0167457855310795	39	0.900652153936684	0.96549592650368	-0.0454429080158812
aligned_OG0004231_pruned	-0.0980931360311051	48	0.414966877541597	0.693099688684322	-0.381986567083075
aligned_OG0004236_pruned	-0.192513385271705	20	0.315874479830489	0.604595711789115	-0.500485460250293
aligned_OG0004238_pruned	-0.257199298938819	22	0.158009526576234	0.435288446084586	-0.801316728142002
aligned_OG0004239_pruned_1	-0.107443061870051	28	0.501665815406488	0.749103527886514	-0.299585491729159
aligned_OG0004241_pruned	-0.0841603050177488	82	0.356492698048911	0.644142903630652	-0.447949361266653
aligned_OG0004242_pruned	0	26	1	1	0
aligned_OG0004243_pruned	0.0592074832462094	47	0.626496274346911	0.829338943678701	0.203081507328074
aligned_OG0004244_pruned	0.0828171146699098	102	0.310393433775765	0.602250767205362	0.508087474608163
aligned_OG0004246_pruned	0.277717330018885	83	0.00220123789614088	0.04017854843479	2.65733301905587
aligned_OG0004247_pruned	0.177642875679732	103	0.0287621335894692	0.178487461993304	1.5411789009121
aligned_OG0004250_pruned	0.0631138671627616	107	0.428277538206805	0.700731976004027	0.368274702368885
aligned_OG0004251_pruned	-0.0139135695210793	76	0.883436485629983	0.958728208458064	-0.0538246684910773
aligned_OG0004252_pruned	0.0662702310406287	23	0.709388115014226	0.875581431669534	0.149116091909998
aligned_OG0004253_pruned_1	-0.272053593791254	20	0.156375721759645	0.434237845206702	-0.805830672786885
aligned_OG0004253_pruned_2	-0.0296956935458249	28	0.852683684334643	0.943411897350572	-0.0692120469395618
aligned_OG0004255_pruned_1	0.185395503464421	33	0.205718061264228	0.489363389474022	0.686727577225802
aligned_OG0004255_pruned_2	-0.276409327632257	21	0.139100765440064	0.408878753802627	-0.85667048017703
aligned_OG0004257_pruned_1	-0.207417989148054	25	0.222335848696666	0.510027509250292	-0.652990507449728
aligned_OG0004257_pruned_2	-0.0734116979048802	26	0.659104841083198	0.849247754756908	-0.181045498482725
aligned_OG0004258_pruned	0.0535872208180588	95	0.526740052124893	0.764439768690721	0.278403657614616
aligned_OG0004260_pruned	0.0547635686733876	98	0.511031774247743	0.75299049157469	0.291552096046397
aligned_OG0004261_pruned_1	-0.0273724450725679	56	0.805347814973309	0.925600227268173	-0.0940165152840821
aligned_OG0004261_pruned_2	-0.0790896299246695	32	0.595359875088105	0.814288725160373	-0.225220438441448
aligned_OG0004263_pruned	0.275066321776707	78	0.00330983556814051	0.051714405089337	2.48019358133699
aligned_OG0004264_pruned_1	-0.0311502765464605	65	0.761975128374516	0.903426300227137	-0.118059204232564
aligned_OG0004264_pruned_2	0.0707693279002681	38	0.602773312365896	0.819416073064991	0.219845984208768
aligned_OG0004265_pruned_1	0.0683486471429714	38	0.615234603781029	0.825550522135087	0.210959245689532
aligned_OG0004265_pruned_2	-0.035478743759345	26	0.831170409541762	0.936948715261429	-0.0803099264728717
aligned_OG0004266_pruned	0.0855018642198709	102	0.294969830498113	0.587013259801595	0.530222401371761
aligned_OG0004268_pruned	0.144128700078324	101	0.0789971748548412	0.309131555745779	1.10238843993604
aligned_OG0004269_pruned	0.0470367222326564	82	0.606316101879541	0.821398465377926	0.217300898094283
aligned_OG0004270_pruned	0.00137023152671287	102	0.986609357408887	0.998402047434901	0.00585476982687483
aligned_OG0004272_pruned	-0.057099677549192	93	0.504649582754881	0.750640066866258	-0.297010081485995
aligned_OG0004273_pruned	-0.139968252579958	97	0.0947162317127568	0.340361248300043	-1.02357558869242
aligned_OG0004274_pruned	-0.111296543807318	79	0.231576222475966	0.520603679125199	-0.635306034657929
aligned_OG0004275_pruned_1	-0.0920169208910602	57	0.403128378433491	0.684484086442141	-0.394556628383139
aligned_OG0004275_pruned_2	-0.128141957406415	30	0.405741490886717	0.685589184299417	-0.391750579325993
aligned_OG0004276_pruned_1	0.189873777764635	42	0.141126007290458	0.412334855169273	0.850392945268027
aligned_OG0004276_pruned_2	0.0721013354038857	56	0.516259001280478	0.755977791571997	0.287132363088837
aligned_OG0004277_pruned_1	0.398458948516976	43	0.00176886143698597	0.0351887435046306	2.75230618603279
aligned_OG0004277_pruned_2	-0.0397772219829264	37	0.773017625312347	0.909131602160686	-0.111810603767796
aligned_OG0004278_pruned_1	0.246581126478198	29	0.116143442877561	0.376234080464064	0.935005304180389
aligned_OG0004278_pruned_2	0.0762968270716799	65	0.458167143758506	0.722215841893414	0.338976058306828
aligned_OG0004279_pruned	0.0466510949660537	78	0.618356934293941	0.826557157810572	0.208760764642418
aligned_OG0004280_pruned	-0.126594069256467	95	0.13481751128179	0.403986876534683	-0.870253694157336
aligned_OG0004281_pruned	0.417835937538156	105	2.05719166241114e-07	0.00010698866067154	6.6867252444988
aligned_OG0004282_pruned	0.136827368210737	85	0.126778982194472	0.3931336326056	0.896952739147881
aligned_OG0004283_pruned_1	-0.130011408402228	52	0.260014598867638	0.549062150335056	-0.585002267299705
aligned_OG0004283_pruned_2	0.164175966591885	57	0.135785767026304	0.405106883353407	0.867145750128314
aligned_OG0004286_pruned_1	0.075224391702326	30	0.625499479981046	0.82846236280986	0.203773047028045
aligned_OG0004286_pruned_2	0.147504126568574	64	0.154785091286305	0.431631654406582	0.810270872360498
aligned_OG0004295_pruned	-0.0686788734803076	70	0.487828796446426	0.741122664077225	-0.311732566940172
aligned_OG0004297_pruned_1	-0.0429905852439693	50	0.71515903423345	0.877941818960336	-0.145597370772413
aligned_OG0004297_pruned_2	-0.109184166736802	29	0.48661604576405	0.740101651285481	-0.312813574665595
aligned_OG0004298_pruned	0.274284885005381	20	0.1530066664964	0.42838687946416	0.815289646571115
aligned_OG0004299_pruned	0.114150169834902	100	0.166316486213076	0.442275506251791	0.779064698967544
aligned_OG0004300_pruned	0.0820020672749508	67	0.418004142765787	0.695495466973879	0.378819413987153
aligned_OG0004303_pruned	0.281451359501146	82	0.00204505860662435	0.0386969223728658	2.6892942416083
aligned_OG0004304_pruned	-0.258150094718898	36	0.065033856542639	0.27706934434579	-1.18686049133232
aligned_OG0004305_pruned	-0.0998195893968405	77	0.289632755675035	0.580775404064516	-0.538152323674911
aligned_OG0004307_pruned	-0.0139295078797239	107	0.861213724358518	0.947832880387961	-0.0648890578479942
aligned_OG0004308_pruned_1	0.101835015443463	21	0.585788414809363	0.806772494879918	0.232259221650866
aligned_OG0004308_pruned_2	0.327968024676315	17	0.118419942708124	0.37826459118994	0.926575153366765
aligned_OG0004308_pruned_3	-0.0107958379271883	40	0.934997336563271	0.974990952588015	-0.0291896262585218
aligned_OG0004310_pruned	0	18	1	1	0
aligned_OG0004312_pruned	-0.175037499199818	75	0.0669571050019924	0.282289914024034	-1.17420333202853
aligned_OG0004313_pruned	0.0397033333588372	29	0.800281958329362	0.923431527511265	0.0967569737924379
aligned_OG0004317_pruned	-0.167205005257526	84	0.0636449014646867	0.274152466228536	-1.19623638155379
aligned_OG0004318_pruned	0.0277031871301154	101	0.735644997987918	0.888853506530042	0.133331713664313
aligned_OG0004319_pruned	0.0128947186954259	101	0.875125572678172	0.954146345413263	0.0579296251395823
aligned_OG0004320_pruned	0.186905338928888	90	0.0317418091409201	0.187743389402956	1.49836832403588
aligned_OG0004321_pruned	-0.30249507099101	18	0.137071899472011	0.406942103873099	-0.863051568952967
aligned_OG0004323_pruned	0.152381947759132	78	0.103680840096694	0.352305578003852	0.984301492493155
aligned_OG0004324_pruned	-0.0165173313433668	93	0.846959085502364	0.941833272569121	-0.072137568854338
aligned_OG0004325_pruned	-0.0762772934126312	105	0.343028381225448	0.630386078673015	-0.464669946138904
aligned_OG0004326_pruned	0.0213789447959597	99	0.796478956990361	0.921672486625368	0.0988256937909004
aligned_OG0004327_pruned	0.0814273088736612	27	0.617532676734061	0.826023348598955	0.209340056773049
aligned_OG0004328_pruned	-0.199683614511763	104	0.0135044887605608	0.119236995917231	-1.8695218522518
aligned_OG0004329_pruned	-0.167708161879665	60	0.117648654314167	0.377523072746343	-0.9294130359956
aligned_OG0004331_pruned	-0.152380491669656	20	0.427262856745706	0.699933693398698	-0.369304860076608
aligned_OG0004332_pruned	-0.0175791996585293	81	0.848217961045331	0.942438496701501	-0.0714925355779253
aligned_OG0004333_pruned	0.0810141488078563	83	0.37178959092894	0.658637472397473	0.4297027734275
aligned_OG0004334_pruned	-0.0120162859485652	105	0.881258727420278	0.957794799194564	-0.0548965690057081
aligned_OG0004335_pruned	0.482628437952723	64	3.23266208481551e-06	0.000547372386966086	5.49043969049205
aligned_OG0004336_pruned	0.548408497107082	19	0.00547855324254736	0.0692863862006814	2.26133411336475
aligned_OG0004337_pruned	-0.0423767914019071	89	0.628272418390301	0.829757206294174	-0.201852005704757
aligned_OG0004338_pruned	-0.0509133174976598	32	0.732439899903872	0.887717492520861	-0.135228005391519
aligned_OG0004339_pruned	0.0218739319629904	20	0.909269045214222	0.966621100628522	0.0413075936058659
aligned_OG0004340_pruned	-0.0972671061405731	90	0.2637150053634	0.553664634962779	-0.578865158181086
aligned_OG0004341_pruned_1	0.193125678527571	24	0.266379923342483	0.557651587652851	0.574498510395665
aligned_OG0004341_pruned_2	0.171498585142509	18	0.399269143171066	0.681612809244672	0.398734252210763
aligned_OG0004342_pruned	0.134595475514541	24	0.438578026081	0.709934772764731	0.357953131415523
aligned_OG0004344_pruned	-0.074092225644251	76	0.434951299600158	0.706594862505775	-0.361559367180874
aligned_OG0004353_pruned	-0.0144295821073165	26	0.930901235040378	0.974275248375257	-0.0310963935109047
aligned_OG0004354_pruned	-0.0925820099772552	21	0.620294015349161	0.82702082507915	-0.207402408925915
aligned_OG0004355_pruned	-0.05884898863365	15	0.794002680192762	0.920775495909909	-0.100178031589324
aligned_OG0004357_pruned	-0.107211253483779	29	0.49452466788387	0.744829796526892	-0.305812040045276
aligned_OG0004358_pruned	0.0773780386447059	79	0.405564786688976	0.685589184299417	0.391939759815144
aligned_OG0004361_pruned	-0.229867100866194	42	0.0748181064181529	0.300967200458879	-1.12599328761808
aligned_OG0004362_pruned_1	0.10064684747952	27	0.537093978442642	0.77177447346376	0.269949716631748
aligned_OG0004362_pruned_2	-0.0220755392844174	19	0.910979292510634	0.967330926587863	-0.0404914948717621
aligned_OG0004362_pruned_3	-0.477766542952955	24	0.00596779919795642	0.0732741078588882	-2.22418579825097
aligned_OG0004363_pruned	-0.125057368535518	38	0.357763772888175	0.645268969589659	-0.446403638143455
aligned_OG0004365_pruned	0.0892465921002777	81	0.331215799840779	0.618830443582426	0.479888954435465
aligned_OG0004367_pruned_1	-0.158293523910526	29	0.313158484430584	0.603222279015355	-0.504235817424374
aligned_OG0004367_pruned_2	-0.226455406828919	13	0.354539479773501	0.642139789112155	-0.450335396889647
aligned_OG0004367_pruned_3	-0.103296631133485	36	0.460349383956867	0.723306833100981	-0.336912433688368
aligned_OG0004368_pruned_1	0.0155907804675008	34	0.91390645625926	0.968197736079941	0.0390982546047692
aligned_OG0004368_pruned_2	-0.00688571994268686	65	0.94661916386462	0.979997079841189	-0.0238247076892686
aligned_OG0004369_pruned	-0.051345391445529	84	0.568996767131912	0.79529872897176	-0.244890201128233
aligned_OG0004370_pruned	0.086242380073829	108	0.276785355234953	0.567043942449547	0.557856892209875
aligned_OG0004371_pruned_1	-0.185639836816435	38	0.172209079502753	0.452031442366792	-0.76394395465941
aligned_OG0004371_pruned_2	0.221326697997275	25	0.192857560944157	0.475735605282443	0.714763330031248
aligned_OG0004372_pruned	0.0213653665508326	55	0.848867427936085	0.942438496701501	0.0711601304998608
aligned_OG0004373_pruned	-0.110573560250687	75	0.247159973211907	0.536704970162808	-0.607021860527865
aligned_OG0004374_pruned_1	0.127341606803435	42	0.323663641955434	0.613217532416735	0.48990608337459
aligned_OG0004374_pruned_2	-0.0796819072889596	15	0.723673609831763	0.882147589684424	-0.140457264479674
aligned_OG0004375_pruned	0.151913054142007	85	0.0900229339520085	0.330871772894787	1.04564683700514
aligned_OG0004376_pruned	0.257623501695591	95	0.00234127260749353	0.0414903578877129	2.63054801601829
aligned_OG0004377_pruned	-0.0930584841362957	67	0.358050186936272	0.645447737331764	-0.446056095194455
aligned_OG0004378_pruned	0.125154928416195	98	0.133092678048864	0.402039766737131	0.875845836113923
aligned_OG0004379_pruned	-0.0821434754099716	91	0.342508887156338	0.630067510708766	-0.465328155287225
aligned_OG0004380_pruned	0.060710421169271	92	0.480514297908541	0.736697813225681	0.318293685185035
aligned_OG0004381_pruned	0.136122821526903	72	0.162980624709299	0.439238661209607	0.78786402186588
aligned_OG0004382_pruned_1	-0.152069139292044	22	0.403872165737719	0.684565107794119	-0.393756076721221
aligned_OG0004382_pruned_2	-0.193931558479158	35	0.17207161769463	0.451967333490116	-0.764290758348368
aligned_OG0004382_pruned_3	-0.132453235706504	19	0.502334954360502	0.749334317291296	-0.299006600941158
aligned_OG0004383_pruned	-0.055648271903659	79	0.549737040049256	0.781612065729083	-0.25984500025992
aligned_OG0004384_pruned	0.124518773242847	98	0.135075675192788	0.404393910805382	0.869422852907632
aligned_OG0004385_pruned	0.263907139639088	87	0.00287938456838728	0.0473246028045774	2.54070032721127
aligned_OG0004386_pruned	0.251048222626717	21	0.179131734013846	0.45989356676827	0.746827470062383
aligned_OG0004387_pruned	0.112171684866959	91	0.194901559770801	0.477217531523853	0.710184685268519
aligned_OG0004389_pruned	-0.163519980832071	74	0.0891941155019027	0.329488764570956	-1.0496637968498
aligned_OG0004396_pruned	-0.269402305984116	35	0.0578268786434286	0.261513977268822	-1.23787024924093
aligned_OG0004400_pruned	0.26086186029041	19	0.186449181219981	0.469169801234471	0.729439519475776
aligned_OG0004401_pruned	0.0789746446468848	59	0.465107771525214	0.725773603417622	0.332446403764513
aligned_OG0004402_pruned_1	0.386670686893195	37	0.00505040588290721	0.0666159515098685	2.29667371779747
aligned_OG0004402_pruned_2	-0.0723101526062187	51	0.535143452397751	0.770035469744669	-0.271529783896981
aligned_OG0004403_pruned	0	25	1	1	0
aligned_OG0004404_pruned	-0.160523750951633	47	0.187019509702123	0.470075449140027	-0.728113085901924
aligned_OG0004405_pruned	0.196177314638261	86	0.0276380398474915	0.174681048723599	1.5584927613559
aligned_OG0004406_pruned_1	0.165837128724921	39	0.216349571340546	0.502629619952301	0.664843960944204
aligned_OG0004406_pruned_2	-0.166584544628339	30	0.279770831846968	0.570435490661432	-0.553197565856448
aligned_OG0004406_pruned_3	-0.0264628062012482	17	0.899741298687171	0.964945705662291	-0.0458823446755175
aligned_OG0004408_pruned_1	-0.154713186938819	48	0.198542793686662	0.481381978299229	-0.702145871475515
aligned_OG0004408_pruned_2	0.120873444603807	22	0.507017548503032	0.751971303674708	0.294977008938575
aligned_OG0004409_pruned	0.0225196122297152	77	0.811185153754342	0.927471307656138	0.0908800063607985
aligned_OG0004410_pruned	0.124341182825498	22	0.494907904410018	0.744829796526892	0.305475609809293
aligned_OG0004411_pruned	0.387701754332696	22	0.0333253677385306	0.193494419859842	1.47722504953801
aligned_OG0004413_pruned	0.089541920815329	90	0.303532869291414	0.594913817591821	0.51779427269763
aligned_OG0004414_pruned	-0.0513826920371604	97	0.539586529060983	0.773371952380515	-0.267938901156376
aligned_OG0004415_pruned	0.156584621427776	70	0.113705585375341	0.370326346092042	0.944218201643734
aligned_OG0004416_pruned_1	0.156326349870181	31	0.302000200541134	0.593861066396782	0.519992768652522
aligned_OG0004416_pruned_2	0.0617213399848368	21	0.741181505873604	0.890812569208602	0.130075425830808
aligned_OG0004419_pruned	0.167335487871418	33	0.253388352222302	0.543422000135368	0.596213352680063
aligned_OG0004420_pruned	0.0894025227549216	93	0.296189147924387	0.587776821328907	0.528430857640924
aligned_OG0004421_pruned_1	0.179270953283755	48	0.136277647578485	0.40565721668804	0.865575371820487
aligned_OG0004421_pruned_2	0.126707191916181	49	0.287174517120929	0.57808063565316	0.541854100518791
aligned_OG0004422_pruned	-0.146546906873527	89	0.0940685547103812	0.338912414811644	-1.02655552851815
aligned_OG0004423_pruned_1	0.14573842973124	53	0.202254942354944	0.484654377711348	0.694100857051888
aligned_OG0004423_pruned_2	0.289265003801432	33	0.048336855405965	0.236997066808641	1.31572160639545
aligned_OG0004425_pruned	0.181673878739464	84	0.0438889514072413	0.225197642844344	1.35764479517437
aligned_OG0004426_pruned_1	0.398409536444798	36	0.00440676954765554	0.0613493098976673	2.3558796603588
aligned_OG0004426_pruned_2	0.0620322806932314	22	0.733478055862478	0.887717492520861	0.134612874813741
aligned_OG0004427_pruned	0.121985353208338	98	0.143199890575029	0.41532989314501	0.844057313890449
aligned_OG0004428_pruned	-0.0862693494247792	93	0.313439886222121	0.603222279015355	-0.5038457389971
aligned_OG0004429_pruned	0.0966876516341096	61	0.362910969720287	0.651628796679017	0.440199904169281
aligned_OG0004430_pruned_1	-0.0091003151038658	70	0.92675547372309	0.972999770838645	-0.033034840204562
aligned_OG0004430_pruned_2	0.379536057638295	16	0.0807162584311211	0.31198864840915	1.09303897784621
aligned_OG0004431_pruned	0.143415106895975	95	0.0902525071429731	0.331311653043661	1.04454072489893
aligned_OG0004432_pruned	0.0877136453217673	94	0.302766009273722	0.594739649355862	0.518892883509718
aligned_OG0004433_pruned	-0.0223749540693179	30	0.884574095633608	0.958944769915231	-0.0532657829045871
aligned_OG0004434_pruned	0.192666128184609	72	0.0483105335347824	0.236997066808641	1.31595816619942
aligned_OG0004435_pruned	0.0231120042568052	72	0.812754609994103	0.928407015275661	0.090040558479855
aligned_OG0004436_pruned	0.0462542826254801	92	0.590928911824042	0.811511586770065	0.228464761182164
aligned_OG0004437_pruned	0.106733362001847	87	0.22806804075171	0.518763950238425	0.641935568285903
aligned_OG0004438_pruned	0.163297232890924	92	0.0577528733319622	0.261462434649417	1.23842640379646
aligned_OG0004439_pruned	0.11957709381748	79	0.198682332592089	0.481559941279295	0.701840749895225
aligned_OG0004440_pruned	-0.0688927763826044	93	0.420825137572042	0.696837780477233	-0.375898325929511
aligned_OG0004441_pruned	0.0264903844975058	95	0.754346542721445	0.898919341662003	0.12242909575282
aligned_OG0004442_pruned	-0.180447072861373	43	0.156809153572278	0.434943789394193	-0.804628589420079
aligned_OG0004454_pruned	-0.162221421130763	25	0.339867471511685	0.627723608117431	-0.468690399462243
aligned_OG0004456_pruned_1	0.240370085030933	25	0.157299207050285	0.434977412279957	0.80327346666186
aligned_OG0004456_pruned_2	0.161216944468891	19	0.414216178242525	0.692516186861958	0.382772942660716
aligned_OG0004460_pruned	-0.285978744177767	47	0.0187410229283576	0.143928822688566	-1.72720670800445
aligned_OG0004461_pruned	-0.276429476287576	19	0.161513318467542	0.436423159830753	-0.791791659720042
aligned_OG0004462_pruned	-0.00466836314685994	70	0.962387364194692	0.986380035345559	-0.0166500877635413
aligned_OG0004463_pruned	-0.353583999951419	25	0.0374974908157199	0.205277617014479	-1.42599779257485
aligned_OG0004464_pruned	-0.0381012393727247	78	0.684097840855595	0.862048525314917	-0.16488178029023
aligned_OG0004466_pruned	0.20348923188912	24	0.241566586968973	0.532016430647638	0.616963136683878
aligned_OG0004468_pruned	0.0763336765435562	46	0.534969776542824	0.769937723464776	0.271670753028203
aligned_OG0004469_pruned	-0.0778791557945268	57	0.479197250348319	0.736237956483173	-0.319485682609518
aligned_OG0004470_pruned	-0.211013442305925	47	0.0828374251588063	0.315614491146661	-1.08177340877305
aligned_OG0004471_pruned	0.343592135468138	17	0.101876058537901	0.349554400031756	0.991927865714241
aligned_OG0004472_pruned	0.20901304816678	95	0.0135516940361065	0.119236995917231	1.86800641220305
aligned_OG0004473_pruned	0.481785446145082	26	0.00378952982363462	0.0554047523009712	2.42141467068311
aligned_OG0004474_pruned	0.392054758890682	101	1.76981391595212e-06	0.000348865231653833	5.752072394386
aligned_OG0004476_pruned	0.135206425604146	84	0.133685153935668	0.402714772778484	0.873916819527942
aligned_OG0004477_pruned	0.0631325009261555	93	0.460706785687516	0.723556105822003	0.336575391035922
aligned_OG0004478_pruned	0.30037638738848	95	0.000387952504947981	0.0135152257824223	3.41122143961604
aligned_OG0004479_pruned	0.105199405808624	93	0.218988526277224	0.506015696548547	0.659578639064108
aligned_OG0004480_pruned	-0.142442462322384	46	0.246958938752404	0.536697275970034	-0.607375249799711
aligned_OG0004481_pruned	0.0920171890953632	66	0.367167967704059	0.655665804788952	0.435135214334031
aligned_OG0004482_pruned	-0.208630818159849	89	0.0171427434195271	0.136993445901036	-1.76591967502538
aligned_OG0004484_pruned	0.246764314908421	83	0.00652010773197527	0.0772827683131547	2.1857452283454
aligned_OG0004485_pruned_1	0.200838578101374	35	0.157299207050285	0.434977412279957	0.80327346666186
aligned_OG0004486_pruned	-0.0223886831419822	21	0.904634880446167	0.966478040464662	-0.0435266709641318
aligned_OG0004487_pruned	0.219290734736171	62	0.0374407837724004	0.205277617014479	1.4266550684685
aligned_OG0004489_pruned	-0.0366925640382487	96	0.663019692155954	0.851101265618389	-0.178473572548978
aligned_OG0004502_pruned	-0.0532910044302429	84	0.554446304801462	0.783868649564941	-0.25614050660694
aligned_OG0004507_pruned	0.0401238867894996	63	0.701048211729165	0.871195089537473	0.154252114176056
aligned_OG0004509_pruned_1	-0.0263970954171742	38	0.846084775475273	0.941492025031845	-0.0725861196128196
aligned_OG0004509_pruned_2	-0.0290957186981323	21	0.876269663627762	0.95454616287869	-0.0573622232801059
aligned_OG0004510_pruned	-0.149231749110331	32	0.316301245197	0.604730401560873	-0.499899098374756
aligned_OG0004512_pruned	-0.0369800130816819	25	0.827763134604914	0.936124430207473	-0.082093919315031
aligned_OG0004515_pruned	0.0748367129731296	66	0.463303509953053	0.725289943077005	0.334134409601575
aligned_OG0004517_pruned_1	-0.0344206352664874	66	0.73586768478128	0.888975047767131	-0.133200268455012
aligned_OG0004517_pruned_2	-0.207019667802706	16	0.340761847714093	0.628154114701069	-0.467549035544927
aligned_OG0004518_pruned	-0.0265606357629865	21	0.886974312040059	0.959878116225278	-0.0520889577340012
aligned_OG0004519_pruned	0.109099507852475	82	0.231967807116521	0.520800987855502	0.634572283047777
aligned_OG0004520_pruned	-0.0582691815022707	55	0.603259305211188	0.819563177995724	-0.21949597042091
aligned_OG0004522_pruned	0.242845248687261	32	0.102953608614283	0.351267677750981	0.987358426376653
aligned_OG0004523_pruned	0.0370558387295594	92	0.666758240932663	0.852844384160944	0.176031607854864
aligned_OG0004524_pruned	0.137008986417769	84	0.128581072118439	0.395020584849938	0.89082295738009
aligned_OG0004526_pruned	-0.0203740131373493	95	0.809815030100677	0.927471307656138	-0.0916141670227658
aligned_OG0004527_pruned	0.365773643458031	36	0.00894309328829829	0.0948992288172849	2.04851223895789
aligned_OG0004528_pruned	0.18516401995451	21	0.321750338238892	0.611355229485763	0.492480987872816
aligned_OG0004529_pruned	-0.0103006469579737	97	0.90212650315019	0.966281167474752	-0.0447325580590986
aligned_OG0004530_pruned	-0.130102713648884	90	0.134926702054277	0.404114075548001	-0.86990209475159
aligned_OG0004531_pruned	0.0589145866692126	94	0.488831285808056	0.7418050420943	0.310841006490971
aligned_OG0004533_pruned	-0.00610015999197324	92	0.943488548040764	0.979124874327936	-0.0252633668852577
aligned_OG0004536_pruned	-0.242741177576596	82	0.00782574715477964	0.0871092927154963	-2.1064741880042
aligned_OG0004537_pruned	0.13974919409913	80	0.130570018115736	0.398274110557468	0.88415653563166
aligned_OG0004540_pruned	-0.203154795414285	77	0.0311500739160078	0.186209924616135	-1.50654091846625
aligned_OG0004542_pruned	-0.0234358550849881	35	0.868924626990982	0.951031924139442	-0.0610178938638579
aligned_OG0004547_pruned	0.608885259093418	26	0.000253255642922807	0.0103014208721841	3.59644086911503
aligned_OG0004548_pruned_1	0.303710752157688	38	0.0255226995204706	0.168961981031164	1.59307339245712
aligned_OG0004548_pruned_2	-0.0856463528439234	50	0.467207449436176	0.7281116094488	-0.330490241188397
aligned_OG0004551_pruned	0.100474183510371	82	0.270981412586394	0.561632697136787	0.56706049764224
aligned_OG0004553_pruned	0.0927783234568801	23	0.601844967463423	0.818838649256247	0.220515366626442
aligned_OG0004554_pruned_1	-0.159164485150844	20	0.406975413438649	0.68604194679923	-0.390431826967546
aligned_OG0004554_pruned_2	-0.177633419022524	55	0.113111282746996	0.369476558851897	-0.946494072436473
aligned_OG0004556_pruned	-0.222539456105675	26	0.18112613415642	0.462729607997506	-0.742018882093122
aligned_OG0004557_pruned	-0.272253478352247	43	0.0326592320525633	0.191175658286045	-1.48599403145652
aligned_OG0004558_pruned_1	-0.12374081300409	26	0.457124710034358	0.721822817991793	-0.339965302137669
aligned_OG0004558_pruned_2	0.02394737360357	31	0.874367061162892	0.95374780109768	0.0583062113335621
aligned_OG0004560_pruned_1	-0.0270514355860098	32	0.855857600584782	0.944739113077289	-0.0675984881555323
aligned_OG0004560_pruned_2	0.215352760823266	24	0.215214180519459	0.501913660590064	0.667129116284209
aligned_OG0004560_pruned_3	-0.0264628062012482	17	0.899741298687171	0.964945705662291	-0.0458823446755175
aligned_OG0004561_pruned	0.111962549701284	27	0.492330692019341	0.743833884747656	0.307743089355924
aligned_OG0004562_pruned	-0.139451575922925	31	0.357187814174123	0.645011030506396	-0.447103365929096
aligned_OG0004563_pruned	0.0361550763031094	18	0.858954922737482	0.946464997642711	0.0660296269953575
aligned_OG0004564_pruned	0.232770024555895	83	0.0102839651084164	0.101722080143821	1.98783940550719
aligned_OG0004566_pruned	-0.254003925798303	88	0.00391032236299492	0.0562669113141622	-2.4077874383333
aligned_OG0004567_pruned_1	0.0491228778159579	60	0.646724577343484	0.841339430806829	0.189280634333794
aligned_OG0004567_pruned_2	0.0307591543555321	36	0.825996666497169	0.935752563990336	0.0830217053730877
aligned_OG0004570_pruned	0.116531323119948	74	0.225798349333756	0.5155339546877	0.646279237246576
aligned_OG0004573_pruned	0.13743521131606	77	0.144848892183542	0.41718543670426	0.839084821968086
aligned_OG0004574_pruned	-0.0846456082710674	94	0.319991906575266	0.609979755354607	-0.494861005974319
aligned_OG0004575_pruned	0.114127063877054	19	0.563260084128636	0.791118067787062	0.249291024296155
aligned_OG0004577_pruned_1	-0.00694947337148808	29	0.964680620458419	0.987013704238098	-0.0156164459626309
aligned_OG0004577_pruned_2	0.220235093714641	26	0.185686370050533	0.468558254979259	0.731219973638186
aligned_OG0004578_pruned	0.396844878952689	87	7.40825148988084e-06	0.000946306650838989	5.13028428296575
aligned_OG0004579_pruned	0.0851057508841982	98	0.307076112897737	0.599041583988695	0.512753965517802
aligned_OG0004580_pruned	-0.0802836314561469	96	0.34037738731332	0.627732461253365	-0.468039299619322
aligned_OG0004581_pruned	-0.154455748369571	23	0.385066481828483	0.669612862238639	-0.414464282962474
aligned_OG0004582_pruned	0.242320157475722	91	0.00510769136750778	0.0668868720266621	2.2917753528804
aligned_OG0004583_pruned	0.212379163728691	90	0.0146728145403184	0.124287953435007	1.83348657176767
aligned_OG0004584_pruned	-0.0606339062590832	17	0.772829992684448	0.909131602160686	-0.111916031772954
aligned_OG0004585_pruned	0.092129654089088	92	0.284359340633137	0.576342859937692	0.54613250147616
aligned_OG0004587_pruned	0.189465790107322	89	0.0304130344059851	0.183613021152552	1.51694024674074
aligned_OG0004588_pruned	0.310375234173022	29	0.0479678737427312	0.235982492378937	1.31904953194613
aligned_OG0004589_pruned	-0.310354966093582	57	0.00480502187687773	0.0644297684816699	-2.31830463068313
aligned_OG0004590_pruned_1	-0.213947323684871	40	0.106028754603438	0.356622887986579	-0.974576339715376
aligned_OG0004590_pruned_2	0.246957290286815	32	0.0972544284390033	0.343575688240846	1.01209061413763
aligned_OG0004595_pruned	0.0774322417547613	90	0.373605611013001	0.659516127651909	0.427586609921373
aligned_OG0004599_pruned	-0.00967565755886609	30	0.949943581441121	0.981669624070787	-0.0223021873389385
aligned_OG0004610_pruned	0.11254045149469	34	0.435156072445529	0.706594862505775	0.361354951677024
aligned_OG0004612_pruned	-0.257639411538814	23	0.147375618623047	0.420589265418545	-0.831574358901016
aligned_OG0004615_pruned_1	-0.297939785765562	24	0.0864107329737	0.323141523770678	-1.06343231097302
aligned_OG0004615_pruned_2	-0.283567022783427	26	0.0883762795843389	0.327297910301918	-1.05366428507743
aligned_OG0004616_pruned	0.0115841341142819	24	0.94684707139927	0.979997079841189	0.0237201597619623
aligned_OG0004620_pruned	0.367225813737774	53	0.00131319641153159	0.0290619546272387	2.8816703127034
aligned_OG0004621_pruned	0.358712326475284	87	5.10048952391566e-05	0.00348221267535963	4.2923881401113
aligned_OG0004623_pruned	0.0698069284684801	83	0.441552526123186	0.711658698400236	0.355017626291214
aligned_OG0004624_pruned	-0.108012344973464	21	0.563260084128636	0.791118067787062	-0.249291024296155
aligned_OG0004625_pruned_1	0.0264850719234887	33	0.856543887424001	0.945210070374985	0.0672503798347671
aligned_OG0004625_pruned_2	0.14409882569052	46	0.241506202027422	0.532016430647638	0.617071711820543
aligned_OG0004627_pruned	0.149658109876676	96	0.07552111674205	0.302791437774706	1.12193159668504
aligned_OG0004629_pruned	0.200311619260807	72	0.0400740380482692	0.213491830703814	1.39713689381081
aligned_OG0004630_pruned	0.0423209374776364	93	0.620948223036913	0.827490755065006	0.206944611396421
aligned_OG0004631_pruned	0.324323978980842	88	0.000229517953568926	0.00954925839963058	3.63918333700711
aligned_OG0004634_pruned	0.2043015673821	25	0.229361585495416	0.520243521492872	0.639479317927241
aligned_OG0004637_pruned	0.127880130457586	86	0.151102724558621	0.426670533848479	0.820727704753582
aligned_OG0004638_pruned	0.0390314543831551	80	0.672837770190369	0.855409779073874	0.172089637119714
aligned_OG0004639_pruned	-0.0661140897556909	73	0.494973686412627	0.744829796526892	-0.305417888237241
aligned_OG0004640_pruned	0.177582435321888	92	0.0390586996703818	0.21068736173817	1.40828221919916
aligned_OG0004641_pruned	0.382820542120368	71	9.80340841900138e-05	0.00540747096202644	4.00862290387804
aligned_OG0004643_pruned	-0.300101094139934	88	0.00065216178052836	0.0189935596961079	-3.18564465629976
aligned_OG0004644_pruned	-0.113905436398863	93	0.183205662837757	0.46555900214813	-0.737061106535087
aligned_OG0004658_pruned_1	0.0383634057017655	30	0.803430746208182	0.92482961842121	0.0950515524238011
aligned_OG0004658_pruned_2	-0.135812819539319	41	0.29861767444881	0.590341179478659	-0.524884491023501
aligned_OG0004660_pruned_1	-0.225703231132866	32	0.12962257955096	0.396547059542245	-0.887319340130201
aligned_OG0004660_pruned_2	-0.143288779072699	52	0.214463406342592	0.501339452353126	-0.668646800352271
aligned_OG0004662_pruned	0.018552622633078	63	0.85910644707456	0.946464997642711	0.0659530218346877
aligned_OG0004665_pruned	0.15649215928719	15	0.487453290364035	0.740949354309089	0.312066993727596
aligned_OG0004666_pruned	0.0329541021828654	51	0.777457849859464	0.912128682698478	0.109323147085252
aligned_OG0004669_pruned	-0.0760872053666898	40	0.565416832155297	0.792454274287337	-0.247631266940674
aligned_OG0004670_pruned	-0.0211619477845242	29	0.892738400944348	0.962539359880912	-0.0492757837435137
aligned_OG0004672_pruned_1	-0.0236889684839567	33	0.871549651607289	0.952607541368876	-0.0597078663797773
aligned_OG0004672_pruned_2	0.243662661696096	45	0.0502429191293779	0.241305207243404	1.29892513589205
aligned_OG0004674_pruned	-0.0343177029829363	73	0.723172439094871	0.881880649755579	-0.140758133662529
aligned_OG0004676_pruned	0.320052905679455	21	0.0867681727038757	0.323812950003546	1.0616395484855
aligned_OG0004678_pruned	-0.0645084110128282	74	0.502529415457214	0.749470846772628	-0.298838511824184
aligned_OG0004679_pruned_1	0.255565030916948	48	0.0336848462362402	0.19449592818879	1.47256543076358
aligned_OG0004679_pruned_2	0.0344116356327229	29	0.826444010167372	0.936017917998928	0.0827865636279431
aligned_OG0004681_pruned	-0.332669120510094	76	0.000455747552843938	0.0148138300547175	-3.3412756546296
aligned_OG0004683_pruned	-0.156065082369688	52	0.176351903699504	0.454841732495957	-0.753619847809777
aligned_OG0004684_pruned_1	-0.0621382261748258	47	0.609523380350829	0.823261808059596	-0.215009630878081
aligned_OG0004684_pruned_2	0.185924450340906	21	0.319767063495179	0.609801987770664	0.495166271293181
aligned_OG0004685_pruned	0.0324077580818947	82	0.722542646440335	0.881880649755579	0.141136514568486
aligned_OG0004686_pruned	0.0991638505337503	79	0.28647062113233	0.577461958046649	0.542919910291153
aligned_OG0004687_pruned	-0.398526698493043	17	0.0577795711235972	0.261462434649417	-1.23822568608729
aligned_OG0004691_pruned	0.0169711058325533	32	0.909269045214222	0.966621100628522	0.0413075936058659
aligned_OG0004692_pruned	0.343495141408671	58	0.00163753032726882	0.0335714509033327	2.78581064807295
aligned_OG0004695_pruned	0.223207211937238	48	0.0636075440944109	0.274152466228536	1.19649137233474
aligned_OG0004696_pruned	-0.0713496668092336	74	0.458314700746236	0.722292064098126	-0.338836212249919
aligned_OG0004697_pruned	-0.0795949341060946	45	0.52245539765101	0.760647420575285	-0.28195077963004
aligned_OG0004699_pruned_1	-0.273229533323512	31	0.0712292089886868	0.293488984282465	-1.14734187853562
aligned_OG0004699_pruned_2	-0.0637112642202064	51	0.584774080049547	0.806542920409311	-0.233011885607187
aligned_OG0004710_pruned_1	0.0409960030845394	17	0.845252024219651	0.941165314014877	0.0730137805073314
aligned_OG0004710_pruned_2	0.00448448529330875	26	0.978500887681619	0.993510662837801	0.0094387760202324
aligned_OG0004712_pruned	0.343473224879539	18	0.0913739367364451	0.333647759968935	1.03917766362841
aligned_OG0004714_pruned_1	0.217786202592188	24	0.210075040786658	0.495250196421394	0.677625543465232
aligned_OG0004714_pruned_2	0.266007958373671	20	0.165786683981058	0.441754052844285	0.780450355002813
aligned_OG0004715_pruned	0.0260175447992067	62	0.804993827122494	0.925600227268173	0.0942074498891711
aligned_OG0004716_pruned_1	0.192174011696903	35	0.175991220828938	0.454841732495957	0.754508996053147
aligned_OG0004716_pruned_2	-0.0453022684923879	24	0.794312716633723	0.920775495909909	-0.10000848451136
aligned_OG0004717_pruned_1	-0.145951510159958	32	0.327056029748996	0.615324119369453	-0.48537783961388
aligned_OG0004717_pruned_2	0.194534694519929	47	0.109819408815237	0.36387376037098	0.959320898533866
aligned_OG0004718_pruned_1	0.110312187911596	32	0.458848828805424	0.722394288746095	0.338330372478744
aligned_OG0004718_pruned_2	-0.363784877575019	34	0.0116482577894378	0.10966490087434	-1.93373902648472
aligned_OG0004719_pruned	-0.255195872901554	20	0.183669858854299	0.465633789107991	-0.735962107751218
aligned_OG0004721_pruned	-0.174157636504809	33	0.234548701221719	0.523843696956478	-0.629766967550769
aligned_OG0004722_pruned	0.00725871129536539	84	0.935828023216479	0.975066376221978	0.0288039540721771
aligned_OG0004723_pruned_1	-0.289240610424875	18	0.155131568727114	0.431847849978672	-0.809299815797544
aligned_OG0004723_pruned_2	-0.317208524602371	58	0.0036358094679209	0.0540251606855756	-2.43939888375554
aligned_OG0004724_pruned_1	-0.0178513808154785	42	0.889958618171599	0.961392982033741	-0.0506301869703155
aligned_OG0004724_pruned_2	-0.612873433891189	23	0.000567768799791683	0.0172246859636802	-3.24582847664039
aligned_OG0004726_pruned	-0.0866839518833072	92	0.313792152392581	0.603537689445458	-0.503357921855567
aligned_OG0004728_pruned	-0.101382998085364	85	0.25789283745433	0.546974330312707	-0.58856071950323
aligned_OG0004729_pruned	0.259281489420866	18	0.202526585655949	0.484654377711348	0.693517958889701
aligned_OG0004730_pruned	-0.151141730980636	40	0.25352584534831	0.543422000135368	-0.595977760512098
aligned_OG0004731_pruned	0.211448008975573	20	0.270627385587258	0.56126781169911	0.567628257968829
aligned_OG0004732_pruned	0.203884135081209	98	0.0144103989338609	0.123180285893597	1.84132399612035
aligned_OG0004733_pruned	-0.253085534121766	18	0.213524354036182	0.4998941548995	-0.670552583307245
aligned_OG0004734_pruned	-0.0175062924547296	34	0.903377863583441	0.966283858491411	-0.0441305556180465
aligned_OG0004736_pruned	0.140108516664729	81	0.127153230624427	0.39360255170231	0.895672601083728
aligned_OG0004737_pruned	0.228316506473858	22	0.210112327529967	0.495250196421394	0.677548466293805
aligned_OG0004738_pruned_1	-0.0711501080791543	38	0.600823500515657	0.818446381151449	-0.221253088745785
aligned_OG0004738_pruned_2	-0.102194900601687	46	0.40617891372772	0.68604194679923	-0.391282626202987
aligned_OG0004739_pruned	-0.22849956645211	24	0.188505026453223	0.471224726329931	-0.724677064918167
aligned_OG0004740_pruned	-0.228284482277547	63	0.0289454307865812	0.178487461993304	-1.53841998256832
aligned_OG0004741_pruned	0.409721074720283	85	4.82421531281272e-06	0.000747342801969988	5.31657331714492
aligned_OG0004742_pruned	0.156066297010506	52	0.176348537715768	0.454841732495957	0.753628137156719
aligned_OG0004743_pruned	-0.0978231976089037	19	0.620294015349161	0.82702082507915	-0.207402408925915
aligned_OG0004744_pruned_1	-0.0949431930173459	47	0.435156072445529	0.706594862505775	-0.361354951677024
aligned_OG0004745_pruned_1	-0.0360374985078224	36	0.796743637689816	0.921832262199198	-0.0986813958520171
aligned_OG0004745_pruned_2	0.0357802682496522	38	0.792460088608035	0.920076701561004	0.101022601329485
aligned_OG0004746_pruned	-0.0134303827337563	22	0.94123240611575	0.978038126006675	-0.0263031287176794
aligned_OG0004747_pruned	-0.124502204492754	47	0.306136039400804	0.597866262423951	-0.514085540734005
aligned_OG0004748_pruned	-0.152283344494537	89	0.0818844362967227	0.314286020388212	-1.08679863636866
aligned_OG0004749_pruned_1	-0.480557658757016	30	0.00182110300258026	0.0353585358980983	-2.73966548957733
aligned_OG0004749_pruned_2	-0.365757673392292	55	0.00110513907345291	0.0255445002978116	-2.95658306584073
aligned_OG0004750_pruned	-0.214383019995937	62	0.0419159283607317	0.219212746950288	-1.37762091057462
aligned_OG0004751_pruned	-0.225765403985385	21	0.226994418738	0.517129650447867	-0.643984820961447
aligned_OG0004753_pruned	-0.0264628062012482	17	0.899741298687171	0.964945705662291	-0.0458823446755175
aligned_OG0004754_pruned	-0.145095250022002	19	0.462432726450476	0.724859565400628	-0.334951438398261
aligned_OG0004758_pruned_1	-0.0947870385062915	20	0.62142683421786	0.827773285755624	-0.206609997136531
aligned_OG0004758_pruned_2	0.126958343769252	20	0.508331573552145	0.751971303674708	0.293852914508167
aligned_OG0004759_pruned	0.119452142169215	37	0.386400498301589	0.670303343555346	0.412962322190574
aligned_OG0004762_pruned_1	0.105460762429896	31	0.486234321388297	0.740101651285481	0.313154389253537
aligned_OG0004762_pruned_2	-0.0515939370367582	50	0.66140957347609	0.850644501589925	-0.179529523244892
aligned_OG0004763_pruned	0.14656261653262	63	0.16082178890942	0.436423159830753	0.793655111296115
aligned_OG0004764_pruned	0.190692517849118	33	0.193059060876436	0.475735605282443	0.714309810738753
aligned_OG0004765_pruned_1	-0.0582058109761791	23	0.743420697695252	0.892472563877846	-0.128765351809429
aligned_OG0004765_pruned_2	0.0200643088476282	24	0.908072555255975	0.966478040464662	0.0418794498396784
aligned_OG0004766_pruned	-0.109963680546713	76	0.246561133212138	0.536374723257285	-0.608075382573387
aligned_OG0004769_pruned	-0.184703493089632	72	0.0583554830985001	0.262986461772281	-1.23391833126307
aligned_OG0004770_pruned	0.142838415367917	87	0.106725303023511	0.35793041516084	0.971732603436624
aligned_OG0004771_pruned	0.0259029113400087	24	0.881497452191014	0.957794799194564	0.0547789386125126
aligned_OG0004772_pruned	-0.136971871118111	76	0.148924309336458	0.422668613610233	-0.827034405344012
aligned_OG0004773_pruned	-0.159829254424905	49	0.179412631040835	0.460290122131191	-0.746146984936119
aligned_OG0004774_pruned	-0.295760240875639	24	0.0887367094260754	0.328132037242892	-1.05189668002102
aligned_OG0004775_pruned	0.112044345802347	48	0.351789911438075	0.638908043197961	0.453716619311753
aligned_OG0004776_pruned	0.0570613990014551	27	0.726393403802296	0.883983014053906	0.138828108189162
aligned_OG0004778_pruned	-0.0920391463029015	62	0.382450009695277	0.66628902869538	-0.417425323732131
aligned_OG0004780_pruned	0.261794831960534	80	0.00462300456745961	0.0626854199393772	2.33507567748523
aligned_OG0004781_pruned	0.0345032779671177	16	0.873844698517373	0.95374780109768	0.0585657442190907
aligned_OG0004782_pruned	0.143655167585057	79	0.122557810916092	0.38546194001131	0.911659004855337
aligned_OG0004783_pruned	0.291691760414793	72	0.00279401545864028	0.0468812124986241	2.55377119536443
aligned_OG0004784_pruned	-0.0985867469585462	24	0.570465195131655	0.79529872897176	-0.243770847342816
aligned_OG0004785_pruned	-0.0403046212490294	85	0.652868920440957	0.845366639450481	-0.185174005315376
aligned_OG0004786_pruned	0.0489217876596409	76	0.606194263080269	0.821398465377926	0.217388178038294
aligned_OG0004787_pruned	0.311265878127441	21	0.0957780252570109	0.341497096185015	1.01873412144693
aligned_OG0004788_pruned	0.0903876907577734	18	0.65685341845283	0.847819489408802	0.182531535553765
aligned_OG0004791_pruned	0.361223286673498	56	0.00114569569243581	0.0263148591060731	2.94093071975582
aligned_OG0004792_pruned	0.168207829724565	84	0.0620717728202069	0.270769763505174	1.20710585063461
aligned_OG0004793_pruned	0.497532109857805	31	0.00101988243492792	0.0244323327338611	2.99144988785059
aligned_OG0004794_pruned	-0.0480466966261111	71	0.624911641115705	0.82846236280986	-0.204181385037786
aligned_OG0004795_pruned	0.18129958763101	72	0.0631503470864311	0.273363660604224	1.19962425813624
aligned_OG0004809_pruned	0.0711108961125061	20	0.711025407078729	0.876552630466464	0.148114880343442
aligned_OG0004812_pruned	-0.245356643321726	28	0.124960153136229	0.390487070808963	-0.903228451247037
aligned_OG0004813_pruned	0.236032263947692	75	0.0134984760333193	0.119236995917231	1.86971526022202
aligned_OG0004815_pruned	-0.585589429341996	20	0.00228193725331545	0.0408225679149626	-2.64169630159769
aligned_OG0004821_pruned	0.15913663867543	27	0.329113985978608	0.616485446851105	0.482653661600275
aligned_OG0004822_pruned	-0.268234005202556	36	0.0552257291845939	0.254909494280234	-1.25785854111964
aligned_OG0004823_pruned_1	-0.380858260535638	23	0.0322096856737104	0.18958667856935	-1.49201351333117
aligned_OG0004823_pruned_2	-0.0927743455666193	22	0.610577360736412	0.823261808059596	-0.214259302706089
aligned_OG0004824_pruned	-0.0535493020227895	71	0.585826971628914	0.806772494879918	-0.23223063716116
aligned_OG0004825_pruned	0.150414209399047	18	0.459727224795609	0.722797219550168	0.337499776805696
aligned_OG0004828_pruned	-0.0253482913609514	29	0.871688136327029	0.952607541368876	-0.0596388647207334
aligned_OG0004829_pruned	-0.0188561808316413	25	0.911663894828446	0.967330926587863	-0.0401652444844437
aligned_OG0004830_pruned	0.0977727894973991	81	0.287103867522866	0.57808063565316	0.541960957163799
aligned_OG0004831_pruned_1	0.352116614990679	47	0.00380038548467413	0.055452117663151	2.4201723493369
aligned_OG0004831_pruned_2	0.460279282945291	37	0.000845214694854772	0.0218488098911672	3.07303296093484
aligned_OG0004832_pruned	-0.101324535880821	89	0.24700900587496	0.536697275970034	-0.607287212203904
aligned_OG0004834_pruned	-0.132792934135305	63	0.203883610314395	0.486873259002659	-0.690617684649069
aligned_OG0004835_pruned	-0.13856406460551	25	0.414935252097126	0.693099688684322	-0.38201966678372
aligned_OG0004836_pruned	0.151403547016645	67	0.134828747421959	0.403986876534683	0.870217500117785
aligned_OG0004837_pruned	0.265676020874284	62	0.0116991682900741	0.10966490087434	1.93184501174704
aligned_OG0004838_pruned	0.086576675443302	85	0.333967061881698	0.621896209094794	0.47629636417173
aligned_OG0004840_pruned_1	-0.0684130242011116	40	0.605268958479231	0.821275305010675	-0.21805159852569
aligned_OG0004840_pruned_2	-0.0967301666813349	20	0.614294664663482	0.825522278016789	-0.211623256644088
aligned_OG0004841_pruned	0.0526937864418216	34	0.714813532130973	0.877895407552104	0.145807234462166
aligned_OG0004842_pruned	-0.274733167399775	61	0.00973103044536684	0.0995107200459493	-2.0118411686688
aligned_OG0004843_pruned	0.0517268666699926	72	0.596010449522849	0.814786346784804	0.224746125947131
aligned_OG0004844_pruned	0.0719835719775704	70	0.467134681573107	0.7281116094488	0.330557888103603
aligned_OG0004846_pruned	0.337364736391238	60	0.00164606619591948	0.0335714509033327	2.78355270378688
aligned_OG0004847_pruned	-0.221563784560952	27	0.174231388248025	0.453754174105247	-0.758873602973919
aligned_OG0004848_pruned_1	-0.119110000076512	29	0.447884478264112	0.715769729201273	-0.348833988060004
aligned_OG0004849_pruned	-0.11541619380319	74	0.230270493819187	0.520359858937772	-0.637761707682629
aligned_OG0004851_pruned	0.0877074474892447	82	0.336586543285935	0.625159726625767	0.472903251085941
aligned_OG0004852_pruned_1	-0.059868434008925	31	0.69263278404196	0.867250094687792	-0.159496956056044
aligned_OG0004852_pruned_2	0.265657430865147	40	0.0447542904310419	0.227235696393596	1.34916532411993
aligned_OG0004854_pruned	0.0696162606844616	76	0.463203822443806	0.725289943077005	0.334227865387263
aligned_OG0004855_pruned	-0.189781477529615	84	0.03528431353956	0.199478494036172	-1.45241832739751
aligned_OG0004856_pruned	-0.108145390726175	67	0.285479131594499	0.577221204426422	-0.54442563300342
aligned_OG0004857_pruned	-0.135959597499805	70	0.169625231729819	0.447478736313338	-0.770509546029846
aligned_OG0004859_pruned	0.0117246403968842	67	0.907812843730333	0.966478040464662	0.0420036771541392
aligned_OG0004866_pruned	0.133962180397264	31	0.376430225187125	0.662346174380729	0.424315512489807
aligned_OG0004867_pruned_1	-0.175050164393881	18	0.389577686756563	0.673276794985647	-0.409405925499807
aligned_OG0004867_pruned_2	0.0129550055126259	26	0.937947456842939	0.976575923534025	0.0278214898110414
aligned_OG0004868_pruned	0.00852147619174778	66	0.933444004231144	0.974674572609631	0.0299117295443915
aligned_OG0004869_pruned_1	-0.339859982481474	40	0.0102425045316348	0.101605661178648	-1.98959383522802
aligned_OG0004869_pruned_2	0	21	1	1	0
aligned_OG0004871_pruned	0.215037807701945	45	0.0840093448499231	0.318247679423668	1.07567240214018
aligned_OG0004872_pruned	-0.432135815701443	18	0.0336720688563458	0.19449592818879	-1.47273019916606
aligned_OG0004873_pruned	-0.194309103793185	82	0.0332650070136915	0.193368078626958	-1.47801238065
aligned_OG0004875_pruned	-0.0634664969753142	79	0.495118159402207	0.744829796526892	-0.3052911447985
aligned_OG0004877_pruned	0.0762628856904586	74	0.427956178818798	0.700528088574566	0.368600698910944
aligned_OG0004878_pruned	-0.0441948872029669	60	0.680090995133796	0.859230007907196	-0.167432975469352
aligned_OG0004879_pruned	0.381668684913367	73	8.16427376682425e-05	0.00483285181270304	4.08808244082176
aligned_OG0004882_pruned	0.155413195558916	83	0.086652695002619	0.323547831955933	1.06221792566137
aligned_OG0004884_pruned_1	-0.144088322477875	24	0.406975413438649	0.68604194679923	-0.390431826967546
aligned_OG0004884_pruned_2	0.124837556786472	22	0.493187256885258	0.744311144446712	0.306988153357555
aligned_OG0004884_pruned_3	-0.0820483682466308	26	0.621977731148727	0.827775885848558	-0.206225164203643
aligned_OG0004885_pruned	-0.0934432311693075	52	0.418200328571101	0.695662918054875	-0.378615630302278
aligned_OG0004887_pruned	0.0644254126565331	80	0.485816764468636	0.740101651285481	0.313527502724387
aligned_OG0004889_pruned	0.0501265952441367	57	0.648792640638496	0.842471388498185	0.187894085042613
aligned_OG0004890_pruned	0.0626010293313203	83	0.49010991423407	0.742170953094517	0.309706512232117
aligned_OG0004891_pruned	-0.131968914232928	73	0.173146437871787	0.453118861457655	-0.761586438729247
aligned_OG0004893_pruned	0.17195250809268	78	0.0663197822001632	0.280442832708019	1.17835690871566
aligned_OG0004894_pruned	-0.15087349917139	60	0.159234137518276	0.436011767254698	-0.797963820100318
aligned_OG0004895_pruned	0.359728756672831	73	0.000204763905433616	0.00887432140156046	3.68874659580428
aligned_OG0004896_pruned	-0.130693325543483	23	0.462358730089593	0.724859565400628	-0.335020937767127
aligned_OG0004897_pruned_1	-0.0764820165973064	47	0.52957512278143	0.766872806080269	-0.276072424422795
aligned_OG0004897_pruned_2	-0.245236540848641	22	0.178259717805826	0.458301202452054	-0.74894678532234
aligned_OG0004898_pruned	-0.0628595238670595	37	0.648531758758964	0.84245490375094	-0.188068751552068
aligned_OG0004899_pruned	-0.0413468043662066	70	0.676189332377598	0.856679054992394	-0.169931684984164
aligned_OG0004900_pruned	0.00151614961585112	80	0.986913475940778	0.998571014219678	0.00572092085481516
aligned_OG0004901_pruned	-0.00717106760918539	78	0.9389586234082	0.976930228213076	-0.0273535451368943
aligned_OG0004902_pruned	0.22824559600582	28	0.153498488436854	0.428865116772345	0.813895896843249
aligned_OG0004903_pruned	-0.0967334771801655	65	0.346918595781257	0.634334322117674	-0.459772420167356
aligned_OG0004904_pruned	0.057294909905668	67	0.571482233683357	0.79529872897176	0.242997266464177
aligned_OG0004905_pruned	0.0223944209693215	74	0.815937879020575	0.930291841081868	0.0883429047578502
aligned_OG0004907_pruned	0.0182802832369027	19	0.926235636313624	0.972999770838645	0.0332785138229813
aligned_OG0004913_pruned	-0.0228217732293819	16	0.916359140273489	0.968270540229821	-0.0379342838970566
aligned_OG0004928_pruned	0.148237998122442	35	0.29656668856635	0.588202110977919	0.527877632081336
aligned_OG0004932_pruned	0	58	1	1	0
aligned_OG0004933_pruned	-0.128973555575113	19	0.513629113393124	0.754282689514993	-0.289350367673548
aligned_OG0004936_pruned	-0.0996453523750655	53	0.383286235765494	0.667473590674135	-0.416476776462908
aligned_OG0004937_pruned	-0.18315009429485	54	0.105640335461995	0.356591229716638	-0.976170228356233
aligned_OG0004938_pruned_1	-0.0441510785688348	19	0.823063273758121	0.933736942385927	-0.0845667767103056
aligned_OG0004938_pruned_2	-0.304348821466759	40	0.0214903177479195	0.154158624160199	-1.6677571631429
aligned_OG0004939_pruned	0.0136244334056571	65	0.894607425893678	0.962843557713506	0.0483675011876604
aligned_OG0004941_pruned	-0.140701880580232	60	0.189266980956592	0.472583295042848	-0.722925145355466
aligned_OG0004942_pruned	-0.0999817947749496	30	0.516530914330951	0.755977791571997	-0.286903680878987
aligned_OG0004948_pruned	0.0418696533156217	22	0.818225785432995	0.931005148263422	0.0871268383370242
aligned_OG0004951_pruned	0.0067806350362081	30	0.964909079328249	0.987013704238098	0.0155136070772622
aligned_OG0004955_pruned	0.0645792335810362	71	0.511098140149735	0.75299049157469	0.29149569940903
aligned_OG0004956_pruned	-0.145910923101986	64	0.15929011137172	0.436011767254698	-0.797811184085842
aligned_OG0004959_pruned	0.029634297289897	78	0.751653073322067	0.897529940106897	0.123982562476323
aligned_OG0004960_pruned	-0.320444812779035	72	0.00102263340204641	0.0244323327338611	-2.99028002611415
aligned_OG0004963_pruned	0.0553814800295751	78	0.554245156089714	0.7837364500853	0.256298093779917
aligned_OG0004964_pruned_1	-0.0503234237397598	27	0.757620723683397	0.900522011116002	-0.120548154308045
aligned_OG0004964_pruned_2	-0.232699375445473	54	0.0397956564591426	0.212740216357575	-1.40016432689033
aligned_OG0004965_pruned	-0.0766341313209486	38	0.573064158497497	0.796465423248735	-0.241796753038533
aligned_OG0004967_pruned	0.130089917713974	44	0.301555749696854	0.593573239670936	0.520632386517152
aligned_OG0004968_pruned_2	-0.394096804027227	30	0.0105585304499568	0.103510467689201	-1.97639652326873
aligned_OG0004969_pruned	0.229623688004726	55	0.0405523405247833	0.214579644884409	1.39198407492597
aligned_OG0004970_pruned	-0.0719793925982342	78	0.442096601981342	0.71214720332437	-0.354482823131728
aligned_OG0004974_pruned	-0.21360437466239	69	0.0322068639307455	0.18958667856935	-1.49205156154726
aligned_OG0004975_pruned	0.233350004247579	84	0.00964374934533053	0.0994562875118294	2.01575408607502
aligned_OG0004976_pruned	-0.0911563818750217	75	0.340056923527922	0.627723608117431	-0.468448378531778
aligned_OG0004977_pruned	-0.207087755180901	57	0.0598961214510966	0.265916866027704	-1.22260129926215
aligned_OG0004987_pruned	0.161877848663762	51	0.165028054200118	0.441591055726224	0.782442220945815
aligned_OG0004989_pruned	-0.175926349690141	46	0.152739013084202	0.42838687946416	-0.816050019897293
aligned_OG0004992_pruned	0.157855904186339	75	0.0985065500483591	0.345874449952668	1.00653489076857
aligned_OG0004994_pruned	-0.103453733339985	72	0.289011438846614	0.58021885517971	-0.539084967867496
aligned_OG0004995_pruned	-0.24476500957022	57	0.0261561543477047	0.170800860812231	-1.58242610852602
aligned_OG0004996_pruned	-0.17991789288248	64	0.0826530232682526	0.315185746527073	-1.08274125625217
aligned_OG0004998_pruned	-0.0263859909268609	69	0.791336780100661	0.919445447066693	-0.101638648472484
aligned_OG0004999_pruned	0.175366702637299	84	0.0517521344584116	0.245477062535306	1.28607173351561
aligned_OG0005002_pruned	0.197738929556055	31	0.191694602051888	0.475222471072454	0.71739011629296
aligned_OG0005003_pruned	0.0720907296989593	77	0.444409495394639	0.713662447280187	0.352216670357993
aligned_OG0005004_pruned_2	-0.0965609099170535	27	0.553745778412028	0.783400571861758	-0.256689571684178
aligned_OG0005004_pruned_3	0.108465228909328	18	0.593954675326915	0.813044555565946	0.226246694760302
aligned_OG0005006_pruned	-0.0946762136662302	35	0.504985075093846	0.750672995459022	-0.29672145732722
aligned_OG0005007_pruned_1	-0.25302403842553	28	0.113597326305412	0.370233721051791	-0.944631890319286
aligned_OG0005007_pruned_2	-0.0617213399848368	21	0.741181505873604	0.890812569208602	-0.130075425830808
aligned_OG0005008_pruned	0.158237554425847	71	0.107364465206615	0.359411802836488	0.969139434821623
aligned_OG0005009_pruned	-0.126173322797899	62	0.231188919388765	0.520603679125199	-0.63603298497312
aligned_OG0005010_pruned_1	-0.130358981479174	18	0.521702489086929	0.760510928946968	-0.282577091216786
aligned_OG0005010_pruned_2	0.245543673146205	46	0.0459588978933181	0.230849429908078	1.33763039435689
aligned_OG0005011_pruned	-0.203528475005446	59	0.0597680419288895	0.265824799524099	-1.22353097192954
aligned_OG0005013_pruned	-0.126962391112565	34	0.378639258896663	0.663184229817312	-0.421774358575464
aligned_OG0005015_pruned	0.14792478599562	63	0.156966988253578	0.434977412279957	0.804191674513011
aligned_OG0005016_pruned	0.0513055915023675	61	0.629247409227979	0.83044233942159	0.201178563877032
aligned_OG0005018_pruned	-0.00392326590891	55	0.972085553404751	0.990570300372687	-0.0122955110649619
aligned_OG0005019_pruned	0.124093628624803	73	0.200237385929072	0.483016562940116	0.698454833016242
aligned_OG0005022_pruned	0.138526307178351	64	0.181473854962566	0.463017850948405	0.74118593516441
aligned_OG0005023_pruned	0.0336051406354975	23	0.850106739138526	0.942438496701501	0.0705265409815816
aligned_OG0005024_pruned	-0.0289489722866616	48	0.80988461706675	0.927471307656138	-0.0915768499369103
aligned_OG0005025_pruned	-0.157062143132669	47	0.196705602458947	0.480125206672341	-0.70618327057199
aligned_OG0005030_pruned_1	0.150741184213091	44	0.231266043155483	0.520603679125199	0.635888130103639
aligned_OG0005030_pruned_2	-0.239045721866879	21	0.200825122695145	0.48343729548298	-0.697181959030021
aligned_OG0005031_pruned_1	0.137604403411365	36	0.325374775005017	0.614434791772743	0.487616119195004
aligned_OG0005031_pruned_2	-0.0297044262893002	25	0.861263883621309	0.947832880387961	-0.0648637641768873
aligned_OG0005035_pruned	0.0992562867851939	68	0.323248441567862	0.612590292310151	0.490463560245278
aligned_OG0005036_pruned_1	-0.162650012158089	28	0.309108117147131	0.60093915162099	-0.509889590258853
aligned_OG0005037_pruned	0.246385418106686	66	0.0157508924647698	0.129584461057615	1.80269483352239
aligned_OG0005038_pruned	-0.332249319622494	34	0.0212257226401832	0.153389486242635	-1.67313751506274
aligned_OG0005040_pruned	-0.0696162606844616	76	0.463203822443806	0.725289943077005	-0.334227865387263
aligned_OG0005042_pruned_1	0.17046943731892	18	0.402104337837481	0.683727623492457	0.395661241772195
aligned_OG0005042_pruned_2	0.108821437516502	20	0.570750388058174	0.79529872897176	0.243553784557015
aligned_OG0005045_pruned_1	-0.0684216689640539	51	0.557322057957055	0.786712272971175	-0.253893767890409
aligned_OG0005045_pruned_2	-0.0701932977195551	18	0.730090731592921	0.88727967771142	-0.136623164836298
aligned_OG0005047_pruned	0.0731484565838489	81	0.425799448291756	0.699671808398166	0.370794905612589
aligned_OG0005057_pruned	0.131828159541961	70	0.182967045274526	0.46547276612293	0.737627125265425
aligned_OG0005059_pruned	-0.0161448151174178	74	0.866730467231853	0.951031924139442	-0.0621159368870356
aligned_OG0005060_pruned	-0.101056510431805	17	0.63042750153589	0.830931698371131	-0.200364849603587
aligned_OG0005061_pruned	-0.00902667799590688	53	0.937048650067544	0.975919213437533	-0.0282378606518253
aligned_OG0005064_pruned_1	0.125723711418742	31	0.40648344235658	0.68604194679923	0.390957140204292
aligned_OG0005064_pruned_2	0.103807770494687	41	0.42692690287171	0.699933693398698	0.369646477192783
aligned_OG0005066_pruned	-0.0669308521141788	74	0.486620098443124	0.740101651285481	-0.312809957750689
aligned_OG0005067_pruned	-0.584306547468143	22	0.00133973885141896	0.0293874362376342	-2.87297984823275
aligned_OG0005068_pruned	0.346349555644087	19	0.0794106259989422	0.309768810397525	1.10012138039487
aligned_OG0005069_pruned	-0.111941025943799	47	0.357512635783081	0.645268969589659	-0.446708604061813
aligned_OG0005070_pruned	0.0180775381515547	18	0.92919926746507	0.974275248375257	0.0318911412480433
aligned_OG0005072_pruned	0.0659653582982344	68	0.511508168016538	0.75299049157469	0.29114742686641
aligned_OG0005073_pruned	-0.012885806209176	73	0.894189165574809	0.962816867457555	-0.0485705965565367
aligned_OG0005075_pruned	-0.042876537368393	79	0.644889783074283	0.840023441702569	-0.190514503493127
aligned_OG0005076_pruned	-0.00927967337497113	68	0.926418488527982	0.972999770838645	-0.0331927863178927
aligned_OG0005077_pruned	0.0674422384519909	59	0.532762135097689	0.769321503295852	0.273466649270369
aligned_OG0005078_pruned	0.261866918223737	78	0.00516691279022313	0.0670479170716394	2.2867688686352
aligned_OG0005081_pruned	-0.0245625375394537	27	0.880268436104859	0.957459588180382	-0.0553848704159578
aligned_OG0005082_pruned_1	-0.232032011546538	46	0.0593019246866473	0.264768027477922	-1.22693121106701
aligned_OG0005082_pruned_2	0.164234670435408	14	0.483522059868049	0.738337665801397	0.315583707185084
aligned_OG0005083_pruned	-0.0554700196225229	26	0.738882680363527	0.889941118992976	-0.131424513317679
aligned_OG0005084_pruned	-0.27613331750989	64	0.0077310814751169	0.086740133642461	-2.1117597498303
aligned_OG0005085_pruned	0.0953841919537504	72	0.328277950914571	0.616346508666579	0.483758286072698
aligned_OG0005086_pruned	0.259409840936853	77	0.00592456972533752	0.0729235707097077	2.22734318501357
aligned_OG0005087_pruned_1	0.13912166872805	32	0.350201389179296	0.63799872988247	0.455682135489278
aligned_OG0005087_pruned_2	0.367116472601483	48	0.00228193725331545	0.0408225679149626	2.64169630159769
aligned_OG0005088_pruned	0.137114610240484	61	0.196963671731418	0.480432996273519	0.705613868363659
aligned_OG0005089_pruned_1	0.145194869154934	40	0.272684850864783	0.564039317939343	0.564338988822513
aligned_OG0005089_pruned_2	0.312771621085612	24	0.0718606382258516	0.294107536212719	1.14350892995443
aligned_OG0005090_pruned	-0.0986726409949131	72	0.311876913707267	0.603026324907061	-0.506016772150912
aligned_OG0005091_pruned	-0.243262919485736	49	0.0410120143998546	0.216226268533919	-1.38708889881162
aligned_OG0005092_pruned	-0.118552435481394	77	0.208517134195159	0.493567377787697	-0.680858252533534
aligned_OG0005095_pruned	0.256871176434655	79	0.0057612954168322	0.0719209119101525	2.23947985526979
aligned_OG0005096_pruned	0.0938286781573944	68	0.350412981843153	0.63799872988247	0.455419812782468
aligned_OG0005097_pruned_1	0.317005695276029	35	0.0256011291775558	0.169103037625531	1.59174087903321
aligned_OG0005097_pruned_2	-0.260501226890876	18	0.200411074940543	0.483016562940116	-0.69807828254199
aligned_OG0005098_pruned_1	0.250469310771003	31	0.0981808126896523	0.345006996714941	1.00797337735765
aligned_OG0005098_pruned_2	-0.138197498205696	18	0.496979395778165	0.745092163474556	-0.303661616267347
aligned_OG0005101_pruned	0.0871650165662484	60	0.416074213712093	0.69367265677272	0.380829198865944
aligned_OG0005104_pruned	0.288858709051822	78	0.0020377079685434	0.0386969223728658	2.69085805621663
aligned_OG0005117_pruned	0.178945390806855	75	0.0610874059506979	0.268910158843429	1.21404831659687
aligned_OG0005118_pruned	0.0888523316638639	20	0.643428843563621	0.839420428236288	0.191499474488224
aligned_OG0005120_pruned	0.070985415597425	71	0.470100759874129	0.729629742068168	0.327809046814568
aligned_OG0005122_pruned	0.0483650833406675	20	0.80105937086971	0.92353008422521	0.0963352947952075
aligned_OG0005127_pruned_1	-0.060100250696476	26	0.717981666733777	0.880071467253978	-0.143886645086402
aligned_OG0005127_pruned_2	-0.175918641482512	20	0.359396770820519	0.64723420438887	-0.444425829344824
aligned_OG0005128_pruned	-0.0611072213076323	69	0.540055813258548	0.773664236722573	-0.267561354736986
aligned_OG0005130_pruned_1	0	25	1	1	0
aligned_OG0005130_pruned_2	0.398461927783687	47	0.00105581944352476	0.0247981334461413	2.97641034447774
aligned_OG0005133_pruned	0.00713648812050917	22	0.968752430219047	0.988852718971664	0.0137871950101256
aligned_OG0005134_pruned	0.308226408097747	29	0.0495346134356267	0.239642206262324	1.30509122185947
aligned_OG0005135_pruned	0.231529233032554	64	0.0255264632789837	0.168961981031164	1.59300935303054
aligned_OG0005137_pruned	-0.255923965316638	19	0.194924452513657	0.477217531523853	-0.710133676913015
aligned_OG0005138_pruned	0.0754197147761815	58	0.489287639929262	0.742033598484682	0.310435754970323
aligned_OG0005139_pruned	-0.001163270512024	70	0.9906243625193	1	-0.00409099557666756
aligned_OG0005140_pruned	0.225970239651803	71	0.0214839496711097	0.154158624160199	1.66788587368552
aligned_OG0005141_pruned	0.0349982536307147	46	0.776054349583282	0.911510198308739	0.110107862636694
aligned_OG0005142_pruned	-0.218448029068133	76	0.0213409998201199	0.153845366029993	-1.67078523785488
aligned_OG0005143_pruned	-0.0208785662089659	72	0.830559921804754	0.936948715261429	-0.0806290293530189
aligned_OG0005145_pruned	0.170601562173924	64	0.0998399427165318	0.347151204832411	1.00069567683935
aligned_OG0005146_pruned	0.127591830280972	58	0.242100655922286	0.532266816990232	0.616004033924465
aligned_OG0005147_pruned	0.370326116998122	76	9.52780692561899e-05	0.00533630478657168	4.02100705211175
aligned_OG0005148_pruned	-0.140916940964145	68	0.160791741661848	0.436423159830753	-0.793736260580049
aligned_OG0005149_pruned	-0.124694779053212	68	0.214616906322026	0.501415576297337	-0.66833606972718
aligned_OG0005150_pruned	0.145606770013857	54	0.198298708304164	0.481110594855921	0.702680114731666
aligned_OG0005151_pruned	-0.0515034684935401	64	0.619326784863689	0.826849466005669	-0.208080137063009
aligned_OG0005152_pruned	0.124997093665353	69	0.210075040786658	0.495250196421394	0.677625543465232
aligned_OG0005153_pruned	0.280337181933167	64	0.00684804750492553	0.0796495748935507	2.16443323561837
aligned_OG0005154_pruned	-0.0487738242822808	83	0.590785263514744	0.811511586770065	-0.228570346220699
aligned_OG0005155_pruned	0.12786155071117	59	0.236954648685905	0.525995974720144	0.625334766690967
aligned_OG0005157_pruned	0.017506825687317	67	0.862725976977406	0.949011608758497	0.0641271250082597
aligned_OG0005158_pruned	0.218280890142462	66	0.0324189954957122	0.190148786007276	1.48920044591649
aligned_OG0005159_pruned	-0.136697294285943	38	0.314785596014843	0.60380073415077	-0.501985148340897
aligned_OG0005161_pruned	-0.339925775537869	62	0.00125677263434116	0.0285064222761307	-2.90074328443214
aligned_OG0005163_pruned	0.112070233142041	32	0.451720986717485	0.717804562263206	0.34512973187857
aligned_OG0005165_pruned	-0.213390989232709	64	0.0395537900122909	0.212226341252388	-1.40281189642513
aligned_OG0005166_pruned_1	-0.0983322674173318	28	0.538621614854175	0.77309174188303	-0.268716222362424
aligned_OG0005166_pruned_2	-0.289035696251772	43	0.0233334733912695	0.161707490823842	-1.63202060786799
aligned_OG0005167_pruned	-0.21382190431124	70	0.0307771120035407	0.185043891410223	-1.51177213498442
aligned_OG0005169_pruned	0.025617351897966	43	0.840692660305486	0.939264159305194	0.0753627441883336
aligned_OG0005178_pruned	0.091570154350104	24	0.598203283254512	0.81625151899852	0.223151207661431
aligned_OG0005181_pruned	0.287527316392648	16	0.18578872162136	0.468558254979259	0.730980653562383
aligned_OG0005182_pruned	0.088	50	0.455057690498658	0.719807743758577	0.341933541635216
aligned_OG0005184_pruned_1	-0.279710907596496	35	0.0488846339161812	0.238046159791728	-1.31082763278106
aligned_OG0005184_pruned_2	0.0301940542438559	27	0.853100388979009	0.943411897350572	0.0689998600232189
aligned_OG0005186_pruned	-0.161549885707325	65	0.116223994474708	0.376234080464064	-0.934704202477418
aligned_OG0005187_pruned	-0.158556904002817	55	0.157299207050285	0.434977412279957	-0.80327346666186
aligned_OG0005188_pruned	-0.12964990999028	59	0.230460270347925	0.52046564156428	-0.637403932989482
aligned_OG0005189_pruned	0.104364350036707	75	0.274706162695452	0.565809213744154	0.561131597606715
aligned_OG0005190_pruned	0.184637236468999	33	0.207578442335624	0.492305745487192	0.682817751309226
aligned_OG0005192_pruned_1	-0.157930841742051	35	0.266105098597362	0.557557186442415	-0.574946804247985
aligned_OG0005192_pruned_2	-0.188128033165568	25	0.268359528829253	0.559156899512649	-0.571282979305615
aligned_OG0005193_pruned	-0.00903657280091178	64	0.930538631609961	0.974275248375257	-0.0312655922841365
aligned_OG0005194_pruned	0.10219508723336	72	0.294918388138185	0.587013259801595	0.530298148377392
aligned_OG0005196_pruned	-0.00375124280505286	48	0.975130787333221	0.991728021724394	-0.0109371315754665
aligned_OG0005197_pruned	-0.0170823581063513	66	0.867046456555721	0.951031924139442	-0.0619576322985588
aligned_OG0005198_pruned	0.0458697756105546	78	0.624249424405273	0.828199719222812	0.204641849421515
aligned_OG0005200_pruned_1	0.355597640606961	33	0.0152178724742095	0.127211629718392	1.81764605960852
aligned_OG0005200_pruned_2	0.020806259464412	22	0.909072872160142	0.966621100628522	0.0414013019171591
aligned_OG0005202_pruned	-0.171498585142509	18	0.399269143171066	0.681612809244672	-0.398734252210763
aligned_OG0005203_pruned	0.0826062557586298	76	0.384047084050696	0.668550452885278	0.415615528002596
aligned_OG0005204_pruned	0.283419439421022	57	0.0100213497162931	0.101340899006014	1.99907378197553
aligned_OG0005207_pruned	-0.0929530802955923	69	0.351310479268239	0.63836202303993	-0.454308895410102
aligned_OG0005208_pruned	0.00395707433439892	69	0.968349837909808	0.988765040101777	0.0139677158052877
aligned_OG0005210_pruned	0.265185181817653	69	0.00783636680794535	0.0871092927154963	2.10588524356319
aligned_OG0005211_pruned	0.35389898255787	65	0.000579314546663926	0.0173955387894383	3.23708556617287
aligned_OG0005212_pruned	0.0397497368549979	38	0.770051377919423	0.907680764550967	0.113480297681398
aligned_OG0005214_pruned	0.0737286042301541	63	0.480538790172699	0.736697813225681	0.318271549352358
aligned_OG0005216_pruned	0.111745693891081	20	0.560444273919883	0.788368384546111	0.251467563679634
aligned_OG0005217_pruned	-0.0170194394465001	66	0.867531625399026	0.951031924139442	-0.0617146842766441
aligned_OG0005218_pruned	-0.0903076395188677	75	0.344572218079942	0.632265705604854	-0.462719741458421
aligned_OG0005219_pruned	0.156623831299788	18	0.441408571571827	0.711658698400236	0.355159237666884
aligned_OG0005220_pruned	0.315119542343842	75	0.000973497738923693	0.0239460710712953	3.01166505284873
aligned_OG0005221_pruned	0.0304538987952314	78	0.745020011935866	0.893950347215728	0.12783206153816
aligned_OG0005222_pruned	0.124269871737878	65	0.226919691166486	0.517129650447867	0.644127816173712
aligned_OG0005225_pruned	-0.127720311786577	71	0.193730051557237	0.475735605282443	-0.712803005955282
aligned_OG0005226_pruned	-0.185096247285785	62	0.0790130236564888	0.309131555745779	-1.10230131838075
aligned_OG0005227_pruned	-0.293887343348258	39	0.0284597369163106	0.178266870314665	-1.54576911888008
aligned_OG0005228_pruned_1	0.142059917573608	37	0.302965164051764	0.594739649355862	0.518607305259585
aligned_OG0005228_pruned_2	0.0693745935094321	34	0.630466581587964	0.830931698371131	0.200337928625528
aligned_OG0005229_pruned	0.14727088268157	63	0.158808635106543	0.436011767254698	0.799125886813434
aligned_OG0005230_pruned	0.185158625192825	71	0.0595528738529584	0.265405683317036	1.22509727585431
aligned_OG0005231_pruned	-0.303821247763899	73	0.00171271156409316	0.0345436368370146	-2.76631576994173
aligned_OG0005233_pruned	-0.0900745459664987	51	0.4397997684477	0.711322127704247	-0.356745003628963
aligned_OG0005234_pruned	0.038602219227932	74	0.688243203066248	0.865406446088703	0.162258068907241
aligned_OG0005236_pruned	0.0331184383379118	64	0.749376282455832	0.896812740394627	0.12530005632036
aligned_OG0005237_pruned	-0.365215071528493	35	0.0101207040052231	0.101382954573712	-1.99478927653284
aligned_OG0005255_pruned_1	0.158655679740622	23	0.372276194504177	0.659176213300227	0.429134734197999
aligned_OG0005255_pruned_2	-0.288557744026503	44	0.0219306070681305	0.156392507407501	-1.65894934631198
aligned_OG0005256_pruned_1	-0.0147965587206158	29	0.924886018613606	0.972292102443787	-0.0339117856796322
aligned_OG0005256_pruned_2	-0.401741925170939	23	0.0238684421645744	0.163640421280853	-1.62217592541751
aligned_OG0005257_pruned	-0.0313112145542575	17	0.881497452191014	0.957794799194564	-0.0547789386125126
aligned_OG0005260_pruned	-0.206958155494766	22	0.25594899644248	0.546179555421365	-0.591846568947679
aligned_OG0005262_pruned	0.0862010802120869	51	0.459718597037694	0.722797219550168	0.337507927340649
aligned_OG0005263_pruned	0.177274197475194	63	0.0898552337336668	0.330589164636093	1.04645662177756
aligned_OG0005264_pruned	0.125684525578574	69	0.207578442335624	0.492305745487192	0.682817751309226
aligned_OG0005265_pruned	0.0941431128305246	58	0.388084142326436	0.671333010282438	0.411074102791619
aligned_OG0005272_pruned_1	-0.306312194490894	19	0.120819386535671	0.383721144938058	-0.917863373745183
aligned_OG0005272_pruned_2	-0.289240610424875	18	0.155131568727114	0.431847849978672	-0.809299815797544
aligned_OG0005274_pruned	-0.0216461259546902	49	0.855718135319143	0.944739113077289	-0.0676692638672315
aligned_OG0005275_pruned	0.418946379022858	49	0.000432932534745047	0.0144595494746729	3.3635797758655
aligned_OG0005277_pruned_1	-0.155107208989358	39	0.247557169326221	0.536910109365904	-0.606324491858326
aligned_OG0005277_pruned_2	-0.133184250412607	30	0.387518451139447	0.670673126395605	-0.411707614351802
aligned_OG0005278_pruned	-0.113642161262124	64	0.272992474656643	0.564354971032088	-0.563849324608109
aligned_OG0005280_pruned	0.0407430470440306	67	0.687392345610955	0.865151887362724	0.162795308214844
aligned_OG0005282_pruned	0.240941571582595	72	0.013534001835931	0.119236995917231	1.8685737689391
aligned_OG0005283_pruned	0.0392756294919233	66	0.70030354877783	0.870452835388467	0.154713672865597
aligned_OG0005286_pruned	-0.0965362531665169	42	0.454338793226618	0.718826760861148	-0.342620179837423
aligned_OG0005287_pruned	-0.145570345670235	46	0.236733535632831	0.525840036017211	-0.625740215629659
aligned_OG0005288_pruned	-0.147735355027048	70	0.135604020357611	0.405019813983663	-0.867727434412593
aligned_OG0005289_pruned	-0.110179100827284	72	0.258804727000249	0.547619069249874	-0.587027795656443
aligned_OG0005290_pruned_1	-0.159778401322386	26	0.336980382355839	0.625159726625767	-0.472395381272868
aligned_OG0005290_pruned_2	0.297030285326098	23	0.0948436579936144	0.340361248300043	1.02299170421088
aligned_OG0005291_pruned	-0.0922402328326212	63	0.377476341514768	0.662875214190477	-0.423110262767421
aligned_OG0005292_pruned	0.241768621286254	73	0.012578014717154	0.114497285907621	1.90038790145236
aligned_OG0005294_pruned	0.103335070849132	69	0.300131365981444	0.592049979872905	0.522688615168845
aligned_OG0005295_pruned	0.0859050588986762	69	0.38902926010244	0.672648312231267	0.410017732805058
aligned_OG0005296_pruned	0.174077655955698	66	0.0880074378099876	0.326878116406184	1.05548062258468
aligned_OG0005297_pruned	-0.074646726685719	65	0.467946906690422	0.728853974950744	-0.329803419232319
aligned_OG0005298_pruned	-0.116923884524636	68	0.244572611152119	0.533744222034632	-0.611592179726167
aligned_OG0005299_pruned	0.146110186137211	68	0.145919361884504	0.418777640473423	0.835887078211415
aligned_OG0005300_pruned_1	0.0669461927004578	35	0.637351888233937	0.836136774456089	0.195620723201686
aligned_OG0005300_pruned_2	0.0746047096952991	22	0.682162362999652	0.860707176848021	0.166112245632924
aligned_OG0005301_pruned	0.00791816447454595	71	0.935782636990394	0.975066376221978	0.0288250172002794
aligned_OG0005302_pruned	-0.215821422891442	75	0.0238951496808003	0.163669411877617	-1.62169024468527
aligned_OG0005303_pruned	0.313621361450967	75	0.0010292898440041	0.0244910436411563	2.98746231238373
aligned_OG0005304_pruned	0.194317906308319	53	0.0890924533123106	0.329280280490829	1.05015908186243
aligned_OG0005305_pruned	0.0217623636951613	66	0.831111327751677	0.936948715261429	0.080340798370036
aligned_OG0005306_pruned	-0.158844148735885	74	0.0987258167913175	0.345920438911252	-1.00556926451474
aligned_OG0005307_pruned	-0.0848555291627663	32	0.568811400413337	0.795221929034084	-0.245031707835627
aligned_OG0005310_pruned	0.226455406828919	27	0.164914822553301	0.441450302577422	0.782740308189302
aligned_OG0005311_pruned	-0.103166872259337	74	0.283567296018698	0.575540653652859	-0.547343858036268
aligned_OG0005315_pruned	-0.0110940039245046	26	0.94684707139927	0.979997079841189	-0.0237201597619623
aligned_OG0005320_pruned	0.267196393873139	74	0.00548124686878072	0.0692863862006814	2.26112063738505
aligned_OG0005321_pruned_1	0.145622276087156	23	0.412830332378143	0.691787721529404	0.384228400769183
aligned_OG0005321_pruned_2	0.0605551097264313	34	0.674549355869586	0.856044729171431	0.170986268086062
aligned_OG0005322_pruned	0.160144495914004	72	0.100732278973423	0.347597973083172	0.996831340432282
aligned_OG0005339_pruned	0.034236839400873	26	0.836995730048049	0.938422230110218	0.0772767575638494
aligned_OG0005340_pruned	-0.0557884939170482	35	0.694439800635591	0.868061399693754	-0.158365396268966
aligned_OG0005341_pruned	-0.286458005168044	66	0.00499496570001535	0.0660042563735241	-2.30146748968929
aligned_OG0005342_pruned	0.178571428571429	50	0.129557878436133	0.396515726310837	0.887536172355475
aligned_OG0005343_pruned	0.0547208423117133	23	0.758288758433211	0.900522011116002	0.120165382344722
aligned_OG0005345_pruned	-0.241640963341377	63	0.0207763658994044	0.151880241077875	-1.68243041480863
aligned_OG0005346_pruned	-0.298556196500987	36	0.0328581827677209	0.191564783614106	-1.48335645903165
aligned_OG0005347_pruned	0.159587740758157	68	0.11223510570988	0.368178797514936	0.949871280054682
aligned_OG0005349_pruned	0.0786856184720549	64	0.447849629764779	0.715769729201273	0.348867780478613
aligned_OG0005351_pruned	-0.358883168729224	22	0.0488437961392833	0.238046159791728	-1.31119059005321
aligned_OG0005354_pruned_1	-0.275067684517443	44	0.0289301569516988	0.178487461993304	-1.53864921021404
aligned_OG0005354_pruned_2	-0.195180014589707	15	0.386476230771232	0.670303343555346	-0.412877211091908
aligned_OG0005356_pruned	0.0834872925825218	38	0.539254571086942	0.77309174188303	0.26820616483567
aligned_OG0005357_pruned	-0.179923481023296	59	0.0960783365492029	0.34224382016377	-1.01737452469087
aligned_OG0005358_pruned	-0.0170473808498256	37	0.901621820455886	0.965966520709138	-0.0449755863265118
aligned_OG0005360_pruned	0.405092703792369	60	0.000157130333919676	0.00750775222436169	3.8037399665689
aligned_OG0005362_pruned	0.0578774339942158	48	0.630531195371583	0.830931698371131	0.200293421949595
aligned_OG0005363_pruned	0.119254119842969	64	0.250007806548912	0.539481721340556	0.602046430175233
aligned_OG0005364_pruned	0.107753409402746	60	0.314732713493566	0.60380073415077	0.50205811393026
aligned_OG0005365_pruned	-0.094907476304978	51	0.415655615079645	0.693508545004899	-0.381266348250903
aligned_OG0005366_pruned	-0.1074307240379	61	0.312052446214278	0.603026324907061	-0.505772408586388
aligned_OG0005367_pruned	-0.100845418050804	55	0.368403108860894	0.656150449025481	-0.433676713558158
aligned_OG0005368_pruned	-0.281387128385115	20	0.142650091522999	0.414624876797986	-0.845727945367433
aligned_OG0005369_pruned	0.295273969038891	70	0.00285681952083993	0.0471857690445181	2.54411719524173
aligned_OG0005370_pruned	0.0319291657524552	61	0.763830927276033	0.904595475194665	0.117002761158566
aligned_OG0005371_pruned	0.0258761594236944	76	0.785106822931248	0.915567770482606	0.105071248409765
aligned_OG0005372_pruned	-0.162423431555343	77	0.0848785591917278	0.320532732757185	-1.07120200116601
aligned_OG0005373_pruned	0.171429999422852	61	0.106709988020129	0.35793041516084	0.971794928850925
aligned_OG0005374_pruned_1	-0.373519053752929	26	0.0247957396806565	0.166473142714797	-1.6056229317594
aligned_OG0005375_pruned	-0.292317253158538	67	0.00388866791699465	0.056175864957743	-2.41019914298643
aligned_OG0005376_pruned	-0.143199205675215	55	0.201519668878324	0.483543276297121	-0.695682559108767
aligned_OG0005378_pruned	0.414028088403649	58	0.000147180905517152	0.00719210854409652	3.8321485294444
aligned_OG0005379_pruned	-0.156674904037277	64	0.130713834796159	0.39838897582235	-0.883678444112993
aligned_OG0005380_pruned_1	-0.192153784566105	26	0.248213078989924	0.536910109365904	-0.605175338133423
aligned_OG0005380_pruned_2	-0.228294166813314	29	0.145766811813112	0.418504793695296	-0.836341344928414
aligned_OG0005383_pruned_2	0.0716114874039433	40	0.588506355271711	0.80908511569738	0.230248842855327
aligned_OG0005384_pruned	0.188722143588012	60	0.0782755725743787	0.307977485341023	1.10637374689874
aligned_OG0005392_pruned_1	-0.200159619796818	37	0.146672888202717	0.419794841653549	-0.833650156041642
aligned_OG0005392_pruned_2	-0.293401502848768	26	0.0778796448802839	0.30791568230855	-1.1085760374664
aligned_OG0005393_pruned	0.199714896505093	27	0.220671361919847	0.507648715999496	0.656254024641652
aligned_OG0005395_pruned	-0.128419056601003	66	0.208197236275306	0.492970431648943	-0.681525039851183
aligned_OG0005396_pruned	0.0252057057657382	72	0.796150564109472	0.921557957829399	0.0990047928421211
aligned_OG0005397_pruned	-0.0805146186474056	55	0.472675593511587	0.731714135153386	-0.325436821807282
aligned_OG0005398_pruned	-0.176493332347978	61	0.0967526267426395	0.34296780687106	-1.01433723546308
aligned_OG0005399_pruned	-0.187186017198068	67	0.0644965282504244	0.275910236305135	-1.190463662144
aligned_OG0005404_pruned_1	0	17	1	1	0
aligned_OG0005404_pruned_2	-0.257132681931364	21	0.168823810894705	0.446172837431704	-0.77256630053677
aligned_OG0005415_pruned	-0.435285750066007	20	0.0233422020128908	0.161707490823842	-1.63185817669946
aligned_OG0005416_pruned	0.0937725441869316	65	0.36187794738337	0.65035711696772	0.441437881720556
aligned_OG0005417_pruned	-0.357830026747796	15	0.112351197690464	0.368178797514936	-0.949422293537803
aligned_OG0005419_pruned	0.150715141122055	32	0.31151480355771	0.602907837507625	0.506521310318892
aligned_OG0005420_pruned_1	0.032917948466898	35	0.816698667990873	0.930453736924284	0.0879381527311811
aligned_OG0005421_pruned	0.319221199034531	24	0.0661925797221935	0.280321479619201	1.1791906928311
aligned_OG0005424_pruned	-0.0727392967453308	21	0.697091610005963	0.869245420868885	-0.156710144275458
aligned_OG0005426_pruned	0.0542857142857143	50	0.644929410673995	0.840023441702569	0.190487817508029
aligned_OG0005427_pruned_1	-0.0795242772487544	23	0.654720846018577	0.845366639450481	-0.183943831116022
aligned_OG0005427_pruned_2	0.0898257274918234	38	0.508899935657949	0.752345265284371	0.293367604036117
aligned_OG0005428_pruned	0.10356041286059	63	0.321750338238892	0.611355229485763	0.492480987872816
aligned_OG0005429_pruned	-0.301538063647742	57	0.00614926837397726	0.0751221862935041	-2.21117655252471
aligned_OG0005430_pruned	0.0296956935458249	28	0.852683684334643	0.943411897350572	0.0692120469395618
aligned_OG0005434_pruned	0.0583589046120736	66	0.567368392123028	0.794424858278417	0.246134862246393
aligned_OG0005435_pruned	-0.0916431354811544	66	0.369118880730082	0.656659185840534	-0.432833739721243
aligned_OG0005437_pruned	-0.0255537588700475	45	0.837313681030784	0.938422230110218	-0.0771118127118838
aligned_OG0005438_pruned	0.0543273842846626	63	0.603199406633836	0.819563177995724	0.219539094352768
aligned_OG0005439_pruned	-0.00542885284987047	65	0.957901482380765	0.984262022751107	-0.0186791546568672
aligned_OG0005440_pruned	0.330442569260361	56	0.00293037096861026	0.0477412310389296	2.53307739690795
aligned_OG0005443_pruned	0.243516976895351	68	0.0153719513017476	0.127620498777679	1.8132710000479
aligned_OG0005445_pruned	-0.0453344595620943	72	0.642195818572561	0.839165067305603	-0.19233252651286
aligned_OG0005448_pruned	0.1913516987854	65	0.0628009072803169	0.272546520717946	1.20203408199546
aligned_OG0005449_pruned	0.156125957796567	63	0.135223924401773	0.404671349596922	0.868946464337608
aligned_OG0005450_pruned	0.0602491892595692	52	0.601691118952493	0.818838649256247	0.22062639871009
aligned_OG0005452_pruned	0.0134271538882394	40	0.919202904240941	0.969818337310287	0.0365886121550386
aligned_OG0005453_pruned_1	0.29594318436238	29	0.0593361198809086	0.264768027477922	1.22668085655989
aligned_OG0005453_pruned_2	-0.295669035915987	30	0.0550652988277183	0.254720737461637	-1.25912199960973
aligned_OG0005455_pruned	-0.341899717000497	43	0.00730240006060476	0.0834674644289846	-2.13653437799356
aligned_OG0005456_pruned	0.228664780190012	18	0.261054189579657	0.54999964770288	0.583269332536674
aligned_OG0005457_pruned	0.312222720171393	61	0.00330315117679265	0.051714405089337	2.48107154930453
aligned_OG0005458_pruned	0.195790104449718	66	0.0550108231137514	0.254630516904783	1.25955185675745
aligned_OG0005460_pruned_1	-0.0459133628766788	23	0.796253414737639	0.921557957829399	-0.0989486921780576
aligned_OG0005460_pruned_2	-0.120267558860591	36	0.390029079838822	0.673896945967362	-0.408903011581916
aligned_OG0005461_pruned_1	-0.454302547425943	30	0.00320243890655527	0.0504696053649976	-2.49451914661029
aligned_OG0005463_pruned	0.14142135623731	25	0.405380556458942	0.685589184299417	0.392137085502642
aligned_OG0005464_pruned	-0.125684525578574	69	0.207578442335624	0.492305745487192	-0.682817751309226
aligned_OG0005465_pruned	-0.212942425524952	61	0.0450924026842733	0.228423376503865	-1.34589662331571
aligned_OG0005467_pruned	-0.137388671456788	72	0.159104295270539	0.436011767254698	-0.798318095732972
aligned_OG0005469_pruned	0.0861304055645221	61	0.417659511941556	0.695194028068869	0.379177623352606
aligned_OG0005472_pruned	0.176448528778214	23	0.321061992253906	0.611150945255083	0.493411103749578
aligned_OG0005473_pruned	-0.0171643837094334	66	0.866414028374646	0.951031924139442	-0.0622745245309632
aligned_OG0005474_pruned	0.089416653903722	56	0.420813161959221	0.696837780477233	0.37591068502146
aligned_OG0005475_pruned	-0.29562370436595	53	0.00969308248983343	0.0995107200459493	-2.01353809132469
aligned_OG0005480_pruned_1	-0.149209419390598	22	0.412770233630431	0.691787721529404	-0.3842916288134
aligned_OG0005480_pruned_2	-0.0656971589231884	41	0.615109592179891	0.825550522135087	-0.211047500421685
aligned_OG0005494_pruned	0.273604211558566	23	0.123891319166877	0.388281193463404	0.90695912276034
aligned_OG0005500_pruned_1	0.133143264336728	27	0.414216178242525	0.692516186861958	0.382772942660716
aligned_OG0005500_pruned_2	0.187812056606337	21	0.31487864133642	0.60380073415077	0.501856797173323
aligned_OG0005502_pruned	-0.170750237888493	28	0.285634112305983	0.577374228678473	-0.544189927492577
aligned_OG0005503_pruned	-0.205263595359754	32	0.168098272585568	0.444901316864964	-0.77443674944221
aligned_OG0005506_pruned	0.0746225838516996	70	0.45096497715142	0.717804562263206	0.345857184996744
aligned_OG0005509_pruned	-0.019322453990007	32	0.896764361842694	0.963740416026075	-0.0473216592919889
aligned_OG0005511_pruned	0.206129137530702	46	0.0938536978273043	0.338786229044716	1.02754861154177
aligned_OG0005513_pruned	-0.0158325124095281	33	0.913943557214316	0.968197736079941	-0.0390806243397721
aligned_OG0005514_pruned	-0.225937230878197	60	0.0350311833350081	0.198687007539921	-1.4555451921946
aligned_OG0005516_pruned	0.237635410314402	25	0.162075789739707	0.43755054693912	0.790281853551921
aligned_OG0005517_pruned	-0.0373500256081201	23	0.833634883024682	0.937624786695385	-0.0790241208341794
aligned_OG0005518_pruned	0.0710840911067426	42	0.581678210172956	0.803795606048451	0.235317204688639
aligned_OG0005519_pruned	0.247215968949458	68	0.0138817861954135	0.120756613248274	1.85755464880178
aligned_OG0005521_pruned	-0.0879153740381674	57	0.424417221583372	0.698188384624611	-0.372207002040058
aligned_OG0005522_pruned	0.168217472196827	55	0.133516286247588	0.402392859786663	0.874465756051774
aligned_OG0005523_pruned	-0.161492580839061	66	0.113497464778226	0.370188068568765	-0.945013839308952
aligned_OG0005524_pruned	-0.277173946873433	25	0.102943398943582	0.351267677750981	-0.987401496489267
aligned_OG0005525_pruned	0.181962095178179	50	0.12243574498953	0.38546194001131	0.912091771852207
aligned_OG0005526_pruned	0.352924274372381	71	0.000329163995171902	0.0121621641821915	3.48258767514059
aligned_OG0005527_pruned	-0.0301940542438559	27	0.853100388979009	0.943411897350572	-0.0689998600232189
aligned_OG0005528_pruned	-0.0642123463937023	60	0.549104763701469	0.780922344758904	-0.260344788597512
aligned_OG0005529_pruned	-0.054739883524782	55	0.625379574076274	0.82846236280986	-0.203856307632307
aligned_OG0005530_pruned	0.191498507729756	67	0.0585811052541126	0.263340882433237	1.23224243871051
aligned_OG0005533_pruned	-0.0799782337384848	61	0.451692481883136	0.717804562263206	-0.345157137917332
aligned_OG0005536_pruned	0.0152450100786895	53	0.893886702517885	0.962816867457555	0.0487175232504184
aligned_OG0005537_pruned	0.0351865775274498	65	0.732249388147859	0.887717492520861	0.135340982533519
aligned_OG0005538_pruned	0.0158460896180509	60	0.882465683286275	0.958560739968278	0.0543021741545123
aligned_OG0005539_pruned	-0.128091484322564	52	0.267118270313489	0.558394523730265	-0.573296406156962
aligned_OG0005540_pruned	0.254486669127215	70	0.0101486855116231	0.101382954573712	1.9935902052402
aligned_OG0005541_pruned	-0.0191114589462175	68	0.849153690762742	0.942438496701501	-0.0710136984375035
aligned_OG0005542_pruned	-0.0765086972674404	58	0.483037205364657	0.738333410303992	-0.316019416945645
aligned_OG0005545_pruned	0.0444931231658306	52	0.699891357519405	0.870452835388467	0.154969369259562
aligned_OG0005546_pruned	0.203079767832154	60	0.0581272155420384	0.262546064740435	1.23562048047886
aligned_OG0005548_pruned	0.190787510907415	58	0.0802693149725346	0.311535651553851	1.09545044332593
aligned_OG0005549_pruned	0.237325946138852	63	0.0231628573817488	0.161695843333186	1.63520786685387
aligned_OG0005552_pruned	0.270326050867315	60	0.0116641246914999	0.10966490087434	1.93314784631855
aligned_OG0005554_pruned	-0.0719581419973677	65	0.484126356067367	0.738358608824152	-0.3150412735189
aligned_OG0005555_pruned	0.153971633800032	69	0.122615004489579	0.38546194001131	0.911456381625881
aligned_OG0005556_pruned	-0.0341406909421136	50	0.77196030907785	0.909131602160686	-0.112405028668933
aligned_OG0005557_pruned	0.0971756104874456	60	0.364591961878114	0.652569042474914	0.438192910421749
aligned_OG0005564_pruned	-0.204218709177196	48	0.0896738926987681	0.330262608727195	-1.04733397732592
aligned_OG0005566_pruned	-0.585395376677655	23	0.000994649336780238	0.0241820812735347	-3.00233000261435
aligned_OG0005567_pruned	-0.00439388029104872	51	0.969939268248101	0.989509291314897	-0.0132554577857607
aligned_OG0005568_pruned_1	0.18490006540841	25	0.276658424108866	0.566943424130777	0.558056101201521
aligned_OG0005568_pruned_2	0.257947111150226	19	0.191418425237607	0.474861176884163	0.718016260948477
aligned_OG0005569_pruned	0.0960681190751792	58	0.378455690227935	0.663025957783829	0.421984960591852
aligned_OG0005570_pruned	-0.190153075416611	59	0.078613615322685	0.308231412581836	-1.10450223071082
aligned_OG0005571_pruned	0.149607866307899	61	0.159186655990258	0.436011767254698	0.798093340321256
aligned_OG0005572_pruned	-0.0459423548500113	48	0.70261332831145	0.871971835937312	-0.153283616062334
aligned_OG0005573_pruned	-0.401022085988157	20	0.0366827744024653	0.203572622274657	-1.43553782507085
aligned_OG0005589_pruned	0.241825416703337	19	0.220671361919847	0.507648715999496	0.656254024641652
aligned_OG0005591_pruned	0.0875533476987412	23	0.622460655893454	0.827938625422039	0.205888093980606
aligned_OG0005592_pruned	-0.021828877472389	55	0.845629464240728	0.941441609959747	-0.0728198933280767
aligned_OG0005593_pruned	0.15518461420109	35	0.274508325681233	0.565681856416742	0.561444479109756
aligned_OG0005595_pruned	-0.117407244890944	33	0.422917534182494	0.697644444417261	-0.373744308608502
aligned_OG0005596_pruned	0.0942536356387182	39	0.482275108504501	0.737698543071696	0.316705152587985
aligned_OG0005599_pruned	0.17734256966246	44	0.159025213404245	0.436011767254698	0.798534012948577
aligned_OG0005601_pruned	0.218959534099128	55	0.0508241471616104	0.243231059534683	1.2939299001688
aligned_OG0005602_pruned	-0.241199330431588	35	0.0894293590289935	0.329855705719403	-1.04851988197463
aligned_OG0005603_pruned	0.0807844527428007	54	0.475401332828694	0.733175750202128	0.322939605024044
aligned_OG0005611_pruned	0.141609810657281	40	0.284701857674903	0.576450007155441	0.545609699079503
aligned_OG0005612_pruned	0.427854757983663	24	0.013804790907555	0.120230481576445	1.859970166959
aligned_OG0005616_pruned	0.0762614927992009	59	0.480581701702956	0.736697813225681	0.318232769114145
aligned_OG0005618_pruned	0.079343181192751	64	0.444064484515141	0.713423104976775	0.352553959534901
aligned_OG0005621_pruned	-0.230057260157061	49	0.0533001667596569	0.24936228360813	-1.27327143219884
aligned_OG0005625_pruned	-0.0634905662265237	67	0.530619295961239	0.768045658771272	-0.275216960955432
aligned_OG0005626_pruned	0.0542857142857143	50	0.644929410673995	0.840023441702569	0.190487817508029
aligned_OG0005627_pruned	0.237455640635357	47	0.0509619369677633	0.243231059534683	1.29275407363926
aligned_OG0005628_pruned	0.248179675184684	53	0.0298953852483609	0.181951948642916	1.52439584565045
aligned_OG0005632_pruned	0.209022435279639	64	0.0437749390456268	0.22492966209683	1.35877444997704
aligned_OG0005633_pruned	-0.171338305556389	54	0.13008977921932	0.397803833700533	-0.885756823369379
aligned_OG0005634_pruned	-0.213722214118279	70	0.0308551644489794	0.185054738346803	-1.51067213458118
aligned_OG0005635_pruned	0.394208263992722	66	0.000111848514778958	0.00598800761842349	3.95136977846575
aligned_OG0005637_pruned	-0.0257870510368847	65	0.802015853590714	0.923897694878157	-0.0958170468543459
aligned_OG0005638_pruned	0.246169732133299	42	0.0564001554598534	0.258432682129133	1.24871969893752
aligned_OG0005640_pruned	0.142624448887378	59	0.187109016184746	0.470096876066644	0.727905284734414
aligned_OG0005641_pruned	0.359356993125094	60	0.000799967155842121	0.0212575213930164	3.09692784341974
aligned_OG0005642_pruned	-0.178957557055912	64	0.084305617187357	0.319038045083756	-1.07414348786399
aligned_OG0005643_pruned	0.199036850065632	59	0.0656279520978359	0.27862222695297	1.18291114757129
aligned_OG0005644_pruned	0.167203566314607	59	0.121979031567491	0.385169247518566	0.913714818974417
aligned_OG0005647_pruned	0.0342478580607719	48	0.775942749856853	0.911510198308739	0.110170320415089
aligned_OG0005648_pruned	-0.159790349073964	49	0.179518536853588	0.460399600856278	-0.745890700079696
aligned_OG0005649_pruned	-0.251566382564219	56	0.0235229358010138	0.162341701959413	-1.62850847670249
aligned_OG0005653_pruned	0.095246127802124	27	0.559157294390959	0.787867108973145	0.252466005214075
aligned_OG0005654_pruned	0.187761358250276	39	0.161592561509405	0.436423159830753	0.791578634711009
aligned_OG0005657_pruned	-0.185812625295291	60	0.0829829398482082	0.31568244308215	-1.08101118342319
aligned_OG0005676_pruned	-0.286445949615773	13	0.241566586968973	0.532016430647638	-0.616963136683878
aligned_OG0005677_pruned	-0.186870636860463	55	0.0955637882951709	0.341274063985984	-1.01970664248141
aligned_OG0005678_pruned	0.010182663499532	32	0.94548605100936	0.979997079841189	0.0243448740260809
aligned_OG0005679_pruned	0.0547448901451359	22	0.763794840443074	0.904595475194665	0.11702327968183
aligned_OG0005680_pruned	-0.00518058226800174	24	0.976215202177238	0.992158415278123	-0.0104544335466554
aligned_OG0005681_pruned	0.00942809041582063	25	0.955764014039165	0.983870745966232	0.0196493253515625
aligned_OG0005683_pruned	0.0880291537476698	47	0.469330961571927	0.729235751430901	0.328520794612774
aligned_OG0005685_pruned	-0.0416439744620245	58	0.702618003561233	0.871971835937312	-0.153280726238949
aligned_OG0005686_pruned	-0.312868066919895	34	0.0300410999389913	0.182538543640246	-1.52228416991391
aligned_OG0005687_pruned	-0.205460456982085	47	0.0912556131689906	0.333647759968935	-1.03974041242389
aligned_OG0005688_pruned	0.162285814364177	59	0.133346735140118	0.402392859786663	0.875017613104878
aligned_OG0005689_pruned	0.201025375765161	57	0.0677786015461445	0.284015151808363	1.16890739606309
aligned_OG0005690_pruned	-0.186682164158086	32	0.20999967175561	0.495250196421394	-0.677781384098647
aligned_OG0005691_pruned	0.0905125644402841	32	0.543326934213293	0.775983406827576	0.264938765258444
aligned_OG0005692_pruned_1	0.011973686801785	31	0.936987331971481	0.975919213437533	0.0282662807152884
aligned_OG0005692_pruned_2	-0.118912873538624	17	0.571299621499449	0.79529872897176	-0.243136063670512
aligned_OG0005693_pruned	-0.13903633941862	46	0.258441409624945	0.547289265117938	-0.587637898839633
aligned_OG0005699_pruned	-0.0526684928017701	62	0.61722340228033	0.826023348598955	-0.209557615841986
aligned_OG0005700_pruned_1	-0.00669461927004578	35	0.96240128706151	0.986380035345559	-0.0166438048667384
aligned_OG0005700_pruned_2	0.106032369665006	23	0.550984987585094	0.782012026239194	0.25886023399354
aligned_OG0005701_pruned	0.016489709436668	48	0.891003470231072	0.961963265615482	0.0501206044936858
aligned_OG0005703_pruned	0.114419172181565	56	0.302959754117632	0.594739649355862	0.518615060360821
aligned_OG0005704_pruned	0.116078095185647	30	0.451366865475046	0.717804562263206	0.345470325341376
aligned_OG0005705_pruned_1	-0.158381791098151	28	0.321976253645626	0.611355229485763	-0.492176157158079
aligned_OG0005705_pruned_2	0.0130493382114379	30	0.932526329615048	0.974275248375257	0.0303388971652854
aligned_OG0005708_pruned	-0.116978105209955	42	0.364599761679433	0.652569042474914	-0.438183619557458
aligned_OG0005709_pruned	-0.1920221032217	51	0.0995801294234729	0.346578834766877	-1.00182731361124
aligned_OG0005710_pruned	0.223743852906652	61	0.0352536277590415	0.199478494036172	1.45279618549055
aligned_OG0005714_pruned	-0.405555140445339	55	0.000297737946232597	0.0114096315079976	-3.52616581167771
aligned_OG0005715_pruned	0.00674037117465637	43	0.957820676701684	0.984262022751107	0.0187157919744299
aligned_OG0005716_pruned	-0.113569622554351	61	0.285208531289958	0.576994530792493	-0.544837487807769
aligned_OG0005717_pruned	0.0346958137553666	63	0.739911911325603	0.890168312353225	0.130819981218197
aligned_OG0005718_pruned	0.0544977336226285	65	0.596177163541144	0.814861259197123	0.224624663556681
aligned_OG0005719_pruned	0.0906845312637515	20	0.636601632563601	0.835604198070232	0.196132251966266
aligned_OG0005720_pruned	-0.0361550763031094	49	0.761354445802197	0.903131593334278	-0.118413111930095
aligned_OG0005721_pruned	0.19686182655502	26	0.23681217938476	0.525840036017211	0.625595965363086
aligned_OG0005722_pruned	0.260289603147677	50	0.0271376205703131	0.173828281932892	1.56642823399702
aligned_OG0005724_pruned	0.242550124876964	54	0.0321216452739511	0.18958667856935	1.49320221821594
aligned_OG0005726_pruned	-0.186511774238248	22	0.305936624627487	0.597832679525694	-0.514368529156182
aligned_OG0005727_pruned	-0.155282238223613	64	0.134169832403848	0.402973095442134	-0.872345122716627
aligned_OG0005729_pruned	0.0412452297040089	64	0.690738342584295	0.866653556896463	0.160686435827354
aligned_OG0005732_pruned	-0.146219834941229	64	0.158408952008459	0.435551631343347	-0.800220279198422
aligned_OG0005733_pruned	-0.0568024162020558	68	0.571869050578797	0.79529872897176	-0.242703406734594
aligned_OG0005735_pruned	-0.165635337217228	56	0.135908397847371	0.405106883353407	-0.86675370716676
aligned_OG0005736_pruned	-0.0258639911528153	63	0.80454682246728	0.925600227268173	-0.0944486760553884
aligned_OG0005741_pruned	-0.269272374632728	51	0.0209194238080206	0.152314324746198	-1.67945028158504
aligned_OG0005742_pruned	0.208686229665164	62	0.0476703806561614	0.235499477935992	1.32175138014323
aligned_OG0005744_pruned	0.105812810278304	54	0.349870693560325	0.63799872988247	0.456092434076328
aligned_OG0005745_pruned	0.0599001314974654	69	0.548089799431524	0.780776911178215	0.261148280562037
aligned_OG0005747_pruned	0.179471895411007	63	0.0859445626605291	0.322041726741985	1.06578159403481
aligned_OG0005749_pruned	-0.0773820023639934	53	0.498366736421976	0.74560899305346	-0.302450952445356
aligned_OG0005750_pruned	0.0698405410488598	55	0.533332229768867	0.769321503295852	0.273002170699589
aligned_OG0005770_pruned	-0.220847116289638	55	0.0488615875954966	0.238046159791728	-1.3110324261722
aligned_OG0005772_pruned	-0.0775403508665392	22	0.670378740664756	0.853923654790078	-0.173679766690401
aligned_OG0005773_pruned	0.229968335017017	40	0.0823277238050021	0.314801261920532	1.08445389178625
aligned_OG0005778_pruned	0.029738085706659	50	0.800701694868253	0.92353008422521	0.0965292522082656
aligned_OG0005779_pruned	-0.111943415709911	21	0.549144678638317	0.780922344758904	-0.260313220474355
aligned_OG0005780_pruned	-0.306007944442485	45	0.0139382896155268	0.120895608943335	-1.85579051577261
aligned_OG0005781_pruned	0.200988245617455	44	0.11045785431304	0.365013104573916	0.95680339737033
aligned_OG0005788_pruned	-0.0385570154169504	41	0.767929371712555	0.906534143815978	-0.114678721226322
aligned_OG0005789_pruned_1	0.329180479919129	25	0.0527785883914334	0.247579839420942	1.27754222953865
aligned_OG0005789_pruned_2	-0.271537693320852	32	0.0682474883780013	0.284762156378354	-1.16591332675821
aligned_OG0005790_pruned	0.0399576184729599	55	0.721546104289815	0.881880649755579	0.141735913774991
aligned_OG0005791_pruned	-0.237467845072989	20	0.216020580955459	0.50253015767127	-0.665504870286154
aligned_OG0005792_pruned	-0.0834662263060886	44	0.507431068811369	0.751971303674708	-0.29462294547011
aligned_OG0005793_pruned	-0.238590122838156	54	0.0350389866685058	0.198687007539921	-1.45544846216834
aligned_OG0005794_pruned	-0.238447874703073	43	0.0613463752201195	0.269236261589928	-1.21221109338372
aligned_OG0005796_pruned	0.0402955513648471	61	0.704552900585115	0.872970408860364	0.152086392803484
aligned_OG0005797_pruned	0.213877749299292	61	0.0441574762454829	0.22549249876804	1.35499575602119
aligned_OG0005798_pruned	0.0884596523173029	62	0.401231460663311	0.682721725891463	0.396605021173076
aligned_OG0005800_pruned	-0.160467624514295	57	0.144847044933108	0.41718543670426	-0.83909036053848
aligned_OG0005801_pruned	-0.277486509387185	57	0.0116959892132537	0.10966490087434	-1.93196304091858
aligned_OG0005803_pruned	0.147482690158787	52	0.201348365242509	0.483543276297121	0.696051892100949
aligned_OG0005804_pruned	-0.105224223390855	64	0.310107053212393	0.602103854517183	-0.508488355863974
aligned_OG0005805_pruned	0.145848382742277	60	0.173587143316033	0.453754174105247	0.760482443869612
aligned_OG0005807_pruned	0.0312603567087739	48	0.795031008564001	0.921168168897914	0.0996159322421329
aligned_OG0005808_pruned	0.116752773242358	49	0.326729212936716	0.615324119369453	0.48581203341552
aligned_OG0005809_pruned	-0.197239798171373	59	0.0681014636115982	0.284315800777549	-1.16684355428971
aligned_OG0005814_pruned	-0.0582671582316751	33	0.69084703258166	0.866653556896463	-0.160618103508498
aligned_OG0005815_pruned	-0.1283047463233	59	0.235333266509586	0.524596986988202	-0.628316676987358
aligned_OG0005816_pruned	0.140007872540364	54	0.216106268625165	0.50253015767127	0.665332635292451
aligned_OG0005818_pruned	-0.0597330175359699	57	0.587321136726167	0.808192859603087	-0.231124369328405
aligned_OG0005819_pruned	0.0786208395935236	56	0.479058656706233	0.736237956483173	0.319611307620459
aligned_OG0005821_pruned	-0.0342493872625371	55	0.760000672500724	0.9022607038118	-0.119186023425492
aligned_OG0005822_pruned	0.241910667644951	46	0.0492707023845686	0.238841533996035	1.30741124654246
aligned_OG0005823_pruned	0.25704199702635	51	0.0274863361115103	0.174327537654971	1.56088314711911
aligned_OG0005824_pruned	-0.147544631624273	45	0.235796987714345	0.52502687080983	-0.627461747279072
aligned_OG0005825_pruned	-0.0202392246906305	63	0.846450596876591	0.941492025031845	-0.0723983844304139
aligned_OG0005826_pruned	0.299970154439674	54	0.00804463191568923	0.0884787990606243	2.09449382237193
aligned_OG0005827_pruned	0.127207038118791	51	0.275272398444203	0.56617467035939	0.560237333119321
aligned_OG0005829_pruned	0.211472349734914	58	0.052530248911183	0.247577683402994	1.27959054131574
aligned_OG0005832_pruned	-0.254256690465491	55	0.0233422020128908	0.161707490823842	-1.63185817669946
aligned_OG0005835_pruned	-0.148055023065996	24	0.39418282486305	0.676619709183643	-0.404302302506353
aligned_OG0005836_pruned	0.318326524788914	54	0.00491784217987369	0.0652218741560298	2.30822541246386
aligned_OG0005837_pruned	0.0425793590017724	22	0.815199877744741	0.929749597729117	0.0887358941326268
aligned_OG0005838_pruned	0.0849411985729376	55	0.448681851977015	0.716572179040282	0.348061496202679
aligned_OG0005839_pruned	-0.0407884270515895	55	0.716004795504331	0.878683788314012	-0.145084068957376
aligned_OG0005843_pruned	0.059272015165418	63	0.570635768082713	0.79529872897176	0.243641009766044
aligned_OG0005844_pruned	-0.167481588122215	58	0.124671212440375	0.389991842684801	-0.904233816943417
aligned_OG0005845_pruned	0.212691266008455	47	0.0804214611794939	0.311793748055322	1.09462804045437
aligned_OG0005848_pruned	0.0122532704003351	53	0.914621387899687	0.968270540229821	0.0387586471077445
aligned_OG0005849_pruned	0.226284834989009	51	0.0522886611497936	0.247056289313204	1.2815924781302
aligned_OG0005850_pruned	-0.164437304282292	55	0.142467887720837	0.414591802755961	-0.846283014653785
aligned_OG0005871_pruned	-0.0302775548632157	34	0.833701808689181	0.937624786695385	-0.0789892563140744
aligned_OG0005877_pruned	-0.269458298846489	42	0.03675923018297	0.203686419301526	-1.43463359224754
aligned_OG0005879_pruned	0.228982149919693	18	0.260392943610483	0.549383083867844	0.584370788892448
aligned_OG0005883_pruned	0.193778410287952	42	0.133129773053595	0.402039766737131	0.8757248083351
aligned_OG0005885_pruned	0.0680309130337461	40	0.607285765812561	0.822020386852809	0.216606898198211
aligned_OG0005887_pruned	0.0141568664288229	45	0.909432853005991	0.966654102589288	0.0412293610815359
aligned_OG0005888_pruned_1	0.16239958858823	21	0.384820773523065	0.669345449599005	0.414741491772159
aligned_OG0005888_pruned_2	0.358568582800318	21	0.0550088336292657	0.254630516904783	1.25956756344405
aligned_OG0005889_pruned	0.266649865062097	32	0.0733659268028147	0.297946292406483	1.1345055918175
aligned_OG0005890_pruned	-0.221869849098561	54	0.0499739991593452	0.240489549160074	-1.30125589483718
aligned_OG0005891_pruned	-0.302775548632157	34	0.0357673324220088	0.200324574895881	-1.44651344893692
aligned_OG0005893_pruned	0.0532490535293655	47	0.661612390125497	0.850644501589925	0.17939637027421
aligned_OG0005894_pruned	-0.0385237409796199	55	0.731144066197412	0.887434430150024	-0.135997040292513
aligned_OG0005898_pruned	0.231460503968281	58	0.0338366863659214	0.194754872276896	1.47061217410401
aligned_OG0005899_pruned	-0.456726837400325	30	0.00304323886160007	0.0484853876396282	-2.51666395884668
aligned_OG0005900_pruned	0.220297037798888	35	0.120846299525033	0.383721144938058	0.917766643729347
aligned_OG0005902_pruned	-0.353152308909317	22	0.0525628253410155	0.247577683402994	-1.27932129875584
aligned_OG0005903_pruned	0.384588153321621	48	0.00139324833203151	0.0299360395626072	2.85597146819995
aligned_OG0005904_pruned	0.397385296389195	54	0.000446695131435796	0.0146503930269551	3.34998878091095
aligned_OG0005910_pruned	0.332057428400882	56	0.00279445766026684	0.0468812124986241	2.55370246613459
aligned_OG0005911_pruned	0.131815794012899	60	0.218755775704778	0.505964749367099	0.660040471683475
aligned_OG0005912_pruned	0.029174467527939	62	0.78189796538722	0.914413199787184	0.106849916966378
aligned_OG0005915_pruned	0.421809223536276	18	0.0381517101734152	0.208076855260401	1.41848598976072
aligned_OG0005916_pruned	-0.0781078762746399	51	0.502922621667626	0.749750124562241	-0.298498829194217
aligned_OG0005917_pruned	0.290292821914426	58	0.00778204280154482	0.0869898605254252	2.10890638488879
aligned_OG0005918_pruned	0.188134714204445	52	0.103120703647257	0.351565997693172	0.986654132222938
aligned_OG0005920_pruned	-0.142321396244144	58	0.191963726139302	0.475404044224577	-0.716780828722779
aligned_OG0005921_pruned	0.160375255558547	58	0.141478273306681	0.412691072444534	0.849310249238657
aligned_OG0005922_pruned	0.188449735909296	51	0.106039433328682	0.356622887986579	0.974532601788474
aligned_OG0005923_pruned	-0.0149049151439524	50	0.899317111394235	0.964945705662291	-0.046087143144536
aligned_OG0005924_pruned	-0.0226509862861167	55	0.839892873271269	0.939264159305194	-0.0757761038358381
aligned_OG0005926_pruned	0.2385620649654	59	0.0273463592943845	0.173848085535251	1.56310048445323
aligned_OG0005929_pruned	-0.12566863775935	57	0.253537224894911	0.543422000135368	-0.595958267574883
aligned_OG0005930_pruned	0.0913563797608952	57	0.406512998623473	0.68604194679923	0.390925562886174
aligned_OG0005931_pruned	0.247363014997111	55	0.0273629866808677	0.173848085535251	1.56283650094944
aligned_OG0005933_pruned	0.341500109873156	26	0.0401540900597921	0.213558750712452	1.39627021128369
aligned_OG0005935_pruned	-0.0325126092686972	62	0.757684187661035	0.900522011116002	-0.12051177607803
aligned_OG0005936_pruned	0.136895578400329	62	0.193927108429926	0.475735605282443	0.712361478086667
aligned_OG0005941_pruned	-0.0277144731540801	42	0.829923127399601	0.936848107069223	-0.0809621327953643
aligned_OG0005942_pruned_1	0.099321708930132	26	0.550608072617563	0.781711708016227	0.25915742558424
aligned_OG0005942_pruned_2	-0.202999485735288	21	0.277341759644543	0.567704625238099	-0.55698473331523
aligned_OG0005943_pruned	0.0558572704941072	43	0.661178771669188	0.850644501589925	0.179681098680342
aligned_OG0005944_pruned_1	0.0362738125055006	20	0.850106739138526	0.942438496701501	0.0705265409815816
aligned_OG0005944_pruned_2	0.18516401995451	25	0.275973318013738	0.566176874741625	0.559132904889697
aligned_OG0005947_pruned	0.0581915561425467	57	0.59700197620562	0.815348337071824	0.224024231259617
aligned_OG0005948_pruned	0.171425450571272	58	0.116039712139042	0.376234080464064	0.935393357227016
aligned_OG0005949_pruned	0.0480381264851071	45	0.699497942201768	0.870380698829025	0.15521355878721
aligned_OG0005951_pruned	0.245842176717901	45	0.0482224365533905	0.23675492956523	1.31675084964172
aligned_OG0005952_pruned	0.142801109459083	51	0.220671361919847	0.507648715999496	0.656254024641653
aligned_OG0005954_pruned	-0.0813602040924124	49	0.494337875890776	0.744829796526892	-0.30597611286478
aligned_OG0005955_pruned	-0.00755796693168262	39	0.955068072673685	0.983710657396675	-0.0199656728843697
aligned_OG0005964_pruned	0.16289594138375	20	0.396065820708938	0.678052019887556	0.402232634288402
aligned_OG0005965_pruned	0.300499290570139	21	0.107821928159968	0.360115348134279	0.967292906028558
aligned_OG0005966_pruned	0.255195872901554	20	0.183669858854299	0.465633789107991	0.735962107751218
aligned_OG0005968_pruned	-0.0736752424251776	50	0.531701683009936	0.768881818072562	-0.274331964999398
aligned_OG0005969_pruned	-0.113275721950721	41	0.385985051570965	0.670106646564582	-0.413429514359211
aligned_OG0005970_pruned_1	0.152380491669656	20	0.427262856745706	0.699933693398698	0.369304860076608
aligned_OG0005970_pruned_2	-0.168325082306035	25	0.322008969245694	0.611355229485763	-0.492132031286587
aligned_OG0005974_pruned	-0.385164443259822	26	0.0206375582439722	0.151626701891384	-1.68534168804774
aligned_OG0005978_pruned	-0.0882424315781592	49	0.458550101286085	0.722350343458241	-0.338613206289796
aligned_OG0005980_pruned	-0.22027597548608	32	0.139100765440064	0.408878753802627	-0.85667048017703
aligned_OG0005981_pruned	-0.168358757425368	36	0.22886900026455	0.519449872483226	-0.640413027446781
aligned_OG0005983_pruned	-0.140186599549843	54	0.215520587946247	0.501985093037949	-0.666511236851868
aligned_OG0005984_pruned_1	-0.553446041641282	17	0.00841545873800215	0.0914521717483488	-2.07492220506513
aligned_OG0005984_pruned_2	-0.0175411603861406	26	0.916051072281896	0.968270540229821	-0.0380803125855493
aligned_OG0005988_pruned	0.220751751419192	60	0.0394351547118379	0.211902111776304	1.40411645101228
aligned_OG0005989_pruned	0.165074139991448	37	0.231316398916068	0.520603679125199	0.635793577318875
aligned_OG0005991_pruned	0.476939953992704	58	1.22803853134843e-05	0.00137926460470743	4.91078800641189
aligned_OG0005992_pruned	0.249445258970655	37	0.0704881336193932	0.291604602774319	1.15188398850333
aligned_OG0005993_pruned	-0.179428571428571	50	0.127727754184228	0.39411641558457	-0.893714723884562
aligned_OG0005994_pruned	0.318417374260193	59	0.00322802763090688	0.0507630003901361	2.49106275650913
aligned_OG0005996_pruned	-0.0537215309350254	22	0.768082561900943	0.906534143815978	-0.114592094746067
aligned_OG0005997_pruned	0.180098489079723	33	0.218969618938279	0.506015696548547	0.659616137409857
aligned_OG0005998_pruned	-0.156489266657033	52	0.175179324128199	0.45414166697682	-0.756517153572716
aligned_OG0005999_pruned	0.190329034562663	56	0.0866173328595808	0.323547831955933	1.06239519329378
aligned_OG0006001_pruned	-0.0468807230938495	40	0.723212382871936	0.881880649755579	-0.140734146461189
aligned_OG0006002_pruned	0.216461259546902	49	0.0690221759834562	0.287500265066101	1.16101135332168
aligned_OG0006003_pruned	-0.0757735230424082	57	0.491161313413268	0.742863631691317	-0.30877584795974
aligned_OG0006005_pruned	-0.0200597937088723	61	0.850278599757198	0.942438496701501	-0.0704387513295625
aligned_OG0006006_pruned	-0.055809542208277	53	0.625329325287198	0.82846236280986	-0.203891204276667
aligned_OG0006007_pruned	-0.0979105007923743	57	0.37368337797726	0.659516127651909	-0.427496219820431
aligned_OG0006009_pruned	-0.0719341384799259	39	0.591779401655887	0.811745633657971	-0.227840155604707
aligned_OG0006010_pruned	0.0584731286416593	50	0.619637910064726	0.826903156741435	0.207862019530871
aligned_OG0006012_pruned	-0.220415507511194	39	0.100348246462291	0.347320265995916	-0.998490212198965
aligned_OG0006015_pruned	0.038373240158245	60	0.720326170858627	0.881316146917168	0.14247080616873
aligned_OG0006016_pruned	0.0494879104944774	44	0.694315133360869	0.868061399693754	0.158443368715084
aligned_OG0006018_pruned	0.0657978364281147	60	0.53928484507951	0.77309174188303	0.268181784033775
aligned_OG0006022_pruned	-0.012549888142267	43	0.921556557543079	0.971035209185407	-0.0354780062125384
aligned_OG0006024_pruned	-0.0396152240451274	60	0.711672625487313	0.876914602500106	-0.147719739004393
aligned_OG0006025_pruned	-0.1521980000813	40	0.250223373907383	0.539481721340556	-0.60167212435938
aligned_OG0006033_pruned	0.241013999813075	58	0.0271330564253161	0.173828281932892	1.56650128202595
aligned_OG0006036_pruned	0.169503573871302	53	0.138050764442596	0.407855537290523	0.859961184154875
aligned_OG0006037_pruned	0.163673749637339	56	0.140604880909299	0.411472724236579	0.851999603105791
aligned_OG0006040_pruned	0.468025233344976	46	0.00014232462563601	0.0070559835914074	3.84671994986266
aligned_OG0006042_pruned	0.0775887415233956	57	0.480837850339306	0.73673829720549	0.318001353096633
aligned_OG0006043_pruned	-0.0297601793840801	46	0.808865613239999	0.926872919420905	-0.0921236270606039
aligned_OG0006044_pruned	0.441926191731279	46	0.000328198949691794	0.0121621641821915	3.48386281311775
aligned_OG0006045_pruned	0.171670110334154	59	0.11232421503858	0.368178797514936	0.949526607728078
aligned_OG0006046_pruned	-0.117714285714286	50	0.317675161869939	0.606607095089175	-0.498016740113112
aligned_OG0006047_pruned	0.151185789203691	25	0.373734863712646	0.659516127651909	0.427436387267348
aligned_OG0006048_pruned_1	0.240249990052149	22	0.187249044123376	0.470150151759677	0.727580390627175
aligned_OG0006048_pruned_2	0.0122847434532791	31	0.935353907955952	0.974990952588015	0.02902403491243
aligned_OG0006049_pruned	0.205421036405238	26	0.217043907756942	0.503760501236307	0.66345239994127
aligned_OG0006050_pruned	-0.0302318677267305	39	0.821687972371593	0.933048990461256	-0.0852930700555565
aligned_OG0006051_pruned	-0.054923503638109	51	0.637600945128121	0.836312823181021	-0.195451047848419
aligned_OG0006052_pruned	0.340525722556276	51	0.00349419211669646	0.0529893761836909	2.45665322043855
aligned_OG0006053_pruned	-0.00826559198915612	42	0.948920689461989	0.981544472222297	-0.0227700842728024
aligned_OG0006055_pruned	0.02650787683232	54	0.814835093210175	0.929749597729117	0.0889302751317013
aligned_OG0006056_pruned	0.172476077724271	59	0.110648031806394	0.365013104573916	0.956056306844945
aligned_OG0006057_pruned	0.419710824446042	14	0.0733659268028147	0.297946292406483	1.1345055918175
aligned_OG0006058_pruned	0.291972747440725	56	0.00857350485279627	0.0924627073725153	2.06684160199028
aligned_OG0006059_pruned	0.0616817900003001	54	0.585788414809363	0.806772494879918	0.232259221650866
aligned_OG0006060_pruned	-0.251141997456587	47	0.0389895570405871	0.21068736173817	-1.40905169879307
aligned_OG0006062_pruned	0.0135782535105958	58	0.900931744317241	0.965511338000269	0.045308110451847
aligned_OG0006063_pruned	-0.0801900412858534	54	0.478655388611185	0.736237956483173	-0.31997704751874
aligned_OG0006065_pruned	-0.344621342175768	46	0.00509333873856999	0.0668190979378885	-2.29299743959062
aligned_OG0006066_pruned	-0.203227055714454	54	0.0725772216324645	0.296138621924448	-1.13919966127717
aligned_OG0006067_pruned	-0.0128732162636109	56	0.90773450521121	0.966478040464662	-0.0420411556441563
aligned_OG0006087_pruned	0.105201159957862	35	0.458827733489192	0.722394288746095	0.338350339381706
aligned_OG0006091_pruned	-0.0367599100303214	42	0.775715747095561	0.911510198308739	-0.110297392251454
aligned_OG0006092_pruned	-0.0890374084392237	27	0.585052941267812	0.80662194004373	-0.232804832960264
aligned_OG0006093_pruned	-0.00843549022026385	32	0.95482868953706	0.983628075563685	-0.0200745403141679
aligned_OG0006095_pruned	0.0205484272065165	29	0.895830101629893	0.963305120361431	0.0477743485087481
aligned_OG0006097_pruned	-0.182149285625809	50	0.122051643041227	0.385169247518566	-0.913456369799143
aligned_OG0006102_pruned	-0.0228151725717661	20	0.905382843670291	0.966478040464662	-0.0431677393193576
aligned_OG0006103_pruned	0.0414254841165505	47	0.733478055862478	0.887717492520861	0.134612874813741
aligned_OG0006105_pruned	-0.00869179686351565	48	0.942417667831562	0.978739848942772	-0.0257565806110593
aligned_OG0006106_pruned	-0.0252176534930345	37	0.854910544684406	0.94469626283915	-0.0680793261869627
aligned_OG0006107_pruned	0.13016398365558	47	0.28466376882578	0.576450007155441	0.545667805070631
aligned_OG0006109_pruned_1	-0.123952281123612	20	0.518424044461858	0.757960937294535	-0.285314864130243
aligned_OG0006109_pruned_2	-0.0466252404120157	24	0.788446734264471	0.917774687798499	-0.103227641328617
aligned_OG0006110_pruned	-0.140803036523764	55	0.209166069061884	0.494781724769194	-0.679508765380117
aligned_OG0006112_pruned	-0.00891000458731704	54	0.937256498953332	0.975996076784784	-0.0281415394902639
aligned_OG0006113_pruned	0.10821051231198	50	0.358319667046574	0.645773637565868	0.445729354112997
aligned_OG0006116_pruned_1	-0.263109920978197	31	0.0823522150528067	0.314801261920532	-1.08432471498514
aligned_OG0006116_pruned_2	-0.115875407116543	24	0.504859827969244	0.750640066866258	-0.296829185029172
aligned_OG0006117_pruned	-0.232195144782489	48	0.0536547764406102	0.250399360242304	-1.27039161033429
aligned_OG0006118_pruned	-0.0795683193377148	27	0.625585231524325	0.82846236280986	-0.203713512414958
aligned_OG0006119_pruned	0.132238852125401	54	0.24268166039407	0.532266816990232	0.614963042335557
aligned_OG0006120_pruned	0.162697843363992	18	0.423901448000128	0.698004047686339	0.372735099927672
aligned_OG0006121_pruned	0.0405900208977776	54	0.719889349321907	0.881222991326968	0.142734251724112
aligned_OG0006122_pruned	-0.00620950346604102	39	0.963078308604557	0.986796111025862	-0.0163383986364635
aligned_OG0006124_pruned	-0.0737132743334412	55	0.510879141427326	0.75299049157469	-0.291681828670133
aligned_OG0006127_pruned	-0.570635319385272	19	0.00385205206578479	0.0558701017748586	-2.41430785142024
aligned_OG0006128_pruned	0.302568751785446	39	0.0240951321587264	0.164112869268182	1.6180706873064
aligned_OG0006129_pruned	0.00776735637380617	51	0.946886342079765	0.979997079841189	0.0237021476809371
aligned_OG0006130_pruned	-0.0104858447509783	53	0.926899069788614	0.97300347853675	-0.0329675536875322
aligned_OG0006131_pruned	0.251144522753066	51	0.0312432603371232	0.186460802061142	1.50524365237029
aligned_OG0006134_pruned	-0.00686263516307516	50	0.953545373759069	0.983115812282609	-0.0206586365410569
aligned_OG0006135_pruned	-0.0587036224454722	57	0.593777998089439	0.813044555565946	-0.226375898833907
aligned_OG0006138_pruned	0.427311144043833	43	0.000799656180265963	0.0212575213930164	3.09709670189458
aligned_OG0006141_pruned	0.321834174338832	41	0.0137756696889383	0.12018866359432	1.86088727921731
aligned_OG0006142_pruned	0.136580220302522	60	0.202558708143566	0.484654377711348	0.693449081449023
aligned_OG0006143_pruned	-0.0576587802696346	52	0.617407410563966	0.826023348598955	-0.209428162110607
aligned_OG0006144_pruned	0.193050099391869	54	0.0880884757901434	0.326878116406184	1.05508090461995
aligned_OG0006145_pruned	0.200882452743953	55	0.0731767041148674	0.297946292406483	1.13562715507024
aligned_OG0006148_pruned	0.373750690586611	42	0.0037705839897542	0.0552386761154936	2.42359138085891
aligned_OG0006149_pruned	0.153190422266622	52	0.184452947263073	0.466455361209676	0.734114401050551
aligned_OG0006150_pruned	0.036556894869316	58	0.737511282610815	0.889337470799826	0.132231331365883
aligned_OG0006151_pruned	-0.0138141079547208	50	0.906650482936572	0.966478040464662	-0.042560102781867
aligned_OG0006152_pruned	-0.413756324302334	34	0.00411581486986212	0.0579637293374586	-2.38554416811891
aligned_OG0006153_pruned	-0.0963025741045048	59	0.373072030158872	0.659516127651909	-0.42820730953059
aligned_OG0006155_pruned_2	-0.0333890281647089	26	0.840977663398752	0.939264159305194	-0.0752155390314473
aligned_OG0006157_pruned	0.173049468172598	60	0.106407284000869	0.357357672882992	0.973028641842593
aligned_OG0006159_pruned	-0.159659530752205	59	0.139744600664091	0.409850887746454	-0.854664963027161
aligned_OG0006160_pruned	-0.147681874634805	22	0.41757043791774	0.695194028068869	-0.379270254985792
aligned_OG0006161_pruned	-0.104138944617738	51	0.371773747456604	0.658637472397473	-0.429721280882765
aligned_OG0006162_pruned	0.00674537215430294	37	0.960989745417527	0.986321727711449	0.0172812466002823
aligned_OG0006163_pruned	0.0415248581638272	45	0.738634211157463	0.889941118992976	0.131570581097686
aligned_OG0006164_pruned	0.0336717514850737	49	0.777297410789522	0.912087421105319	0.10941277894535
aligned_OG0006165_pruned	-0.310028235539592	49	0.00920790118298491	0.0963373362735186	-2.0358393500988
aligned_OG0006166_pruned	0.0726496611022297	49	0.541691475059013	0.775400501397206	0.266247999125668
aligned_OG0006168_pruned	-0.167579498687552	46	0.173172496691094	0.453118861457655	-0.76152108162444
aligned_OG0006173_pruned	0.179266654855785	40	0.175640053245765	0.454777819232722	0.755376439910064
aligned_OG0006175_pruned	0.0812347952846908	42	0.528951251340819	0.766121754726975	0.276584351120268
aligned_OG0006176_pruned	-0.165676347065457	53	0.147169456853065	0.420376938151105	-0.832182312936975
aligned_OG0006179_pruned	-0.314124286265338	47	0.00982327450751925	0.0998928235883347	-2.0077437195962
aligned_OG0006180_pruned_1	0.164234670435408	22	0.367320535329506	0.655665804788952	0.434954791417871
aligned_OG0006180_pruned_2	-0.275480177260073	23	0.121335250358482	0.38393826938727	-0.916013009420605
aligned_OG0006181_pruned	0.398559258463478	53	0.000488041677382066	0.0155171679171128	3.31154308889038
aligned_OG0006182_pruned	-0.0981378817316241	43	0.441274526222909	0.711610149596677	-0.355291142664166
aligned_OG0006183_pruned	0.105969922377619	43	0.405692820836933	0.685589184299417	0.391802677527352
aligned_OG0006185_pruned	-0.309333142010061	52	0.0073641009231544	0.0839092626314354	-2.13288026823039
aligned_OG0006187_pruned	0.0259951344911011	42	0.84032758213323	0.939264159305194	0.0755513813435138
aligned_OG0006188_pruned	0.0773645914676222	58	0.478155225012364	0.735724470269447	0.320431094135091
aligned_OG0006189_pruned	0.0166686511480295	52	0.885177339279322	0.958944769915231	0.052969712629909
aligned_OG0006190_pruned	-0.109091038590962	40	0.409855611878956	0.689023022417613	-0.387369114032581
aligned_OG0006208_pruned	-0.0877335789074661	42	0.496519422772798	0.745092163474556	-0.304063758169478
aligned_OG0006209_pruned	-0.0122453059728441	39	0.927264473525232	0.973246739474876	-0.0327963791122291
aligned_OG0006213_pruned	-0.280593049035862	24	0.106351329678035	0.357334578396757	-0.973257075876689
aligned_OG0006217_pruned	0.129941150522028	49	0.275050440798716	0.56617467035939	0.560587654708774
aligned_OG0006218_pruned	-0.0482804549585268	27	0.767170313982703	0.905990189639352	-0.115108210742162
aligned_OG0006220_pruned	-0.237004303430358	21	0.204697953567147	0.487857872315025	-0.688886499100748
aligned_OG0006221_pruned	0.244098331370221	44	0.0525628253410155	0.247577683402994	1.27932129875584
aligned_OG0006223_pruned	-0.269041738395442	27	0.0989655606443514	0.346578834766877	-1.00451591069794
aligned_OG0006224_pruned	-0.124611196569807	46	0.311138713588793	0.602907837507625	-0.507045948222845
aligned_OG0006227_pruned	-0.103879978991315	44	0.409395486209919	0.688408437666148	-0.387856949961084
aligned_OG0006228_pruned	-0.0119857753326799	45	0.923275415531323	0.971507368418345	-0.0346687284394158
aligned_OG0006229_pruned	0.309915199417582	23	0.0813611292340755	0.313102738875953	1.08958303234779
aligned_OG0006230_pruned	0.016267724835244	53	0.886814504122308	0.959878116225278	0.0521672124804504
aligned_OG0006231_pruned_1	-0.179342528949657	19	0.363722327380711	0.652442046232806	-0.439230038619157
aligned_OG0006231_pruned_2	-0.0962250448649376	25	0.571299621499449	0.79529872897176	-0.243136063670512
aligned_OG0006232_pruned	0.0786208395935236	56	0.479058656706233	0.736237956483173	0.319611307620459
aligned_OG0006233_pruned	-0.135906805477164	24	0.434130320809688	0.706105436298481	-0.362379880826875
aligned_OG0006235_pruned	-0.0732014417394684	50	0.534344030223892	0.7696456743937	-0.272179038253147
aligned_OG0006237_pruned	0.0125988157669742	25	0.940910977227832	0.978038126006675	0.0264514646998788
aligned_OG0006239_pruned	-0.252225180896776	23	0.156069263431644	0.433717674444961	-0.806682619272012
aligned_OG0006242_pruned	-0.0792746522178702	43	0.533921031468247	0.769340793611776	-0.272522971686183
aligned_OG0006243_pruned	0.11033974033163	54	0.329642175555533	0.6168400617373	0.481957228287895
aligned_OG0006246_pruned	0.0926065677783325	54	0.413262987145823	0.692034914767419	0.383773489463373
aligned_OG0006247_pruned	0.410391340834062	49	0.000566246157512527	0.0172246859636802	3.24699473204625
aligned_OG0006248_pruned	-0.0152409985619738	42	0.905968706392571	0.966478040464662	-0.0428868032897918
aligned_OG0006252_pruned	0.0816353731522939	39	0.542802453757373	0.775620278208548	0.265358197764551
aligned_OG0006254_pruned	0.22159881725353	48	0.0655403422531445	0.27862222695297	1.18349129505215
aligned_OG0006255_pruned	0.0331276405909745	56	0.765515710017058	0.905358687343375	0.116045892224101
aligned_OG0006256_pruned	0.00623080171213383	54	0.956100073289164	0.984041142817747	0.019496648516072
aligned_OG0006259_pruned	-0.0276060733485621	43	0.828510620554451	0.936124430207473	-0.081701920052575
aligned_OG0006260_pruned	0.266894142509457	52	0.0207642889117118	0.151880241077875	1.68268293703219
aligned_OG0006262_pruned	0.0770474819592398	55	0.49195158012876	0.743618211211564	0.308077640154823
aligned_OG0006264_pruned	-0.115907539451113	53	0.310513580564336	0.602250767205362	-0.507919400849159
aligned_OG0006266_pruned	-0.0971756104874456	60	0.364591961878114	0.652569042474914	-0.438192910421749
aligned_OG0006267_pruned	-0.100999914603936	55	0.367669882929037	0.655807059678176	-0.434541943189109
aligned_OG0006269_pruned	-0.0857728928023458	53	0.452966402751067	0.718166917979166	-0.343934009115045
aligned_OG0006270_pruned	0.112784839299308	57	0.305485761041793	0.597293408968007	0.515009027794892
aligned_OG0006271_pruned	-0.0715182072983487	59	0.508294860696768	0.751971303674708	-0.293884281370123
aligned_OG0006273_pruned	0.137113994076739	57	0.212841485484431	0.499097860164941	0.671943718665563
aligned_OG0006274_pruned	0.497733013271229	49	2.90284363521449e-05	0.00237097150070648	4.5371763572763
aligned_OG0006279_pruned	0.0584827802311559	52	0.612388614803645	0.824482526698473	0.212972892065734
aligned_OG0006282_pruned	-0.175545143717404	45	0.158377685447455	0.435551631343347	-0.800306008161392
aligned_OG0006283_pruned	-0.288095238095238	50	0.0144624352757437	0.123447820917573	-1.83975857164955
aligned_OG0006284_pruned	0.0108297338910548	53	0.924508736601301	0.972035828331274	0.034088980405503
aligned_OG0006285_pruned	-0.0892475385066287	41	0.494588505992191	0.744829796526892	-0.305755980660062
aligned_OG0006288_pruned	0.0932236866331689	52	0.419294738797343	0.696837780477233	0.377480586977823
aligned_OG0006289_pruned	-0.180506563146732	44	0.151719487003435	0.427070837533885	-0.81895863441081
aligned_OG0006290_pruned	-0.0852802865422442	55	0.446872820710831	0.715595324469439	-0.349816058797375
aligned_OG0006291_pruned	0.182229577117812	47	0.134169180128126	0.402973095442134	0.872347234073781
aligned_OG0006292_pruned	0.0727696997964997	39	0.587482214427505	0.808192859603087	0.231005276788843
aligned_OG0006293_pruned	0.33526323044998	31	0.0268566955075244	0.173346129884309	1.57094742469537
aligned_OG0006294_pruned	0.214894698854606	47	0.0773359238174661	0.307191959255303	1.11161872223236
aligned_OG0006295_pruned	0.376787852805137	32	0.0114023012144803	0.107958589262199	1.94300749042724
aligned_OG0006296_pruned	-0.00220715061174367	51	0.984897107112434	0.997409696442289	-0.00660913817994648
aligned_OG0006297_pruned	-0.124736595442761	57	0.257075067683827	0.546374296894556	-0.589940041180518
aligned_OG0006300_pruned	-0.163539257991523	54	0.148501555945138	0.422194388456285	-0.828268995943757
aligned_OG0006301_pruned	-0.277756174608429	40	0.0358734738286635	0.2006104170096	-1.44522656612941
aligned_OG0006302_pruned	0.0598611344704568	50	0.611350944807339	0.823694713016698	0.213709412280192
aligned_OG0006303_pruned	-0.0894458249117223	56	0.420661628563424	0.696837780477233	-0.376067101159106
aligned_OG0006304_pruned	-0.0834725704117722	49	0.483197184466217	0.738333410303992	-0.315875604962976
aligned_OG0006305_pruned	-0.0194285714285714	50	0.869003624680636	0.951031924139442	-0.0609784120720288
aligned_OG0006306_pruned	0.00625207134175477	48	0.958563242562173	0.98447555215797	0.0183792286495572
aligned_OG0006307_pruned	-0.171616332211061	52	0.13706717288237	0.406942103873099	-0.863066544795571
aligned_OG0006308_pruned	-0.0712728969142045	53	0.532884027786804	0.769321503295852	-0.273367296737903
aligned_OG0006309_pruned	0.276352470832801	35	0.0516609965071672	0.245477062535306	1.2868372208226
aligned_OG0006310_pruned	0.16458974233449	35	0.246470120691675	0.536374723257285	0.608235722249857
aligned_OG0006311_pruned	0.230481997603961	41	0.0777447424488026	0.307700981508021	1.10932897082431
aligned_OG0006312_pruned	0.0311083133294518	49	0.793853585095638	0.920775495909909	0.100259589573589
aligned_OG0006313_pruned	-0.209874585744111	54	0.0637091021643569	0.274152466228536	-1.1957985152729
aligned_OG0006314_pruned	-0.0718862222646434	47	0.55460153249339	0.783935887805158	-0.256018934699551
aligned_OG0006330_pruned	-0.160413118304366	38	0.238147342268914	0.527740456105391	-0.623154260864067
aligned_OG0006331_pruned	0.11964735895943	49	0.31487864133642	0.60380073415077	0.501856797173322
aligned_OG0006333_pruned	0.0762362499862488	26	0.646864185366932	0.841339430806829	0.189186893577541
aligned_OG0006335_pruned	-0.242830932128591	19	0.218758004533392	0.505964749367099	-0.660036046826422
aligned_OG0006336_pruned	-0.2768950783527	47	0.022847316243202	0.16008894632649	-1.64116480693857
aligned_OG0006337_pruned	0.0932504808240314	45	0.453681963729952	0.718665312584291	0.343248485905366
aligned_OG0006340_pruned	-0.0125345174499206	52	0.913525264970742	0.968197736079941	-0.0392794370518403
aligned_OG0006341_pruned	-0.236395930889865	42	0.0669247119161533	0.282289914024034	-1.17441348959929
aligned_OG0006342_pruned	0.0712185240073056	43	0.576285281155887	0.799210506631509	0.239362472548455
aligned_OG0006344_pruned_1	-0.105272271193563	21	0.573201320948135	0.796465423248735	-0.241692817437594
aligned_OG0006344_pruned_2	0.0442807442770048	17	0.833028893719521	0.937592112408693	0.0793399347692915
aligned_OG0006345_pruned	0.0371574907864203	43	0.770624807203626	0.908209650574555	0.113157014712796
aligned_OG0006349_pruned	-0.142759494680563	45	0.251336985433709	0.540935439238202	-0.599743598204595
aligned_OG0006350_pruned	0.217464112887825	29	0.16585666034291	0.441754052844285	0.780267083733922
aligned_OG0006351_pruned	0	26	1	1	0
aligned_OG0006353_pruned	-0.04293041708329	53	0.707196361642372	0.874332044561299	-0.150459982331389
aligned_OG0006354_pruned	0.313569653725759	52	0.00659527961951253	0.0774519853381787	2.18076678698084
aligned_OG0006355_pruned	0.0558594244204488	55	0.618324831853431	0.826557157810572	0.208783311934945
aligned_OG0006357_pruned	0.258213817558566	47	0.033802072181233	0.194754872276896	1.47105667518714
aligned_OG0006359_pruned	0.0520655934622319	47	0.668679884122512	0.853923654790078	0.174781741471845
aligned_OG0006361_pruned	0.135665400692177	53	0.235220355164724	0.524544994166726	0.628525098611165
aligned_OG0006362_pruned	-0.132726239730616	56	0.232116653508393	0.520837231638224	-0.634293699409055
aligned_OG0006363_pruned	0.0313747203556674	43	0.805540588667494	0.925600227268173	0.0939125719546113
aligned_OG0006367_pruned	0.0818829016547889	48	0.496205544234059	0.745092163474556	0.3043383875511
aligned_OG0006372_pruned	-0.380918613222024	55	0.000679995913587218	0.0193638142126489	-3.16749369716414
aligned_OG0006373_pruned	0.0228462729444907	54	0.840039185127807	0.939264159305194	0.0757004550240013
aligned_OG0006374_pruned	0.0131173630244657	42	0.919022017711696	0.969768016080994	0.0366740837649781
aligned_OG0006375_pruned	-0.0298102031749385	57	0.786506800236428	0.916395585297077	-0.104297518059907
aligned_OG0006377_pruned	0	51	1	1	0
aligned_OG0006378_pruned	0.123322046220539	54	0.275919537713859	0.566176874741625	0.559217546273633
aligned_OG0006380_pruned	-0.134303827337563	28	0.400998794307391	0.682657867224814	-0.3968569331814
aligned_OG0006384_pruned	0.199907471658245	47	0.100348246462291	0.347320265995916	0.998490212198965
aligned_OG0006385_pruned	-0.234302975460511	52	0.0423678385309519	0.220343023102758	-1.37296369172299
aligned_OG0006387_pruned	-0.165405466551985	32	0.26670016448572	0.557953726420271	-0.573976716461536
aligned_OG0006388_pruned	0.330623679566245	42	0.0103925020152434	0.102382862520633	1.9832798826063
aligned_OG0006389_pruned	0.141115691733503	53	0.216939829211235	0.503760501236307	0.663660706083189
aligned_OG0006393_pruned	0.292891543704648	52	0.0111656245669607	0.106549033384064	1.95211697896082
aligned_OG0006397_pruned	-0.207913173505843	43	0.102806171709245	0.351258440269831	-0.987980812784191
aligned_OG0006398_pruned	0.16400661940603	47	0.17763408399748	0.457532211943639	0.75047369918916
aligned_OG0006399_pruned	0.123791012566745	48	0.303601171233353	0.594913817591821	0.517696557350995
aligned_OG0006401_pruned	-0.10893942893116	47	0.370550318435373	0.658043138665354	-0.431152809182625
aligned_OG0006402_pruned	0.0427789729522465	48	0.72221020985511	0.881880649755579	0.141336376263121
aligned_OG0006403_pruned	-0.192371829351002	44	0.126584126135883	0.39284037678594	-0.897620752168822
aligned_OG0006404_pruned	0.037337274722819	56	0.736761806064878	0.889096524619152	0.132672896173323
aligned_OG0006405_pruned	0.155177483046791	57	0.158565888840805	0.435667259113171	0.799790233673787
aligned_OG0006406_pruned	-0.445294531772343	44	0.000405796134317087	0.0138713692674306	-3.39169209444598
aligned_OG0006407_pruned	0.225148484706259	38	0.0977877117318065	0.344456859757757	1.00971571640226
aligned_OG0006408_pruned	-0.192803533718599	52	0.0948486434282088	0.340361248300043	-1.02296887622346
aligned_OG0006410_pruned	0.1	50	0.395951025089342	0.678014913846543	0.402358528339142
aligned_OG0006411_pruned	-0.380365015054677	45	0.00224066449654089	0.0405257395634288	-2.64962316720839
aligned_OG0006412_pruned	-0.0512767923935298	53	0.653683015217235	0.845366639450481	-0.184632799252013
aligned_OG0006413_pruned	-0.173587997338081	53	0.128806276641806	0.39516462434517	-0.890062973587354
aligned_OG0006433_pruned	0.00285988733123817	45	0.981666302045066	0.995008654299745	0.00803611690708028
aligned_OG0006434_pruned	0.184102029926259	21	0.324533518532444	0.613588301333348	0.488740441662007
aligned_OG0006435_pruned	-0.0520060066848759	48	0.665606269759972	0.852513655613906	-0.176782595807876
aligned_OG0006436_pruned	0.11742132205944	27	0.47147432485129	0.730694882767612	0.32654195272308
aligned_OG0006437_pruned	-0.0215051987421342	44	0.86439477984566	0.949842799887753	-0.0632878645225653
aligned_OG0006441_pruned	-0.129813101194314	41	0.320473524016317	0.610190305534207	-0.494207843987827
aligned_OG0006442_pruned	0.388693658011566	37	0.00482531377389663	0.0645829220362892	2.31647444069507
aligned_OG0006443_pruned	0.143121072998609	38	0.292584140273833	0.584445850571681	0.533749218806177
aligned_OG0006445_pruned	0.0179221666198138	38	0.895147026570116	0.962882814941618	0.0481056266014722
aligned_OG0006446_pruned	-0.182574185835055	16	0.400814169382935	0.682657867224814	-0.397056933907158
aligned_OG0006447_pruned	-0.088178667151952	46	0.473551079159053	0.732043610903836	-0.324633169352412
aligned_OG0006450_pruned	0.283520191176486	56	0.0106949657488885	0.103965347954149	1.97082060193795
aligned_OG0006451_pruned	0.596502694534898	19	0.00251910284534221	0.0436704471831824	2.59875410155594
aligned_OG0006454_pruned	-0.0989764185844291	51	0.395948632837599	0.678014913846543	-0.40236115226181
aligned_OG0006455_pruned	-0.141226022779114	46	0.251017982477653	0.540568450286836	-0.600295165327437
aligned_OG0006456_pruned	-0.116861309493629	45	0.34772578772387	0.635330353931618	-0.458763100369704
aligned_OG0006457_pruned	0.38168474893561	53	0.00083902132915248	0.0218175510627114	3.07622699862841
aligned_OG0006459_pruned	0	34	1	1	0
aligned_OG0006460_pruned	0.170402625857479	40	0.197976820018554	0.480970712897928	0.703385655836196
aligned_OG0006461_pruned	-0.053643390485032	44	0.670103158010333	0.853923654790078	-0.173858335349819
aligned_OG0006462_pruned	-0.305928066389226	47	0.0119161110521067	0.110366834121288	-1.923865458034
aligned_OG0006463_pruned	-0.023929471791886	49	0.840692660305486	0.939264159305194	-0.0753627441883337
aligned_OG0006465_pruned	0.241006293721648	51	0.0387332770456232	0.210357659943813	1.41191575778737
aligned_OG0006466_pruned	-0.19686182655502	26	0.23681217938476	0.525840036017211	-0.625595965363086
aligned_OG0006468_pruned	-0.0497364731301994	22	0.784845948982864	0.915567770482606	-0.105215579015533
aligned_OG0006471_pruned	0.565175639359962	41	1.5225486863742e-05	0.00158366814078436	4.8174288110855
aligned_OG0006472_pruned	0.0577350269189626	25	0.734095182319476	0.887717492520861	0.134247626083749
aligned_OG0006473_pruned	0.157531509453151	49	0.185747373294971	0.468558254979259	0.731077319002464
aligned_OG0006474_pruned	0.142271216212956	41	0.276228998620732	0.566409738993843	0.558730730971416
aligned_OG0006476_pruned	0.255943062787809	51	0.0281553012079049	0.176875537614112	1.5504398221773
aligned_OG0006478_pruned	-0.156767580615929	41	0.23022742698817	0.520359858937772	-0.637842940132433
aligned_OG0006480_pruned	0.116642368703961	50	0.322102008128896	0.611372450778543	0.492006567584594
aligned_OG0006482_pruned	-0.099867936929457	52	0.386924628158469	0.670673126395605	-0.412373626099604
aligned_OG0006483_pruned	0.00476190476190476	49	0.968093126294339	0.988765040101777	0.0140828634659759
aligned_OG0006484_pruned	0.196618959928084	44	0.118419942708124	0.37826459118994	0.926575153366766
aligned_OG0006485_pruned	0.0364945680357424	54	0.747131524259002	0.895156265942042	0.126602938704106
aligned_OG0006486_pruned	0.104882368564051	51	0.368369450635243	0.656150449025481	0.433716393596434
aligned_OG0006487_pruned	0.0849364847241272	53	0.457384493102639	0.721929448257627	0.339718563546753
aligned_OG0006488_pruned	-0.119318685971348	56	0.282725433853971	0.574912417307002	-0.54863512081511
aligned_OG0006494_pruned	-0.0336717514850737	49	0.777297410789522	0.912087421105319	-0.10941277894535
aligned_OG0006496_pruned_1	0.0836556327631423	20	0.662955817793509	0.851101265618389	0.178515413869513
aligned_OG0006496_pruned_2	-0.00760505752392203	20	0.968394932147476	0.988765040101777	-0.0139474919958409
aligned_OG0006498_pruned	0.289996099209215	51	0.0128762331956169	0.116019864025289	1.8902111666049
aligned_OG0006500_pruned	0.166744179561251	53	0.144580135724532	0.416906126023889	0.839891371895124
aligned_OG0006501_pruned	0.1151859942346	37	0.403588726132361	0.68449324830415	0.394060973869443
aligned_OG0006502_pruned	-0.0576959692329614	44	0.646816090945735	0.841339430806829	-0.189219184619042
aligned_OG0006503_pruned	0.160966468811466	50	0.171812316563648	0.451567407331736	0.76494570648907
aligned_OG0006505_pruned	0.216109455376892	52	0.0611694110469908	0.269057824137853	1.21346570096817
aligned_OG0006506_pruned	0.112369057609326	49	0.345220709146424	0.632658440295774	0.461903159659468
aligned_OG0006508_pruned	-0.0429287504974829	49	0.71839736470641	0.880432791184543	-0.143635269458185
aligned_OG0006509_pruned	-0.207488960737834	49	0.0813498139051474	0.313102738875953	-1.0896434362128
aligned_OG0006510_pruned	0.274028420226033	42	0.0336827942312	0.19449592818879	1.47259188781209
aligned_OG0006511_pruned	0.212798070639573	54	0.0601028059388663	0.266509458002975	1.22110525220158
aligned_OG0006513_pruned	0.0398074597725278	50	0.735426904459745	0.888737475746291	0.133460486182313
aligned_OG0006514_pruned	-0.0022003278732815	51	0.984943787586878	0.997409696442289	-0.00658855471808216
aligned_OG0006516_pruned	-0.0533370246046347	43	0.675573495054843	0.856679054992394	-0.170327397551633
aligned_OG0006517_pruned	0.246008322141036	48	0.0409135529844967	0.21601999947797	1.38813280418387
aligned_OG0006541_pruned	-0.210941917391751	44	0.0938979000428838	0.338786229044716	-1.0273441203003
aligned_OG0006542_pruned	-0.23993073249829	28	0.133523025579533	0.402392859786663	-0.874443835274224
aligned_OG0006543_pruned	0.204088432880735	39	0.12814656126568	0.394152305492707	0.892293043349245
aligned_OG0006546_pruned	0.260062770045899	39	0.0525339032515037	0.247577683402994	1.27956033006281
aligned_OG0006547_pruned	0.0834872925825218	38	0.539254571086942	0.77309174188303	0.26820616483567
aligned_OG0006550_pruned	-0.232710245803412	36	0.0962715887292574	0.342404467403951	-1.01650186114779
aligned_OG0006552_pruned	-0.0829858849556064	41	0.525358404466242	0.763000233569746	-0.279544315687569
aligned_OG0006553_pruned	-0.235310402667506	43	0.0648381569920665	0.276559239050519	-1.18816933835701
aligned_OG0006554_pruned	0.167917102051191	42	0.193109165709661	0.475735605282443	0.714197112431589
aligned_OG0006555_pruned	0.201028676182834	45	0.106242419996935	0.357133453369198	0.973702045474691
aligned_OG0006556_pruned	-0.273414622058798	25	0.107697145844712	0.360028888381701	-0.967795806082865
aligned_OG0006558_pruned	-0.434755214775158	32	0.00350738479929008	0.0529893761836909	-2.45501658454886
aligned_OG0006559_pruned	0.1785594948016	39	0.183144007934063	0.46555900214813	0.737207285919677
aligned_OG0006565_pruned	0.111531436908404	21	0.550615759928871	0.781711708016227	0.259151362226759
aligned_OG0006567_pruned	0.130493382114379	30	0.39718047121992	0.679321355638299	0.401012113273154
aligned_OG0006571_pruned	0.250675195701558	51	0.0315603250383161	0.187278505789714	1.50085853266096
aligned_OG0006573_pruned	-0.0427719523746025	52	0.710968463034718	0.876552630466464	-0.148149663171447
aligned_OG0006577_pruned	-0.205599354194043	46	0.0947010305204025	0.340361248300043	-1.02364529505281
aligned_OG0006579_pruned	-0.279294830315379	35	0.0492216521753002	0.238841533996035	-1.3078438128483
aligned_OG0006580_pruned	-0.292533640419643	39	0.0291983192451924	0.179659867734329	-1.53464214730319
aligned_OG0006582_pruned	-0.0124493717558163	48	0.917599388245319	0.968828472420848	-0.0373468846466438
aligned_OG0006583_pruned	-0.152721358720687	43	0.230786948847988	0.520603679125199	-0.636788754457225
aligned_OG0006584_pruned_1	-0.112687233963802	21	0.546493595406582	0.779350872128206	-0.26241492336822
aligned_OG0006584_pruned_2	0.268607654675127	22	0.140368660771673	0.411277351741872	0.852729843582115
aligned_OG0006585_pruned	0.259692928753054	51	0.0259287873149405	0.170078829225299	1.58621779463618
aligned_OG0006586_pruned	0.126295905019002	46	0.304642390761787	0.596263776111981	0.516209665041361
aligned_OG0006588_pruned	-0.0759133691807901	47	0.53264029276213	0.769321503295852	-0.273565983480321
aligned_OG0006589_pruned	0.0286929579526678	51	0.805614580063602	0.925600227268173	0.093872682494323
aligned_OG0006590_pruned	-0.155271760446639	48	0.196927010956562	0.480432996273519	-0.705694710957648
aligned_OG0006592_pruned	0.0960158717038366	50	0.415041154053515	0.693099688684322	0.381908838005476
aligned_OG0006594_pruned	0.275298729870451	52	0.0170765008430888	0.136630772130252	1.76760111609578
aligned_OG0006596_pruned	-0.203783157344798	45	0.101536833967337	0.34905084424749	-0.993376382510609
aligned_OG0006597_pruned	-0.209877808391451	42	0.103811152520834	0.352377156878411	-0.983755987353855
aligned_OG0006598_pruned	0.243599382882345	21	0.192379455784821	0.475735605282443	0.715841308159294
aligned_OG0006600_pruned	0.29477844595724	48	0.0142975372289681	0.122860627071339	1.84473876393224
aligned_OG0006601_pruned	0.0236422633078971	52	0.837708654597377	0.938422230110218	0.0769069977192718
aligned_OG0006602_pruned	0.0678424617511042	39	0.613027712896959	0.824732959645742	0.212519892062043
aligned_OG0006603_pruned	0.0179616890587101	42	0.889283012142309	0.961138857942717	0.0509600038760849
aligned_OG0006604_pruned_1	0.182089925468853	24	0.294672183591472	0.587013259801595	0.530660858662796
aligned_OG0006604_pruned_2	-0.237674698635794	18	0.24273120724028	0.532266816990232	-0.614874384109068
aligned_OG0006607_pruned	-0.0685288016857319	49	0.564857230700903	0.791822390591697	-0.248061307497301
aligned_OG0006614_pruned_1	-0.0507934972232186	20	0.79129600021147	0.919445447066693	-0.101661029508782
aligned_OG0006614_pruned_2	-0.0362738125055006	20	0.850106739138526	0.942438496701501	-0.0705265409815816
aligned_OG0006621_pruned	-0.0992672386046182	43	0.436036086739637	0.707566801794336	-0.36047756664116
aligned_OG0006622_pruned	-0.0989246275782406	47	0.416146431092328	0.69367265677272	-0.380753825561982
aligned_OG0006623_pruned	0.345958145023485	40	0.00895931683390683	0.0948992288172849	2.04772510491109
aligned_OG0006624_pruned	0.290899006724073	44	0.0208792631663517	0.152314324746198	1.6802848317442
aligned_OG0006626_pruned	0.113099355276735	52	0.327165750873511	0.615324119369453	0.485232166446818
aligned_OG0006627_pruned	0.401956650568404	48	0.000836627131119302	0.0218175510627114	3.0774680557196
aligned_OG0006629_pruned	0.280952380952381	49	0.0182749350611454	0.141703729691373	1.73814415760602
aligned_OG0006631_pruned	-0.0573859159053355	51	0.622595783856069	0.827967105434893	-0.205793824633657
aligned_OG0006632_pruned	0.15373612974277	43	0.227703143701596	0.518257764705007	0.642630973412829
aligned_OG0006635_pruned	0.115291975471102	38	0.396536690153202	0.678539046064738	0.401716622737603
aligned_OG0006636_pruned	0.0890399819925558	44	0.479500122186953	0.736237956483173	0.31921127782572
aligned_OG0006637_pruned	0.136244132883541	43	0.285049407402613	0.576832889187999	0.545079857526164
aligned_OG0006638_pruned	-0.101226236866542	49	0.395158099985812	0.677613312764177	-0.403229111426674
aligned_OG0006639_pruned	-0.301197315414407	43	0.0181102326314431	0.141027383732125	-1.74207597100548
aligned_OG0006640_pruned	0.0770328886519643	26	0.643428843563621	0.839420428236288	0.191499474488224
aligned_OG0006641_pruned	0.256263056967653	46	0.0372605775553634	0.204905034124321	1.42875041763185
aligned_OG0006643_pruned	-0.216430040871151	31	0.1530066664964	0.42838687946416	-0.815289646571115
aligned_OG0006644_pruned	-0.181647582261243	38	0.181620516729659	0.463017850948405	-0.740835093044101
aligned_OG0006645_pruned	-0.0387679278217176	46	0.752682391179835	0.898002494412794	-0.123388244059901
aligned_OG0006663_pruned	-0.0602584605051823	18	0.767096868410277	0.905990189639352	-0.115149790210477
aligned_OG0006668_pruned	-0.166222046087089	41	0.203326894360125	0.486022034745919	-0.691805172765346
aligned_OG0006673_pruned	0.304380858844706	28	0.0569913417690648	0.259953883148872	1.24419111814389
aligned_OG0006677_pruned	-0.184015962784615	44	0.143918313665394	0.416093949443064	-0.841883938393083
aligned_OG0006679_pruned	0.0278681180898152	43	0.826908453006328	0.936017917998928	0.0825425685066164
aligned_OG0006680_pruned	0.248202091197609	51	0.0332770502018375	0.193368078626958	1.47785517810977
aligned_OG0006682_pruned	-0.0483650833406674	19	0.80649594050734	0.925760199090958	-0.0933978142882851
aligned_OG0006683_pruned	-0.35929180484014	38	0.00823877358844551	0.0903411302672767	-2.08413743192078
aligned_OG0006684_pruned	-0.319209550048405	20	0.0963036920286882	0.342404467403951	-1.01635706285521
aligned_OG0006686_pruned	-0.223488581089456	43	0.0794970177135718	0.309768810397525	-1.09964916335401
aligned_OG0006689_pruned	0.355409326655455	20	0.0640775064510595	0.274925353252896	1.19329439698025
aligned_OG0006690_pruned	-0.212635075219671	26	0.201327791983001	0.483543276297121	-0.696096269464378
aligned_OG0006691_pruned	0.130376952952735	48	0.278598671837963	0.568997736227828	0.555020958317004
aligned_OG0006693_pruned	0.101003709194945	50	0.391226665338468	0.674396960157009	0.407571552108647
aligned_OG0006697_pruned	-0.205008856088057	47	0.0919694297992782	0.334647385491526	-1.03635650608659
aligned_OG0006699_pruned	0.00881134221062802	46	0.942905684865813	0.978944204188452	0.025531745853159
aligned_OG0006702_pruned	0.151015196163354	28	0.344996160752958	0.632565360474008	0.462185737892183
aligned_OG0006704_pruned	-0.223426687533279	46	0.069369681994225	0.287959324173291	-1.15883029639667
aligned_OG0006705_pruned	0.491375480975234	46	6.499990404079e-05	0.00397701093547052	4.18708728450462
aligned_OG0006706_pruned	0.182627697883247	43	0.151859140004838	0.427070837533885	0.818559063908983
aligned_OG0006709_pruned	0.227692530162107	47	0.0612687642385058	0.269057824137853	1.21276087909044
aligned_OG0006711_pruned_1	-0.156823989632322	23	0.377821637100064	0.662875214190477	-0.422713174513479
aligned_OG0006711_pruned_2	-0.125656172487509	20	0.512690760261923	0.753360529862172	-0.290144509365569
aligned_OG0006713_pruned	0.105506992267999	50	0.370454601038594	0.658033654589413	0.431265006919461
aligned_OG0006714_pruned	0.251144643939152	42	0.0515960591578335	0.245477062535306	1.2873834679729
aligned_OG0006716_pruned	0.022912889931227	37	0.86804328199635	0.951031924139442	0.0614586196811744
aligned_OG0006717_pruned	0.0713145592706135	49	0.549144678638317	0.780922344758904	0.260313220474355
aligned_OG0006718_pruned	0.379683478913087	46	0.00202831728443209	0.0386601522197645	2.69286410846097
aligned_OG0006719_pruned	0.0990147542976674	25	0.560195109384606	0.788368384546111	0.251660686973626
aligned_OG0006722_pruned	0	24	1	1	0
aligned_OG0006723_pruned	0.361550763031094	49	0.00238924521727447	0.0420195517559793	2.62173927467712
aligned_OG0006724_pruned	0.167508293793008	41	0.199851760716258	0.482627087819262	0.699292021204294
aligned_OG0006726_pruned	-0.266232834595623	45	0.0324156722278956	0.190148786007276	-1.48924496768013
aligned_OG0006727_pruned	-0.0457229956859213	42	0.72305812692811	0.881880649755579	-0.140826788197302
aligned_OG0006728_pruned	0.0115841341142819	24	0.94684707139927	0.979997079841189	0.0237201597619623
aligned_OG0006730_pruned	0.147551131998183	46	0.230414980387969	0.52046564156428	0.637489288754306
aligned_OG0006733_pruned	-0.230579038582874	43	0.0704125565939702	0.291457546651903	-1.15234988669302
aligned_OG0006740_pruned	-0.0324656502371783	46	0.791872619768254	0.9197040268835	-0.101344673184406
aligned_OG0006742_pruned	0.280753534643434	42	0.0295573897786019	0.180998616465938	1.52933392125159
aligned_OG0006743_pruned	-0.263547650987607	43	0.0386459430424091	0.210142726879597	-1.41289609053667
aligned_OG0006744_pruned	0.0979946669738171	39	0.465062046025634	0.725773603417622	0.332489102058505
aligned_OG0006745_pruned	0.167506302543202	49	0.159411690798395	0.436016724531599	0.797479831854259
aligned_OG0006747_pruned	0.265534526657383	47	0.029065389483077	0.179039848414792	1.53662385302007
aligned_OG0006748_pruned	0.138947977974263	48	0.248213078989923	0.536910109365904	0.605175338133423
aligned_OG0006749_pruned	-0.113974145618043	39	0.395513155563941	0.677970510275676	-0.402839066417112
aligned_OG0006750_pruned	0.151159338633652	39	0.259796459677942	0.548760668092571	0.585366771480121
aligned_OG0006752_pruned	-0.204916189914793	46	0.095802717106049	0.341497096185015	-1.01862217351613
aligned_OG0006753_pruned	-0.154171016133678	42	0.232127017808822	0.520837231638224	-0.634274308047302
aligned_OG0006754_pruned	-0.210199686122451	30	0.172624800262966	0.452545183545116	-0.762896810917249
aligned_OG0006757_pruned	-0.053121271525973	36	0.704195441660701	0.872871469310788	-0.152306790495615
aligned_OG0006758_pruned	0.0738095238095238	50	0.530954012983493	0.768105735849953	0.274943092425851
aligned_OG0006759_pruned	0.16853530150965	38	0.215212848617551	0.501913660590064	0.66713180402271
aligned_OG0006760_pruned	0.351119831278034	26	0.0348611473846958	0.198687007539921	1.4576583230596
aligned_OG0006761_pruned	0.178809240374187	48	0.137289722940515	0.407069700136181	0.862361971410537
aligned_OG0006784_pruned	0.21957751641342	28	0.169727914641376	0.447587448932944	0.770246724696301
aligned_OG0006796_pruned	0.0918267257533576	33	0.5308109307393	0.768051348710819	0.275060142493957
aligned_OG0006799_pruned	0.300693707618436	27	0.0651840106594968	0.277546655913331	1.18585892166004
aligned_OG0006800_pruned	-0.120385853085769	24	0.488422316622594	0.741338938363374	-0.311204500819243
aligned_OG0006803_pruned_1	-0.349428278907306	13	0.153127451019669	0.42838687946416	-0.814946946743322
aligned_OG0006803_pruned_2	0.12104550653376	14	0.605576616335346	0.821398465377926	0.217830902980561
aligned_OG0006804_pruned	0.0984305913569501	35	0.488244739366932	0.741338938363374	0.311362427356485
aligned_OG0006805_pruned	-0.141283141718202	45	0.256272619668023	0.54622978448562	-0.591297791639773
aligned_OG0006806_pruned	0.137843040193431	29	0.379775474840949	0.663263428236256	0.420473084583601
aligned_OG0006810_pruned	-0.202173426055203	24	0.244623605126983	0.533744222034632	-0.611501637725894
aligned_OG0006812_pruned	0.155562737749874	27	0.340092123112609	0.627723608117431	0.46840342666282
aligned_OG0006814_pruned	0.123858302621401	43	0.331120668608668	0.618811495929084	0.480013709666121
aligned_OG0006815_pruned	0.258528856514063	46	0.0356134351319907	0.200324574895881	1.4483861339664
aligned_OG0006816_pruned	0.307670522657297	48	0.0105628728873886	0.103510467689201	1.97621794643735
aligned_OG0006818_pruned	0.016609774800448	42	0.897568493357187	0.964177663047164	0.0469324005189176
aligned_OG0006819_pruned	0.290262727508015	33	0.0475682955786514	0.235297541799938	1.32268240952287
aligned_OG0006822_pruned	0.0292828593460996	35	0.836637402400589	0.938422230110218	0.077462723913781
aligned_OG0006823_pruned	0.299572344757639	14	0.201242620957724	0.483543276297121	0.696280035114604
aligned_OG0006824_pruned	0.30466350650081	50	0.00970373980088085	0.0995107200459493	2.01306085729366
aligned_OG0006833_pruned	0.0262296491788211	19	0.894318153360176	0.962816867457555	0.0485079536107438
aligned_OG0006834_pruned	0.0792089594940006	47	0.515001804774477	0.75538439576208	0.288191249012745
aligned_OG0006835_pruned	0.355334527259351	49	0.00283754488879232	0.0470618777569405	2.54705725938451
aligned_OG0006836_pruned	-0.045080260602696	39	0.736820176776657	0.889096524619152	-0.13263849010927
aligned_OG0006839_pruned	-0.0461332707651273	45	0.710866732311462	0.876552630466464	-0.148211809743666
aligned_OG0006841_pruned	-0.018700574537227	43	0.883341352299996	0.958728208458064	-0.053871438242668
aligned_OG0006842_pruned	-0.083303167894592	41	0.523776043280333	0.761784425605147	-0.280854369425659
aligned_OG0006846_pruned	0.147214947619716	46	0.231478849760595	0.520603679125199	0.635488684351811
aligned_OG0006847_pruned	0.0587712708522769	34	0.683609439705	0.861880576708589	0.165191948901144
aligned_OG0006848_pruned	0.286377966714705	43	0.0246351690292204	0.165966732568236	1.60844445355526
aligned_OG0006850_pruned	-0.0427287265400383	45	0.73134575124688	0.887434430150024	-0.135877257298366
aligned_OG0006852_pruned	0.00289338359004243	47	0.981026039487778	0.99482598795411	0.00831946493833224
aligned_OG0006853_pruned	-0.227109989583068	25	0.181484563885653	0.463017850948405	-0.741160307842032
aligned_OG0006856_pruned	0.205120920616577	40	0.121232111772355	0.383837931391712	0.916382329688033
aligned_OG0006857_pruned	-0.0165916210375593	44	0.895172884815247	0.962882814941618	-0.0480930812534576
aligned_OG0006858_pruned	0.293101462619941	45	0.0185155754149165	0.142490591425164	1.73246278668557
aligned_OG0006862_pruned	0.0032252191862887	30	0.983304785228153	0.996442886742684	0.00731184734949124
aligned_OG0006863_pruned	0.064043379744915	43	0.615302555690511	0.825550522135087	0.21091128104397
aligned_OG0006864_pruned	0.121326681143815	43	0.341099723744366	0.628275653419846	0.467118632326247
aligned_OG0006866_pruned	-0.00546268686165521	47	0.96418596031032	0.987013704238098	-0.0158391966490582
aligned_OG0006868_pruned	-0.0929798401080969	48	0.439705191716057	0.711322127704247	-0.356838406519653
aligned_OG0006874_pruned	0.00543232287441773	40	0.967264442535013	0.988442442961042	0.0144547769683783
aligned_OG0006875_pruned	0.198970746619725	40	0.132797772162398	0.40187056488546	0.876809210703642
aligned_OG0006876_pruned	0.173087907698884	44	0.169264985486527	0.447014276143417	0.771432871676743
aligned_OG0006877_pruned	0.210342358708176	44	0.094835537069018	0.340361248300043	1.02302889197668
aligned_OG0006878_pruned	-0.0504326640318268	34	0.726549159338888	0.88402480433597	-0.138734995395796
aligned_OG0006879_pruned	0.224927398275029	41	0.0851757705366001	0.320967946656084	1.06968392892792
aligned_OG0006880_pruned	0.282035520920932	42	0.0288223719391766	0.178487461993304	1.54027028175563
aligned_OG0006881_pruned	0.167162080239796	39	0.212701768301635	0.499097860164941	0.67222889956389
aligned_OG0006884_pruned	-0.243492376778837	46	0.0478050032123879	0.235499477935992	-1.32052664828698
aligned_OG0006885_pruned	0.20464687117164	40	0.122094578117408	0.385169247518566	0.913303621443922
aligned_OG0006886_pruned	-0.1011398877592	30	0.511685096283304	0.753004152475652	-0.290997232424371
aligned_OG0006887_pruned	0.116708319585591	41	0.371754471957595	0.658637472397473	0.42974379850251
aligned_OG0006888_pruned	0.00707327855689741	41	0.956829044273088	0.984179577271482	0.0191656502702887
aligned_OG0006889_pruned	0.0308783197908257	24	0.858954922737482	0.946464997642711	0.0660296269953575
aligned_OG0006890_pruned	-0.144149994031289	22	0.42879428738549	0.70120896154213	-0.367751009167631
aligned_OG0006891_pruned	-0.30697030675746	40	0.0203916722373612	0.150646883933695	-1.69054715805318
aligned_OG0006897_pruned	-0.0501280411827603	40	0.704909727572751	0.873013731324579	-0.151866496238738
aligned_OG0006926_pruned	-0.358883168729224	22	0.0488437961392833	0.238046159791728	-1.31119059005321
aligned_OG0006929_pruned	0.233999122302516	29	0.135961853854647	0.405106883353407	0.866582922396168
aligned_OG0006932_pruned	0.0133144544383757	44	0.91579173205059	0.968270540229821	0.0382032816873501
aligned_OG0006936_pruned	0.0173174777822044	19	0.930110508123606	0.974275248375257	0.0314654490620837
aligned_OG0006938_pruned	0.204757089836981	24	0.238646499324176	0.527740456105391	0.622244931862766
aligned_OG0006945_pruned	0	20	1	1	0
aligned_OG0006946_pruned	-0.276958180685624	36	0.0477655167890838	0.235499477935992	-1.3208855191339
aligned_OG0006948_pruned	0.147165736537739	34	0.307489456618681	0.599579735843765	0.512169770980691
aligned_OG0006949_pruned	-0.0453478015900957	39	0.735316690637341	0.888737475746291	-0.1335255760527
aligned_OG0006950_pruned	-0.0234358550849881	35	0.868924626990982	0.951031924139442	-0.0610178938638579
aligned_OG0006951_pruned	-0.165420495729576	23	0.352236219188191	0.639240257205688	-0.453165989127335
aligned_OG0006957_pruned	0.0749757994250097	41	0.56610004638111	0.793259129657595	0.247106809533249
aligned_OG0006958_pruned	-0.213207309138714	38	0.116913138613163	0.376810215595963	-0.932136680398769
aligned_OG0006959_pruned	0.310161403466157	22	0.0886592320827473	0.328012128452481	1.05227603463909
aligned_OG0006960_pruned	0.0270522885024846	44	0.829896383208654	0.936848107069223	0.0809761281177202
aligned_OG0006962_pruned	0.299753245948496	44	0.0172902805929063	0.137551165122543	1.76219795878148
aligned_OG0006964_pruned	0.0710669054518701	12	0.781511294998713	0.914232605862087	0.107064740843558
aligned_OG0006965_pruned	0.236939551103637	19	0.230139340443417	0.520359858937772	0.638009135885426
aligned_OG0006966_pruned	-0.228254127754109	19	0.247676267691893	0.536910109365904	-0.606115605461948
aligned_OG0006967_pruned	-0.172041589937073	44	0.171857339062799	0.451567407331736	-0.764831916849893
aligned_OG0006968_pruned	0.0331832420751187	44	0.792147391795897	0.919876420999351	0.101194003400297
aligned_OG0006969_pruned	0.128283212592503	48	0.286390621246994	0.577461958046649	0.543041208456957
aligned_OG0006970_pruned	-0.00838886027878148	36	0.952190640021879	0.982689233235223	-0.0212760919298004
aligned_OG0006971_pruned	0.419075814219292	41	0.00134001220037008	0.0293874362376342	2.87289124750886
aligned_OG0006972_pruned	0.192268202073211	39	0.151762600344516	0.427070837533885	0.818835240727727
aligned_OG0006974_pruned	-0.0570711555885147	43	0.654289549498979	0.845366639450481	-0.184230016322717
aligned_OG0006975_pruned	0.0526937864418216	34	0.714813532130973	0.877895407552104	0.145807234462166
aligned_OG0006976_pruned	0.127946673771111	44	0.309590138401832	0.601581477903321	0.509212881664463
aligned_OG0006977_pruned	0.0187198968701258	41	0.88607926676608	0.959374967620868	0.052527425314685
aligned_OG0006978_pruned	-0.207045550114216	43	0.10424971835386	0.353067021384757	-0.981925109663844
aligned_OG0006980_pruned_1	-0.304886373586682	18	0.133993709514988	0.402973095442134	-0.872915589598286
aligned_OG0006980_pruned_2	0.4486983939114	20	0.0194046273130469	0.146257858660761	1.71209469394131
aligned_OG0006985_pruned	0.25743514063812	44	0.0409131665749252	0.21601999947797	1.38813690591361
aligned_OG0006987_pruned	-0.262296491788211	19	0.184038627196425	0.466081824214669	-0.735091014938
aligned_OG0006989_pruned	0.0856689702018854	44	0.496291702231093	0.745092163474556	0.304262985945885
aligned_OG0006990_pruned	-0.0363122150192274	40	0.783833246048689	0.91545556217303	-0.105776319998918
aligned_OG0006991_pruned	0.281958473396514	42	0.0288660978673295	0.178487461993304	1.53961192028363
aligned_OG0006992_pruned	0.264554974130445	46	0.0315319817029776	0.187262935382855	1.50124873411658
aligned_OG0006995_pruned	0.387997718517117	40	0.00337657372229007	0.0523081558978596	2.47152376368873
aligned_OG0006996_pruned	-0.114220773677157	44	0.364365106675813	0.652569042474914	-0.438463219799299
aligned_OG0006997_pruned	0.0456558647034432	38	0.737067246614641	0.889096524619152	0.1324928873087
aligned_OG0006998_pruned	0.108205637467447	48	0.368534312412389	0.656223606914797	0.433522070904989
aligned_OG0007003_pruned	0.22463876244151	41	0.0855770934526729	0.321675429971269	1.06764246801453
aligned_OG0007006_pruned	0.462919809641074	31	0.00223971757196158	0.0405257395634288	2.64980674268004
aligned_OG0007007_pruned	-0.417152925372696	24	0.0163631118231578	0.132820309012722	-1.78613410169688
aligned_OG0007011_pruned	0.457775087681609	45	0.000234760054063533	0.00971186337293515	3.62937579914359
aligned_OG0007012_pruned	0.0107958379271883	40	0.934997336563271	0.974990952588015	0.0291896262585218
aligned_OG0007013_pruned	0.0556581950550145	38	0.682324107233454	0.860707176848021	0.166009284364958
aligned_OG0007015_pruned	0.0993896340268117	38	0.464851425236342	0.725773603417622	0.332685833154364
aligned_OG0007019_pruned	-0.216309517820464	44	0.0858309584442857	0.321799798369127	-1.06635603783345
aligned_OG0007020_pruned	0.0578876910502862	38	0.670334631569493	0.853923654790078	0.17370834302458
aligned_OG0007021_pruned	0.0825984855990714	44	0.511855044835772	0.753044368852144	0.290853011956101
aligned_OG0007022_pruned	0.0159023414442899	38	0.906906752856528	0.966478040464662	0.0424373643199552
aligned_OG0007059_pruned	0.0405771533790147	32	0.785257095540933	0.915567770482606	0.104988130650119
aligned_OG0007064_pruned	-0.132547642871524	34	0.358024144496028	0.645447737331764	-0.446087684339888
aligned_OG0007071_pruned	-0.383112255989763	38	0.00484303065836712	0.0647011123368276	-2.31488278168286
aligned_OG0007072_pruned	-0.204212491544327	22	0.262310506223853	0.551829758975982	-0.581184314428069
aligned_OG0007078_pruned	0.210251030481182	37	0.12736927000724	0.393790087016013	0.894935340259015
aligned_OG0007079_pruned	-0.0616887090864499	44	0.624206114766406	0.828199719222812	-0.204671981270973
aligned_OG0007080_pruned	0.160018938273133	16	0.461503403354307	0.724494670078204	0.335825091923994
aligned_OG0007083_pruned	-0.368855657826888	40	0.0053266483157747	0.0685217780691795	-2.27354597593159
aligned_OG0007084_pruned	0.342227588576491	20	0.0745920145193622	0.300555870346141	1.12730766362393
aligned_OG0007085_pruned	0.15599449194194	43	0.220945837280542	0.508119596095903	0.655714176328981
aligned_OG0007086_pruned	0.0530158961983068	41	0.684932831000104	0.862802066178505	0.164352016181033
aligned_OG0007087_pruned	0.305459861327981	44	0.0152748976266902	0.127395795670024	1.81602169174417
aligned_OG0007089_pruned	-0.051761387528554	43	0.684634027375437	0.862574901076407	-0.164541519550848
aligned_OG0007090_pruned	0	36	1	1	0
aligned_OG0007091_pruned	0.270381774516815	29	0.0849207034045612	0.320532732757185	1.07098641719734
aligned_OG0007092_pruned	0.266509561999383	41	0.0413851728869359	0.216936964571476	1.3831552261922
aligned_OG0007094_pruned	0.111369209277941	43	0.382192922305119	0.666204311432682	0.417717359751682
aligned_OG0007095_pruned	0.246164487951055	40	0.0629288849850774	0.272729292604969	1.2011499632965
aligned_OG0007096_pruned	0.597516226579363	26	0.00032988514657575	0.0121621641821915	3.48163723857837
aligned_OG0007097_pruned	0.29092166757852	40	0.0279619545467057	0.176241867302977	1.55343247458655
aligned_OG0007099_pruned	0.278423023194852	43	0.0289139873429943	0.178487461993304	1.53889201342613
aligned_OG0007100_pruned	0.12057989249651	42	0.350019895442561	0.63799872988247	0.455907269263015
aligned_OG0007101_pruned	0.248936309845571	42	0.0536845587427425	0.250399360242304	1.27015061219909
aligned_OG0007103_pruned	0.360444281297512	40	0.00646840795819103	0.0768294915882364	2.1892025972375
aligned_OG0007104_pruned	0.143829303992158	45	0.247802173891398	0.536910109365904	0.605894888012831
aligned_OG0007106_pruned	-0.150878188093165	42	0.242251894151359	0.532266816990232	-0.615732818544413
aligned_OG0007108_pruned	-0.244281926620984	27	0.134120083263798	0.402973095442134	-0.872506185626481
aligned_OG0007109_pruned	0.146551120021501	43	0.250177173066279	0.539481721340556	0.601752319197413
aligned_OG0007110_pruned	0.0826898230594723	40	0.532171224148849	0.769321503295852	0.273948612556593
aligned_OG0007111_pruned	0.422890031611031	15	0.0606019697120061	0.267879156573778	1.2175132599731
aligned_OG0007113_pruned	-0.430187328605477	20	0.0250115255940394	0.167379520082905	-1.60185981739121
aligned_OG0007114_pruned	-0.194143958831328	35	0.171602390701786	0.451567407331736	-0.765476666013182
aligned_OG0007115_pruned	0.104095260005625	44	0.408425515693776	0.687253565927059	0.388887133923869
aligned_OG0007118_pruned	-0.287342461400729	43	0.0241556853197801	0.164371537208709	-1.61698063665493
aligned_OG0007119_pruned	0.152089748165708	29	0.332501571947875	0.620595730672258	0.478206297167872
aligned_OG0007120_pruned	0.0751452458402351	44	0.550666028075159	0.781711708016227	0.25911171537379
aligned_OG0007121_pruned	0.148760372564194	38	0.273981580025823	0.564796116695361	0.562278634121394
aligned_OG0007125_pruned	-0.224479878648158	43	0.0781723774472447	0.307977485341023	-1.10694667969545
aligned_OG0007126_pruned	0.0793306260458853	45	0.523837441339571	0.761784425605147	0.280803463554842
aligned_OG0007129_pruned	-0.00924500327042048	25	0.956622191771236	0.984179577271482	-0.0192595485612719
aligned_OG0007131_pruned	-0.133143264336728	27	0.414216178242525	0.692516186861958	-0.382772942660716
aligned_OG0007133_pruned	-0.176156268781531	37	0.201484796984124	0.483543276297121	-0.695757717934761
aligned_OG0007143_pruned	-0.0243849095638687	36	0.861644269088079	0.948108194533823	-0.0646719961924605
aligned_OG0007144_pruned	-0.00163026312671059	42	0.989918754595175	1	-0.00440044770437137
aligned_OG0007145_pruned	0.0610257153258729	30	0.692143972128803	0.86716882904452	0.159803559014887
aligned_OG0007146_pruned	-0.122608686612695	37	0.373975111245793	0.659780175667705	-0.427157299960715
aligned_OG0007150_pruned	-0.291817099681196	42	0.0237147489412677	0.163201405521143	-1.62498146869287
aligned_OG0007152_pruned	0.0599970614403822	32	0.687037346486441	0.864854585022091	0.163019654596724
aligned_OG0007154_pruned	-0.231236273098599	40	0.0806519526324971	0.31198864840915	-1.09338511361596
aligned_OG0007155_pruned	0.22259995498139	44	0.0770998717435418	0.306560072972561	1.11294634440194
aligned_OG0007156_pruned	0.275444748004282	33	0.0600993604638005	0.266509458002975	1.22113014943686
aligned_OG0007157_pruned	-0.402142924188688	41	0.00208619411212067	0.0391484003359552	-2.68064528464353
aligned_OG0007159_pruned	0.317113808005634	45	0.0108315073179562	0.104455900373562	1.96531110253256
aligned_OG0007160_pruned	-0.0479463301485384	30	0.755735617573727	0.899985448406004	-0.121630109142275
aligned_OG0007161_pruned	-0.166526551747686	35	0.24095466870157	0.531311611997617	-0.618064654456418
aligned_OG0007162_pruned	0.185827694101323	34	0.197536825662547	0.480543143217176	0.704351929449241
aligned_OG0007163_pruned	-0.00595511278740564	38	0.965070107787604	0.987013704238098	-0.0154411360662206
aligned_OG0007164_pruned	0.150073295875373	31	0.321750338238892	0.611355229485763	0.492480987872816
aligned_OG0007165_pruned	0.174077655955698	12	0.496905847564768	0.745092163474556	0.303725892467249
aligned_OG0007166_pruned	0.0432936944555109	27	0.790626526623826	0.919445447066693	0.102028618562379
aligned_OG0007169_pruned	0.139642400437689	40	0.291446604644505	0.583133478542633	0.53544099984958
aligned_OG0007199_pruned	0.164811099179328	36	0.238827743835636	0.527740456105391	0.621915224046646
aligned_OG0007201_pruned	-0.0981392654860021	26	0.555362566713577	0.784859248494091	-0.255423396493595
aligned_OG0007204_pruned	0.174617432928537	23	0.326109452020489	0.615130290197197	0.486636613334947
aligned_OG0007206_pruned	0.0866875900152998	39	0.518121212324523	0.757670324750925	0.285568626962243
aligned_OG0007212_pruned	0.182565621313609	34	0.205520043837617	0.48917667184756	0.687145816106283
aligned_OG0007214_pruned	0.105057579873226	33	0.473326862331432	0.731852385779391	0.32483884767385
aligned_OG0007218_pruned	-0.0516483155667427	36	0.712026483157564	0.877018642958825	-0.147503852886603
aligned_OG0007222_pruned	0	39	1	1	0
aligned_OG0007223_pruned	-0.263795287351826	32	0.0764976734938623	0.305361601265796	-1.11635177274366
aligned_OG0007226_pruned	-0.118141047315297	29	0.451586542921735	0.717804562263206	-0.345259008336776
aligned_OG0007231_pruned	0.297013744686932	38	0.0289512007435919	0.178487461993304	1.53833341931126
aligned_OG0007232_pruned	-0.0881917103688197	25	0.603848246067344	0.819982790525159	-0.219072190809856
aligned_OG0007234_pruned	0.23031120911335	40	0.0818718030962809	0.314286020388212	1.08686564485971
aligned_OG0007235_pruned	0.141555214626233	33	0.333947485882366	0.621896209094794	0.476321821765126
aligned_OG0007238_pruned	0.0631412797567484	42	0.624576570278572	0.828230366245735	0.204414311475626
aligned_OG0007241_pruned	-0.15539494866472	35	0.273858381797624	0.564702032814642	-0.562473962375328
aligned_OG0007243_pruned	-0.0119453577055635	44	0.924423256491207	0.972035828331274	-0.0341291371449518
aligned_OG0007244_pruned	0.0595735138211903	37	0.665759187724306	0.852513655613906	0.176682831422353
aligned_OG0007245_pruned	0.339681168414755	35	0.0167623361771865	0.135188645070456	1.77566545359622
aligned_OG0007246_pruned	-0.0744849464413905	24	0.668170161106407	0.853923654790078	-0.175112922825671
aligned_OG0007248_pruned	-0.048994150084801	38	0.718631513457592	0.880571533067103	-0.14349374201496
aligned_OG0007249_pruned	-0.0582137247920354	38	0.668588258124779	0.853923654790078	-0.174841254839463
aligned_OG0007250_pruned	-0.0772088032191448	36	0.581072184792958	0.803720854384029	-0.235769913203549
aligned_OG0007251_pruned	0.165311839783122	42	0.200107882608885	0.483016562940116	0.698735803387204
aligned_OG0007252_pruned	-0.205805465729924	20	0.283620363316366	0.575540653652859	-0.547262590983876
aligned_OG0007254_pruned	0.0884288415325111	41	0.498556102894627	0.74568343984712	0.302285963116442
aligned_OG0007255_pruned	0.15904768859492	41	0.223519253206019	0.511935729032094	0.650685062236724
aligned_OG0007258_pruned	-0.0684853867062177	43	0.591009789026411	0.811511586770065	-0.228405325743202
aligned_OG0007261_pruned	-0.13856406460551	25	0.414935252097126	0.693099688684322	-0.38201966678372
aligned_OG0007262_pruned	0.286595101383035	25	0.0917615760105841	0.334354827591485	1.0373391360089
aligned_OG0007263_pruned	0.0246932399162397	41	0.850106739138526	0.942438496701501	0.0705265409815816
aligned_OG0007264_pruned	-0.120359157031979	41	0.356981320407975	0.644798063480641	-0.447354508414376
aligned_OG0007265_pruned	0.448593858478355	41	0.000596551867085664	0.0178012055092243	3.22435179070307
aligned_OG0007274_pruned	0.302896074167414	36	0.0304007496858961	0.183613021152552	1.51711570650857
aligned_OG0007276_pruned	-0.254240670764095	33	0.0826816063544444	0.315185746527073	-1.08259109440452
aligned_OG0007277_pruned	-0.0282984239985339	37	0.837419251983588	0.938422230110218	-0.0770570590476919
aligned_OG0007279_pruned	0.270381774516815	29	0.0849207034045612	0.320532732757185	1.07098641719734
aligned_OG0007280_pruned	-0.189632091371627	38	0.163167345370491	0.439357042027569	-0.787366752104227
aligned_OG0007291_pruned	0.089554732567929	21	0.63177228398084	0.831974112631408	0.199439430628099
aligned_OG0007292_pruned	0.0471404520791032	25	0.781511294998713	0.914232605862087	0.107064740843558
aligned_OG0007293_pruned	-0.361340023537327	36	0.00980775951351963	0.0998928235883347	-2.00843019160542
aligned_OG0007296_pruned	-0.17755870464739	29	0.257899035292339	0.546974330312707	-0.588550282398694
aligned_OG0007297_pruned	0.147380355167811	39	0.271898710819648	0.562732948686145	0.565592851571162
aligned_OG0007299_pruned	-0.386436713231718	15	0.0864107329737	0.323141523770678	-1.06343231097302
aligned_OG0007301_pruned	0.18072651670008	37	0.19003613320431	0.473353800312851	0.721163815050959
aligned_OG0007302_pruned	-0.282266560636145	38	0.0379213377138523	0.207286231152071	-1.42111635088309
aligned_OG0007303_pruned	0.195450909951983	25	0.25017175115855	0.539481721340556	0.60176173144752
aligned_OG0007304_pruned	0.128747879889405	27	0.429795272339556	0.702117877025871	0.366738365969135
aligned_OG0007306_pruned	-0.191532719420718	24	0.27034414065478	0.56126781169911	-0.568083038734455
aligned_OG0007307_pruned	0.0586025710101372	38	0.666507777850931	0.852844384160944	0.176194778196062
aligned_OG0007308_pruned	0	41	1	1	0
aligned_OG0007310_pruned	0.388039167785529	31	0.0104056198688736	0.102382862520633	1.98273204350495
aligned_OG0007311_pruned	0.0878492169958688	43	0.490626728104379	0.742542787428552	0.309248796219209
aligned_OG0007312_pruned	-0.223795097493103	39	0.0952438756867576	0.340939360312331	-1.02116294049179
aligned_OG0007313_pruned	0.0398409536444798	21	0.831170409541762	0.936948715261429	0.0803099264728717
aligned_OG0007314_pruned	0.0712696645099798	36	0.610491756745271	0.823261808059596	0.214320195804621
aligned_OG0007315_pruned	-0.0497897945976051	39	0.710506331026391	0.876552630466464	-0.148432047901781
aligned_OG0007316_pruned	0.0529849611888097	43	0.677593981668824	0.857712409688927	0.169030460026268
aligned_OG0007317_pruned	0.0159023414442899	38	0.906906752856528	0.966478040464662	0.0424373643199552
aligned_OG0007319_pruned	-0.14484136487558	27	0.374414469475018	0.660395288819672	-0.426647376035081
aligned_OG0007321_pruned	-0.361453033400161	37	0.00876865469415773	0.0937512112014133	-2.05706703191567
aligned_OG0007322_pruned	-0.343473224879539	18	0.0913739367364451	0.333647759968935	-1.03917766362841
aligned_OG0007327_pruned	0.211902830582066	18	0.297635737276895	0.589522797364819	0.526314924032277
aligned_OG0007328_pruned	-0.131558702896054	40	0.320279473921776	0.609997740938305	-0.494470893518987
aligned_OG0007364_pruned	0.0803483850341879	23	0.651378446476393	0.844194814666183	0.186166615944976
aligned_OG0007365_pruned	0.273736336331393	29	0.0811247918835484	0.312854666156841	1.09084640432338
aligned_OG0007367_pruned	0.233785950059759	27	0.151662329115784	0.427070837533885	0.8191222787308
aligned_OG0007368_pruned	-0.216693159161137	35	0.127046158376807	0.39360255170231	-0.89603846261659
aligned_OG0007369_pruned	0.129618961841303	32	0.384088249473852	0.668550452885278	0.415568979131951
aligned_OG0007372_pruned	-0.307470023134045	17	0.14323490752467	0.41532989314501	-0.843951127992794
aligned_OG0007374_pruned	0.13695009389644	23	0.441208519505878	0.711610149596677	0.355356110151456
aligned_OG0007375_pruned	0.0319221199034531	24	0.854239605768093	0.944384842028164	0.0684202969131905
aligned_OG0007379_pruned	0.189990148914337	17	0.365712296281513	0.653917295978806	0.436860437207945
aligned_OG0007380_pruned	-0.0973328526784575	25	0.566877440633564	0.794004411666372	-0.246510825780778
aligned_OG0007385_pruned	-0.150849674781355	42	0.242340903492503	0.532266816990232	-0.615573277311775
aligned_OG0007389_pruned	-0.0467723414025024	34	0.745682542083693	0.894303177221441	-0.127446024490776
aligned_OG0007391_pruned	0.0717280636076334	35	0.613505266127911	0.825222952646835	0.212181705079639
aligned_OG0007393_pruned	-0.386260439872678	18	0.0576307243947685	0.261303079794289	-1.23934592147932
aligned_OG0007394_pruned	-0.264001836540903	33	0.0715517435404289	0.293834317381761	-1.14537977908434
aligned_OG0007396_pruned	0.168016511776516	36	0.229816642727326	0.520359858937772	0.638618524024913
aligned_OG0007400_pruned	0.104972690201767	38	0.440151261813931	0.711532268487397	0.356398048782048
aligned_OG0007401_pruned	0.144789486338751	42	0.261783192150682	0.551056031826844	0.582058240866017
aligned_OG0007402_pruned	0.192023213783719	38	0.157926006425807	0.435288446084586	0.801546346766779
aligned_OG0007403_pruned	0.0834872925825218	38	0.539254571086942	0.77309174188303	0.26820616483567
aligned_OG0007404_pruned	-0.0106957989135975	37	0.938180708111247	0.976679115778952	-0.0277135017309759
aligned_OG0007405_pruned	-0.00279628675959383	36	0.984055059680319	0.996925683808599	-0.0069806013182906
aligned_OG0007406_pruned	0.196931590360844	40	0.136815544188534	0.406593460096618	0.863864557792799
aligned_OG0007407_pruned	0.379788066976733	38	0.00522462344006134	0.0674476653671749	2.28194500546509
aligned_OG0007411_pruned	0.213696878805432	37	0.121250822991476	0.383837931391712	0.916315304936472
aligned_OG0007413_pruned	0.370848648085421	40	0.00508431978212584	0.0668190979378885	2.29376714198013
aligned_OG0007414_pruned	0.235864757664315	30	0.125932998837377	0.392180566524784	0.899860454680228
aligned_OG0007415_pruned	0.258591261228742	38	0.0572230887188359	0.260567140863272	1.24242870407456
aligned_OG0007416_pruned	0.283077311601072	38	0.0373729883406514	0.205277617014479	1.42744217461579
aligned_OG0007417_pruned	0.0905821627315677	27	0.578558139649338	0.801461532493689	0.237652992010132
aligned_OG0007418_pruned	0.137567187885759	31	0.363722327380711	0.652442046232806	0.439230038619157
aligned_OG0007420_pruned	0.228930769124978	36	0.10179945553865	0.349554400031756	0.992254544761462
aligned_OG0007421_pruned	-0.0215698990703644	32	0.884836122122616	0.958944769915231	-0.0531371562492435
aligned_OG0007423_pruned	0.308835212876579	36	0.0272947081237566	0.173848085535251	1.56392154546572
aligned_OG0007424_pruned	0.0539580171740027	34	0.708281012290603	0.874808151058164	0.149794400680712
aligned_OG0007425_pruned	-0.0593988704139364	32	0.689994877261632	0.865882919914158	-0.161154133589214
aligned_OG0007427_pruned	-0.0124315958931776	35	0.930244182236217	0.974275248375257	-0.0314030373834062
aligned_OG0007429_pruned	-0.191976657057666	37	0.163907709961125	0.440048685924392	-0.78540061741901
aligned_OG0007430_pruned	0.189320611415688	31	0.211299547333711	0.497404463025136	0.675101433334257
aligned_OG0007431_pruned	0.265252661360776	26	0.110942727705271	0.365013104573916	0.954901160498068
aligned_OG0007432_pruned	-0.0164909148306051	40	0.900853241410115	0.965511338000269	-0.0453459544561757
aligned_OG0007435_pruned	0.1454449495979	43	0.253770254585616	0.543549467462855	0.595559284630597
aligned_OG0007436_pruned	0.282667885245935	40	0.0327230412159189	0.191217065082749	1.48514634063903
aligned_OG0007438_pruned	0.464101460232744	40	0.000454660398547515	0.0148138300547175	3.3423128717049
aligned_OG0007439_pruned	0.198314068800036	33	0.175862724166909	0.454841732495957	0.754826203772637
aligned_OG0007441_pruned	0.00643090141188591	40	0.961251303909956	0.986380035345559	0.0171630580820446
aligned_OG0007442_pruned	0.544502459898824	34	0.000159501052849538	0.00750775222436169	3.79723644586551
aligned_OG0007444_pruned	-0.451445160805272	34	0.0017451186995289	0.0349071682727196	-2.75817502784682
aligned_OG0007445_pruned	-0.150346853809218	27	0.356530133447539	0.644142903630652	-0.447903758275139
aligned_OG0007449_pruned	-0.242220438905725	35	0.0880815116621902	0.326878116406184	-1.05511524057452
aligned_OG0007451_pruned	0.151387774316078	35	0.286422022777859	0.577461958046649	0.542993592498288
aligned_OG0007453_pruned	0.0860177724883012	41	0.51033832251046	0.752942923241877	0.29214181824445
aligned_OG0007454_pruned	-0.225816002051096	39	0.0922923390340732	0.33548702970898	-1.03483434722232
aligned_OG0007455_pruned	0.278886675511359	21	0.135593001266302	0.405019813983663	0.867762726323434
aligned_OG0007456_pruned	0.093950201732555	39	0.483686280748539	0.738337665801397	0.315436230742005
aligned_OG0007457_pruned	0.251476476272567	42	0.0512881885784511	0.244390903821795	1.28998263929017
aligned_OG0007460_pruned	0.0657110672918472	32	0.659033270727503	0.849247754756908	0.181092659869378
aligned_OG0007463_pruned	0.069128356962139	38	0.611208409009462	0.823655085322579	0.213810679364818
aligned_OG0007464_pruned	0.185870676095286	39	0.16585666034291	0.441754052844285	0.780267083733922
aligned_OG0007466_pruned	0.160982176682324	34	0.264288345226028	0.554708400573856	0.577921988270588
aligned_OG0007467_pruned	-0.356188530582867	39	0.00792291852058444	0.0874041965884474	-2.10111481034156
aligned_OG0007468_pruned	-0.033810195452022	39	0.801002095772972	0.92353008422521	-0.0963663476093376
aligned_OG0007474_pruned	-0.0920264335333304	26	0.580256534342659	0.80289772454369	-0.236379960199092
aligned_OG0007476_pruned	0.253673144715921	37	0.0658537258983024	0.27909253682511	1.18141964832109
aligned_OG0007479_pruned	0.192805126734688	35	0.174576145238598	0.453897286847709	0.75801510025832
aligned_OG0007480_pruned	-0.282109088685337	28	0.0777141828631802	0.307700981508021	-1.10949971508424
aligned_OG0007481_pruned	0.0846461532005948	35	0.551148798705874	0.782092068481284	0.258731134845618
aligned_OG0007483_pruned	-0.0504625914386928	35	0.722338991965049	0.881880649755579	-0.141258941226928
aligned_OG0007484_pruned	-0.0237624228260879	23	0.893694669323233	0.962816867457555	-0.0488108325211621
aligned_OG0007485_pruned	0.139145487637536	38	0.306197052660824	0.597866262423951	0.513998993975122
aligned_OG0007486_pruned	-0.255628730392709	37	0.0637966606432022	0.274205127593362	-1.19520205328802
aligned_OG0007487_pruned	0.312863545149635	37	0.0232917147842441	0.161707490823842	1.63279853662976
aligned_OG0007488_pruned	0.419063492447063	37	0.00237612667599698	0.0419916949707136	2.62413040997873
aligned_OG0007490_pruned	0.00250089892210423	34	0.986163620412307	0.998228461034618	0.00605102263798433
aligned_OG0007491_pruned	-0.0787121116358668	31	0.603271884980942	0.819563177995724	-0.219486914170011
aligned_OG0007492_pruned	0.11168001907266	38	0.411497330479821	0.690666681241027	0.385632977855463
aligned_OG0007493_pruned	-0.0740300820665865	35	0.602167527748196	0.819051330008334	-0.220282667787076
aligned_OG0007494_pruned	-0.101835015443463	21	0.585788414809363	0.806772494879918	-0.232259221650866
aligned_OG0007496_pruned	-0.20427529234278	36	0.144296518408907	0.416403976842554	-0.840744147451487
aligned_OG0007497_pruned	0.241107047040538	40	0.0685329703447505	0.285789551592284	1.16410044465454
aligned_OG0007498_pruned	-0.0552574977119943	36	0.692893791235993	0.867278613372746	-0.159333330200764
aligned_OG0007499_pruned	-0.239830767401685	35	0.0912618365755692	0.333647759968935	-1.03971079562681
aligned_OG0007501_pruned	-0.201025432773445	38	0.139332583751539	0.409217202734571	-0.85594730935692
aligned_OG0007503_pruned	-0.0473381068331151	35	0.738882680363527	0.889941118992976	-0.131424513317679
aligned_OG0007504_pruned	0.178940505290159	29	0.254213223603964	0.543590743336407	0.594801862165714
aligned_OG0007547_pruned	0.106306287663969	33	0.468084217397292	0.728853974950744	0.329676001924939
aligned_OG0007551_pruned	-0.301292302525911	18	0.138640633813219	0.407855537290523	-0.858109464857366
aligned_OG0007552_pruned	-0.326652629004074	28	0.0410872245278213	0.216309531299398	-1.38629319465837
aligned_OG0007554_pruned	-0.0112387931352996	29	0.942911097922485	0.978944204188452	-0.0255292526516303
aligned_OG0007556_pruned	0.445777914120864	32	0.00275898564216541	0.0467166847921079	2.55925055959496
aligned_OG0007559_pruned	-0.150715141122055	32	0.31151480355771	0.602907837507625	-0.506521310318891
aligned_OG0007562_pruned	0.162241599681353	29	0.301242239508262	0.593521471384028	0.521084132407618
aligned_OG0007564_pruned	-0.0274607810789627	41	0.833540631966021	0.937624786695385	-0.079073225099886
aligned_OG0007565_pruned	-0.288319404164434	30	0.0613901788206126	0.269266199995711	-1.21190110158155
aligned_OG0007567_pruned	-0.0392723481827993	39	0.76969794378129	0.907629584226157	-0.11367967364012
aligned_OG0007569_pruned	0.22237479499833	36	0.11198465427183	0.367942359094401	0.950841486451969
aligned_OG0007570_pruned	-0.0482398660863176	35	0.734095182319476	0.887717492520861	-0.134247626083749
aligned_OG0007571_pruned	0.274765978129975	33	0.0607334557833321	0.268000176702086	1.21657200646295
aligned_OG0007573_pruned	-0.148478467729125	36	0.288603154129909	0.579994359707387	-0.539698926833207
aligned_OG0007574_pruned	-0.0378932373372537	26	0.819871684550686	0.931858528756407	-0.0862541123140323
aligned_OG0007575_pruned	0.0813451834782084	31	0.591208103411333	0.811511586770065	0.22825962190229
aligned_OG0007576_pruned	0.28387687575088	33	0.0526698520209295	0.247577683402994	1.27843790181689
aligned_OG0007577_pruned	0.150404813031027	36	0.282393224551582	0.574912417307002	0.549145727503945
aligned_OG0007579_pruned	-0.0722089108598375	32	0.627760662991036	0.829678117525544	-0.202205901731188
aligned_OG0007580_pruned	-0.11270065150674	39	0.400814169382934	0.682657867224814	-0.397056933907158
aligned_OG0007582_pruned	0.216507014200159	40	0.10191475774482	0.349554400031756	0.991762923519812
aligned_OG0007583_pruned	0.284000815513343	34	0.0489104594215665	0.238046159791728	1.31059825778158
aligned_OG0007584_pruned	0.200415492360581	34	0.164602236716115	0.441450302577422	0.783564267623953
aligned_OG0007587_pruned	0.123332610683435	34	0.392420524476582	0.675623986454006	0.406248286119263
aligned_OG0007588_pruned	-0.137604403411365	36	0.325374775005017	0.614434791772743	-0.487616119195004
aligned_OG0007589_pruned	0.0629042796746998	27	0.699675625634705	0.870380698829025	0.155103255195663
aligned_OG0007590_pruned	-0.00544379445386678	38	0.968067583767298	0.988765040101777	-0.0140943222033528
aligned_OG0007591_pruned	0.184998916025152	34	0.199543244894331	0.482362007329224	0.699962969732994
aligned_OG0007594_pruned	0.0514265363862728	40	0.697637944430626	0.869534745978146	0.156369906216709
aligned_OG0007595_pruned	-0.340938874637839	40	0.0100042125859174	0.101308305755305	-1.99981708824203
aligned_OG0007596_pruned	0.0419361864497998	27	0.797045805065091	0.922035352189216	0.0985167196134313
aligned_OG0007597_pruned	0.0831822562461633	34	0.564062473737669	0.791465632588983	0.248672792298658
aligned_OG0007599_pruned	-0.102250633416813	38	0.45209879839526	0.718091481482523	-0.344766647247948
aligned_OG0007602_pruned	-0.326652629004074	36	0.0195632818568306	0.146972238827239	-1.70855828795565
aligned_OG0007603_pruned	-0.229109928739469	32	0.123934280127586	0.388281193463404	-0.906808551484305
aligned_OG0007605_pruned	0.05635032575337	39	0.674424072235294	0.856044729171431	0.171066936822849
aligned_OG0007607_pruned	0.045272511835948	41	0.728982414678922	0.886308251516452	0.137282948088092
aligned_OG0007608_pruned	0.0190204663338184	27	0.907143461495594	0.966478040464662	0.042324025388612
aligned_OG0007609_pruned	-0.072732170681464	33	0.619585692845292	0.826903156741435	-0.207898619302245
aligned_OG0007610_pruned	0.157343103894194	29	0.316072805950671	0.604657409386978	0.500212868075667
aligned_OG0007611_pruned	0.0853229586922962	37	0.536121768633879	0.771290772065456	0.270736558367614
aligned_OG0007613_pruned	-0.00694947337148808	29	0.964680620458419	0.987013704238098	-0.0156164459626309
aligned_OG0007615_pruned	-0.0574355761188879	39	0.668524138886525	0.853923654790078	-0.174882906732664
aligned_OG0007616_pruned	-0.136600190310795	36	0.328917985914859	0.616485446851105	-0.482912377748705
aligned_OG0007617_pruned	0.187417843410583	31	0.21592493894014	0.50253015767127	0.665697194541212
aligned_OG0007619_pruned	-0.0887640721837358	39	0.508148054948138	0.751971303674708	-0.29400973244269
aligned_OG0007620_pruned	0.246182981958665	33	0.0928919408837054	0.336874456531867	1.03202196287998
aligned_OG0007621_pruned	0.562625130131248	38	3.51298408288766e-05	0.00266817455915137	4.4543238179648
aligned_OG0007622_pruned	-0.0871007112618685	38	0.521839390333615	0.760510928946968	-0.282463141872701
aligned_OG0007623_pruned	0.114510410728744	38	0.399745773321702	0.682139119353175	0.398216119533613
aligned_OG0007624_pruned	-0.144004608221196	36	0.303378295620405	0.594913817591821	-0.518015492861963
aligned_OG0007625_pruned	-0.0237565548366599	36	0.865174863752238	0.950413123563676	-0.0628961067690976
aligned_OG0007626_pruned	-0.415534861287333	30	0.00701619923423961	0.0807029172582916	-2.15389808710177
aligned_OG0007627_pruned	-0.041601331263901	36	0.766215344266908	0.905651610650545	-0.115649155062781
aligned_OG0007628_pruned	0.109649736226968	39	0.413686226993168	0.692425153732703	0.383328937988795
aligned_OG0007629_pruned	0.135847935420859	30	0.378096520331418	0.662875214190477	0.422397319484378
aligned_OG0007630_pruned	0.0969762275752854	33	0.508024532682368	0.751971303674708	0.294115314977258
aligned_OG0007631_pruned	0.11562432251572	34	0.422678074170635	0.697644444417261	0.37399028000083
aligned_OG0007632_pruned	-0.368204059852518	35	0.00952189118409882	0.0987591021530249	-2.02127678593812
aligned_OG0007635_pruned	0.240543132619645	39	0.0729383312933061	0.297348258760673	1.13704417683796
aligned_OG0007636_pruned	-0.419065255848259	23	0.0184401239376914	0.142227269481283	-1.73423616434125
aligned_OG0007638_pruned	0.278408909227645	36	0.0466110819334643	0.232289724543158	1.33151081613457
aligned_OG0007647_pruned	0.239323090811701	38	0.078422977927618	0.307977485341023	1.10555667041407
aligned_OG0007649_pruned	-0.0113974145618043	39	0.932288279803355	0.974275248375257	-0.0304497754474222
aligned_OG0007650_pruned	0.0688611870010706	33	0.638343592155814	0.836834658712006	0.194945496810541
aligned_OG0007652_pruned	0.0383369755190197	36	0.784085918732005	0.91545556217303	0.10563634549576
aligned_OG0007653_pruned	0.0404874451920665	38	0.765907275933823	0.905434465996779	0.115823804763983
aligned_OG0007654_pruned	-0.111531436908404	21	0.550615759928871	0.781711708016227	-0.259151362226759
aligned_OG0007656_pruned	-0.029424494316825	33	0.840824796513115	0.939264159305194	-0.0752944891420142
aligned_OG0007658_pruned	0.190457530060718	29	0.224915884015962	0.513881194614965	0.647979872724041
aligned_OG0007659_pruned	-0.0486458808252089	38	0.720547417331303	0.881316146917168	-0.142337434131424
aligned_OG0007660_pruned	0.0185256671458909	37	0.893139972048618	0.962816867457555	0.0490804735586176
aligned_OG0007669_pruned	-0.082021968533013	36	0.557728048671433	0.786980217514865	-0.25357751387868
aligned_OG0007672_pruned	-0.061367343308753	35	0.665653610171456	0.852513655613906	-0.17675170825572
aligned_OG0007674_pruned	0.0127984438038444	37	0.926059881952438	0.972999770838645	0.0333609295592501
aligned_OG0007676_pruned	0.0904566156681389	39	0.500094044858476	0.747216240635042	0.300948317019022
aligned_OG0007677_pruned	0.110117234024713	29	0.482899697780191	0.738333410303992	0.316143066400101
aligned_OG0007678_pruned	-0.139744592408789	38	0.304119204187068	0.595720184472973	-0.516956154636742
aligned_OG0007679_pruned	0.223897805995522	36	0.109549636551644	0.36387376037098	0.960389058941953
aligned_OG0007680_pruned	0.227581801911485	34	0.114533417405378	0.372617431692832	0.941067780771065
aligned_OG0007681_pruned	0.0210147112441954	37	0.878886842782575	0.956457548871593	0.0560670370065589
aligned_OG0007683_pruned	-0.0275330348768529	28	0.863302593883165	0.949106097103316	-0.0638369542035733
aligned_OG0007684_pruned	-0.105705293148905	24	0.542966152730253	0.775620278208548	-0.265227242493366
aligned_OG0007685_pruned	0.166379769449978	37	0.227647095111962	0.518257764705007	0.642737887129983
aligned_OG0007687_pruned	-0.15664248032424	39	0.242908260904324	0.532266816990232	-0.614557715313612
aligned_OG0007688_pruned	-0.0656217958889711	20	0.732439899903872	0.887717492520861	-0.135228005391519
aligned_OG0007689_pruned	-0.0909466799497334	31	0.548186001677705	0.780776911178215	-0.261072058675668
aligned_OG0007690_pruned	0.33087496287448	33	0.0239203535822546	0.163688058677064	1.62123240504788
aligned_OG0007691_pruned	0.171816031903296	37	0.212815390795712	0.499097860164941	0.671996967091531
aligned_OG0007692_pruned	0.100272578593678	33	0.493712356595713	0.744710931919078	0.30652600315483
aligned_OG0007693_pruned	0.153613417156234	33	0.294409585776561	0.586965003844234	0.531048053770369
aligned_OG0007695_pruned	0.252590791132527	34	0.0798491277151662	0.310567040007546	1.09772982380301
aligned_OG0007698_pruned	-0.222134575800281	32	0.135796575298254	0.405106883353407	-0.867111182543183
aligned_OG0007699_pruned	-0.17743803952666	29	0.258222647741568	0.547289265117938	-0.588005670056245
aligned_OG0007751_pruned	-0.0161216944468891	19	0.934925311642117	0.974990952588015	-0.0292230822154961
aligned_OG0007762_pruned	-0.189075787441735	34	0.189815683461764	0.473353800312851	-0.721667906979826
aligned_OG0007763_pruned	-0.31131585684641	31	0.0398326192447414	0.212781585268498	-1.39976113506349
aligned_OG0007764_pruned	0.0181488502160157	24	0.916814948528089	0.968270540229821	0.0377183142135798
aligned_OG0007765_pruned	0	33	1	1	0
aligned_OG0007766_pruned	0.305558657815637	38	0.0246408512438213	0.165966732568236	1.60834429309411
aligned_OG0007768_pruned	0.517659216110073	33	0.000410386685649849	0.0139627357860586	3.38680673766866
aligned_OG0007769_pruned	-0.047536874913095	36	0.734044096107849	0.887717492520861	-0.134277850000711
aligned_OG0007772_pruned	-0.0477409916026289	27	0.76969794378129	0.907629584226157	-0.11367967364012
aligned_OG0007773_pruned	0.116063960308993	34	0.420916434355016	0.696837780477233	0.375804117230455
aligned_OG0007775_pruned	-0.248631917863552	35	0.0799885624958664	0.310943258693221	-1.09697210800864
aligned_OG0007777_pruned	0.211337130184019	35	0.136714089271453	0.406457853811942	0.86418672626949
aligned_OG0007779_pruned	0.276735048572823	39	0.0391105188183906	0.210779931544561	1.4077064229006
aligned_OG0007780_pruned	-0.0175309145378607	34	0.903242635054685	0.966281167474752	-0.0441955709369678
aligned_OG0007781_pruned	0.120124995026075	22	0.509651477934009	0.752692172583675	0.29272671204326
aligned_OG0007782_pruned	-0.11503946170861	32	0.439825878165708	0.711322127704247	-0.356719221510168
aligned_OG0007784_pruned	0.101092475203773	32	0.497243306061228	0.745097450387282	0.303431054679623
aligned_OG0007785_pruned	0.296956935458249	36	0.0338056892931675	0.194754872276896	1.47101020443524
aligned_OG0007786_pruned	-0.0796482507268292	37	0.563574620260972	0.791118067787062	-0.24904857292392
aligned_OG0007787_pruned	-0.093236969198832	35	0.511481779449553	0.75299049157469	-0.291169832578329
aligned_OG0007788_pruned	-0.43492822577565	29	0.00558361680637877	0.0704580831321384	-2.25308439421469
aligned_OG0007789_pruned	0.112843635474135	36	0.419951677806391	0.696837780477233	0.376800679291108
aligned_OG0007790_pruned	0.0677017791444241	38	0.618583665101253	0.826632838029822	0.208601552567652
aligned_OG0007791_pruned	0.111884363038598	35	0.430791121227532	0.703113686092281	0.365733256259909
aligned_OG0007792_pruned	0.0995327077234409	34	0.490069522780991	0.742170953094517	0.309742305240083
aligned_OG0007793_pruned	0	33	1	1	0
aligned_OG0007794_pruned	-0.161874051522008	34	0.261651090588237	0.551056031826844	-0.582277450737173
aligned_OG0007795_pruned	-0.103432094623469	38	0.446890803510856	0.715595324469439	-0.349798582519287
aligned_OG0007796_pruned	0.108058786463081	29	0.491118850480673	0.742863631691317	0.308813396142022
aligned_OG0007798_pruned	-0.281718084909506	36	0.0440654007368269	0.22549249876804	-1.35590227599003
aligned_OG0007799_pruned	-0.0271225401448324	30	0.860312374731032	0.947358499760533	-0.0653438301636267
aligned_OG0007800_pruned	0.0981712513103054	31	0.516867749550864	0.756242439077708	0.28662056519941
aligned_OG0007801_pruned	0.457313680605704	36	0.00108131414937166	0.0252013878221414	2.96604811407814
aligned_OG0007802_pruned	-0.115327761665773	30	0.454297379987439	0.718826760861148	-0.342659767830496
aligned_OG0007804_pruned	0.0681895233993024	37	0.620987431077488	0.827490755065006	0.206917189950524
aligned_OG0007805_pruned	-0.245699125696573	37	0.0748149191291808	0.300967200458879	-1.12601178917558
aligned_OG0007806_pruned	-0.145513951030008	34	0.312950675522914	0.603222279015355	-0.504524106658833
aligned_OG0007808_pruned	0.340947616996512	37	0.013426298293327	0.119236995917231	1.87204370828272
aligned_OG0007809_pruned	-0.100419289050687	35	0.479500122186953	0.736237956483173	-0.31921127782572
aligned_OG0007811_pruned	-0.0690947432621474	35	0.62658886542735	0.829338943678701	-0.203017326860036
aligned_OG0007812_pruned	0.00544379445386678	38	0.968067583767298	0.988765040101777	0.0140943222033528
aligned_OG0007813_pruned	0.31078989732944	35	0.0286375274329123	0.178487461993304	1.54306448177612
aligned_OG0007816_pruned	0.376162619751506	33	0.0102429000556418	0.101605661178648	1.98957706485935
aligned_OG0007818_pruned	-0.0296956935458249	36	0.831921221834641	0.937293885662913	-0.0799177969572839
aligned_OG0007819_pruned	0.0738719836825776	37	0.592196547563447	0.811858983771315	0.227534128825333
aligned_OG0007820_pruned	0.255849384529591	39	0.0564788495475345	0.25863050538088	1.24811415827789
aligned_OG0007821_pruned	0.465860108858487	26	0.005118643800038	0.066909956028863	2.29084509140314
aligned_OG0007822_pruned	0.157728648642105	37	0.252743260867069	0.542358880746575	0.597320415587659
aligned_OG0007823_pruned	-0.104341251546038	32	0.483522059868049	0.738337665801397	-0.315583707185084
aligned_OG0007824_pruned	0.244254156553018	36	0.0808614241063997	0.312169686595279	1.09225861427486
aligned_OG0007827_pruned	-0.157537941916626	29	0.315473917940259	0.604146658738302	-0.501036540581038
aligned_OG0007828_pruned	0.207869854820774	36	0.137367154681307	0.407069700136181	0.862117097304837
aligned_OG0007829_pruned	-0.0401677156202747	35	0.777297410789522	0.912087421105319	-0.10941277894535
aligned_OG0007830_pruned	0.227298411331008	37	0.0993175271381311	0.346578834766877	1.00297410228334
aligned_OG0007833_pruned	0.522786346061318	37	0.00015016648905278	0.00724302140656346	3.82342697307901
aligned_OG0007834_pruned	0.135756816281008	39	0.31151480355771	0.602907837507625	0.506521310318892
aligned_OG0007835_pruned	0.125172691770118	35	0.378096520331418	0.662875214190477	0.422397319484378
aligned_OG0007836_pruned	0.375042378696163	37	0.0065384130313011	0.0772827683131547	2.18452764852329
aligned_OG0007837_pruned	0.0754851356096397	27	0.643428843563621	0.839420428236288	0.191499474488224
aligned_OG0007838_pruned	0.13066105160163	36	0.350382309552165	0.63799872988247	0.455457829038842
aligned_OG0007839_pruned	-0.062157979465888	35	0.661612390125497	0.850644501589925	-0.17939637027421
aligned_OG0007840_pruned	0.18508901143147	38	0.173485468321478	0.453716844414039	0.760736897196467
aligned_OG0007841_pruned	-0.0462250163521024	26	0.78118295086715	0.914232605862087	-0.107247243654942
aligned_OG0007842_pruned	0.313284960648479	39	0.0195174811821777	0.146804525296938	1.70957623068905
aligned_OG0007843_pruned	0.0738719836825776	37	0.592196547563447	0.811858983771315	0.227534128825333
aligned_OG0007844_pruned	0.0175309145378607	34	0.903242635054685	0.966281167474752	0.0441955709369678
aligned_OG0007845_pruned	-0.291017796749084	36	0.0375315719128707	0.205309823514359	-1.42560324590427
aligned_OG0007846_pruned	-0.142407190614133	38	0.294998148278263	0.587013259801595	-0.530180710106773
aligned_OG0007847_pruned	0.0806422068741593	34	0.576022353475289	0.799012908297501	0.23956066275283
aligned_OG0007849_pruned	-0.146748131182657	35	0.301447933138049	0.593521471384028	-0.520787689505768
aligned_OG0007851_pruned	0.187521189348082	37	0.173911800111822	0.453754174105247	0.759670949627035
aligned_OG0007852_pruned	-0.188025358272589	22	0.302028228109777	0.593861066396782	-0.519952465190518
aligned_OG0007853_pruned	-0.137018051220097	36	0.32744060106482	0.615324119369453	-0.484867471151405
aligned_OG0007855_pruned	-0.0554202490087925	36	0.692035516865462	0.86716882904452	-0.159871615972635
aligned_OG0007856_pruned	-0.0616663053417174	34	0.668929268252767	0.853923654790078	-0.17461980156181
aligned_OG0007857_pruned	0.356986368401111	31	0.018422125454099	0.142227269481283	1.73466026449015
aligned_OG0007860_pruned	0.322111452807095	35	0.0233193485119236	0.161707490823842	1.63228358691598
aligned_OG0007861_pruned	0.0589047961271143	35	0.678302465597233	0.857863514332717	0.168576604292303
aligned_OG0007863_pruned	0.0163313833616003	38	0.904407009618643	0.966478040464662	0.0436360803084344
aligned_OG0007864_pruned	0.15726151085278	31	0.299117385231852	0.590850157860313	0.524158344271132
aligned_OG0007867_pruned	-0.0780214464867852	32	0.600339624293151	0.818093356630813	-0.221602990903761
aligned_OG0007868_pruned	-0.0902219936601278	27	0.580069410520028	0.802791366279477	-0.236520036088397
aligned_OG0007870_pruned	0.165144564768954	33	0.25965635637045	0.548752418648464	0.585601041438567
aligned_OG0007877_pruned	0.0143888615767239	28	0.928305087988017	0.973847642230409	0.032309269196516
aligned_OG0007878_pruned	0.157728648642105	37	0.252743260867069	0.542358880746575	0.597320415587659
aligned_OG0007879_pruned	0.0675367415394257	29	0.666954528692819	0.852844384160944	0.175903774195836
aligned_OG0007880_pruned	-0.00497567861688777	34	0.972475828466415	0.990570300372687	-0.0121211845463328
aligned_OG0007893_pruned	-0.0371196169322812	28	0.81644545383725	0.930433455844266	-0.0880728248756289
aligned_OG0007894_pruned	-0.0183493960854393	33	0.900329705087747	0.965434548268614	-0.0455984206953498
aligned_OG0007895_pruned	0.126660099276225	34	0.379775474840949	0.663263428236256	0.420473084583601
aligned_OG0007896_pruned	-0.0312652699740361	31	0.836454487433886	0.938422230110218	-0.0775576845809095
aligned_OG0007898_pruned	0.229529803544427	35	0.106041553700171	0.356622887986579	0.97452391769425
aligned_OG0007899_pruned	0.163205222650689	36	0.243434761787869	0.532266816990232	0.61361740566755
aligned_OG0007903_pruned	0.216430040871151	31	0.1530066664964	0.42838687946416	0.815289646571115
aligned_OG0007904_pruned	0.0588411914837471	37	0.669623072320943	0.853923654790078	0.174169590843586
aligned_OG0007905_pruned	-0.149209419390598	22	0.412770233630431	0.691787721529404	-0.3842916288134
aligned_OG0007906_pruned	-0.162867313540438	34	0.258735508935681	0.547619069249874	-0.587143964493499
aligned_OG0007907_pruned	-0.253759609461276	34	0.0784642542655677	0.307977485341023	-1.10532814848826
aligned_OG0007908_pruned	-0.327581174410167	36	0.0192189638237988	0.145008575752413	-1.71627003070166
aligned_OG0007913_pruned	0.426935435967071	33	0.00356747193949743	0.0535562127659398	2.44763943421033
aligned_OG0007914_pruned	-0.00565703527751775	32	0.969698159609322	0.989401947886137	-0.0133634286368032
aligned_OG0007916_pruned	0.442677262716442	36	0.00155691676172199	0.0326683312452387	2.80773460573063
aligned_OG0007929_pruned	-0.0829930130864855	37	0.547311617959892	0.780059402858594	-0.261765332850882
aligned_OG0007931_pruned	-0.309173471200421	17	0.141031640520716	0.412224558262278	-0.850683442224038
aligned_OG0007964_pruned	-0.114182221489365	28	0.475219245017063	0.733175750202128	-0.323105979989248
aligned_OG0007965_pruned	-0.223703576286321	21	0.231266043155483	0.520603679125199	-0.635888130103639
aligned_OG0007966_pruned	-0.163205222650689	36	0.243434761787869	0.532266816990232	-0.61361740566755
aligned_OG0007969_pruned	0.197989898732233	25	0.244071451803792	0.533178590034026	0.612483015540401
aligned_OG0007974_pruned	0.148969892882781	24	0.391267279282639	0.674396960157009	0.407526469556945
aligned_OG0007977_pruned	-0.165844036619268	31	0.273519005466468	0.564569342054393	-0.563012491332587
aligned_OG0007979_pruned	0.183077145977619	30	0.234895809006907	0.524106952043374	0.629124731802262
aligned_OG0007981_pruned	-0.337760264736599	33	0.0211440633951731	0.153338801859239	-1.67481154775127
aligned_OG0007984_pruned	0.375183239688433	31	0.0132429375674621	0.118308991937045	1.87801566838332
aligned_OG0007986_pruned	0.27570082621596	23	0.121037339482307	0.383837931391712	0.917080631092371
aligned_OG0007988_pruned	-0.102985730108887	33	0.482096243518663	0.737698543071696	-0.316866252515068
aligned_OG0007989_pruned	0.023124864503144	34	0.872600060989729	0.953248468727114	0.0591847609945095
aligned_OG0007991_pruned	-0.404934233106678	23	0.0227747278540403	0.159752209542647	-1.64254680391346
aligned_OG0007994_pruned	-0.340502612303499	24	0.0500435212487052	0.240665045054044	-1.30065213932477
aligned_OG0007995_pruned	-0.15913663867543	27	0.329113985978608	0.616485446851105	-0.482653661600275
aligned_OG0007999_pruned	0.289836809850105	32	0.0516250333942385	0.245477062535306	1.28713965440714
aligned_OG0008001_pruned	0.366732078848739	35	0.00981272097750722	0.0998928235883347	2.00821055004476
aligned_OG0008003_pruned	0.0228151725717661	20	0.905382843670291	0.966478040464662	0.0431677393193576
aligned_OG0008004_pruned	-0.153976243211053	35	0.278262656919076	0.568790119322794	-0.555545072437648
aligned_OG0008005_pruned	0.397922293514054	36	0.00445522207874632	0.0614364999154393	2.35113064287958
aligned_OG0008006_pruned	0.437658634593183	33	0.00281486365895342	0.0469945322406128	2.55054263583863
aligned_OG0008008_pruned	-0.24000768036866	36	0.0862793159751318	0.322981850701766	-1.06409330665483
aligned_OG0008009_pruned	0.182953476732325	34	0.204558752720553	0.48784548921007	0.689181933046997
aligned_OG0008010_pruned	-0.0575197308543051	32	0.699316236804364	0.870380698829025	-0.15532638814375
aligned_OG0008011_pruned	0.161610746611309	35	0.255125040183334	0.54490038649893	0.593246913872547
aligned_OG0008013_pruned	0.223116480250694	31	0.140713524852693	0.411625220752292	0.851664157813288
aligned_OG0008014_pruned	-0.135718418085845	34	0.346641344386195	0.634334322117674	-0.46011963963727
aligned_OG0008015_pruned	-0.00892465921002777	31	0.953011395422729	0.982982854522296	-0.0209019063505278
aligned_OG0008016_pruned	-0.250345383540236	35	0.0779312106125621	0.30791568230855	-1.10828857721556
aligned_OG0008017_pruned	-0.168474826903082	29	0.283051287051885	0.574912417307002	-0.548134866010758
aligned_OG0008019_pruned	0.203568272184153	27	0.211893552031278	0.498319429050302	0.67388225876746
aligned_OG0008020_pruned	-0.0659966329107444	25	0.697801335084509	0.869534745978146	-0.156268203963173
aligned_OG0008021_pruned	0.174042342504486	35	0.220376833967614	0.507612694754254	0.656834060495455
aligned_OG0008022_pruned	0.0625070631160272	37	0.650370817427737	0.843489476610501	0.186838954059804
aligned_OG0008023_pruned	0.253708131702462	29	0.105968809127202	0.356622887986579	0.974821946219337
aligned_OG0008024_pruned	0.236550162184761	23	0.183430618982178	0.465585756334808	0.736528168420139
aligned_OG0008026_pruned	0.116020569730361	31	0.443657055911713	0.71303399735652	0.352952607080566
aligned_OG0008027_pruned	-0.0406725917391042	31	0.788281320858062	0.917774687798499	-0.103318764372526
aligned_OG0008028_pruned	0.10522085616183	32	0.479842705251166	0.736608631021239	0.318901103117681
aligned_OG0008029_pruned	0.223540356863725	34	0.121113867656852	0.383837931391712	0.916806126864914
aligned_OG0008030_pruned	-0.184113299984115	36	0.188215424956934	0.471209470644713	-0.725344787395639
aligned_OG0008031_pruned	-0.136487170808888	28	0.393386625521116	0.676008501397037	-0.405180409442395
aligned_OG0008032_pruned	-0.00532737001650427	30	0.972426565720367	0.990570300372687	-0.0121431851761235
aligned_OG0008033_pruned	-0.136379046798605	37	0.322710714115972	0.611889768093332	-0.49118661561809
aligned_OG0008035_pruned	-0.316313313905869	33	0.0308490253788075	0.185054738346803	-1.51075855219126
aligned_OG0008037_pruned	0.00669461927004578	35	0.96240128706151	0.986380035345559	0.0166438048667384
aligned_OG0008039_pruned	0.0220755392844174	19	0.910979292510634	0.967330926587863	0.0404914948717621
aligned_OG0008040_pruned	-0.0738719836825776	37	0.592196547563447	0.811858983771315	-0.227534128825333
aligned_OG0008042_pruned	0.195991577402445	36	0.161282267779078	0.436423159830753	0.792413378606249
aligned_OG0008043_pruned	-0.106306287663969	33	0.468084217397292	0.728853974950744	-0.329676001924939
aligned_OG0008045_pruned	0.302896074167414	28	0.0582127397792788	0.262769348005536	1.23498196018907
aligned_OG0008046_pruned	0.234914254807333	34	0.103315939109317	0.352009055992016	0.985832672350392
aligned_OG0008048_pruned	-0.00736309951588929	35	0.95865013937646	0.98447555215797	-0.0183398602544465
aligned_OG0008049_pruned	0.369997832050304	34	0.0102965489721186	0.101722080143821	1.98730831058638
aligned_OG0008054_pruned	-0.168504650393694	32	0.257842699543572	0.546974330312707	-0.588645160525742
aligned_OG0008055_pruned	0.104838709677419	32	0.481439331637447	0.737194484469454	0.31745843251686
aligned_OG0008056_pruned	0.326652629004074	28	0.0410872245278213	0.216309531299398	1.38629319465837
aligned_OG0008057_pruned	-0.0593988704139364	32	0.689994877261632	0.865882919914158	-0.161154133589214
aligned_OG0008059_pruned	0.121548816424163	28	0.447207857256067	0.715680618876208	0.349490574681168
aligned_OG0008060_pruned	-0.00640020480983092	31	0.966293255500384	0.987865935593695	-0.014891051723389
aligned_OG0008070_pruned	-0.168474826903082	29	0.283051287051885	0.574912417307002	-0.548134866010758
aligned_OG0008072_pruned	-0.0136749139871982	31	0.928057251415213	0.973798075739179	-0.0324252315324647
aligned_OG0008074_pruned	-0.0109441684623427	23	0.950924583799356	0.981956943766167	-0.02185392484864
aligned_OG0008076_pruned	-0.0341872849679956	31	0.821416499196998	0.932886215980867	-0.0854365780367281
aligned_OG0008078_pruned	0.00958926602970768	30	0.950389943699351	0.981669624070787	0.0220981677111418
aligned_OG0008079_pruned	0.14478698478548	37	0.293777951064632	0.586262639741825	0.531980802454193
aligned_OG0008080_pruned	0.325167221687938	35	0.0220399257832917	0.156864809020671	1.65678987225043
aligned_OG0008082_pruned	0.061367343308753	35	0.665653610171456	0.852513655613906	0.17675170825572
aligned_OG0008083_pruned	-0.257199298938819	22	0.158009526576234	0.435288446084586	-0.801316728142002
aligned_OG0008086_pruned	0.0879831088644914	29	0.57506213017395	0.798289298340616	0.240285231251183
aligned_OG0008088_pruned	-0.251837240792222	31	0.0963585707609801	0.342404467403951	-1.01610965030116
aligned_OG0008090_pruned	-0.187567419157817	34	0.193373163105004	0.475735605282443	-0.713603798733558
aligned_OG0008091_pruned	-0.242765190279431	33	0.0975179047654509	0.343839159611258	-1.01091563838412
aligned_OG0008092_pruned	-0.119828937903056	26	0.47147432485129	0.730694882767612	-0.32654195272308
aligned_OG0008094_pruned	-0.0792105198556016	29	0.613759294837775	0.825278312309591	-0.21200191781612
aligned_OG0008095_pruned	-0.337476313223829	35	0.0174846744105214	0.138375993894572	-1.75734245045971
aligned_OG0008098_pruned	0.278019218742766	24	0.109598583399116	0.36387376037098	0.960195059226859
aligned_OG0008149_pruned	0.122678321660863	28	0.44299751941372	0.712721179840075	0.353598705623317
aligned_OG0008153_pruned	-0.0353996162702394	28	0.824809382538614	0.934963698621976	-0.0836464074219574
aligned_OG0008156_pruned	-0.165447435469596	28	0.300861214389582	0.593328955029942	-0.521633795850096
aligned_OG0008164_pruned	-0.204757089836981	24	0.238646499324176	0.527740456105391	-0.622244931862766
aligned_OG0008165_pruned	0	20	1	1	0
aligned_OG0008167_pruned	-0.186242659357595	24	0.283798147742724	0.575740962305593	-0.546990443366703
aligned_OG0008170_pruned	-0.228316506473858	22	0.210112327529967	0.495250196421394	-0.677548466293805
aligned_OG0008172_pruned	-0.154392462680938	23	0.385261241090316	0.669791570290973	-0.414244680650368
aligned_OG0008174_pruned	0.180443987320256	27	0.268481324089578	0.559156899512649	0.571085919003288
aligned_OG0008175_pruned	0.0591080463289049	34	0.68189542203204	0.860707176848021	0.166282225221736
aligned_OG0008176_pruned	0.152211004315905	28	0.341189662631791	0.628275653419846	0.467004135564247
aligned_OG0008180_pruned	0.404737774156051	32	0.00657166287157487	0.0773787229644408	2.18232472411254
aligned_OG0008181_pruned	0.0781763104994104	34	0.587746352368953	0.808192859603087	0.230810057483247
aligned_OG0008184_pruned	-0.113592366849413	31	0.453254704753736	0.71836036249716	-0.343657679261175
aligned_OG0008186_pruned	-0.0712904290127167	32	0.632142422148543	0.831974112631408	-0.1991850638301
aligned_OG0008189_pruned	0.0181220094073187	29	0.908072555255975	0.966478040464662	0.0418794498396784
aligned_OG0008190_pruned	-0.00871478309360004	22	0.961846557151101	0.986380035345559	-0.016894205194779
aligned_OG0008191_pruned	-0.0547073293241479	33	0.708844789588834	0.875355989314163	-0.149448848603068
aligned_OG0008193_pruned	0.0722089108598375	32	0.627760662991036	0.829678117525544	0.202205901731188
aligned_OG0008195_pruned	0.162690366956417	31	0.282745459932775	0.574912417307002	0.548604359848921
aligned_OG0008198_pruned	-0.287213478951776	33	0.0499499764547465	0.240489549160074	-1.30146471215424
aligned_OG0008199_pruned	-0.215698990703644	32	0.147501399902633	0.420664979510799	-0.831203857874946
aligned_OG0008203_pruned	-0.122229428065398	32	0.411778580574333	0.690820240820673	-0.385336247762445
aligned_OG0008205_pruned	0.335257174035397	29	0.0326634416849114	0.191175658286045	1.4859380564023
aligned_OG0008206_pruned	0.112843635474135	28	0.480410621026535	0.736697813225681	0.318387399682481
aligned_OG0008208_pruned	0.139766348004919	33	0.340092123112609	0.627723608117431	0.46840342666282
aligned_OG0008209_pruned	0.097720388124263	34	0.498005731735483	0.74560899305346	0.302765658752799
aligned_OG0008210_pruned	-0.0814805526476724	30	0.59703970563091	0.815348337071824	-0.22399678551553
aligned_OG0008211_pruned	0.17025130615175	25	0.316502592255798	0.604730401560873	0.49962272862363
aligned_OG0008212_pruned	0.384014739640861	17	0.067508162007478	0.284015151808363	1.17064371605023
aligned_OG0008216_pruned	-0.293649570830006	32	0.0486267370418623	0.23789589161719	-1.31312487154343
aligned_OG0008217_pruned	-0.0547448901451359	22	0.763794840443074	0.904595475194665	-0.11702327968183
aligned_OG0008218_pruned	-0.0706304617818635	22	0.698238753520135	0.869853932581941	-0.155996050719662
aligned_OG0008219_pruned	0.330936563734789	32	0.0262676821965433	0.171031614439485	1.58057824672899
aligned_OG0008221_pruned	-0.17778975055469	33	0.224933301364908	0.513881194614965	-0.64794624252625
aligned_OG0008222_pruned	0.0730702802166893	31	0.629485854316783	0.830455971241257	0.20101402482727
aligned_OG0008226_pruned	0.046249729006288	34	0.748427523135563	0.896462583108193	0.125850249865092
aligned_OG0008235_pruned	-0.18373910987601	34	0.202621607712312	0.484654377711348	-0.693314243033775
aligned_OG0008236_pruned	-0.167486478139021	27	0.304370938835781	0.596000295730393	-0.516596816112262
aligned_OG0008247_pruned	-0.0738572580576736	32	0.619929864126381	0.82702082507915	-0.207657441704744
aligned_OG0008250_pruned	-0.127144363420327	32	0.393231658721827	0.676008501397037	-0.405351524780108
aligned_OG0008251_pruned	-0.288299988062579	22	0.113532475911832	0.370188068568765	-0.944879890965358
aligned_OG0008253_pruned	-0.014975497667456	14	0.949059680885933	0.981548797802625	-0.0227064764404965
aligned_OG0008254_pruned	0.346952699295724	30	0.024379240008976	0.165583252337084	1.6129798370709
aligned_OG0008255_pruned	-0.0745869853982891	30	0.628431659691145	0.82981699568575	-0.201741943805821
aligned_OG0008256_pruned	0.372325772317394	27	0.0224141599924562	0.157926623910893	1.64947753239386
aligned_OG0008257_pruned	0.0483782877943304	30	0.753606000545151	0.898625170319235	0.122855652156166
aligned_OG0008259_pruned	0.191963146613436	29	0.22127181567247	0.508192617402739	0.65507390047599
aligned_OG0008260_pruned	-0.26156867523931	30	0.0896757557277386	0.330262608727195	-1.04732495469098
aligned_OG0008261_pruned	-0.0678844233302131	32	0.648503379652976	0.84245490375094	-0.188087756263303
aligned_OG0008264_pruned	-0.154926707097258	30	0.314802539478979	0.60380073415077	-0.50196177289093
aligned_OG0008265_pruned	-0.0362640758760122	24	0.834682691602667	0.938003500163454	-0.0784785921527522
aligned_OG0008266_pruned	0.018490006540841	26	0.911528237909377	0.967330926587863	0.040229872946178
aligned_OG0008267_pruned	-0.030059727898771	31	0.842676535686323	0.940310782579634	-0.0743390988327959
aligned_OG0008269_pruned	0.202961753031139	26	0.222598210767762	0.510468526803172	0.652478330822563
aligned_OG0008271_pruned	-0.127128345232746	33	0.385546631571102	0.669967786269497	-0.413923086849754
aligned_OG0008272_pruned	0.206235524747895	35	0.146441445023266	0.419614388514129	0.834335994332063
aligned_OG0008277_pruned	-0.255195872901554	20	0.183669858854299	0.465633789107991	-0.735962107751218
aligned_OG0008286_pruned	-0.18516401995451	21	0.321750338238892	0.611355229485763	-0.492480987872816
aligned_OG0008337_pruned	-0.227710017021324	15	0.312321421676216	0.603026324907061	-0.505398227115572
aligned_OG0008339_pruned	-0.0888523316638639	20	0.643428843563621	0.839420428236288	-0.191499474488224
aligned_OG0008340_pruned	0.0460658327352318	18	0.820877335437169	0.932419325946651	0.0857217351130199
aligned_OG0008345_pruned	-0.128747879889405	27	0.429795272339556	0.702117877025871	-0.366738365969135
aligned_OG0008347_pruned	0.446796642941024	31	0.00317773929472974	0.0502980865324506	2.49788173567005
aligned_OG0008351_pruned	0.122065381778345	30	0.428369458205456	0.700731976004027	0.368181500972018
aligned_OG0008352_pruned	0.0236524958395633	26	0.886974312040059	0.959878116225278	0.0520889577340012
aligned_OG0008353_pruned	-0.0865873889110218	27	0.595422767855216	0.814288725160373	-0.225174562761457
aligned_OG0008354_pruned	-0.173459992307575	22	0.341024638320184	0.628275653419846	-0.467214243001775
aligned_OG0008355_pruned	0.0580381000088009	20	0.76236881846984	0.903745908055829	0.117834875018498
aligned_OG0008361_pruned	-0.111978502191171	29	0.475532659596901	0.733175750202128	-0.322819650344591
aligned_OG0008362_pruned	0.207809733386452	27	0.202526585655949	0.484654377711348	0.693517958889701
aligned_OG0008368_pruned	-0.340777100548239	31	0.0244489453100894	0.165853436833222	-1.6117398709325
aligned_OG0008373_pruned	-0.34213488137908	21	0.0671207172532548	0.282815938843141	-1.17314341127551
aligned_OG0008375_pruned	0.0615457454896664	33	0.674424072235294	0.856044729171431	0.171066936822849
aligned_OG0008380_pruned	-0.0557498518115653	30	0.717564016163038	0.879761917886731	-0.14413934807665
aligned_OG0008381_pruned	-0.287598654271525	32	0.0534560744106223	0.249816224508178	-1.2720029371695
aligned_OG0008384_pruned	0.431397981407288	32	0.00376957206341766	0.0552386761154936	2.42370794980618
aligned_OG0008385_pruned	-0.0553694392684741	24	0.749991173290089	0.897102123003311	-0.124943847826921
aligned_OG0008386_pruned	-0.207869854820774	28	0.193646431269221	0.475735605282443	-0.712990502263575
aligned_OG0008392_pruned	-0.173618458625882	31	0.251660432836717	0.541151686793898	-0.59918506077847
aligned_OG0008395_pruned	0.322446974463201	22	0.0767354652534118	0.306100219355852	1.11500386937553
aligned_OG0008396_pruned	0.0302912978265101	31	0.841480581121794	0.939264159305194	0.0749559018021907
aligned_OG0008399_pruned	0.0369274472937998	33	0.801002095772972	0.92353008422521	0.0963663476093376
aligned_OG0008400_pruned	-0.487874961462441	26	0.00337043144739772	0.0523081558978596	-2.47231450173085
aligned_OG0008401_pruned	-0.0900574529263748	30	0.559011086967441	0.787867108973145	-0.252579578587581
aligned_OG0008402_pruned	0.166742926870459	24	0.337253960037008	0.625159726625767	0.472042942139013
aligned_OG0008404_pruned	-0.0530097711963927	31	0.726338697648762	0.883983014053906	-0.138860817014958
aligned_OG0008405_pruned	-0.039955275123782	30	0.79545167210406	0.921441921581855	-0.0993862009025011
aligned_OG0008407_pruned	0.178657930293024	30	0.246387360029246	0.536374723257285	0.608381575770419
aligned_OG0008410_pruned	0.075224391702326	30	0.625499479981046	0.82846236280986	0.203773047028045
aligned_OG0008412_pruned	0.225673175106978	30	0.143135676658363	0.41532989314501	0.844252104571932
aligned_OG0008413_pruned	-0.0188561808316413	25	0.911663894828446	0.967330926587863	-0.0401652444844437
aligned_OG0008415_pruned	0.114065430204105	28	0.475670962037153	0.733175750202128	0.322693359851805
aligned_OG0008417_pruned	0.364698404312899	29	0.0201367515503463	0.149607844936808	1.69601058827826
aligned_OG0008418_pruned	-0.0188935008655193	30	0.902435841442229	0.966281167474752	-0.0445836644340129
aligned_OG0008420_pruned	0.120776216975424	27	0.458901995807745	0.722394288746095	0.33828005351387
aligned_OG0008431_pruned	-0.347804171820126	32	0.0195174811821778	0.146804525296938	-1.70957623068905
aligned_OG0008433_pruned	0.0141079651896828	29	0.928371993506561	0.973847642230409	0.0322779695183818
aligned_OG0008435_pruned	0.0734116979048802	26	0.659104841083198	0.849247754756908	0.181045498482725
aligned_OG0008436_pruned	0.0808452083454443	18	0.691102223844843	0.866824339675159	0.160457709545877
aligned_OG0008437_pruned	-0.313975813773926	29	0.0454360367342464	0.229421138031332	-1.34259955800817
aligned_OG0008438_pruned	0.0365537909544767	32	0.806101943598735	0.925600227268173	0.0936100317150662
aligned_OG0008439_pruned	-0.0692899516069248	28	0.664804739545179	0.852448125360013	-0.177305893028126
aligned_OG0008448_pruned	-0.0475248456521757	23	0.789268026134281	0.918437030251511	-0.102775490447784
aligned_OG0008458_pruned	0.169705627484771	25	0.318056180358034	0.606857193183136	0.497496160944823
aligned_OG0008461_pruned	0	26	1	1	0
aligned_OG0008462_pruned	0.318039974354414	30	0.0390644057610946	0.21068736173817	1.40821877769359
aligned_OG0008463_pruned	-0.336949653806164	29	0.031794861103806	0.187904532221438	-1.49764306789636
aligned_OG0008464_pruned	0.153398337171038	28	0.337436852855276	0.625159726625767	0.471807488084559
aligned_OG0008466_pruned	0.112563605584328	27	0.490010252534662	0.742170953094517	0.309794833088532
aligned_OG0008468_pruned	0.374091317137283	30	0.0152166918525877	0.127211629718392	1.81767975402585
aligned_OG0008469_pruned	0.0855920985021826	27	0.599659203205658	0.817319104930811	0.222095496643877
aligned_OG0008470_pruned	-0.280828505155725	29	0.0735525597820074	0.298348851126906	-1.1334022083225
aligned_OG0008471_pruned	-0.203188808736188	30	0.187393143508183	0.470161777354612	-0.727246303475116
aligned_OG0008472_pruned	-0.111358850796844	28	0.486204960452144	0.740101651285481	-0.313180614628832
aligned_OG0008473_pruned	-0.0990147542976674	25	0.560195109384606	0.788368384546111	-0.251660686973626
aligned_OG0008474_pruned	0.115650899765241	30	0.453034013772601	0.718166917979166	0.343869189953624
aligned_OG0008475_pruned	-0.0668659418437856	28	0.675851251055043	0.856679054992394	-0.170148877955557
aligned_OG0008476_pruned	0.0559892510955854	29	0.721276699029156	0.881735333383358	0.141898097543075
aligned_OG0008477_pruned	-0.122678321660863	28	0.44299751941372	0.712721179840075	-0.353598705623317
aligned_OG0008478_pruned	0.0914282950017936	20	0.633838931383758	0.832878769067883	0.198021089276548
aligned_OG0008479_pruned	0.0101784136092077	27	0.950229341121992	0.981669624070787	0.0221715635919994
aligned_OG0008480_pruned	-0.0649313004743565	23	0.715000654688089	0.877895407552104	-0.145693560538368
aligned_OG0008482_pruned	-0.0962250448649376	25	0.571299621499449	0.79529872897176	-0.243136063670512
aligned_OG0008485_pruned	-0.312726301716964	29	0.04630159491511	0.231698908987571	-1.33440404891938
aligned_OG0008486_pruned	-0.240562612162344	25	0.156966988253578	0.434977412279957	-0.804191674513012
aligned_OG0008489_pruned	-0.016582585026521	30	0.914319999399395	0.968270540229821	-0.0389017805779364
aligned_OG0008560_pruned	0.120124995026075	22	0.509651477934009	0.752692172583675	0.29272671204326
aligned_OG0008568_pruned	0.107417231105915	13	0.660549205201673	0.850178321207951	0.180094825662437
aligned_OG0008569_pruned	-0.0687835939428795	31	0.64972262878551	0.843129170170061	-0.187272007198709
aligned_OG0008575_pruned	-0.0188060979255815	30	0.90288494086971	0.966281167474752	-0.0443675904718502
aligned_OG0008579_pruned	-0.214011368391648	25	0.207982486894133	0.492795051867775	-0.681973233140383
aligned_OG0008580_pruned	-0.185822832416704	29	0.236401850127194	0.525599678246043	-0.626349128903781
aligned_OG0008581_pruned	-0.358057437019716	27	0.0281080401471518	0.176731122894138	-1.5511694348248
aligned_OG0008586_pruned	-0.330840991459152	23	0.0628118475160986	0.272546520717946	-1.20195843228855
aligned_OG0008587_pruned	0.318058627178356	31	0.0357288411256332	0.200324574895881	1.44698107002496
aligned_OG0008594_pruned	-0.230739551747724	24	0.184209288186653	0.46618972098958	-0.734688475623902
aligned_OG0008598_pruned	0.15913663867543	27	0.329113985978608	0.616485446851105	0.482653661600275
aligned_OG0008599_pruned	-0.102024904673804	30	0.507997971536012	0.751971303674708	-0.294138021874497
aligned_OG0008600_pruned	-0.061046769566736	24	0.725345271990754	0.883741453374277	-0.139455215462313
aligned_OG0008604_pruned	0.0269190951029083	24	0.876884911453379	0.955004651459425	0.0570574027577909
aligned_OG0008607_pruned	0.080582296402538	28	0.61432935969509	0.825522278016789	0.211598728618456
aligned_OG0008608_pruned	-0.0911294566525844	28	0.568774316215148	0.795221929034084	-0.245060022998888
aligned_OG0008611_pruned	0.253202222284771	24	0.145067185747298	0.417431702908924	0.838430814030569
aligned_OG0008612_pruned	0.271225401448324	30	0.0784475952053434	0.307977485341023	1.10542036507968
aligned_OG0008616_pruned	0.265425857196086	24	0.126630457947617	0.39284037678594	0.89746182253631
aligned_OG0008617_pruned	0.14213381090374	25	0.403018769211216	0.684483242040323	0.394674727618079
aligned_OG0008618_pruned	-0.0779077323843207	27	0.632816376564394	0.831985561171064	-0.198722290320242
aligned_OG0008619_pruned	-0.111978502191171	29	0.475532659596901	0.733175750202128	-0.322819650344591
aligned_OG0008626_pruned	-0.099321708930132	26	0.550608072617563	0.781711708016227	-0.25915742558424
aligned_OG0008629_pruned	-0.25628391481283	30	0.0963480741890628	0.342404467403951	-1.01615696162526
aligned_OG0008633_pruned	0	26	1	1	0
aligned_OG0008640_pruned	0.104990131391452	28	0.511481779449553	0.75299049157469	0.291169832578329
aligned_OG0008644_pruned	-0.116382874792529	21	0.533416513472694	0.769321503295852	-0.272933543578545
aligned_OG0008647_pruned	0.103433538590698	30	0.502158251500749	0.749334317291296	0.299159396554451
aligned_OG0008661_pruned	0.166584544628339	30	0.279770831846968	0.570435490661432	0.553197565856448
aligned_OG0008662_pruned	-0.209215304820283	27	0.199490042269707	0.482362007329224	-0.700078777647658
aligned_OG0008665_pruned	-0.325268155589742	30	0.0348234239253194	0.198687007539921	-1.45812853020984
aligned_OG0008667_pruned	-0.122140963310492	27	0.453841932050896	0.718665312584291	-0.343095380603991
aligned_OG0008681_pruned	0.227267753885664	31	0.133472471937788	0.402392859786663	0.874608296234175
aligned_OG0008684_pruned	-0.0298486530477379	30	0.846438894951518	0.941492025031845	-0.0724043884625864
aligned_OG0008686_pruned	0.274571942959109	28	0.0859839468186263	0.322041726741985	1.06558262385951
aligned_OG0008687_pruned	0.21629522817435	25	0.203170838081685	0.485808496575615	0.692138627928873
aligned_OG0008690_pruned	-0.184556334252318	31	0.223017469946615	0.511268954244743	-0.65166111540816
aligned_OG0008692_pruned	0.122812687697269	27	0.451362985140717	0.717804562263206	0.345474058922992
aligned_OG0008693_pruned	-0.209639247108765	30	0.173772360046231	0.453754174105247	-0.760019300580162
aligned_OG0008694_pruned	0.357122152608961	23	0.0446097180249396	0.227049235023947	1.35057052189624
aligned_OG0008696_pruned	0.376418599565863	21	0.0439751960614418	0.225481269382646	1.35679221558369
aligned_OG0008697_pruned	0.329916442216599	27	0.0430523810170751	0.222157608919436	1.36600282483792
aligned_OG0008699_pruned	-0.133500313152469	19	0.498962298603761	0.745831348005335	-0.301932268258211
aligned_OG0008700_pruned	0.169256677166574	28	0.289869223783883	0.580775404064516	0.537797892442029
aligned_OG0008701_pruned	-0.486463136004166	29	0.00193748070925083	0.0370965554697601	-2.71276261290301
aligned_OG0008704_pruned	0.084647791138097	29	0.589638551626567	0.810182731532937	0.229414129268173
aligned_OG0008706_pruned	-0.311714600079679	27	0.0559301792419169	0.256925952719493	-1.2523537888668
aligned_OG0008707_pruned	-0.264536001455856	24	0.127907854693907	0.39411641558457	-0.89310278511104
aligned_OG0008708_pruned	-0.216532784784307	21	0.246565883634409	0.536374723257285	-0.608067015227415
aligned_OG0008710_pruned	0.147375225236722	27	0.366115462382092	0.65431680942661	0.436381928902098
aligned_OG0008712_pruned	-0.0613391608304315	28	0.701296703474359	0.871355170306622	-0.154098202547475
aligned_OG0008791_pruned	-0.162697843363992	18	0.423901448000128	0.698004047686339	-0.372735099927672
aligned_OG0008797_pruned	0.25717224993682	25	0.130262175732052	0.398002056863227	0.885181672204213
aligned_OG0008801_pruned	-0.0921132372943677	21	0.622065473759703	0.827775885848558	-0.20616390245375
aligned_OG0008809_pruned	-0.226030630284234	20	0.238959052060528	0.527870405962593	-0.621676513226569
aligned_OG0008812_pruned	-0.11205007682436	23	0.528612125255688	0.765958483925414	-0.276862879283685
aligned_OG0008816_pruned	-0.200731263865498	22	0.270532137431646	0.56126781169911	-0.567781136175943
aligned_OG0008821_pruned	0.266007958373671	20	0.165786683981058	0.441754052844285	0.780450355002813
aligned_OG0008822_pruned	0.294817228174184	27	0.0706132376434147	0.291790569399377	1.15111387548392
aligned_OG0008824_pruned	0.246885359939347	25	0.146349826662573	0.419614388514129	0.834607787610323
aligned_OG0008827_pruned	0.18588746998031	29	0.236238861077369	0.525599678246043	0.626648659799354
aligned_OG0008829_pruned	0.0537215309350253	28	0.736919501051963	0.889096524619152	0.132579950619022
aligned_OG0008833_pruned	0.329527787692368	29	0.0357561710608715	0.200324574895881	1.44664899368392
aligned_OG0008835_pruned	0.0760448740828542	29	0.628000050083311	0.829698487507999	0.202040321627606
aligned_OG0008839_pruned	-0.190126438098051	20	0.32191217047456	0.611355229485763	-0.492262603711942
aligned_OG0008844_pruned	-0.152089748165708	29	0.332501571947875	0.620595730672258	-0.478206297167872
aligned_OG0008845_pruned	-0.154303349962092	25	0.363962075102477	0.652569042474914	-0.438943867537232
aligned_OG0008849_pruned	-0.0810191493666933	26	0.626354361034088	0.829330078685069	-0.203179894425771
aligned_OG0008851_pruned	0.0973969507115348	23	0.583882420770365	0.805618325872471	0.233674600065298
aligned_OG0008854_pruned	-0.19697894676176	28	0.218037432565448	0.505261154204018	-0.661468940518967
aligned_OG0008855_pruned	0.264638753839399	27	0.104613298319717	0.353944900123542	0.980413104954633
aligned_OG0008856_pruned	-0.23094010767585	25	0.174231388248025	0.453754174105247	-0.758873602973919
aligned_OG0008857_pruned	-0.148982666292698	24	0.391226665338468	0.674396960157009	-0.407571552108647
aligned_OG0008861_pruned	-0.0665716321683642	27	0.683091398309609	0.86137659700247	-0.165521183396262
aligned_OG0008863_pruned	-0.191532719420718	24	0.27034414065478	0.56126781169911	-0.568083038734455
aligned_OG0008864_pruned	0.282980944342236	28	0.0768008564149841	0.306100219355852	1.11463393707489
aligned_OG0008865_pruned	-0.113389341902768	25	0.504692685302899	0.750640066866258	-0.296972989610694
aligned_OG0008869_pruned	0.0397621386243772	23	0.823063273758121	0.933736942385927	0.0845667767103056
aligned_OG0008897_pruned	0.114017542509914	26	0.49324286113932	0.744311144446712	0.306939191712338
aligned_OG0008901_pruned	0.299013155220759	29	0.0567468164893814	0.259531137474363	1.24605849748066
aligned_OG0008912_pruned	0.0277350098112615	26	0.867632334778193	0.951031924139442	0.0616642711414005
aligned_OG0008914_pruned	-0.223814129085897	22	0.219243370782377	0.506122695835919	-0.659073529438131
aligned_OG0008916_pruned	0.276287488559971	22	0.129373998836298	0.396286110865413	0.888152997983962
aligned_OG0008918_pruned	-0.112563605584328	27	0.490010252534662	0.742170953094517	-0.309794833088532
aligned_OG0008919_pruned	-0.135906805477164	24	0.434130320809688	0.706105436298481	-0.362379880826875
aligned_OG0008920_pruned	0.285166067858639	27	0.080330559738319	0.311607248510762	1.09511920688925
aligned_OG0008921_pruned	-0.172644132459412	21	0.35555412352927	0.643337369139318	-0.449094280276073
aligned_OG0008923_pruned	0.181238584976156	21	0.332115669399842	0.620193431367082	0.478710633665846
aligned_OG0008924_pruned	-0.180578779628654	24	0.29869755599497	0.590341179478659	-0.524768330868388
aligned_OG0008925_pruned	-0.0278828592271009	21	0.881388387599133	0.957794799194564	-0.054832675671846
aligned_OG0008926_pruned	-0.0814273088736612	27	0.617532676734061	0.826023348598955	-0.209340056773049
aligned_OG0008927_pruned	0.0190204663338184	27	0.907143461495594	0.966478040464662	0.042324025388612
aligned_OG0008928_pruned	0.0104990131391452	28	0.947653919884631	0.980373428627451	0.0233502366342124
aligned_OG0008930_pruned	-0.388922234131299	18	0.0559301792419169	0.256925952719493	-1.2523537888668
aligned_OG0008932_pruned	-0.240370085030933	25	0.157299207050285	0.434977412279957	-0.80327346666186
aligned_OG0008935_pruned	-0.258860091571774	25	0.127758900316139	0.39411641558457	-0.89360883504027
aligned_OG0008936_pruned	-0.393990064644336	23	0.0267156984471795	0.172904000350146	-1.57323346726843
aligned_OG0008940_pruned	-0.0302283461961271	26	0.855857600584782	0.944739113077289	-0.0675984881555323
aligned_OG0008941_pruned	0.588929490401042	24	0.000700743861509719	0.0196235232909702	3.15444069795459
aligned_OG0008948_pruned	0.0148087219439773	20	0.938502884778471	0.976784848672935	0.027564388102362
aligned_OG0008949_pruned	-0.310375234173022	29	0.0479678737427312	0.235982492378937	-1.31904953194613
aligned_OG0008950_pruned	-0.0142653497503638	28	0.928918868601934	0.974140613897548	-0.032022215454309
aligned_OG0008951_pruned	0.0881733428354811	28	0.581378580708476	0.803725247031025	0.235540972654121
aligned_OG0008953_pruned	-0.0564318607587313	29	0.719166283306752	0.880782120901003	-0.143170681838056
aligned_OG0008954_pruned	-0.120962947351801	25	0.476660742842591	0.734511506589821	-0.321790614527525
aligned_OG0008956_pruned	-0.233273782758464	22	0.20038069390661	0.483016562940116	-0.698144123791449
aligned_OG0008963_pruned	0	19	1	1	0
aligned_OG0008972_pruned	-0.38112585453633	24	0.028280122568277	0.177353636881675	-1.54851871260459
aligned_OG0009000_pruned	0.372193684159388	25	0.0285390635703625	0.178379419895283	1.54456028114766
aligned_OG0009063_pruned	-0.116382874792529	21	0.533416513472694	0.769321503295852	-0.272933543578545
aligned_OG0009065_pruned	-0.0386251357055143	24	0.824090026144118	0.934610510958773	-0.0840253420383764
aligned_OG0009067_pruned	0	25	1	1	0
aligned_OG0009069_pruned	0.130410132739325	15	0.562833753917326	0.791118067787062	0.249619865216567
aligned_OG0009075_pruned	-0.199049483203433	22	0.274566636530252	0.565681856416742	-0.561352236404107
aligned_OG0009077_pruned	0.0785013693256009	22	0.66653860338404	0.852844384160944	0.176174692835009
aligned_OG0009079_pruned	0.188433665720358	24	0.278171823005162	0.568764123364388	0.555686863319974
aligned_OG0009082_pruned	0.060696641822951	24	0.726857311061461	0.884251976915371	0.138550836872447
aligned_OG0009086_pruned	-0.241268655526195	23	0.174844433610415	0.453897286847709	-0.757348189438591
aligned_OG0009087_pruned	0.383885947974957	19	0.0518686606519384	0.245549881798936	1.28509496617612
aligned_OG0009088_pruned	-0.387857933720024	20	0.0433114956682131	0.22317834392092	-1.36339681859673
aligned_OG0009090_pruned	0.020348923188912	24	0.90677446334059	0.966478040464662	0.0425007190113688
aligned_OG0009091_pruned	0.0240249990052149	22	0.895082297146429	0.962882814941618	0.048137032222153
aligned_OG0009093_pruned	-0.314755790145854	19	0.110912117486589	0.365013104573916	-0.955021003264056
aligned_OG0009094_pruned	-0.08651809126974	25	0.610732730822295	0.823318832274974	-0.214148804362086
aligned_OG0009095_pruned	-0.21614823853578	24	0.213524354036182	0.4998941548995	-0.670552583307245
aligned_OG0009100_pruned	0.119522860933439	21	0.522431284961564	0.760647420575285	0.281970823924117
aligned_OG0009103_pruned	0.185346145828511	24	0.286122384391018	0.577461958046649	0.543448164434447
aligned_OG0009107_pruned	-0.0617213399848368	21	0.741181505873604	0.890812569208602	-0.130075425830808
aligned_OG0009109_pruned	-0.141783511391713	26	0.394206950467932	0.676619709183643	-0.404275722717006
aligned_OG0009110_pruned	-0.18475208614068	25	0.277043017803346	0.567252590727267	-0.557452790704184
aligned_OG0009121_pruned	-0.213332688337518	20	0.266379923342483	0.557651587652851	-0.574498510395665
aligned_OG0009125_pruned	0.143364429632299	23	0.42011267955064	0.696837780477233	0.376634210688202
aligned_OG0009129_pruned	-0.145643816250884	22	0.424025854812914	0.698004047686339	-0.372607661661413
aligned_OG0009133_pruned	0.35910815754274	24	0.0387655741776372	0.210357659943813	1.41155377907916
aligned_OG0009134_pruned	-0.559535322714743	22	0.00213088672059669	0.0394783364189936	-2.67143963706544
aligned_OG0009135_pruned	-0.0441121321945536	23	0.804080657471961	0.925321837688217	-0.0947003849106892
aligned_OG0009136_pruned	-0.0831684798913076	23	0.639994010577447	0.837907522577795	-0.193824090368201
aligned_OG0009140_pruned	-0.0480384461415261	26	0.772829992684448	0.909131602160686	-0.111916031772954
aligned_OG0009145_pruned	0.39032687899217	24	0.0246828565393176	0.166096005972986	1.6076045809648
aligned_OG0009146_pruned	0.267784770801831	21	0.151859140004838	0.427070837533885	0.818559063908983
aligned_OG0009147_pruned	-0.0530161848325029	23	0.765594483995764	0.905358687343375	-0.116001204252675
aligned_OG0009148_pruned	-0.0818751251315124	27	0.615599680573907	0.825751892825833	-0.210701614189853
aligned_OG0009150_pruned	0.145190801728126	24	0.403395304892628	0.684484086442141	0.39426916083592
aligned_OG0009152_pruned	-0.0914014161845136	19	0.643428843563621	0.839420428236288	-0.191499474488224
aligned_OG0009153_pruned	-0.360581090319595	23	0.0425839558411251	0.22083602740686	-1.37075399719144
aligned_OG0009163_pruned	-0.153589529557661	26	0.356028985238161	0.643556862343359	-0.448514643553642
aligned_OG0009169_pruned	0.0308606699924184	21	0.868830196925314	0.951031924139442	0.0610650932223884
aligned_OG0009174_pruned	-0.294883912309794	23	0.0972544284390033	0.343575688240846	-1.01209061413763
aligned_OG0009178_pruned	0.064888568452305	25	0.702631336553249	0.871971835937312	0.153272485075342
aligned_OG0009180_pruned	-0.286595101383035	26	0.0850292707808799	0.320610109039662	-1.0704315454583
aligned_OG0009193_pruned	0.23094010767585	25	0.174231388248025	0.453754174105247	0.758873602973919
aligned_OG0009195_pruned	0.0481125224324688	25	0.777123746357262	0.912087421105319	0.109509820219654
aligned_OG0009196_pruned	-0.111919077539016	24	0.519514449647528	0.758489013010558	-0.284402368578575
aligned_OG0009198_pruned	0.390360029179413	21	0.0367138563627041	0.203589937682291	1.43516999552651
aligned_OG0009200_pruned	-0.0324656502371783	23	0.855132140584706	0.944739113077289	-0.0679667700758428
aligned_OG0009202_pruned	0.201604912253002	22	0.268452421712347	0.559156899512649	0.571132673907616
aligned_OG0009203_pruned	0.163339651944141	24	0.347207639349425	0.634561008858196	0.459410727934482
aligned_OG0009204_pruned	-0.130088727117598	26	0.434369763656214	0.706105436298481	-0.362140413470516
aligned_OG0009205_pruned	-0.408037222799621	23	0.0217536153863713	0.155282425125656	-1.66246855425568
aligned_OG0009206_pruned	0.0731211329476109	19	0.711138083802417	0.876552630466464	0.148046062827378
aligned_OG0009207_pruned	-0.0125988157669742	25	0.940910977227832	0.978038126006675	-0.0264514646998788
aligned_OG0009208_pruned	0.156162493533897	22	0.391337337819443	0.674396960157009	0.407448713726324
aligned_OG0009209_pruned	0.388789637930773	22	0.0328335442435342	0.191564783614106	1.48368223447051
aligned_OG0009211_pruned	-0.179227416722653	23	0.313499945583588	0.603222279015355	-0.503762530216836
aligned_OG0009212_pruned	-0.034236839400873	26	0.836995730048049	0.938422230110218	-0.0772767575638494
aligned_OG0009213_pruned	-0.0526361355967815	21	0.778195397360336	0.912658469523185	-0.10891134216106
aligned_OG0009214_pruned	-0.317115879446715	24	0.0680008486411519	0.284058622464846	-1.16748566732509
aligned_OG0009215_pruned	0.132268000727928	24	0.446536389881342	0.715595324469439	0.350143143089686
aligned_OG0009216_pruned	-0.186096842079694	25	0.273561411724749	0.564569342054393	-0.562945163738955
aligned_OG0009217_pruned	-0.0192628532132355	22	0.91579173205059	0.968270540229821	-0.0382032816873501
aligned_OG0009219_pruned	0.00942809041582063	25	0.955764014039165	0.983870745966232	0.0196493253515625
aligned_OG0009220_pruned	-0.264274989057364	22	0.146880955146575	0.420047224831976	-0.833034511976588
aligned_OG0009222_pruned	-0.237227857295589	22	0.192857560944157	0.475735605282443	-0.714763330031247
aligned_OG0009224_pruned	-0.186050863859825	23	0.295432850439315	0.587286051833441	-0.529541215282356
aligned_OG0009225_pruned	0.0453022684923879	24	0.794312716633723	0.920775495909909	0.10000848451136
aligned_OG0009235_pruned	0.413220265890109	23	0.0201367515503463	0.149607844936808	1.69601058827826
aligned_OG0009304_pruned	-0.137254901960784	18	0.499919005844664	0.74710802166564	-0.301100351992044
aligned_OG0009345_pruned	-0.435285750066007	20	0.0233422020128908	0.161707490823842	-1.63185817669946
aligned_OG0009347_pruned	-0.198852919667102	18	0.328383214240683	0.61638519795989	-0.483619050544561
aligned_OG0009353_pruned	-0.386439464679496	20	0.0440827085561569	0.22549249876804	-1.35573172915504
aligned_OG0009358_pruned	-0.300312487565186	22	0.0992601202647692	0.346578834766877	-1.0032252029419
aligned_OG0009360_pruned	0.274204248553541	19	0.164914822553301	0.441450302577422	0.782740308189302
aligned_OG0009367_pruned	0.0405998971470575	21	0.828004132509063	0.936124430207473	0.0819674956771926
aligned_OG0009368_pruned	0.237575189629904	22	0.192206768455548	0.475735605282443	0.716231322957075
aligned_OG0009370_pruned	-0.650791373455968	18	0.00138056431298003	0.0298275630943847	-2.85994335713644
aligned_OG0009377_pruned	0.40291148201269	22	0.0269922862724023	0.173593865920094	1.56876032872852
aligned_OG0009378_pruned	0.243266816399921	24	0.161513318467542	0.436423159830753	0.791791659720042
aligned_OG0009380_pruned	0.389066829364404	24	0.0251507921394319	0.168004029749699	1.59944833202489
aligned_OG0009381_pruned	-0.432049379893857	21	0.0207763658994044	0.151880241077875	-1.68243041480863
aligned_OG0009384_pruned	-0.298418838781196	22	0.101409862535629	0.34904678357747	-0.993919805983818
aligned_OG0009385_pruned	-0.145095250022002	20	0.449691797968891	0.717398330633544	-0.347085033555776
aligned_OG0009388_pruned	0.0796819072889596	21	0.669815357599417	0.853923654790078	0.17404489913085
aligned_OG0009389_pruned	0.224100153648721	23	0.207578442335624	0.492305745487192	0.682817751309226
aligned_OG0009390_pruned	-0.198679853559757	19	0.314304660473854	0.60380073415077	-0.502649179265361
aligned_OG0009392_pruned	-0.149866250530693	22	0.410716280632595	0.689832811830663	-0.386458081541871
aligned_OG0009395_pruned	0.193015289448231	20	0.314614455299987	0.60380073415077	0.502221327126606
aligned_OG0009396_pruned	-0.0214094643615275	22	0.906448699786851	0.966478040464662	-0.0426567696489218
aligned_OG0009399_pruned	0.224100153648721	23	0.207578442335624	0.492305745487192	0.682817751309226
aligned_OG0009403_pruned	0.468623348903205	21	0.0121505340200949	0.11197260562724	1.9154046342563
aligned_OG0009405_pruned	0.104257207028537	24	0.548506235500147	0.780776911178215	0.260818430937195
aligned_OG0009407_pruned	-0.480750175372543	22	0.00831766783697102	0.0909053741875211	-2.0799984270164
aligned_OG0009408_pruned	-0.142574536956527	23	0.422678074170635	0.697644444417261	-0.37399028000083
aligned_OG0009410_pruned	-0.415783377485758	18	0.0409927205597746	0.216226268533919	-1.38729325794869
aligned_OG0009411_pruned	0.220098548171357	24	0.205274503664272	0.488911894399595	0.687664989282836
aligned_OG0009414_pruned	0.104257207028537	24	0.548506235500147	0.780776911178215	0.260818430937195
aligned_OG0009419_pruned	-0.0270665980980383	21	0.884836122122616	0.958944769915231	-0.0531371562492435
aligned_OG0009423_pruned	0.172697890558943	20	0.368261074002576	0.656150449025481	0.433844184591512
aligned_OG0009432_pruned	0.289772762640408	25	0.0882180330638857	0.326878116406184	1.05444262961161
aligned_OG0009436_pruned	-0.0810889387999735	24	0.640738381802541	0.837907522577795	-0.193319259922949
aligned_OG0009444_pruned	0.0155080701733078	22	0.93216149611896	0.974275248375257	0.0305088400093362
aligned_OG0009461_pruned	0.249000170720801	23	0.161429462367083	0.436423159830753	0.792017199627933
aligned_OG0009463_pruned	0.174077655955698	22	0.339308181933588	0.627349637546586	0.469405667835677
aligned_OG0009465_pruned	-0.0784119948161608	23	0.659243003692631	0.849247754756908	-0.180954470520204
aligned_OG0009467_pruned	-0.142574536956527	23	0.422678074170635	0.697644444417261	-0.37399028000083
aligned_OG0009473_pruned	0.145478593490662	21	0.436274928840529	0.707780248860939	0.360239743646373
aligned_OG0009475_pruned	0.292596012940876	22	0.108253141387791	0.360698128362619	0.965559492040762
aligned_OG0009476_pruned	0.134839972492648	22	0.459207316755155	0.722494711084248	0.337991200747117
aligned_OG0009477_pruned	-0.297754947327511	25	0.0798019286423908	0.310549354593932	-1.0979866125512
aligned_OG0009478_pruned	-0.0270665980980383	21	0.884836122122616	0.958944769915231	-0.0531371562492435
aligned_OG0009484_pruned	-0.135906805477164	24	0.434130320809688	0.706105436298481	-0.362379880826875
aligned_OG0009487_pruned	0.0746047096952991	22	0.682162362999652	0.860707176848021	0.166112245632924
aligned_OG0009488_pruned	0.0921132372943677	21	0.622065473759703	0.827775885848558	0.20616390245375
aligned_OG0009489_pruned	0.35738456255106	24	0.0397105319226853	0.212597340389024	1.40109429552136
aligned_OG0009490_pruned	-0.0453022684923879	24	0.794312716633723	0.920775495909909	-0.10000848451136
aligned_OG0009491_pruned	0.0526361355967815	21	0.778195397360336	0.912658469523185	0.10891134216106
aligned_OG0009492_pruned	0.286914367118457	24	0.0986994660418694	0.345920438911252	1.00568519683084
aligned_OG0009493_pruned	-0.223838155078032	24	0.197680494654529	0.480582885881914	-0.704036180872551
aligned_OG0009494_pruned	0.285889981869043	22	0.116581703380908	0.376255045353011	0.933369603472531
aligned_OG0009495_pruned	0.428022736783297	25	0.011793457077065	0.109805832452827	1.92835886925467
aligned_OG0009496_pruned	0.48523345414009	23	0.00635721508258795	0.0763773836740186	2.19673309490886
aligned_OG0009497_pruned	0.592156525463792	21	0.00153067287355577	0.0323977592801149	2.81511761425904
aligned_OG0009499_pruned	-0.307470023134045	17	0.14323490752467	0.41532989314501	-0.843951127992794
aligned_OG0009500_pruned	-0.385457666759045	22	0.0343598419283037	0.197298114416388	-1.4639488427984
aligned_OG0009501_pruned	-0.570635319385272	19	0.00385205206578479	0.0558701017748586	-2.41430785142024
aligned_OG0009502_pruned	0.118431305092758	21	0.526236866651837	0.763861767562206	0.278818729753539
aligned_OG0009503_pruned	-0.257199298938819	22	0.158009526576234	0.435288446084586	-0.801316728142002
aligned_OG0009504_pruned	-0.118469775551818	20	0.537093978442642	0.77177447346376	-0.269949716631748
aligned_OG0009507_pruned	-0.135906805477164	24	0.434130320809688	0.706105436298481	-0.362379880826875
aligned_OG0009508_pruned	-0.0569864049480192	24	0.742944449791515	0.892047912093012	-0.129043657371206
aligned_OG0009515_pruned	-0.124341182825498	22	0.494907904410018	0.744829796526892	-0.305475609809293
aligned_OG0009516_pruned	0.108266392392153	21	0.562342605179145	0.790733199750744	0.249999011469701
aligned_OG0009547_pruned	-0.0940126791362944	22	0.605821690552335	0.821398465377926	-0.217655181451247
aligned_OG0009628_pruned	0.210818510677892	16	0.331975467082737	0.620090655677118	0.478894009381101
aligned_OG0009635_pruned	-0.0692699111288175	19	0.725720985208312	0.883903394664054	-0.139230318521873
aligned_OG0009636_pruned	-0.0606339062590832	17	0.772829992684448	0.909131602160686	-0.111916031772954
aligned_OG0009642_pruned	0.200838578101374	21	0.282488202544068	0.574912417307002	0.548999684754268
aligned_OG0009645_pruned	-0.0930484210398471	22	0.609523380350829	0.823261808059596	-0.215009630878081
aligned_OG0009658_pruned	0	21	1	1	0
aligned_OG0009659_pruned	-0.389462029303124	17	0.0637091021643568	0.274152466228536	-1.1957985152729
aligned_OG0009663_pruned	0.211380010803347	22	0.245930683028145	0.535921321964336	0.609187284036742
aligned_OG0009664_pruned	-0.177704663327728	19	0.368120250693519	0.656150449025481	-0.434010290886556
aligned_OG0009665_pruned	-0.306868989181895	22	0.0920965489471236	0.334942543898105	-1.03575664343292
aligned_OG0009666_pruned	-0.149866250530693	22	0.410716280632595	0.689832811830663	-0.386458081541871
aligned_OG0009667_pruned	-0.167700145049593	20	0.382282875039932	0.666204311432682	-0.417615156446679
aligned_OG0009669_pruned	0.0747000512162402	23	0.674424072235294	0.856044729171431	0.171066936822849
aligned_OG0009670_pruned	0.188623825028603	20	0.325751354478716	0.614773357169397	0.487113769809056
aligned_OG0009671_pruned	-0.11205007682436	23	0.528612125255688	0.765958483925414	-0.276862879283685
aligned_OG0009673_pruned	-0.13695009389644	23	0.441208519505878	0.711610149596677	-0.355356110151456
aligned_OG0009674_pruned	-0.0642283930845826	22	0.724420327082384	0.882910010292407	-0.140009371974964
aligned_OG0009676_pruned	0.0362738125055006	20	0.850106739138526	0.942438496701501	0.0705265409815816
aligned_OG0009677_pruned	-0.0268607654675127	22	0.882783191152826	0.958676792267104	-0.0541459447209319
aligned_OG0009678_pruned	0.0925820099772552	21	0.620294015349161	0.82702082507915	0.207402408925915
aligned_OG0009679_pruned	-0.0747000512162402	23	0.674424072235294	0.856044729171431	-0.171066936822849
aligned_OG0009680_pruned	0.314398032454506	18	0.122276677214714	0.38527503947423	0.912656371441871
aligned_OG0009682_pruned	0.0498000341441601	23	0.779434528427275	0.912976641164574	0.108220359162672
aligned_OG0009683_pruned	0.116382874792529	21	0.533416513472694	0.769321503295852	0.272933543578545
aligned_OG0009684_pruned	0.0871500597522802	23	0.62406453246517	0.828199719222812	0.204770499028419
aligned_OG0009685_pruned	-0.261450179256841	23	0.141482121482793	0.412691072444534	-0.849298436690457
aligned_OG0009686_pruned	0.0321047553553925	22	0.860115732172254	0.947285228550322	0.065443108684146
aligned_OG0009687_pruned	0.18516401995451	21	0.321750338238892	0.611355229485763	0.492480987872816
aligned_OG0009689_pruned	-0.0633247586861304	20	0.741464612632977	0.890858720227839	-0.129909571412353
aligned_OG0009690_pruned	0.120873444603807	22	0.507017548503032	0.751971303674708	0.294977008938575
aligned_OG0009691_pruned	-0.0220755392844174	19	0.910979292510634	0.967330926587863	-0.0404914948717621
aligned_OG0009692_pruned	-0.457329560380024	18	0.0245885664488588	0.165966732568236	-1.60926679055769
aligned_OG0009694_pruned	-0.336150230473081	23	0.058707408431205	0.263369464440914	-1.23130709061312
aligned_OG0009695_pruned	-0.311250213401001	23	0.0800579199844347	0.311046806513698	-1.09659569765606
aligned_OG0009696_pruned	0.224100153648721	23	0.207578442335624	0.492305745487192	0.682817751309226
aligned_OG0009698_pruned	-0.167365481751145	21	0.370454601038594	0.658033654589413	-0.431265006919461
aligned_OG0009699_pruned	-0.0747000512162402	23	0.674424072235294	0.856044729171431	-0.171066936822849
aligned_OG0009703_pruned	-0.108902016155841	20	0.570465195131655	0.79529872897176	-0.243770847342816
aligned_OG0009707_pruned	0.077151674981046	21	0.679708154348493	0.858895361300135	0.16767751988602
aligned_OG0009709_pruned	-0.0134303827337563	22	0.94123240611575	0.978038126006675	-0.0263031287176794
aligned_OG0009710_pruned	0.361050247545161	23	0.042315274905714	0.220226959677272	1.37350283333919
aligned_OG0009711_pruned	0.0727392967453308	21	0.697091610005963	0.869245420868885	0.156710144275458
aligned_OG0009712_pruned	0.0870388279778489	22	0.632816376564393	0.831985561171064	0.198722290320242
aligned_OG0009713_pruned	-0.241746889207614	22	0.18451609080341	0.466455361209676	-0.733965755020263
aligned_OG0009714_pruned	-0.181369062527503	20	0.344704222006958	0.632348561459476	-0.462553397232914
aligned_OG0009715_pruned	-0.169733684958301	21	0.363722327380711	0.652442046232806	-0.439230038619157
aligned_OG0009716_pruned	0.144496092954519	20	0.451565653821447	0.717804562263206	0.345279098020489
aligned_OG0009717_pruned	-0.246885359939347	21	0.186449181219981	0.469169801234471	-0.729439519475776
aligned_OG0009718_pruned	0	22	1	1	0
aligned_OG0009719_pruned	0.261450179256841	23	0.141482121482793	0.412691072444534	0.849298436690457
aligned_OG0009720_pruned	-0.0356824406025459	22	0.8447156864516	0.940711978136143	-0.0732894408521419
aligned_OG0009721_pruned	0.120873444603807	22	0.507017548503032	0.751971303674708	0.294977008938575
aligned_OG0009722_pruned	0.134303827337563	22	0.460994786425578	0.723852283796556	0.336303986192577
aligned_OG0009724_pruned	-0.107047321807638	22	0.556803791912369	0.786285571938316	-0.254297815780737
aligned_OG0009726_pruned	0.0249000170720801	23	0.888637860895008	0.960964245533425	0.0512751873504932
aligned_OG0009727_pruned	-0.13695009389644	23	0.441208519505878	0.711610149596677	-0.355356110151456
aligned_OG0009729_pruned	-0.0537215309350254	22	0.768082561900943	0.906534143815978	-0.114592094746067
aligned_OG0009730_pruned	-0.335414941663931	22	0.0656021066988955	0.27862222695297	-1.18308221377961
aligned_OG0009731_pruned	-0.0622500426802001	23	0.726286148878805	0.883983014053906	-0.138892238260281
aligned_OG0009732_pruned	-0.21165014511268	23	0.23395283347059	0.523342991375044	-0.630871690573576
aligned_OG0009733_pruned	-0.228316506473858	22	0.210112327529967	0.495250196421394	-0.677548466293805
aligned_OG0009739_pruned	0.0471404520791032	16	0.828262540835312	0.936124430207473	0.0818319796846482
aligned_OG0009741_pruned	-0.27716572655856	19	0.160399622796926	0.436423159830753	-0.79479665735738
aligned_OG0009743_pruned	0	21	1	1	0
aligned_OG0009760_pruned	0.0361550763031094	18	0.858954922737482	0.946464997642711	0.0660296269953575
aligned_OG0009773_pruned	-0.282940632751908	20	0.140458182202861	0.411374104834687	-0.852452956483417
aligned_OG0009780_pruned	-0.235299143527201	22	0.196500846774142	0.480108276967292	-0.706635573794687
aligned_OG0009781_pruned	-0.125472866521954	21	0.501938749886746	0.749203779812504	-0.299349275303451
aligned_OG0009786_pruned	0.0435739154680002	22	0.810964121020658	0.927471307656138	0.090998359583459
aligned_OG0009802_pruned	-0.582489104348623	23	0.00105403404578479	0.0247981334461413	-2.97714536098527
aligned_OG0009809_pruned	-0.27833497037064	23	0.117524868096639	0.377362015649148	-0.929870227567354
aligned_OG0009811_pruned	0.0697071480677524	21	0.709130917690266	0.875560829523966	0.149273579229103
aligned_OG0009813_pruned	-0.077151674981046	21	0.679708154348493	0.858895361300135	-0.16767751988602
aligned_OG0009818_pruned	0.199505968780253	20	0.29861767444881	0.590341179478659	0.524884491023501
aligned_OG0009820_pruned	0.0676664952450959	21	0.717274753874257	0.879761917886731	0.144314454883304
aligned_OG0009824_pruned	0.250313087160879	19	0.204893893816379	0.48816506573202	0.688470984114018
aligned_OG0009825_pruned	-0.225765403985385	21	0.226994418738	0.517129650447867	-0.643984820961447
aligned_OG0009827_pruned	0.0248682365650997	22	0.891422288274256	0.961963265615482	0.0499165114283158
aligned_OG0009832_pruned	0.473879102207274	20	0.0135546660648155	0.119236995917231	1.86791117730846
aligned_OG0009838_pruned	0.105272271193563	21	0.573201320948135	0.796465423248735	0.241692817437594
aligned_OG0009840_pruned	0.346717637585861	22	0.0570177656075743	0.259953883148872	1.24398980567465
aligned_OG0009842_pruned	-0.0840874965182522	22	0.644392343645045	0.840023441702569	-0.190849628296988
aligned_OG0009846_pruned	-0.118431305092758	21	0.526236866651837	0.763861767562206	-0.278818729753539
aligned_OG0009852_pruned	-0.285984720498646	22	0.116460634012846	0.376255045353011	-0.933820849918094
aligned_OG0009853_pruned	-0.358870281282637	17	0.0875316888771215	0.325993977858988	-1.05783469197192
aligned_OG0009856_pruned	-0.360589430193946	22	0.0477801540401709	0.235499477935992	-1.32075245444616
aligned_OG0009857_pruned	0.249505439673923	23	0.160580604937993	0.436423159830753	0.794306910346653
aligned_OG0009865_pruned	-0.0344350221575091	23	0.846450596876591	0.941492025031845	-0.0723983844304139
aligned_OG0009890_pruned	-0.316227766016838	20	0.0994534797483087	0.346578834766877	-1.00238001687287
aligned_OG0009891_pruned	-0.268076283917995	23	0.131668016022814	0.399420063659876	-0.880519708346928
