HG_10650	KwDej_OBR87365.1 KwDej_OBR87367.1 KwDej_OBR89009.1 KwDej_OBR89010.1 KwDej_OBR89011.1 KwBes_OCF25822.1 KwBes_OCF25823.1 KwBes_OCF25824.1 KwBes_OCF27625.1 KwBes_OCF27838.1 KwSha_KAA5530660.1
HG_13700	KwDej_OBR81415.1 KwBes_OCF28608.1 KwPin_OCF48690.1 CuOle_KLT46436.1 CrAmy_ODO05653.1 CrAmy_ODO09497.1 KwSha_KAA5525985.1
HG_17123	KwDej_OBR88161.1 KwBes_OCF26661.1 KwPin_OCF47754.1 CuOle_KLT41572.1 KwSha_KAA5525775.1
HG_17090	KwDej_OBR87149.1 KwBes_OCF29592.1 KwBes_OCF29593.1 KwPin_OCF46436.1 CrAmy_ODO12081.1
HG_15122	KwDej_OBR86429.1 KwBes_OCF29045.1 KwPin_OCF51096.1 CuOle_KLT39660.1 CrAmy_ODO04900.1 KwSha_KAA5526368.1
HG_17059	KwDej_OBR85713.1 KwBes_OCF21450.1 KwPin_OCF52586.1 CrAmy_ODN98167.1 KwSha_KAA5528173.1
HG_15058	KwDej_OBR84859.1 KwBes_OCF25634.1 KwPin_OCF46270.1 CuOle_KLT43789.1 CrAmy_ODN97953.1 KwSha_KAA5526522.1
HG_20065	KwDej_OBR83842.1 KwBes_OCF23825.1 KwPin_OCF50437.1 KwSha_KAA5531033.1
HG_15194	KwDej_OBR88247.1 KwDej_OBR88248.1 KwBes_OCF27056.1 KwBes_OCF27057.1 KwPin_OCF52750.1 CrAmy_ODO00422.1
HG_15227	KwDej_OBR89052.1 KwBes_OCF27889.1 KwPin_OCF53359.1 CuOle_KLT39165.1 CrAmy_ODO05050.1 KwSha_KAA5526658.1
HG_11876	KwDej_OBR89509.1 KwDej_OBR89527.1 KwBes_OCF28375.1 KwBes_OCF29144.1 KwPin_OCF51225.1 KwPin_OCF53908.1 CrAmy_ODO05919.1 KwSha_KAA5528047.1 KwSha_KAA5528069.1
HG_23989	KwDej_OBR83773.1 KwBes_OCF23757.1 KwPin_OCF50376.1
HG_16940	KwDej_OBR81809.1 KwBes_OCF30059.1 KwPin_OCF46914.1 CuOle_KLT44841.1 KwSha_KAA5529584.1
HG_17177	KwDej_OBR89417.1 KwBes_OCF28204.1 KwPin_OCF53825.1 CrAmy_ODO11732.1 KwSha_KAA5526229.1
HG_20047	KwDej_OBR82827.1 KwBes_OCF23302.1 KwPin_OCF48906.1 CrAmy_ODO11266.1
HG_15176	KwDej_OBR87770.1 KwBes_OCF26227.1 KwPin_OCF47340.1 CuOle_KLT43197.1 CrAmy_ODO09051.1 KwSha_KAA5529015.1
HG_15209	KwDej_OBR88743.1 KwBes_OCF27552.1 KwPin_OCF53193.1 CuOle_KLT40664.1 CrAmy_ODN97069.1 KwSha_KAA5530717.1
HG_20183	KwDej_OBR88614.1 KwBes_OCF27414.1 KwPin_OCF53078.1 CrAmy_ODN96945.1
HG_12738	KwDej_OBR85605.1 KwBes_OCF21566.1 KwPin_OCF52682.1 CrAmy_ODN98113.1 CrAmy_ODO09750.1 CrAmy_ODO09751.1 CrAmy_ODO10909.1 KwSha_KAA5525012.1
HG_17105	KwDej_OBR87634.1 KwBes_OCF26101.1 KwPin_OCF47268.1 CrAmy_ODO08006.1 KwSha_KAA5527715.1
HG_24080	KwDej_OBR87787.1 KwBes_OCF26176.1 KwSha_KAA5524997.1
HG_17000	KwDej_OBR83613.1 KwBes_OCF23593.1 KwPin_OCF50230.1 CrAmy_ODO06714.1 KwSha_KAA5527062.1
HG_17072	KwDej_OBR86289.1 KwBes_OCF21949.1 KwPin_OCF52057.1 CrAmy_ODN99293.1 KwSha_KAA5524828.1
HG_15104	KwDej_OBR85894.1 KwBes_OCF21270.1 KwPin_OCF52412.1 CuOle_KLT43644.1 CrAmy_ODO11590.1 KwSha_KAA5529807.1
HG_15071	KwDej_OBR85191.1 KwBes_OCF25542.1 KwPin_OCF50012.1 CuOle_KLT40585.1 CrAmy_ODO04838.1 KwSha_KAA5529494.1
HG_20111	KwDej_OBR85437.1 KwBes_OCF25017.1 KwPin_OCF49544.1 KwSha_KAA5526289.1
HG_15240	KwDej_OBR89366.1 KwBes_OCF28234.1 KwPin_OCF53771.1 CuOle_KLT42883.1 CrAmy_ODO05847.1 KwSha_KAA5527936.1
HG_16994	KwDej_OBR83455.1 KwBes_OCF23460.1 KwPin_OCF50087.1 CrAmy_ODO06534.1 KwSha_KAA5527155.1
HG_14993	KwDej_OBR83179.1 KwBes_OCF22938.1 KwPin_OCF49224.1 KwPin_OCF49225.1 CrAmy_ODO11382.1 KwSha_KAA5528729.1
HG_16922	KwDej_OBR81072.1 KwBes_OCF22241.1 KwBes_OCF26826.1 KwPin_OCF48357.1 CuOle_KLT43241.1
HG_17054	KwDej_OBR85426.1 KwBes_OCF25027.1 KwPin_OCF49561.1 CrAmy_ODO08203.1 KwSha_KAA5526300.1
HG_15053	KwDej_OBR84707.1 KwBes_OCF24753.1 KwPin_OCF51380.1 CuOle_KLT40838.1 CrAmy_ODO10068.1 KwSha_KAA5526687.1
HG_20060	KwDej_OBR83675.1 KwBes_OCF23656.1 KwPin_OCF50283.1 CrAmy_ODO06728.1
HG_15222	KwDej_OBR88952.1 KwBes_OCF27763.1 KwPin_OCF53463.1 CuOle_KLT45664.1 CrAmy_ODN97214.1 KwSha_KAA5530610.1
HG_8163	KwDej_OBR81658.1 KwDej_OBR81691.1 KwDej_OBR85815.1 KwBes_OCF29851.1 KwBes_OCF29872.1 KwBes_OCF30074.1 KwPin_OCF52494.1 CuOle_KLT43719.1 CrAmy_ODN97071.1 CrAmy_ODN99079.1 CrAmy_ODO06606.1 CrAmy_ODO07020.1 CrAmy_ODO07021.1 CrAmy_ODO07024.1 CrAmy_ODO07032.1 CrAmy_ODO09938.1 KwSha_KAA5524381.1 KwSha_KAA5525330.1 KwSha_KAA5528778.1
HG_17159	KwDej_OBR88943.1 KwBes_OCF27760.1 KwPin_OCF53475.1 CrAmy_ODN97211.1 KwSha_KAA5530627.1
HG_15158	KwDej_OBR87267.1 KwBes_OCF25728.1 KwPin_OCF46936.1 CuOle_KLT41201.1 CrAmy_ODO09375.1 KwSha_KAA5524922.1
HG_20165	KwDej_OBR87965.1 KwBes_OCF26458.1 KwPin_OCF47597.1 KwSha_KAA5528921.1
HG_12751	KwDej_OBR89374.1 KwDej_OBR89376.1 KwBes_OCF28240.1 KwBes_OCF28244.1 KwBes_OCF28245.1 KwPin_OCF53777.1 KwPin_OCF53779.1 KwSha_KAA5527932.1
HG_23984	KwDej_OBR83372.1 KwBes_OCF22735.1 KwPin_OCF49407.1
HG_16976	KwDej_OBR82992.1 KwBes_OCF23034.1 KwPin_OCF49150.1 CrAmy_ODN99036.1 KwSha_KAA5528794.1
HG_14975	KwDej_OBR82623.1 KwBes_OCF22221.1 KwPin_OCF47906.1 CuOle_KLT40014.1 CrAmy_ODO06986.1 KwSha_KAA5526096.1
HG_24044	KwDej_OBR86078.1 KwBes_OCF21712.1 KwPin_OCF52239.1
HG_13718	KwDej_OBR82664.1 KwBes_OCF22197.1 KwPin_OCF47894.1 CuOle_KLT41556.1 CrAmy_ODO10213.1 CrAmy_ODO10678.1 KwSha_KAA5526110.1
HG_20147	KwDej_OBR87113.1 KwBes_OCF29565.1 KwBes_OCF29572.1 KwPin_OCF50627.1
HG_12733	KwDej_OBR84719.1 KwDej_OBR84720.1 KwBes_OCF24777.1 KwBes_OCF24787.1 KwBes_OCF24788.1 KwPin_OCF51339.1 KwPin_OCF51364.1 KwPin_OCF51365.1
HG_17100	KwDej_OBR87509.1 KwBes_OCF25965.1 KwPin_OCF47149.1 CrAmy_ODO07944.1 KwSha_KAA5525320.1
HG_17036	KwDej_OBR84873.1 KwBes_OCF25615.1 KwPin_OCF46291.1 CrAmy_ODN97888.1 KwSha_KAA5526541.1
HG_7169	KwDej_OBR86460.1 CuOle_KLT38362.1 CuOle_KLT38553.1 CuOle_KLT38554.1 CuOle_KLT38555.1 CuOle_KLT38558.1 CuOle_KLT39946.1 CuOle_KLT40561.1 CuOle_KLT40765.1 CuOle_KLT40766.1 CuOle_KLT42618.1 CuOle_KLT42780.1 CuOle_KLT42901.1 CuOle_KLT42905.1 CuOle_KLT45995.1 CuOle_KLT45996.1 CuOle_KLT46006.1 CuOle_KLT46013.1 CuOle_KLT46508.1 CuOle_KLT46509.1 CuOle_KLT46512.1 KwSha_KAA5524432.1 KwSha_KAA5524433.1 KwSha_KAA5526354.1 KwSha_KAA5529607.1
HG_15035	KwDej_OBR84279.1 KwBes_OCF24314.1 KwPin_OCF51762.1 CuOle_KLT45088.1 CrAmy_ODO01562.1 KwSha_KAA5531499.1
HG_17172	KwDej_OBR89328.1 KwBes_OCF28129.1 KwPin_OCF53738.1 CrAmy_ODO11982.1 KwSha_KAA5528421.1
HG_20042	KwDej_OBR82514.1 KwBes_OCF22546.1 KwPin_OCF48193.1 KwSha_KAA5524693.1
HG_15171	KwDej_OBR87609.1 KwBes_OCF26073.1 KwPin_OCF47245.1 KwPin_OCF47246.1 CrAmy_ODO07998.1 KwSha_KAA5527698.1
HG_15204	KwDej_OBR88596.1 KwBes_OCF27406.1 KwPin_OCF53063.1 CuOle_KLT46127.1 CrAmy_ODN96979.1 KwSha_KAA5530783.1
HG_20211	KwBes_OCF24332.1 KwPin_OCF51748.1 CrAmy_ODO00222.1 KwSha_KAA5531473.1
HG_23966	KwDej_OBR82144.1 CuOle_KLT40240.1 KwSha_KAA5527319.1
HG_8946	KwDej_OBR84019.1 KwDej_OBR84020.1 KwDej_OBR84021.1 KwDej_OBR84022.1 KwDej_OBR84023.1 KwBes_OCF24018.1 KwBes_OCF24020.1 KwBes_OCF24021.1 KwPin_OCF50589.1 KwPin_OCF50590.1 KwPin_OCF50591.1 KwPin_OCF50592.1 CrAmy_ODN99044.1 CrAmy_ODO03213.1 CrAmy_ODO07709.1 CrAmy_ODO09607.1
HG_16958	KwDej_OBR82546.1 KwBes_OCF22573.1 KwPin_OCF48218.1 CuOle_KLT45558.1 KwSha_KAA5526869.1
HG_14957	KwDej_OBR82057.1 KwBes_OCF30175.1 KwPin_OCF46833.1 CuOle_KLT44937.1 CrAmy_ODO10421.1 KwSha_KAA5527276.1
HG_17154	KwDej_OBR88808.1 KwBes_OCF27613.1 KwPin_OCF53249.1 CrAmy_ODN97179.1 KwSha_KAA5530677.1
HG_20024	KwDej_OBR81438.1 KwBes_OCF28633.1 KwPin_OCF48714.1 KwSha_KAA5525962.1
HG_15153	KwDej_OBR87148.1 KwBes_OCF29591.1 KwPin_OCF46437.1 CuOle_KLT45644.1 CrAmy_ODO12077.1 KwSha_KAA5526446.1
HG_24162	KwBes_OCF29418.1 KwPin_OCF50758.1 KwSha_KAA5524761.1
HG_24098	KwDej_OBR88376.1 KwBes_OCF27190.1 KwPin_OCF52868.1
HG_15089	KwDej_OBR85471.1 KwBes_OCF24984.1 KwPin_OCF49521.1 CrAmy_ODO08013.1 CrAmy_ODO08018.1 KwSha_KAA5526254.1
HG_20160	KwDej_OBR87677.1 KwBes_OCF26288.1 KwPin_OCF47445.1 KwSha_KAA5524503.1
HG_20096	KwDej_OBR84817.1 KwBes_OCF25677.1 KwPin_OCF46234.1 KwSha_KAA5526518.1
HG_20129	KwDej_OBR86219.1 KwBes_OCF21857.1 KwBes_OCF21865.1 KwPin_OCF52122.1
HG_12715	KwDej_OBR81403.1 KwDej_OBR81404.1 KwBes_OCF28591.1 KwBes_OCF28603.1 KwPin_OCF48678.1 KwPin_OCF48679.1 CrAmy_ODO09494.1 KwSha_KAA5525989.1
HG_17018	KwDej_OBR84311.1 KwBes_OCF24352.1 KwPin_OCF51731.1 CrAmy_ODO00192.1 KwSha_KAA5531459.1
HG_15017	KwDej_OBR83600.1 KwBes_OCF23570.1 KwPin_OCF50211.1 CuOle_KLT38854.1 CrAmy_ODO06709.1 KwSha_KAA5527070.1
HG_13731	KwDej_OBR84286.1 KwBes_OCF24322.1 KwBes_OCF24323.1 KwBes_OCF24324.1 KwBes_OCF24325.1 KwPin_OCF51755.1 KwSha_KAA5531476.1
HG_23948	KwDej_OBR81120.1 KwBes_OCF26781.1 KwPin_OCF48397.1
HG_14939	KwDej_OBR81628.1 KwBes_OCF28808.1 KwPin_OCF48870.1 CuOle_KLT40316.1 CrAmy_ODO04800.1 KwSha_KAA5528555.1
HG_16971	KwDej_OBR82920.1 KwBes_OCF22959.1 KwPin_OCF46335.1 CrAmy_ODN99222.1 KwSha_KAA5528735.1
HG_14970	KwDej_OBR82417.1 KwBes_OCF22428.1 KwPin_OCF48087.1 CuOle_KLT45119.1 CrAmy_ODO01483.1 KwSha_KAA5525515.1
HG_24008	KwDej_OBR84533.1 KwBes_OCF24570.1 KwPin_OCF51541.1
HG_17031	KwDej_OBR84634.1 KwBes_OCF24675.1 KwPin_OCF51444.1 CrAmy_ODO05590.1 KwSha_KAA5531198.1
HG_15030	KwDej_OBR84121.1 KwBes_OCF24138.1 KwPin_OCF51902.1 CuOle_KLT42723.1 CrAmy_ODO00116.1 KwSha_KAA5525590.1
HG_17136	KwDej_OBR88359.1 KwBes_OCF27174.1 KwPin_OCF52850.1 CrAmy_ODO00307.1 KwSha_KAA5529162.1
HG_15135	KwDej_OBR86715.1 KwBes_OCF29149.1 KwPin_OCF51004.1 CuOle_KLT45969.1 CrAmy_ODO09192.1 KwSha_KAA5530171.1
HG_20142	KwDej_OBR86861.1 KwBes_OCF29294.1 KwPin_OCF50868.1 KwSha_KAA5530012.1
HG_20078	KwDej_OBR84214.1 KwBes_OCF24224.1 KwPin_OCF51795.1 KwPin_OCF51839.1
HG_8956	KwDej_OBR87873.1 KwDej_OBR89128.1 KwDej_OBR89141.1 KwBes_OCF26340.1 KwBes_OCF27959.1 KwBes_OCF27960.1 KwPin_OCF47490.1 KwPin_OCF53541.1 KwPin_OCF53556.1 KwPin_OCF53557.1 CuOle_KLT39552.1 CuOle_KLT39553.1 CuOle_KLT39554.1 CrAmy_ODO03155.1 KwSha_KAA5524449.1 KwSha_KAA5528278.1
HG_23961	KwDej_OBR82027.1 KwBes_OCF29757.1 KwPin_OCF46565.1
HG_16953	KwDej_OBR82290.1 KwBes_OCF22600.1 KwPin_OCF48238.1 CuOle_KLT41347.1 KwSha_KAA5525051.1
HG_14952	KwDej_OBR81957.1 KwBes_OCF29930.1 KwPin_OCF46646.1 CuOle_KLT44344.1 CrAmy_ODO10713.1 KwSha_KAA5529663.1
HG_24126	KwDej_OBR89453.1 KwBes_OCF28182.1 KwPin_OCF53854.1
HG_15189	KwDej_OBR88102.1 KwBes_OCF26558.1 KwPin_OCF47723.1 CuOle_KLT42760.1 CrAmy_ODO03034.1 KwSha_KAA5528841.1
HG_20196	KwDej_OBR89322.1 KwBes_OCF28122.1 KwPin_OCF53767.1 KwSha_KAA5528426.1
HG_17013	KwDej_OBR84141.1 KwBes_OCF24176.1 KwPin_OCF51881.1 CrAmy_ODO00024.1 KwSha_KAA5525622.1
HG_24021	KwDej_OBR84950.1 KwBes_OCF25438.1 KwPin_OCF49785.1
HG_17118	KwDej_OBR88068.1 KwBes_OCF26547.1 KwPin_OCF47691.1 CrAmy_ODO03020.1 KwSha_KAA5528835.1
HG_17085	KwDej_OBR86989.1 KwBes_OCF29425.1 KwPin_OCF50749.1 CrAmy_ODO05007.1 KwSha_KAA5524771.1
HG_24093	KwDej_OBR88251.1 KwBes_OCF27058.1 KwPin_OCF52753.1
HG_15117	KwDej_OBR86158.1 KwBes_OCF21816.1 KwPin_OCF52165.1 CuOle_KLT43333.1 CrAmy_ODO11449.1 KwSha_KAA5525454.1
HG_14542	KwDej_OBR82749.1 KwBes_OCF22102.1 KwPin_OCF47819.1 CrAmy_ODO05046.1 CrAmy_ODO07089.1 KwSha_KAA5524863.1
HG_20124	KwDej_OBR86076.1 CuOle_KLT41756.1 CrAmy_ODO11526.1 KwSha_KAA5529950.1
HG_10645	KwDej_OBR85188.1 KwDej_OBR85189.1 KwBes_OCF25526.1 KwBes_OCF25527.1 KwBes_OCF25528.1 KwBes_OCF25544.1 KwBes_OCF25545.1 KwBes_OCF25546.1 KwPin_OCF50009.1 KwPin_OCF50010.1 CrAmy_ODO09294.1
HG_15084	KwDej_OBR85425.1 KwBes_OCF25028.1 KwPin_OCF49560.1 CuOle_KLT44199.1 CrAmy_ODO08222.1 KwSha_KAA5526301.1
HG_20091	KwDej_OBR84606.1 KwBes_OCF24646.1 KwPin_OCF51471.1 KwSha_KAA5531326.1
HG_16935	KwDej_OBR81456.1 KwBes_OCF28652.1 KwPin_OCF48730.1 CrAmy_ODO09439.1 KwSha_KAA5525966.1
HG_15130	KwDej_OBR86663.1 KwBes_OCF29092.1 KwPin_OCF51044.1 CuOle_KLT38412.1 CrAmy_ODO09279.1 KwSha_KAA5530205.1
HG_17067	KwDej_OBR86186.1 KwBes_OCF21840.1 KwPin_OCF52143.1 CrAmy_ODO11392.1 KwSha_KAA5525902.1
HG_24075	KwDej_OBR87575.1 KwBes_OCF26041.1 KwPin_OCF47214.1
HG_15066	KwDej_OBR85013.1 KwBes_OCF25361.1 KwPin_OCF49843.1 CuOle_KLT45394.1 CrAmy_ODO09815.1 KwSha_KAA5530437.1
HG_20073	KwDej_OBR84144.1 KwBes_OCF24157.1 KwPin_OCF51872.1 CrAmy_ODO00068.1
HG_13749	KwDej_OBR88165.1 KwBes_OCF26665.1 KwPin_OCF47769.1 KwPin_OCF47770.1 CuOle_KLT39255.1 CrAmy_ODO01760.1 KwSha_KAA5525782.1
HG_20106	KwDej_OBR85172.1 KwBes_OCF25569.1 KwPin_OCF49997.1 CrAmy_ODO04832.1
HG_15235	KwDej_OBR89232.1 KwBes_OCF28030.1 KwPin_OCF53646.1 CuOle_KLT45256.1 CrAmy_ODO12057.1 KwSha_KAA5528313.1
HG_20178	KwDej_OBR88471.1 KwBes_OCF27282.1 KwPin_OCF52956.1 KwSha_KAA5526904.1
HG_24003	KwDej_OBR84216.1 KwBes_OCF24222.1 KwPin_OCF51797.1
HG_11233	KwDej_OBR88620.1 KwDej_OBR89367.1 KwBes_OCF27421.1 KwBes_OCF28235.1 KwPin_OCF53072.1 KwPin_OCF53701.1 CrAmy_ODN97005.1 CrAmy_ODO11692.1 KwSha_KAA5527939.1 KwSha_KAA5530769.1
HG_16989	KwDej_OBR83410.1 KwBes_OCF23404.1 KwPin_OCF50062.1 CrAmy_ODO06522.1 KwSha_KAA5527149.1
HG_23997	KwDej_OBR84100.1 KwBes_OCF24117.1 KwPin_OCF51921.1
HG_14988	KwDej_OBR83081.1 KwBes_OCF23121.1 KwPin_OCF49072.1 CuOle_KLT45777.1 CrAmy_ODO10236.1 KwSha_KAA5527517.1
HG_12746	KwDej_OBR88435.1 KwDej_OBR88558.1 KwBes_OCF27261.1 KwBes_OCF27364.1 KwPin_OCF53028.1 CrAmy_ODO09927.1 CrAmy_ODO10264.1 KwSha_KAA5526892.1
HG_24121	KwDej_OBR89021.1 KwBes_OCF27847.1 KwPin_OCF53398.1
HG_17049	KwDej_OBR85269.1 KwBes_OCF25212.1 KwPin_OCF49715.1 CrAmy_ODO08116.1 KwSha_KAA5530270.1
HG_24057	KwDej_OBR86975.1 KwBes_OCF29413.1 KwPin_OCF50780.1
HG_17185	KwBes_OCF22928.1 KwPin_OCF49253.1 CuOle_KLT45237.1 CrAmy_ODN99170.1 KwSha_KAA5528676.1
HG_17080	KwDej_OBR86769.1 KwBes_OCF29215.1 KwPin_OCF50952.1 CrAmy_ODO04677.1 KwSha_KAA5530089.1
HG_17113	KwDej_OBR87864.1 KwBes_OCF26330.1 KwPin_OCF47499.1 CuOle_KLT45295.1 KwSha_KAA5528999.1
HG_15112	KwDej_OBR86107.1 KwBes_OCF21775.1 KwPin_OCF52193.1 CuOle_KLT41975.1 CrAmy_ODO11480.1 KwSha_KAA5525433.1
HG_15048	KwDej_OBR84502.1 KwBes_OCF24527.1 KwPin_OCF51563.1 CuOle_KLT45551.1 CrAmy_ODO05586.1 KwSha_KAA5531245.1
HG_20055	KwDej_OBR83267.1 KwBes_OCF22849.1 KwPin_OCF49317.1 CrAmy_ODO05566.1
HG_15184	KwDej_OBR87985.1 KwBes_OCF26452.1 KwPin_OCF47618.1 CuOle_KLT43136.1 CrAmy_ODO03078.1 KwSha_KAA5528877.1
HG_15217	KwDej_OBR88851.1 KwDej_OBR89257.1 KwBes_OCF28056.1 KwPin_OCF53269.1 KwPin_OCF53672.1 KwSha_KAA5528299.1
HG_20191	KwDej_OBR88847.1 KwBes_OCF27654.1 KwPin_OCF53273.1 CrAmy_ODO10806.1
HG_23979	KwDej_OBR82922.1 KwBes_OCF22961.1 KwPin_OCF46337.1
HG_20037	KwDej_OBR82282.1 KwBes_OCF22591.1 KwPin_OCF48258.1 CuOle_KLT45857.1
HG_15166	KwDej_OBR87471.1 KwBes_OCF25901.1 KwPin_OCF47109.1 CuOle_KLT38278.1 CrAmy_ODO07889.1 KwSha_KAA5525274.1
HG_20173	KwDej_OBR88253.1 KwBes_OCF27064.1 KwPin_OCF52755.1 KwSha_KAA5529066.1
HG_20206	KwBes_OCF22063.1 CuOle_KLT45741.1 CrAmy_ODN97909.1 CrAmy_ODN97910.1
HG_16930	KwDej_OBR81365.1 KwBes_OCF28553.1 KwPin_OCF48641.1 CrAmy_ODO01468.1 KwSha_KAA5528588.1
HG_17062	KwDej_OBR85886.1 KwBes_OCF21278.1 KwPin_OCF51396.1 CrAmy_ODO10757.1 KwSha_KAA5529789.1
HG_24103	KwDej_OBR88457.1 KwBes_OCF27265.1 KwPin_OCF52916.1
HG_24039	KwDej_OBR85937.1 KwBes_OCF21210.1 KwPin_OCF52367.1
HG_20101	KwDej_OBR85111.1 KwBes_OCF25451.1 KwPin_OCF49937.1 KwSha_KAA5530515.1
HG_13744	KwDej_OBR86677.1 KwBes_OCF29112.1 KwPin_OCF51038.1 CuOle_KLT46064.1 CuOle_KLT46065.1 CrAmy_ODO09434.1 KwSha_KAA5530193.1
HG_17167	KwDej_OBR89180.1 KwBes_OCF28273.1 KwPin_OCF53594.1 CuOle_KLT42211.1 KwSha_KAA5527955.1
HG_15061	KwDej_OBR84919.1 KwBes_OCF25506.1 KwPin_OCF46329.1 CuOle_KLT38963.1 CrAmy_ODN97999.1 KwSha_KAA5526579.1
HG_15230	KwDej_OBR89163.1 KwBes_OCF27996.1 KwPin_OCF53585.1 CuOle_KLT41607.1 CrAmy_ODO11808.1 KwSha_KAA5528332.1
HG_16984	KwDej_OBR83330.1 KwBes_OCF22780.1 KwPin_OCF49381.1 CrAmy_ODN95663.1 KwSha_KAA5527406.1
HG_23992	KwDej_OBR83885.1 KwBes_OCF23880.1 KwPin_OCF50466.1
HG_14983	KwDej_OBR82923.1 KwBes_OCF22962.1 KwPin_OCF46338.1 CuOle_KLT41516.1 CrAmy_ODO11389.1 KwSha_KAA5528738.1
HG_17149	KwDej_OBR88742.1 KwBes_OCF27551.1 KwPin_OCF53192.1 CrAmy_ODN97070.1 KwSha_KAA5530727.1
HG_17044	KwDej_OBR85123.1 KwBes_OCF25463.1 KwPin_OCF49957.1 CrAmy_ODO09169.1 KwSha_KAA5530529.1
HG_24052	KwDej_OBR86600.1 KwBes_OCF28989.1 KwPin_OCF51257.1
HG_15043	KwDej_OBR84443.1 KwBes_OCF24491.1 KwPin_OCF51608.1 CuOle_KLT46099.1 CrAmy_ODO05637.1 KwSha_KAA5531341.1
HG_17180	KwDej_OBR89541.1 KwBes_OCF28405.1 KwPin_OCF53935.1 CrAmy_ODO05836.1 KwSha_KAA5525127.1
HG_20050	KwDej_OBR82928.1 KwBes_OCF22967.1 KwPin_OCF49206.1 KwSha_KAA5528752.1
HG_13726	KwDej_OBR83793.1 KwDej_OBR83794.1 KwDej_OBR83795.1 KwBes_OCF28450.1 KwPin_OCF50398.1 KwPin_OCF50399.1 KwPin_OCF50400.1
HG_15212	KwDej_OBR88764.1 KwBes_OCF27576.1 KwPin_OCF53215.1 CuOle_KLT40349.1 CrAmy_ODN97194.1 KwSha_KAA5530716.1
HG_20019	KwDej_OBR81258.1 KwBes_OCF26916.1 KwPin_OCF48530.1 CrAmy_ODO01548.1
HG_15148	KwDej_OBR87043.1 KwBes_OCF29493.1 KwPin_OCF50686.1 CuOle_KLT42125.1 CrAmy_ODO11970.1 KwSha_KAA5525799.1
HG_20155	KwDej_OBR87449.1 KwDej_OBR87450.1 KwBes_OCF25923.1 KwPin_OCF47089.1
HG_11861	KwDej_OBR82052.1 KwBes_OCF30122.1 KwPin_OCF46841.1 CuOle_KLT44905.1 CrAmy_ODO10367.1 CrAmy_ODO10370.1 CrAmy_ODO10476.1 CrAmy_ODO10477.1 KwSha_KAA5527252.1
HG_12741	KwDej_OBR86737.1 KwPin_OCF48341.1 CrAmy_ODO01751.1 CrAmy_ODO01764.1 CrAmy_ODO01778.1 CrAmy_ODO10105.1 CrAmy_ODO11224.1 KwSha_KAA5525241.1
HG_9499	KwDej_OBR85295.1 KwDej_OBR85296.1 KwDej_OBR85297.1 KwBes_OCF25170.1 KwBes_OCF25171.1 KwBes_OCF25172.1 KwBes_OCF25174.1 KwBes_OCF25175.1 KwBes_OCF28937.1 KwBes_OCF28938.1 KwBes_OCF28942.1 KwBes_OCF29062.1 KwSha_KAA5526346.1 KwSha_KAA5526347.1
HG_16966	KwDej_OBR82748.1 KwBes_OCF22103.1 KwPin_OCF47820.1 CrAmy_ODO07104.1 KwSha_KAA5524860.1
HG_14965	KwDej_OBR82268.1 KwBes_OCF22633.1 KwPin_OCF48272.1 CuOle_KLT38669.1 CrAmy_ODO06526.1 KwSha_KAA5525364.1
HG_17026	KwDej_OBR84519.1 KwBes_OCF24557.1 KwPin_OCF51559.1 CrAmy_ODO10088.1 KwSha_KAA5531252.1
HG_17162	KwDej_OBR88980.1 KwBes_OCF27793.1 KwPin_OCF53431.1 CrAmy_ODN97131.1 KwSha_KAA5530638.1
HG_13708	KwDej_OBR82015.1 KwBes_OCF29720.1 KwPin_OCF46604.1 KwPin_OCF46606.1 CrAmy_ODO05878.1 KwSha_KAA5526591.1 KwSha_KAA5526593.1
HG_17098	KwDej_OBR87439.1 KwBes_OCF25897.1 KwPin_OCF47081.1 CrAmy_ODO07769.1 KwSha_KAA5527782.1
HG_20137	KwDej_OBR86543.1 KwBes_OCF28908.1 KwPin_OCF51201.1 KwSha_KAA5526211.1
HG_15025	KwDej_OBR83952.1 KwBes_OCF23935.1 KwPin_OCF50539.1 CuOle_KLT39457.1 CrAmy_ODN98213.1 KwSha_KAA5530925.1
HG_20032	KwDej_OBR81939.1 KwBes_OCF29953.1 CrAmy_ODO10582.1 KwSha_KAA5529638.1
HG_15161	KwDej_OBR87397.1 KwBes_OCF25854.1 KwPin_OCF47043.1 CuOle_KLT39788.1 CrAmy_ODO07844.1 KwSha_KAA5527805.1
HG_15097	KwDej_OBR85765.1 KwBes_OCF21397.1 KwPin_OCF52538.1 CuOle_KLT45148.1 CrAmy_ODO10895.1 KwSha_KAA5528210.1
HG_20201	KwDej_OBR89504.1 KwBes_OCF28362.1 KwPin_OCF53891.1 KwSha_KAA5528054.1
HG_16948	KwDej_OBR82084.1 KwBes_OCF30199.1 KwPin_OCF46798.1 CrAmy_ODO07110.1 KwSha_KAA5524973.1
HG_23956	KwDej_OBR81528.1 KwBes_OCF28726.1 KwPin_OCF48790.1
HG_24016	KwDej_OBR84649.1 KwBes_OCF24690.1 KwPin_OCF51429.1
HG_14947	KwDej_OBR81848.1 KwBes_OCF30105.1 KwPin_OCF46891.1 CuOle_KLT44885.1 CrAmy_ODO10506.1 KwSha_KAA5527239.1
HG_20014	KwDej_OBR81116.1 KwBes_OCF26787.1 KwPin_OCF48393.1 KwSha_KAA5529304.1
HG_16369	KwDej_OBR89240.1 KwBes_OCF28041.1 KwPin_OCF53655.1 CrAmy_ODO11799.1 KwSha_KAA5528284.1
HG_15143	KwDej_OBR86936.1 KwBes_OCF29366.1 KwPin_OCF50802.1 CuOle_KLT42558.1 CrAmy_ODO04560.1 KwSha_KAA5529962.1
HG_15079	KwDej_OBR85280.1 KwBes_OCF25194.1 KwBes_OCF25195.1 KwPin_OCF49700.1 CrAmy_ODO09777.1 KwSha_KAA5530259.1
HG_20150	KwDej_OBR87220.1 KwBes_OCF29651.1 KwPin_OCF46389.1 KwSha_KAA5526486.1
HG_20086	KwDej_OBR84500.1 KwBes_OCF24525.1 KwPin_OCF51564.1 KwSha_KAA5531237.1
HG_20119	KwDej_OBR85948.1 KwBes_OCF21225.1 KwPin_OCF52378.1 KwSha_KAA5529826.1
HG_15248	KwDej_OBR89489.1 KwBes_OCF28343.1 KwPin_OCF53902.1 CuOle_KLT41675.1 CrAmy_ODO05964.1 KwSha_KAA5528035.1
HG_17008	KwDej_OBR83884.1 KwBes_OCF23860.1 KwBes_OCF23861.1 KwPin_OCF50467.1 KwSha_KAA5531012.1
HG_15007	KwDej_OBR83443.1 KwBes_OCF23419.1 KwPin_OCF50076.1 CuOle_KLT38445.1 CrAmy_ODO06540.1 KwSha_KAA5527143.1
HG_13721	KwDej_OBR83189.1 KwBes_OCF22933.1 KwPin_OCF49236.1 KwPin_OCF49237.1 CuOle_KLT41520.1 CrAmy_ODN99111.1 KwSha_KAA5528715.1
HG_17144	KwDej_OBR88617.1 KwBes_OCF27418.1 KwPin_OCF53076.1 CrAmy_ODN97008.1 KwSha_KAA5530772.1
HG_10020	KwDej_OBR83449.1 KwDej_OBR88386.1 KwBes_OCF23456.1 KwBes_OCF27203.1 KwPin_OCF50080.1 KwPin_OCF52877.1 CuOle_KLT38650.1 CuOle_KLT44997.1 CrAmy_ODO00257.1 CrAmy_ODO06535.1 KwSha_KAA5527148.1 KwSha_KAA5529182.1
HG_16961	KwDej_OBR82592.1 KwBes_OCF22278.1 KwPin_OCF47953.1 CrAmy_ODO06973.1 KwSha_KAA5526803.1
HG_14929	KwDej_OBR81348.1 KwBes_OCF28540.1 KwPin_OCF48633.1 CuOle_KLT46461.1 CrAmy_ODO09588.1 KwSha_KAA5528595.1
HG_14960	KwDej_OBR82113.1 KwBes_OCF30222.1 KwPin_OCF46783.1 CuOle_KLT40267.1 CrAmy_ODO10354.1 KwSha_KAA5527334.1
HG_17126	KwDej_OBR88233.1 KwBes_OCF27036.1 KwPin_OCF52735.1 CrAmy_ODO00448.1 KwSha_KAA5529040.1
HG_17021	KwDej_OBR84399.1 KwBes_OCF24441.1 KwPin_OCF51646.1 CrAmy_ODO10051.1 KwSha_KAA5531360.1
HG_15020	KwDej_OBR83660.1 KwDej_OBR83958.1 KwBes_OCF23641.1 KwPin_OCF50273.1 CrAmy_ODO06741.1 KwSha_KAA5527025.1
HG_17093	KwDej_OBR87237.1 KwBes_OCF29663.1 KwPin_OCF46363.1 CrAmy_ODO12121.1 KwSha_KAA5524571.1
HG_15125	KwDej_OBR86519.1 KwBes_OCF28875.1 KwPin_OCF51178.1 CuOle_KLT44305.1 CrAmy_ODO09330.1 KwSha_KAA5526177.1
HG_15092	KwDej_OBR85559.1 KwBes_OCF24944.1 KwPin_OCF49451.1 CuOle_KLT42320.1 CrAmy_ODO08256.1 KwSha_KAA5525088.1
HG_15197	KwDej_OBR88282.1 KwBes_OCF27101.1 KwPin_OCF52777.1 CuOle_KLT44406.1 CrAmy_ODO00401.1 KwSha_KAA5529109.1
HG_16943	KwDej_OBR81946.1 KwBes_OCF29943.1 KwPin_OCF46658.1 CrAmy_ODO10653.1 KwSha_KAA5529657.1
HG_24011	KwDej_OBR84585.1 KwBes_OCF24616.1 KwPin_OCF51491.1
HG_14942	KwDej_OBR81767.1 KwBes_OCF30016.1 KwPin_OCF46132.1 CuOle_KLT44795.1 CrAmy_ODO10547.1 KwSha_KAA5529604.1
HG_17108	KwDej_OBR87731.1 KwBes_OCF26244.1 KwPin_OCF47383.1 CrAmy_ODO09667.1 KwSha_KAA5529006.1
HG_24116	KwDej_OBR88850.1 KwBes_OCF27657.1 KwPin_OCF53270.1
HG_24083	KwDej_OBR87893.1 KwBes_OCF26352.1 KwPin_OCF50788.1
HG_13757	KwDej_OBR89530.1 KwDej_OBR89531.1 KwBes_OCF28388.1 KwBes_OCF28389.1 KwPin_OCF53927.1 CrAmy_ODO05906.1 KwSha_KAA5524236.1
HG_15179	KwDej_OBR87886.1 KwBes_OCF26363.1 KwPin_OCF47511.1 CuOle_KLT40168.1 CrAmy_ODO03181.1 KwSha_KAA5524507.1
HG_20186	KwDej_OBR88655.1 KwBes_OCF27532.1 KwBes_OCF27533.1 CrAmy_ODO09081.1
HG_17003	KwDej_OBR83750.1 KwBes_OCF23731.1 KwPin_OCF50355.1 CrAmy_ODO11141.1 KwSha_KAA5531099.1
HG_17075	KwDej_OBR86540.1 KwBes_OCF28911.1 KwPin_OCF51198.1 CrAmy_ODO09299.1 KwSha_KAA5526214.1
HG_15107	KwDej_OBR85986.1 KwBes_OCF21598.1 KwPin_OCF52319.1 CuOle_KLT45689.1 CrAmy_ODO10746.1 KwSha_KAA5529860.1
HG_20114	KwDej_OBR85730.1 KwBes_OCF21441.1 KwPin_OCF52571.1 KwSha_KAA5528170.1
HG_15243	KwDej_OBR89390.1 KwBes_OCF28233.1 KwPin_OCF53792.1 CuOle_KLT42890.1 CrAmy_ODO05848.1 KwSha_KAA5527937.1
HG_15002	KwDej_OBR83291.1 KwBes_OCF22826.1 KwPin_OCF49340.1 CuOle_KLT41732.1 CrAmy_ODO05500.1 KwSha_KAA5527463.1
HG_15074	KwDej_OBR85222.1 KwBes_OCF25260.1 KwPin_OCF49749.1 CuOle_KLT44264.1 CrAmy_ODO08050.1 KwSha_KAA5530342.1
HG_20081	KwDej_OBR84296.1 KwBes_OCF24340.1 KwPin_OCF51746.1 KwSha_KAA5531466.1
HG_16997	KwDej_OBR83467.1 KwBes_OCF23436.1 KwPin_OCF50098.1 CrAmy_ODO06584.1 KwSha_KAA5527176.1
HG_9349	KwDej_OBR81543.1 KwDej_OBR86495.1 KwBes_OCF28748.1 KwBes_OCF28840.1 KwPin_OCF48804.1 KwPin_OCF49468.1 KwPin_OCF51156.1 CuOle_KLT44278.1 CuOle_KLT44646.1 CuOle_KLT45175.1 CrAmy_ODN98011.1 CrAmy_ODO04826.1 KwSha_KAA5526176.1 KwSha_KAA5528545.1
HG_16925	KwDej_OBR81206.1 KwBes_OCF26845.1 KwPin_OCF48488.1 CrAmy_ODO01611.1 KwSha_KAA5529369.1
HG_14996	KwDej_OBR83221.1 KwBes_OCF22901.1 KwPin_OCF49270.1 CuOle_KLT38384.1 CrAmy_ODN99190.1 KwSha_KAA5528701.1
HG_13739	KwDej_OBR85951.1 KwBes_OCF21214.1 KwPin_OCF47798.1 KwPin_OCF52362.1 CrAmy_ODN97992.1 KwSha_KAA5526576.1 KwSha_KAA5529090.1
HG_15120	KwDej_OBR86276.1 KwBes_OCF21909.1 KwPin_OCF52090.1 CuOle_KLT41993.1 CrAmy_ODN99290.1 KwSha_KAA5525869.1
HG_17057	KwDej_OBR85664.1 KwBes_OCF21512.1 KwPin_OCF52640.1 CrAmy_ODO02844.1 KwSha_KAA5528123.1
HG_14514	KwDej_OBR87428.1 KwBes_OCF25885.1 KwPin_OCF47075.1 CuOle_KLT44174.1 CrAmy_ODO07853.1 KwSha_KAA5527793.1
HG_15225	KwDej_OBR89013.1 KwBes_OCF27840.1 KwPin_OCF53404.1 CuOle_KLT42590.1 CrAmy_ODO02995.1 KwSha_KAA5524188.1
HG_15192	KwDej_OBR88168.1 KwBes_OCF26672.1 KwPin_OCF47772.1 CuOle_KLT41586.1 CrAmy_ODO01731.1 KwSha_KAA5524216.1
HG_11874	KwDej_OBR88054.1 KwBes_OCF26534.1 KwPin_OCF47678.1 CuOle_KLT45934.1 CrAmy_ODO02956.1 CrAmy_ODO02957.1 CrAmy_ODO02981.1 CrAmy_ODO03214.1 KwSha_KAA5528852.1
HG_20168	KwDej_OBR88027.1 KwBes_OCF26505.1 KwPin_OCF47654.1 KwSha_KAA5528857.1
HG_12754	KwDej_OBR89512.1 KwBes_OCF28352.1 KwPin_OCF53911.1 CuOle_KLT45540.1 CuOle_KLT46532.1 CrAmy_ODO00064.1 CrAmy_ODO05916.1 KwSha_KAA5528040.1
HG_17121	KwDej_OBR88123.1 KwBes_OCF26601.1 KwBes_OCF26602.1 KwBes_OCF26603.1 KwPin_OCF47730.1
HG_23987	KwDej_OBR83717.1 KwBes_OCF23697.1 KwPin_OCF50319.1
HG_16979	KwDej_OBR83111.1 KwBes_OCF23151.1 KwPin_OCF49040.1 CrAmy_ODO05698.1 KwSha_KAA5527557.1
HG_24047	KwDej_OBR86177.1 KwBes_OCF21688.1 KwPin_OCF52148.1
HG_14978	KwDej_OBR82845.1 KwBes_OCF23287.1 KwPin_OCF48923.1 CuOle_KLT40163.1 CrAmy_ODO11482.1 KwSha_KAA5526024.1
HG_17103	KwDej_OBR87626.1 KwBes_OCF26092.1 KwPin_OCF47261.1 CrAmy_ODO09728.1 KwSha_KAA5527714.1
HG_24111	KwDej_OBR88804.1 KwBes_OCF27609.1 CrAmy_ODN97085.1
HG_8151	KwDej_OBR83382.1 KwDej_OBR87407.1 KwDej_OBR87430.1 KwDej_OBR87431.1 KwBes_OCF23346.1 KwBes_OCF25863.1 KwBes_OCF25887.1 KwBes_OCF25892.1 KwPin_OCF47052.1 KwPin_OCF47073.1 CuOle_KLT40412.1 CuOle_KLT42256.1 CuOle_KLT43934.1 CuOle_KLT44312.1 CuOle_KLT45525.1 CrAmy_ODO00236.1 CrAmy_ODO07765.1 CrAmy_ODO07766.1 KwSha_KAA5527780.1
HG_17039	KwDej_OBR84937.1 KwBes_OCF25272.1 KwPin_OCF49773.1 CrAmy_ODO09785.1 KwSha_KAA5530355.1
HG_13752	KwDej_OBR89276.1 KwDej_OBR89278.1 KwBes_OCF24279.1 KwBes_OCF24280.1 KwBes_OCF28095.1 KwPin_OCF53690.1 KwSha_KAA5529244.1
HG_17175	KwDej_OBR89400.1 KwBes_OCF28223.1 KwPin_OCF53802.1 CrAmy_ODO11674.1 KwSha_KAA5527914.1
HG_15207	KwDej_OBR88690.1 KwBes_OCF24079.1 KwBes_OCF27481.1 KwBes_OCF29896.1 KwPin_OCF53104.1 CuOle_KLT42685.1
HG_20214	KwBes_OCF24806.1 KwPin_OCF51287.1 KwSha_KAA5524292.1 KwSha_KAA5527854.1
HG_17070	KwDej_OBR86221.1 KwBes_OCF27082.1 KwPin_OCF52801.1 CrAmy_ODN99244.1 KwSha_KAA5525890.1
HG_15102	KwDej_OBR85844.1 KwBes_OCF21297.1 KwPin_OCF52479.1 CrAmy_ODO10758.1 KwSha_KAA5529804.1 KwSha_KAA5529806.1
HG_15038	KwDej_OBR84341.1 KwBes_OCF24395.1 KwPin_OCF51709.1 CuOle_KLT39237.1 CrAmy_ODO10011.1 KwSha_KAA5531404.1
HG_20045	KwDej_OBR82739.1 KwBes_OCF22112.1 KwBes_OCF22113.1 KwPin_OCF47824.1
HG_15174	KwDej_OBR87729.1 KwBes_OCF26238.1 KwPin_OCF47385.1 CuOle_KLT44122.1 CrAmy_ODO09046.1 KwSha_KAA5529003.1
HG_20181	KwDej_OBR88592.1 KwBes_OCF27407.1 KwPin_OCF53060.1 KwSha_KAA5530781.1
HG_16992	KwDej_OBR83448.1 KwBes_OCF23453.1 KwPin_OCF50079.1 CrAmy_ODO06672.1 KwSha_KAA5527145.1
HG_24029	KwDej_OBR85440.1 KwBes_OCF24995.1 KwPin_OCF49541.1
HG_15156	KwDej_OBR87200.1 KwBes_OCF29632.1 KwPin_OCF46400.1 CuOle_KLT45649.1 CrAmy_ODO12097.1 KwSha_KAA5526477.1
HG_20163	KwDej_OBR87904.1 KwBes_OCF26398.1 KwPin_OCF47544.1 CuOle_KLT39877.1
HG_20099	KwDej_OBR85059.1 KwBes_OCF25342.1 KwPin_OCF49887.1 KwSha_KAA5530403.1
HG_17052	KwDej_OBR85392.1 KwBes_OCF25069.1 KwPin_OCF49603.1 CrAmy_ODO08174.1 KwSha_KAA5524607.1
HG_24060	KwDej_OBR87085.1 KwPin_OCF50655.1 KwSha_KAA5530868.1
HG_14991	KwDej_OBR83155.1 KwBes_OCF23175.1 KwPin_OCF49007.1 CuOle_KLT40504.1 CrAmy_ODO10218.1 KwSha_KAA5527547.1
HG_15220	KwDej_OBR88892.1 KwBes_OCF27709.1 KwPin_OCF53323.1 CuOle_KLT43362.1 CrAmy_ODN96270.1 KwSha_KAA5525181.1
HG_17157	KwDej_OBR88888.1 KwBes_OCF27685.1 KwPin_OCF53309.1 CrAmy_ODN96289.1 KwSha_KAA5524336.1
HG_20027	KwDej_OBR81630.1 KwBes_OCF28820.1 KwPin_OCF48872.1 KwSha_KAA5524959.1
HG_15051	KwDej_OBR84563.1 KwBes_OCF24584.1 KwPin_OCF51511.1 CuOle_KLT42038.1 CrAmy_ODO10130.1 KwSha_KAA5531293.1
HG_23982	KwDej_OBR82959.1 KwBes_OCF23008.1 KwPin_OCF49175.1
HG_16974	KwDej_OBR82936.1 KwBes_OCF22997.1 KwPin_OCF49198.1 CrAmy_ODO11328.1 KwSha_KAA5528748.1
HG_24147	KwBes_OCF25757.1 KwPin_OCF46979.1 KwSha_KAA5527887.1
HG_24042	KwDej_OBR85993.1 KwBes_OCF21596.1 KwPin_OCF52326.1
HG_14973	KwDej_OBR82584.1 KwBes_OCF22294.1 KwPin_OCF47959.1 CuOle_KLT44098.1 CrAmy_ODO06945.1 KwSha_KAA5526783.1
HG_17139	KwDej_OBR88426.1 KwBes_OCF27222.1 KwPin_OCF52915.1 CrAmy_ODO00251.1 KwSha_KAA5529200.1
HG_17034	KwDej_OBR84686.1 KwBes_OCF24738.1 KwPin_OCF51391.1 CrAmy_ODO01529.1 KwSha_KAA5526677.1
HG_15033	KwDej_OBR84206.1 KwBes_OCF24230.1 KwPin_OCF51829.1 CuOle_KLT42670.1 CrAmy_ODO09940.1 KwSha_KAA5531562.1
HG_17170	KwDej_OBR89290.1 KwBes_OCF28077.1 KwBes_OCF28103.1 KwPin_OCF53699.1 KwSha_KAA5528398.1
HG_20040	KwDej_OBR82468.1 KwBes_OCF22481.1 KwPin_OCF48139.1 KwSha_KAA5524782.1
HG_15202	KwDej_OBR88489.1 KwBes_OCF27304.1 KwPin_OCF52972.1 CuOle_KLT44998.1 CrAmy_ODO03259.1 KwSha_KAA5526920.1
HG_15138	KwDej_OBR86757.1 KwBes_OCF29199.1 KwPin_OCF50963.1 CuOle_KLT46061.1 CrAmy_ODO04662.1 KwSha_KAA5530082.1
HG_20145	KwDej_OBR87054.1 KwBes_OCF29488.1 KwPin_OCF50697.1 KwSha_KAA5525832.1
HG_12731	KwDej_OBR84196.1 KwDej_OBR87414.1 KwDej_OBR87415.1 KwBes_OCF24207.1 KwBes_OCF25871.1 KwBes_OCF27289.1 KwBes_OCF27290.1 KwPin_OCF47059.1
HG_23964	KwDej_OBR82046.1 KwBes_OCF30113.1 KwSha_KAA5527306.1
HG_16956	KwDej_OBR82517.1 KwBes_OCF22549.1 KwPin_OCF48190.1 CrAmy_ODO06841.1 KwSha_KAA5526844.1
HG_24129	KwDej_OBR89632.1 KwBes_OCF21868.1 KwPin_OCF46146.1
HG_20199	KwDej_OBR89471.1 KwBes_OCF28143.1 KwPin_OCF53872.1 KwSha_KAA5528439.1
HG_17016	KwDej_OBR84303.1 KwBes_OCF24344.1 KwPin_OCF51739.1 CuOle_KLT43256.1 CrAmy_ODO00189.1
HG_24024	KwDej_OBR85185.1 KwBes_OCF25549.1 KwPin_OCF50007.1
HG_14955	KwDej_OBR82000.1 KwBes_OCF29704.1 KwPin_OCF46589.1 CuOle_KLT44321.1 CrAmy_ODO05883.1 KwSha_KAA5529702.1
HG_17152	KwDej_OBR88780.1 KwBes_OCF27584.1 KwPin_OCF53225.1 CrAmy_ODN97089.1 KwSha_KAA5530704.1
HG_17088	KwDej_OBR87081.1 KwBes_OCF29518.1 KwPin_OCF50659.1 CrAmy_ODO12006.1 KwSha_KAA5525783.1
HG_15087	KwDej_OBR85467.1 KwBes_OCF24981.1 KwPin_OCF49505.1 CuOle_KLT44215.1 CrAmy_ODO08253.1 KwSha_KAA5526271.1
HG_20127	KwDej_OBR86202.1 KwBes_OCF21823.1 KwPin_OCF52133.1 KwSha_KAA5525918.1
HG_20094	KwDej_OBR84666.1 KwBes_OCF24717.1 KwPin_OCF51412.1 CrAmy_ODO09369.1
HG_15015	KwDej_OBR83585.1 KwBes_OCF23536.1 KwPin_OCF50206.1 CuOle_KLT38613.1 CrAmy_ODO06640.1 KwSha_KAA5527110.1
HG_20022	KwDej_OBR81325.1 KwBes_OCF26957.1 KwPin_OCF48602.1 CuOle_KLT40458.1
HG_15151	KwDej_OBR87105.1 KwBes_OCF29566.1 KwPin_OCF50634.1 CuOle_KLT45613.1 CrAmy_ODO11870.1 KwSha_KAA5526418.1
HG_23946	KwDej_OBR81043.1 CuOle_KLT40385.1 KwSha_KAA5527351.1
HG_16938	KwDej_OBR81696.1 KwDej_OBR81697.1 KwBes_OCF29815.1 KwBes_OCF29817.1 KwPin_OCF46522.1
HG_24078	KwDej_OBR87736.1 KwBes_OCF26203.1 KwPin_OCF47378.1
HG_24006	KwDej_OBR84512.1 KwBes_OCF24558.1 KwPin_OCF51549.1
HG_14937	KwDej_OBR81466.1 KwBes_OCF28660.1 KwPin_OCF48738.1 CuOle_KLT45298.1 CrAmy_ODO09553.1 KwSha_KAA5528518.1
HG_15069	KwDej_OBR85063.1 KwBes_OCF25316.1 KwPin_OCF49883.1 CuOle_KLT43978.1 CrAmy_ODO09823.1 KwSha_KAA5530401.1
HG_20140	KwDej_OBR86771.1 KwBes_OCF29213.1 KwPin_OCF50950.1 KwSha_KAA5530087.1
HG_20076	KwDej_OBR84205.1 KwBes_OCF24231.1 KwPin_OCF51828.1 KwSha_KAA5531536.1
HG_20109	KwDej_OBR85348.1 KwBes_OCF25090.1 KwPin_OCF49634.1 KwSha_KAA5524615.1
HG_15238	KwDej_OBR89292.1 KwBes_OCF28075.1 CrAmy_ODO12052.1 KwSha_KAA5528399.1 KwSha_KAA5528408.1 KwSha_KAA5528410.1
HG_13711	KwDej_OBR82311.1 KwBes_OCF22296.1 KwBes_OCF22316.1 KwPin_OCF48007.1 CuOle_KLT41265.1 CrAmy_ODO06854.1 KwSha_KAA5526811.1
HG_17134	KwDej_OBR88331.1 KwBes_OCF27146.1 KwPin_OCF52834.1 CrAmy_ODO00340.1 KwSha_KAA5529135.1
HG_15133	KwDej_OBR86682.1 KwBes_OCF29120.1 KwPin_OCF51018.1 CuOle_KLT40768.1 CrAmy_ODO09272.1 KwSha_KAA5530152.1
HG_24124	KwDej_OBR89302.1 KwBes_OCF28102.1 KwPin_OCF53749.1
HG_16951	KwDej_OBR82266.1 KwBes_OCF22631.1 KwPin_OCF48274.1 CuOle_KLT45862.1 KwSha_KAA5524403.1
HG_14950	KwDej_OBR81949.1 KwBes_OCF29940.1 KwPin_OCF46655.1 CuOle_KLT44358.1 CrAmy_ODO10681.1 KwSha_KAA5529654.1
HG_12749	KwDej_OBR88634.1 KwDej_OBR88714.1 KwBes_OCF27446.1 KwBes_OCF27455.1 KwPin_OCF53126.1 CrAmy_ODN96932.1 CrAmy_ODO11772.1 KwSha_KAA5530844.1
HG_16372	KwDej_OBR89620.1 KwBes_OCF28506.1 KwPin_OCF46179.1 CuOle_KLT39217.1 KwSha_KAA5524283.1
HG_17116	KwDej_OBR88021.1 KwDej_OBR88733.1 KwBes_OCF26493.1 KwBes_OCF27543.1 KwPin_OCF53184.1
HG_24091	KwDej_OBR88214.1 KwBes_OCF27032.1 KwPin_OCF52717.1
HG_20058	KwDej_OBR83623.1 KwBes_OCF23601.1 KwPin_OCF50241.1 CrAmy_ODO06766.1
HG_11869	KwDej_OBR86058.1 KwBes_OCF21689.1 KwBes_OCF21690.1 CrAmy_ODO01540.1 CrAmy_ODO11506.1 KwSha_KAA5529917.1 KwSha_KAA5529918.1 KwSha_KAA5529919.1 KwSha_KAA5529920.1
HG_15010	KwDej_OBR83486.1 KwBes_OCF23474.1 KwPin_OCF50115.1 CuOle_KLT39916.1 CrAmy_ODO06553.1 KwSha_KAA5527198.1
HG_17083	KwDej_OBR86931.1 KwBes_OCF29371.1 KwPin_OCF50813.1 CrAmy_ODO04593.1 KwSha_KAA5525567.1
HG_15115	KwDej_OBR86122.1 KwBes_OCF21751.1 KwPin_OCF52191.1 CuOle_KLT41962.1 CrAmy_ODO11570.1 KwSha_KAA5525419.1
HG_15082	KwDej_OBR85320.1 KwBes_OCF25148.1 KwPin_OCF49662.1 CuOle_KLT42786.1 CrAmy_ODO09757.1 KwSha_KAA5530283.1
HG_20122	KwDej_OBR86006.1 KwBes_OCF21621.1 KwPin_OCF52305.1 KwSha_KAA5529872.1
HG_15187	KwDej_OBR88018.1 KwBes_OCF26496.1 KwPin_OCF47646.1 CuOle_KLT40537.1 CrAmy_ODO03044.1 KwSha_KAA5528883.1
HG_20194	KwDej_OBR89184.1 KwBes_OCF28260.1 KwPin_OCF53598.1 KwSha_KAA5527963.1
HG_17011	KwDej_OBR84070.1 KwBes_OCF24075.1 KwPin_OCF51935.1 CuOle_KLT43660.1 KwSha_KAA5524486.1
HG_16933	KwDej_OBR81386.1 KwBes_OCF28597.1 KwPin_OCF48663.1 CrAmy_ODO04807.1 KwSha_KAA5528540.1
HG_24106	KwDej_OBR88482.1 KwBes_OCF27296.1 KwSha_KAA5526924.1
HG_20176	KwDej_OBR88295.1 KwBes_OCF27111.1 KwPin_OCF52788.1 CrAmy_ODN99119.1
HG_24001	KwDej_OBR84211.1 KwBes_OCF24218.1 KwPin_OCF51819.1
HG_14932	KwDej_OBR81396.1 KwBes_OCF28602.1 KwPin_OCF48672.1 CuOle_KLT40308.1 CrAmy_ODO04811.1 KwSha_KAA5528543.1
HG_17065	KwDej_OBR86152.1 KwBes_OCF21794.1 KwPin_OCF52171.1 CrAmy_ODO11429.1 KwSha_KAA5525448.1
HG_24073	KwDej_OBR87547.1 KwBes_OCF26030.1 KwPin_OCF47168.1
HG_15064	KwDej_OBR84991.1 KwBes_OCF25398.1 KwPin_OCF49827.1 CuOle_KLT45409.1 CrAmy_ODO09881.1 KwSha_KAA5530454.1
HG_14522	KwDej_OBR87622.1 KwBes_OCF26088.1 KwPin_OCF47258.1 CuOle_KLT40613.1 CrAmy_ODO07984.1 KwSha_KAA5527694.1
HG_20104	KwDej_OBR85131.1 KwBes_OCF25487.1 KwPin_OCF49965.1 CrAmy_ODO09186.1
HG_15233	KwDej_OBR89186.1 KwBes_OCF28258.1 KwPin_OCF53600.1 CuOle_KLT42213.1 CrAmy_ODO11763.1 KwSha_KAA5527961.1
HG_15169	KwDej_OBR87595.1 KwBes_OCF26044.1 KwPin_OCF47231.1 CuOle_KLT43289.1 CrAmy_ODO07963.1 KwSha_KAA5527668.1
HG_11231	KwDej_OBR87027.1 KwDej_OBR87028.1 KwDej_OBR87031.1 KwBes_OCF29468.1 KwBes_OCF29470.1 KwBes_OCF29473.1 KwPin_OCF50708.1 KwPin_OCF50709.1 KwPin_OCF50726.1 KwSha_KAA5524408.1
HG_10215	KwDej_OBR83639.1 KwBes_OCF21761.1 KwBes_OCF21980.1 KwBes_OCF24449.1 KwBes_OCF26862.1 KwBes_OCF26888.1 KwBes_OCF26898.1 KwPin_OCF48507.1 KwPin_OCF48586.1 KwPin_OCF50252.1 KwPin_OCF51858.1 KwPin_OCF52031.1
HG_23995	KwDej_OBR84014.1 KwBes_OCF24014.1 KwPin_OCF50585.1
HG_16987	KwDej_OBR83364.1 KwBes_OCF22737.1 KwPin_OCF49412.1 KwPin_OCF49415.1 KwPin_OCF49416.1
HG_24055	KwDej_OBR86932.1 KwBes_OCF29370.1 KwPin_OCF50806.1
HG_14986	KwDej_OBR83057.1 KwBes_OCF23095.1 KwPin_OCF49094.1 CuOle_KLT40958.1 CrAmy_ODO05714.1 KwSha_KAA5527488.1
HG_9219	KwDej_OBR85083.1 KwDej_OBR85084.1 KwDej_OBR85085.1 KwDej_OBR85087.1 KwDej_OBR85089.1 KwBes_OCF25293.1 KwBes_OCF25294.1 KwBes_OCF25296.1 KwBes_OCF25297.1 KwPin_OCF49912.1 KwPin_OCF49914.1 KwPin_OCF49916.1 CuOle_KLT43977.1 KwSha_KAA5530380.1 KwSha_KAA5530381.1
HG_17047	KwDej_OBR85195.1 KwBes_OCF25524.1 KwPin_OCF50016.1 CrAmy_ODN98028.1 KwSha_KAA5529481.1
HG_15046	KwDej_OBR84474.1 KwBes_OCF24511.1 KwPin_OCF51584.1 CuOle_KLT42762.1 CrAmy_ODO01506.1 KwSha_KAA5531230.1
HG_17183	KwDej_OBR89573.1 KwBes_OCF28438.1 KwPin_OCF46196.1 CrAmy_ODO05958.1 KwSha_KAA5525145.1
HG_20053	KwDej_OBR83234.1 KwBes_OCF22888.1 KwPin_OCF49283.1 KwSha_KAA5528668.1
HG_15182	KwDej_OBR87918.1 KwBes_OCF26383.1 KwPin_OCF47529.1 CuOle_KLT46026.1 CrAmy_ODO03133.1 KwSha_KAA5528995.1
HG_15215	KwDej_OBR88797.1 KwBes_OCF27588.1 KwPin_OCF53228.1 CuOle_KLT41684.1 CrAmy_ODN97100.1 KwSha_KAA5530699.1
HG_20158	KwDej_OBR87518.1 KwBes_OCF25974.1 KwPin_OCF47141.1 KwSha_KAA5525290.1
HG_13319	KwDej_OBR84954.1 KwDej_OBR85612.1 KwBes_OCF21565.1 KwBes_OCF25434.1 KwPin_OCF49789.1 KwPin_OCF52681.1 KwSha_KAA5530504.1
HG_17111	KwDej_OBR87800.1 KwBes_OCF26161.1 KwPin_OCF47311.1 CrAmy_ODO09689.1 KwSha_KAA5527741.1
HG_15110	KwDej_OBR86070.1 KwBes_OCF21675.1 KwPin_OCF52248.1 CuOle_KLT38636.1 CrAmy_ODO11510.1 KwSha_KAA5529932.1
HG_23977	KwDej_OBR82897.1 KwBes_OCF23234.1 KwPin_OCF48974.1
HG_16969	KwDej_OBR82871.1 KwBes_OCF23251.1 KwPin_OCF48949.1 CrAmy_ODO10291.1 KwSha_KAA5527616.1
HG_24101	KwDej_OBR88447.1 KwBes_OCF27244.1 KwPin_OCF52927.1
HG_17029	KwDej_OBR84594.1 KwBes_OCF24626.1 KwPin_OCF51483.1 CrAmy_ODO05665.1 KwSha_KAA5531319.1
HG_14968	KwDej_OBR82317.1 KwBes_OCF22340.1 KwPin_OCF48001.1 CuOle_KLT40674.1 CrAmy_ODO06844.1 KwSha_KAA5526826.1
HG_15028	KwDej_OBR84093.1 KwBes_OCF24106.1 KwPin_OCF51962.1 CuOle_KLT43673.1 CrAmy_ODO00025.1 KwSha_KAA5524490.1
HG_17165	KwDej_OBR89088.1 KwBes_OCF27916.1 KwPin_OCF53495.1 CuOle_KLT43454.1 CrAmy_ODO05003.1
HG_20035	KwDej_OBR82160.1 KwBes_OCF30283.1 KwPin_OCF46735.1 KwSha_KAA5524987.1
HG_20204	KwDej_OBR89595.1 KwBes_OCF28475.1 KwPin_OCF46155.1 KwSha_KAA5525172.1
HG_13742	KwDej_OBR86237.1 KwBes_OCF21888.1 KwPin_OCF52097.1 CuOle_KLT41988.1 CrAmy_ODN99256.1 CrAmy_ODN99260.1 KwSha_KAA5525878.1
HG_24037	KwDej_OBR85774.1 KwBes_OCF21387.1 KwSha_KAA5528205.1
HG_17060	KwDej_OBR85792.1 KwBes_OCF21366.1 KwPin_OCF52512.1 CrAmy_ODO10913.1 KwSha_KAA5528246.1
HG_15164	KwDej_OBR87424.1 KwBes_OCF25879.1 KwBes_OCF25880.1 KwPin_OCF47068.1 KwSha_KAA5527799.1 KwSha_KAA5527800.1
HG_20171	KwDej_OBR88155.1 KwBes_OCF26618.1 KwBes_OCF26631.1 KwPin_OCF47742.1
HG_23959	KwDej_OBR81906.1 KwBes_OCF29989.1 KwPin_OCF46699.1
HG_23990	KwDej_OBR83811.1 KwBes_OCF23768.1 KwPin_OCF50384.1
HG_16982	KwDej_OBR83190.1 KwBes_OCF22934.1 KwPin_OCF49238.1 CrAmy_ODN99209.1 KwSha_KAA5528716.1
HG_24019	KwDej_OBR84902.1 KwBes_OCF25522.1 KwPin_OCF46312.1
HG_20153	KwDej_OBR87403.1 KwBes_OCF25860.1 KwPin_OCF47049.1 KwSha_KAA5527813.1
HG_20089	KwDej_OBR84560.1 KwBes_OCF24583.1 KwPin_OCF51514.1 KwSha_KAA5531294.1
HG_17042	KwDej_OBR85075.1 KwBes_OCF25306.1 KwPin_OCF49904.1 CrAmy_ODO09834.1 KwSha_KAA5530390.1
HG_24050	KwDej_OBR86502.1 KwBes_OCF28858.1 KwPin_OCF51163.1
HG_14981	KwDej_OBR82894.1 KwBes_OCF23228.1 KwPin_OCF48971.1 CuOle_KLT44933.1 CrAmy_ODO10281.1 KwSha_KAA5527595.1
HG_15041	KwDej_OBR84385.1 KwBes_OCF24427.1 KwPin_OCF51659.1 CuOle_KLT39476.1 CrAmy_ODO10018.1 KwSha_KAA5531378.1
HG_13724	KwDej_OBR83537.1 KwDej_OBR83540.1 KwBes_OCF23512.1 KwPin_OCF50165.1 KwPin_OCF50167.1 KwSha_KAA5527957.1 KwSha_KAA5527958.1
HG_15210	KwDej_OBR88753.1 KwBes_OCF27561.1 KwPin_OCF53202.1 CuOle_KLT45195.1 CrAmy_ODN97193.1 KwSha_KAA5530726.1
HG_17147	KwDej_OBR88693.1 KwBes_OCF27479.1 KwPin_OCF53106.1 CrAmy_ODN96959.1 KwSha_KAA5530833.1
HG_20017	KwDej_OBR81240.1 KwBes_OCF26885.1 KwBes_OCF26887.1 KwPin_OCF48534.1
HG_15146	KwDej_OBR86969.1 KwBes_OCF29404.1 KwPin_OCF50775.1 CuOle_KLT41229.1 CrAmy_ODO04925.1 KwSha_KAA5525527.1
HG_23972	KwDej_OBR82557.1 KwBes_OCF22579.1 KwPin_OCF48230.1
HG_16964	KwDej_OBR82624.1 KwBes_OCF22222.1 KwPin_OCF47907.1 CrAmy_ODO06985.1 KwSha_KAA5526097.1
HG_24032	KwDej_OBR85666.1 KwPin_OCF52642.1 KwSha_KAA5528128.1
HG_14963	KwDej_OBR82214.1 KwBes_OCF22694.1 KwPin_OCF48329.1 CuOle_KLT38676.1 CrAmy_ODO07727.1 KwSha_KAA5525378.1
HG_13706	KwDej_OBR81644.1 KwDej_OBR89311.1 KwBes_OCF28127.1 KwPin_OCF53764.1 CuOle_KLT41869.1 CrAmy_ODO11939.1 KwSha_KAA5528411.1
HG_17096	KwDej_OBR87379.1 KwBes_OCF25837.1 KwPin_OCF47017.1 CrAmy_ODO07825.1 KwSha_KAA5527839.1
HG_17129	KwDej_OBR88284.1 KwBes_OCF27105.1 KwPin_OCF52779.1 CuOle_KLT41699.1 KwSha_KAA5529105.1
HG_20135	KwDej_OBR86470.1 KwBes_OCF29008.1 KwPin_OCF51133.1 KwSha_KAA5524443.1
HG_15023	KwDej_OBR83832.1 KwBes_OCF23809.1 KwPin_OCF50434.1 CuOle_KLT43416.1 CrAmy_ODO11110.1 KwSha_KAA5531042.1
HG_17160	KwDej_OBR88962.1 KwBes_OCF27779.1 KwPin_OCF53453.1 CrAmy_ODN97210.1 KwSha_KAA5530614.1
HG_20030	KwDej_OBR81826.1 KwBes_OCF30078.1 KwPin_OCF46896.1 CrAmy_ODO10596.1
HG_15095	KwDej_OBR85661.1 KwBes_OCF21510.1 KwPin_OCF52637.1 CuOle_KLT40077.1 CrAmy_ODO02841.1 KwSha_KAA5528124.1
HG_15128	KwDej_OBR86603.1 KwBes_OCF28995.1 KwPin_OCF51259.1 CuOle_KLT46036.1 CrAmy_ODO04588.1 KwSha_KAA5526325.1
HG_12721	KwDej_OBR82393.1 KwBes_OCF22425.1 KwPin_OCF48081.1 CuOle_KLT45121.1 CrAmy_ODO01490.1 CrAmy_ODO01491.1 CrAmy_ODO01492.1 KwSha_KAA5525500.1
HG_10656	KwDej_OBR88495.1 KwDej_OBR88496.1 KwDej_OBR88497.1 KwDej_OBR88498.1 KwDej_OBR88499.1 KwDej_OBR88500.1 KwDej_OBR88501.1 KwBes_OCF27343.1 KwBes_OCF27344.1 KwBes_OCF27346.1 KwPin_OCF52978.1
HG_17024	KwDej_OBR84454.1 KwBes_OCF24500.1 KwPin_OCF51598.1 CuOle_KLT46215.1 KwSha_KAA5531219.1
HG_23954	KwDej_OBR81425.1 KwBes_OCF28621.1 KwPin_OCF48701.1
HG_16946	KwDej_OBR82026.1 KwBes_OCF29758.1 KwPin_OCF46564.1 CrAmy_ODO10684.1 KwSha_KAA5526614.1
HG_24119	KwDej_OBR88904.1 KwBes_OCF27721.1 KwPin_OCF53334.1
HG_20189	KwDej_OBR88833.1 KwBes_OCF27662.1 KwPin_OCF53285.1 KwSha_KAA5530574.1
HG_17006	KwDej_OBR83824.1 KwBes_OCF23815.1 KwPin_OCF50425.1 CrAmy_ODO11111.1 KwSha_KAA5531043.1
HG_24014	KwDej_OBR84626.1 KwBes_OCF24670.1 KwPin_OCF51450.1
HG_14945	KwDej_OBR81800.1 KwBes_OCF30031.1 KwPin_OCF46922.1 CuOle_KLT38777.1 CrAmy_ODO10604.1 KwSha_KAA5529564.1
HG_15005	KwDej_OBR83323.1 KwBes_OCF22784.1 KwPin_OCF49367.1 CuOle_KLT44664.1 CrAmy_ODN95671.1 KwSha_KAA5527401.1
HG_17142	KwDej_OBR88535.1 KwDej_OBR88536.1 KwBes_OCF27326.1 KwPin_OCF53006.1 KwSha_KAA5526926.1
HG_20012	KwDej_OBR81094.1 KwBes_OCF26794.1 KwPin_OCF48376.1 KwSha_KAA5529263.1
HG_16367	KwDej_OBR86620.1 KwBes_OCF21783.1 KwBes_OCF23340.1 KwPin_OCF51272.1 CrAmy_ODO00005.1
HG_17078	KwDej_OBR86763.1 KwBes_OCF29221.1 KwPin_OCF50957.1 CuOle_KLT41117.1 CrAmy_ODO04671.1
HG_24086	KwDej_OBR88060.1 KwBes_OCF26536.1 KwPin_OCF47682.1
HG_15077	KwDej_OBR85256.1 KwBes_OCF25215.1 KwBes_OCF25236.1 KwPin_OCF49720.1 KwSha_KAA5530322.1 KwSha_KAA5530323.1
HG_20117	KwDej_OBR85893.1 KwBes_OCF21269.1 KwPin_OCF52413.1 CrAmy_ODO10838.1
HG_20084	KwDej_OBR84452.1 KwBes_OCF24498.1 KwPin_OCF51600.1 KwPin_OCF51601.1
HG_15246	KwDej_OBR89440.1 KwBes_OCF28158.1 KwPin_OCF53845.1 CuOle_KLT38567.1 CrAmy_ODO11738.1 KwSha_KAA5524545.1
HG_15141	KwDej_OBR86864.1 KwBes_OCF29297.1 KwPin_OCF50865.1 CuOle_KLT38925.1 CrAmy_ODO04649.1 KwSha_KAA5530015.1
HG_14999	KwDej_OBR83269.1 KwBes_OCF22835.1 KwPin_OCF49319.1 CuOle_KLT38938.1 CrAmy_ODO05531.1 KwSha_KAA5527461.1
HG_8943	KwDej_OBR83119.1 KwDej_OBR83120.1 KwDej_OBR83149.1 KwBes_OCF23178.1 KwBes_OCF25601.1 KwBes_OCF25602.1 KwBes_OCF25603.1 KwPin_OCF49030.1 KwPin_OCF49031.1 CrAmy_ODO05920.1 CrAmy_ODO10210.1 KwSha_KAA5525735.1 KwSha_KAA5525736.1 KwSha_KAA5525761.1 KwSha_KAA5530378.1 KwSha_KAA5531392.1
HG_16928	KwDej_OBR81297.1 KwDej_OBR81298.1 KwBes_OCF26964.1 KwPin_OCF48579.1 KwPin_OCF48580.1
HG_24068	KwDej_OBR87417.1 KwBes_OCF25872.1 KwPin_OCF47061.1
HG_14517	KwDej_OBR86412.1 KwBes_OCF28973.1 KwPin_OCF51278.1 CrAmy_ODO03002.1 CrAmy_ODO04580.1 CrAmy_ODO09955.1
HG_14927	KwDej_OBR81317.1 KwBes_OCF26980.1 KwPin_OCF48596.1 CuOle_KLT46480.1 CrAmy_ODO01446.1 KwSha_KAA5529462.1
HG_15059	KwDej_OBR84862.1 KwBes_OCF25631.1 KwPin_OCF46279.1 CuOle_KLT42665.1 CrAmy_ODN97948.1 KwSha_KAA5526530.1
HG_15228	KwDej_OBR89100.1 KwBes_OCF27894.1 KwPin_OCF53365.1 CuOle_KLT39156.1 CrAmy_ODO05053.1 KwSha_KAA5526663.1
HG_15195	KwDej_OBR88256.1 KwBes_OCF27067.1 KwPin_OCF52758.1 CuOle_KLT40623.1 CrAmy_ODO00431.1 KwSha_KAA5529072.1
HG_11226	KwDej_OBR81796.1 KwBes_OCF30032.1 KwBes_OCF30033.1 KwPin_OCF46925.1 KwPin_OCF46926.1 CuOle_KLT38778.1 CrAmy_ODO10605.1 CrAmy_ODO10606.1 KwSha_KAA5529562.1 KwSha_KAA5529563.1
HG_13701	KwDej_OBR81470.1 KwBes_OCF28664.1 KwPin_OCF48742.1 CuOle_KLT45232.1 CuOle_KLT45233.1 CrAmy_ODO09512.1 KwSha_KAA5528514.1
HG_17091	KwDej_OBR87166.1 KwBes_OCF29610.1 KwPin_OCF46419.1 CrAmy_ODO12059.1 KwSha_KAA5526470.1
HG_17124	KwDej_OBR88170.1 KwBes_OCF26670.1 KwPin_OCF47774.1 CrAmy_ODO01746.1 KwSha_KAA5524213.1
HG_15123	KwDej_OBR86435.1 KwBes_OCF29040.1 KwPin_OCF51097.1 CuOle_KLT42479.1 CrAmy_ODO04906.1 KwSha_KAA5526372.1
HG_15090	KwDej_OBR85511.1 KwBes_OCF24913.1 KwPin_OCF49477.1 CuOle_KLT44274.1 CrAmy_ODO08141.1 KwSha_KAA5526231.1
HG_24114	KwDej_OBR88827.1 KwBes_OCF27638.1 KwPin_OCF53268.1
HG_16941	KwDej_OBR81870.1 KwBes_OCF30130.1 KwPin_OCF46859.1 CrAmy_ODO10401.1 KwSha_KAA5527268.1
HG_14940	KwDej_OBR81686.1 KwDej_OBR81687.1 KwBes_OCF29844.1 KwBes_OCF29847.1 KwBes_OCF29850.1 KwPin_OCF46494.1
HG_12739	KwDej_OBR86159.1 KwDej_OBR86160.1 KwDej_OBR86172.1 KwBes_OCF21804.1 KwBes_OCF21813.1 KwBes_OCF21814.1 KwPin_OCF52153.1 KwPin_OCF52164.1
HG_17106	KwDej_OBR87676.1 KwBes_OCF26287.1 KwPin_OCF47446.1 CrAmy_ODO02894.1 KwSha_KAA5524504.1
HG_17073	KwDej_OBR86418.1 KwDej_OBR86579.1 KwBes_OCF29061.1 KwPin_OCF51086.1 KwPin_OCF51087.1
HG_24081	KwDej_OBR87813.1 KwBes_OCF26149.1 CrAmy_ODO09673.1
HG_15105	KwDej_OBR85902.1 KwBes_OCF21258.1 KwPin_OCF52399.1 CuOle_KLT43641.1 CrAmy_ODO10869.1 KwSha_KAA5529766.1
HG_20112	KwDej_OBR85562.1 KwBes_OCF24080.1 KwBes_OCF24098.1 KwPin_OCF49431.1
HG_13755	KwDej_OBR89499.1 KwDej_OBR89508.1 KwBes_OCF28356.1 KwBes_OCF28357.1 KwBes_OCF28358.1 KwPin_OCF53896.1 CrAmy_ODO05935.1
HG_17178	KwDej_OBR89449.1 KwBes_OCF28178.1 KwPin_OCF53850.1 CrAmy_ODO11756.1 KwSha_KAA5528451.1
HG_20048	KwDej_OBR82860.1 KwBes_OCF23239.1 KwPin_OCF48938.1 CrAmy_ODO10317.1
HG_15177	KwDej_OBR87772.1 KwBes_OCF26225.1 KwPin_OCF47338.1 CuOle_KLT44395.1 CrAmy_ODO09039.1 KwSha_KAA5529011.1
HG_20184	KwDej_OBR88619.1 KwPin_OCF53074.1 CrAmy_ODN97007.1 KwSha_KAA5530770.1
HG_11859	KwDej_OBR81292.1 KwDej_OBR81293.1 KwBes_OCF26946.1 KwBes_OCF26947.1 KwPin_OCF48574.1 KwPin_OCF48575.1 CrAmy_ODO01428.1 CrAmy_ODO01429.1 CrAmy_ODO05023.1
HG_15000	KwDej_OBR83282.1 KwBes_OCF22838.1 KwPin_OCF49331.1 CuOle_KLT39558.1 CrAmy_ODO05508.1 KwSha_KAA5527458.1
HG_15072	KwDej_OBR85192.1 KwBes_OCF25541.1 KwPin_OCF50013.1 CuOle_KLT40584.1 CrAmy_ODO04837.1 KwSha_KAA5529493.1
HG_15241	KwDej_OBR89369.1 KwBes_OCF28237.1 KwPin_OCF53703.1 CuOle_KLT42898.1 CrAmy_ODO11695.1 KwSha_KAA5527924.1
HG_17001	KwDej_OBR83637.1 KwBes_OCF23616.1 KwPin_OCF50254.1 CrAmy_ODO06758.1 KwSha_KAA5527041.1
HG_8953	KwDej_OBR86461.1 KwDej_OBR86580.1 KwDej_OBR86594.1 KwDej_OBR86595.1 KwBes_OCF28961.1 KwBes_OCF28964.1 KwBes_OCF29017.1 KwPin_OCF51123.1 KwPin_OCF51124.1 KwPin_OCF51125.1 KwPin_OCF51248.1 KwPin_OCF51249.1 KwPin_OCF51250.1 KwPin_OCF51251.1 KwSha_KAA5526339.1 KwSha_KAA5526340.1
HG_16923	KwDej_OBR81133.1 KwBes_OCF26764.1 KwBes_OCF26765.1 KwPin_OCF48410.1 CrAmy_ODO01706.1
HG_16995	KwDej_OBR83461.1 KwBes_OCF23441.1 KwPin_OCF50093.1 CrAmy_ODO06608.1 KwSha_KAA5527171.1
HG_14994	KwDej_OBR83197.1 KwBes_OCF22915.1 KwPin_OCF49246.1 CuOle_KLT38657.1 CrAmy_ODN99193.1 KwSha_KAA5525712.1
HG_11872	KwDej_OBR86973.1 KwDej_OBR86974.1 KwBes_OCF29408.1 KwBes_OCF29409.1 KwBes_OCF29410.1 KwBes_OCF29411.1 KwBes_OCF29412.1 KwPin_OCF50759.1 KwPin_OCF50779.1
HG_20166	KwDej_OBR87984.1 KwBes_OCF26450.1 KwPin_OCF47616.1 KwSha_KAA5528879.1
HG_17055	KwDej_OBR85602.1 KwBes_OCF21570.1 KwPin_OCF52684.1 CrAmy_ODO05803.1 KwSha_KAA5528104.1
HG_15054	KwDej_OBR84711.1 KwBes_OCF24749.1 KwPin_OCF51384.1 CuOle_KLT41535.1 CrAmy_ODO10077.1 KwSha_KAA5526683.1
HG_20061	KwDej_OBR83697.1 KwBes_OCF23677.1 KwPin_OCF50305.1 KwSha_KAA5531162.1
HG_15223	KwDej_OBR88997.1 KwBes_OCF27827.1 KwPin_OCF53416.1 CuOle_KLT39346.1 CrAmy_ODN97080.1 KwSha_KAA5530668.1
HG_15190	KwDej_OBR88164.1 KwBes_OCF26664.1 KwPin_OCF47771.1 CuOle_KLT41581.1 CrAmy_ODO01753.1 KwSha_KAA5525781.1
HG_15159	KwDej_OBR87319.1 KwBes_OCF25768.1 KwPin_OCF46983.1 CrAmy_ODO11122.1 CrAmy_ODO11250.1 KwSha_KAA5527886.1
HG_18737	CuOle_KLT38806.1 CuOle_KLT40576.1 CrAmy_ODO05773.1 KwSha_KAA5524722.1
HG_23985	KwDej_OBR83490.1 KwBes_OCF23478.1 KwPin_OCF50119.1
HG_14976	KwDej_OBR82839.1 KwBes_OCF23277.1 KwPin_OCF48917.1 CuOle_KLT43240.1 CrAmy_ODO11573.1 KwSha_KAA5526023.1
HG_16977	KwDej_OBR82999.1 KwBes_OCF23040.1 KwPin_OCF49143.1 CrAmy_ODN99082.1 KwSha_KAA5528801.1
HG_24045	KwDej_OBR86109.1 KwBes_OCF21760.1 KwPin_OCF52202.1
HG_13719	KwDej_OBR83036.1 KwBes_OCF23081.1 KwPin_OCF49116.1 KwPin_OCF49117.1 CuOle_KLT38812.1 CrAmy_ODN99107.1 KwSha_KAA5528813.1
HG_20148	KwDej_OBR87136.1 KwBes_OCF28003.1 CuOle_KLT42584.1 KwSha_KAA5526071.1
HG_17037	KwDej_OBR84927.1 KwBes_OCF25498.1 KwPin_OCF50034.1 CrAmy_ODN98007.1 KwSha_KAA5529505.1
HG_15036	KwDej_OBR84283.1 KwBes_OCF24319.1 KwPin_OCF51758.1 CuOle_KLT45094.1 CrAmy_ODO00231.1 KwSha_KAA5531484.1
HG_13750	KwDej_OBR88556.1 KwDej_OBR88557.1 KwBes_OCF27360.1 KwBes_OCF27373.1 KwBes_OCF27374.1 KwPin_OCF53027.1 CrAmy_ODO01716.1
HG_17173	KwDej_OBR89335.1 KwBes_OCF28332.1 KwPin_OCF53732.1 CrAmy_ODO11630.1 KwSha_KAA5528026.1
HG_20043	KwDej_OBR82554.1 KwBes_OCF22582.1 KwPin_OCF48227.1 KwSha_KAA5526853.1
HG_15205	KwDej_OBR88600.1 KwBes_OCF27403.1 KwPin_OCF53066.1 CuOle_KLT42190.1 CrAmy_ODN96973.1 KwSha_KAA5530784.1
HG_15172	KwDej_OBR87621.1 KwBes_OCF26077.1 KwPin_OCF47257.1 CuOle_KLT43280.1 CrAmy_ODO07982.1 KwSha_KAA5527690.1
HG_12734	KwDej_OBR84818.1 KwDej_OBR84819.1 KwBes_OCF25674.1 KwBes_OCF25675.1 KwBes_OCF25676.1 KwPin_OCF46235.1 KwPin_OCF46236.1 KwPin_OCF46237.1
HG_17101	KwDej_OBR87562.1 KwDej_OBR87563.1 KwBes_OCF26012.1 KwPin_OCF47203.1 CrAmy_ODO07906.1
HG_15100	KwDej_OBR85829.1 KwDej_OBR88199.1 KwBes_OCF21320.1 KwBes_OCF28826.1 KwPin_OCF52466.1 CrAmy_ODO05598.1
HG_23967	KwDej_OBR82162.1 KwBes_OCF30279.1 KwSha_KAA5524982.1
HG_16959	KwDej_OBR82559.1 KwBes_OCF22559.1 KwPin_OCF48232.1 CrAmy_ODO06831.1 KwSha_KAA5526859.1
HG_14958	KwDej_OBR82079.1 KwBes_OCF30160.1 KwPin_OCF46792.1 CuOle_KLT44913.1 CrAmy_ODO10466.1 KwSha_KAA5527286.1
HG_24099	KwDej_OBR88377.1 KwBes_OCF27191.1 KwPin_OCF52869.1
HG_12716	KwDej_OBR81596.1 KwDej_OBR81597.1 KwDej_OBR81598.1 KwDej_OBR81599.1 KwBes_OCF28784.1 KwBes_OCF28785.1 KwPin_OCF48852.1 KwPin_OCF48853.1
HG_16990	KwDej_OBR83412.1 KwBes_OCF23408.1 KwPin_OCF50064.1 CrAmy_ODO06525.1 KwSha_KAA5527160.1
HG_17050	KwDej_OBR85283.1 KwBes_OCF25191.1 KwPin_OCF49703.1 CrAmy_ODO08111.1 KwSha_KAA5530262.1
HG_17019	KwDej_OBR84359.1 KwBes_OCF24408.1 KwPin_OCF51682.1 CrAmy_ODO10007.1 KwSha_KAA5531415.1
HG_24027	KwDej_OBR85308.1 KwBes_OCF25157.1 KwPin_OCF49670.1
HG_15018	KwDej_OBR83614.1 KwBes_OCF23592.1 KwPin_OCF50229.1 CuOle_KLT40692.1 CrAmy_ODO06719.1 KwSha_KAA5527061.1
HG_17155	KwDej_OBR88842.1 KwBes_OCF27649.1 KwPin_OCF53277.1 CrAmy_ODN96336.1 KwSha_KAA5530566.1
HG_20025	KwDej_OBR81474.1 KwBes_OCF28667.1 KwPin_OCF48744.1 KwSha_KAA5528576.1
HG_24163	KwBes_OCF29703.1 KwPin_OCF49087.1 KwSha_KAA5524192.1
HG_15154	KwDej_OBR87151.1 KwBes_OCF29595.1 KwPin_OCF46434.1 CuOle_KLT45646.1 CrAmy_ODO12078.1 KwSha_KAA5526448.1
HG_20161	KwDej_OBR87771.1 KwBes_OCF26226.1 KwPin_OCF47339.1 CrAmy_ODO09038.1
HG_20097	KwDej_OBR84856.1 KwBes_OCF25657.1 KwPin_OCF46269.1 KwSha_KAA5526516.1
HG_10441	KwDej_OBR82034.1 KwDej_OBR82037.1 KwBes_OCF29746.1 KwBes_OCF29752.1 KwPin_OCF46572.1 KwPin_OCF46574.1 CuOle_KLT45910.1 CrAmy_ODO05794.1 CrAmy_ODO05795.1 CrAmy_ODO05799.1 KwSha_KAA5526618.1
HG_9486	KwDej_OBR81770.1 KwDej_OBR81795.1 KwPin_OCF46125.1 KwPin_OCF46927.1 CuOle_KLT43551.1 CrAmy_ODO00052.1 CrAmy_ODO00053.1 CrAmy_ODO00073.1 CrAmy_ODO00074.1 CrAmy_ODO00078.1 CrAmy_ODO00079.1 CrAmy_ODO03277.1 KwSha_KAA5528198.1 KwSha_KAA5529568.1
HG_23949	KwDej_OBR81122.1 KwBes_OCF26778.1 KwPin_OCF48399.1
HG_23980	KwDej_OBR82939.1 KwBes_OCF22994.1 KwPin_OCF49195.1
HG_16972	KwDej_OBR82921.1 KwBes_OCF22960.1 KwPin_OCF46336.1 CrAmy_ODN99223.1 KwSha_KAA5528736.1
HG_14971	KwDej_OBR82438.1 KwBes_OCF22449.1 KwPin_OCF48108.1 CrAmy_ODN98070.1 CrAmy_ODN98075.1 KwSha_KAA5525509.1
HG_20143	KwDej_OBR86865.1 KwBes_OCF29298.1 KwPin_OCF50864.1 KwSha_KAA5530016.1
HG_20079	KwDej_OBR84225.1 KwBes_OCF24259.1 KwPin_OCF51803.1 CrAmy_ODO09952.1
HG_17032	KwDej_OBR84679.1 KwBes_OCF24728.1 CuOle_KLT39889.1 CrAmy_ODO01351.1 KwSha_KAA5526671.1
HG_15031	KwDej_OBR84147.1 KwBes_OCF24154.1 KwPin_OCF51895.1 CrAmy_ODO00118.1 CrAmy_ODO00119.1 KwSha_KAA5525637.1
HG_13714	KwDej_OBR82431.1 KwBes_OCF22439.1 KwPin_OCF48101.1 CrAmy_ODN98054.1 KwSha_KAA5524799.1 KwSha_KAA5527399.1 KwSha_KAA5527853.1
HG_15200	KwDej_OBR88357.1 KwBes_OCF27176.1 KwPin_OCF52848.1 CuOle_KLT42192.1 CrAmy_ODO10301.1 KwSha_KAA5529164.1
HG_17137	KwDej_OBR88391.1 KwBes_OCF27199.1 KwPin_OCF52881.1 CrAmy_ODO00262.1 KwSha_KAA5529186.1
HG_15136	KwDej_OBR86725.1 KwBes_OCF29155.1 KwPin_OCF50994.1 CuOle_KLT46004.1 CrAmy_ODO09254.1 KwSha_KAA5530157.1
HG_23962	KwDej_OBR82028.1 KwBes_OCF29756.1 KwPin_OCF46567.1
HG_16375	KwDej_OBR85696.1 KwBes_OCF21475.1 KwPin_OCF52616.1 CrAmy_ODN98156.1 KwSha_KAA5528185.1
HG_17014	KwDej_OBR84150.1 KwBes_OCF24172.1 KwPin_OCF51877.1 CrAmy_ODO00033.1 KwSha_KAA5525619.1
HG_17119	KwDej_OBR88070.1 KwBes_OCF26545.1 KwPin_OCF47693.1 CrAmy_ODO03022.1 KwSha_KAA5528837.1
HG_24127	KwDej_OBR89556.1 KwBes_OCF28416.1 KwPin_OCF46211.1
HG_15118	KwDej_OBR86231.1 KwBes_OCF21880.1 KwPin_OCF52112.1 CuOle_KLT41991.1 CrAmy_ODN99285.1 KwSha_KAA5525874.1
HG_20125	KwDej_OBR86077.1 KwBes_OCF21711.1 KwPin_OCF52240.1 KwSha_KAA5529951.1
HG_14543	KwDej_OBR86376.1 KwBes_OCF22015.1 KwPin_OCF51975.1 CuOle_KLT45309.1 CrAmy_ODN99317.1 KwSha_KAA5525641.1
HG_17086	KwDej_OBR87032.1 KwBes_OCF29467.1 KwPin_OCF50706.1 CrAmy_ODO11909.1 KwSha_KAA5525839.1
HG_14479	KwDej_OBR86162.1 KwBes_OCF21810.1 KwPin_OCF52160.1 CuOle_KLT40897.1 CrAmy_ODN99271.1 KwSha_KAA5525914.1
HG_20197	KwDej_OBR89352.1 KwBes_OCF28310.1 KwPin_OCF53716.1 KwSha_KAA5527998.1
HG_16954	KwDej_OBR82306.1 KwBes_OCF22565.1 KwPin_OCF48237.1 CrAmy_ODO06817.1 KwSha_KAA5526864.1
HG_14953	KwDej_OBR81979.1 KwBes_OCF29701.1 KwPin_OCF46626.1 CuOle_KLT41889.1 CrAmy_ODO10654.1 KwSha_KAA5529690.1
HG_17150	KwDej_OBR88749.1 KwBes_OCF27557.1 KwPin_OCF53198.1 CrAmy_ODN97192.1 KwSha_KAA5530722.1
HG_20020	KwDej_OBR81285.1 KwBes_OCF26935.1 KwPin_OCF48567.1 KwPin_OCF48568.1
HG_15085	KwDej_OBR85436.1 KwBes_OCF25018.1 KwPin_OCF49545.1 CuOle_KLT44226.1 CrAmy_ODO08215.1 KwSha_KAA5526290.1
HG_20092	KwDej_OBR84607.1 KwBes_OCF24643.1 KwBes_OCF24645.1 KwPin_OCF51470.1
HG_15013	KwDej_OBR83522.1 KwBes_OCF23498.1 KwPin_OCF50151.1 CuOle_KLT39269.1 CrAmy_ODO06624.1 KwSha_KAA5527223.1
HG_16936	KwDej_OBR81506.1 KwBes_OCF28695.1 KwPin_OCF48771.1 CrAmy_ODO04776.1 KwSha_KAA5528464.1
HG_14935	KwDej_OBR81443.1 KwBes_OCF28638.1 KwPin_OCF48719.1 CuOle_KLT45231.1 CrAmy_ODO09490.1 KwSha_KAA5525957.1
HG_24076	KwDej_OBR87583.1 KwBes_OCF26056.1 KwPin_OCF47226.1
HG_20179	KwDej_OBR88529.1 KwBes_OCF27317.1 KwPin_OCF53012.1 CrAmy_ODO03204.1
HG_24004	KwDej_OBR84298.1 KwPin_OCF51744.1 KwSha_KAA5531468.1
HG_17132	KwDej_OBR88323.1 KwBes_OCF27138.1 KwPin_OCF52805.1 CrAmy_ODO00371.1 KwSha_KAA5529115.1
HG_15131	KwDej_OBR86671.1 KwBes_OCF29097.1 KwPin_OCF51051.1 CuOle_KLT45990.1 CrAmy_ODO09428.1 KwSha_KAA5530187.1
HG_17068	KwDej_OBR86189.1 KwBes_OCF21837.1 KwPin_OCF52140.1 CrAmy_ODN99228.1 KwSha_KAA5525905.1
HG_15067	KwDej_OBR85034.1 KwBes_OCF25322.1 KwPin_OCF49866.1 CuOle_KLT45448.1 CrAmy_ODO09869.1 KwSha_KAA5530429.1
HG_20074	KwDej_OBR84175.1 KwBes_OCF24196.1 KwPin_OCF51853.1 KwSha_KAA5531569.1
HG_20107	KwDej_OBR85187.1 KwBes_OCF25547.1 KwPin_OCF50008.1 CrAmy_ODN98026.1
HG_15236	KwDej_OBR89236.1 KwBes_OCF28034.1 KwPin_OCF53650.1 KwPin_OCF53651.1 CrAmy_ODO11830.1 KwSha_KAA5528317.1
HG_23998	KwDej_OBR84108.1 KwBes_OCF24130.1 KwPin_OCF51913.1
HG_24058	KwDej_OBR86977.1 KwBes_OCF29415.1 KwSha_KAA5525518.1
HG_14989	KwDej_OBR83093.1 KwBes_OCF23134.1 KwPin_OCF49059.1 CuOle_KLT39025.1 CrAmy_ODO05704.1 KwSha_KAA5527534.1
HG_17186	KwBes_OCF25583.1 KwPin_OCF49988.1 CuOle_KLT40722.1 CrAmy_ODO09159.1 KwSha_KAA5529475.1
HG_13699	KwDej_OBR81407.1 KwDej_OBR81408.1 KwBes_OCF28105.1 KwPin_OCF48343.1 KwPin_OCF48677.1 KwPin_OCF48686.1 KwPin_OCF49757.1
HG_15218	KwDej_OBR88860.1 KwBes_OCF27665.1 KwPin_OCF53297.1 CuOle_KLT43562.1 CrAmy_ODN96318.1 KwSha_KAA5530560.1
HG_11867	KwDej_OBR85337.1 KwDej_OBR88367.1 KwBes_OCF27182.1 KwPin_OCF49645.1 KwPin_OCF52858.1 CuOle_KLT40018.1 CrAmy_ODO00298.1 KwSha_KAA5529167.1 KwSha_KAA5530244.1
HG_17114	KwDej_OBR87882.1 KwBes_OCF26366.1 KwPin_OCF47508.1 CrAmy_ODO03128.1 KwSha_KAA5528992.1
HG_24122	KwDej_OBR89094.1 KwBes_OCF27903.1 KwPin_OCF53491.1
HG_20120	KwDej_OBR85952.1 KwBes_OCF21215.1 KwPin_OCF52361.1 CrAmy_ODO11599.1
HG_20056	KwDej_OBR83341.1 KwBes_OCF22769.1 KwPin_OCF49390.1 KwSha_KAA5527410.1
HG_15185	KwDej_OBR88016.1 KwBes_OCF26494.1 KwPin_OCF47644.1 CuOle_KLT43143.1 CrAmy_ODO03046.1 KwSha_KAA5528885.1
HG_20192	KwDej_OBR88856.1 KwBes_OCF27658.1 KwPin_OCF53289.1 KwSha_KAA5530563.1
HG_17081	KwDej_OBR86858.1 KwBes_OCF29291.1 KwPin_OCF50871.1 CrAmy_ODO04636.1 KwSha_KAA5530009.1
HG_15113	KwDej_OBR86112.1 KwBes_OCF21757.1 KwPin_OCF52205.1 CuOle_KLT43335.1 CrAmy_ODO11435.1 KwSha_KAA5525408.1
HG_15080	KwDej_OBR85288.1 KwBes_OCF25182.1 KwPin_OCF49687.1 CuOle_KLT44894.1 CrAmy_ODO08098.1 KwSha_KAA5530300.1
HG_15049	KwDej_OBR84507.1 KwBes_OCF24569.1 KwPin_OCF51545.1 CuOle_KLT40470.1 CrAmy_ODO10113.1 KwSha_KAA5531258.1
HG_10231	KwBes_OCF25576.1 KwPin_OCF49971.1 CrAmy_ODO09158.1 CrAmy_ODO10340.1 CrAmy_ODO10344.1 CrAmy_ODO10345.1 CrAmy_ODO10349.1 CrAmy_ODO10350.1 CrAmy_ODO10351.1 CrAmy_ODO10369.1 KwSha_KAA5529474.1 KwSha_KAA5529476.1
HG_24071	KwDej_OBR87513.1 KwBes_OCF25969.1 KwSha_KAA5525305.1
HG_24104	KwDej_OBR88462.1 KwBes_OCF25903.1 KwPin_OCF52945.1
HG_13745	KwDej_OBR87001.1 KwBes_OCF29438.1 KwPin_OCF50736.1 CuOle_KLT41227.1 CrAmy_ODN99270.1 CrAmy_ODO04974.1 KwSha_KAA5524748.1
HG_17168	KwDej_OBR89183.1 KwBes_OCF28261.1 KwPin_OCF53597.1 CrAmy_ODO11761.1 KwSha_KAA5527965.1
HG_20207	KwBes_OCF22338.1 KwPin_OCF47984.1 CrAmy_ODO06879.1 KwSha_KAA5526814.1
HG_16931	KwDej_OBR81366.1 KwBes_OCF28554.1 KwPin_OCF48640.1 CrAmy_ODO01467.1 KwSha_KAA5528589.1
HG_14930	KwDej_OBR81360.1 KwBes_OCF28548.1 KwPin_OCF48635.1 CuOle_KLT40313.1 CrAmy_ODO01460.1 KwSha_KAA5528585.1
HG_17063	KwDej_OBR86039.1 KwBes_OCF21648.1 KwPin_OCF52272.1 CrAmy_ODO11577.1 KwSha_KAA5529895.1
HG_20102	KwDej_OBR85129.1 KwBes_OCF25485.1 KwPin_OCF49963.1 KwSha_KAA5530533.1
HG_15231	KwDej_OBR89164.1 KwDej_OBR89171.1 KwDej_OBR89172.1 KwBes_OCF27997.1 KwBes_OCF28002.1 KwPin_OCF53580.1
HG_20038	KwDej_OBR82330.1 KwBes_OCF22345.1 KwPin_OCF47988.1 CrAmy_ODO06875.1
HG_15167	KwDej_OBR87500.1 KwBes_OCF25958.1 KwPin_OCF47138.1 CrAmy_ODO07877.1 KwSha_KAA5525284.1 KwSha_KAA5525285.1
HG_15062	KwDej_OBR84944.1 KwBes_OCF25444.1 KwPin_OCF49779.1 CuOle_KLT45463.1 CrAmy_ODO09355.1 KwSha_KAA5530493.1
HG_16985	KwDej_OBR83345.1 KwDej_OBR83347.1 KwBes_OCF22764.1 KwBes_OCF22765.1 KwPin_OCF49394.1
HG_23993	KwDej_OBR83926.1 KwBes_OCF23891.1 KwPin_OCF50514.1
HG_24053	KwDej_OBR86602.1 KwBes_OCF28996.1 KwSha_KAA5526326.1
HG_14984	KwDej_OBR82929.1 KwBes_OCF22968.1 KwBes_OCF22969.1 KwPin_OCF49205.1 CrAmy_ODN99100.1 KwSha_KAA5528753.1
HG_13727	KwDej_OBR83912.1 KwBes_OCF23910.1 KwPin_OCF50500.1 CrAmy_ODN98180.1 CrAmy_ODN98181.1 CrAmy_ODN98182.1 KwSha_KAA5530980.1
HG_20156	KwDej_OBR87472.1 KwBes_OCF25900.1 KwPin_OCF47110.1 KwSha_KAA5527777.1
HG_12742	KwDej_OBR87195.1 KwDej_OBR87196.1 KwBes_OCF29629.1 KwBes_OCF29630.1 KwPin_OCF46402.1 KwPin_OCF46403.1 CrAmy_ODO06846.1 CrAmy_ODO10527.1
HG_17045	KwDej_OBR85153.1 KwBes_OCF25563.1 KwPin_OCF49975.1 CrAmy_ODO09150.1 KwSha_KAA5529486.1
HG_15044	KwDej_OBR84453.1 KwBes_OCF24499.1 KwPin_OCF51599.1 CuOle_KLT46214.1 CrAmy_ODO05616.1 KwSha_KAA5531218.1
HG_17181	KwDej_OBR89543.1 KwBes_OCF28397.1 KwPin_OCF53933.1 CrAmy_ODO01756.1 KwSha_KAA5525847.1
HG_20051	KwDej_OBR82972.1 KwBes_OCF23014.1 KwBes_OCF23015.1 KwPin_OCF49167.1
HG_15180	KwDej_OBR87913.1 KwBes_OCF26392.1 KwBes_OCF26393.1 KwPin_OCF47535.1 CrAmy_ODO00326.1 KwSha_KAA5529144.1
HG_15213	KwDej_OBR88773.1 KwBes_OCF27579.1 KwPin_OCF53218.1 CuOle_KLT38486.1 CrAmy_ODN97090.1 KwSha_KAA5530707.1
HG_15149	KwDej_OBR87068.1 KwBes_OCF29506.1 KwPin_OCF50671.1 CuOle_KLT42077.1 CrAmy_ODO11994.1 KwSha_KAA5525811.1
HG_16967	KwDej_OBR82820.1 KwBes_OCF23305.1 KwPin_OCF48901.1 CrAmy_ODO10330.1 KwSha_KAA5525700.1
HG_23975	KwDej_OBR82649.1 KwBes_OCF22212.1 KwPin_OCF47932.1
HG_24035	KwDej_OBR85722.1 KwBes_OCF21444.1 KwPin_OCF52579.1
HG_14966	KwDej_OBR82288.1 KwBes_OCF22597.1 KwBes_OCF22598.1 KwPin_OCF48252.1 CrAmy_ODO11334.1 KwSha_KAA5525058.1
HG_17163	KwDej_OBR89046.1 KwBes_OCF27882.1 KwPin_OCF53376.1 CrAmy_ODO05060.1 KwSha_KAA5526665.1
HG_17099	KwDej_OBR87448.1 KwBes_OCF25899.1 KwPin_OCF47088.1 CuOle_KLT41739.1 KwSha_KAA5527779.1
HG_15098	KwDej_OBR85778.1 KwBes_OCF21391.1 KwPin_OCF52526.1 CuOle_KLT45115.1 CrAmy_ODO10853.1 KwSha_KAA5528231.1
HG_20202	KwDej_OBR89578.1 KwBes_OCF28447.1 KwBes_OCF28471.1 KwPin_OCF46192.1
HG_20138	KwDej_OBR86564.1 KwBes_OCF28888.1 KwBes_OCF28889.1 KwPin_OCF51220.1
HG_12724	KwDej_OBR82600.1 KwDej_OBR82601.1 KwDej_OBR82602.1 KwPin_OCF47950.1 KwSha_KAA5526780.1 KwSha_KAA5526781.1 KwSha_KAA5530761.1 KwSha_KAA5530762.1
HG_17027	KwDej_OBR84579.1 KwBes_OCF24622.1 KwPin_OCF51486.1 CrAmy_ODO10179.1 KwSha_KAA5531310.1
HG_20033	KwDej_OBR81997.1 KwBes_OCF29732.1 KwPin_OCF46586.1 CuOle_KLT45928.1
HG_15162	KwDej_OBR87398.1 KwBes_OCF25855.1 KwPin_OCF47044.1 CuOle_KLT39789.1 CrAmy_ODO07845.1 KwSha_KAA5527806.1
HG_23957	KwDej_OBR81838.1 KwBes_OCF30094.1 CrAmy_ODO10490.1
HG_16980	KwDej_OBR83160.1 KwBes_OCF23208.1 KwPin_OCF48994.1 CrAmy_ODO05672.1 KwSha_KAA5527589.1
HG_24017	KwDej_OBR84721.1 KwBes_OCF24786.1 KwPin_OCF51363.1
HG_14948	KwDej_OBR81854.1 KwBes_OCF30142.1 KwPin_OCF46862.1 CuOle_KLT44906.1 CrAmy_ODO10480.1 KwSha_KAA5527251.1
HG_24153	KwBes_OCF26934.1 KwPin_OCF48566.1 KwSha_KAA5529438.1
HG_24089	KwDej_OBR88124.1 KwBes_OCF26605.1 KwPin_OCF47729.1
HG_17040	KwDej_OBR84953.1 KwBes_OCF25435.1 KwPin_OCF49788.1 CrAmy_ODO09122.1 KwSha_KAA5530503.1
HG_17009	KwDej_OBR84003.1 KwBes_OCF23953.1 KwPin_OCF50548.1 CuOle_KLT38820.1 CrAmy_ODO05737.1
HG_15008	KwDej_OBR83466.1 KwBes_OCF23435.1 KwPin_OCF50097.1 CuOle_KLT39912.1 CrAmy_ODO06587.1 KwSha_KAA5527175.1
HG_13722	KwDej_OBR83303.1 KwBes_OCF22816.1 KwPin_OCF49351.1 CuOle_KLT38276.1 CrAmy_ODO03176.1 CrAmy_ODO05550.1 KwSha_KAA5527457.1
HG_17145	KwDej_OBR88682.1 KwBes_OCF27507.1 KwPin_OCF53152.1 CrAmy_ODO09113.1 KwSha_KAA5526981.1
HG_20015	KwDej_OBR81136.1 KwBes_OCF26760.1 KwPin_OCF48414.1 KwSha_KAA5529319.1
HG_20151	KwDej_OBR87284.1 KwBes_OCF25720.1 KwPin_OCF46951.1 CuOle_KLT40050.1
HG_20087	KwDej_OBR84518.1 KwBes_OCF24556.1 KwPin_OCF51560.1 CrAmy_ODO10089.1
HG_15249	KwDej_OBR89553.1 KwBes_OCF28419.1 KwPin_OCF46215.1 CuOle_KLT45020.1 CrAmy_ODO05839.1 KwSha_KAA5525135.1
HG_18658	KwDej_OBR81601.1 KwBes_OCF29000.1 KwPin_OCF47797.1 KwSha_KAA5529088.1
HG_16962	KwDej_OBR82606.1 KwBes_OCF22267.1 KwPin_OCF47946.1 CrAmy_ODO06952.1 KwSha_KAA5526773.1
HG_23970	KwDej_OBR82404.1 KwBes_OCF22406.1 KwPin_OCF48072.1
HG_24135	KwBes_OCF22881.1 KwPin_OCF49290.1 CrAmy_ODO11369.1
HG_24030	KwDej_OBR85442.1 KwBes_OCF25009.1 KwPin_OCF49531.1
HG_14961	KwDej_OBR82141.1 KwBes_OCF30263.1 KwPin_OCF46753.1 CuOle_KLT39816.1 CrAmy_ODO10365.1 KwSha_KAA5527314.1
HG_13704	KwDej_OBR81633.1 KwDej_OBR85213.1 KwBes_OCF25259.1 KwBes_OCF28817.1 KwPin_OCF48875.1 KwSha_KAA5524378.1 KwSha_KAA5525193.1
HG_15198	KwDej_OBR88340.1 KwBes_OCF27155.1 KwPin_OCF52825.1 CuOle_KLT41314.1 CrAmy_ODO00337.1 KwSha_KAA5529140.1
HG_17022	KwDej_OBR84430.1 KwBes_OCF24477.1 KwPin_OCF51618.1 CuOle_KLT46117.1 KwSha_KAA5531359.1
HG_15021	KwDej_OBR83769.1 KwBes_OCF23749.1 KwPin_OCF50372.1 CuOle_KLT46151.1 CrAmy_ODO11149.1 KwSha_KAA5531101.1
HG_17094	KwDej_OBR87255.1 KwBes_OCF29683.1 KwPin_OCF46347.1 CrAmy_ODO12117.1 KwSha_KAA5526484.1
HG_15126	KwDej_OBR86526.1 KwBes_OCF28881.1 KwPin_OCF51184.1 CuOle_KLT41060.1 CrAmy_ODO09323.1 KwSha_KAA5526197.1
HG_15093	KwDej_OBR85594.1 KwBes_OCF21577.1 KwPin_OCF52692.1 CuOle_KLT40058.1 CrAmy_ODO10978.1 KwSha_KAA5528093.1
HG_24117	KwDej_OBR88857.1 KwPin_OCF53290.1 KwSha_KAA5530562.1
HG_16944	KwDej_OBR81978.1 KwBes_OCF29906.1 KwPin_OCF46627.1 CrAmy_ODO10655.1 KwSha_KAA5529689.1
HG_23952	KwDej_OBR81336.1 KwBes_OCF26997.1 KwPin_OCF48615.1
HG_17140	KwDej_OBR88474.1 KwBes_OCF27285.1 KwPin_OCF52959.1 CrAmy_ODO03302.1 KwSha_KAA5526907.1
HG_17076	KwDej_OBR86614.1 KwBes_OCF22710.1 KwBes_OCF28967.1 KwBes_OCF28968.1 KwSha_KAA5526058.1
HG_17109	KwDej_OBR87762.1 KwBes_OCF26188.1 KwPin_OCF47347.1 CrAmy_ODO09641.1 KwSha_KAA5525017.1
HG_15075	KwDej_OBR85243.1 KwBes_OCF25229.1 KwPin_OCF49733.1 CuOle_KLT43476.1 CrAmy_ODO08113.1 KwSha_KAA5530273.1
HG_15108	KwDej_OBR85997.1 KwBes_OCF21592.1 KwPin_OCF52330.1 CuOle_KLT45688.1 CrAmy_ODO10741.1 KwSha_KAA5529865.1
HG_20115	KwDej_OBR85755.1 KwBes_OCF21404.1 KwPin_OCF52548.1 CrAmy_ODO10963.1
HG_13758	KwDej_OBR89612.1 KwBes_OCF28482.1 KwPin_OCF46172.1 CuOle_KLT45011.1 CrAmy_ODO04712.1 CrAmy_ODO05994.1 KwSha_KAA5525164.1
HG_20082	KwDej_OBR84375.1 KwBes_OCF24410.1 KwPin_OCF51671.1 KwSha_KAA5531398.1
HG_15244	KwDej_OBR89394.1 KwBes_OCF28229.1 KwPin_OCF53796.1 CuOle_KLT42899.1 CrAmy_ODO11648.1 KwSha_KAA5527920.1
HG_24084	KwDej_OBR87966.1 KwBes_OCF26457.1 KwPin_OCF47598.1
HG_20187	KwDej_OBR88668.1 KwBes_OCF27485.1 KwPin_OCF53137.1 CrAmy_ODN96953.1
HG_7695	KwDej_OBR81910.1 KwDej_OBR81911.1 KwDej_OBR81912.1 KwDej_OBR81929.1 KwDej_OBR85746.1 KwDej_OBR86459.1 KwBes_OCF21400.1 KwBes_OCF29018.1 KwBes_OCF29942.1 KwBes_OCF29950.1 KwBes_OCF29951.1 KwBes_OCF29973.1 KwBes_OCF29982.1 KwBes_OCF29983.1 KwBes_OCF29992.1 KwPin_OCF46674.1 KwPin_OCF46691.1 KwPin_OCF46692.1 KwPin_OCF52557.1 CrAmy_ODO10958.1 KwSha_KAA5528222.1 KwSha_KAA5529647.1
HG_17004	KwDej_OBR83752.1 KwBes_OCF23733.1 KwPin_OCF50357.1 CuOle_KLT46176.1 KwSha_KAA5531105.1
HG_24012	KwDej_OBR84586.1 KwBes_OCF24615.1 KwPin_OCF51492.1
HG_14943	KwDej_OBR81771.1 KwBes_OCF30030.1 KwPin_OCF46126.1 CuOle_KLT38753.1 CrAmy_ODO10601.1 KwSha_KAA5529553.1
HG_20010	KwDej_OBR81079.1 KwBes_OCF26825.1 KwPin_OCF48363.1 KwSha_KAA5524356.1
HG_15003	KwDej_OBR83304.1 KwBes_OCF22815.1 KwPin_OCF49352.1 CuOle_KLT38695.1 CrAmy_ODO01497.1 KwSha_KAA5527456.1
HG_16926	KwDej_OBR81249.1 KwDej_OBR81250.1 KwBes_OCF24982.1 KwPin_OCF48547.1 KwSha_KAA5529418.1
HG_16998	KwDej_OBR83517.1 KwDej_OBR83535.1 KwBes_OCF23509.1 KwBes_OCF23510.1 KwPin_OCF50162.1
HG_14925	KwDej_OBR81210.1 KwBes_OCF26856.1 KwPin_OCF48492.1 CuOle_KLT41460.1 CrAmy_ODO01624.1 KwSha_KAA5529356.1
HG_24066	KwDej_OBR87357.1 KwBes_OCF25806.1 KwPin_OCF47004.1
HG_14997	KwDej_OBR83237.1 KwBes_OCF22882.1 KwPin_OCF49286.1 CuOle_KLT42505.1 CrAmy_ODO11370.1 KwSha_KAA5528661.1
HG_13297	KwDej_OBR85681.1 KwBes_OCF21521.1 KwPin_OCF52599.1 CuOle_KLT38592.1 CuOle_KLT43687.1 CrAmy_ODO02869.1 KwSha_KAA5528139.1
HG_12755	KwBes_OCF24133.1 KwBes_OCF29172.1 KwPin_OCF50977.1 KwPin_OCF51906.1 CrAmy_ODO00120.1 CrAmy_ODO04654.1 KwSha_KAA5525611.1 KwSha_KAA5530084.1
HG_17122	KwDej_OBR88150.1 KwBes_OCF26626.1 KwPin_OCF47762.1 CrAmy_ODO01719.1 KwSha_KAA5525763.1
HG_15121	KwDej_OBR86428.1 KwBes_OCF29046.1 KwPin_OCF51095.1 CuOle_KLT39680.1 CrAmy_ODO04903.1 KwSha_KAA5526367.1
HG_17058	KwDej_OBR85698.1 KwBes_OCF21473.1 KwPin_OCF52618.1 CrAmy_ODO10936.1 KwSha_KAA5528183.1
HG_15057	KwDej_OBR84827.1 KwBes_OCF25661.1 KwPin_OCF46244.1 CuOle_KLT39248.1 CrAmy_ODN97990.1 KwSha_KAA5526509.1
HG_14482	KwDej_OBR85743.1 KwBes_OCF21421.1 KwPin_OCF52565.1 CuOle_KLT45156.1 CrAmy_ODO10950.1 KwSha_KAA5528219.1
HG_15193	KwDej_OBR88235.1 KwBes_OCF27034.1 KwPin_OCF52736.1 CuOle_KLT41791.1 CrAmy_ODO00449.1 KwSha_KAA5529039.1
HG_11224	KwDej_OBR81093.1 KwDej_OBR81109.1 KwDej_OBR81110.1 KwBes_OCF26810.1 KwBes_OCF26811.1 KwPin_OCF48389.1 KwPin_OCF48390.1 CuOle_KLT41926.1 CuOle_KLT44136.1 KwSha_KAA5529268.1
HG_11875	KwDej_OBR88245.1 KwDej_OBR88246.1 KwBes_OCF27053.1 KwBes_OCF27054.1 KwBes_OCF27055.1 KwPin_OCF52748.1 KwPin_OCF52749.1 CrAmy_ODO00440.1 CrAmy_ODO11353.1
HG_20169	KwDej_OBR88127.1 KwDej_OBR88128.1 KwBes_OCF26582.1 KwPin_OCF47726.1
HG_23988	KwDej_OBR83770.1 KwBes_OCF23748.1 KwPin_OCF50375.1
HG_24048	KwDej_OBR86203.1 KwBes_OCF21821.1 KwPin_OCF52132.1
HG_14979	KwDej_OBR82861.1 KwBes_OCF23240.1 KwPin_OCF48939.1 CuOle_KLT40158.1 CrAmy_ODO10322.1 KwSha_KAA5526002.1
HG_17176	KwDej_OBR89416.1 KwBes_OCF28205.1 KwPin_OCF53826.1 CrAmy_ODO11737.1 KwSha_KAA5524541.1
HG_20046	KwDej_OBR82799.1 KwBes_OCF23324.1 KwPin_OCF48886.1 KwSha_KAA5526370.1
HG_15208	KwDej_OBR88700.1 KwBes_OCF27472.1 KwPin_OCF53113.1 CrAmy_ODN96348.1 KwSha_KAA5528740.1 KwSha_KAA5530823.1
HG_17104	KwDej_OBR87627.1 KwBes_OCF26093.1 CuOle_KLT43302.1 CrAmy_ODO09720.1 KwSha_KAA5527711.1
HG_15039	KwDej_OBR84369.1 KwBes_OCF24415.1 KwPin_OCF51675.1 CuOle_KLT39965.1 CrAmy_ODO09992.1 KwSha_KAA5531402.1
HG_13753	KwDej_OBR89277.1 KwDej_OBR89279.1 KwDej_OBR89280.1 KwBes_OCF28094.1 KwBes_OCF28096.1 KwBes_OCF28097.1 KwPin_OCF53691.1
HG_15175	KwDej_OBR87761.1 KwBes_OCF26185.1 KwPin_OCF47348.1 CuOle_KLT42337.1 CrAmy_ODO09642.1 KwSha_KAA5525016.1
HG_20182	KwDej_OBR88597.1 KwDej_OBR88598.1 KwBes_OCF27405.1 KwPin_OCF53064.1
HG_13279	KwDej_OBR81732.1 KwBes_OCF29800.1 KwPin_OCF46536.1 CuOle_KLT39838.1 CuOle_KLT41370.1 CrAmy_ODO05788.1 KwSha_KAA5524729.1
HG_17071	KwDej_OBR86281.1 KwBes_OCF21942.1 KwPin_OCF52064.1 CrAmy_ODO11400.1 KwSha_KAA5531076.1
HG_15070	KwDej_OBR85139.1 KwBes_OCF25456.1 KwPin_OCF49968.1 CuOle_KLT45460.1 CrAmy_ODO09177.1 KwSha_KAA5530512.1
HG_15103	KwDej_OBR85851.1 KwDej_OBR85852.1 KwBes_OCF25628.1 KwPin_OCF52432.1 CrAmy_ODO11119.1 KwSha_KAA5526527.1
HG_20110	KwDej_OBR85422.1 KwBes_OCF25031.1 KwPin_OCF49557.1 KwSha_KAA5524907.1
HG_16993	KwDej_OBR83453.1 KwBes_OCF23458.1 KwPin_OCF50085.1 CrAmy_ODO06519.1 KwSha_KAA5527157.1
HG_17053	KwDej_OBR85403.1 KwDej_OBR85404.1 KwBes_OCF25041.1 KwPin_OCF49567.1 KwPin_OCF49568.1
HG_24061	KwDej_OBR87109.1 KwBes_OCF29578.1 KwPin_OCF50630.1
HG_14992	KwDej_OBR83161.1 KwBes_OCF23207.1 KwPin_OCF48993.1 CuOle_KLT42303.1 CrAmy_ODO05673.1 KwSha_KAA5527588.1
HG_15052	KwDej_OBR84590.1 KwBes_OCF24612.1 KwPin_OCF51495.1 CuOle_KLT42030.1 CrAmy_ODO10150.1 KwSha_KAA5531322.1
HG_14510	KwDej_OBR86443.1 KwBes_OCF29032.1 KwPin_OCF51108.1 CrAmy_ODO04879.1 KwSha_KAA5524943.1 KwSha_KAA5526381.1
HG_15221	KwDej_OBR88947.1 KwBes_OCF27768.1 KwPin_OCF53469.1 CuOle_KLT39297.1 CrAmy_ODN97108.1 KwSha_KAA5530619.1
HG_17158	KwDej_OBR88891.1 KwBes_OCF27703.1 KwPin_OCF53322.1 CrAmy_ODN96271.1 KwSha_KAA5525180.1
HG_20028	KwDej_OBR81635.1 KwBes_OCF28815.1 KwPin_OCF48877.1 KwSha_KAA5524380.1
HG_15157	KwDej_OBR87229.1 KwBes_OCF29660.1 KwPin_OCF46371.1 CuOle_KLT39514.1 CrAmy_ODO12124.1 KwSha_KAA5524566.1
HG_11870	KwDej_OBR86299.1 KwDej_OBR86300.1 KwBes_OCF21962.1 KwBes_OCF21963.1 KwPin_OCF52038.1 KwPin_OCF52039.1 KwPin_OCF52040.1 CrAmy_ODN99275.1 KwSha_KAA5524834.1
HG_20164	KwDej_OBR87936.1 KwBes_OCF26421.1 KwPin_OCF47565.1 KwSha_KAA5528948.1
HG_9835	KwDej_OBR83168.1 KwDej_OBR83178.1 KwDej_OBR83180.1 KwDej_OBR86200.1 KwBes_OCF21825.1 KwBes_OCF21826.1 KwBes_OCF22939.1 KwPin_OCF49213.1 KwPin_OCF49223.1 KwPin_OCF49226.1 KwPin_OCF52134.1 CrAmy_ODO11383.1 KwSha_KAA5528728.1
HG_24389	CuOle_KLT41482.1 CrAmy_ODO04701.1 KwSha_KAA5530093.1
HG_16975	KwDej_OBR82974.1 KwBes_OCF23012.1 KwPin_OCF49165.1 CrAmy_ODN99052.1 KwSha_KAA5528775.1
HG_24043	KwDej_OBR86055.1 KwBes_OCF21692.1 KwPin_OCF52257.1
HG_14974	KwDej_OBR82621.1 KwBes_OCF22249.1 KwPin_OCF47905.1 CuOle_KLT44638.1 CrAmy_ODO09707.1 CrAmy_ODO09718.1
HG_13717	KwDej_OBR82612.1 KwBes_OCF22261.1 KwPin_OCF47940.1 CuOle_KLT41562.1 CrAmy_ODO05650.1 CrAmy_ODO06922.1 KwSha_KAA5526778.1
HG_13307	KwDej_OBR87691.1 KwBes_OCF22717.1 KwPin_OCF47426.1 KwPin_OCF47794.1 CuOle_KLT39260.1 CrAmy_ODO09365.1 KwSha_KAA5525667.1
HG_17035	KwDej_OBR84708.1 KwBes_OCF24752.1 KwPin_OCF51381.1 CrAmy_ODO10067.1 KwSha_KAA5526686.1
HG_15034	KwDej_OBR84208.1 KwBes_OCF24220.1 KwPin_OCF51831.1 CrAmy_ODO09925.1 KwSha_KAA5526279.1 KwSha_KAA5531560.1
HG_17171	KwDej_OBR89297.1 KwBes_OCF28086.1 KwPin_OCF53746.1 CrAmy_ODO12011.1 KwSha_KAA5528393.1
HG_20041	KwDej_OBR82476.1 KwBes_OCF22513.1 KwPin_OCF48170.1 KwSha_KAA5524672.1
HG_15203	KwDej_OBR88570.1 KwBes_OCF27382.1 KwPin_OCF53039.1 CuOle_KLT40669.1 CrAmy_ODN97042.1 KwSha_KAA5530749.1
HG_15170	KwDej_OBR87603.1 KwBes_OCF26070.1 KwPin_OCF47239.1 CuOle_KLT43282.1 CrAmy_ODO07978.1 KwSha_KAA5527688.1
HG_15139	KwDej_OBR86826.1 KwBes_OCF29260.1 KwPin_OCF50897.1 CuOle_KLT41108.1 CrAmy_ODO09214.1 KwSha_KAA5530053.1
HG_20210	KwBes_OCF22957.1 CuOle_KLT43500.1 CrAmy_ODN99218.1 KwSha_KAA5528724.1
HG_20146	KwDej_OBR87073.1 KwBes_OCF29497.1 KwPin_OCF50666.1 KwSha_KAA5525805.1
HG_16957	KwDej_OBR82541.1 KwBes_OCF22557.1 KwPin_OCF48212.1 CrAmy_ODO06859.1 KwSha_KAA5526858.1
HG_17153	KwDej_OBR88796.1 KwBes_OCF27589.1 KwPin_OCF53229.1 CrAmy_ODN97200.1 KwSha_KAA5530695.1
HG_20023	KwDej_OBR81377.1 KwBes_OCF28564.1 KwPin_OCF48647.1 KwSha_KAA5526950.1
HG_17089	KwDej_OBR87122.1 KwBes_OCF29551.1 KwPin_OCF46461.1 CrAmy_ODO12087.1 KwSha_KAA5526428.1
HG_15088	KwDej_OBR85469.1 KwBes_OCF24980.1 KwPin_OCF49503.1 CuOle_KLT44214.1 CuOle_KLT46224.1 KwSha_KAA5526272.1
HG_24097	KwDej_OBR88326.1 KwBes_OCF27141.1 KwPin_OCF52802.1
HG_20128	KwDej_OBR86212.1 KwBes_OCF21863.1 KwPin_OCF52124.1 KwSha_KAA5525892.1
HG_20095	KwDej_OBR84780.1 KwDej_OBR84781.1 KwBes_OCF24827.1 CrAmy_ODO01408.1
HG_14956	KwDej_OBR82042.1 KwBes_OCF30114.1 KwPin_OCF46848.1 CuOle_KLT44863.1 CrAmy_ODO10493.1 KwSha_KAA5529524.1
HG_24025	KwDej_OBR85186.1 KwBes_OCF25548.1 CrAmy_ODN98025.1
HG_15016	KwDej_OBR83587.1 KwBes_OCF23538.1 KwPin_OCF50208.1 CuOle_KLT41523.1 CrAmy_ODO06646.1 KwSha_KAA5527112.1
HG_17017	KwDej_OBR84304.1 KwBes_OCF24345.1 KwPin_OCF51738.1 CrAmy_ODO00188.1 KwSha_KAA5531460.1
HG_15152	KwDej_OBR87146.1 KwBes_OCF29589.1 KwPin_OCF46439.1 CuOle_KLT45642.1 CrAmy_ODO12076.1 KwSha_KAA5526445.1
HG_23947	KwDej_OBR81075.1 KwBes_OCF26822.1 KwPin_OCF48360.1
HG_16939	KwDej_OBR81802.1 KwBes_OCF30055.1 KwPin_OCF46920.1 CrAmy_ODO10602.1 KwSha_KAA5529554.1
HG_16970	KwDej_OBR82912.1 KwBes_OCF23192.1 KwPin_OCF48985.1 CrAmy_ODO10207.1 KwSha_KAA5527582.1
HG_24007	KwDej_OBR84517.1 KwBes_OCF24555.1 KwPin_OCF51561.1
HG_14938	KwDej_OBR81532.1 KwBes_OCF28709.1 KwPin_OCF48796.1 CuOle_KLT45332.1 CrAmy_ODO04759.1 KwSha_KAA5528483.1
HG_8703	KwDej_OBR83606.1 KwDej_OBR83607.1 KwDej_OBR83620.1 KwDej_OBR84397.1 KwDej_OBR84398.1 KwDej_OBR84406.1 KwDej_OBR84422.1 KwDej_OBR84424.1 KwDej_OBR84425.1 KwBes_OCF23588.1 KwBes_OCF23589.1 KwBes_OCF23594.1 KwBes_OCF23595.1 KwBes_OCF24450.1 KwPin_OCF50919.1 KwPin_OCF51623.1 KwPin_OCF51624.1
HG_24079	KwDej_OBR87744.1 KwBes_OCF26214.1 KwPin_OCF47370.1
HG_17030	KwDej_OBR84615.1 KwBes_OCF24652.1 KwPin_OCF51463.1 CrAmy_ODO05595.1 KwSha_KAA5531211.1
HG_13712	KwDej_OBR82371.1 KwDej_OBR82372.1 KwBes_OCF22376.1 KwBes_OCF22380.1 KwBes_OCF22381.1 KwBes_OCF22382.1 KwSha_KAA5525466.1
HG_17135	KwDej_OBR88341.1 KwBes_OCF27156.1 KwPin_OCF52824.1 CrAmy_ODO00342.1 KwSha_KAA5529139.1
HG_15134	KwDej_OBR86704.1 KwBes_OCF29141.1 KwPin_OCF51013.1 CuOle_KLT45975.1 CrAmy_ODO09251.1 KwSha_KAA5530165.1
HG_20141	KwDej_OBR86852.1 KwBes_OCF29286.1 KwPin_OCF50876.1 KwSha_KAA5530027.1
HG_20077	KwDej_OBR84213.1 KwBes_OCF24219.1 KwBes_OCF24239.1 KwPin_OCF51818.1
HG_15239	KwDej_OBR89324.1 KwBes_OCF28120.1 KwPin_OCF53742.1 CuOle_KLT38322.1 CrAmy_ODO11704.1 KwSha_KAA5528425.1
HG_9484	KwDej_OBR81373.1 KwDej_OBR81393.1 KwDej_OBR81394.1 KwBes_OCF28547.1 KwBes_OCF28560.1 KwBes_OCF28561.1 KwBes_OCF28571.1 KwBes_OCF28573.1 KwBes_OCF28577.1 KwPin_OCF48636.1 KwPin_OCF48650.1 KwPin_OCF48651.1 KwSha_KAA5528534.1 KwSha_KAA5528536.1
HG_8939	KwDej_OBR81756.1 KwDej_OBR81757.1 KwDej_OBR81881.1 KwBes_OCF29762.1 KwBes_OCF29763.1 KwBes_OCF29764.1 KwBes_OCF29768.1 KwBes_OCF29769.1 KwBes_OCF29770.1 KwBes_OCF29771.1 KwBes_OCF29772.1 KwPin_OCF46555.1 KwPin_OCF46556.1 KwPin_OCF46557.1 CrAmy_ODO03210.1 CrAmy_ODO09157.1
HG_23960	KwDej_OBR81953.1 KwBes_OCF29935.1 KwPin_OCF46650.1
HG_16952	KwDej_OBR82287.1 KwBes_OCF22596.1 KwPin_OCF48253.1 CrAmy_ODO11359.1 KwSha_KAA5525057.1
HG_24125	KwDej_OBR89384.1 KwPin_OCF53786.1 KwSha_KAA5527935.1
HG_17189	KwBes_OCF29741.1 KwPin_OCF46578.1 CuOle_KLT41385.1 CrAmy_ODO10674.1 KwSha_KAA5526611.1
HG_15188	KwDej_OBR88040.1 KwBes_OCF26512.1 KwPin_OCF47662.1 CuOle_KLT43134.1 CrAmy_ODO03049.1 KwSha_KAA5528872.1
HG_24020	KwDej_OBR84936.1 KwBes_OCF25271.1 KwPin_OCF49772.1
HG_14951	KwDej_OBR81951.1 KwBes_OCF29938.1 KwPin_OCF46653.1 CuOle_KLT44334.1 CrAmy_ODO10661.1 KwSha_KAA5529677.1
HG_17084	KwDej_OBR86938.1 KwBes_OCF29373.1 KwPin_OCF50801.1 CrAmy_ODO04482.1 KwSha_KAA5525560.1
HG_17117	KwDej_OBR88045.1 KwBes_OCF26523.1 KwPin_OCF47670.1 CrAmy_ODO03025.1 KwSha_KAA5528867.1
HG_17012	KwDej_OBR84099.1 KwBes_OCF24116.1 KwPin_OCF51922.1 CrAmy_ODO00008.1 KwSha_KAA5525594.1
HG_15011	KwDej_OBR83512.1 KwBes_OCF23485.1 KwPin_OCF50142.1 CuOle_KLT39275.1 CrAmy_ODO06631.1 KwSha_KAA5527210.1
HG_15083	KwDej_OBR85393.1 KwBes_OCF25076.1 KwPin_OCF49601.1 KwPin_OCF49602.1 CuOle_KLT39935.1 CrAmy_ODO09735.1
HG_15116	KwDej_OBR86133.1 KwBes_OCF21769.1 KwPin_OCF52213.1 CuOle_KLT43326.1 CrAmy_ODO11559.1 KwSha_KAA5525438.1
HG_20123	KwDej_OBR86072.1 KwBes_OCF21677.1 KwPin_OCF52250.1 CrAmy_ODO11502.1
HG_20090	KwDej_OBR84583.1 KwBes_OCF24618.1 KwPin_OCF51490.1 KwSha_KAA5531325.1
HG_7024	KwDej_OBR82966.1 KwDej_OBR82967.1 KwDej_OBR82968.1 KwDej_OBR82969.1 KwDej_OBR82970.1 KwDej_OBR82976.1 KwDej_OBR82977.1 KwDej_OBR82978.1 KwDej_OBR82979.1 KwDej_OBR82981.1 KwDej_OBR82982.1 KwBes_OCF23001.1 KwBes_OCF23002.1 KwBes_OCF23009.1 KwBes_OCF23017.1 KwBes_OCF23018.1 KwBes_OCF23020.1 KwBes_OCF23021.1 KwBes_OCF23022.1 KwPin_OCF49160.1 KwPin_OCF49161.1 KwPin_OCF49162.1 KwPin_OCF49163.1 KwPin_OCF49169.1 KwPin_OCF49170.1 KwPin_OCF49171.1
HG_24107	KwDej_OBR88594.1 KwBes_OCF27409.1 CrAmy_ODN96975.1
HG_16934	KwDej_OBR81401.1 KwBes_OCF28593.1 KwPin_OCF48681.1 CrAmy_ODO09541.1 KwSha_KAA5528623.1
HG_17066	KwDej_OBR86157.1 KwBes_OCF21799.1 KwPin_OCF52166.1 CrAmy_ODO11438.1 KwSha_KAA5525453.1
HG_24074	KwDej_OBR87553.1 KwBes_OCF26023.1 KwPin_OCF47193.1
HG_15065	KwDej_OBR85008.1 KwBes_OCF25356.1 KwPin_OCF49848.1 CuOle_KLT44005.1 CrAmy_ODO09799.1 KwSha_KAA5530442.1
HG_20105	KwDej_OBR85171.1 KwBes_OCF25568.1 KwPin_OCF49996.1 KwSha_KAA5529499.1
HG_13748	KwDej_OBR87995.1 KwDej_OBR87996.1 KwBes_OCF26474.1 KwPin_OCF47626.1 CuOle_KLT41577.1 CrAmy_ODO03061.1 KwSha_KAA5528911.1
HG_15234	KwDej_OBR89229.1 KwBes_OCF28027.1 KwPin_OCF53643.1 CuOle_KLT45260.1 CrAmy_ODO12047.1 KwSha_KAA5528310.1
HG_20177	KwDej_OBR88469.1 KwBes_OCF27280.1 KwPin_OCF52953.1 KwPin_OCF52954.1
HG_24002	KwDej_OBR84215.1 KwBes_OCF24223.1 KwPin_OCF51796.1
HG_14933	KwDej_OBR81400.1 KwBes_OCF28592.1 KwPin_OCF48676.1 CuOle_KLT46434.1 CrAmy_ODO09540.1 KwSha_KAA5528624.1
HG_17130	KwDej_OBR88311.1 KwBes_OCF27126.1 KwPin_OCF52816.1 CrAmy_ODO00357.1 KwSha_KAA5529123.1
HG_11232	KwDej_OBR87321.1 KwBes_OCF25764.1 KwBes_OCF25769.1 KwBes_OCF25777.1 KwPin_OCF46974.1 KwPin_OCF53155.1 CrAmy_ODO07753.1 CrAmy_ODO11285.1 KwSha_KAA5527876.1 KwSha_KAA5527882.1
HG_23996	KwDej_OBR84066.1 KwBes_OCF24084.1 KwPin_OCF51939.1
HG_16988	KwDej_OBR83366.1 KwDej_OBR83367.1 KwBes_OCF22736.1 KwBes_OCF22741.1 KwPin_OCF49413.1
HG_14987	KwDej_OBR83065.1 KwBes_OCF23108.1 KwPin_OCF49082.1 CuOle_KLT45878.1 CrAmy_ODN99020.1 KwSha_KAA5527503.1
HG_24120	KwDej_OBR88961.1 KwBes_OCF27780.1 KwPin_OCF53454.1
HG_17048	KwDej_OBR85201.1 KwBes_OCF25530.1 KwPin_OCF50022.1 CrAmy_ODO04834.1 KwSha_KAA5529490.1
HG_24056	KwDej_OBR86951.1 KwBes_OCF29396.1 KwPin_OCF50786.1
HG_20159	KwDej_OBR87600.1 KwBes_OCF26067.1 KwPin_OCF47236.1 KwSha_KAA5527675.1
HG_12745	KwDej_OBR87898.1 KwBes_OCF26377.1 KwBes_OCF26378.1 KwPin_OCF47524.1 CrAmy_ODO03117.1 KwSha_KAA5528974.1 KwSha_KAA5528975.1 KwSha_KAA5528976.1
HG_17112	KwDej_OBR87805.1 KwDej_OBR87806.1 KwBes_OCF26155.1 KwBes_OCF26156.1 KwPin_OCF47306.1
HG_15111	KwDej_OBR86087.1 KwBes_OCF21724.1 KwPin_OCF52229.1 CuOle_KLT39850.1 CrAmy_ODO11539.1 KwSha_KAA5529952.1
HG_15047	KwDej_OBR84485.1 KwDej_OBR84529.1 KwDej_OBR84531.1 KwBes_OCF24516.1 KwBes_OCF24526.1 KwSha_KAA5530549.1
HG_17184	KwDej_OBR89602.1 KwBes_OCF28495.1 KwPin_OCF46161.1 CuOle_KLT43721.1 CrAmy_ODO07777.1
HG_20054	KwDej_OBR83263.1 KwBes_OCF22854.1 KwPin_OCF49313.1 KwSha_KAA5528648.1
HG_15183	KwDej_OBR87962.1 KwBes_OCF26461.1 KwPin_OCF47594.1 CuOle_KLT39980.1 CrAmy_ODO03088.1 KwSha_KAA5528919.1
HG_15216	KwDej_OBR88811.1 KwBes_OCF27616.1 KwPin_OCF53252.1 CuOle_KLT39088.1 CrAmy_ODN97141.1 KwSha_KAA5530674.1
HG_20190	KwDej_OBR88846.1 KwBes_OCF27652.1 KwBes_OCF27653.1 KwPin_OCF53274.1
HG_23978	KwDej_OBR82918.1 KwBes_OCF23204.1 KwPin_OCF48991.1
HG_14969	KwDej_OBR82329.1 KwBes_OCF22344.1 KwPin_OCF47989.1 CuOle_KLT45686.1 CrAmy_ODO06885.1 KwSha_KAA5526825.1
HG_17166	KwDej_OBR89177.1 KwBes_OCF28264.1 KwPin_OCF53591.1 CrAmy_ODO11700.1 KwSha_KAA5527969.1
HG_20036	KwDej_OBR82269.1 KwBes_OCF22634.1 KwPin_OCF48271.1 KwSha_KAA5525062.1
HG_15165	KwDej_OBR87467.1 KwBes_OCF25907.1 KwPin_OCF47105.1 CuOle_KLT41737.1 CrAmy_ODO07810.1 KwSha_KAA5527761.1
HG_20205	KwDej_OBR89613.1 KwBes_OCF28481.1 KwPin_OCF46173.1 KwSha_KAA5525163.1
HG_20172	KwDej_OBR88243.1 KwBes_OCF27051.1 KwPin_OCF52746.1 KwSha_KAA5529061.1
HG_12727	KwDej_OBR83335.1 KwDej_OBR83338.1 KwBes_OCF22772.1 KwBes_OCF22776.1 KwPin_OCF49384.1 KwPin_OCF49387.1 CrAmy_ODN95677.1 KwSha_KAA5527398.1
HG_17061	KwDej_OBR85865.1 KwBes_OCF21298.1 KwPin_OCF52419.1 CrAmy_ODO10761.1 KwSha_KAA5529797.1
HG_24102	KwDej_OBR88452.1 KwBes_OCF27269.1 KwPin_OCF52920.1
HG_15029	KwDej_OBR84101.1 KwBes_OCF24118.1 KwPin_OCF51920.1 CuOle_KLT42735.1 CrAmy_ODO00127.1 KwSha_KAA5525695.1
HG_15060	KwDej_OBR84886.1 KwBes_OCF25598.1 KwPin_OCF46299.1 CuOle_KLT38977.1 CrAmy_ODN97921.1 KwSha_KAA5526548.1
HG_20100	KwDej_OBR85060.1 KwBes_OCF25343.1 KwPin_OCF49886.1 CrAmy_ODO09859.1
HG_23991	KwDej_OBR83817.1 KwBes_OCF23806.1 KwPin_OCF50413.1
HG_8274	KwDej_OBR87544.1 KwDej_OBR88986.1 KwDej_OBR88988.1 KwBes_OCF26033.1 KwBes_OCF27800.1 KwBes_OCF27801.1 KwBes_OCF27803.1 KwBes_OCF27805.1 KwPin_OCF47171.1 KwPin_OCF47195.1 KwPin_OCF53436.1 KwPin_OCF53440.1 CuOle_KLT39290.1 CuOle_KLT39328.1 CuOle_KLT39329.1 CuOle_KLT39336.1 KwSha_KAA5527649.1 KwSha_KAA5530640.1 KwSha_KAA5530644.1
HG_16983	KwDej_OBR83214.1 KwBes_OCF27314.1 KwPin_OCF49265.1 CrAmy_ODN99188.1 KwSha_KAA5528700.1
HG_14982	KwDej_OBR82911.1 KwBes_OCF23193.1 KwPin_OCF48984.1 CuOle_KLT42295.1 CrAmy_ODO10206.1 KwSha_KAA5527581.1
HG_17043	KwDej_OBR85119.1 KwBes_OCF25467.1 KwPin_OCF49953.1 CuOle_KLT44013.1 KwSha_KAA5530525.1
HG_24051	KwDej_OBR86563.1 KwBes_OCF28890.1 KwPin_OCF51219.1
HG_15042	KwDej_OBR84386.1 KwBes_OCF24428.1 KwPin_OCF51658.1 CuOle_KLT40451.1 CrAmy_ODO05636.1 KwSha_KAA5531377.1
HG_13725	KwDej_OBR83758.1 KwBes_OCF23742.1 KwPin_OCF50363.1 CuOle_KLT46203.1 CrAmy_ODO01398.1 CrAmy_ODO11147.1 KwSha_KAA5531093.1
HG_15211	KwDej_OBR88757.1 KwBes_OCF27565.1 KwPin_OCF53206.1 CuOle_KLT39055.1 CrAmy_ODN97191.1 KwSha_KAA5530723.1
HG_17148	KwDej_OBR88699.1 KwBes_OCF27473.1 KwPin_OCF53112.1 CrAmy_ODN96347.1 KwSha_KAA5530822.1
HG_20018	KwDej_OBR81253.1 KwBes_OCF26902.1 KwPin_OCF48551.1 KwSha_KAA5529419.1
HG_15147	KwDej_OBR86990.1 KwBes_OCF29424.1 KwPin_OCF50748.1 CuOle_KLT41254.1 CrAmy_ODO04972.1 KwSha_KAA5524767.1
HG_11860	KwDej_OBR81772.1 KwDej_OBR84576.1 KwBes_OCF24608.1 KwBes_OCF30029.1 KwPin_OCF46127.1 KwPin_OCF51499.1 CuOle_KLT38760.1 CrAmy_ODO10116.1 KwSha_KAA5531302.1
HG_20154	KwDej_OBR87427.1 KwBes_OCF25884.1 KwPin_OCF47076.1 KwSha_KAA5527794.1
HG_12740	KwDej_OBR86211.1 KwDej_OBR86214.1 KwDej_OBR86216.1 KwBes_OCF21860.1 KwBes_OCF21861.1 KwBes_OCF21866.1 KwSha_KAA5525891.1 KwSha_KAA5525895.1
HG_23973	KwDej_OBR82613.1 KwBes_OCF22260.1 KwPin_OCF47939.1
HG_16965	KwDej_OBR82737.1 KwBes_OCF22120.1 KwPin_OCF47825.1 CrAmy_ODO07109.1 KwSha_KAA5524849.1
HG_14964	KwDej_OBR82264.1 KwBes_OCF22629.1 KwPin_OCF48276.1 CuOle_KLT45860.1 CrAmy_ODO11304.1 KwSha_KAA5524401.1
HG_24033	KwDej_OBR85669.1 KwBes_OCF21518.1 KwPin_OCF52645.1
HG_17097	KwDej_OBR87387.1 KwPin_OCF47009.1 CuOle_KLT42834.1 CrAmy_ODO07817.1 KwSha_KAA5527831.1
HG_15129	KwDej_OBR86654.1 KwBes_OCF29088.1 KwPin_OCF51061.1 CuOle_KLT46044.1 CrAmy_ODO09287.1 KwSha_KAA5530207.1
HG_20136	KwDej_OBR86473.1 KwBes_OCF29005.1 KwPin_OCF51136.1 KwSha_KAA5524446.1
HG_12722	KwDej_OBR82574.1 KwDej_OBR89418.1 KwDej_OBR89419.1 KwBes_OCF28200.1 KwBes_OCF28201.1 KwBes_OCF28202.1 KwBes_OCF28203.1 KwPin_OCF47968.1
HG_7503	KwDej_OBR85050.1 KwDej_OBR85051.1 KwDej_OBR85052.1 KwDej_OBR88982.1 KwDej_OBR88985.1 KwDej_OBR88987.1 KwBes_OCF25334.1 KwBes_OCF25335.1 KwBes_OCF27798.1 KwBes_OCF27799.1 KwBes_OCF27802.1 KwBes_OCF27804.1 KwPin_OCF49880.1 KwPin_OCF49893.1 KwPin_OCF49894.1 KwPin_OCF53432.1 KwPin_OCF53433.1 KwPin_OCF53437.1 KwPin_OCF53438.1 KwPin_OCF53439.1 KwSha_KAA5530641.1 KwSha_KAA5530642.1 KwSha_KAA5530643.1
HG_15024	KwDej_OBR83943.1 KwBes_OCF23943.1 KwPin_OCF50530.1 CuOle_KLT42184.1 CrAmy_ODO11532.1 KwSha_KAA5530931.1
HG_17161	KwDej_OBR88963.1 KwBes_OCF27781.1 KwPin_OCF53452.1 CrAmy_ODN97124.1 KwSha_KAA5530623.1
HG_20031	KwDej_OBR81879.1 KwBes_OCF30117.1 KwPin_OCF46845.1 KwSha_KAA5529521.1
HG_15160	KwDej_OBR87363.1 KwBes_OCF25821.1 KwPin_OCF47031.1 CuOle_KLT42860.1 CrAmy_ODO07835.1 KwSha_KAA5527851.1
HG_15096	KwDej_OBR85726.1 KwBes_OCF21437.1 KwPin_OCF52575.1 CuOle_KLT41077.1 CrAmy_ODN98161.1 KwSha_KAA5528167.1
HG_20200	KwDej_OBR89480.1 KwBes_OCF28335.1 KwPin_OCF53881.1 CrAmy_ODO11627.1
HG_23955	KwDej_OBR81492.1 KwBes_OCF28690.1 KwPin_OCF48757.1
HG_24087	KwDej_OBR88081.1 KwBes_OCF26596.1 KwSha_KAA5525743.1
HG_16947	KwDej_OBR82053.1 KwBes_OCF30179.1 KwPin_OCF46837.1 CrAmy_ODO10408.1 KwSha_KAA5527272.1
HG_14946	KwDej_OBR81822.1 KwBes_OCF30073.1 KwPin_OCF46900.1 CuOle_KLT44308.1 CrAmy_ODO10587.1 KwSha_KAA5529543.1
HG_15142	KwDej_OBR86900.1 KwDej_OBR86901.1 KwBes_OCF29336.1 KwPin_OCF50835.1 CrAmy_ODO04569.1 KwSha_KAA5529979.1
HG_17079	KwDej_OBR86766.1 KwBes_OCF29218.1 KwPin_OCF49374.1 CrAmy_ODO04679.1 KwSha_KAA5530067.1
HG_15078	KwDej_OBR85271.1 KwBes_OCF25204.1 KwPin_OCF49691.1 CuOle_KLT43028.1 CrAmy_ODO09740.1 KwSha_KAA5530318.1
HG_20118	KwDej_OBR85895.1 KwBes_OCF21271.1 KwPin_OCF52411.1 CrAmy_ODO11589.1
HG_15247	KwDej_OBR89442.1 KwBes_OCF28160.1 KwPin_OCF53842.1 CuOle_KLT42887.1 CrAmy_ODO11694.1 KwSha_KAA5524531.1
HG_17007	KwDej_OBR83872.1 KwBes_OCF23876.1 KwPin_OCF50479.1 CrAmy_ODO11039.1 KwSha_KAA5531003.1
HG_15006	KwDej_OBR83365.1 KwBes_OCF22740.1 KwPin_OCF49414.1 CuOle_KLT39392.1 CrAmy_ODO03023.1 KwSha_KAA5527385.1
HG_13720	KwDej_OBR83159.1 KwBes_OCF23210.1 KwPin_OCF48995.1 KwPin_OCF48996.1 CuOle_KLT42306.1 CrAmy_ODO05670.1 KwSha_KAA5527591.1
HG_17143	KwDej_OBR88583.1 KwBes_OCF27389.1 KwPin_OCF53052.1 CrAmy_ODN96221.1 KwSha_KAA5530764.1
HG_20013	KwDej_OBR81113.1 KwBes_OCF26790.1 KwPin_OCF48391.1 KwSha_KAA5529302.1
HG_9844	KwDej_OBR87354.1 KwDej_OBR87355.1 KwDej_OBR87356.1 KwDej_OBR87358.1 KwBes_OCF24719.1 KwBes_OCF25798.1 KwBes_OCF25807.1 KwBes_OCF25808.1 KwBes_OCF25809.1 KwBes_OCF25813.1 KwBes_OCF25814.1 KwPin_OCF47002.1 KwPin_OCF47003.1
HG_16929	KwDej_OBR81337.1 KwBes_OCF28519.1 KwPin_OCF48616.1 CrAmy_ODO10987.1 KwSha_KAA5528513.1
HG_14928	KwDej_OBR81324.1 KwDej_OBR81326.1 KwBes_OCF26952.1 KwBes_OCF26954.1 KwBes_OCF26956.1 KwPin_OCF48603.1
HG_24069	KwDej_OBR87433.1 KwBes_OCF25889.1 KwPin_OCF47071.1
HG_16960	KwDej_OBR82563.1 KwBes_OCF22312.1 KwPin_OCF48011.1 CrAmy_ODO06814.1 KwSha_KAA5526808.1
HG_14518	KwDej_OBR88422.1 KwBes_OCF27224.1 KwPin_OCF52911.1 CuOle_KLT41612.1 CrAmy_ODO00274.1 KwSha_KAA5529222.1
HG_17020	KwDej_OBR84393.1 KwBes_OCF24436.1 KwPin_OCF51650.1 CrAmy_ODO10021.1 KwSha_KAA5531387.1
HG_13702	KwDej_OBR81496.1 KwBes_OCF25012.1 KwBes_OCF28682.1 KwPin_OCF48761.1 KwPin_OCF49529.1 CrAmy_ODO08218.1 KwSha_KAA5526282.1
HG_17125	KwDej_OBR88173.1 KwBes_OCF26681.1 KwPin_OCF47777.1 CrAmy_ODO01745.1 KwSha_KAA5524214.1
HG_17092	KwDej_OBR87202.1 KwBes_OCF29634.1 KwPin_OCF46398.1 CrAmy_ODO12112.1 KwSha_KAA5526479.1
HG_15124	KwDej_OBR86498.1 KwBes_OCF28854.1 KwPin_OCF51161.1 CuOle_KLT41027.1 CrAmy_ODO04848.1 KwSha_KAA5526162.1
HG_15091	KwDej_OBR85519.1 KwBes_OCF24920.1 KwPin_OCF49471.1 CuOle_KLT44247.1 CrAmy_ODO08151.1 KwSha_KAA5526238.1
HG_20067	KwDej_OBR83888.1 KwBes_OCF23883.1 KwPin_OCF50463.1 CrAmy_ODO11044.1
HG_15229	KwDej_OBR89135.1 KwBes_OCF27966.1 KwPin_OCF53548.1 KwPin_OCF53549.1 CrAmy_ODO11933.1 KwSha_KAA5528272.1
HG_15196	KwDej_OBR88263.1 KwDej_OBR88264.1 KwBes_OCF27077.1 KwBes_OCF27078.1 KwPin_OCF52767.1 KwSha_KAA5527881.1
HG_9483	KwDej_OBR81329.1 KwBes_OCF26984.1 KwBes_OCF26985.1 KwBes_OCF26992.1 KwPin_OCF48606.1 CrAmy_ODN96227.1 CrAmy_ODN96245.1 CrAmy_ODN96246.1 CrAmy_ODO01448.1 CrAmy_ODO06677.1 KwSha_KAA5529470.1 KwSha_KAA5529471.1 KwSha_KAA5529472.1 KwSha_KAA5529473.1
HG_23950	KwDej_OBR81287.1 KwBes_OCF26937.1 KwPin_OCF48569.1
HG_16942	KwDej_OBR81882.1 KwBes_OCF29767.1 KwPin_OCF46561.1 CrAmy_ODO10699.1 KwSha_KAA5524323.1
HG_14941	KwDej_OBR81755.1 KwBes_OCF29773.1 KwBes_OCF29776.1 CuOle_KLT39118.1 CuOle_KLT45911.1 KwSha_KAA5526624.1
HG_4292	KwDej_OBR81266.1 KwDej_OBR82298.1 KwDej_OBR83095.1 KwDej_OBR83115.1 KwDej_OBR84435.1 KwDej_OBR84436.1 KwDej_OBR84437.1 KwDej_OBR84438.1 KwDej_OBR84439.1 KwDej_OBR84898.1 KwDej_OBR85249.1 KwDej_OBR85509.1 KwDej_OBR85510.1 KwDej_OBR86549.1 KwDej_OBR86561.1 KwDej_OBR86562.1 KwDej_OBR88206.1 KwBes_OCF22607.1 KwBes_OCF23129.1 KwBes_OCF23130.1 KwBes_OCF23155.1 KwBes_OCF23156.1 KwBes_OCF24481.1 KwBes_OCF24482.1 KwBes_OCF24483.1 KwBes_OCF24484.1 KwBes_OCF24485.1 KwBes_OCF24486.1 KwBes_OCF24487.1 KwBes_OCF24493.1 KwBes_OCF25207.1 KwBes_OCF25518.1 KwBes_OCF26908.1 KwBes_OCF27011.1 KwBes_OCF28891.1 KwBes_OCF28892.1 KwBes_OCF28893.1 KwPin_OCF46308.1 KwPin_OCF48246.1 KwPin_OCF48540.1 KwPin_OCF51612.1 KwPin_OCF51613.1 KwPin_OCF51622.1 KwPin_OCF52709.1 CuOle_KLT38986.1 CuOle_KLT40104.1 CuOle_KLT40989.1 CuOle_KLT43966.1 CuOle_KLT43967.1 CrAmy_ODN99251.1 CrAmy_ODO00441.1 CrAmy_ODO01575.1 CrAmy_ODO05707.1 CrAmy_ODO05708.1 CrAmy_ODO05709.1 CrAmy_ODO11313.1 KwSha_KAA5525069.1 KwSha_KAA5526574.1 KwSha_KAA5529059.1 KwSha_KAA5530304.1
HG_16299	KwDej_OBR83527.1 KwBes_OCF23493.1 KwPin_OCF50150.1 CuOle_KLT39279.1 KwSha_KAA5527213.1
HG_24115	KwDej_OBR88840.1 KwBes_OCF27647.1 KwPin_OCF53279.1
HG_24082	KwDej_OBR87889.1 KwBes_OCF26358.1 KwPin_OCF47514.1
HG_15178	KwDej_OBR87809.1 KwBes_OCF26146.1 KwPin_OCF47294.1 CuOle_KLT42370.1 CrAmy_ODO09669.1 KwSha_KAA5527747.1
HG_20185	KwDej_OBR88639.1 KwBes_OCF27441.1 KwPin_OCF53101.1 CuOle_KLT39568.1
HG_17002	KwDej_OBR83724.1 KwBes_OCF23704.1 KwPin_OCF50330.1 CrAmy_ODO10998.1 KwSha_KAA5531136.1
HG_24010	KwDej_OBR84581.1 KwBes_OCF24620.1 KwPin_OCF51488.1
HG_17107	KwDej_OBR87687.1 KwBes_OCF26272.1 KwPin_OCF47430.1 CrAmy_ODO03185.1 KwSha_KAA5524494.1
HG_17074	KwDej_OBR86467.1 KwBes_OCF29011.1 KwPin_OCF51131.1 CrAmy_ODO04866.1 KwSha_KAA5524440.1
HG_15106	KwDej_OBR85962.1 KwBes_OCF21189.1 KwPin_OCF52351.1 CuOle_KLT45669.1 CrAmy_ODO10730.1 KwSha_KAA5529854.1
HG_20113	KwDej_OBR85585.1 KwBes_OCF21585.1 KwPin_OCF52699.1 KwSha_KAA5524471.1
HG_13756	KwDej_OBR89514.1 KwBes_OCF28372.1 KwPin_OCF53913.1 CuOle_KLT41665.1 CrAmy_ODO05944.1 CrAmy_ODO05945.1 KwSha_KAA5528064.1
HG_20049	KwDej_OBR82867.1 KwBes_OCF23256.1 KwPin_OCF48945.1 CrAmy_ODO10288.1
HG_15001	KwDej_OBR83284.1 KwBes_OCF22840.1 KwPin_OCF49333.1 CuOle_KLT38706.1 CrAmy_ODO05521.1 KwSha_KAA5527444.1
HG_10224	KwDej_OBR86093.1 KwBes_OCF21734.1 KwPin_OCF52223.1 CuOle_KLT38568.1 CuOle_KLT38569.1 CuOle_KLT39146.1 CuOle_KLT44087.1 CrAmy_ODN99263.1 CrAmy_ODO11545.1 CrAmy_ODO11551.1 CrAmy_ODO11552.1 KwSha_KAA5529958.1
HG_15073	KwDej_OBR85216.1 KwBes_OCF25244.1 KwPin_OCF49743.1 CuOle_KLT42984.1 CrAmy_ODO08081.1 KwSha_KAA5530326.1
HG_20080	KwDej_OBR84274.1 KwBes_OCF24307.1 KwPin_OCF51769.1 KwSha_KAA5531501.1
HG_15242	KwDej_OBR89373.1 KwBes_OCF28242.1 KwPin_OCF53776.1 CuOle_KLT40499.1 CrAmy_ODO11662.1 KwSha_KAA5527933.1
HG_16996	KwDej_OBR83465.1 KwBes_OCF23437.1 KwPin_OCF53551.1 CrAmy_ODO06557.1 KwSha_KAA5525525.1
HG_24064	KwDej_OBR87322.1 KwBes_OCF25763.1 KwPin_OCF46975.1
HG_14995	KwDej_OBR83199.1 KwBes_OCF22924.1 KwPin_OCF49249.1 CuOle_KLT42532.1 CrAmy_ODN99203.1 KwSha_KAA5528705.1
HG_16924	KwDej_OBR81174.1 KwBes_OCF26719.1 KwPin_OCF48456.1 CrAmy_ODO01628.1 KwSha_KAA5529336.1
HG_17056	KwDej_OBR85624.1 KwBes_OCF21548.1 KwPin_OCF52672.1 CrAmy_ODN98155.1 KwSha_KAA5529740.1
HG_15055	KwDej_OBR84727.1 KwBes_OCF24780.1 KwPin_OCF51357.1 CuOle_KLT39900.1 CrAmy_ODO01363.1 KwSha_KAA5526708.1
HG_20062	KwDej_OBR83766.1 KwBes_OCF23752.1 KwPin_OCF50371.1 KwSha_KAA5531083.1
HG_15224	KwDej_OBR89008.1 KwBes_OCF27837.1 KwPin_OCF53406.1 CrAmy_ODN97133.1 KwSha_KAA5530651.1 KwSha_KAA5530652.1
HG_15191	KwDej_OBR88167.1 KwBes_OCF26673.1 KwPin_OCF47767.1 CuOle_KLT38675.1 CrAmy_ODO01732.1 KwSha_KAA5524217.1
HG_11873	KwDej_OBR87351.1 KwBes_OCF25800.1 KwBes_OCF25801.1 KwBes_OCF25802.1 KwBes_OCF25803.1 KwBes_OCF25804.1 KwBes_OCF25805.1 KwBes_OCF25812.1 KwPin_OCF47001.1
HG_20167	KwDej_OBR88005.1 KwBes_OCF26491.1 KwBes_OCF26492.1 KwPin_OCF47635.1
HG_17120	KwDej_OBR88077.1 KwBes_OCF26579.1 KwPin_OCF47699.1 CrAmy_ODO01614.1 KwSha_KAA5529366.1
HG_16345	KwDej_OBR82208.1 KwBes_OCF22669.1 KwPin_OCF48335.1 CuOle_KLT39944.1 KwSha_KAA5530840.1
HG_8948	KwDej_OBR85329.1 KwDej_OBR85359.1 KwDej_OBR85372.1 KwBes_OCF25115.1 KwBes_OCF25117.1 KwBes_OCF25121.1 KwBes_OCF25126.1 KwBes_OCF25131.1 KwBes_OCF25135.1 KwBes_OCF25136.1 KwBes_OCF25138.1 KwPin_OCF49609.1 KwPin_OCF49617.1 KwPin_OCF49623.1 CuOle_KLT43905.1 KwSha_KAA5524631.1
HG_16978	KwDej_OBR83104.1 KwBes_OCF23145.1 KwPin_OCF49047.1 CrAmy_ODO05693.1 KwSha_KAA5527538.1
HG_23986	KwDej_OBR83575.1 KwBes_OCF23556.1 KwPin_OCF50196.1
HG_24046	KwDej_OBR86175.1 KwBes_OCF21807.1 KwPin_OCF52150.1
HG_14977	KwDej_OBR82843.1 KwBes_OCF23289.1 KwPin_OCF48921.1 CuOle_KLT44565.1 CrAmy_ODO06784.1 KwSha_KAA5526014.1
HG_24110	KwDej_OBR88712.1 KwBes_OCF27463.1 KwPin_OCF53124.1
HG_17038	KwDej_OBR84930.1 KwBes_OCF25264.1 KwPin_OCF49768.1 CrAmy_ODO07957.1 KwSha_KAA5530361.1
HG_13751	KwDej_OBR89245.1 KwBes_OCF28046.1 KwPin_OCF53660.1 CuOle_KLT42055.1 CrAmy_ODO11794.1 CrAmy_ODO11795.1 KwSha_KAA5528289.1
HG_17174	KwDej_OBR89387.1 KwBes_OCF28270.1 KwPin_OCF53789.1 CrAmy_ODO11725.1 KwSha_KAA5527947.1
HG_15206	KwDej_OBR88676.1 KwBes_OCF27500.1 KwBes_OCF27501.1 KwPin_OCF53145.1 CrAmy_ODO09109.1 KwSha_KAA5526992.1
HG_20213	KwBes_OCF24769.1 KwPin_OCF51348.1 CrAmy_ODO05633.1 KwSha_KAA5526700.1
HG_20149	KwDej_OBR87180.1 KwBes_OCF29625.1 KwPin_OCF46385.1 KwSha_KAA5526473.1
HG_17102	KwDej_OBR87613.1 KwBes_OCF26083.1 KwPin_OCF47249.1 CrAmy_ODO09704.1 KwSha_KAA5527706.1
HG_15101	KwDej_OBR85835.1 KwBes_OCF21354.1 KwPin_OCF52470.1 CuOle_KLT45117.1 CrAmy_ODO10849.1 KwSha_KAA5528251.1
HG_15037	KwDej_OBR84288.1 KwBes_OCF24326.1 KwPin_OCF51754.1 CuOle_KLT43259.1 CrAmy_ODO00225.1 KwSha_KAA5531477.1
HG_20044	KwDej_OBR82667.1 KwBes_OCF22194.1 KwPin_OCF47891.1 KwSha_KAA5526115.1
HG_15173	KwDej_OBR87684.1 KwBes_OCF26280.1 KwPin_OCF47433.1 CuOle_KLT43735.1 CrAmy_ODO03183.1 KwSha_KAA5524497.1
HG_20180	KwDej_OBR88560.1 KwBes_OCF27366.1 KwPin_OCF53030.1 KwSha_KAA5530747.1
HG_23968	KwDej_OBR82275.1 KwBes_OCF22618.1 KwPin_OCF48265.1
HG_16991	KwDej_OBR83427.1 KwBes_OCF22248.1 KwBes_OCF23411.1 KwPin_OCF50056.1 KwPin_OCF50074.1
HG_24028	KwDej_OBR85416.1 KwBes_OCF25061.1 KwPin_OCF49591.1
HG_14959	KwDej_OBR82100.1 KwBes_OCF30189.1 KwPin_OCF46813.1 CuOle_KLT44943.1 CrAmy_ODO10394.1 KwSha_KAA5527312.1
HG_24164	KwBes_OCF29937.1 KwPin_OCF46652.1 CrAmy_ODO10662.1
HG_15155	KwDej_OBR87190.1 KwBes_OCF29624.1 KwPin_OCF46384.1 CuOle_KLT45648.1 CrAmy_ODO12065.1 KwSha_KAA5525691.1
HG_20162	KwDej_OBR87784.1 KwBes_OCF26179.1 KwPin_OCF47326.1 CrAmy_ODO09682.1
HG_12379	KwDej_OBR87792.1 KwBes_OCF26165.1 KwPin_OCF47318.1 CuOle_KLT42363.1 CrAmy_ODO00315.1 CrAmy_ODO09695.1 CrAmy_ODO09696.1 KwSha_KAA5527736.1
HG_20098	KwDej_OBR85011.1 KwBes_OCF25359.1 KwPin_OCF49845.1 KwSha_KAA5530439.1
HG_12717	KwDej_OBR81643.1 KwDej_OBR83296.1 KwBes_OCF22822.1 KwPin_OCF49344.1 CuOle_KLT38390.1 CuOle_KLT39212.1 CuOle_KLT43882.1 KwSha_KAA5527469.1
HG_16340	KwDej_OBR82886.1 KwBes_OCF23225.1 KwPin_OCF48963.1 CrAmy_ODO10249.1 KwSha_KAA5527604.1
HG_17051	KwDej_OBR85325.1 KwBes_OCF25143.1 KwPin_OCF49657.1 CrAmy_ODO09774.1 KwSha_KAA5530250.1
HG_14990	KwDej_OBR83153.1 KwBes_OCF23163.1 KwPin_OCF49005.1 CuOle_KLT38769.1 CrAmy_ODO10209.1 KwSha_KAA5527571.1
HG_15019	KwDej_OBR83640.1 KwBes_OCF23618.1 KwPin_OCF50251.1 CuOle_KLT45480.1 CrAmy_ODO06762.1 KwSha_KAA5527037.1
HG_13733	KwDej_OBR84863.1 KwBes_OCF25630.1 KwPin_OCF46271.1 CuOle_KLT43790.1 CrAmy_ODN97939.1 CrAmy_ODO11123.1 KwSha_KAA5526524.1
HG_17156	KwDej_OBR88881.1 KwBes_OCF27692.1 KwPin_OCF53315.1 CrAmy_ODN96242.1 KwSha_KAA5524227.1
HG_20026	KwDej_OBR81573.1 KwBes_OCF28756.1 KwPin_OCF48840.1 KwSha_KAA5528475.1
HG_15050	KwDej_OBR84525.1 KwBes_OCF24532.1 KwPin_OCF51555.1 CuOle_KLT39542.1 CuOle_KLT44994.1 KwSha_KAA5531233.1
HG_16973	KwDej_OBR82924.1 KwBes_OCF22963.1 KwPin_OCF50109.1 CrAmy_ODO11388.1 KwSha_KAA5528739.1
HG_23981	KwDej_OBR82945.1 KwBes_OCF22986.1 KwPin_OCF49189.1
HG_24041	KwDej_OBR85947.1 KwBes_OCF21224.1 KwPin_OCF52377.1
HG_14972	KwDej_OBR82527.1 KwBes_OCF22543.1 KwPin_OCF48203.1 CuOle_KLT45135.1 CrAmy_ODO06971.1 KwSha_KAA5524658.1
HG_13715	KwDej_OBR82551.1 KwDej_OBR82552.1 KwBes_OCF22584.1 KwBes_OCF22585.1 KwPin_OCF48224.1 KwPin_OCF48225.1 CrAmy_ODO04920.1
HG_17138	KwDej_OBR88420.1 KwBes_OCF27229.1 KwPin_OCF52909.1 CrAmy_ODO00254.1 KwSha_KAA5529233.1
HG_17033	KwDej_OBR84684.1 KwBes_OCF24734.1 KwPin_OCF51395.1 CrAmy_ODO01348.1 KwSha_KAA5524223.1
HG_15032	KwDej_OBR84172.1 KwBes_OCF24193.1 KwPin_OCF51850.1 CuOle_KLT42658.1 CrAmy_ODO00165.1 KwSha_KAA5531566.1
HG_15201	KwDej_OBR88405.1 KwBes_OCF27213.1 KwPin_OCF52894.1 CuOle_KLT41641.1 CrAmy_ODO00290.1 KwSha_KAA5529212.1
HG_15137	KwDej_OBR86754.1 KwBes_OCF29180.1 KwPin_OCF50966.1 CuOle_KLT41937.1 CrAmy_ODO04708.1 KwSha_KAA5530108.1
HG_20144	KwDej_OBR86908.1 KwBes_OCF29340.1 KwBes_OCF29363.1 KwPin_OCF50825.1
HG_16322	KwDej_OBR81320.1 KwBes_OCF26961.1 KwBes_OCF26968.1 KwPin_OCF48599.1 KwSha_KAA5529453.1
HG_16955	KwDej_OBR82336.1 KwBes_OCF22334.1 KwPin_OCF47981.1 CrAmy_ODO06918.1 KwSha_KAA5526828.1
HG_23963	KwDej_OBR82033.1 KwBes_OCF29751.1 KwSha_KAA5526619.1
HG_20198	KwDej_OBR89467.1 KwBes_OCF28150.1 KwPin_OCF53868.1 KwSha_KAA5528442.1
HG_17015	KwDej_OBR84179.1 KwBes_OCF24233.1 KwPin_OCF51826.1 CrAmy_ODO00166.1 KwSha_KAA5531538.1
HG_24023	KwDej_OBR85092.1 KwBes_OCF25291.1 KwPin_OCF49918.1
HG_14954	KwDej_OBR81982.1 KwBes_OCF29698.1 KwPin_OCF46623.1 CuOle_KLT38382.1 CrAmy_ODO10562.1 KwSha_KAA5526586.1
HG_17087	KwDej_OBR87072.1 KwBes_OCF29502.1 KwPin_OCF50667.1 CrAmy_ODO11979.1 KwSha_KAA5525815.1
HG_24095	KwDej_OBR88265.1 KwPin_OCF52766.1 CrAmy_ODO07754.1
HG_15119	KwDej_OBR86244.1 KwBes_OCF21904.1 KwPin_OCF52107.1 CuOle_KLT42005.1 CrAmy_ODN99287.1 KwSha_KAA5525866.1
HG_24128	KwDej_OBR89614.1 KwBes_OCF28480.1 KwPin_OCF46174.1
HG_20126	KwDej_OBR86181.1 KwBes_OCF21847.1 KwBes_OCF27040.1 KwPin_OCF52147.1
HG_15014	KwDej_OBR83548.1 KwBes_OCF23566.1 KwPin_OCF50194.1 CuOle_KLT41854.1 CrAmy_ODO06684.1 KwSha_KAA5527087.1
HG_20021	KwDej_OBR81322.1 KwBes_OCF26958.1 KwPin_OCF48601.1 KwSha_KAA5529451.1
HG_15150	KwDej_OBR87088.1 KwBes_OCF29526.1 KwPin_OCF50652.1 CuOle_KLT43489.1 CrAmy_ODO11997.1 KwSha_KAA5525787.1
HG_15086	KwDej_OBR85438.1 KwBes_OCF25016.1 KwPin_OCF49543.1 CuOle_KLT44201.1 CrAmy_ODO08206.1 KwSha_KAA5526288.1
HG_20093	KwDej_OBR84609.1 KwBes_OCF24642.1 KwPin_OCF51469.1 CrAmy_ODO05656.1
HG_16937	KwDej_OBR81538.1 KwBes_OCF28742.1 KwPin_OCF48799.1 CuOle_KLT46337.1 KwSha_KAA5528490.1
HG_24077	KwDej_OBR87635.1 KwBes_OCF26199.1 KwPin_OCF47269.1
HG_24005	KwDej_OBR84412.1 KwBes_OCF24458.1 KwPin_OCF51637.1
HG_14936	KwDej_OBR81453.1 KwDej_OBR81454.1 KwBes_OCF28651.1 KwPin_OCF48729.1 CrAmy_ODO09438.1 KwSha_KAA5525965.1
HG_17069	KwDej_OBR86194.1 KwDej_OBR86195.1 KwDej_OBR86196.1 KwBes_OCF21832.1 KwPin_OCF52137.1
HG_15068	KwDej_OBR85046.1 KwBes_OCF25328.1 KwPin_OCF49873.1 CuOle_KLT45443.1 CrAmy_ODO09848.1 KwSha_KAA5530418.1
HG_20108	KwDej_OBR85284.1 KwBes_OCF25190.1 KwPin_OCF49704.1 KwSha_KAA5530263.1
HG_20075	KwDej_OBR84194.1 KwBes_OCF24209.1 KwPin_OCF51841.1 KwSha_KAA5531578.1
HG_15237	KwDej_OBR89238.1 KwBes_OCF28036.1 KwPin_OCF53653.1 CuOle_KLT42062.1 CrAmy_ODO11801.1 KwSha_KAA5528282.1
HG_13710	KwDej_OBR82211.1 KwDej_OBR82789.1 KwBes_OCF22670.1 KwPin_OCF48332.1 CuOle_KLT44323.1 CrAmy_ODO09282.1 KwSha_KAA5530211.1
HG_17133	KwDej_OBR88329.1 KwBes_OCF27144.1 KwPin_OCF52798.1 CrAmy_ODO00338.1 KwSha_KAA5529110.1
HG_15132	KwDej_OBR86674.1 KwBes_OCF29106.1 KwPin_OCF51041.1 CuOle_KLT45984.1 CrAmy_ODO09431.1 KwSha_KAA5530190.1
HG_24059	KwDej_OBR87015.1 KwBes_OCF29460.1 KwSha_KAA5526632.1
HG_16950	KwDej_OBR82143.1 KwBes_OCF30265.1 KwPin_OCF46751.1 CrAmy_ODO10503.1 KwSha_KAA5527316.1
HG_17115	KwDej_OBR88019.1 KwBes_OCF26499.1 KwPin_OCF47647.1 CrAmy_ODO03041.1 KwSha_KAA5528881.1
HG_24090	KwDej_OBR88171.1 KwBes_OCF26674.1 KwPin_OCF47775.1
HG_24123	KwDej_OBR89160.1 KwBes_OCF27992.1 KwPin_OCF53576.1
HG_17187	KwBes_OCF25638.1 CrAmy_ODN97957.1 CrAmy_ODN97964.1 KwSha_KAA5526520.1 KwSha_KAA5526521.1
HG_15219	KwDej_OBR88873.1 KwBes_OCF27675.1 KwPin_OCF53305.1 CuOle_KLT43544.1 CrAmy_ODN96297.1 KwSha_KAA5524344.1
HG_17010	KwDej_OBR84059.1 KwPin_OCF47801.1 KwPin_OCF48344.1 KwSha_KAA5524198.1 KwSha_KAA5525922.1
HG_17082	KwDej_OBR86925.1 KwBes_OCF29347.1 KwPin_OCF50819.1 CrAmy_ODO04574.1 KwSha_KAA5529963.1
HG_15081	KwDej_OBR85290.1 KwBes_OCF25180.1 KwPin_OCF49685.1 CuOle_KLT40811.1 CrAmy_ODO08096.1 KwSha_KAA5530298.1
HG_15114	KwDej_OBR86116.1 KwBes_OCF21740.1 KwPin_OCF52185.1 CuOle_KLT43346.1 CrAmy_ODO11567.1 KwSha_KAA5525416.1
HG_20121	KwDej_OBR85980.1 KwBes_OCF21609.1 KwPin_OCF52313.1 KwSha_KAA5529879.1
HG_15250	KwDej_OBR89572.1 KwBes_OCF28436.1 KwPin_OCF46197.1 CuOle_KLT45018.1 CrAmy_ODO05956.1 KwSha_KAA5525144.1
HG_20057	KwDej_OBR83536.1 KwBes_OCF23490.1 KwBes_OCF23511.1 KwPin_OCF50164.1
HG_15186	KwDej_OBR88017.1 KwBes_OCF26495.1 KwPin_OCF47645.1 CuOle_KLT40538.1 CrAmy_ODO03045.1 KwSha_KAA5528884.1
HG_20193	KwDej_OBR89062.1 KwBes_OCF27935.1 KwPin_OCF53519.1 CrAmy_ODO04944.1
HG_9224	KwDej_OBR86910.1 KwDej_OBR86911.1 KwDej_OBR86912.1 KwDej_OBR86913.1 KwDej_OBR86930.1 KwBes_OCF29342.1 KwBes_OCF29343.1 KwBes_OCF29345.1 KwBes_OCF29346.1 KwBes_OCF29351.1 KwBes_OCF29352.1 KwPin_OCF50823.1 KwPin_OCF50824.1 KwSha_KAA5529967.1 KwSha_KAA5529971.1
HG_16932	KwDej_OBR81376.1 KwBes_OCF28563.1 KwPin_OCF48648.1 CuOle_KLT40285.1 CrAmy_ODO04812.1
HG_15168	KwDej_OBR87533.1 KwBes_OCF25996.1 KwPin_OCF47182.1 CuOle_KLT42969.1 CrAmy_ODO07935.1 KwSha_KAA5527627.1
HG_20208	KwBes_OCF22374.1 KwPin_OCF48035.1 CrAmy_ODO11355.1 KwSha_KAA5525040.1
HG_14931	KwDej_OBR81383.1 KwBes_OCF28600.1 KwPin_OCF48660.1 CuOle_KLT41514.1 CrAmy_ODO04809.1 KwSha_KAA5528537.1
HG_24000	KwDej_OBR84187.1 KwBes_OCF24244.1 KwPin_OCF51834.1
HG_17064	KwDej_OBR86118.1 KwBes_OCF21748.1 KwPin_OCF52187.1 CrAmy_ODO11466.1 KwSha_KAA5525423.1
HG_24105	KwDej_OBR88481.1 KwBes_OCF27297.1 CrAmy_ODO03274.1
HG_24072	KwDej_OBR87540.1 KwBes_OCF26003.1 KwPin_OCF47175.1
HG_20103	KwDej_OBR85130.1 KwBes_OCF25486.1 KwPin_OCF49964.1 KwSha_KAA5530532.1
HG_15232	KwDej_OBR89167.1 KwDej_OBR89169.1 KwDej_OBR89170.1 KwBes_OCF28000.1 KwBes_OCF28001.1 KwPin_OCF53581.1
HG_17169	KwDej_OBR89252.1 KwBes_OCF28050.1 KwPin_OCF53667.1 CrAmy_ODO12051.1 KwSha_KAA5528379.1
HG_20039	KwDej_OBR82401.1 KwDej_OBR82402.1 KwBes_OCF22407.1 KwPin_OCF48074.1
HG_15063	KwDej_OBR84962.1 KwBes_OCF25426.1 KwPin_OCF49797.1 CuOle_KLT45456.1 CrAmy_ODO09139.1 KwSha_KAA5530508.1
HG_20070	KwDej_OBR83963.1 KwBes_OCF24004.1 KwPin_OCF50580.1 KwSha_KAA5530899.1
HG_23994	KwDej_OBR83995.1 KwBes_OCF23967.1 KwPin_OCF50553.1
HG_16986	KwDej_OBR83363.1 KwBes_OCF22742.1 KwPin_OCF49417.1 CrAmy_ODO03024.1 KwSha_KAA5527382.1
HG_14985	KwDej_OBR82986.1 KwBes_OCF23026.1 KwPin_OCF49156.1 CuOle_KLT45886.1 CrAmy_ODN99041.1 KwSha_KAA5528786.1
HG_13728	KwDej_OBR83920.1 KwDej_OBR83921.1 KwBes_OCF23896.1 KwBes_OCF23897.1 KwPin_OCF50507.1 KwPin_OCF50508.1 KwSha_KAA5530968.1
HG_17046	KwDej_OBR85178.1 KwBes_OCF25573.1 KwPin_OCF50001.1 CrAmy_ODO04840.1 KwSha_KAA5529514.1
HG_15045	KwDej_OBR84457.1 KwBes_OCF24503.1 KwPin_OCF51594.1 CuOle_KLT38844.1 CrAmy_ODO01422.1 KwSha_KAA5531222.1
HG_17182	KwDej_OBR89544.1 KwBes_OCF28398.1 KwPin_OCF53932.1 CrAmy_ODO05900.1 KwSha_KAA5525846.1
HG_20052	KwDej_OBR83113.1 KwBes_OCF23160.1 KwPin_OCF49038.1 KwSha_KAA5527545.1
HG_15181	KwDej_OBR87915.1 KwBes_OCF26390.1 KwPin_OCF47533.1 CuOle_KLT45750.1 CrAmy_ODO03118.1 KwSha_KAA5528964.1
HG_15214	KwDej_OBR88785.1 KwBes_OCF27600.1 KwPin_OCF53245.1 CuOle_KLT41407.1 CrAmy_ODN97176.1 KwSha_KAA5530681.1
HG_11863	KwDej_OBR83344.1 KwBes_OCF22760.1 KwBes_OCF22761.1 KwBes_OCF22762.1 KwBes_OCF22763.1 KwBes_OCF22766.1 KwPin_OCF49393.1 KwPin_OCF49395.1 CuOle_KLT44750.1
HG_20157	KwDej_OBR87505.1 KwBes_OCF25960.1 KwPin_OCF47153.1 KwSha_KAA5525314.1
HG_16968	KwDej_OBR82866.1 KwBes_OCF23257.1 KwPin_OCF48944.1 CrAmy_ODO10287.1 KwSha_KAA5527612.1
HG_18695	KwDej_OBR85389.1 KwPin_OCF49583.1 KwPin_OCF49584.1 CuOle_KLT39247.1
HG_24036	KwDej_OBR85760.1 KwBes_OCF21416.1 KwPin_OCF52543.1
HG_14967	KwDej_OBR82301.1 KwBes_OCF22610.1 KwPin_OCF48249.1 CuOle_KLT45829.1 CrAmy_ODO11309.1 KwSha_KAA5525061.1
HG_24100	KwDej_OBR88434.1 KwBes_OCF27260.1 KwPin_OCF52937.1
HG_17028	KwDej_OBR84593.1 KwBes_OCF24609.1 KwPin_OCF51498.1 CrAmy_ODO10115.1 KwSha_KAA5531303.1
HG_13741	KwDej_OBR86169.1 KwBes_OCF21801.1 KwPin_OCF52156.1 CrAmy_ODN99282.1 CrAmy_ODO06578.1 CrAmy_ODO12106.1 KwSha_KAA5525911.1
HG_17164	KwDej_OBR89079.1 KwBes_OCF27925.1 KwPin_OCF53505.1 CrAmy_ODO04999.1 KwSha_KAA5526638.1
HG_20034	KwDej_OBR82035.1 KwBes_OCF21303.1 KwBes_OCF29754.1 KwPin_OCF46573.1
HG_15099	KwDej_OBR85820.1 KwBes_OCF21317.1 KwPin_OCF52456.1 CuOle_KLT39867.1 CrAmy_ODO10767.1 KwSha_KAA5529718.1
HG_20203	KwDej_OBR89579.1 KwBes_OCF28468.1 KwPin_OCF46190.1 KwSha_KAA5525153.1
HG_20139	KwDej_OBR86598.1 KwBes_OCF28965.1 KwPin_OCF51254.1 KwSha_KAA5526334.1
HG_15027	KwDej_OBR84031.1 KwBes_OCF24031.1 KwPin_OCF50601.1 CuOle_KLT46153.1 CrAmy_ODN98955.1 KwSha_KAA5530889.1
HG_15163	KwDej_OBR87400.1 KwBes_OCF25857.1 KwPin_OCF47046.1 CuOle_KLT39792.1 CrAmy_ODO07812.1 KwSha_KAA5527817.1
HG_20170	KwDej_OBR88141.1 KwBes_OCF26612.1 KwPin_OCF47748.1 KwSha_KAA5525769.1
HG_23958	KwDej_OBR81899.1 KwBes_OCF29994.1 KwPin_OCF46702.1
HG_16981	KwDej_OBR83184.1 KwBes_OCF22944.1 KwPin_OCF49230.1 CrAmy_ODN99213.1 KwSha_KAA5528721.1
HG_24018	KwDej_OBR84890.1 KwBes_OCF25606.1 KwPin_OCF46300.1
HG_14949	KwDej_OBR81859.1 KwBes_OCF30144.1 KwPin_OCF46867.1 CuOle_KLT44902.1 CrAmy_ODO10637.1 KwSha_KAA5527260.1
HG_20152	KwDej_OBR87308.1 KwDej_OBR87309.1 KwBes_OCF25776.1 KwSha_KAA5527874.1
HG_20088	KwDej_OBR84532.1 KwBes_OCF23990.1 KwPin_OCF51542.1 CrAmy_ODN97977.1
HG_17041	KwDej_OBR85000.1 KwBes_OCF25374.1 KwBes_OCF25375.1 KwBes_OCF25376.1 KwPin_OCF49854.1
HG_14980	KwDej_OBR82888.1 KwBes_OCF23223.1 KwPin_OCF48965.1 CuOle_KLT39839.1 CrAmy_ODO10267.1 KwSha_KAA5527600.1
HG_15009	KwDej_OBR83483.1 KwBes_OCF23472.1 KwPin_OCF50105.1 CuOle_KLT39286.1 CrAmy_ODO06565.1 KwSha_KAA5527212.1
HG_17146	KwDej_OBR88692.1 KwBes_OCF27482.1 KwPin_OCF53105.1 CrAmy_ODN96947.1 KwSha_KAA5530813.1
HG_15145	KwDej_OBR86966.1 KwBes_OCF29401.1 KwPin_OCF50772.1 CuOle_KLT41237.1 CrAmy_ODO04516.1 KwSha_KAA5525538.1
HG_15040	KwDej_OBR84373.1 KwBes_OCF24411.1 KwPin_OCF51672.1 CuOle_KLT39989.1 CrAmy_ODO09999.1 KwSha_KAA5531399.1
HG_16963	KwDej_OBR82614.1 KwBes_OCF22254.1 KwPin_OCF47938.1 CrAmy_ODO06932.1 KwSha_KAA5526078.1
HG_24031	KwDej_OBR85650.1 KwBes_OCF21538.1 KwPin_OCF52649.1
HG_14962	KwDej_OBR82164.1 KwBes_OCF30285.1 KwPin_OCF46738.1 CrAmy_ODO01637.1 CrAmy_ODO09011.1 KwSha_KAA5524985.1
HG_13705	KwDej_OBR81641.1 KwDej_OBR87295.1 KwBes_OCF25713.1 KwPin_OCF46959.1 CuOle_KLT41327.1 CrAmy_ODO11270.1 KwSha_KAA5527900.1
HG_17128	KwDej_OBR88283.1 KwBes_OCF27097.1 KwBes_OCF27102.1 KwBes_OCF27103.1 KwPin_OCF52778.1
HG_15199	KwDej_OBR88344.1 KwBes_OCF27158.1 KwPin_OCF52822.1 CuOle_KLT39081.1 CrAmy_ODO00333.1 KwSha_KAA5529137.1
HG_15022	KwDej_OBR83822.1 KwBes_OCF23804.1 KwPin_OCF50418.1 CuOle_KLT41172.1 CrAmy_ODO11073.1 KwSha_KAA5531051.1
HG_17095	KwDej_OBR87300.1 KwBes_OCF25737.1 KwPin_OCF46964.1 CrAmy_ODO11240.1 KwSha_KAA5527896.1
HG_15127	KwDej_OBR86570.1 KwBes_OCF28922.1 KwPin_OCF51227.1 CuOle_KLT44833.1 CrAmy_ODO09239.1 KwSha_KAA5530235.1
HG_15094	KwDej_OBR85598.1 KwBes_OCF21560.1 KwPin_OCF52688.1 CuOle_KLT38909.1 CrAmy_ODO10986.1 KwSha_KAA5528090.1
HG_20134	KwDej_OBR86468.1 KwBes_OCF29010.1 CrAmy_ODO04867.1 KwSha_KAA5524439.1
HG_17023	KwDej_OBR84444.1 KwBes_OCF24490.1 KwPin_OCF51607.1 CrAmy_ODO10146.1 KwSha_KAA5531340.1
HG_23953	KwDej_OBR81358.1 KwBes_OCF23886.1 KwPin_OCF48623.1
HG_16945	KwDej_OBR82022.1 KwBes_OCF29738.1 KwPin_OCF46580.1 CuOle_KLT45816.1 KwSha_KAA5526600.1
HG_24118	KwDej_OBR88901.1 KwBes_OCF27704.1 KwPin_OCF53332.1
HG_20188	KwDej_OBR88680.1 KwBes_OCF27509.1 KwPin_OCF53149.1 CrAmy_ODO09115.1
HG_17005	KwDej_OBR83804.1 KwBes_OCF23780.1 KwPin_OCF50389.1 CuOle_KLT43408.1 KwSha_KAA5531075.1
HG_24013	KwDej_OBR84625.1 KwBes_OCF24668.1 KwPin_OCF51452.1
HG_14944	KwDej_OBR81776.1 KwBes_OCF30025.1 KwPin_OCF46113.1 CuOle_KLT38748.1 CrAmy_ODO10627.1 KwSha_KAA5529577.1
HG_15004	KwDej_OBR83311.1 KwBes_OCF22798.1 KwPin_OCF49360.1 CuOle_KLT44689.1 CrAmy_ODO05482.1 KwSha_KAA5527421.1
HG_17141	KwDej_OBR88530.1 KwBes_OCF27318.1 KwPin_OCF53011.1 CrAmy_ODO03203.1 KwSha_KAA5526946.1
HG_20011	KwDej_OBR81081.1 KwBes_OCF26803.1 KwPin_OCF48365.1 KwSha_KAA5529266.1
HG_17077	KwDej_OBR86708.1 KwDej_OBR86709.1 KwBes_OCF29134.1 KwBes_OCF29135.1 KwSha_KAA5530149.1
HG_15076	KwDej_OBR85248.1 KwBes_OCF25226.1 KwPin_OCF49727.1 CuOle_KLT44897.1 CrAmy_ODO08101.1 KwSha_KAA5530303.1
HG_15109	KwDej_OBR86015.1 KwBes_OCF21639.1 KwPin_OCF52296.1 CuOle_KLT44410.1 CrAmy_ODO11578.1 KwSha_KAA5529889.1
HG_20083	KwDej_OBR84401.1 KwBes_OCF24443.1 KwPin_OCF51644.1 KwSha_KAA5531364.1
HG_20116	KwDej_OBR85882.1 KwBes_OCF21275.1 KwPin_OCF52443.1 KwSha_KAA5529773.1
HG_15245	KwDej_OBR89396.1 KwBes_OCF28227.1 KwPin_OCF53798.1 CuOle_KLT43744.1 CrAmy_ODO11657.1 KwSha_KAA5527917.1
HG_15140	KwDej_OBR86850.1 KwDej_OBR86851.1 KwBes_OCF29285.1 KwPin_OCF50877.1 KwPin_OCF50878.1 KwSha_KAA5530028.1
HG_14998	KwDej_OBR83261.1 KwBes_OCF22856.1 KwPin_OCF49311.1 CuOle_KLT38946.1 CrAmy_ODO05562.1 KwSha_KAA5528646.1
HG_16927	KwDej_OBR81294.1 KwBes_OCF26948.1 KwPin_OCF48576.1 CrAmy_ODO01487.1 KwSha_KAA5525488.1
HG_16999	KwDej_OBR83584.1 KwBes_OCF23535.1 KwPin_OCF50205.1 CrAmy_ODO06638.1 KwSha_KAA5527109.1
HG_24067	KwDej_OBR87388.1 KwBes_OCF25845.1 KwPin_OCF47008.1
HG_14926	KwDej_OBR81288.1 KwBes_OCF26942.1 KwPin_OCF48570.1 CuOle_KLT46472.1 CrAmy_ODO01566.1 KwSha_KAA5529437.1
