orthogroup	mean_abs_shap	std_abs_shap	median_abs_shap	nonzero_fold_fraction
OG0000022	0.06624975	0.031126063	0.058896072	1.0
OG0001349	0.06121613	0.035937656	0.053969394	1.0
OG0000041	0.032190677	0.017048014	0.030481268	1.0
OG0003146	0.019599183	0.016255757	0.016450496	1.0
OG0000072	0.019486327	0.012327003	0.017796947	1.0
OG0009094	0.019184744	0.017244257	0.013541444	0.99
OG0004329	0.015847893	0.015143385	0.012675321	1.0
OG0000028	0.014542025	0.015251823	0.0090868175	1.0
OG0003650	0.014064559	0.011208523	0.010523041	0.97
OG0005003	0.013795087	0.012056773	0.011534734	0.97
OG0000001	0.012128324	0.0067851995	0.010843309	1.0
OG0008805	0.011152733	0.009787021	0.008685058	1.0
OG0004343	0.0109707285	0.010619377	0.007846991	0.96
OG0007547	0.010863182	0.010701527	0.007830868	0.97
OG0004963	0.010400301	0.009289314	0.00840324	0.96
OG0005046	0.010225166	0.0077079036	0.00825262	0.98
OG0000012	0.010201033	0.008101893	0.00700327	1.0
OG0006159	0.00990006	0.0118573	0.005663342	0.99
OG0000135	0.009751976	0.009387646	0.007038804	1.0
OG0004900	0.008142221	0.008571339	0.0069518303	0.94
OG0000036	0.007972041	0.0058574695	0.007447011	1.0
OG0000103	0.007892316	0.009493112	0.0048255506	1.0
OG0003599	0.00781381	0.010517916	0.0046860343	0.92
OG0007231	0.0075107557	0.00822999	0.005087655	0.96
OG0009082	0.00745296	0.007976296	0.005583005	0.95
OG0004251	0.007290595	0.008959494	0.004468574	0.9
OG0005340	0.0071681403	0.00792754	0.0038759713	0.89
OG0000126	0.006323363	0.007636384	0.0036996189	0.92
OG0003765	0.006137359	0.0055849613	0.005211101	0.93
OG0001158	0.006136243	0.007991791	0.003818038	0.92
OG0004417	0.0058380403	0.0065684956	0.003572746	0.92
OG0003686	0.00583663	0.0064850347	0.0039892835	0.87
OG0008374	0.005749954	0.008575396	0.0029349998	0.92
OG0003277	0.005724907	0.006674661	0.003514551	0.89
OG0004910	0.0057144994	0.006610618	0.003709468	0.9
OG0000914	0.005125052	0.0054731946	0.003608453	0.98
OG0008798	0.005049231	0.005620922	0.0029031353	0.9
OG0004479	0.0049716313	0.0062756394	0.0027575833	0.87
OG0005152	0.0048750294	0.0055241315	0.002505985	0.9
OG0001546	0.0048656072	0.006546974	0.0028797607	0.89
OG0000314	0.0045887586	0.0055032624	0.0031634807	0.88
OG0005419	0.0043945424	0.0048391754	0.0034708595	0.92
OG0003384	0.0043887766	0.0070415847	0.0013693969	0.83
OG0004077	0.004162979	0.0054194983	0.0026037241	0.91
OG0004778	0.004037871	0.005401817	0.0027692714	0.85
OG0000300	0.0039088293	0.004362823	0.0026942282	0.99
OG0000289	0.0038688458	0.006572351	0.0023769867	0.92
OG0007569	0.0038006743	0.0036382976	0.0025832937	0.88
OG0004360	0.0037121684	0.012172713	0.0011744632	0.82
OG0007874	0.0035545258	0.004376173	0.0023508014	0.79
OG0006155	0.0034645153	0.0063610217	0.0016146966	0.79
OG0003617	0.0034500593	0.003551171	0.0022681805	0.93
OG0002992	0.0033100822	0.004730591	0.0020133816	0.9
OG0000044	0.0032860222	0.0027600431	0.002501445	1.0
OG0000066	0.0031249607	0.003129543	0.002233608	0.88
OG0000011	0.003095056	0.0026173708	0.0022699842	1.0
OG0004095	0.0030839064	0.0034700506	0.002058674	0.83
OG0000445	0.0029917147	0.0037730637	0.0012250831	0.9
OG0004323	0.0029328219	0.0037270875	0.0016742102	0.74
OG0005005	0.002931658	0.0037513108	0.0016161182	0.77
OG0004860	0.0029259273	0.0036350752	0.0018333548	0.81
OG0000408	0.002912023	0.0039226883	0.0016185828	0.81
OG0000197	0.0029064626	0.0029109572	0.0019575916	0.98
OG0004388	0.0027571456	0.004024339	0.0010603981	0.72
OG0000730	0.002727104	0.0035614646	0.0015220698	0.87
OG0001211	0.0026889145	0.0026963076	0.0020822342	0.89
OG0004424	0.002634754	0.002732395	0.0018198892	0.89
OG0000267	0.002576465	0.0025110522	0.0021210248	0.91
OG0000000	0.002568349	0.0016355441	0.0022330685	1.0
OG0000014	0.002565946	0.0016589084	0.002127522	1.0
OG0000700	0.002557163	0.0033304028	0.0015605075	0.82
OG0002348	0.0025181926	0.007190053	0.0007609968	0.6
OG0006374	0.002485528	0.0056970506	0.0008137156	0.74
OG0006153	0.002452923	0.0027670297	0.0014829789	0.84
OG0001005	0.0024033815	0.0022878314	0.0019740663	0.93
OG0003986	0.0023929207	0.0037335905	0.0012830799	0.71
OG0004613	0.0022816102	0.0028325424	0.0014714524	0.85
OG0005511	0.0022676925	0.005193988	0.0007200724	0.68
OG0000608	0.0022388333	0.0025810793	0.0012450945	0.88
OG0001346	0.0022279888	0.0021812841	0.00154025	0.88
OG0000025	0.0022222986	0.0015093314	0.0018392918	1.0
OG0011852	0.002206447	0.002532724	0.0011822605	0.84
OG0000008	0.0021674072	0.0019723205	0.0014705488	1.0
OG0002418	0.0021497104	0.0024010343	0.0013806331	0.89
OG0000109	0.002071373	0.0017147057	0.0016209632	0.99
OG0006964	0.0020512254	0.0026660091	0.0013892492	0.73
OG0000181	0.0020429199	0.0031700588	0.0010097154	0.89
OG0000003	0.0020409857	0.0009990063	0.001932583	1.0
OG0001807	0.0019766097	0.004608231	0.00079812354	0.77
OG0000354	0.0019428891	0.0019375499	0.0014407911	0.93
OG0006941	0.001940518	0.0039623664	0.001189346	0.78
OG0006609	0.0018909742	0.0022775487	0.0012800766	0.72
OG0004143	0.001876366	0.0024956763	0.00094067917	0.76
OG0007162	0.0018660225	0.0022823513	0.0010182477	0.81
OG0006169	0.0017951897	0.0025203095	0.00097296486	0.73
OG0000692	0.0017915793	0.0022847708	0.00094695244	0.65
OG0003240	0.0017476743	0.0021739143	0.0011421731	0.78
OG0004486	0.0017271887	0.0024757609	0.0008314009	0.63
OG0007968	0.0017249121	0.002623041	0.0009821828	0.76
OG0005082	0.0016954078	0.0029472893	0.00023200989	0.5
OG0004628	0.0016586444	0.0029542625	0.0007761138	0.82
OG0003295	0.0016483847	0.0027609323	0.0006510429	0.77
OG0004317	0.0016463277	0.002303495	0.0008248201	0.77
OG0004988	0.001641544	0.003060502	0.00068217644	0.66
OG0009716	0.0016328188	0.0032729688	0.0005938814	0.62
OG0000586	0.0016181116	0.0020711103	0.0008576325	0.77
OG0000233	0.0016136238	0.0018564764	0.0010069837	0.81
OG0003505	0.0015948373	0.0043934667	0.00036709264	0.61
OG0000030	0.0015621261	0.001370269	0.0013436755	0.97
OG0000023	0.0015571247	0.0015835767	0.0010178083	0.98
OG0007395	0.0015569921	0.0021282851	0.0008437788	0.73
OG0005316	0.0015323577	0.0020305545	0.0009061092	0.72
OG0004157	0.0015298985	0.0016578253	0.0011209914	0.8
OG0003570	0.0014880495	0.0023296124	0.0007254891	0.58
OG0000046	0.0014860935	0.0017964925	0.0009481727	1.0
OG0005229	0.0014801178	0.0021289287	0.00062505127	0.66
OG0007902	0.0014647851	0.0020286879	0.00068540743	0.63
OG0013690	0.0014303125	0.0015975776	0.00091289636	0.68
OG0001613	0.0014285861	0.0018110276	0.0009565266	0.88
OG0004847	0.0014213967	0.0023574212	0.0006013509	0.57
OG0007452	0.0014038801	0.0019389035	0.00056739803	0.7
OG0000047	0.0013915232	0.0011304744	0.0010791293	0.99
OG0011671	0.0013738116	0.0018465951	0.0006169622	0.7
OG0000002	0.0013576751	0.001007723	0.0011287166	1.0
OG0005495	0.0013539178	0.0021353988	0.0007199993	0.7
OG0008479	0.0013474115	0.0021764387	0.00050965825	0.65
OG0002994	0.0013238178	0.0018289563	0.0009962696	0.74
OG0006248	0.0012962306	0.002705804	0.0004917333	0.53
OG0004718	0.0012750997	0.002593281	0.00033542508	0.55
OG0004262	0.0012615804	0.001656536	0.00067846425	0.74
OG0000037	0.0012497383	0.00084921625	0.0009970088	0.99
OG0000391	0.0012446664	0.001584314	0.0008165644	0.86
OG0004371	0.0012218454	0.0018596278	0.0004943871	0.64
OG0000016	0.0012175426	0.0007756446	0.0010516827	1.0
OG0000338	0.0012147971	0.0010884316	0.00095602486	0.92
OG0005681	0.0012125013	0.0017507307	0.0005668232	0.59
OG0004463	0.0011935596	0.0019154024	0.0005153811	0.51
OG0000058	0.0011704494	0.0012387732	0.0007016689	0.96
OG0000027	0.0011701904	0.0009168054	0.00094583904	0.98
OG0000098	0.0011598523	0.0012486668	0.00082636636	0.94
OG0000139	0.0011597734	0.00191046	0.0005585443	0.62
OG0000005	0.0011502156	0.0006833957	0.0010062167	1.0
OG0000346	0.0011411106	0.0013481244	0.00069585047	0.8
OG0000336	0.0011303455	0.0011083294	0.00083130726	0.82
OG0000062	0.001122117	0.0013986866	0.00066401233	0.87
OG0000281	0.0011219123	0.0017712598	0.00064779597	0.78
OG0003904	0.001119541	0.0017507413	0.00025272602	0.54
OG0004746	0.0011179138	0.0016879698	0.0005165585	0.57
OG0004238	0.001115416	0.0016104764	0.00030822126	0.6
OG0001273	0.0011149497	0.0020666264	0.00036603183	0.6
OG0000311	0.0011101101	0.0015406102	0.0007753242	0.84
OG0006694	0.001102934	0.0020434386	0.0005463718	0.62
OG0006389	0.0010981486	0.0015361684	0.0006006278	0.57
OG0004053	0.0010797367	0.0013626687	0.0007180463	0.64
OG0007855	0.0010588062	0.0016663038	0.0004016619	0.52
OG0001562	0.0010358618	0.0011628049	0.00070564775	0.85
OG0000229	0.0010333805	0.0010533307	0.00082252873	0.96
OG0002985	0.0010263277	0.0009582423	0.0008569377	0.8
OG0000478	0.0010241055	0.0014612337	0.0006160525	0.8
OG0000511	0.0010228619	0.0016381184	0.0004966187	0.8
OG0004233	0.001022751	0.0018230276	0.00050635217	0.62
OG0000204	0.0010095593	0.0017763317	0.00047910475	0.7
OG0000465	0.0010093688	0.0017284114	0.00038720132	0.66
OG0004375	0.0010042794	0.0023582391	0.0	0.42
OG0000638	0.0009969019	0.0030163357	0.0	0.39
OG0000049	0.0009892997	0.0014216062	0.0006287426	0.84
OG0000727	0.00097620976	0.0016203878	0.0004031378	0.64
OG0000050	0.0009760353	0.0013257682	0.00061322167	0.96
OG0006432	0.00097577006	0.0014218581	0.0005030135	0.74
OG0007964	0.0009659127	0.0019058371	0.00040076318	0.54
OG0000475	0.0009656699	0.0016102577	0.00036206644	0.57
OG0000024	0.00093168824	0.0007162153	0.0007793751	1.0
OG0000641	0.00093134004	0.0017812084	0.0	0.49
OG0006795	0.0009187024	0.0012689531	0.00048605047	0.69
OG0004748	0.0009163925	0.0020942946	0.00035887212	0.54
OG0000379	0.00091381336	0.00125638	0.00053343654	0.77
OG0000015	0.0009124176	0.0006480466	0.0007184385	0.99
OG0005101	0.0009031642	0.0018580247	0.0003294347	0.55
OG0000322	0.0009018745	0.0007890599	0.0006728222	0.91
OG0000328	0.0009005454	0.0011927002	0.0005011931	0.65
OG0000207	0.0008994717	0.0011294357	0.00059534877	0.77
OG0001019	0.0008975276	0.0016723237	0.00036697194	0.66
OG0000203	0.0008824025	0.0015095168	0.0005775752	0.83
OG0000051	0.0008809604	0.0008365178	0.0007086219	0.81
OG0008402	0.00087464624	0.0020517826	0.00034364255	0.54
OG0001173	0.00087265903	0.0011421494	0.0005997379	0.7
OG0002989	0.0008678639	0.0013898248	0.00038362056	0.66
OG0003989	0.00086785847	0.0023208119	0.0	0.44
OG0005381	0.0008618441	0.0014885694	0.00045252987	0.56
OG0000158	0.0008614327	0.0014297174	0.00036886154	0.64
OG0008815	0.0008522249	0.0012052059	0.00046867604	0.82
OG0005995	0.00084913545	0.0012241999	0.00036490994	0.66
OG0000365	0.00084830745	0.0017745561	0.0	0.47
OG0005267	0.0008440375	0.0022879122	0.0	0.46
OG0010013	0.00084161526	0.00089453446	0.0005892358	0.77
OG0004386	0.000841364	0.0022858176	0.0	0.44
OG0004659	0.00083975383	0.0011498572	0.0005522244	0.69
OG0000538	0.00083813624	0.000894554	0.00066993746	0.73
OG0004835	0.0008273513	0.0012165748	0.00014506244	0.5
OG0004213	0.00082611514	0.0021697588	0.0	0.45
OG0000353	0.00081621244	0.0016388891	0.0004610815	0.85
OG0000048	0.00081398385	0.00084909046	0.0005292318	0.93
OG0009814	0.00080001884	0.0024266914	2.6885293e-05	0.5
OG0000245	0.000782145	0.00082630705	0.0005627923	0.83
OG0004445	0.0007779588	0.0012463522	0.00034029913	0.66
OG0011542	0.00077502686	0.0015474093	0.0	0.47
OG0000270	0.0007742444	0.00078529405	0.0005809752	0.9
OG0005685	0.00076571695	0.0014299637	0.0	0.49
OG0004969	0.0007608298	0.0012665176	0.0	0.43
OG0003675	0.00075970194	0.001370702	0.00018762951	0.54
OG0003489	0.0007558116	0.0016968237	0.0	0.48
OG0000108	0.0007544504	0.0010987722	0.00039358332	0.86
OG0000104	0.00074232614	0.0010254995	0.00038142042	0.78
OG0003642	0.0007377297	0.001326264	0.00036299843	0.63
OG0000658	0.0007321976	0.0010699101	0.00043643385	0.8
OG0011668	0.00072963117	0.0009972256	0.00034353707	0.71
OG0005833	0.0007251484	0.0016191754	0.0	0.41
OG0007456	0.0007243048	0.0010404114	0.00047838237	0.57
OG0000031	0.00072090334	0.0006839208	0.0004998988	0.92
OG0004635	0.00071965606	0.0012257476	0.00031647537	0.6
OG0000302	0.00071610394	0.0010669647	0.0003552044	0.72
OG0004216	0.00071490346	0.0016553081	0.00016025022	0.58
OG0004024	0.00071085716	0.0012775424	0.0	0.48
OG0009336	0.000705691	0.001195924	0.00027758657	0.59
OG0000071	0.0006930817	0.00078038307	0.00041969842	0.9
OG0008353	0.00068929547	0.001590312	0.0	0.46
OG0004056	0.00067961426	0.0007177758	0.00052127166	0.74
OG0003977	0.0006780068	0.00081444025	0.00040209014	0.74
OG0000798	0.00067075394	0.001187671	0.0	0.49
OG0000128	0.00067045575	0.00086335535	0.0003694372	0.73
OG0003806	0.0006699609	0.0010832846	0.00035180256	0.72
OG0001136	0.0006661644	0.000841383	0.00031717602	0.76
OG0007257	0.0006607733	0.0012094564	0.0	0.44
OG0000785	0.0006593032	0.0009357825	0.00032405334	0.63
OG0000327	0.0006579698	0.0006778946	0.0004663409	0.86
OG0000007	0.0006553113	0.00043112476	0.0005383259	0.99
OG0012430	0.000653627	0.001104707	0.00027427103	0.58
OG0004516	0.0006506118	0.0012622289	0.0	0.41
OG0004960	0.0006470108	0.0012214676	0.0	0.45
OG0003820	0.00064695766	0.0013005465	0.0	0.46
OG0000100	0.0006420488	0.00078398274	0.0003759918	0.74
OG0000347	0.00064128137	0.0009961934	0.00032100643	0.73
OG0000589	0.0006403032	0.0008620153	0.00034516508	0.72
OG0000714	0.0006357838	0.00079496246	0.00030361878	0.72
OG0000394	0.0006328781	0.0007842612	0.00034475958	0.82
OG0006102	0.0006301611	0.001228542	0.0	0.42
OG0003093	0.000625866	0.0009415566	0.0	0.49
OG0000508	0.0006229753	0.00086653593	0.0003832091	0.66
OG0005606	0.0006206436	0.0012508178	0.0	0.42
OG0004893	0.00061394606	0.0012220219	0.0	0.36
OG0000140	0.00061256526	0.0008465443	0.00028622686	0.84
OG0000035	0.0006104805	0.0005526926	0.0004596553	0.95
OG0006611	0.0006065866	0.0006703203	0.00036532147	0.8
OG0005641	0.00060416857	0.0011661384	0.0	0.4
OG0000262	0.0006036906	0.0010843008	0.0	0.49
OG0005934	0.0005945645	0.0011675823	0.0	0.43
OG0000154	0.00059248647	0.0008752526	0.00024687077	0.72
OG0000519	0.00058731344	0.0011731351	0.00021328537	0.65
OG0000975	0.0005854642	0.0009611048	0.00033353321	0.69
OG0005976	0.0005796446	0.00075521483	0.00027375415	0.62
OG0000522	0.0005760183	0.0011256681	0.00015065938	0.52
OG0003607	0.0005752041	0.001346823	0.0	0.36
OG0007644	0.0005751277	0.0010344447	8.5823645e-05	0.5
OG0000080	0.0005712583	0.0007826443	0.00033835514	0.59
OG0000106	0.0005703529	0.0005008538	0.0004553486	0.87
OG0005593	0.0005696151	0.00095580646	0.0	0.39
OG0000145	0.0005667137	0.0009109999	0.0002771287	0.78
OG0004132	0.00056649925	0.0015141108	0.0	0.33
OG0006837	0.00056133996	0.0008134879	0.00030709128	0.65
OG0006810	0.00056014024	0.0008162945	0.00023158995	0.59
OG0006870	0.0005590221	0.0008804102	0.0	0.48
OG0005590	0.0005581772	0.0009713958	0.00016214063	0.52
OG0003648	0.000555578	0.0010421668	0.00019274643	0.54
OG0000010	0.00055342994	0.0006824252	0.0003141687	0.79
OG0001533	0.00055084925	0.0006493603	0.00033344887	0.59
OG0000857	0.0005502517	0.0008448799	0.00023502647	0.54
OG0001060	0.0005493835	0.0009939051	0.00020801224	0.71
OG0000237	0.00054300757	0.00074942224	0.00036825653	0.78
OG0004442	0.00054277637	0.0006781762	0.0003085778	0.64
OG0005787	0.00053825544	0.00082189275	0.00011673464	0.51
OG0004316	0.0005377101	0.001554252	0.0	0.32
OG0004321	0.00053507055	0.00093233195	0.0	0.49
OG0000174	0.0005316407	0.0006979222	0.00032382054	0.83
OG0003740	0.0005310398	0.0012632497	0.0	0.41
OG0000481	0.00052970403	0.0009733637	0.00026887155	0.66
OG0003231	0.00052854425	0.0007978388	0.00014535396	0.53
OG0005812	0.00052818	0.0012167279	0.0	0.29
OG0000034	0.00052671065	0.0004781967	0.00042018673	0.94
OG0001540	0.0005257756	0.0012369134	0.0	0.43
OG0000090	0.0005254443	0.00065600337	0.00037470533	0.78
OG0000946	0.00052445265	0.00069170207	0.00029339484	0.6
OG0000151	0.0005227976	0.0006904672	0.00033539196	0.75
OG0007291	0.00052126433	0.0014071399	0.00012546363	0.52
OG0006338	0.00052074366	0.000862175	0.00022589506	0.51
OG0000599	0.0005163266	0.0007984419	0.00025601086	0.7
OG0002043	0.0005162213	0.0010174374	0.00013782707	0.58
OG0010937	0.0005161099	0.0006938508	0.0002893012	0.67
OG0000018	0.0005149633	0.00039598148	0.00044015044	0.96
OG0000092	0.000512552	0.0005915202	0.00029674958	0.69
OG0001066	0.0005120665	0.0006138704	0.00033256866	0.81
OG0001058	0.00051180745	0.0007274293	0.00027814455	0.71
OG0000305	0.0005115821	0.0006784208	0.00028004788	0.61
OG0004472	0.0005039256	0.0007789936	0.0001905147	0.61
OG0004412	0.0005019248	0.00089844957	7.104288e-05	0.5
OG0000033	0.0005012811	0.0004890086	0.0004248463	0.81
OG0006350	0.0004999156	0.0010405467	0.0	0.36
OG0008386	0.00049684616	0.0009343039	0.0	0.39
OG0000102	0.00049636024	0.000535065	0.00038892322	0.81
OG0005230	0.0004934983	0.0011382481	0.0	0.35
OG0004667	0.00049261295	0.0008291403	0.0	0.44
OG0000628	0.000486558	0.0007771655	0.00030344469	0.65
OG0000644	0.00048614814	0.0007056878	0.00022928469	0.57
OG0002084	0.0004849179	0.00057265814	0.00032620228	0.66
OG0000113	0.0004837341	0.00062572217	0.0002967337	0.73
OG0006894	0.000480617	0.0007732153	0.0002587692	0.58
OG0000190	0.00047983517	0.00053060346	0.0003130548	0.8
OG0000952	0.0004778326	0.0008294942	0.0	0.44
OG0007216	0.0004763842	0.00058859884	0.00030097773	0.64
OG0006054	0.00047487006	0.0009109006	0.00017151498	0.55
OG0005402	0.00046316415	0.00067696173	0.00019037796	0.55
OG0004150	0.0004568226	0.0007173007	0.0	0.37
OG0005091	0.0004465917	0.0006561836	0.00025645242	0.55
OG0003947	0.0004457537	0.0006575939	0.0	0.42
OG0002041	0.00044569984	0.00070988556	0.0001968391	0.56
OG0000684	0.0004451248	0.00051467045	0.00035426352	0.73
OG0000045	0.00044507592	0.00033048118	0.00042616663	0.94
OG0000854	0.00044349633	0.00068964483	0.00015413434	0.53
OG0004156	0.00044315093	0.0013660694	0.0	0.24
OG0000164	0.00044201635	0.0005857308	0.00025016803	0.89
OG0004783	0.00044157647	0.001378436	0.0	0.28
OG0004012	0.00043968076	0.000796793	0.0	0.38
OG0004821	0.00043854295	0.0008396487	0.0	0.38
OG0002397	0.00043666162	0.00089145236	0.00014226478	0.53
OG0000212	0.00043665565	0.000490029	0.0002808862	0.78
OG0000006	0.00043598659	0.0006782279	0.00022242972	0.9
OG0006098	0.00043561732	0.0009800593	0.0	0.34
OG0004767	0.00043413427	0.00082683435	0.0	0.42
OG0000506	0.000433939	0.0006055117	0.00019652251	0.55
OG0003942	0.00043393287	0.0007630645	0.0	0.41
OG0006162	0.0004338586	0.0006777635	0.0	0.44
OG0003298	0.00043028596	0.0007856524	0.0	0.44
OG0006950	0.00043027147	0.0008683144	0.0	0.37
OG0000906	0.0004295529	0.00058912265	0.00028099795	0.71
OG0001073	0.00042707034	0.000648587	0.00020494204	0.64
OG0003862	0.00042602723	0.0007144137	0.00013166013	0.51
OG0000915	0.00042321451	0.0006421589	0.00028780798	0.65
OG0003835	0.00041805598	0.00067156093	0.00019584058	0.61
OG0000531	0.00041540264	0.0009690981	0.0	0.38
OG0000053	0.00041455394	0.0003843042	0.0003498998	0.88
OG0000105	0.0004134223	0.0005292559	0.0002720079	0.74
OG0000078	0.00041119527	0.00087470165	0.0	0.38
OG0004584	0.0004098538	0.00068191375	0.0	0.45
OG0000073	0.00040963903	0.0006876852	0.00016091132	0.69
OG0010475	0.00040731623	0.0013338355	0.0	0.37
OG0004455	0.0004072392	0.00060507277	0.00018961623	0.53
OG0001056	0.00040647405	0.000703873	0.00017809347	0.65
OG0005388	0.00040566685	0.00069503405	0.00014314512	0.57
OG0001386	0.00040401754	0.0006004002	0.000275477	0.64
OG0002644	0.00040341791	0.0012915763	0.0	0.45
OG0003983	0.00040314678	0.0010187071	0.0	0.32
OG0006634	0.00040082462	0.0006331693	0.0	0.49
OG0000115	0.00040057622	0.00054313336	0.00018646	0.7
OG0000138	0.0003954044	0.00041339776	0.00025408593	0.85
OG0000082	0.0003916024	0.00039027308	0.0002479655	0.86
OG0005788	0.00038953254	0.0008927417	0.0	0.29
OG0000461	0.0003863733	0.0007846118	0.0	0.41
OG0004382	0.00038416564	0.0009274166	0.0	0.29
OG0000368	0.00038263667	0.0006970661	0.00018273135	0.68
OG0005087	0.00038260198	0.00075615145	0.0	0.31
OG0004182	0.000380161	0.0007289947	0.0	0.37
OG0001476	0.0003801206	0.0006047527	0.00018696007	0.6
OG0000077	0.0003785769	0.0004486966	0.00023279784	0.73
OG0000116	0.00037748084	0.00043118527	0.00022703387	0.64
OG0004116	0.00037639056	0.00056394073	0.0	0.49
OG0008564	0.0003735773	0.00087191	0.0	0.31
OG0000681	0.0003732469	0.00086050655	0.00010914973	0.62
OG0005933	0.00037185993	0.0005329804	0.00017404254	0.68
OG0004809	0.00037146427	0.00046894245	0.00025115418	0.59
OG0004018	0.00036819009	0.0011207416	0.0	0.37
OG0004054	0.00036799948	0.0010494243	0.0	0.27
OG0007660	0.00036692782	0.00058758596	0.0	0.48
OG0000004	0.00036627747	0.00032885597	0.0002837666	0.94
OG0000065	0.00036504763	0.00050366076	0.00024239637	0.78
OG0000178	0.00036052207	0.0004776519	0.00022580374	0.67
OG0000673	0.0003592389	0.00051292015	0.00019249615	0.61
OG0000350	0.00035900905	0.00077672186	0.0	0.39
OG0000191	0.00035766396	0.0005117938	0.0002005411	0.7
OG0000088	0.0003574677	0.00042695142	0.00022588839	0.82
OG0001968	0.000356444	0.00053481816	0.00013827137	0.61
OG0007018	0.00035509013	0.00051704614	0.00022559127	0.61
OG0007894	0.0003514941	0.00080756965	0.0	0.32
OG0008646	0.00035003267	0.0005596795	0.0	0.42
OG0000370	0.0003497168	0.00047063883	0.00016684597	0.58
OG0009200	0.00034861604	0.0006132517	0.0	0.49
OG0000860	0.00034803324	0.0005692231	0.00022438547	0.6
OG0000059	0.0003472444	0.00034224227	0.00026391284	0.89
OG0000995	0.0003454309	0.00047573666	0.00012479171	0.53
OG0000241	0.00034400943	0.00045702377	0.00018116733	0.57
OG0000655	0.00034291588	0.00051667355	0.0001933594	0.6
OG0000689	0.00034165697	0.00069251395	0.0	0.49
OG0004439	0.00033938535	0.00061446166	0.0	0.43
OG0003515	0.00033588213	0.0005456662	0.0	0.41
OG0003878	0.00033497612	0.00051266624	0.00017096984	0.68
OG0003758	0.0003337434	0.00075433985	0.0	0.31
OG0000266	0.00033282724	0.0004874869	0.0001447429	0.6
OG0000017	0.00033162357	0.00034406234	0.0002459387	0.83
OG0003827	0.0003310662	0.0014988292	0.0	0.15
OG0007756	0.00032961776	0.00062640454	0.0	0.36
OG0001372	0.0003287625	0.0007236234	0.0	0.48
OG0004793	0.00032755703	0.0010127315	0.0	0.23
OG0003786	0.0003259246	0.0007391124	0.0	0.35
OG0009337	0.00032557192	0.0005379667	0.0	0.45
OG0004365	0.0003246694	0.0010114023	0.0	0.24
OG0003119	0.00032405445	0.00085814943	0.0	0.47
OG0004712	0.00032346844	0.00063344656	0.00012695772	0.56
OG0004071	0.00032250475	0.00046597922	0.00018084788	0.55
OG0000631	0.0003214247	0.00047224655	0.0	0.45
OG0001460	0.00032030663	0.00048267486	9.731484e-05	0.51
OG0000339	0.00031746126	0.0006842276	0.0	0.46
OG0007073	0.00031698192	0.0007935476	0.0	0.37
OG0000594	0.00031573503	0.0007998062	0.0	0.41
OG0003166	0.00031332893	0.00046166146	0.0	0.47
OG0012434	0.00031322052	0.0006912195	0.0	0.47
OG0006208	0.00031222194	0.00058484165	0.0	0.33
OG0001557	0.00030962343	0.0008429841	0.0	0.38
OG0004219	0.00030790735	0.0008503489	0.0	0.39
OG0000063	0.00030652818	0.00035643857	0.00022303709	0.87
OG0000175	0.00030500462	0.0004108737	0.00015570491	0.55
OG0000269	0.00030483407	0.00046789626	0.00014065116	0.58
OG0000432	0.00030476582	0.0005451748	0.0	0.4
OG0003860	0.00030359518	0.00051833753	0.00010517535	0.54
OG0000385	0.00030310397	0.0005285723	0.0	0.47
OG0000130	0.00030304282	0.00033244104	0.00021790032	0.75
OG0000086	0.0003030393	0.00036648827	0.00018051061	0.62
OG0000279	0.00030278956	0.00041174653	0.00017471943	0.6
OG0000696	0.000302337	0.0006151727	0.0	0.4
OG0000792	0.00030221193	0.00070290506	8.015588e-05	0.52
OG0000298	0.00030188911	0.00040905466	0.00019847928	0.73
OG0000089	0.00030114848	0.00042361862	0.0001506899	0.65
OG0000148	0.0003000634	0.00049034186	0.00010873706	0.64
OG0000112	0.00029986055	0.0006507879	0.00010113802	0.57
OG0000497	0.00029985997	0.00046607768	6.573401e-05	0.53
OG0004481	0.00029918048	0.0006990567	0.0	0.25
OG0002737	0.00029784197	0.000549521	0.0	0.48
OG0001258	0.00029776915	0.00044678547	0.00012662385	0.54
OG0003945	0.00029716783	0.0007200137	0.0	0.23
OG0010208	0.00029704763	0.00053154305	0.0	0.4
OG0011876	0.0002967036	0.0008187394	0.0	0.35
OG0000606	0.00029659114	0.0007498305	0.0	0.44
OG0003937	0.00029611905	0.0006653854	0.0	0.38
OG0000052	0.0002953116	0.00022352417	0.00023679373	0.91
OG0004103	0.0002944672	0.000506106	0.0	0.49
OG0000579	0.00029436167	0.00042156898	0.00013096366	0.65
OG0001274	0.0002911043	0.0005987475	0.0	0.34
OG0004184	0.00029053722	0.00041791855	0.0	0.47
OG0000295	0.0002901451	0.0004987254	0.00013468819	0.66
OG0000285	0.00028519853	0.00053610664	0.0	0.43
OG0000259	0.00028485613	0.00040245484	0.0001697908	0.64
OG0000546	0.00028356843	0.00039340902	0.00015860508	0.67
OG0001071	0.0002827687	0.0005273214	5.842384e-05	0.51
OG0004220	0.00028061727	0.00050829555	0.0	0.37
OG0004350	0.00028045825	0.0003732056	0.00019304527	0.68
OG0006844	0.00027797793	0.0006148716	0.0	0.26
OG0004192	0.00027792674	0.0011174273	0.0	0.22
OG0000129	0.00027791588	0.00028529234	0.00021581762	0.78
OG0007872	0.0002768664	0.0005843358	0.0	0.3
OG0000868	0.0002766161	0.0007406305	0.0	0.33
OG0006780	0.00027513274	0.00046133398	0.0	0.43
OG0000121	0.00027493446	0.0003849639	0.00014699769	0.66
OG0009053	0.00027179476	0.0005566013	0.0	0.37
OG0016913	0.00027144884	0.00060666894	0.0	0.42
OG0004828	0.00027084068	0.0005664006	0.0	0.27
OG0003776	0.00027068463	0.00064975035	0.0	0.21
OG0000179	0.00027065974	0.0003528101	0.00015168115	0.73
OG0004855	0.00027018524	0.00066383707	0.0	0.33
OG0000410	0.00027004268	0.00056437	0.0	0.35
OG0006284	0.00026902513	0.0005083044	0.0	0.29
OG0004582	0.00026878747	0.0005585413	0.0	0.25
OG0012357	0.00026801325	0.0005139857	0.0	0.44
OG0004716	0.0002677531	0.0005244856	0.0	0.49
OG0000029	0.00026642106	0.00022346384	0.00021826907	0.9
OG0000742	0.0002655147	0.0004508701	0.0	0.44
OG0002450	0.0002637884	0.00036071357	0.00012403828	0.64
OG0005612	0.00026292476	0.00048984913	0.0	0.49
OG0005972	0.00026213014	0.00042357045	3.203625e-05	0.5
OG0004215	0.00026117056	0.00067999883	0.0	0.32
OG0004152	0.00026104582	0.0004940309	0.0	0.34
OG0006343	0.00026023752	0.00041793604	0.0	0.43
OG0000120	0.00025819178	0.0003299059	0.0001553829	0.64
OG0000359	0.00025811637	0.00048800666	0.0	0.34
OG0011814	0.00025746005	0.00092166604	0.0	0.24
OG0003339	0.00025706796	0.0006832477	0.0	0.44
OG0005317	0.0002566796	0.00095661526	0.0	0.25
OG0004950	0.00025525887	0.00053788436	0.0	0.23
OG0004111	0.00025508614	0.0005416322	0.0	0.3
OG0001036	0.00025480663	0.0005439134	0.0	0.4
OG0000323	0.0002527272	0.0006034419	0.0	0.34
OG0007098	0.00025190823	0.0004414965	0.0	0.37
OG0000060	0.0002506316	0.0003036349	0.00014040573	0.7
OG0000332	0.00025040825	0.0003949249	0.0	0.43
OG0000533	0.00024943147	0.00052092166	0.0	0.4
OG0005494	0.00024915705	0.00045179116	0.0	0.42
OG0011779	0.00024890862	0.00063406286	0.0	0.38
OG0005501	0.00024742438	0.00056776573	0.0	0.22
OG0004062	0.00024690136	0.00048309218	0.0	0.34
OG0004798	0.00024525283	0.0011147836	0.0	0.21
OG0000436	0.00024418067	0.000340016	8.560196e-05	0.54
OG0000069	0.00024407751	0.0003203817	0.0001226031	0.66
OG0005891	0.00024333496	0.00046161283	0.0	0.41
OG0003468	0.00024278423	0.0006023664	0.0	0.23
OG0004524	0.00024255687	0.0004315141	0.0	0.36
OG0000808	0.00024101719	0.00039355	0.0	0.45
OG0003800	0.00024056526	0.0005528349	0.0	0.4
OG0005697	0.00024052475	0.0003626805	0.0	0.43
OG0000163	0.0002394514	0.0002660299	0.00016288809	0.7
OG0000085	0.00023905408	0.00030098835	0.00011714653	0.66
OG0005472	0.00023887759	0.00066928373	0.0	0.41
OG0003893	0.00023858908	0.00035416282	0.0	0.45
OG0000152	0.00023827385	0.00030016803	0.00016380363	0.65
OG0003501	0.00023825972	0.00047931293	0.0	0.31
OG0000355	0.00023814249	0.00035304675	0.0	0.49
OG0000437	0.00023605161	0.00051923725	8.5141044e-05	0.55
OG0009757	0.00023548584	0.00038011922	8.0331054e-05	0.54
OG0000402	0.00023412543	0.0004698763	0.0	0.45
OG0000039	0.0002341039	0.00026872478	0.00015586324	0.79
OG0001145	0.00023375759	0.00043709064	0.0	0.47
OG0000650	0.00023312174	0.00043150544	0.0	0.4
OG0000463	0.00023300573	0.00038187718	0.000101532496	0.54
OG0003985	0.0002326018	0.0005454514	0.0	0.26
OG0003889	0.00023207456	0.00035229212	6.534709e-05	0.52
OG0008789	0.00023181546	0.00049310963	0.0	0.32
OG0004130	0.0002317974	0.0004499042	0.0	0.41
OG0000118	0.00023165371	0.00026133846	0.0001633408	0.65
OG0004007	0.00023054949	0.000792081	0.0	0.19
OG0000507	0.0002297034	0.0006191171	0.0	0.44
OG0000734	0.00022846907	0.00037982533	0.0	0.41
OG0005453	0.00022827608	0.0004909296	0.0	0.26
OG0006713	0.00022623707	0.00079828495	0.0	0.2
OG0000747	0.00022612949	0.00036722067	0.0	0.39
OG0001152	0.00022571566	0.0005183267	3.738919e-05	0.51
OG0000819	0.00022474841	0.00046925808	0.0	0.33
OG0005512	0.00022397326	0.00043759338	0.0	0.31
OG0003445	0.00022338817	0.00043424574	0.0	0.38
OG0004518	0.0002232885	0.00042216328	0.0	0.43
OG0000142	0.00022259676	0.00022410868	0.00017721872	0.75
OG0004656	0.00022200121	0.00046858907	0.0	0.28
OG0001650	0.0002214912	0.0002948421	0.0	0.49
OG0000134	0.0002213989	0.0004046157	2.7809874e-05	0.5
OG0011028	0.00022065995	0.0006052181	0.0	0.35
OG0003879	0.0002184724	0.0008578166	0.0	0.12
OG0001558	0.0002181777	0.00029618383	9.039026e-05	0.52
OG0006895	0.00021788753	0.000370231	0.0	0.41
OG0003826	0.00021774787	0.00046413802	0.0	0.3
OG0000075	0.00021729304	0.0003015357	0.00011975666	0.6
OG0000218	0.00021618689	0.00036519318	6.9946334e-05	0.54
OG0006784	0.00021593104	0.00044821054	0.0	0.32
OG0004170	0.00021590957	0.00042461784	0.0	0.46
OG0000136	0.00021576797	0.0002537579	0.00014493531	0.65
OG0004526	0.00021565225	0.00034345893	0.0	0.41
OG0004874	0.00021448803	0.00073348504	0.0	0.2
OG0010457	0.0002143814	0.00039722238	0.0	0.35
OG0000825	0.00021429744	0.00035758468	0.0	0.42
OG0008691	0.0002129557	0.00038929342	0.0	0.37
OG0008364	0.00021255968	0.0005567276	0.0	0.21
OG0000043	0.00021085268	0.00023463143	0.00013903179	0.7
OG0004006	0.00021032315	0.00071757345	0.0	0.34
OG0002968	0.00020994952	0.00036854474	0.0	0.48
OG0006955	0.00020980967	0.00035595353	0.0	0.34
OG0010422	0.00020904961	0.00039334653	0.0	0.42
OG0000770	0.00020865377	0.0005157365	0.0	0.4
OG0000843	0.00020852154	0.00048179977	0.0	0.35
OG0005542	0.00020679431	0.00053355616	0.0	0.16
OG0004641	0.00020479597	0.00045053073	0.0	0.28
OG0003614	0.00020413485	0.00050887367	0.0	0.21
OG0000670	0.00020384608	0.00033437376	0.0	0.49
OG0000083	0.00020357955	0.00019720691	0.00014749603	0.74
OG0000068	0.00020335063	0.00024786606	0.00013564076	0.71
OG0003632	0.00020329488	0.00056561106	0.0	0.41
OG0003305	0.0002029574	0.0004147981	0.0	0.32
OG0007544	0.00020159358	0.0003284034	0.0	0.42
OG0010961	0.00020149053	0.0004281205	0.0	0.33
OG0006439	0.00020123515	0.00038359078	0.0	0.32
OG0003143	0.00020092391	0.0003098051	0.0	0.45
OG0000413	0.00020013178	0.00030172296	8.7391585e-05	0.55
OG0004978	0.00019910936	0.00034010524	0.0	0.46
OG0005069	0.00019890345	0.00028039943	0.0	0.49
OG0004686	0.00019836222	0.00038788337	0.0	0.29
OG0000364	0.00019788624	0.00029729016	8.3523715e-05	0.57
OG0002819	0.00019753004	0.00038693665	0.0	0.42
OG0007864	0.00019695399	0.0006014863	0.0	0.35
OG0000056	0.00019621075	0.00033398115	5.25553e-05	0.52
OG0000244	0.00019612206	0.00037400748	0.0	0.39
OG0000110	0.00019574538	0.00024396801	0.00012905805	0.6
OG0000223	0.00019517566	0.00049682235	0.0	0.38
OG0001070	0.00019493065	0.00031006258	8.2942e-05	0.59
OG0004199	0.00019454605	0.00046817618	0.0	0.4
OG0001195	0.000194166	0.000349112	0.0	0.41
OG0005624	0.00019371917	0.00037171057	0.0	0.35
OG0000214	0.00019309862	0.00035139936	0.0	0.4
OG0000038	0.00019253972	0.00030485354	0.00010678228	0.72
OG0000520	0.00019247127	0.00038552494	0.0	0.31
OG0001570	0.00019245986	0.00061964296	0.0	0.17
OG0004451	0.0001919588	0.00034935895	0.0	0.34
OG0003871	0.00019158825	0.00078180834	0.0	0.17
OG0009818	0.00019158215	0.00030206155	0.0	0.41
OG0003062	0.00019125467	0.00044855595	0.0	0.34
OG0000634	0.00019107519	0.00035112567	0.0	0.39
OG0007367	0.00019071296	0.00037904343	0.0	0.35
OG0000343	0.00019068756	0.00032738788	3.7217927e-05	0.5
OG0003833	0.00018925016	0.0003896675	0.0	0.29
OG0000748	0.00018829739	0.00035935588	0.0	0.43
OG0000173	0.00018785517	0.00029139573	8.706111e-05	0.53
OG0003910	0.00018700043	0.0004246815	0.0	0.28
OG0005067	0.00018682632	0.00037274268	0.0	0.27
OG0005026	0.00018636971	0.00044998282	0.0	0.22
OG0002413	0.00018568937	0.0003101955	5.297415e-05	0.52
OG0000521	0.00018564411	0.00030351916	5.396783e-05	0.52
OG0014535	0.00018489755	0.0005091529	0.0	0.31
OG0010022	0.00018470376	0.00031005402	0.0	0.36
OG0005339	0.00018440954	0.00041008502	0.0	0.24
OG0011842	0.00018361716	0.00047869052	0.0	0.23
OG0007070	0.0001835527	0.0002954207	0.0	0.45
OG0000125	0.0001824111	0.00028460802	9.2040515e-05	0.56
OG0001014	0.00018216012	0.00071841676	0.0	0.34
OG0005595	0.00018204888	0.0004336553	0.0	0.22
OG0009653	0.0001813007	0.00038458226	0.0	0.27
OG0010001	0.00018019787	0.00055831583	0.0	0.25
OG0000947	0.0001800878	0.00043071047	0.0	0.29
OG0002643	0.00018004765	0.00038789638	0.0	0.41
OG0003684	0.0001783891	0.00046952566	0.0	0.18
OG0007204	0.00017804219	0.00036693586	0.0	0.27
OG0000614	0.00017794008	0.000405773	0.0	0.45
OG0004611	0.00017745336	0.0003846216	0.0	0.23
OG0000375	0.00017700293	0.0003593677	3.391924e-05	0.53
OG0004043	0.00017691437	0.0004304194	0.0	0.32
OG0005032	0.00017590015	0.0004210819	0.0	0.2
OG0000099	0.00017562471	0.00020744192	0.00013937373	0.68
OG0006239	0.0001743559	0.00043544613	0.0	0.2
OG0005352	0.00017393025	0.00026936433	0.0	0.44
OG0001726	0.00017323518	0.00035851236	0.0	0.34
OG0000656	0.00017293991	0.00029505373	0.0	0.42
OG0010906	0.00017293161	0.00049758644	0.0	0.24
OG0004261	0.00017280292	0.00052890804	0.0	0.25
OG0000264	0.0001723991	0.00029987667	0.0	0.44
OG0010478	0.00017201317	0.00048101207	0.0	0.21
OG0004890	0.00017194024	0.00048426556	0.0	0.15
OG0007548	0.00017157452	0.0004451678	0.0	0.18
OG0000489	0.00017154023	0.00040035546	0.0	0.34
OG0002782	0.00017065859	0.00032461638	0.0	0.38
OG0003357	0.00017058186	0.00028862368	4.134039e-05	0.52
OG0003621	0.00017049475	0.00028417923	0.0	0.49
OG0004796	0.00016864963	0.00028525037	0.0	0.44
OG0004795	0.00016841698	0.00036556026	0.0	0.25
OG0001218	0.00016838744	0.00038139042	0.0	0.3
OG0000091	0.000168185	0.00023813937	7.556085e-05	0.58
OG0005467	0.00016738393	0.0004403563	0.0	0.18
OG0000326	0.00016670788	0.00034646934	0.0	0.42
OG0000855	0.00016636337	0.00042543348	0.0	0.42
OG0003097	0.00016628452	0.00052979036	0.0	0.35
OG0007124	0.00016567843	0.000459706	0.0	0.18
OG0000488	0.00016559513	0.00043531196	0.0	0.3
OG0000195	0.00016553928	0.00031428697	0.0	0.39
OG0010892	0.00016442394	0.001190073	0.0	0.12
OG0000344	0.00016379269	0.00023342366	8.854404e-05	0.61
OG0006104	0.00016375385	0.00032808882	0.0	0.32
OG0003696	0.00016301041	0.0006395353	0.0	0.28
OG0001298	0.00016300185	0.00029555632	0.0	0.43
OG0001063	0.00016285425	0.00048241686	0.0	0.2
OG0004692	0.00016268023	0.00046510092	0.0	0.18
OG0018682	0.00016209744	0.00029693005	0.0	0.33
OG0004849	0.00016198533	0.0004713181	0.0	0.19
OG0005682	0.00016176167	0.00032462925	0.0	0.3
OG0003509	0.00016134112	0.00048113803	0.0	0.17
OG0006984	0.00016116355	0.0004991125	0.0	0.17
OG0004870	0.00016039953	0.0002635608	8.113653e-05	0.59
OG0000729	0.00016029929	0.00033193378	0.0	0.44
OG0007766	0.00015926413	0.0004873146	0.0	0.27
OG0005315	0.00015893	0.00041643227	0.0	0.24
OG0003598	0.00015892401	0.0005069773	0.0	0.28
OG0003602	0.00015885904	0.00034747765	0.0	0.35
OG0004731	0.00015762176	0.0003594861	0.0	0.3
OG0006732	0.00015728662	0.00033486268	0.0	0.29
OG0000291	0.0001571902	0.00024057277	5.3014257e-05	0.54
OG0000166	0.00015709369	0.00027317318	0.0	0.42
OG0006959	0.00015679954	0.00045212675	0.0	0.17
OG0000253	0.00015590922	0.00021742536	5.5274715e-05	0.56
OG0003516	0.00015542489	0.00047728946	0.0	0.2
OG0006661	0.0001549849	0.00050994876	0.0	0.2
OG0003797	0.00015486387	0.00030565684	0.0	0.36
OG0009203	0.00015390552	0.00027616532	0.0	0.32
OG0000184	0.00015380082	0.00023254323	6.2332256e-05	0.56
OG0005389	0.00015340785	0.00042336728	0.0	0.21
OG0003078	0.00015284042	0.00036691874	0.0	0.3
OG0001003	0.00015274533	0.00024467293	0.0	0.4
OG0004938	0.0001526108	0.00031447317	0.0	0.27
OG0003847	0.00015249099	0.0003476619	0.0	0.3
OG0002180	0.00015139529	0.00037691533	0.0	0.27
OG0004120	0.00015116142	0.00030777176	0.0	0.27
OG0003976	0.0001511293	0.00044919061	0.0	0.16
OG0000377	0.00015066525	0.00038246068	0.0	0.38
OG0000415	0.00015064864	0.000295153	5.996348e-05	0.58
OG0007992	0.00015060486	0.00034837704	0.0	0.36
OG0005901	0.00015047	0.00034587094	0.0	0.28
OG0000248	0.00015036347	0.00037246378	0.0	0.44
OG0004196	0.00014993444	0.0003207025	0.0	0.35
OG0008828	0.0001498372	0.00035698398	0.0	0.2
OG0005660	0.0001496458	0.00026265346	0.0	0.41
OG0007000	0.00014954002	0.00052781997	0.0	0.14
OG0004891	0.0001487111	0.0003677604	0.0	0.18
OG0007751	0.0001484045	0.00037693963	0.0	0.19
OG0000156	0.00014831811	0.0002651285	2.9516988e-05	0.51
OG0000147	0.00014813418	0.00028204167	0.0	0.42
OG0004076	0.00014782969	0.00023356687	0.0	0.44
OG0004886	0.00014751815	0.00042878272	0.0	0.19
OG0004925	0.00014713063	0.0003922785	0.0	0.2
OG0003967	0.00014699974	0.00031515252	0.0	0.23
OG0000695	0.00014669992	0.00025294695	0.0	0.42
OG0013373	0.00014587988	0.00028693283	0.0	0.3
OG0003914	0.00014524143	0.0004651113	0.0	0.18
OG0000294	0.00014497968	0.00028886774	0.0	0.37
OG0000097	0.00014466367	0.00023083111	3.6907582e-05	0.51
OG0000067	0.00014437725	0.00021308655	4.2139643e-05	0.52
OG0000202	0.00014405487	0.00031287086	0.0	0.49
OG0003778	0.0001438903	0.00027492223	0.0	0.3
OG0000168	0.00014386259	0.00027951054	7.054926e-05	0.54
OG0003804	0.00014384057	0.0007308205	0.0	0.12
OG0003560	0.00014371012	0.00027587175	0.0	0.34
OG0001051	0.00014342261	0.00033519635	0.0	0.29
OG0008644	0.00014211313	0.0002971474	0.0	0.26
OG0008336	0.00014153658	0.00039527818	0.0	0.24
OG0000837	0.0001414808	0.00029196637	0.0	0.3
OG0004370	0.00014144336	0.0003994931	0.0	0.2
OG0003629	0.00014057598	0.00030358086	0.0	0.33
OG0008669	0.00014019357	0.00030988202	0.0	0.35
OG0003462	0.00013959433	0.0002657445	0.0	0.37
OG0006429	0.00013921341	0.00026120635	0.0	0.38
OG0005295	0.00013909453	0.00036663475	0.0	0.16
OG0008055	0.00013889205	0.0004701482	0.0	0.12
OG0000496	0.00013880686	0.00028077874	0.0	0.43
OG0004512	0.00013817113	0.00039588535	0.0	0.16
OG0003844	0.0001379397	0.00031264467	0.0	0.4
OG0005565	0.00013785544	0.00030664165	0.0	0.22
OG0004994	0.00013784127	0.00032342097	0.0	0.25
OG0001141	0.0001371824	0.0002946487	0.0	0.36
OG0000539	0.00013697708	0.00025161565	0.0	0.37
OG0004088	0.00013682195	0.00052900164	0.0	0.11
OG0000093	0.00013605507	0.0002679598	0.0	0.35
OG0005518	0.0001359056	0.0003160709	0.0	0.21
OG0011811	0.00013541004	0.00023997009	0.0	0.3
OG0007003	0.00013511788	0.00045900443	0.0	0.18
OG0006668	0.00013448391	0.0004124057	0.0	0.16
OG0000732	0.00013425123	0.00032125457	0.0	0.3
OG0004626	0.0001338629	0.00035715644	0.0	0.2
OG0000605	0.00013352591	0.0003156376	0.0	0.37
OG0003320	0.0001331624	0.00027372566	0.0	0.38
OG0009197	0.00013315231	0.00022625504	0.0	0.34
OG0004283	0.00013306497	0.00023665222	0.0	0.32
OG0013287	0.00013301281	0.00029164113	0.0	0.29
OG0003636	0.00013238908	0.0002235229	6.573681e-05	0.52
OG0007877	0.00013229436	0.00031879594	0.0	0.24
OG0004664	0.0001321218	0.00024228166	0.0	0.37
OG0003073	0.00013107288	0.00027301034	0.0	0.3
OG0004907	0.00013094103	0.00035758383	0.0	0.21
OG0000201	0.00013060664	0.00021208396	0.0	0.38
OG0004200	0.00013035967	0.00035379804	0.0	0.15
OG0011612	0.00013029018	0.0003277759	0.0	0.23
OG0000554	0.00012967708	0.00022357014	1.8155204e-05	0.5
OG0000208	0.0001289232	0.00021621927	0.0	0.38
OG0000557	0.00012886114	0.00022112827	0.0	0.35
OG0000070	0.00012838127	0.0001683706	8.379093e-05	0.54
OG0000816	0.00012836645	0.00023707488	0.0	0.36
OG0003581	0.00012824888	0.00027273444	0.0	0.27
OG0003546	0.00012821137	0.00019547643	0.0	0.48
OG0000544	0.00012808118	0.00021200842	0.0	0.43
OG0000094	0.00012807341	0.00017646245	5.332608e-05	0.63
OG0017745	0.00012799828	0.00029780043	0.0	0.32
OG0001009	0.00012751669	0.00042759484	0.0	0.24
OG0004836	0.00012737092	0.00043062493	0.0	0.13
OG0005597	0.00012719074	0.00034974742	0.0	0.24
OG0001500	0.00012713161	0.00028134085	0.0	0.4
OG0001664	0.00012674049	0.00034649792	0.0	0.43
OG0004668	0.00012670996	0.00031818837	0.0	0.29
OG0004759	0.00012629248	0.00036037003	0.0	0.15
OG0000543	0.00012529311	0.00032014228	0.0	0.21
OG0003059	0.0001250711	0.0003214392	0.0	0.31
OG0000349	0.00012490309	0.00026822806	0.0	0.44
OG0000239	0.00012487035	0.00022388116	0.0	0.4
OG0000440	0.00012467288	0.00026441293	0.0	0.37
OG0003592	0.00012466386	0.00020608612	0.0	0.35
OG0000399	0.0001245343	0.00033178803	0.0	0.28
OG0006979	0.00012420843	0.00026903595	0.0	0.25
OG0008370	0.00012408648	0.00031482338	0.0	0.22
OG0012332	0.00012364726	0.00042138484	0.0	0.2
OG0000494	0.00012327713	0.000303587	0.0	0.44
OG0004304	0.00012278254	0.00034028897	0.0	0.15
OG0001791	0.0001227629	0.00022246274	0.0	0.42
OG0011585	0.00012249961	0.00028396476	0.0	0.3
OG0008909	0.00012240782	0.0003913358	0.0	0.19
OG0000607	0.00012212456	0.0003058927	0.0	0.31
OG0000211	0.000121990226	0.00021480041	0.0	0.49
OG0000541	0.00012197424	0.00021656393	0.0	0.41
OG0000485	0.00012139403	0.00028239292	0.0	0.21
OG0004117	0.00012109196	0.00023730028	0.0	0.34
OG0005073	0.0001210129	0.0004148561	0.0	0.12
OG0000360	0.000120864446	0.00020432047	0.0	0.46
OG0005405	0.00012065922	0.00028062979	0.0	0.23
OG0004385	0.000120107776	0.00030024155	0.0	0.21
OG0000836	0.00012005368	0.0001976981	0.0	0.45
OG0000249	0.00011950566	0.0005521594	0.0	0.32
OG0000390	0.00011944748	0.00019235445	0.0	0.38
OG0000236	0.000119233235	0.00026140083	0.0	0.37
OG0000468	0.00011885545	0.00039173133	0.0	0.28
OG0003587	0.00011879695	0.00024073543	0.0	0.37
OG0000231	0.000118715645	0.00021869299	0.0	0.4
OG0001153	0.00011840818	0.00024940644	0.0	0.32
OG0002597	0.00011825964	0.00024358086	0.0	0.38
OG0005585	0.00011803879	0.00033039466	0.0	0.22
OG0000335	0.0001178113	0.00020610998	0.0	0.41
OG0000570	0.00011751029	0.00021469977	0.0	0.35
OG0010224	0.000117404954	0.00034130056	0.0	0.21
OG0004315	0.00011713652	0.0003733633	0.0	0.11
OG0007369	0.00011670973	0.00027157395	0.0	0.19
OG0004576	0.00011655707	0.0003201003	0.0	0.32
OG0001295	0.0001160725	0.00025887493	0.0	0.35
OG0003213	0.00011591742	0.0002553813	0.0	0.28
OG0006168	0.00011566383	0.0002680848	0.0	0.2
OG0007276	0.000115389965	0.00023383182	0.0	0.28
OG0003500	0.000115148345	0.00024152297	0.0	0.26
OG0004869	0.00011503028	0.0003181862	0.0	0.14
OG0008338	0.00011500037	0.00023437875	0.0	0.37
OG0003658	0.00011441838	0.00031103677	0.0	0.19
OG0000712	0.00011431445	0.00018948322	0.0	0.32
OG0008568	0.000114185845	0.00028065342	0.0	0.24
OG0009658	0.00011415178	0.0003096991	0.0	0.17
OG0009345	0.00011377864	0.0004784247	0.0	0.16
OG0006237	0.00011357848	0.00034568843	0.0	0.22
OG0003201	0.00011269957	0.00041672034	0.0	0.12
OG0000020	0.00011234605	0.00021086697	0.0	0.31
OG0004508	0.00011234285	0.0004042558	0.0	0.19
OG0000331	0.00011230805	0.00023624898	0.0	0.35
OG0003454	0.000112060494	0.00030496198	0.0	0.25
OG0007656	0.00011147489	0.00032690965	0.0	0.12
OG0004097	0.00011147416	0.00023894306	0.0	0.39
OG0003795	0.000111450296	0.0003080184	0.0	0.18
OG0008666	0.000111409005	0.0002734511	0.0	0.2
OG0010536	0.000111132	0.00020561398	0.0	0.29
OG0006632	0.00011110679	0.00030233382	0.0	0.23
OG0004478	0.00011095854	0.00026047628	0.0	0.24
OG0000861	0.00010987538	0.00019059729	0.0	0.4
OG0007362	0.00010963078	0.0001925656	0.0	0.34
OG0004521	0.00010961557	0.00040078146	0.0	0.14
OG0000307	0.000109540255	0.000173486	0.0	0.46
OG0003297	0.0001091677	0.00025602558	0.0	0.27
OG0005018	0.00010914721	0.0003214357	0.0	0.12
OG0008080	0.000108877066	0.00035539494	0.0	0.13
OG0009199	0.000108731125	0.00027205516	0.0	0.33
OG0003972	0.00010869948	0.00026253043	0.0	0.25
OG0005164	0.000108681415	0.00023655953	0.0	0.28
OG0009996	0.00010828034	0.00068557984	0.0	0.14
OG0005063	0.00010826718	0.00040261462	0.0	0.12
OG0000215	0.00010823359	0.00015867678	0.0	0.45
OG0014455	0.00010821721	0.00029521153	0.0	0.24
OG0004295	0.0001081165	0.0002688918	0.0	0.21
OG0010922	0.000108098444	0.000280009	0.0	0.23
OG0006325	0.0001078574	0.00030520206	0.0	0.22
OG0003514	0.00010762988	0.00018411488	0.0	0.49
OG0001089	0.000107546766	0.0005409159	0.0	0.14
OG0006215	0.00010745772	0.00022972214	0.0	0.28
OG0001988	0.00010701745	0.00021785693	0.0	0.36
OG0008567	0.0001069308	0.00022275555	0.0	0.25
OG0003134	0.000106895735	0.0003632126	0.0	0.24
OG0003855	0.00010670572	0.00022492949	0.0	0.29
OG0000882	0.000106412415	0.00023151275	0.0	0.29
OG0010442	0.000106407584	0.00026488636	0.0	0.24
OG0000189	0.00010591081	0.00017244047	0.0	0.43
OG0004721	0.00010580235	0.00029910778	0.0	0.13
OG0000146	0.000105502484	0.0001967767	0.0	0.4
OG0000268	0.00010501893	0.00024835285	0.0	0.25
OG0009205	0.000104801504	0.00031955997	0.0	0.19
OG0009693	0.000104781975	0.00026544466	0.0	0.18
OG0000057	0.0001044926	0.00014878463	4.0836803e-05	0.53
OG0000238	0.00010417182	0.00021979059	0.0	0.35
OG0005905	0.00010416572	0.00032318634	0.0	0.12
OG0000630	0.00010405625	0.00020568166	0.0	0.32
OG0000528	0.00010382927	0.00027391742	0.0	0.24
OG0007079	0.00010381658	0.00029059715	0.0	0.12
OG0003766	0.000103455546	0.0003568899	0.0	0.15
OG0000333	0.00010343226	0.00026725122	0.0	0.2
OG0007131	0.00010332822	0.00023910152	0.0	0.21
OG0004990	0.00010330256	0.00024210084	0.0	0.29
OG0001767	0.000103216116	0.00026902038	0.0	0.33
OG0000462	0.00010320494	0.00024005621	0.0	0.22
OG0004131	0.0001032046	0.00015952058	0.0	0.37
OG0000165	0.000103001454	0.00020808968	0.0	0.36
OG0000301	0.00010273303	0.0001660481	0.0	0.47
OG0005092	0.00010253347	0.0003763836	0.0	0.1
OG0003666	0.00010236975	0.0003041189	0.0	0.25
OG0009165	0.00010226832	0.00028937357	0.0	0.24
OG0001310	0.00010207316	0.00031540098	0.0	0.25
OG0004401	0.000102030775	0.00029835495	0.0	0.14
OG0007761	0.00010200112	0.0002726018	0.0	0.24
OG0005675	0.00010175335	0.0003011991	0.0	0.16
OG0007199	0.000101664264	0.0003437318	0.0	0.11
OG0004260	0.00010165169	0.00021086018	0.0	0.31
OG0003948	0.00010159822	0.0002825322	0.0	0.17
OG0005614	0.000101189435	0.00033335903	0.0	0.19
OG0004411	0.000101088546	0.00021975518	0.0	0.26
OG0004454	0.00010097122	0.00018531167	0.0	0.39
OG0007871	0.00010080871	0.00032820043	0.0	0.13
OG0000283	0.000100675345	0.00019507828	0.0	0.38
OG0011702	0.000100389145	0.00018654499	0.0	0.31
OG0010900	0.000100376405	0.00021761176	0.0	0.32
OG0001284	0.00010023283	0.00020556757	0.0	0.26
OG0006268	0.00010021145	0.00028010024	0.0	0.21
OG0008345	0.0001000765	0.00027279678	0.0	0.16
OG0011013	9.991986e-05	0.0002670751	0.0	0.2
OG0007611	9.97088e-05	0.0003965698	0.0	0.11
OG0003973	9.921942e-05	0.00020873018	0.0	0.27
OG0004854	9.888976e-05	0.0003382196	0.0	0.1
OG0001240	9.7806595e-05	0.00030797767	0.0	0.29
OG0003774	9.763194e-05	0.0001765775	0.0	0.35
OG0008153	9.7559234e-05	0.0002627413	0.0	0.15
OG0004268	9.754244e-05	0.0002795877	0.0	0.16
OG0005870	9.739742e-05	0.0002464148	0.0	0.19
OG0001556	9.7356366e-05	0.00031401124	0.0	0.19
OG0000235	9.711899e-05	0.00015197638	4.229296e-05	0.54
OG0005546	9.69982e-05	0.00036706822	0.0	0.11
OG0004460	9.699375e-05	0.00049072964	0.0	0.13
OG0004092	9.6927804e-05	0.00020504871	0.0	0.26
OG0002991	9.681034e-05	0.00022094586	0.0	0.28
OG0000186	9.6688e-05	0.00020045791	0.0	0.44
OG0009084	9.665947e-05	0.0002467945	0.0	0.17
OG0000200	9.653608e-05	0.000261946	0.0	0.28
OG0001363	9.612786e-05	0.00023931859	0.0	0.3
OG0005936	9.608934e-05	0.00020210414	0.0	0.21
OG0003664	9.5824944e-05	0.00038998702	0.0	0.14
OG0010614	9.565721e-05	0.0002652302	0.0	0.2
OG0001832	9.5623036e-05	0.00023193775	0.0	0.28
OG0007647	9.559374e-05	0.0002474545	0.0	0.2
OG0008468	9.551897e-05	0.00023059627	0.0	0.23
OG0000095	9.5488205e-05	0.00013053988	0.0	0.45
OG0001287	9.5341566e-05	0.00019270003	0.0	0.3
OG0000838	9.520155e-05	0.00025124327	0.0	0.19
OG0009210	9.501253e-05	0.00025033395	0.0	0.18
OG0009387	9.496386e-05	0.00019522294	0.0	0.23
OG0002044	9.446402e-05	0.00015271679	0.0	0.36
OG0000525	9.428884e-05	0.00016948454	0.0	0.3
OG0000716	9.399706e-05	0.00040956418	0.0	0.2
OG0001563	9.393246e-05	0.00020905111	0.0	0.29
OG0000568	9.3875955e-05	0.00022563332	0.0	0.29
OG0001388	9.360197e-05	0.000259113	0.0	0.22
OG0000455	9.3482595e-05	0.00019204509	0.0	0.37
OG0000225	9.322306e-05	0.00018236792	0.0	0.41
OG0003013	9.3188864e-05	0.0003380999	0.0	0.22
OG0007700	9.29595e-05	0.00026837626	0.0	0.18
OG0001259	9.281169e-05	0.00023522637	0.0	0.34
OG0008082	9.274891e-05	0.00025672073	0.0	0.17
OG0000185	9.272939e-05	0.00011804914	4.2776788e-05	0.52
OG0003392	9.267791e-05	0.00022071348	0.0	0.21
OG0010960	9.2309696e-05	0.00018114594	0.0	0.29
OG0009090	9.191125e-05	0.0002500779	0.0	0.16
OG0001169	9.185669e-05	0.0002066302	0.0	0.3
OG0005128	9.182279e-05	0.0002661982	0.0	0.12
OG0005036	9.179591e-05	0.00027690956	0.0	0.17
OG0004264	9.1625436e-05	0.00026397972	0.0	0.2
OG0001275	9.132204e-05	0.00020825272	0.0	0.25
OG0004179	9.129598e-05	0.0004468884	0.0	0.08
OG0000371	9.125437e-05	0.0002286112	0.0	0.24
OG0003233	9.107932e-05	0.0002779076	0.0	0.19
OG0004376	9.079255e-05	0.00023918702	0.0	0.15
OG0004926	9.0573514e-05	0.00037409193	0.0	0.12
OG0003459	9.052927e-05	0.00021955528	0.0	0.24
OG0000382	9.041952e-05	0.0002197462	0.0	0.24
OG0000929	9.0320005e-05	0.0002971676	0.0	0.17
OG0007758	9.0168134e-05	0.00020970532	0.0	0.24
OG0007119	8.9950634e-05	0.00020666701	0.0	0.22
OG0002430	8.971734e-05	0.0002763216	0.0	0.26
OG0000409	8.969491e-05	0.00025739442	0.0	0.24
OG0003506	8.964553e-05	0.00021758607	0.0	0.19
OG0003280	8.937268e-05	0.00021295069	0.0	0.21
OG0005769	8.9240864e-05	0.0002793437	0.0	0.12
OG0000381	8.912109e-05	0.00023568163	0.0	0.26
OG0000230	8.91007e-05	0.0001778427	0.0	0.35
OG0002981	8.906277e-05	0.00021737092	0.0	0.27
OG0000698	8.901835e-05	0.00018923175	0.0	0.34
OG0003215	8.888901e-05	0.00022585897	0.0	0.23
OG0002420	8.875282e-05	0.00019757255	0.0	0.4
OG0000167	8.8710636e-05	0.00017630852	0.0	0.35
OG0003098	8.848463e-05	0.0002541016	0.0	0.14
OG0003763	8.8376364e-05	0.00024689583	0.0	0.24
OG0000234	8.8347544e-05	0.00014330653	0.0	0.41
OG0006477	8.831326e-05	0.00028638152	0.0	0.1
OG0000702	8.8203866e-05	0.0003620781	0.0	0.25
OG0000515	8.803115e-05	0.00015966852	0.0	0.39
OG0000228	8.802376e-05	0.00018562634	0.0	0.31
OG0004791	8.7873814e-05	0.00028202985	0.0	0.12
OG0000393	8.770451e-05	0.00018479199	0.0	0.33
OG0000530	8.7674285e-05	0.00019348426	0.0	0.28
OG0006671	8.756966e-05	0.00021470583	0.0	0.18
OG0003518	8.7400054e-05	0.0002822798	0.0	0.31
OG0005083	8.726201e-05	0.00018426425	0.0	0.25
OG0000157	8.714269e-05	0.00014948178	0.0	0.42
OG0006011	8.699381e-05	0.00027933734	0.0	0.13
OG0003397	8.677594e-05	0.0002614323	0.0	0.18
OG0003775	8.655909e-05	0.0002340944	0.0	0.27
OG0000429	8.654093e-05	0.00013750681	0.0	0.38
OG0004548	8.64737e-05	0.00024305179	0.0	0.19
OG0000265	8.635801e-05	0.00014326406	0.0	0.43
OG0003517	8.634247e-05	0.00020184586	0.0	0.27
OG0000026	8.624964e-05	0.00020680539	0.0	0.35
OG0001846	8.611534e-05	0.00019942454	0.0	0.29
OG0004330	8.5981585e-05	0.00018248598	0.0	0.28
OG0003026	8.587798e-05	0.00028517056	0.0	0.27
OG0006664	8.587772e-05	0.0002167962	0.0	0.18
OG0012667	8.585511e-05	0.00022451067	0.0	0.26
OG0000107	8.578356e-05	0.00017233394	0.0	0.42
OG0006667	8.576001e-05	0.00017107443	0.0	0.28
OG0016911	8.568193e-05	0.0003244768	0.0	0.2
OG0005967	8.5667314e-05	0.0002445919	0.0	0.15
OG0005392	8.5469524e-05	0.0002729884	0.0	0.11
OG0003964	8.538675e-05	0.00017880568	0.0	0.27
OG0003197	8.53513e-05	0.00016493793	0.0	0.27
OG0009511	8.5233834e-05	0.0002216584	0.0	0.19
OG0004624	8.507396e-05	0.00030727725	0.0	0.17
OG0006257	8.5033e-05	0.00021681485	0.0	0.17
OG0000420	8.4637635e-05	0.00017645373	0.0	0.31
OG0003742	8.456483e-05	0.00021187092	0.0	0.2
OG0005656	8.445413e-05	0.00019437537	0.0	0.21
OG0000467	8.4382125e-05	0.00021675687	0.0	0.23
OG0000981	8.434459e-05	0.00019207996	0.0	0.28
OG0004377	8.4328574e-05	0.00019947416	0.0	0.22
OG0005303	8.426029e-05	0.00034216448	0.0	0.08
OG0006486	8.400608e-05	0.00025570614	0.0	0.12
OG0004956	8.391377e-05	0.00028121745	0.0	0.15
OG0000169	8.388283e-05	0.00017037065	0.0	0.3
OG0001410	8.3389765e-05	0.00024265428	0.0	0.17
OG0006549	8.3303676e-05	0.00017208594	0.0	0.33
OG0003709	8.3255654e-05	0.00024243732	0.0	0.2
OG0000216	8.3238876e-05	0.00014992386	0.0	0.4
OG0000636	8.2619634e-05	0.00017307297	0.0	0.35
OG0006954	8.247288e-05	0.00027081044	0.0	0.2
OG0006920	8.200665e-05	0.0003889748	0.0	0.2
OG0003291	8.190178e-05	0.0001661198	0.0	0.29
OG0008912	8.182955e-05	0.00016196672	0.0	0.27
OG0002592	8.1591104e-05	0.00021130664	0.0	0.21
OG0003870	8.159058e-05	0.0002549135	0.0	0.18
OG0000898	8.134332e-05	0.0002680971	0.0	0.25
OG0000441	8.128607e-05	0.000241693	0.0	0.23
OG0005278	8.124564e-05	0.0002599179	0.0	0.14
OG0003861	8.108702e-05	0.00021784141	0.0	0.19
OG0010458	8.087639e-05	0.00021890925	0.0	0.18
OG0004773	8.0585305e-05	0.00017181318	0.0	0.27
OG0004639	8.015996e-05	0.00034647642	0.0	0.06
OG0001402	8.011972e-05	0.00017740997	0.0	0.27
OG0001529	8.003003e-05	0.00022077824	0.0	0.23
OG0000575	7.992188e-05	0.00022459822	0.0	0.26
OG0006161	7.967747e-05	0.0003100164	0.0	0.1
OG0006942	7.9597135e-05	0.0002279643	0.0	0.18
OG0000994	7.9384634e-05	0.00014880806	0.0	0.32
OG0000804	7.937834e-05	0.00016352144	0.0	0.27
OG0000912	7.934627e-05	0.00024599725	0.0	0.25
OG0004563	7.932307e-05	0.00021574374	0.0	0.16
OG0006472	7.930085e-05	0.00023663118	0.0	0.15
OG0010041	7.922895e-05	0.00017585473	0.0	0.26
OG0006241	7.922029e-05	0.00024594358	0.0	0.1
OG0008575	7.908452e-05	0.00020439041	0.0	0.17
OG0002950	7.906147e-05	0.00017193728	0.0	0.3
OG0006868	7.896805e-05	0.00022001672	0.0	0.15
OG0001418	7.8830366e-05	0.00019596194	0.0	0.19
OG0011006	7.873985e-05	0.00023333669	0.0	0.14
OG0006275	7.8736375e-05	0.0001709228	0.0	0.24
OG0000796	7.872582e-05	0.00015442361	0.0	0.34
OG0000213	7.868878e-05	0.00013630604	0.0	0.36
OG0004069	7.865614e-05	0.0002742684	0.0	0.16
OG0002280	7.8567944e-05	0.00016088014	0.0	0.28
OG0005397	7.8357145e-05	0.00027519325	0.0	0.15
OG0004491	7.813237e-05	0.00018384049	0.0	0.27
OG0009359	7.8124605e-05	0.00020384986	0.0	0.16
OG0003527	7.811376e-05	0.000306807	0.0	0.14
OG0005286	7.792674e-05	0.00033474618	0.0	0.09
OG0005785	7.78932e-05	0.00021518568	0.0	0.17
OG0010111	7.771718e-05	0.0002700844	0.0	0.1
OG0001097	7.770815e-05	0.0001847373	0.0	0.28
OG0000516	7.753675e-05	0.00015190293	0.0	0.26
OG0005690	7.742285e-05	0.00022069822	0.0	0.12
OG0004687	7.711671e-05	0.00018852692	0.0	0.23
OG0004137	7.690621e-05	0.00031805914	0.0	0.13
OG0000430	7.687586e-05	0.00013114615	0.0	0.33
OG0000199	7.657401e-05	0.00014167957	0.0	0.33
OG0001151	7.6545984e-05	0.00029980575	0.0	0.16
OG0001745	7.64198e-05	0.00020847592	0.0	0.14
OG0005801	7.636316e-05	0.00026134262	0.0	0.12
OG0010544	7.622356e-05	0.0002169001	0.0	0.16
OG0005232	7.611347e-05	0.000199113	0.0	0.19
OG0000131	7.6008124e-05	0.00014343485	0.0	0.32
OG0007224	7.584381e-05	0.00018508753	0.0	0.18
OG0000188	7.577399e-05	0.00014795232	0.0	0.33
OG0004165	7.5727294e-05	0.00044327328	0.0	0.09
OG0005830	7.5258984e-05	0.00027172593	0.0	0.16
OG0000492	7.5255746e-05	0.00018505278	0.0	0.3
OG0004296	7.5225915e-05	0.00020602065	0.0	0.18
OG0000728	7.5025884e-05	0.00015364346	0.0	0.29
OG0004458	7.4990705e-05	0.00016206852	0.0	0.27
OG0005259	7.48805e-05	0.00023016767	0.0	0.13
OG0004980	7.469067e-05	0.000214215	0.0	0.17
OG0003932	7.46636e-05	0.00021900148	0.0	0.15
OG0004207	7.462895e-05	0.0002638383	0.0	0.15
OG0000526	7.453974e-05	0.00038831146	0.0	0.17
OG0007499	7.42672e-05	0.00012216339	0.0	0.36
OG0002990	7.416829e-05	0.00022399094	0.0	0.18
OG0005199	7.398074e-05	0.00015194243	0.0	0.23
OG0006299	7.396973e-05	0.00017868778	0.0	0.17
OG0000622	7.394054e-05	0.0001490111	0.0	0.32
OG0000250	7.3897856e-05	0.00014949638	0.0	0.26
OG0006287	7.380388e-05	0.0003687886	0.0	0.16
OG0003375	7.346675e-05	0.00011849265	0.0	0.4
OG0001179	7.3160154e-05	0.00018631345	0.0	0.25
OG0000127	7.310369e-05	0.00016218789	0.0	0.36
OG0000660	7.280375e-05	0.0001934124	0.0	0.22
OG0000162	7.269218e-05	0.00014755623	0.0	0.33
OG0002605	7.261423e-05	0.00021552053	0.0	0.22
OG0006150	7.25451e-05	0.00034830958	0.0	0.09
OG0000943	7.251254e-05	0.00015804893	0.0	0.28
OG0001409	7.244239e-05	0.00021202274	0.0	0.16
OG0000803	7.235718e-05	0.00019216405	0.0	0.2
OG0000474	7.212338e-05	0.00015675438	0.0	0.24
OG0004222	7.210915e-05	0.00014474399	0.0	0.28
OG0004045	7.1946866e-05	0.00019096065	0.0	0.19
OG0000284	7.173548e-05	0.0001660997	0.0	0.25
OG0004840	7.1510774e-05	0.00022962046	0.0	0.13
OG0004083	7.14006e-05	0.00015710863	0.0	0.22
OG0003139	7.140052e-05	0.00017713089	0.0	0.23
OG0005422	7.127319e-05	0.00019293698	0.0	0.18
OG0003404	7.092846e-05	0.00015108567	0.0	0.21
OG0000183	7.090823e-05	0.00013185317	0.0	0.38
OG0009644	7.063331e-05	0.0002218661	0.0	0.11
OG0001407	7.058671e-05	0.00018424503	0.0	0.28
OG0006388	7.053647e-05	0.00021729198	0.0	0.14
OG0002399	7.048036e-05	0.00016234159	0.0	0.33
OG0005116	7.047785e-05	0.00022291164	0.0	0.14
OG0001050	7.041244e-05	0.00016394857	0.0	0.22
OG0007064	7.0371854e-05	0.00015202338	0.0	0.29
OG0005626	6.990288e-05	0.00019846857	0.0	0.16
OG0000111	6.940691e-05	0.000111297784	0.0	0.4
OG0005231	6.8871865e-05	0.00028378225	0.0	0.1
OG0004096	6.874733e-05	0.0001445114	0.0	0.24
OG0001160	6.8696114e-05	0.00017213149	0.0	0.21
OG0007536	6.861573e-05	0.00025165477	0.0	0.16
OG0008784	6.850063e-05	0.00032852453	0.0	0.11
OG0006676	6.8498164e-05	0.00018108913	0.0	0.15
OG0004625	6.8414694e-05	0.00024518583	0.0	0.13
OG0003363	6.833246e-05	0.00014359324	0.0	0.27
OG0001389	6.8237394e-05	0.00020389119	0.0	0.21
OG0001219	6.8148525e-05	0.00013187864	0.0	0.26
OG0010229	6.806414e-05	0.0002467647	0.0	0.12
OG0005160	6.8058e-05	0.00016899395	0.0	0.18
OG0000303	6.805626e-05	0.00013084304	0.0	0.3
OG0006381	6.801552e-05	0.00016737232	0.0	0.18
OG0010972	6.774169e-05	0.00016420669	0.0	0.23
OG0003894	6.773813e-05	0.00020329397	0.0	0.11
OG0000725	6.756539e-05	0.00021023721	0.0	0.19
OG0001067	6.752982e-05	0.00015427404	0.0	0.24
OG0003665	6.7527224e-05	0.00017153865	0.0	0.17
OG0007279	6.743906e-05	0.00025122115	0.0	0.11
OG0007929	6.733576e-05	0.00018777473	0.0	0.15
OG0003526	6.7332614e-05	0.00020682313	0.0	0.29
OG0003079	6.696969e-05	0.00029943566	0.0	0.17
OG0010044	6.688894e-05	0.00020309025	0.0	0.12
OG0004568	6.688432e-05	0.00020450962	0.0	0.18
OG0003162	6.684745e-05	0.00013192321	0.0	0.33
OG0000601	6.675918e-05	0.0001415506	0.0	0.29
OG0000428	6.6666704e-05	0.00014000897	0.0	0.28
OG0007910	6.665166e-05	0.00016012712	0.0	0.23
OG0003293	6.648647e-05	0.00017123022	0.0	0.17
OG0000766	6.644459e-05	0.00013993845	0.0	0.26
OG0018590	6.638337e-05	0.00016473567	0.0	0.21
OG0000616	6.637878e-05	0.00015542316	0.0	0.22
OG0003399	6.6174456e-05	0.00020620535	0.0	0.24
OG0000258	6.616541e-05	0.00015139986	0.0	0.28
OG0004430	6.609342e-05	0.00024063486	0.0	0.09
OG0003153	6.591493e-05	0.00014604205	0.0	0.27
OG0000659	6.5725006e-05	0.00015092384	0.0	0.24
OG0012433	6.5652406e-05	0.00017040042	0.0	0.16
OG0004387	6.565233e-05	0.00014198344	0.0	0.22
OG0010089	6.5513246e-05	0.00025205332	0.0	0.11
OG0008179	6.4927764e-05	0.00020097103	0.0	0.16
OG0000255	6.480653e-05	0.00015869594	0.0	0.25
OG0003407	6.45315e-05	0.0001353029	0.0	0.32
OG0013341	6.452889e-05	0.00015493132	0.0	0.21
OG0006061	6.426361e-05	0.00016376773	0.0	0.21
OG0009187	6.425174e-05	0.00017268534	0.0	0.15
OG0000540	6.417681e-05	0.00014311484	0.0	0.23
OG0007210	6.3987725e-05	0.00015037536	0.0	0.21
OG0005103	6.378855e-05	0.0002823519	0.0	0.06
OG0011005	6.374508e-05	0.00016929215	0.0	0.15
OG0006812	6.3677966e-05	0.0001810291	0.0	0.14
OG0000740	6.367378e-05	0.00016927857	0.0	0.17
OG0003757	6.3571235e-05	0.0001365395	0.0	0.26
OG0000117	6.345797e-05	0.0001278829	0.0	0.33
OG0004266	6.337732e-05	0.0002498342	0.0	0.14
OG0000442	6.306675e-05	0.00011853288	0.0	0.3
OG0000556	6.3014784e-05	0.00016068867	0.0	0.21
OG0004101	6.2995314e-05	0.00014700173	0.0	0.19
OG0004889	6.274943e-05	0.00021684427	0.0	0.14
OG0000629	6.2709085e-05	0.000111371104	0.0	0.29
OG0002208	6.27001e-05	0.00015027613	0.0	0.38
OG0001514	6.266654e-05	0.00020332192	0.0	0.23
OG0000329	6.252305e-05	0.0001240943	0.0	0.25
OG0004026	6.251717e-05	0.00023939664	0.0	0.08
OG0000405	6.247318e-05	0.00023049918	0.0	0.13
OG0003344	6.246958e-05	0.0002785146	0.0	0.06
OG0000841	6.244569e-05	0.00017063686	0.0	0.16
OG0004159	6.226229e-05	0.00024283264	0.0	0.11
OG0000989	6.222646e-05	0.00013948526	0.0	0.22
OG0000813	6.1969826e-05	0.0001448469	0.0	0.24
OG0000480	6.179182e-05	0.0001360475	0.0	0.29
OG0000180	6.169235e-05	0.00020292478	0.0	0.14
OG0003672	6.160491e-05	0.00018389712	0.0	0.15
OG0000242	6.158426e-05	0.00016182444	0.0	0.25
OG0005897	6.1553685e-05	0.00014249084	0.0	0.23
OG0000137	6.153435e-05	0.00010570386	0.0	0.38
OG0000708	6.1363506e-05	0.00017179361	0.0	0.16
OG0004657	6.121105e-05	0.00014079124	0.0	0.18
OG0003394	6.119886e-05	0.00019178662	0.0	0.16
OG0005722	6.119487e-05	0.00023132024	0.0	0.07
OG0007769	6.116374e-05	0.00026155557	0.0	0.13
OG0011033	6.114116e-05	0.00017306524	0.0	0.16
OG0005256	6.1047285e-05	0.00013920458	0.0	0.2
OG0000392	6.0790633e-05	0.00013659691	0.0	0.24
OG0014476	6.0600294e-05	0.00013917337	0.0	0.26
OG0008632	6.0519487e-05	0.00045202926	0.0	0.06
OG0013758	6.050906e-05	0.000134292	0.0	0.24
OG0003611	6.048484e-05	0.00017281178	0.0	0.14
OG0004768	6.0373863e-05	0.00014456137	0.0	0.2
OG0010042	6.034931e-05	0.00017532693	0.0	0.13
OG0008600	6.0297967e-05	0.00020654117	0.0	0.13
OG0003353	6.0272087e-05	0.00011784697	0.0	0.3
OG0001300	6.0194667e-05	0.00017185225	0.0	0.16
OG0011011	6.0095914e-05	0.00015908973	0.0	0.19
OG0000642	6.0024235e-05	0.00013243027	0.0	0.3
OG0003688	5.9921047e-05	0.0001347663	0.0	0.24
OG0003896	5.9821727e-05	0.00015963602	0.0	0.16
OG0004180	5.9742102e-05	0.00018106373	0.0	0.14
OG0004195	5.9650134e-05	0.00012649143	0.0	0.22
OG0000304	5.9550082e-05	0.00010649904	0.0	0.37
OG0000263	5.9440503e-05	0.00016532256	0.0	0.21
OG0004373	5.9428326e-05	0.00027563638	0.0	0.08
OG0000593	5.941776e-05	0.00017780197	0.0	0.15
OG0004177	5.935949e-05	0.00019206756	0.0	0.18
OG0004612	5.9186495e-05	0.00014971584	0.0	0.19
OG0003191	5.9148668e-05	0.00016013521	0.0	0.16
OG0012344	5.913926e-05	0.0001362664	0.0	0.21
OG0007233	5.9011138e-05	0.00013986045	0.0	0.23
OG0003858	5.8905116e-05	0.00018296362	0.0	0.16
OG0000260	5.8887937e-05	0.00016371346	0.0	0.25
OG0003590	5.883825e-05	0.00019437715	0.0	0.09
OG0003856	5.8800295e-05	0.00016409902	0.0	0.15
OG0004873	5.874896e-05	0.00025536594	0.0	0.09
OG0003764	5.8557976e-05	0.00022981883	0.0	0.1
OG0001002	5.83029e-05	0.00021017066	0.0	0.15
OG0003819	5.8131758e-05	0.0003023676	0.0	0.13
OG0003168	5.8125384e-05	0.000121937555	0.0	0.23
OG0000585	5.810392e-05	0.00019535048	0.0	0.15
OG0000577	5.8035817e-05	0.00011922596	0.0	0.29
OG0000460	5.7943696e-05	0.00013985495	0.0	0.2
OG0001770	5.791819e-05	0.00013766611	0.0	0.23
OG0005886	5.7855483e-05	0.00032881415	0.0	0.04
OG0005382	5.737178e-05	0.00017803338	0.0	0.15
OG0001355	5.7356272e-05	0.00017493058	0.0	0.2
OG0004086	5.7290337e-05	0.00017685536	0.0	0.15
OG0004142	5.7248366e-05	0.00017670266	0.0	0.12
OG0009438	5.704415e-05	0.00014871027	0.0	0.14
OG0009462	5.69826e-05	0.00015357976	0.0	0.21
OG0000823	5.6923604e-05	0.00011841443	0.0	0.29
OG0005347	5.691346e-05	0.00020430614	0.0	0.09
OG0013368	5.6910914e-05	0.00019382028	0.0	0.16
OG0000477	5.690774e-05	0.00013325985	0.0	0.21
OG0000219	5.6775058e-05	0.00013346026	0.0	0.28
OG0000198	5.6661265e-05	0.0001506216	0.0	0.23
OG0003020	5.6607183e-05	0.00015065627	0.0	0.15
OG0000646	5.660097e-05	0.00011718078	0.0	0.27
OG0005002	5.650071e-05	0.00023824781	0.0	0.12
OG0001084	5.6279754e-05	0.00016227679	0.0	0.24
OG0000765	5.6080724e-05	0.00017001192	0.0	0.18
OG0000079	5.6067445e-05	0.00014407284	0.0	0.28
OG0000155	5.5994387e-05	0.000104355786	0.0	0.38
OG0000427	5.597522e-05	0.000119903765	0.0	0.27
OG0005909	5.5937202e-05	0.00016584701	0.0	0.13
OG0005731	5.5928485e-05	0.00017493367	0.0	0.15
OG0005608	5.5755274e-05	0.00011624496	0.0	0.24
OG0006431	5.5672037e-05	0.0002325407	0.0	0.07
OG0004755	5.5563905e-05	0.00018819203	0.0	0.13
OG0004774	5.54748e-05	0.0002112894	0.0	0.08
OG0004565	5.5473054e-05	0.00017350343	0.0	0.15
OG0004299	5.5368346e-05	0.00016592951	0.0	0.12
OG0004826	5.536635e-05	0.00019943295	0.0	0.08
OG0008837	5.5284527e-05	0.00016876869	0.0	0.13
OG0003639	5.501515e-05	0.00017076413	0.0	0.16
OG0003596	5.4970253e-05	0.00012308048	0.0	0.2
OG0000573	5.4945e-05	0.00015284767	0.0	0.15
OG0010905	5.4930217e-05	0.00015413803	0.0	0.14
OG0016415	5.4829805e-05	0.00013843615	0.0	0.2
OG0002912	5.478378e-05	0.00012944634	0.0	0.25
OG0003172	5.4778746e-05	0.00014859257	0.0	0.2
OG0000624	5.4672117e-05	0.00016759383	0.0	0.22
OG0003431	5.458508e-05	0.00012211676	0.0	0.19
OG0004042	5.4570428e-05	0.00013663691	0.0	0.19
OG0000273	5.4430842e-05	0.00011362172	0.0	0.26
OG0011561	5.4393196e-05	0.0001514164	0.0	0.16
OG0000918	5.4273605e-05	0.00012806992	0.0	0.19
OG0004727	5.4109143e-05	0.00025784835	0.0	0.1
OG0005012	5.4036045e-05	0.00016026915	0.0	0.16
OG0000565	5.3995405e-05	0.0001353112	0.0	0.18
OG0004514	5.3989297e-05	0.00013782116	0.0	0.16
OG0000252	5.3923864e-05	0.00012844843	0.0	0.22
OG0003748	5.3887776e-05	0.00013421167	0.0	0.2
OG0001237	5.3791548e-05	0.00018272288	0.0	0.12
OG0000612	5.375504e-05	0.00025452653	0.0	0.17
OG0000319	5.368868e-05	0.000100146266	0.0	0.29
OG0002865	5.3567957e-05	0.00018428879	0.0	0.18
OG0000919	5.3561598e-05	0.00018939764	0.0	0.17
OG0005354	5.340034e-05	0.00016948377	0.0	0.11
OG0000600	5.338789e-05	0.00013387266	0.0	0.17
OG0001592	5.3247008e-05	0.0001743934	0.0	0.14
OG0005254	5.314556e-05	0.00018679164	0.0	0.18
OG0008918	5.294845e-05	0.00015142886	0.0	0.14
OG0005097	5.2941963e-05	0.00018587911	0.0	0.09
OG0001417	5.290236e-05	0.00017827192	0.0	0.15
OG0003503	5.2827694e-05	0.00016491394	0.0	0.14
OG0008946	5.2661624e-05	0.00018911771	0.0	0.16
OG0008667	5.2651703e-05	0.00011741182	0.0	0.23
OG0000745	5.2227035e-05	0.00011334532	0.0	0.23
OG0005179	5.2224877e-05	0.00015045491	0.0	0.16
OG0000096	5.2141913e-05	0.00010387641	0.0	0.3
OG0008470	5.2098632e-05	0.0002668542	0.0	0.08
OG0000703	5.2034786e-05	0.00010985141	0.0	0.29
OG0000320	5.2027917e-05	0.00014202409	0.0	0.23
OG0006560	5.2000567e-05	0.00016163709	0.0	0.14
OG0009063	5.1987892e-05	0.0002179418	0.0	0.1
OG0005598	5.197131e-05	0.00011478328	0.0	0.28
OG0007653	5.192352e-05	0.00020332714	0.0	0.07
OG0000380	5.1683848e-05	0.00014778717	0.0	0.18
OG0011208	5.1681287e-05	0.00016078183	0.0	0.15
OG0007539	5.1554787e-05	0.00021030809	0.0	0.09
OG0004995	5.150992e-05	0.00016486661	0.0	0.15
OG0008076	5.149508e-05	0.00021570736	0.0	0.09
OG0000490	5.128094e-05	0.00014867722	0.0	0.14
OG0007807	5.1101415e-05	0.0001423087	0.0	0.14
OG0005430	5.092966e-05	0.00013076529	0.0	0.19
OG0004991	5.0894032e-05	0.00014065974	0.0	0.2
OG0000341	5.086626e-05	0.00012881488	0.0	0.26
OG0000547	5.0819428e-05	0.0001236019	0.0	0.26
OG0004210	5.0797054e-05	0.00018856824	0.0	0.11
OG0006273	5.0790804e-05	0.00023362998	0.0	0.06
OG0004028	5.0689574e-05	0.00015007777	0.0	0.2
OG0000998	5.0609964e-05	0.00014077192	0.0	0.17
OG0003626	5.033298e-05	0.00017530569	0.0	0.1
OG0002049	5.0301165e-05	0.00019751549	0.0	0.11
OG0008931	5.0296705e-05	0.0001270833	0.0	0.18
OG0014845	5.020522e-05	0.00011030931	0.0	0.21
OG0010277	5.0192895e-05	0.0001412296	0.0	0.19
OG0003180	4.9816183e-05	0.00016419587	0.0	0.13
OG0000834	4.9789687e-05	0.00012482393	0.0	0.3
OG0000274	4.9750226e-05	0.00014385887	0.0	0.18
OG0004433	4.9590097e-05	0.00014511908	0.0	0.14
OG0004489	4.9479437e-05	0.00016333371	0.0	0.11
OG0001008	4.9374863e-05	0.00014120348	0.0	0.16
OG0000372	4.9373295e-05	0.00012598973	0.0	0.22
OG0001075	4.935534e-05	0.00012269244	0.0	0.19
OG0000956	4.9323953e-05	0.000114569746	0.0	0.23
OG0010907	4.923177e-05	0.00026638806	0.0	0.06
OG0004467	4.9180948e-05	0.00014390874	0.0	0.14
OG0007672	4.9171693e-05	0.00017003335	0.0	0.11
OG0005482	4.912714e-05	0.0001652999	0.0	0.13
OG0000352	4.90655e-05	0.00017852605	0.0	0.14
OG0005466	4.9003935e-05	0.00016542837	0.0	0.09
OG0004999	4.8983544e-05	0.00014927723	0.0	0.12
OG0005309	4.889357e-05	0.00019003237	0.0	0.08
OG0007674	4.8844075e-05	0.00026037148	0.0	0.05
OG0003230	4.878781e-05	0.00014636233	0.0	0.16
OG0000257	4.8732305e-05	0.00011800413	0.0	0.21
OG0003068	4.872387e-05	0.00014582445	0.0	0.19
OG0002802	4.850649e-05	0.00013530593	0.0	0.16
OG0003794	4.8430218e-05	0.00014144587	0.0	0.17
OG0000133	4.8425387e-05	9.898866e-05	0.0	0.3
OG0004225	4.830463e-05	0.00013173794	0.0	0.18
OG0000595	4.8279515e-05	0.00017655523	0.0	0.1
OG0000890	4.8250462e-05	0.00013615558	0.0	0.15
OG0001401	4.819292e-05	0.00015450393	0.0	0.14
OG0001759	4.818856e-05	0.000106769054	0.0	0.2
OG0004532	4.8100304e-05	0.00012438951	0.0	0.18
OG0004594	4.8059475e-05	0.00014303105	0.0	0.16
OG0005120	4.802104e-05	0.00021166075	0.0	0.05
OG0005351	4.7929683e-05	0.0001145793	0.0	0.25
OG0004819	4.7880487e-05	0.00014577582	0.0	0.17
OG0000299	4.7856447e-05	9.595453e-05	0.0	0.3
OG0004586	4.780225e-05	0.00019127238	0.0	0.09
OG0003641	4.779937e-05	0.00013566883	0.0	0.18
OG0000880	4.7798203e-05	0.00010928356	0.0	0.22
OG0000842	4.7709196e-05	0.0001880231	0.0	0.14
OG0000414	4.7677146e-05	0.00016088645	0.0	0.12
OG0004993	4.7641053e-05	0.0001362459	0.0	0.14
OG0003783	4.757535e-05	0.00019845407	0.0	0.06
OG0010417	4.747618e-05	0.00011123669	0.0	0.21
OG0000649	4.7438323e-05	0.0001261909	0.0	0.21
OG0003830	4.7347272e-05	0.00010834919	0.0	0.23
OG0007393	4.7338355e-05	0.00013452886	0.0	0.15
OG0000542	4.730918e-05	0.00013271178	0.0	0.17
OG0000840	4.723636e-05	0.00010898651	0.0	0.25
OG0006936	4.7227215e-05	0.00019198266	0.0	0.09
OG0000757	4.7046015e-05	0.000109014945	0.0	0.21
OG0000982	4.676068e-05	0.000108606546	0.0	0.22
OG0003400	4.6723533e-05	0.00013755982	0.0	0.19
OG0001162	4.6706526e-05	0.0001456756	0.0	0.15
OG0000852	4.6676952e-05	0.00014332047	0.0	0.21
OG0002400	4.6645804e-05	0.00010470085	0.0	0.2
OG0010415	4.664233e-05	0.00010743347	0.0	0.22
OG0001750	4.660739e-05	0.00014875425	0.0	0.14
OG0003486	4.6596528e-05	0.00014087332	0.0	0.14
OG0001068	4.6590027e-05	0.00015295472	0.0	0.14
OG0010548	4.656586e-05	0.00014090515	0.0	0.16
OG0011628	4.656417e-05	0.00015091151	0.0	0.12
OG0000411	4.6541198e-05	0.00013106123	0.0	0.15
OG0006115	4.654039e-05	0.00015456126	0.0	0.17
OG0006517	4.6536654e-05	0.0001521093	0.0	0.13
OG0007491	4.6488174e-05	0.00025592928	0.0	0.07
OG0000246	4.6459303e-05	0.0001122461	0.0	0.24
OG0000325	4.6458263e-05	0.00010040916	0.0	0.25
OG0001031	4.6325036e-05	0.00014116404	0.0	0.12
OG0000532	4.606834e-05	0.00012161337	0.0	0.19
OG0007882	4.6009165e-05	0.00012323598	0.0	0.18
OG0005868	4.5875884e-05	0.00018822157	0.0	0.08
OG0000514	4.583498e-05	9.389526e-05	0.0	0.25
OG0000122	4.5783763e-05	0.00014599724	0.0	0.14
OG0011022	4.5675923e-05	0.00012023255	0.0	0.15
OG0007056	4.5674104e-05	0.000115118106	0.0	0.17
OG0005056	4.546152e-05	0.00024908612	0.0	0.08
OG0006133	4.5454e-05	0.00019550847	0.0	0.07
OG0004711	4.5414978e-05	0.00014035485	0.0	0.16
OG0006958	4.508245e-05	0.00019316615	0.0	0.07
OG0004288	4.5049655e-05	0.000135561	0.0	0.13
OG0003029	4.4998797e-05	0.00011483151	0.0	0.16
OG0003934	4.48341e-05	0.00016217107	0.0	0.09
OG0004675	4.465273e-05	0.00014501606	0.0	0.12
OG0001000	4.462049e-05	0.00020275761	0.0	0.13
OG0013433	4.46177e-05	0.000122893	0.0	0.18
OG0008963	4.4606273e-05	0.00015803879	0.0	0.13
OG0005324	4.4584445e-05	0.00010916362	0.0	0.17
OG0007360	4.455201e-05	0.00016572973	0.0	0.09
OG0000960	4.4538257e-05	0.00014126014	0.0	0.12
OG0007545	4.4481494e-05	0.000120951394	0.0	0.17
OG0000356	4.4470366e-05	8.954153e-05	0.0	0.27
OG0006213	4.4406428e-05	0.00016976279	0.0	0.1
OG0000422	4.4249267e-05	8.050522e-05	0.0	0.3
OG0003859	4.414392e-05	0.00016303529	0.0	0.12
OG0000738	4.4036835e-05	0.00013861357	0.0	0.12
OG0000604	4.3887994e-05	0.000114692455	0.0	0.15
OG0000330	4.3852524e-05	0.00024020547	0.0	0.07
OG0005228	4.3792246e-05	0.00016004428	0.0	0.09
OG0004178	4.3653356e-05	0.00023093348	0.0	0.04
OG0003488	4.3611013e-05	0.0001315998	0.0	0.14
OG0000251	4.35899e-05	0.00011434953	0.0	0.17
OG0000418	4.3552995e-05	0.0001183546	0.0	0.21
OG0001408	4.35517e-05	0.00014052069	0.0	0.16
OG0005719	4.331593e-05	9.187871e-05	0.0	0.22
OG0001088	4.3312157e-05	0.00017721715	0.0	0.11
OG0003120	4.329511e-05	0.00010854504	0.0	0.19
OG0007260	4.326404e-05	0.00011934231	0.0	0.13
OG0003181	4.3175023e-05	0.00018066852	0.0	0.14
OG0006091	4.317384e-05	0.00013560696	0.0	0.12
OG0009096	4.312834e-05	0.0001502219	0.0	0.22
OG0008841	4.3107782e-05	0.00012975924	0.0	0.11
OG0013594	4.305544e-05	0.00015753841	0.0	0.08
OG0008224	4.291646e-05	0.0001314568	0.0	0.12
OG0006808	4.27381e-05	0.00016002607	0.0	0.09
OG0003837	4.2730644e-05	0.00010910598	0.0	0.18
OG0008902	4.2712505e-05	0.00014861938	0.0	0.14
OG0004073	4.26834e-05	0.0001819302	0.0	0.07
OG0007462	4.2413263e-05	0.00012459293	0.0	0.15
OG0001283	4.2347987e-05	0.00010210698	0.0	0.24
OG0002892	4.20264e-05	0.000121403704	0.0	0.18
OG0004174	4.200547e-05	0.00017158888	0.0	0.06
OG0003478	4.193069e-05	0.00012050388	0.0	0.16
OG0010638	4.1893567e-05	0.00018198258	0.0	0.1
OG0004614	4.188224e-05	0.00013345852	0.0	0.14
OG0003519	4.183526e-05	0.00017237815	0.0	0.09
OG0001267	4.182068e-05	0.00018753829	0.0	0.06
OG0003388	4.162531e-05	0.00017484996	0.0	0.1
OG0000290	4.1613475e-05	0.000102658814	0.0	0.18
OG0009422	4.143793e-05	0.00015321352	0.0	0.09
OG0000363	4.1355685e-05	0.00014365827	0.0	0.11
OG0000400	4.13532e-05	0.000111394394	0.0	0.16
OG0000945	4.1314684e-05	0.00012784178	0.0	0.18
OG0003383	4.1300063e-05	0.00011025496	0.0	0.16
OG0001065	4.1297488e-05	0.00017146433	0.0	0.16
OG0003022	4.1258965e-05	0.00015064818	0.0	0.1
OG0002828	4.1238814e-05	0.00010881301	0.0	0.16
OG0008808	4.1106985e-05	0.000120541314	0.0	0.13
OG0000448	4.107046e-05	0.00011719889	0.0	0.18
OG0000664	4.0993298e-05	0.00011487591	0.0	0.14
OG0000970	4.0958617e-05	0.00012776315	0.0	0.16
OG0000892	4.0914583e-05	0.00012845606	0.0	0.13
OG0004623	4.0905597e-05	0.00011642072	0.0	0.13
OG0005717	4.087639e-05	0.00013230309	0.0	0.1
OG0001798	4.087146e-05	7.467878e-05	0.0	0.27
OG0002787	4.0850962e-05	0.000120019606	0.0	0.16
OG0008249	4.077718e-05	0.00012110212	0.0	0.12
OG0001235	4.075208e-05	0.00015242366	0.0	0.09
OG0002548	4.073484e-05	0.00022456377	0.0	0.11
OG0004418	4.0732328e-05	0.00011681965	0.0	0.13
OG0010612	4.069757e-05	0.00013051849	0.0	0.13
OG0002238	4.064633e-05	8.457554e-05	0.0	0.26
OG0000812	4.0559116e-05	0.00012395259	0.0	0.21
OG0001017	4.0515348e-05	0.00012213654	0.0	0.15
OG0000159	4.050063e-05	0.000119455515	0.0	0.17
OG0014432	4.033614e-05	0.00014918766	0.0	0.1
OG0008894	4.0291176e-05	0.00013051198	0.0	0.12
OG0000296	4.0137325e-05	0.00015479425	0.0	0.25
OG0004066	4.013692e-05	0.00018425989	0.0	0.09
OG0009474	4.0049155e-05	7.9748075e-05	0.0	0.27
OG0009418	3.9818813e-05	0.00011153946	0.0	0.14
OG0000767	3.973927e-05	9.813809e-05	0.0	0.2
OG0009636	3.9640065e-05	9.699539e-05	0.0	0.18
OG0004504	3.9582676e-05	0.00011606298	0.0	0.12
OG0004256	3.9558658e-05	0.00015487436	0.0	0.07
OG0006122	3.9543454e-05	0.00013813034	0.0	0.09
OG0003777	3.9483773e-05	0.00010541143	0.0	0.21
OG0003447	3.9474806e-05	9.724494e-05	0.0	0.24
OG0002618	3.9469636e-05	0.00016562924	0.0	0.08
OG0000931	3.9457846e-05	0.00010772754	0.0	0.16
OG0003734	3.935855e-05	0.00012429614	0.0	0.13
OG0005701	3.9275386e-05	0.00011238688	0.0	0.13
OG0005356	3.9243154e-05	0.00016456218	0.0	0.09
OG0003787	3.919112e-05	0.00014098558	0.0	0.16
OG0012363	3.9174523e-05	7.550867e-05	0.0	0.25
OG0003198	3.9106522e-05	0.00012589367	0.0	0.17
OG0006120	3.9099454e-05	9.735447e-05	0.0	0.19
OG0001226	3.8930255e-05	0.00011621308	0.0	0.17
OG0003785	3.8881924e-05	0.00018142907	0.0	0.1
OG0007220	3.882133e-05	0.00012424364	0.0	0.12
OG0007248	3.8722483e-05	0.00013726881	0.0	0.1
OG0003274	3.8712788e-05	0.000104536855	0.0	0.15
OG0007468	3.8631108e-05	0.00020711926	0.0	0.07
OG0001207	3.8530317e-05	0.000107338245	0.0	0.15
OG0004280	3.852448e-05	0.0001301585	0.0	0.12
OG0007686	3.8501876e-05	0.00011062893	0.0	0.25
OG0004441	3.8500162e-05	0.00015579406	0.0	0.09
OG0004326	3.8486603e-05	0.00017911867	0.0	0.05
OG0006800	3.8432674e-05	0.00010293631	0.0	0.16
OG0009632	3.8362185e-05	0.00013396182	0.0	0.1
OG0000348	3.8334474e-05	0.00020552776	0.0	0.04
OG0004729	3.8272163e-05	0.00014713132	0.0	0.11
OG0006813	3.82554e-05	0.00014047294	0.0	0.08
OG0007771	3.825056e-05	0.00015094712	0.0	0.07
OG0003803	3.8210525e-05	0.00021968433	0.0	0.04
OG0012372	3.8022987e-05	0.0001089459	0.0	0.16
OG0003206	3.796899e-05	8.527835e-05	0.0	0.19
OG0004710	3.7831298e-05	0.00013389264	0.0	0.09
OG0001481	3.77373e-05	0.000100506455	0.0	0.16
OG0006798	3.767008e-05	0.00022848866	0.0	0.07
OG0000503	3.762096e-05	0.00014759903	0.0	0.12
OG0003713	3.760472e-05	8.914005e-05	0.0	0.24
OG0003292	3.759529e-05	0.000119133154	0.0	0.12
OG0004335	3.754502e-05	0.000117884694	0.0	0.15
OG0003483	3.754149e-05	0.00013654787	0.0	0.12
OG0006616	3.7516194e-05	0.00012860684	0.0	0.11
OG0004072	3.751211e-05	0.00015100205	0.0	0.08
OG0004185	3.75019e-05	0.0001318053	0.0	0.09
OG0006335	3.74872e-05	0.00010983751	0.0	0.13
OG0004730	3.73829e-05	0.00013385461	0.0	0.09
OG0006700	3.72937e-05	9.724466e-05	0.0	0.19
OG0002783	3.720082e-05	0.00012691322	0.0	0.14
OG0000324	3.716668e-05	9.730291e-05	0.0	0.2
OG0000561	3.7155583e-05	8.873759e-05	0.0	0.17
OG0000351	3.7130405e-05	0.00016443495	0.0	0.13
OG0004004	3.705466e-05	0.00011021708	0.0	0.13
OG0002784	3.6987396e-05	0.00010831694	0.0	0.15
OG0006101	3.69249e-05	0.00017586017	0.0	0.09
OG0001269	3.6861482e-05	0.00010098217	0.0	0.15
OG0004431	3.6794478e-05	0.00012844011	0.0	0.1
OG0014671	3.6709615e-05	0.00011320896	0.0	0.17
OG0000042	3.6704478e-05	0.00012887895	0.0	0.12
OG0009078	3.666254e-05	0.00010750252	0.0	0.13
OG0000486	3.6616788e-05	8.3496176e-05	0.0	0.21
OG0000153	3.6530313e-05	0.00012150192	0.0	0.13
OG0004110	3.645762e-05	0.00014167576	0.0	0.11
OG0000500	3.64163e-05	0.00010832814	0.0	0.16
OG0005095	3.6376234e-05	0.0001395081	0.0	0.07
OG0007870	3.6354966e-05	0.00016457775	0.0	0.05
OG0000275	3.630708e-05	0.00011258191	0.0	0.13
OG0000150	3.6243302e-05	8.717595e-05	0.0	0.21
OG0002741	3.6198482e-05	9.566597e-05	0.0	0.2
OG0000726	3.618084e-05	0.00013191854	0.0	0.11
OG0002759	3.6171565e-05	0.00010183147	0.0	0.2
OG0005117	3.6143494e-05	0.00012492902	0.0	0.1
OG0005704	3.6142505e-05	0.00015976536	0.0	0.08
OG0000280	3.6137124e-05	8.442347e-05	0.0	0.25
OG0004868	3.6117297e-05	0.00029188837	0.0	0.02
OG0003704	3.6088542e-05	9.367451e-05	0.0	0.19
OG0014548	3.603754e-05	0.00019032395	0.0	0.06
OG0005004	3.600593e-05	0.00013179214	0.0	0.09
OG0002881	3.598486e-05	0.00010762935	0.0	0.15
OG0006377	3.5783352e-05	0.00014440558	0.0	0.09
OG0008024	3.575277e-05	0.00011766254	0.0	0.11
OG0016494	3.5700643e-05	0.00010957574	0.0	0.12
OG0005985	3.5695517e-05	0.00012010993	0.0	0.11
OG0007240	3.5645422e-05	0.00013636024	0.0	0.08
OG0008445	3.557652e-05	0.00020260637	0.0	0.05
OG0004621	3.555296e-05	0.00017255537	0.0	0.05
OG0001163	3.5552017e-05	0.00010308563	0.0	0.13
OG0007781	3.5497666e-05	0.00012682634	0.0	0.09
OG0004970	3.5479203e-05	0.00015574736	0.0	0.08
OG0005513	3.547305e-05	6.8384186e-05	0.0	0.27
OG0005096	3.5429428e-05	0.00012016372	0.0	0.1
OG0003746	3.5277248e-05	0.00016061579	0.0	0.07
OG0007126	3.5205292e-05	0.00011030579	0.0	0.11
OG0003302	3.520433e-05	9.446193e-05	0.0	0.16
OG0005484	3.51744e-05	0.00012262764	0.0	0.14
OG0011629	3.5129167e-05	0.00011682567	0.0	0.1
OG0000386	3.5010627e-05	0.00010119047	0.0	0.13
OG0003990	3.4971225e-05	9.734314e-05	0.0	0.17
OG0000473	3.4869907e-05	8.9266854e-05	0.0	0.22
OG0004263	3.485644e-05	0.00011801013	0.0	0.1
OG0000287	3.4839508e-05	0.00010122051	0.0	0.17
OG0008161	3.4811088e-05	9.838022e-05	0.0	0.15
OG0001560	3.4807264e-05	0.00010663267	0.0	0.11
OG0004823	3.479708e-05	0.00014551166	0.0	0.07
OG0004593	3.47831e-05	9.606966e-05	0.0	0.18
OG0006129	3.468225e-05	0.0001145536	0.0	0.11
OG0002047	3.4662175e-05	0.00011382447	0.0	0.14
OG0000954	3.461516e-05	0.00012359937	0.0	0.11
OG0007230	3.4609126e-05	0.00012157043	0.0	0.13
OG0012351	3.4525812e-05	0.00016387315	0.0	0.06
OG0000724	3.4480487e-05	0.00010241883	0.0	0.17
OG0001359	3.439742e-05	0.00012925797	0.0	0.11
OG0000916	3.43831e-05	0.0001221626	0.0	0.1
OG0000177	3.429372e-05	9.03524e-05	0.0	0.19
OG0011575	3.4290315e-05	0.00013127184	0.0	0.07
OG0008444	3.4123153e-05	0.0001086736	0.0	0.14
OG0000206	3.4054745e-05	0.000107813416	0.0	0.13
OG0004490	3.4033183e-05	0.0001222735	0.0	0.09
OG0000453	3.399523e-05	0.00012608862	0.0	0.11
OG0007081	3.3993172e-05	0.0001677599	0.0	0.05
OG0005460	3.394534e-05	0.00015402713	0.0	0.05
OG0004756	3.393441e-05	0.00010285367	0.0	0.13
OG0001170	3.392989e-05	0.000105169085	0.0	0.17
OG0003573	3.3855384e-05	9.03978e-05	0.0	0.16
OG0004341	3.382264e-05	0.00017775668	0.0	0.05
OG0005684	3.370762e-05	0.000119571974	0.0	0.11
OG0000709	3.3670083e-05	9.309397e-05	0.0	0.15
OG0008286	3.36171e-05	0.00011546859	0.0	0.09
OG0002984	3.361185e-05	0.00014106407	0.0	0.06
OG0000940	3.359957e-05	0.000120428536	0.0	0.17
OG0010036	3.3598208e-05	0.00011080784	0.0	0.12
OG0014919	3.3509477e-05	0.000108178014	0.0	0.12
OG0010628	3.3447468e-05	0.00017346423	0.0	0.08
OG0013374	3.342308e-05	0.00018333021	0.0	0.09
OG0007670	3.332883e-05	0.00010212229	0.0	0.11
OG0004194	3.3285465e-05	0.00011286269	0.0	0.12
OG0004953	3.3239423e-05	8.5041174e-05	0.0	0.16
OG0001135	3.3127715e-05	0.00015271871	0.0	0.08
OG0000443	3.3082546e-05	0.00010291298	0.0	0.16
OG0001188	3.3073997e-05	9.334237e-05	0.0	0.13
OG0008432	3.3064014e-05	0.00012335707	0.0	0.08
OG0000761	3.3063e-05	0.00015226206	0.0	0.09
OG0000054	3.3029028e-05	0.00010261402	0.0	0.14
OG0008214	3.299009e-05	0.000112748356	0.0	0.11
OG0000635	3.2989352e-05	0.0001023553	0.0	0.11
OG0005831	3.2959975e-05	9.743399e-05	0.0	0.11
OG0003187	3.2939304e-05	0.00010429225	0.0	0.11
OG0010005	3.2896947e-05	8.032077e-05	0.0	0.16
OG0000119	3.2793803e-05	0.0001252696	0.0	0.12
OG0010472	3.2769953e-05	0.000100903875	0.0	0.11
OG0003640	3.2745687e-05	9.678092e-05	0.0	0.15
OG0005743	3.2733366e-05	0.0001634798	0.0	0.08
OG0011850	3.2717267e-05	0.00012925756	0.0	0.09
OG0007366	3.2712553e-05	0.00013192491	0.0	0.07
OG0004038	3.263851e-05	0.00012514202	0.0	0.1
OG0000340	3.2602857e-05	0.00015522055	0.0	0.09
OG0004176	3.259391e-05	0.00010655403	0.0	0.12
OG0004013	3.24697e-05	0.00010521185	0.0	0.13
OG0000688	3.2371456e-05	9.969676e-05	0.0	0.14
OG0006131	3.2363438e-05	0.00016442977	0.0	0.04
OG0011550	3.219254e-05	9.512042e-05	0.0	0.15
OG0004722	3.21904e-05	0.00016743227	0.0	0.04
OG0010438	3.2163123e-05	0.00022612246	0.0	0.06
OG0004014	3.2048792e-05	0.00012824636	0.0	0.14
OG0003064	3.203575e-05	0.00010536247	0.0	0.1
OG0000464	3.2020012e-05	9.4653915e-05	0.0	0.14
OG0008883	3.2009375e-05	0.00012511785	0.0	0.09
OG0000406	3.1931573e-05	0.00011405353	0.0	0.17
OG0000814	3.1826563e-05	0.00011609325	0.0	0.1
OG0004279	3.1742748e-05	0.00016648188	0.0	0.05
OG0004944	3.1716347e-05	9.8654e-05	0.0	0.12
OG0003010	3.1696545e-05	8.662267e-05	0.0	0.16
OG0005548	3.1684103e-05	0.00017486469	0.0	0.04
OG0004044	3.1639236e-05	0.00010131979	0.0	0.11
OG0003689	3.160588e-05	0.00020673485	0.0	0.05
OG0003463	3.159277e-05	9.103826e-05	0.0	0.18
OG0002061	3.155775e-05	0.000113012145	0.0	0.18
OG0005913	3.155205e-05	0.00018730998	0.0	0.06
OG0003435	3.1538053e-05	0.00012313273	0.0	0.09
OG0003802	3.1493553e-05	0.00014364574	0.0	0.06
OG0000569	3.137962e-05	0.0001456594	0.0	0.09
OG0003510	3.134158e-05	0.00010221419	0.0	0.1
OG0013329	3.1287185e-05	9.688454e-05	0.0	0.13
OG0006836	3.125993e-05	0.0001584879	0.0	0.04
OG0016257	3.1182662e-05	0.00014941482	0.0	0.07
OG0005670	3.1179625e-05	0.00010845773	0.0	0.1
OG0009355	3.1164716e-05	0.00010570012	0.0	0.1
OG0000759	3.112415e-05	0.00015318961	0.0	0.1
OG0005061	3.109146e-05	0.00014713928	0.0	0.07
OG0000205	3.1072457e-05	7.720509e-05	0.0	0.2
OG0003920	3.102016e-05	0.00010113537	0.0	0.12
OG0007063	3.0962918e-05	0.00014551578	0.0	0.06
OG0007007	3.0838346e-05	9.235929e-05	0.0	0.16
OG0002761	3.0837193e-05	0.0001059369	0.0	0.09
OG0000555	3.0738567e-05	7.633034e-05	0.0	0.18
OG0009339	3.0627147e-05	0.000115575414	0.0	0.07
OG0007133	3.059309e-05	0.00012765727	0.0	0.07
OG0003557	3.058136e-05	0.00015605077	0.0	0.07
OG0007682	3.0543193e-05	0.00010590043	0.0	0.15
OG0008415	3.0437477e-05	0.00026001805	0.0	0.04
OG0002422	3.0395391e-05	0.00017782046	0.0	0.05
OG0008877	3.036773e-05	7.80376e-05	0.0	0.18
OG0003970	3.0266687e-05	0.0002134865	0.0	0.06
OG0005994	3.0252739e-05	0.00012303652	0.0	0.08
OG0014415	3.0211695e-05	8.760295e-05	0.0	0.12
OG0004074	3.0198331e-05	0.0001784646	0.0	0.03
OG0008236	3.0185418e-05	0.00014946095	0.0	0.04
OG0000609	3.0120242e-05	9.520854e-05	0.0	0.23
OG0003310	3.0113146e-05	0.00012234389	0.0	0.1
OG0016324	3.0103365e-05	9.5885145e-05	0.0	0.14
OG0005284	3.010108e-05	0.00010584084	0.0	0.09
OG0008589	3.003887e-05	0.00014881938	0.0	0.04
OG0012342	2.9989715e-05	9.576084e-05	0.0	0.1
OG0016248	2.9984594e-05	0.000118372336	0.0	0.08
OG0003790	2.994364e-05	0.00014780526	0.0	0.09
OG0001103	2.9935993e-05	8.069078e-05	0.0	0.16
OG0004485	2.9908097e-05	0.00015143835	0.0	0.04
OG0000444	2.9743589e-05	8.012522e-05	0.0	0.19
OG0000292	2.9734674e-05	0.000103729246	0.0	0.13
OG0000141	2.965138e-05	7.736014e-05	0.0	0.17
OG0001255	2.957685e-05	0.00010736028	0.0	0.08
OG0000261	2.9545059e-05	7.8892466e-05	0.0	0.16
OG0009350	2.9483492e-05	9.888423e-05	0.0	0.09
OG0015323	2.9436867e-05	9.5633666e-05	0.0	0.1
OG0005509	2.9425597e-05	0.00016120082	0.0	0.06
OG0000224	2.9371871e-05	8.6394226e-05	0.0	0.16
OG0008823	2.9345772e-05	0.000108509244	0.0	0.1
OG0014830	2.9305036e-05	0.00010104004	0.0	0.09
OG0001507	2.9288083e-05	0.00012739372	0.0	0.09
OG0008361	2.9263803e-05	0.00012145068	0.0	0.07
OG0007995	2.9238909e-05	0.0001260393	0.0	0.06
OG0004281	2.9219622e-05	8.506536e-05	0.0	0.13
OG0001083	2.9170322e-05	8.376349e-05	0.0	0.12
OG0006490	2.9166835e-05	8.769816e-05	0.0	0.12
OG0000743	2.9087496e-05	0.00015765139	0.0	0.06
OG0000652	2.90666e-05	7.5189724e-05	0.0	0.15
OG0016920	2.905703e-05	8.1937316e-05	0.0	0.14
OG0000707	2.9008736e-05	0.00012345683	0.0	0.08
OG0000456	2.9003453e-05	7.484562e-05	0.0	0.19
OG0003669	2.8969398e-05	0.000103599545	0.0	0.1
OG0009648	2.8951154e-05	0.00012226222	0.0	0.06
OG0000602	2.8919214e-05	8.632893e-05	0.0	0.11
OG0003768	2.8884086e-05	9.559387e-05	0.0	0.11
OG0003610	2.8821674e-05	0.00010637936	0.0	0.2
OG0000597	2.8774817e-05	0.000114748924	0.0	0.11
OG0001775	2.8626717e-05	0.00010018812	0.0	0.13
OG0000232	2.8618746e-05	7.8835765e-05	0.0	0.14
OG0003490	2.8583803e-05	0.0001463531	0.0	0.07
OG0001303	2.8565404e-05	9.0204456e-05	0.0	0.12
OG0004769	2.8534881e-05	0.00011236574	0.0	0.07
OG0005672	2.8512251e-05	8.502996e-05	0.0	0.13
OG0003738	2.8504026e-05	7.2060524e-05	0.0	0.16
OG0007592	2.84543e-05	0.00013073311	0.0	0.06
OG0001477	2.8384547e-05	8.925085e-05	0.0	0.14
OG0001129	2.8338602e-05	0.000103480495	0.0	0.15
OG0007979	2.8277998e-05	0.00010836719	0.0	0.11
OG0000315	2.825357e-05	7.176034e-05	0.0	0.16
OG0011604	2.8233553e-05	8.380828e-05	0.0	0.16
OG0001215	2.8226093e-05	7.2107345e-05	0.0	0.2
OG0003730	2.8203061e-05	0.00013980409	0.0	0.08
OG0009062	2.8166214e-05	0.000109042325	0.0	0.09
OG0001252	2.814112e-05	8.3432526e-05	0.0	0.16
OG0000309	2.7946264e-05	7.232776e-05	0.0	0.18
OG0004112	2.7920005e-05	0.00010843196	0.0	0.11
OG0005178	2.788345e-05	0.0001805109	0.0	0.04
OG0003067	2.7848992e-05	0.00010345729	0.0	0.11
OG0007982	2.7834585e-05	0.00010725055	0.0	0.08
OG0004163	2.7738106e-05	0.000105203435	0.0	0.08
OG0004011	2.7730479e-05	0.000112076516	0.0	0.08
OG0006863	2.7729317e-05	0.00012999483	0.0	0.05
OG0003412	2.771948e-05	7.7568184e-05	0.0	0.19
OG0004719	2.7691973e-05	0.00010813923	0.0	0.07
OG0014488	2.7678167e-05	0.00012343441	0.0	0.08
OG0004975	2.7631224e-05	0.000103146296	0.0	0.08
OG0016297	2.7618473e-05	0.00012038098	0.0	0.09
OG0005896	2.7609043e-05	0.00013115675	0.0	0.05
OG0001015	2.7597955e-05	7.177534e-05	0.0	0.15
OG0000513	2.7525295e-05	9.287865e-05	0.0	0.11
OG0003792	2.7511305e-05	0.00011441223	0.0	0.06
OG0006029	2.7465714e-05	0.00012945737	0.0	0.06
OG0010451	2.7413478e-05	8.6639935e-05	0.0	0.11
OG0012385	2.7365153e-05	0.00012550793	0.0	0.06
OG0000864	2.7347573e-05	0.00013149924	0.0	0.08
OG0000621	2.73428e-05	9.0243644e-05	0.0	0.11
OG0003359	2.733533e-05	8.740032e-05	0.0	0.12
OG0004381	2.7303062e-05	0.0001714323	0.0	0.04
OG0004400	2.7247499e-05	0.00012150221	0.0	0.07
OG0007759	2.7134442e-05	9.683736e-05	0.0	0.09
OG0005431	2.7097385e-05	0.00010051261	0.0	0.08
OG0000032	2.7094786e-05	9.5074334e-05	0.0	0.16
OG0006364	2.7075845e-05	9.528343e-05	0.0	0.08
OG0004583	2.7068478e-05	9.835164e-05	0.0	0.08
OG0004528	2.7018401e-05	9.803402e-05	0.0	0.08
OG0000123	2.697868e-05	0.000108469554	0.0	0.18
OG0010446	2.6926324e-05	7.7994635e-05	0.0	0.13
OG0011061	2.6895788e-05	0.00011524078	0.0	0.08
OG0004501	2.6879592e-05	9.570653e-05	0.0	0.09
OG0003331	2.680557e-05	9.765327e-05	0.0	0.1
OG0008950	2.6798973e-05	9.181061e-05	0.0	0.09
OG0009366	2.6749723e-05	7.858148e-05	0.0	0.16
OG0006271	2.6740081e-05	0.000120057324	0.0	0.05
OG0018610	2.6728949e-05	9.358012e-05	0.0	0.09
OG0001076	2.6709311e-05	8.923879e-05	0.0	0.15
OG0003208	2.669157e-05	9.963465e-05	0.0	0.1
OG0000873	2.6639816e-05	7.794203e-05	0.0	0.16
OG0000920	2.6621385e-05	0.0001004752	0.0	0.09
OG0013735	2.6617035e-05	0.000102546066	0.0	0.08
OG0000867	2.6613834e-05	8.346501e-05	0.0	0.13
OG0003593	2.655618e-05	7.905458e-05	0.0	0.17
OG0003396	2.6555452e-05	7.5469674e-05	0.0	0.13
OG0005826	2.6552849e-05	0.00014223422	0.0	0.05
OG0006134	2.6490321e-05	0.00015572627	0.0	0.03
OG0003373	2.6422664e-05	9.1988826e-05	0.0	0.1
OG0005752	2.6332133e-05	7.308126e-05	0.0	0.15
OG0006855	2.626601e-05	0.00012152265	0.0	0.05
OG0000176	2.6234791e-05	8.9498295e-05	0.0	0.13
OG0000450	2.6224523e-05	0.0001068109	0.0	0.13
OG0010150	2.615856e-05	0.00010359685	0.0	0.07
OG0006276	2.613707e-05	8.695883e-05	0.0	0.09
OG0003434	2.6126078e-05	7.242503e-05	0.0	0.14
OG0007105	2.6122943e-05	0.00012721158	0.0	0.1
OG0000737	2.6043612e-05	8.058836e-05	0.0	0.17
OG0006669	2.5983834e-05	8.1144804e-05	0.0	0.11
OG0010621	2.5977995e-05	0.00011024767	0.0	0.06
OG0008429	2.5888656e-05	0.000100961	0.0	0.07
OG0013694	2.5884383e-05	0.00011479898	0.0	0.06
OG0003189	2.582741e-05	7.284842e-05	0.0	0.15
OG0008342	2.5772513e-05	9.2839306e-05	0.0	0.08
OG0000578	2.572169e-05	7.733754e-05	0.0	0.13
OG0000682	2.5717061e-05	6.923863e-05	0.0	0.14
OG0000885	2.5712496e-05	6.9908376e-05	0.0	0.14
OG0004655	2.5689937e-05	8.768824e-05	0.0	0.12
OG0003908	2.5674459e-05	9.381041e-05	0.0	0.1
OG0005127	2.5662877e-05	8.49803e-05	0.0	0.15
OG0006452	2.5634585e-05	0.000106901694	0.0	0.08
OG0001802	2.5621122e-05	8.484632e-05	0.0	0.16
OG0004790	2.5599327e-05	0.00011608602	0.0	0.05
OG0004237	2.5597632e-05	5.8242873e-05	0.0	0.21
OG0004571	2.5578041e-05	8.908958e-05	0.0	0.1
OG0018592	2.5417334e-05	7.305786e-05	0.0	0.12
OG0003710	2.5393774e-05	7.606437e-05	0.0	0.14
OG0007980	2.5367466e-05	0.00011527651	0.0	0.08
OG0003727	2.5365724e-05	0.00011534334	0.0	0.05
OG0003393	2.5301124e-05	9.111731e-05	0.0	0.09
OG0008389	2.5220439e-05	0.00010170665	0.0	0.08
OG0004404	2.516058e-05	0.0001293954	0.0	0.05
OG0001059	2.5141571e-05	8.109351e-05	0.0	0.15
OG0000417	2.512982e-05	8.7854685e-05	0.0	0.1
OG0004492	2.5094403e-05	0.00011849743	0.0	0.06
OG0009364	2.508892e-05	0.00014933929	0.0	0.03
OG0008054	2.5066132e-05	8.853882e-05	0.0	0.09
OG0010697	2.5045925e-05	7.708069e-05	0.0	0.11
OG0003248	2.5030426e-05	5.3463267e-05	0.0	0.24
OG0011162	2.5001453e-05	8.279813e-05	0.0	0.14
OG0004221	2.4973442e-05	8.7447355e-05	0.0	0.11
OG0005168	2.4879666e-05	0.00012994387	0.0	0.04
OG0006809	2.4850824e-05	0.00010517606	0.0	0.06
OG0005041	2.48343e-05	0.000108449385	0.0	0.08
OG0005824	2.4821351e-05	0.00013400486	0.0	0.04
OG0005062	2.4814368e-05	8.478891e-05	0.0	0.1
OG0000618	2.4794881e-05	6.872505e-05	0.0	0.15
OG0003262	2.4732975e-05	9.946778e-05	0.0	0.1
OG0014512	2.4709841e-05	7.561376e-05	0.0	0.12
OG0011217	2.4692548e-05	9.9429824e-05	0.0	0.08
OG0001907	2.4663948e-05	0.00013244452	0.0	0.07
OG0004871	2.4649042e-05	8.989407e-05	0.0	0.08
OG0004837	2.4575693e-05	6.6437286e-05	0.0	0.15
OG0006945	2.4543191e-05	0.00014455564	0.0	0.05
OG0000510	2.4511093e-05	0.00010497756	0.0	0.11
OG0004202	2.449051e-05	9.534758e-05	0.0	0.08
OG0005193	2.44524e-05	0.00012691465	0.0	0.04
OG0008574	2.437503e-05	9.1454676e-05	0.0	0.1
OG0001171	2.4279341e-05	6.88638e-05	0.0	0.2
OG0014543	2.426061e-05	8.8978246e-05	0.0	0.09
OG0002827	2.4249426e-05	8.007205e-05	0.0	0.12
OG0002171	2.4193332e-05	7.8246434e-05	0.0	0.13
OG0000397	2.4111e-05	6.163632e-05	0.0	0.17
OG0004560	2.4101893e-05	0.000107020445	0.0	0.05
OG0000378	2.4086412e-05	8.839236e-05	0.0	0.09
OG0001749	2.4039564e-05	9.918263e-05	0.0	0.07
OG0004022	2.4025945e-05	0.00015623774	0.0	0.04
OG0007297	2.3935349e-05	0.00010480057	0.0	0.06
OG0004039	2.389479e-05	8.2340186e-05	0.0	0.12
OG0008165	2.3890101e-05	0.00012626791	0.0	0.04
OG0003405	2.383224e-05	6.883516e-05	0.0	0.12
OG0008376	2.3814304e-05	0.00015902564	0.0	0.03
OG0001461	2.3792736e-05	8.1601655e-05	0.0	0.18
OG0003613	2.3781075e-05	0.00010529702	0.0	0.07
OG0000534	2.3775267e-05	6.298294e-05	0.0	0.18
OG0004844	2.3763312e-05	9.6142554e-05	0.0	0.07
OG0007386	2.3685769e-05	0.00013581141	0.0	0.04
OG0000217	2.3645158e-05	0.00011155204	0.0	0.06
OG0008640	2.3606102e-05	6.515579e-05	0.0	0.13
OG0004421	2.351532e-05	0.000113898925	0.0	0.05
OG0003147	2.3434828e-05	8.074449e-05	0.0	0.11
OG0016219	2.3432092e-05	9.518017e-05	0.0	0.08
OG0005068	2.3423709e-05	7.199381e-05	0.0	0.11
OG0001131	2.3412293e-05	6.479422e-05	0.0	0.16
OG0003721	2.3401844e-05	0.00010427141	0.0	0.06
OG0000830	2.3400062e-05	7.2674535e-05	0.0	0.11
OG0010915	2.3342463e-05	9.056531e-05	0.0	0.08
OG0002321	2.3328299e-05	9.3256655e-05	0.0	0.09
OG0005162	2.332806e-05	8.975999e-05	0.0	0.08
OG0007978	2.3323753e-05	9.594227e-05	0.0	0.08
OG0003140	2.3308543e-05	0.000119968136	0.0	0.12
OG0002120	2.330803e-05	8.636623e-05	0.0	0.12
OG0007379	2.3248862e-05	9.976104e-05	0.0	0.06
OG0000993	2.3199987e-05	8.025629e-05	0.0	0.11
OG0001433	2.3193934e-05	0.00011052117	0.0	0.11
OG0013293	2.315712e-05	9.1351365e-05	0.0	0.07
OG0003364	2.3133973e-05	8.282345e-05	0.0	0.1
OG0001209	2.3119532e-05	7.667485e-05	0.0	0.12
OG0007752	2.310574e-05	9.694286e-05	0.0	0.07
OG0003170	2.3099268e-05	7.867026e-05	0.0	0.1
OG0001399	2.3063425e-05	0.00010931256	0.0	0.06
OG0007482	2.301729e-05	9.182008e-05	0.0	0.08
OG0003854	2.298119e-05	8.726591e-05	0.0	0.09
OG0000483	2.2977032e-05	0.00012238829	0.0	0.1
OG0004935	2.2890623e-05	8.955652e-05	0.0	0.09
OG0001774	2.28856e-05	0.00012350552	0.0	0.08
OG0000310	2.2867518e-05	8.8823836e-05	0.0	0.09
OG0004834	2.2824954e-05	0.00010165734	0.0	0.06
OG0000434	2.279014e-05	7.9837504e-05	0.0	0.1
OG0007132	2.2784028e-05	0.000105291	0.0	0.05
OG0000256	2.2760261e-05	9.312232e-05	0.0	0.1
OG0002423	2.275846e-05	5.7915004e-05	0.0	0.17
OG0004955	2.2743097e-05	0.0001695813	0.0	0.03
OG0008408	2.2727008e-05	9.790799e-05	0.0	0.06
OG0002037	2.2725526e-05	6.283146e-05	0.0	0.2
OG0009466	2.2715318e-05	0.000104092716	0.0	0.05
OG0003494	2.2712522e-05	7.9974656e-05	0.0	0.14
OG0010152	2.2707292e-05	8.055745e-05	0.0	0.09
OG0000160	2.2660915e-05	7.3460455e-05	0.0	0.13
OG0018732	2.2598719e-05	9.192424e-05	0.0	0.07
OG0003899	2.2597256e-05	0.00010110855	0.0	0.06
OG0003921	2.2590928e-05	0.00013955099	0.0	0.03
OG0012742	2.2578832e-05	8.056637e-05	0.0	0.09
OG0008110	2.2577446e-05	8.580265e-05	0.0	0.1
OG0004342	2.2565482e-05	0.00011566341	0.0	0.05
OG0004559	2.2550605e-05	0.00010369106	0.0	0.06
OG0005281	2.2512802e-05	0.0002081811	0.0	0.02
OG0001109	2.2499029e-05	7.8754165e-05	0.0	0.11
OG0007323	2.2465954e-05	7.264751e-05	0.0	0.1
OG0004933	2.2443513e-05	7.986863e-05	0.0	0.1
OG0006504	2.2395674e-05	0.00012779233	0.0	0.04
OG0000764	2.236441e-05	7.620127e-05	0.0	0.11
OG0000723	2.2355822e-05	0.00011236524	0.0	0.06
OG0003703	2.2296475e-05	9.9951394e-05	0.0	0.06
OG0008665	2.2282822e-05	6.9831054e-05	0.0	0.11
OG0001915	2.2265509e-05	7.872235e-05	0.0	0.11
OG0004522	2.2178934e-05	0.00012192053	0.0	0.04
OG0000482	2.214472e-05	7.401459e-05	0.0	0.11
OG0000476	2.2107028e-05	9.31587e-05	0.0	0.06
OG0007650	2.2066393e-05	8.6772714e-05	0.0	0.07
OG0007671	2.2038477e-05	0.00015156834	0.0	0.03
OG0005671	2.2038337e-05	8.838519e-05	0.0	0.11
OG0000576	2.1994523e-05	7.281234e-05	0.0	0.13
OG0012397	2.197494e-05	6.662161e-05	0.0	0.12
OG0010030	2.1952623e-05	0.00011358969	0.0	0.04
OG0010632	2.1948714e-05	6.986303e-05	0.0	0.12
OG0003164	2.186838e-05	8.4264946e-05	0.0	0.08
OG0006000	2.1841297e-05	0.00013302416	0.0	0.03
OG0003485	2.181951e-05	0.00011902001	0.0	0.04
OG0000247	2.1767988e-05	6.239255e-05	0.0	0.17
OG0000924	2.1753232e-05	0.000109831766	0.0	0.05
OG0010032	2.1752314e-05	0.00012928832	0.0	0.03
OG0003951	2.174379e-05	8.766583e-05	0.0	0.08
OG0006348	2.1741795e-05	0.0001016302	0.0	0.06
OG0000704	2.1690625e-05	6.634527e-05	0.0	0.12
OG0000720	2.168049e-05	7.914162e-05	0.0	0.08
OG0004506	2.1679718e-05	7.605547e-05	0.0	0.1
OG0003673	2.1645974e-05	8.351284e-05	0.0	0.09
OG0000762	2.1596621e-05	5.8879345e-05	0.0	0.17
OG0002067	2.1573109e-05	6.7753346e-05	0.0	0.15
OG0013226	2.1530292e-05	9.971152e-05	0.0	0.05
OG0006675	2.1464388e-05	0.00012753578	0.0	0.04
OG0005973	2.1449285e-05	0.00012591603	0.0	0.03
OG0008779	2.1435655e-05	8.010905e-05	0.0	0.08
OG0004061	2.1427148e-05	8.926007e-05	0.0	0.07
OG0008812	2.1387305e-05	7.300261e-05	0.0	0.1
OG0001822	2.138687e-05	8.2378174e-05	0.0	0.08
OG0002093	2.1278016e-05	5.4304754e-05	0.0	0.18
OG0002888	2.1267726e-05	5.9005786e-05	0.0	0.15
OG0005170	2.1252865e-05	8.6912245e-05	0.0	0.08
OG0006340	2.1248365e-05	0.000118361466	0.0	0.04
OG0006760	2.1220972e-05	6.696371e-05	0.0	0.1
OG0004476	2.1213598e-05	0.00012620761	0.0	0.03
OG0000470	2.117578e-05	6.599907e-05	0.0	0.12
OG0004519	2.1171267e-05	9.152887e-05	0.0	0.07
OG0004812	2.1160382e-05	8.850609e-05	0.0	0.08
OG0004617	2.1055483e-05	8.9089815e-05	0.0	0.09
OG0004390	2.1038146e-05	0.00017214801	0.0	0.02
OG0010888	2.0989626e-05	0.00010432728	0.0	0.05
OG0004958	2.0953832e-05	0.00011043693	0.0	0.05
OG0003492	2.0947085e-05	6.7057015e-05	0.0	0.11
OG0000693	2.093093e-05	7.735511e-05	0.0	0.09
OG0007822	2.0901707e-05	0.00010600979	0.0	0.06
OG0007469	2.0888516e-05	0.00013178735	0.0	0.03
OG0010405	2.0760197e-05	9.1847076e-05	0.0	0.05
OG0012290	2.0715344e-05	0.00010151511	0.0	0.05
OG0006383	2.070683e-05	9.926295e-05	0.0	0.05
OG0009827	2.0684016e-05	8.8377994e-05	0.0	0.06
OG0008492	2.0679177e-05	6.643334e-05	0.0	0.1
OG0005344	2.0669271e-05	0.00012155918	0.0	0.04
OG0001983	2.06659e-05	8.300637e-05	0.0	0.11
OG0004662	2.0620264e-05	0.00012101904	0.0	0.03
OG0004239	2.0593736e-05	0.000100753365	0.0	0.05
OG0008247	2.050777e-05	0.000105830186	0.0	0.04
OG0005505	2.0500065e-05	7.089041e-05	0.0	0.09
OG0003219	2.0461714e-05	6.843294e-05	0.0	0.13
OG0005726	2.0423473e-05	0.00010262408	0.0	0.04
OG0003456	2.0362455e-05	9.315857e-05	0.0	0.08
OG0004505	2.0275551e-05	7.418395e-05	0.0	0.09
OG0001398	2.0230877e-05	5.495707e-05	0.0	0.14
OG0000396	2.0198308e-05	7.595169e-05	0.0	0.09
OG0014883	2.0197484e-05	7.197773e-05	0.0	0.08
OG0000694	2.0179954e-05	9.058822e-05	0.0	0.09
OG0008562	2.0166146e-05	7.663146e-05	0.0	0.09
OG0007659	2.0120575e-05	0.00014282978	0.0	0.02
OG0002087	2.0101921e-05	9.036678e-05	0.0	0.13
OG0006980	2.0094181e-05	9.039237e-05	0.0	0.06
OG0011607	2.0091857e-05	0.00017036841	0.0	0.02
OG0006729	2.0078996e-05	8.6378495e-05	0.0	0.07
OG0012277	2.0056037e-05	7.6934535e-05	0.0	0.07
OG0014499	2.004739e-05	8.02029e-05	0.0	0.08
OG0000421	2.0039992e-05	0.00014188139	0.0	0.03
OG0001760	2.003236e-05	0.0001266691	0.0	0.08
OG0013696	2.0015294e-05	6.447542e-05	0.0	0.14
OG0007242	2.0015075e-05	0.000119921206	0.0	0.04
OG0000367	1.9948966e-05	8.714209e-05	0.0	0.07
OG0000518	1.9914285e-05	6.541704e-05	0.0	0.1
OG0008436	1.9890116e-05	8.725357e-05	0.0	0.06
OG0000194	1.9858418e-05	6.490478e-05	0.0	0.1
OG0008413	1.985639e-05	8.193575e-05	0.0	0.07
OG0009822	1.9818712e-05	9.053079e-05	0.0	0.07
OG0005497	1.980574e-05	6.0682014e-05	0.0	0.11
OG0005629	1.9801495e-05	6.3871215e-05	0.0	0.11
OG0006751	1.9757661e-05	0.00011410388	0.0	0.04
OG0000081	1.9741892e-05	4.9883176e-05	0.0	0.18
OG0003154	1.971417e-05	6.514491e-05	0.0	0.1
OG0011835	1.9693947e-05	4.0038478e-05	0.0	0.24
OG0004763	1.96729e-05	9.741207e-05	0.0	0.04
OG0004080	1.963459e-05	6.77321e-05	0.0	0.1
OG0007985	1.9517049e-05	6.806238e-05	0.0	0.09
OG0005806	1.9495079e-05	7.6104276e-05	0.0	0.08
OG0004325	1.9484096e-05	8.911518e-05	0.0	0.05
OG0000710	1.9454881e-05	0.000111448535	0.0	0.04
OG0002815	1.9410261e-05	6.909225e-05	0.0	0.1
OG0005333	1.940156e-05	9.499892e-05	0.0	0.05
OG0008814	1.9396826e-05	8.722782e-05	0.0	0.07
OG0006469	1.9372834e-05	5.3981337e-05	0.0	0.13
OG0002465	1.9365141e-05	6.908747e-05	0.0	0.09
OG0003885	1.9311732e-05	7.8616766e-05	0.0	0.06
OG0012411	1.9306543e-05	8.691201e-05	0.0	0.05
OG0005398	1.929908e-05	8.205614e-05	0.0	0.07
OG0006644	1.928676e-05	6.677259e-05	0.0	0.09
OG0013695	1.9242174e-05	5.7839992e-05	0.0	0.14
OG0008373	1.923676e-05	0.00013866092	0.0	0.02
OG0000617	1.9209434e-05	6.424757e-05	0.0	0.11
OG0008431	1.9204364e-05	0.00012852892	0.0	0.03
OG0007271	1.9146099e-05	7.744241e-05	0.0	0.07
OG0004306	1.9094015e-05	6.822247e-05	0.0	0.08
OG0000833	1.9085313e-05	6.0961636e-05	0.0	0.12
OG0006612	1.9057772e-05	7.558388e-05	0.0	0.07
OG0008863	1.9048868e-05	8.510615e-05	0.0	0.06
OG0004744	1.9013363e-05	0.00011537241	0.0	0.03
OG0000558	1.8960862e-05	5.179686e-05	0.0	0.17
OG0003982	1.8956289e-05	6.0452985e-05	0.0	0.1
OG0003433	1.894288e-05	8.106916e-05	0.0	0.07
OG0006409	1.893475e-05	7.1649694e-05	0.0	0.08
OG0005496	1.8932229e-05	8.209997e-05	0.0	0.06
OG0004254	1.8928235e-05	0.00017508402	0.0	0.02
OG0006547	1.8918916e-05	9.027943e-05	0.0	0.11
OG0004265	1.8902261e-05	9.1156086e-05	0.0	0.05
OG0003624	1.889726e-05	0.00010048166	0.0	0.05
OG0004689	1.88941e-05	0.00012397865	0.0	0.03
OG0005325	1.8879782e-05	7.411393e-05	0.0	0.09
OG0006695	1.8875191e-05	0.00011146409	0.0	0.03
OG0000187	1.88239e-05	6.727944e-05	0.0	0.11
OG0003654	1.8818875e-05	6.78141e-05	0.0	0.08
OG0000040	1.8814137e-05	5.1377436e-05	0.0	0.16
OG0014483	1.8780502e-05	7.9848134e-05	0.0	0.06
OG0001395	1.8752127e-05	7.653931e-05	0.0	0.07
OG0011566	1.867958e-05	5.97293e-05	0.0	0.11
OG0002574	1.86552e-05	6.5068765e-05	0.0	0.12
OG0008299	1.8571738e-05	6.551465e-05	0.0	0.09
OG0001157	1.8542178e-05	7.579063e-05	0.0	0.08
OG0008637	1.8533088e-05	7.65845e-05	0.0	0.09
OG0013441	1.8526069e-05	8.3453466e-05	0.0	0.06
OG0001693	1.8519991e-05	9.5193835e-05	0.0	0.06
OG0005406	1.8470793e-05	7.21151e-05	0.0	0.08
OG0003818	1.8451052e-05	7.280081e-05	0.0	0.09
OG0001643	1.844583e-05	5.8522422e-05	0.0	0.11
OG0004339	1.8380746e-05	0.000102561695	0.0	0.04
OG0002395	1.8365223e-05	7.6700395e-05	0.0	0.08
OG0000509	1.833763e-05	9.077673e-05	0.0	0.08
OG0007319	1.8332641e-05	9.4233e-05	0.0	0.04
OG0003042	1.8313367e-05	7.487313e-05	0.0	0.1
OG0004032	1.830304e-05	8.9563284e-05	0.0	0.06
OG0000403	1.8294839e-05	7.133793e-05	0.0	0.13
OG0005808	1.8147202e-05	0.00012624392	0.0	0.03
OG0011559	1.8138904e-05	8.238519e-05	0.0	0.09
OG0000626	1.813568e-05	5.3429136e-05	0.0	0.13
OG0006096	1.813441e-05	7.9049074e-05	0.0	0.06
OG0005600	1.8132709e-05	8.0282654e-05	0.0	0.07
OG0009125	1.807305e-05	6.826086e-05	0.0	0.09
OG0000297	1.8064438e-05	5.101881e-05	0.0	0.22
OG0007879	1.8024692e-05	0.00012686508	0.0	0.02
OG0000345	1.8002302e-05	9.9093435e-05	0.0	0.04
OG0004148	1.7962117e-05	6.308493e-05	0.0	0.09
OG0011560	1.7957624e-05	5.4140917e-05	0.0	0.13
OG0012479	1.7938379e-05	0.00011524965	0.0	0.03
OG0002766	1.7892035e-05	0.000111123896	0.0	0.04
OG0000192	1.7870641e-05	8.15944e-05	0.0	0.07
OG0001191	1.7845561e-05	7.312871e-05	0.0	0.06
OG0012670	1.7835782e-05	6.445908e-05	0.0	0.11
OG0006794	1.7808856e-05	7.317612e-05	0.0	0.07
OG0004558	1.7779415e-05	8.331107e-05	0.0	0.07
OG0004607	1.7759916e-05	6.7441506e-05	0.0	0.08
OG0001304	1.7734816e-05	8.6631735e-05	0.0	0.06
OG0004029	1.7715427e-05	0.00010350411	0.0	0.03
OG0013665	1.768203e-05	9.384492e-05	0.0	0.09
OG0012308	1.7670864e-05	5.911338e-05	0.0	0.09
OG0009168	1.7598148e-05	4.7884587e-05	0.0	0.13
OG0018583	1.7559809e-05	5.9535505e-05	0.0	0.09
OG0002455	1.7546416e-05	5.3469805e-05	0.0	0.13
OG0003842	1.7543813e-05	5.5469303e-05	0.0	0.12
OG0006706	1.7519982e-05	9.817951e-05	0.0	0.05
OG0003138	1.7516602e-05	6.651353e-05	0.0	0.1
OG0006094	1.750893e-05	8.649834e-05	0.0	0.05
OG0000645	1.745301e-05	7.491281e-05	0.0	0.06
OG0004520	1.7444327e-05	8.866125e-05	0.0	0.05
OG0003267	1.7438637e-05	7.973687e-05	0.0	0.05
OG0006450	1.741955e-05	0.00011068358	0.0	0.03
OG0006008	1.7412805e-05	6.6527704e-05	0.0	0.08
OG0007916	1.7409742e-05	8.25793e-05	0.0	0.06
OG0013421	1.7400645e-05	4.8632257e-05	0.0	0.14
OG0010020	1.7388573e-05	8.562366e-05	0.0	0.06
OG0010913	1.7380988e-05	7.28311e-05	0.0	0.08
OG0009388	1.735591e-05	8.9668334e-05	0.0	0.04
OG0004660	1.7319808e-05	9.015056e-05	0.0	0.04
OG0004133	1.7316244e-05	6.5536246e-05	0.0	0.1
OG0004079	1.7306204e-05	7.059905e-05	0.0	0.07
OG0009054	1.7292203e-05	6.102474e-05	0.0	0.09
OG0008226	1.7279379e-05	8.331433e-05	0.0	0.06
OG0001202	1.725884e-05	6.381795e-05	0.0	0.1
OG0000850	1.7229426e-05	5.376604e-05	0.0	0.11
OG0004332	1.7222892e-05	7.2227944e-05	0.0	0.06
OG0005094	1.721281e-05	6.802834e-05	0.0	0.07
OG0001683	1.7204402e-05	5.5961555e-05	0.0	0.12
OG0004270	1.7203267e-05	5.930357e-05	0.0	0.1
OG0004094	1.7202216e-05	8.091306e-05	0.0	0.06
OG0000318	1.7187169e-05	5.0698665e-05	0.0	0.13
OG0000749	1.7185688e-05	7.6633936e-05	0.0	0.06
OG0009352	1.7155262e-05	4.7566507e-05	0.0	0.14
OG0001990	1.7153336e-05	0.00013685609	0.0	0.03
OG0000504	1.7145763e-05	0.00010614547	0.0	0.04
OG0003437	1.7133552e-05	6.4894186e-05	0.0	0.08
OG0000811	1.7123635e-05	6.29021e-05	0.0	0.08
OG0000900	1.7085295e-05	7.333187e-05	0.0	0.07
OG0003008	1.706345e-05	7.643997e-05	0.0	0.06
OG0004000	1.7060334e-05	7.918892e-05	0.0	0.05
OG0006384	1.703484e-05	7.926279e-05	0.0	0.06
OG0000961	1.7016575e-05	5.65879e-05	0.0	0.1
OG0003336	1.6985572e-05	5.3099455e-05	0.0	0.14
OG0005126	1.6981154e-05	6.030145e-05	0.0	0.08
OG0009421	1.6964665e-05	8.3375446e-05	0.0	0.05
OG0002106	1.6958185e-05	5.9127775e-05	0.0	0.09
OG0005642	1.6946822e-05	8.497594e-05	0.0	0.04
OG0004842	1.6913518e-05	9.672547e-05	0.0	0.03
OG0004307	1.6908858e-05	6.214628e-05	0.0	0.1
OG0001167	1.689429e-05	0.00011020026	0.0	0.05
OG0008230	1.6891458e-05	6.5162414e-05	0.0	0.09
OG0002389	1.6861726e-05	9.842479e-05	0.0	0.03
OG0014506	1.6823271e-05	6.4579435e-05	0.0	0.1
OG0000583	1.6814514e-05	9.4889394e-05	0.0	0.04
OG0009209	1.6810249e-05	9.6274656e-05	0.0	0.03
OG0002627	1.680206e-05	5.188701e-05	0.0	0.11
OG0004642	1.676927e-05	6.0907758e-05	0.0	0.08
OG0006225	1.6766917e-05	0.00010813315	0.0	0.03
OG0003869	1.6762842e-05	8.145724e-05	0.0	0.05
OG0006090	1.6761753e-05	9.731146e-05	0.0	0.04
OG0011863	1.6760252e-05	6.497096e-05	0.0	0.12
OG0003135	1.6720847e-05	8.470086e-05	0.0	0.05
OG0007377	1.6704107e-05	7.778886e-05	0.0	0.05
OG0012711	1.667888e-05	4.9726805e-05	0.0	0.15
OG0003227	1.6639577e-05	5.551166e-05	0.0	0.09
OG0000756	1.6624772e-05	5.412874e-05	0.0	0.1
OG0004577	1.662298e-05	4.8782418e-05	0.0	0.14
OG0004677	1.6612776e-05	8.548288e-05	0.0	0.05
OG0002040	1.6583868e-05	5.995595e-05	0.0	0.09
OG0003531	1.6564974e-05	5.523145e-05	0.0	0.11
OG0005774	1.6535963e-05	8.533757e-05	0.0	0.05
OG0001020	1.6516587e-05	6.7461326e-05	0.0	0.08
OG0002683	1.6515996e-05	6.8057816e-05	0.0	0.07
OG0000498	1.6508515e-05	5.5264674e-05	0.0	0.1
OG0013450	1.640203e-05	8.02069e-05	0.0	0.06
OG0005258	1.6381697e-05	6.798803e-05	0.0	0.07
OG0004308	1.636279e-05	8.314752e-05	0.0	0.04
OG0000454	1.6299024e-05	4.264691e-05	0.0	0.16
OG0012705	1.6298764e-05	6.562782e-05	0.0	0.07
OG0005786	1.6295071e-05	6.14677e-05	0.0	0.09
OG0000711	1.6294205e-05	6.399495e-05	0.0	0.07
OG0001470	1.627195e-05	6.2626714e-05	0.0	0.09
OG0003036	1.6245654e-05	5.4158994e-05	0.0	0.12
OG0006379	1.6199838e-05	6.772873e-05	0.0	0.08
OG0005148	1.6188631e-05	9.493774e-05	0.0	0.03
OG0008788	1.618617e-05	0.00011527888	0.0	0.03
OG0004875	1.617465e-05	8.0659775e-05	0.0	0.04
OG0003897	1.616569e-05	6.3262756e-05	0.0	0.07
OG0004344	1.6156442e-05	9.144629e-05	0.0	0.04
OG0004271	1.6074675e-05	7.624306e-05	0.0	0.05
OG0005927	1.6074651e-05	6.369368e-05	0.0	0.07
OG0000210	1.6034239e-05	5.7377918e-05	0.0	0.09
OG0003420	1.5994498e-05	6.31918e-05	0.0	0.07
OG0000615	1.5961596e-05	5.3751264e-05	0.0	0.16
OG0002127	1.5957008e-05	5.0174265e-05	0.0	0.11
OG0015335	1.589352e-05	6.6527566e-05	0.0	0.06
OG0018753	1.588418e-05	6.0531802e-05	0.0	0.07
OG0000768	1.5868662e-05	5.0029204e-05	0.0	0.12
OG0004669	1.5828948e-05	8.7164815e-05	0.0	0.04
OG0003755	1.5828298e-05	7.245811e-05	0.0	0.1
OG0004201	1.5797468e-05	9.2019865e-05	0.0	0.03
OG0006100	1.579266e-05	7.168383e-05	0.0	0.06
OG0005986	1.579207e-05	0.00010926743	0.0	0.03
OG0005923	1.577913e-05	9.4532385e-05	0.0	0.03
OG0005531	1.5770207e-05	7.2801064e-05	0.0	0.06
OG0006331	1.5755813e-05	6.2194544e-05	0.0	0.08
OG0004964	1.5689455e-05	8.3297586e-05	0.0	0.04
OG0003264	1.56458e-05	5.264474e-05	0.0	0.09
OG0004720	1.5635638e-05	0.00011058821	0.0	0.02
OG0006580	1.5625243e-05	6.571136e-05	0.0	0.09
OG0004300	1.559027e-05	6.53199e-05	0.0	0.06
OG0004550	1.557559e-05	7.5295844e-05	0.0	0.05
OG0005783	1.5563308e-05	6.0881266e-05	0.0	0.07
OG0003188	1.5545687e-05	6.630896e-05	0.0	0.06
OG0003725	1.5545505e-05	5.2812207e-05	0.0	0.1
OG0003924	1.5510328e-05	8.0166996e-05	0.0	0.04
OG0003907	1.5424359e-05	5.3036412e-05	0.0	0.1
OG0004450	1.5399455e-05	0.00011223358	0.0	0.02
OG0001819	1.5399388e-05	8.427345e-05	0.0	0.05
OG0018748	1.5343612e-05	5.786915e-05	0.0	0.07
OG0004198	1.5278969e-05	6.837474e-05	0.0	0.05
OG0001733	1.5275704e-05	4.520709e-05	0.0	0.14
OG0000736	1.5266367e-05	5.1029892e-05	0.0	0.09
OG0004274	1.5261003e-05	5.7477988e-05	0.0	0.1
OG0006847	1.5251089e-05	0.0001077272	0.0	0.02
OG0005630	1.5231329e-05	9.019038e-05	0.0	0.03
OG0010204	1.5210984e-05	5.8403206e-05	0.0	0.08
OG0005011	1.51957e-05	7.626246e-05	0.0	0.04
OG0002765	1.5187148e-05	6.047249e-05	0.0	0.09
OG0000809	1.5185328e-05	6.432041e-05	0.0	0.08
OG0009086	1.5175964e-05	8.518319e-05	0.0	0.04
OG0004525	1.5163689e-05	0.00010997804	0.0	0.02
OG0012398	1.5161286e-05	6.9971655e-05	0.0	0.05
OG0006242	1.5156521e-05	0.000106630316	0.0	0.02
OG0011653	1.5150112e-05	5.9235466e-05	0.0	0.07
OG0007391	1.5127503e-05	9.924865e-05	0.0	0.03
OG0010118	1.5126112e-05	8.0492275e-05	0.0	0.04
OG0009812	1.5123195e-05	8.583354e-05	0.0	0.04
OG0000675	1.5116497e-05	7.307682e-05	0.0	0.06
OG0006665	1.5108414e-05	6.3140826e-05	0.0	0.06
OG0003031	1.5096678e-05	8.3270104e-05	0.0	0.08
OG0005275	1.5094829e-05	6.403927e-05	0.0	0.06
OG0005953	1.508067e-05	5.6484525e-05	0.0	0.08
OG0001007	1.5020365e-05	7.60496e-05	0.0	0.05
OG0019859	1.5019083e-05	7.146285e-05	0.0	0.05
OG0006191	1.5011311e-05	9.0019304e-05	0.0	0.03
OG0004882	1.49920115e-05	8.7815366e-05	0.0	0.03
OG0006690	1.4984591e-05	8.57218e-05	0.0	0.03
OG0003811	1.4967072e-05	8.0173166e-05	0.0	0.04
OG0008641	1.4916628e-05	6.237016e-05	0.0	0.07
OG0000276	1.4912894e-05	5.2075196e-05	0.0	0.09
OG0000923	1.4861807e-05	6.018122e-05	0.0	0.08
OG0008152	1.4856143e-05	7.755038e-05	0.0	0.05
OG0002415	1.4856133e-05	6.200916e-05	0.0	0.06
OG0008923	1.4852206e-05	8.705005e-05	0.0	0.03
OG0003202	1.4819812e-05	5.4442004e-05	0.0	0.08
OG0004419	1.4819468e-05	0.000108444954	0.0	0.02
OG0000566	1.48169465e-05	5.8288882e-05	0.0	0.11
OG0004114	1.4802274e-05	5.1479074e-05	0.0	0.09
OG0005115	1.4796517e-05	6.0129758e-05	0.0	0.06
OG0004115	1.4792571e-05	8.0418555e-05	0.0	0.05
OG0003326	1.478174e-05	6.807496e-05	0.0	0.05
OG0005777	1.4779402e-05	7.225448e-05	0.0	0.05
OG0004523	1.4775965e-05	7.7989745e-05	0.0	0.04
OG0006931	1.4764894e-05	7.844036e-05	0.0	0.04
OG0008787	1.4747911e-05	6.445032e-05	0.0	0.07
OG0000826	1.4732246e-05	6.63237e-05	0.0	0.09
OG0011623	1.4721874e-05	7.851374e-05	0.0	0.04
OG0003928	1.4695979e-05	7.51832e-05	0.0	0.05
OG0008155	1.4683389e-05	5.846906e-05	0.0	0.08
OG0001025	1.4679624e-05	5.4787924e-05	0.0	0.07
OG0004908	1.4670321e-05	5.874324e-05	0.0	0.06
OG0000449	1.46640405e-05	6.50626e-05	0.0	0.06
OG0002816	1.4661528e-05	5.0076575e-05	0.0	0.09
OG0008585	1.4625905e-05	4.405106e-05	0.0	0.15
OG0005016	1.457968e-05	6.4748354e-05	0.0	0.06
OG0001528	1.4574903e-05	9.038909e-05	0.0	0.05
OG0005835	1.44979695e-05	5.8614747e-05	0.0	0.08
OG0002482	1.4492701e-05	4.413686e-05	0.0	0.13
OG0017269	1.44651385e-05	6.465101e-05	0.0	0.05
OG0002651	1.4442421e-05	6.915977e-05	0.0	0.09
OG0002462	1.4436685e-05	6.611576e-05	0.0	0.07
OG0009129	1.4430291e-05	7.4000585e-05	0.0	0.04
OG0006935	1.442812e-05	8.695049e-05	0.0	0.03
OG0004009	1.4393163e-05	7.703949e-05	0.0	0.04
OG0008796	1.4356046e-05	6.413305e-05	0.0	0.06
OG0000639	1.4355838e-05	5.257092e-05	0.0	0.08
OG0007085	1.4317805e-05	8.1861384e-05	0.0	0.05
OG0003772	1.425889e-05	0.00014258876	0.0	0.01
OG0004671	1.4257946e-05	8.8751534e-05	0.0	0.03
OG0004123	1.4256748e-05	6.977713e-05	0.0	0.05
OG0013825	1.422989e-05	8.711734e-05	0.0	0.05
OG0002588	1.422143e-05	6.175986e-05	0.0	0.06
OG0003939	1.4187162e-05	7.247219e-05	0.0	0.06
OG0001781	1.4172471e-05	5.742965e-05	0.0	0.07
OG0001227	1.414351e-05	5.9698228e-05	0.0	0.07
OG0000657	1.41388855e-05	5.7744248e-05	0.0	0.1
OG0000669	1.4134566e-05	7.773175e-05	0.0	0.04
OG0005079	1.4127217e-05	6.907372e-05	0.0	0.05
OG0003406	1.4123233e-05	8.161093e-05	0.0	0.04
OG0000548	1.4109229e-05	7.589948e-05	0.0	0.04
OG0011608	1.4103701e-05	7.129423e-05	0.0	0.05
OG0009470	1.4098557e-05	5.8076937e-05	0.0	0.08
OG0001040	1.4097591e-05	6.6e-05	0.0	0.07
OG0003290	1.4078501e-05	5.5522312e-05	0.0	0.09
OG0004048	1.4003527e-05	7.649106e-05	0.0	0.04
OG0000559	1.3962757e-05	3.992377e-05	0.0	0.14
OG0014459	1.3940535e-05	4.9391405e-05	0.0	0.09
OG0000590	1.3877312e-05	4.6552283e-05	0.0	0.11
OG0001852	1.3852614e-05	4.157135e-05	0.0	0.12
OG0011562	1.3845677e-05	5.7090172e-05	0.0	0.06
OG0004658	1.3843255e-05	6.832066e-05	0.0	0.05
OG0000889	1.3821051e-05	3.570985e-05	0.0	0.16
OG0004554	1.3796817e-05	5.501356e-05	0.0	0.07
OG0006355	1.3787427e-05	6.3737025e-05	0.0	0.05
OG0009642	1.37367915e-05	7.875696e-05	0.0	0.04
OG0009429	1.3736699e-05	5.3788735e-05	0.0	0.07
OG0003335	1.3736053e-05	5.370016e-05	0.0	0.08
OG0003959	1.3734267e-05	7.211692e-05	0.0	0.05
OG0003329	1.372162e-05	6.357681e-05	0.0	0.07
OG0000564	1.3709789e-05	5.649408e-05	0.0	0.06
OG0000567	1.3697561e-05	5.9646616e-05	0.0	0.07
OG0007688	1.3695817e-05	9.879771e-05	0.0	0.02
OG0004511	1.3676544e-05	6.0346465e-05	0.0	0.05
OG0004818	1.3666223e-05	5.4133947e-05	0.0	0.07
OG0009442	1.36414355e-05	6.3591215e-05	0.0	0.06
OG0005337	1.3630484e-05	6.391468e-05	0.0	0.05
OG0003065	1.359035e-05	4.820099e-05	0.0	0.08
OG0006258	1.3576331e-05	6.0836006e-05	0.0	0.06
OG0003268	1.3575319e-05	5.7979236e-05	0.0	0.09
OG0002557	1.3560619e-05	4.3843203e-05	0.0	0.14
OG0003266	1.35586915e-05	5.5294182e-05	0.0	0.06
OG0004948	1.3539423e-05	9.589257e-05	0.0	0.02
OG0010073	1.3528275e-05	0.00010010921	0.0	0.02
OG0000881	1.3520313e-05	4.4710934e-05	0.0	0.1
OG0004914	1.3512038e-05	7.293723e-05	0.0	0.04
OG0006507	1.35094315e-05	5.0400417e-05	0.0	0.08
OG0000313	1.3478484e-05	4.3178683e-05	0.0	0.11
OG0000997	1.347593e-05	6.725045e-05	0.0	0.05
OG0008369	1.347114e-05	5.8679496e-05	0.0	0.06
OG0003387	1.34487e-05	6.06271e-05	0.0	0.05
OG0009864	1.3415484e-05	6.239643e-05	0.0	0.05
OG0004878	1.3407541e-05	7.9127116e-05	0.0	0.03
OG0004808	1.337671e-05	5.6637033e-05	0.0	0.07
OG0000779	1.3352447e-05	5.7740035e-05	0.0	0.06
OG0000810	1.3348356e-05	6.135243e-05	0.0	0.06
OG0005583	1.3341189e-05	5.4449392e-05	0.0	0.07
OG0005216	1.33198e-05	5.2379222e-05	0.0	0.07
OG0006570	1.3305993e-05	9.4261566e-05	0.0	0.03
OG0007313	1.33044905e-05	8.759716e-05	0.0	0.03
OG0003715	1.328836e-05	7.274528e-05	0.0	0.04
OG0008228	1.3285586e-05	5.8764694e-05	0.0	0.06
OG0004638	1.3270203e-05	7.0125105e-05	0.0	0.04
OG0006438	1.3250302e-05	7.302703e-05	0.0	0.04
OG0010113	1.3233545e-05	5.4875552e-05	0.0	0.06
OG0015327	1.3225778e-05	6.233942e-05	0.0	0.05
OG0001818	1.3220806e-05	4.111811e-05	0.0	0.1
OG0004608	1.3217523e-05	6.479864e-05	0.0	0.05
OG0000221	1.3211033e-05	5.5963697e-05	0.0	0.07
OG0005852	1.3210532e-05	6.7111345e-05	0.0	0.05
OG0005226	1.3172522e-05	6.0475693e-05	0.0	0.05
OG0000903	1.3164435e-05	4.9872568e-05	0.0	0.08
OG0012306	1.3134031e-05	6.602476e-05	0.0	0.04
OG0010669	1.3124377e-05	6.015363e-05	0.0	0.05
OG0007911	1.3108021e-05	6.5342065e-05	0.0	0.05
OG0004531	1.3105031e-05	9.254262e-05	0.0	0.02
OG0003484	1.3104316e-05	7.16603e-05	0.0	0.04
OG0008943	1.31032175e-05	8.915095e-05	0.0	0.03
OG0003911	1.3081684e-05	6.415198e-05	0.0	0.06
OG0004535	1.3074722e-05	8.0424936e-05	0.0	0.03
OG0003376	1.307127e-05	4.917784e-05	0.0	0.11
OG0000643	1.3049809e-05	5.8031543e-05	0.0	0.06
OG0004100	1.3039501e-05	7.639804e-05	0.0	0.03
OG0007205	1.3028084e-05	3.9410177e-05	0.0	0.11
OG0000950	1.2988388e-05	5.914751e-05	0.0	0.08
OG0019756	1.2964367e-05	5.5684726e-05	0.0	0.06
OG0003708	1.2955549e-05	7.617906e-05	0.0	0.04
OG0003649	1.2946559e-05	3.9697705e-05	0.0	0.11
OG0013827	1.2932502e-05	5.9499154e-05	0.0	0.06
OG0000084	1.2901183e-05	5.7972342e-05	0.0	0.06
OG0005964	1.2890424e-05	8.440811e-05	0.0	0.03
OG0003679	1.2889812e-05	5.805246e-05	0.0	0.05
OG0001397	1.2885204e-05	4.278957e-05	0.0	0.09
OG0009211	1.2850643e-05	9.529117e-05	0.0	0.03
OG0002646	1.2849051e-05	4.396198e-05	0.0	0.09
OG0003625	1.284718e-05	7.58319e-05	0.0	0.04
OG0001279	1.2845129e-05	5.848138e-05	0.0	0.06
OG0004351	1.2822539e-05	6.513376e-05	0.0	0.05
OG0011185	1.27956855e-05	6.523226e-05	0.0	0.04
OG0016301	1.2788096e-05	4.503017e-05	0.0	0.08
OG0012331	1.2759139e-05	4.5082805e-05	0.0	0.08
OG0003358	1.2745985e-05	4.31058e-05	0.0	0.09
OG0012327	1.2739944e-05	5.4797536e-05	0.0	0.07
OG0000921	1.2731457e-05	4.642126e-05	0.0	0.09
OG0010947	1.2726066e-05	7.575291e-05	0.0	0.03
OG0001673	1.2720677e-05	4.5504137e-05	0.0	0.08
OG0007655	1.27155545e-05	9.207918e-05	0.0	0.02
OG0009444	1.270805e-05	6.425591e-05	0.0	0.05
OG0002848	1.26924415e-05	6.554324e-05	0.0	0.04
OG0001617	1.2681916e-05	5.0454895e-05	0.0	0.08
OG0005312	1.2673565e-05	5.0513136e-05	0.0	0.06
OG0005404	1.2643447e-05	5.7974823e-05	0.0	0.08
OG0003694	1.2636637e-05	5.41104e-05	0.0	0.06
OG0005206	1.2631146e-05	4.3819542e-05	0.0	0.11
OG0012707	1.2616208e-05	5.1720177e-05	0.0	0.06
OG0000581	1.2606311e-05	5.4877033e-05	0.0	0.08
OG0003767	1.2597741e-05	5.9158407e-05	0.0	0.05
OG0003321	1.2593193e-05	5.0418963e-05	0.0	0.08
OG0007412	1.25903125e-05	6.443717e-05	0.0	0.05
OG0004098	1.2579109e-05	6.2352396e-05	0.0	0.04
OG0002015	1.25301885e-05	6.2819694e-05	0.0	0.05
OG0000529	1.2525818e-05	5.1684572e-05	0.0	0.07
OG0000966	1.2524272e-05	4.805699e-05	0.0	0.07
OG0004041	1.251281e-05	5.8313737e-05	0.0	0.07
OG0008579	1.2469974e-05	5.6402678e-05	0.0	0.05
OG0000388	1.2448179e-05	5.524575e-05	0.0	0.06
OG0009467	1.2440467e-05	5.9810875e-05	0.0	0.05
OG0009354	1.2433818e-05	5.6224875e-05	0.0	0.05
OG0004943	1.2419673e-05	5.8397953e-05	0.0	0.06
OG0001272	1.2413727e-05	4.9386483e-05	0.0	0.07
OG0004173	1.2408773e-05	7.3494746e-05	0.0	0.04
OG0006782	1.2403245e-05	5.858824e-05	0.0	0.06
OG0003246	1.23979335e-05	5.8058708e-05	0.0	0.06
OG0010896	1.2375702e-05	5.1979037e-05	0.0	0.07
OG0002724	1.2366474e-05	5.052609e-05	0.0	0.07
OG0006961	1.2356722e-05	7.7643046e-05	0.0	0.03
OG0008928	1.235551e-05	8.036536e-05	0.0	0.03
OG0018708	1.2354661e-05	4.5975343e-05	0.0	0.07
OG0000055	1.2340278e-05	4.9204948e-05	0.0	0.09
OG0003117	1.2291301e-05	5.69721e-05	0.0	0.05
OG0009680	1.228847e-05	7.507176e-05	0.0	0.03
OG0006610	1.2282003e-05	8.6419845e-05	0.0	0.02
OG0001455	1.2254816e-05	0.00012254817	0.0	0.01
OG0002515	1.2252813e-05	4.096572e-05	0.0	0.09
OG0007460	1.224945e-05	7.943732e-05	0.0	0.03
OG0005403	1.2244602e-05	7.4424956e-05	0.0	0.03
OG0004015	1.2233185e-05	4.5536035e-05	0.0	0.07
OG0012343	1.2205198e-05	5.4590855e-05	0.0	0.05
OG0013987	1.2204189e-05	4.20294e-05	0.0	0.1
OG0006487	1.2182324e-05	8.6543e-05	0.0	0.02
OG0000535	1.217935e-05	4.879552e-05	0.0	0.08
OG0003122	1.2144986e-05	5.009216e-05	0.0	0.09
OG0013253	1.21390385e-05	6.0786722e-05	0.0	0.04
OG0010683	1.2103473e-05	6.173419e-05	0.0	0.04
OG0000663	1.2097897e-05	8.7838074e-05	0.0	0.04
OG0000832	1.2073766e-05	4.9960072e-05	0.0	0.07
OG0001244	1.2070004e-05	4.479333e-05	0.0	0.09
OG0007264	1.2064015e-05	6.854218e-05	0.0	0.04
OG0006333	1.2037939e-05	7.739978e-05	0.0	0.03
OG0008178	1.2035547e-05	5.625259e-05	0.0	0.05
OG0007799	1.2005452e-05	6.381625e-05	0.0	0.04
OG0004232	1.2003122e-05	6.1030823e-05	0.0	0.04
OG0003865	1.2000011e-05	7.972282e-05	0.0	0.03
OG0005098	1.1993921e-05	8.19243e-05	0.0	0.03
OG0008630	1.1987971e-05	4.589343e-05	0.0	0.08
OG0000407	1.19761435e-05	4.179062e-05	0.0	0.1
OG0007067	1.1963452e-05	8.7208886e-05	0.0	0.02
OG0004218	1.1962827e-05	5.7678117e-05	0.0	0.05
OG0005122	1.1954613e-05	5.34234e-05	0.0	0.06
OG0004309	1.1951588e-05	7.1176604e-05	0.0	0.03
OG0003525	1.1942132e-05	5.4431093e-05	0.0	0.05
OG0003810	1.1891934e-05	5.937183e-05	0.0	0.05
OG0004135	1.188856e-05	0.00010578644	0.0	0.02
OG0004102	1.188596e-05	6.5883076e-05	0.0	0.04
OG0000282	1.1874816e-05	4.2808562e-05	0.0	0.09
OG0004649	1.1874413e-05	4.593288e-05	0.0	0.08
OG0004895	1.1866528e-05	7.241856e-05	0.0	0.03
OG0000987	1.1855008e-05	6.78904e-05	0.0	0.05
OG0006971	1.1825436e-05	7.326632e-05	0.0	0.03
OG0007827	1.1807522e-05	7.495219e-05	0.0	0.03
OG0009060	1.1804749e-05	5.9589558e-05	0.0	0.05
OG0000623	1.17881855e-05	5.9691203e-05	0.0	0.04
OG0003224	1.1781458e-05	5.3926808e-05	0.0	0.06
OG0004003	1.1776934e-05	7.711498e-05	0.0	0.03
OG0007217	1.1756313e-05	7.487379e-05	0.0	0.03
OG0011125	1.1718254e-05	6.965918e-05	0.0	0.03
OG0000395	1.1696688e-05	4.909765e-05	0.0	0.06
OG0000870	1.1695287e-05	5.865941e-05	0.0	0.07
OG0003805	1.16911615e-05	4.9610313e-05	0.0	0.06
OG0003569	1.1689321e-05	4.4432545e-05	0.0	0.08
OG0002412	1.1670569e-05	7.4087235e-05	0.0	0.03
OG0005348	1.1665018e-05	5.426846e-05	0.0	0.05
OG0006511	1.1658854e-05	6.166842e-05	0.0	0.05
OG0006456	1.1649984e-05	5.7384965e-05	0.0	0.04
OG0000897	1.1629608e-05	4.630349e-05	0.0	0.07
OG0003414	1.1599934e-05	4.913385e-05	0.0	0.06
OG0003608	1.1551926e-05	5.4187618e-05	0.0	0.05
OG0005498	1.1521775e-05	5.5273482e-05	0.0	0.05
OG0004867	1.1499371e-05	5.6979556e-05	0.0	0.05
OG0012695	1.1488896e-05	5.53592e-05	0.0	0.05
OG0001912	1.1466852e-05	4.6866764e-05	0.0	0.07
OG0006544	1.1461731e-05	8.557442e-05	0.0	0.02
OG0005215	1.1452125e-05	5.0702154e-05	0.0	0.06
OG0007455	1.1450294e-05	5.446507e-05	0.0	0.05
OG0010025	1.1442304e-05	4.740253e-05	0.0	0.06
OG0005336	1.1439556e-05	8.267104e-05	0.0	0.04
OG0003832	1.1427781e-05	6.145942e-05	0.0	0.04
OG0000941	1.1424938e-05	4.4641467e-05	0.0	0.1
OG0006885	1.1424001e-05	8.169706e-05	0.0	0.02
OG0009816	1.14043205e-05	8.050865e-05	0.0	0.02
OG0001527	1.1394062e-05	5.448301e-05	0.0	0.05
OG0003003	1.1389205e-05	7.0139875e-05	0.0	0.05
OG0003270	1.1381011e-05	4.4542503e-05	0.0	0.07
OG0017796	1.1378743e-05	5.56109e-05	0.0	0.06
OG0009232	1.136788e-05	6.230798e-05	0.0	0.05
OG0010962	1.1358855e-05	5.987796e-05	0.0	0.04
OG0000633	1.1351557e-05	5.3753367e-05	0.0	0.05
OG0007228	1.13503065e-05	5.6589903e-05	0.0	0.04
OG0000959	1.1340628e-05	5.4313397e-05	0.0	0.05
OG0003722	1.1326999e-05	6.643168e-05	0.0	0.03
OG0011865	1.1310701e-05	5.2825e-05	0.0	0.05
OG0007363	1.1309348e-05	6.084324e-05	0.0	0.04
OG0010624	1.1296025e-05	4.840614e-05	0.0	0.07
OG0004020	1.1294543e-05	6.5108994e-05	0.0	0.03
OG0007900	1.128677e-05	4.390695e-05	0.0	0.08
OG0005421	1.1283252e-05	7.2934985e-05	0.0	0.03
OG0003846	1.12115185e-05	7.932005e-05	0.0	0.02
OG0008202	1.1208528e-05	7.112039e-05	0.0	0.03
OG0000484	1.1199789e-05	7.789806e-05	0.0	0.03
OG0005000	1.1171654e-05	5.0513463e-05	0.0	0.05
OG0001285	1.1154244e-05	5.4826378e-05	0.0	0.06
OG0010100	1.1144464e-05	6.702468e-05	0.0	0.03
OG0008359	1.1140973e-05	6.006674e-05	0.0	0.05
OG0003426	1.1140759e-05	5.211244e-05	0.0	0.07
OG0000872	1.1135821e-05	7.721251e-05	0.0	0.03
OG0004555	1.1126278e-05	5.0822182e-05	0.0	0.05
OG0008264	1.1088124e-05	5.918632e-05	0.0	0.04
OG0003467	1.1082452e-05	4.4958553e-05	0.0	0.08
OG0003052	1.1081229e-05	6.441531e-05	0.0	0.03
OG0000240	1.1080775e-05	5.89385e-05	0.0	0.06
OG0006846	1.10785395e-05	7.117253e-05	0.0	0.03
OG0002897	1.1076306e-05	7.3255265e-05	0.0	0.04
OG0002050	1.1063385e-05	3.9479066e-05	0.0	0.09
OG0002890	1.1016069e-05	4.923779e-05	0.0	0.06
OG0001350	1.1014423e-05	5.513886e-05	0.0	0.06
OG0003630	1.1005917e-05	5.8305457e-05	0.0	0.04
OG0004695	1.0993348e-05	5.507936e-05	0.0	0.05
OG0000788	1.0989688e-05	5.805518e-05	0.0	0.05
OG0004981	1.0961892e-05	4.132396e-05	0.0	0.07
OG0016438	1.0934397e-05	5.083229e-05	0.0	0.05
OG0003390	1.0916199e-05	4.221299e-05	0.0	0.08
OG0000848	1.0915892e-05	8.993754e-05	0.0	0.03
OG0005694	1.0907859e-05	5.1751464e-05	0.0	0.05
OG0010002	1.0896409e-05	4.9464106e-05	0.0	0.05
OG0009175	1.0895739e-05	8.866552e-05	0.0	0.02
OG0005260	1.0893231e-05	5.672568e-05	0.0	0.04
OG0013616	1.087816e-05	4.65416e-05	0.0	0.06
OG0022389	1.0822416e-05	4.8583264e-05	0.0	0.05
OG0010977	1.0811696e-05	6.60075e-05	0.0	0.03
OG0009475	1.0808933e-05	5.9404545e-05	0.0	0.04
OG0008065	1.08089125e-05	5.007847e-05	0.0	0.05
OG0008164	1.0796718e-05	5.8898848e-05	0.0	0.04
OG0004191	1.0793098e-05	9.1276204e-05	0.0	0.02
OG0008573	1.0784237e-05	5.3796542e-05	0.0	0.04
OG0011588	1.0780756e-05	0.000107807515	0.0	0.01
OG0004816	1.0775492e-05	5.288028e-05	0.0	0.05
OG0006802	1.0770958e-05	4.0943687e-05	0.0	0.07
OG0006279	1.07657725e-05	8.4876476e-05	0.0	0.02
OG0002192	1.0764506e-05	6.0536007e-05	0.0	0.04
OG0000851	1.0749889e-05	5.68422e-05	0.0	0.04
OG0008565	1.0734853e-05	8.194279e-05	0.0	0.02
OG0003840	1.073071e-05	5.9911632e-05	0.0	0.04
OG0002051	1.0730263e-05	6.588039e-05	0.0	0.06
OG0005457	1.07154565e-05	4.4148695e-05	0.0	0.06
OG0000447	1.07083215e-05	5.0029914e-05	0.0	0.05
OG0006805	1.0705298e-05	7.664402e-05	0.0	0.02
OG0020001	1.0701706e-05	4.8874346e-05	0.0	0.05
OG0003567	1.0692763e-05	7.594865e-05	0.0	0.02
OG0004992	1.0681231e-05	5.749235e-05	0.0	0.04
OG0004537	1.0664422e-05	7.519732e-05	0.0	0.02
OG0000787	1.0653759e-05	3.9912644e-05	0.0	0.08
OG0003550	1.0647125e-05	4.5291086e-05	0.0	0.06
OG0000944	1.064597e-05	4.4725377e-05	0.0	0.06
OG0003975	1.0636669e-05	7.91388e-05	0.0	0.02
OG0011883	1.0628795e-05	5.1177245e-05	0.0	0.05
OG0004169	1.0613434e-05	0.000106134365	0.0	0.01
OG0013294	1.0612579e-05	5.5905668e-05	0.0	0.04
OG0010447	1.0610068e-05	4.506545e-05	0.0	0.06
OG0000996	1.0608981e-05	5.9755366e-05	0.0	0.04
OG0001492	1.0602709e-05	4.1126877e-05	0.0	0.07
OG0009508	1.0587433e-05	6.483565e-05	0.0	0.04
OG0016227	1.05656545e-05	6.554367e-05	0.0	0.03
OG0003466	1.0564087e-05	5.7129248e-05	0.0	0.04
OG0005191	1.0561676e-05	6.751639e-05	0.0	0.03
OG0001061	1.0561575e-05	4.943141e-05	0.0	0.06
OG0007068	1.0543058e-05	5.4137858e-05	0.0	0.04
OG0001105	1.0525941e-05	3.8802395e-05	0.0	0.08
OG0004242	1.0509929e-05	5.0190596e-05	0.0	0.05
OG0004949	1.0503276e-05	4.1594478e-05	0.0	0.07
OG0003956	1.0465138e-05	4.9390852e-05	0.0	0.06
OG0000286	1.0461593e-05	4.533638e-05	0.0	0.07
OG0003244	1.04458295e-05	4.1318563e-05	0.0	0.07
OG0007121	1.0419479e-05	6.033097e-05	0.0	0.03
OG0011660	1.0404905e-05	4.256774e-05	0.0	0.06
OG0002777	1.0389918e-05	4.3629512e-05	0.0	0.06
OG0004654	1.0384966e-05	6.4475156e-05	0.0	0.03
OG0007315	1.0381593e-05	0.000103815924	0.0	0.01
OG0004363	1.0353674e-05	7.6392134e-05	0.0	0.02
OG0005088	1.0335449e-05	5.928418e-05	0.0	0.03
OG0004345	1.0323504e-05	7.824136e-05	0.0	0.02
OG0009821	1.03163065e-05	5.4292057e-05	0.0	0.04
OG0001516	1.031562e-05	4.120191e-05	0.0	0.07
OG0003633	1.0312589e-05	5.077832e-05	0.0	0.04
OG0004595	1.0307882e-05	4.8270285e-05	0.0	0.05
OG0008649	1.0307744e-05	6.1715466e-05	0.0	0.03
OG0001229	1.0273424e-05	5.6250476e-05	0.0	0.04
OG0014477	1.0268966e-05	4.7205078e-05	0.0	0.05
OG0003401	1.0214014e-05	3.8829527e-05	0.0	0.07
OG0000805	1.0213641e-05	4.3795113e-05	0.0	0.07
OG0010253	1.02094455e-05	7.429134e-05	0.0	0.02
OG0004670	1.0198103e-05	6.559783e-05	0.0	0.03
OG0004055	1.0193323e-05	5.1935338e-05	0.0	0.04
OG0005547	1.0165608e-05	3.9580125e-05	0.0	0.07
OG0010186	1.0157957e-05	7.15125e-05	0.0	0.02
OG0002883	1.0148786e-05	4.3815413e-05	0.0	0.06
OG0000501	1.0129874e-05	5.261882e-05	0.0	0.04
OG0008334	1.0126437e-05	5.106658e-05	0.0	0.04
OG0004643	1.0111453e-05	5.795009e-05	0.0	0.04
OG0003681	1.0105178e-05	5.907941e-05	0.0	0.06
OG0000433	1.0099793e-05	6.469431e-05	0.0	0.03
OG0009346	1.0081285e-05	4.2060954e-05	0.0	0.06
OG0001605	1.006759e-05	4.9878247e-05	0.0	0.05
OG0004761	1.0058887e-05	5.814484e-05	0.0	0.03
OG0009169	1.0039972e-05	4.9844683e-05	0.0	0.04
OG0004405	1.00262605e-05	6.466737e-05	0.0	0.03
OG0004714	1.001173e-05	0.000100117395	0.0	0.01
OG0002417	1.000872e-05	5.8256766e-05	0.0	0.03
OG0000469	9.994742e-06	6.067319e-05	0.0	0.03
OG0003424	9.994375e-06	5.9403887e-05	0.0	0.03
OG0002409	9.990641e-06	6.641356e-05	0.0	0.03
OG0001383	9.986982e-06	3.7866364e-05	0.0	0.11
OG0000553	9.981505e-06	4.5328787e-05	0.0	0.06
OG0014425	9.976203e-06	7.454666e-05	0.0	0.02
OG0013309	9.97619e-06	4.6449215e-05	0.0	0.06
OG0008420	9.973154e-06	6.1438885e-05	0.0	0.03
OG0007160	9.959668e-06	9.959694e-05	0.0	0.01
OG0008220	9.939756e-06	5.701594e-05	0.0	0.03
OG0003965	9.929359e-06	5.2733903e-05	0.0	0.04
OG0005338	9.910138e-06	4.9575207e-05	0.0	0.04
OG0014852	9.8911805e-06	2.6303096e-05	0.0	0.14
OG0003974	9.870699e-06	6.057257e-05	0.0	0.03
OG0003534	9.840316e-06	3.9551738e-05	0.0	0.09
OG0006310	9.830426e-06	6.974869e-05	0.0	0.03
OG0009849	9.821157e-06	4.868717e-05	0.0	0.04
OG0003380	9.818401e-06	5.0190134e-05	0.0	0.05
OG0005451	9.79972e-06	4.5353623e-05	0.0	0.05
OG0008221	9.78453e-06	7.446308e-05	0.0	0.02
OG0007642	9.781381e-06	5.809388e-05	0.0	0.03
OG0004023	9.776171e-06	5.71365e-05	0.0	0.03
OG0004224	9.771861e-06	4.2672018e-05	0.0	0.06
OG0006428	9.748036e-06	4.6396377e-05	0.0	0.05
OG0003635	9.739308e-06	7.1411225e-05	0.0	0.03
OG0004001	9.721723e-06	4.808897e-05	0.0	0.04
OG0003002	9.720986e-06	5.055547e-05	0.0	0.05
OG0000637	9.713523e-06	4.767336e-05	0.0	0.05
OG0005212	9.708787e-06	6.0695136e-05	0.0	0.03
OG0010125	9.704274e-06	9.704278e-05	0.0	0.01
OG0005448	9.70255e-06	4.8863174e-05	0.0	0.04
OG0000545	9.680879e-06	3.8003072e-05	0.0	0.07
OG0000362	9.67668e-06	5.180894e-05	0.0	0.04
OG0000815	9.662408e-06	4.8271722e-05	0.0	0.05
OG0005524	9.658198e-06	4.078693e-05	0.0	0.06
OG0011846	9.646617e-06	4.8785554e-05	0.0	0.04
OG0009066	9.633431e-06	6.24195e-05	0.0	0.03
OG0003813	9.618172e-06	5.792534e-05	0.0	0.03
OG0003126	9.615041e-06	5.6506764e-05	0.0	0.06
OG0003493	9.613305e-06	9.613311e-05	0.0	0.01
OG0000404	9.606484e-06	4.808691e-05	0.0	0.06
OG0000308	9.5647065e-06	4.472539e-05	0.0	0.06
OG0011769	9.5585865e-06	5.930007e-05	0.0	0.03
OG0004776	9.543029e-06	6.7676e-05	0.0	0.02
OG0009783	9.538033e-06	5.6690908e-05	0.0	0.03
OG0004118	9.5334535e-06	5.8087662e-05	0.0	0.04
OG0003791	9.5309715e-06	4.9761165e-05	0.0	0.04
OG0004852	9.530103e-06	9.530105e-05	0.0	0.01
OG0008809	9.529608e-06	6.7416506e-05	0.0	0.02
OG0004049	9.521551e-06	5.4231878e-05	0.0	0.04
OG0007464	9.5107935e-06	5.5158416e-05	0.0	0.03
OG0008443	9.479514e-06	7.114286e-05	0.0	0.03
OG0006218	9.475171e-06	6.4778134e-05	0.0	0.04
OG0007815	9.470642e-06	4.8787853e-05	0.0	0.04
OG0022429	9.464917e-06	5.7870253e-05	0.0	0.04
OG0003711	9.464574e-06	6.66695e-05	0.0	0.02
OG0000772	9.448882e-06	3.929595e-05	0.0	0.08
OG0001561	9.436297e-06	3.6283494e-05	0.0	0.1
OG0003814	9.431089e-06	4.0156217e-05	0.0	0.06
OG0008362	9.42322e-06	6.477912e-05	0.0	0.03
OG0013327	9.413896e-06	4.102665e-05	0.0	0.08
OG0000687	9.388322e-06	2.9925011e-05	0.0	0.1
OG0004513	9.376661e-06	4.6235666e-05	0.0	0.05
OG0005287	9.364138e-06	9.3641385e-05	0.0	0.01
OG0006646	9.359533e-06	4.8153925e-05	0.0	0.04
OG0004775	9.353419e-06	5.7413366e-05	0.0	0.03
OG0001598	9.346081e-06	3.8779002e-05	0.0	0.06
OG0005971	9.341468e-06	6.568985e-05	0.0	0.03
OG0001977	9.323287e-06	4.2092342e-05	0.0	0.07
OG0005772	9.307117e-06	9.307118e-05	0.0	0.01
OG0003901	9.287273e-06	4.3072392e-05	0.0	0.05
OG0000419	9.283194e-06	3.966262e-05	0.0	0.06
OG0005468	9.2604305e-06	4.1185456e-05	0.0	0.06
OG0002656	9.212153e-06	4.8509977e-05	0.0	0.06
OG0003732	9.206734e-06	5.477726e-05	0.0	0.05
OG0009087	9.206054e-06	3.9451963e-05	0.0	0.07
OG0008352	9.201392e-06	9.2013855e-05	0.0	0.01
OG0009819	9.197118e-06	5.2936757e-05	0.0	0.03
OG0001248	9.195666e-06	3.4727196e-05	0.0	0.08
OG0005024	9.178626e-06	6.538047e-05	0.0	0.02
OG0005876	9.175714e-06	7.481484e-05	0.0	0.02
OG0010456	9.167387e-06	6.476253e-05	0.0	0.02
OG0000334	9.1488e-06	4.6897283e-05	0.0	0.04
OG0005728	9.133045e-06	5.5457996e-05	0.0	0.03
OG0005975	9.127008e-06	9.127e-05	0.0	0.01
OG0003473	9.113377e-06	3.7957838e-05	0.0	0.06
OG0001027	9.106935e-06	5.661964e-05	0.0	0.03
OG0000904	9.105211e-06	4.461305e-05	0.0	0.05
OG0001841	9.092121e-06	3.8939586e-05	0.0	0.08
OG0000209	9.090663e-06	5.7892383e-05	0.0	0.03
OG0001100	9.089249e-06	4.5529578e-05	0.0	0.07
OG0004741	9.088961e-06	7.564464e-05	0.0	0.02
OG0006787	9.075513e-06	5.9215552e-05	0.0	0.03
OG0001307	9.072771e-06	4.2721123e-05	0.0	0.05
OG0001624	9.055999e-06	3.9297294e-05	0.0	0.06
OG0004369	9.032768e-06	4.9103382e-05	0.0	0.04
OG0001099	9.023098e-06	3.5164518e-05	0.0	0.09
OG0000791	9.019466e-06	5.473412e-05	0.0	0.04
OG0005619	9.003432e-06	5.660282e-05	0.0	0.03
OG0000611	8.986322e-06	4.490364e-05	0.0	0.06
OG0011234	8.985231e-06	3.7452217e-05	0.0	0.06
OG0003524	8.982871e-06	7.326628e-05	0.0	0.02
OG0010430	8.979593e-06	5.4780972e-05	0.0	0.04
OG0009740	8.979526e-06	4.548232e-05	0.0	0.04
OG0004407	8.979113e-06	5.3602023e-05	0.0	0.03
OG0003235	8.97237e-06	7.015088e-05	0.0	0.02
OG0004777	8.954656e-06	4.254578e-05	0.0	0.06
OG0003183	8.9368505e-06	5.1297204e-05	0.0	0.03
OG0002375	8.936034e-06	4.1168365e-05	0.0	0.06
OG0008235	8.9350615e-06	8.935048e-05	0.0	0.01
OG0004688	8.912608e-06	4.5109016e-05	0.0	0.04
OG0000337	8.905738e-06	6.722676e-05	0.0	0.03
OG0000651	8.895668e-06	3.6187423e-05	0.0	0.07
OG0000196	8.886299e-06	4.0061514e-05	0.0	0.06
OG0001416	8.882529e-06	3.0262623e-05	0.0	0.09
OG0000683	8.876026e-06	3.600757e-05	0.0	0.08
OG0009105	8.868006e-06	4.6714642e-05	0.0	0.04
OG0000505	8.86529e-06	4.162532e-05	0.0	0.06
OG0004738	8.864193e-06	3.6203834e-05	0.0	0.06
OG0002291	8.863874e-06	2.341112e-05	0.0	0.14
OG0002189	8.849291e-06	6.361674e-05	0.0	0.03
OG0000980	8.845626e-06	5.3681444e-05	0.0	0.04
OG0001322	8.8412435e-06	4.830712e-05	0.0	0.04
OG0004551	8.8269e-06	8.8269015e-05	0.0	0.01
OG0003252	8.82519e-06	3.68125e-05	0.0	0.06
OG0001045	8.820627e-06	2.7659538e-05	0.0	0.12
OG0005996	8.7986045e-06	7.206524e-05	0.0	0.02
OG0003600	8.7950075e-06	4.2688836e-05	0.0	0.05
OG0003024	8.75317e-06	3.965413e-05	0.0	0.05
OG0002767	8.740488e-06	4.213012e-05	0.0	0.05
OG0003659	8.727959e-06	6.197636e-05	0.0	0.02
OG0001539	8.720256e-06	4.8035243e-05	0.0	0.04
OG0019906	8.7171975e-06	5.086619e-05	0.0	0.03
OG0004186	8.700682e-06	6.43201e-05	0.0	0.02
OG0006893	8.691987e-06	6.1170525e-05	0.0	0.02
OG0000968	8.691953e-06	3.0691852e-05	0.0	0.11
OG0010992	8.680155e-06	4.062749e-05	0.0	0.05
OG0008253	8.672993e-06	6.7713045e-05	0.0	0.02
OG0004158	8.670376e-06	6.790183e-05	0.0	0.04
OG0006489	8.666978e-06	4.800501e-05	0.0	0.06
OG0004052	8.66665e-06	8.666641e-05	0.0	0.01
OG0003141	8.660038e-06	4.9509097e-05	0.0	0.03
OG0009826	8.653701e-06	6.113896e-05	0.0	0.02
OG0005132	8.644132e-06	8.644141e-05	0.0	0.01
OG0004190	8.638914e-06	4.3519474e-05	0.0	0.04
OG0004212	8.622109e-06	8.622113e-05	0.0	0.01
OG0009705	8.614679e-06	5.158186e-05	0.0	0.03
OG0010192	8.614467e-06	4.3614324e-05	0.0	0.04
OG0000376	8.597792e-06	3.742556e-05	0.0	0.06
OG0003182	8.591218e-06	4.2690208e-05	0.0	0.06
OG0003620	8.591177e-06	5.0096845e-05	0.0	0.03
OG0001261	8.585396e-06	3.3780638e-05	0.0	0.08
OG0003966	8.578449e-06	8.57846e-05	0.0	0.01
OG0006882	8.575436e-06	3.538734e-05	0.0	0.06
OG0000471	8.574999e-06	5.074301e-05	0.0	0.03
OG0010927	8.570563e-06	4.7390473e-05	0.0	0.04
OG0003829	8.565585e-06	4.1831456e-05	0.0	0.05
OG0003726	8.563175e-06	3.2195585e-05	0.0	0.07
OG0006926	8.552768e-06	4.9370417e-05	0.0	0.03
OG0000928	8.551257e-06	4.9693157e-05	0.0	0.03
OG0008801	8.550234e-06	4.5340697e-05	0.0	0.04
OG0004244	8.530269e-06	4.9978138e-05	0.0	0.03
OG0005118	8.52223e-06	3.7792674e-05	0.0	0.05
OG0005784	8.519152e-06	6.0636026e-05	0.0	0.02
OG0005811	8.486973e-06	5.1471765e-05	0.0	0.03
OG0004389	8.468802e-06	6.192444e-05	0.0	0.02
OG0002882	8.465877e-06	3.2104395e-05	0.0	0.07
OG0003040	8.453901e-06	3.216761e-05	0.0	0.07
OG0007981	8.450642e-06	5.338491e-05	0.0	0.03
OG0005361	8.4440535e-06	5.9940325e-05	0.0	0.02
OG0004937	8.437111e-06	7.7047975e-05	0.0	0.02
OG0000457	8.418637e-06	6.1451596e-05	0.0	0.02
OG0001518	8.416068e-06	3.7753533e-05	0.0	0.08
OG0003000	8.367587e-06	5.2093004e-05	0.0	0.03
OG0008421	8.3641335e-06	4.1239993e-05	0.0	0.05
OG0004297	8.360323e-06	3.8449278e-05	0.0	0.05
OG0008330	8.342547e-06	3.6988535e-05	0.0	0.05
OG0000917	8.339294e-06	3.919218e-05	0.0	0.05
OG0007457	8.31824e-06	5.5978966e-05	0.0	0.03
OG0002779	8.310142e-06	5.5553133e-05	0.0	0.03
OG0004380	8.280053e-06	8.280051e-05	0.0	0.01
OG0009152	8.276542e-06	8.276539e-05	0.0	0.01
OG0005246	8.2738525e-06	5.4173976e-05	0.0	0.03
OG0002578	8.236624e-06	2.6058453e-05	0.0	0.11
OG0005768	8.22966e-06	3.2623262e-05	0.0	0.08
OG0005576	8.211977e-06	5.8381476e-05	0.0	0.02
OG0004327	8.205275e-06	3.6735044e-05	0.0	0.06
OG0004322	8.203932e-06	4.9437534e-05	0.0	0.03
OG0000856	8.1889875e-06	3.5484223e-05	0.0	0.06
OG0005433	8.186759e-06	4.1466716e-05	0.0	0.04
OG0008598	8.184508e-06	4.2609165e-05	0.0	0.04
OG0005202	8.18139e-06	4.832848e-05	0.0	0.03
OG0007463	8.181091e-06	3.7271944e-05	0.0	0.05
OG0001782	8.177874e-06	3.1281223e-05	0.0	0.07
OG0005200	8.1718235e-06	4.7290345e-05	0.0	0.03
OG0003338	8.169373e-06	5.018548e-05	0.0	0.03
OG0013357	8.168211e-06	6.081004e-05	0.0	0.02
OG0014920	8.161177e-06	4.422934e-05	0.0	0.04
OG0004426	8.159807e-06	3.9583643e-05	0.0	0.05
OG0003328	8.1544595e-06	4.046071e-05	0.0	0.06
OG0001199	8.154069e-06	4.4567132e-05	0.0	0.05
OG0003365	8.152619e-06	3.4871766e-05	0.0	0.07
OG0006067	8.1429935e-06	8.1430015e-05	0.0	0.01
OG0003890	8.127252e-06	5.6365403e-05	0.0	0.03
OG0004206	8.124552e-06	3.8843107e-05	0.0	0.05
OG0008255	8.118976e-06	5.9993243e-05	0.0	0.02
OG0012283	8.102642e-06	4.9477843e-05	0.0	0.03
OG0007983	8.09814e-06	4.0725085e-05	0.0	0.04
OG0008584	8.059948e-06	5.1959618e-05	0.0	0.03
OG0001277	8.055614e-06	4.8965543e-05	0.0	0.03
OG0000424	8.04979e-06	4.003952e-05	0.0	0.06
OG0003957	8.047476e-06	3.7810394e-05	0.0	0.05
OG0008232	8.043487e-06	4.8562375e-05	0.0	0.03
OG0003759	8.014733e-06	5.8058904e-05	0.0	0.02
OG0000523	8.003843e-06	5.662641e-05	0.0	0.03
OG0003707	8.001285e-06	3.2421045e-05	0.0	0.08
OG0000829	7.991353e-06	3.5027137e-05	0.0	0.08
OG0007969	7.987444e-06	7.9874415e-05	0.0	0.01
OG0006566	7.971368e-06	3.2520107e-05	0.0	0.06
OG0008899	7.963326e-06	4.3743694e-05	0.0	0.04
OG0006430	7.944923e-06	7.9449186e-05	0.0	0.01
OG0002996	7.925957e-06	4.040471e-05	0.0	0.04
OG0003276	7.91304e-06	3.394669e-05	0.0	0.06
OG0008274	7.912671e-06	4.805452e-05	0.0	0.03
OG0001048	7.911196e-06	3.299518e-05	0.0	0.09
OG0018423	7.905172e-06	3.300679e-05	0.0	0.06
OG0003646	7.897394e-06	3.8754286e-05	0.0	0.05
OG0008582	7.896108e-06	6.0729388e-05	0.0	0.02
OG0004124	7.882493e-06	7.882492e-05	0.0	0.01
OG0007973	7.878884e-06	4.4208675e-05	0.0	0.04
OG0006445	7.8638395e-06	5.7644367e-05	0.0	0.02
OG0000632	7.85732e-06	3.345561e-05	0.0	0.06
OG0009164	7.855465e-06	3.573781e-05	0.0	0.05
OG0010231	7.850704e-06	3.5755776e-05	0.0	0.05
OG0005809	7.848841e-06	5.1216644e-05	0.0	0.03
OG0011241	7.847672e-06	4.3221844e-05	0.0	0.04
OG0007754	7.845936e-06	4.0822946e-05	0.0	0.04
OG0007965	7.833347e-06	4.074122e-05	0.0	0.05
OG0005169	7.817475e-06	4.499182e-05	0.0	0.03
OG0008776	7.816861e-06	3.829498e-05	0.0	0.05
OG0000374	7.81672e-06	3.4661072e-05	0.0	0.06
OG0004897	7.808198e-06	5.60506e-05	0.0	0.02
OG0008215	7.805586e-06	4.597069e-05	0.0	0.03
OG0002813	7.793383e-06	3.1469182e-05	0.0	0.06
OG0011571	7.767734e-06	4.0236937e-05	0.0	0.04
OG0007755	7.753176e-06	5.764107e-05	0.0	0.02
OG0006220	7.744139e-06	2.9604804e-05	0.0	0.07
OG0006930	7.743489e-06	5.626788e-05	0.0	0.02
OG0008916	7.738059e-06	5.5360833e-05	0.0	0.02
OG0000937	7.716461e-06	3.057416e-05	0.0	0.08
OG0007966	7.709389e-06	5.582991e-05	0.0	0.02
OG0005926	7.70454e-06	4.9258517e-05	0.0	0.03
OG0010439	7.7018385e-06	3.86148e-05	0.0	0.04
OG0011911	7.696476e-06	6.2713414e-05	0.0	0.03
OG0004355	7.694315e-06	3.9495062e-05	0.0	0.04
OG0005535	7.6785145e-06	3.8475533e-05	0.0	0.05
OG0009639	7.665124e-06	3.628052e-05	0.0	0.05
OG0003428	7.654876e-06	4.1395262e-05	0.0	0.04
OG0004898	7.632559e-06	5.369806e-05	0.0	0.02
OG0003597	7.625255e-06	3.7551865e-05	0.0	0.06
OG0005391	7.6217298e-06	4.67046e-05	0.0	0.03
OG0000366	7.619936e-06	4.288534e-05	0.0	0.04
OG0009655	7.6045003e-06	5.5877517e-05	0.0	0.02
OG0003477	7.584122e-06	5.975553e-05	0.0	0.02
OG0005042	7.583142e-06	5.3350384e-05	0.0	0.02
OG0008929	7.5789776e-06	5.5948578e-05	0.0	0.02
OG0019763	7.5772155e-06	3.860229e-05	0.0	0.04
OG0000412	7.5726316e-06	2.9868681e-05	0.0	0.08
OG0005977	7.572241e-06	5.520304e-05	0.0	0.02
OG0007557	7.561628e-06	4.5644534e-05	0.0	0.03
OG0004082	7.5538715e-06	4.516906e-05	0.0	0.03
OG0013600	7.553629e-06	2.2000919e-05	0.0	0.13
OG0004146	7.538247e-06	7.5382515e-05	0.0	0.01
OG0005795	7.53129e-06	6.39286e-05	0.0	0.02
OG0006178	7.530768e-06	7.5307784e-05	0.0	0.01
OG0010027	7.530339e-06	7.5303404e-05	0.0	0.01
OG0010925	7.5075873e-06	4.305733e-05	0.0	0.03
OG0003668	7.502743e-06	3.7043334e-05	0.0	0.05
OG0005023	7.4987056e-06	6.750768e-05	0.0	0.02
OG0007600	7.495623e-06	4.5358534e-05	0.0	0.03
OG0007459	7.4939053e-06	6.115492e-05	0.0	0.02
OG0005503	7.474552e-06	5.2709736e-05	0.0	0.02
OG0007146	7.469351e-06	4.5305027e-05	0.0	0.03
OG0002785	7.45894e-06	3.32398e-05	0.0	0.07
OG0000887	7.458727e-06	4.5811554e-05	0.0	0.03
OG0004951	7.4508307e-06	5.3578773e-05	0.0	0.02
OG0000773	7.43812e-06	3.6821537e-05	0.0	0.05
OG0000717	7.419305e-06	3.906467e-05	0.0	0.04
OG0004060	7.41159e-06	4.7428053e-05	0.0	0.03
OG0005974	7.409652e-06	5.603027e-05	0.0	0.02
OG0014586	7.4077598e-06	4.3845404e-05	0.0	0.03
OG0002760	7.3991123e-06	3.2473585e-05	0.0	0.06
OG0005979	7.3892365e-06	7.389244e-05	0.0	0.01
OG0001268	7.3859082e-06	5.29195e-05	0.0	0.03
OG0002230	7.3840497e-06	3.078449e-05	0.0	0.06
OG0001011	7.380401e-06	6.4111046e-05	0.0	0.02
OG0001057	7.369151e-06	3.4598004e-05	0.0	0.07
OG0003470	7.367709e-06	3.7336653e-05	0.0	0.04
OG0000781	7.36452e-06	2.509114e-05	0.0	0.11
OG0006892	7.36341e-06	4.149488e-05	0.0	0.04
OG0007074	7.345407e-06	4.3677483e-05	0.0	0.03
OG0004320	7.329011e-06	7.3290124e-05	0.0	0.01
OG0004362	7.3112e-06	5.3083426e-05	0.0	0.02
OG0014490	7.3028045e-06	3.844501e-05	0.0	0.04
OG0004735	7.295478e-06	4.1913132e-05	0.0	0.03
OG0012356	7.294637e-06	5.281758e-05	0.0	0.02
OG0007202	7.2771522e-06	5.4720895e-05	0.0	0.02
OG0007211	7.276238e-06	4.3870794e-05	0.0	0.03
OG0004872	7.262849e-06	4.387357e-05	0.0	0.03
OG0006933	7.2554035e-06	3.821866e-05	0.0	0.04
OG0004337	7.2446674e-06	6.351051e-05	0.0	0.02
OG0000472	7.241519e-06	3.963754e-05	0.0	0.05
OG0004786	7.216243e-06	4.210225e-05	0.0	0.03
OG0009628	7.2132075e-06	7.2131996e-05	0.0	0.01
OG0004255	7.208872e-06	3.2579515e-05	0.0	0.05
OG0004334	7.205109e-06	3.743475e-05	0.0	0.04
OG0011213	7.204308e-06	3.597283e-05	0.0	0.04
OG0012932	7.203157e-06	3.1574782e-05	0.0	0.06
OG0003881	7.1975605e-06	5.4910848e-05	0.0	0.02
OG0003714	7.197069e-06	4.573869e-05	0.0	0.03
OG0004005	7.1829145e-06	3.817209e-05	0.0	0.04
OG0007383	7.178554e-06	7.178558e-05	0.0	0.01
OG0001165	7.1633585e-06	4.3509226e-05	0.0	0.03
OG0003931	7.152802e-06	2.9653505e-05	0.0	0.06
OG0004787	7.1515487e-06	4.089462e-05	0.0	0.03
OG0007207	7.1461423e-06	3.7036123e-05	0.0	0.04
OG0003680	7.145683e-06	4.125473e-05	0.0	0.03
OG0005834	7.130439e-06	7.1304254e-05	0.0	0.01
OG0007397	7.1289983e-06	7.1289964e-05	0.0	0.01
OG0004936	7.121167e-06	4.734622e-05	0.0	0.03
OG0003882	7.116216e-06	3.8594022e-05	0.0	0.04
OG0004134	7.1097893e-06	3.580822e-05	0.0	0.04
OG0003543	7.1076734e-06	3.7869697e-05	0.0	0.06
OG0001368	7.0924348e-06	4.3273187e-05	0.0	0.04
OG0003612	7.065528e-06	5.0963426e-05	0.0	0.04
OG0002755	7.0606998e-06	3.981665e-05	0.0	0.04
OG0001327	7.0585684e-06	3.1275074e-05	0.0	0.06
OG0003744	7.055389e-06	5.575461e-05	0.0	0.02
OG0009095	7.0489423e-06	7.048939e-05	0.0	0.01
OG0001542	7.034436e-06	4.0901057e-05	0.0	0.03
OG0003863	7.0173946e-06	3.9747694e-05	0.0	0.04
OG0008694	7.004271e-06	4.933122e-05	0.0	0.02
OG0004881	6.9977077e-06	4.4727996e-05	0.0	0.03
OG0002290	6.9967978e-06	3.872397e-05	0.0	0.04
OG0001553	6.99513e-06	3.875317e-05	0.0	0.04
OG0002601	6.973422e-06	2.9090275e-05	0.0	0.06
OG0004961	6.9570506e-06	4.3344116e-05	0.0	0.03
OG0001653	6.9547214e-06	4.1910447e-05	0.0	0.03
OG0003083	6.953284e-06	4.2094314e-05	0.0	0.03
OG0004427	6.9520315e-06	4.165868e-05	0.0	0.03
OG0009749	6.942236e-06	4.4206277e-05	0.0	0.03
OG0001243	6.935644e-06	4.3644228e-05	0.0	0.04
OG0012665	6.9348653e-06	3.1857802e-05	0.0	0.07
OG0004438	6.9284897e-06	4.8963222e-05	0.0	0.02
OG0004313	6.9244443e-06	4.0247884e-05	0.0	0.03
OG0000596	6.918901e-06	4.403867e-05	0.0	0.03
OG0012790	6.8917543e-06	5.1468993e-05	0.0	0.02
OG0000686	6.885709e-06	4.15803e-05	0.0	0.03
OG0002173	6.884902e-06	2.7349466e-05	0.0	0.07
OG0003867	6.8748673e-06	4.4455297e-05	0.0	0.03
OG0000389	6.869908e-06	4.555241e-05	0.0	0.03
OG0000746	6.854756e-06	3.0847816e-05	0.0	0.08
OG0012960	6.8423124e-06	2.6313819e-05	0.0	0.08
OG0004046	6.837223e-06	5.871094e-05	0.0	0.02
OG0001018	6.8311538e-06	3.110965e-05	0.0	0.06
OG0018620	6.815855e-06	3.9551513e-05	0.0	0.03
OG0004319	6.811676e-06	3.442888e-05	0.0	0.04
OG0017481	6.8056743e-06	2.96171e-05	0.0	0.06
OG0007554	6.8029117e-06	4.205664e-05	0.0	0.03
OG0006193	6.783747e-06	3.6868816e-05	0.0	0.04
OG0011081	6.7791884e-06	4.0897932e-05	0.0	0.03
OG0000876	6.7719775e-06	3.4769688e-05	0.0	0.04
OG0011597	6.7628503e-06	3.6240926e-05	0.0	0.04
OG0003828	6.7470737e-06	4.1234645e-05	0.0	0.03
OG0002228	6.7406904e-06	3.18181e-05	0.0	0.05
OG0010123	6.7403407e-06	3.3989658e-05	0.0	0.04
OG0003978	6.73544e-06	6.735438e-05	0.0	0.01
OG0001786	6.734865e-06	3.0185987e-05	0.0	0.05
OG0004429	6.7232904e-06	4.7752525e-05	0.0	0.02
OG0016235	6.7173864e-06	3.986393e-05	0.0	0.03
OG0013395	6.694989e-06	4.9365648e-05	0.0	0.02
OG0003458	6.6949015e-06	3.2139753e-05	0.0	0.07
OG0003864	6.68303e-06	6.683021e-05	0.0	0.01
OG0001168	6.6815164e-06	4.9910843e-05	0.0	0.02
OG0000690	6.671985e-06	5.287823e-05	0.0	0.02
OG0005730	6.6693606e-06	4.2612046e-05	0.0	0.03
OG0008375	6.6637276e-06	3.9603354e-05	0.0	0.04
OG0001744	6.661553e-06	4.6640023e-05	0.0	0.03
OG0008795	6.653993e-06	3.9322545e-05	0.0	0.03
OG0005545	6.6516573e-06	4.822307e-05	0.0	0.02
OG0007390	6.6458797e-06	3.9912073e-05	0.0	0.03
OG0004781	6.64532e-06	4.7395308e-05	0.0	0.03
OG0003495	6.63982e-06	4.7141246e-05	0.0	0.02
OG0000964	6.631097e-06	3.3653705e-05	0.0	0.05
OG0003955	6.63028e-06	4.669242e-05	0.0	0.02
OG0001290	6.6295393e-06	2.7161208e-05	0.0	0.06
OG0004591	6.6083608e-06	6.097271e-05	0.0	0.02
OG0002974	6.6060043e-06	3.5425983e-05	0.0	0.04
OG0003287	6.6024204e-06	3.7959555e-05	0.0	0.03
OG0001324	6.595839e-06	2.3133645e-05	0.0	0.09
OG0007399	6.5668823e-06	4.6212823e-05	0.0	0.02
OG0003992	6.560268e-06	3.8358015e-05	0.0	0.03
OG0005636	6.555149e-06	4.8094284e-05	0.0	0.02
OG0005674	6.5482554e-06	5.5154815e-05	0.0	0.02
OG0006149	6.5293057e-06	5.5015244e-05	0.0	0.02
OG0005816	6.5206614e-06	4.682488e-05	0.0	0.02
OG0008151	6.515354e-06	4.2751053e-05	0.0	0.03
OG0000584	6.5005825e-06	3.8035017e-05	0.0	0.03
OG0005146	6.4920855e-06	3.7556172e-05	0.0	0.03
OG0003389	6.485812e-06	6.485811e-05	0.0	0.01
OG0007984	6.4842025e-06	6.484195e-05	0.0	0.01
OG0004353	6.4814535e-06	4.058088e-05	0.0	0.03
OG0007651	6.479522e-06	3.430102e-05	0.0	0.04
OG0003615	6.4738574e-06	2.8898672e-05	0.0	0.05
OG0004437	6.4663527e-06	6.466351e-05	0.0	0.01
OG0005899	6.4628903e-06	6.462894e-05	0.0	0.01
OG0009072	6.4624187e-06	4.3387812e-05	0.0	0.03
OG0016251	6.459757e-06	4.5476514e-05	0.0	0.02
OG0007868	6.455047e-06	3.248452e-05	0.0	0.05
OG0005983	6.440447e-06	4.5375124e-05	0.0	0.02
OG0003548	6.4365972e-06	3.600082e-05	0.0	0.04
OG0016492	6.4328924e-06	4.2073607e-05	0.0	0.03
OG0012472	6.428227e-06	4.1695566e-05	0.0	0.03
OG0003941	6.4212536e-06	4.12889e-05	0.0	0.03
OG0001038	6.4088e-06	3.0710187e-05	0.0	0.05
OG0000572	6.40421e-06	3.7326892e-05	0.0	0.04
OG0000512	6.3932525e-06	3.6673846e-05	0.0	0.04
OG0006564	6.3892962e-06	3.3454715e-05	0.0	0.04
OG0006648	6.3757907e-06	6.3757856e-05	0.0	0.01
OG0000425	6.3627203e-06	3.970277e-05	0.0	0.03
OG0000751	6.361212e-06	3.711481e-05	0.0	0.06
OG0000760	6.3589587e-06	5.365329e-05	0.0	0.02
OG0009089	6.3566617e-06	4.4762888e-05	0.0	0.02
OG0002988	6.353496e-06	6.353496e-05	0.0	0.01
OG0004896	6.3524603e-06	6.352462e-05	0.0	0.01
OG0006012	6.3297894e-06	4.0553106e-05	0.0	0.03
OG0005791	6.3250445e-06	3.799771e-05	0.0	0.03
OG0010918	6.3116627e-06	6.311663e-05	0.0	0.01
OG0001413	6.289685e-06	4.4722463e-05	0.0	0.02
OG0011576	6.2888907e-06	4.2472304e-05	0.0	0.03
OG0000744	6.285956e-06	4.9589285e-05	0.0	0.03
OG0010437	6.284438e-06	4.4613782e-05	0.0	0.02
OG0009768	6.268913e-06	3.6253132e-05	0.0	0.03
OG0003508	6.2679965e-06	3.143387e-05	0.0	0.05
OG0008363	6.255555e-06	3.6252684e-05	0.0	0.03
OG0006801	6.252335e-06	4.661452e-05	0.0	0.02
OG0007203	6.243217e-06	3.1739746e-05	0.0	0.05
OG0000582	6.2333497e-06	3.7612244e-05	0.0	0.03
OG0007641	6.210788e-06	6.2107836e-05	0.0	0.01
OG0008117	6.2092445e-06	4.585752e-05	0.0	0.02
OG0004410	6.1994792e-06	4.3925455e-05	0.0	0.02
OG0003760	6.1958103e-06	4.7206224e-05	0.0	0.02
OG0003479	6.1915825e-06	2.3926099e-05	0.0	0.07
OG0006216	6.190484e-06	3.5785048e-05	0.0	0.04
OG0000665	6.181783e-06	2.761648e-05	0.0	0.05
OG0008251	6.1717287e-06	4.5184897e-05	0.0	0.02
OG0006224	6.1699884e-06	6.169984e-05	0.0	0.01
OG0001228	6.1662704e-06	3.776728e-05	0.0	0.03
OG0013258	6.164975e-06	3.4478766e-05	0.0	0.04
OG0000459	6.162233e-06	4.7426634e-05	0.0	0.02
OG0001052	6.158946e-06	4.502157e-05	0.0	0.02
OG0002010	6.157217e-06	2.1572432e-05	0.0	0.08
OG0004780	6.150666e-06	4.7494457e-05	0.0	0.02
OG0000886	6.1420815e-06	3.9565188e-05	0.0	0.03
OG0003848	6.1163782e-06	3.534191e-05	0.0	0.03
OG0006880	6.1136125e-06	4.301335e-05	0.0	0.02
OG0016908	6.1095384e-06	2.821375e-05	0.0	0.05
OG0014527	6.09623e-06	4.345723e-05	0.0	0.02
OG0005314	6.0869243e-06	3.512322e-05	0.0	0.03
OG0000800	6.080518e-06	3.0285348e-05	0.0	0.05
OG0004728	6.0783764e-06	5.23765e-05	0.0	0.02
OG0006823	6.071968e-06	6.0719674e-05	0.0	0.01
OG0005789	6.0704647e-06	6.070472e-05	0.0	0.01
OG0005332	6.055911e-06	3.660251e-05	0.0	0.03
OG0000620	6.0506295e-06	3.1099815e-05	0.0	0.05
OG0005300	6.046639e-06	3.47576e-05	0.0	0.03
OG0004409	6.044443e-06	6.0444374e-05	0.0	0.01
OG0003773	6.038873e-06	4.2906297e-05	0.0	0.02
OG0008044	6.0291695e-06	4.423257e-05	0.0	0.02
OG0007014	6.0266025e-06	6.0266026e-05	0.0	0.01
OG0003513	6.0242182e-06	2.8889424e-05	0.0	0.05
OG0011798	6.0131624e-06	3.4784713e-05	0.0	0.03
OG0004065	5.9970107e-06	5.9970072e-05	0.0	0.01
OG0013737	5.9787058e-06	3.591676e-05	0.0	0.03
OG0009100	5.9681997e-06	5.968195e-05	0.0	0.01
OG0000588	5.9653207e-06	3.273587e-05	0.0	0.05
OG0008385	5.9507493e-06	3.170551e-05	0.0	0.04
OG0001821	5.9504982e-06	2.591956e-05	0.0	0.07
OG0005588	5.949841e-06	3.194418e-05	0.0	0.04
OG0010955	5.9431254e-06	5.94313e-05	0.0	0.01
OG0004587	5.940794e-06	5.209392e-05	0.0	0.02
OG0001081	5.9386807e-06	4.3299468e-05	0.0	0.02
OG0002082	5.937368e-06	3.1056195e-05	0.0	0.04
OG0006689	5.9313247e-06	4.2282456e-05	0.0	0.02
OG0003173	5.921527e-06	3.0066574e-05	0.0	0.05
OG0007873	5.9161393e-06	4.4294356e-05	0.0	0.02
OG0003971	5.9072536e-06	5.507128e-05	0.0	0.02
OG0001705	5.895954e-06	2.6497923e-05	0.0	0.05
OG0008922	5.8552473e-06	5.855244e-05	0.0	0.01
OG0018615	5.848708e-06	4.1276453e-05	0.0	0.02
OG0000827	5.8479677e-06	4.1266816e-05	0.0	0.02
OG0006891	5.8477663e-06	4.490988e-05	0.0	0.02
OG0008824	5.8449286e-06	5.8449285e-05	0.0	0.01
OG0001271	5.8349065e-06	2.8283377e-05	0.0	0.05
OG0007002	5.8258634e-06	2.995756e-05	0.0	0.05
OG0002288	5.819773e-06	4.0601764e-05	0.0	0.03
OG0003455	5.8079618e-06	3.2880394e-05	0.0	0.04
OG0001411	5.8071223e-06	3.0464611e-05	0.0	0.04
OG0010008	5.801512e-06	5.8015074e-05	0.0	0.01
OG0006099	5.7896473e-06	4.9532748e-05	0.0	0.02
OG0003028	5.7632087e-06	4.7903068e-05	0.0	0.02
OG0010014	5.7448183e-06	4.64708e-05	0.0	0.02
OG0004384	5.743179e-06	4.269108e-05	0.0	0.02
OG0005426	5.7376537e-06	5.7376466e-05	0.0	0.01
OG0003824	5.736933e-06	3.5214627e-05	0.0	0.03
OG0011363	5.7282787e-06	3.520064e-05	0.0	0.03
OG0000293	5.7238885e-06	3.703874e-05	0.0	0.04
OG0011794	5.716372e-06	4.154013e-05	0.0	0.02
OG0000932	5.708501e-06	3.0604868e-05	0.0	0.04
OG0011919	5.7052494e-06	3.63432e-05	0.0	0.03
OG0009506	5.7038865e-06	3.4337583e-05	0.0	0.03
OG0003212	5.6841595e-06	3.2873184e-05	0.0	0.03
OG0006685	5.6829676e-06	5.6829642e-05	0.0	0.01
OG0007814	5.6792733e-06	5.6792753e-05	0.0	0.01
OG0000667	5.67907e-06	2.6085381e-05	0.0	0.05
OG0004703	5.6698364e-06	2.6001553e-05	0.0	0.06
OG0018624	5.6641807e-06	2.8783974e-05	0.0	0.04
OG0003271	5.653916e-06	3.5196634e-05	0.0	0.03
OG0007128	5.634518e-06	5.634518e-05	0.0	0.01
OG0009446	5.6188765e-06	3.9534763e-05	0.0	0.02
OG0004078	5.6137833e-06	3.2373464e-05	0.0	0.03
OG0004211	5.611874e-06	3.9649156e-05	0.0	0.02
OG0009097	5.6020544e-06	2.1030039e-05	0.0	0.07
OG0001755	5.598435e-06	4.5432414e-05	0.0	0.02
OG0006387	5.5821297e-06	5.582128e-05	0.0	0.01
OG0003953	5.581581e-06	4.3125412e-05	0.0	0.02
OG0006395	5.5800665e-06	4.1052717e-05	0.0	0.02
OG0005272	5.572606e-06	4.4080283e-05	0.0	0.02
OG0008174	5.567856e-06	3.9194998e-05	0.0	0.02
OG0001314	5.5670853e-06	3.6017704e-05	0.0	0.03
OG0002210	5.5526216e-06	2.8128114e-05	0.0	0.04
OG0000893	5.5453816e-06	3.4448283e-05	0.0	0.04
OG0001187	5.5316755e-06	2.6031374e-05	0.0	0.05
OG0001086	5.526983e-06	2.455021e-05	0.0	0.06
OG0006027	5.526742e-06	4.2386117e-05	0.0	0.02
OG0007061	5.521176e-06	3.4559678e-05	0.0	0.03
OG0004976	5.517737e-06	3.5238263e-05	0.0	0.03
OG0008901	5.496183e-06	3.231225e-05	0.0	0.03
OG0005544	5.495257e-06	4.3344116e-05	0.0	0.02
OG0004396	5.4937354e-06	5.493738e-05	0.0	0.01
OG0013237	5.4925995e-06	4.0721596e-05	0.0	0.02
OG0003912	5.4882566e-06	3.4170127e-05	0.0	0.03
OG0000869	5.4817624e-06	3.3112643e-05	0.0	0.03
OG0020703	5.478176e-06	3.3323773e-05	0.0	0.04
OG0002657	5.4660964e-06	5.4660897e-05	0.0	0.01
OG0008462	5.4575385e-06	3.8592996e-05	0.0	0.02
OG0001113	5.4352877e-06	2.8351666e-05	0.0	0.05
OG0014674	5.404485e-06	2.7766257e-05	0.0	0.04
OG0000587	5.3944837e-06	3.8790833e-05	0.0	0.02
OG0009134	5.3777867e-06	5.377793e-05	0.0	0.01
OG0005007	5.3750346e-06	4.2845764e-05	0.0	0.02
OG0004119	5.3729264e-06	5.3729265e-05	0.0	0.01
OG0003678	5.370127e-06	2.6584972e-05	0.0	0.04
OG0007280	5.3616905e-06	3.772359e-05	0.0	0.02
OG0005645	5.3599983e-06	3.1908145e-05	0.0	0.03
OG0006879	5.359317e-06	3.1760377e-05	0.0	0.03
OG0003069	5.358576e-06	3.0906464e-05	0.0	0.03
OG0007562	5.3559434e-06	5.3559364e-05	0.0	0.01
OG0001751	5.35217e-06	2.7543148e-05	0.0	0.04
OG0011696	5.350459e-06	3.098864e-05	0.0	0.03
OG0008836	5.3439294e-06	4.712501e-05	0.0	0.02
OG0007998	5.3396834e-06	3.847338e-05	0.0	0.02
OG0003118	5.33477e-06	3.478565e-05	0.0	0.04
OG0005121	5.329664e-06	2.799367e-05	0.0	0.04
OG0003511	5.3238023e-06	3.1088606e-05	0.0	0.03
OG0000721	5.318321e-06	2.5748992e-05	0.0	0.05
OG0005828	5.317938e-06	3.767659e-05	0.0	0.02
OG0007549	5.3007575e-06	2.6494612e-05	0.0	0.04
OG0000571	5.2889186e-06	2.7653334e-05	0.0	0.04
OG0003476	5.28377e-06	3.5593595e-05	0.0	0.03
OG0008083	5.2811492e-06	3.8184433e-05	0.0	0.02
OG0001022	5.27645e-06	2.1666447e-05	0.0	0.06
OG0003091	5.271065e-06	5.2710704e-05	0.0	0.01
OG0015263	5.2625046e-06	2.3756877e-05	0.0	0.05
OG0006635	5.2604305e-06	3.7324287e-05	0.0	0.02
OG0004091	5.2492924e-06	3.703171e-05	0.0	0.02
OG0003876	5.2380633e-06	2.8962279e-05	0.0	0.04
OG0006757	5.2362943e-06	2.5893674e-05	0.0	0.04
OG0003843	5.2285804e-06	3.6928122e-05	0.0	0.02
OG0004301	5.2267987e-06	3.0417836e-05	0.0	0.03
OG0001296	5.218886e-06	3.7233527e-05	0.0	0.02
OG0000674	5.211614e-06	3.389821e-05	0.0	0.04
OG0006562	5.20686e-06	5.206861e-05	0.0	0.01
OG0018627	5.206293e-06	3.2160522e-05	0.0	0.03
OG0003077	5.201609e-06	2.9467652e-05	0.0	0.04
OG0008231	5.1969214e-06	5.19692e-05	0.0	0.01
OG0000894	5.1967213e-06	2.4045883e-05	0.0	0.05
OG0004125	5.1901548e-06	3.2012493e-05	0.0	0.03
OG0010704	5.1854045e-06	4.246054e-05	0.0	0.02
OG0004830	5.169965e-06	4.340067e-05	0.0	0.02
OG0001107	5.153519e-06	3.220794e-05	0.0	0.03
OG0010195	5.1532297e-06	5.1532243e-05	0.0	0.01
OG0000806	5.1516504e-06	3.2725944e-05	0.0	0.04
OG0004162	5.147137e-06	2.9991636e-05	0.0	0.03
OG0002581	5.147009e-06	2.676606e-05	0.0	0.04
OG0003877	5.144597e-06	2.9791021e-05	0.0	0.03
OG0001532	5.1284464e-06	3.6081325e-05	0.0	0.02
OG0012713	5.120876e-06	3.1461528e-05	0.0	0.03
OG0006160	5.111911e-06	2.9334955e-05	0.0	0.03
OG0003125	5.109131e-06	3.33903e-05	0.0	0.03
OG0001344	5.1086436e-06	2.624157e-05	0.0	0.04
OG0005237	5.10712e-06	3.9145936e-05	0.0	0.02
OG0004588	5.1009083e-06	3.7172704e-05	0.0	0.02
OG0003963	5.065167e-06	3.571405e-05	0.0	0.02
OG0004338	5.0631375e-06	3.5635203e-05	0.0	0.02
OG0009073	5.054397e-06	3.593263e-05	0.0	0.02
OG0013319	5.0540693e-06	3.936157e-05	0.0	0.02
OG0003370	5.0518865e-06	5.0518865e-05	0.0	0.01
OG0003850	5.051389e-06	3.843918e-05	0.0	0.02
OG0012390	5.0363265e-06	2.6204307e-05	0.0	0.04
OG0005074	5.033938e-06	5.0339495e-05	0.0	0.01
OG0006449	5.0282024e-06	3.7398175e-05	0.0	0.02
OG0001871	5.0264575e-06	2.8023505e-05	0.0	0.05
OG0009667	5.025037e-06	3.5358567e-05	0.0	0.02
OG0003961	5.024545e-06	5.024543e-05	0.0	0.01
OG0013736	5.0133413e-06	2.8690498e-05	0.0	0.03
OG0003149	5.0090234e-06	2.9768586e-05	0.0	0.03
OG0004736	5.007404e-06	4.360653e-05	0.0	0.02
OG0003523	5.001921e-06	3.2235952e-05	0.0	0.03
OG0007977	5.001414e-06	3.798997e-05	0.0	0.02
OG0003929	4.9989694e-06	4.9989627e-05	0.0	0.01
OG0001049	4.990449e-06	4.2881915e-05	0.0	0.02
OG0000771	4.9819273e-06	2.6116388e-05	0.0	0.04
OG0002808	4.973521e-06	2.7886772e-05	0.0	0.04
OG0005289	4.9691794e-06	4.969182e-05	0.0	0.01
OG0000619	4.968928e-06	4.9689355e-05	0.0	0.01
OG0004002	4.9685523e-06	3.0209807e-05	0.0	0.03
OG0003634	4.956263e-06	4.9562575e-05	0.0	0.01
OG0001449	4.9511536e-06	2.3336817e-05	0.0	0.05
OG0005057	4.9501214e-06	2.4776715e-05	0.0	0.04
OG0011614	4.947135e-06	4.947132e-05	0.0	0.01
OG0003398	4.942899e-06	2.390786e-05	0.0	0.05
OG0015225	4.942803e-06	4.942804e-05	0.0	0.01
OG0004766	4.934463e-06	4.9344653e-05	0.0	0.01
OG0007449	4.9331666e-06	3.570693e-05	0.0	0.02
OG0003136	4.919637e-06	4.919643e-05	0.0	0.01
OG0003552	4.916402e-06	2.7648595e-05	0.0	0.04
OG0004435	4.912377e-06	4.9123762e-05	0.0	0.01
OG0000603	4.898524e-06	3.4468263e-05	0.0	0.02
OG0003577	4.8977945e-06	3.4501503e-05	0.0	0.02
OG0007636	4.8951274e-06	4.8951253e-05	0.0	0.01
OG0007305	4.884294e-06	3.87494e-05	0.0	0.02
OG0005659	4.861492e-06	2.548127e-05	0.0	0.05
OG0001728	4.8491142e-06	2.7677092e-05	0.0	0.04
OG0000939	4.8470574e-06	2.4132905e-05	0.0	0.04
OG0007899	4.84508e-06	4.84508e-05	0.0	0.01
OG0001092	4.8364127e-06	2.6005206e-05	0.0	0.04
OG0003883	4.835233e-06	3.5124744e-05	0.0	0.02
OG0007418	4.835004e-06	3.4061377e-05	0.0	0.02
OG0006943	4.8289307e-06	4.8289312e-05	0.0	0.01
OG0000384	4.8279176e-06	3.0814474e-05	0.0	0.03
OG0007090	4.817426e-06	4.8174257e-05	0.0	0.01
OG0001797	4.809939e-06	3.2343236e-05	0.0	0.03
OG0008478	4.809547e-06	4.8095484e-05	0.0	0.01
OG0003750	4.808937e-06	2.8745106e-05	0.0	0.03
OG0003731	4.802785e-06	3.3807868e-05	0.0	0.02
OG0005307	4.8006023e-06	4.800604e-05	0.0	0.01
OG0000719	4.7916733e-06	4.791676e-05	0.0	0.01
OG0010049	4.79143e-06	2.7687634e-05	0.0	0.03
OG0003984	4.7816784e-06	2.378591e-05	0.0	0.04
OG0001483	4.767701e-06	2.4475705e-05	0.0	0.04
OG0009662	4.7561425e-06	2.4264598e-05	0.0	0.04
OG0001356	4.7538133e-06	3.422116e-05	0.0	0.02
OG0003366	4.7427216e-06	4.7427227e-05	0.0	0.01
OG0005676	4.739027e-06	4.067465e-05	0.0	0.02
OG0004171	4.7381836e-06	3.3627897e-05	0.0	0.02
OG0001260	4.7331137e-06	3.135941e-05	0.0	0.03
OG0008070	4.730651e-06	4.7306523e-05	0.0	0.01
OG0010223	4.7277513e-06	2.3672888e-05	0.0	0.04
OG0005414	4.727458e-06	4.099662e-05	0.0	0.02
OG0002866	4.7251947e-06	3.4386623e-05	0.0	0.02
OG0002948	4.7190183e-06	2.260567e-05	0.0	0.05
OG0003927	4.712588e-06	3.317924e-05	0.0	0.02
OG0003769	4.7049607e-06	4.166049e-05	0.0	0.02
OG0022437	4.703459e-06	3.314412e-05	0.0	0.03
OG0002853	4.6973855e-06	2.1894879e-05	0.0	0.05
OG0007778	4.696469e-06	3.428977e-05	0.0	0.02
OG0009697	4.6962355e-06	3.4017194e-05	0.0	0.02
OG0003301	4.6954306e-06	3.8042916e-05	0.0	0.02
OG0003275	4.693931e-06	2.1928428e-05	0.0	0.05
OG0001454	4.6862783e-06	3.0778025e-05	0.0	0.03
OG0014050	4.6781024e-06	3.6497455e-05	0.0	0.03
OG0003739	4.6779355e-06	3.8419526e-05	0.0	0.02
OG0009993	4.6774694e-06	3.408432e-05	0.0	0.02
OG0005269	4.663548e-06	3.350253e-05	0.0	0.02
OG0006628	4.655544e-06	4.655542e-05	0.0	0.01
OG0004877	4.653988e-06	3.3749922e-05	0.0	0.02
OG0012328	4.649998e-06	3.4424364e-05	0.0	0.02
OG0005279	4.6486234e-06	4.6486253e-05	0.0	0.01
OG0010533	4.646639e-06	4.646635e-05	0.0	0.01
OG0003105	4.646637e-06	3.1922023e-05	0.0	0.03
OG0004452	4.64274e-06	3.0265865e-05	0.0	0.03
OG0000653	4.6411665e-06	2.6795266e-05	0.0	0.03
OG0001154	4.639864e-06	2.7133272e-05	0.0	0.03
OG0005767	4.6389423e-06	4.638938e-05	0.0	0.01
OG0004652	4.6299474e-06	2.8692073e-05	0.0	0.03
OG0004231	4.616515e-06	4.616516e-05	0.0	0.01
OG0009331	4.6109453e-06	2.2914894e-05	0.0	0.04
OG0008090	4.606209e-06	3.271516e-05	0.0	0.02
OG0000866	4.6018813e-06	2.3547596e-05	0.0	0.05
OG0004502	4.5942625e-06	3.8788676e-05	0.0	0.02
OG0006143	4.5871066e-06	4.5871086e-05	0.0	0.01
OG0019955	4.5738557e-06	3.375113e-05	0.0	0.02
OG0000780	4.56773e-06	3.370909e-05	0.0	0.02
OG0001093	4.567069e-06	2.0326557e-05	0.0	0.05
OG0005714	4.5597476e-06	4.559747e-05	0.0	0.01
OG0004561	4.5580714e-06	3.2094704e-05	0.0	0.02
OG0010944	4.5568595e-06	4.556858e-05	0.0	0.01
OG0004428	4.5534407e-06	4.5534405e-05	0.0	0.01
OG0008664	4.55282e-06	2.628804e-05	0.0	0.03
OG0004368	4.551369e-06	3.2078544e-05	0.0	0.02
OG0004724	4.550505e-06	3.2396558e-05	0.0	0.02
OG0000733	4.549914e-06	3.5832894e-05	0.0	0.02
OG0002630	4.5365496e-06	2.3606108e-05	0.0	0.04
OG0004904	4.5360594e-06	4.5360594e-05	0.0	0.01
OG0002638	4.521295e-06	3.472375e-05	0.0	0.02
OG0008622	4.521086e-06	4.521085e-05	0.0	0.01
OG0011648	4.514887e-06	4.5148867e-05	0.0	0.01
OG0018981	4.51439e-06	3.8043647e-05	0.0	0.02
OG0002164	4.504716e-06	2.2815648e-05	0.0	0.04
OG0006888	4.5038355e-06	4.5038298e-05	0.0	0.01
OG0003315	4.4970457e-06	3.3971886e-05	0.0	0.02
OG0007066	4.492722e-06	3.3561126e-05	0.0	0.02
OG0000431	4.4927056e-06	2.7039401e-05	0.0	0.03
OG0007654	4.4921267e-06	4.492127e-05	0.0	0.01
OG0003836	4.489423e-06	2.7552349e-05	0.0	0.05
OG0005203	4.4781814e-06	4.47818e-05	0.0	0.01
OG0006114	4.477903e-06	2.860954e-05	0.0	0.03
OG0001299	4.4761396e-06	3.1674226e-05	0.0	0.02
OG0001278	4.475732e-06	2.2882776e-05	0.0	0.04
OG0004402	4.472509e-06	3.2507047e-05	0.0	0.02
OG0006281	4.455973e-06	2.0530813e-05	0.0	0.05
OG0004631	4.453006e-06	4.4530032e-05	0.0	0.01
OG0000715	4.4518065e-06	3.181413e-05	0.0	0.02
OG0004758	4.432857e-06	2.8964232e-05	0.0	0.03
OG0003192	4.425271e-06	1.7727307e-05	0.0	0.07
OG0003981	4.424482e-06	2.1856762e-05	0.0	0.04
OG0009659	4.4149447e-06	4.414947e-05	0.0	0.01
OG0004733	4.4045287e-06	3.3083812e-05	0.0	0.02
OG0003332	4.403349e-06	3.6042307e-05	0.0	0.02
OG0008465	4.400818e-06	3.1006617e-05	0.0	0.02
OG0001916	4.393366e-06	3.3906945e-05	0.0	0.02
OG0004067	4.3926902e-06	3.3804103e-05	0.0	0.02
OG0018940	4.392554e-06	3.349362e-05	0.0	0.02
OG0006986	4.3921696e-06	3.0901196e-05	0.0	0.02
OG0000820	4.3906753e-06	2.3606835e-05	0.0	0.04
OG0003150	4.390041e-06	4.3900385e-05	0.0	0.01
OG0004542	4.368661e-06	3.381605e-05	0.0	0.02
OG0001732	4.364549e-06	4.3645447e-05	0.0	0.01
OG0005931	4.363904e-06	4.3639026e-05	0.0	0.01
OG0003419	4.354579e-06	3.0705243e-05	0.0	0.02
OG0003352	4.353837e-06	3.424914e-05	0.0	0.02
OG0010179	4.3521572e-06	3.066805e-05	0.0	0.02
OG0007080	4.349655e-06	4.349653e-05	0.0	0.01
OG0002414	4.3403693e-06	2.5763618e-05	0.0	0.03
OG0006688	4.3380296e-06	3.991139e-05	0.0	0.02
OG0007498	4.3268324e-06	4.326828e-05	0.0	0.01
OG0003699	4.3215027e-06	2.0590584e-05	0.0	0.06
OG0003178	4.320488e-06	2.8312728e-05	0.0	0.03
OG0012282	4.3194987e-06	4.3194996e-05	0.0	0.01
OG0006831	4.315525e-06	4.3155265e-05	0.0	0.01
OG0001354	4.31091e-06	4.3109114e-05	0.0	0.01
OG0008921	4.3042605e-06	4.3042623e-05	0.0	0.01
OG0003575	4.299035e-06	4.2990392e-05	0.0	0.01
OG0003718	4.293793e-06	3.3034303e-05	0.0	0.02
OG0012470	4.277135e-06	2.800717e-05	0.0	0.03
OG0001142	4.27383e-06	2.1775593e-05	0.0	0.04
OG0005732	4.2715124e-06	4.2715128e-05	0.0	0.01
OG0009626	4.2671227e-06	2.1359292e-05	0.0	0.05
OG0007553	4.266658e-06	4.266658e-05	0.0	0.01
OG0003565	4.257628e-06	3.1863172e-05	0.0	0.02
OG0014684	4.257374e-06	3.1085016e-05	0.0	0.02
OG0006209	4.2551087e-06	4.2551084e-05	0.0	0.01
OG0013383	4.236425e-06	2.9821464e-05	0.0	0.02
OG0007970	4.2360675e-06	4.2360716e-05	0.0	0.01
OG0006234	4.2317038e-06	3.2919e-05	0.0	0.03
OG0004085	4.228102e-06	2.5995356e-05	0.0	0.03
OG0003987	4.2276997e-06	4.2277035e-05	0.0	0.01
OG0000799	4.2272504e-06	2.9763823e-05	0.0	0.02
OG0004139	4.2221086e-06	4.222107e-05	0.0	0.01
OG0004764	4.19808e-06	3.6194127e-05	0.0	0.02
OG0003281	4.194654e-06	3.627745e-05	0.0	0.02
OG0003194	4.170579e-06	3.015037e-05	0.0	0.02
OG0004575	4.168919e-06	3.5938614e-05	0.0	0.02
OG0000499	4.1661947e-06	3.0880838e-05	0.0	0.02
OG0000610	4.1629282e-06	4.1629242e-05	0.0	0.01
OG0001585	4.158546e-06	2.1782653e-05	0.0	0.04
OG0005043	4.149469e-06	3.19456e-05	0.0	0.02
OG0006758	4.1474727e-06	3.230685e-05	0.0	0.02
OG0009813	4.140286e-06	4.140282e-05	0.0	0.01
OG0003272	4.138694e-06	4.1386917e-05	0.0	0.01
OG0000974	4.1373073e-06	3.0557734e-05	0.0	0.03
OG0005851	4.131625e-06	3.213857e-05	0.0	0.02
OG0005875	4.1228936e-06	2.1452695e-05	0.0	0.04
OG0012305	4.1182975e-06	4.1182902e-05	0.0	0.01
OG0011870	4.1110957e-06	2.4231338e-05	0.0	0.03
OG0008400	4.0949426e-06	4.0949428e-05	0.0	0.01
OG0003446	4.094496e-06	2.1121343e-05	0.0	0.04
OG0001384	4.0931254e-06	1.887126e-05	0.0	0.05
OG0009055	4.0903083e-06	4.090305e-05	0.0	0.01
OG0010969	4.087483e-06	4.0874867e-05	0.0	0.01
OG0003657	4.0765367e-06	2.2846663e-05	0.0	0.04
OG0004205	4.066658e-06	4.0666615e-05	0.0	0.01
OG0006674	4.0602295e-06	4.0602292e-05	0.0	0.01
OG0003312	4.0481564e-06	2.3841649e-05	0.0	0.03
OG0003936	4.045479e-06	2.3306786e-05	0.0	0.03
OG0008020	4.0427512e-06	2.9051731e-05	0.0	0.02
OG0001221	4.0196587e-06	4.0196584e-05	0.0	0.01
OG0001128	4.0195214e-06	3.006154e-05	0.0	0.02
OG0004273	4.0183454e-06	4.018342e-05	0.0	0.01
OG0000758	4.018198e-06	2.0539372e-05	0.0	0.05
OG0000479	4.017325e-06	2.8610413e-05	0.0	0.02
OG0000648	4.0076293e-06	1.8484048e-05	0.0	0.05
OG0004070	4.006117e-06	2.149517e-05	0.0	0.04
OG0006642	4.003674e-06	3.1003798e-05	0.0	0.02
OG0014018	4.0006244e-06	2.00744e-05	0.0	0.04
OG0004632	3.9996803e-06	3.9996834e-05	0.0	0.01
OG0000822	3.990639e-06	2.8204156e-05	0.0	0.02
OG0002419	3.9894453e-06	2.3166125e-05	0.0	0.03
OG0003834	3.9884567e-06	2.3878347e-05	0.0	0.03
OG0005014	3.9873353e-06	2.924253e-05	0.0	0.02
OG0003148	3.980822e-06	2.3156112e-05	0.0	0.03
OG0010870	3.979564e-06	3.9795614e-05	0.0	0.01
OG0003538	3.9776987e-06	1.8225019e-05	0.0	0.06
OG0007552	3.974244e-06	3.974241e-05	0.0	0.01
OG0001566	3.972921e-06	3.1063017e-05	0.0	0.02
OG0014038	3.9693796e-06	2.3688248e-05	0.0	0.03
OG0004637	3.964552e-06	3.9645514e-05	0.0	0.01
OG0014528	3.961484e-06	1.5994003e-05	0.0	0.06
OG0004302	3.9587776e-06	3.9587783e-05	0.0	0.01
OG0007454	3.9581273e-06	2.8388948e-05	0.0	0.02
OG0003913	3.9508686e-06	2.2734323e-05	0.0	0.03
OG0000383	3.9503625e-06	2.0812378e-05	0.0	0.04
OG0004947	3.9418774e-06	3.941876e-05	0.0	0.01
OG0004927	3.9411902e-06	3.9411898e-05	0.0	0.01
OG0010737	3.934987e-06	2.8023389e-05	0.0	0.02
OG0002524	3.9336346e-06	2.2754191e-05	0.0	0.03
OG0011531	3.9287e-06	3.9286988e-05	0.0	0.01
OG0006373	3.923358e-06	3.9233553e-05	0.0	0.01
OG0008171	3.922799e-06	3.9227998e-05	0.0	0.01
OG0006857	3.916897e-06	2.667123e-05	0.0	0.03
OG0005711	3.9102288e-06	3.9102295e-05	0.0	0.01
OG0008094	3.908071e-06	3.908073e-05	0.0	0.01
OG0010945	3.9069314e-06	3.90693e-05	0.0	0.01
OG0001762	3.897741e-06	1.637161e-05	0.0	0.06
OG0000627	3.8943444e-06	2.2297974e-05	0.0	0.03
OG0008440	3.890723e-06	2.756331e-05	0.0	0.02
OG0005517	3.8844682e-06	3.8844704e-05	0.0	0.01
OG0002250	3.8791336e-06	2.8610953e-05	0.0	0.02
OG0003304	3.8705884e-06	2.822745e-05	0.0	0.02
OG0003450	3.868531e-06	2.2441638e-05	0.0	0.03
OG0014446	3.868438e-06	3.868437e-05	0.0	0.01
OG0010038	3.8539465e-06	3.853943e-05	0.0	0.01
OG0006817	3.853841e-06	3.8538394e-05	0.0	0.01
OG0011615	3.8536436e-06	3.8536433e-05	0.0	0.01
OG0002543	3.853389e-06	1.6661848e-05	0.0	0.07
OG0001177	3.8525113e-06	2.2352478e-05	0.0	0.03
OG0003111	3.8380367e-06	3.8380367e-05	0.0	0.01
OG0006970	3.8278604e-06	2.7265118e-05	0.0	0.02
OG0005882	3.8269523e-06	3.0494146e-05	0.0	0.02
OG0002276	3.8241965e-06	1.9050633e-05	0.0	0.04
OG0001746	3.822468e-06	2.757712e-05	0.0	0.02
OG0007555	3.82157e-06	2.701965e-05	0.0	0.02
OG0009329	3.820149e-06	2.8224036e-05	0.0	0.02
OG0003218	3.8201465e-06	2.0336054e-05	0.0	0.04
OG0000458	3.8177595e-06	3.8177623e-05	0.0	0.01
OG0007372	3.816254e-06	2.68884e-05	0.0	0.02
OG0004383	3.8142402e-06	2.7406326e-05	0.0	0.02
OG0005183	3.8140167e-06	3.8140177e-05	0.0	0.01
OG0011558	3.8114426e-06	3.8114402e-05	0.0	0.01
OG0000527	3.8104224e-06	2.3002209e-05	0.0	0.03
OG0012037	3.8092508e-06	2.8178427e-05	0.0	0.02
OG0006251	3.8037938e-06	3.8037935e-05	0.0	0.01
OG0005205	3.7978523e-06	2.6720369e-05	0.0	0.02
OG0003655	3.7866444e-06	1.9415767e-05	0.0	0.04
OG0003916	3.77774e-06	3.777737e-05	0.0	0.01
OG0007060	3.7775708e-06	2.6968422e-05	0.0	0.02
OG0000938	3.7742157e-06	2.90234e-05	0.0	0.02
OG0008783	3.7647073e-06	2.6617814e-05	0.0	0.02
OG0003866	3.756533e-06	2.7241493e-05	0.0	0.03
OG0004105	3.7557757e-06	3.7557766e-05	0.0	0.01
OG0002911	3.7539112e-06	3.753912e-05	0.0	0.01
OG0010185	3.7465243e-06	3.7465274e-05	0.0	0.01
OG0008647	3.7423974e-06	2.680412e-05	0.0	0.02
OG0005239	3.7422585e-06	3.0788808e-05	0.0	0.02
OG0002089	3.7330817e-06	2.3118033e-05	0.0	0.03
OG0003886	3.7290513e-06	2.6491372e-05	0.0	0.02
OG0000731	3.7245416e-06	2.6608233e-05	0.0	0.03
OG0014652	3.723718e-06	2.6396903e-05	0.0	0.02
OG0005081	3.723197e-06	3.7231966e-05	0.0	0.01
OG0006853	3.7173077e-06	3.0964762e-05	0.0	0.02
OG0001062	3.7129396e-06	2.184979e-05	0.0	0.03
OG0004751	3.7067477e-06	3.100774e-05	0.0	0.02
OG0003683	3.7057678e-06	2.7262176e-05	0.0	0.02
OG0013746	3.7029974e-06	3.7029975e-05	0.0	0.01
OG0006295	3.7015282e-06	2.6611866e-05	0.0	0.02
OG0016377	3.6971187e-06	2.8463508e-05	0.0	0.02
OG0014650	3.6876713e-06	2.6513122e-05	0.0	0.02
OG0008239	3.6845904e-06	2.6113596e-05	0.0	0.02
OG0002632	3.6836345e-06	1.704049e-05	0.0	0.05
OG0003346	3.6830932e-06	3.6830977e-05	0.0	0.01
OG0009461	3.6798176e-06	2.1285145e-05	0.0	0.03
OG0004318	3.6790339e-06	3.679028e-05	0.0	0.01
OG0001111	3.6780789e-06	2.5936124e-05	0.0	0.02
OG0003522	3.676432e-06	2.8130211e-05	0.0	0.02
OG0006092	3.6746558e-06	3.6746525e-05	0.0	0.01
OG0000312	3.6684148e-06	3.668415e-05	0.0	0.01
OG0003471	3.667087e-06	1.6865868e-05	0.0	0.05
OG0005700	3.6669828e-06	3.6669793e-05	0.0	0.01
OG0001336	3.6668516e-06	1.9107316e-05	0.0	0.04
OG0003898	3.6593533e-06	2.5944297e-05	0.0	0.02
OG0006127	3.6585507e-06	2.9559054e-05	0.0	0.02
OG0001137	3.652293e-06	2.3539855e-05	0.0	0.03
OG0001205	3.6449655e-06	2.7744429e-05	0.0	0.02
OG0010494	3.6299143e-06	2.6123449e-05	0.0	0.02
OG0004432	3.6227832e-06	3.62279e-05	0.0	0.01
OG0006446	3.6194747e-06	3.619475e-05	0.0	0.01
OG0001800	3.6184726e-06	2.1547363e-05	0.0	0.03
OG0010104	3.6145284e-06	3.6145226e-05	0.0	0.01
OG0017749	3.6113645e-06	2.5451509e-05	0.0	0.02
OG0004939	3.6099345e-06	3.6099344e-05	0.0	0.01
OG0003754	3.6083345e-06	3.6083322e-05	0.0	0.01
OG0017738	3.5914493e-06	2.5858644e-05	0.0	0.02
OG0000549	3.5912294e-06	2.5316158e-05	0.0	0.02
OG0001438	3.5868957e-06	2.812175e-05	0.0	0.03
OG0009516	3.5790172e-06	2.5393088e-05	0.0	0.02
OG0003422	3.577999e-06	2.5520212e-05	0.0	0.02
OG0009059	3.5776511e-06	2.5858482e-05	0.0	0.02
OG0005534	3.5722871e-06	3.572287e-05	0.0	0.01
OG0007680	3.5618411e-06	3.561845e-05	0.0	0.01
OG0005192	3.5617222e-06	3.561726e-05	0.0	0.01
OG0004267	3.5585629e-06	3.5585625e-05	0.0	0.01
OG0003782	3.5488667e-06	2.3064347e-05	0.0	0.03
OG0001172	3.5332994e-06	1.8289848e-05	0.0	0.04
OG0004480	3.5305386e-06	2.0510352e-05	0.0	0.03
OG0003474	3.5297812e-06	2.536017e-05	0.0	0.02
OG0000818	3.520999e-06	2.5229841e-05	0.0	0.02
OG0000718	3.518831e-06	3.5188248e-05	0.0	0.01
OG0014847	3.5079893e-06	3.50799e-05	0.0	0.01
OG0004161	3.5079504e-06	2.5212485e-05	0.0	0.02
OG0014878	3.5074033e-06	2.506234e-05	0.0	0.02
OG0007675	3.5044009e-06	3.5044002e-05	0.0	0.01
OG0001400	3.5031276e-06	2.9052091e-05	0.0	0.02
OG0009131	3.5019682e-06	3.5019682e-05	0.0	0.01
OG0000647	3.4915765e-06	2.6982225e-05	0.0	0.02
OG0009379	3.48935e-06	3.489351e-05	0.0	0.01
OG0004814	3.4880513e-06	3.488049e-05	0.0	0.01
OG0004392	3.4853e-06	3.485304e-05	0.0	0.01
OG0003369	3.4831048e-06	3.4831086e-05	0.0	0.01
OG0004770	3.481573e-06	3.481573e-05	0.0	0.01
OG0006852	3.4808702e-06	3.480874e-05	0.0	0.01
OG0005099	3.473036e-06	2.5828074e-05	0.0	0.02
OG0006492	3.4729676e-06	3.4729695e-05	0.0	0.01
OG0013259	3.4705674e-06	3.470567e-05	0.0	0.01
OG0003368	3.4682537e-06	2.169963e-05	0.0	0.03
OG0011509	3.4551294e-06	3.0557258e-05	0.0	0.02
OG0002467	3.442273e-06	2.4217607e-05	0.0	0.02
OG0005393	3.4390387e-06	3.439042e-05	0.0	0.01
OG0004367	3.4389577e-06	3.4389544e-05	0.0	0.01
OG0001090	3.4357818e-06	1.7559882e-05	0.0	0.04
OG0001001	3.4351206e-06	2.4495152e-05	0.0	0.02
OG0014922	3.4282427e-06	3.428242e-05	0.0	0.01
OG0005038	3.4281445e-06	3.428145e-05	0.0	0.01
OG0003706	3.4207571e-06	2.469072e-05	0.0	0.02
OG0008337	3.4188959e-06	3.4188957e-05	0.0	0.01
OG0001328	3.4180557e-06	1.7808907e-05	0.0	0.04
OG0010184	3.4169302e-06	3.416929e-05	0.0	0.01
OG0007250	3.4133027e-06	3.4133052e-05	0.0	0.01
OG0003554	3.4117513e-06	2.1431708e-05	0.0	0.03
OG0013624	3.4092525e-06	2.3987113e-05	0.0	0.02
OG0005609	3.3916938e-06	3.391694e-05	0.0	0.01
OG0003551	3.3916774e-06	2.125036e-05	0.0	0.03
OG0001835	3.3877157e-06	1.6915006e-05	0.0	0.04
OG0011572	3.380202e-06	1.802036e-05	0.0	0.04
OG0006346	3.3763426e-06	3.3763412e-05	0.0	0.01
OG0001194	3.37529e-06	2.0444755e-05	0.0	0.03
OG0003521	3.3744118e-06	2.1374119e-05	0.0	0.03
OG0005623	3.3669012e-06	2.4793664e-05	0.0	0.02
OG0003360	3.3623846e-06	2.4154375e-05	0.0	0.02
OG0008058	3.3523213e-06	2.9695202e-05	0.0	0.02
OG0008697	3.3455494e-06	2.3949116e-05	0.0	0.02
OG0000883	3.344994e-06	2.1155909e-05	0.0	0.03
OG0003793	3.3393014e-06	2.3647337e-05	0.0	0.02
OG0008475	3.338364e-06	3.3383596e-05	0.0	0.01
OG0006385	3.3314461e-06	3.3314464e-05	0.0	0.01
OG0010646	3.3234676e-06	3.323471e-05	0.0	0.01
OG0009161	3.323465e-06	3.3234664e-05	0.0	0.01
OG0000076	3.3163733e-06	1.739018e-05	0.0	0.04
OG0005893	3.3160009e-06	3.3160013e-05	0.0	0.01
OG0003378	3.3019742e-06	3.3019693e-05	0.0	0.01
OG0007987	3.3015522e-06	2.3261418e-05	0.0	0.02
OG0008267	3.2987973e-06	3.298799e-05	0.0	0.01
OG0006717	3.2983037e-06	3.2983033e-05	0.0	0.01
OG0004931	3.2932073e-06	2.3794251e-05	0.0	0.02
OG0006999	3.2917299e-06	2.3290208e-05	0.0	0.02
OG0001079	3.2870673e-06	1.8680379e-05	0.0	0.04
OG0010620	3.2867567e-06	1.9576168e-05	0.0	0.03
OG0009547	3.2860814e-06	2.4048379e-05	0.0	0.02
OG0005989	3.2860523e-06	3.2860527e-05	0.0	0.01
OG0008085	3.2848143e-06	3.2848166e-05	0.0	0.01
OG0000911	3.2820305e-06	2.5544614e-05	0.0	0.02
OG0001489	3.28077e-06	1.5657572e-05	0.0	0.06
OG0007540	3.2781418e-06	2.7480017e-05	0.0	0.02
OG0004709	3.2761993e-06	2.4427827e-05	0.0	0.02
OG0006602	3.2710168e-06	3.2710184e-05	0.0	0.01
OG0000680	3.2689873e-06	2.0529882e-05	0.0	0.03
OG0005058	3.2647147e-06	3.264714e-05	0.0	0.01
OG0002079	3.2620424e-06	1.9291676e-05	0.0	0.03
OG0004089	3.254769e-06	2.3238737e-05	0.0	0.03
OG0010453	3.2420066e-06	1.6752598e-05	0.0	0.04
OG0010459	3.233163e-06	3.2331613e-05	0.0	0.01
OG0007924	3.2320845e-06	1.8638128e-05	0.0	0.03
OG0001181	3.2309026e-06	2.5904836e-05	0.0	0.02
OG0001321	3.230084e-06	2.5457086e-05	0.0	0.02
OG0005965	3.226647e-06	3.226646e-05	0.0	0.01
OG0008578	3.2260186e-06	3.2260217e-05	0.0	0.01
OG0013251	3.2244072e-06	3.2244065e-05	0.0	0.01
OG0007092	3.2232215e-06	3.223221e-05	0.0	0.01
OG0006508	3.2215423e-06	3.2215434e-05	0.0	0.01
OG0000828	3.2199987e-06	2.580185e-05	0.0	0.02
OG0007640	3.2187745e-06	3.2187738e-05	0.0	0.01
OG0000524	3.2137543e-06	1.8810604e-05	0.0	0.03
OG0006953	3.2134922e-06	3.213491e-05	0.0	0.01
OG0008184	3.200964e-06	3.200964e-05	0.0	0.01
OG0009408	3.1974082e-06	3.197409e-05	0.0	0.01
OG0003273	3.1957868e-06	1.863884e-05	0.0	0.03
OG0003461	3.1930615e-06	2.2483948e-05	0.0	0.02
OG0017511	3.191044e-06	1.9995367e-05	0.0	0.03
OG0003579	3.1908983e-06	2.3224206e-05	0.0	0.02
OG0009076	3.1893462e-06	3.1893505e-05	0.0	0.01
OG0007099	3.1878808e-06	3.18788e-05	0.0	0.01
OG0007152	3.1816971e-06	3.1816984e-05	0.0	0.01
OG0003952	3.1751135e-06	2.2352464e-05	0.0	0.02
OG0006783	3.1743748e-06	3.174374e-05	0.0	0.01
OG0003045	3.1699092e-06	1.9936399e-05	0.0	0.03
OG0004031	3.1461634e-06	3.146163e-05	0.0	0.01
OG0003991	3.1432241e-06	1.978361e-05	0.0	0.03
OG0000988	3.1331365e-06	2.6131414e-05	0.0	0.02
OG0000976	3.1314014e-06	1.9654064e-05	0.0	0.03
OG0001504	3.1264924e-06	3.1264935e-05	0.0	0.01
OG0007277	3.1232405e-06	2.2886672e-05	0.0	0.02
OG0003165	3.1229006e-06	1.8798466e-05	0.0	0.03
OG0000801	3.1223449e-06	1.550942e-05	0.0	0.04
OG0007892	3.1113234e-06	2.240685e-05	0.0	0.02
OG0000691	3.1109425e-06	3.1109423e-05	0.0	0.01
OG0006627	3.106756e-06	2.2908209e-05	0.0	0.02
OG0009386	3.097686e-06	3.097684e-05	0.0	0.01
OG0006928	3.096693e-06	3.0966952e-05	0.0	0.01
OG0005358	3.0940362e-06	2.282036e-05	0.0	0.02
OG0002952	3.089914e-06	2.1207232e-05	0.0	0.03
OG0004590	3.085617e-06	2.1708198e-05	0.0	0.02
OG0000625	3.074602e-06	3.074598e-05	0.0	0.01
OG0000713	3.0729996e-06	2.178199e-05	0.0	0.02
OG0002028	3.0714773e-06	1.4087478e-05	0.0	0.05
OG0004250	3.0703056e-06	2.3093613e-05	0.0	0.02
OG0004665	3.0661931e-06	2.1764086e-05	0.0	0.02
OG0008817	3.0576623e-06	2.4941122e-05	0.0	0.02
OG0004464	3.0546373e-06	3.054637e-05	0.0	0.01
OG0012727	3.053461e-06	2.1593072e-05	0.0	0.02
OG0006459	3.0505225e-06	3.0505229e-05	0.0	0.01
OG0016207	3.0461756e-06	3.0461759e-05	0.0	0.01
OG0010188	3.0443525e-06	2.1484677e-05	0.0	0.02
OG0010877	3.0424685e-06	2.1434966e-05	0.0	0.02
OG0012780	3.0417452e-06	3.041745e-05	0.0	0.01
OG0006330	3.0371402e-06	2.645222e-05	0.0	0.02
OG0010634	3.0329006e-06	3.0329034e-05	0.0	0.01
OG0010658	3.030239e-06	3.0302368e-05	0.0	0.01
OG0000487	3.0282563e-06	2.1622389e-05	0.0	0.02
OG0013680	3.025937e-06	3.025939e-05	0.0	0.01
OG0009869	3.0247807e-06	1.7427446e-05	0.0	0.03
OG0001130	3.0184308e-06	2.556964e-05	0.0	0.02
OG0011528	3.0172364e-06	3.0172345e-05	0.0	0.01
OG0004839	3.0167616e-06	2.1615902e-05	0.0	0.02
OG0006243	3.016557e-06	3.0165607e-05	0.0	0.01
OG0001632	3.0140125e-06	2.1560434e-05	0.0	0.02
OG0003962	3.0110893e-06	3.0110894e-05	0.0	0.01
OG0011007	3.0099618e-06	3.0099613e-05	0.0	0.01
OG0003385	3.0094443e-06	2.1275844e-05	0.0	0.02
OG0004845	3.0083427e-06	3.0083449e-05	0.0	0.01
OG0004509	3.0009312e-06	3.0009305e-05	0.0	0.01
OG0008423	2.999437e-06	2.5458276e-05	0.0	0.02
OG0005908	2.996131e-06	2.9961291e-05	0.0	0.01
OG0018585	2.9954413e-06	2.1346465e-05	0.0	0.02
OG0008074	2.9939367e-06	2.2771997e-05	0.0	0.02
OG0007129	2.99233e-06	2.2750743e-05	0.0	0.02
OG0007253	2.9914806e-06	2.9914772e-05	0.0	0.01
OG0002214	2.991346e-06	2.2039078e-05	0.0	0.02
OG0018725	2.9911362e-06	2.1713626e-05	0.0	0.02
OG0003350	2.986438e-06	2.1144146e-05	0.0	0.02
OG0012513	2.9856017e-06	2.9856063e-05	0.0	0.01
OG0002973	2.9783662e-06	2.3033072e-05	0.0	0.02
OG0003249	2.9770176e-06	2.1410395e-05	0.0	0.02
OG0006559	2.9769005e-06	2.0977395e-05	0.0	0.02
OG0001582	2.9749028e-06	1.8317633e-05	0.0	0.03
OG0014515	2.9597848e-06	1.477412e-05	0.0	0.04
OG0005455	2.9580208e-06	2.958017e-05	0.0	0.01
OG0009180	2.942575e-06	1.7312335e-05	0.0	0.03
OG0009139	2.9366388e-06	2.137327e-05	0.0	0.02
OG0000752	2.9347596e-06	1.6168233e-05	0.0	0.04
OG0005925	2.9307664e-06	2.9307668e-05	0.0	0.01
OG0010537	2.9293215e-06	2.0710588e-05	0.0	0.02
OG0001918	2.9283785e-06	1.858983e-05	0.0	0.03
OG0006263	2.9254566e-06	1.696676e-05	0.0	0.03
OG0001251	2.9232233e-06	2.9232242e-05	0.0	0.01
OG0001735	2.9171497e-06	1.3012771e-05	0.0	0.05
OG0004971	2.9146531e-06	2.0618381e-05	0.0	0.02
OG0010502	2.910108e-06	2.910108e-05	0.0	0.01
OG0012388	2.908593e-06	1.6692384e-05	0.0	0.03
OG0002700	2.9033401e-06	1.6772761e-05	0.0	0.03
OG0000560	2.9025405e-06	1.852202e-05	0.0	0.03
OG0014430	2.9023045e-06	2.9023031e-05	0.0	0.01
OG0005399	2.899099e-06	2.8990999e-05	0.0	0.01
OG0007649	2.8979762e-06	2.0893669e-05	0.0	0.02
OG0011656	2.8952322e-06	2.8952354e-05	0.0	0.01
OG0008225	2.893411e-06	2.8934093e-05	0.0	0.01
OG0008786	2.8913141e-06	2.891315e-05	0.0	0.01
OG0002998	2.8857974e-06	2.8857972e-05	0.0	0.01
OG0001758	2.8857633e-06	2.0573207e-05	0.0	0.02
OG0002263	2.8833445e-06	1.7845206e-05	0.0	0.03
OG0004932	2.8768418e-06	2.8768432e-05	0.0	0.01
OG0005729	2.873766e-06	2.8737633e-05	0.0	0.01
OG0001122	2.8699671e-06	2.0783238e-05	0.0	0.02
OG0010976	2.8597124e-06	2.8597125e-05	0.0	0.01
OG0001302	2.8551804e-06	1.6690668e-05	0.0	0.03
OG0004364	2.8545846e-06	2.0086327e-05	0.0	0.02
OG0000936	2.8520888e-06	2.186872e-05	0.0	0.02
OG0013284	2.8509126e-06	2.8509136e-05	0.0	0.01
OG0001166	2.8460363e-06	1.7723441e-05	0.0	0.03
OG0003460	2.8448267e-06	2.1604455e-05	0.0	0.02
OG0005516	2.84454e-06	2.017653e-05	0.0	0.02
OG0002735	2.8432537e-06	2.000364e-05	0.0	0.02
OG0001212	2.8421346e-06	2.8421355e-05	0.0	0.01
OG0004356	2.8401064e-06	2.1446422e-05	0.0	0.02
OG0008437	2.8396742e-06	2.839675e-05	0.0	0.01
OG0001509	2.8380246e-06	1.4634582e-05	0.0	0.04
OG0005918	2.8368106e-06	2.836813e-05	0.0	0.01
OG0002838	2.8342777e-06	2.0589283e-05	0.0	0.02
OG0007859	2.8272268e-06	2.827227e-05	0.0	0.01
OG0008895	2.822008e-06	2.82201e-05	0.0	0.01
OG0007268	2.8190937e-06	2.8190922e-05	0.0	0.01
OG0003403	2.8168165e-06	2.8168171e-05	0.0	0.01
OG0005441	2.8077338e-06	2.8077311e-05	0.0	0.01
OG0004149	2.807073e-06	2.1978209e-05	0.0	0.02
OG0002757	2.8004392e-06	2.8004408e-05	0.0	0.01
OG0002274	2.7984563e-06	1.9837904e-05	0.0	0.02
OG0004715	2.7980786e-06	2.7980794e-05	0.0	0.01
OG0004333	2.7976448e-06	1.9702762e-05	0.0	0.02
OG0012669	2.7963938e-06	2.7963944e-05	0.0	0.01
OG0001473	2.7882547e-06	2.7882541e-05	0.0	0.01
OG0004888	2.766491e-06	2.766491e-05	0.0	0.01
OG0008341	2.7664562e-06	2.1190584e-05	0.0	0.02
OG0005255	2.764122e-06	2.7641188e-05	0.0	0.01
OG0006444	2.7569297e-06	1.7828579e-05	0.0	0.03
OG0004679	2.7556732e-06	2.7556753e-05	0.0	0.01
OG0010420	2.7542824e-06	2.7542852e-05	0.0	0.01
OG0006479	2.753803e-06	2.7538028e-05	0.0	0.01
OG0004633	2.7523088e-06	2.2581344e-05	0.0	0.02
OG0016527	2.747725e-06	2.7477303e-05	0.0	0.01
OG0003747	2.7408832e-06	1.3978276e-05	0.0	0.04
OG0007699	2.7406404e-06	2.7406399e-05	0.0	0.01
OG0001365	2.735107e-06	1.62834e-05	0.0	0.03
OG0006087	2.7313263e-06	2.731327e-05	0.0	0.01
OG0010233	2.721338e-06	1.6085052e-05	0.0	0.03
OG0002970	2.7203566e-06	1.6272372e-05	0.0	0.03
OG0008742	2.716382e-06	1.961071e-05	0.0	0.02
OG0017368	2.7126405e-06	2.7126456e-05	0.0	0.01
OG0009736	2.7084338e-06	2.7084297e-05	0.0	0.01
OG0003160	2.707388e-06	1.9047198e-05	0.0	0.02
OG0010959	2.7061528e-06	2.7061551e-05	0.0	0.01
OG0001545	2.7058547e-06	2.3501096e-05	0.0	0.02
OG0003798	2.7023382e-06	2.7023405e-05	0.0	0.01
OG0003969	2.6990724e-06	1.986828e-05	0.0	0.02
OG0004016	2.6938164e-06	1.3931265e-05	0.0	0.04
OG0014464	2.6923822e-06	1.9015715e-05	0.0	0.02
OG0004164	2.6896573e-06	1.9089726e-05	0.0	0.02
OG0004291	2.6862358e-06	1.5765449e-05	0.0	0.03
OG0001108	2.68537e-06	2.68537e-05	0.0	0.01
OG0004653	2.685058e-06	2.6850594e-05	0.0	0.01
OG0008687	2.6761356e-06	2.6761361e-05	0.0	0.01
OG0009760	2.6758298e-06	2.6758318e-05	0.0	0.01
OG0011580	2.6754642e-06	1.6391805e-05	0.0	0.03
OG0008003	2.673945e-06	2.6739448e-05	0.0	0.01
OG0007075	2.6704045e-06	1.8796218e-05	0.0	0.02
OG0022441	2.6659857e-06	2.6659845e-05	0.0	0.01
OG0012944	2.6659684e-06	2.6659658e-05	0.0	0.01
OG0004789	2.6621994e-06	2.091697e-05	0.0	0.02
OG0004694	2.6516884e-06	1.8888764e-05	0.0	0.02
OG0009625	2.6458636e-06	1.8697487e-05	0.0	0.02
OG0014636	2.6428108e-06	2.6428112e-05	0.0	0.01
OG0013674	2.6386424e-06	1.9075982e-05	0.0	0.02
OG0005342	2.6356495e-06	2.6356533e-05	0.0	0.01
OG0002424	2.63474e-06	1.6866916e-05	0.0	0.03
OG0003284	2.6271084e-06	1.6340622e-05	0.0	0.03
OG0012291	2.623633e-06	2.6236346e-05	0.0	0.01
OG0009196	2.6227947e-06	2.622793e-05	0.0	0.01
OG0016252	2.6222351e-06	2.6222358e-05	0.0	0.01
OG0008248	2.621224e-06	2.621224e-05	0.0	0.01
OG0006111	2.6198918e-06	2.0019022e-05	0.0	0.02
OG0004379	2.6194707e-06	2.619471e-05	0.0	0.01
OG0003831	2.618489e-06	2.618489e-05	0.0	0.01
OG0004527	2.6173561e-06	2.617356e-05	0.0	0.01
OG0001183	2.6162088e-06	1.6046399e-05	0.0	0.03
OG0016347	2.6024409e-06	1.9098039e-05	0.0	0.02
OG0004075	2.6023815e-06	2.6023807e-05	0.0	0.01
OG0003084	2.5921972e-06	2.5921989e-05	0.0	0.01
OG0012410	2.5895602e-06	2.5895632e-05	0.0	0.01
OG0007792	2.587177e-06	2.587177e-05	0.0	0.01
OG0004827	2.5857316e-06	2.5857318e-05	0.0	0.01
OG0005978	2.5855409e-06	2.5855416e-05	0.0	0.01
OG0005266	2.5849988e-06	2.5849942e-05	0.0	0.01
OG0003086	2.5804477e-06	1.3125651e-05	0.0	0.04
OG0001013	2.577593e-06	1.8160903e-05	0.0	0.02
OG0000863	2.5703093e-06	1.3724428e-05	0.0	0.04
OG0007148	2.5674176e-06	2.567421e-05	0.0	0.01
OG0008932	2.5575841e-06	2.557585e-05	0.0	0.01
OG0004685	2.552776e-06	2.5527748e-05	0.0	0.01
OG0007200	2.5515883e-06	2.5515852e-05	0.0	0.01
OG0005712	2.548013e-06	2.548015e-05	0.0	0.01
OG0003816	2.5474892e-06	2.5474857e-05	0.0	0.01
OG0002771	2.5474653e-06	1.2091879e-05	0.0	0.05
OG0019928	2.5437214e-06	2.5437235e-05	0.0	0.01
OG0003935	2.5379393e-06	2.5379408e-05	0.0	0.01
OG0001032	2.5329603e-06	1.8116842e-05	0.0	0.02
OG0004230	2.5271747e-06	1.9902138e-05	0.0	0.02
OG0004051	2.5247864e-06	2.5247846e-05	0.0	0.01
OG0006854	2.5221152e-06	2.5221152e-05	0.0	0.01
OG0012688	2.5217616e-06	2.5217616e-05	0.0	0.01
OG0010554	2.520936e-06	2.5209332e-05	0.0	0.01
OG0007409	2.5178338e-06	2.5178324e-05	0.0	0.01
OG0008196	2.513683e-06	2.5136818e-05	0.0	0.01
OG0010898	2.512983e-06	2.0883632e-05	0.0	0.02
OG0010650	2.511624e-06	2.5116258e-05	0.0	0.01
OG0000536	2.5111326e-06	1.9435334e-05	0.0	0.02
OG0001182	2.5085164e-06	2.5085217e-05	0.0	0.01
OG0001021	2.507353e-06	2.5073545e-05	0.0	0.01
OG0005479	2.5073202e-06	1.8390803e-05	0.0	0.02
OG0004696	2.5052793e-06	2.5052746e-05	0.0	0.01
OG0008705	2.5040936e-06	1.8558385e-05	0.0	0.02
OG0011075	2.5018758e-06	2.501876e-05	0.0	0.01
OG0003200	2.5014563e-06	1.7860475e-05	0.0	0.02
OG0013313	2.4914748e-06	2.491476e-05	0.0	0.01
OG0005442	2.4873207e-06	2.4873236e-05	0.0	0.01
OG0005027	2.4872234e-06	2.4872248e-05	0.0	0.01
OG0010293	2.4868343e-06	2.48683e-05	0.0	0.01
OG0002136	2.4854055e-06	2.4854011e-05	0.0	0.01
OG0009562	2.4827789e-06	2.482782e-05	0.0	0.01
OG0009116	2.4779326e-06	2.4779307e-05	0.0	0.01
OG0005723	2.4710941e-06	2.4710911e-05	0.0	0.01
OG0005124	2.4705096e-06	1.745488e-05	0.0	0.02
OG0010616	2.4690848e-06	2.4690851e-05	0.0	0.01
OG0009144	2.4665912e-06	2.4665886e-05	0.0	0.01
OG0002610	2.462307e-06	1.768327e-05	0.0	0.02
OG0008022	2.4516546e-06	2.4516556e-05	0.0	0.01
OG0000845	2.4509252e-06	1.7560404e-05	0.0	0.02
OG0016205	2.4504982e-06	2.450497e-05	0.0	0.01
OG0001292	2.4473236e-06	1.5174452e-05	0.0	0.03
OG0011219	2.4455887e-06	2.4455856e-05	0.0	0.01
OG0005071	2.4455758e-06	1.7212302e-05	0.0	0.02
OG0004813	2.4401782e-06	2.440178e-05	0.0	0.01
OG0007145	2.438966e-06	2.438965e-05	0.0	0.01
OG0016212	2.4368312e-06	2.4368306e-05	0.0	0.01
OG0003705	2.4349702e-06	1.6699047e-05	0.0	0.03
OG0013733	2.4295143e-06	1.711362e-05	0.0	0.02
OG0000775	2.4294295e-06	1.7376426e-05	0.0	0.02
OG0004151	2.425241e-06	2.4252435e-05	0.0	0.01
OG0007990	2.4242406e-06	2.42424e-05	0.0	0.01
OG0009083	2.4237736e-06	1.7120907e-05	0.0	0.02
OG0002958	2.416972e-06	2.4169707e-05	0.0	0.01
OG0014859	2.4140672e-06	1.7009219e-05	0.0	0.02
OG0011593	2.4133801e-06	1.739132e-05	0.0	0.02
OG0004147	2.4126468e-06	2.4126437e-05	0.0	0.01
OG0005331	2.4076571e-06	1.7137225e-05	0.0	0.02
OG0010553	2.4074006e-06	2.4073996e-05	0.0	0.01
OG0001672	2.4065716e-06	1.710939e-05	0.0	0.02
OG0011227	2.4065419e-06	2.4065417e-05	0.0	0.01
OG0005037	2.4010144e-06	2.4010144e-05	0.0	0.01
OG0007538	2.3996308e-06	2.399631e-05	0.0	0.01
OG0003888	2.399545e-06	1.5016153e-05	0.0	0.03
OG0018601	2.3990267e-06	1.4037672e-05	0.0	0.03
OG0013305	2.3966068e-06	1.686526e-05	0.0	0.02
OG0012619	2.3950163e-06	1.7346116e-05	0.0	0.02
OG0004113	2.3830466e-06	2.383045e-05	0.0	0.01
OG0003112	2.3829439e-06	2.3829423e-05	0.0	0.01
OG0003279	2.3827736e-06	1.5061188e-05	0.0	0.03
OG0002799	2.3805103e-06	1.4544127e-05	0.0	0.03
OG0001936	2.3723542e-06	1.726079e-05	0.0	0.02
OG0009656	2.3709174e-06	1.778219e-05	0.0	0.02
OG0005440	2.3662176e-06	1.6747275e-05	0.0	0.02
OG0000750	2.3584666e-06	1.4384421e-05	0.0	0.03
OG0011221	2.3553982e-06	2.3554006e-05	0.0	0.01
OG0004567	2.3536902e-06	2.3536903e-05	0.0	0.01
OG0001432	2.3525643e-06	2.3525643e-05	0.0	0.01
OG0007749	2.3522196e-06	2.352217e-05	0.0	0.01
OG0016504	2.346645e-06	2.3466451e-05	0.0	0.01
OG0007447	2.3444031e-06	2.344403e-05	0.0	0.01
OG0001331	2.3440743e-06	1.3590277e-05	0.0	0.04
OG0003809	2.343447e-06	2.3434483e-05	0.0	0.01
OG0006996	2.340504e-06	2.3405042e-05	0.0	0.01
OG0001945	2.3376301e-06	2.3376293e-05	0.0	0.01
OG0003660	2.3376222e-06	2.3376218e-05	0.0	0.01
OG0001721	2.3373516e-06	1.4410922e-05	0.0	0.03
OG0004247	2.3365178e-06	2.336519e-05	0.0	0.01
OG0004025	2.3358114e-06	2.335813e-05	0.0	0.01
OG0005604	2.3356306e-06	1.691858e-05	0.0	0.02
OG0012682	2.3299408e-06	2.3299406e-05	0.0	0.01
OG0009065	2.3232997e-06	2.3232977e-05	0.0	0.01
OG0005799	2.317389e-06	2.3173914e-05	0.0	0.01
OG0003475	2.3157584e-06	1.7014247e-05	0.0	0.02
OG0013615	2.313052e-06	2.3130522e-05	0.0	0.01
OG0006997	2.3104394e-06	2.3104403e-05	0.0	0.01
OG0004036	2.306603e-06	1.7111723e-05	0.0	0.02
OG0004128	2.3053426e-06	2.3053426e-05	0.0	0.01
OG0018683	2.3040513e-06	2.30405e-05	0.0	0.01
OG0004946	2.2989377e-06	1.21682915e-05	0.0	0.04
OG0001459	2.2988365e-06	1.6174574e-05	0.0	0.02
OG0006615	2.2980835e-06	1.7058033e-05	0.0	0.02
OG0003631	2.296064e-06	2.2960641e-05	0.0	0.01
OG0010875	2.293022e-06	2.293022e-05	0.0	0.01
OG0013655	2.2920294e-06	1.637306e-05	0.0	0.02
OG0009099	2.2903334e-06	2.2903365e-05	0.0	0.01
OG0005982	2.2833242e-06	2.2833241e-05	0.0	0.01
OG0004457	2.2823492e-06	2.282349e-05	0.0	0.01
OG0000452	2.2814802e-06	2.28148e-05	0.0	0.01
OG0003432	2.2769868e-06	2.276986e-05	0.0	0.01
OG0000935	2.2755744e-06	1.6637885e-05	0.0	0.02
OG0000790	2.2727547e-06	1.6337914e-05	0.0	0.02
OG0003251	2.2721913e-06	1.6264425e-05	0.0	0.02
OG0003163	2.271401e-06	1.5986305e-05	0.0	0.02
OG0007497	2.2677932e-06	1.5997393e-05	0.0	0.02
OG0016240	2.2617614e-06	2.2617618e-05	0.0	0.01
OG0001374	2.2595946e-06	1.6337553e-05	0.0	0.02
OG0000668	2.2587005e-06	1.6670196e-05	0.0	0.02
OG0003254	2.2583429e-06	1.43092975e-05	0.0	0.03
OG0004801	2.2513727e-06	1.720873e-05	0.0	0.02
OG0006679	2.2427528e-06	2.2427535e-05	0.0	0.01
OG0004930	2.2356958e-06	2.2356962e-05	0.0	0.01
OG0007001	2.2345046e-06	2.2345017e-05	0.0	0.01
OG0014655	2.2321665e-06	2.2321628e-05	0.0	0.01
OG0000909	2.2304307e-06	1.5734002e-05	0.0	0.02
OG0005446	2.2289848e-06	2.2289832e-05	0.0	0.01
OG0008348	2.2281358e-06	1.567612e-05	0.0	0.02
OG0008411	2.2224417e-06	2.2224402e-05	0.0	0.01
OG0006140	2.2181664e-06	1.5892841e-05	0.0	0.02
OG0003823	2.2139964e-06	2.213997e-05	0.0	0.01
OG0002616	2.21399e-06	1.1030636e-05	0.0	0.04
OG0001039	2.2107906e-06	2.2107919e-05	0.0	0.01
OG0004235	2.203524e-06	2.2035249e-05	0.0	0.01
OG0001174	2.202024e-06	1.3007924e-05	0.0	0.03
OG0010469	2.2005315e-06	1.6164422e-05	0.0	0.02
OG0007490	2.199827e-06	2.1998268e-05	0.0	0.01
OG0000580	2.199578e-06	2.199578e-05	0.0	0.01
OG0009787	2.1991773e-06	2.1991767e-05	0.0	0.01
OG0005702	2.1972244e-06	2.197225e-05	0.0	0.01
OG0009159	2.194766e-06	2.1947662e-05	0.0	0.01
OG0016376	2.1943965e-06	2.1943937e-05	0.0	0.01
OG0004572	2.1914466e-06	2.1914468e-05	0.0	0.01
OG0009412	2.1867565e-06	2.1867565e-05	0.0	0.01
OG0000865	2.1863405e-06	2.18634e-05	0.0	0.01
OG0007897	2.1862768e-06	2.1862741e-05	0.0	0.01
OG0000562	2.1815058e-06	1.3075431e-05	0.0	0.03
OG0010436	2.1798182e-06	2.1798158e-05	0.0	0.01
OG0010095	2.1773253e-06	1.6320393e-05	0.0	0.02
OG0008710	2.1743147e-06	2.1743164e-05	0.0	0.01
OG0003005	2.1696515e-06	1.659092e-05	0.0	0.02
OG0006727	2.1686062e-06	2.1686074e-05	0.0	0.01
OG0003408	2.167016e-06	1.1277837e-05	0.0	0.04
OG0002586	2.1461287e-06	1.5840631e-05	0.0	0.02
OG0005305	2.1461262e-06	2.146126e-05	0.0	0.01
OG0000977	2.14483e-06	1.5486252e-05	0.0	0.02
OG0009786	2.1421804e-06	1.50774895e-05	0.0	0.02
OG0015342	2.1414787e-06	2.14148e-05	0.0	0.01
OG0011242	2.1355002e-06	2.135501e-05	0.0	0.01
OG0000846	2.128241e-06	1.5768768e-05	0.0	0.02
OG0003221	2.1257881e-06	2.1257882e-05	0.0	0.01
OG0004183	2.1216697e-06	1.492862e-05	0.0	0.02
OG0004940	2.1215526e-06	1.4446078e-05	0.0	0.03
OG0007532	2.1214505e-06	2.121451e-05	0.0	0.01
OG0001074	2.1181843e-06	1.4902101e-05	0.0	0.02
OG0007027	2.1177516e-06	2.11775e-05	0.0	0.01
OG0003415	2.112033e-06	2.1120359e-05	0.0	0.01
OG0002768	2.1060791e-06	1.3258106e-05	0.0	0.03
OG0005223	2.1034225e-06	2.1034202e-05	0.0	0.01
OG0001120	2.0993282e-06	1.51868335e-05	0.0	0.02
OG0006791	2.0928203e-06	1.5025742e-05	0.0	0.02
OG0007234	2.0872626e-06	2.0872616e-05	0.0	0.01
OG0004589	2.0860516e-06	2.0860527e-05	0.0	0.01
OG0005515	2.0808197e-06	1.5078132e-05	0.0	0.02
OG0007034	2.079191e-06	2.0791911e-05	0.0	0.01
OG0005998	2.0782231e-06	2.0782232e-05	0.0	0.01
OG0003472	2.0674674e-06	2.0674664e-05	0.0	0.01
OG0007757	2.0664904e-06	2.0664904e-05	0.0	0.01
OG0006238	2.0633065e-06	2.0633051e-05	0.0	0.01
OG0005679	2.062478e-06	2.0624755e-05	0.0	0.01
OG0001469	2.060619e-06	2.0606172e-05	0.0	0.01
OG0003217	2.0597174e-06	1.5171409e-05	0.0	0.02
OG0003355	2.0521668e-06	2.0521633e-05	0.0	0.01
OG0001568	2.050033e-06	2.0500329e-05	0.0	0.01
OG0000306	2.0460252e-06	1.08077165e-05	0.0	0.04
OG0002754	2.0452217e-06	2.0452198e-05	0.0	0.01
OG0002008	2.0408927e-06	1.5234604e-05	0.0	0.02
OG0016401	2.0401064e-06	2.0401088e-05	0.0	0.01
OG0001016	2.0390999e-06	2.0390993e-05	0.0	0.01
OG0003667	2.0384025e-06	2.038403e-05	0.0	0.01
OG0006761	2.0333705e-06	1.5801317e-05	0.0	0.02
OG0009069	2.0329524e-06	2.0329502e-05	0.0	0.01
OG0005869	2.0329032e-06	2.0329015e-05	0.0	0.01
OG0003411	2.0317739e-06	2.0317739e-05	0.0	0.01
OG0005782	2.0306718e-06	2.0306725e-05	0.0	0.01
OG0009153	2.0299685e-06	2.0299687e-05	0.0	0.01
OG0007215	2.0203338e-06	2.020334e-05	0.0	0.01
OG0021998	2.0183898e-06	2.0183901e-05	0.0	0.01
OG0007209	2.0177815e-06	2.0177815e-05	0.0	0.01
OG0007542	2.016787e-06	1.2304543e-05	0.0	0.03
OG0003960	2.0155067e-06	2.015503e-05	0.0	0.01
OG0003351	2.0133843e-06	1.5078907e-05	0.0	0.02
OG0000990	2.0089233e-06	2.0089235e-05	0.0	0.01
OG0002758	2.0086977e-06	2.0086985e-05	0.0	0.01
OG0016211	2.0077794e-06	2.00778e-05	0.0	0.01
OG0003562	2.0072343e-06	2.007234e-05	0.0	0.01
OG0006940	2.007132e-06	2.0071324e-05	0.0	0.01
OG0001294	2.0046207e-06	2.0046198e-05	0.0	0.01
OG0004678	2.0028667e-06	2.0028661e-05	0.0	0.01
OG0001911	2.001796e-06	2.0017962e-05	0.0	0.01
OG0002165	2.0017146e-06	1.4185245e-05	0.0	0.02
OG0008888	2.0009966e-06	2.0009968e-05	0.0	0.01
OG0004618	1.9952683e-06	1.99527e-05	0.0	0.01
OG0011895	1.991159e-06	1.9911591e-05	0.0	0.01
OG0005647	1.9906606e-06	1.9906587e-05	0.0	0.01
OG0006555	1.989568e-06	1.9895677e-05	0.0	0.01
OG0004487	1.9880904e-06	1.988094e-05	0.0	0.01
OG0004581	1.985989e-06	1.431773e-05	0.0	0.02
OG0011732	1.9831348e-06	1.983135e-05	0.0	0.01
OG0001010	1.981937e-06	1.4144813e-05	0.0	0.02
OG0006937	1.980013e-06	1.9800162e-05	0.0	0.01
OG0002982	1.9795173e-06	1.9795176e-05	0.0	0.01
OG0004876	1.979505e-06	1.9795052e-05	0.0	0.01
OG0001615	1.9790184e-06	1.433373e-05	0.0	0.02
OG0003580	1.9684956e-06	1.9684974e-05	0.0	0.01
OG0004493	1.9684508e-06	1.9684512e-05	0.0	0.01
OG0014511	1.9650088e-06	1.4345989e-05	0.0	0.02
OG0000373	1.9648855e-06	1.4402229e-05	0.0	0.02
OG0008166	1.964373e-06	1.9643729e-05	0.0	0.01
OG0003386	1.959586e-06	1.959587e-05	0.0	0.01
OG0007596	1.9581894e-06	1.9581881e-05	0.0	0.01
OG0005415	1.9567592e-06	1.9567615e-05	0.0	0.01
OG0014436	1.9554514e-06	1.9554509e-05	0.0	0.01
OG0005031	1.9541797e-06	1.95418e-05	0.0	0.01
OG0001569	1.9533895e-06	1.4101009e-05	0.0	0.02
OG0003925	1.9519023e-06	1.951902e-05	0.0	0.01
OG0000671	1.9505615e-06	1.9505616e-05	0.0	0.01
OG0006249	1.9501094e-06	1.9501058e-05	0.0	0.01
OG0003812	1.9491374e-06	1.4387918e-05	0.0	0.02
OG0003698	1.9447314e-06	1.9447327e-05	0.0	0.01
OG0009335	1.9428564e-06	1.9428539e-05	0.0	0.01
OG0003604	1.9419174e-06	1.9419154e-05	0.0	0.01
OG0008354	1.9377942e-06	1.9377943e-05	0.0	0.01
OG0021003	1.9341126e-06	8.8286515e-06	0.0	0.05
OG0011887	1.9327472e-06	1.932747e-05	0.0	0.01
OG0004361	1.9313895e-06	1.9313897e-05	0.0	0.01
OG0003752	1.9313766e-06	1.3850456e-05	0.0	0.02
OG0004739	1.9301376e-06	1.93014e-05	0.0	0.01
OG0011164	1.9297686e-06	1.929767e-05	0.0	0.01
OG0000271	1.9282033e-06	1.9282072e-05	0.0	0.01
OG0000783	1.9272493e-06	1.927249e-05	0.0	0.01
OG0014448	1.9249453e-06	1.9249455e-05	0.0	0.01
OG0012657	1.9245285e-06	1.9245299e-05	0.0	0.01
OG0005089	1.921417e-06	1.9214165e-05	0.0	0.01
OG0014622	1.916937e-06	1.9169354e-05	0.0	0.01
OG0001340	1.9077243e-06	1.1286258e-05	0.0	0.03
OG0005510	1.9030778e-06	1.903075e-05	0.0	0.01
OG0000878	1.9020025e-06	1.3666439e-05	0.0	0.02
OG0004331	1.9012418e-06	1.9012386e-05	0.0	0.01
OG0008920	1.9010199e-06	1.9010195e-05	0.0	0.01
OG0008593	1.9001864e-06	1.9001856e-05	0.0	0.01
OG0004168	1.8980115e-06	1.8980116e-05	0.0	0.01
OG0001447	1.8971791e-06	1.3381629e-05	0.0	0.02
OG0001200	1.896664e-06	1.2063529e-05	0.0	0.03
OG0006985	1.8962595e-06	1.8962593e-05	0.0	0.01
OG0010225	1.8897814e-06	1.8897801e-05	0.0	0.01
OG0005157	1.8889757e-06	1.8889757e-05	0.0	0.01
OG0014473	1.885291e-06	1.8852905e-05	0.0	0.01
OG0000769	1.8825813e-06	1.3491774e-05	0.0	0.02
OG0015647	1.8802136e-06	1.3565915e-05	0.0	0.02
OG0014719	1.8755252e-06	1.8755249e-05	0.0	0.01
OG0003578	1.8741194e-06	1.3309872e-05	0.0	0.02
OG0002483	1.8723176e-06	1.4140174e-05	0.0	0.02
OG0001824	1.8681778e-06	1.8681745e-05	0.0	0.01
OG0005204	1.8668532e-06	1.8668532e-05	0.0	0.01
OG0016391	1.8666598e-06	1.8666618e-05	0.0	0.01
OG0001665	1.8658092e-06	1.8658102e-05	0.0	0.01
OG0017478	1.8629818e-06	1.8629822e-05	0.0	0.01
OG0004138	1.8612697e-06	1.8612693e-05	0.0	0.01
OG0006460	1.8589787e-06	1.8589799e-05	0.0	0.01
OG0003903	1.8502731e-06	1.8502762e-05	0.0	0.01
OG0005261	1.8493391e-06	1.849341e-05	0.0	0.01
OG0006032	1.8490953e-06	1.8490942e-05	0.0	0.01
OG0004784	1.8471287e-06	1.3336903e-05	0.0	0.02
OG0005163	1.8418026e-06	1.8418034e-05	0.0	0.01
OG0008029	1.8402394e-06	1.8402387e-05	0.0	0.01
OG0008581	1.8376014e-06	1.8376013e-05	0.0	0.01
OG0007681	1.837593e-06	1.8375913e-05	0.0	0.01
OG0012650	1.8370592e-06	1.83706e-05	0.0	0.01
OG0006858	1.8326527e-06	1.8326507e-05	0.0	0.01
OG0012659	1.8325325e-06	1.8325314e-05	0.0	0.01
OG0000170	1.8321542e-06	1.8321543e-05	0.0	0.01
OG0001043	1.8319959e-06	1.8319985e-05	0.0	0.01
OG0010091	1.829896e-06	1.8298968e-05	0.0	0.01
OG0006020	1.8275844e-06	1.8275829e-05	0.0	0.01
OG0016841	1.8261426e-06	1.3173641e-05	0.0	0.02
OG0005166	1.8253594e-06	1.82536e-05	0.0	0.01
OG0008256	1.8244021e-06	1.8244029e-05	0.0	0.01
OG0005499	1.8182187e-06	1.818223e-05	0.0	0.01
OG0000793	1.8164517e-06	1.8164517e-05	0.0	0.01
OG0007561	1.8150193e-06	1.815018e-05	0.0	0.01
OG0003571	1.8116311e-06	1.0837926e-05	0.0	0.03
OG0004630	1.8094443e-06	1.8094453e-05	0.0	0.01
OG0001685	1.8085143e-06	1.8085177e-05	0.0	0.01
OG0016840	1.8070158e-06	1.3148021e-05	0.0	0.02
OG0008200	1.8016184e-06	1.8016213e-05	0.0	0.01
OG0011594	1.8000314e-06	1.31824e-05	0.0	0.02
OG0004866	1.796704e-06	1.7967073e-05	0.0	0.01
OG0000777	1.79477e-06	1.3307031e-05	0.0	0.02
OG0000563	1.7945629e-06	1.7945613e-05	0.0	0.01
OG0000613	1.7905314e-06	1.7905308e-05	0.0	0.01
OG0003568	1.7902934e-06	1.7902927e-05	0.0	0.01
OG0002130	1.7885889e-06	1.3945363e-05	0.0	0.02
OG0004336	1.7815082e-06	1.7815077e-05	0.0	0.01
OG0003690	1.7803176e-06	1.7803177e-05	0.0	0.01
OG0003603	1.7765351e-06	1.776533e-05	0.0	0.01
OG0009476	1.7761513e-06	1.7761517e-05	0.0	0.01
OG0005906	1.7751046e-06	1.7751052e-05	0.0	0.01
OG0012511	1.772948e-06	1.2473189e-05	0.0	0.02
OG0001037	1.7694879e-06	1.4037886e-05	0.0	0.02
OG0011568	1.7646921e-06	1.7646946e-05	0.0	0.01
OG0001231	1.7636128e-06	1.7636123e-05	0.0	0.01
OG0000778	1.7621121e-06	1.2718914e-05	0.0	0.02
OG0001595	1.7612093e-06	1.0081068e-05	0.0	0.03
OG0003439	1.7602915e-06	1.76029e-05	0.0	0.01
OG0008217	1.7558524e-06	1.7558545e-05	0.0	0.01
OG0001373	1.752289e-06	1.7522863e-05	0.0	0.01
OG0005227	1.7499765e-06	1.309648e-05	0.0	0.02
OG0001004	1.7466648e-06	1.4477876e-05	0.0	0.02
OG0005605	1.7451799e-06	1.7451772e-05	0.0	0.01
OG0004810	1.7417941e-06	1.0347277e-05	0.0	0.03
OG0008087	1.7396816e-06	1.2589455e-05	0.0	0.02
OG0002945	1.7368978e-06	1.7368971e-05	0.0	0.01
OG0003887	1.7368923e-06	1.2410069e-05	0.0	0.02
OG0003949	1.735429e-06	1.7354276e-05	0.0	0.01
OG0006006	1.7339269e-06	1.7339284e-05	0.0	0.01
OG0006380	1.7306775e-06	1.2255254e-05	0.0	0.02
OG0007917	1.7289301e-06	1.7289301e-05	0.0	0.01
OG0014664	1.7289134e-06	1.3391841e-05	0.0	0.02
OG0008392	1.7264393e-06	1.7264394e-05	0.0	0.01
OG0010226	1.7261441e-06	1.7261433e-05	0.0	0.01
OG0000741	1.7247362e-06	1.7247374e-05	0.0	0.01
OG0004691	1.722942e-06	1.7229415e-05	0.0	0.01
OG0005022	1.7199908e-06	1.719989e-05	0.0	0.01
OG0011833	1.7196468e-06	1.7196482e-05	0.0	0.01
OG0000967	1.7177823e-06	1.3632734e-05	0.0	0.02
OG0003717	1.7157146e-06	1.7157141e-05	0.0	0.01
OG0005894	1.7152597e-06	1.7152597e-05	0.0	0.01
OG0013396	1.7130598e-06	1.7130596e-05	0.0	0.01
OG0017189	1.7102778e-06	1.7102793e-05	0.0	0.01
OG0008159	1.699055e-06	1.6990549e-05	0.0	0.01
OG0005029	1.6973271e-06	1.6973272e-05	0.0	0.01
OG0006966	1.6957013e-06	1.6957023e-05	0.0	0.01
OG0010659	1.6949499e-06	1.6949492e-05	0.0	0.01
OG0002898	1.6928647e-06	1.19775905e-05	0.0	0.02
OG0001210	1.6921689e-06	1.692169e-05	0.0	0.01
OG0001253	1.6901791e-06	1.6901784e-05	0.0	0.01
OG0008558	1.687772e-06	1.6877737e-05	0.0	0.01
OG0001148	1.6876043e-06	1.2089836e-05	0.0	0.02
OG0005721	1.6872903e-06	1.6872906e-05	0.0	0.01
OG0008257	1.6833596e-06	1.6833596e-05	0.0	0.01
OG0005296	1.6759691e-06	1.6759679e-05	0.0	0.01
OG0007451	1.6754339e-06	1.6754328e-05	0.0	0.01
OG0011727	1.671999e-06	1.6719992e-05	0.0	0.01
OG0007546	1.6705125e-06	1.6705124e-05	0.0	0.01
OG0001437	1.6694909e-06	1.6694908e-05	0.0	0.01
OG0007110	1.6683782e-06	1.6683784e-05	0.0	0.01
OG0002941	1.6674234e-06	1.3260062e-05	0.0	0.02
OG0003442	1.6657738e-06	1.6657734e-05	0.0	0.01
OG0004609	1.6612576e-06	1.6612585e-05	0.0	0.01
OG0000640	1.6586088e-06	1.20739005e-05	0.0	0.02
OG0007318	1.6555074e-06	1.6555075e-05	0.0	0.01
OG0004398	1.6550777e-06	1.6550775e-05	0.0	0.01
OG0003090	1.6535174e-06	1.6535172e-05	0.0	0.01
OG0010652	1.6530662e-06	1.6530661e-05	0.0	0.01
OG0003131	1.6520077e-06	1.2012131e-05	0.0	0.02
OG0009081	1.6508187e-06	1.6508186e-05	0.0	0.01
OG0005587	1.6494528e-06	1.6494543e-05	0.0	0.01
OG0001333	1.6481843e-06	1.6481841e-05	0.0	0.01
OG0000423	1.6479881e-06	1.1993712e-05	0.0	0.02
OG0006684	1.6463978e-06	1.6463977e-05	0.0	0.01
OG0000962	1.63792e-06	1.2739138e-05	0.0	0.02
OG0008735	1.6366025e-06	1.6366032e-05	0.0	0.01
OG0008887	1.6350151e-06	1.6350154e-05	0.0	0.01
OG0005195	1.6314943e-06	1.6314942e-05	0.0	0.01
OG0003618	1.6306722e-06	1.1487966e-05	0.0	0.02
OG0004865	1.6293108e-06	1.6293101e-05	0.0	0.01
OG0005970	1.6242292e-06	1.1440808e-05	0.0	0.02
OG0011691	1.6233164e-06	1.623315e-05	0.0	0.01
OG0003238	1.6212688e-06	1.6212702e-05	0.0	0.01
OG0006724	1.6196287e-06	1.6196289e-05	0.0	0.01
OG0013247	1.6192068e-06	1.619207e-05	0.0	0.01
OG0004241	1.6190392e-06	1.6190404e-05	0.0	0.01
OG0004543	1.6185728e-06	1.6185737e-05	0.0	0.01
OG0008576	1.6142945e-06	1.1763498e-05	0.0	0.02
OG0004972	1.6119208e-06	1.6119217e-05	0.0	0.01
OG0000361	1.6086307e-06	1.6086313e-05	0.0	0.01
OG0004661	1.6067955e-06	1.6067934e-05	0.0	0.01
OG0004466	1.605698e-06	1.6056974e-05	0.0	0.01
OG0006261	1.6051733e-06	1.6051717e-05	0.0	0.01
OG0001104	1.6014877e-06	9.324016e-06	0.0	0.03
OG0007506	1.5993239e-06	1.599324e-05	0.0	0.01
OG0007974	1.5987769e-06	1.5987769e-05	0.0	0.01
OG0008435	1.5972489e-06	1.597249e-05	0.0	0.01
OG0006781	1.594418e-06	1.5944177e-05	0.0	0.01
OG0000973	1.5938758e-06	1.5938755e-05	0.0	0.01
OG0004126	1.5936173e-06	1.593618e-05	0.0	0.01
OG0000466	1.5922125e-06	1.592212e-05	0.0	0.01
OG0003222	1.589333e-06	1.589333e-05	0.0	0.01
OG0003576	1.5883301e-06	1.5883292e-05	0.0	0.01
OG0001723	1.5851031e-06	1.5851014e-05	0.0	0.01
OG0005416	1.5834345e-06	1.5834341e-05	0.0	0.01
OG0001962	1.5827396e-06	1.5827389e-05	0.0	0.01
OG0003374	1.5815475e-06	1.5815474e-05	0.0	0.01
OG0001701	1.5784713e-06	1.5784732e-05	0.0	0.01
OG0002271	1.577648e-06	1.5776479e-05	0.0	0.01
OG0009188	1.5770228e-06	1.5770227e-05	0.0	0.01
OG0008889	1.5736699e-06	1.5736698e-05	0.0	0.01
OG0001434	1.5722748e-06	1.1353406e-05	0.0	0.02
OG0009208	1.5699491e-06	1.21027615e-05	0.0	0.02
OG0008650	1.5692028e-06	1.5692021e-05	0.0	0.01
OG0000795	1.5647523e-06	1.10658275e-05	0.0	0.02
OG0003021	1.5609558e-06	1.560956e-05	0.0	0.01
OG0013326	1.5597252e-06	1.5597263e-05	0.0	0.01
OG0001888	1.5585266e-06	1.5585258e-05	0.0	0.01
OG0002947	1.5550447e-06	1.5550433e-05	0.0	0.01
OG0006898	1.5540979e-06	1.5540978e-05	0.0	0.01
OG0006484	1.5505706e-06	1.5505695e-05	0.0	0.01
OG0007267	1.5497164e-06	1.5497164e-05	0.0	0.01
OG0007137	1.54944e-06	1.5494425e-05	0.0	0.01
OG0018580	1.5482311e-06	1.5482306e-05	0.0	0.01
OG0002900	1.5474079e-06	1.547408e-05	0.0	0.01
OG0009479	1.5462832e-06	1.5462832e-05	0.0	0.01
OG0001467	1.5458478e-06	1.0925625e-05	0.0	0.02
OG0005805	1.5426959e-06	1.5426964e-05	0.0	0.01
OG0001596	1.5425462e-06	1.5425472e-05	0.0	0.01
OG0007826	1.5412048e-06	1.1560699e-05	0.0	0.02
OG0016360	1.5375299e-06	1.5375303e-05	0.0	0.01
OG0008071	1.5370407e-06	1.5370406e-05	0.0	0.01
OG0003130	1.5348534e-06	1.10651345e-05	0.0	0.02
OG0006991	1.5339698e-06	1.5339718e-05	0.0	0.01
OG0008262	1.5297198e-06	1.5297193e-05	0.0	0.01
OG0005447	1.52944e-06	1.1269465e-05	0.0	0.03
OG0006788	1.5268375e-06	1.5268368e-05	0.0	0.01
OG0003159	1.525062e-06	1.5250607e-05	0.0	0.01
OG0014549	1.5201798e-06	1.19941415e-05	0.0	0.02
OG0003167	1.5165904e-06	1.1245783e-05	0.0	0.02
OG0006745	1.5143252e-06	1.5143252e-05	0.0	0.01
OG0003418	1.5103349e-06	8.952113e-06	0.0	0.03
OG0003012	1.5100786e-06	1.51008e-05	0.0	0.01
OG0001538	1.5093584e-06	1.5093564e-05	0.0	0.01
OG0006128	1.50725e-06	1.5072501e-05	0.0	0.01
OG0000884	1.5070112e-06	1.50701335e-05	0.0	0.01
OG0003895	1.5051535e-06	1.0949274e-05	0.0	0.02
OG0009372	1.5042424e-06	1.5042424e-05	0.0	0.01
OG0011775	1.5028975e-06	1.5028989e-05	0.0	0.01
OG0010464	1.5009948e-06	1.5009947e-05	0.0	0.01
OG0005563	1.4989465e-06	1.49894695e-05	0.0	0.01
OG0005680	1.4987917e-06	1.498792e-05	0.0	0.01
OG0010605	1.492893e-06	1.4928931e-05	0.0	0.01
OG0001035	1.4898897e-06	1.0512416e-05	0.0	0.02
OG0006678	1.4861807e-06	1.4861798e-05	0.0	0.01
OG0000807	1.4858032e-06	1.4858042e-05	0.0	0.01
OG0007408	1.4844351e-06	1.4844326e-05	0.0	0.01
OG0004754	1.4839143e-06	1.4839151e-05	0.0	0.01
OG0016217	1.4834673e-06	1.4834677e-05	0.0	0.01
OG0014554	1.4824816e-06	1.48248155e-05	0.0	0.01
OG0001028	1.4806761e-06	1.1869498e-05	0.0	0.02
OG0005181	1.4783451e-06	1.4783434e-05	0.0	0.01
OG0003033	1.4752375e-06	1.475237e-05	0.0	0.01
OG0012501	1.4734874e-06	1.0625623e-05	0.0	0.02
OG0012666	1.4701847e-06	1.4701855e-05	0.0	0.01
OG0003186	1.4613562e-06	1.0461691e-05	0.0	0.02
OG0007697	1.4582547e-06	1.4582544e-05	0.0	0.01
OG0002534	1.4573175e-06	1.4573183e-05	0.0	0.01
OG0010454	1.4544937e-06	1.4544939e-05	0.0	0.01
OG0001357	1.4513123e-06	1.4513125e-05	0.0	0.01
OG0008557	1.4506882e-06	1.4506881e-05	0.0	0.01
OG0009376	1.450484e-06	1.4504827e-05	0.0	0.01
OG0006842	1.4502458e-06	1.4502458e-05	0.0	0.01
OG0013303	1.4491119e-06	1.4491114e-05	0.0	0.01
OG0004496	1.4438344e-06	1.44383675e-05	0.0	0.01
OG0007817	1.4428667e-06	1.4428668e-05	0.0	0.01
OG0003561	1.44283e-06	1.0151903e-05	0.0	0.02
OG0007480	1.4314338e-06	1.4314325e-05	0.0	0.01
OG0004252	1.4299566e-06	1.4299564e-05	0.0	0.01
OG0008662	1.4296215e-06	1.4296225e-05	0.0	0.01
OG0004154	1.4294965e-06	1.4294963e-05	0.0	0.01
OG0001047	1.4255436e-06	1.4255435e-05	0.0	0.01
OG0003943	1.4252711e-06	1.42527315e-05	0.0	0.01
OG0004175	1.4248632e-06	1.4248632e-05	0.0	0.01
OG0004034	1.4229906e-06	1.422991e-05	0.0	0.01
OG0004030	1.4173575e-06	1.0530663e-05	0.0	0.02
OG0014552	1.4138922e-06	1.4138919e-05	0.0	0.01
OG0008218	1.4130634e-06	1.413063e-05	0.0	0.01
OG0004121	1.4123101e-06	1.4123102e-05	0.0	0.01
OG0001564	1.4084659e-06	1.1113873e-05	0.0	0.02
OG0003968	1.4029533e-06	9.8802e-06	0.0	0.02
OG0007170	1.4017869e-06	1.4017861e-05	0.0	0.01
OG0010901	1.3987852e-06	1.3987849e-05	0.0	0.01
OG0000517	1.3975546e-06	1.397556e-05	0.0	0.01
OG0000913	1.3954949e-06	9.989551e-06	0.0	0.02
OG0004928	1.3936656e-06	1.3936639e-05	0.0	0.01
OG0008418	1.3846652e-06	1.384665e-05	0.0	0.01
OG0004453	1.382198e-06	1.3821969e-05	0.0	0.01
OG0018626	1.376162e-06	1.3761619e-05	0.0	0.01
OG0009328	1.3706855e-06	1.3706866e-05	0.0	0.01
OG0005751	1.3691937e-06	1.3691927e-05	0.0	0.01
OG0004920	1.3627911e-06	1.3627913e-05	0.0	0.01
OG0007299	1.3623861e-06	1.3623863e-05	0.0	0.01
OG0021822	1.3540905e-06	1.3540905e-05	0.0	0.01
OG0005904	1.3519029e-06	1.3519029e-05	0.0	0.01
OG0006866	1.3455013e-06	9.696337e-06	0.0	0.02
OG0003588	1.3450011e-06	1.3450006e-05	0.0	0.01
OG0004549	1.3434935e-06	1.3434934e-05	0.0	0.01
OG0012664	1.3296204e-06	1.32962e-05	0.0	0.01
OG0004037	1.3189496e-06	9.2861965e-06	0.0	0.02
OG0016548	1.3148606e-06	1.3148603e-05	0.0	0.01
OG0005039	1.3098002e-06	1.30980025e-05	0.0	0.01
OG0000888	1.3046979e-06	9.938101e-06	0.0	0.02
OG0007601	1.295817e-06	1.295817e-05	0.0	0.01
OG0002750	1.2918476e-06	9.126212e-06	0.0	0.02
OG0003423	1.2889883e-06	1.28898755e-05	0.0	0.01
OG0003299	1.287529e-06	1.2875286e-05	0.0	0.01
OG0004616	1.2874027e-06	1.2874026e-05	0.0	0.01
OG0010460	1.2853072e-06	1.2853072e-05	0.0	0.01
OG0013290	1.2843334e-06	9.039449e-06	0.0	0.02
OG0002905	1.2840057e-06	1.2840053e-05	0.0	0.01
OG0011556	1.2829396e-06	9.025853e-06	0.0	0.02
OG0009201	1.2801657e-06	1.2801686e-05	0.0	0.01
OG0006872	1.277465e-06	1.2774667e-05	0.0	0.01
OG0012369	1.2771924e-06	1.2771908e-05	0.0	0.01
OG0000321	1.270847e-06	1.2708465e-05	0.0	0.01
OG0013681	1.2696278e-06	1.26962495e-05	0.0	0.01
OG0000999	1.2681334e-06	1.2681328e-05	0.0	0.01
OG0002451	1.2660395e-06	1.2660382e-05	0.0	0.01
OG0001608	1.2580733e-06	1.2580734e-05	0.0	0.01
OG0011037	1.2544895e-06	8.846631e-06	0.0	0.02
OG0003616	1.2514029e-06	7.780053e-06	0.0	0.03
OG0000782	1.2498691e-06	9.3059825e-06	0.0	0.02
OG0003099	1.2494431e-06	9.012576e-06	0.0	0.02
OG0020123	1.2475688e-06	1.2475678e-05	0.0	0.01
OG0001190	1.2450125e-06	1.2450153e-05	0.0	0.01
OG0000685	1.2382258e-06	1.2382253e-05	0.0	0.01
OG0003520	1.2341484e-06	1.2341466e-05	0.0	0.01
OG0003319	1.234056e-06	1.2340539e-05	0.0	0.01
OG0003123	1.2336645e-06	1.2336644e-05	0.0	0.01
OG0006339	1.2328135e-06	1.2328163e-05	0.0	0.01
OG0018837	1.2325957e-06	1.2325942e-05	0.0	0.01
OG0004902	1.2291061e-06	1.229105e-05	0.0	0.01
OG0001406	1.2290666e-06	1.22906595e-05	0.0	0.01
OG0011049	1.2262643e-06	1.22626425e-05	0.0	0.01
OG0001849	1.2255427e-06	1.22554275e-05	0.0	0.01
OG0005271	1.225064e-06	1.2250642e-05	0.0	0.01
OG0020572	1.222334e-06	1.2223334e-05	0.0	0.01
OG0007089	1.2199093e-06	1.2199093e-05	0.0	0.01
OG0004416	1.2182547e-06	1.2182548e-05	0.0	0.01
OG0010952	1.2163379e-06	1.2163382e-05	0.0	0.01
OG0001353	1.2131151e-06	1.2131153e-05	0.0	0.01
OG0009865	1.2118987e-06	1.2118997e-05	0.0	0.01
OG0005854	1.2101127e-06	1.2101136e-05	0.0	0.01
OG0003801	1.2100987e-06	1.2100998e-05	0.0	0.01
OG0009839	1.2086648e-06	1.2086648e-05	0.0	0.01
OG0011802	1.20501e-06	1.2050104e-05	0.0	0.01
OG0003056	1.203997e-06	1.2039968e-05	0.0	0.01
OG0012393	1.2022551e-06	1.2022547e-05	0.0	0.01
OG0003736	1.1993163e-06	1.1993153e-05	0.0	0.01
OG0003623	1.1912648e-06	1.1912655e-05	0.0	0.01
OG0006571	1.1892703e-06	1.18926955e-05	0.0	0.01
OG0009091	1.1854006e-06	1.1854004e-05	0.0	0.01
OG0009657	1.1826755e-06	1.182676e-05	0.0	0.01
OG0004750	1.1773826e-06	1.1773826e-05	0.0	0.01
OG0001030	1.176266e-06	1.1762665e-05	0.0	0.01
OG0000574	1.175695e-06	7.0680376e-06	0.0	0.03
OG0005928	1.1747303e-06	1.1747311e-05	0.0	0.01
OG0000701	1.1734354e-06	1.1734351e-05	0.0	0.01
OG0004372	1.1730805e-06	1.17308e-05	0.0	0.01
OG0006451	1.1707128e-06	1.1707125e-05	0.0	0.01
OG0003308	1.1675254e-06	1.1675255e-05	0.0	0.01
OG0006699	1.166503e-06	1.1665029e-05	0.0	0.01
OG0005733	1.16623e-06	1.1662294e-05	0.0	0.01
OG0011675	1.1633445e-06	1.1633445e-05	0.0	0.01
OG0012307	1.1595208e-06	1.1595209e-05	0.0	0.01
OG0008263	1.1521346e-06	1.1521361e-05	0.0	0.01
OG0010557	1.1518564e-06	1.1518567e-05	0.0	0.01
OG0012660	1.1515453e-06	1.15154535e-05	0.0	0.01
OG0021008	1.1432758e-06	1.14327595e-05	0.0	0.01
OG0001123	1.1399251e-06	1.1399251e-05	0.0	0.01
OG0002505	1.1396677e-06	1.1396671e-05	0.0	0.01
OG0017777	1.1370778e-06	1.13707865e-05	0.0	0.01
OG0005615	1.1361924e-06	1.13619135e-05	0.0	0.01
OG0003106	1.1358663e-06	8.428974e-06	0.0	0.02
OG0011230	1.1341268e-06	1.1341263e-05	0.0	0.01
OG0003046	1.125233e-06	1.1252342e-05	0.0	0.01
OG0003427	1.1241659e-06	1.1241661e-05	0.0	0.01
OG0009349	1.122279e-06	1.1222787e-05	0.0	0.01
OG0013315	1.1210245e-06	1.1210246e-05	0.0	0.01
OG0001102	1.118694e-06	9.203073e-06	0.0	0.02
OG0016896	1.1177905e-06	1.1177914e-05	0.0	0.01
OG0004578	1.1123709e-06	1.1123705e-05	0.0	0.01
OG0001444	1.1116238e-06	1.1116235e-05	0.0	0.01
OG0001316	1.1108289e-06	1.110828e-05	0.0	0.01
OG0005353	1.1098017e-06	1.1098019e-05	0.0	0.01
OG0013999	1.1077051e-06	1.1077041e-05	0.0	0.01
OG0008818	1.1053503e-06	1.1053507e-05	0.0	0.01
OG0018801	1.1033633e-06	1.1033644e-05	0.0	0.01
OG0011918	1.1018786e-06	1.1018786e-05	0.0	0.01
OG0007861	1.0934305e-06	1.0934302e-05	0.0	0.01
OG0004957	1.0926473e-06	1.09264665e-05	0.0	0.01
OG0001748	1.0910113e-06	1.0910109e-05	0.0	0.01
OG0002463	1.0878298e-06	1.0878289e-05	0.0	0.01
OG0000908	1.0826496e-06	1.0826504e-05	0.0	0.01
OG0003720	1.079906e-06	1.0799059e-05	0.0	0.01
OG0000774	1.079766e-06	8.373458e-06	0.0	0.02
OG0001676	1.078519e-06	1.078519e-05	0.0	0.01
OG0008388	1.0767383e-06	1.0767383e-05	0.0	0.01
OG0013314	1.0759734e-06	1.0759721e-05	0.0	0.01
OG0003203	1.0743366e-06	1.07433825e-05	0.0	0.01
OG0002056	1.0704688e-06	1.0704681e-05	0.0	0.01
OG0006240	1.0704133e-06	1.0704132e-05	0.0	0.01
OG0006886	1.0699285e-06	1.069929e-05	0.0	0.01
OG0016445	1.0688154e-06	1.0688149e-05	0.0	0.01
OG0008180	1.0558687e-06	1.055868e-05	0.0	0.01
OG0003185	1.0515449e-06	1.05154495e-05	0.0	0.01
OG0021501	1.0507089e-06	1.0507089e-05	0.0	0.01
OG0008566	1.0504352e-06	1.0504342e-05	0.0	0.01
OG0012029	1.0486768e-06	1.0486762e-05	0.0	0.01
OG0018669	1.0478823e-06	1.04788205e-05	0.0	0.01
OG0004820	1.0462985e-06	1.0462992e-05	0.0	0.01
OG0012003	1.0410191e-06	1.04101855e-05	0.0	0.01
OG0000254	1.040979e-06	1.040979e-05	0.0	0.01
OG0009823	1.0389504e-06	1.0389495e-05	0.0	0.01
OG0002438	1.0377188e-06	1.0377187e-05	0.0	0.01
OG0003563	1.0372194e-06	1.0372185e-05	0.0	0.01
OG0013324	1.026178e-06	1.0261785e-05	0.0	0.01
OG0014465	1.0258116e-06	1.0258123e-05	0.0	0.01
OG0001326	1.0234728e-06	1.02347185e-05	0.0	0.01
OG0001096	1.0210017e-06	1.021002e-05	0.0	0.01
OG0002117	1.0170113e-06	1.0170127e-05	0.0	0.01
OG0005652	1.0140221e-06	1.0140229e-05	0.0	0.01
OG0001250	1.009439e-06	1.009439e-05	0.0	0.01
OG0004743	1.0060811e-06	1.0060826e-05	0.0	0.01
OG0022398	1.0030989e-06	1.0030993e-05	0.0	0.01
OG0007278	1.0017911e-06	1.0017913e-05	0.0	0.01
OG0013557	1.0008052e-06	1.0008062e-05	0.0	0.01
OG0004328	9.97123e-07	9.97123e-06	0.0	0.01
OG0001101	9.923251e-07	9.923255e-06	0.0	0.01
OG0000879	9.902099e-07	9.9021e-06	0.0	0.01
OG0005914	9.886811e-07	9.886812e-06	0.0	0.01
OG0003606	9.79919e-07	9.79919e-06	0.0	0.01
OG0004973	9.789355e-07	9.789356e-06	0.0	0.01
OG0011160	9.786763e-07	9.786749e-06	0.0	0.01
OG0003999	9.735705e-07	9.7357015e-06	0.0	0.01
OG0003638	9.722157e-07	9.722153e-06	0.0	0.01
OG0003918	9.7098e-07	9.709821e-06	0.0	0.01
OG0003391	9.677458e-07	9.677443e-06	0.0	0.01
OG0000676	9.666878e-07	9.666876e-06	0.0	0.01
OG0001884	9.666878e-07	9.666876e-06	0.0	0.01
OG0000591	9.665663e-07	6.942276e-06	0.0	0.02
OG0001521	9.663963e-07	6.801481e-06	0.0	0.02
OG0003601	9.643113e-07	9.643113e-06	0.0	0.01
OG0000901	9.621767e-07	9.621765e-06	0.0	0.01
OG0009057	9.595794e-07	9.5958e-06	0.0	0.01
OG0003670	9.588223e-07	9.588221e-06	0.0	0.01
OG0002114	9.45131e-07	9.451318e-06	0.0	0.01
OG0011577	9.435914e-07	9.43591e-06	0.0	0.01
OG0010639	9.3898905e-07	9.389892e-06	0.0	0.01
OG0013464	9.328266e-07	9.328276e-06	0.0	0.01
OG0001897	9.309478e-07	6.6875928e-06	0.0	0.02
OG0003333	9.261046e-07	9.2610535e-06	0.0	0.01
OG0009071	9.259028e-07	9.259024e-06	0.0	0.01
OG0002708	9.255918e-07	9.25593e-06	0.0	0.01
OG0000672	9.174973e-07	9.174977e-06	0.0	0.01
OG0003656	9.14131e-07	9.141312e-06	0.0	0.01
OG0003817	9.13867e-07	6.8378813e-06	0.0	0.02
OG0004285	9.122564e-07	9.122563e-06	0.0	0.01
OG0002999	9.1160297e-07	9.116032e-06	0.0	0.01
OG0017510	9.1150383e-07	9.11503e-06	0.0	0.01
OG0002198	9.110969e-07	6.4195538e-06	0.0	0.02
OG0011658	9.065849e-07	9.065839e-06	0.0	0.01
OG0006746	9.017388e-07	9.0174035e-06	0.0	0.01
OG0005080	8.945988e-07	8.945986e-06	0.0	0.01
OG0004713	8.9237415e-07	8.923752e-06	0.0	0.01
OG0009781	8.861912e-07	8.861905e-06	0.0	0.01
OG0002362	8.826284e-07	6.558851e-06	0.0	0.02
OG0001860	8.8247407e-07	8.824746e-06	0.0	0.01
OG0011841	8.805746e-07	8.805745e-06	0.0	0.01
OG0009505	8.8030606e-07	8.803077e-06	0.0	0.01
OG0003553	8.8002895e-07	8.800292e-06	0.0	0.01
OG0013745	8.766802e-07	8.7668e-06	0.0	0.01
OG0004298	8.7600085e-07	8.760008e-06	0.0	0.01
OG0011054	8.741193e-07	8.741191e-06	0.0	0.01
OG0001607	8.687085e-07	6.1333244e-06	0.0	0.02
OG0001666	8.668774e-07	8.668773e-06	0.0	0.01
OG0003733	8.668506e-07	8.668506e-06	0.0	0.01
OG0012796	8.635223e-07	8.635222e-06	0.0	0.01
OG0008007	8.5475955e-07	8.547591e-06	0.0	0.01
OG0003582	8.533284e-07	8.533285e-06	0.0	0.01
OG0011822	8.5274974e-07	8.527489e-06	0.0	0.01
OG0003915	8.507311e-07	8.507315e-06	0.0	0.01
OG0007541	8.490508e-07	8.490508e-06	0.0	0.01
OG0003327	8.4701213e-07	5.9646436e-06	0.0	0.02
OG0012323	8.462297e-07	8.4623025e-06	0.0	0.01
OG0005832	8.452836e-07	8.452836e-06	0.0	0.01
OG0012364	8.444874e-07	8.444877e-06	0.0	0.01
OG0001424	8.436109e-07	8.436115e-06	0.0	0.01
OG0003448	8.4293714e-07	6.039835e-06	0.0	0.02
OG0008150	8.413506e-07	8.413505e-06	0.0	0.01
OG0003533	8.41169e-07	8.41169e-06	0.0	0.01
OG0004912	8.4023077e-07	8.4023095e-06	0.0	0.01
OG0008661	8.3571746e-07	8.357179e-06	0.0	0.01
OG0002076	8.345273e-07	8.345272e-06	0.0	0.01
OG0000853	8.3329434e-07	8.332952e-06	0.0	0.01
OG0003410	8.3319827e-07	5.8633264e-06	0.0	0.02
OG0002824	8.3254474e-07	4.857012e-06	0.0	0.03
OG0016295	8.3163604e-07	8.316354e-06	0.0	0.01
OG0000789	8.265454e-07	8.265452e-06	0.0	0.01
OG0014479	8.25039e-07	8.250391e-06	0.0	0.01
OG0020614	8.243519e-07	8.243518e-06	0.0	0.01
OG0001012	8.2270986e-07	8.227097e-06	0.0	0.01
OG0001530	8.194771e-07	8.19477e-06	0.0	0.01
OG0013317	8.1912384e-07	8.191239e-06	0.0	0.01
OG0001692	8.189644e-07	8.189639e-06	0.0	0.01
OG0003771	8.185076e-07	8.1850785e-06	0.0	0.01
OG0005678	8.137072e-07	8.137072e-06	0.0	0.01
OG0001419	8.131291e-07	8.131295e-06	0.0	0.01
OG0004974	8.0524893e-07	8.052487e-06	0.0	0.01
OG0002796	8.0400815e-07	8.04009e-06	0.0	0.01
OG0007694	8.031513e-07	8.031526e-06	0.0	0.01
OG0000934	8.031364e-07	8.03136e-06	0.0	0.01
OG0006754	8.004357e-07	8.004363e-06	0.0	0.01
OG0003930	7.997459e-07	7.997458e-06	0.0	0.01
OG0001445	7.963237e-07	7.963239e-06	0.0	0.01
OG0007082	7.94598e-07	7.9459805e-06	0.0	0.01
OG0014052	7.90216e-07	7.902157e-06	0.0	0.01
OG0010427	7.881551e-07	7.881555e-06	0.0	0.01
OG0011168	7.8758785e-07	7.875879e-06	0.0	0.01
OG0001698	7.830274e-07	7.830283e-06	0.0	0.01
OG0002855	7.781647e-07	7.781654e-06	0.0	0.01
OG0004629	7.772596e-07	7.772588e-06	0.0	0.01
OG0006730	7.7387426e-07	7.7387485e-06	0.0	0.01
OG0001317	7.688912e-07	7.68891e-06	0.0	0.01
OG0012704	7.682531e-07	7.68253e-06	0.0	0.01
OG0003074	7.64556e-07	7.6455535e-06	0.0	0.01
OG0003142	7.644542e-07	7.644543e-06	0.0	0.01
OG0000957	7.5922753e-07	7.592276e-06	0.0	0.01
OG0000831	7.588988e-07	7.5889916e-06	0.0	0.01
OG0016650	7.552217e-07	7.552215e-06	0.0	0.01
OG0002123	7.5414295e-07	7.5414387e-06	0.0	0.01
OG0007658	7.531801e-07	7.531801e-06	0.0	0.01
OG0006180	7.509484e-07	7.5094877e-06	0.0	0.01
OG0002786	7.508731e-07	7.508731e-06	0.0	0.01
OG0001630	7.501086e-07	7.5010857e-06	0.0	0.01
OG0001584	7.442026e-07	7.4420236e-06	0.0	0.01
OG0009828	7.41564e-07	7.415639e-06	0.0	0.01
OG0001637	7.354072e-07	7.354076e-06	0.0	0.01
OG0001741	7.328256e-07	7.3282495e-06	0.0	0.01
OG0003225	7.324237e-07	7.3242372e-06	0.0	0.01
OG0010931	7.257386e-07	7.2573853e-06	0.0	0.01
OG0008612	7.223093e-07	7.2230964e-06	0.0	0.01
OG0005471	7.178003e-07	7.1779973e-06	0.0	0.01
OG0001648	7.1696536e-07	7.1696686e-06	0.0	0.01
OG0000907	7.1346875e-07	7.1346803e-06	0.0	0.01
OG0014973	7.131664e-07	7.131659e-06	0.0	0.01
OG0008394	7.1055706e-07	7.105572e-06	0.0	0.01
OG0005371	7.047308e-07	7.047305e-06	0.0	0.01
OG0004465	7.039385e-07	7.039388e-06	0.0	0.01
OG0003323	7.01334e-07	7.0133465e-06	0.0	0.01
OG0003265	7.011164e-07	7.0111664e-06	0.0	0.01
OG0001332	7.006007e-07	7.006005e-06	0.0	0.01
OG0002552	6.865492e-07	6.865482e-06	0.0	0.01
OG0002918	6.851657e-07	4.8365114e-06	0.0	0.02
OG0001078	6.848927e-07	6.848922e-06	0.0	0.01
OG0002065	6.820547e-07	6.8205595e-06	0.0	0.01
OG0016691	6.8094124e-07	6.8094096e-06	0.0	0.01
OG0003051	6.809384e-07	6.809382e-06	0.0	0.01
OG0009859	6.8041123e-07	6.804105e-06	0.0	0.01
OG0001239	6.791025e-07	5.0037893e-06	0.0	0.02
OG0001978	6.7533364e-07	6.753337e-06	0.0	0.01
OG0018747	6.715661e-07	6.7156748e-06	0.0	0.01
OG0019974	6.715486e-07	6.715497e-06	0.0	0.01
OG0007908	6.6928357e-07	6.692844e-06	0.0	0.01
OG0002254	6.6648835e-07	6.664883e-06	0.0	0.01
OG0020209	6.654097e-07	6.6540965e-06	0.0	0.01
OG0002903	6.596672e-07	6.5966738e-06	0.0	0.01
OG0000446	6.5608043e-07	6.5608e-06	0.0	0.01
OG0002013	6.552011e-07	6.5520194e-06	0.0	0.01
OG0003743	6.5203994e-07	6.5203917e-06	0.0	0.01
OG0003464	6.5016434e-07	6.501646e-06	0.0	0.01
OG0001951	6.4923995e-07	6.492399e-06	0.0	0.01
OG0001896	6.481776e-07	6.4817746e-06	0.0	0.01
OG0015695	6.4547805e-07	6.4547744e-06	0.0	0.01
OG0010050	6.4350496e-07	6.435045e-06	0.0	0.01
OG0018613	6.4122446e-07	6.412248e-06	0.0	0.01
OG0017178	6.330281e-07	6.3302714e-06	0.0	0.01
OG0007208	6.323501e-07	6.323492e-06	0.0	0.01
OG0018692	6.32034e-07	6.32035e-06	0.0	0.01
OG0001465	6.278589e-07	6.278597e-06	0.0	0.01
OG0004282	6.2659734e-07	6.26597e-06	0.0	0.01
OG0001159	6.209383e-07	6.2093754e-06	0.0	0.01
OG0001727	6.182491e-07	6.182501e-06	0.0	0.01
OG0003260	6.162203e-07	6.162201e-06	0.0	0.01
OG0001675	6.161721e-07	6.1617225e-06	0.0	0.01
OG0002668	6.149673e-07	6.14968e-06	0.0	0.01
OG0006578	6.14966e-07	6.149661e-06	0.0	0.01
OG0003232	6.1380103e-07	6.138012e-06	0.0	0.01
OG0011036	6.112309e-07	4.4570306e-06	0.0	0.02
OG0002692	6.0991516e-07	6.099148e-06	0.0	0.01
OG0003014	6.092841e-07	6.0928405e-06	0.0	0.01
OG0004408	6.0867234e-07	6.0867287e-06	0.0	0.01
OG0001817	6.06628e-07	6.066275e-06	0.0	0.01
OG0013465	5.984274e-07	5.984275e-06	0.0	0.01
OG0002402	5.924185e-07	5.92419e-06	0.0	0.01
OG0001164	5.8950786e-07	5.895077e-06	0.0	0.01
OG0003676	5.85503e-07	5.855032e-06	0.0	0.01
OG0002059	5.827523e-07	5.827521e-06	0.0	0.01
OG0001813	5.8113034e-07	5.8113037e-06	0.0	0.01
OG0011066	5.7698804e-07	5.7698758e-06	0.0	0.01
OG0000342	5.7218034e-07	5.7218e-06	0.0	0.01
OG0015691	5.719394e-07	5.7193915e-06	0.0	0.01
OG0002317	5.696595e-07	5.696593e-06	0.0	0.01
OG0003261	5.689288e-07	5.689291e-06	0.0	0.01
OG0007371	5.672454e-07	5.6724525e-06	0.0	0.01
OG0000722	5.653774e-07	5.6537806e-06	0.0	0.01
OG0001783	5.614678e-07	5.614682e-06	0.0	0.01
OG0002148	5.6032434e-07	5.6032436e-06	0.0	0.01
OG0010194	5.5033104e-07	5.50331e-06	0.0	0.01
OG0001023	5.5031546e-07	5.5031555e-06	0.0	0.01
OG0018847	5.396483e-07	5.3964864e-06	0.0	0.01
OG0003115	5.3563843e-07	5.3563826e-06	0.0	0.01
OG0004471	5.305395e-07	5.3053964e-06	0.0	0.01
OG0016293	5.176964e-07	5.1769634e-06	0.0	0.01
OG0009620	5.126442e-07	5.126448e-06	0.0	0.01
OG0003242	5.12397e-07	5.1239654e-06	0.0	0.01
OG0001845	5.1217546e-07	5.121751e-06	0.0	0.01
OG0003498	5.096638e-07	5.0966382e-06	0.0	0.01
OG0001547	5.0726726e-07	5.072673e-06	0.0	0.01
OG0001297	5.0661214e-07	5.066124e-06	0.0	0.01
OG0003988	5.0335655e-07	5.0335657e-06	0.0	0.01
OG0001640	4.971005e-07	4.9710047e-06	0.0	0.01
OG0003532	4.9424926e-07	4.9424916e-06	0.0	0.01
OG0002182	4.935408e-07	4.9354085e-06	0.0	0.01
OG0001241	4.9128636e-07	4.9128635e-06	0.0	0.01
OG0001502	4.8629687e-07	4.862968e-06	0.0	0.01
OG0003469	4.832429e-07	4.8324314e-06	0.0	0.01
OG0000763	4.788664e-07	4.7886665e-06	0.0	0.01
OG0001117	4.701033e-07	4.701029e-06	0.0	0.01
OG0013458	4.6635242e-07	4.663517e-06	0.0	0.01
OG0002790	4.6376073e-07	4.637614e-06	0.0	0.01
OG0006141	4.4058734e-07	4.4058716e-06	0.0	0.01
OG0002648	4.3951135e-07	4.395114e-06	0.0	0.01
OG0003808	4.3726988e-07	4.372697e-06	0.0	0.01
OG0001718	4.2906828e-07	4.2906827e-06	0.0	0.01
OG0003584	4.261101e-07	4.2611005e-06	0.0	0.01
OG0003417	4.2034003e-07	4.203396e-06	0.0	0.01
OG0018778	4.1704746e-07	4.1704757e-06	0.0	0.01
OG0002641	4.0512336e-07	4.051231e-06	0.0	0.01
OG0001318	4.041727e-07	4.0417262e-06	0.0	0.01
OG0001114	3.9619238e-07	3.9619254e-06	0.0	0.01
OG0002727	3.917636e-07	3.9176302e-06	0.0	0.01
OG0002949	3.9162344e-07	3.9162333e-06	0.0	0.01
OG0005006	3.9076025e-07	3.9075994e-06	0.0	0.01
OG0005639	3.899325e-07	3.8993294e-06	0.0	0.01
OG0021000	3.8708276e-07	3.8708295e-06	0.0	0.01
OG0001734	3.8667704e-07	3.866771e-06	0.0	0.01
OG0003566	3.79464e-07	3.7946404e-06	0.0	0.01
OG0002009	3.781902e-07	3.7818986e-06	0.0	0.01
OG0001323	3.743398e-07	3.7433974e-06	0.0	0.01
OG0003712	3.7298784e-07	3.7298776e-06	0.0	0.01
OG0001345	3.7236717e-07	3.7236723e-06	0.0	0.01
OG0001627	3.7197333e-07	3.719733e-06	0.0	0.01
OG0004257	3.701776e-07	3.701773e-06	0.0	0.01
OG0004557	3.698271e-07	3.6982717e-06	0.0	0.01
OG0001390	3.6511994e-07	3.6512029e-06	0.0	0.01
OG0003572	3.4931287e-07	3.4931288e-06	0.0	0.01
OG0003487	3.339189e-07	3.3391846e-06	0.0	0.01
OG0000925	3.241487e-07	3.2414866e-06	0.0	0.01
OG0002003	3.1997104e-07	3.1997085e-06	0.0	0.01
OG0002085	3.14562e-07	3.1456173e-06	0.0	0.01
OG0003574	3.0271397e-07	3.0271412e-06	0.0	0.01
OG0001150	2.9699748e-07	2.969975e-06	0.0	0.01
OG0002780	2.9310547e-07	2.9310568e-06	0.0	0.01
OG0002439	2.770174e-07	2.7701699e-06	0.0	0.01
OG0003425	2.6524992e-07	2.6524958e-06	0.0	0.01
OG0000849	2.6197998e-07	2.6197972e-06	0.0	0.01
OG0003737	2.55982e-07	2.55982e-06	0.0	0.01
OG0003416	2.4749616e-07	2.4749613e-06	0.0	0.01
OG0011546	2.466477e-07	2.466477e-06	0.0	0.01
OG0004047	2.4561498e-07	2.4561518e-06	0.0	0.01
OG0001118	2.4241527e-07	2.4241533e-06	0.0	0.01
OG0001933	2.4192235e-07	2.4192234e-06	0.0	0.01
OG0001531	2.3029602e-07	2.3029572e-06	0.0	0.01
OG0001659	2.235556e-07	2.2355557e-06	0.0	0.01
OG0000922	2.1138952e-07	2.1138953e-06	0.0	0.01
OG0003144	1.9508609e-07	1.9508607e-06	0.0	0.01
OG0000074	0.0	0.0	0.0	0.0
OG0000087	0.0	0.0	0.0	0.0
OG0000124	0.0	0.0	0.0	0.0
OG0000161	0.0	0.0	0.0	0.0
OG0000171	0.0	0.0	0.0	0.0
OG0000193	0.0	0.0	0.0	0.0
OG0000220	0.0	0.0	0.0	0.0
OG0000272	0.0	0.0	0.0	0.0
OG0000277	0.0	0.0	0.0	0.0
OG0000288	0.0	0.0	0.0	0.0
OG0000316	0.0	0.0	0.0	0.0
OG0000357	0.0	0.0	0.0	0.0
OG0000387	0.0	0.0	0.0	0.0
OG0000398	0.0	0.0	0.0	0.0
OG0000416	0.0	0.0	0.0	0.0
OG0000435	0.0	0.0	0.0	0.0
OG0000491	0.0	0.0	0.0	0.0
OG0000493	0.0	0.0	0.0	0.0
OG0000502	0.0	0.0	0.0	0.0
OG0000550	0.0	0.0	0.0	0.0
OG0000551	0.0	0.0	0.0	0.0
OG0000592	0.0	0.0	0.0	0.0
OG0000654	0.0	0.0	0.0	0.0
OG0000661	0.0	0.0	0.0	0.0
OG0000662	0.0	0.0	0.0	0.0
OG0000666	0.0	0.0	0.0	0.0
OG0000697	0.0	0.0	0.0	0.0
OG0000699	0.0	0.0	0.0	0.0
OG0000705	0.0	0.0	0.0	0.0
OG0000706	0.0	0.0	0.0	0.0
OG0000735	0.0	0.0	0.0	0.0
OG0000739	0.0	0.0	0.0	0.0
OG0000753	0.0	0.0	0.0	0.0
OG0000776	0.0	0.0	0.0	0.0
OG0000784	0.0	0.0	0.0	0.0
OG0000786	0.0	0.0	0.0	0.0
OG0000794	0.0	0.0	0.0	0.0
OG0000797	0.0	0.0	0.0	0.0
OG0000802	0.0	0.0	0.0	0.0
OG0000817	0.0	0.0	0.0	0.0
OG0000821	0.0	0.0	0.0	0.0
OG0000824	0.0	0.0	0.0	0.0
OG0000839	0.0	0.0	0.0	0.0
OG0000844	0.0	0.0	0.0	0.0
OG0000847	0.0	0.0	0.0	0.0
OG0000858	0.0	0.0	0.0	0.0
OG0000859	0.0	0.0	0.0	0.0
OG0000862	0.0	0.0	0.0	0.0
OG0000871	0.0	0.0	0.0	0.0
OG0000874	0.0	0.0	0.0	0.0
OG0000875	0.0	0.0	0.0	0.0
OG0000877	0.0	0.0	0.0	0.0
OG0000891	0.0	0.0	0.0	0.0
OG0000895	0.0	0.0	0.0	0.0
OG0000896	0.0	0.0	0.0	0.0
OG0000899	0.0	0.0	0.0	0.0
OG0000902	0.0	0.0	0.0	0.0
OG0000905	0.0	0.0	0.0	0.0
OG0000910	0.0	0.0	0.0	0.0
OG0000926	0.0	0.0	0.0	0.0
OG0000927	0.0	0.0	0.0	0.0
OG0000930	0.0	0.0	0.0	0.0
OG0000933	0.0	0.0	0.0	0.0
OG0000942	0.0	0.0	0.0	0.0
OG0000948	0.0	0.0	0.0	0.0
OG0000949	0.0	0.0	0.0	0.0
OG0000951	0.0	0.0	0.0	0.0
OG0000953	0.0	0.0	0.0	0.0
OG0000955	0.0	0.0	0.0	0.0
OG0000958	0.0	0.0	0.0	0.0
OG0000963	0.0	0.0	0.0	0.0
OG0000965	0.0	0.0	0.0	0.0
OG0000969	0.0	0.0	0.0	0.0
OG0000971	0.0	0.0	0.0	0.0
OG0000972	0.0	0.0	0.0	0.0
OG0000978	0.0	0.0	0.0	0.0
OG0000983	0.0	0.0	0.0	0.0
OG0000984	0.0	0.0	0.0	0.0
OG0000985	0.0	0.0	0.0	0.0
OG0000986	0.0	0.0	0.0	0.0
OG0000991	0.0	0.0	0.0	0.0
OG0000992	0.0	0.0	0.0	0.0
OG0001006	0.0	0.0	0.0	0.0
OG0001024	0.0	0.0	0.0	0.0
OG0001026	0.0	0.0	0.0	0.0
OG0001029	0.0	0.0	0.0	0.0
OG0001033	0.0	0.0	0.0	0.0
OG0001034	0.0	0.0	0.0	0.0
OG0001041	0.0	0.0	0.0	0.0
OG0001042	0.0	0.0	0.0	0.0
OG0001044	0.0	0.0	0.0	0.0
OG0001046	0.0	0.0	0.0	0.0
OG0001053	0.0	0.0	0.0	0.0
OG0001064	0.0	0.0	0.0	0.0
OG0001069	0.0	0.0	0.0	0.0
OG0001072	0.0	0.0	0.0	0.0
OG0001077	0.0	0.0	0.0	0.0
OG0001080	0.0	0.0	0.0	0.0
OG0001082	0.0	0.0	0.0	0.0
OG0001085	0.0	0.0	0.0	0.0
OG0001087	0.0	0.0	0.0	0.0
OG0001091	0.0	0.0	0.0	0.0
OG0001094	0.0	0.0	0.0	0.0
OG0001095	0.0	0.0	0.0	0.0
OG0001098	0.0	0.0	0.0	0.0
OG0001106	0.0	0.0	0.0	0.0
OG0001110	0.0	0.0	0.0	0.0
OG0001112	0.0	0.0	0.0	0.0
OG0001115	0.0	0.0	0.0	0.0
OG0001116	0.0	0.0	0.0	0.0
OG0001119	0.0	0.0	0.0	0.0
OG0001121	0.0	0.0	0.0	0.0
OG0001124	0.0	0.0	0.0	0.0
OG0001125	0.0	0.0	0.0	0.0
OG0001126	0.0	0.0	0.0	0.0
OG0001127	0.0	0.0	0.0	0.0
OG0001132	0.0	0.0	0.0	0.0
OG0001133	0.0	0.0	0.0	0.0
OG0001134	0.0	0.0	0.0	0.0
OG0001138	0.0	0.0	0.0	0.0
OG0001139	0.0	0.0	0.0	0.0
OG0001140	0.0	0.0	0.0	0.0
OG0001143	0.0	0.0	0.0	0.0
OG0001144	0.0	0.0	0.0	0.0
OG0001146	0.0	0.0	0.0	0.0
OG0001147	0.0	0.0	0.0	0.0
OG0001149	0.0	0.0	0.0	0.0
OG0001155	0.0	0.0	0.0	0.0
OG0001161	0.0	0.0	0.0	0.0
OG0001175	0.0	0.0	0.0	0.0
OG0001176	0.0	0.0	0.0	0.0
OG0001178	0.0	0.0	0.0	0.0
OG0001180	0.0	0.0	0.0	0.0
OG0001184	0.0	0.0	0.0	0.0
OG0001185	0.0	0.0	0.0	0.0
OG0001186	0.0	0.0	0.0	0.0
OG0001189	0.0	0.0	0.0	0.0
OG0001192	0.0	0.0	0.0	0.0
OG0001193	0.0	0.0	0.0	0.0
OG0001196	0.0	0.0	0.0	0.0
OG0001197	0.0	0.0	0.0	0.0
OG0001198	0.0	0.0	0.0	0.0
OG0001201	0.0	0.0	0.0	0.0
OG0001203	0.0	0.0	0.0	0.0
OG0001204	0.0	0.0	0.0	0.0
OG0001206	0.0	0.0	0.0	0.0
OG0001208	0.0	0.0	0.0	0.0
OG0001213	0.0	0.0	0.0	0.0
OG0001214	0.0	0.0	0.0	0.0
OG0001216	0.0	0.0	0.0	0.0
OG0001217	0.0	0.0	0.0	0.0
OG0001220	0.0	0.0	0.0	0.0
OG0001222	0.0	0.0	0.0	0.0
OG0001223	0.0	0.0	0.0	0.0
OG0001224	0.0	0.0	0.0	0.0
OG0001225	0.0	0.0	0.0	0.0
OG0001230	0.0	0.0	0.0	0.0
OG0001232	0.0	0.0	0.0	0.0
OG0001233	0.0	0.0	0.0	0.0
OG0001234	0.0	0.0	0.0	0.0
OG0001236	0.0	0.0	0.0	0.0
OG0001238	0.0	0.0	0.0	0.0
OG0001242	0.0	0.0	0.0	0.0
OG0001245	0.0	0.0	0.0	0.0
OG0001246	0.0	0.0	0.0	0.0
OG0001247	0.0	0.0	0.0	0.0
OG0001249	0.0	0.0	0.0	0.0
OG0001254	0.0	0.0	0.0	0.0
OG0001262	0.0	0.0	0.0	0.0
OG0001263	0.0	0.0	0.0	0.0
OG0001264	0.0	0.0	0.0	0.0
OG0001265	0.0	0.0	0.0	0.0
OG0001266	0.0	0.0	0.0	0.0
OG0001270	0.0	0.0	0.0	0.0
OG0001276	0.0	0.0	0.0	0.0
OG0001280	0.0	0.0	0.0	0.0
OG0001281	0.0	0.0	0.0	0.0
OG0001282	0.0	0.0	0.0	0.0
OG0001286	0.0	0.0	0.0	0.0
OG0001288	0.0	0.0	0.0	0.0
OG0001289	0.0	0.0	0.0	0.0
OG0001291	0.0	0.0	0.0	0.0
OG0001293	0.0	0.0	0.0	0.0
OG0001301	0.0	0.0	0.0	0.0
OG0001305	0.0	0.0	0.0	0.0
OG0001306	0.0	0.0	0.0	0.0
OG0001308	0.0	0.0	0.0	0.0
OG0001309	0.0	0.0	0.0	0.0
OG0001311	0.0	0.0	0.0	0.0
OG0001312	0.0	0.0	0.0	0.0
OG0001313	0.0	0.0	0.0	0.0
OG0001315	0.0	0.0	0.0	0.0
OG0001319	0.0	0.0	0.0	0.0
OG0001320	0.0	0.0	0.0	0.0
OG0001325	0.0	0.0	0.0	0.0
OG0001329	0.0	0.0	0.0	0.0
OG0001330	0.0	0.0	0.0	0.0
OG0001334	0.0	0.0	0.0	0.0
OG0001335	0.0	0.0	0.0	0.0
OG0001337	0.0	0.0	0.0	0.0
OG0001338	0.0	0.0	0.0	0.0
OG0001339	0.0	0.0	0.0	0.0
OG0001341	0.0	0.0	0.0	0.0
OG0001342	0.0	0.0	0.0	0.0
OG0001343	0.0	0.0	0.0	0.0
OG0001347	0.0	0.0	0.0	0.0
OG0001348	0.0	0.0	0.0	0.0
OG0001351	0.0	0.0	0.0	0.0
OG0001352	0.0	0.0	0.0	0.0
OG0001358	0.0	0.0	0.0	0.0
OG0001360	0.0	0.0	0.0	0.0
OG0001361	0.0	0.0	0.0	0.0
OG0001362	0.0	0.0	0.0	0.0
OG0001364	0.0	0.0	0.0	0.0
OG0001366	0.0	0.0	0.0	0.0
OG0001367	0.0	0.0	0.0	0.0
OG0001369	0.0	0.0	0.0	0.0
OG0001370	0.0	0.0	0.0	0.0
OG0001371	0.0	0.0	0.0	0.0
OG0001375	0.0	0.0	0.0	0.0
OG0001376	0.0	0.0	0.0	0.0
OG0001377	0.0	0.0	0.0	0.0
OG0001378	0.0	0.0	0.0	0.0
OG0001379	0.0	0.0	0.0	0.0
OG0001380	0.0	0.0	0.0	0.0
OG0001381	0.0	0.0	0.0	0.0
OG0001382	0.0	0.0	0.0	0.0
OG0001385	0.0	0.0	0.0	0.0
OG0001387	0.0	0.0	0.0	0.0
OG0001391	0.0	0.0	0.0	0.0
OG0001392	0.0	0.0	0.0	0.0
OG0001393	0.0	0.0	0.0	0.0
OG0001394	0.0	0.0	0.0	0.0
OG0001396	0.0	0.0	0.0	0.0
OG0001403	0.0	0.0	0.0	0.0
OG0001404	0.0	0.0	0.0	0.0
OG0001405	0.0	0.0	0.0	0.0
OG0001412	0.0	0.0	0.0	0.0
OG0001414	0.0	0.0	0.0	0.0
OG0001415	0.0	0.0	0.0	0.0
OG0001420	0.0	0.0	0.0	0.0
OG0001421	0.0	0.0	0.0	0.0
OG0001422	0.0	0.0	0.0	0.0
OG0001423	0.0	0.0	0.0	0.0
OG0001425	0.0	0.0	0.0	0.0
OG0001426	0.0	0.0	0.0	0.0
OG0001427	0.0	0.0	0.0	0.0
OG0001428	0.0	0.0	0.0	0.0
OG0001429	0.0	0.0	0.0	0.0
OG0001430	0.0	0.0	0.0	0.0
OG0001431	0.0	0.0	0.0	0.0
OG0001435	0.0	0.0	0.0	0.0
OG0001436	0.0	0.0	0.0	0.0
OG0001439	0.0	0.0	0.0	0.0
OG0001440	0.0	0.0	0.0	0.0
OG0001441	0.0	0.0	0.0	0.0
OG0001442	0.0	0.0	0.0	0.0
OG0001443	0.0	0.0	0.0	0.0
OG0001446	0.0	0.0	0.0	0.0
OG0001448	0.0	0.0	0.0	0.0
OG0001450	0.0	0.0	0.0	0.0
OG0001451	0.0	0.0	0.0	0.0
OG0001452	0.0	0.0	0.0	0.0
OG0001453	0.0	0.0	0.0	0.0
OG0001456	0.0	0.0	0.0	0.0
OG0001457	0.0	0.0	0.0	0.0
OG0001458	0.0	0.0	0.0	0.0
OG0001462	0.0	0.0	0.0	0.0
OG0001463	0.0	0.0	0.0	0.0
OG0001464	0.0	0.0	0.0	0.0
OG0001466	0.0	0.0	0.0	0.0
OG0001468	0.0	0.0	0.0	0.0
OG0001471	0.0	0.0	0.0	0.0
OG0001472	0.0	0.0	0.0	0.0
OG0001474	0.0	0.0	0.0	0.0
OG0001475	0.0	0.0	0.0	0.0
OG0001478	0.0	0.0	0.0	0.0
OG0001479	0.0	0.0	0.0	0.0
OG0001480	0.0	0.0	0.0	0.0
OG0001482	0.0	0.0	0.0	0.0
OG0001484	0.0	0.0	0.0	0.0
OG0001485	0.0	0.0	0.0	0.0
OG0001486	0.0	0.0	0.0	0.0
OG0001487	0.0	0.0	0.0	0.0
OG0001488	0.0	0.0	0.0	0.0
OG0001490	0.0	0.0	0.0	0.0
OG0001491	0.0	0.0	0.0	0.0
OG0001493	0.0	0.0	0.0	0.0
OG0001494	0.0	0.0	0.0	0.0
OG0001495	0.0	0.0	0.0	0.0
OG0001496	0.0	0.0	0.0	0.0
OG0001497	0.0	0.0	0.0	0.0
OG0001498	0.0	0.0	0.0	0.0
OG0001499	0.0	0.0	0.0	0.0
OG0001501	0.0	0.0	0.0	0.0
OG0001503	0.0	0.0	0.0	0.0
OG0001505	0.0	0.0	0.0	0.0
OG0001506	0.0	0.0	0.0	0.0
OG0001508	0.0	0.0	0.0	0.0
OG0001510	0.0	0.0	0.0	0.0
OG0001511	0.0	0.0	0.0	0.0
OG0001512	0.0	0.0	0.0	0.0
OG0001513	0.0	0.0	0.0	0.0
OG0001515	0.0	0.0	0.0	0.0
OG0001517	0.0	0.0	0.0	0.0
OG0001519	0.0	0.0	0.0	0.0
OG0001520	0.0	0.0	0.0	0.0
OG0001522	0.0	0.0	0.0	0.0
OG0001523	0.0	0.0	0.0	0.0
OG0001524	0.0	0.0	0.0	0.0
OG0001525	0.0	0.0	0.0	0.0
OG0001526	0.0	0.0	0.0	0.0
OG0001535	0.0	0.0	0.0	0.0
OG0001536	0.0	0.0	0.0	0.0
OG0001537	0.0	0.0	0.0	0.0
OG0001541	0.0	0.0	0.0	0.0
OG0001543	0.0	0.0	0.0	0.0
OG0001544	0.0	0.0	0.0	0.0
OG0001548	0.0	0.0	0.0	0.0
OG0001549	0.0	0.0	0.0	0.0
OG0001550	0.0	0.0	0.0	0.0
OG0001551	0.0	0.0	0.0	0.0
OG0001552	0.0	0.0	0.0	0.0
OG0001554	0.0	0.0	0.0	0.0
OG0001555	0.0	0.0	0.0	0.0
OG0001559	0.0	0.0	0.0	0.0
OG0001565	0.0	0.0	0.0	0.0
OG0001567	0.0	0.0	0.0	0.0
OG0001571	0.0	0.0	0.0	0.0
OG0001572	0.0	0.0	0.0	0.0
OG0001573	0.0	0.0	0.0	0.0
OG0001574	0.0	0.0	0.0	0.0
OG0001575	0.0	0.0	0.0	0.0
OG0001576	0.0	0.0	0.0	0.0
OG0001577	0.0	0.0	0.0	0.0
OG0001578	0.0	0.0	0.0	0.0
OG0001579	0.0	0.0	0.0	0.0
OG0001580	0.0	0.0	0.0	0.0
OG0001581	0.0	0.0	0.0	0.0
OG0001583	0.0	0.0	0.0	0.0
OG0001586	0.0	0.0	0.0	0.0
OG0001587	0.0	0.0	0.0	0.0
OG0001588	0.0	0.0	0.0	0.0
OG0001589	0.0	0.0	0.0	0.0
OG0001590	0.0	0.0	0.0	0.0
OG0001591	0.0	0.0	0.0	0.0
OG0001593	0.0	0.0	0.0	0.0
OG0001594	0.0	0.0	0.0	0.0
OG0001597	0.0	0.0	0.0	0.0
OG0001599	0.0	0.0	0.0	0.0
OG0001600	0.0	0.0	0.0	0.0
OG0001601	0.0	0.0	0.0	0.0
OG0001602	0.0	0.0	0.0	0.0
OG0001603	0.0	0.0	0.0	0.0
OG0001604	0.0	0.0	0.0	0.0
OG0001606	0.0	0.0	0.0	0.0
OG0001609	0.0	0.0	0.0	0.0
OG0001610	0.0	0.0	0.0	0.0
OG0001611	0.0	0.0	0.0	0.0
OG0001612	0.0	0.0	0.0	0.0
OG0001614	0.0	0.0	0.0	0.0
OG0001616	0.0	0.0	0.0	0.0
OG0001618	0.0	0.0	0.0	0.0
OG0001619	0.0	0.0	0.0	0.0
OG0001620	0.0	0.0	0.0	0.0
OG0001621	0.0	0.0	0.0	0.0
OG0001622	0.0	0.0	0.0	0.0
OG0001623	0.0	0.0	0.0	0.0
OG0001625	0.0	0.0	0.0	0.0
OG0001626	0.0	0.0	0.0	0.0
OG0001628	0.0	0.0	0.0	0.0
OG0001629	0.0	0.0	0.0	0.0
OG0001631	0.0	0.0	0.0	0.0
OG0001633	0.0	0.0	0.0	0.0
OG0001634	0.0	0.0	0.0	0.0
OG0001635	0.0	0.0	0.0	0.0
OG0001636	0.0	0.0	0.0	0.0
OG0001638	0.0	0.0	0.0	0.0
OG0001639	0.0	0.0	0.0	0.0
OG0001641	0.0	0.0	0.0	0.0
OG0001642	0.0	0.0	0.0	0.0
OG0001644	0.0	0.0	0.0	0.0
OG0001645	0.0	0.0	0.0	0.0
OG0001646	0.0	0.0	0.0	0.0
OG0001647	0.0	0.0	0.0	0.0
OG0001649	0.0	0.0	0.0	0.0
OG0001651	0.0	0.0	0.0	0.0
OG0001652	0.0	0.0	0.0	0.0
OG0001654	0.0	0.0	0.0	0.0
OG0001655	0.0	0.0	0.0	0.0
OG0001656	0.0	0.0	0.0	0.0
OG0001657	0.0	0.0	0.0	0.0
OG0001658	0.0	0.0	0.0	0.0
OG0001660	0.0	0.0	0.0	0.0
OG0001661	0.0	0.0	0.0	0.0
OG0001662	0.0	0.0	0.0	0.0
OG0001663	0.0	0.0	0.0	0.0
OG0001667	0.0	0.0	0.0	0.0
OG0001668	0.0	0.0	0.0	0.0
OG0001669	0.0	0.0	0.0	0.0
OG0001670	0.0	0.0	0.0	0.0
OG0001671	0.0	0.0	0.0	0.0
OG0001674	0.0	0.0	0.0	0.0
OG0001677	0.0	0.0	0.0	0.0
OG0001678	0.0	0.0	0.0	0.0
OG0001679	0.0	0.0	0.0	0.0
OG0001680	0.0	0.0	0.0	0.0
OG0001681	0.0	0.0	0.0	0.0
OG0001682	0.0	0.0	0.0	0.0
OG0001684	0.0	0.0	0.0	0.0
OG0001686	0.0	0.0	0.0	0.0
OG0001687	0.0	0.0	0.0	0.0
OG0001688	0.0	0.0	0.0	0.0
OG0001689	0.0	0.0	0.0	0.0
OG0001690	0.0	0.0	0.0	0.0
OG0001691	0.0	0.0	0.0	0.0
OG0001694	0.0	0.0	0.0	0.0
OG0001695	0.0	0.0	0.0	0.0
OG0001696	0.0	0.0	0.0	0.0
OG0001697	0.0	0.0	0.0	0.0
OG0001699	0.0	0.0	0.0	0.0
OG0001700	0.0	0.0	0.0	0.0
OG0001702	0.0	0.0	0.0	0.0
OG0001703	0.0	0.0	0.0	0.0
OG0001704	0.0	0.0	0.0	0.0
OG0001706	0.0	0.0	0.0	0.0
OG0001707	0.0	0.0	0.0	0.0
OG0001708	0.0	0.0	0.0	0.0
OG0001709	0.0	0.0	0.0	0.0
OG0001710	0.0	0.0	0.0	0.0
OG0001711	0.0	0.0	0.0	0.0
OG0001712	0.0	0.0	0.0	0.0
OG0001713	0.0	0.0	0.0	0.0
OG0001714	0.0	0.0	0.0	0.0
OG0001715	0.0	0.0	0.0	0.0
OG0001716	0.0	0.0	0.0	0.0
OG0001717	0.0	0.0	0.0	0.0
OG0001719	0.0	0.0	0.0	0.0
OG0001720	0.0	0.0	0.0	0.0
OG0001722	0.0	0.0	0.0	0.0
OG0001724	0.0	0.0	0.0	0.0
OG0001725	0.0	0.0	0.0	0.0
OG0001729	0.0	0.0	0.0	0.0
OG0001730	0.0	0.0	0.0	0.0
OG0001731	0.0	0.0	0.0	0.0
OG0001736	0.0	0.0	0.0	0.0
OG0001737	0.0	0.0	0.0	0.0
OG0001738	0.0	0.0	0.0	0.0
OG0001739	0.0	0.0	0.0	0.0
OG0001740	0.0	0.0	0.0	0.0
OG0001747	0.0	0.0	0.0	0.0
OG0001752	0.0	0.0	0.0	0.0
OG0001753	0.0	0.0	0.0	0.0
OG0001754	0.0	0.0	0.0	0.0
OG0001756	0.0	0.0	0.0	0.0
OG0001757	0.0	0.0	0.0	0.0
OG0001761	0.0	0.0	0.0	0.0
OG0001763	0.0	0.0	0.0	0.0
OG0001764	0.0	0.0	0.0	0.0
OG0001765	0.0	0.0	0.0	0.0
OG0001766	0.0	0.0	0.0	0.0
OG0001768	0.0	0.0	0.0	0.0
OG0001769	0.0	0.0	0.0	0.0
OG0001771	0.0	0.0	0.0	0.0
OG0001772	0.0	0.0	0.0	0.0
OG0001773	0.0	0.0	0.0	0.0
OG0001776	0.0	0.0	0.0	0.0
OG0001777	0.0	0.0	0.0	0.0
OG0001778	0.0	0.0	0.0	0.0
OG0001779	0.0	0.0	0.0	0.0
OG0001780	0.0	0.0	0.0	0.0
OG0001784	0.0	0.0	0.0	0.0
OG0001785	0.0	0.0	0.0	0.0
OG0001787	0.0	0.0	0.0	0.0
OG0001788	0.0	0.0	0.0	0.0
OG0001789	0.0	0.0	0.0	0.0
OG0001790	0.0	0.0	0.0	0.0
OG0001792	0.0	0.0	0.0	0.0
OG0001793	0.0	0.0	0.0	0.0
OG0001794	0.0	0.0	0.0	0.0
OG0001795	0.0	0.0	0.0	0.0
OG0001796	0.0	0.0	0.0	0.0
OG0001799	0.0	0.0	0.0	0.0
OG0001801	0.0	0.0	0.0	0.0
OG0001803	0.0	0.0	0.0	0.0
OG0001804	0.0	0.0	0.0	0.0
OG0001805	0.0	0.0	0.0	0.0
OG0001806	0.0	0.0	0.0	0.0
OG0001808	0.0	0.0	0.0	0.0
OG0001809	0.0	0.0	0.0	0.0
OG0001810	0.0	0.0	0.0	0.0
OG0001811	0.0	0.0	0.0	0.0
OG0001812	0.0	0.0	0.0	0.0
OG0001814	0.0	0.0	0.0	0.0
OG0001815	0.0	0.0	0.0	0.0
OG0001816	0.0	0.0	0.0	0.0
OG0001820	0.0	0.0	0.0	0.0
OG0001823	0.0	0.0	0.0	0.0
OG0001825	0.0	0.0	0.0	0.0
OG0001826	0.0	0.0	0.0	0.0
OG0001827	0.0	0.0	0.0	0.0
OG0001828	0.0	0.0	0.0	0.0
OG0001829	0.0	0.0	0.0	0.0
OG0001830	0.0	0.0	0.0	0.0
OG0001831	0.0	0.0	0.0	0.0
OG0001833	0.0	0.0	0.0	0.0
OG0001834	0.0	0.0	0.0	0.0
OG0001836	0.0	0.0	0.0	0.0
OG0001837	0.0	0.0	0.0	0.0
OG0001838	0.0	0.0	0.0	0.0
OG0001839	0.0	0.0	0.0	0.0
OG0001840	0.0	0.0	0.0	0.0
OG0001842	0.0	0.0	0.0	0.0
OG0001843	0.0	0.0	0.0	0.0
OG0001844	0.0	0.0	0.0	0.0
OG0001847	0.0	0.0	0.0	0.0
OG0001848	0.0	0.0	0.0	0.0
OG0001850	0.0	0.0	0.0	0.0
OG0001851	0.0	0.0	0.0	0.0
OG0001853	0.0	0.0	0.0	0.0
OG0001854	0.0	0.0	0.0	0.0
OG0001855	0.0	0.0	0.0	0.0
OG0001856	0.0	0.0	0.0	0.0
OG0001857	0.0	0.0	0.0	0.0
OG0001858	0.0	0.0	0.0	0.0
OG0001859	0.0	0.0	0.0	0.0
OG0001861	0.0	0.0	0.0	0.0
OG0001862	0.0	0.0	0.0	0.0
OG0001863	0.0	0.0	0.0	0.0
OG0001864	0.0	0.0	0.0	0.0
OG0001865	0.0	0.0	0.0	0.0
OG0001866	0.0	0.0	0.0	0.0
OG0001867	0.0	0.0	0.0	0.0
OG0001868	0.0	0.0	0.0	0.0
OG0001869	0.0	0.0	0.0	0.0
OG0001870	0.0	0.0	0.0	0.0
OG0001872	0.0	0.0	0.0	0.0
OG0001873	0.0	0.0	0.0	0.0
OG0001874	0.0	0.0	0.0	0.0
OG0001875	0.0	0.0	0.0	0.0
OG0001876	0.0	0.0	0.0	0.0
OG0001877	0.0	0.0	0.0	0.0
OG0001878	0.0	0.0	0.0	0.0
OG0001879	0.0	0.0	0.0	0.0
OG0001880	0.0	0.0	0.0	0.0
OG0001881	0.0	0.0	0.0	0.0
OG0001882	0.0	0.0	0.0	0.0
OG0001883	0.0	0.0	0.0	0.0
OG0001885	0.0	0.0	0.0	0.0
OG0001886	0.0	0.0	0.0	0.0
OG0001887	0.0	0.0	0.0	0.0
OG0001889	0.0	0.0	0.0	0.0
OG0001890	0.0	0.0	0.0	0.0
OG0001891	0.0	0.0	0.0	0.0
OG0001892	0.0	0.0	0.0	0.0
OG0001893	0.0	0.0	0.0	0.0
OG0001894	0.0	0.0	0.0	0.0
OG0001895	0.0	0.0	0.0	0.0
OG0001898	0.0	0.0	0.0	0.0
OG0001899	0.0	0.0	0.0	0.0
OG0001900	0.0	0.0	0.0	0.0
OG0001901	0.0	0.0	0.0	0.0
OG0001902	0.0	0.0	0.0	0.0
OG0001903	0.0	0.0	0.0	0.0
OG0001904	0.0	0.0	0.0	0.0
OG0001905	0.0	0.0	0.0	0.0
OG0001906	0.0	0.0	0.0	0.0
OG0001908	0.0	0.0	0.0	0.0
OG0001909	0.0	0.0	0.0	0.0
OG0001910	0.0	0.0	0.0	0.0
OG0001913	0.0	0.0	0.0	0.0
OG0001914	0.0	0.0	0.0	0.0
OG0001917	0.0	0.0	0.0	0.0
OG0001919	0.0	0.0	0.0	0.0
OG0001920	0.0	0.0	0.0	0.0
OG0001921	0.0	0.0	0.0	0.0
OG0001922	0.0	0.0	0.0	0.0
OG0001923	0.0	0.0	0.0	0.0
OG0001924	0.0	0.0	0.0	0.0
OG0001925	0.0	0.0	0.0	0.0
OG0001926	0.0	0.0	0.0	0.0
OG0001927	0.0	0.0	0.0	0.0
OG0001928	0.0	0.0	0.0	0.0
OG0001929	0.0	0.0	0.0	0.0
OG0001930	0.0	0.0	0.0	0.0
OG0001931	0.0	0.0	0.0	0.0
OG0001932	0.0	0.0	0.0	0.0
OG0001934	0.0	0.0	0.0	0.0
OG0001935	0.0	0.0	0.0	0.0
OG0001937	0.0	0.0	0.0	0.0
OG0001938	0.0	0.0	0.0	0.0
OG0001939	0.0	0.0	0.0	0.0
OG0001940	0.0	0.0	0.0	0.0
OG0001941	0.0	0.0	0.0	0.0
OG0001942	0.0	0.0	0.0	0.0
OG0001943	0.0	0.0	0.0	0.0
OG0001944	0.0	0.0	0.0	0.0
OG0001946	0.0	0.0	0.0	0.0
OG0001947	0.0	0.0	0.0	0.0
OG0001948	0.0	0.0	0.0	0.0
OG0001949	0.0	0.0	0.0	0.0
OG0001950	0.0	0.0	0.0	0.0
OG0001952	0.0	0.0	0.0	0.0
OG0001953	0.0	0.0	0.0	0.0
OG0001954	0.0	0.0	0.0	0.0
OG0001955	0.0	0.0	0.0	0.0
OG0001956	0.0	0.0	0.0	0.0
OG0001957	0.0	0.0	0.0	0.0
OG0001958	0.0	0.0	0.0	0.0
OG0001959	0.0	0.0	0.0	0.0
OG0001960	0.0	0.0	0.0	0.0
OG0001961	0.0	0.0	0.0	0.0
OG0001963	0.0	0.0	0.0	0.0
OG0001964	0.0	0.0	0.0	0.0
OG0001965	0.0	0.0	0.0	0.0
OG0001966	0.0	0.0	0.0	0.0
OG0001967	0.0	0.0	0.0	0.0
OG0001969	0.0	0.0	0.0	0.0
OG0001970	0.0	0.0	0.0	0.0
OG0001971	0.0	0.0	0.0	0.0
OG0001972	0.0	0.0	0.0	0.0
OG0001973	0.0	0.0	0.0	0.0
OG0001974	0.0	0.0	0.0	0.0
OG0001975	0.0	0.0	0.0	0.0
OG0001976	0.0	0.0	0.0	0.0
OG0001979	0.0	0.0	0.0	0.0
OG0001980	0.0	0.0	0.0	0.0
OG0001981	0.0	0.0	0.0	0.0
OG0001982	0.0	0.0	0.0	0.0
OG0001984	0.0	0.0	0.0	0.0
OG0001985	0.0	0.0	0.0	0.0
OG0001986	0.0	0.0	0.0	0.0
OG0001987	0.0	0.0	0.0	0.0
OG0001989	0.0	0.0	0.0	0.0
OG0001991	0.0	0.0	0.0	0.0
OG0001992	0.0	0.0	0.0	0.0
OG0001993	0.0	0.0	0.0	0.0
OG0001994	0.0	0.0	0.0	0.0
OG0001995	0.0	0.0	0.0	0.0
OG0001996	0.0	0.0	0.0	0.0
OG0001997	0.0	0.0	0.0	0.0
OG0001998	0.0	0.0	0.0	0.0
OG0001999	0.0	0.0	0.0	0.0
OG0002000	0.0	0.0	0.0	0.0
OG0002001	0.0	0.0	0.0	0.0
OG0002002	0.0	0.0	0.0	0.0
OG0002004	0.0	0.0	0.0	0.0
OG0002005	0.0	0.0	0.0	0.0
OG0002006	0.0	0.0	0.0	0.0
OG0002007	0.0	0.0	0.0	0.0
OG0002011	0.0	0.0	0.0	0.0
OG0002012	0.0	0.0	0.0	0.0
OG0002014	0.0	0.0	0.0	0.0
OG0002016	0.0	0.0	0.0	0.0
OG0002017	0.0	0.0	0.0	0.0
OG0002018	0.0	0.0	0.0	0.0
OG0002019	0.0	0.0	0.0	0.0
OG0002020	0.0	0.0	0.0	0.0
OG0002021	0.0	0.0	0.0	0.0
OG0002022	0.0	0.0	0.0	0.0
OG0002023	0.0	0.0	0.0	0.0
OG0002024	0.0	0.0	0.0	0.0
OG0002025	0.0	0.0	0.0	0.0
OG0002026	0.0	0.0	0.0	0.0
OG0002027	0.0	0.0	0.0	0.0
OG0002029	0.0	0.0	0.0	0.0
OG0002030	0.0	0.0	0.0	0.0
OG0002031	0.0	0.0	0.0	0.0
OG0002032	0.0	0.0	0.0	0.0
OG0002033	0.0	0.0	0.0	0.0
OG0002034	0.0	0.0	0.0	0.0
OG0002035	0.0	0.0	0.0	0.0
OG0002036	0.0	0.0	0.0	0.0
OG0002038	0.0	0.0	0.0	0.0
OG0002039	0.0	0.0	0.0	0.0
OG0002042	0.0	0.0	0.0	0.0
OG0002045	0.0	0.0	0.0	0.0
OG0002046	0.0	0.0	0.0	0.0
OG0002048	0.0	0.0	0.0	0.0
OG0002052	0.0	0.0	0.0	0.0
OG0002053	0.0	0.0	0.0	0.0
OG0002054	0.0	0.0	0.0	0.0
OG0002055	0.0	0.0	0.0	0.0
OG0002057	0.0	0.0	0.0	0.0
OG0002058	0.0	0.0	0.0	0.0
OG0002060	0.0	0.0	0.0	0.0
OG0002062	0.0	0.0	0.0	0.0
OG0002063	0.0	0.0	0.0	0.0
OG0002064	0.0	0.0	0.0	0.0
OG0002066	0.0	0.0	0.0	0.0
OG0002068	0.0	0.0	0.0	0.0
OG0002069	0.0	0.0	0.0	0.0
OG0002070	0.0	0.0	0.0	0.0
OG0002071	0.0	0.0	0.0	0.0
OG0002072	0.0	0.0	0.0	0.0
OG0002073	0.0	0.0	0.0	0.0
OG0002074	0.0	0.0	0.0	0.0
OG0002075	0.0	0.0	0.0	0.0
OG0002077	0.0	0.0	0.0	0.0
OG0002078	0.0	0.0	0.0	0.0
OG0002080	0.0	0.0	0.0	0.0
OG0002081	0.0	0.0	0.0	0.0
OG0002083	0.0	0.0	0.0	0.0
OG0002086	0.0	0.0	0.0	0.0
OG0002088	0.0	0.0	0.0	0.0
OG0002090	0.0	0.0	0.0	0.0
OG0002091	0.0	0.0	0.0	0.0
OG0002092	0.0	0.0	0.0	0.0
OG0002094	0.0	0.0	0.0	0.0
OG0002095	0.0	0.0	0.0	0.0
OG0002096	0.0	0.0	0.0	0.0
OG0002097	0.0	0.0	0.0	0.0
OG0002098	0.0	0.0	0.0	0.0
OG0002099	0.0	0.0	0.0	0.0
OG0002100	0.0	0.0	0.0	0.0
OG0002101	0.0	0.0	0.0	0.0
OG0002102	0.0	0.0	0.0	0.0
OG0002103	0.0	0.0	0.0	0.0
OG0002104	0.0	0.0	0.0	0.0
OG0002105	0.0	0.0	0.0	0.0
OG0002107	0.0	0.0	0.0	0.0
OG0002108	0.0	0.0	0.0	0.0
OG0002109	0.0	0.0	0.0	0.0
OG0002110	0.0	0.0	0.0	0.0
OG0002111	0.0	0.0	0.0	0.0
OG0002112	0.0	0.0	0.0	0.0
OG0002113	0.0	0.0	0.0	0.0
OG0002115	0.0	0.0	0.0	0.0
OG0002116	0.0	0.0	0.0	0.0
OG0002118	0.0	0.0	0.0	0.0
OG0002119	0.0	0.0	0.0	0.0
OG0002121	0.0	0.0	0.0	0.0
OG0002122	0.0	0.0	0.0	0.0
OG0002124	0.0	0.0	0.0	0.0
OG0002125	0.0	0.0	0.0	0.0
OG0002126	0.0	0.0	0.0	0.0
OG0002128	0.0	0.0	0.0	0.0
OG0002129	0.0	0.0	0.0	0.0
OG0002131	0.0	0.0	0.0	0.0
OG0002132	0.0	0.0	0.0	0.0
OG0002133	0.0	0.0	0.0	0.0
OG0002134	0.0	0.0	0.0	0.0
OG0002135	0.0	0.0	0.0	0.0
OG0002137	0.0	0.0	0.0	0.0
OG0002138	0.0	0.0	0.0	0.0
OG0002139	0.0	0.0	0.0	0.0
OG0002140	0.0	0.0	0.0	0.0
OG0002141	0.0	0.0	0.0	0.0
OG0002142	0.0	0.0	0.0	0.0
OG0002143	0.0	0.0	0.0	0.0
OG0002144	0.0	0.0	0.0	0.0
OG0002145	0.0	0.0	0.0	0.0
OG0002146	0.0	0.0	0.0	0.0
OG0002147	0.0	0.0	0.0	0.0
OG0002149	0.0	0.0	0.0	0.0
OG0002150	0.0	0.0	0.0	0.0
OG0002151	0.0	0.0	0.0	0.0
OG0002152	0.0	0.0	0.0	0.0
OG0002153	0.0	0.0	0.0	0.0
OG0002154	0.0	0.0	0.0	0.0
OG0002155	0.0	0.0	0.0	0.0
OG0002156	0.0	0.0	0.0	0.0
OG0002157	0.0	0.0	0.0	0.0
OG0002158	0.0	0.0	0.0	0.0
OG0002159	0.0	0.0	0.0	0.0
OG0002160	0.0	0.0	0.0	0.0
OG0002161	0.0	0.0	0.0	0.0
OG0002162	0.0	0.0	0.0	0.0
OG0002163	0.0	0.0	0.0	0.0
OG0002166	0.0	0.0	0.0	0.0
OG0002167	0.0	0.0	0.0	0.0
OG0002168	0.0	0.0	0.0	0.0
OG0002169	0.0	0.0	0.0	0.0
OG0002170	0.0	0.0	0.0	0.0
OG0002172	0.0	0.0	0.0	0.0
OG0002174	0.0	0.0	0.0	0.0
OG0002175	0.0	0.0	0.0	0.0
OG0002176	0.0	0.0	0.0	0.0
OG0002177	0.0	0.0	0.0	0.0
OG0002178	0.0	0.0	0.0	0.0
OG0002179	0.0	0.0	0.0	0.0
OG0002181	0.0	0.0	0.0	0.0
OG0002183	0.0	0.0	0.0	0.0
OG0002184	0.0	0.0	0.0	0.0
OG0002185	0.0	0.0	0.0	0.0
OG0002186	0.0	0.0	0.0	0.0
OG0002187	0.0	0.0	0.0	0.0
OG0002188	0.0	0.0	0.0	0.0
OG0002190	0.0	0.0	0.0	0.0
OG0002191	0.0	0.0	0.0	0.0
OG0002193	0.0	0.0	0.0	0.0
OG0002194	0.0	0.0	0.0	0.0
OG0002195	0.0	0.0	0.0	0.0
OG0002196	0.0	0.0	0.0	0.0
OG0002197	0.0	0.0	0.0	0.0
OG0002199	0.0	0.0	0.0	0.0
OG0002200	0.0	0.0	0.0	0.0
OG0002201	0.0	0.0	0.0	0.0
OG0002202	0.0	0.0	0.0	0.0
OG0002203	0.0	0.0	0.0	0.0
OG0002204	0.0	0.0	0.0	0.0
OG0002205	0.0	0.0	0.0	0.0
OG0002206	0.0	0.0	0.0	0.0
OG0002207	0.0	0.0	0.0	0.0
OG0002209	0.0	0.0	0.0	0.0
OG0002211	0.0	0.0	0.0	0.0
OG0002212	0.0	0.0	0.0	0.0
OG0002213	0.0	0.0	0.0	0.0
OG0002215	0.0	0.0	0.0	0.0
OG0002216	0.0	0.0	0.0	0.0
OG0002217	0.0	0.0	0.0	0.0
OG0002218	0.0	0.0	0.0	0.0
OG0002219	0.0	0.0	0.0	0.0
OG0002220	0.0	0.0	0.0	0.0
OG0002221	0.0	0.0	0.0	0.0
OG0002222	0.0	0.0	0.0	0.0
OG0002223	0.0	0.0	0.0	0.0
OG0002224	0.0	0.0	0.0	0.0
OG0002225	0.0	0.0	0.0	0.0
OG0002226	0.0	0.0	0.0	0.0
OG0002227	0.0	0.0	0.0	0.0
OG0002229	0.0	0.0	0.0	0.0
OG0002231	0.0	0.0	0.0	0.0
OG0002232	0.0	0.0	0.0	0.0
OG0002233	0.0	0.0	0.0	0.0
OG0002234	0.0	0.0	0.0	0.0
OG0002235	0.0	0.0	0.0	0.0
OG0002236	0.0	0.0	0.0	0.0
OG0002237	0.0	0.0	0.0	0.0
OG0002239	0.0	0.0	0.0	0.0
OG0002240	0.0	0.0	0.0	0.0
OG0002241	0.0	0.0	0.0	0.0
OG0002242	0.0	0.0	0.0	0.0
OG0002243	0.0	0.0	0.0	0.0
OG0002244	0.0	0.0	0.0	0.0
OG0002245	0.0	0.0	0.0	0.0
OG0002246	0.0	0.0	0.0	0.0
OG0002247	0.0	0.0	0.0	0.0
OG0002248	0.0	0.0	0.0	0.0
OG0002249	0.0	0.0	0.0	0.0
OG0002251	0.0	0.0	0.0	0.0
OG0002252	0.0	0.0	0.0	0.0
OG0002253	0.0	0.0	0.0	0.0
OG0002255	0.0	0.0	0.0	0.0
OG0002256	0.0	0.0	0.0	0.0
OG0002257	0.0	0.0	0.0	0.0
OG0002258	0.0	0.0	0.0	0.0
OG0002259	0.0	0.0	0.0	0.0
OG0002260	0.0	0.0	0.0	0.0
OG0002261	0.0	0.0	0.0	0.0
OG0002262	0.0	0.0	0.0	0.0
OG0002264	0.0	0.0	0.0	0.0
OG0002265	0.0	0.0	0.0	0.0
OG0002266	0.0	0.0	0.0	0.0
OG0002267	0.0	0.0	0.0	0.0
OG0002268	0.0	0.0	0.0	0.0
OG0002269	0.0	0.0	0.0	0.0
OG0002270	0.0	0.0	0.0	0.0
OG0002272	0.0	0.0	0.0	0.0
OG0002273	0.0	0.0	0.0	0.0
OG0002275	0.0	0.0	0.0	0.0
OG0002277	0.0	0.0	0.0	0.0
OG0002278	0.0	0.0	0.0	0.0
OG0002279	0.0	0.0	0.0	0.0
OG0002281	0.0	0.0	0.0	0.0
OG0002282	0.0	0.0	0.0	0.0
OG0002283	0.0	0.0	0.0	0.0
OG0002284	0.0	0.0	0.0	0.0
OG0002285	0.0	0.0	0.0	0.0
OG0002286	0.0	0.0	0.0	0.0
OG0002287	0.0	0.0	0.0	0.0
OG0002289	0.0	0.0	0.0	0.0
OG0002292	0.0	0.0	0.0	0.0
OG0002293	0.0	0.0	0.0	0.0
OG0002294	0.0	0.0	0.0	0.0
OG0002295	0.0	0.0	0.0	0.0
OG0002296	0.0	0.0	0.0	0.0
OG0002297	0.0	0.0	0.0	0.0
OG0002298	0.0	0.0	0.0	0.0
OG0002299	0.0	0.0	0.0	0.0
OG0002300	0.0	0.0	0.0	0.0
OG0002301	0.0	0.0	0.0	0.0
OG0002302	0.0	0.0	0.0	0.0
OG0002303	0.0	0.0	0.0	0.0
OG0002304	0.0	0.0	0.0	0.0
OG0002305	0.0	0.0	0.0	0.0
OG0002306	0.0	0.0	0.0	0.0
OG0002307	0.0	0.0	0.0	0.0
OG0002308	0.0	0.0	0.0	0.0
OG0002309	0.0	0.0	0.0	0.0
OG0002310	0.0	0.0	0.0	0.0
OG0002311	0.0	0.0	0.0	0.0
OG0002312	0.0	0.0	0.0	0.0
OG0002313	0.0	0.0	0.0	0.0
OG0002314	0.0	0.0	0.0	0.0
OG0002315	0.0	0.0	0.0	0.0
OG0002316	0.0	0.0	0.0	0.0
OG0002318	0.0	0.0	0.0	0.0
OG0002319	0.0	0.0	0.0	0.0
OG0002320	0.0	0.0	0.0	0.0
OG0002322	0.0	0.0	0.0	0.0
OG0002323	0.0	0.0	0.0	0.0
OG0002324	0.0	0.0	0.0	0.0
OG0002325	0.0	0.0	0.0	0.0
OG0002326	0.0	0.0	0.0	0.0
OG0002327	0.0	0.0	0.0	0.0
OG0002328	0.0	0.0	0.0	0.0
OG0002329	0.0	0.0	0.0	0.0
OG0002330	0.0	0.0	0.0	0.0
OG0002331	0.0	0.0	0.0	0.0
OG0002332	0.0	0.0	0.0	0.0
OG0002333	0.0	0.0	0.0	0.0
OG0002334	0.0	0.0	0.0	0.0
OG0002335	0.0	0.0	0.0	0.0
OG0002336	0.0	0.0	0.0	0.0
OG0002337	0.0	0.0	0.0	0.0
OG0002338	0.0	0.0	0.0	0.0
OG0002339	0.0	0.0	0.0	0.0
OG0002340	0.0	0.0	0.0	0.0
OG0002341	0.0	0.0	0.0	0.0
OG0002342	0.0	0.0	0.0	0.0
OG0002343	0.0	0.0	0.0	0.0
OG0002344	0.0	0.0	0.0	0.0
OG0002345	0.0	0.0	0.0	0.0
OG0002346	0.0	0.0	0.0	0.0
OG0002347	0.0	0.0	0.0	0.0
OG0002349	0.0	0.0	0.0	0.0
OG0002350	0.0	0.0	0.0	0.0
OG0002351	0.0	0.0	0.0	0.0
OG0002352	0.0	0.0	0.0	0.0
OG0002353	0.0	0.0	0.0	0.0
OG0002354	0.0	0.0	0.0	0.0
OG0002355	0.0	0.0	0.0	0.0
OG0002356	0.0	0.0	0.0	0.0
OG0002357	0.0	0.0	0.0	0.0
OG0002358	0.0	0.0	0.0	0.0
OG0002359	0.0	0.0	0.0	0.0
OG0002360	0.0	0.0	0.0	0.0
OG0002361	0.0	0.0	0.0	0.0
OG0002363	0.0	0.0	0.0	0.0
OG0002364	0.0	0.0	0.0	0.0
OG0002365	0.0	0.0	0.0	0.0
OG0002366	0.0	0.0	0.0	0.0
OG0002367	0.0	0.0	0.0	0.0
OG0002368	0.0	0.0	0.0	0.0
OG0002369	0.0	0.0	0.0	0.0
OG0002370	0.0	0.0	0.0	0.0
OG0002371	0.0	0.0	0.0	0.0
OG0002372	0.0	0.0	0.0	0.0
OG0002373	0.0	0.0	0.0	0.0
OG0002374	0.0	0.0	0.0	0.0
OG0002376	0.0	0.0	0.0	0.0
OG0002377	0.0	0.0	0.0	0.0
OG0002378	0.0	0.0	0.0	0.0
OG0002379	0.0	0.0	0.0	0.0
OG0002380	0.0	0.0	0.0	0.0
OG0002381	0.0	0.0	0.0	0.0
OG0002382	0.0	0.0	0.0	0.0
OG0002383	0.0	0.0	0.0	0.0
OG0002384	0.0	0.0	0.0	0.0
OG0002385	0.0	0.0	0.0	0.0
OG0002386	0.0	0.0	0.0	0.0
OG0002387	0.0	0.0	0.0	0.0
OG0002388	0.0	0.0	0.0	0.0
OG0002390	0.0	0.0	0.0	0.0
OG0002391	0.0	0.0	0.0	0.0
OG0002392	0.0	0.0	0.0	0.0
OG0002393	0.0	0.0	0.0	0.0
OG0002398	0.0	0.0	0.0	0.0
OG0002403	0.0	0.0	0.0	0.0
OG0002405	0.0	0.0	0.0	0.0
OG0002406	0.0	0.0	0.0	0.0
OG0002407	0.0	0.0	0.0	0.0
OG0002408	0.0	0.0	0.0	0.0
OG0002410	0.0	0.0	0.0	0.0
OG0002416	0.0	0.0	0.0	0.0
OG0002421	0.0	0.0	0.0	0.0
OG0002425	0.0	0.0	0.0	0.0
OG0002426	0.0	0.0	0.0	0.0
OG0002427	0.0	0.0	0.0	0.0
OG0002428	0.0	0.0	0.0	0.0
OG0002431	0.0	0.0	0.0	0.0
OG0002432	0.0	0.0	0.0	0.0
OG0002433	0.0	0.0	0.0	0.0
OG0002436	0.0	0.0	0.0	0.0
OG0002437	0.0	0.0	0.0	0.0
OG0002440	0.0	0.0	0.0	0.0
OG0002441	0.0	0.0	0.0	0.0
OG0002442	0.0	0.0	0.0	0.0
OG0002443	0.0	0.0	0.0	0.0
OG0002445	0.0	0.0	0.0	0.0
OG0002446	0.0	0.0	0.0	0.0
OG0002448	0.0	0.0	0.0	0.0
OG0002449	0.0	0.0	0.0	0.0
OG0002452	0.0	0.0	0.0	0.0
OG0002453	0.0	0.0	0.0	0.0
OG0002454	0.0	0.0	0.0	0.0
OG0002456	0.0	0.0	0.0	0.0
OG0002459	0.0	0.0	0.0	0.0
OG0002460	0.0	0.0	0.0	0.0
OG0002461	0.0	0.0	0.0	0.0
OG0002464	0.0	0.0	0.0	0.0
OG0002466	0.0	0.0	0.0	0.0
OG0002468	0.0	0.0	0.0	0.0
OG0002470	0.0	0.0	0.0	0.0
OG0002471	0.0	0.0	0.0	0.0
OG0002472	0.0	0.0	0.0	0.0
OG0002475	0.0	0.0	0.0	0.0
OG0002476	0.0	0.0	0.0	0.0
OG0002478	0.0	0.0	0.0	0.0
OG0002479	0.0	0.0	0.0	0.0
OG0002480	0.0	0.0	0.0	0.0
OG0002481	0.0	0.0	0.0	0.0
OG0002485	0.0	0.0	0.0	0.0
OG0002487	0.0	0.0	0.0	0.0
OG0002488	0.0	0.0	0.0	0.0
OG0002489	0.0	0.0	0.0	0.0
OG0002491	0.0	0.0	0.0	0.0
OG0002493	0.0	0.0	0.0	0.0
OG0002496	0.0	0.0	0.0	0.0
OG0002497	0.0	0.0	0.0	0.0
OG0002499	0.0	0.0	0.0	0.0
OG0002500	0.0	0.0	0.0	0.0
OG0002502	0.0	0.0	0.0	0.0
OG0002504	0.0	0.0	0.0	0.0
OG0002507	0.0	0.0	0.0	0.0
OG0002508	0.0	0.0	0.0	0.0
OG0002509	0.0	0.0	0.0	0.0
OG0002510	0.0	0.0	0.0	0.0
OG0002511	0.0	0.0	0.0	0.0
OG0002512	0.0	0.0	0.0	0.0
OG0002514	0.0	0.0	0.0	0.0
OG0002516	0.0	0.0	0.0	0.0
OG0002517	0.0	0.0	0.0	0.0
OG0002519	0.0	0.0	0.0	0.0
OG0002520	0.0	0.0	0.0	0.0
OG0002521	0.0	0.0	0.0	0.0
OG0002522	0.0	0.0	0.0	0.0
OG0002523	0.0	0.0	0.0	0.0
OG0002526	0.0	0.0	0.0	0.0
OG0002528	0.0	0.0	0.0	0.0
OG0002529	0.0	0.0	0.0	0.0
OG0002531	0.0	0.0	0.0	0.0
OG0002532	0.0	0.0	0.0	0.0
OG0002535	0.0	0.0	0.0	0.0
OG0002536	0.0	0.0	0.0	0.0
OG0002537	0.0	0.0	0.0	0.0
OG0002538	0.0	0.0	0.0	0.0
OG0002539	0.0	0.0	0.0	0.0
OG0002541	0.0	0.0	0.0	0.0
OG0002542	0.0	0.0	0.0	0.0
OG0002545	0.0	0.0	0.0	0.0
OG0002546	0.0	0.0	0.0	0.0
OG0002547	0.0	0.0	0.0	0.0
OG0002550	0.0	0.0	0.0	0.0
OG0002551	0.0	0.0	0.0	0.0
OG0002553	0.0	0.0	0.0	0.0
OG0002554	0.0	0.0	0.0	0.0
OG0002555	0.0	0.0	0.0	0.0
OG0002556	0.0	0.0	0.0	0.0
OG0002559	0.0	0.0	0.0	0.0
OG0002562	0.0	0.0	0.0	0.0
OG0002563	0.0	0.0	0.0	0.0
OG0002564	0.0	0.0	0.0	0.0
OG0002565	0.0	0.0	0.0	0.0
OG0002566	0.0	0.0	0.0	0.0
OG0002571	0.0	0.0	0.0	0.0
OG0002573	0.0	0.0	0.0	0.0
OG0002575	0.0	0.0	0.0	0.0
OG0002576	0.0	0.0	0.0	0.0
OG0002577	0.0	0.0	0.0	0.0
OG0002582	0.0	0.0	0.0	0.0
OG0002584	0.0	0.0	0.0	0.0
OG0002587	0.0	0.0	0.0	0.0
OG0002590	0.0	0.0	0.0	0.0
OG0002591	0.0	0.0	0.0	0.0
OG0002593	0.0	0.0	0.0	0.0
OG0002594	0.0	0.0	0.0	0.0
OG0002596	0.0	0.0	0.0	0.0
OG0002598	0.0	0.0	0.0	0.0
OG0002602	0.0	0.0	0.0	0.0
OG0002603	0.0	0.0	0.0	0.0
OG0002604	0.0	0.0	0.0	0.0
OG0002606	0.0	0.0	0.0	0.0
OG0002608	0.0	0.0	0.0	0.0
OG0002609	0.0	0.0	0.0	0.0
OG0002614	0.0	0.0	0.0	0.0
OG0002615	0.0	0.0	0.0	0.0
OG0002617	0.0	0.0	0.0	0.0
OG0002620	0.0	0.0	0.0	0.0
OG0002621	0.0	0.0	0.0	0.0
OG0002623	0.0	0.0	0.0	0.0
OG0002624	0.0	0.0	0.0	0.0
OG0002626	0.0	0.0	0.0	0.0
OG0002628	0.0	0.0	0.0	0.0
OG0002631	0.0	0.0	0.0	0.0
OG0002633	0.0	0.0	0.0	0.0
OG0002634	0.0	0.0	0.0	0.0
OG0002637	0.0	0.0	0.0	0.0
OG0002639	0.0	0.0	0.0	0.0
OG0002640	0.0	0.0	0.0	0.0
OG0002642	0.0	0.0	0.0	0.0
OG0002645	0.0	0.0	0.0	0.0
OG0002647	0.0	0.0	0.0	0.0
OG0002652	0.0	0.0	0.0	0.0
OG0002654	0.0	0.0	0.0	0.0
OG0002658	0.0	0.0	0.0	0.0
OG0002659	0.0	0.0	0.0	0.0
OG0002660	0.0	0.0	0.0	0.0
OG0002662	0.0	0.0	0.0	0.0
OG0002663	0.0	0.0	0.0	0.0
OG0002666	0.0	0.0	0.0	0.0
OG0002667	0.0	0.0	0.0	0.0
OG0002671	0.0	0.0	0.0	0.0
OG0002672	0.0	0.0	0.0	0.0
OG0002673	0.0	0.0	0.0	0.0
OG0002674	0.0	0.0	0.0	0.0
OG0002677	0.0	0.0	0.0	0.0
OG0002680	0.0	0.0	0.0	0.0
OG0002681	0.0	0.0	0.0	0.0
OG0002682	0.0	0.0	0.0	0.0
OG0002684	0.0	0.0	0.0	0.0
OG0002686	0.0	0.0	0.0	0.0
OG0002687	0.0	0.0	0.0	0.0
OG0002689	0.0	0.0	0.0	0.0
OG0002690	0.0	0.0	0.0	0.0
OG0002691	0.0	0.0	0.0	0.0
OG0002693	0.0	0.0	0.0	0.0
OG0002694	0.0	0.0	0.0	0.0
OG0002695	0.0	0.0	0.0	0.0
OG0002696	0.0	0.0	0.0	0.0
OG0002697	0.0	0.0	0.0	0.0
OG0002699	0.0	0.0	0.0	0.0
OG0002702	0.0	0.0	0.0	0.0
OG0002703	0.0	0.0	0.0	0.0
OG0002704	0.0	0.0	0.0	0.0
OG0002705	0.0	0.0	0.0	0.0
OG0002706	0.0	0.0	0.0	0.0
OG0002707	0.0	0.0	0.0	0.0
OG0002710	0.0	0.0	0.0	0.0
OG0002711	0.0	0.0	0.0	0.0
OG0002712	0.0	0.0	0.0	0.0
OG0002713	0.0	0.0	0.0	0.0
OG0002714	0.0	0.0	0.0	0.0
OG0002716	0.0	0.0	0.0	0.0
OG0002718	0.0	0.0	0.0	0.0
OG0002719	0.0	0.0	0.0	0.0
OG0002721	0.0	0.0	0.0	0.0
OG0002722	0.0	0.0	0.0	0.0
OG0002723	0.0	0.0	0.0	0.0
OG0002728	0.0	0.0	0.0	0.0
OG0002729	0.0	0.0	0.0	0.0
OG0002730	0.0	0.0	0.0	0.0
OG0002731	0.0	0.0	0.0	0.0
OG0002732	0.0	0.0	0.0	0.0
OG0002733	0.0	0.0	0.0	0.0
OG0002734	0.0	0.0	0.0	0.0
OG0002736	0.0	0.0	0.0	0.0
OG0002738	0.0	0.0	0.0	0.0
OG0002739	0.0	0.0	0.0	0.0
OG0002743	0.0	0.0	0.0	0.0
OG0002745	0.0	0.0	0.0	0.0
OG0002746	0.0	0.0	0.0	0.0
OG0002748	0.0	0.0	0.0	0.0
OG0002749	0.0	0.0	0.0	0.0
OG0002751	0.0	0.0	0.0	0.0
OG0002752	0.0	0.0	0.0	0.0
OG0002753	0.0	0.0	0.0	0.0
OG0002762	0.0	0.0	0.0	0.0
OG0002763	0.0	0.0	0.0	0.0
OG0002764	0.0	0.0	0.0	0.0
OG0002769	0.0	0.0	0.0	0.0
OG0002770	0.0	0.0	0.0	0.0
OG0002772	0.0	0.0	0.0	0.0
OG0002773	0.0	0.0	0.0	0.0
OG0002774	0.0	0.0	0.0	0.0
OG0002775	0.0	0.0	0.0	0.0
OG0002776	0.0	0.0	0.0	0.0
OG0002778	0.0	0.0	0.0	0.0
OG0002781	0.0	0.0	0.0	0.0
OG0002788	0.0	0.0	0.0	0.0
OG0002789	0.0	0.0	0.0	0.0
OG0002791	0.0	0.0	0.0	0.0
OG0002792	0.0	0.0	0.0	0.0
OG0002793	0.0	0.0	0.0	0.0
OG0002794	0.0	0.0	0.0	0.0
OG0002795	0.0	0.0	0.0	0.0
OG0002797	0.0	0.0	0.0	0.0
OG0002798	0.0	0.0	0.0	0.0
OG0002800	0.0	0.0	0.0	0.0
OG0002801	0.0	0.0	0.0	0.0
OG0002803	0.0	0.0	0.0	0.0
OG0002804	0.0	0.0	0.0	0.0
OG0002805	0.0	0.0	0.0	0.0
OG0002806	0.0	0.0	0.0	0.0
OG0002807	0.0	0.0	0.0	0.0
OG0002809	0.0	0.0	0.0	0.0
OG0002810	0.0	0.0	0.0	0.0
OG0002811	0.0	0.0	0.0	0.0
OG0002812	0.0	0.0	0.0	0.0
OG0002814	0.0	0.0	0.0	0.0
OG0002817	0.0	0.0	0.0	0.0
OG0002818	0.0	0.0	0.0	0.0
OG0002820	0.0	0.0	0.0	0.0
OG0002821	0.0	0.0	0.0	0.0
OG0002822	0.0	0.0	0.0	0.0
OG0002823	0.0	0.0	0.0	0.0
OG0002825	0.0	0.0	0.0	0.0
OG0002826	0.0	0.0	0.0	0.0
OG0002829	0.0	0.0	0.0	0.0
OG0002830	0.0	0.0	0.0	0.0
OG0002831	0.0	0.0	0.0	0.0
OG0002832	0.0	0.0	0.0	0.0
OG0002833	0.0	0.0	0.0	0.0
OG0002834	0.0	0.0	0.0	0.0
OG0002835	0.0	0.0	0.0	0.0
OG0002836	0.0	0.0	0.0	0.0
OG0002837	0.0	0.0	0.0	0.0
OG0002839	0.0	0.0	0.0	0.0
OG0002840	0.0	0.0	0.0	0.0
OG0002841	0.0	0.0	0.0	0.0
OG0002842	0.0	0.0	0.0	0.0
OG0002843	0.0	0.0	0.0	0.0
OG0002844	0.0	0.0	0.0	0.0
OG0002845	0.0	0.0	0.0	0.0
OG0002846	0.0	0.0	0.0	0.0
OG0002847	0.0	0.0	0.0	0.0
OG0002849	0.0	0.0	0.0	0.0
OG0002850	0.0	0.0	0.0	0.0
OG0002851	0.0	0.0	0.0	0.0
OG0002852	0.0	0.0	0.0	0.0
OG0002854	0.0	0.0	0.0	0.0
OG0002856	0.0	0.0	0.0	0.0
OG0002857	0.0	0.0	0.0	0.0
OG0002858	0.0	0.0	0.0	0.0
OG0002859	0.0	0.0	0.0	0.0
OG0002860	0.0	0.0	0.0	0.0
OG0002861	0.0	0.0	0.0	0.0
OG0002862	0.0	0.0	0.0	0.0
OG0002863	0.0	0.0	0.0	0.0
OG0002864	0.0	0.0	0.0	0.0
OG0002867	0.0	0.0	0.0	0.0
OG0002868	0.0	0.0	0.0	0.0
OG0002869	0.0	0.0	0.0	0.0
OG0002870	0.0	0.0	0.0	0.0
OG0002871	0.0	0.0	0.0	0.0
OG0002872	0.0	0.0	0.0	0.0
OG0002873	0.0	0.0	0.0	0.0
OG0002874	0.0	0.0	0.0	0.0
OG0002875	0.0	0.0	0.0	0.0
OG0002876	0.0	0.0	0.0	0.0
OG0002877	0.0	0.0	0.0	0.0
OG0002878	0.0	0.0	0.0	0.0
OG0002879	0.0	0.0	0.0	0.0
OG0002880	0.0	0.0	0.0	0.0
OG0002884	0.0	0.0	0.0	0.0
OG0002885	0.0	0.0	0.0	0.0
OG0002886	0.0	0.0	0.0	0.0
OG0002887	0.0	0.0	0.0	0.0
OG0002889	0.0	0.0	0.0	0.0
OG0002891	0.0	0.0	0.0	0.0
OG0002893	0.0	0.0	0.0	0.0
OG0002894	0.0	0.0	0.0	0.0
OG0002895	0.0	0.0	0.0	0.0
OG0002896	0.0	0.0	0.0	0.0
OG0002899	0.0	0.0	0.0	0.0
OG0002901	0.0	0.0	0.0	0.0
OG0002902	0.0	0.0	0.0	0.0
OG0002904	0.0	0.0	0.0	0.0
OG0002906	0.0	0.0	0.0	0.0
OG0002907	0.0	0.0	0.0	0.0
OG0002908	0.0	0.0	0.0	0.0
OG0002909	0.0	0.0	0.0	0.0
OG0002910	0.0	0.0	0.0	0.0
OG0002913	0.0	0.0	0.0	0.0
OG0002914	0.0	0.0	0.0	0.0
OG0002915	0.0	0.0	0.0	0.0
OG0002916	0.0	0.0	0.0	0.0
OG0002917	0.0	0.0	0.0	0.0
OG0002919	0.0	0.0	0.0	0.0
OG0002920	0.0	0.0	0.0	0.0
OG0002921	0.0	0.0	0.0	0.0
OG0002922	0.0	0.0	0.0	0.0
OG0002923	0.0	0.0	0.0	0.0
OG0002924	0.0	0.0	0.0	0.0
OG0002925	0.0	0.0	0.0	0.0
OG0002926	0.0	0.0	0.0	0.0
OG0002927	0.0	0.0	0.0	0.0
OG0002928	0.0	0.0	0.0	0.0
OG0002929	0.0	0.0	0.0	0.0
OG0002930	0.0	0.0	0.0	0.0
OG0002931	0.0	0.0	0.0	0.0
OG0002932	0.0	0.0	0.0	0.0
OG0002933	0.0	0.0	0.0	0.0
OG0002934	0.0	0.0	0.0	0.0
OG0002935	0.0	0.0	0.0	0.0
OG0002936	0.0	0.0	0.0	0.0
OG0002937	0.0	0.0	0.0	0.0
OG0002938	0.0	0.0	0.0	0.0
OG0002939	0.0	0.0	0.0	0.0
OG0002940	0.0	0.0	0.0	0.0
OG0002942	0.0	0.0	0.0	0.0
OG0002943	0.0	0.0	0.0	0.0
OG0002944	0.0	0.0	0.0	0.0
OG0002946	0.0	0.0	0.0	0.0
OG0002951	0.0	0.0	0.0	0.0
OG0002953	0.0	0.0	0.0	0.0
OG0002954	0.0	0.0	0.0	0.0
OG0002955	0.0	0.0	0.0	0.0
OG0002956	0.0	0.0	0.0	0.0
OG0002957	0.0	0.0	0.0	0.0
OG0002959	0.0	0.0	0.0	0.0
OG0002960	0.0	0.0	0.0	0.0
OG0002961	0.0	0.0	0.0	0.0
OG0002962	0.0	0.0	0.0	0.0
OG0002963	0.0	0.0	0.0	0.0
OG0002964	0.0	0.0	0.0	0.0
OG0002965	0.0	0.0	0.0	0.0
OG0002966	0.0	0.0	0.0	0.0
OG0002967	0.0	0.0	0.0	0.0
OG0002969	0.0	0.0	0.0	0.0
OG0002971	0.0	0.0	0.0	0.0
OG0002972	0.0	0.0	0.0	0.0
OG0002975	0.0	0.0	0.0	0.0
OG0002976	0.0	0.0	0.0	0.0
OG0002977	0.0	0.0	0.0	0.0
OG0002978	0.0	0.0	0.0	0.0
OG0002979	0.0	0.0	0.0	0.0
OG0002980	0.0	0.0	0.0	0.0
OG0002983	0.0	0.0	0.0	0.0
OG0002993	0.0	0.0	0.0	0.0
OG0002995	0.0	0.0	0.0	0.0
OG0002997	0.0	0.0	0.0	0.0
OG0003001	0.0	0.0	0.0	0.0
OG0003004	0.0	0.0	0.0	0.0
OG0003006	0.0	0.0	0.0	0.0
OG0003007	0.0	0.0	0.0	0.0
OG0003009	0.0	0.0	0.0	0.0
OG0003011	0.0	0.0	0.0	0.0
OG0003015	0.0	0.0	0.0	0.0
OG0003016	0.0	0.0	0.0	0.0
OG0003017	0.0	0.0	0.0	0.0
OG0003018	0.0	0.0	0.0	0.0
OG0003019	0.0	0.0	0.0	0.0
OG0003023	0.0	0.0	0.0	0.0
OG0003025	0.0	0.0	0.0	0.0
OG0003027	0.0	0.0	0.0	0.0
OG0003030	0.0	0.0	0.0	0.0
OG0003032	0.0	0.0	0.0	0.0
OG0003034	0.0	0.0	0.0	0.0
OG0003035	0.0	0.0	0.0	0.0
OG0003037	0.0	0.0	0.0	0.0
OG0003038	0.0	0.0	0.0	0.0
OG0003039	0.0	0.0	0.0	0.0
OG0003041	0.0	0.0	0.0	0.0
OG0003043	0.0	0.0	0.0	0.0
OG0003044	0.0	0.0	0.0	0.0
OG0003047	0.0	0.0	0.0	0.0
OG0003048	0.0	0.0	0.0	0.0
OG0003049	0.0	0.0	0.0	0.0
OG0003050	0.0	0.0	0.0	0.0
OG0003053	0.0	0.0	0.0	0.0
OG0003054	0.0	0.0	0.0	0.0
OG0003055	0.0	0.0	0.0	0.0
OG0003057	0.0	0.0	0.0	0.0
OG0003058	0.0	0.0	0.0	0.0
OG0003060	0.0	0.0	0.0	0.0
OG0003061	0.0	0.0	0.0	0.0
OG0003063	0.0	0.0	0.0	0.0
OG0003066	0.0	0.0	0.0	0.0
OG0003070	0.0	0.0	0.0	0.0
OG0003071	0.0	0.0	0.0	0.0
OG0003072	0.0	0.0	0.0	0.0
OG0003075	0.0	0.0	0.0	0.0
OG0003076	0.0	0.0	0.0	0.0
OG0003080	0.0	0.0	0.0	0.0
OG0003081	0.0	0.0	0.0	0.0
OG0003082	0.0	0.0	0.0	0.0
OG0003085	0.0	0.0	0.0	0.0
OG0003087	0.0	0.0	0.0	0.0
OG0003088	0.0	0.0	0.0	0.0
OG0003089	0.0	0.0	0.0	0.0
OG0003092	0.0	0.0	0.0	0.0
OG0003094	0.0	0.0	0.0	0.0
OG0003095	0.0	0.0	0.0	0.0
OG0003096	0.0	0.0	0.0	0.0
OG0003100	0.0	0.0	0.0	0.0
OG0003101	0.0	0.0	0.0	0.0
OG0003102	0.0	0.0	0.0	0.0
OG0003103	0.0	0.0	0.0	0.0
OG0003104	0.0	0.0	0.0	0.0
OG0003107	0.0	0.0	0.0	0.0
OG0003108	0.0	0.0	0.0	0.0
OG0003109	0.0	0.0	0.0	0.0
OG0003110	0.0	0.0	0.0	0.0
OG0003113	0.0	0.0	0.0	0.0
OG0003114	0.0	0.0	0.0	0.0
OG0003116	0.0	0.0	0.0	0.0
OG0003121	0.0	0.0	0.0	0.0
OG0003124	0.0	0.0	0.0	0.0
OG0003127	0.0	0.0	0.0	0.0
OG0003128	0.0	0.0	0.0	0.0
OG0003129	0.0	0.0	0.0	0.0
OG0003132	0.0	0.0	0.0	0.0
OG0003133	0.0	0.0	0.0	0.0
OG0003137	0.0	0.0	0.0	0.0
OG0003145	0.0	0.0	0.0	0.0
OG0003151	0.0	0.0	0.0	0.0
OG0003152	0.0	0.0	0.0	0.0
OG0003155	0.0	0.0	0.0	0.0
OG0003156	0.0	0.0	0.0	0.0
OG0003157	0.0	0.0	0.0	0.0
OG0003158	0.0	0.0	0.0	0.0
OG0003161	0.0	0.0	0.0	0.0
OG0003169	0.0	0.0	0.0	0.0
OG0003171	0.0	0.0	0.0	0.0
OG0003174	0.0	0.0	0.0	0.0
OG0003175	0.0	0.0	0.0	0.0
OG0003176	0.0	0.0	0.0	0.0
OG0003177	0.0	0.0	0.0	0.0
OG0003179	0.0	0.0	0.0	0.0
OG0003184	0.0	0.0	0.0	0.0
OG0003190	0.0	0.0	0.0	0.0
OG0003193	0.0	0.0	0.0	0.0
OG0003195	0.0	0.0	0.0	0.0
OG0003196	0.0	0.0	0.0	0.0
OG0003199	0.0	0.0	0.0	0.0
OG0003204	0.0	0.0	0.0	0.0
OG0003205	0.0	0.0	0.0	0.0
OG0003207	0.0	0.0	0.0	0.0
OG0003209	0.0	0.0	0.0	0.0
OG0003210	0.0	0.0	0.0	0.0
OG0003211	0.0	0.0	0.0	0.0
OG0003214	0.0	0.0	0.0	0.0
OG0003216	0.0	0.0	0.0	0.0
OG0003220	0.0	0.0	0.0	0.0
OG0003223	0.0	0.0	0.0	0.0
OG0003226	0.0	0.0	0.0	0.0
OG0003228	0.0	0.0	0.0	0.0
OG0003229	0.0	0.0	0.0	0.0
OG0003234	0.0	0.0	0.0	0.0
OG0003236	0.0	0.0	0.0	0.0
OG0003237	0.0	0.0	0.0	0.0
OG0003239	0.0	0.0	0.0	0.0
OG0003241	0.0	0.0	0.0	0.0
OG0003243	0.0	0.0	0.0	0.0
OG0003245	0.0	0.0	0.0	0.0
OG0003247	0.0	0.0	0.0	0.0
OG0003250	0.0	0.0	0.0	0.0
OG0003253	0.0	0.0	0.0	0.0
OG0003255	0.0	0.0	0.0	0.0
OG0003256	0.0	0.0	0.0	0.0
OG0003257	0.0	0.0	0.0	0.0
OG0003258	0.0	0.0	0.0	0.0
OG0003259	0.0	0.0	0.0	0.0
OG0003263	0.0	0.0	0.0	0.0
OG0003269	0.0	0.0	0.0	0.0
OG0003278	0.0	0.0	0.0	0.0
OG0003282	0.0	0.0	0.0	0.0
OG0003283	0.0	0.0	0.0	0.0
OG0003285	0.0	0.0	0.0	0.0
OG0003286	0.0	0.0	0.0	0.0
OG0003288	0.0	0.0	0.0	0.0
OG0003289	0.0	0.0	0.0	0.0
OG0003294	0.0	0.0	0.0	0.0
OG0003296	0.0	0.0	0.0	0.0
OG0003300	0.0	0.0	0.0	0.0
OG0003303	0.0	0.0	0.0	0.0
OG0003306	0.0	0.0	0.0	0.0
OG0003307	0.0	0.0	0.0	0.0
OG0003309	0.0	0.0	0.0	0.0
OG0003311	0.0	0.0	0.0	0.0
OG0003313	0.0	0.0	0.0	0.0
OG0003314	0.0	0.0	0.0	0.0
OG0003316	0.0	0.0	0.0	0.0
OG0003317	0.0	0.0	0.0	0.0
OG0003318	0.0	0.0	0.0	0.0
OG0003322	0.0	0.0	0.0	0.0
OG0003324	0.0	0.0	0.0	0.0
OG0003325	0.0	0.0	0.0	0.0
OG0003330	0.0	0.0	0.0	0.0
OG0003334	0.0	0.0	0.0	0.0
OG0003337	0.0	0.0	0.0	0.0
OG0003340	0.0	0.0	0.0	0.0
OG0003341	0.0	0.0	0.0	0.0
OG0003342	0.0	0.0	0.0	0.0
OG0003343	0.0	0.0	0.0	0.0
OG0003345	0.0	0.0	0.0	0.0
OG0003347	0.0	0.0	0.0	0.0
OG0003348	0.0	0.0	0.0	0.0
OG0003349	0.0	0.0	0.0	0.0
OG0003354	0.0	0.0	0.0	0.0
OG0003356	0.0	0.0	0.0	0.0
OG0003361	0.0	0.0	0.0	0.0
OG0003362	0.0	0.0	0.0	0.0
OG0003367	0.0	0.0	0.0	0.0
OG0003371	0.0	0.0	0.0	0.0
OG0003372	0.0	0.0	0.0	0.0
OG0003377	0.0	0.0	0.0	0.0
OG0003379	0.0	0.0	0.0	0.0
OG0003381	0.0	0.0	0.0	0.0
OG0003395	0.0	0.0	0.0	0.0
OG0003402	0.0	0.0	0.0	0.0
OG0003409	0.0	0.0	0.0	0.0
OG0003413	0.0	0.0	0.0	0.0
OG0003421	0.0	0.0	0.0	0.0
OG0003429	0.0	0.0	0.0	0.0
OG0003430	0.0	0.0	0.0	0.0
OG0003436	0.0	0.0	0.0	0.0
OG0003438	0.0	0.0	0.0	0.0
OG0003440	0.0	0.0	0.0	0.0
OG0003441	0.0	0.0	0.0	0.0
OG0003443	0.0	0.0	0.0	0.0
OG0003444	0.0	0.0	0.0	0.0
OG0003449	0.0	0.0	0.0	0.0
OG0003451	0.0	0.0	0.0	0.0
OG0003452	0.0	0.0	0.0	0.0
OG0003453	0.0	0.0	0.0	0.0
OG0003457	0.0	0.0	0.0	0.0
OG0003465	0.0	0.0	0.0	0.0
OG0003480	0.0	0.0	0.0	0.0
OG0003481	0.0	0.0	0.0	0.0
OG0003491	0.0	0.0	0.0	0.0
OG0003496	0.0	0.0	0.0	0.0
OG0003497	0.0	0.0	0.0	0.0
OG0003499	0.0	0.0	0.0	0.0
OG0003502	0.0	0.0	0.0	0.0
OG0003504	0.0	0.0	0.0	0.0
OG0003507	0.0	0.0	0.0	0.0
OG0003512	0.0	0.0	0.0	0.0
OG0003528	0.0	0.0	0.0	0.0
OG0003529	0.0	0.0	0.0	0.0
OG0003530	0.0	0.0	0.0	0.0
OG0003535	0.0	0.0	0.0	0.0
OG0003536	0.0	0.0	0.0	0.0
OG0003537	0.0	0.0	0.0	0.0
OG0003539	0.0	0.0	0.0	0.0
OG0003540	0.0	0.0	0.0	0.0
OG0003541	0.0	0.0	0.0	0.0
OG0003542	0.0	0.0	0.0	0.0
OG0003544	0.0	0.0	0.0	0.0
OG0003545	0.0	0.0	0.0	0.0
OG0003547	0.0	0.0	0.0	0.0
OG0003549	0.0	0.0	0.0	0.0
OG0003555	0.0	0.0	0.0	0.0
OG0003556	0.0	0.0	0.0	0.0
OG0003558	0.0	0.0	0.0	0.0
OG0003559	0.0	0.0	0.0	0.0
OG0003564	0.0	0.0	0.0	0.0
OG0003589	0.0	0.0	0.0	0.0
OG0003591	0.0	0.0	0.0	0.0
OG0003594	0.0	0.0	0.0	0.0
OG0003595	0.0	0.0	0.0	0.0
OG0003605	0.0	0.0	0.0	0.0
OG0003609	0.0	0.0	0.0	0.0
OG0003619	0.0	0.0	0.0	0.0
OG0003622	0.0	0.0	0.0	0.0
OG0003627	0.0	0.0	0.0	0.0
OG0003628	0.0	0.0	0.0	0.0
OG0003637	0.0	0.0	0.0	0.0
OG0003643	0.0	0.0	0.0	0.0
OG0003644	0.0	0.0	0.0	0.0
OG0003645	0.0	0.0	0.0	0.0
OG0003647	0.0	0.0	0.0	0.0
OG0003651	0.0	0.0	0.0	0.0
OG0003652	0.0	0.0	0.0	0.0
OG0003653	0.0	0.0	0.0	0.0
OG0003661	0.0	0.0	0.0	0.0
OG0003662	0.0	0.0	0.0	0.0
OG0003671	0.0	0.0	0.0	0.0
OG0003674	0.0	0.0	0.0	0.0
OG0003677	0.0	0.0	0.0	0.0
OG0003682	0.0	0.0	0.0	0.0
OG0003685	0.0	0.0	0.0	0.0
OG0003687	0.0	0.0	0.0	0.0
OG0003691	0.0	0.0	0.0	0.0
OG0003692	0.0	0.0	0.0	0.0
OG0003693	0.0	0.0	0.0	0.0
OG0003695	0.0	0.0	0.0	0.0
OG0003697	0.0	0.0	0.0	0.0
OG0003700	0.0	0.0	0.0	0.0
OG0003701	0.0	0.0	0.0	0.0
OG0003702	0.0	0.0	0.0	0.0
OG0003716	0.0	0.0	0.0	0.0
OG0003719	0.0	0.0	0.0	0.0
OG0003723	0.0	0.0	0.0	0.0
OG0003724	0.0	0.0	0.0	0.0
OG0003728	0.0	0.0	0.0	0.0
OG0003729	0.0	0.0	0.0	0.0
OG0003735	0.0	0.0	0.0	0.0
OG0003741	0.0	0.0	0.0	0.0
OG0003745	0.0	0.0	0.0	0.0
OG0003749	0.0	0.0	0.0	0.0
OG0003751	0.0	0.0	0.0	0.0
OG0003753	0.0	0.0	0.0	0.0
OG0003761	0.0	0.0	0.0	0.0
OG0003762	0.0	0.0	0.0	0.0
OG0003770	0.0	0.0	0.0	0.0
OG0003779	0.0	0.0	0.0	0.0
OG0003780	0.0	0.0	0.0	0.0
OG0003781	0.0	0.0	0.0	0.0
OG0003784	0.0	0.0	0.0	0.0
OG0003788	0.0	0.0	0.0	0.0
OG0003789	0.0	0.0	0.0	0.0
OG0003796	0.0	0.0	0.0	0.0
OG0003799	0.0	0.0	0.0	0.0
OG0003807	0.0	0.0	0.0	0.0
OG0003815	0.0	0.0	0.0	0.0
OG0003821	0.0	0.0	0.0	0.0
OG0003822	0.0	0.0	0.0	0.0
OG0003825	0.0	0.0	0.0	0.0
OG0003838	0.0	0.0	0.0	0.0
OG0003839	0.0	0.0	0.0	0.0
OG0003841	0.0	0.0	0.0	0.0
OG0003845	0.0	0.0	0.0	0.0
OG0003851	0.0	0.0	0.0	0.0
OG0003857	0.0	0.0	0.0	0.0
OG0003868	0.0	0.0	0.0	0.0
OG0003872	0.0	0.0	0.0	0.0
OG0003873	0.0	0.0	0.0	0.0
OG0003874	0.0	0.0	0.0	0.0
OG0003875	0.0	0.0	0.0	0.0
OG0003880	0.0	0.0	0.0	0.0
OG0003884	0.0	0.0	0.0	0.0
OG0003891	0.0	0.0	0.0	0.0
OG0003892	0.0	0.0	0.0	0.0
OG0003900	0.0	0.0	0.0	0.0
OG0003902	0.0	0.0	0.0	0.0
OG0003905	0.0	0.0	0.0	0.0
OG0003906	0.0	0.0	0.0	0.0
OG0003909	0.0	0.0	0.0	0.0
OG0003917	0.0	0.0	0.0	0.0
OG0003922	0.0	0.0	0.0	0.0
OG0003923	0.0	0.0	0.0	0.0
OG0003926	0.0	0.0	0.0	0.0
OG0003933	0.0	0.0	0.0	0.0
OG0003938	0.0	0.0	0.0	0.0
OG0003940	0.0	0.0	0.0	0.0
OG0003944	0.0	0.0	0.0	0.0
OG0003946	0.0	0.0	0.0	0.0
OG0003950	0.0	0.0	0.0	0.0
OG0003954	0.0	0.0	0.0	0.0
OG0003958	0.0	0.0	0.0	0.0
OG0003979	0.0	0.0	0.0	0.0
OG0003980	0.0	0.0	0.0	0.0
OG0003993	0.0	0.0	0.0	0.0
OG0003996	0.0	0.0	0.0	0.0
OG0003997	0.0	0.0	0.0	0.0
OG0004008	0.0	0.0	0.0	0.0
OG0004010	0.0	0.0	0.0	0.0
OG0004017	0.0	0.0	0.0	0.0
OG0004019	0.0	0.0	0.0	0.0
OG0004021	0.0	0.0	0.0	0.0
OG0004027	0.0	0.0	0.0	0.0
OG0004033	0.0	0.0	0.0	0.0
OG0004035	0.0	0.0	0.0	0.0
OG0004040	0.0	0.0	0.0	0.0
OG0004050	0.0	0.0	0.0	0.0
OG0004058	0.0	0.0	0.0	0.0
OG0004063	0.0	0.0	0.0	0.0
OG0004064	0.0	0.0	0.0	0.0
OG0004068	0.0	0.0	0.0	0.0
OG0004081	0.0	0.0	0.0	0.0
OG0004084	0.0	0.0	0.0	0.0
OG0004087	0.0	0.0	0.0	0.0
OG0004090	0.0	0.0	0.0	0.0
OG0004093	0.0	0.0	0.0	0.0
OG0004099	0.0	0.0	0.0	0.0
OG0004104	0.0	0.0	0.0	0.0
OG0004108	0.0	0.0	0.0	0.0
OG0004109	0.0	0.0	0.0	0.0
OG0004122	0.0	0.0	0.0	0.0
OG0004127	0.0	0.0	0.0	0.0
OG0004129	0.0	0.0	0.0	0.0
OG0004136	0.0	0.0	0.0	0.0
OG0004140	0.0	0.0	0.0	0.0
OG0004141	0.0	0.0	0.0	0.0
OG0004144	0.0	0.0	0.0	0.0
OG0004145	0.0	0.0	0.0	0.0
OG0004153	0.0	0.0	0.0	0.0
OG0004155	0.0	0.0	0.0	0.0
OG0004160	0.0	0.0	0.0	0.0
OG0004166	0.0	0.0	0.0	0.0
OG0004172	0.0	0.0	0.0	0.0
OG0004181	0.0	0.0	0.0	0.0
OG0004187	0.0	0.0	0.0	0.0
OG0004188	0.0	0.0	0.0	0.0
OG0004189	0.0	0.0	0.0	0.0
OG0004193	0.0	0.0	0.0	0.0
OG0004197	0.0	0.0	0.0	0.0
OG0004203	0.0	0.0	0.0	0.0
OG0004204	0.0	0.0	0.0	0.0
OG0004208	0.0	0.0	0.0	0.0
OG0004209	0.0	0.0	0.0	0.0
OG0004214	0.0	0.0	0.0	0.0
OG0004217	0.0	0.0	0.0	0.0
OG0004223	0.0	0.0	0.0	0.0
OG0004234	0.0	0.0	0.0	0.0
OG0004236	0.0	0.0	0.0	0.0
OG0004240	0.0	0.0	0.0	0.0
OG0004243	0.0	0.0	0.0	0.0
OG0004245	0.0	0.0	0.0	0.0
OG0004246	0.0	0.0	0.0	0.0
OG0004248	0.0	0.0	0.0	0.0
OG0004249	0.0	0.0	0.0	0.0
OG0004253	0.0	0.0	0.0	0.0
OG0004258	0.0	0.0	0.0	0.0
OG0004259	0.0	0.0	0.0	0.0
OG0004269	0.0	0.0	0.0	0.0
OG0004272	0.0	0.0	0.0	0.0
OG0004275	0.0	0.0	0.0	0.0
OG0004276	0.0	0.0	0.0	0.0
OG0004277	0.0	0.0	0.0	0.0
OG0004278	0.0	0.0	0.0	0.0
OG0004284	0.0	0.0	0.0	0.0
OG0004286	0.0	0.0	0.0	0.0
OG0004287	0.0	0.0	0.0	0.0
OG0004290	0.0	0.0	0.0	0.0
OG0004294	0.0	0.0	0.0	0.0
OG0004303	0.0	0.0	0.0	0.0
OG0004305	0.0	0.0	0.0	0.0
OG0004310	0.0	0.0	0.0	0.0
OG0004311	0.0	0.0	0.0	0.0
OG0004312	0.0	0.0	0.0	0.0
OG0004314	0.0	0.0	0.0	0.0
OG0004324	0.0	0.0	0.0	0.0
OG0004340	0.0	0.0	0.0	0.0
OG0004346	0.0	0.0	0.0	0.0
OG0004347	0.0	0.0	0.0	0.0
OG0004352	0.0	0.0	0.0	0.0
OG0004354	0.0	0.0	0.0	0.0
OG0004357	0.0	0.0	0.0	0.0
OG0004358	0.0	0.0	0.0	0.0
OG0004359	0.0	0.0	0.0	0.0
OG0004366	0.0	0.0	0.0	0.0
OG0004374	0.0	0.0	0.0	0.0
OG0004378	0.0	0.0	0.0	0.0
OG0004397	0.0	0.0	0.0	0.0
OG0004399	0.0	0.0	0.0	0.0
OG0004403	0.0	0.0	0.0	0.0
OG0004406	0.0	0.0	0.0	0.0
OG0004413	0.0	0.0	0.0	0.0
OG0004414	0.0	0.0	0.0	0.0
OG0004415	0.0	0.0	0.0	0.0
OG0004420	0.0	0.0	0.0	0.0
OG0004422	0.0	0.0	0.0	0.0
OG0004423	0.0	0.0	0.0	0.0
OG0004425	0.0	0.0	0.0	0.0
OG0004434	0.0	0.0	0.0	0.0
OG0004436	0.0	0.0	0.0	0.0
OG0004440	0.0	0.0	0.0	0.0
OG0004449	0.0	0.0	0.0	0.0
OG0004456	0.0	0.0	0.0	0.0
OG0004459	0.0	0.0	0.0	0.0
OG0004461	0.0	0.0	0.0	0.0
OG0004462	0.0	0.0	0.0	0.0
OG0004468	0.0	0.0	0.0	0.0
OG0004469	0.0	0.0	0.0	0.0
OG0004470	0.0	0.0	0.0	0.0
OG0004473	0.0	0.0	0.0	0.0
OG0004474	0.0	0.0	0.0	0.0
OG0004475	0.0	0.0	0.0	0.0
OG0004477	0.0	0.0	0.0	0.0
OG0004482	0.0	0.0	0.0	0.0
OG0004483	0.0	0.0	0.0	0.0
OG0004484	0.0	0.0	0.0	0.0
OG0004488	0.0	0.0	0.0	0.0
OG0004495	0.0	0.0	0.0	0.0
OG0004503	0.0	0.0	0.0	0.0
OG0004507	0.0	0.0	0.0	0.0
OG0004510	0.0	0.0	0.0	0.0
OG0004515	0.0	0.0	0.0	0.0
OG0004517	0.0	0.0	0.0	0.0
OG0004529	0.0	0.0	0.0	0.0
OG0004530	0.0	0.0	0.0	0.0
OG0004533	0.0	0.0	0.0	0.0
OG0004534	0.0	0.0	0.0	0.0
OG0004536	0.0	0.0	0.0	0.0
OG0004538	0.0	0.0	0.0	0.0
OG0004539	0.0	0.0	0.0	0.0
OG0004540	0.0	0.0	0.0	0.0
OG0004547	0.0	0.0	0.0	0.0
OG0004552	0.0	0.0	0.0	0.0
OG0004553	0.0	0.0	0.0	0.0
OG0004556	0.0	0.0	0.0	0.0
OG0004562	0.0	0.0	0.0	0.0
OG0004564	0.0	0.0	0.0	0.0
OG0004566	0.0	0.0	0.0	0.0
OG0004569	0.0	0.0	0.0	0.0
OG0004570	0.0	0.0	0.0	0.0
OG0004573	0.0	0.0	0.0	0.0
OG0004574	0.0	0.0	0.0	0.0
OG0004579	0.0	0.0	0.0	0.0
OG0004580	0.0	0.0	0.0	0.0
OG0004585	0.0	0.0	0.0	0.0
OG0004592	0.0	0.0	0.0	0.0
OG0004598	0.0	0.0	0.0	0.0
OG0004599	0.0	0.0	0.0	0.0
OG0004600	0.0	0.0	0.0	0.0
OG0004601	0.0	0.0	0.0	0.0
OG0004602	0.0	0.0	0.0	0.0
OG0004610	0.0	0.0	0.0	0.0
OG0004615	0.0	0.0	0.0	0.0
OG0004619	0.0	0.0	0.0	0.0
OG0004620	0.0	0.0	0.0	0.0
OG0004622	0.0	0.0	0.0	0.0
OG0004627	0.0	0.0	0.0	0.0
OG0004634	0.0	0.0	0.0	0.0
OG0004636	0.0	0.0	0.0	0.0
OG0004640	0.0	0.0	0.0	0.0
OG0004644	0.0	0.0	0.0	0.0
OG0004663	0.0	0.0	0.0	0.0
OG0004666	0.0	0.0	0.0	0.0
OG0004672	0.0	0.0	0.0	0.0
OG0004673	0.0	0.0	0.0	0.0
OG0004674	0.0	0.0	0.0	0.0
OG0004676	0.0	0.0	0.0	0.0
OG0004680	0.0	0.0	0.0	0.0
OG0004681	0.0	0.0	0.0	0.0
OG0004682	0.0	0.0	0.0	0.0
OG0004683	0.0	0.0	0.0	0.0
OG0004684	0.0	0.0	0.0	0.0
OG0004690	0.0	0.0	0.0	0.0
OG0004693	0.0	0.0	0.0	0.0
OG0004697	0.0	0.0	0.0	0.0
OG0004698	0.0	0.0	0.0	0.0
OG0004699	0.0	0.0	0.0	0.0
OG0004701	0.0	0.0	0.0	0.0
OG0004702	0.0	0.0	0.0	0.0
OG0004704	0.0	0.0	0.0	0.0
OG0004708	0.0	0.0	0.0	0.0
OG0004717	0.0	0.0	0.0	0.0
OG0004723	0.0	0.0	0.0	0.0
OG0004725	0.0	0.0	0.0	0.0
OG0004726	0.0	0.0	0.0	0.0
OG0004732	0.0	0.0	0.0	0.0
OG0004734	0.0	0.0	0.0	0.0
OG0004737	0.0	0.0	0.0	0.0
OG0004740	0.0	0.0	0.0	0.0
OG0004742	0.0	0.0	0.0	0.0
OG0004745	0.0	0.0	0.0	0.0
OG0004747	0.0	0.0	0.0	0.0
OG0004749	0.0	0.0	0.0	0.0
OG0004752	0.0	0.0	0.0	0.0
OG0004753	0.0	0.0	0.0	0.0
OG0004757	0.0	0.0	0.0	0.0
OG0004760	0.0	0.0	0.0	0.0
OG0004762	0.0	0.0	0.0	0.0
OG0004765	0.0	0.0	0.0	0.0
OG0004771	0.0	0.0	0.0	0.0
OG0004772	0.0	0.0	0.0	0.0
OG0004779	0.0	0.0	0.0	0.0
OG0004782	0.0	0.0	0.0	0.0
OG0004785	0.0	0.0	0.0	0.0
OG0004788	0.0	0.0	0.0	0.0
OG0004792	0.0	0.0	0.0	0.0
OG0004794	0.0	0.0	0.0	0.0
OG0004797	0.0	0.0	0.0	0.0
OG0004800	0.0	0.0	0.0	0.0
OG0004802	0.0	0.0	0.0	0.0
OG0004803	0.0	0.0	0.0	0.0
OG0004811	0.0	0.0	0.0	0.0
OG0004815	0.0	0.0	0.0	0.0
OG0004817	0.0	0.0	0.0	0.0
OG0004822	0.0	0.0	0.0	0.0
OG0004824	0.0	0.0	0.0	0.0
OG0004825	0.0	0.0	0.0	0.0
OG0004829	0.0	0.0	0.0	0.0
OG0004831	0.0	0.0	0.0	0.0
OG0004832	0.0	0.0	0.0	0.0
OG0004833	0.0	0.0	0.0	0.0
OG0004838	0.0	0.0	0.0	0.0
OG0004841	0.0	0.0	0.0	0.0
OG0004843	0.0	0.0	0.0	0.0
OG0004846	0.0	0.0	0.0	0.0
OG0004848	0.0	0.0	0.0	0.0
OG0004850	0.0	0.0	0.0	0.0
OG0004851	0.0	0.0	0.0	0.0
OG0004853	0.0	0.0	0.0	0.0
OG0004856	0.0	0.0	0.0	0.0
OG0004857	0.0	0.0	0.0	0.0
OG0004858	0.0	0.0	0.0	0.0
OG0004859	0.0	0.0	0.0	0.0
OG0004862	0.0	0.0	0.0	0.0
OG0004863	0.0	0.0	0.0	0.0
OG0004879	0.0	0.0	0.0	0.0
OG0004880	0.0	0.0	0.0	0.0
OG0004883	0.0	0.0	0.0	0.0
OG0004884	0.0	0.0	0.0	0.0
OG0004885	0.0	0.0	0.0	0.0
OG0004887	0.0	0.0	0.0	0.0
OG0004892	0.0	0.0	0.0	0.0
OG0004894	0.0	0.0	0.0	0.0
OG0004899	0.0	0.0	0.0	0.0
OG0004901	0.0	0.0	0.0	0.0
OG0004903	0.0	0.0	0.0	0.0
OG0004905	0.0	0.0	0.0	0.0
OG0004906	0.0	0.0	0.0	0.0
OG0004909	0.0	0.0	0.0	0.0
OG0004911	0.0	0.0	0.0	0.0
OG0004913	0.0	0.0	0.0	0.0
OG0004915	0.0	0.0	0.0	0.0
OG0004921	0.0	0.0	0.0	0.0
OG0004924	0.0	0.0	0.0	0.0
OG0004929	0.0	0.0	0.0	0.0
OG0004934	0.0	0.0	0.0	0.0
OG0004941	0.0	0.0	0.0	0.0
OG0004942	0.0	0.0	0.0	0.0
OG0004945	0.0	0.0	0.0	0.0
OG0004952	0.0	0.0	0.0	0.0
OG0004954	0.0	0.0	0.0	0.0
OG0004959	0.0	0.0	0.0	0.0
OG0004962	0.0	0.0	0.0	0.0
OG0004965	0.0	0.0	0.0	0.0
OG0004966	0.0	0.0	0.0	0.0
OG0004967	0.0	0.0	0.0	0.0
OG0004968	0.0	0.0	0.0	0.0
OG0004977	0.0	0.0	0.0	0.0
OG0004983	0.0	0.0	0.0	0.0
OG0004987	0.0	0.0	0.0	0.0
OG0004989	0.0	0.0	0.0	0.0
OG0004996	0.0	0.0	0.0	0.0
OG0004997	0.0	0.0	0.0	0.0
OG0004998	0.0	0.0	0.0	0.0
OG0005001	0.0	0.0	0.0	0.0
OG0005008	0.0	0.0	0.0	0.0
OG0005009	0.0	0.0	0.0	0.0
OG0005010	0.0	0.0	0.0	0.0
OG0005013	0.0	0.0	0.0	0.0
OG0005015	0.0	0.0	0.0	0.0
OG0005017	0.0	0.0	0.0	0.0
OG0005019	0.0	0.0	0.0	0.0
OG0005020	0.0	0.0	0.0	0.0
OG0005021	0.0	0.0	0.0	0.0
OG0005025	0.0	0.0	0.0	0.0
OG0005028	0.0	0.0	0.0	0.0
OG0005030	0.0	0.0	0.0	0.0
OG0005033	0.0	0.0	0.0	0.0
OG0005034	0.0	0.0	0.0	0.0
OG0005035	0.0	0.0	0.0	0.0
OG0005040	0.0	0.0	0.0	0.0
OG0005044	0.0	0.0	0.0	0.0
OG0005045	0.0	0.0	0.0	0.0
OG0005047	0.0	0.0	0.0	0.0
OG0005048	0.0	0.0	0.0	0.0
OG0005052	0.0	0.0	0.0	0.0
OG0005055	0.0	0.0	0.0	0.0
OG0005059	0.0	0.0	0.0	0.0
OG0005060	0.0	0.0	0.0	0.0
OG0005064	0.0	0.0	0.0	0.0
OG0005065	0.0	0.0	0.0	0.0
OG0005066	0.0	0.0	0.0	0.0
OG0005070	0.0	0.0	0.0	0.0
OG0005072	0.0	0.0	0.0	0.0
OG0005075	0.0	0.0	0.0	0.0
OG0005076	0.0	0.0	0.0	0.0
OG0005077	0.0	0.0	0.0	0.0
OG0005078	0.0	0.0	0.0	0.0
OG0005084	0.0	0.0	0.0	0.0
OG0005085	0.0	0.0	0.0	0.0
OG0005086	0.0	0.0	0.0	0.0
OG0005090	0.0	0.0	0.0	0.0
OG0005093	0.0	0.0	0.0	0.0
OG0005100	0.0	0.0	0.0	0.0
OG0005102	0.0	0.0	0.0	0.0
OG0005104	0.0	0.0	0.0	0.0
OG0005106	0.0	0.0	0.0	0.0
OG0005109	0.0	0.0	0.0	0.0
OG0005110	0.0	0.0	0.0	0.0
OG0005111	0.0	0.0	0.0	0.0
OG0005112	0.0	0.0	0.0	0.0
OG0005119	0.0	0.0	0.0	0.0
OG0005123	0.0	0.0	0.0	0.0
OG0005125	0.0	0.0	0.0	0.0
OG0005129	0.0	0.0	0.0	0.0
OG0005130	0.0	0.0	0.0	0.0
OG0005131	0.0	0.0	0.0	0.0
OG0005133	0.0	0.0	0.0	0.0
OG0005134	0.0	0.0	0.0	0.0
OG0005135	0.0	0.0	0.0	0.0
OG0005136	0.0	0.0	0.0	0.0
OG0005137	0.0	0.0	0.0	0.0
OG0005138	0.0	0.0	0.0	0.0
OG0005139	0.0	0.0	0.0	0.0
OG0005140	0.0	0.0	0.0	0.0
OG0005141	0.0	0.0	0.0	0.0
OG0005142	0.0	0.0	0.0	0.0
OG0005143	0.0	0.0	0.0	0.0
OG0005144	0.0	0.0	0.0	0.0
OG0005145	0.0	0.0	0.0	0.0
OG0005147	0.0	0.0	0.0	0.0
OG0005149	0.0	0.0	0.0	0.0
OG0005150	0.0	0.0	0.0	0.0
OG0005151	0.0	0.0	0.0	0.0
OG0005153	0.0	0.0	0.0	0.0
OG0005154	0.0	0.0	0.0	0.0
OG0005155	0.0	0.0	0.0	0.0
OG0005156	0.0	0.0	0.0	0.0
OG0005158	0.0	0.0	0.0	0.0
OG0005159	0.0	0.0	0.0	0.0
OG0005161	0.0	0.0	0.0	0.0
OG0005165	0.0	0.0	0.0	0.0
OG0005167	0.0	0.0	0.0	0.0
OG0005171	0.0	0.0	0.0	0.0
OG0005172	0.0	0.0	0.0	0.0
OG0005175	0.0	0.0	0.0	0.0
OG0005180	0.0	0.0	0.0	0.0
OG0005182	0.0	0.0	0.0	0.0
OG0005184	0.0	0.0	0.0	0.0
OG0005185	0.0	0.0	0.0	0.0
OG0005186	0.0	0.0	0.0	0.0
OG0005187	0.0	0.0	0.0	0.0
OG0005188	0.0	0.0	0.0	0.0
OG0005189	0.0	0.0	0.0	0.0
OG0005190	0.0	0.0	0.0	0.0
OG0005194	0.0	0.0	0.0	0.0
OG0005196	0.0	0.0	0.0	0.0
OG0005197	0.0	0.0	0.0	0.0
OG0005198	0.0	0.0	0.0	0.0
OG0005201	0.0	0.0	0.0	0.0
OG0005207	0.0	0.0	0.0	0.0
OG0005208	0.0	0.0	0.0	0.0
OG0005209	0.0	0.0	0.0	0.0
OG0005210	0.0	0.0	0.0	0.0
OG0005211	0.0	0.0	0.0	0.0
OG0005213	0.0	0.0	0.0	0.0
OG0005214	0.0	0.0	0.0	0.0
OG0005217	0.0	0.0	0.0	0.0
OG0005218	0.0	0.0	0.0	0.0
OG0005219	0.0	0.0	0.0	0.0
OG0005220	0.0	0.0	0.0	0.0
OG0005221	0.0	0.0	0.0	0.0
OG0005222	0.0	0.0	0.0	0.0
OG0005224	0.0	0.0	0.0	0.0
OG0005225	0.0	0.0	0.0	0.0
OG0005233	0.0	0.0	0.0	0.0
OG0005234	0.0	0.0	0.0	0.0
OG0005235	0.0	0.0	0.0	0.0
OG0005236	0.0	0.0	0.0	0.0
OG0005240	0.0	0.0	0.0	0.0
OG0005241	0.0	0.0	0.0	0.0
OG0005243	0.0	0.0	0.0	0.0
OG0005244	0.0	0.0	0.0	0.0
OG0005245	0.0	0.0	0.0	0.0
OG0005247	0.0	0.0	0.0	0.0
OG0005250	0.0	0.0	0.0	0.0
OG0005257	0.0	0.0	0.0	0.0
OG0005262	0.0	0.0	0.0	0.0
OG0005263	0.0	0.0	0.0	0.0
OG0005264	0.0	0.0	0.0	0.0
OG0005265	0.0	0.0	0.0	0.0
OG0005268	0.0	0.0	0.0	0.0
OG0005270	0.0	0.0	0.0	0.0
OG0005273	0.0	0.0	0.0	0.0
OG0005274	0.0	0.0	0.0	0.0
OG0005276	0.0	0.0	0.0	0.0
OG0005277	0.0	0.0	0.0	0.0
OG0005280	0.0	0.0	0.0	0.0
OG0005282	0.0	0.0	0.0	0.0
OG0005283	0.0	0.0	0.0	0.0
OG0005285	0.0	0.0	0.0	0.0
OG0005288	0.0	0.0	0.0	0.0
OG0005290	0.0	0.0	0.0	0.0
OG0005291	0.0	0.0	0.0	0.0
OG0005292	0.0	0.0	0.0	0.0
OG0005293	0.0	0.0	0.0	0.0
OG0005294	0.0	0.0	0.0	0.0
OG0005297	0.0	0.0	0.0	0.0
OG0005298	0.0	0.0	0.0	0.0
OG0005299	0.0	0.0	0.0	0.0
OG0005301	0.0	0.0	0.0	0.0
OG0005302	0.0	0.0	0.0	0.0
OG0005304	0.0	0.0	0.0	0.0
OG0005306	0.0	0.0	0.0	0.0
OG0005308	0.0	0.0	0.0	0.0
OG0005310	0.0	0.0	0.0	0.0
OG0005311	0.0	0.0	0.0	0.0
OG0005313	0.0	0.0	0.0	0.0
OG0005319	0.0	0.0	0.0	0.0
OG0005320	0.0	0.0	0.0	0.0
OG0005321	0.0	0.0	0.0	0.0
OG0005322	0.0	0.0	0.0	0.0
OG0005323	0.0	0.0	0.0	0.0
OG0005334	0.0	0.0	0.0	0.0
OG0005335	0.0	0.0	0.0	0.0
OG0005341	0.0	0.0	0.0	0.0
OG0005343	0.0	0.0	0.0	0.0
OG0005345	0.0	0.0	0.0	0.0
OG0005346	0.0	0.0	0.0	0.0
OG0005349	0.0	0.0	0.0	0.0
OG0005350	0.0	0.0	0.0	0.0
OG0005355	0.0	0.0	0.0	0.0
OG0005357	0.0	0.0	0.0	0.0
OG0005359	0.0	0.0	0.0	0.0
OG0005360	0.0	0.0	0.0	0.0
OG0005362	0.0	0.0	0.0	0.0
OG0005363	0.0	0.0	0.0	0.0
OG0005364	0.0	0.0	0.0	0.0
OG0005365	0.0	0.0	0.0	0.0
OG0005366	0.0	0.0	0.0	0.0
OG0005367	0.0	0.0	0.0	0.0
OG0005368	0.0	0.0	0.0	0.0
OG0005369	0.0	0.0	0.0	0.0
OG0005370	0.0	0.0	0.0	0.0
OG0005372	0.0	0.0	0.0	0.0
OG0005373	0.0	0.0	0.0	0.0
OG0005374	0.0	0.0	0.0	0.0
OG0005375	0.0	0.0	0.0	0.0
OG0005376	0.0	0.0	0.0	0.0
OG0005377	0.0	0.0	0.0	0.0
OG0005378	0.0	0.0	0.0	0.0
OG0005379	0.0	0.0	0.0	0.0
OG0005380	0.0	0.0	0.0	0.0
OG0005383	0.0	0.0	0.0	0.0
OG0005384	0.0	0.0	0.0	0.0
OG0005385	0.0	0.0	0.0	0.0
OG0005386	0.0	0.0	0.0	0.0
OG0005387	0.0	0.0	0.0	0.0
OG0005390	0.0	0.0	0.0	0.0
OG0005394	0.0	0.0	0.0	0.0
OG0005395	0.0	0.0	0.0	0.0
OG0005396	0.0	0.0	0.0	0.0
OG0005400	0.0	0.0	0.0	0.0
OG0005401	0.0	0.0	0.0	0.0
OG0005408	0.0	0.0	0.0	0.0
OG0005413	0.0	0.0	0.0	0.0
OG0005417	0.0	0.0	0.0	0.0
OG0005418	0.0	0.0	0.0	0.0
OG0005420	0.0	0.0	0.0	0.0
OG0005423	0.0	0.0	0.0	0.0
OG0005424	0.0	0.0	0.0	0.0
OG0005425	0.0	0.0	0.0	0.0
OG0005427	0.0	0.0	0.0	0.0
OG0005428	0.0	0.0	0.0	0.0
OG0005429	0.0	0.0	0.0	0.0
OG0005432	0.0	0.0	0.0	0.0
OG0005434	0.0	0.0	0.0	0.0
OG0005435	0.0	0.0	0.0	0.0
OG0005436	0.0	0.0	0.0	0.0
OG0005437	0.0	0.0	0.0	0.0
OG0005438	0.0	0.0	0.0	0.0
OG0005439	0.0	0.0	0.0	0.0
OG0005443	0.0	0.0	0.0	0.0
OG0005444	0.0	0.0	0.0	0.0
OG0005445	0.0	0.0	0.0	0.0
OG0005449	0.0	0.0	0.0	0.0
OG0005450	0.0	0.0	0.0	0.0
OG0005452	0.0	0.0	0.0	0.0
OG0005454	0.0	0.0	0.0	0.0
OG0005456	0.0	0.0	0.0	0.0
OG0005458	0.0	0.0	0.0	0.0
OG0005459	0.0	0.0	0.0	0.0
OG0005461	0.0	0.0	0.0	0.0
OG0005462	0.0	0.0	0.0	0.0
OG0005463	0.0	0.0	0.0	0.0
OG0005464	0.0	0.0	0.0	0.0
OG0005465	0.0	0.0	0.0	0.0
OG0005469	0.0	0.0	0.0	0.0
OG0005470	0.0	0.0	0.0	0.0
OG0005473	0.0	0.0	0.0	0.0
OG0005474	0.0	0.0	0.0	0.0
OG0005475	0.0	0.0	0.0	0.0
OG0005480	0.0	0.0	0.0	0.0
OG0005481	0.0	0.0	0.0	0.0
OG0005483	0.0	0.0	0.0	0.0
OG0005500	0.0	0.0	0.0	0.0
OG0005502	0.0	0.0	0.0	0.0
OG0005504	0.0	0.0	0.0	0.0
OG0005506	0.0	0.0	0.0	0.0
OG0005507	0.0	0.0	0.0	0.0
OG0005508	0.0	0.0	0.0	0.0
OG0005514	0.0	0.0	0.0	0.0
OG0005519	0.0	0.0	0.0	0.0
OG0005520	0.0	0.0	0.0	0.0
OG0005521	0.0	0.0	0.0	0.0
OG0005522	0.0	0.0	0.0	0.0
OG0005523	0.0	0.0	0.0	0.0
OG0005525	0.0	0.0	0.0	0.0
OG0005526	0.0	0.0	0.0	0.0
OG0005527	0.0	0.0	0.0	0.0
OG0005528	0.0	0.0	0.0	0.0
OG0005529	0.0	0.0	0.0	0.0
OG0005530	0.0	0.0	0.0	0.0
OG0005532	0.0	0.0	0.0	0.0
OG0005533	0.0	0.0	0.0	0.0
OG0005536	0.0	0.0	0.0	0.0
OG0005537	0.0	0.0	0.0	0.0
OG0005538	0.0	0.0	0.0	0.0
OG0005539	0.0	0.0	0.0	0.0
OG0005540	0.0	0.0	0.0	0.0
OG0005541	0.0	0.0	0.0	0.0
OG0005543	0.0	0.0	0.0	0.0
OG0005549	0.0	0.0	0.0	0.0
OG0005550	0.0	0.0	0.0	0.0
OG0005551	0.0	0.0	0.0	0.0
OG0005552	0.0	0.0	0.0	0.0
OG0005553	0.0	0.0	0.0	0.0
OG0005554	0.0	0.0	0.0	0.0
OG0005555	0.0	0.0	0.0	0.0
OG0005556	0.0	0.0	0.0	0.0
OG0005557	0.0	0.0	0.0	0.0
OG0005562	0.0	0.0	0.0	0.0
OG0005564	0.0	0.0	0.0	0.0
OG0005566	0.0	0.0	0.0	0.0
OG0005567	0.0	0.0	0.0	0.0
OG0005568	0.0	0.0	0.0	0.0
OG0005569	0.0	0.0	0.0	0.0
OG0005570	0.0	0.0	0.0	0.0
OG0005571	0.0	0.0	0.0	0.0
OG0005572	0.0	0.0	0.0	0.0
OG0005573	0.0	0.0	0.0	0.0
OG0005575	0.0	0.0	0.0	0.0
OG0005577	0.0	0.0	0.0	0.0
OG0005586	0.0	0.0	0.0	0.0
OG0005589	0.0	0.0	0.0	0.0
OG0005591	0.0	0.0	0.0	0.0
OG0005592	0.0	0.0	0.0	0.0
OG0005594	0.0	0.0	0.0	0.0
OG0005596	0.0	0.0	0.0	0.0
OG0005599	0.0	0.0	0.0	0.0
OG0005601	0.0	0.0	0.0	0.0
OG0005602	0.0	0.0	0.0	0.0
OG0005603	0.0	0.0	0.0	0.0
OG0005607	0.0	0.0	0.0	0.0
OG0005610	0.0	0.0	0.0	0.0
OG0005611	0.0	0.0	0.0	0.0
OG0005613	0.0	0.0	0.0	0.0
OG0005616	0.0	0.0	0.0	0.0
OG0005617	0.0	0.0	0.0	0.0
OG0005618	0.0	0.0	0.0	0.0
OG0005620	0.0	0.0	0.0	0.0
OG0005621	0.0	0.0	0.0	0.0
OG0005622	0.0	0.0	0.0	0.0
OG0005625	0.0	0.0	0.0	0.0
OG0005627	0.0	0.0	0.0	0.0
OG0005628	0.0	0.0	0.0	0.0
OG0005631	0.0	0.0	0.0	0.0
OG0005632	0.0	0.0	0.0	0.0
OG0005633	0.0	0.0	0.0	0.0
OG0005634	0.0	0.0	0.0	0.0
OG0005635	0.0	0.0	0.0	0.0
OG0005637	0.0	0.0	0.0	0.0
OG0005638	0.0	0.0	0.0	0.0
OG0005640	0.0	0.0	0.0	0.0
OG0005643	0.0	0.0	0.0	0.0
OG0005644	0.0	0.0	0.0	0.0
OG0005646	0.0	0.0	0.0	0.0
OG0005648	0.0	0.0	0.0	0.0
OG0005649	0.0	0.0	0.0	0.0
OG0005650	0.0	0.0	0.0	0.0
OG0005653	0.0	0.0	0.0	0.0
OG0005654	0.0	0.0	0.0	0.0
OG0005655	0.0	0.0	0.0	0.0
OG0005657	0.0	0.0	0.0	0.0
OG0005658	0.0	0.0	0.0	0.0
OG0005669	0.0	0.0	0.0	0.0
OG0005673	0.0	0.0	0.0	0.0
OG0005677	0.0	0.0	0.0	0.0
OG0005683	0.0	0.0	0.0	0.0
OG0005686	0.0	0.0	0.0	0.0
OG0005687	0.0	0.0	0.0	0.0
OG0005688	0.0	0.0	0.0	0.0
OG0005689	0.0	0.0	0.0	0.0
OG0005691	0.0	0.0	0.0	0.0
OG0005692	0.0	0.0	0.0	0.0
OG0005693	0.0	0.0	0.0	0.0
OG0005695	0.0	0.0	0.0	0.0
OG0005696	0.0	0.0	0.0	0.0
OG0005698	0.0	0.0	0.0	0.0
OG0005699	0.0	0.0	0.0	0.0
OG0005703	0.0	0.0	0.0	0.0
OG0005705	0.0	0.0	0.0	0.0
OG0005706	0.0	0.0	0.0	0.0
OG0005707	0.0	0.0	0.0	0.0
OG0005708	0.0	0.0	0.0	0.0
OG0005709	0.0	0.0	0.0	0.0
OG0005710	0.0	0.0	0.0	0.0
OG0005713	0.0	0.0	0.0	0.0
OG0005715	0.0	0.0	0.0	0.0
OG0005716	0.0	0.0	0.0	0.0
OG0005718	0.0	0.0	0.0	0.0
OG0005720	0.0	0.0	0.0	0.0
OG0005724	0.0	0.0	0.0	0.0
OG0005725	0.0	0.0	0.0	0.0
OG0005727	0.0	0.0	0.0	0.0
OG0005734	0.0	0.0	0.0	0.0
OG0005735	0.0	0.0	0.0	0.0
OG0005736	0.0	0.0	0.0	0.0
OG0005740	0.0	0.0	0.0	0.0
OG0005741	0.0	0.0	0.0	0.0
OG0005742	0.0	0.0	0.0	0.0
OG0005744	0.0	0.0	0.0	0.0
OG0005745	0.0	0.0	0.0	0.0
OG0005746	0.0	0.0	0.0	0.0
OG0005747	0.0	0.0	0.0	0.0
OG0005748	0.0	0.0	0.0	0.0
OG0005749	0.0	0.0	0.0	0.0
OG0005750	0.0	0.0	0.0	0.0
OG0005753	0.0	0.0	0.0	0.0
OG0005754	0.0	0.0	0.0	0.0
OG0005755	0.0	0.0	0.0	0.0
OG0005762	0.0	0.0	0.0	0.0
OG0005770	0.0	0.0	0.0	0.0
OG0005771	0.0	0.0	0.0	0.0
OG0005773	0.0	0.0	0.0	0.0
OG0005775	0.0	0.0	0.0	0.0
OG0005776	0.0	0.0	0.0	0.0
OG0005778	0.0	0.0	0.0	0.0
OG0005779	0.0	0.0	0.0	0.0
OG0005780	0.0	0.0	0.0	0.0
OG0005781	0.0	0.0	0.0	0.0
OG0005790	0.0	0.0	0.0	0.0
OG0005792	0.0	0.0	0.0	0.0
OG0005793	0.0	0.0	0.0	0.0
OG0005794	0.0	0.0	0.0	0.0
OG0005796	0.0	0.0	0.0	0.0
OG0005797	0.0	0.0	0.0	0.0
OG0005798	0.0	0.0	0.0	0.0
OG0005800	0.0	0.0	0.0	0.0
OG0005802	0.0	0.0	0.0	0.0
OG0005803	0.0	0.0	0.0	0.0
OG0005804	0.0	0.0	0.0	0.0
OG0005807	0.0	0.0	0.0	0.0
OG0005810	0.0	0.0	0.0	0.0
OG0005813	0.0	0.0	0.0	0.0
OG0005814	0.0	0.0	0.0	0.0
OG0005815	0.0	0.0	0.0	0.0
OG0005817	0.0	0.0	0.0	0.0
OG0005818	0.0	0.0	0.0	0.0
OG0005819	0.0	0.0	0.0	0.0
OG0005820	0.0	0.0	0.0	0.0
OG0005821	0.0	0.0	0.0	0.0
OG0005822	0.0	0.0	0.0	0.0
OG0005823	0.0	0.0	0.0	0.0
OG0005825	0.0	0.0	0.0	0.0
OG0005827	0.0	0.0	0.0	0.0
OG0005829	0.0	0.0	0.0	0.0
OG0005836	0.0	0.0	0.0	0.0
OG0005837	0.0	0.0	0.0	0.0
OG0005838	0.0	0.0	0.0	0.0
OG0005839	0.0	0.0	0.0	0.0
OG0005841	0.0	0.0	0.0	0.0
OG0005843	0.0	0.0	0.0	0.0
OG0005844	0.0	0.0	0.0	0.0
OG0005845	0.0	0.0	0.0	0.0
OG0005846	0.0	0.0	0.0	0.0
OG0005847	0.0	0.0	0.0	0.0
OG0005848	0.0	0.0	0.0	0.0
OG0005849	0.0	0.0	0.0	0.0
OG0005850	0.0	0.0	0.0	0.0
OG0005860	0.0	0.0	0.0	0.0
OG0005861	0.0	0.0	0.0	0.0
OG0005863	0.0	0.0	0.0	0.0
OG0005871	0.0	0.0	0.0	0.0
OG0005872	0.0	0.0	0.0	0.0
OG0005873	0.0	0.0	0.0	0.0
OG0005874	0.0	0.0	0.0	0.0
OG0005877	0.0	0.0	0.0	0.0
OG0005878	0.0	0.0	0.0	0.0
OG0005879	0.0	0.0	0.0	0.0
OG0005880	0.0	0.0	0.0	0.0
OG0005881	0.0	0.0	0.0	0.0
OG0005883	0.0	0.0	0.0	0.0
OG0005884	0.0	0.0	0.0	0.0
OG0005885	0.0	0.0	0.0	0.0
OG0005887	0.0	0.0	0.0	0.0
OG0005888	0.0	0.0	0.0	0.0
OG0005889	0.0	0.0	0.0	0.0
OG0005890	0.0	0.0	0.0	0.0
OG0005892	0.0	0.0	0.0	0.0
OG0005895	0.0	0.0	0.0	0.0
OG0005898	0.0	0.0	0.0	0.0
OG0005900	0.0	0.0	0.0	0.0
OG0005902	0.0	0.0	0.0	0.0
OG0005903	0.0	0.0	0.0	0.0
OG0005907	0.0	0.0	0.0	0.0
OG0005910	0.0	0.0	0.0	0.0
OG0005911	0.0	0.0	0.0	0.0
OG0005912	0.0	0.0	0.0	0.0
OG0005915	0.0	0.0	0.0	0.0
OG0005916	0.0	0.0	0.0	0.0
OG0005917	0.0	0.0	0.0	0.0
OG0005919	0.0	0.0	0.0	0.0
OG0005920	0.0	0.0	0.0	0.0
OG0005921	0.0	0.0	0.0	0.0
OG0005922	0.0	0.0	0.0	0.0
OG0005924	0.0	0.0	0.0	0.0
OG0005929	0.0	0.0	0.0	0.0
OG0005930	0.0	0.0	0.0	0.0
OG0005932	0.0	0.0	0.0	0.0
OG0005935	0.0	0.0	0.0	0.0
OG0005937	0.0	0.0	0.0	0.0
OG0005939	0.0	0.0	0.0	0.0
OG0005940	0.0	0.0	0.0	0.0
OG0005941	0.0	0.0	0.0	0.0
OG0005942	0.0	0.0	0.0	0.0
OG0005943	0.0	0.0	0.0	0.0
OG0005944	0.0	0.0	0.0	0.0
OG0005945	0.0	0.0	0.0	0.0
OG0005946	0.0	0.0	0.0	0.0
OG0005947	0.0	0.0	0.0	0.0
OG0005948	0.0	0.0	0.0	0.0
OG0005949	0.0	0.0	0.0	0.0
OG0005950	0.0	0.0	0.0	0.0
OG0005951	0.0	0.0	0.0	0.0
OG0005952	0.0	0.0	0.0	0.0
OG0005954	0.0	0.0	0.0	0.0
OG0005955	0.0	0.0	0.0	0.0
OG0005956	0.0	0.0	0.0	0.0
OG0005957	0.0	0.0	0.0	0.0
OG0005958	0.0	0.0	0.0	0.0
OG0005966	0.0	0.0	0.0	0.0
OG0005968	0.0	0.0	0.0	0.0
OG0005969	0.0	0.0	0.0	0.0
OG0005980	0.0	0.0	0.0	0.0
OG0005981	0.0	0.0	0.0	0.0
OG0005984	0.0	0.0	0.0	0.0
OG0005987	0.0	0.0	0.0	0.0
OG0005988	0.0	0.0	0.0	0.0
OG0005990	0.0	0.0	0.0	0.0
OG0005991	0.0	0.0	0.0	0.0
OG0005992	0.0	0.0	0.0	0.0
OG0005993	0.0	0.0	0.0	0.0
OG0005997	0.0	0.0	0.0	0.0
OG0005999	0.0	0.0	0.0	0.0
OG0006001	0.0	0.0	0.0	0.0
OG0006002	0.0	0.0	0.0	0.0
OG0006003	0.0	0.0	0.0	0.0
OG0006004	0.0	0.0	0.0	0.0
OG0006005	0.0	0.0	0.0	0.0
OG0006007	0.0	0.0	0.0	0.0
OG0006009	0.0	0.0	0.0	0.0
OG0006010	0.0	0.0	0.0	0.0
OG0006013	0.0	0.0	0.0	0.0
OG0006014	0.0	0.0	0.0	0.0
OG0006015	0.0	0.0	0.0	0.0
OG0006016	0.0	0.0	0.0	0.0
OG0006017	0.0	0.0	0.0	0.0
OG0006018	0.0	0.0	0.0	0.0
OG0006019	0.0	0.0	0.0	0.0
OG0006021	0.0	0.0	0.0	0.0
OG0006022	0.0	0.0	0.0	0.0
OG0006023	0.0	0.0	0.0	0.0
OG0006024	0.0	0.0	0.0	0.0
OG0006025	0.0	0.0	0.0	0.0
OG0006026	0.0	0.0	0.0	0.0
OG0006028	0.0	0.0	0.0	0.0
OG0006030	0.0	0.0	0.0	0.0
OG0006031	0.0	0.0	0.0	0.0
OG0006033	0.0	0.0	0.0	0.0
OG0006036	0.0	0.0	0.0	0.0
OG0006037	0.0	0.0	0.0	0.0
OG0006039	0.0	0.0	0.0	0.0
OG0006040	0.0	0.0	0.0	0.0
OG0006041	0.0	0.0	0.0	0.0
OG0006042	0.0	0.0	0.0	0.0
OG0006043	0.0	0.0	0.0	0.0
OG0006044	0.0	0.0	0.0	0.0
OG0006045	0.0	0.0	0.0	0.0
OG0006046	0.0	0.0	0.0	0.0
OG0006047	0.0	0.0	0.0	0.0
OG0006048	0.0	0.0	0.0	0.0
OG0006049	0.0	0.0	0.0	0.0
OG0006050	0.0	0.0	0.0	0.0
OG0006051	0.0	0.0	0.0	0.0
OG0006052	0.0	0.0	0.0	0.0
OG0006053	0.0	0.0	0.0	0.0
OG0006055	0.0	0.0	0.0	0.0
OG0006056	0.0	0.0	0.0	0.0
OG0006057	0.0	0.0	0.0	0.0
OG0006058	0.0	0.0	0.0	0.0
OG0006059	0.0	0.0	0.0	0.0
OG0006060	0.0	0.0	0.0	0.0
OG0006062	0.0	0.0	0.0	0.0
OG0006063	0.0	0.0	0.0	0.0
OG0006064	0.0	0.0	0.0	0.0
OG0006065	0.0	0.0	0.0	0.0
OG0006066	0.0	0.0	0.0	0.0
OG0006068	0.0	0.0	0.0	0.0
OG0006069	0.0	0.0	0.0	0.0
OG0006070	0.0	0.0	0.0	0.0
OG0006074	0.0	0.0	0.0	0.0
OG0006088	0.0	0.0	0.0	0.0
OG0006093	0.0	0.0	0.0	0.0
OG0006095	0.0	0.0	0.0	0.0
OG0006097	0.0	0.0	0.0	0.0
OG0006103	0.0	0.0	0.0	0.0
OG0006105	0.0	0.0	0.0	0.0
OG0006106	0.0	0.0	0.0	0.0
OG0006107	0.0	0.0	0.0	0.0
OG0006108	0.0	0.0	0.0	0.0
OG0006109	0.0	0.0	0.0	0.0
OG0006110	0.0	0.0	0.0	0.0
OG0006112	0.0	0.0	0.0	0.0
OG0006113	0.0	0.0	0.0	0.0
OG0006116	0.0	0.0	0.0	0.0
OG0006117	0.0	0.0	0.0	0.0
OG0006118	0.0	0.0	0.0	0.0
OG0006119	0.0	0.0	0.0	0.0
OG0006121	0.0	0.0	0.0	0.0
OG0006123	0.0	0.0	0.0	0.0
OG0006124	0.0	0.0	0.0	0.0
OG0006125	0.0	0.0	0.0	0.0
OG0006126	0.0	0.0	0.0	0.0
OG0006130	0.0	0.0	0.0	0.0
OG0006132	0.0	0.0	0.0	0.0
OG0006135	0.0	0.0	0.0	0.0
OG0006136	0.0	0.0	0.0	0.0
OG0006137	0.0	0.0	0.0	0.0
OG0006138	0.0	0.0	0.0	0.0
OG0006139	0.0	0.0	0.0	0.0
OG0006142	0.0	0.0	0.0	0.0
OG0006144	0.0	0.0	0.0	0.0
OG0006145	0.0	0.0	0.0	0.0
OG0006146	0.0	0.0	0.0	0.0
OG0006147	0.0	0.0	0.0	0.0
OG0006148	0.0	0.0	0.0	0.0
OG0006151	0.0	0.0	0.0	0.0
OG0006152	0.0	0.0	0.0	0.0
OG0006154	0.0	0.0	0.0	0.0
OG0006156	0.0	0.0	0.0	0.0
OG0006157	0.0	0.0	0.0	0.0
OG0006158	0.0	0.0	0.0	0.0
OG0006163	0.0	0.0	0.0	0.0
OG0006164	0.0	0.0	0.0	0.0
OG0006165	0.0	0.0	0.0	0.0
OG0006166	0.0	0.0	0.0	0.0
OG0006167	0.0	0.0	0.0	0.0
OG0006173	0.0	0.0	0.0	0.0
OG0006175	0.0	0.0	0.0	0.0
OG0006176	0.0	0.0	0.0	0.0
OG0006179	0.0	0.0	0.0	0.0
OG0006181	0.0	0.0	0.0	0.0
OG0006182	0.0	0.0	0.0	0.0
OG0006183	0.0	0.0	0.0	0.0
OG0006184	0.0	0.0	0.0	0.0
OG0006185	0.0	0.0	0.0	0.0
OG0006186	0.0	0.0	0.0	0.0
OG0006187	0.0	0.0	0.0	0.0
OG0006188	0.0	0.0	0.0	0.0
OG0006189	0.0	0.0	0.0	0.0
OG0006190	0.0	0.0	0.0	0.0
OG0006192	0.0	0.0	0.0	0.0
OG0006194	0.0	0.0	0.0	0.0
OG0006195	0.0	0.0	0.0	0.0
OG0006210	0.0	0.0	0.0	0.0
OG0006211	0.0	0.0	0.0	0.0
OG0006212	0.0	0.0	0.0	0.0
OG0006214	0.0	0.0	0.0	0.0
OG0006217	0.0	0.0	0.0	0.0
OG0006219	0.0	0.0	0.0	0.0
OG0006221	0.0	0.0	0.0	0.0
OG0006222	0.0	0.0	0.0	0.0
OG0006223	0.0	0.0	0.0	0.0
OG0006226	0.0	0.0	0.0	0.0
OG0006227	0.0	0.0	0.0	0.0
OG0006228	0.0	0.0	0.0	0.0
OG0006229	0.0	0.0	0.0	0.0
OG0006230	0.0	0.0	0.0	0.0
OG0006231	0.0	0.0	0.0	0.0
OG0006232	0.0	0.0	0.0	0.0
OG0006233	0.0	0.0	0.0	0.0
OG0006235	0.0	0.0	0.0	0.0
OG0006236	0.0	0.0	0.0	0.0
OG0006244	0.0	0.0	0.0	0.0
OG0006245	0.0	0.0	0.0	0.0
OG0006246	0.0	0.0	0.0	0.0
OG0006247	0.0	0.0	0.0	0.0
OG0006250	0.0	0.0	0.0	0.0
OG0006252	0.0	0.0	0.0	0.0
OG0006253	0.0	0.0	0.0	0.0
OG0006254	0.0	0.0	0.0	0.0
OG0006255	0.0	0.0	0.0	0.0
OG0006256	0.0	0.0	0.0	0.0
OG0006259	0.0	0.0	0.0	0.0
OG0006260	0.0	0.0	0.0	0.0
OG0006262	0.0	0.0	0.0	0.0
OG0006264	0.0	0.0	0.0	0.0
OG0006265	0.0	0.0	0.0	0.0
OG0006266	0.0	0.0	0.0	0.0
OG0006267	0.0	0.0	0.0	0.0
OG0006269	0.0	0.0	0.0	0.0
OG0006270	0.0	0.0	0.0	0.0
OG0006272	0.0	0.0	0.0	0.0
OG0006274	0.0	0.0	0.0	0.0
OG0006278	0.0	0.0	0.0	0.0
OG0006280	0.0	0.0	0.0	0.0
OG0006282	0.0	0.0	0.0	0.0
OG0006283	0.0	0.0	0.0	0.0
OG0006285	0.0	0.0	0.0	0.0
OG0006286	0.0	0.0	0.0	0.0
OG0006288	0.0	0.0	0.0	0.0
OG0006289	0.0	0.0	0.0	0.0
OG0006290	0.0	0.0	0.0	0.0
OG0006291	0.0	0.0	0.0	0.0
OG0006292	0.0	0.0	0.0	0.0
OG0006293	0.0	0.0	0.0	0.0
OG0006294	0.0	0.0	0.0	0.0
OG0006296	0.0	0.0	0.0	0.0
OG0006297	0.0	0.0	0.0	0.0
OG0006300	0.0	0.0	0.0	0.0
OG0006301	0.0	0.0	0.0	0.0
OG0006302	0.0	0.0	0.0	0.0
OG0006303	0.0	0.0	0.0	0.0
OG0006304	0.0	0.0	0.0	0.0
OG0006305	0.0	0.0	0.0	0.0
OG0006306	0.0	0.0	0.0	0.0
OG0006307	0.0	0.0	0.0	0.0
OG0006308	0.0	0.0	0.0	0.0
OG0006309	0.0	0.0	0.0	0.0
OG0006311	0.0	0.0	0.0	0.0
OG0006312	0.0	0.0	0.0	0.0
OG0006313	0.0	0.0	0.0	0.0
OG0006314	0.0	0.0	0.0	0.0
OG0006315	0.0	0.0	0.0	0.0
OG0006318	0.0	0.0	0.0	0.0
OG0006319	0.0	0.0	0.0	0.0
OG0006321	0.0	0.0	0.0	0.0
OG0006329	0.0	0.0	0.0	0.0
OG0006332	0.0	0.0	0.0	0.0
OG0006334	0.0	0.0	0.0	0.0
OG0006336	0.0	0.0	0.0	0.0
OG0006337	0.0	0.0	0.0	0.0
OG0006341	0.0	0.0	0.0	0.0
OG0006342	0.0	0.0	0.0	0.0
OG0006344	0.0	0.0	0.0	0.0
OG0006345	0.0	0.0	0.0	0.0
OG0006347	0.0	0.0	0.0	0.0
OG0006349	0.0	0.0	0.0	0.0
OG0006351	0.0	0.0	0.0	0.0
OG0006352	0.0	0.0	0.0	0.0
OG0006353	0.0	0.0	0.0	0.0
OG0006354	0.0	0.0	0.0	0.0
OG0006356	0.0	0.0	0.0	0.0
OG0006357	0.0	0.0	0.0	0.0
OG0006358	0.0	0.0	0.0	0.0
OG0006359	0.0	0.0	0.0	0.0
OG0006360	0.0	0.0	0.0	0.0
OG0006361	0.0	0.0	0.0	0.0
OG0006362	0.0	0.0	0.0	0.0
OG0006363	0.0	0.0	0.0	0.0
OG0006365	0.0	0.0	0.0	0.0
OG0006366	0.0	0.0	0.0	0.0
OG0006367	0.0	0.0	0.0	0.0
OG0006368	0.0	0.0	0.0	0.0
OG0006369	0.0	0.0	0.0	0.0
OG0006370	0.0	0.0	0.0	0.0
OG0006371	0.0	0.0	0.0	0.0
OG0006372	0.0	0.0	0.0	0.0
OG0006375	0.0	0.0	0.0	0.0
OG0006376	0.0	0.0	0.0	0.0
OG0006378	0.0	0.0	0.0	0.0
OG0006382	0.0	0.0	0.0	0.0
OG0006386	0.0	0.0	0.0	0.0
OG0006393	0.0	0.0	0.0	0.0
OG0006396	0.0	0.0	0.0	0.0
OG0006397	0.0	0.0	0.0	0.0
OG0006398	0.0	0.0	0.0	0.0
OG0006399	0.0	0.0	0.0	0.0
OG0006401	0.0	0.0	0.0	0.0
OG0006402	0.0	0.0	0.0	0.0
OG0006403	0.0	0.0	0.0	0.0
OG0006404	0.0	0.0	0.0	0.0
OG0006405	0.0	0.0	0.0	0.0
OG0006406	0.0	0.0	0.0	0.0
OG0006407	0.0	0.0	0.0	0.0
OG0006408	0.0	0.0	0.0	0.0
OG0006410	0.0	0.0	0.0	0.0
OG0006411	0.0	0.0	0.0	0.0
OG0006412	0.0	0.0	0.0	0.0
OG0006413	0.0	0.0	0.0	0.0
OG0006433	0.0	0.0	0.0	0.0
OG0006434	0.0	0.0	0.0	0.0
OG0006435	0.0	0.0	0.0	0.0
OG0006436	0.0	0.0	0.0	0.0
OG0006437	0.0	0.0	0.0	0.0
OG0006440	0.0	0.0	0.0	0.0
OG0006441	0.0	0.0	0.0	0.0
OG0006442	0.0	0.0	0.0	0.0
OG0006443	0.0	0.0	0.0	0.0
OG0006447	0.0	0.0	0.0	0.0
OG0006448	0.0	0.0	0.0	0.0
OG0006453	0.0	0.0	0.0	0.0
OG0006454	0.0	0.0	0.0	0.0
OG0006455	0.0	0.0	0.0	0.0
OG0006457	0.0	0.0	0.0	0.0
OG0006458	0.0	0.0	0.0	0.0
OG0006461	0.0	0.0	0.0	0.0
OG0006462	0.0	0.0	0.0	0.0
OG0006463	0.0	0.0	0.0	0.0
OG0006464	0.0	0.0	0.0	0.0
OG0006465	0.0	0.0	0.0	0.0
OG0006466	0.0	0.0	0.0	0.0
OG0006467	0.0	0.0	0.0	0.0
OG0006468	0.0	0.0	0.0	0.0
OG0006470	0.0	0.0	0.0	0.0
OG0006471	0.0	0.0	0.0	0.0
OG0006473	0.0	0.0	0.0	0.0
OG0006474	0.0	0.0	0.0	0.0
OG0006475	0.0	0.0	0.0	0.0
OG0006476	0.0	0.0	0.0	0.0
OG0006478	0.0	0.0	0.0	0.0
OG0006480	0.0	0.0	0.0	0.0
OG0006481	0.0	0.0	0.0	0.0
OG0006482	0.0	0.0	0.0	0.0
OG0006483	0.0	0.0	0.0	0.0
OG0006485	0.0	0.0	0.0	0.0
OG0006488	0.0	0.0	0.0	0.0
OG0006491	0.0	0.0	0.0	0.0
OG0006493	0.0	0.0	0.0	0.0
OG0006494	0.0	0.0	0.0	0.0
OG0006496	0.0	0.0	0.0	0.0
OG0006498	0.0	0.0	0.0	0.0
OG0006499	0.0	0.0	0.0	0.0
OG0006500	0.0	0.0	0.0	0.0
OG0006501	0.0	0.0	0.0	0.0
OG0006502	0.0	0.0	0.0	0.0
OG0006503	0.0	0.0	0.0	0.0
OG0006505	0.0	0.0	0.0	0.0
OG0006506	0.0	0.0	0.0	0.0
OG0006509	0.0	0.0	0.0	0.0
OG0006510	0.0	0.0	0.0	0.0
OG0006512	0.0	0.0	0.0	0.0
OG0006513	0.0	0.0	0.0	0.0
OG0006514	0.0	0.0	0.0	0.0
OG0006515	0.0	0.0	0.0	0.0
OG0006516	0.0	0.0	0.0	0.0
OG0006518	0.0	0.0	0.0	0.0
OG0006519	0.0	0.0	0.0	0.0
OG0006520	0.0	0.0	0.0	0.0
OG0006541	0.0	0.0	0.0	0.0
OG0006542	0.0	0.0	0.0	0.0
OG0006543	0.0	0.0	0.0	0.0
OG0006545	0.0	0.0	0.0	0.0
OG0006546	0.0	0.0	0.0	0.0
OG0006548	0.0	0.0	0.0	0.0
OG0006550	0.0	0.0	0.0	0.0
OG0006551	0.0	0.0	0.0	0.0
OG0006552	0.0	0.0	0.0	0.0
OG0006553	0.0	0.0	0.0	0.0
OG0006554	0.0	0.0	0.0	0.0
OG0006556	0.0	0.0	0.0	0.0
OG0006557	0.0	0.0	0.0	0.0
OG0006558	0.0	0.0	0.0	0.0
OG0006561	0.0	0.0	0.0	0.0
OG0006563	0.0	0.0	0.0	0.0
OG0006565	0.0	0.0	0.0	0.0
OG0006567	0.0	0.0	0.0	0.0
OG0006568	0.0	0.0	0.0	0.0
OG0006569	0.0	0.0	0.0	0.0
OG0006572	0.0	0.0	0.0	0.0
OG0006573	0.0	0.0	0.0	0.0
OG0006574	0.0	0.0	0.0	0.0
OG0006575	0.0	0.0	0.0	0.0
OG0006576	0.0	0.0	0.0	0.0
OG0006577	0.0	0.0	0.0	0.0
OG0006579	0.0	0.0	0.0	0.0
OG0006581	0.0	0.0	0.0	0.0
OG0006582	0.0	0.0	0.0	0.0
OG0006583	0.0	0.0	0.0	0.0
OG0006584	0.0	0.0	0.0	0.0
OG0006585	0.0	0.0	0.0	0.0
OG0006586	0.0	0.0	0.0	0.0
OG0006587	0.0	0.0	0.0	0.0
OG0006588	0.0	0.0	0.0	0.0
OG0006589	0.0	0.0	0.0	0.0
OG0006590	0.0	0.0	0.0	0.0
OG0006591	0.0	0.0	0.0	0.0
OG0006592	0.0	0.0	0.0	0.0
OG0006593	0.0	0.0	0.0	0.0
OG0006594	0.0	0.0	0.0	0.0
OG0006595	0.0	0.0	0.0	0.0
OG0006596	0.0	0.0	0.0	0.0
OG0006597	0.0	0.0	0.0	0.0
OG0006598	0.0	0.0	0.0	0.0
OG0006599	0.0	0.0	0.0	0.0
OG0006600	0.0	0.0	0.0	0.0
OG0006601	0.0	0.0	0.0	0.0
OG0006603	0.0	0.0	0.0	0.0
OG0006604	0.0	0.0	0.0	0.0
OG0006605	0.0	0.0	0.0	0.0
OG0006606	0.0	0.0	0.0	0.0
OG0006607	0.0	0.0	0.0	0.0
OG0006608	0.0	0.0	0.0	0.0
OG0006613	0.0	0.0	0.0	0.0
OG0006614	0.0	0.0	0.0	0.0
OG0006617	0.0	0.0	0.0	0.0
OG0006619	0.0	0.0	0.0	0.0
OG0006621	0.0	0.0	0.0	0.0
OG0006622	0.0	0.0	0.0	0.0
OG0006623	0.0	0.0	0.0	0.0
OG0006624	0.0	0.0	0.0	0.0
OG0006625	0.0	0.0	0.0	0.0
OG0006626	0.0	0.0	0.0	0.0
OG0006629	0.0	0.0	0.0	0.0
OG0006630	0.0	0.0	0.0	0.0
OG0006631	0.0	0.0	0.0	0.0
OG0006633	0.0	0.0	0.0	0.0
OG0006636	0.0	0.0	0.0	0.0
OG0006637	0.0	0.0	0.0	0.0
OG0006638	0.0	0.0	0.0	0.0
OG0006639	0.0	0.0	0.0	0.0
OG0006640	0.0	0.0	0.0	0.0
OG0006641	0.0	0.0	0.0	0.0
OG0006643	0.0	0.0	0.0	0.0
OG0006645	0.0	0.0	0.0	0.0
OG0006647	0.0	0.0	0.0	0.0
OG0006649	0.0	0.0	0.0	0.0
OG0006662	0.0	0.0	0.0	0.0
OG0006663	0.0	0.0	0.0	0.0
OG0006666	0.0	0.0	0.0	0.0
OG0006670	0.0	0.0	0.0	0.0
OG0006672	0.0	0.0	0.0	0.0
OG0006673	0.0	0.0	0.0	0.0
OG0006677	0.0	0.0	0.0	0.0
OG0006680	0.0	0.0	0.0	0.0
OG0006681	0.0	0.0	0.0	0.0
OG0006682	0.0	0.0	0.0	0.0
OG0006683	0.0	0.0	0.0	0.0
OG0006686	0.0	0.0	0.0	0.0
OG0006687	0.0	0.0	0.0	0.0
OG0006691	0.0	0.0	0.0	0.0
OG0006692	0.0	0.0	0.0	0.0
OG0006693	0.0	0.0	0.0	0.0
OG0006696	0.0	0.0	0.0	0.0
OG0006697	0.0	0.0	0.0	0.0
OG0006698	0.0	0.0	0.0	0.0
OG0006701	0.0	0.0	0.0	0.0
OG0006702	0.0	0.0	0.0	0.0
OG0006703	0.0	0.0	0.0	0.0
OG0006704	0.0	0.0	0.0	0.0
OG0006705	0.0	0.0	0.0	0.0
OG0006707	0.0	0.0	0.0	0.0
OG0006708	0.0	0.0	0.0	0.0
OG0006709	0.0	0.0	0.0	0.0
OG0006710	0.0	0.0	0.0	0.0
OG0006711	0.0	0.0	0.0	0.0
OG0006712	0.0	0.0	0.0	0.0
OG0006714	0.0	0.0	0.0	0.0
OG0006715	0.0	0.0	0.0	0.0
OG0006716	0.0	0.0	0.0	0.0
OG0006718	0.0	0.0	0.0	0.0
OG0006719	0.0	0.0	0.0	0.0
OG0006720	0.0	0.0	0.0	0.0
OG0006721	0.0	0.0	0.0	0.0
OG0006722	0.0	0.0	0.0	0.0
OG0006723	0.0	0.0	0.0	0.0
OG0006725	0.0	0.0	0.0	0.0
OG0006726	0.0	0.0	0.0	0.0
OG0006728	0.0	0.0	0.0	0.0
OG0006731	0.0	0.0	0.0	0.0
OG0006733	0.0	0.0	0.0	0.0
OG0006735	0.0	0.0	0.0	0.0
OG0006740	0.0	0.0	0.0	0.0
OG0006741	0.0	0.0	0.0	0.0
OG0006742	0.0	0.0	0.0	0.0
OG0006743	0.0	0.0	0.0	0.0
OG0006744	0.0	0.0	0.0	0.0
OG0006747	0.0	0.0	0.0	0.0
OG0006748	0.0	0.0	0.0	0.0
OG0006749	0.0	0.0	0.0	0.0
OG0006750	0.0	0.0	0.0	0.0
OG0006752	0.0	0.0	0.0	0.0
OG0006753	0.0	0.0	0.0	0.0
OG0006755	0.0	0.0	0.0	0.0
OG0006759	0.0	0.0	0.0	0.0
OG0006762	0.0	0.0	0.0	0.0
OG0006763	0.0	0.0	0.0	0.0
OG0006764	0.0	0.0	0.0	0.0
OG0006779	0.0	0.0	0.0	0.0
OG0006785	0.0	0.0	0.0	0.0
OG0006786	0.0	0.0	0.0	0.0
OG0006789	0.0	0.0	0.0	0.0
OG0006790	0.0	0.0	0.0	0.0
OG0006792	0.0	0.0	0.0	0.0
OG0006793	0.0	0.0	0.0	0.0
OG0006796	0.0	0.0	0.0	0.0
OG0006797	0.0	0.0	0.0	0.0
OG0006799	0.0	0.0	0.0	0.0
OG0006803	0.0	0.0	0.0	0.0
OG0006804	0.0	0.0	0.0	0.0
OG0006806	0.0	0.0	0.0	0.0
OG0006807	0.0	0.0	0.0	0.0
OG0006811	0.0	0.0	0.0	0.0
OG0006814	0.0	0.0	0.0	0.0
OG0006815	0.0	0.0	0.0	0.0
OG0006816	0.0	0.0	0.0	0.0
OG0006818	0.0	0.0	0.0	0.0
OG0006819	0.0	0.0	0.0	0.0
OG0006820	0.0	0.0	0.0	0.0
OG0006821	0.0	0.0	0.0	0.0
OG0006822	0.0	0.0	0.0	0.0
OG0006824	0.0	0.0	0.0	0.0
OG0006825	0.0	0.0	0.0	0.0
OG0006826	0.0	0.0	0.0	0.0
OG0006827	0.0	0.0	0.0	0.0
OG0006828	0.0	0.0	0.0	0.0
OG0006829	0.0	0.0	0.0	0.0
OG0006830	0.0	0.0	0.0	0.0
OG0006832	0.0	0.0	0.0	0.0
OG0006833	0.0	0.0	0.0	0.0
OG0006834	0.0	0.0	0.0	0.0
OG0006835	0.0	0.0	0.0	0.0
OG0006838	0.0	0.0	0.0	0.0
OG0006839	0.0	0.0	0.0	0.0
OG0006840	0.0	0.0	0.0	0.0
OG0006841	0.0	0.0	0.0	0.0
OG0006843	0.0	0.0	0.0	0.0
OG0006845	0.0	0.0	0.0	0.0
OG0006848	0.0	0.0	0.0	0.0
OG0006849	0.0	0.0	0.0	0.0
OG0006850	0.0	0.0	0.0	0.0
OG0006851	0.0	0.0	0.0	0.0
OG0006856	0.0	0.0	0.0	0.0
OG0006859	0.0	0.0	0.0	0.0
OG0006860	0.0	0.0	0.0	0.0
OG0006861	0.0	0.0	0.0	0.0
OG0006862	0.0	0.0	0.0	0.0
OG0006864	0.0	0.0	0.0	0.0
OG0006865	0.0	0.0	0.0	0.0
OG0006867	0.0	0.0	0.0	0.0
OG0006869	0.0	0.0	0.0	0.0
OG0006874	0.0	0.0	0.0	0.0
OG0006875	0.0	0.0	0.0	0.0
OG0006876	0.0	0.0	0.0	0.0
OG0006877	0.0	0.0	0.0	0.0
OG0006878	0.0	0.0	0.0	0.0
OG0006881	0.0	0.0	0.0	0.0
OG0006883	0.0	0.0	0.0	0.0
OG0006884	0.0	0.0	0.0	0.0
OG0006887	0.0	0.0	0.0	0.0
OG0006889	0.0	0.0	0.0	0.0
OG0006890	0.0	0.0	0.0	0.0
OG0006896	0.0	0.0	0.0	0.0
OG0006897	0.0	0.0	0.0	0.0
OG0006899	0.0	0.0	0.0	0.0
OG0006900	0.0	0.0	0.0	0.0
OG0006901	0.0	0.0	0.0	0.0
OG0006902	0.0	0.0	0.0	0.0
OG0006904	0.0	0.0	0.0	0.0
OG0006913	0.0	0.0	0.0	0.0
OG0006925	0.0	0.0	0.0	0.0
OG0006927	0.0	0.0	0.0	0.0
OG0006929	0.0	0.0	0.0	0.0
OG0006932	0.0	0.0	0.0	0.0
OG0006934	0.0	0.0	0.0	0.0
OG0006938	0.0	0.0	0.0	0.0
OG0006939	0.0	0.0	0.0	0.0
OG0006944	0.0	0.0	0.0	0.0
OG0006946	0.0	0.0	0.0	0.0
OG0006947	0.0	0.0	0.0	0.0
OG0006948	0.0	0.0	0.0	0.0
OG0006949	0.0	0.0	0.0	0.0
OG0006951	0.0	0.0	0.0	0.0
OG0006952	0.0	0.0	0.0	0.0
OG0006956	0.0	0.0	0.0	0.0
OG0006957	0.0	0.0	0.0	0.0
OG0006960	0.0	0.0	0.0	0.0
OG0006962	0.0	0.0	0.0	0.0
OG0006963	0.0	0.0	0.0	0.0
OG0006965	0.0	0.0	0.0	0.0
OG0006967	0.0	0.0	0.0	0.0
OG0006968	0.0	0.0	0.0	0.0
OG0006969	0.0	0.0	0.0	0.0
OG0006972	0.0	0.0	0.0	0.0
OG0006973	0.0	0.0	0.0	0.0
OG0006974	0.0	0.0	0.0	0.0
OG0006975	0.0	0.0	0.0	0.0
OG0006976	0.0	0.0	0.0	0.0
OG0006977	0.0	0.0	0.0	0.0
OG0006978	0.0	0.0	0.0	0.0
OG0006981	0.0	0.0	0.0	0.0
OG0006982	0.0	0.0	0.0	0.0
OG0006983	0.0	0.0	0.0	0.0
OG0006987	0.0	0.0	0.0	0.0
OG0006988	0.0	0.0	0.0	0.0
OG0006989	0.0	0.0	0.0	0.0
OG0006990	0.0	0.0	0.0	0.0
OG0006992	0.0	0.0	0.0	0.0
OG0006993	0.0	0.0	0.0	0.0
OG0006994	0.0	0.0	0.0	0.0
OG0006995	0.0	0.0	0.0	0.0
OG0006998	0.0	0.0	0.0	0.0
OG0007004	0.0	0.0	0.0	0.0
OG0007005	0.0	0.0	0.0	0.0
OG0007006	0.0	0.0	0.0	0.0
OG0007008	0.0	0.0	0.0	0.0
OG0007010	0.0	0.0	0.0	0.0
OG0007011	0.0	0.0	0.0	0.0
OG0007012	0.0	0.0	0.0	0.0
OG0007013	0.0	0.0	0.0	0.0
OG0007015	0.0	0.0	0.0	0.0
OG0007017	0.0	0.0	0.0	0.0
OG0007019	0.0	0.0	0.0	0.0
OG0007020	0.0	0.0	0.0	0.0
OG0007021	0.0	0.0	0.0	0.0
OG0007022	0.0	0.0	0.0	0.0
OG0007024	0.0	0.0	0.0	0.0
OG0007025	0.0	0.0	0.0	0.0
OG0007028	0.0	0.0	0.0	0.0
OG0007029	0.0	0.0	0.0	0.0
OG0007032	0.0	0.0	0.0	0.0
OG0007033	0.0	0.0	0.0	0.0
OG0007037	0.0	0.0	0.0	0.0
OG0007038	0.0	0.0	0.0	0.0
OG0007042	0.0	0.0	0.0	0.0
OG0007055	0.0	0.0	0.0	0.0
OG0007057	0.0	0.0	0.0	0.0
OG0007058	0.0	0.0	0.0	0.0
OG0007059	0.0	0.0	0.0	0.0
OG0007062	0.0	0.0	0.0	0.0
OG0007065	0.0	0.0	0.0	0.0
OG0007069	0.0	0.0	0.0	0.0
OG0007071	0.0	0.0	0.0	0.0
OG0007072	0.0	0.0	0.0	0.0
OG0007076	0.0	0.0	0.0	0.0
OG0007077	0.0	0.0	0.0	0.0
OG0007078	0.0	0.0	0.0	0.0
OG0007083	0.0	0.0	0.0	0.0
OG0007084	0.0	0.0	0.0	0.0
OG0007086	0.0	0.0	0.0	0.0
OG0007087	0.0	0.0	0.0	0.0
OG0007088	0.0	0.0	0.0	0.0
OG0007091	0.0	0.0	0.0	0.0
OG0007093	0.0	0.0	0.0	0.0
OG0007094	0.0	0.0	0.0	0.0
OG0007095	0.0	0.0	0.0	0.0
OG0007096	0.0	0.0	0.0	0.0
OG0007097	0.0	0.0	0.0	0.0
OG0007100	0.0	0.0	0.0	0.0
OG0007101	0.0	0.0	0.0	0.0
OG0007102	0.0	0.0	0.0	0.0
OG0007103	0.0	0.0	0.0	0.0
OG0007104	0.0	0.0	0.0	0.0
OG0007106	0.0	0.0	0.0	0.0
OG0007107	0.0	0.0	0.0	0.0
OG0007108	0.0	0.0	0.0	0.0
OG0007109	0.0	0.0	0.0	0.0
OG0007111	0.0	0.0	0.0	0.0
OG0007112	0.0	0.0	0.0	0.0
OG0007113	0.0	0.0	0.0	0.0
OG0007114	0.0	0.0	0.0	0.0
OG0007115	0.0	0.0	0.0	0.0
OG0007116	0.0	0.0	0.0	0.0
OG0007117	0.0	0.0	0.0	0.0
OG0007118	0.0	0.0	0.0	0.0
OG0007120	0.0	0.0	0.0	0.0
OG0007122	0.0	0.0	0.0	0.0
OG0007123	0.0	0.0	0.0	0.0
OG0007125	0.0	0.0	0.0	0.0
OG0007127	0.0	0.0	0.0	0.0
OG0007143	0.0	0.0	0.0	0.0
OG0007144	0.0	0.0	0.0	0.0
OG0007150	0.0	0.0	0.0	0.0
OG0007151	0.0	0.0	0.0	0.0
OG0007153	0.0	0.0	0.0	0.0
OG0007154	0.0	0.0	0.0	0.0
OG0007155	0.0	0.0	0.0	0.0
OG0007156	0.0	0.0	0.0	0.0
OG0007157	0.0	0.0	0.0	0.0
OG0007158	0.0	0.0	0.0	0.0
OG0007159	0.0	0.0	0.0	0.0
OG0007161	0.0	0.0	0.0	0.0
OG0007163	0.0	0.0	0.0	0.0
OG0007164	0.0	0.0	0.0	0.0
OG0007165	0.0	0.0	0.0	0.0
OG0007166	0.0	0.0	0.0	0.0
OG0007167	0.0	0.0	0.0	0.0
OG0007169	0.0	0.0	0.0	0.0
OG0007171	0.0	0.0	0.0	0.0
OG0007173	0.0	0.0	0.0	0.0
OG0007174	0.0	0.0	0.0	0.0
OG0007176	0.0	0.0	0.0	0.0
OG0007177	0.0	0.0	0.0	0.0
OG0007178	0.0	0.0	0.0	0.0
OG0007191	0.0	0.0	0.0	0.0
OG0007198	0.0	0.0	0.0	0.0
OG0007201	0.0	0.0	0.0	0.0
OG0007206	0.0	0.0	0.0	0.0
OG0007212	0.0	0.0	0.0	0.0
OG0007213	0.0	0.0	0.0	0.0
OG0007214	0.0	0.0	0.0	0.0
OG0007218	0.0	0.0	0.0	0.0
OG0007219	0.0	0.0	0.0	0.0
OG0007221	0.0	0.0	0.0	0.0
OG0007222	0.0	0.0	0.0	0.0
OG0007223	0.0	0.0	0.0	0.0
OG0007225	0.0	0.0	0.0	0.0
OG0007226	0.0	0.0	0.0	0.0
OG0007227	0.0	0.0	0.0	0.0
OG0007229	0.0	0.0	0.0	0.0
OG0007232	0.0	0.0	0.0	0.0
OG0007235	0.0	0.0	0.0	0.0
OG0007236	0.0	0.0	0.0	0.0
OG0007237	0.0	0.0	0.0	0.0
OG0007238	0.0	0.0	0.0	0.0
OG0007239	0.0	0.0	0.0	0.0
OG0007241	0.0	0.0	0.0	0.0
OG0007243	0.0	0.0	0.0	0.0
OG0007244	0.0	0.0	0.0	0.0
OG0007245	0.0	0.0	0.0	0.0
OG0007246	0.0	0.0	0.0	0.0
OG0007247	0.0	0.0	0.0	0.0
OG0007249	0.0	0.0	0.0	0.0
OG0007251	0.0	0.0	0.0	0.0
OG0007252	0.0	0.0	0.0	0.0
OG0007254	0.0	0.0	0.0	0.0
OG0007255	0.0	0.0	0.0	0.0
OG0007256	0.0	0.0	0.0	0.0
OG0007258	0.0	0.0	0.0	0.0
OG0007259	0.0	0.0	0.0	0.0
OG0007261	0.0	0.0	0.0	0.0
OG0007262	0.0	0.0	0.0	0.0
OG0007263	0.0	0.0	0.0	0.0
OG0007265	0.0	0.0	0.0	0.0
OG0007266	0.0	0.0	0.0	0.0
OG0007269	0.0	0.0	0.0	0.0
OG0007270	0.0	0.0	0.0	0.0
OG0007272	0.0	0.0	0.0	0.0
OG0007273	0.0	0.0	0.0	0.0
OG0007274	0.0	0.0	0.0	0.0
OG0007275	0.0	0.0	0.0	0.0
OG0007281	0.0	0.0	0.0	0.0
OG0007292	0.0	0.0	0.0	0.0
OG0007293	0.0	0.0	0.0	0.0
OG0007294	0.0	0.0	0.0	0.0
OG0007295	0.0	0.0	0.0	0.0
OG0007296	0.0	0.0	0.0	0.0
OG0007298	0.0	0.0	0.0	0.0
OG0007300	0.0	0.0	0.0	0.0
OG0007301	0.0	0.0	0.0	0.0
OG0007302	0.0	0.0	0.0	0.0
OG0007303	0.0	0.0	0.0	0.0
OG0007304	0.0	0.0	0.0	0.0
OG0007306	0.0	0.0	0.0	0.0
OG0007307	0.0	0.0	0.0	0.0
OG0007308	0.0	0.0	0.0	0.0
OG0007309	0.0	0.0	0.0	0.0
OG0007310	0.0	0.0	0.0	0.0
OG0007311	0.0	0.0	0.0	0.0
OG0007312	0.0	0.0	0.0	0.0
OG0007314	0.0	0.0	0.0	0.0
OG0007316	0.0	0.0	0.0	0.0
OG0007317	0.0	0.0	0.0	0.0
OG0007320	0.0	0.0	0.0	0.0
OG0007321	0.0	0.0	0.0	0.0
OG0007322	0.0	0.0	0.0	0.0
OG0007324	0.0	0.0	0.0	0.0
OG0007325	0.0	0.0	0.0	0.0
OG0007326	0.0	0.0	0.0	0.0
OG0007327	0.0	0.0	0.0	0.0
OG0007328	0.0	0.0	0.0	0.0
OG0007331	0.0	0.0	0.0	0.0
OG0007338	0.0	0.0	0.0	0.0
OG0007340	0.0	0.0	0.0	0.0
OG0007361	0.0	0.0	0.0	0.0
OG0007364	0.0	0.0	0.0	0.0
OG0007365	0.0	0.0	0.0	0.0
OG0007368	0.0	0.0	0.0	0.0
OG0007370	0.0	0.0	0.0	0.0
OG0007373	0.0	0.0	0.0	0.0
OG0007374	0.0	0.0	0.0	0.0
OG0007375	0.0	0.0	0.0	0.0
OG0007376	0.0	0.0	0.0	0.0
OG0007378	0.0	0.0	0.0	0.0
OG0007380	0.0	0.0	0.0	0.0
OG0007381	0.0	0.0	0.0	0.0
OG0007382	0.0	0.0	0.0	0.0
OG0007384	0.0	0.0	0.0	0.0
OG0007385	0.0	0.0	0.0	0.0
OG0007387	0.0	0.0	0.0	0.0
OG0007389	0.0	0.0	0.0	0.0
OG0007392	0.0	0.0	0.0	0.0
OG0007394	0.0	0.0	0.0	0.0
OG0007396	0.0	0.0	0.0	0.0
OG0007398	0.0	0.0	0.0	0.0
OG0007400	0.0	0.0	0.0	0.0
OG0007401	0.0	0.0	0.0	0.0
OG0007402	0.0	0.0	0.0	0.0
OG0007403	0.0	0.0	0.0	0.0
OG0007404	0.0	0.0	0.0	0.0
OG0007405	0.0	0.0	0.0	0.0
OG0007406	0.0	0.0	0.0	0.0
OG0007407	0.0	0.0	0.0	0.0
OG0007410	0.0	0.0	0.0	0.0
OG0007411	0.0	0.0	0.0	0.0
OG0007413	0.0	0.0	0.0	0.0
OG0007414	0.0	0.0	0.0	0.0
OG0007415	0.0	0.0	0.0	0.0
OG0007416	0.0	0.0	0.0	0.0
OG0007417	0.0	0.0	0.0	0.0
OG0007419	0.0	0.0	0.0	0.0
OG0007420	0.0	0.0	0.0	0.0
OG0007421	0.0	0.0	0.0	0.0
OG0007422	0.0	0.0	0.0	0.0
OG0007423	0.0	0.0	0.0	0.0
OG0007424	0.0	0.0	0.0	0.0
OG0007425	0.0	0.0	0.0	0.0
OG0007426	0.0	0.0	0.0	0.0
OG0007427	0.0	0.0	0.0	0.0
OG0007428	0.0	0.0	0.0	0.0
OG0007429	0.0	0.0	0.0	0.0
OG0007430	0.0	0.0	0.0	0.0
OG0007431	0.0	0.0	0.0	0.0
OG0007432	0.0	0.0	0.0	0.0
OG0007433	0.0	0.0	0.0	0.0
OG0007434	0.0	0.0	0.0	0.0
OG0007435	0.0	0.0	0.0	0.0
OG0007436	0.0	0.0	0.0	0.0
OG0007437	0.0	0.0	0.0	0.0
OG0007438	0.0	0.0	0.0	0.0
OG0007439	0.0	0.0	0.0	0.0
OG0007440	0.0	0.0	0.0	0.0
OG0007441	0.0	0.0	0.0	0.0
OG0007442	0.0	0.0	0.0	0.0
OG0007443	0.0	0.0	0.0	0.0
OG0007444	0.0	0.0	0.0	0.0
OG0007445	0.0	0.0	0.0	0.0
OG0007446	0.0	0.0	0.0	0.0
OG0007448	0.0	0.0	0.0	0.0
OG0007450	0.0	0.0	0.0	0.0
OG0007453	0.0	0.0	0.0	0.0
OG0007458	0.0	0.0	0.0	0.0
OG0007461	0.0	0.0	0.0	0.0
OG0007465	0.0	0.0	0.0	0.0
OG0007466	0.0	0.0	0.0	0.0
OG0007467	0.0	0.0	0.0	0.0
OG0007472	0.0	0.0	0.0	0.0
OG0007473	0.0	0.0	0.0	0.0
OG0007474	0.0	0.0	0.0	0.0
OG0007475	0.0	0.0	0.0	0.0
OG0007476	0.0	0.0	0.0	0.0
OG0007477	0.0	0.0	0.0	0.0
OG0007479	0.0	0.0	0.0	0.0
OG0007481	0.0	0.0	0.0	0.0
OG0007483	0.0	0.0	0.0	0.0
OG0007484	0.0	0.0	0.0	0.0
OG0007485	0.0	0.0	0.0	0.0
OG0007486	0.0	0.0	0.0	0.0
OG0007487	0.0	0.0	0.0	0.0
OG0007488	0.0	0.0	0.0	0.0
OG0007492	0.0	0.0	0.0	0.0
OG0007493	0.0	0.0	0.0	0.0
OG0007494	0.0	0.0	0.0	0.0
OG0007495	0.0	0.0	0.0	0.0
OG0007496	0.0	0.0	0.0	0.0
OG0007500	0.0	0.0	0.0	0.0
OG0007501	0.0	0.0	0.0	0.0
OG0007502	0.0	0.0	0.0	0.0
OG0007503	0.0	0.0	0.0	0.0
OG0007504	0.0	0.0	0.0	0.0
OG0007505	0.0	0.0	0.0	0.0
OG0007507	0.0	0.0	0.0	0.0
OG0007508	0.0	0.0	0.0	0.0
OG0007509	0.0	0.0	0.0	0.0
OG0007510	0.0	0.0	0.0	0.0
OG0007511	0.0	0.0	0.0	0.0
OG0007512	0.0	0.0	0.0	0.0
OG0007513	0.0	0.0	0.0	0.0
OG0007517	0.0	0.0	0.0	0.0
OG0007519	0.0	0.0	0.0	0.0
OG0007523	0.0	0.0	0.0	0.0
OG0007535	0.0	0.0	0.0	0.0
OG0007537	0.0	0.0	0.0	0.0
OG0007543	0.0	0.0	0.0	0.0
OG0007550	0.0	0.0	0.0	0.0
OG0007551	0.0	0.0	0.0	0.0
OG0007556	0.0	0.0	0.0	0.0
OG0007558	0.0	0.0	0.0	0.0
OG0007559	0.0	0.0	0.0	0.0
OG0007560	0.0	0.0	0.0	0.0
OG0007563	0.0	0.0	0.0	0.0
OG0007564	0.0	0.0	0.0	0.0
OG0007565	0.0	0.0	0.0	0.0
OG0007566	0.0	0.0	0.0	0.0
OG0007567	0.0	0.0	0.0	0.0
OG0007570	0.0	0.0	0.0	0.0
OG0007571	0.0	0.0	0.0	0.0
OG0007572	0.0	0.0	0.0	0.0
OG0007573	0.0	0.0	0.0	0.0
OG0007574	0.0	0.0	0.0	0.0
OG0007575	0.0	0.0	0.0	0.0
OG0007576	0.0	0.0	0.0	0.0
OG0007577	0.0	0.0	0.0	0.0
OG0007578	0.0	0.0	0.0	0.0
OG0007579	0.0	0.0	0.0	0.0
OG0007580	0.0	0.0	0.0	0.0
OG0007581	0.0	0.0	0.0	0.0
OG0007582	0.0	0.0	0.0	0.0
OG0007583	0.0	0.0	0.0	0.0
OG0007584	0.0	0.0	0.0	0.0
OG0007585	0.0	0.0	0.0	0.0
OG0007586	0.0	0.0	0.0	0.0
OG0007587	0.0	0.0	0.0	0.0
OG0007588	0.0	0.0	0.0	0.0
OG0007589	0.0	0.0	0.0	0.0
OG0007590	0.0	0.0	0.0	0.0
OG0007591	0.0	0.0	0.0	0.0
OG0007593	0.0	0.0	0.0	0.0
OG0007594	0.0	0.0	0.0	0.0
OG0007595	0.0	0.0	0.0	0.0
OG0007597	0.0	0.0	0.0	0.0
OG0007598	0.0	0.0	0.0	0.0
OG0007599	0.0	0.0	0.0	0.0
OG0007602	0.0	0.0	0.0	0.0
OG0007603	0.0	0.0	0.0	0.0
OG0007604	0.0	0.0	0.0	0.0
OG0007605	0.0	0.0	0.0	0.0
OG0007606	0.0	0.0	0.0	0.0
OG0007607	0.0	0.0	0.0	0.0
OG0007608	0.0	0.0	0.0	0.0
OG0007609	0.0	0.0	0.0	0.0
OG0007610	0.0	0.0	0.0	0.0
OG0007612	0.0	0.0	0.0	0.0
OG0007613	0.0	0.0	0.0	0.0
OG0007614	0.0	0.0	0.0	0.0
OG0007615	0.0	0.0	0.0	0.0
OG0007616	0.0	0.0	0.0	0.0
OG0007617	0.0	0.0	0.0	0.0
OG0007618	0.0	0.0	0.0	0.0
OG0007619	0.0	0.0	0.0	0.0
OG0007620	0.0	0.0	0.0	0.0
OG0007621	0.0	0.0	0.0	0.0
OG0007622	0.0	0.0	0.0	0.0
OG0007623	0.0	0.0	0.0	0.0
OG0007624	0.0	0.0	0.0	0.0
OG0007625	0.0	0.0	0.0	0.0
OG0007626	0.0	0.0	0.0	0.0
OG0007627	0.0	0.0	0.0	0.0
OG0007628	0.0	0.0	0.0	0.0
OG0007629	0.0	0.0	0.0	0.0
OG0007630	0.0	0.0	0.0	0.0
OG0007631	0.0	0.0	0.0	0.0
OG0007632	0.0	0.0	0.0	0.0
OG0007633	0.0	0.0	0.0	0.0
OG0007634	0.0	0.0	0.0	0.0
OG0007635	0.0	0.0	0.0	0.0
OG0007637	0.0	0.0	0.0	0.0
OG0007638	0.0	0.0	0.0	0.0
OG0007639	0.0	0.0	0.0	0.0
OG0007643	0.0	0.0	0.0	0.0
OG0007645	0.0	0.0	0.0	0.0
OG0007646	0.0	0.0	0.0	0.0
OG0007648	0.0	0.0	0.0	0.0
OG0007652	0.0	0.0	0.0	0.0
OG0007657	0.0	0.0	0.0	0.0
OG0007661	0.0	0.0	0.0	0.0
OG0007662	0.0	0.0	0.0	0.0
OG0007668	0.0	0.0	0.0	0.0
OG0007669	0.0	0.0	0.0	0.0
OG0007676	0.0	0.0	0.0	0.0
OG0007677	0.0	0.0	0.0	0.0
OG0007678	0.0	0.0	0.0	0.0
OG0007679	0.0	0.0	0.0	0.0
OG0007683	0.0	0.0	0.0	0.0
OG0007684	0.0	0.0	0.0	0.0
OG0007685	0.0	0.0	0.0	0.0
OG0007687	0.0	0.0	0.0	0.0
OG0007689	0.0	0.0	0.0	0.0
OG0007690	0.0	0.0	0.0	0.0
OG0007691	0.0	0.0	0.0	0.0
OG0007692	0.0	0.0	0.0	0.0
OG0007693	0.0	0.0	0.0	0.0
OG0007695	0.0	0.0	0.0	0.0
OG0007696	0.0	0.0	0.0	0.0
OG0007698	0.0	0.0	0.0	0.0
OG0007702	0.0	0.0	0.0	0.0
OG0007703	0.0	0.0	0.0	0.0
OG0007704	0.0	0.0	0.0	0.0
OG0007715	0.0	0.0	0.0	0.0
OG0007716	0.0	0.0	0.0	0.0
OG0007717	0.0	0.0	0.0	0.0
OG0007718	0.0	0.0	0.0	0.0
OG0007719	0.0	0.0	0.0	0.0
OG0007748	0.0	0.0	0.0	0.0
OG0007750	0.0	0.0	0.0	0.0
OG0007753	0.0	0.0	0.0	0.0
OG0007762	0.0	0.0	0.0	0.0
OG0007763	0.0	0.0	0.0	0.0
OG0007764	0.0	0.0	0.0	0.0
OG0007765	0.0	0.0	0.0	0.0
OG0007767	0.0	0.0	0.0	0.0
OG0007768	0.0	0.0	0.0	0.0
OG0007770	0.0	0.0	0.0	0.0
OG0007772	0.0	0.0	0.0	0.0
OG0007773	0.0	0.0	0.0	0.0
OG0007774	0.0	0.0	0.0	0.0
OG0007775	0.0	0.0	0.0	0.0
OG0007776	0.0	0.0	0.0	0.0
OG0007777	0.0	0.0	0.0	0.0
OG0007779	0.0	0.0	0.0	0.0
OG0007780	0.0	0.0	0.0	0.0
OG0007782	0.0	0.0	0.0	0.0
OG0007783	0.0	0.0	0.0	0.0
OG0007784	0.0	0.0	0.0	0.0
OG0007785	0.0	0.0	0.0	0.0
OG0007786	0.0	0.0	0.0	0.0
OG0007787	0.0	0.0	0.0	0.0
OG0007788	0.0	0.0	0.0	0.0
OG0007789	0.0	0.0	0.0	0.0
OG0007790	0.0	0.0	0.0	0.0
OG0007791	0.0	0.0	0.0	0.0
OG0007793	0.0	0.0	0.0	0.0
OG0007794	0.0	0.0	0.0	0.0
OG0007795	0.0	0.0	0.0	0.0
OG0007796	0.0	0.0	0.0	0.0
OG0007797	0.0	0.0	0.0	0.0
OG0007798	0.0	0.0	0.0	0.0
OG0007800	0.0	0.0	0.0	0.0
OG0007801	0.0	0.0	0.0	0.0
OG0007802	0.0	0.0	0.0	0.0
OG0007803	0.0	0.0	0.0	0.0
OG0007804	0.0	0.0	0.0	0.0
OG0007805	0.0	0.0	0.0	0.0
OG0007806	0.0	0.0	0.0	0.0
OG0007808	0.0	0.0	0.0	0.0
OG0007809	0.0	0.0	0.0	0.0
OG0007810	0.0	0.0	0.0	0.0
OG0007811	0.0	0.0	0.0	0.0
OG0007812	0.0	0.0	0.0	0.0
OG0007813	0.0	0.0	0.0	0.0
OG0007816	0.0	0.0	0.0	0.0
OG0007818	0.0	0.0	0.0	0.0
OG0007819	0.0	0.0	0.0	0.0
OG0007820	0.0	0.0	0.0	0.0
OG0007821	0.0	0.0	0.0	0.0
OG0007823	0.0	0.0	0.0	0.0
OG0007824	0.0	0.0	0.0	0.0
OG0007825	0.0	0.0	0.0	0.0
OG0007828	0.0	0.0	0.0	0.0
OG0007829	0.0	0.0	0.0	0.0
OG0007830	0.0	0.0	0.0	0.0
OG0007831	0.0	0.0	0.0	0.0
OG0007832	0.0	0.0	0.0	0.0
OG0007833	0.0	0.0	0.0	0.0
OG0007834	0.0	0.0	0.0	0.0
OG0007835	0.0	0.0	0.0	0.0
OG0007836	0.0	0.0	0.0	0.0
OG0007837	0.0	0.0	0.0	0.0
OG0007838	0.0	0.0	0.0	0.0
OG0007839	0.0	0.0	0.0	0.0
OG0007840	0.0	0.0	0.0	0.0
OG0007841	0.0	0.0	0.0	0.0
OG0007842	0.0	0.0	0.0	0.0
OG0007843	0.0	0.0	0.0	0.0
OG0007844	0.0	0.0	0.0	0.0
OG0007845	0.0	0.0	0.0	0.0
OG0007846	0.0	0.0	0.0	0.0
OG0007847	0.0	0.0	0.0	0.0
OG0007848	0.0	0.0	0.0	0.0
OG0007849	0.0	0.0	0.0	0.0
OG0007850	0.0	0.0	0.0	0.0
OG0007851	0.0	0.0	0.0	0.0
OG0007852	0.0	0.0	0.0	0.0
OG0007853	0.0	0.0	0.0	0.0
OG0007854	0.0	0.0	0.0	0.0
OG0007856	0.0	0.0	0.0	0.0
OG0007857	0.0	0.0	0.0	0.0
OG0007858	0.0	0.0	0.0	0.0
OG0007860	0.0	0.0	0.0	0.0
OG0007862	0.0	0.0	0.0	0.0
OG0007863	0.0	0.0	0.0	0.0
OG0007865	0.0	0.0	0.0	0.0
OG0007866	0.0	0.0	0.0	0.0
OG0007867	0.0	0.0	0.0	0.0
OG0007869	0.0	0.0	0.0	0.0
OG0007875	0.0	0.0	0.0	0.0
OG0007876	0.0	0.0	0.0	0.0
OG0007878	0.0	0.0	0.0	0.0
OG0007880	0.0	0.0	0.0	0.0
OG0007881	0.0	0.0	0.0	0.0
OG0007891	0.0	0.0	0.0	0.0
OG0007893	0.0	0.0	0.0	0.0
OG0007895	0.0	0.0	0.0	0.0
OG0007896	0.0	0.0	0.0	0.0
OG0007898	0.0	0.0	0.0	0.0
OG0007901	0.0	0.0	0.0	0.0
OG0007903	0.0	0.0	0.0	0.0
OG0007904	0.0	0.0	0.0	0.0
OG0007905	0.0	0.0	0.0	0.0
OG0007906	0.0	0.0	0.0	0.0
OG0007907	0.0	0.0	0.0	0.0
OG0007909	0.0	0.0	0.0	0.0
OG0007912	0.0	0.0	0.0	0.0
OG0007913	0.0	0.0	0.0	0.0
OG0007914	0.0	0.0	0.0	0.0
OG0007915	0.0	0.0	0.0	0.0
OG0007919	0.0	0.0	0.0	0.0
OG0007920	0.0	0.0	0.0	0.0
OG0007921	0.0	0.0	0.0	0.0
OG0007922	0.0	0.0	0.0	0.0
OG0007925	0.0	0.0	0.0	0.0
OG0007926	0.0	0.0	0.0	0.0
OG0007927	0.0	0.0	0.0	0.0
OG0007928	0.0	0.0	0.0	0.0
OG0007930	0.0	0.0	0.0	0.0
OG0007931	0.0	0.0	0.0	0.0
OG0007932	0.0	0.0	0.0	0.0
OG0007938	0.0	0.0	0.0	0.0
OG0007939	0.0	0.0	0.0	0.0
OG0007944	0.0	0.0	0.0	0.0
OG0007967	0.0	0.0	0.0	0.0
OG0007971	0.0	0.0	0.0	0.0
OG0007972	0.0	0.0	0.0	0.0
OG0007975	0.0	0.0	0.0	0.0
OG0007976	0.0	0.0	0.0	0.0
OG0007986	0.0	0.0	0.0	0.0
OG0007988	0.0	0.0	0.0	0.0
OG0007989	0.0	0.0	0.0	0.0
OG0007991	0.0	0.0	0.0	0.0
OG0007993	0.0	0.0	0.0	0.0
OG0007994	0.0	0.0	0.0	0.0
OG0007996	0.0	0.0	0.0	0.0
OG0007997	0.0	0.0	0.0	0.0
OG0007999	0.0	0.0	0.0	0.0
OG0008000	0.0	0.0	0.0	0.0
OG0008001	0.0	0.0	0.0	0.0
OG0008002	0.0	0.0	0.0	0.0
OG0008004	0.0	0.0	0.0	0.0
OG0008005	0.0	0.0	0.0	0.0
OG0008006	0.0	0.0	0.0	0.0
OG0008008	0.0	0.0	0.0	0.0
OG0008009	0.0	0.0	0.0	0.0
OG0008010	0.0	0.0	0.0	0.0
OG0008011	0.0	0.0	0.0	0.0
OG0008012	0.0	0.0	0.0	0.0
OG0008013	0.0	0.0	0.0	0.0
OG0008014	0.0	0.0	0.0	0.0
OG0008015	0.0	0.0	0.0	0.0
OG0008016	0.0	0.0	0.0	0.0
OG0008017	0.0	0.0	0.0	0.0
OG0008018	0.0	0.0	0.0	0.0
OG0008019	0.0	0.0	0.0	0.0
OG0008021	0.0	0.0	0.0	0.0
OG0008023	0.0	0.0	0.0	0.0
OG0008025	0.0	0.0	0.0	0.0
OG0008026	0.0	0.0	0.0	0.0
OG0008027	0.0	0.0	0.0	0.0
OG0008028	0.0	0.0	0.0	0.0
OG0008030	0.0	0.0	0.0	0.0
OG0008031	0.0	0.0	0.0	0.0
OG0008032	0.0	0.0	0.0	0.0
OG0008033	0.0	0.0	0.0	0.0
OG0008034	0.0	0.0	0.0	0.0
OG0008035	0.0	0.0	0.0	0.0
OG0008036	0.0	0.0	0.0	0.0
OG0008037	0.0	0.0	0.0	0.0
OG0008038	0.0	0.0	0.0	0.0
OG0008039	0.0	0.0	0.0	0.0
OG0008040	0.0	0.0	0.0	0.0
OG0008041	0.0	0.0	0.0	0.0
OG0008042	0.0	0.0	0.0	0.0
OG0008043	0.0	0.0	0.0	0.0
OG0008045	0.0	0.0	0.0	0.0
OG0008046	0.0	0.0	0.0	0.0
OG0008047	0.0	0.0	0.0	0.0
OG0008048	0.0	0.0	0.0	0.0
OG0008049	0.0	0.0	0.0	0.0
OG0008050	0.0	0.0	0.0	0.0
OG0008051	0.0	0.0	0.0	0.0
OG0008052	0.0	0.0	0.0	0.0
OG0008053	0.0	0.0	0.0	0.0
OG0008056	0.0	0.0	0.0	0.0
OG0008057	0.0	0.0	0.0	0.0
OG0008059	0.0	0.0	0.0	0.0
OG0008060	0.0	0.0	0.0	0.0
OG0008062	0.0	0.0	0.0	0.0
OG0008063	0.0	0.0	0.0	0.0
OG0008064	0.0	0.0	0.0	0.0
OG0008072	0.0	0.0	0.0	0.0
OG0008075	0.0	0.0	0.0	0.0
OG0008077	0.0	0.0	0.0	0.0
OG0008078	0.0	0.0	0.0	0.0
OG0008079	0.0	0.0	0.0	0.0
OG0008084	0.0	0.0	0.0	0.0
OG0008086	0.0	0.0	0.0	0.0
OG0008088	0.0	0.0	0.0	0.0
OG0008089	0.0	0.0	0.0	0.0
OG0008091	0.0	0.0	0.0	0.0
OG0008092	0.0	0.0	0.0	0.0
OG0008093	0.0	0.0	0.0	0.0
OG0008095	0.0	0.0	0.0	0.0
OG0008096	0.0	0.0	0.0	0.0
OG0008097	0.0	0.0	0.0	0.0
OG0008098	0.0	0.0	0.0	0.0
OG0008099	0.0	0.0	0.0	0.0
OG0008100	0.0	0.0	0.0	0.0
OG0008101	0.0	0.0	0.0	0.0
OG0008102	0.0	0.0	0.0	0.0
OG0008103	0.0	0.0	0.0	0.0
OG0008105	0.0	0.0	0.0	0.0
OG0008107	0.0	0.0	0.0	0.0
OG0008118	0.0	0.0	0.0	0.0
OG0008122	0.0	0.0	0.0	0.0
OG0008131	0.0	0.0	0.0	0.0
OG0008149	0.0	0.0	0.0	0.0
OG0008154	0.0	0.0	0.0	0.0
OG0008156	0.0	0.0	0.0	0.0
OG0008157	0.0	0.0	0.0	0.0
OG0008158	0.0	0.0	0.0	0.0
OG0008160	0.0	0.0	0.0	0.0
OG0008162	0.0	0.0	0.0	0.0
OG0008163	0.0	0.0	0.0	0.0
OG0008167	0.0	0.0	0.0	0.0
OG0008168	0.0	0.0	0.0	0.0
OG0008170	0.0	0.0	0.0	0.0
OG0008172	0.0	0.0	0.0	0.0
OG0008173	0.0	0.0	0.0	0.0
OG0008175	0.0	0.0	0.0	0.0
OG0008176	0.0	0.0	0.0	0.0
OG0008177	0.0	0.0	0.0	0.0
OG0008181	0.0	0.0	0.0	0.0
OG0008182	0.0	0.0	0.0	0.0
OG0008183	0.0	0.0	0.0	0.0
OG0008185	0.0	0.0	0.0	0.0
OG0008186	0.0	0.0	0.0	0.0
OG0008187	0.0	0.0	0.0	0.0
OG0008188	0.0	0.0	0.0	0.0
OG0008189	0.0	0.0	0.0	0.0
OG0008190	0.0	0.0	0.0	0.0
OG0008191	0.0	0.0	0.0	0.0
OG0008192	0.0	0.0	0.0	0.0
OG0008193	0.0	0.0	0.0	0.0
OG0008194	0.0	0.0	0.0	0.0
OG0008195	0.0	0.0	0.0	0.0
OG0008197	0.0	0.0	0.0	0.0
OG0008198	0.0	0.0	0.0	0.0
OG0008199	0.0	0.0	0.0	0.0
OG0008201	0.0	0.0	0.0	0.0
OG0008203	0.0	0.0	0.0	0.0
OG0008204	0.0	0.0	0.0	0.0
OG0008205	0.0	0.0	0.0	0.0
OG0008206	0.0	0.0	0.0	0.0
OG0008207	0.0	0.0	0.0	0.0
OG0008208	0.0	0.0	0.0	0.0
OG0008209	0.0	0.0	0.0	0.0
OG0008210	0.0	0.0	0.0	0.0
OG0008211	0.0	0.0	0.0	0.0
OG0008212	0.0	0.0	0.0	0.0
OG0008213	0.0	0.0	0.0	0.0
OG0008216	0.0	0.0	0.0	0.0
OG0008219	0.0	0.0	0.0	0.0
OG0008222	0.0	0.0	0.0	0.0
OG0008223	0.0	0.0	0.0	0.0
OG0008227	0.0	0.0	0.0	0.0
OG0008229	0.0	0.0	0.0	0.0
OG0008233	0.0	0.0	0.0	0.0
OG0008237	0.0	0.0	0.0	0.0
OG0008238	0.0	0.0	0.0	0.0
OG0008240	0.0	0.0	0.0	0.0
OG0008244	0.0	0.0	0.0	0.0
OG0008250	0.0	0.0	0.0	0.0
OG0008254	0.0	0.0	0.0	0.0
OG0008258	0.0	0.0	0.0	0.0
OG0008259	0.0	0.0	0.0	0.0
OG0008260	0.0	0.0	0.0	0.0
OG0008261	0.0	0.0	0.0	0.0
OG0008265	0.0	0.0	0.0	0.0
OG0008266	0.0	0.0	0.0	0.0
OG0008268	0.0	0.0	0.0	0.0
OG0008269	0.0	0.0	0.0	0.0
OG0008270	0.0	0.0	0.0	0.0
OG0008271	0.0	0.0	0.0	0.0
OG0008272	0.0	0.0	0.0	0.0
OG0008273	0.0	0.0	0.0	0.0
OG0008276	0.0	0.0	0.0	0.0
OG0008277	0.0	0.0	0.0	0.0
OG0008278	0.0	0.0	0.0	0.0
OG0008280	0.0	0.0	0.0	0.0
OG0008282	0.0	0.0	0.0	0.0
OG0008284	0.0	0.0	0.0	0.0
OG0008285	0.0	0.0	0.0	0.0
OG0008301	0.0	0.0	0.0	0.0
OG0008303	0.0	0.0	0.0	0.0
OG0008308	0.0	0.0	0.0	0.0
OG0008333	0.0	0.0	0.0	0.0
OG0008335	0.0	0.0	0.0	0.0
OG0008339	0.0	0.0	0.0	0.0
OG0008340	0.0	0.0	0.0	0.0
OG0008344	0.0	0.0	0.0	0.0
OG0008346	0.0	0.0	0.0	0.0
OG0008347	0.0	0.0	0.0	0.0
OG0008349	0.0	0.0	0.0	0.0
OG0008350	0.0	0.0	0.0	0.0
OG0008351	0.0	0.0	0.0	0.0
OG0008355	0.0	0.0	0.0	0.0
OG0008356	0.0	0.0	0.0	0.0
OG0008357	0.0	0.0	0.0	0.0
OG0008358	0.0	0.0	0.0	0.0
OG0008360	0.0	0.0	0.0	0.0
OG0008365	0.0	0.0	0.0	0.0
OG0008366	0.0	0.0	0.0	0.0
OG0008368	0.0	0.0	0.0	0.0
OG0008371	0.0	0.0	0.0	0.0
OG0008372	0.0	0.0	0.0	0.0
OG0008377	0.0	0.0	0.0	0.0
OG0008378	0.0	0.0	0.0	0.0
OG0008379	0.0	0.0	0.0	0.0
OG0008380	0.0	0.0	0.0	0.0
OG0008381	0.0	0.0	0.0	0.0
OG0008382	0.0	0.0	0.0	0.0
OG0008383	0.0	0.0	0.0	0.0
OG0008384	0.0	0.0	0.0	0.0
OG0008387	0.0	0.0	0.0	0.0
OG0008390	0.0	0.0	0.0	0.0
OG0008391	0.0	0.0	0.0	0.0
OG0008393	0.0	0.0	0.0	0.0
OG0008395	0.0	0.0	0.0	0.0
OG0008396	0.0	0.0	0.0	0.0
OG0008397	0.0	0.0	0.0	0.0
OG0008398	0.0	0.0	0.0	0.0
OG0008399	0.0	0.0	0.0	0.0
OG0008401	0.0	0.0	0.0	0.0
OG0008403	0.0	0.0	0.0	0.0
OG0008404	0.0	0.0	0.0	0.0
OG0008405	0.0	0.0	0.0	0.0
OG0008406	0.0	0.0	0.0	0.0
OG0008407	0.0	0.0	0.0	0.0
OG0008409	0.0	0.0	0.0	0.0
OG0008410	0.0	0.0	0.0	0.0
OG0008412	0.0	0.0	0.0	0.0
OG0008414	0.0	0.0	0.0	0.0
OG0008416	0.0	0.0	0.0	0.0
OG0008417	0.0	0.0	0.0	0.0
OG0008419	0.0	0.0	0.0	0.0
OG0008422	0.0	0.0	0.0	0.0
OG0008424	0.0	0.0	0.0	0.0
OG0008425	0.0	0.0	0.0	0.0
OG0008426	0.0	0.0	0.0	0.0
OG0008427	0.0	0.0	0.0	0.0
OG0008428	0.0	0.0	0.0	0.0
OG0008430	0.0	0.0	0.0	0.0
OG0008433	0.0	0.0	0.0	0.0
OG0008434	0.0	0.0	0.0	0.0
OG0008438	0.0	0.0	0.0	0.0
OG0008439	0.0	0.0	0.0	0.0
OG0008441	0.0	0.0	0.0	0.0
OG0008442	0.0	0.0	0.0	0.0
OG0008448	0.0	0.0	0.0	0.0
OG0008458	0.0	0.0	0.0	0.0
OG0008461	0.0	0.0	0.0	0.0
OG0008463	0.0	0.0	0.0	0.0
OG0008464	0.0	0.0	0.0	0.0
OG0008466	0.0	0.0	0.0	0.0
OG0008467	0.0	0.0	0.0	0.0
OG0008469	0.0	0.0	0.0	0.0
OG0008471	0.0	0.0	0.0	0.0
OG0008472	0.0	0.0	0.0	0.0
OG0008473	0.0	0.0	0.0	0.0
OG0008474	0.0	0.0	0.0	0.0
OG0008476	0.0	0.0	0.0	0.0
OG0008477	0.0	0.0	0.0	0.0
OG0008480	0.0	0.0	0.0	0.0
OG0008481	0.0	0.0	0.0	0.0
OG0008482	0.0	0.0	0.0	0.0
OG0008483	0.0	0.0	0.0	0.0
OG0008484	0.0	0.0	0.0	0.0
OG0008485	0.0	0.0	0.0	0.0
OG0008486	0.0	0.0	0.0	0.0
OG0008488	0.0	0.0	0.0	0.0
OG0008489	0.0	0.0	0.0	0.0
OG0008491	0.0	0.0	0.0	0.0
OG0008493	0.0	0.0	0.0	0.0
OG0008495	0.0	0.0	0.0	0.0
OG0008501	0.0	0.0	0.0	0.0
OG0008502	0.0	0.0	0.0	0.0
OG0008504	0.0	0.0	0.0	0.0
OG0008505	0.0	0.0	0.0	0.0
OG0008506	0.0	0.0	0.0	0.0
OG0008507	0.0	0.0	0.0	0.0
OG0008516	0.0	0.0	0.0	0.0
OG0008522	0.0	0.0	0.0	0.0
OG0008556	0.0	0.0	0.0	0.0
OG0008559	0.0	0.0	0.0	0.0
OG0008560	0.0	0.0	0.0	0.0
OG0008561	0.0	0.0	0.0	0.0
OG0008569	0.0	0.0	0.0	0.0
OG0008570	0.0	0.0	0.0	0.0
OG0008571	0.0	0.0	0.0	0.0
OG0008572	0.0	0.0	0.0	0.0
OG0008577	0.0	0.0	0.0	0.0
OG0008580	0.0	0.0	0.0	0.0
OG0008583	0.0	0.0	0.0	0.0
OG0008586	0.0	0.0	0.0	0.0
OG0008587	0.0	0.0	0.0	0.0
OG0008588	0.0	0.0	0.0	0.0
OG0008590	0.0	0.0	0.0	0.0
OG0008591	0.0	0.0	0.0	0.0
OG0008592	0.0	0.0	0.0	0.0
OG0008594	0.0	0.0	0.0	0.0
OG0008595	0.0	0.0	0.0	0.0
OG0008596	0.0	0.0	0.0	0.0
OG0008597	0.0	0.0	0.0	0.0
OG0008599	0.0	0.0	0.0	0.0
OG0008601	0.0	0.0	0.0	0.0
OG0008602	0.0	0.0	0.0	0.0
OG0008603	0.0	0.0	0.0	0.0
OG0008604	0.0	0.0	0.0	0.0
OG0008605	0.0	0.0	0.0	0.0
OG0008606	0.0	0.0	0.0	0.0
OG0008607	0.0	0.0	0.0	0.0
OG0008608	0.0	0.0	0.0	0.0
OG0008609	0.0	0.0	0.0	0.0
OG0008610	0.0	0.0	0.0	0.0
OG0008611	0.0	0.0	0.0	0.0
OG0008613	0.0	0.0	0.0	0.0
OG0008614	0.0	0.0	0.0	0.0
OG0008615	0.0	0.0	0.0	0.0
OG0008616	0.0	0.0	0.0	0.0
OG0008617	0.0	0.0	0.0	0.0
OG0008618	0.0	0.0	0.0	0.0
OG0008619	0.0	0.0	0.0	0.0
OG0008620	0.0	0.0	0.0	0.0
OG0008621	0.0	0.0	0.0	0.0
OG0008623	0.0	0.0	0.0	0.0
OG0008624	0.0	0.0	0.0	0.0
OG0008625	0.0	0.0	0.0	0.0
OG0008626	0.0	0.0	0.0	0.0
OG0008627	0.0	0.0	0.0	0.0
OG0008628	0.0	0.0	0.0	0.0
OG0008629	0.0	0.0	0.0	0.0
OG0008631	0.0	0.0	0.0	0.0
OG0008633	0.0	0.0	0.0	0.0
OG0008634	0.0	0.0	0.0	0.0
OG0008635	0.0	0.0	0.0	0.0
OG0008636	0.0	0.0	0.0	0.0
OG0008638	0.0	0.0	0.0	0.0
OG0008639	0.0	0.0	0.0	0.0
OG0008642	0.0	0.0	0.0	0.0
OG0008643	0.0	0.0	0.0	0.0
OG0008645	0.0	0.0	0.0	0.0
OG0008648	0.0	0.0	0.0	0.0
OG0008651	0.0	0.0	0.0	0.0
OG0008652	0.0	0.0	0.0	0.0
OG0008653	0.0	0.0	0.0	0.0
OG0008655	0.0	0.0	0.0	0.0
OG0008656	0.0	0.0	0.0	0.0
OG0008657	0.0	0.0	0.0	0.0
OG0008658	0.0	0.0	0.0	0.0
OG0008659	0.0	0.0	0.0	0.0
OG0008660	0.0	0.0	0.0	0.0
OG0008663	0.0	0.0	0.0	0.0
OG0008681	0.0	0.0	0.0	0.0
OG0008684	0.0	0.0	0.0	0.0
OG0008686	0.0	0.0	0.0	0.0
OG0008688	0.0	0.0	0.0	0.0
OG0008689	0.0	0.0	0.0	0.0
OG0008690	0.0	0.0	0.0	0.0
OG0008692	0.0	0.0	0.0	0.0
OG0008693	0.0	0.0	0.0	0.0
OG0008695	0.0	0.0	0.0	0.0
OG0008696	0.0	0.0	0.0	0.0
OG0008698	0.0	0.0	0.0	0.0
OG0008699	0.0	0.0	0.0	0.0
OG0008700	0.0	0.0	0.0	0.0
OG0008701	0.0	0.0	0.0	0.0
OG0008703	0.0	0.0	0.0	0.0
OG0008704	0.0	0.0	0.0	0.0
OG0008706	0.0	0.0	0.0	0.0
OG0008707	0.0	0.0	0.0	0.0
OG0008708	0.0	0.0	0.0	0.0
OG0008709	0.0	0.0	0.0	0.0
OG0008712	0.0	0.0	0.0	0.0
OG0008713	0.0	0.0	0.0	0.0
OG0008715	0.0	0.0	0.0	0.0
OG0008717	0.0	0.0	0.0	0.0
OG0008718	0.0	0.0	0.0	0.0
OG0008719	0.0	0.0	0.0	0.0
OG0008722	0.0	0.0	0.0	0.0
OG0008724	0.0	0.0	0.0	0.0
OG0008737	0.0	0.0	0.0	0.0
OG0008743	0.0	0.0	0.0	0.0
OG0008746	0.0	0.0	0.0	0.0
OG0008752	0.0	0.0	0.0	0.0
OG0008777	0.0	0.0	0.0	0.0
OG0008778	0.0	0.0	0.0	0.0
OG0008781	0.0	0.0	0.0	0.0
OG0008782	0.0	0.0	0.0	0.0
OG0008790	0.0	0.0	0.0	0.0
OG0008791	0.0	0.0	0.0	0.0
OG0008792	0.0	0.0	0.0	0.0
OG0008793	0.0	0.0	0.0	0.0
OG0008794	0.0	0.0	0.0	0.0
OG0008797	0.0	0.0	0.0	0.0
OG0008799	0.0	0.0	0.0	0.0
OG0008800	0.0	0.0	0.0	0.0
OG0008802	0.0	0.0	0.0	0.0
OG0008804	0.0	0.0	0.0	0.0
OG0008810	0.0	0.0	0.0	0.0
OG0008813	0.0	0.0	0.0	0.0
OG0008816	0.0	0.0	0.0	0.0
OG0008819	0.0	0.0	0.0	0.0
OG0008820	0.0	0.0	0.0	0.0
OG0008821	0.0	0.0	0.0	0.0
OG0008822	0.0	0.0	0.0	0.0
OG0008825	0.0	0.0	0.0	0.0
OG0008826	0.0	0.0	0.0	0.0
OG0008827	0.0	0.0	0.0	0.0
OG0008829	0.0	0.0	0.0	0.0
OG0008830	0.0	0.0	0.0	0.0
OG0008831	0.0	0.0	0.0	0.0
OG0008832	0.0	0.0	0.0	0.0
OG0008833	0.0	0.0	0.0	0.0
OG0008834	0.0	0.0	0.0	0.0
OG0008835	0.0	0.0	0.0	0.0
OG0008838	0.0	0.0	0.0	0.0
OG0008839	0.0	0.0	0.0	0.0
OG0008840	0.0	0.0	0.0	0.0
OG0008842	0.0	0.0	0.0	0.0
OG0008843	0.0	0.0	0.0	0.0
OG0008844	0.0	0.0	0.0	0.0
OG0008845	0.0	0.0	0.0	0.0
OG0008846	0.0	0.0	0.0	0.0
OG0008847	0.0	0.0	0.0	0.0
OG0008848	0.0	0.0	0.0	0.0
OG0008849	0.0	0.0	0.0	0.0
OG0008850	0.0	0.0	0.0	0.0
OG0008851	0.0	0.0	0.0	0.0
OG0008852	0.0	0.0	0.0	0.0
OG0008853	0.0	0.0	0.0	0.0
OG0008854	0.0	0.0	0.0	0.0
OG0008855	0.0	0.0	0.0	0.0
OG0008856	0.0	0.0	0.0	0.0
OG0008857	0.0	0.0	0.0	0.0
OG0008858	0.0	0.0	0.0	0.0
OG0008859	0.0	0.0	0.0	0.0
OG0008860	0.0	0.0	0.0	0.0
OG0008861	0.0	0.0	0.0	0.0
OG0008862	0.0	0.0	0.0	0.0
OG0008864	0.0	0.0	0.0	0.0
OG0008865	0.0	0.0	0.0	0.0
OG0008866	0.0	0.0	0.0	0.0
OG0008868	0.0	0.0	0.0	0.0
OG0008869	0.0	0.0	0.0	0.0
OG0008870	0.0	0.0	0.0	0.0
OG0008871	0.0	0.0	0.0	0.0
OG0008872	0.0	0.0	0.0	0.0
OG0008873	0.0	0.0	0.0	0.0
OG0008874	0.0	0.0	0.0	0.0
OG0008875	0.0	0.0	0.0	0.0
OG0008876	0.0	0.0	0.0	0.0
OG0008878	0.0	0.0	0.0	0.0
OG0008879	0.0	0.0	0.0	0.0
OG0008880	0.0	0.0	0.0	0.0
OG0008881	0.0	0.0	0.0	0.0
OG0008882	0.0	0.0	0.0	0.0
OG0008884	0.0	0.0	0.0	0.0
OG0008885	0.0	0.0	0.0	0.0
OG0008886	0.0	0.0	0.0	0.0
OG0008890	0.0	0.0	0.0	0.0
OG0008891	0.0	0.0	0.0	0.0
OG0008892	0.0	0.0	0.0	0.0
OG0008893	0.0	0.0	0.0	0.0
OG0008896	0.0	0.0	0.0	0.0
OG0008897	0.0	0.0	0.0	0.0
OG0008898	0.0	0.0	0.0	0.0
OG0008900	0.0	0.0	0.0	0.0
OG0008903	0.0	0.0	0.0	0.0
OG0008914	0.0	0.0	0.0	0.0
OG0008915	0.0	0.0	0.0	0.0
OG0008917	0.0	0.0	0.0	0.0
OG0008919	0.0	0.0	0.0	0.0
OG0008924	0.0	0.0	0.0	0.0
OG0008925	0.0	0.0	0.0	0.0
OG0008926	0.0	0.0	0.0	0.0
OG0008927	0.0	0.0	0.0	0.0
OG0008930	0.0	0.0	0.0	0.0
OG0008935	0.0	0.0	0.0	0.0
OG0008936	0.0	0.0	0.0	0.0
OG0008937	0.0	0.0	0.0	0.0
OG0008938	0.0	0.0	0.0	0.0
OG0008939	0.0	0.0	0.0	0.0
OG0008940	0.0	0.0	0.0	0.0
OG0008941	0.0	0.0	0.0	0.0
OG0008942	0.0	0.0	0.0	0.0
OG0008944	0.0	0.0	0.0	0.0
OG0008945	0.0	0.0	0.0	0.0
OG0008947	0.0	0.0	0.0	0.0
OG0008948	0.0	0.0	0.0	0.0
OG0008949	0.0	0.0	0.0	0.0
OG0008951	0.0	0.0	0.0	0.0
OG0008952	0.0	0.0	0.0	0.0
OG0008953	0.0	0.0	0.0	0.0
OG0008954	0.0	0.0	0.0	0.0
OG0008955	0.0	0.0	0.0	0.0
OG0008956	0.0	0.0	0.0	0.0
OG0008957	0.0	0.0	0.0	0.0
OG0008958	0.0	0.0	0.0	0.0
OG0008959	0.0	0.0	0.0	0.0
OG0008960	0.0	0.0	0.0	0.0
OG0008961	0.0	0.0	0.0	0.0
OG0008962	0.0	0.0	0.0	0.0
OG0008964	0.0	0.0	0.0	0.0
OG0008966	0.0	0.0	0.0	0.0
OG0008968	0.0	0.0	0.0	0.0
OG0008969	0.0	0.0	0.0	0.0
OG0008970	0.0	0.0	0.0	0.0
OG0008971	0.0	0.0	0.0	0.0
OG0008972	0.0	0.0	0.0	0.0
OG0008975	0.0	0.0	0.0	0.0
OG0008976	0.0	0.0	0.0	0.0
OG0008977	0.0	0.0	0.0	0.0
OG0008978	0.0	0.0	0.0	0.0
OG0008980	0.0	0.0	0.0	0.0
OG0008981	0.0	0.0	0.0	0.0
OG0008983	0.0	0.0	0.0	0.0
OG0008984	0.0	0.0	0.0	0.0
OG0008985	0.0	0.0	0.0	0.0
OG0008986	0.0	0.0	0.0	0.0
OG0008998	0.0	0.0	0.0	0.0
OG0008999	0.0	0.0	0.0	0.0
OG0009000	0.0	0.0	0.0	0.0
OG0009001	0.0	0.0	0.0	0.0
OG0009005	0.0	0.0	0.0	0.0
OG0009006	0.0	0.0	0.0	0.0
OG0009056	0.0	0.0	0.0	0.0
OG0009058	0.0	0.0	0.0	0.0
OG0009064	0.0	0.0	0.0	0.0
OG0009067	0.0	0.0	0.0	0.0
OG0009068	0.0	0.0	0.0	0.0
OG0009070	0.0	0.0	0.0	0.0
OG0009074	0.0	0.0	0.0	0.0
OG0009075	0.0	0.0	0.0	0.0
OG0009077	0.0	0.0	0.0	0.0
OG0009079	0.0	0.0	0.0	0.0
OG0009080	0.0	0.0	0.0	0.0
OG0009085	0.0	0.0	0.0	0.0
OG0009088	0.0	0.0	0.0	0.0
OG0009093	0.0	0.0	0.0	0.0
OG0009098	0.0	0.0	0.0	0.0
OG0009101	0.0	0.0	0.0	0.0
OG0009102	0.0	0.0	0.0	0.0
OG0009103	0.0	0.0	0.0	0.0
OG0009104	0.0	0.0	0.0	0.0
OG0009106	0.0	0.0	0.0	0.0
OG0009107	0.0	0.0	0.0	0.0
OG0009108	0.0	0.0	0.0	0.0
OG0009109	0.0	0.0	0.0	0.0
OG0009110	0.0	0.0	0.0	0.0
OG0009111	0.0	0.0	0.0	0.0
OG0009112	0.0	0.0	0.0	0.0
OG0009113	0.0	0.0	0.0	0.0
OG0009114	0.0	0.0	0.0	0.0
OG0009115	0.0	0.0	0.0	0.0
OG0009117	0.0	0.0	0.0	0.0
OG0009118	0.0	0.0	0.0	0.0
OG0009119	0.0	0.0	0.0	0.0
OG0009120	0.0	0.0	0.0	0.0
OG0009121	0.0	0.0	0.0	0.0
OG0009122	0.0	0.0	0.0	0.0
OG0009123	0.0	0.0	0.0	0.0
OG0009124	0.0	0.0	0.0	0.0
OG0009126	0.0	0.0	0.0	0.0
OG0009127	0.0	0.0	0.0	0.0
OG0009128	0.0	0.0	0.0	0.0
OG0009130	0.0	0.0	0.0	0.0
OG0009132	0.0	0.0	0.0	0.0
OG0009133	0.0	0.0	0.0	0.0
OG0009135	0.0	0.0	0.0	0.0
OG0009136	0.0	0.0	0.0	0.0
OG0009137	0.0	0.0	0.0	0.0
OG0009138	0.0	0.0	0.0	0.0
OG0009140	0.0	0.0	0.0	0.0
OG0009141	0.0	0.0	0.0	0.0
OG0009142	0.0	0.0	0.0	0.0
OG0009143	0.0	0.0	0.0	0.0
OG0009145	0.0	0.0	0.0	0.0
OG0009146	0.0	0.0	0.0	0.0
OG0009147	0.0	0.0	0.0	0.0
OG0009148	0.0	0.0	0.0	0.0
OG0009149	0.0	0.0	0.0	0.0
OG0009150	0.0	0.0	0.0	0.0
OG0009151	0.0	0.0	0.0	0.0
OG0009154	0.0	0.0	0.0	0.0
OG0009155	0.0	0.0	0.0	0.0
OG0009156	0.0	0.0	0.0	0.0
OG0009157	0.0	0.0	0.0	0.0
OG0009158	0.0	0.0	0.0	0.0
OG0009162	0.0	0.0	0.0	0.0
OG0009163	0.0	0.0	0.0	0.0
OG0009166	0.0	0.0	0.0	0.0
OG0009167	0.0	0.0	0.0	0.0
OG0009170	0.0	0.0	0.0	0.0
OG0009171	0.0	0.0	0.0	0.0
OG0009172	0.0	0.0	0.0	0.0
OG0009173	0.0	0.0	0.0	0.0
OG0009174	0.0	0.0	0.0	0.0
OG0009178	0.0	0.0	0.0	0.0
OG0009179	0.0	0.0	0.0	0.0
OG0009181	0.0	0.0	0.0	0.0
OG0009186	0.0	0.0	0.0	0.0
OG0009190	0.0	0.0	0.0	0.0
OG0009192	0.0	0.0	0.0	0.0
OG0009193	0.0	0.0	0.0	0.0
OG0009194	0.0	0.0	0.0	0.0
OG0009195	0.0	0.0	0.0	0.0
OG0009198	0.0	0.0	0.0	0.0
OG0009202	0.0	0.0	0.0	0.0
OG0009204	0.0	0.0	0.0	0.0
OG0009206	0.0	0.0	0.0	0.0
OG0009207	0.0	0.0	0.0	0.0
OG0009212	0.0	0.0	0.0	0.0
OG0009213	0.0	0.0	0.0	0.0
OG0009214	0.0	0.0	0.0	0.0
OG0009215	0.0	0.0	0.0	0.0
OG0009216	0.0	0.0	0.0	0.0
OG0009217	0.0	0.0	0.0	0.0
OG0009218	0.0	0.0	0.0	0.0
OG0009219	0.0	0.0	0.0	0.0
OG0009220	0.0	0.0	0.0	0.0
OG0009221	0.0	0.0	0.0	0.0
OG0009222	0.0	0.0	0.0	0.0
OG0009223	0.0	0.0	0.0	0.0
OG0009224	0.0	0.0	0.0	0.0
OG0009225	0.0	0.0	0.0	0.0
OG0009227	0.0	0.0	0.0	0.0
OG0009229	0.0	0.0	0.0	0.0
OG0009230	0.0	0.0	0.0	0.0
OG0009231	0.0	0.0	0.0	0.0
OG0009233	0.0	0.0	0.0	0.0
OG0009234	0.0	0.0	0.0	0.0
OG0009235	0.0	0.0	0.0	0.0
OG0009237	0.0	0.0	0.0	0.0
OG0009238	0.0	0.0	0.0	0.0
OG0009239	0.0	0.0	0.0	0.0
OG0009241	0.0	0.0	0.0	0.0
OG0009242	0.0	0.0	0.0	0.0
OG0009243	0.0	0.0	0.0	0.0
OG0009244	0.0	0.0	0.0	0.0
OG0009245	0.0	0.0	0.0	0.0
OG0009247	0.0	0.0	0.0	0.0
OG0009249	0.0	0.0	0.0	0.0
OG0009250	0.0	0.0	0.0	0.0
OG0009251	0.0	0.0	0.0	0.0
OG0009252	0.0	0.0	0.0	0.0
OG0009254	0.0	0.0	0.0	0.0
OG0009256	0.0	0.0	0.0	0.0
OG0009257	0.0	0.0	0.0	0.0
OG0009260	0.0	0.0	0.0	0.0
OG0009261	0.0	0.0	0.0	0.0
OG0009279	0.0	0.0	0.0	0.0
OG0009280	0.0	0.0	0.0	0.0
OG0009284	0.0	0.0	0.0	0.0
OG0009291	0.0	0.0	0.0	0.0
OG0009304	0.0	0.0	0.0	0.0
OG0009338	0.0	0.0	0.0	0.0
OG0009340	0.0	0.0	0.0	0.0
OG0009341	0.0	0.0	0.0	0.0
OG0009342	0.0	0.0	0.0	0.0
OG0009343	0.0	0.0	0.0	0.0
OG0009344	0.0	0.0	0.0	0.0
OG0009347	0.0	0.0	0.0	0.0
OG0009348	0.0	0.0	0.0	0.0
OG0009351	0.0	0.0	0.0	0.0
OG0009353	0.0	0.0	0.0	0.0
OG0009356	0.0	0.0	0.0	0.0
OG0009357	0.0	0.0	0.0	0.0
OG0009358	0.0	0.0	0.0	0.0
OG0009360	0.0	0.0	0.0	0.0
OG0009361	0.0	0.0	0.0	0.0
OG0009362	0.0	0.0	0.0	0.0
OG0009363	0.0	0.0	0.0	0.0
OG0009365	0.0	0.0	0.0	0.0
OG0009367	0.0	0.0	0.0	0.0
OG0009368	0.0	0.0	0.0	0.0
OG0009370	0.0	0.0	0.0	0.0
OG0009371	0.0	0.0	0.0	0.0
OG0009373	0.0	0.0	0.0	0.0
OG0009374	0.0	0.0	0.0	0.0
OG0009375	0.0	0.0	0.0	0.0
OG0009377	0.0	0.0	0.0	0.0
OG0009378	0.0	0.0	0.0	0.0
OG0009380	0.0	0.0	0.0	0.0
OG0009381	0.0	0.0	0.0	0.0
OG0009382	0.0	0.0	0.0	0.0
OG0009383	0.0	0.0	0.0	0.0
OG0009384	0.0	0.0	0.0	0.0
OG0009385	0.0	0.0	0.0	0.0
OG0009389	0.0	0.0	0.0	0.0
OG0009390	0.0	0.0	0.0	0.0
OG0009391	0.0	0.0	0.0	0.0
OG0009392	0.0	0.0	0.0	0.0
OG0009393	0.0	0.0	0.0	0.0
OG0009394	0.0	0.0	0.0	0.0
OG0009395	0.0	0.0	0.0	0.0
OG0009396	0.0	0.0	0.0	0.0
OG0009397	0.0	0.0	0.0	0.0
OG0009398	0.0	0.0	0.0	0.0
OG0009399	0.0	0.0	0.0	0.0
OG0009400	0.0	0.0	0.0	0.0
OG0009401	0.0	0.0	0.0	0.0
OG0009402	0.0	0.0	0.0	0.0
OG0009403	0.0	0.0	0.0	0.0
OG0009404	0.0	0.0	0.0	0.0
OG0009405	0.0	0.0	0.0	0.0
OG0009406	0.0	0.0	0.0	0.0
OG0009407	0.0	0.0	0.0	0.0
OG0009409	0.0	0.0	0.0	0.0
OG0009410	0.0	0.0	0.0	0.0
OG0009411	0.0	0.0	0.0	0.0
OG0009413	0.0	0.0	0.0	0.0
OG0009414	0.0	0.0	0.0	0.0
OG0009415	0.0	0.0	0.0	0.0
OG0009416	0.0	0.0	0.0	0.0
OG0009417	0.0	0.0	0.0	0.0
OG0009419	0.0	0.0	0.0	0.0
OG0009420	0.0	0.0	0.0	0.0
OG0009423	0.0	0.0	0.0	0.0
OG0009424	0.0	0.0	0.0	0.0
OG0009426	0.0	0.0	0.0	0.0
OG0009427	0.0	0.0	0.0	0.0
OG0009428	0.0	0.0	0.0	0.0
OG0009430	0.0	0.0	0.0	0.0
OG0009431	0.0	0.0	0.0	0.0
OG0009432	0.0	0.0	0.0	0.0
OG0009433	0.0	0.0	0.0	0.0
OG0009434	0.0	0.0	0.0	0.0
OG0009435	0.0	0.0	0.0	0.0
OG0009436	0.0	0.0	0.0	0.0
OG0009439	0.0	0.0	0.0	0.0
OG0009440	0.0	0.0	0.0	0.0
OG0009441	0.0	0.0	0.0	0.0
OG0009443	0.0	0.0	0.0	0.0
OG0009445	0.0	0.0	0.0	0.0
OG0009447	0.0	0.0	0.0	0.0
OG0009463	0.0	0.0	0.0	0.0
OG0009465	0.0	0.0	0.0	0.0
OG0009471	0.0	0.0	0.0	0.0
OG0009472	0.0	0.0	0.0	0.0
OG0009473	0.0	0.0	0.0	0.0
OG0009477	0.0	0.0	0.0	0.0
OG0009478	0.0	0.0	0.0	0.0
OG0009480	0.0	0.0	0.0	0.0
OG0009481	0.0	0.0	0.0	0.0
OG0009482	0.0	0.0	0.0	0.0
OG0009483	0.0	0.0	0.0	0.0
OG0009484	0.0	0.0	0.0	0.0
OG0009485	0.0	0.0	0.0	0.0
OG0009486	0.0	0.0	0.0	0.0
OG0009487	0.0	0.0	0.0	0.0
OG0009488	0.0	0.0	0.0	0.0
OG0009489	0.0	0.0	0.0	0.0
OG0009490	0.0	0.0	0.0	0.0
OG0009491	0.0	0.0	0.0	0.0
OG0009492	0.0	0.0	0.0	0.0
OG0009493	0.0	0.0	0.0	0.0
OG0009494	0.0	0.0	0.0	0.0
OG0009495	0.0	0.0	0.0	0.0
OG0009496	0.0	0.0	0.0	0.0
OG0009497	0.0	0.0	0.0	0.0
OG0009499	0.0	0.0	0.0	0.0
OG0009500	0.0	0.0	0.0	0.0
OG0009501	0.0	0.0	0.0	0.0
OG0009502	0.0	0.0	0.0	0.0
OG0009503	0.0	0.0	0.0	0.0
OG0009504	0.0	0.0	0.0	0.0
OG0009507	0.0	0.0	0.0	0.0
OG0009509	0.0	0.0	0.0	0.0
OG0009510	0.0	0.0	0.0	0.0
OG0009513	0.0	0.0	0.0	0.0
OG0009514	0.0	0.0	0.0	0.0
OG0009515	0.0	0.0	0.0	0.0
OG0009517	0.0	0.0	0.0	0.0
OG0009518	0.0	0.0	0.0	0.0
OG0009519	0.0	0.0	0.0	0.0
OG0009520	0.0	0.0	0.0	0.0
OG0009521	0.0	0.0	0.0	0.0
OG0009522	0.0	0.0	0.0	0.0
OG0009523	0.0	0.0	0.0	0.0
OG0009524	0.0	0.0	0.0	0.0
OG0009525	0.0	0.0	0.0	0.0
OG0009530	0.0	0.0	0.0	0.0
OG0009532	0.0	0.0	0.0	0.0
OG0009535	0.0	0.0	0.0	0.0
OG0009536	0.0	0.0	0.0	0.0
OG0009537	0.0	0.0	0.0	0.0
OG0009538	0.0	0.0	0.0	0.0
OG0009542	0.0	0.0	0.0	0.0
OG0009543	0.0	0.0	0.0	0.0
OG0009544	0.0	0.0	0.0	0.0
OG0009558	0.0	0.0	0.0	0.0
OG0009560	0.0	0.0	0.0	0.0
OG0009561	0.0	0.0	0.0	0.0
OG0009566	0.0	0.0	0.0	0.0
OG0009567	0.0	0.0	0.0	0.0
OG0009571	0.0	0.0	0.0	0.0
OG0009574	0.0	0.0	0.0	0.0
OG0009619	0.0	0.0	0.0	0.0
OG0009621	0.0	0.0	0.0	0.0
OG0009622	0.0	0.0	0.0	0.0
OG0009627	0.0	0.0	0.0	0.0
OG0009629	0.0	0.0	0.0	0.0
OG0009631	0.0	0.0	0.0	0.0
OG0009633	0.0	0.0	0.0	0.0
OG0009634	0.0	0.0	0.0	0.0
OG0009635	0.0	0.0	0.0	0.0
OG0009638	0.0	0.0	0.0	0.0
OG0009640	0.0	0.0	0.0	0.0
OG0009641	0.0	0.0	0.0	0.0
OG0009643	0.0	0.0	0.0	0.0
OG0009645	0.0	0.0	0.0	0.0
OG0009646	0.0	0.0	0.0	0.0
OG0009649	0.0	0.0	0.0	0.0
OG0009650	0.0	0.0	0.0	0.0
OG0009651	0.0	0.0	0.0	0.0
OG0009652	0.0	0.0	0.0	0.0
OG0009654	0.0	0.0	0.0	0.0
OG0009660	0.0	0.0	0.0	0.0
OG0009661	0.0	0.0	0.0	0.0
OG0009663	0.0	0.0	0.0	0.0
OG0009664	0.0	0.0	0.0	0.0
OG0009665	0.0	0.0	0.0	0.0
OG0009666	0.0	0.0	0.0	0.0
OG0009668	0.0	0.0	0.0	0.0
OG0009669	0.0	0.0	0.0	0.0
OG0009670	0.0	0.0	0.0	0.0
OG0009671	0.0	0.0	0.0	0.0
OG0009672	0.0	0.0	0.0	0.0
OG0009673	0.0	0.0	0.0	0.0
OG0009674	0.0	0.0	0.0	0.0
OG0009675	0.0	0.0	0.0	0.0
OG0009676	0.0	0.0	0.0	0.0
OG0009677	0.0	0.0	0.0	0.0
OG0009678	0.0	0.0	0.0	0.0
OG0009679	0.0	0.0	0.0	0.0
OG0009681	0.0	0.0	0.0	0.0
OG0009682	0.0	0.0	0.0	0.0
OG0009683	0.0	0.0	0.0	0.0
OG0009684	0.0	0.0	0.0	0.0
OG0009685	0.0	0.0	0.0	0.0
OG0009686	0.0	0.0	0.0	0.0
OG0009687	0.0	0.0	0.0	0.0
OG0009688	0.0	0.0	0.0	0.0
OG0009689	0.0	0.0	0.0	0.0
OG0009690	0.0	0.0	0.0	0.0
OG0009691	0.0	0.0	0.0	0.0
OG0009692	0.0	0.0	0.0	0.0
OG0009694	0.0	0.0	0.0	0.0
OG0009695	0.0	0.0	0.0	0.0
OG0009696	0.0	0.0	0.0	0.0
OG0009698	0.0	0.0	0.0	0.0
OG0009699	0.0	0.0	0.0	0.0
OG0009700	0.0	0.0	0.0	0.0
OG0009701	0.0	0.0	0.0	0.0
OG0009702	0.0	0.0	0.0	0.0
OG0009703	0.0	0.0	0.0	0.0
OG0009706	0.0	0.0	0.0	0.0
OG0009707	0.0	0.0	0.0	0.0
OG0009708	0.0	0.0	0.0	0.0
OG0009709	0.0	0.0	0.0	0.0
OG0009710	0.0	0.0	0.0	0.0
OG0009711	0.0	0.0	0.0	0.0
OG0009712	0.0	0.0	0.0	0.0
OG0009713	0.0	0.0	0.0	0.0
OG0009714	0.0	0.0	0.0	0.0
OG0009715	0.0	0.0	0.0	0.0
OG0009717	0.0	0.0	0.0	0.0
OG0009718	0.0	0.0	0.0	0.0
OG0009719	0.0	0.0	0.0	0.0
OG0009720	0.0	0.0	0.0	0.0
OG0009721	0.0	0.0	0.0	0.0
OG0009722	0.0	0.0	0.0	0.0
OG0009723	0.0	0.0	0.0	0.0
OG0009724	0.0	0.0	0.0	0.0
OG0009725	0.0	0.0	0.0	0.0
OG0009726	0.0	0.0	0.0	0.0
OG0009727	0.0	0.0	0.0	0.0
OG0009728	0.0	0.0	0.0	0.0
OG0009729	0.0	0.0	0.0	0.0
OG0009730	0.0	0.0	0.0	0.0
OG0009731	0.0	0.0	0.0	0.0
OG0009732	0.0	0.0	0.0	0.0
OG0009733	0.0	0.0	0.0	0.0
OG0009734	0.0	0.0	0.0	0.0
OG0009735	0.0	0.0	0.0	0.0
OG0009737	0.0	0.0	0.0	0.0
OG0009738	0.0	0.0	0.0	0.0
OG0009739	0.0	0.0	0.0	0.0
OG0009741	0.0	0.0	0.0	0.0
OG0009742	0.0	0.0	0.0	0.0
OG0009743	0.0	0.0	0.0	0.0
OG0009744	0.0	0.0	0.0	0.0
OG0009746	0.0	0.0	0.0	0.0
OG0009747	0.0	0.0	0.0	0.0
OG0009750	0.0	0.0	0.0	0.0
OG0009751	0.0	0.0	0.0	0.0
OG0009752	0.0	0.0	0.0	0.0
OG0009753	0.0	0.0	0.0	0.0
OG0009754	0.0	0.0	0.0	0.0
OG0009755	0.0	0.0	0.0	0.0
OG0009756	0.0	0.0	0.0	0.0
OG0009758	0.0	0.0	0.0	0.0
OG0009759	0.0	0.0	0.0	0.0
OG0009761	0.0	0.0	0.0	0.0
OG0009762	0.0	0.0	0.0	0.0
OG0009763	0.0	0.0	0.0	0.0
OG0009764	0.0	0.0	0.0	0.0
OG0009766	0.0	0.0	0.0	0.0
OG0009767	0.0	0.0	0.0	0.0
OG0009770	0.0	0.0	0.0	0.0
OG0009771	0.0	0.0	0.0	0.0
OG0009772	0.0	0.0	0.0	0.0
OG0009773	0.0	0.0	0.0	0.0
OG0009777	0.0	0.0	0.0	0.0
OG0009778	0.0	0.0	0.0	0.0
OG0009779	0.0	0.0	0.0	0.0
OG0009780	0.0	0.0	0.0	0.0
OG0009782	0.0	0.0	0.0	0.0
OG0009784	0.0	0.0	0.0	0.0
OG0009785	0.0	0.0	0.0	0.0
OG0009788	0.0	0.0	0.0	0.0
OG0009789	0.0	0.0	0.0	0.0
OG0009792	0.0	0.0	0.0	0.0
OG0009797	0.0	0.0	0.0	0.0
OG0009802	0.0	0.0	0.0	0.0
OG0009804	0.0	0.0	0.0	0.0
OG0009806	0.0	0.0	0.0	0.0
OG0009808	0.0	0.0	0.0	0.0
OG0009809	0.0	0.0	0.0	0.0
OG0009811	0.0	0.0	0.0	0.0
OG0009815	0.0	0.0	0.0	0.0
OG0009817	0.0	0.0	0.0	0.0
OG0009820	0.0	0.0	0.0	0.0
OG0009824	0.0	0.0	0.0	0.0
OG0009825	0.0	0.0	0.0	0.0
OG0009829	0.0	0.0	0.0	0.0
OG0009830	0.0	0.0	0.0	0.0
OG0009831	0.0	0.0	0.0	0.0
OG0009832	0.0	0.0	0.0	0.0
OG0009833	0.0	0.0	0.0	0.0
OG0009834	0.0	0.0	0.0	0.0
OG0009835	0.0	0.0	0.0	0.0
OG0009836	0.0	0.0	0.0	0.0
OG0009837	0.0	0.0	0.0	0.0
OG0009838	0.0	0.0	0.0	0.0
OG0009840	0.0	0.0	0.0	0.0
OG0009841	0.0	0.0	0.0	0.0
OG0009842	0.0	0.0	0.0	0.0
OG0009844	0.0	0.0	0.0	0.0
OG0009845	0.0	0.0	0.0	0.0
OG0009846	0.0	0.0	0.0	0.0
OG0009847	0.0	0.0	0.0	0.0
OG0009850	0.0	0.0	0.0	0.0
OG0009851	0.0	0.0	0.0	0.0
OG0009852	0.0	0.0	0.0	0.0
OG0009853	0.0	0.0	0.0	0.0
OG0009854	0.0	0.0	0.0	0.0
OG0009855	0.0	0.0	0.0	0.0
OG0009856	0.0	0.0	0.0	0.0
OG0009857	0.0	0.0	0.0	0.0
OG0009858	0.0	0.0	0.0	0.0
OG0009860	0.0	0.0	0.0	0.0
OG0009861	0.0	0.0	0.0	0.0
OG0009863	0.0	0.0	0.0	0.0
OG0009873	0.0	0.0	0.0	0.0
OG0009875	0.0	0.0	0.0	0.0
OG0009876	0.0	0.0	0.0	0.0
OG0009877	0.0	0.0	0.0	0.0
OG0009878	0.0	0.0	0.0	0.0
OG0009883	0.0	0.0	0.0	0.0
OG0009884	0.0	0.0	0.0	0.0
OG0009885	0.0	0.0	0.0	0.0
OG0009886	0.0	0.0	0.0	0.0
OG0009887	0.0	0.0	0.0	0.0
OG0009888	0.0	0.0	0.0	0.0
OG0009890	0.0	0.0	0.0	0.0
OG0009891	0.0	0.0	0.0	0.0
OG0009892	0.0	0.0	0.0	0.0
OG0009893	0.0	0.0	0.0	0.0
OG0009895	0.0	0.0	0.0	0.0
OG0009896	0.0	0.0	0.0	0.0
OG0009897	0.0	0.0	0.0	0.0
OG0009898	0.0	0.0	0.0	0.0
OG0009924	0.0	0.0	0.0	0.0
OG0009925	0.0	0.0	0.0	0.0
OG0009926	0.0	0.0	0.0	0.0
OG0009931	0.0	0.0	0.0	0.0
OG0009945	0.0	0.0	0.0	0.0
OG0009948	0.0	0.0	0.0	0.0
OG0009992	0.0	0.0	0.0	0.0
OG0009994	0.0	0.0	0.0	0.0
OG0009995	0.0	0.0	0.0	0.0
OG0009997	0.0	0.0	0.0	0.0
OG0010000	0.0	0.0	0.0	0.0
OG0010003	0.0	0.0	0.0	0.0
OG0010004	0.0	0.0	0.0	0.0
OG0010006	0.0	0.0	0.0	0.0
OG0010007	0.0	0.0	0.0	0.0
OG0010010	0.0	0.0	0.0	0.0
OG0010011	0.0	0.0	0.0	0.0
OG0010012	0.0	0.0	0.0	0.0
OG0010015	0.0	0.0	0.0	0.0
OG0010016	0.0	0.0	0.0	0.0
OG0010017	0.0	0.0	0.0	0.0
OG0010018	0.0	0.0	0.0	0.0
OG0010019	0.0	0.0	0.0	0.0
OG0010021	0.0	0.0	0.0	0.0
OG0010024	0.0	0.0	0.0	0.0
OG0010026	0.0	0.0	0.0	0.0
OG0010028	0.0	0.0	0.0	0.0
OG0010029	0.0	0.0	0.0	0.0
OG0010031	0.0	0.0	0.0	0.0
OG0010033	0.0	0.0	0.0	0.0
OG0010034	0.0	0.0	0.0	0.0
OG0010035	0.0	0.0	0.0	0.0
OG0010037	0.0	0.0	0.0	0.0
OG0010039	0.0	0.0	0.0	0.0
OG0010040	0.0	0.0	0.0	0.0
OG0010043	0.0	0.0	0.0	0.0
OG0010045	0.0	0.0	0.0	0.0
OG0010046	0.0	0.0	0.0	0.0
OG0010047	0.0	0.0	0.0	0.0
OG0010048	0.0	0.0	0.0	0.0
OG0010051	0.0	0.0	0.0	0.0
OG0010052	0.0	0.0	0.0	0.0
OG0010053	0.0	0.0	0.0	0.0
OG0010054	0.0	0.0	0.0	0.0
OG0010055	0.0	0.0	0.0	0.0
OG0010056	0.0	0.0	0.0	0.0
OG0010057	0.0	0.0	0.0	0.0
OG0010058	0.0	0.0	0.0	0.0
OG0010059	0.0	0.0	0.0	0.0
OG0010060	0.0	0.0	0.0	0.0
OG0010061	0.0	0.0	0.0	0.0
OG0010062	0.0	0.0	0.0	0.0
OG0010063	0.0	0.0	0.0	0.0
OG0010064	0.0	0.0	0.0	0.0
OG0010065	0.0	0.0	0.0	0.0
OG0010066	0.0	0.0	0.0	0.0
OG0010067	0.0	0.0	0.0	0.0
OG0010068	0.0	0.0	0.0	0.0
OG0010069	0.0	0.0	0.0	0.0
OG0010070	0.0	0.0	0.0	0.0
OG0010071	0.0	0.0	0.0	0.0
OG0010072	0.0	0.0	0.0	0.0
OG0010074	0.0	0.0	0.0	0.0
OG0010075	0.0	0.0	0.0	0.0
OG0010076	0.0	0.0	0.0	0.0
OG0010077	0.0	0.0	0.0	0.0
OG0010078	0.0	0.0	0.0	0.0
OG0010079	0.0	0.0	0.0	0.0
OG0010080	0.0	0.0	0.0	0.0
OG0010081	0.0	0.0	0.0	0.0
OG0010082	0.0	0.0	0.0	0.0
OG0010083	0.0	0.0	0.0	0.0
OG0010084	0.0	0.0	0.0	0.0
OG0010085	0.0	0.0	0.0	0.0
OG0010086	0.0	0.0	0.0	0.0
OG0010087	0.0	0.0	0.0	0.0
OG0010088	0.0	0.0	0.0	0.0
OG0010090	0.0	0.0	0.0	0.0
OG0010092	0.0	0.0	0.0	0.0
OG0010093	0.0	0.0	0.0	0.0
OG0010094	0.0	0.0	0.0	0.0
OG0010096	0.0	0.0	0.0	0.0
OG0010097	0.0	0.0	0.0	0.0
OG0010098	0.0	0.0	0.0	0.0
OG0010099	0.0	0.0	0.0	0.0
OG0010101	0.0	0.0	0.0	0.0
OG0010102	0.0	0.0	0.0	0.0
OG0010103	0.0	0.0	0.0	0.0
OG0010105	0.0	0.0	0.0	0.0
OG0010106	0.0	0.0	0.0	0.0
OG0010107	0.0	0.0	0.0	0.0
OG0010108	0.0	0.0	0.0	0.0
OG0010109	0.0	0.0	0.0	0.0
OG0010110	0.0	0.0	0.0	0.0
OG0010112	0.0	0.0	0.0	0.0
OG0010116	0.0	0.0	0.0	0.0
OG0010117	0.0	0.0	0.0	0.0
OG0010119	0.0	0.0	0.0	0.0
OG0010120	0.0	0.0	0.0	0.0
OG0010121	0.0	0.0	0.0	0.0
OG0010122	0.0	0.0	0.0	0.0
OG0010124	0.0	0.0	0.0	0.0
OG0010126	0.0	0.0	0.0	0.0
OG0010127	0.0	0.0	0.0	0.0
OG0010128	0.0	0.0	0.0	0.0
OG0010129	0.0	0.0	0.0	0.0
OG0010130	0.0	0.0	0.0	0.0
OG0010131	0.0	0.0	0.0	0.0
OG0010132	0.0	0.0	0.0	0.0
OG0010133	0.0	0.0	0.0	0.0
OG0010134	0.0	0.0	0.0	0.0
OG0010135	0.0	0.0	0.0	0.0
OG0010136	0.0	0.0	0.0	0.0
OG0010137	0.0	0.0	0.0	0.0
OG0010138	0.0	0.0	0.0	0.0
OG0010139	0.0	0.0	0.0	0.0
OG0010140	0.0	0.0	0.0	0.0
OG0010141	0.0	0.0	0.0	0.0
OG0010142	0.0	0.0	0.0	0.0
OG0010143	0.0	0.0	0.0	0.0
OG0010144	0.0	0.0	0.0	0.0
OG0010145	0.0	0.0	0.0	0.0
OG0010146	0.0	0.0	0.0	0.0
OG0010147	0.0	0.0	0.0	0.0
OG0010148	0.0	0.0	0.0	0.0
OG0010149	0.0	0.0	0.0	0.0
OG0010151	0.0	0.0	0.0	0.0
OG0010153	0.0	0.0	0.0	0.0
OG0010154	0.0	0.0	0.0	0.0
OG0010155	0.0	0.0	0.0	0.0
OG0010156	0.0	0.0	0.0	0.0
OG0010157	0.0	0.0	0.0	0.0
OG0010165	0.0	0.0	0.0	0.0
OG0010167	0.0	0.0	0.0	0.0
OG0010176	0.0	0.0	0.0	0.0
OG0010177	0.0	0.0	0.0	0.0
OG0010178	0.0	0.0	0.0	0.0
OG0010182	0.0	0.0	0.0	0.0
OG0010187	0.0	0.0	0.0	0.0
OG0010189	0.0	0.0	0.0	0.0
OG0010191	0.0	0.0	0.0	0.0
OG0010193	0.0	0.0	0.0	0.0
OG0010196	0.0	0.0	0.0	0.0
OG0010197	0.0	0.0	0.0	0.0
OG0010198	0.0	0.0	0.0	0.0
OG0010199	0.0	0.0	0.0	0.0
OG0010200	0.0	0.0	0.0	0.0
OG0010202	0.0	0.0	0.0	0.0
OG0010203	0.0	0.0	0.0	0.0
OG0010205	0.0	0.0	0.0	0.0
OG0010206	0.0	0.0	0.0	0.0
OG0010207	0.0	0.0	0.0	0.0
OG0010209	0.0	0.0	0.0	0.0
OG0010210	0.0	0.0	0.0	0.0
OG0010211	0.0	0.0	0.0	0.0
OG0010212	0.0	0.0	0.0	0.0
OG0010213	0.0	0.0	0.0	0.0
OG0010215	0.0	0.0	0.0	0.0
OG0010216	0.0	0.0	0.0	0.0
OG0010217	0.0	0.0	0.0	0.0
OG0010218	0.0	0.0	0.0	0.0
OG0010219	0.0	0.0	0.0	0.0
OG0010220	0.0	0.0	0.0	0.0
OG0010221	0.0	0.0	0.0	0.0
OG0010222	0.0	0.0	0.0	0.0
OG0010227	0.0	0.0	0.0	0.0
OG0010228	0.0	0.0	0.0	0.0
OG0010230	0.0	0.0	0.0	0.0
OG0010234	0.0	0.0	0.0	0.0
OG0010236	0.0	0.0	0.0	0.0
OG0010237	0.0	0.0	0.0	0.0
OG0010238	0.0	0.0	0.0	0.0
OG0010240	0.0	0.0	0.0	0.0
OG0010241	0.0	0.0	0.0	0.0
OG0010243	0.0	0.0	0.0	0.0
OG0010244	0.0	0.0	0.0	0.0
OG0010245	0.0	0.0	0.0	0.0
OG0010246	0.0	0.0	0.0	0.0
OG0010247	0.0	0.0	0.0	0.0
OG0010248	0.0	0.0	0.0	0.0
OG0010249	0.0	0.0	0.0	0.0
OG0010255	0.0	0.0	0.0	0.0
OG0010257	0.0	0.0	0.0	0.0
OG0010258	0.0	0.0	0.0	0.0
OG0010259	0.0	0.0	0.0	0.0
OG0010262	0.0	0.0	0.0	0.0
OG0010263	0.0	0.0	0.0	0.0
OG0010264	0.0	0.0	0.0	0.0
OG0010265	0.0	0.0	0.0	0.0
OG0010266	0.0	0.0	0.0	0.0
OG0010267	0.0	0.0	0.0	0.0
OG0010268	0.0	0.0	0.0	0.0
OG0010270	0.0	0.0	0.0	0.0
OG0010271	0.0	0.0	0.0	0.0
OG0010272	0.0	0.0	0.0	0.0
OG0010273	0.0	0.0	0.0	0.0
OG0010274	0.0	0.0	0.0	0.0
OG0010275	0.0	0.0	0.0	0.0
OG0010276	0.0	0.0	0.0	0.0
OG0010280	0.0	0.0	0.0	0.0
OG0010282	0.0	0.0	0.0	0.0
OG0010283	0.0	0.0	0.0	0.0
OG0010284	0.0	0.0	0.0	0.0
OG0010285	0.0	0.0	0.0	0.0
OG0010309	0.0	0.0	0.0	0.0
OG0010310	0.0	0.0	0.0	0.0
OG0010312	0.0	0.0	0.0	0.0
OG0010314	0.0	0.0	0.0	0.0
OG0010326	0.0	0.0	0.0	0.0
OG0010330	0.0	0.0	0.0	0.0
OG0010394	0.0	0.0	0.0	0.0
OG0010402	0.0	0.0	0.0	0.0
OG0010403	0.0	0.0	0.0	0.0
OG0010404	0.0	0.0	0.0	0.0
OG0010406	0.0	0.0	0.0	0.0
OG0010407	0.0	0.0	0.0	0.0
OG0010408	0.0	0.0	0.0	0.0
OG0010409	0.0	0.0	0.0	0.0
OG0010414	0.0	0.0	0.0	0.0
OG0010416	0.0	0.0	0.0	0.0
OG0010418	0.0	0.0	0.0	0.0
OG0010419	0.0	0.0	0.0	0.0
OG0010421	0.0	0.0	0.0	0.0
OG0010423	0.0	0.0	0.0	0.0
OG0010424	0.0	0.0	0.0	0.0
OG0010425	0.0	0.0	0.0	0.0
OG0010426	0.0	0.0	0.0	0.0
OG0010428	0.0	0.0	0.0	0.0
OG0010429	0.0	0.0	0.0	0.0
OG0010431	0.0	0.0	0.0	0.0
OG0010432	0.0	0.0	0.0	0.0
OG0010433	0.0	0.0	0.0	0.0
OG0010434	0.0	0.0	0.0	0.0
OG0010435	0.0	0.0	0.0	0.0
OG0010440	0.0	0.0	0.0	0.0
OG0010441	0.0	0.0	0.0	0.0
OG0010443	0.0	0.0	0.0	0.0
OG0010444	0.0	0.0	0.0	0.0
OG0010445	0.0	0.0	0.0	0.0
OG0010448	0.0	0.0	0.0	0.0
OG0010449	0.0	0.0	0.0	0.0
OG0010450	0.0	0.0	0.0	0.0
OG0010452	0.0	0.0	0.0	0.0
OG0010455	0.0	0.0	0.0	0.0
OG0010461	0.0	0.0	0.0	0.0
OG0010462	0.0	0.0	0.0	0.0
OG0010463	0.0	0.0	0.0	0.0
OG0010465	0.0	0.0	0.0	0.0
OG0010466	0.0	0.0	0.0	0.0
OG0010467	0.0	0.0	0.0	0.0
OG0010470	0.0	0.0	0.0	0.0
OG0010471	0.0	0.0	0.0	0.0
OG0010473	0.0	0.0	0.0	0.0
OG0010474	0.0	0.0	0.0	0.0
OG0010476	0.0	0.0	0.0	0.0
OG0010477	0.0	0.0	0.0	0.0
OG0010479	0.0	0.0	0.0	0.0
OG0010480	0.0	0.0	0.0	0.0
OG0010481	0.0	0.0	0.0	0.0
OG0010482	0.0	0.0	0.0	0.0
OG0010483	0.0	0.0	0.0	0.0
OG0010484	0.0	0.0	0.0	0.0
OG0010485	0.0	0.0	0.0	0.0
OG0010486	0.0	0.0	0.0	0.0
OG0010487	0.0	0.0	0.0	0.0
OG0010488	0.0	0.0	0.0	0.0
OG0010489	0.0	0.0	0.0	0.0
OG0010490	0.0	0.0	0.0	0.0
OG0010491	0.0	0.0	0.0	0.0
OG0010493	0.0	0.0	0.0	0.0
OG0010495	0.0	0.0	0.0	0.0
OG0010496	0.0	0.0	0.0	0.0
OG0010497	0.0	0.0	0.0	0.0
OG0010498	0.0	0.0	0.0	0.0
OG0010499	0.0	0.0	0.0	0.0
OG0010500	0.0	0.0	0.0	0.0
OG0010501	0.0	0.0	0.0	0.0
OG0010503	0.0	0.0	0.0	0.0
OG0010504	0.0	0.0	0.0	0.0
OG0010505	0.0	0.0	0.0	0.0
OG0010506	0.0	0.0	0.0	0.0
OG0010507	0.0	0.0	0.0	0.0
OG0010508	0.0	0.0	0.0	0.0
OG0010509	0.0	0.0	0.0	0.0
OG0010510	0.0	0.0	0.0	0.0
OG0010511	0.0	0.0	0.0	0.0
OG0010512	0.0	0.0	0.0	0.0
OG0010513	0.0	0.0	0.0	0.0
OG0010514	0.0	0.0	0.0	0.0
OG0010515	0.0	0.0	0.0	0.0
OG0010516	0.0	0.0	0.0	0.0
OG0010517	0.0	0.0	0.0	0.0
OG0010518	0.0	0.0	0.0	0.0
OG0010519	0.0	0.0	0.0	0.0
OG0010520	0.0	0.0	0.0	0.0
OG0010521	0.0	0.0	0.0	0.0
OG0010522	0.0	0.0	0.0	0.0
OG0010523	0.0	0.0	0.0	0.0
OG0010524	0.0	0.0	0.0	0.0
OG0010525	0.0	0.0	0.0	0.0
OG0010526	0.0	0.0	0.0	0.0
OG0010527	0.0	0.0	0.0	0.0
OG0010528	0.0	0.0	0.0	0.0
OG0010529	0.0	0.0	0.0	0.0
OG0010530	0.0	0.0	0.0	0.0
OG0010531	0.0	0.0	0.0	0.0
OG0010532	0.0	0.0	0.0	0.0
OG0010534	0.0	0.0	0.0	0.0
OG0010535	0.0	0.0	0.0	0.0
OG0010538	0.0	0.0	0.0	0.0
OG0010539	0.0	0.0	0.0	0.0
OG0010540	0.0	0.0	0.0	0.0
OG0010541	0.0	0.0	0.0	0.0
OG0010542	0.0	0.0	0.0	0.0
OG0010543	0.0	0.0	0.0	0.0
OG0010545	0.0	0.0	0.0	0.0
OG0010546	0.0	0.0	0.0	0.0
OG0010547	0.0	0.0	0.0	0.0
OG0010549	0.0	0.0	0.0	0.0
OG0010550	0.0	0.0	0.0	0.0
OG0010551	0.0	0.0	0.0	0.0
OG0010552	0.0	0.0	0.0	0.0
OG0010556	0.0	0.0	0.0	0.0
OG0010558	0.0	0.0	0.0	0.0
OG0010559	0.0	0.0	0.0	0.0
OG0010560	0.0	0.0	0.0	0.0
OG0010561	0.0	0.0	0.0	0.0
OG0010562	0.0	0.0	0.0	0.0
OG0010563	0.0	0.0	0.0	0.0
OG0010564	0.0	0.0	0.0	0.0
OG0010565	0.0	0.0	0.0	0.0
OG0010566	0.0	0.0	0.0	0.0
OG0010567	0.0	0.0	0.0	0.0
OG0010568	0.0	0.0	0.0	0.0
OG0010569	0.0	0.0	0.0	0.0
OG0010570	0.0	0.0	0.0	0.0
OG0010572	0.0	0.0	0.0	0.0
OG0010581	0.0	0.0	0.0	0.0
OG0010587	0.0	0.0	0.0	0.0
OG0010593	0.0	0.0	0.0	0.0
OG0010597	0.0	0.0	0.0	0.0
OG0010598	0.0	0.0	0.0	0.0
OG0010599	0.0	0.0	0.0	0.0
OG0010600	0.0	0.0	0.0	0.0
OG0010601	0.0	0.0	0.0	0.0
OG0010602	0.0	0.0	0.0	0.0
OG0010603	0.0	0.0	0.0	0.0
OG0010604	0.0	0.0	0.0	0.0
OG0010606	0.0	0.0	0.0	0.0
OG0010608	0.0	0.0	0.0	0.0
OG0010610	0.0	0.0	0.0	0.0
OG0010611	0.0	0.0	0.0	0.0
OG0010613	0.0	0.0	0.0	0.0
OG0010615	0.0	0.0	0.0	0.0
OG0010617	0.0	0.0	0.0	0.0
OG0010618	0.0	0.0	0.0	0.0
OG0010619	0.0	0.0	0.0	0.0
OG0010622	0.0	0.0	0.0	0.0
OG0010623	0.0	0.0	0.0	0.0
OG0010625	0.0	0.0	0.0	0.0
OG0010626	0.0	0.0	0.0	0.0
OG0010627	0.0	0.0	0.0	0.0
OG0010629	0.0	0.0	0.0	0.0
OG0010630	0.0	0.0	0.0	0.0
OG0010631	0.0	0.0	0.0	0.0
OG0010633	0.0	0.0	0.0	0.0
OG0010635	0.0	0.0	0.0	0.0
OG0010636	0.0	0.0	0.0	0.0
OG0010637	0.0	0.0	0.0	0.0
OG0010640	0.0	0.0	0.0	0.0
OG0010641	0.0	0.0	0.0	0.0
OG0010642	0.0	0.0	0.0	0.0
OG0010643	0.0	0.0	0.0	0.0
OG0010644	0.0	0.0	0.0	0.0
OG0010645	0.0	0.0	0.0	0.0
OG0010647	0.0	0.0	0.0	0.0
OG0010648	0.0	0.0	0.0	0.0
OG0010651	0.0	0.0	0.0	0.0
OG0010653	0.0	0.0	0.0	0.0
OG0010654	0.0	0.0	0.0	0.0
OG0010656	0.0	0.0	0.0	0.0
OG0010657	0.0	0.0	0.0	0.0
OG0010661	0.0	0.0	0.0	0.0
OG0010662	0.0	0.0	0.0	0.0
OG0010663	0.0	0.0	0.0	0.0
OG0010664	0.0	0.0	0.0	0.0
OG0010665	0.0	0.0	0.0	0.0
OG0010666	0.0	0.0	0.0	0.0
OG0010667	0.0	0.0	0.0	0.0
OG0010668	0.0	0.0	0.0	0.0
OG0010670	0.0	0.0	0.0	0.0
OG0010671	0.0	0.0	0.0	0.0
OG0010672	0.0	0.0	0.0	0.0
OG0010673	0.0	0.0	0.0	0.0
OG0010674	0.0	0.0	0.0	0.0
OG0010675	0.0	0.0	0.0	0.0
OG0010676	0.0	0.0	0.0	0.0
OG0010677	0.0	0.0	0.0	0.0
OG0010678	0.0	0.0	0.0	0.0
OG0010679	0.0	0.0	0.0	0.0
OG0010680	0.0	0.0	0.0	0.0
OG0010681	0.0	0.0	0.0	0.0
OG0010682	0.0	0.0	0.0	0.0
OG0010684	0.0	0.0	0.0	0.0
OG0010686	0.0	0.0	0.0	0.0
OG0010688	0.0	0.0	0.0	0.0
OG0010689	0.0	0.0	0.0	0.0
OG0010690	0.0	0.0	0.0	0.0
OG0010691	0.0	0.0	0.0	0.0
OG0010693	0.0	0.0	0.0	0.0
OG0010694	0.0	0.0	0.0	0.0
OG0010696	0.0	0.0	0.0	0.0
OG0010698	0.0	0.0	0.0	0.0
OG0010699	0.0	0.0	0.0	0.0
OG0010700	0.0	0.0	0.0	0.0
OG0010701	0.0	0.0	0.0	0.0
OG0010702	0.0	0.0	0.0	0.0
OG0010705	0.0	0.0	0.0	0.0
OG0010710	0.0	0.0	0.0	0.0
OG0010711	0.0	0.0	0.0	0.0
OG0010712	0.0	0.0	0.0	0.0
OG0010713	0.0	0.0	0.0	0.0
OG0010717	0.0	0.0	0.0	0.0
OG0010718	0.0	0.0	0.0	0.0
OG0010719	0.0	0.0	0.0	0.0
OG0010720	0.0	0.0	0.0	0.0
OG0010721	0.0	0.0	0.0	0.0
OG0010722	0.0	0.0	0.0	0.0
OG0010723	0.0	0.0	0.0	0.0
OG0010724	0.0	0.0	0.0	0.0
OG0010734	0.0	0.0	0.0	0.0
OG0010738	0.0	0.0	0.0	0.0
OG0010740	0.0	0.0	0.0	0.0
OG0010765	0.0	0.0	0.0	0.0
OG0010767	0.0	0.0	0.0	0.0
OG0010771	0.0	0.0	0.0	0.0
OG0010773	0.0	0.0	0.0	0.0
OG0010775	0.0	0.0	0.0	0.0
OG0010777	0.0	0.0	0.0	0.0
OG0010778	0.0	0.0	0.0	0.0
OG0010781	0.0	0.0	0.0	0.0
OG0010836	0.0	0.0	0.0	0.0
OG0010871	0.0	0.0	0.0	0.0
OG0010872	0.0	0.0	0.0	0.0
OG0010873	0.0	0.0	0.0	0.0
OG0010874	0.0	0.0	0.0	0.0
OG0010876	0.0	0.0	0.0	0.0
OG0010878	0.0	0.0	0.0	0.0
OG0010880	0.0	0.0	0.0	0.0
OG0010881	0.0	0.0	0.0	0.0
OG0010882	0.0	0.0	0.0	0.0
OG0010889	0.0	0.0	0.0	0.0
OG0010890	0.0	0.0	0.0	0.0
OG0010891	0.0	0.0	0.0	0.0
OG0010893	0.0	0.0	0.0	0.0
OG0010894	0.0	0.0	0.0	0.0
OG0010895	0.0	0.0	0.0	0.0
OG0010897	0.0	0.0	0.0	0.0
OG0010899	0.0	0.0	0.0	0.0
OG0010902	0.0	0.0	0.0	0.0
OG0010903	0.0	0.0	0.0	0.0
OG0010904	0.0	0.0	0.0	0.0
OG0010908	0.0	0.0	0.0	0.0
OG0010909	0.0	0.0	0.0	0.0
OG0010910	0.0	0.0	0.0	0.0
OG0010911	0.0	0.0	0.0	0.0
OG0010912	0.0	0.0	0.0	0.0
OG0010914	0.0	0.0	0.0	0.0
OG0010916	0.0	0.0	0.0	0.0
OG0010917	0.0	0.0	0.0	0.0
OG0010919	0.0	0.0	0.0	0.0
OG0010920	0.0	0.0	0.0	0.0
OG0010921	0.0	0.0	0.0	0.0
OG0010923	0.0	0.0	0.0	0.0
OG0010924	0.0	0.0	0.0	0.0
OG0010926	0.0	0.0	0.0	0.0
OG0010928	0.0	0.0	0.0	0.0
OG0010929	0.0	0.0	0.0	0.0
OG0010930	0.0	0.0	0.0	0.0
OG0010932	0.0	0.0	0.0	0.0
OG0010933	0.0	0.0	0.0	0.0
OG0010934	0.0	0.0	0.0	0.0
OG0010935	0.0	0.0	0.0	0.0
OG0010936	0.0	0.0	0.0	0.0
OG0010938	0.0	0.0	0.0	0.0
OG0010939	0.0	0.0	0.0	0.0
OG0010940	0.0	0.0	0.0	0.0
OG0010941	0.0	0.0	0.0	0.0
OG0010942	0.0	0.0	0.0	0.0
OG0010943	0.0	0.0	0.0	0.0
OG0010946	0.0	0.0	0.0	0.0
OG0010948	0.0	0.0	0.0	0.0
OG0010949	0.0	0.0	0.0	0.0
OG0010950	0.0	0.0	0.0	0.0
OG0010951	0.0	0.0	0.0	0.0
OG0010953	0.0	0.0	0.0	0.0
OG0010954	0.0	0.0	0.0	0.0
OG0010956	0.0	0.0	0.0	0.0
OG0010958	0.0	0.0	0.0	0.0
OG0010963	0.0	0.0	0.0	0.0
OG0010965	0.0	0.0	0.0	0.0
OG0010966	0.0	0.0	0.0	0.0
OG0010967	0.0	0.0	0.0	0.0
OG0010968	0.0	0.0	0.0	0.0
OG0010970	0.0	0.0	0.0	0.0
OG0010971	0.0	0.0	0.0	0.0
OG0010973	0.0	0.0	0.0	0.0
OG0010974	0.0	0.0	0.0	0.0
OG0010975	0.0	0.0	0.0	0.0
OG0010978	0.0	0.0	0.0	0.0
OG0010979	0.0	0.0	0.0	0.0
OG0010980	0.0	0.0	0.0	0.0
OG0010981	0.0	0.0	0.0	0.0
OG0010982	0.0	0.0	0.0	0.0
OG0010983	0.0	0.0	0.0	0.0
OG0010984	0.0	0.0	0.0	0.0
OG0010985	0.0	0.0	0.0	0.0
OG0010986	0.0	0.0	0.0	0.0
OG0010987	0.0	0.0	0.0	0.0
OG0010988	0.0	0.0	0.0	0.0
OG0010989	0.0	0.0	0.0	0.0
OG0010990	0.0	0.0	0.0	0.0
OG0010991	0.0	0.0	0.0	0.0
OG0010993	0.0	0.0	0.0	0.0
OG0010994	0.0	0.0	0.0	0.0
OG0010995	0.0	0.0	0.0	0.0
OG0010996	0.0	0.0	0.0	0.0
OG0010997	0.0	0.0	0.0	0.0
OG0010998	0.0	0.0	0.0	0.0
OG0010999	0.0	0.0	0.0	0.0
OG0011000	0.0	0.0	0.0	0.0
OG0011001	0.0	0.0	0.0	0.0
OG0011002	0.0	0.0	0.0	0.0
OG0011003	0.0	0.0	0.0	0.0
OG0011004	0.0	0.0	0.0	0.0
OG0011008	0.0	0.0	0.0	0.0
OG0011009	0.0	0.0	0.0	0.0
OG0011010	0.0	0.0	0.0	0.0
OG0011012	0.0	0.0	0.0	0.0
OG0011014	0.0	0.0	0.0	0.0
OG0011015	0.0	0.0	0.0	0.0
OG0011016	0.0	0.0	0.0	0.0
OG0011017	0.0	0.0	0.0	0.0
OG0011018	0.0	0.0	0.0	0.0
OG0011019	0.0	0.0	0.0	0.0
OG0011021	0.0	0.0	0.0	0.0
OG0011023	0.0	0.0	0.0	0.0
OG0011024	0.0	0.0	0.0	0.0
OG0011025	0.0	0.0	0.0	0.0
OG0011026	0.0	0.0	0.0	0.0
OG0011027	0.0	0.0	0.0	0.0
OG0011029	0.0	0.0	0.0	0.0
OG0011030	0.0	0.0	0.0	0.0
OG0011031	0.0	0.0	0.0	0.0
OG0011032	0.0	0.0	0.0	0.0
OG0011034	0.0	0.0	0.0	0.0
OG0011035	0.0	0.0	0.0	0.0
OG0011038	0.0	0.0	0.0	0.0
OG0011039	0.0	0.0	0.0	0.0
OG0011041	0.0	0.0	0.0	0.0
OG0011042	0.0	0.0	0.0	0.0
OG0011043	0.0	0.0	0.0	0.0
OG0011044	0.0	0.0	0.0	0.0
OG0011045	0.0	0.0	0.0	0.0
OG0011046	0.0	0.0	0.0	0.0
OG0011047	0.0	0.0	0.0	0.0
OG0011048	0.0	0.0	0.0	0.0
OG0011050	0.0	0.0	0.0	0.0
OG0011051	0.0	0.0	0.0	0.0
OG0011052	0.0	0.0	0.0	0.0
OG0011053	0.0	0.0	0.0	0.0
OG0011055	0.0	0.0	0.0	0.0
OG0011057	0.0	0.0	0.0	0.0
OG0011058	0.0	0.0	0.0	0.0
OG0011059	0.0	0.0	0.0	0.0
OG0011060	0.0	0.0	0.0	0.0
OG0011062	0.0	0.0	0.0	0.0
OG0011063	0.0	0.0	0.0	0.0
OG0011065	0.0	0.0	0.0	0.0
OG0011068	0.0	0.0	0.0	0.0
OG0011069	0.0	0.0	0.0	0.0
OG0011070	0.0	0.0	0.0	0.0
OG0011071	0.0	0.0	0.0	0.0
OG0011072	0.0	0.0	0.0	0.0
OG0011073	0.0	0.0	0.0	0.0
OG0011074	0.0	0.0	0.0	0.0
OG0011076	0.0	0.0	0.0	0.0
OG0011077	0.0	0.0	0.0	0.0
OG0011078	0.0	0.0	0.0	0.0
OG0011079	0.0	0.0	0.0	0.0
OG0011080	0.0	0.0	0.0	0.0
OG0011082	0.0	0.0	0.0	0.0
OG0011083	0.0	0.0	0.0	0.0
OG0011084	0.0	0.0	0.0	0.0
OG0011085	0.0	0.0	0.0	0.0
OG0011086	0.0	0.0	0.0	0.0
OG0011087	0.0	0.0	0.0	0.0
OG0011088	0.0	0.0	0.0	0.0
OG0011108	0.0	0.0	0.0	0.0
OG0011109	0.0	0.0	0.0	0.0
OG0011111	0.0	0.0	0.0	0.0
OG0011113	0.0	0.0	0.0	0.0
OG0011114	0.0	0.0	0.0	0.0
OG0011117	0.0	0.0	0.0	0.0
OG0011120	0.0	0.0	0.0	0.0
OG0011122	0.0	0.0	0.0	0.0
OG0011123	0.0	0.0	0.0	0.0
OG0011124	0.0	0.0	0.0	0.0
OG0011126	0.0	0.0	0.0	0.0
OG0011127	0.0	0.0	0.0	0.0
OG0011128	0.0	0.0	0.0	0.0
OG0011129	0.0	0.0	0.0	0.0
OG0011130	0.0	0.0	0.0	0.0
OG0011131	0.0	0.0	0.0	0.0
OG0011132	0.0	0.0	0.0	0.0
OG0011133	0.0	0.0	0.0	0.0
OG0011135	0.0	0.0	0.0	0.0
OG0011136	0.0	0.0	0.0	0.0
OG0011137	0.0	0.0	0.0	0.0
OG0011138	0.0	0.0	0.0	0.0
OG0011139	0.0	0.0	0.0	0.0
OG0011140	0.0	0.0	0.0	0.0
OG0011141	0.0	0.0	0.0	0.0
OG0011142	0.0	0.0	0.0	0.0
OG0011143	0.0	0.0	0.0	0.0
OG0011144	0.0	0.0	0.0	0.0
OG0011145	0.0	0.0	0.0	0.0
OG0011146	0.0	0.0	0.0	0.0
OG0011147	0.0	0.0	0.0	0.0
OG0011148	0.0	0.0	0.0	0.0
OG0011149	0.0	0.0	0.0	0.0
OG0011150	0.0	0.0	0.0	0.0
OG0011151	0.0	0.0	0.0	0.0
OG0011152	0.0	0.0	0.0	0.0
OG0011153	0.0	0.0	0.0	0.0
OG0011154	0.0	0.0	0.0	0.0
OG0011155	0.0	0.0	0.0	0.0
OG0011156	0.0	0.0	0.0	0.0
OG0011157	0.0	0.0	0.0	0.0
OG0011158	0.0	0.0	0.0	0.0
OG0011159	0.0	0.0	0.0	0.0
OG0011161	0.0	0.0	0.0	0.0
OG0011163	0.0	0.0	0.0	0.0
OG0011165	0.0	0.0	0.0	0.0
OG0011166	0.0	0.0	0.0	0.0
OG0011167	0.0	0.0	0.0	0.0
OG0011169	0.0	0.0	0.0	0.0
OG0011170	0.0	0.0	0.0	0.0
OG0011171	0.0	0.0	0.0	0.0
OG0011172	0.0	0.0	0.0	0.0
OG0011173	0.0	0.0	0.0	0.0
OG0011174	0.0	0.0	0.0	0.0
OG0011175	0.0	0.0	0.0	0.0
OG0011176	0.0	0.0	0.0	0.0
OG0011177	0.0	0.0	0.0	0.0
OG0011178	0.0	0.0	0.0	0.0
OG0011179	0.0	0.0	0.0	0.0
OG0011180	0.0	0.0	0.0	0.0
OG0011181	0.0	0.0	0.0	0.0
OG0011182	0.0	0.0	0.0	0.0
OG0011183	0.0	0.0	0.0	0.0
OG0011184	0.0	0.0	0.0	0.0
OG0011186	0.0	0.0	0.0	0.0
OG0011187	0.0	0.0	0.0	0.0
OG0011188	0.0	0.0	0.0	0.0
OG0011189	0.0	0.0	0.0	0.0
OG0011190	0.0	0.0	0.0	0.0
OG0011191	0.0	0.0	0.0	0.0
OG0011192	0.0	0.0	0.0	0.0
OG0011194	0.0	0.0	0.0	0.0
OG0011195	0.0	0.0	0.0	0.0
OG0011196	0.0	0.0	0.0	0.0
OG0011197	0.0	0.0	0.0	0.0
OG0011198	0.0	0.0	0.0	0.0
OG0011200	0.0	0.0	0.0	0.0
OG0011201	0.0	0.0	0.0	0.0
OG0011202	0.0	0.0	0.0	0.0
OG0011203	0.0	0.0	0.0	0.0
OG0011204	0.0	0.0	0.0	0.0
OG0011205	0.0	0.0	0.0	0.0
OG0011206	0.0	0.0	0.0	0.0
OG0011207	0.0	0.0	0.0	0.0
OG0011209	0.0	0.0	0.0	0.0
OG0011210	0.0	0.0	0.0	0.0
OG0011211	0.0	0.0	0.0	0.0
OG0011212	0.0	0.0	0.0	0.0
OG0011214	0.0	0.0	0.0	0.0
OG0011215	0.0	0.0	0.0	0.0
OG0011216	0.0	0.0	0.0	0.0
OG0011218	0.0	0.0	0.0	0.0
OG0011220	0.0	0.0	0.0	0.0
OG0011222	0.0	0.0	0.0	0.0
OG0011223	0.0	0.0	0.0	0.0
OG0011224	0.0	0.0	0.0	0.0
OG0011225	0.0	0.0	0.0	0.0
OG0011226	0.0	0.0	0.0	0.0
OG0011228	0.0	0.0	0.0	0.0
OG0011229	0.0	0.0	0.0	0.0
OG0011231	0.0	0.0	0.0	0.0
OG0011232	0.0	0.0	0.0	0.0
OG0011233	0.0	0.0	0.0	0.0
OG0011236	0.0	0.0	0.0	0.0
OG0011239	0.0	0.0	0.0	0.0
OG0011244	0.0	0.0	0.0	0.0
OG0011245	0.0	0.0	0.0	0.0
OG0011246	0.0	0.0	0.0	0.0
OG0011247	0.0	0.0	0.0	0.0
OG0011248	0.0	0.0	0.0	0.0
OG0011249	0.0	0.0	0.0	0.0
OG0011250	0.0	0.0	0.0	0.0
OG0011251	0.0	0.0	0.0	0.0
OG0011252	0.0	0.0	0.0	0.0
OG0011253	0.0	0.0	0.0	0.0
OG0011254	0.0	0.0	0.0	0.0
OG0011255	0.0	0.0	0.0	0.0
OG0011256	0.0	0.0	0.0	0.0
OG0011259	0.0	0.0	0.0	0.0
OG0011260	0.0	0.0	0.0	0.0
OG0011261	0.0	0.0	0.0	0.0
OG0011263	0.0	0.0	0.0	0.0
OG0011266	0.0	0.0	0.0	0.0
OG0011270	0.0	0.0	0.0	0.0
OG0011271	0.0	0.0	0.0	0.0
OG0011272	0.0	0.0	0.0	0.0
OG0011273	0.0	0.0	0.0	0.0
OG0011277	0.0	0.0	0.0	0.0
OG0011279	0.0	0.0	0.0	0.0
OG0011281	0.0	0.0	0.0	0.0
OG0011283	0.0	0.0	0.0	0.0
OG0011284	0.0	0.0	0.0	0.0
OG0011285	0.0	0.0	0.0	0.0
OG0011286	0.0	0.0	0.0	0.0
OG0011289	0.0	0.0	0.0	0.0
OG0011290	0.0	0.0	0.0	0.0
OG0011291	0.0	0.0	0.0	0.0
OG0011292	0.0	0.0	0.0	0.0
OG0011293	0.0	0.0	0.0	0.0
OG0011295	0.0	0.0	0.0	0.0
OG0011296	0.0	0.0	0.0	0.0
OG0011299	0.0	0.0	0.0	0.0
OG0011300	0.0	0.0	0.0	0.0
OG0011303	0.0	0.0	0.0	0.0
OG0011306	0.0	0.0	0.0	0.0
OG0011307	0.0	0.0	0.0	0.0
OG0011310	0.0	0.0	0.0	0.0
OG0011311	0.0	0.0	0.0	0.0
OG0011315	0.0	0.0	0.0	0.0
OG0011316	0.0	0.0	0.0	0.0
OG0011317	0.0	0.0	0.0	0.0
OG0011318	0.0	0.0	0.0	0.0
OG0011322	0.0	0.0	0.0	0.0
OG0011326	0.0	0.0	0.0	0.0
OG0011328	0.0	0.0	0.0	0.0
OG0011329	0.0	0.0	0.0	0.0
OG0011355	0.0	0.0	0.0	0.0
OG0011362	0.0	0.0	0.0	0.0
OG0011365	0.0	0.0	0.0	0.0
OG0011370	0.0	0.0	0.0	0.0
OG0011376	0.0	0.0	0.0	0.0
OG0011382	0.0	0.0	0.0	0.0
OG0011390	0.0	0.0	0.0	0.0
OG0011399	0.0	0.0	0.0	0.0
OG0011411	0.0	0.0	0.0	0.0
OG0011416	0.0	0.0	0.0	0.0
OG0011424	0.0	0.0	0.0	0.0
OG0011456	0.0	0.0	0.0	0.0
OG0011507	0.0	0.0	0.0	0.0
OG0011508	0.0	0.0	0.0	0.0
OG0011510	0.0	0.0	0.0	0.0
OG0011511	0.0	0.0	0.0	0.0
OG0011512	0.0	0.0	0.0	0.0
OG0011513	0.0	0.0	0.0	0.0
OG0011514	0.0	0.0	0.0	0.0
OG0011515	0.0	0.0	0.0	0.0
OG0011516	0.0	0.0	0.0	0.0
OG0011517	0.0	0.0	0.0	0.0
OG0011518	0.0	0.0	0.0	0.0
OG0011519	0.0	0.0	0.0	0.0
OG0011520	0.0	0.0	0.0	0.0
OG0011521	0.0	0.0	0.0	0.0
OG0011522	0.0	0.0	0.0	0.0
OG0011523	0.0	0.0	0.0	0.0
OG0011524	0.0	0.0	0.0	0.0
OG0011525	0.0	0.0	0.0	0.0
OG0011526	0.0	0.0	0.0	0.0
OG0011527	0.0	0.0	0.0	0.0
OG0011529	0.0	0.0	0.0	0.0
OG0011530	0.0	0.0	0.0	0.0
OG0011541	0.0	0.0	0.0	0.0
OG0011543	0.0	0.0	0.0	0.0
OG0011544	0.0	0.0	0.0	0.0
OG0011545	0.0	0.0	0.0	0.0
OG0011547	0.0	0.0	0.0	0.0
OG0011548	0.0	0.0	0.0	0.0
OG0011549	0.0	0.0	0.0	0.0
OG0011551	0.0	0.0	0.0	0.0
OG0011552	0.0	0.0	0.0	0.0
OG0011553	0.0	0.0	0.0	0.0
OG0011554	0.0	0.0	0.0	0.0
OG0011555	0.0	0.0	0.0	0.0
OG0011557	0.0	0.0	0.0	0.0
OG0011563	0.0	0.0	0.0	0.0
OG0011565	0.0	0.0	0.0	0.0
OG0011567	0.0	0.0	0.0	0.0
OG0011569	0.0	0.0	0.0	0.0
OG0011573	0.0	0.0	0.0	0.0
OG0011574	0.0	0.0	0.0	0.0
OG0011578	0.0	0.0	0.0	0.0
OG0011579	0.0	0.0	0.0	0.0
OG0011581	0.0	0.0	0.0	0.0
OG0011583	0.0	0.0	0.0	0.0
OG0011584	0.0	0.0	0.0	0.0
OG0011586	0.0	0.0	0.0	0.0
OG0011587	0.0	0.0	0.0	0.0
OG0011589	0.0	0.0	0.0	0.0
OG0011590	0.0	0.0	0.0	0.0
OG0011591	0.0	0.0	0.0	0.0
OG0011592	0.0	0.0	0.0	0.0
OG0011595	0.0	0.0	0.0	0.0
OG0011596	0.0	0.0	0.0	0.0
OG0011598	0.0	0.0	0.0	0.0
OG0011599	0.0	0.0	0.0	0.0
OG0011600	0.0	0.0	0.0	0.0
OG0011601	0.0	0.0	0.0	0.0
OG0011603	0.0	0.0	0.0	0.0
OG0011605	0.0	0.0	0.0	0.0
OG0011606	0.0	0.0	0.0	0.0
OG0011610	0.0	0.0	0.0	0.0
OG0011611	0.0	0.0	0.0	0.0
OG0011613	0.0	0.0	0.0	0.0
OG0011617	0.0	0.0	0.0	0.0
OG0011618	0.0	0.0	0.0	0.0
OG0011619	0.0	0.0	0.0	0.0
OG0011620	0.0	0.0	0.0	0.0
OG0011621	0.0	0.0	0.0	0.0
OG0011622	0.0	0.0	0.0	0.0
OG0011624	0.0	0.0	0.0	0.0
OG0011625	0.0	0.0	0.0	0.0
OG0011626	0.0	0.0	0.0	0.0
OG0011630	0.0	0.0	0.0	0.0
OG0011631	0.0	0.0	0.0	0.0
OG0011632	0.0	0.0	0.0	0.0
OG0011633	0.0	0.0	0.0	0.0
OG0011634	0.0	0.0	0.0	0.0
OG0011635	0.0	0.0	0.0	0.0
OG0011636	0.0	0.0	0.0	0.0
OG0011637	0.0	0.0	0.0	0.0
OG0011638	0.0	0.0	0.0	0.0
OG0011639	0.0	0.0	0.0	0.0
OG0011640	0.0	0.0	0.0	0.0
OG0011641	0.0	0.0	0.0	0.0
OG0011642	0.0	0.0	0.0	0.0
OG0011643	0.0	0.0	0.0	0.0
OG0011644	0.0	0.0	0.0	0.0
OG0011645	0.0	0.0	0.0	0.0
OG0011646	0.0	0.0	0.0	0.0
OG0011647	0.0	0.0	0.0	0.0
OG0011649	0.0	0.0	0.0	0.0
OG0011650	0.0	0.0	0.0	0.0
OG0011651	0.0	0.0	0.0	0.0
OG0011652	0.0	0.0	0.0	0.0
OG0011654	0.0	0.0	0.0	0.0
OG0011655	0.0	0.0	0.0	0.0
OG0011657	0.0	0.0	0.0	0.0
OG0011659	0.0	0.0	0.0	0.0
OG0011661	0.0	0.0	0.0	0.0
OG0011662	0.0	0.0	0.0	0.0
OG0011663	0.0	0.0	0.0	0.0
OG0011665	0.0	0.0	0.0	0.0
OG0011667	0.0	0.0	0.0	0.0
OG0011669	0.0	0.0	0.0	0.0
OG0011670	0.0	0.0	0.0	0.0
OG0011672	0.0	0.0	0.0	0.0
OG0011673	0.0	0.0	0.0	0.0
OG0011674	0.0	0.0	0.0	0.0
OG0011676	0.0	0.0	0.0	0.0
OG0011677	0.0	0.0	0.0	0.0
OG0011678	0.0	0.0	0.0	0.0
OG0011679	0.0	0.0	0.0	0.0
OG0011680	0.0	0.0	0.0	0.0
OG0011682	0.0	0.0	0.0	0.0
OG0011683	0.0	0.0	0.0	0.0
OG0011684	0.0	0.0	0.0	0.0
OG0011685	0.0	0.0	0.0	0.0
OG0011686	0.0	0.0	0.0	0.0
OG0011687	0.0	0.0	0.0	0.0
OG0011688	0.0	0.0	0.0	0.0
OG0011689	0.0	0.0	0.0	0.0
OG0011690	0.0	0.0	0.0	0.0
OG0011692	0.0	0.0	0.0	0.0
OG0011693	0.0	0.0	0.0	0.0
OG0011694	0.0	0.0	0.0	0.0
OG0011695	0.0	0.0	0.0	0.0
OG0011697	0.0	0.0	0.0	0.0
OG0011698	0.0	0.0	0.0	0.0
OG0011699	0.0	0.0	0.0	0.0
OG0011700	0.0	0.0	0.0	0.0
OG0011701	0.0	0.0	0.0	0.0
OG0011703	0.0	0.0	0.0	0.0
OG0011704	0.0	0.0	0.0	0.0
OG0011705	0.0	0.0	0.0	0.0
OG0011706	0.0	0.0	0.0	0.0
OG0011707	0.0	0.0	0.0	0.0
OG0011708	0.0	0.0	0.0	0.0
OG0011709	0.0	0.0	0.0	0.0
OG0011710	0.0	0.0	0.0	0.0
OG0011712	0.0	0.0	0.0	0.0
OG0011713	0.0	0.0	0.0	0.0
OG0011714	0.0	0.0	0.0	0.0
OG0011715	0.0	0.0	0.0	0.0
OG0011716	0.0	0.0	0.0	0.0
OG0011717	0.0	0.0	0.0	0.0
OG0011718	0.0	0.0	0.0	0.0
OG0011719	0.0	0.0	0.0	0.0
OG0011720	0.0	0.0	0.0	0.0
OG0011721	0.0	0.0	0.0	0.0
OG0011722	0.0	0.0	0.0	0.0
OG0011723	0.0	0.0	0.0	0.0
OG0011724	0.0	0.0	0.0	0.0
OG0011725	0.0	0.0	0.0	0.0
OG0011726	0.0	0.0	0.0	0.0
OG0011728	0.0	0.0	0.0	0.0
OG0011729	0.0	0.0	0.0	0.0
OG0011730	0.0	0.0	0.0	0.0
OG0011731	0.0	0.0	0.0	0.0
OG0011733	0.0	0.0	0.0	0.0
OG0011734	0.0	0.0	0.0	0.0
OG0011735	0.0	0.0	0.0	0.0
OG0011751	0.0	0.0	0.0	0.0
OG0011755	0.0	0.0	0.0	0.0
OG0011758	0.0	0.0	0.0	0.0
OG0011759	0.0	0.0	0.0	0.0
OG0011762	0.0	0.0	0.0	0.0
OG0011763	0.0	0.0	0.0	0.0
OG0011767	0.0	0.0	0.0	0.0
OG0011770	0.0	0.0	0.0	0.0
OG0011773	0.0	0.0	0.0	0.0
OG0011774	0.0	0.0	0.0	0.0
OG0011776	0.0	0.0	0.0	0.0
OG0011777	0.0	0.0	0.0	0.0
OG0011782	0.0	0.0	0.0	0.0
OG0011783	0.0	0.0	0.0	0.0
OG0011784	0.0	0.0	0.0	0.0
OG0011786	0.0	0.0	0.0	0.0
OG0011787	0.0	0.0	0.0	0.0
OG0011788	0.0	0.0	0.0	0.0
OG0011789	0.0	0.0	0.0	0.0
OG0011790	0.0	0.0	0.0	0.0
OG0011791	0.0	0.0	0.0	0.0
OG0011792	0.0	0.0	0.0	0.0
OG0011793	0.0	0.0	0.0	0.0
OG0011795	0.0	0.0	0.0	0.0
OG0011796	0.0	0.0	0.0	0.0
OG0011797	0.0	0.0	0.0	0.0
OG0011799	0.0	0.0	0.0	0.0
OG0011801	0.0	0.0	0.0	0.0
OG0011803	0.0	0.0	0.0	0.0
OG0011804	0.0	0.0	0.0	0.0
OG0011805	0.0	0.0	0.0	0.0
OG0011806	0.0	0.0	0.0	0.0
OG0011807	0.0	0.0	0.0	0.0
OG0011808	0.0	0.0	0.0	0.0
OG0011809	0.0	0.0	0.0	0.0
OG0011810	0.0	0.0	0.0	0.0
OG0011812	0.0	0.0	0.0	0.0
OG0011813	0.0	0.0	0.0	0.0
OG0011815	0.0	0.0	0.0	0.0
OG0011816	0.0	0.0	0.0	0.0
OG0011817	0.0	0.0	0.0	0.0
OG0011818	0.0	0.0	0.0	0.0
OG0011819	0.0	0.0	0.0	0.0
OG0011820	0.0	0.0	0.0	0.0
OG0011823	0.0	0.0	0.0	0.0
OG0011824	0.0	0.0	0.0	0.0
OG0011825	0.0	0.0	0.0	0.0
OG0011826	0.0	0.0	0.0	0.0
OG0011827	0.0	0.0	0.0	0.0
OG0011828	0.0	0.0	0.0	0.0
OG0011829	0.0	0.0	0.0	0.0
OG0011830	0.0	0.0	0.0	0.0
OG0011831	0.0	0.0	0.0	0.0
OG0011832	0.0	0.0	0.0	0.0
OG0011834	0.0	0.0	0.0	0.0
OG0011836	0.0	0.0	0.0	0.0
OG0011837	0.0	0.0	0.0	0.0
OG0011838	0.0	0.0	0.0	0.0
OG0011839	0.0	0.0	0.0	0.0
OG0011840	0.0	0.0	0.0	0.0
OG0011843	0.0	0.0	0.0	0.0
OG0011844	0.0	0.0	0.0	0.0
OG0011845	0.0	0.0	0.0	0.0
OG0011847	0.0	0.0	0.0	0.0
OG0011848	0.0	0.0	0.0	0.0
OG0011849	0.0	0.0	0.0	0.0
OG0011851	0.0	0.0	0.0	0.0
OG0011853	0.0	0.0	0.0	0.0
OG0011855	0.0	0.0	0.0	0.0
OG0011857	0.0	0.0	0.0	0.0
OG0011858	0.0	0.0	0.0	0.0
OG0011859	0.0	0.0	0.0	0.0
OG0011860	0.0	0.0	0.0	0.0
OG0011861	0.0	0.0	0.0	0.0
OG0011862	0.0	0.0	0.0	0.0
OG0011864	0.0	0.0	0.0	0.0
OG0011866	0.0	0.0	0.0	0.0
OG0011867	0.0	0.0	0.0	0.0
OG0011868	0.0	0.0	0.0	0.0
OG0011869	0.0	0.0	0.0	0.0
OG0011873	0.0	0.0	0.0	0.0
OG0011874	0.0	0.0	0.0	0.0
OG0011875	0.0	0.0	0.0	0.0
OG0011879	0.0	0.0	0.0	0.0
OG0011880	0.0	0.0	0.0	0.0
OG0011882	0.0	0.0	0.0	0.0
OG0011885	0.0	0.0	0.0	0.0
OG0011888	0.0	0.0	0.0	0.0
OG0011889	0.0	0.0	0.0	0.0
OG0011890	0.0	0.0	0.0	0.0
OG0011891	0.0	0.0	0.0	0.0
OG0011892	0.0	0.0	0.0	0.0
OG0011893	0.0	0.0	0.0	0.0
OG0011894	0.0	0.0	0.0	0.0
OG0011897	0.0	0.0	0.0	0.0
OG0011898	0.0	0.0	0.0	0.0
OG0011899	0.0	0.0	0.0	0.0
OG0011900	0.0	0.0	0.0	0.0
OG0011901	0.0	0.0	0.0	0.0
OG0011902	0.0	0.0	0.0	0.0
OG0011904	0.0	0.0	0.0	0.0
OG0011905	0.0	0.0	0.0	0.0
OG0011906	0.0	0.0	0.0	0.0
OG0011907	0.0	0.0	0.0	0.0
OG0011908	0.0	0.0	0.0	0.0
OG0011909	0.0	0.0	0.0	0.0
OG0011910	0.0	0.0	0.0	0.0
OG0011912	0.0	0.0	0.0	0.0
OG0011921	0.0	0.0	0.0	0.0
OG0011924	0.0	0.0	0.0	0.0
OG0011927	0.0	0.0	0.0	0.0
OG0011928	0.0	0.0	0.0	0.0
OG0011929	0.0	0.0	0.0	0.0
OG0011931	0.0	0.0	0.0	0.0
OG0011932	0.0	0.0	0.0	0.0
OG0011933	0.0	0.0	0.0	0.0
OG0011934	0.0	0.0	0.0	0.0
OG0011937	0.0	0.0	0.0	0.0
OG0011938	0.0	0.0	0.0	0.0
OG0011939	0.0	0.0	0.0	0.0
OG0011940	0.0	0.0	0.0	0.0
OG0011942	0.0	0.0	0.0	0.0
OG0011944	0.0	0.0	0.0	0.0
OG0011947	0.0	0.0	0.0	0.0
OG0011948	0.0	0.0	0.0	0.0
OG0011949	0.0	0.0	0.0	0.0
OG0011950	0.0	0.0	0.0	0.0
OG0011952	0.0	0.0	0.0	0.0
OG0011953	0.0	0.0	0.0	0.0
OG0011954	0.0	0.0	0.0	0.0
OG0011955	0.0	0.0	0.0	0.0
OG0011956	0.0	0.0	0.0	0.0
OG0011957	0.0	0.0	0.0	0.0
OG0011958	0.0	0.0	0.0	0.0
OG0011959	0.0	0.0	0.0	0.0
OG0011960	0.0	0.0	0.0	0.0
OG0011961	0.0	0.0	0.0	0.0
OG0011962	0.0	0.0	0.0	0.0
OG0011963	0.0	0.0	0.0	0.0
OG0011964	0.0	0.0	0.0	0.0
OG0011965	0.0	0.0	0.0	0.0
OG0011967	0.0	0.0	0.0	0.0
OG0011968	0.0	0.0	0.0	0.0
OG0011969	0.0	0.0	0.0	0.0
OG0011970	0.0	0.0	0.0	0.0
OG0011971	0.0	0.0	0.0	0.0
OG0011972	0.0	0.0	0.0	0.0
OG0011973	0.0	0.0	0.0	0.0
OG0011974	0.0	0.0	0.0	0.0
OG0011975	0.0	0.0	0.0	0.0
OG0011976	0.0	0.0	0.0	0.0
OG0011977	0.0	0.0	0.0	0.0
OG0011981	0.0	0.0	0.0	0.0
OG0011983	0.0	0.0	0.0	0.0
OG0011984	0.0	0.0	0.0	0.0
OG0011985	0.0	0.0	0.0	0.0
OG0011987	0.0	0.0	0.0	0.0
OG0011990	0.0	0.0	0.0	0.0
OG0011991	0.0	0.0	0.0	0.0
OG0011992	0.0	0.0	0.0	0.0
OG0011993	0.0	0.0	0.0	0.0
OG0011994	0.0	0.0	0.0	0.0
OG0011995	0.0	0.0	0.0	0.0
OG0011997	0.0	0.0	0.0	0.0
OG0011999	0.0	0.0	0.0	0.0
OG0012000	0.0	0.0	0.0	0.0
OG0012001	0.0	0.0	0.0	0.0
OG0012002	0.0	0.0	0.0	0.0
OG0012004	0.0	0.0	0.0	0.0
OG0012005	0.0	0.0	0.0	0.0
OG0012006	0.0	0.0	0.0	0.0
OG0012007	0.0	0.0	0.0	0.0
OG0012008	0.0	0.0	0.0	0.0
OG0012009	0.0	0.0	0.0	0.0
OG0012010	0.0	0.0	0.0	0.0
OG0012012	0.0	0.0	0.0	0.0
OG0012013	0.0	0.0	0.0	0.0
OG0012014	0.0	0.0	0.0	0.0
OG0012015	0.0	0.0	0.0	0.0
OG0012022	0.0	0.0	0.0	0.0
OG0012030	0.0	0.0	0.0	0.0
OG0012031	0.0	0.0	0.0	0.0
OG0012032	0.0	0.0	0.0	0.0
OG0012033	0.0	0.0	0.0	0.0
OG0012038	0.0	0.0	0.0	0.0
OG0012040	0.0	0.0	0.0	0.0
OG0012041	0.0	0.0	0.0	0.0
OG0012062	0.0	0.0	0.0	0.0
OG0012074	0.0	0.0	0.0	0.0
OG0012084	0.0	0.0	0.0	0.0
OG0012087	0.0	0.0	0.0	0.0
OG0012088	0.0	0.0	0.0	0.0
OG0012089	0.0	0.0	0.0	0.0
OG0012090	0.0	0.0	0.0	0.0
OG0012092	0.0	0.0	0.0	0.0
OG0012094	0.0	0.0	0.0	0.0
OG0012095	0.0	0.0	0.0	0.0
OG0012097	0.0	0.0	0.0	0.0
OG0012098	0.0	0.0	0.0	0.0
OG0012099	0.0	0.0	0.0	0.0
OG0012102	0.0	0.0	0.0	0.0
OG0012117	0.0	0.0	0.0	0.0
OG0012118	0.0	0.0	0.0	0.0
OG0012127	0.0	0.0	0.0	0.0
OG0012131	0.0	0.0	0.0	0.0
OG0012132	0.0	0.0	0.0	0.0
OG0012152	0.0	0.0	0.0	0.0
OG0012223	0.0	0.0	0.0	0.0
OG0012270	0.0	0.0	0.0	0.0
OG0012271	0.0	0.0	0.0	0.0
OG0012273	0.0	0.0	0.0	0.0
OG0012274	0.0	0.0	0.0	0.0
OG0012275	0.0	0.0	0.0	0.0
OG0012276	0.0	0.0	0.0	0.0
OG0012278	0.0	0.0	0.0	0.0
OG0012279	0.0	0.0	0.0	0.0
OG0012280	0.0	0.0	0.0	0.0
OG0012281	0.0	0.0	0.0	0.0
OG0012284	0.0	0.0	0.0	0.0
OG0012286	0.0	0.0	0.0	0.0
OG0012287	0.0	0.0	0.0	0.0
OG0012288	0.0	0.0	0.0	0.0
OG0012289	0.0	0.0	0.0	0.0
OG0012292	0.0	0.0	0.0	0.0
OG0012293	0.0	0.0	0.0	0.0
OG0012294	0.0	0.0	0.0	0.0
OG0012295	0.0	0.0	0.0	0.0
OG0012296	0.0	0.0	0.0	0.0
OG0012297	0.0	0.0	0.0	0.0
OG0012299	0.0	0.0	0.0	0.0
OG0012300	0.0	0.0	0.0	0.0
OG0012301	0.0	0.0	0.0	0.0
OG0012302	0.0	0.0	0.0	0.0
OG0012304	0.0	0.0	0.0	0.0
OG0012317	0.0	0.0	0.0	0.0
OG0012318	0.0	0.0	0.0	0.0
OG0012320	0.0	0.0	0.0	0.0
OG0012321	0.0	0.0	0.0	0.0
OG0012324	0.0	0.0	0.0	0.0
OG0012325	0.0	0.0	0.0	0.0
OG0012326	0.0	0.0	0.0	0.0
OG0012329	0.0	0.0	0.0	0.0
OG0012330	0.0	0.0	0.0	0.0
OG0012333	0.0	0.0	0.0	0.0
OG0012334	0.0	0.0	0.0	0.0
OG0012335	0.0	0.0	0.0	0.0
OG0012336	0.0	0.0	0.0	0.0
OG0012337	0.0	0.0	0.0	0.0
OG0012338	0.0	0.0	0.0	0.0
OG0012339	0.0	0.0	0.0	0.0
OG0012340	0.0	0.0	0.0	0.0
OG0012341	0.0	0.0	0.0	0.0
OG0012345	0.0	0.0	0.0	0.0
OG0012346	0.0	0.0	0.0	0.0
OG0012347	0.0	0.0	0.0	0.0
OG0012348	0.0	0.0	0.0	0.0
OG0012349	0.0	0.0	0.0	0.0
OG0012350	0.0	0.0	0.0	0.0
OG0012352	0.0	0.0	0.0	0.0
OG0012353	0.0	0.0	0.0	0.0
OG0012354	0.0	0.0	0.0	0.0
OG0012355	0.0	0.0	0.0	0.0
OG0012358	0.0	0.0	0.0	0.0
OG0012359	0.0	0.0	0.0	0.0
OG0012360	0.0	0.0	0.0	0.0
OG0012361	0.0	0.0	0.0	0.0
OG0012362	0.0	0.0	0.0	0.0
OG0012365	0.0	0.0	0.0	0.0
OG0012366	0.0	0.0	0.0	0.0
OG0012367	0.0	0.0	0.0	0.0
OG0012368	0.0	0.0	0.0	0.0
OG0012370	0.0	0.0	0.0	0.0
OG0012371	0.0	0.0	0.0	0.0
OG0012373	0.0	0.0	0.0	0.0
OG0012374	0.0	0.0	0.0	0.0
OG0012375	0.0	0.0	0.0	0.0
OG0012376	0.0	0.0	0.0	0.0
OG0012377	0.0	0.0	0.0	0.0
OG0012378	0.0	0.0	0.0	0.0
OG0012379	0.0	0.0	0.0	0.0
OG0012380	0.0	0.0	0.0	0.0
OG0012381	0.0	0.0	0.0	0.0
OG0012382	0.0	0.0	0.0	0.0
OG0012383	0.0	0.0	0.0	0.0
OG0012384	0.0	0.0	0.0	0.0
OG0012386	0.0	0.0	0.0	0.0
OG0012387	0.0	0.0	0.0	0.0
OG0012389	0.0	0.0	0.0	0.0
OG0012391	0.0	0.0	0.0	0.0
OG0012392	0.0	0.0	0.0	0.0
OG0012394	0.0	0.0	0.0	0.0
OG0012395	0.0	0.0	0.0	0.0
OG0012396	0.0	0.0	0.0	0.0
OG0012399	0.0	0.0	0.0	0.0
OG0012400	0.0	0.0	0.0	0.0
OG0012401	0.0	0.0	0.0	0.0
OG0012402	0.0	0.0	0.0	0.0
OG0012403	0.0	0.0	0.0	0.0
OG0012404	0.0	0.0	0.0	0.0
OG0012405	0.0	0.0	0.0	0.0
OG0012406	0.0	0.0	0.0	0.0
OG0012408	0.0	0.0	0.0	0.0
OG0012412	0.0	0.0	0.0	0.0
OG0012413	0.0	0.0	0.0	0.0
OG0012414	0.0	0.0	0.0	0.0
OG0012416	0.0	0.0	0.0	0.0
OG0012417	0.0	0.0	0.0	0.0
OG0012418	0.0	0.0	0.0	0.0
OG0012419	0.0	0.0	0.0	0.0
OG0012420	0.0	0.0	0.0	0.0
OG0012421	0.0	0.0	0.0	0.0
OG0012423	0.0	0.0	0.0	0.0
OG0012424	0.0	0.0	0.0	0.0
OG0012425	0.0	0.0	0.0	0.0
OG0012426	0.0	0.0	0.0	0.0
OG0012428	0.0	0.0	0.0	0.0
OG0012429	0.0	0.0	0.0	0.0
OG0012431	0.0	0.0	0.0	0.0
OG0012432	0.0	0.0	0.0	0.0
OG0012436	0.0	0.0	0.0	0.0
OG0012437	0.0	0.0	0.0	0.0
OG0012438	0.0	0.0	0.0	0.0
OG0012439	0.0	0.0	0.0	0.0
OG0012440	0.0	0.0	0.0	0.0
OG0012441	0.0	0.0	0.0	0.0
OG0012442	0.0	0.0	0.0	0.0
OG0012443	0.0	0.0	0.0	0.0
OG0012444	0.0	0.0	0.0	0.0
OG0012445	0.0	0.0	0.0	0.0
OG0012446	0.0	0.0	0.0	0.0
OG0012447	0.0	0.0	0.0	0.0
OG0012448	0.0	0.0	0.0	0.0
OG0012449	0.0	0.0	0.0	0.0
OG0012450	0.0	0.0	0.0	0.0
OG0012451	0.0	0.0	0.0	0.0
OG0012452	0.0	0.0	0.0	0.0
OG0012453	0.0	0.0	0.0	0.0
OG0012454	0.0	0.0	0.0	0.0
OG0012455	0.0	0.0	0.0	0.0
OG0012456	0.0	0.0	0.0	0.0
OG0012457	0.0	0.0	0.0	0.0
OG0012458	0.0	0.0	0.0	0.0
OG0012459	0.0	0.0	0.0	0.0
OG0012460	0.0	0.0	0.0	0.0
OG0012461	0.0	0.0	0.0	0.0
OG0012462	0.0	0.0	0.0	0.0
OG0012463	0.0	0.0	0.0	0.0
OG0012464	0.0	0.0	0.0	0.0
OG0012465	0.0	0.0	0.0	0.0
OG0012466	0.0	0.0	0.0	0.0
OG0012467	0.0	0.0	0.0	0.0
OG0012468	0.0	0.0	0.0	0.0
OG0012469	0.0	0.0	0.0	0.0
OG0012471	0.0	0.0	0.0	0.0
OG0012473	0.0	0.0	0.0	0.0
OG0012474	0.0	0.0	0.0	0.0
OG0012475	0.0	0.0	0.0	0.0
OG0012476	0.0	0.0	0.0	0.0
OG0012477	0.0	0.0	0.0	0.0
OG0012478	0.0	0.0	0.0	0.0
OG0012480	0.0	0.0	0.0	0.0
OG0012482	0.0	0.0	0.0	0.0
OG0012483	0.0	0.0	0.0	0.0
OG0012484	0.0	0.0	0.0	0.0
OG0012486	0.0	0.0	0.0	0.0
OG0012488	0.0	0.0	0.0	0.0
OG0012489	0.0	0.0	0.0	0.0
OG0012490	0.0	0.0	0.0	0.0
OG0012491	0.0	0.0	0.0	0.0
OG0012492	0.0	0.0	0.0	0.0
OG0012493	0.0	0.0	0.0	0.0
OG0012494	0.0	0.0	0.0	0.0
OG0012496	0.0	0.0	0.0	0.0
OG0012497	0.0	0.0	0.0	0.0
OG0012498	0.0	0.0	0.0	0.0
OG0012499	0.0	0.0	0.0	0.0
OG0012500	0.0	0.0	0.0	0.0
OG0012502	0.0	0.0	0.0	0.0
OG0012503	0.0	0.0	0.0	0.0
OG0012504	0.0	0.0	0.0	0.0
OG0012505	0.0	0.0	0.0	0.0
OG0012506	0.0	0.0	0.0	0.0
OG0012507	0.0	0.0	0.0	0.0
OG0012508	0.0	0.0	0.0	0.0
OG0012509	0.0	0.0	0.0	0.0
OG0012510	0.0	0.0	0.0	0.0
OG0012512	0.0	0.0	0.0	0.0
OG0012514	0.0	0.0	0.0	0.0
OG0012515	0.0	0.0	0.0	0.0
OG0012516	0.0	0.0	0.0	0.0
OG0012517	0.0	0.0	0.0	0.0
OG0012518	0.0	0.0	0.0	0.0
OG0012519	0.0	0.0	0.0	0.0
OG0012520	0.0	0.0	0.0	0.0
OG0012521	0.0	0.0	0.0	0.0
OG0012522	0.0	0.0	0.0	0.0
OG0012523	0.0	0.0	0.0	0.0
OG0012524	0.0	0.0	0.0	0.0
OG0012528	0.0	0.0	0.0	0.0
OG0012529	0.0	0.0	0.0	0.0
OG0012530	0.0	0.0	0.0	0.0
OG0012531	0.0	0.0	0.0	0.0
OG0012532	0.0	0.0	0.0	0.0
OG0012533	0.0	0.0	0.0	0.0
OG0012534	0.0	0.0	0.0	0.0
OG0012535	0.0	0.0	0.0	0.0
OG0012536	0.0	0.0	0.0	0.0
OG0012537	0.0	0.0	0.0	0.0
OG0012538	0.0	0.0	0.0	0.0
OG0012539	0.0	0.0	0.0	0.0
OG0012540	0.0	0.0	0.0	0.0
OG0012541	0.0	0.0	0.0	0.0
OG0012542	0.0	0.0	0.0	0.0
OG0012543	0.0	0.0	0.0	0.0
OG0012544	0.0	0.0	0.0	0.0
OG0012545	0.0	0.0	0.0	0.0
OG0012546	0.0	0.0	0.0	0.0
OG0012547	0.0	0.0	0.0	0.0
OG0012548	0.0	0.0	0.0	0.0
OG0012549	0.0	0.0	0.0	0.0
OG0012550	0.0	0.0	0.0	0.0
OG0012551	0.0	0.0	0.0	0.0
OG0012552	0.0	0.0	0.0	0.0
OG0012553	0.0	0.0	0.0	0.0
OG0012554	0.0	0.0	0.0	0.0
OG0012555	0.0	0.0	0.0	0.0
OG0012556	0.0	0.0	0.0	0.0
OG0012557	0.0	0.0	0.0	0.0
OG0012558	0.0	0.0	0.0	0.0
OG0012559	0.0	0.0	0.0	0.0
OG0012560	0.0	0.0	0.0	0.0
OG0012561	0.0	0.0	0.0	0.0
OG0012562	0.0	0.0	0.0	0.0
OG0012563	0.0	0.0	0.0	0.0
OG0012564	0.0	0.0	0.0	0.0
OG0012565	0.0	0.0	0.0	0.0
OG0012567	0.0	0.0	0.0	0.0
OG0012568	0.0	0.0	0.0	0.0
OG0012569	0.0	0.0	0.0	0.0
OG0012570	0.0	0.0	0.0	0.0
OG0012571	0.0	0.0	0.0	0.0
OG0012572	0.0	0.0	0.0	0.0
OG0012573	0.0	0.0	0.0	0.0
OG0012574	0.0	0.0	0.0	0.0
OG0012575	0.0	0.0	0.0	0.0
OG0012576	0.0	0.0	0.0	0.0
OG0012577	0.0	0.0	0.0	0.0
OG0012578	0.0	0.0	0.0	0.0
OG0012579	0.0	0.0	0.0	0.0
OG0012581	0.0	0.0	0.0	0.0
OG0012582	0.0	0.0	0.0	0.0
OG0012583	0.0	0.0	0.0	0.0
OG0012584	0.0	0.0	0.0	0.0
OG0012585	0.0	0.0	0.0	0.0
OG0012586	0.0	0.0	0.0	0.0
OG0012587	0.0	0.0	0.0	0.0
OG0012588	0.0	0.0	0.0	0.0
OG0012589	0.0	0.0	0.0	0.0
OG0012598	0.0	0.0	0.0	0.0
OG0012612	0.0	0.0	0.0	0.0
OG0012613	0.0	0.0	0.0	0.0
OG0012624	0.0	0.0	0.0	0.0
OG0012627	0.0	0.0	0.0	0.0
OG0012637	0.0	0.0	0.0	0.0
OG0012638	0.0	0.0	0.0	0.0
OG0012639	0.0	0.0	0.0	0.0
OG0012642	0.0	0.0	0.0	0.0
OG0012643	0.0	0.0	0.0	0.0
OG0012644	0.0	0.0	0.0	0.0
OG0012648	0.0	0.0	0.0	0.0
OG0012649	0.0	0.0	0.0	0.0
OG0012652	0.0	0.0	0.0	0.0
OG0012653	0.0	0.0	0.0	0.0
OG0012655	0.0	0.0	0.0	0.0
OG0012656	0.0	0.0	0.0	0.0
OG0012658	0.0	0.0	0.0	0.0
OG0012661	0.0	0.0	0.0	0.0
OG0012662	0.0	0.0	0.0	0.0
OG0012663	0.0	0.0	0.0	0.0
OG0012668	0.0	0.0	0.0	0.0
OG0012671	0.0	0.0	0.0	0.0
OG0012672	0.0	0.0	0.0	0.0
OG0012673	0.0	0.0	0.0	0.0
OG0012674	0.0	0.0	0.0	0.0
OG0012675	0.0	0.0	0.0	0.0
OG0012676	0.0	0.0	0.0	0.0
OG0012677	0.0	0.0	0.0	0.0
OG0012679	0.0	0.0	0.0	0.0
OG0012680	0.0	0.0	0.0	0.0
OG0012681	0.0	0.0	0.0	0.0
OG0012683	0.0	0.0	0.0	0.0
OG0012684	0.0	0.0	0.0	0.0
OG0012685	0.0	0.0	0.0	0.0
OG0012686	0.0	0.0	0.0	0.0
OG0012687	0.0	0.0	0.0	0.0
OG0012689	0.0	0.0	0.0	0.0
OG0012690	0.0	0.0	0.0	0.0
OG0012691	0.0	0.0	0.0	0.0
OG0012692	0.0	0.0	0.0	0.0
OG0012693	0.0	0.0	0.0	0.0
OG0012694	0.0	0.0	0.0	0.0
OG0012696	0.0	0.0	0.0	0.0
OG0012697	0.0	0.0	0.0	0.0
OG0012698	0.0	0.0	0.0	0.0
OG0012699	0.0	0.0	0.0	0.0
OG0012700	0.0	0.0	0.0	0.0
OG0012701	0.0	0.0	0.0	0.0
OG0012702	0.0	0.0	0.0	0.0
OG0012703	0.0	0.0	0.0	0.0
OG0012706	0.0	0.0	0.0	0.0
OG0012708	0.0	0.0	0.0	0.0
OG0012712	0.0	0.0	0.0	0.0
OG0012714	0.0	0.0	0.0	0.0
OG0012716	0.0	0.0	0.0	0.0
OG0012717	0.0	0.0	0.0	0.0
OG0012718	0.0	0.0	0.0	0.0
OG0012719	0.0	0.0	0.0	0.0
OG0012720	0.0	0.0	0.0	0.0
OG0012722	0.0	0.0	0.0	0.0
OG0012724	0.0	0.0	0.0	0.0
OG0012725	0.0	0.0	0.0	0.0
OG0012726	0.0	0.0	0.0	0.0
OG0012729	0.0	0.0	0.0	0.0
OG0012731	0.0	0.0	0.0	0.0
OG0012734	0.0	0.0	0.0	0.0
OG0012735	0.0	0.0	0.0	0.0
OG0012736	0.0	0.0	0.0	0.0
OG0012737	0.0	0.0	0.0	0.0
OG0012740	0.0	0.0	0.0	0.0
OG0012741	0.0	0.0	0.0	0.0
OG0012744	0.0	0.0	0.0	0.0
OG0012745	0.0	0.0	0.0	0.0
OG0012746	0.0	0.0	0.0	0.0
OG0012747	0.0	0.0	0.0	0.0
OG0012748	0.0	0.0	0.0	0.0
OG0012749	0.0	0.0	0.0	0.0
OG0012750	0.0	0.0	0.0	0.0
OG0012751	0.0	0.0	0.0	0.0
OG0012752	0.0	0.0	0.0	0.0
OG0012753	0.0	0.0	0.0	0.0
OG0012754	0.0	0.0	0.0	0.0
OG0012756	0.0	0.0	0.0	0.0
OG0012757	0.0	0.0	0.0	0.0
OG0012758	0.0	0.0	0.0	0.0
OG0012760	0.0	0.0	0.0	0.0
OG0012761	0.0	0.0	0.0	0.0
OG0012763	0.0	0.0	0.0	0.0
OG0012764	0.0	0.0	0.0	0.0
OG0012765	0.0	0.0	0.0	0.0
OG0012766	0.0	0.0	0.0	0.0
OG0012767	0.0	0.0	0.0	0.0
OG0012769	0.0	0.0	0.0	0.0
OG0012771	0.0	0.0	0.0	0.0
OG0012772	0.0	0.0	0.0	0.0
OG0012773	0.0	0.0	0.0	0.0
OG0012775	0.0	0.0	0.0	0.0
OG0012776	0.0	0.0	0.0	0.0
OG0012778	0.0	0.0	0.0	0.0
OG0012779	0.0	0.0	0.0	0.0
OG0012781	0.0	0.0	0.0	0.0
OG0012782	0.0	0.0	0.0	0.0
OG0012784	0.0	0.0	0.0	0.0
OG0012787	0.0	0.0	0.0	0.0
OG0012788	0.0	0.0	0.0	0.0
OG0012791	0.0	0.0	0.0	0.0
OG0012792	0.0	0.0	0.0	0.0
OG0012793	0.0	0.0	0.0	0.0
OG0012800	0.0	0.0	0.0	0.0
OG0012804	0.0	0.0	0.0	0.0
OG0012805	0.0	0.0	0.0	0.0
OG0012807	0.0	0.0	0.0	0.0
OG0012808	0.0	0.0	0.0	0.0
OG0012809	0.0	0.0	0.0	0.0
OG0012810	0.0	0.0	0.0	0.0
OG0012814	0.0	0.0	0.0	0.0
OG0012815	0.0	0.0	0.0	0.0
OG0012816	0.0	0.0	0.0	0.0
OG0012817	0.0	0.0	0.0	0.0
OG0012818	0.0	0.0	0.0	0.0
OG0012819	0.0	0.0	0.0	0.0
OG0012820	0.0	0.0	0.0	0.0
OG0012821	0.0	0.0	0.0	0.0
OG0012822	0.0	0.0	0.0	0.0
OG0012823	0.0	0.0	0.0	0.0
OG0012824	0.0	0.0	0.0	0.0
OG0012825	0.0	0.0	0.0	0.0
OG0012827	0.0	0.0	0.0	0.0
OG0012828	0.0	0.0	0.0	0.0
OG0012829	0.0	0.0	0.0	0.0
OG0012830	0.0	0.0	0.0	0.0
OG0012831	0.0	0.0	0.0	0.0
OG0012832	0.0	0.0	0.0	0.0
OG0012833	0.0	0.0	0.0	0.0
OG0012834	0.0	0.0	0.0	0.0
OG0012835	0.0	0.0	0.0	0.0
OG0012836	0.0	0.0	0.0	0.0
OG0012837	0.0	0.0	0.0	0.0
OG0012838	0.0	0.0	0.0	0.0
OG0012839	0.0	0.0	0.0	0.0
OG0012840	0.0	0.0	0.0	0.0
OG0012841	0.0	0.0	0.0	0.0
OG0012842	0.0	0.0	0.0	0.0
OG0012843	0.0	0.0	0.0	0.0
OG0012845	0.0	0.0	0.0	0.0
OG0012846	0.0	0.0	0.0	0.0
OG0012847	0.0	0.0	0.0	0.0
OG0012848	0.0	0.0	0.0	0.0
OG0012849	0.0	0.0	0.0	0.0
OG0012850	0.0	0.0	0.0	0.0
OG0012851	0.0	0.0	0.0	0.0
OG0012853	0.0	0.0	0.0	0.0
OG0012854	0.0	0.0	0.0	0.0
OG0012855	0.0	0.0	0.0	0.0
OG0012856	0.0	0.0	0.0	0.0
OG0012857	0.0	0.0	0.0	0.0
OG0012858	0.0	0.0	0.0	0.0
OG0012859	0.0	0.0	0.0	0.0
OG0012861	0.0	0.0	0.0	0.0
OG0012862	0.0	0.0	0.0	0.0
OG0012863	0.0	0.0	0.0	0.0
OG0012864	0.0	0.0	0.0	0.0
OG0012865	0.0	0.0	0.0	0.0
OG0012866	0.0	0.0	0.0	0.0
OG0012867	0.0	0.0	0.0	0.0
OG0012868	0.0	0.0	0.0	0.0
OG0012869	0.0	0.0	0.0	0.0
OG0012870	0.0	0.0	0.0	0.0
OG0012871	0.0	0.0	0.0	0.0
OG0012872	0.0	0.0	0.0	0.0
OG0012873	0.0	0.0	0.0	0.0
OG0012878	0.0	0.0	0.0	0.0
OG0012879	0.0	0.0	0.0	0.0
OG0012880	0.0	0.0	0.0	0.0
OG0012881	0.0	0.0	0.0	0.0
OG0012882	0.0	0.0	0.0	0.0
OG0012883	0.0	0.0	0.0	0.0
OG0012885	0.0	0.0	0.0	0.0
OG0012886	0.0	0.0	0.0	0.0
OG0012887	0.0	0.0	0.0	0.0
OG0012888	0.0	0.0	0.0	0.0
OG0012889	0.0	0.0	0.0	0.0
OG0012890	0.0	0.0	0.0	0.0
OG0012891	0.0	0.0	0.0	0.0
OG0012893	0.0	0.0	0.0	0.0
OG0012894	0.0	0.0	0.0	0.0
OG0012895	0.0	0.0	0.0	0.0
OG0012897	0.0	0.0	0.0	0.0
OG0012898	0.0	0.0	0.0	0.0
OG0012899	0.0	0.0	0.0	0.0
OG0012900	0.0	0.0	0.0	0.0
OG0012901	0.0	0.0	0.0	0.0
OG0012902	0.0	0.0	0.0	0.0
OG0012903	0.0	0.0	0.0	0.0
OG0012904	0.0	0.0	0.0	0.0
OG0012905	0.0	0.0	0.0	0.0
OG0012906	0.0	0.0	0.0	0.0
OG0012907	0.0	0.0	0.0	0.0
OG0012908	0.0	0.0	0.0	0.0
OG0012909	0.0	0.0	0.0	0.0
OG0012910	0.0	0.0	0.0	0.0
OG0012911	0.0	0.0	0.0	0.0
OG0012912	0.0	0.0	0.0	0.0
OG0012913	0.0	0.0	0.0	0.0
OG0012914	0.0	0.0	0.0	0.0
OG0012915	0.0	0.0	0.0	0.0
OG0012916	0.0	0.0	0.0	0.0
OG0012917	0.0	0.0	0.0	0.0
OG0012918	0.0	0.0	0.0	0.0
OG0012920	0.0	0.0	0.0	0.0
OG0012921	0.0	0.0	0.0	0.0
OG0012922	0.0	0.0	0.0	0.0
OG0012924	0.0	0.0	0.0	0.0
OG0012937	0.0	0.0	0.0	0.0
OG0012938	0.0	0.0	0.0	0.0
OG0012941	0.0	0.0	0.0	0.0
OG0012942	0.0	0.0	0.0	0.0
OG0012946	0.0	0.0	0.0	0.0
OG0012949	0.0	0.0	0.0	0.0
OG0012950	0.0	0.0	0.0	0.0
OG0012952	0.0	0.0	0.0	0.0
OG0012953	0.0	0.0	0.0	0.0
OG0012954	0.0	0.0	0.0	0.0
OG0012995	0.0	0.0	0.0	0.0
OG0012997	0.0	0.0	0.0	0.0
OG0012999	0.0	0.0	0.0	0.0
OG0013000	0.0	0.0	0.0	0.0
OG0013007	0.0	0.0	0.0	0.0
OG0013009	0.0	0.0	0.0	0.0
OG0013012	0.0	0.0	0.0	0.0
OG0013014	0.0	0.0	0.0	0.0
OG0013017	0.0	0.0	0.0	0.0
OG0013018	0.0	0.0	0.0	0.0
OG0013020	0.0	0.0	0.0	0.0
OG0013021	0.0	0.0	0.0	0.0
OG0013035	0.0	0.0	0.0	0.0
OG0013038	0.0	0.0	0.0	0.0
OG0013041	0.0	0.0	0.0	0.0
OG0013054	0.0	0.0	0.0	0.0
OG0013057	0.0	0.0	0.0	0.0
OG0013059	0.0	0.0	0.0	0.0
OG0013060	0.0	0.0	0.0	0.0
OG0013164	0.0	0.0	0.0	0.0
OG0013217	0.0	0.0	0.0	0.0
OG0013220	0.0	0.0	0.0	0.0
OG0013221	0.0	0.0	0.0	0.0
OG0013222	0.0	0.0	0.0	0.0
OG0013223	0.0	0.0	0.0	0.0
OG0013224	0.0	0.0	0.0	0.0
OG0013225	0.0	0.0	0.0	0.0
OG0013227	0.0	0.0	0.0	0.0
OG0013228	0.0	0.0	0.0	0.0
OG0013229	0.0	0.0	0.0	0.0
OG0013230	0.0	0.0	0.0	0.0
OG0013231	0.0	0.0	0.0	0.0
OG0013232	0.0	0.0	0.0	0.0
OG0013233	0.0	0.0	0.0	0.0
OG0013234	0.0	0.0	0.0	0.0
OG0013235	0.0	0.0	0.0	0.0
OG0013236	0.0	0.0	0.0	0.0
OG0013238	0.0	0.0	0.0	0.0
OG0013239	0.0	0.0	0.0	0.0
OG0013240	0.0	0.0	0.0	0.0
OG0013241	0.0	0.0	0.0	0.0
OG0013242	0.0	0.0	0.0	0.0
OG0013243	0.0	0.0	0.0	0.0
OG0013244	0.0	0.0	0.0	0.0
OG0013245	0.0	0.0	0.0	0.0
OG0013246	0.0	0.0	0.0	0.0
OG0013248	0.0	0.0	0.0	0.0
OG0013249	0.0	0.0	0.0	0.0
OG0013250	0.0	0.0	0.0	0.0
OG0013252	0.0	0.0	0.0	0.0
OG0013254	0.0	0.0	0.0	0.0
OG0013255	0.0	0.0	0.0	0.0
OG0013270	0.0	0.0	0.0	0.0
OG0013271	0.0	0.0	0.0	0.0
OG0013272	0.0	0.0	0.0	0.0
OG0013273	0.0	0.0	0.0	0.0
OG0013274	0.0	0.0	0.0	0.0
OG0013275	0.0	0.0	0.0	0.0
OG0013276	0.0	0.0	0.0	0.0
OG0013277	0.0	0.0	0.0	0.0
OG0013278	0.0	0.0	0.0	0.0
OG0013279	0.0	0.0	0.0	0.0
OG0013280	0.0	0.0	0.0	0.0
OG0013281	0.0	0.0	0.0	0.0
OG0013283	0.0	0.0	0.0	0.0
OG0013285	0.0	0.0	0.0	0.0
OG0013286	0.0	0.0	0.0	0.0
OG0013288	0.0	0.0	0.0	0.0
OG0013289	0.0	0.0	0.0	0.0
OG0013292	0.0	0.0	0.0	0.0
OG0013296	0.0	0.0	0.0	0.0
OG0013297	0.0	0.0	0.0	0.0
OG0013298	0.0	0.0	0.0	0.0
OG0013299	0.0	0.0	0.0	0.0
OG0013300	0.0	0.0	0.0	0.0
OG0013301	0.0	0.0	0.0	0.0
OG0013302	0.0	0.0	0.0	0.0
OG0013304	0.0	0.0	0.0	0.0
OG0013306	0.0	0.0	0.0	0.0
OG0013307	0.0	0.0	0.0	0.0
OG0013308	0.0	0.0	0.0	0.0
OG0013310	0.0	0.0	0.0	0.0
OG0013312	0.0	0.0	0.0	0.0
OG0013316	0.0	0.0	0.0	0.0
OG0013318	0.0	0.0	0.0	0.0
OG0013320	0.0	0.0	0.0	0.0
OG0013321	0.0	0.0	0.0	0.0
OG0013322	0.0	0.0	0.0	0.0
OG0013323	0.0	0.0	0.0	0.0
OG0013325	0.0	0.0	0.0	0.0
OG0013328	0.0	0.0	0.0	0.0
OG0013330	0.0	0.0	0.0	0.0
OG0013331	0.0	0.0	0.0	0.0
OG0013332	0.0	0.0	0.0	0.0
OG0013333	0.0	0.0	0.0	0.0
OG0013334	0.0	0.0	0.0	0.0
OG0013335	0.0	0.0	0.0	0.0
OG0013336	0.0	0.0	0.0	0.0
OG0013337	0.0	0.0	0.0	0.0
OG0013339	0.0	0.0	0.0	0.0
OG0013340	0.0	0.0	0.0	0.0
OG0013342	0.0	0.0	0.0	0.0
OG0013343	0.0	0.0	0.0	0.0
OG0013345	0.0	0.0	0.0	0.0
OG0013346	0.0	0.0	0.0	0.0
OG0013347	0.0	0.0	0.0	0.0
OG0013348	0.0	0.0	0.0	0.0
OG0013349	0.0	0.0	0.0	0.0
OG0013350	0.0	0.0	0.0	0.0
OG0013352	0.0	0.0	0.0	0.0
OG0013354	0.0	0.0	0.0	0.0
OG0013355	0.0	0.0	0.0	0.0
OG0013358	0.0	0.0	0.0	0.0
OG0013359	0.0	0.0	0.0	0.0
OG0013360	0.0	0.0	0.0	0.0
OG0013361	0.0	0.0	0.0	0.0
OG0013362	0.0	0.0	0.0	0.0
OG0013363	0.0	0.0	0.0	0.0
OG0013365	0.0	0.0	0.0	0.0
OG0013366	0.0	0.0	0.0	0.0
OG0013371	0.0	0.0	0.0	0.0
OG0013372	0.0	0.0	0.0	0.0
OG0013375	0.0	0.0	0.0	0.0
OG0013376	0.0	0.0	0.0	0.0
OG0013377	0.0	0.0	0.0	0.0
OG0013379	0.0	0.0	0.0	0.0
OG0013382	0.0	0.0	0.0	0.0
OG0013386	0.0	0.0	0.0	0.0
OG0013387	0.0	0.0	0.0	0.0
OG0013388	0.0	0.0	0.0	0.0
OG0013389	0.0	0.0	0.0	0.0
OG0013390	0.0	0.0	0.0	0.0
OG0013391	0.0	0.0	0.0	0.0
OG0013392	0.0	0.0	0.0	0.0
OG0013393	0.0	0.0	0.0	0.0
OG0013394	0.0	0.0	0.0	0.0
OG0013397	0.0	0.0	0.0	0.0
OG0013398	0.0	0.0	0.0	0.0
OG0013399	0.0	0.0	0.0	0.0
OG0013400	0.0	0.0	0.0	0.0
OG0013401	0.0	0.0	0.0	0.0
OG0013402	0.0	0.0	0.0	0.0
OG0013403	0.0	0.0	0.0	0.0
OG0013404	0.0	0.0	0.0	0.0
OG0013405	0.0	0.0	0.0	0.0
OG0013406	0.0	0.0	0.0	0.0
OG0013407	0.0	0.0	0.0	0.0
OG0013408	0.0	0.0	0.0	0.0
OG0013410	0.0	0.0	0.0	0.0
OG0013411	0.0	0.0	0.0	0.0
OG0013412	0.0	0.0	0.0	0.0
OG0013413	0.0	0.0	0.0	0.0
OG0013414	0.0	0.0	0.0	0.0
OG0013415	0.0	0.0	0.0	0.0
OG0013416	0.0	0.0	0.0	0.0
OG0013417	0.0	0.0	0.0	0.0
OG0013418	0.0	0.0	0.0	0.0
OG0013419	0.0	0.0	0.0	0.0
OG0013420	0.0	0.0	0.0	0.0
OG0013422	0.0	0.0	0.0	0.0
OG0013423	0.0	0.0	0.0	0.0
OG0013424	0.0	0.0	0.0	0.0
OG0013425	0.0	0.0	0.0	0.0
OG0013426	0.0	0.0	0.0	0.0
OG0013427	0.0	0.0	0.0	0.0
OG0013428	0.0	0.0	0.0	0.0
OG0013429	0.0	0.0	0.0	0.0
OG0013430	0.0	0.0	0.0	0.0
OG0013431	0.0	0.0	0.0	0.0
OG0013432	0.0	0.0	0.0	0.0
OG0013434	0.0	0.0	0.0	0.0
OG0013435	0.0	0.0	0.0	0.0
OG0013436	0.0	0.0	0.0	0.0
OG0013437	0.0	0.0	0.0	0.0
OG0013438	0.0	0.0	0.0	0.0
OG0013440	0.0	0.0	0.0	0.0
OG0013443	0.0	0.0	0.0	0.0
OG0013444	0.0	0.0	0.0	0.0
OG0013445	0.0	0.0	0.0	0.0
OG0013446	0.0	0.0	0.0	0.0
OG0013447	0.0	0.0	0.0	0.0
OG0013448	0.0	0.0	0.0	0.0
OG0013449	0.0	0.0	0.0	0.0
OG0013451	0.0	0.0	0.0	0.0
OG0013452	0.0	0.0	0.0	0.0
OG0013453	0.0	0.0	0.0	0.0
OG0013454	0.0	0.0	0.0	0.0
OG0013455	0.0	0.0	0.0	0.0
OG0013456	0.0	0.0	0.0	0.0
OG0013457	0.0	0.0	0.0	0.0
OG0013459	0.0	0.0	0.0	0.0
OG0013460	0.0	0.0	0.0	0.0
OG0013461	0.0	0.0	0.0	0.0
OG0013462	0.0	0.0	0.0	0.0
OG0013463	0.0	0.0	0.0	0.0
OG0013466	0.0	0.0	0.0	0.0
OG0013467	0.0	0.0	0.0	0.0
OG0013470	0.0	0.0	0.0	0.0
OG0013471	0.0	0.0	0.0	0.0
OG0013472	0.0	0.0	0.0	0.0
OG0013473	0.0	0.0	0.0	0.0
OG0013474	0.0	0.0	0.0	0.0
OG0013475	0.0	0.0	0.0	0.0
OG0013476	0.0	0.0	0.0	0.0
OG0013477	0.0	0.0	0.0	0.0
OG0013478	0.0	0.0	0.0	0.0
OG0013479	0.0	0.0	0.0	0.0
OG0013481	0.0	0.0	0.0	0.0
OG0013482	0.0	0.0	0.0	0.0
OG0013483	0.0	0.0	0.0	0.0
OG0013484	0.0	0.0	0.0	0.0
OG0013485	0.0	0.0	0.0	0.0
OG0013486	0.0	0.0	0.0	0.0
OG0013487	0.0	0.0	0.0	0.0
OG0013488	0.0	0.0	0.0	0.0
OG0013489	0.0	0.0	0.0	0.0
OG0013490	0.0	0.0	0.0	0.0
OG0013491	0.0	0.0	0.0	0.0
OG0013492	0.0	0.0	0.0	0.0
OG0013493	0.0	0.0	0.0	0.0
OG0013494	0.0	0.0	0.0	0.0
OG0013495	0.0	0.0	0.0	0.0
OG0013496	0.0	0.0	0.0	0.0
OG0013497	0.0	0.0	0.0	0.0
OG0013498	0.0	0.0	0.0	0.0
OG0013499	0.0	0.0	0.0	0.0
OG0013500	0.0	0.0	0.0	0.0
OG0013501	0.0	0.0	0.0	0.0
OG0013502	0.0	0.0	0.0	0.0
OG0013503	0.0	0.0	0.0	0.0
OG0013504	0.0	0.0	0.0	0.0
OG0013505	0.0	0.0	0.0	0.0
OG0013506	0.0	0.0	0.0	0.0
OG0013507	0.0	0.0	0.0	0.0
OG0013529	0.0	0.0	0.0	0.0
OG0013537	0.0	0.0	0.0	0.0
OG0013538	0.0	0.0	0.0	0.0
OG0013543	0.0	0.0	0.0	0.0
OG0013546	0.0	0.0	0.0	0.0
OG0013550	0.0	0.0	0.0	0.0
OG0013554	0.0	0.0	0.0	0.0
OG0013559	0.0	0.0	0.0	0.0
OG0013561	0.0	0.0	0.0	0.0
OG0013567	0.0	0.0	0.0	0.0
OG0013568	0.0	0.0	0.0	0.0
OG0013573	0.0	0.0	0.0	0.0
OG0013574	0.0	0.0	0.0	0.0
OG0013575	0.0	0.0	0.0	0.0
OG0013576	0.0	0.0	0.0	0.0
OG0013578	0.0	0.0	0.0	0.0
OG0013580	0.0	0.0	0.0	0.0
OG0013582	0.0	0.0	0.0	0.0
OG0013583	0.0	0.0	0.0	0.0
OG0013584	0.0	0.0	0.0	0.0
OG0013585	0.0	0.0	0.0	0.0
OG0013586	0.0	0.0	0.0	0.0
OG0013587	0.0	0.0	0.0	0.0
OG0013588	0.0	0.0	0.0	0.0
OG0013589	0.0	0.0	0.0	0.0
OG0013590	0.0	0.0	0.0	0.0
OG0013591	0.0	0.0	0.0	0.0
OG0013592	0.0	0.0	0.0	0.0
OG0013593	0.0	0.0	0.0	0.0
OG0013595	0.0	0.0	0.0	0.0
OG0013596	0.0	0.0	0.0	0.0
OG0013597	0.0	0.0	0.0	0.0
OG0013598	0.0	0.0	0.0	0.0
OG0013599	0.0	0.0	0.0	0.0
OG0013602	0.0	0.0	0.0	0.0
OG0013603	0.0	0.0	0.0	0.0
OG0013604	0.0	0.0	0.0	0.0
OG0013605	0.0	0.0	0.0	0.0
OG0013606	0.0	0.0	0.0	0.0
OG0013607	0.0	0.0	0.0	0.0
OG0013608	0.0	0.0	0.0	0.0
OG0013609	0.0	0.0	0.0	0.0
OG0013610	0.0	0.0	0.0	0.0
OG0013611	0.0	0.0	0.0	0.0
OG0013612	0.0	0.0	0.0	0.0
OG0013613	0.0	0.0	0.0	0.0
OG0013614	0.0	0.0	0.0	0.0
OG0013617	0.0	0.0	0.0	0.0
OG0013618	0.0	0.0	0.0	0.0
OG0013619	0.0	0.0	0.0	0.0
OG0013620	0.0	0.0	0.0	0.0
OG0013621	0.0	0.0	0.0	0.0
OG0013622	0.0	0.0	0.0	0.0
OG0013623	0.0	0.0	0.0	0.0
OG0013625	0.0	0.0	0.0	0.0
OG0013627	0.0	0.0	0.0	0.0
OG0013628	0.0	0.0	0.0	0.0
OG0013629	0.0	0.0	0.0	0.0
OG0013630	0.0	0.0	0.0	0.0
OG0013631	0.0	0.0	0.0	0.0
OG0013632	0.0	0.0	0.0	0.0
OG0013633	0.0	0.0	0.0	0.0
OG0013634	0.0	0.0	0.0	0.0
OG0013635	0.0	0.0	0.0	0.0
OG0013636	0.0	0.0	0.0	0.0
OG0013637	0.0	0.0	0.0	0.0
OG0013638	0.0	0.0	0.0	0.0
OG0013639	0.0	0.0	0.0	0.0
OG0013640	0.0	0.0	0.0	0.0
OG0013641	0.0	0.0	0.0	0.0
OG0013642	0.0	0.0	0.0	0.0
OG0013643	0.0	0.0	0.0	0.0
OG0013644	0.0	0.0	0.0	0.0
OG0013645	0.0	0.0	0.0	0.0
OG0013646	0.0	0.0	0.0	0.0
OG0013647	0.0	0.0	0.0	0.0
OG0013648	0.0	0.0	0.0	0.0
OG0013649	0.0	0.0	0.0	0.0
OG0013650	0.0	0.0	0.0	0.0
OG0013651	0.0	0.0	0.0	0.0
OG0013653	0.0	0.0	0.0	0.0
OG0013654	0.0	0.0	0.0	0.0
OG0013656	0.0	0.0	0.0	0.0
OG0013657	0.0	0.0	0.0	0.0
OG0013658	0.0	0.0	0.0	0.0
OG0013659	0.0	0.0	0.0	0.0
OG0013660	0.0	0.0	0.0	0.0
OG0013661	0.0	0.0	0.0	0.0
OG0013662	0.0	0.0	0.0	0.0
OG0013663	0.0	0.0	0.0	0.0
OG0013664	0.0	0.0	0.0	0.0
OG0013666	0.0	0.0	0.0	0.0
OG0013667	0.0	0.0	0.0	0.0
OG0013668	0.0	0.0	0.0	0.0
OG0013669	0.0	0.0	0.0	0.0
OG0013670	0.0	0.0	0.0	0.0
OG0013671	0.0	0.0	0.0	0.0
OG0013673	0.0	0.0	0.0	0.0
OG0013675	0.0	0.0	0.0	0.0
OG0013676	0.0	0.0	0.0	0.0
OG0013677	0.0	0.0	0.0	0.0
OG0013678	0.0	0.0	0.0	0.0
OG0013679	0.0	0.0	0.0	0.0
OG0013682	0.0	0.0	0.0	0.0
OG0013683	0.0	0.0	0.0	0.0
OG0013684	0.0	0.0	0.0	0.0
OG0013685	0.0	0.0	0.0	0.0
OG0013689	0.0	0.0	0.0	0.0
OG0013691	0.0	0.0	0.0	0.0
OG0013692	0.0	0.0	0.0	0.0
OG0013693	0.0	0.0	0.0	0.0
OG0013697	0.0	0.0	0.0	0.0
OG0013699	0.0	0.0	0.0	0.0
OG0013700	0.0	0.0	0.0	0.0
OG0013701	0.0	0.0	0.0	0.0
OG0013702	0.0	0.0	0.0	0.0
OG0013703	0.0	0.0	0.0	0.0
OG0013704	0.0	0.0	0.0	0.0
OG0013705	0.0	0.0	0.0	0.0
OG0013706	0.0	0.0	0.0	0.0
OG0013707	0.0	0.0	0.0	0.0
OG0013708	0.0	0.0	0.0	0.0
OG0013709	0.0	0.0	0.0	0.0
OG0013710	0.0	0.0	0.0	0.0
OG0013712	0.0	0.0	0.0	0.0
OG0013713	0.0	0.0	0.0	0.0
OG0013714	0.0	0.0	0.0	0.0
OG0013715	0.0	0.0	0.0	0.0
OG0013716	0.0	0.0	0.0	0.0
OG0013717	0.0	0.0	0.0	0.0
OG0013718	0.0	0.0	0.0	0.0
OG0013719	0.0	0.0	0.0	0.0
OG0013720	0.0	0.0	0.0	0.0
OG0013721	0.0	0.0	0.0	0.0
OG0013722	0.0	0.0	0.0	0.0
OG0013723	0.0	0.0	0.0	0.0
OG0013724	0.0	0.0	0.0	0.0
OG0013726	0.0	0.0	0.0	0.0
OG0013727	0.0	0.0	0.0	0.0
OG0013728	0.0	0.0	0.0	0.0
OG0013729	0.0	0.0	0.0	0.0
OG0013730	0.0	0.0	0.0	0.0
OG0013731	0.0	0.0	0.0	0.0
OG0013732	0.0	0.0	0.0	0.0
OG0013734	0.0	0.0	0.0	0.0
OG0013738	0.0	0.0	0.0	0.0
OG0013739	0.0	0.0	0.0	0.0
OG0013740	0.0	0.0	0.0	0.0
OG0013741	0.0	0.0	0.0	0.0
OG0013742	0.0	0.0	0.0	0.0
OG0013743	0.0	0.0	0.0	0.0
OG0013744	0.0	0.0	0.0	0.0
OG0013747	0.0	0.0	0.0	0.0
OG0013748	0.0	0.0	0.0	0.0
OG0013749	0.0	0.0	0.0	0.0
OG0013750	0.0	0.0	0.0	0.0
OG0013751	0.0	0.0	0.0	0.0
OG0013753	0.0	0.0	0.0	0.0
OG0013754	0.0	0.0	0.0	0.0
OG0013755	0.0	0.0	0.0	0.0
OG0013756	0.0	0.0	0.0	0.0
OG0013757	0.0	0.0	0.0	0.0
OG0013759	0.0	0.0	0.0	0.0
OG0013760	0.0	0.0	0.0	0.0
OG0013762	0.0	0.0	0.0	0.0
OG0013764	0.0	0.0	0.0	0.0
OG0013767	0.0	0.0	0.0	0.0
OG0013768	0.0	0.0	0.0	0.0
OG0013769	0.0	0.0	0.0	0.0
OG0013771	0.0	0.0	0.0	0.0
OG0013772	0.0	0.0	0.0	0.0
OG0013773	0.0	0.0	0.0	0.0
OG0013774	0.0	0.0	0.0	0.0
OG0013775	0.0	0.0	0.0	0.0
OG0013776	0.0	0.0	0.0	0.0
OG0013777	0.0	0.0	0.0	0.0
OG0013779	0.0	0.0	0.0	0.0
OG0013781	0.0	0.0	0.0	0.0
OG0013783	0.0	0.0	0.0	0.0
OG0013784	0.0	0.0	0.0	0.0
OG0013785	0.0	0.0	0.0	0.0
OG0013788	0.0	0.0	0.0	0.0
OG0013789	0.0	0.0	0.0	0.0
OG0013790	0.0	0.0	0.0	0.0
OG0013791	0.0	0.0	0.0	0.0
OG0013792	0.0	0.0	0.0	0.0
OG0013794	0.0	0.0	0.0	0.0
OG0013796	0.0	0.0	0.0	0.0
OG0013797	0.0	0.0	0.0	0.0
OG0013798	0.0	0.0	0.0	0.0
OG0013800	0.0	0.0	0.0	0.0
OG0013801	0.0	0.0	0.0	0.0
OG0013802	0.0	0.0	0.0	0.0
OG0013803	0.0	0.0	0.0	0.0
OG0013806	0.0	0.0	0.0	0.0
OG0013807	0.0	0.0	0.0	0.0
OG0013808	0.0	0.0	0.0	0.0
OG0013809	0.0	0.0	0.0	0.0
OG0013810	0.0	0.0	0.0	0.0
OG0013812	0.0	0.0	0.0	0.0
OG0013813	0.0	0.0	0.0	0.0
OG0013814	0.0	0.0	0.0	0.0
OG0013815	0.0	0.0	0.0	0.0
OG0013816	0.0	0.0	0.0	0.0
OG0013817	0.0	0.0	0.0	0.0
OG0013818	0.0	0.0	0.0	0.0
OG0013819	0.0	0.0	0.0	0.0
OG0013820	0.0	0.0	0.0	0.0
OG0013821	0.0	0.0	0.0	0.0
OG0013822	0.0	0.0	0.0	0.0
OG0013823	0.0	0.0	0.0	0.0
OG0013824	0.0	0.0	0.0	0.0
OG0013828	0.0	0.0	0.0	0.0
OG0013829	0.0	0.0	0.0	0.0
OG0013830	0.0	0.0	0.0	0.0
OG0013831	0.0	0.0	0.0	0.0
OG0013834	0.0	0.0	0.0	0.0
OG0013839	0.0	0.0	0.0	0.0
OG0013840	0.0	0.0	0.0	0.0
OG0013841	0.0	0.0	0.0	0.0
OG0013844	0.0	0.0	0.0	0.0
OG0013847	0.0	0.0	0.0	0.0
OG0013848	0.0	0.0	0.0	0.0
OG0013852	0.0	0.0	0.0	0.0
OG0013856	0.0	0.0	0.0	0.0
OG0013859	0.0	0.0	0.0	0.0
OG0013861	0.0	0.0	0.0	0.0
OG0013864	0.0	0.0	0.0	0.0
OG0013865	0.0	0.0	0.0	0.0
OG0013866	0.0	0.0	0.0	0.0
OG0013867	0.0	0.0	0.0	0.0
OG0013868	0.0	0.0	0.0	0.0
OG0013873	0.0	0.0	0.0	0.0
OG0013874	0.0	0.0	0.0	0.0
OG0013875	0.0	0.0	0.0	0.0
OG0013876	0.0	0.0	0.0	0.0
OG0013877	0.0	0.0	0.0	0.0
OG0013878	0.0	0.0	0.0	0.0
OG0013879	0.0	0.0	0.0	0.0
OG0013880	0.0	0.0	0.0	0.0
OG0013881	0.0	0.0	0.0	0.0
OG0013882	0.0	0.0	0.0	0.0
OG0013883	0.0	0.0	0.0	0.0
OG0013885	0.0	0.0	0.0	0.0
OG0013887	0.0	0.0	0.0	0.0
OG0013888	0.0	0.0	0.0	0.0
OG0013889	0.0	0.0	0.0	0.0
OG0013890	0.0	0.0	0.0	0.0
OG0013892	0.0	0.0	0.0	0.0
OG0013893	0.0	0.0	0.0	0.0
OG0013894	0.0	0.0	0.0	0.0
OG0013896	0.0	0.0	0.0	0.0
OG0013897	0.0	0.0	0.0	0.0
OG0013898	0.0	0.0	0.0	0.0
OG0013900	0.0	0.0	0.0	0.0
OG0013901	0.0	0.0	0.0	0.0
OG0013902	0.0	0.0	0.0	0.0
OG0013903	0.0	0.0	0.0	0.0
OG0013904	0.0	0.0	0.0	0.0
OG0013905	0.0	0.0	0.0	0.0
OG0013906	0.0	0.0	0.0	0.0
OG0013908	0.0	0.0	0.0	0.0
OG0013911	0.0	0.0	0.0	0.0
OG0013913	0.0	0.0	0.0	0.0
OG0013914	0.0	0.0	0.0	0.0
OG0013915	0.0	0.0	0.0	0.0
OG0013917	0.0	0.0	0.0	0.0
OG0013918	0.0	0.0	0.0	0.0
OG0013919	0.0	0.0	0.0	0.0
OG0013920	0.0	0.0	0.0	0.0
OG0013921	0.0	0.0	0.0	0.0
OG0013923	0.0	0.0	0.0	0.0
OG0013924	0.0	0.0	0.0	0.0
OG0013925	0.0	0.0	0.0	0.0
OG0013928	0.0	0.0	0.0	0.0
OG0013929	0.0	0.0	0.0	0.0
OG0013930	0.0	0.0	0.0	0.0
OG0013931	0.0	0.0	0.0	0.0
OG0013932	0.0	0.0	0.0	0.0
OG0013933	0.0	0.0	0.0	0.0
OG0013935	0.0	0.0	0.0	0.0
OG0013936	0.0	0.0	0.0	0.0
OG0013937	0.0	0.0	0.0	0.0
OG0013939	0.0	0.0	0.0	0.0
OG0013940	0.0	0.0	0.0	0.0
OG0013941	0.0	0.0	0.0	0.0
OG0013943	0.0	0.0	0.0	0.0
OG0013944	0.0	0.0	0.0	0.0
OG0013945	0.0	0.0	0.0	0.0
OG0013946	0.0	0.0	0.0	0.0
OG0013947	0.0	0.0	0.0	0.0
OG0013948	0.0	0.0	0.0	0.0
OG0013949	0.0	0.0	0.0	0.0
OG0013950	0.0	0.0	0.0	0.0
OG0013952	0.0	0.0	0.0	0.0
OG0013953	0.0	0.0	0.0	0.0
OG0013954	0.0	0.0	0.0	0.0
OG0013955	0.0	0.0	0.0	0.0
OG0013956	0.0	0.0	0.0	0.0
OG0013957	0.0	0.0	0.0	0.0
OG0013958	0.0	0.0	0.0	0.0
OG0013959	0.0	0.0	0.0	0.0
OG0013960	0.0	0.0	0.0	0.0
OG0013961	0.0	0.0	0.0	0.0
OG0013962	0.0	0.0	0.0	0.0
OG0013963	0.0	0.0	0.0	0.0
OG0013964	0.0	0.0	0.0	0.0
OG0013965	0.0	0.0	0.0	0.0
OG0013966	0.0	0.0	0.0	0.0
OG0013967	0.0	0.0	0.0	0.0
OG0013968	0.0	0.0	0.0	0.0
OG0013969	0.0	0.0	0.0	0.0
OG0013970	0.0	0.0	0.0	0.0
OG0013971	0.0	0.0	0.0	0.0
OG0013973	0.0	0.0	0.0	0.0
OG0013974	0.0	0.0	0.0	0.0
OG0013975	0.0	0.0	0.0	0.0
OG0013976	0.0	0.0	0.0	0.0
OG0013978	0.0	0.0	0.0	0.0
OG0013979	0.0	0.0	0.0	0.0
OG0013980	0.0	0.0	0.0	0.0
OG0013982	0.0	0.0	0.0	0.0
OG0013983	0.0	0.0	0.0	0.0
OG0013984	0.0	0.0	0.0	0.0
OG0013985	0.0	0.0	0.0	0.0
OG0013986	0.0	0.0	0.0	0.0
OG0013988	0.0	0.0	0.0	0.0
OG0013989	0.0	0.0	0.0	0.0
OG0013990	0.0	0.0	0.0	0.0
OG0013991	0.0	0.0	0.0	0.0
OG0013992	0.0	0.0	0.0	0.0
OG0013993	0.0	0.0	0.0	0.0
OG0013994	0.0	0.0	0.0	0.0
OG0013996	0.0	0.0	0.0	0.0
OG0013997	0.0	0.0	0.0	0.0
OG0013998	0.0	0.0	0.0	0.0
OG0014000	0.0	0.0	0.0	0.0
OG0014001	0.0	0.0	0.0	0.0
OG0014002	0.0	0.0	0.0	0.0
OG0014003	0.0	0.0	0.0	0.0
OG0014004	0.0	0.0	0.0	0.0
OG0014005	0.0	0.0	0.0	0.0
OG0014013	0.0	0.0	0.0	0.0
OG0014017	0.0	0.0	0.0	0.0
OG0014030	0.0	0.0	0.0	0.0
OG0014031	0.0	0.0	0.0	0.0
OG0014032	0.0	0.0	0.0	0.0
OG0014033	0.0	0.0	0.0	0.0
OG0014034	0.0	0.0	0.0	0.0
OG0014035	0.0	0.0	0.0	0.0
OG0014037	0.0	0.0	0.0	0.0
OG0014039	0.0	0.0	0.0	0.0
OG0014043	0.0	0.0	0.0	0.0
OG0014044	0.0	0.0	0.0	0.0
OG0014047	0.0	0.0	0.0	0.0
OG0014048	0.0	0.0	0.0	0.0
OG0014049	0.0	0.0	0.0	0.0
OG0014053	0.0	0.0	0.0	0.0
OG0014083	0.0	0.0	0.0	0.0
OG0014084	0.0	0.0	0.0	0.0
OG0014085	0.0	0.0	0.0	0.0
OG0014086	0.0	0.0	0.0	0.0
OG0014087	0.0	0.0	0.0	0.0
OG0014088	0.0	0.0	0.0	0.0
OG0014091	0.0	0.0	0.0	0.0
OG0014098	0.0	0.0	0.0	0.0
OG0014101	0.0	0.0	0.0	0.0
OG0014102	0.0	0.0	0.0	0.0
OG0014103	0.0	0.0	0.0	0.0
OG0014104	0.0	0.0	0.0	0.0
OG0014105	0.0	0.0	0.0	0.0
OG0014107	0.0	0.0	0.0	0.0
OG0014108	0.0	0.0	0.0	0.0
OG0014109	0.0	0.0	0.0	0.0
OG0014110	0.0	0.0	0.0	0.0
OG0014112	0.0	0.0	0.0	0.0
OG0014114	0.0	0.0	0.0	0.0
OG0014115	0.0	0.0	0.0	0.0
OG0014116	0.0	0.0	0.0	0.0
OG0014117	0.0	0.0	0.0	0.0
OG0014118	0.0	0.0	0.0	0.0
OG0014119	0.0	0.0	0.0	0.0
OG0014120	0.0	0.0	0.0	0.0
OG0014121	0.0	0.0	0.0	0.0
OG0014122	0.0	0.0	0.0	0.0
OG0014123	0.0	0.0	0.0	0.0
OG0014124	0.0	0.0	0.0	0.0
OG0014125	0.0	0.0	0.0	0.0
OG0014126	0.0	0.0	0.0	0.0
OG0014127	0.0	0.0	0.0	0.0
OG0014130	0.0	0.0	0.0	0.0
OG0014142	0.0	0.0	0.0	0.0
OG0014146	0.0	0.0	0.0	0.0
OG0014148	0.0	0.0	0.0	0.0
OG0014173	0.0	0.0	0.0	0.0
OG0014178	0.0	0.0	0.0	0.0
OG0014185	0.0	0.0	0.0	0.0
OG0014188	0.0	0.0	0.0	0.0
OG0014201	0.0	0.0	0.0	0.0
OG0014276	0.0	0.0	0.0	0.0
OG0014300	0.0	0.0	0.0	0.0
OG0014314	0.0	0.0	0.0	0.0
OG0014315	0.0	0.0	0.0	0.0
OG0014409	0.0	0.0	0.0	0.0
OG0014411	0.0	0.0	0.0	0.0
OG0014412	0.0	0.0	0.0	0.0
OG0014414	0.0	0.0	0.0	0.0
OG0014416	0.0	0.0	0.0	0.0
OG0014417	0.0	0.0	0.0	0.0
OG0014418	0.0	0.0	0.0	0.0
OG0014419	0.0	0.0	0.0	0.0
OG0014420	0.0	0.0	0.0	0.0
OG0014421	0.0	0.0	0.0	0.0
OG0014422	0.0	0.0	0.0	0.0
OG0014423	0.0	0.0	0.0	0.0
OG0014424	0.0	0.0	0.0	0.0
OG0014426	0.0	0.0	0.0	0.0
OG0014427	0.0	0.0	0.0	0.0
OG0014428	0.0	0.0	0.0	0.0
OG0014429	0.0	0.0	0.0	0.0
OG0014431	0.0	0.0	0.0	0.0
OG0014433	0.0	0.0	0.0	0.0
OG0014434	0.0	0.0	0.0	0.0
OG0014435	0.0	0.0	0.0	0.0
OG0014437	0.0	0.0	0.0	0.0
OG0014438	0.0	0.0	0.0	0.0
OG0014439	0.0	0.0	0.0	0.0
OG0014440	0.0	0.0	0.0	0.0
OG0014441	0.0	0.0	0.0	0.0
OG0014442	0.0	0.0	0.0	0.0
OG0014443	0.0	0.0	0.0	0.0
OG0014445	0.0	0.0	0.0	0.0
OG0014447	0.0	0.0	0.0	0.0
OG0014452	0.0	0.0	0.0	0.0
OG0014460	0.0	0.0	0.0	0.0
OG0014461	0.0	0.0	0.0	0.0
OG0014462	0.0	0.0	0.0	0.0
OG0014463	0.0	0.0	0.0	0.0
OG0014466	0.0	0.0	0.0	0.0
OG0014469	0.0	0.0	0.0	0.0
OG0014470	0.0	0.0	0.0	0.0
OG0014471	0.0	0.0	0.0	0.0
OG0014472	0.0	0.0	0.0	0.0
OG0014474	0.0	0.0	0.0	0.0
OG0014475	0.0	0.0	0.0	0.0
OG0014478	0.0	0.0	0.0	0.0
OG0014480	0.0	0.0	0.0	0.0
OG0014481	0.0	0.0	0.0	0.0
OG0014485	0.0	0.0	0.0	0.0
OG0014486	0.0	0.0	0.0	0.0
OG0014487	0.0	0.0	0.0	0.0
OG0014491	0.0	0.0	0.0	0.0
OG0014493	0.0	0.0	0.0	0.0
OG0014494	0.0	0.0	0.0	0.0
OG0014495	0.0	0.0	0.0	0.0
OG0014496	0.0	0.0	0.0	0.0
OG0014498	0.0	0.0	0.0	0.0
OG0014500	0.0	0.0	0.0	0.0
OG0014501	0.0	0.0	0.0	0.0
OG0014502	0.0	0.0	0.0	0.0
OG0014503	0.0	0.0	0.0	0.0
OG0014507	0.0	0.0	0.0	0.0
OG0014508	0.0	0.0	0.0	0.0
OG0014509	0.0	0.0	0.0	0.0
OG0014510	0.0	0.0	0.0	0.0
OG0014513	0.0	0.0	0.0	0.0
OG0014514	0.0	0.0	0.0	0.0
OG0014516	0.0	0.0	0.0	0.0
OG0014517	0.0	0.0	0.0	0.0
OG0014518	0.0	0.0	0.0	0.0
OG0014520	0.0	0.0	0.0	0.0
OG0014521	0.0	0.0	0.0	0.0
OG0014523	0.0	0.0	0.0	0.0
OG0014524	0.0	0.0	0.0	0.0
OG0014525	0.0	0.0	0.0	0.0
OG0014526	0.0	0.0	0.0	0.0
OG0014529	0.0	0.0	0.0	0.0
OG0014530	0.0	0.0	0.0	0.0
OG0014531	0.0	0.0	0.0	0.0
OG0014532	0.0	0.0	0.0	0.0
OG0014536	0.0	0.0	0.0	0.0
OG0014538	0.0	0.0	0.0	0.0
OG0014539	0.0	0.0	0.0	0.0
OG0014540	0.0	0.0	0.0	0.0
OG0014541	0.0	0.0	0.0	0.0
OG0014542	0.0	0.0	0.0	0.0
OG0014544	0.0	0.0	0.0	0.0
OG0014545	0.0	0.0	0.0	0.0
OG0014547	0.0	0.0	0.0	0.0
OG0014550	0.0	0.0	0.0	0.0
OG0014553	0.0	0.0	0.0	0.0
OG0014556	0.0	0.0	0.0	0.0
OG0014557	0.0	0.0	0.0	0.0
OG0014558	0.0	0.0	0.0	0.0
OG0014559	0.0	0.0	0.0	0.0
OG0014561	0.0	0.0	0.0	0.0
OG0014562	0.0	0.0	0.0	0.0
OG0014564	0.0	0.0	0.0	0.0
OG0014565	0.0	0.0	0.0	0.0
OG0014566	0.0	0.0	0.0	0.0
OG0014567	0.0	0.0	0.0	0.0
OG0014568	0.0	0.0	0.0	0.0
OG0014569	0.0	0.0	0.0	0.0
OG0014570	0.0	0.0	0.0	0.0
OG0014571	0.0	0.0	0.0	0.0
OG0014572	0.0	0.0	0.0	0.0
OG0014573	0.0	0.0	0.0	0.0
OG0014575	0.0	0.0	0.0	0.0
OG0014576	0.0	0.0	0.0	0.0
OG0014577	0.0	0.0	0.0	0.0
OG0014578	0.0	0.0	0.0	0.0
OG0014579	0.0	0.0	0.0	0.0
OG0014582	0.0	0.0	0.0	0.0
OG0014583	0.0	0.0	0.0	0.0
OG0014584	0.0	0.0	0.0	0.0
OG0014585	0.0	0.0	0.0	0.0
OG0014587	0.0	0.0	0.0	0.0
OG0014588	0.0	0.0	0.0	0.0
OG0014589	0.0	0.0	0.0	0.0
OG0014592	0.0	0.0	0.0	0.0
OG0014593	0.0	0.0	0.0	0.0
OG0014594	0.0	0.0	0.0	0.0
OG0014595	0.0	0.0	0.0	0.0
OG0014596	0.0	0.0	0.0	0.0
OG0014597	0.0	0.0	0.0	0.0
OG0014598	0.0	0.0	0.0	0.0
OG0014600	0.0	0.0	0.0	0.0
OG0014601	0.0	0.0	0.0	0.0
OG0014602	0.0	0.0	0.0	0.0
OG0014605	0.0	0.0	0.0	0.0
OG0014606	0.0	0.0	0.0	0.0
OG0014607	0.0	0.0	0.0	0.0
OG0014608	0.0	0.0	0.0	0.0
OG0014610	0.0	0.0	0.0	0.0
OG0014612	0.0	0.0	0.0	0.0
OG0014613	0.0	0.0	0.0	0.0
OG0014614	0.0	0.0	0.0	0.0
OG0014615	0.0	0.0	0.0	0.0
OG0014617	0.0	0.0	0.0	0.0
OG0014618	0.0	0.0	0.0	0.0
OG0014619	0.0	0.0	0.0	0.0
OG0014621	0.0	0.0	0.0	0.0
OG0014623	0.0	0.0	0.0	0.0
OG0014624	0.0	0.0	0.0	0.0
OG0014625	0.0	0.0	0.0	0.0
OG0014626	0.0	0.0	0.0	0.0
OG0014627	0.0	0.0	0.0	0.0
OG0014628	0.0	0.0	0.0	0.0
OG0014629	0.0	0.0	0.0	0.0
OG0014630	0.0	0.0	0.0	0.0
OG0014631	0.0	0.0	0.0	0.0
OG0014632	0.0	0.0	0.0	0.0
OG0014633	0.0	0.0	0.0	0.0
OG0014634	0.0	0.0	0.0	0.0
OG0014635	0.0	0.0	0.0	0.0
OG0014638	0.0	0.0	0.0	0.0
OG0014640	0.0	0.0	0.0	0.0
OG0014641	0.0	0.0	0.0	0.0
OG0014643	0.0	0.0	0.0	0.0
OG0014644	0.0	0.0	0.0	0.0
OG0014645	0.0	0.0	0.0	0.0
OG0014646	0.0	0.0	0.0	0.0
OG0014647	0.0	0.0	0.0	0.0
OG0014648	0.0	0.0	0.0	0.0
OG0014651	0.0	0.0	0.0	0.0
OG0014653	0.0	0.0	0.0	0.0
OG0014654	0.0	0.0	0.0	0.0
OG0014656	0.0	0.0	0.0	0.0
OG0014657	0.0	0.0	0.0	0.0
OG0014658	0.0	0.0	0.0	0.0
OG0014659	0.0	0.0	0.0	0.0
OG0014660	0.0	0.0	0.0	0.0
OG0014663	0.0	0.0	0.0	0.0
OG0014666	0.0	0.0	0.0	0.0
OG0014667	0.0	0.0	0.0	0.0
OG0014668	0.0	0.0	0.0	0.0
OG0014672	0.0	0.0	0.0	0.0
OG0014673	0.0	0.0	0.0	0.0
OG0014675	0.0	0.0	0.0	0.0
OG0014677	0.0	0.0	0.0	0.0
OG0014678	0.0	0.0	0.0	0.0
OG0014679	0.0	0.0	0.0	0.0
OG0014680	0.0	0.0	0.0	0.0
OG0014681	0.0	0.0	0.0	0.0
OG0014683	0.0	0.0	0.0	0.0
OG0014685	0.0	0.0	0.0	0.0
OG0014686	0.0	0.0	0.0	0.0
OG0014687	0.0	0.0	0.0	0.0
OG0014688	0.0	0.0	0.0	0.0
OG0014689	0.0	0.0	0.0	0.0
OG0014690	0.0	0.0	0.0	0.0
OG0014691	0.0	0.0	0.0	0.0
OG0014692	0.0	0.0	0.0	0.0
OG0014694	0.0	0.0	0.0	0.0
OG0014695	0.0	0.0	0.0	0.0
OG0014696	0.0	0.0	0.0	0.0
OG0014697	0.0	0.0	0.0	0.0
OG0014698	0.0	0.0	0.0	0.0
OG0014699	0.0	0.0	0.0	0.0
OG0014700	0.0	0.0	0.0	0.0
OG0014701	0.0	0.0	0.0	0.0
OG0014702	0.0	0.0	0.0	0.0
OG0014703	0.0	0.0	0.0	0.0
OG0014704	0.0	0.0	0.0	0.0
OG0014705	0.0	0.0	0.0	0.0
OG0014706	0.0	0.0	0.0	0.0
OG0014707	0.0	0.0	0.0	0.0
OG0014708	0.0	0.0	0.0	0.0
OG0014709	0.0	0.0	0.0	0.0
OG0014710	0.0	0.0	0.0	0.0
OG0014711	0.0	0.0	0.0	0.0
OG0014712	0.0	0.0	0.0	0.0
OG0014713	0.0	0.0	0.0	0.0
OG0014714	0.0	0.0	0.0	0.0
OG0014716	0.0	0.0	0.0	0.0
OG0014717	0.0	0.0	0.0	0.0
OG0014718	0.0	0.0	0.0	0.0
OG0014720	0.0	0.0	0.0	0.0
OG0014722	0.0	0.0	0.0	0.0
OG0014723	0.0	0.0	0.0	0.0
OG0014724	0.0	0.0	0.0	0.0
OG0014725	0.0	0.0	0.0	0.0
OG0014726	0.0	0.0	0.0	0.0
OG0014727	0.0	0.0	0.0	0.0
OG0014728	0.0	0.0	0.0	0.0
OG0014729	0.0	0.0	0.0	0.0
OG0014731	0.0	0.0	0.0	0.0
OG0014732	0.0	0.0	0.0	0.0
OG0014733	0.0	0.0	0.0	0.0
OG0014734	0.0	0.0	0.0	0.0
OG0014735	0.0	0.0	0.0	0.0
OG0014736	0.0	0.0	0.0	0.0
OG0014737	0.0	0.0	0.0	0.0
OG0014738	0.0	0.0	0.0	0.0
OG0014739	0.0	0.0	0.0	0.0
OG0014740	0.0	0.0	0.0	0.0
OG0014741	0.0	0.0	0.0	0.0
OG0014742	0.0	0.0	0.0	0.0
OG0014743	0.0	0.0	0.0	0.0
OG0014744	0.0	0.0	0.0	0.0
OG0014745	0.0	0.0	0.0	0.0
OG0014746	0.0	0.0	0.0	0.0
OG0014747	0.0	0.0	0.0	0.0
OG0014748	0.0	0.0	0.0	0.0
OG0014749	0.0	0.0	0.0	0.0
OG0014750	0.0	0.0	0.0	0.0
OG0014773	0.0	0.0	0.0	0.0
OG0014802	0.0	0.0	0.0	0.0
OG0014804	0.0	0.0	0.0	0.0
OG0014808	0.0	0.0	0.0	0.0
OG0014812	0.0	0.0	0.0	0.0
OG0014817	0.0	0.0	0.0	0.0
OG0014819	0.0	0.0	0.0	0.0
OG0014820	0.0	0.0	0.0	0.0
OG0014822	0.0	0.0	0.0	0.0
OG0014826	0.0	0.0	0.0	0.0
OG0014827	0.0	0.0	0.0	0.0
OG0014831	0.0	0.0	0.0	0.0
OG0014832	0.0	0.0	0.0	0.0
OG0014833	0.0	0.0	0.0	0.0
OG0014834	0.0	0.0	0.0	0.0
OG0014835	0.0	0.0	0.0	0.0
OG0014837	0.0	0.0	0.0	0.0
OG0014838	0.0	0.0	0.0	0.0
OG0014839	0.0	0.0	0.0	0.0
OG0014840	0.0	0.0	0.0	0.0
OG0014841	0.0	0.0	0.0	0.0
OG0014842	0.0	0.0	0.0	0.0
OG0014843	0.0	0.0	0.0	0.0
OG0014844	0.0	0.0	0.0	0.0
OG0014846	0.0	0.0	0.0	0.0
OG0014848	0.0	0.0	0.0	0.0
OG0014849	0.0	0.0	0.0	0.0
OG0014850	0.0	0.0	0.0	0.0
OG0014851	0.0	0.0	0.0	0.0
OG0014853	0.0	0.0	0.0	0.0
OG0014854	0.0	0.0	0.0	0.0
OG0014855	0.0	0.0	0.0	0.0
OG0014857	0.0	0.0	0.0	0.0
OG0014858	0.0	0.0	0.0	0.0
OG0014860	0.0	0.0	0.0	0.0
OG0014861	0.0	0.0	0.0	0.0
OG0014862	0.0	0.0	0.0	0.0
OG0014863	0.0	0.0	0.0	0.0
OG0014864	0.0	0.0	0.0	0.0
OG0014865	0.0	0.0	0.0	0.0
OG0014866	0.0	0.0	0.0	0.0
OG0014869	0.0	0.0	0.0	0.0
OG0014870	0.0	0.0	0.0	0.0
OG0014871	0.0	0.0	0.0	0.0
OG0014872	0.0	0.0	0.0	0.0
OG0014873	0.0	0.0	0.0	0.0
OG0014874	0.0	0.0	0.0	0.0
OG0014875	0.0	0.0	0.0	0.0
OG0014876	0.0	0.0	0.0	0.0
OG0014877	0.0	0.0	0.0	0.0
OG0014879	0.0	0.0	0.0	0.0
OG0014880	0.0	0.0	0.0	0.0
OG0014881	0.0	0.0	0.0	0.0
OG0014882	0.0	0.0	0.0	0.0
OG0014884	0.0	0.0	0.0	0.0
OG0014885	0.0	0.0	0.0	0.0
OG0014886	0.0	0.0	0.0	0.0
OG0014887	0.0	0.0	0.0	0.0
OG0014888	0.0	0.0	0.0	0.0
OG0014889	0.0	0.0	0.0	0.0
OG0014890	0.0	0.0	0.0	0.0
OG0014891	0.0	0.0	0.0	0.0
OG0014892	0.0	0.0	0.0	0.0
OG0014893	0.0	0.0	0.0	0.0
OG0014894	0.0	0.0	0.0	0.0
OG0014895	0.0	0.0	0.0	0.0
OG0014896	0.0	0.0	0.0	0.0
OG0014897	0.0	0.0	0.0	0.0
OG0014899	0.0	0.0	0.0	0.0
OG0014900	0.0	0.0	0.0	0.0
OG0014903	0.0	0.0	0.0	0.0
OG0014904	0.0	0.0	0.0	0.0
OG0014905	0.0	0.0	0.0	0.0
OG0014906	0.0	0.0	0.0	0.0
OG0014907	0.0	0.0	0.0	0.0
OG0014908	0.0	0.0	0.0	0.0
OG0014909	0.0	0.0	0.0	0.0
OG0014911	0.0	0.0	0.0	0.0
OG0014912	0.0	0.0	0.0	0.0
OG0014913	0.0	0.0	0.0	0.0
OG0014914	0.0	0.0	0.0	0.0
OG0014915	0.0	0.0	0.0	0.0
OG0014916	0.0	0.0	0.0	0.0
OG0014917	0.0	0.0	0.0	0.0
OG0014918	0.0	0.0	0.0	0.0
OG0014924	0.0	0.0	0.0	0.0
OG0014925	0.0	0.0	0.0	0.0
OG0014926	0.0	0.0	0.0	0.0
OG0014928	0.0	0.0	0.0	0.0
OG0014929	0.0	0.0	0.0	0.0
OG0014930	0.0	0.0	0.0	0.0
OG0014931	0.0	0.0	0.0	0.0
OG0014932	0.0	0.0	0.0	0.0
OG0014933	0.0	0.0	0.0	0.0
OG0014934	0.0	0.0	0.0	0.0
OG0014935	0.0	0.0	0.0	0.0
OG0014936	0.0	0.0	0.0	0.0
OG0014937	0.0	0.0	0.0	0.0
OG0014938	0.0	0.0	0.0	0.0
OG0014940	0.0	0.0	0.0	0.0
OG0014941	0.0	0.0	0.0	0.0
OG0014942	0.0	0.0	0.0	0.0
OG0014943	0.0	0.0	0.0	0.0
OG0014944	0.0	0.0	0.0	0.0
OG0014945	0.0	0.0	0.0	0.0
OG0014946	0.0	0.0	0.0	0.0
OG0014947	0.0	0.0	0.0	0.0
OG0014948	0.0	0.0	0.0	0.0
OG0014949	0.0	0.0	0.0	0.0
OG0014950	0.0	0.0	0.0	0.0
OG0014951	0.0	0.0	0.0	0.0
OG0014952	0.0	0.0	0.0	0.0
OG0014953	0.0	0.0	0.0	0.0
OG0014954	0.0	0.0	0.0	0.0
OG0014955	0.0	0.0	0.0	0.0
OG0014956	0.0	0.0	0.0	0.0
OG0014957	0.0	0.0	0.0	0.0
OG0014958	0.0	0.0	0.0	0.0
OG0014959	0.0	0.0	0.0	0.0
OG0014960	0.0	0.0	0.0	0.0
OG0014961	0.0	0.0	0.0	0.0
OG0014962	0.0	0.0	0.0	0.0
OG0014963	0.0	0.0	0.0	0.0
OG0014964	0.0	0.0	0.0	0.0
OG0014965	0.0	0.0	0.0	0.0
OG0014966	0.0	0.0	0.0	0.0
OG0014967	0.0	0.0	0.0	0.0
OG0014968	0.0	0.0	0.0	0.0
OG0014969	0.0	0.0	0.0	0.0
OG0014970	0.0	0.0	0.0	0.0
OG0014971	0.0	0.0	0.0	0.0
OG0014972	0.0	0.0	0.0	0.0
OG0014974	0.0	0.0	0.0	0.0
OG0014975	0.0	0.0	0.0	0.0
OG0014976	0.0	0.0	0.0	0.0
OG0014977	0.0	0.0	0.0	0.0
OG0014978	0.0	0.0	0.0	0.0
OG0014979	0.0	0.0	0.0	0.0
OG0014980	0.0	0.0	0.0	0.0
OG0014981	0.0	0.0	0.0	0.0
OG0014982	0.0	0.0	0.0	0.0
OG0014983	0.0	0.0	0.0	0.0
OG0014984	0.0	0.0	0.0	0.0
OG0014985	0.0	0.0	0.0	0.0
OG0014986	0.0	0.0	0.0	0.0
OG0014987	0.0	0.0	0.0	0.0
OG0014988	0.0	0.0	0.0	0.0
OG0014989	0.0	0.0	0.0	0.0
OG0014990	0.0	0.0	0.0	0.0
OG0014991	0.0	0.0	0.0	0.0
OG0014992	0.0	0.0	0.0	0.0
OG0014993	0.0	0.0	0.0	0.0
OG0014994	0.0	0.0	0.0	0.0
OG0014995	0.0	0.0	0.0	0.0
OG0014996	0.0	0.0	0.0	0.0
OG0014997	0.0	0.0	0.0	0.0
OG0014998	0.0	0.0	0.0	0.0
OG0014999	0.0	0.0	0.0	0.0
OG0015000	0.0	0.0	0.0	0.0
OG0015001	0.0	0.0	0.0	0.0
OG0015002	0.0	0.0	0.0	0.0
OG0015003	0.0	0.0	0.0	0.0
OG0015004	0.0	0.0	0.0	0.0
OG0015005	0.0	0.0	0.0	0.0
OG0015006	0.0	0.0	0.0	0.0
OG0015007	0.0	0.0	0.0	0.0
OG0015008	0.0	0.0	0.0	0.0
OG0015009	0.0	0.0	0.0	0.0
OG0015010	0.0	0.0	0.0	0.0
OG0015011	0.0	0.0	0.0	0.0
OG0015012	0.0	0.0	0.0	0.0
OG0015013	0.0	0.0	0.0	0.0
OG0015014	0.0	0.0	0.0	0.0
OG0015015	0.0	0.0	0.0	0.0
OG0015016	0.0	0.0	0.0	0.0
OG0015017	0.0	0.0	0.0	0.0
OG0015018	0.0	0.0	0.0	0.0
OG0015019	0.0	0.0	0.0	0.0
OG0015020	0.0	0.0	0.0	0.0
OG0015021	0.0	0.0	0.0	0.0
OG0015022	0.0	0.0	0.0	0.0
OG0015023	0.0	0.0	0.0	0.0
OG0015024	0.0	0.0	0.0	0.0
OG0015026	0.0	0.0	0.0	0.0
OG0015027	0.0	0.0	0.0	0.0
OG0015028	0.0	0.0	0.0	0.0
OG0015029	0.0	0.0	0.0	0.0
OG0015030	0.0	0.0	0.0	0.0
OG0015031	0.0	0.0	0.0	0.0
OG0015032	0.0	0.0	0.0	0.0
OG0015033	0.0	0.0	0.0	0.0
OG0015034	0.0	0.0	0.0	0.0
OG0015035	0.0	0.0	0.0	0.0
OG0015036	0.0	0.0	0.0	0.0
OG0015037	0.0	0.0	0.0	0.0
OG0015038	0.0	0.0	0.0	0.0
OG0015039	0.0	0.0	0.0	0.0
OG0015040	0.0	0.0	0.0	0.0
OG0015041	0.0	0.0	0.0	0.0
OG0015042	0.0	0.0	0.0	0.0
OG0015043	0.0	0.0	0.0	0.0
OG0015044	0.0	0.0	0.0	0.0
OG0015045	0.0	0.0	0.0	0.0
OG0015047	0.0	0.0	0.0	0.0
OG0015048	0.0	0.0	0.0	0.0
OG0015049	0.0	0.0	0.0	0.0
OG0015050	0.0	0.0	0.0	0.0
OG0015051	0.0	0.0	0.0	0.0
OG0015052	0.0	0.0	0.0	0.0
OG0015053	0.0	0.0	0.0	0.0
OG0015054	0.0	0.0	0.0	0.0
OG0015056	0.0	0.0	0.0	0.0
OG0015057	0.0	0.0	0.0	0.0
OG0015058	0.0	0.0	0.0	0.0
OG0015059	0.0	0.0	0.0	0.0
OG0015060	0.0	0.0	0.0	0.0
OG0015061	0.0	0.0	0.0	0.0
OG0015062	0.0	0.0	0.0	0.0
OG0015063	0.0	0.0	0.0	0.0
OG0015064	0.0	0.0	0.0	0.0
OG0015065	0.0	0.0	0.0	0.0
OG0015066	0.0	0.0	0.0	0.0
OG0015067	0.0	0.0	0.0	0.0
OG0015068	0.0	0.0	0.0	0.0
OG0015069	0.0	0.0	0.0	0.0
OG0015070	0.0	0.0	0.0	0.0
OG0015071	0.0	0.0	0.0	0.0
OG0015072	0.0	0.0	0.0	0.0
OG0015073	0.0	0.0	0.0	0.0
OG0015074	0.0	0.0	0.0	0.0
OG0015075	0.0	0.0	0.0	0.0
OG0015076	0.0	0.0	0.0	0.0
OG0015077	0.0	0.0	0.0	0.0
OG0015078	0.0	0.0	0.0	0.0
OG0015079	0.0	0.0	0.0	0.0
OG0015080	0.0	0.0	0.0	0.0
OG0015081	0.0	0.0	0.0	0.0
OG0015082	0.0	0.0	0.0	0.0
OG0015083	0.0	0.0	0.0	0.0
OG0015084	0.0	0.0	0.0	0.0
OG0015085	0.0	0.0	0.0	0.0
OG0015086	0.0	0.0	0.0	0.0
OG0015087	0.0	0.0	0.0	0.0
OG0015088	0.0	0.0	0.0	0.0
OG0015089	0.0	0.0	0.0	0.0
OG0015090	0.0	0.0	0.0	0.0
OG0015091	0.0	0.0	0.0	0.0
OG0015092	0.0	0.0	0.0	0.0
OG0015093	0.0	0.0	0.0	0.0
OG0015094	0.0	0.0	0.0	0.0
OG0015095	0.0	0.0	0.0	0.0
OG0015096	0.0	0.0	0.0	0.0
OG0015097	0.0	0.0	0.0	0.0
OG0015098	0.0	0.0	0.0	0.0
OG0015099	0.0	0.0	0.0	0.0
OG0015100	0.0	0.0	0.0	0.0
OG0015101	0.0	0.0	0.0	0.0
OG0015102	0.0	0.0	0.0	0.0
OG0015103	0.0	0.0	0.0	0.0
OG0015104	0.0	0.0	0.0	0.0
OG0015105	0.0	0.0	0.0	0.0
OG0015106	0.0	0.0	0.0	0.0
OG0015107	0.0	0.0	0.0	0.0
OG0015108	0.0	0.0	0.0	0.0
OG0015109	0.0	0.0	0.0	0.0
OG0015110	0.0	0.0	0.0	0.0
OG0015111	0.0	0.0	0.0	0.0
OG0015112	0.0	0.0	0.0	0.0
OG0015113	0.0	0.0	0.0	0.0
OG0015114	0.0	0.0	0.0	0.0
OG0015115	0.0	0.0	0.0	0.0
OG0015116	0.0	0.0	0.0	0.0
OG0015117	0.0	0.0	0.0	0.0
OG0015118	0.0	0.0	0.0	0.0
OG0015119	0.0	0.0	0.0	0.0
OG0015120	0.0	0.0	0.0	0.0
OG0015121	0.0	0.0	0.0	0.0
OG0015122	0.0	0.0	0.0	0.0
OG0015123	0.0	0.0	0.0	0.0
OG0015124	0.0	0.0	0.0	0.0
OG0015125	0.0	0.0	0.0	0.0
OG0015126	0.0	0.0	0.0	0.0
OG0015127	0.0	0.0	0.0	0.0
OG0015128	0.0	0.0	0.0	0.0
OG0015129	0.0	0.0	0.0	0.0
OG0015130	0.0	0.0	0.0	0.0
OG0015131	0.0	0.0	0.0	0.0
OG0015132	0.0	0.0	0.0	0.0
OG0015133	0.0	0.0	0.0	0.0
OG0015134	0.0	0.0	0.0	0.0
OG0015135	0.0	0.0	0.0	0.0
OG0015136	0.0	0.0	0.0	0.0
OG0015137	0.0	0.0	0.0	0.0
OG0015138	0.0	0.0	0.0	0.0
OG0015139	0.0	0.0	0.0	0.0
OG0015140	0.0	0.0	0.0	0.0
OG0015141	0.0	0.0	0.0	0.0
OG0015142	0.0	0.0	0.0	0.0
OG0015143	0.0	0.0	0.0	0.0
OG0015144	0.0	0.0	0.0	0.0
OG0015145	0.0	0.0	0.0	0.0
OG0015146	0.0	0.0	0.0	0.0
OG0015147	0.0	0.0	0.0	0.0
OG0015148	0.0	0.0	0.0	0.0
OG0015149	0.0	0.0	0.0	0.0
OG0015150	0.0	0.0	0.0	0.0
OG0015151	0.0	0.0	0.0	0.0
OG0015152	0.0	0.0	0.0	0.0
OG0015153	0.0	0.0	0.0	0.0
OG0015154	0.0	0.0	0.0	0.0
OG0015155	0.0	0.0	0.0	0.0
OG0015156	0.0	0.0	0.0	0.0
OG0015157	0.0	0.0	0.0	0.0
OG0015158	0.0	0.0	0.0	0.0
OG0015159	0.0	0.0	0.0	0.0
OG0015160	0.0	0.0	0.0	0.0
OG0015161	0.0	0.0	0.0	0.0
OG0015162	0.0	0.0	0.0	0.0
OG0015163	0.0	0.0	0.0	0.0
OG0015164	0.0	0.0	0.0	0.0
OG0015165	0.0	0.0	0.0	0.0
OG0015166	0.0	0.0	0.0	0.0
OG0015167	0.0	0.0	0.0	0.0
OG0015168	0.0	0.0	0.0	0.0
OG0015169	0.0	0.0	0.0	0.0
OG0015170	0.0	0.0	0.0	0.0
OG0015171	0.0	0.0	0.0	0.0
OG0015172	0.0	0.0	0.0	0.0
OG0015173	0.0	0.0	0.0	0.0
OG0015174	0.0	0.0	0.0	0.0
OG0015175	0.0	0.0	0.0	0.0
OG0015176	0.0	0.0	0.0	0.0
OG0015177	0.0	0.0	0.0	0.0
OG0015178	0.0	0.0	0.0	0.0
OG0015179	0.0	0.0	0.0	0.0
OG0015180	0.0	0.0	0.0	0.0
OG0015181	0.0	0.0	0.0	0.0
OG0015182	0.0	0.0	0.0	0.0
OG0015183	0.0	0.0	0.0	0.0
OG0015184	0.0	0.0	0.0	0.0
OG0015185	0.0	0.0	0.0	0.0
OG0015186	0.0	0.0	0.0	0.0
OG0015187	0.0	0.0	0.0	0.0
OG0015188	0.0	0.0	0.0	0.0
OG0015189	0.0	0.0	0.0	0.0
OG0015190	0.0	0.0	0.0	0.0
OG0015191	0.0	0.0	0.0	0.0
OG0015192	0.0	0.0	0.0	0.0
OG0015193	0.0	0.0	0.0	0.0
OG0015194	0.0	0.0	0.0	0.0
OG0015195	0.0	0.0	0.0	0.0
OG0015196	0.0	0.0	0.0	0.0
OG0015197	0.0	0.0	0.0	0.0
OG0015198	0.0	0.0	0.0	0.0
OG0015199	0.0	0.0	0.0	0.0
OG0015200	0.0	0.0	0.0	0.0
OG0015201	0.0	0.0	0.0	0.0
OG0015202	0.0	0.0	0.0	0.0
OG0015203	0.0	0.0	0.0	0.0
OG0015204	0.0	0.0	0.0	0.0
OG0015205	0.0	0.0	0.0	0.0
OG0015206	0.0	0.0	0.0	0.0
OG0015207	0.0	0.0	0.0	0.0
OG0015208	0.0	0.0	0.0	0.0
OG0015209	0.0	0.0	0.0	0.0
OG0015210	0.0	0.0	0.0	0.0
OG0015211	0.0	0.0	0.0	0.0
OG0015212	0.0	0.0	0.0	0.0
OG0015213	0.0	0.0	0.0	0.0
OG0015214	0.0	0.0	0.0	0.0
OG0015215	0.0	0.0	0.0	0.0
OG0015216	0.0	0.0	0.0	0.0
OG0015217	0.0	0.0	0.0	0.0
OG0015218	0.0	0.0	0.0	0.0
OG0015219	0.0	0.0	0.0	0.0
OG0015220	0.0	0.0	0.0	0.0
OG0015221	0.0	0.0	0.0	0.0
OG0015222	0.0	0.0	0.0	0.0
OG0015223	0.0	0.0	0.0	0.0
OG0015224	0.0	0.0	0.0	0.0
OG0015226	0.0	0.0	0.0	0.0
OG0015227	0.0	0.0	0.0	0.0
OG0015228	0.0	0.0	0.0	0.0
OG0015229	0.0	0.0	0.0	0.0
OG0015232	0.0	0.0	0.0	0.0
OG0015233	0.0	0.0	0.0	0.0
OG0015234	0.0	0.0	0.0	0.0
OG0015235	0.0	0.0	0.0	0.0
OG0015236	0.0	0.0	0.0	0.0
OG0015237	0.0	0.0	0.0	0.0
OG0015238	0.0	0.0	0.0	0.0
OG0015239	0.0	0.0	0.0	0.0
OG0015240	0.0	0.0	0.0	0.0
OG0015241	0.0	0.0	0.0	0.0
OG0015242	0.0	0.0	0.0	0.0
OG0015243	0.0	0.0	0.0	0.0
OG0015244	0.0	0.0	0.0	0.0
OG0015245	0.0	0.0	0.0	0.0
OG0015246	0.0	0.0	0.0	0.0
OG0015247	0.0	0.0	0.0	0.0
OG0015248	0.0	0.0	0.0	0.0
OG0015249	0.0	0.0	0.0	0.0
OG0015250	0.0	0.0	0.0	0.0
OG0015255	0.0	0.0	0.0	0.0
OG0015260	0.0	0.0	0.0	0.0
OG0015262	0.0	0.0	0.0	0.0
OG0015265	0.0	0.0	0.0	0.0
OG0015266	0.0	0.0	0.0	0.0
OG0015267	0.0	0.0	0.0	0.0
OG0015268	0.0	0.0	0.0	0.0
OG0015270	0.0	0.0	0.0	0.0
OG0015271	0.0	0.0	0.0	0.0
OG0015272	0.0	0.0	0.0	0.0
OG0015274	0.0	0.0	0.0	0.0
OG0015276	0.0	0.0	0.0	0.0
OG0015277	0.0	0.0	0.0	0.0
OG0015279	0.0	0.0	0.0	0.0
OG0015280	0.0	0.0	0.0	0.0
OG0015284	0.0	0.0	0.0	0.0
OG0015285	0.0	0.0	0.0	0.0
OG0015287	0.0	0.0	0.0	0.0
OG0015289	0.0	0.0	0.0	0.0
OG0015290	0.0	0.0	0.0	0.0
OG0015291	0.0	0.0	0.0	0.0
OG0015292	0.0	0.0	0.0	0.0
OG0015293	0.0	0.0	0.0	0.0
OG0015295	0.0	0.0	0.0	0.0
OG0015296	0.0	0.0	0.0	0.0
OG0015297	0.0	0.0	0.0	0.0
OG0015298	0.0	0.0	0.0	0.0
OG0015299	0.0	0.0	0.0	0.0
OG0015300	0.0	0.0	0.0	0.0
OG0015301	0.0	0.0	0.0	0.0
OG0015302	0.0	0.0	0.0	0.0
OG0015303	0.0	0.0	0.0	0.0
OG0015304	0.0	0.0	0.0	0.0
OG0015306	0.0	0.0	0.0	0.0
OG0015307	0.0	0.0	0.0	0.0
OG0015308	0.0	0.0	0.0	0.0
OG0015309	0.0	0.0	0.0	0.0
OG0015310	0.0	0.0	0.0	0.0
OG0015311	0.0	0.0	0.0	0.0
OG0015313	0.0	0.0	0.0	0.0
OG0015315	0.0	0.0	0.0	0.0
OG0015316	0.0	0.0	0.0	0.0
OG0015317	0.0	0.0	0.0	0.0
OG0015318	0.0	0.0	0.0	0.0
OG0015319	0.0	0.0	0.0	0.0
OG0015320	0.0	0.0	0.0	0.0
OG0015322	0.0	0.0	0.0	0.0
OG0015325	0.0	0.0	0.0	0.0
OG0015326	0.0	0.0	0.0	0.0
OG0015329	0.0	0.0	0.0	0.0
OG0015330	0.0	0.0	0.0	0.0
OG0015331	0.0	0.0	0.0	0.0
OG0015332	0.0	0.0	0.0	0.0
OG0015333	0.0	0.0	0.0	0.0
OG0015334	0.0	0.0	0.0	0.0
OG0015336	0.0	0.0	0.0	0.0
OG0015337	0.0	0.0	0.0	0.0
OG0015338	0.0	0.0	0.0	0.0
OG0015339	0.0	0.0	0.0	0.0
OG0015348	0.0	0.0	0.0	0.0
OG0015365	0.0	0.0	0.0	0.0
OG0015380	0.0	0.0	0.0	0.0
OG0015383	0.0	0.0	0.0	0.0
OG0015385	0.0	0.0	0.0	0.0
OG0015386	0.0	0.0	0.0	0.0
OG0015390	0.0	0.0	0.0	0.0
OG0015391	0.0	0.0	0.0	0.0
OG0015392	0.0	0.0	0.0	0.0
OG0015394	0.0	0.0	0.0	0.0
OG0015399	0.0	0.0	0.0	0.0
OG0015400	0.0	0.0	0.0	0.0
OG0015401	0.0	0.0	0.0	0.0
OG0015404	0.0	0.0	0.0	0.0
OG0015405	0.0	0.0	0.0	0.0
OG0015406	0.0	0.0	0.0	0.0
OG0015407	0.0	0.0	0.0	0.0
OG0015408	0.0	0.0	0.0	0.0
OG0015410	0.0	0.0	0.0	0.0
OG0015411	0.0	0.0	0.0	0.0
OG0015414	0.0	0.0	0.0	0.0
OG0015416	0.0	0.0	0.0	0.0
OG0015418	0.0	0.0	0.0	0.0
OG0015419	0.0	0.0	0.0	0.0
OG0015420	0.0	0.0	0.0	0.0
OG0015421	0.0	0.0	0.0	0.0
OG0015423	0.0	0.0	0.0	0.0
OG0015425	0.0	0.0	0.0	0.0
OG0015428	0.0	0.0	0.0	0.0
OG0015429	0.0	0.0	0.0	0.0
OG0015430	0.0	0.0	0.0	0.0
OG0015431	0.0	0.0	0.0	0.0
OG0015432	0.0	0.0	0.0	0.0
OG0015433	0.0	0.0	0.0	0.0
OG0015434	0.0	0.0	0.0	0.0
OG0015435	0.0	0.0	0.0	0.0
OG0015436	0.0	0.0	0.0	0.0
OG0015437	0.0	0.0	0.0	0.0
OG0015438	0.0	0.0	0.0	0.0
OG0015440	0.0	0.0	0.0	0.0
OG0015443	0.0	0.0	0.0	0.0
OG0015445	0.0	0.0	0.0	0.0
OG0015446	0.0	0.0	0.0	0.0
OG0015447	0.0	0.0	0.0	0.0
OG0015448	0.0	0.0	0.0	0.0
OG0015449	0.0	0.0	0.0	0.0
OG0015450	0.0	0.0	0.0	0.0
OG0015453	0.0	0.0	0.0	0.0
OG0015454	0.0	0.0	0.0	0.0
OG0015455	0.0	0.0	0.0	0.0
OG0015456	0.0	0.0	0.0	0.0
OG0015457	0.0	0.0	0.0	0.0
OG0015458	0.0	0.0	0.0	0.0
OG0015459	0.0	0.0	0.0	0.0
OG0015460	0.0	0.0	0.0	0.0
OG0015462	0.0	0.0	0.0	0.0
OG0015463	0.0	0.0	0.0	0.0
OG0015464	0.0	0.0	0.0	0.0
OG0015465	0.0	0.0	0.0	0.0
OG0015466	0.0	0.0	0.0	0.0
OG0015467	0.0	0.0	0.0	0.0
OG0015468	0.0	0.0	0.0	0.0
OG0015469	0.0	0.0	0.0	0.0
OG0015470	0.0	0.0	0.0	0.0
OG0015471	0.0	0.0	0.0	0.0
OG0015472	0.0	0.0	0.0	0.0
OG0015473	0.0	0.0	0.0	0.0
OG0015474	0.0	0.0	0.0	0.0
OG0015475	0.0	0.0	0.0	0.0
OG0015476	0.0	0.0	0.0	0.0
OG0015477	0.0	0.0	0.0	0.0
OG0015478	0.0	0.0	0.0	0.0
OG0015479	0.0	0.0	0.0	0.0
OG0015480	0.0	0.0	0.0	0.0
OG0015481	0.0	0.0	0.0	0.0
OG0015482	0.0	0.0	0.0	0.0
OG0015483	0.0	0.0	0.0	0.0
OG0015484	0.0	0.0	0.0	0.0
OG0015485	0.0	0.0	0.0	0.0
OG0015486	0.0	0.0	0.0	0.0
OG0015487	0.0	0.0	0.0	0.0
OG0015488	0.0	0.0	0.0	0.0
OG0015489	0.0	0.0	0.0	0.0
OG0015490	0.0	0.0	0.0	0.0
OG0015491	0.0	0.0	0.0	0.0
OG0015492	0.0	0.0	0.0	0.0
OG0015493	0.0	0.0	0.0	0.0
OG0015494	0.0	0.0	0.0	0.0
OG0015495	0.0	0.0	0.0	0.0
OG0015496	0.0	0.0	0.0	0.0
OG0015497	0.0	0.0	0.0	0.0
OG0015498	0.0	0.0	0.0	0.0
OG0015500	0.0	0.0	0.0	0.0
OG0015501	0.0	0.0	0.0	0.0
OG0015502	0.0	0.0	0.0	0.0
OG0015503	0.0	0.0	0.0	0.0
OG0015504	0.0	0.0	0.0	0.0
OG0015506	0.0	0.0	0.0	0.0
OG0015507	0.0	0.0	0.0	0.0
OG0015508	0.0	0.0	0.0	0.0
OG0015509	0.0	0.0	0.0	0.0
OG0015510	0.0	0.0	0.0	0.0
OG0015511	0.0	0.0	0.0	0.0
OG0015512	0.0	0.0	0.0	0.0
OG0015513	0.0	0.0	0.0	0.0
OG0015514	0.0	0.0	0.0	0.0
OG0015515	0.0	0.0	0.0	0.0
OG0015516	0.0	0.0	0.0	0.0
OG0015517	0.0	0.0	0.0	0.0
OG0015518	0.0	0.0	0.0	0.0
OG0015519	0.0	0.0	0.0	0.0
OG0015520	0.0	0.0	0.0	0.0
OG0015521	0.0	0.0	0.0	0.0
OG0015522	0.0	0.0	0.0	0.0
OG0015523	0.0	0.0	0.0	0.0
OG0015524	0.0	0.0	0.0	0.0
OG0015525	0.0	0.0	0.0	0.0
OG0015526	0.0	0.0	0.0	0.0
OG0015527	0.0	0.0	0.0	0.0
OG0015528	0.0	0.0	0.0	0.0
OG0015529	0.0	0.0	0.0	0.0
OG0015530	0.0	0.0	0.0	0.0
OG0015531	0.0	0.0	0.0	0.0
OG0015532	0.0	0.0	0.0	0.0
OG0015533	0.0	0.0	0.0	0.0
OG0015535	0.0	0.0	0.0	0.0
OG0015536	0.0	0.0	0.0	0.0
OG0015537	0.0	0.0	0.0	0.0
OG0015538	0.0	0.0	0.0	0.0
OG0015539	0.0	0.0	0.0	0.0
OG0015540	0.0	0.0	0.0	0.0
OG0015541	0.0	0.0	0.0	0.0
OG0015542	0.0	0.0	0.0	0.0
OG0015543	0.0	0.0	0.0	0.0
OG0015544	0.0	0.0	0.0	0.0
OG0015545	0.0	0.0	0.0	0.0
OG0015546	0.0	0.0	0.0	0.0
OG0015547	0.0	0.0	0.0	0.0
OG0015548	0.0	0.0	0.0	0.0
OG0015549	0.0	0.0	0.0	0.0
OG0015550	0.0	0.0	0.0	0.0
OG0015551	0.0	0.0	0.0	0.0
OG0015552	0.0	0.0	0.0	0.0
OG0015553	0.0	0.0	0.0	0.0
OG0015554	0.0	0.0	0.0	0.0
OG0015555	0.0	0.0	0.0	0.0
OG0015556	0.0	0.0	0.0	0.0
OG0015557	0.0	0.0	0.0	0.0
OG0015559	0.0	0.0	0.0	0.0
OG0015561	0.0	0.0	0.0	0.0
OG0015562	0.0	0.0	0.0	0.0
OG0015563	0.0	0.0	0.0	0.0
OG0015564	0.0	0.0	0.0	0.0
OG0015565	0.0	0.0	0.0	0.0
OG0015566	0.0	0.0	0.0	0.0
OG0015567	0.0	0.0	0.0	0.0
OG0015568	0.0	0.0	0.0	0.0
OG0015569	0.0	0.0	0.0	0.0
OG0015570	0.0	0.0	0.0	0.0
OG0015571	0.0	0.0	0.0	0.0
OG0015572	0.0	0.0	0.0	0.0
OG0015573	0.0	0.0	0.0	0.0
OG0015574	0.0	0.0	0.0	0.0
OG0015575	0.0	0.0	0.0	0.0
OG0015576	0.0	0.0	0.0	0.0
OG0015577	0.0	0.0	0.0	0.0
OG0015578	0.0	0.0	0.0	0.0
OG0015579	0.0	0.0	0.0	0.0
OG0015580	0.0	0.0	0.0	0.0
OG0015581	0.0	0.0	0.0	0.0
OG0015582	0.0	0.0	0.0	0.0
OG0015583	0.0	0.0	0.0	0.0
OG0015584	0.0	0.0	0.0	0.0
OG0015586	0.0	0.0	0.0	0.0
OG0015587	0.0	0.0	0.0	0.0
OG0015588	0.0	0.0	0.0	0.0
OG0015589	0.0	0.0	0.0	0.0
OG0015590	0.0	0.0	0.0	0.0
OG0015591	0.0	0.0	0.0	0.0
OG0015592	0.0	0.0	0.0	0.0
OG0015593	0.0	0.0	0.0	0.0
OG0015594	0.0	0.0	0.0	0.0
OG0015595	0.0	0.0	0.0	0.0
OG0015596	0.0	0.0	0.0	0.0
OG0015597	0.0	0.0	0.0	0.0
OG0015598	0.0	0.0	0.0	0.0
OG0015599	0.0	0.0	0.0	0.0
OG0015600	0.0	0.0	0.0	0.0
OG0015601	0.0	0.0	0.0	0.0
OG0015602	0.0	0.0	0.0	0.0
OG0015603	0.0	0.0	0.0	0.0
OG0015604	0.0	0.0	0.0	0.0
OG0015605	0.0	0.0	0.0	0.0
OG0015606	0.0	0.0	0.0	0.0
OG0015607	0.0	0.0	0.0	0.0
OG0015608	0.0	0.0	0.0	0.0
OG0015609	0.0	0.0	0.0	0.0
OG0015610	0.0	0.0	0.0	0.0
OG0015612	0.0	0.0	0.0	0.0
OG0015613	0.0	0.0	0.0	0.0
OG0015614	0.0	0.0	0.0	0.0
OG0015615	0.0	0.0	0.0	0.0
OG0015616	0.0	0.0	0.0	0.0
OG0015617	0.0	0.0	0.0	0.0
OG0015618	0.0	0.0	0.0	0.0
OG0015619	0.0	0.0	0.0	0.0
OG0015629	0.0	0.0	0.0	0.0
OG0015633	0.0	0.0	0.0	0.0
OG0015648	0.0	0.0	0.0	0.0
OG0015659	0.0	0.0	0.0	0.0
OG0015661	0.0	0.0	0.0	0.0
OG0015664	0.0	0.0	0.0	0.0
OG0015665	0.0	0.0	0.0	0.0
OG0015668	0.0	0.0	0.0	0.0
OG0015669	0.0	0.0	0.0	0.0
OG0015670	0.0	0.0	0.0	0.0
OG0015671	0.0	0.0	0.0	0.0
OG0015675	0.0	0.0	0.0	0.0
OG0015677	0.0	0.0	0.0	0.0
OG0015678	0.0	0.0	0.0	0.0
OG0015679	0.0	0.0	0.0	0.0
OG0015680	0.0	0.0	0.0	0.0
OG0015681	0.0	0.0	0.0	0.0
OG0015682	0.0	0.0	0.0	0.0
OG0015683	0.0	0.0	0.0	0.0
OG0015684	0.0	0.0	0.0	0.0
OG0015688	0.0	0.0	0.0	0.0
OG0015692	0.0	0.0	0.0	0.0
OG0015693	0.0	0.0	0.0	0.0
OG0015694	0.0	0.0	0.0	0.0
OG0015696	0.0	0.0	0.0	0.0
OG0015697	0.0	0.0	0.0	0.0
OG0015698	0.0	0.0	0.0	0.0
OG0015699	0.0	0.0	0.0	0.0
OG0015736	0.0	0.0	0.0	0.0
OG0015743	0.0	0.0	0.0	0.0
OG0015751	0.0	0.0	0.0	0.0
OG0015756	0.0	0.0	0.0	0.0
OG0015762	0.0	0.0	0.0	0.0
OG0015767	0.0	0.0	0.0	0.0
OG0015769	0.0	0.0	0.0	0.0
OG0015770	0.0	0.0	0.0	0.0
OG0015773	0.0	0.0	0.0	0.0
OG0015778	0.0	0.0	0.0	0.0
OG0015781	0.0	0.0	0.0	0.0
OG0015783	0.0	0.0	0.0	0.0
OG0015788	0.0	0.0	0.0	0.0
OG0015789	0.0	0.0	0.0	0.0
OG0015790	0.0	0.0	0.0	0.0
OG0015791	0.0	0.0	0.0	0.0
OG0015792	0.0	0.0	0.0	0.0
OG0015795	0.0	0.0	0.0	0.0
OG0015796	0.0	0.0	0.0	0.0
OG0015797	0.0	0.0	0.0	0.0
OG0015798	0.0	0.0	0.0	0.0
OG0015799	0.0	0.0	0.0	0.0
OG0015800	0.0	0.0	0.0	0.0
OG0015801	0.0	0.0	0.0	0.0
OG0015802	0.0	0.0	0.0	0.0
OG0015803	0.0	0.0	0.0	0.0
OG0015804	0.0	0.0	0.0	0.0
OG0015805	0.0	0.0	0.0	0.0
OG0015806	0.0	0.0	0.0	0.0
OG0015810	0.0	0.0	0.0	0.0
OG0015813	0.0	0.0	0.0	0.0
OG0015814	0.0	0.0	0.0	0.0
OG0015816	0.0	0.0	0.0	0.0
OG0015817	0.0	0.0	0.0	0.0
OG0015821	0.0	0.0	0.0	0.0
OG0015822	0.0	0.0	0.0	0.0
OG0015823	0.0	0.0	0.0	0.0
OG0015824	0.0	0.0	0.0	0.0
OG0015825	0.0	0.0	0.0	0.0
OG0015826	0.0	0.0	0.0	0.0
OG0015827	0.0	0.0	0.0	0.0
OG0015828	0.0	0.0	0.0	0.0
OG0015829	0.0	0.0	0.0	0.0
OG0015830	0.0	0.0	0.0	0.0
OG0015834	0.0	0.0	0.0	0.0
OG0015836	0.0	0.0	0.0	0.0
OG0015853	0.0	0.0	0.0	0.0
OG0015856	0.0	0.0	0.0	0.0
OG0015857	0.0	0.0	0.0	0.0
OG0015869	0.0	0.0	0.0	0.0
OG0015870	0.0	0.0	0.0	0.0
OG0015891	0.0	0.0	0.0	0.0
OG0015893	0.0	0.0	0.0	0.0
OG0015904	0.0	0.0	0.0	0.0
OG0015908	0.0	0.0	0.0	0.0
OG0015952	0.0	0.0	0.0	0.0
OG0015987	0.0	0.0	0.0	0.0
OG0016053	0.0	0.0	0.0	0.0
OG0016069	0.0	0.0	0.0	0.0
OG0016085	0.0	0.0	0.0	0.0
OG0016204	0.0	0.0	0.0	0.0
OG0016206	0.0	0.0	0.0	0.0
OG0016208	0.0	0.0	0.0	0.0
OG0016209	0.0	0.0	0.0	0.0
OG0016210	0.0	0.0	0.0	0.0
OG0016213	0.0	0.0	0.0	0.0
OG0016214	0.0	0.0	0.0	0.0
OG0016215	0.0	0.0	0.0	0.0
OG0016216	0.0	0.0	0.0	0.0
OG0016218	0.0	0.0	0.0	0.0
OG0016220	0.0	0.0	0.0	0.0
OG0016221	0.0	0.0	0.0	0.0
OG0016222	0.0	0.0	0.0	0.0
OG0016223	0.0	0.0	0.0	0.0
OG0016224	0.0	0.0	0.0	0.0
OG0016225	0.0	0.0	0.0	0.0
OG0016226	0.0	0.0	0.0	0.0
OG0016229	0.0	0.0	0.0	0.0
OG0016230	0.0	0.0	0.0	0.0
OG0016231	0.0	0.0	0.0	0.0
OG0016232	0.0	0.0	0.0	0.0
OG0016233	0.0	0.0	0.0	0.0
OG0016234	0.0	0.0	0.0	0.0
OG0016236	0.0	0.0	0.0	0.0
OG0016237	0.0	0.0	0.0	0.0
OG0016238	0.0	0.0	0.0	0.0
OG0016239	0.0	0.0	0.0	0.0
OG0016241	0.0	0.0	0.0	0.0
OG0016242	0.0	0.0	0.0	0.0
OG0016243	0.0	0.0	0.0	0.0
OG0016244	0.0	0.0	0.0	0.0
OG0016245	0.0	0.0	0.0	0.0
OG0016246	0.0	0.0	0.0	0.0
OG0016247	0.0	0.0	0.0	0.0
OG0016249	0.0	0.0	0.0	0.0
OG0016250	0.0	0.0	0.0	0.0
OG0016253	0.0	0.0	0.0	0.0
OG0016254	0.0	0.0	0.0	0.0
OG0016255	0.0	0.0	0.0	0.0
OG0016258	0.0	0.0	0.0	0.0
OG0016288	0.0	0.0	0.0	0.0
OG0016289	0.0	0.0	0.0	0.0
OG0016290	0.0	0.0	0.0	0.0
OG0016291	0.0	0.0	0.0	0.0
OG0016296	0.0	0.0	0.0	0.0
OG0016298	0.0	0.0	0.0	0.0
OG0016299	0.0	0.0	0.0	0.0
OG0016300	0.0	0.0	0.0	0.0
OG0016302	0.0	0.0	0.0	0.0
OG0016303	0.0	0.0	0.0	0.0
OG0016304	0.0	0.0	0.0	0.0
OG0016305	0.0	0.0	0.0	0.0
OG0016306	0.0	0.0	0.0	0.0
OG0016308	0.0	0.0	0.0	0.0
OG0016309	0.0	0.0	0.0	0.0
OG0016310	0.0	0.0	0.0	0.0
OG0016311	0.0	0.0	0.0	0.0
OG0016315	0.0	0.0	0.0	0.0
OG0016316	0.0	0.0	0.0	0.0
OG0016317	0.0	0.0	0.0	0.0
OG0016318	0.0	0.0	0.0	0.0
OG0016319	0.0	0.0	0.0	0.0
OG0016321	0.0	0.0	0.0	0.0
OG0016322	0.0	0.0	0.0	0.0
OG0016323	0.0	0.0	0.0	0.0
OG0016325	0.0	0.0	0.0	0.0
OG0016326	0.0	0.0	0.0	0.0
OG0016327	0.0	0.0	0.0	0.0
OG0016330	0.0	0.0	0.0	0.0
OG0016331	0.0	0.0	0.0	0.0
OG0016332	0.0	0.0	0.0	0.0
OG0016333	0.0	0.0	0.0	0.0
OG0016335	0.0	0.0	0.0	0.0
OG0016336	0.0	0.0	0.0	0.0
OG0016337	0.0	0.0	0.0	0.0
OG0016338	0.0	0.0	0.0	0.0
OG0016339	0.0	0.0	0.0	0.0
OG0016342	0.0	0.0	0.0	0.0
OG0016343	0.0	0.0	0.0	0.0
OG0016344	0.0	0.0	0.0	0.0
OG0016348	0.0	0.0	0.0	0.0
OG0016349	0.0	0.0	0.0	0.0
OG0016350	0.0	0.0	0.0	0.0
OG0016351	0.0	0.0	0.0	0.0
OG0016352	0.0	0.0	0.0	0.0
OG0016353	0.0	0.0	0.0	0.0
OG0016354	0.0	0.0	0.0	0.0
OG0016357	0.0	0.0	0.0	0.0
OG0016358	0.0	0.0	0.0	0.0
OG0016359	0.0	0.0	0.0	0.0
OG0016361	0.0	0.0	0.0	0.0
OG0016362	0.0	0.0	0.0	0.0
OG0016363	0.0	0.0	0.0	0.0
OG0016365	0.0	0.0	0.0	0.0
OG0016366	0.0	0.0	0.0	0.0
OG0016367	0.0	0.0	0.0	0.0
OG0016368	0.0	0.0	0.0	0.0
OG0016369	0.0	0.0	0.0	0.0
OG0016370	0.0	0.0	0.0	0.0
OG0016371	0.0	0.0	0.0	0.0
OG0016372	0.0	0.0	0.0	0.0
OG0016373	0.0	0.0	0.0	0.0
OG0016374	0.0	0.0	0.0	0.0
OG0016375	0.0	0.0	0.0	0.0
OG0016378	0.0	0.0	0.0	0.0
OG0016380	0.0	0.0	0.0	0.0
OG0016382	0.0	0.0	0.0	0.0
OG0016383	0.0	0.0	0.0	0.0
OG0016384	0.0	0.0	0.0	0.0
OG0016386	0.0	0.0	0.0	0.0
OG0016387	0.0	0.0	0.0	0.0
OG0016388	0.0	0.0	0.0	0.0
OG0016390	0.0	0.0	0.0	0.0
OG0016392	0.0	0.0	0.0	0.0
OG0016394	0.0	0.0	0.0	0.0
OG0016395	0.0	0.0	0.0	0.0
OG0016396	0.0	0.0	0.0	0.0
OG0016397	0.0	0.0	0.0	0.0
OG0016398	0.0	0.0	0.0	0.0
OG0016399	0.0	0.0	0.0	0.0
OG0016404	0.0	0.0	0.0	0.0
OG0016405	0.0	0.0	0.0	0.0
OG0016407	0.0	0.0	0.0	0.0
OG0016410	0.0	0.0	0.0	0.0
OG0016411	0.0	0.0	0.0	0.0
OG0016412	0.0	0.0	0.0	0.0
OG0016413	0.0	0.0	0.0	0.0
OG0016414	0.0	0.0	0.0	0.0
OG0016416	0.0	0.0	0.0	0.0
OG0016418	0.0	0.0	0.0	0.0
OG0016419	0.0	0.0	0.0	0.0
OG0016421	0.0	0.0	0.0	0.0
OG0016422	0.0	0.0	0.0	0.0
OG0016423	0.0	0.0	0.0	0.0
OG0016424	0.0	0.0	0.0	0.0
OG0016425	0.0	0.0	0.0	0.0
OG0016428	0.0	0.0	0.0	0.0
OG0016430	0.0	0.0	0.0	0.0
OG0016431	0.0	0.0	0.0	0.0
OG0016432	0.0	0.0	0.0	0.0
OG0016434	0.0	0.0	0.0	0.0
OG0016435	0.0	0.0	0.0	0.0
OG0016437	0.0	0.0	0.0	0.0
OG0016439	0.0	0.0	0.0	0.0
OG0016440	0.0	0.0	0.0	0.0
OG0016442	0.0	0.0	0.0	0.0
OG0016443	0.0	0.0	0.0	0.0
OG0016444	0.0	0.0	0.0	0.0
OG0016446	0.0	0.0	0.0	0.0
OG0016447	0.0	0.0	0.0	0.0
OG0016448	0.0	0.0	0.0	0.0
OG0016449	0.0	0.0	0.0	0.0
OG0016450	0.0	0.0	0.0	0.0
OG0016451	0.0	0.0	0.0	0.0
OG0016452	0.0	0.0	0.0	0.0
OG0016453	0.0	0.0	0.0	0.0
OG0016454	0.0	0.0	0.0	0.0
OG0016456	0.0	0.0	0.0	0.0
OG0016458	0.0	0.0	0.0	0.0
OG0016459	0.0	0.0	0.0	0.0
OG0016460	0.0	0.0	0.0	0.0
OG0016462	0.0	0.0	0.0	0.0
OG0016463	0.0	0.0	0.0	0.0
OG0016465	0.0	0.0	0.0	0.0
OG0016466	0.0	0.0	0.0	0.0
OG0016468	0.0	0.0	0.0	0.0
OG0016469	0.0	0.0	0.0	0.0
OG0016470	0.0	0.0	0.0	0.0
OG0016471	0.0	0.0	0.0	0.0
OG0016472	0.0	0.0	0.0	0.0
OG0016475	0.0	0.0	0.0	0.0
OG0016477	0.0	0.0	0.0	0.0
OG0016478	0.0	0.0	0.0	0.0
OG0016480	0.0	0.0	0.0	0.0
OG0016481	0.0	0.0	0.0	0.0
OG0016482	0.0	0.0	0.0	0.0
OG0016483	0.0	0.0	0.0	0.0
OG0016484	0.0	0.0	0.0	0.0
OG0016485	0.0	0.0	0.0	0.0
OG0016486	0.0	0.0	0.0	0.0
OG0016487	0.0	0.0	0.0	0.0
OG0016488	0.0	0.0	0.0	0.0
OG0016489	0.0	0.0	0.0	0.0
OG0016490	0.0	0.0	0.0	0.0
OG0016493	0.0	0.0	0.0	0.0
OG0016496	0.0	0.0	0.0	0.0
OG0016498	0.0	0.0	0.0	0.0
OG0016499	0.0	0.0	0.0	0.0
OG0016500	0.0	0.0	0.0	0.0
OG0016501	0.0	0.0	0.0	0.0
OG0016502	0.0	0.0	0.0	0.0
OG0016503	0.0	0.0	0.0	0.0
OG0016506	0.0	0.0	0.0	0.0
OG0016507	0.0	0.0	0.0	0.0
OG0016508	0.0	0.0	0.0	0.0
OG0016509	0.0	0.0	0.0	0.0
OG0016510	0.0	0.0	0.0	0.0
OG0016512	0.0	0.0	0.0	0.0
OG0016513	0.0	0.0	0.0	0.0
OG0016515	0.0	0.0	0.0	0.0
OG0016517	0.0	0.0	0.0	0.0
OG0016518	0.0	0.0	0.0	0.0
OG0016519	0.0	0.0	0.0	0.0
OG0016520	0.0	0.0	0.0	0.0
OG0016521	0.0	0.0	0.0	0.0
OG0016522	0.0	0.0	0.0	0.0
OG0016525	0.0	0.0	0.0	0.0
OG0016526	0.0	0.0	0.0	0.0
OG0016528	0.0	0.0	0.0	0.0
OG0016529	0.0	0.0	0.0	0.0
OG0016531	0.0	0.0	0.0	0.0
OG0016532	0.0	0.0	0.0	0.0
OG0016535	0.0	0.0	0.0	0.0
OG0016536	0.0	0.0	0.0	0.0
OG0016538	0.0	0.0	0.0	0.0
OG0016539	0.0	0.0	0.0	0.0
OG0016540	0.0	0.0	0.0	0.0
OG0016541	0.0	0.0	0.0	0.0
OG0016542	0.0	0.0	0.0	0.0
OG0016543	0.0	0.0	0.0	0.0
OG0016544	0.0	0.0	0.0	0.0
OG0016545	0.0	0.0	0.0	0.0
OG0016549	0.0	0.0	0.0	0.0
OG0016551	0.0	0.0	0.0	0.0
OG0016552	0.0	0.0	0.0	0.0
OG0016553	0.0	0.0	0.0	0.0
OG0016554	0.0	0.0	0.0	0.0
OG0016555	0.0	0.0	0.0	0.0
OG0016558	0.0	0.0	0.0	0.0
OG0016559	0.0	0.0	0.0	0.0
OG0016560	0.0	0.0	0.0	0.0
OG0016561	0.0	0.0	0.0	0.0
OG0016563	0.0	0.0	0.0	0.0
OG0016565	0.0	0.0	0.0	0.0
OG0016566	0.0	0.0	0.0	0.0
OG0016568	0.0	0.0	0.0	0.0
OG0016569	0.0	0.0	0.0	0.0
OG0016570	0.0	0.0	0.0	0.0
OG0016571	0.0	0.0	0.0	0.0
OG0016572	0.0	0.0	0.0	0.0
OG0016574	0.0	0.0	0.0	0.0
OG0016576	0.0	0.0	0.0	0.0
OG0016577	0.0	0.0	0.0	0.0
OG0016578	0.0	0.0	0.0	0.0
OG0016579	0.0	0.0	0.0	0.0
OG0016580	0.0	0.0	0.0	0.0
OG0016581	0.0	0.0	0.0	0.0
OG0016583	0.0	0.0	0.0	0.0
OG0016584	0.0	0.0	0.0	0.0
OG0016586	0.0	0.0	0.0	0.0
OG0016587	0.0	0.0	0.0	0.0
OG0016591	0.0	0.0	0.0	0.0
OG0016592	0.0	0.0	0.0	0.0
OG0016593	0.0	0.0	0.0	0.0
OG0016594	0.0	0.0	0.0	0.0
OG0016595	0.0	0.0	0.0	0.0
OG0016597	0.0	0.0	0.0	0.0
OG0016598	0.0	0.0	0.0	0.0
OG0016599	0.0	0.0	0.0	0.0
OG0016600	0.0	0.0	0.0	0.0
OG0016601	0.0	0.0	0.0	0.0
OG0016602	0.0	0.0	0.0	0.0
OG0016603	0.0	0.0	0.0	0.0
OG0016604	0.0	0.0	0.0	0.0
OG0016605	0.0	0.0	0.0	0.0
OG0016606	0.0	0.0	0.0	0.0
OG0016607	0.0	0.0	0.0	0.0
OG0016608	0.0	0.0	0.0	0.0
OG0016609	0.0	0.0	0.0	0.0
OG0016610	0.0	0.0	0.0	0.0
OG0016611	0.0	0.0	0.0	0.0
OG0016612	0.0	0.0	0.0	0.0
OG0016613	0.0	0.0	0.0	0.0
OG0016614	0.0	0.0	0.0	0.0
OG0016615	0.0	0.0	0.0	0.0
OG0016616	0.0	0.0	0.0	0.0
OG0016617	0.0	0.0	0.0	0.0
OG0016618	0.0	0.0	0.0	0.0
OG0016619	0.0	0.0	0.0	0.0
OG0016620	0.0	0.0	0.0	0.0
OG0016621	0.0	0.0	0.0	0.0
OG0016622	0.0	0.0	0.0	0.0
OG0016623	0.0	0.0	0.0	0.0
OG0016624	0.0	0.0	0.0	0.0
OG0016625	0.0	0.0	0.0	0.0
OG0016626	0.0	0.0	0.0	0.0
OG0016627	0.0	0.0	0.0	0.0
OG0016628	0.0	0.0	0.0	0.0
OG0016629	0.0	0.0	0.0	0.0
OG0016630	0.0	0.0	0.0	0.0
OG0016631	0.0	0.0	0.0	0.0
OG0016632	0.0	0.0	0.0	0.0
OG0016634	0.0	0.0	0.0	0.0
OG0016635	0.0	0.0	0.0	0.0
OG0016636	0.0	0.0	0.0	0.0
OG0016637	0.0	0.0	0.0	0.0
OG0016638	0.0	0.0	0.0	0.0
OG0016639	0.0	0.0	0.0	0.0
OG0016640	0.0	0.0	0.0	0.0
OG0016641	0.0	0.0	0.0	0.0
OG0016642	0.0	0.0	0.0	0.0
OG0016643	0.0	0.0	0.0	0.0
OG0016644	0.0	0.0	0.0	0.0
OG0016645	0.0	0.0	0.0	0.0
OG0016646	0.0	0.0	0.0	0.0
OG0016647	0.0	0.0	0.0	0.0
OG0016648	0.0	0.0	0.0	0.0
OG0016651	0.0	0.0	0.0	0.0
OG0016652	0.0	0.0	0.0	0.0
OG0016653	0.0	0.0	0.0	0.0
OG0016654	0.0	0.0	0.0	0.0
OG0016655	0.0	0.0	0.0	0.0
OG0016658	0.0	0.0	0.0	0.0
OG0016659	0.0	0.0	0.0	0.0
OG0016660	0.0	0.0	0.0	0.0
OG0016661	0.0	0.0	0.0	0.0
OG0016662	0.0	0.0	0.0	0.0
OG0016663	0.0	0.0	0.0	0.0
OG0016664	0.0	0.0	0.0	0.0
OG0016665	0.0	0.0	0.0	0.0
OG0016666	0.0	0.0	0.0	0.0
OG0016667	0.0	0.0	0.0	0.0
OG0016668	0.0	0.0	0.0	0.0
OG0016669	0.0	0.0	0.0	0.0
OG0016670	0.0	0.0	0.0	0.0
OG0016671	0.0	0.0	0.0	0.0
OG0016674	0.0	0.0	0.0	0.0
OG0016675	0.0	0.0	0.0	0.0
OG0016676	0.0	0.0	0.0	0.0
OG0016677	0.0	0.0	0.0	0.0
OG0016678	0.0	0.0	0.0	0.0
OG0016679	0.0	0.0	0.0	0.0
OG0016703	0.0	0.0	0.0	0.0
OG0016713	0.0	0.0	0.0	0.0
OG0016718	0.0	0.0	0.0	0.0
OG0016719	0.0	0.0	0.0	0.0
OG0016720	0.0	0.0	0.0	0.0
OG0016747	0.0	0.0	0.0	0.0
OG0016761	0.0	0.0	0.0	0.0
OG0016764	0.0	0.0	0.0	0.0
OG0016766	0.0	0.0	0.0	0.0
OG0016780	0.0	0.0	0.0	0.0
OG0016782	0.0	0.0	0.0	0.0
OG0016785	0.0	0.0	0.0	0.0
OG0016804	0.0	0.0	0.0	0.0
OG0016805	0.0	0.0	0.0	0.0
OG0016806	0.0	0.0	0.0	0.0
OG0016807	0.0	0.0	0.0	0.0
OG0016808	0.0	0.0	0.0	0.0
OG0016809	0.0	0.0	0.0	0.0
OG0016810	0.0	0.0	0.0	0.0
OG0016811	0.0	0.0	0.0	0.0
OG0016812	0.0	0.0	0.0	0.0
OG0016813	0.0	0.0	0.0	0.0
OG0016814	0.0	0.0	0.0	0.0
OG0016815	0.0	0.0	0.0	0.0
OG0016816	0.0	0.0	0.0	0.0
OG0016817	0.0	0.0	0.0	0.0
OG0016818	0.0	0.0	0.0	0.0
OG0016819	0.0	0.0	0.0	0.0
OG0016820	0.0	0.0	0.0	0.0
OG0016821	0.0	0.0	0.0	0.0
OG0016823	0.0	0.0	0.0	0.0
OG0016824	0.0	0.0	0.0	0.0
OG0016826	0.0	0.0	0.0	0.0
OG0016827	0.0	0.0	0.0	0.0
OG0016828	0.0	0.0	0.0	0.0
OG0016829	0.0	0.0	0.0	0.0
OG0016830	0.0	0.0	0.0	0.0
OG0016832	0.0	0.0	0.0	0.0
OG0016833	0.0	0.0	0.0	0.0
OG0016834	0.0	0.0	0.0	0.0
OG0016835	0.0	0.0	0.0	0.0
OG0016836	0.0	0.0	0.0	0.0
OG0016837	0.0	0.0	0.0	0.0
OG0016838	0.0	0.0	0.0	0.0
OG0016842	0.0	0.0	0.0	0.0
OG0016843	0.0	0.0	0.0	0.0
OG0016844	0.0	0.0	0.0	0.0
OG0016845	0.0	0.0	0.0	0.0
OG0016846	0.0	0.0	0.0	0.0
OG0016847	0.0	0.0	0.0	0.0
OG0016848	0.0	0.0	0.0	0.0
OG0016849	0.0	0.0	0.0	0.0
OG0016850	0.0	0.0	0.0	0.0
OG0016851	0.0	0.0	0.0	0.0
OG0016852	0.0	0.0	0.0	0.0
OG0016853	0.0	0.0	0.0	0.0
OG0016854	0.0	0.0	0.0	0.0
OG0016855	0.0	0.0	0.0	0.0
OG0016856	0.0	0.0	0.0	0.0
OG0016857	0.0	0.0	0.0	0.0
OG0016859	0.0	0.0	0.0	0.0
OG0016860	0.0	0.0	0.0	0.0
OG0016861	0.0	0.0	0.0	0.0
OG0016862	0.0	0.0	0.0	0.0
OG0016863	0.0	0.0	0.0	0.0
OG0016864	0.0	0.0	0.0	0.0
OG0016865	0.0	0.0	0.0	0.0
OG0016866	0.0	0.0	0.0	0.0
OG0016867	0.0	0.0	0.0	0.0
OG0016868	0.0	0.0	0.0	0.0
OG0016869	0.0	0.0	0.0	0.0
OG0016870	0.0	0.0	0.0	0.0
OG0016871	0.0	0.0	0.0	0.0
OG0016872	0.0	0.0	0.0	0.0
OG0016873	0.0	0.0	0.0	0.0
OG0016874	0.0	0.0	0.0	0.0
OG0016876	0.0	0.0	0.0	0.0
OG0016877	0.0	0.0	0.0	0.0
OG0016878	0.0	0.0	0.0	0.0
OG0016879	0.0	0.0	0.0	0.0
OG0016881	0.0	0.0	0.0	0.0
OG0016882	0.0	0.0	0.0	0.0
OG0016886	0.0	0.0	0.0	0.0
OG0016887	0.0	0.0	0.0	0.0
OG0016888	0.0	0.0	0.0	0.0
OG0016889	0.0	0.0	0.0	0.0
OG0016890	0.0	0.0	0.0	0.0
OG0016891	0.0	0.0	0.0	0.0
OG0016892	0.0	0.0	0.0	0.0
OG0016893	0.0	0.0	0.0	0.0
OG0016894	0.0	0.0	0.0	0.0
OG0016895	0.0	0.0	0.0	0.0
OG0016897	0.0	0.0	0.0	0.0
OG0016898	0.0	0.0	0.0	0.0
OG0016899	0.0	0.0	0.0	0.0
OG0016900	0.0	0.0	0.0	0.0
OG0016907	0.0	0.0	0.0	0.0
OG0016916	0.0	0.0	0.0	0.0
OG0016919	0.0	0.0	0.0	0.0
OG0016921	0.0	0.0	0.0	0.0
OG0016922	0.0	0.0	0.0	0.0
OG0016923	0.0	0.0	0.0	0.0
OG0016924	0.0	0.0	0.0	0.0
OG0016925	0.0	0.0	0.0	0.0
OG0016926	0.0	0.0	0.0	0.0
OG0016928	0.0	0.0	0.0	0.0
OG0016929	0.0	0.0	0.0	0.0
OG0016930	0.0	0.0	0.0	0.0
OG0016931	0.0	0.0	0.0	0.0
OG0016932	0.0	0.0	0.0	0.0
OG0016933	0.0	0.0	0.0	0.0
OG0016934	0.0	0.0	0.0	0.0
OG0016935	0.0	0.0	0.0	0.0
OG0016936	0.0	0.0	0.0	0.0
OG0016938	0.0	0.0	0.0	0.0
OG0016939	0.0	0.0	0.0	0.0
OG0016940	0.0	0.0	0.0	0.0
OG0016941	0.0	0.0	0.0	0.0
OG0016942	0.0	0.0	0.0	0.0
OG0016943	0.0	0.0	0.0	0.0
OG0016944	0.0	0.0	0.0	0.0
OG0016945	0.0	0.0	0.0	0.0
OG0016946	0.0	0.0	0.0	0.0
OG0016947	0.0	0.0	0.0	0.0
OG0016948	0.0	0.0	0.0	0.0
OG0016949	0.0	0.0	0.0	0.0
OG0016950	0.0	0.0	0.0	0.0
OG0016951	0.0	0.0	0.0	0.0
OG0016952	0.0	0.0	0.0	0.0
OG0016953	0.0	0.0	0.0	0.0
OG0016954	0.0	0.0	0.0	0.0
OG0016955	0.0	0.0	0.0	0.0
OG0016956	0.0	0.0	0.0	0.0
OG0016957	0.0	0.0	0.0	0.0
OG0016958	0.0	0.0	0.0	0.0
OG0016959	0.0	0.0	0.0	0.0
OG0016960	0.0	0.0	0.0	0.0
OG0016961	0.0	0.0	0.0	0.0
OG0016962	0.0	0.0	0.0	0.0
OG0016963	0.0	0.0	0.0	0.0
OG0016964	0.0	0.0	0.0	0.0
OG0016965	0.0	0.0	0.0	0.0
OG0016966	0.0	0.0	0.0	0.0
OG0016967	0.0	0.0	0.0	0.0
OG0016968	0.0	0.0	0.0	0.0
OG0016969	0.0	0.0	0.0	0.0
OG0016970	0.0	0.0	0.0	0.0
OG0016971	0.0	0.0	0.0	0.0
OG0016972	0.0	0.0	0.0	0.0
OG0016973	0.0	0.0	0.0	0.0
OG0016974	0.0	0.0	0.0	0.0
OG0016975	0.0	0.0	0.0	0.0
OG0016976	0.0	0.0	0.0	0.0
OG0016977	0.0	0.0	0.0	0.0
OG0016978	0.0	0.0	0.0	0.0
OG0016979	0.0	0.0	0.0	0.0
OG0016980	0.0	0.0	0.0	0.0
OG0016981	0.0	0.0	0.0	0.0
OG0016982	0.0	0.0	0.0	0.0
OG0016983	0.0	0.0	0.0	0.0
OG0016985	0.0	0.0	0.0	0.0
OG0016988	0.0	0.0	0.0	0.0
OG0016989	0.0	0.0	0.0	0.0
OG0016991	0.0	0.0	0.0	0.0
OG0016992	0.0	0.0	0.0	0.0
OG0016993	0.0	0.0	0.0	0.0
OG0016994	0.0	0.0	0.0	0.0
OG0016995	0.0	0.0	0.0	0.0
OG0016996	0.0	0.0	0.0	0.0
OG0016998	0.0	0.0	0.0	0.0
OG0016999	0.0	0.0	0.0	0.0
OG0017000	0.0	0.0	0.0	0.0
OG0017001	0.0	0.0	0.0	0.0
OG0017002	0.0	0.0	0.0	0.0
OG0017003	0.0	0.0	0.0	0.0
OG0017004	0.0	0.0	0.0	0.0
OG0017005	0.0	0.0	0.0	0.0
OG0017006	0.0	0.0	0.0	0.0
OG0017007	0.0	0.0	0.0	0.0
OG0017008	0.0	0.0	0.0	0.0
OG0017010	0.0	0.0	0.0	0.0
OG0017011	0.0	0.0	0.0	0.0
OG0017012	0.0	0.0	0.0	0.0
OG0017013	0.0	0.0	0.0	0.0
OG0017014	0.0	0.0	0.0	0.0
OG0017015	0.0	0.0	0.0	0.0
OG0017016	0.0	0.0	0.0	0.0
OG0017017	0.0	0.0	0.0	0.0
OG0017018	0.0	0.0	0.0	0.0
OG0017019	0.0	0.0	0.0	0.0
OG0017020	0.0	0.0	0.0	0.0
OG0017021	0.0	0.0	0.0	0.0
OG0017022	0.0	0.0	0.0	0.0
OG0017023	0.0	0.0	0.0	0.0
OG0017025	0.0	0.0	0.0	0.0
OG0017026	0.0	0.0	0.0	0.0
OG0017027	0.0	0.0	0.0	0.0
OG0017028	0.0	0.0	0.0	0.0
OG0017029	0.0	0.0	0.0	0.0
OG0017030	0.0	0.0	0.0	0.0
OG0017031	0.0	0.0	0.0	0.0
OG0017032	0.0	0.0	0.0	0.0
OG0017033	0.0	0.0	0.0	0.0
OG0017034	0.0	0.0	0.0	0.0
OG0017035	0.0	0.0	0.0	0.0
OG0017036	0.0	0.0	0.0	0.0
OG0017037	0.0	0.0	0.0	0.0
OG0017038	0.0	0.0	0.0	0.0
OG0017039	0.0	0.0	0.0	0.0
OG0017041	0.0	0.0	0.0	0.0
OG0017042	0.0	0.0	0.0	0.0
OG0017043	0.0	0.0	0.0	0.0
OG0017044	0.0	0.0	0.0	0.0
OG0017045	0.0	0.0	0.0	0.0
OG0017046	0.0	0.0	0.0	0.0
OG0017047	0.0	0.0	0.0	0.0
OG0017048	0.0	0.0	0.0	0.0
OG0017049	0.0	0.0	0.0	0.0
OG0017050	0.0	0.0	0.0	0.0
OG0017051	0.0	0.0	0.0	0.0
OG0017053	0.0	0.0	0.0	0.0
OG0017054	0.0	0.0	0.0	0.0
OG0017055	0.0	0.0	0.0	0.0
OG0017056	0.0	0.0	0.0	0.0
OG0017057	0.0	0.0	0.0	0.0
OG0017058	0.0	0.0	0.0	0.0
OG0017059	0.0	0.0	0.0	0.0
OG0017060	0.0	0.0	0.0	0.0
OG0017061	0.0	0.0	0.0	0.0
OG0017062	0.0	0.0	0.0	0.0
OG0017063	0.0	0.0	0.0	0.0
OG0017064	0.0	0.0	0.0	0.0
OG0017065	0.0	0.0	0.0	0.0
OG0017066	0.0	0.0	0.0	0.0
OG0017067	0.0	0.0	0.0	0.0
OG0017069	0.0	0.0	0.0	0.0
OG0017070	0.0	0.0	0.0	0.0
OG0017071	0.0	0.0	0.0	0.0
OG0017073	0.0	0.0	0.0	0.0
OG0017074	0.0	0.0	0.0	0.0
OG0017077	0.0	0.0	0.0	0.0
OG0017078	0.0	0.0	0.0	0.0
OG0017079	0.0	0.0	0.0	0.0
OG0017080	0.0	0.0	0.0	0.0
OG0017081	0.0	0.0	0.0	0.0
OG0017082	0.0	0.0	0.0	0.0
OG0017083	0.0	0.0	0.0	0.0
OG0017084	0.0	0.0	0.0	0.0
OG0017085	0.0	0.0	0.0	0.0
OG0017086	0.0	0.0	0.0	0.0
OG0017087	0.0	0.0	0.0	0.0
OG0017088	0.0	0.0	0.0	0.0
OG0017089	0.0	0.0	0.0	0.0
OG0017090	0.0	0.0	0.0	0.0
OG0017091	0.0	0.0	0.0	0.0
OG0017092	0.0	0.0	0.0	0.0
OG0017093	0.0	0.0	0.0	0.0
OG0017094	0.0	0.0	0.0	0.0
OG0017095	0.0	0.0	0.0	0.0
OG0017096	0.0	0.0	0.0	0.0
OG0017097	0.0	0.0	0.0	0.0
OG0017098	0.0	0.0	0.0	0.0
OG0017099	0.0	0.0	0.0	0.0
OG0017100	0.0	0.0	0.0	0.0
OG0017101	0.0	0.0	0.0	0.0
OG0017102	0.0	0.0	0.0	0.0
OG0017103	0.0	0.0	0.0	0.0
OG0017104	0.0	0.0	0.0	0.0
OG0017105	0.0	0.0	0.0	0.0
OG0017106	0.0	0.0	0.0	0.0
OG0017107	0.0	0.0	0.0	0.0
OG0017108	0.0	0.0	0.0	0.0
OG0017109	0.0	0.0	0.0	0.0
OG0017110	0.0	0.0	0.0	0.0
OG0017112	0.0	0.0	0.0	0.0
OG0017113	0.0	0.0	0.0	0.0
OG0017114	0.0	0.0	0.0	0.0
OG0017116	0.0	0.0	0.0	0.0
OG0017117	0.0	0.0	0.0	0.0
OG0017118	0.0	0.0	0.0	0.0
OG0017119	0.0	0.0	0.0	0.0
OG0017121	0.0	0.0	0.0	0.0
OG0017122	0.0	0.0	0.0	0.0
OG0017123	0.0	0.0	0.0	0.0
OG0017124	0.0	0.0	0.0	0.0
OG0017125	0.0	0.0	0.0	0.0
OG0017128	0.0	0.0	0.0	0.0
OG0017129	0.0	0.0	0.0	0.0
OG0017130	0.0	0.0	0.0	0.0
OG0017131	0.0	0.0	0.0	0.0
OG0017132	0.0	0.0	0.0	0.0
OG0017133	0.0	0.0	0.0	0.0
OG0017134	0.0	0.0	0.0	0.0
OG0017135	0.0	0.0	0.0	0.0
OG0017136	0.0	0.0	0.0	0.0
OG0017137	0.0	0.0	0.0	0.0
OG0017138	0.0	0.0	0.0	0.0
OG0017139	0.0	0.0	0.0	0.0
OG0017140	0.0	0.0	0.0	0.0
OG0017141	0.0	0.0	0.0	0.0
OG0017142	0.0	0.0	0.0	0.0
OG0017143	0.0	0.0	0.0	0.0
OG0017144	0.0	0.0	0.0	0.0
OG0017145	0.0	0.0	0.0	0.0
OG0017146	0.0	0.0	0.0	0.0
OG0017147	0.0	0.0	0.0	0.0
OG0017148	0.0	0.0	0.0	0.0
OG0017149	0.0	0.0	0.0	0.0
OG0017151	0.0	0.0	0.0	0.0
OG0017152	0.0	0.0	0.0	0.0
OG0017153	0.0	0.0	0.0	0.0
OG0017154	0.0	0.0	0.0	0.0
OG0017155	0.0	0.0	0.0	0.0
OG0017156	0.0	0.0	0.0	0.0
OG0017157	0.0	0.0	0.0	0.0
OG0017158	0.0	0.0	0.0	0.0
OG0017159	0.0	0.0	0.0	0.0
OG0017160	0.0	0.0	0.0	0.0
OG0017161	0.0	0.0	0.0	0.0
OG0017162	0.0	0.0	0.0	0.0
OG0017163	0.0	0.0	0.0	0.0
OG0017164	0.0	0.0	0.0	0.0
OG0017165	0.0	0.0	0.0	0.0
OG0017166	0.0	0.0	0.0	0.0
OG0017167	0.0	0.0	0.0	0.0
OG0017168	0.0	0.0	0.0	0.0
OG0017169	0.0	0.0	0.0	0.0
OG0017170	0.0	0.0	0.0	0.0
OG0017171	0.0	0.0	0.0	0.0
OG0017172	0.0	0.0	0.0	0.0
OG0017173	0.0	0.0	0.0	0.0
OG0017174	0.0	0.0	0.0	0.0
OG0017175	0.0	0.0	0.0	0.0
OG0017176	0.0	0.0	0.0	0.0
OG0017177	0.0	0.0	0.0	0.0
OG0017179	0.0	0.0	0.0	0.0
OG0017180	0.0	0.0	0.0	0.0
OG0017181	0.0	0.0	0.0	0.0
OG0017182	0.0	0.0	0.0	0.0
OG0017183	0.0	0.0	0.0	0.0
OG0017184	0.0	0.0	0.0	0.0
OG0017185	0.0	0.0	0.0	0.0
OG0017188	0.0	0.0	0.0	0.0
OG0017190	0.0	0.0	0.0	0.0
OG0017192	0.0	0.0	0.0	0.0
OG0017194	0.0	0.0	0.0	0.0
OG0017196	0.0	0.0	0.0	0.0
OG0017201	0.0	0.0	0.0	0.0
OG0017203	0.0	0.0	0.0	0.0
OG0017205	0.0	0.0	0.0	0.0
OG0017206	0.0	0.0	0.0	0.0
OG0017208	0.0	0.0	0.0	0.0
OG0017209	0.0	0.0	0.0	0.0
OG0017210	0.0	0.0	0.0	0.0
OG0017211	0.0	0.0	0.0	0.0
OG0017212	0.0	0.0	0.0	0.0
OG0017213	0.0	0.0	0.0	0.0
OG0017216	0.0	0.0	0.0	0.0
OG0017217	0.0	0.0	0.0	0.0
OG0017218	0.0	0.0	0.0	0.0
OG0017219	0.0	0.0	0.0	0.0
OG0017220	0.0	0.0	0.0	0.0
OG0017221	0.0	0.0	0.0	0.0
OG0017222	0.0	0.0	0.0	0.0
OG0017224	0.0	0.0	0.0	0.0
OG0017225	0.0	0.0	0.0	0.0
OG0017227	0.0	0.0	0.0	0.0
OG0017228	0.0	0.0	0.0	0.0
OG0017229	0.0	0.0	0.0	0.0
OG0017231	0.0	0.0	0.0	0.0
OG0017232	0.0	0.0	0.0	0.0
OG0017233	0.0	0.0	0.0	0.0
OG0017234	0.0	0.0	0.0	0.0
OG0017235	0.0	0.0	0.0	0.0
OG0017237	0.0	0.0	0.0	0.0
OG0017238	0.0	0.0	0.0	0.0
OG0017241	0.0	0.0	0.0	0.0
OG0017242	0.0	0.0	0.0	0.0
OG0017243	0.0	0.0	0.0	0.0
OG0017244	0.0	0.0	0.0	0.0
OG0017245	0.0	0.0	0.0	0.0
OG0017246	0.0	0.0	0.0	0.0
OG0017247	0.0	0.0	0.0	0.0
OG0017248	0.0	0.0	0.0	0.0
OG0017249	0.0	0.0	0.0	0.0
OG0017250	0.0	0.0	0.0	0.0
OG0017251	0.0	0.0	0.0	0.0
OG0017252	0.0	0.0	0.0	0.0
OG0017253	0.0	0.0	0.0	0.0
OG0017254	0.0	0.0	0.0	0.0
OG0017255	0.0	0.0	0.0	0.0
OG0017256	0.0	0.0	0.0	0.0
OG0017257	0.0	0.0	0.0	0.0
OG0017258	0.0	0.0	0.0	0.0
OG0017259	0.0	0.0	0.0	0.0
OG0017260	0.0	0.0	0.0	0.0
OG0017261	0.0	0.0	0.0	0.0
OG0017262	0.0	0.0	0.0	0.0
OG0017263	0.0	0.0	0.0	0.0
OG0017264	0.0	0.0	0.0	0.0
OG0017266	0.0	0.0	0.0	0.0
OG0017268	0.0	0.0	0.0	0.0
OG0017270	0.0	0.0	0.0	0.0
OG0017271	0.0	0.0	0.0	0.0
OG0017272	0.0	0.0	0.0	0.0
OG0017273	0.0	0.0	0.0	0.0
OG0017274	0.0	0.0	0.0	0.0
OG0017275	0.0	0.0	0.0	0.0
OG0017276	0.0	0.0	0.0	0.0
OG0017277	0.0	0.0	0.0	0.0
OG0017278	0.0	0.0	0.0	0.0
OG0017279	0.0	0.0	0.0	0.0
OG0017281	0.0	0.0	0.0	0.0
OG0017282	0.0	0.0	0.0	0.0
OG0017283	0.0	0.0	0.0	0.0
OG0017284	0.0	0.0	0.0	0.0
OG0017285	0.0	0.0	0.0	0.0
OG0017286	0.0	0.0	0.0	0.0
OG0017287	0.0	0.0	0.0	0.0
OG0017288	0.0	0.0	0.0	0.0
OG0017289	0.0	0.0	0.0	0.0
OG0017290	0.0	0.0	0.0	0.0
OG0017291	0.0	0.0	0.0	0.0
OG0017292	0.0	0.0	0.0	0.0
OG0017293	0.0	0.0	0.0	0.0
OG0017295	0.0	0.0	0.0	0.0
OG0017296	0.0	0.0	0.0	0.0
OG0017297	0.0	0.0	0.0	0.0
OG0017298	0.0	0.0	0.0	0.0
OG0017299	0.0	0.0	0.0	0.0
OG0017300	0.0	0.0	0.0	0.0
OG0017301	0.0	0.0	0.0	0.0
OG0017302	0.0	0.0	0.0	0.0
OG0017303	0.0	0.0	0.0	0.0
OG0017304	0.0	0.0	0.0	0.0
OG0017305	0.0	0.0	0.0	0.0
OG0017306	0.0	0.0	0.0	0.0
OG0017307	0.0	0.0	0.0	0.0
OG0017308	0.0	0.0	0.0	0.0
OG0017309	0.0	0.0	0.0	0.0
OG0017310	0.0	0.0	0.0	0.0
OG0017311	0.0	0.0	0.0	0.0
OG0017312	0.0	0.0	0.0	0.0
OG0017313	0.0	0.0	0.0	0.0
OG0017314	0.0	0.0	0.0	0.0
OG0017315	0.0	0.0	0.0	0.0
OG0017316	0.0	0.0	0.0	0.0
OG0017317	0.0	0.0	0.0	0.0
OG0017318	0.0	0.0	0.0	0.0
OG0017319	0.0	0.0	0.0	0.0
OG0017320	0.0	0.0	0.0	0.0
OG0017321	0.0	0.0	0.0	0.0
OG0017322	0.0	0.0	0.0	0.0
OG0017323	0.0	0.0	0.0	0.0
OG0017324	0.0	0.0	0.0	0.0
OG0017325	0.0	0.0	0.0	0.0
OG0017326	0.0	0.0	0.0	0.0
OG0017327	0.0	0.0	0.0	0.0
OG0017328	0.0	0.0	0.0	0.0
OG0017329	0.0	0.0	0.0	0.0
OG0017330	0.0	0.0	0.0	0.0
OG0017331	0.0	0.0	0.0	0.0
OG0017332	0.0	0.0	0.0	0.0
OG0017335	0.0	0.0	0.0	0.0
OG0017336	0.0	0.0	0.0	0.0
OG0017337	0.0	0.0	0.0	0.0
OG0017338	0.0	0.0	0.0	0.0
OG0017339	0.0	0.0	0.0	0.0
OG0017340	0.0	0.0	0.0	0.0
OG0017341	0.0	0.0	0.0	0.0
OG0017342	0.0	0.0	0.0	0.0
OG0017343	0.0	0.0	0.0	0.0
OG0017344	0.0	0.0	0.0	0.0
OG0017345	0.0	0.0	0.0	0.0
OG0017346	0.0	0.0	0.0	0.0
OG0017347	0.0	0.0	0.0	0.0
OG0017348	0.0	0.0	0.0	0.0
OG0017349	0.0	0.0	0.0	0.0
OG0017350	0.0	0.0	0.0	0.0
OG0017351	0.0	0.0	0.0	0.0
OG0017352	0.0	0.0	0.0	0.0
OG0017353	0.0	0.0	0.0	0.0
OG0017354	0.0	0.0	0.0	0.0
OG0017356	0.0	0.0	0.0	0.0
OG0017357	0.0	0.0	0.0	0.0
OG0017358	0.0	0.0	0.0	0.0
OG0017359	0.0	0.0	0.0	0.0
OG0017360	0.0	0.0	0.0	0.0
OG0017361	0.0	0.0	0.0	0.0
OG0017362	0.0	0.0	0.0	0.0
OG0017365	0.0	0.0	0.0	0.0
OG0017366	0.0	0.0	0.0	0.0
OG0017367	0.0	0.0	0.0	0.0
OG0017369	0.0	0.0	0.0	0.0
OG0017370	0.0	0.0	0.0	0.0
OG0017371	0.0	0.0	0.0	0.0
OG0017373	0.0	0.0	0.0	0.0
OG0017374	0.0	0.0	0.0	0.0
OG0017375	0.0	0.0	0.0	0.0
OG0017376	0.0	0.0	0.0	0.0
OG0017377	0.0	0.0	0.0	0.0
OG0017378	0.0	0.0	0.0	0.0
OG0017379	0.0	0.0	0.0	0.0
OG0017380	0.0	0.0	0.0	0.0
OG0017381	0.0	0.0	0.0	0.0
OG0017382	0.0	0.0	0.0	0.0
OG0017383	0.0	0.0	0.0	0.0
OG0017384	0.0	0.0	0.0	0.0
OG0017385	0.0	0.0	0.0	0.0
OG0017386	0.0	0.0	0.0	0.0
OG0017387	0.0	0.0	0.0	0.0
OG0017388	0.0	0.0	0.0	0.0
OG0017389	0.0	0.0	0.0	0.0
OG0017390	0.0	0.0	0.0	0.0
OG0017391	0.0	0.0	0.0	0.0
OG0017392	0.0	0.0	0.0	0.0
OG0017393	0.0	0.0	0.0	0.0
OG0017394	0.0	0.0	0.0	0.0
OG0017395	0.0	0.0	0.0	0.0
OG0017396	0.0	0.0	0.0	0.0
OG0017397	0.0	0.0	0.0	0.0
OG0017398	0.0	0.0	0.0	0.0
OG0017399	0.0	0.0	0.0	0.0
OG0017400	0.0	0.0	0.0	0.0
OG0017401	0.0	0.0	0.0	0.0
OG0017402	0.0	0.0	0.0	0.0
OG0017403	0.0	0.0	0.0	0.0
OG0017404	0.0	0.0	0.0	0.0
OG0017405	0.0	0.0	0.0	0.0
OG0017406	0.0	0.0	0.0	0.0
OG0017408	0.0	0.0	0.0	0.0
OG0017410	0.0	0.0	0.0	0.0
OG0017411	0.0	0.0	0.0	0.0
OG0017412	0.0	0.0	0.0	0.0
OG0017413	0.0	0.0	0.0	0.0
OG0017414	0.0	0.0	0.0	0.0
OG0017415	0.0	0.0	0.0	0.0
OG0017416	0.0	0.0	0.0	0.0
OG0017417	0.0	0.0	0.0	0.0
OG0017418	0.0	0.0	0.0	0.0
OG0017419	0.0	0.0	0.0	0.0
OG0017420	0.0	0.0	0.0	0.0
OG0017421	0.0	0.0	0.0	0.0
OG0017422	0.0	0.0	0.0	0.0
OG0017423	0.0	0.0	0.0	0.0
OG0017424	0.0	0.0	0.0	0.0
OG0017425	0.0	0.0	0.0	0.0
OG0017426	0.0	0.0	0.0	0.0
OG0017427	0.0	0.0	0.0	0.0
OG0017428	0.0	0.0	0.0	0.0
OG0017429	0.0	0.0	0.0	0.0
OG0017430	0.0	0.0	0.0	0.0
OG0017431	0.0	0.0	0.0	0.0
OG0017432	0.0	0.0	0.0	0.0
OG0017433	0.0	0.0	0.0	0.0
OG0017434	0.0	0.0	0.0	0.0
OG0017435	0.0	0.0	0.0	0.0
OG0017436	0.0	0.0	0.0	0.0
OG0017437	0.0	0.0	0.0	0.0
OG0017438	0.0	0.0	0.0	0.0
OG0017439	0.0	0.0	0.0	0.0
OG0017440	0.0	0.0	0.0	0.0
OG0017441	0.0	0.0	0.0	0.0
OG0017442	0.0	0.0	0.0	0.0
OG0017443	0.0	0.0	0.0	0.0
OG0017446	0.0	0.0	0.0	0.0
OG0017447	0.0	0.0	0.0	0.0
OG0017448	0.0	0.0	0.0	0.0
OG0017449	0.0	0.0	0.0	0.0
OG0017450	0.0	0.0	0.0	0.0
OG0017451	0.0	0.0	0.0	0.0
OG0017452	0.0	0.0	0.0	0.0
OG0017453	0.0	0.0	0.0	0.0
OG0017454	0.0	0.0	0.0	0.0
OG0017455	0.0	0.0	0.0	0.0
OG0017456	0.0	0.0	0.0	0.0
OG0017457	0.0	0.0	0.0	0.0
OG0017458	0.0	0.0	0.0	0.0
OG0017459	0.0	0.0	0.0	0.0
OG0017460	0.0	0.0	0.0	0.0
OG0017461	0.0	0.0	0.0	0.0
OG0017462	0.0	0.0	0.0	0.0
OG0017463	0.0	0.0	0.0	0.0
OG0017464	0.0	0.0	0.0	0.0
OG0017465	0.0	0.0	0.0	0.0
OG0017466	0.0	0.0	0.0	0.0
OG0017467	0.0	0.0	0.0	0.0
OG0017468	0.0	0.0	0.0	0.0
OG0017470	0.0	0.0	0.0	0.0
OG0017471	0.0	0.0	0.0	0.0
OG0017472	0.0	0.0	0.0	0.0
OG0017473	0.0	0.0	0.0	0.0
OG0017474	0.0	0.0	0.0	0.0
OG0017479	0.0	0.0	0.0	0.0
OG0017482	0.0	0.0	0.0	0.0
OG0017483	0.0	0.0	0.0	0.0
OG0017485	0.0	0.0	0.0	0.0
OG0017486	0.0	0.0	0.0	0.0
OG0017490	0.0	0.0	0.0	0.0
OG0017492	0.0	0.0	0.0	0.0
OG0017494	0.0	0.0	0.0	0.0
OG0017499	0.0	0.0	0.0	0.0
OG0017500	0.0	0.0	0.0	0.0
OG0017501	0.0	0.0	0.0	0.0
OG0017504	0.0	0.0	0.0	0.0
OG0017509	0.0	0.0	0.0	0.0
OG0017526	0.0	0.0	0.0	0.0
OG0017530	0.0	0.0	0.0	0.0
OG0017534	0.0	0.0	0.0	0.0
OG0017537	0.0	0.0	0.0	0.0
OG0017539	0.0	0.0	0.0	0.0
OG0017553	0.0	0.0	0.0	0.0
OG0017554	0.0	0.0	0.0	0.0
OG0017555	0.0	0.0	0.0	0.0
OG0017558	0.0	0.0	0.0	0.0
OG0017565	0.0	0.0	0.0	0.0
OG0017567	0.0	0.0	0.0	0.0
OG0017568	0.0	0.0	0.0	0.0
OG0017570	0.0	0.0	0.0	0.0
OG0017572	0.0	0.0	0.0	0.0
OG0017573	0.0	0.0	0.0	0.0
OG0017575	0.0	0.0	0.0	0.0
OG0017576	0.0	0.0	0.0	0.0
OG0017580	0.0	0.0	0.0	0.0
OG0017581	0.0	0.0	0.0	0.0
OG0017583	0.0	0.0	0.0	0.0
OG0017587	0.0	0.0	0.0	0.0
OG0017596	0.0	0.0	0.0	0.0
OG0017597	0.0	0.0	0.0	0.0
OG0017599	0.0	0.0	0.0	0.0
OG0017601	0.0	0.0	0.0	0.0
OG0017603	0.0	0.0	0.0	0.0
OG0017606	0.0	0.0	0.0	0.0
OG0017609	0.0	0.0	0.0	0.0
OG0017610	0.0	0.0	0.0	0.0
OG0017612	0.0	0.0	0.0	0.0
OG0017613	0.0	0.0	0.0	0.0
OG0017615	0.0	0.0	0.0	0.0
OG0017616	0.0	0.0	0.0	0.0
OG0017617	0.0	0.0	0.0	0.0
OG0017618	0.0	0.0	0.0	0.0
OG0017619	0.0	0.0	0.0	0.0
OG0017620	0.0	0.0	0.0	0.0
OG0017621	0.0	0.0	0.0	0.0
OG0017622	0.0	0.0	0.0	0.0
OG0017625	0.0	0.0	0.0	0.0
OG0017627	0.0	0.0	0.0	0.0
OG0017628	0.0	0.0	0.0	0.0
OG0017631	0.0	0.0	0.0	0.0
OG0017632	0.0	0.0	0.0	0.0
OG0017633	0.0	0.0	0.0	0.0
OG0017634	0.0	0.0	0.0	0.0
OG0017635	0.0	0.0	0.0	0.0
OG0017636	0.0	0.0	0.0	0.0
OG0017638	0.0	0.0	0.0	0.0
OG0017639	0.0	0.0	0.0	0.0
OG0017640	0.0	0.0	0.0	0.0
OG0017642	0.0	0.0	0.0	0.0
OG0017643	0.0	0.0	0.0	0.0
OG0017644	0.0	0.0	0.0	0.0
OG0017645	0.0	0.0	0.0	0.0
OG0017647	0.0	0.0	0.0	0.0
OG0017648	0.0	0.0	0.0	0.0
OG0017649	0.0	0.0	0.0	0.0
OG0017650	0.0	0.0	0.0	0.0
OG0017651	0.0	0.0	0.0	0.0
OG0017652	0.0	0.0	0.0	0.0
OG0017653	0.0	0.0	0.0	0.0
OG0017655	0.0	0.0	0.0	0.0
OG0017656	0.0	0.0	0.0	0.0
OG0017657	0.0	0.0	0.0	0.0
OG0017658	0.0	0.0	0.0	0.0
OG0017659	0.0	0.0	0.0	0.0
OG0017662	0.0	0.0	0.0	0.0
OG0017663	0.0	0.0	0.0	0.0
OG0017664	0.0	0.0	0.0	0.0
OG0017665	0.0	0.0	0.0	0.0
OG0017666	0.0	0.0	0.0	0.0
OG0017667	0.0	0.0	0.0	0.0
OG0017668	0.0	0.0	0.0	0.0
OG0017670	0.0	0.0	0.0	0.0
OG0017671	0.0	0.0	0.0	0.0
OG0017672	0.0	0.0	0.0	0.0
OG0017673	0.0	0.0	0.0	0.0
OG0017674	0.0	0.0	0.0	0.0
OG0017675	0.0	0.0	0.0	0.0
OG0017676	0.0	0.0	0.0	0.0
OG0017677	0.0	0.0	0.0	0.0
OG0017678	0.0	0.0	0.0	0.0
OG0017680	0.0	0.0	0.0	0.0
OG0017681	0.0	0.0	0.0	0.0
OG0017682	0.0	0.0	0.0	0.0
OG0017683	0.0	0.0	0.0	0.0
OG0017684	0.0	0.0	0.0	0.0
OG0017685	0.0	0.0	0.0	0.0
OG0017686	0.0	0.0	0.0	0.0
OG0017687	0.0	0.0	0.0	0.0
OG0017688	0.0	0.0	0.0	0.0
OG0017689	0.0	0.0	0.0	0.0
OG0017690	0.0	0.0	0.0	0.0
OG0017692	0.0	0.0	0.0	0.0
OG0017694	0.0	0.0	0.0	0.0
OG0017695	0.0	0.0	0.0	0.0
OG0017696	0.0	0.0	0.0	0.0
OG0017697	0.0	0.0	0.0	0.0
OG0017698	0.0	0.0	0.0	0.0
OG0017699	0.0	0.0	0.0	0.0
OG0017700	0.0	0.0	0.0	0.0
OG0017701	0.0	0.0	0.0	0.0
OG0017702	0.0	0.0	0.0	0.0
OG0017703	0.0	0.0	0.0	0.0
OG0017705	0.0	0.0	0.0	0.0
OG0017706	0.0	0.0	0.0	0.0
OG0017707	0.0	0.0	0.0	0.0
OG0017708	0.0	0.0	0.0	0.0
OG0017709	0.0	0.0	0.0	0.0
OG0017710	0.0	0.0	0.0	0.0
OG0017725	0.0	0.0	0.0	0.0
OG0017739	0.0	0.0	0.0	0.0
OG0017746	0.0	0.0	0.0	0.0
OG0017752	0.0	0.0	0.0	0.0
OG0017758	0.0	0.0	0.0	0.0
OG0017760	0.0	0.0	0.0	0.0
OG0017762	0.0	0.0	0.0	0.0
OG0017763	0.0	0.0	0.0	0.0
OG0017764	0.0	0.0	0.0	0.0
OG0017765	0.0	0.0	0.0	0.0
OG0017767	0.0	0.0	0.0	0.0
OG0017768	0.0	0.0	0.0	0.0
OG0017769	0.0	0.0	0.0	0.0
OG0017770	0.0	0.0	0.0	0.0
OG0017771	0.0	0.0	0.0	0.0
OG0017772	0.0	0.0	0.0	0.0
OG0017776	0.0	0.0	0.0	0.0
OG0017779	0.0	0.0	0.0	0.0
OG0017781	0.0	0.0	0.0	0.0
OG0017782	0.0	0.0	0.0	0.0
OG0017783	0.0	0.0	0.0	0.0
OG0017784	0.0	0.0	0.0	0.0
OG0017785	0.0	0.0	0.0	0.0
OG0017786	0.0	0.0	0.0	0.0
OG0017789	0.0	0.0	0.0	0.0
OG0017798	0.0	0.0	0.0	0.0
OG0017800	0.0	0.0	0.0	0.0
OG0017802	0.0	0.0	0.0	0.0
OG0017804	0.0	0.0	0.0	0.0
OG0017880	0.0	0.0	0.0	0.0
OG0017881	0.0	0.0	0.0	0.0
OG0017882	0.0	0.0	0.0	0.0
OG0017894	0.0	0.0	0.0	0.0
OG0017895	0.0	0.0	0.0	0.0
OG0017896	0.0	0.0	0.0	0.0
OG0017897	0.0	0.0	0.0	0.0
OG0017899	0.0	0.0	0.0	0.0
OG0017901	0.0	0.0	0.0	0.0
OG0017903	0.0	0.0	0.0	0.0
OG0017904	0.0	0.0	0.0	0.0
OG0017906	0.0	0.0	0.0	0.0
OG0017907	0.0	0.0	0.0	0.0
OG0017908	0.0	0.0	0.0	0.0
OG0017912	0.0	0.0	0.0	0.0
OG0017913	0.0	0.0	0.0	0.0
OG0017914	0.0	0.0	0.0	0.0
OG0017919	0.0	0.0	0.0	0.0
OG0017922	0.0	0.0	0.0	0.0
OG0017924	0.0	0.0	0.0	0.0
OG0017925	0.0	0.0	0.0	0.0
OG0017927	0.0	0.0	0.0	0.0
OG0017928	0.0	0.0	0.0	0.0
OG0017929	0.0	0.0	0.0	0.0
OG0017932	0.0	0.0	0.0	0.0
OG0017935	0.0	0.0	0.0	0.0
OG0017936	0.0	0.0	0.0	0.0
OG0017937	0.0	0.0	0.0	0.0
OG0017938	0.0	0.0	0.0	0.0
OG0017940	0.0	0.0	0.0	0.0
OG0017941	0.0	0.0	0.0	0.0
OG0017943	0.0	0.0	0.0	0.0
OG0017944	0.0	0.0	0.0	0.0
OG0017945	0.0	0.0	0.0	0.0
OG0017946	0.0	0.0	0.0	0.0
OG0017947	0.0	0.0	0.0	0.0
OG0017948	0.0	0.0	0.0	0.0
OG0017949	0.0	0.0	0.0	0.0
OG0017950	0.0	0.0	0.0	0.0
OG0017951	0.0	0.0	0.0	0.0
OG0017952	0.0	0.0	0.0	0.0
OG0017953	0.0	0.0	0.0	0.0
OG0017954	0.0	0.0	0.0	0.0
OG0017955	0.0	0.0	0.0	0.0
OG0017959	0.0	0.0	0.0	0.0
OG0017960	0.0	0.0	0.0	0.0
OG0017961	0.0	0.0	0.0	0.0
OG0017962	0.0	0.0	0.0	0.0
OG0017963	0.0	0.0	0.0	0.0
OG0017965	0.0	0.0	0.0	0.0
OG0017966	0.0	0.0	0.0	0.0
OG0017968	0.0	0.0	0.0	0.0
OG0017972	0.0	0.0	0.0	0.0
OG0017973	0.0	0.0	0.0	0.0
OG0017974	0.0	0.0	0.0	0.0
OG0017975	0.0	0.0	0.0	0.0
OG0017977	0.0	0.0	0.0	0.0
OG0018005	0.0	0.0	0.0	0.0
OG0018007	0.0	0.0	0.0	0.0
OG0018017	0.0	0.0	0.0	0.0
OG0018022	0.0	0.0	0.0	0.0
OG0018025	0.0	0.0	0.0	0.0
OG0018036	0.0	0.0	0.0	0.0
OG0018037	0.0	0.0	0.0	0.0
OG0018039	0.0	0.0	0.0	0.0
OG0018042	0.0	0.0	0.0	0.0
OG0018045	0.0	0.0	0.0	0.0
OG0018046	0.0	0.0	0.0	0.0
OG0018058	0.0	0.0	0.0	0.0
OG0018059	0.0	0.0	0.0	0.0
OG0018060	0.0	0.0	0.0	0.0
OG0018062	0.0	0.0	0.0	0.0
OG0018064	0.0	0.0	0.0	0.0
OG0018065	0.0	0.0	0.0	0.0
OG0018073	0.0	0.0	0.0	0.0
OG0018076	0.0	0.0	0.0	0.0
OG0018090	0.0	0.0	0.0	0.0
OG0018092	0.0	0.0	0.0	0.0
OG0018093	0.0	0.0	0.0	0.0
OG0018353	0.0	0.0	0.0	0.0
OG0018357	0.0	0.0	0.0	0.0
OG0018549	0.0	0.0	0.0	0.0
OG0018579	0.0	0.0	0.0	0.0
OG0018581	0.0	0.0	0.0	0.0
OG0018582	0.0	0.0	0.0	0.0
OG0018586	0.0	0.0	0.0	0.0
OG0018587	0.0	0.0	0.0	0.0
OG0018588	0.0	0.0	0.0	0.0
OG0018589	0.0	0.0	0.0	0.0
OG0018591	0.0	0.0	0.0	0.0
OG0018594	0.0	0.0	0.0	0.0
OG0018595	0.0	0.0	0.0	0.0
OG0018596	0.0	0.0	0.0	0.0
OG0018597	0.0	0.0	0.0	0.0
OG0018598	0.0	0.0	0.0	0.0
OG0018599	0.0	0.0	0.0	0.0
OG0018600	0.0	0.0	0.0	0.0
OG0018602	0.0	0.0	0.0	0.0
OG0018603	0.0	0.0	0.0	0.0
OG0018604	0.0	0.0	0.0	0.0
OG0018605	0.0	0.0	0.0	0.0
OG0018606	0.0	0.0	0.0	0.0
OG0018607	0.0	0.0	0.0	0.0
OG0018608	0.0	0.0	0.0	0.0
OG0018609	0.0	0.0	0.0	0.0
OG0018612	0.0	0.0	0.0	0.0
OG0018614	0.0	0.0	0.0	0.0
OG0018617	0.0	0.0	0.0	0.0
OG0018618	0.0	0.0	0.0	0.0
OG0018619	0.0	0.0	0.0	0.0
OG0018621	0.0	0.0	0.0	0.0
OG0018625	0.0	0.0	0.0	0.0
OG0018631	0.0	0.0	0.0	0.0
OG0018653	0.0	0.0	0.0	0.0
OG0018655	0.0	0.0	0.0	0.0
OG0018657	0.0	0.0	0.0	0.0
OG0018658	0.0	0.0	0.0	0.0
OG0018663	0.0	0.0	0.0	0.0
OG0018665	0.0	0.0	0.0	0.0
OG0018668	0.0	0.0	0.0	0.0
OG0018670	0.0	0.0	0.0	0.0
OG0018671	0.0	0.0	0.0	0.0
OG0018672	0.0	0.0	0.0	0.0
OG0018673	0.0	0.0	0.0	0.0
OG0018675	0.0	0.0	0.0	0.0
OG0018678	0.0	0.0	0.0	0.0
OG0018680	0.0	0.0	0.0	0.0
OG0018681	0.0	0.0	0.0	0.0
OG0018686	0.0	0.0	0.0	0.0
OG0018687	0.0	0.0	0.0	0.0
OG0018688	0.0	0.0	0.0	0.0
OG0018689	0.0	0.0	0.0	0.0
OG0018690	0.0	0.0	0.0	0.0
OG0018691	0.0	0.0	0.0	0.0
OG0018695	0.0	0.0	0.0	0.0
OG0018696	0.0	0.0	0.0	0.0
OG0018697	0.0	0.0	0.0	0.0
OG0018699	0.0	0.0	0.0	0.0
OG0018700	0.0	0.0	0.0	0.0
OG0018701	0.0	0.0	0.0	0.0
OG0018702	0.0	0.0	0.0	0.0
OG0018704	0.0	0.0	0.0	0.0
OG0018706	0.0	0.0	0.0	0.0
OG0018710	0.0	0.0	0.0	0.0
OG0018712	0.0	0.0	0.0	0.0
OG0018713	0.0	0.0	0.0	0.0
OG0018714	0.0	0.0	0.0	0.0
OG0018716	0.0	0.0	0.0	0.0
OG0018717	0.0	0.0	0.0	0.0
OG0018718	0.0	0.0	0.0	0.0
OG0018719	0.0	0.0	0.0	0.0
OG0018721	0.0	0.0	0.0	0.0
OG0018722	0.0	0.0	0.0	0.0
OG0018727	0.0	0.0	0.0	0.0
OG0018728	0.0	0.0	0.0	0.0
OG0018733	0.0	0.0	0.0	0.0
OG0018734	0.0	0.0	0.0	0.0
OG0018737	0.0	0.0	0.0	0.0
OG0018738	0.0	0.0	0.0	0.0
OG0018740	0.0	0.0	0.0	0.0
OG0018741	0.0	0.0	0.0	0.0
OG0018742	0.0	0.0	0.0	0.0
OG0018743	0.0	0.0	0.0	0.0
OG0018744	0.0	0.0	0.0	0.0
OG0018749	0.0	0.0	0.0	0.0
OG0018750	0.0	0.0	0.0	0.0
OG0018752	0.0	0.0	0.0	0.0
OG0018756	0.0	0.0	0.0	0.0
OG0018757	0.0	0.0	0.0	0.0
OG0018763	0.0	0.0	0.0	0.0
OG0018765	0.0	0.0	0.0	0.0
OG0018766	0.0	0.0	0.0	0.0
OG0018767	0.0	0.0	0.0	0.0
OG0018768	0.0	0.0	0.0	0.0
OG0018769	0.0	0.0	0.0	0.0
OG0018771	0.0	0.0	0.0	0.0
OG0018773	0.0	0.0	0.0	0.0
OG0018774	0.0	0.0	0.0	0.0
OG0018775	0.0	0.0	0.0	0.0
OG0018779	0.0	0.0	0.0	0.0
OG0018780	0.0	0.0	0.0	0.0
OG0018782	0.0	0.0	0.0	0.0
OG0018786	0.0	0.0	0.0	0.0
OG0018787	0.0	0.0	0.0	0.0
OG0018788	0.0	0.0	0.0	0.0
OG0018790	0.0	0.0	0.0	0.0
OG0018791	0.0	0.0	0.0	0.0
OG0018792	0.0	0.0	0.0	0.0
OG0018795	0.0	0.0	0.0	0.0
OG0018796	0.0	0.0	0.0	0.0
OG0018797	0.0	0.0	0.0	0.0
OG0018798	0.0	0.0	0.0	0.0
OG0018799	0.0	0.0	0.0	0.0
OG0018802	0.0	0.0	0.0	0.0
OG0018803	0.0	0.0	0.0	0.0
OG0018805	0.0	0.0	0.0	0.0
OG0018809	0.0	0.0	0.0	0.0
OG0018810	0.0	0.0	0.0	0.0
OG0018811	0.0	0.0	0.0	0.0
OG0018812	0.0	0.0	0.0	0.0
OG0018814	0.0	0.0	0.0	0.0
OG0018815	0.0	0.0	0.0	0.0
OG0018816	0.0	0.0	0.0	0.0
OG0018818	0.0	0.0	0.0	0.0
OG0018824	0.0	0.0	0.0	0.0
OG0018825	0.0	0.0	0.0	0.0
OG0018827	0.0	0.0	0.0	0.0
OG0018828	0.0	0.0	0.0	0.0
OG0018830	0.0	0.0	0.0	0.0
OG0018831	0.0	0.0	0.0	0.0
OG0018832	0.0	0.0	0.0	0.0
OG0018833	0.0	0.0	0.0	0.0
OG0018836	0.0	0.0	0.0	0.0
OG0018839	0.0	0.0	0.0	0.0
OG0018840	0.0	0.0	0.0	0.0
OG0018842	0.0	0.0	0.0	0.0
OG0018843	0.0	0.0	0.0	0.0
OG0018844	0.0	0.0	0.0	0.0
OG0018851	0.0	0.0	0.0	0.0
OG0018852	0.0	0.0	0.0	0.0
OG0018854	0.0	0.0	0.0	0.0
OG0018855	0.0	0.0	0.0	0.0
OG0018857	0.0	0.0	0.0	0.0
OG0018858	0.0	0.0	0.0	0.0
OG0018859	0.0	0.0	0.0	0.0
OG0018860	0.0	0.0	0.0	0.0
OG0018862	0.0	0.0	0.0	0.0
OG0018864	0.0	0.0	0.0	0.0
OG0018865	0.0	0.0	0.0	0.0
OG0018866	0.0	0.0	0.0	0.0
OG0018867	0.0	0.0	0.0	0.0
OG0018868	0.0	0.0	0.0	0.0
OG0018869	0.0	0.0	0.0	0.0
OG0018870	0.0	0.0	0.0	0.0
OG0018871	0.0	0.0	0.0	0.0
OG0018872	0.0	0.0	0.0	0.0
OG0018873	0.0	0.0	0.0	0.0
OG0018874	0.0	0.0	0.0	0.0
OG0018875	0.0	0.0	0.0	0.0
OG0018876	0.0	0.0	0.0	0.0
OG0018881	0.0	0.0	0.0	0.0
OG0018886	0.0	0.0	0.0	0.0
OG0018889	0.0	0.0	0.0	0.0
OG0018890	0.0	0.0	0.0	0.0
OG0018891	0.0	0.0	0.0	0.0
OG0018895	0.0	0.0	0.0	0.0
OG0018896	0.0	0.0	0.0	0.0
OG0018899	0.0	0.0	0.0	0.0
OG0018900	0.0	0.0	0.0	0.0
OG0018901	0.0	0.0	0.0	0.0
OG0018902	0.0	0.0	0.0	0.0
OG0018904	0.0	0.0	0.0	0.0
OG0018905	0.0	0.0	0.0	0.0
OG0018907	0.0	0.0	0.0	0.0
OG0018908	0.0	0.0	0.0	0.0
OG0018911	0.0	0.0	0.0	0.0
OG0018912	0.0	0.0	0.0	0.0
OG0018915	0.0	0.0	0.0	0.0
OG0018916	0.0	0.0	0.0	0.0
OG0018917	0.0	0.0	0.0	0.0
OG0018918	0.0	0.0	0.0	0.0
OG0018920	0.0	0.0	0.0	0.0
OG0018921	0.0	0.0	0.0	0.0
OG0018922	0.0	0.0	0.0	0.0
OG0018923	0.0	0.0	0.0	0.0
OG0018924	0.0	0.0	0.0	0.0
OG0018925	0.0	0.0	0.0	0.0
OG0018926	0.0	0.0	0.0	0.0
OG0018927	0.0	0.0	0.0	0.0
OG0018928	0.0	0.0	0.0	0.0
OG0018929	0.0	0.0	0.0	0.0
OG0018930	0.0	0.0	0.0	0.0
OG0018935	0.0	0.0	0.0	0.0
OG0018936	0.0	0.0	0.0	0.0
OG0018943	0.0	0.0	0.0	0.0
OG0018944	0.0	0.0	0.0	0.0
OG0018946	0.0	0.0	0.0	0.0
OG0018948	0.0	0.0	0.0	0.0
OG0018949	0.0	0.0	0.0	0.0
OG0018951	0.0	0.0	0.0	0.0
OG0018952	0.0	0.0	0.0	0.0
OG0018955	0.0	0.0	0.0	0.0
OG0018957	0.0	0.0	0.0	0.0
OG0018959	0.0	0.0	0.0	0.0
OG0018960	0.0	0.0	0.0	0.0
OG0018963	0.0	0.0	0.0	0.0
OG0018966	0.0	0.0	0.0	0.0
OG0018968	0.0	0.0	0.0	0.0
OG0018970	0.0	0.0	0.0	0.0
OG0018971	0.0	0.0	0.0	0.0
OG0018972	0.0	0.0	0.0	0.0
OG0018974	0.0	0.0	0.0	0.0
OG0018978	0.0	0.0	0.0	0.0
OG0018979	0.0	0.0	0.0	0.0
OG0018983	0.0	0.0	0.0	0.0
OG0018985	0.0	0.0	0.0	0.0
OG0018986	0.0	0.0	0.0	0.0
OG0018989	0.0	0.0	0.0	0.0
OG0018990	0.0	0.0	0.0	0.0
OG0018991	0.0	0.0	0.0	0.0
OG0018995	0.0	0.0	0.0	0.0
OG0018996	0.0	0.0	0.0	0.0
OG0018997	0.0	0.0	0.0	0.0
OG0018999	0.0	0.0	0.0	0.0
OG0019001	0.0	0.0	0.0	0.0
OG0019002	0.0	0.0	0.0	0.0
OG0019004	0.0	0.0	0.0	0.0
OG0019005	0.0	0.0	0.0	0.0
OG0019009	0.0	0.0	0.0	0.0
OG0019010	0.0	0.0	0.0	0.0
OG0019011	0.0	0.0	0.0	0.0
OG0019015	0.0	0.0	0.0	0.0
OG0019018	0.0	0.0	0.0	0.0
OG0019019	0.0	0.0	0.0	0.0
OG0019021	0.0	0.0	0.0	0.0
OG0019022	0.0	0.0	0.0	0.0
OG0019023	0.0	0.0	0.0	0.0
OG0019025	0.0	0.0	0.0	0.0
OG0019027	0.0	0.0	0.0	0.0
OG0019028	0.0	0.0	0.0	0.0
OG0019029	0.0	0.0	0.0	0.0
OG0019030	0.0	0.0	0.0	0.0
OG0019031	0.0	0.0	0.0	0.0
OG0019032	0.0	0.0	0.0	0.0
OG0019035	0.0	0.0	0.0	0.0
OG0019036	0.0	0.0	0.0	0.0
OG0019039	0.0	0.0	0.0	0.0
OG0019040	0.0	0.0	0.0	0.0
OG0019042	0.0	0.0	0.0	0.0
OG0019043	0.0	0.0	0.0	0.0
OG0019044	0.0	0.0	0.0	0.0
OG0019045	0.0	0.0	0.0	0.0
OG0019047	0.0	0.0	0.0	0.0
OG0019052	0.0	0.0	0.0	0.0
OG0019053	0.0	0.0	0.0	0.0
OG0019055	0.0	0.0	0.0	0.0
OG0019056	0.0	0.0	0.0	0.0
OG0019057	0.0	0.0	0.0	0.0
OG0019061	0.0	0.0	0.0	0.0
OG0019062	0.0	0.0	0.0	0.0
OG0019063	0.0	0.0	0.0	0.0
OG0019064	0.0	0.0	0.0	0.0
OG0019065	0.0	0.0	0.0	0.0
OG0019066	0.0	0.0	0.0	0.0
OG0019067	0.0	0.0	0.0	0.0
OG0019068	0.0	0.0	0.0	0.0
OG0019069	0.0	0.0	0.0	0.0
OG0019071	0.0	0.0	0.0	0.0
OG0019074	0.0	0.0	0.0	0.0
OG0019075	0.0	0.0	0.0	0.0
OG0019076	0.0	0.0	0.0	0.0
OG0019077	0.0	0.0	0.0	0.0
OG0019080	0.0	0.0	0.0	0.0
OG0019081	0.0	0.0	0.0	0.0
OG0019082	0.0	0.0	0.0	0.0
OG0019083	0.0	0.0	0.0	0.0
OG0019084	0.0	0.0	0.0	0.0
OG0019085	0.0	0.0	0.0	0.0
OG0019086	0.0	0.0	0.0	0.0
OG0019087	0.0	0.0	0.0	0.0
OG0019088	0.0	0.0	0.0	0.0
OG0019089	0.0	0.0	0.0	0.0
OG0019090	0.0	0.0	0.0	0.0
OG0019091	0.0	0.0	0.0	0.0
OG0019092	0.0	0.0	0.0	0.0
OG0019093	0.0	0.0	0.0	0.0
OG0019094	0.0	0.0	0.0	0.0
OG0019095	0.0	0.0	0.0	0.0
OG0019096	0.0	0.0	0.0	0.0
OG0019097	0.0	0.0	0.0	0.0
OG0019098	0.0	0.0	0.0	0.0
OG0019099	0.0	0.0	0.0	0.0
OG0019100	0.0	0.0	0.0	0.0
OG0019101	0.0	0.0	0.0	0.0
OG0019102	0.0	0.0	0.0	0.0
OG0019103	0.0	0.0	0.0	0.0
OG0019104	0.0	0.0	0.0	0.0
OG0019105	0.0	0.0	0.0	0.0
OG0019106	0.0	0.0	0.0	0.0
OG0019107	0.0	0.0	0.0	0.0
OG0019108	0.0	0.0	0.0	0.0
OG0019109	0.0	0.0	0.0	0.0
OG0019110	0.0	0.0	0.0	0.0
OG0019111	0.0	0.0	0.0	0.0
OG0019112	0.0	0.0	0.0	0.0
OG0019113	0.0	0.0	0.0	0.0
OG0019114	0.0	0.0	0.0	0.0
OG0019115	0.0	0.0	0.0	0.0
OG0019116	0.0	0.0	0.0	0.0
OG0019117	0.0	0.0	0.0	0.0
OG0019118	0.0	0.0	0.0	0.0
OG0019119	0.0	0.0	0.0	0.0
OG0019120	0.0	0.0	0.0	0.0
OG0019121	0.0	0.0	0.0	0.0
OG0019122	0.0	0.0	0.0	0.0
OG0019123	0.0	0.0	0.0	0.0
OG0019124	0.0	0.0	0.0	0.0
OG0019125	0.0	0.0	0.0	0.0
OG0019126	0.0	0.0	0.0	0.0
OG0019127	0.0	0.0	0.0	0.0
OG0019128	0.0	0.0	0.0	0.0
OG0019129	0.0	0.0	0.0	0.0
OG0019130	0.0	0.0	0.0	0.0
OG0019131	0.0	0.0	0.0	0.0
OG0019132	0.0	0.0	0.0	0.0
OG0019133	0.0	0.0	0.0	0.0
OG0019134	0.0	0.0	0.0	0.0
OG0019135	0.0	0.0	0.0	0.0
OG0019136	0.0	0.0	0.0	0.0
OG0019137	0.0	0.0	0.0	0.0
OG0019138	0.0	0.0	0.0	0.0
OG0019139	0.0	0.0	0.0	0.0
OG0019140	0.0	0.0	0.0	0.0
OG0019141	0.0	0.0	0.0	0.0
OG0019142	0.0	0.0	0.0	0.0
OG0019143	0.0	0.0	0.0	0.0
OG0019144	0.0	0.0	0.0	0.0
OG0019145	0.0	0.0	0.0	0.0
OG0019146	0.0	0.0	0.0	0.0
OG0019147	0.0	0.0	0.0	0.0
OG0019148	0.0	0.0	0.0	0.0
OG0019149	0.0	0.0	0.0	0.0
OG0019150	0.0	0.0	0.0	0.0
OG0019151	0.0	0.0	0.0	0.0
OG0019152	0.0	0.0	0.0	0.0
OG0019153	0.0	0.0	0.0	0.0
OG0019154	0.0	0.0	0.0	0.0
OG0019155	0.0	0.0	0.0	0.0
OG0019156	0.0	0.0	0.0	0.0
OG0019157	0.0	0.0	0.0	0.0
OG0019158	0.0	0.0	0.0	0.0
OG0019159	0.0	0.0	0.0	0.0
OG0019160	0.0	0.0	0.0	0.0
OG0019161	0.0	0.0	0.0	0.0
OG0019162	0.0	0.0	0.0	0.0
OG0019163	0.0	0.0	0.0	0.0
OG0019164	0.0	0.0	0.0	0.0
OG0019165	0.0	0.0	0.0	0.0
OG0019166	0.0	0.0	0.0	0.0
OG0019167	0.0	0.0	0.0	0.0
OG0019168	0.0	0.0	0.0	0.0
OG0019169	0.0	0.0	0.0	0.0
OG0019170	0.0	0.0	0.0	0.0
OG0019171	0.0	0.0	0.0	0.0
OG0019172	0.0	0.0	0.0	0.0
OG0019173	0.0	0.0	0.0	0.0
OG0019174	0.0	0.0	0.0	0.0
OG0019175	0.0	0.0	0.0	0.0
OG0019176	0.0	0.0	0.0	0.0
OG0019177	0.0	0.0	0.0	0.0
OG0019178	0.0	0.0	0.0	0.0
OG0019179	0.0	0.0	0.0	0.0
OG0019180	0.0	0.0	0.0	0.0
OG0019181	0.0	0.0	0.0	0.0
OG0019182	0.0	0.0	0.0	0.0
OG0019183	0.0	0.0	0.0	0.0
OG0019184	0.0	0.0	0.0	0.0
OG0019185	0.0	0.0	0.0	0.0
OG0019186	0.0	0.0	0.0	0.0
OG0019187	0.0	0.0	0.0	0.0
OG0019188	0.0	0.0	0.0	0.0
OG0019189	0.0	0.0	0.0	0.0
OG0019190	0.0	0.0	0.0	0.0
OG0019191	0.0	0.0	0.0	0.0
OG0019192	0.0	0.0	0.0	0.0
OG0019193	0.0	0.0	0.0	0.0
OG0019194	0.0	0.0	0.0	0.0
OG0019195	0.0	0.0	0.0	0.0
OG0019196	0.0	0.0	0.0	0.0
OG0019197	0.0	0.0	0.0	0.0
OG0019198	0.0	0.0	0.0	0.0
OG0019199	0.0	0.0	0.0	0.0
OG0019200	0.0	0.0	0.0	0.0
OG0019201	0.0	0.0	0.0	0.0
OG0019202	0.0	0.0	0.0	0.0
OG0019203	0.0	0.0	0.0	0.0
OG0019204	0.0	0.0	0.0	0.0
OG0019205	0.0	0.0	0.0	0.0
OG0019206	0.0	0.0	0.0	0.0
OG0019207	0.0	0.0	0.0	0.0
OG0019208	0.0	0.0	0.0	0.0
OG0019209	0.0	0.0	0.0	0.0
OG0019210	0.0	0.0	0.0	0.0
OG0019211	0.0	0.0	0.0	0.0
OG0019212	0.0	0.0	0.0	0.0
OG0019213	0.0	0.0	0.0	0.0
OG0019214	0.0	0.0	0.0	0.0
OG0019215	0.0	0.0	0.0	0.0
OG0019216	0.0	0.0	0.0	0.0
OG0019217	0.0	0.0	0.0	0.0
OG0019218	0.0	0.0	0.0	0.0
OG0019219	0.0	0.0	0.0	0.0
OG0019220	0.0	0.0	0.0	0.0
OG0019221	0.0	0.0	0.0	0.0
OG0019222	0.0	0.0	0.0	0.0
OG0019223	0.0	0.0	0.0	0.0
OG0019224	0.0	0.0	0.0	0.0
OG0019225	0.0	0.0	0.0	0.0
OG0019226	0.0	0.0	0.0	0.0
OG0019227	0.0	0.0	0.0	0.0
OG0019228	0.0	0.0	0.0	0.0
OG0019229	0.0	0.0	0.0	0.0
OG0019230	0.0	0.0	0.0	0.0
OG0019231	0.0	0.0	0.0	0.0
OG0019232	0.0	0.0	0.0	0.0
OG0019233	0.0	0.0	0.0	0.0
OG0019234	0.0	0.0	0.0	0.0
OG0019235	0.0	0.0	0.0	0.0
OG0019236	0.0	0.0	0.0	0.0
OG0019237	0.0	0.0	0.0	0.0
OG0019238	0.0	0.0	0.0	0.0
OG0019239	0.0	0.0	0.0	0.0
OG0019240	0.0	0.0	0.0	0.0
OG0019241	0.0	0.0	0.0	0.0
OG0019242	0.0	0.0	0.0	0.0
OG0019243	0.0	0.0	0.0	0.0
OG0019244	0.0	0.0	0.0	0.0
OG0019245	0.0	0.0	0.0	0.0
OG0019246	0.0	0.0	0.0	0.0
OG0019247	0.0	0.0	0.0	0.0
OG0019248	0.0	0.0	0.0	0.0
OG0019249	0.0	0.0	0.0	0.0
OG0019250	0.0	0.0	0.0	0.0
OG0019251	0.0	0.0	0.0	0.0
OG0019252	0.0	0.0	0.0	0.0
OG0019253	0.0	0.0	0.0	0.0
OG0019254	0.0	0.0	0.0	0.0
OG0019255	0.0	0.0	0.0	0.0
OG0019256	0.0	0.0	0.0	0.0
OG0019257	0.0	0.0	0.0	0.0
OG0019258	0.0	0.0	0.0	0.0
OG0019259	0.0	0.0	0.0	0.0
OG0019260	0.0	0.0	0.0	0.0
OG0019261	0.0	0.0	0.0	0.0
OG0019262	0.0	0.0	0.0	0.0
OG0019263	0.0	0.0	0.0	0.0
OG0019264	0.0	0.0	0.0	0.0
OG0019265	0.0	0.0	0.0	0.0
OG0019266	0.0	0.0	0.0	0.0
OG0019267	0.0	0.0	0.0	0.0
OG0019268	0.0	0.0	0.0	0.0
OG0019269	0.0	0.0	0.0	0.0
OG0019270	0.0	0.0	0.0	0.0
OG0019271	0.0	0.0	0.0	0.0
OG0019272	0.0	0.0	0.0	0.0
OG0019273	0.0	0.0	0.0	0.0
OG0019274	0.0	0.0	0.0	0.0
OG0019275	0.0	0.0	0.0	0.0
OG0019276	0.0	0.0	0.0	0.0
OG0019277	0.0	0.0	0.0	0.0
OG0019278	0.0	0.0	0.0	0.0
OG0019279	0.0	0.0	0.0	0.0
OG0019280	0.0	0.0	0.0	0.0
OG0019281	0.0	0.0	0.0	0.0
OG0019282	0.0	0.0	0.0	0.0
OG0019283	0.0	0.0	0.0	0.0
OG0019284	0.0	0.0	0.0	0.0
OG0019285	0.0	0.0	0.0	0.0
OG0019286	0.0	0.0	0.0	0.0
OG0019287	0.0	0.0	0.0	0.0
OG0019288	0.0	0.0	0.0	0.0
OG0019289	0.0	0.0	0.0	0.0
OG0019290	0.0	0.0	0.0	0.0
OG0019291	0.0	0.0	0.0	0.0
OG0019292	0.0	0.0	0.0	0.0
OG0019293	0.0	0.0	0.0	0.0
OG0019294	0.0	0.0	0.0	0.0
OG0019295	0.0	0.0	0.0	0.0
OG0019296	0.0	0.0	0.0	0.0
OG0019297	0.0	0.0	0.0	0.0
OG0019298	0.0	0.0	0.0	0.0
OG0019299	0.0	0.0	0.0	0.0
OG0019300	0.0	0.0	0.0	0.0
OG0019301	0.0	0.0	0.0	0.0
OG0019302	0.0	0.0	0.0	0.0
OG0019303	0.0	0.0	0.0	0.0
OG0019304	0.0	0.0	0.0	0.0
OG0019305	0.0	0.0	0.0	0.0
OG0019306	0.0	0.0	0.0	0.0
OG0019307	0.0	0.0	0.0	0.0
OG0019308	0.0	0.0	0.0	0.0
OG0019309	0.0	0.0	0.0	0.0
OG0019310	0.0	0.0	0.0	0.0
OG0019311	0.0	0.0	0.0	0.0
OG0019312	0.0	0.0	0.0	0.0
OG0019313	0.0	0.0	0.0	0.0
OG0019314	0.0	0.0	0.0	0.0
OG0019315	0.0	0.0	0.0	0.0
OG0019316	0.0	0.0	0.0	0.0
OG0019317	0.0	0.0	0.0	0.0
OG0019318	0.0	0.0	0.0	0.0
OG0019319	0.0	0.0	0.0	0.0
OG0019320	0.0	0.0	0.0	0.0
OG0019321	0.0	0.0	0.0	0.0
OG0019322	0.0	0.0	0.0	0.0
OG0019323	0.0	0.0	0.0	0.0
OG0019324	0.0	0.0	0.0	0.0
OG0019325	0.0	0.0	0.0	0.0
OG0019326	0.0	0.0	0.0	0.0
OG0019327	0.0	0.0	0.0	0.0
OG0019328	0.0	0.0	0.0	0.0
OG0019329	0.0	0.0	0.0	0.0
OG0019330	0.0	0.0	0.0	0.0
OG0019331	0.0	0.0	0.0	0.0
OG0019332	0.0	0.0	0.0	0.0
OG0019333	0.0	0.0	0.0	0.0
OG0019334	0.0	0.0	0.0	0.0
OG0019335	0.0	0.0	0.0	0.0
OG0019336	0.0	0.0	0.0	0.0
OG0019337	0.0	0.0	0.0	0.0
OG0019338	0.0	0.0	0.0	0.0
OG0019339	0.0	0.0	0.0	0.0
OG0019340	0.0	0.0	0.0	0.0
OG0019341	0.0	0.0	0.0	0.0
OG0019342	0.0	0.0	0.0	0.0
OG0019343	0.0	0.0	0.0	0.0
OG0019344	0.0	0.0	0.0	0.0
OG0019345	0.0	0.0	0.0	0.0
OG0019346	0.0	0.0	0.0	0.0
OG0019347	0.0	0.0	0.0	0.0
OG0019348	0.0	0.0	0.0	0.0
OG0019349	0.0	0.0	0.0	0.0
OG0019350	0.0	0.0	0.0	0.0
OG0019351	0.0	0.0	0.0	0.0
OG0019352	0.0	0.0	0.0	0.0
OG0019353	0.0	0.0	0.0	0.0
OG0019354	0.0	0.0	0.0	0.0
OG0019355	0.0	0.0	0.0	0.0
OG0019356	0.0	0.0	0.0	0.0
OG0019357	0.0	0.0	0.0	0.0
OG0019358	0.0	0.0	0.0	0.0
OG0019359	0.0	0.0	0.0	0.0
OG0019360	0.0	0.0	0.0	0.0
OG0019361	0.0	0.0	0.0	0.0
OG0019362	0.0	0.0	0.0	0.0
OG0019363	0.0	0.0	0.0	0.0
OG0019364	0.0	0.0	0.0	0.0
OG0019365	0.0	0.0	0.0	0.0
OG0019366	0.0	0.0	0.0	0.0
OG0019367	0.0	0.0	0.0	0.0
OG0019368	0.0	0.0	0.0	0.0
OG0019369	0.0	0.0	0.0	0.0
OG0019370	0.0	0.0	0.0	0.0
OG0019371	0.0	0.0	0.0	0.0
OG0019372	0.0	0.0	0.0	0.0
OG0019373	0.0	0.0	0.0	0.0
OG0019374	0.0	0.0	0.0	0.0
OG0019375	0.0	0.0	0.0	0.0
OG0019376	0.0	0.0	0.0	0.0
OG0019377	0.0	0.0	0.0	0.0
OG0019378	0.0	0.0	0.0	0.0
OG0019379	0.0	0.0	0.0	0.0
OG0019380	0.0	0.0	0.0	0.0
OG0019381	0.0	0.0	0.0	0.0
OG0019382	0.0	0.0	0.0	0.0
OG0019383	0.0	0.0	0.0	0.0
OG0019384	0.0	0.0	0.0	0.0
OG0019385	0.0	0.0	0.0	0.0
OG0019386	0.0	0.0	0.0	0.0
OG0019387	0.0	0.0	0.0	0.0
OG0019390	0.0	0.0	0.0	0.0
OG0019391	0.0	0.0	0.0	0.0
OG0019392	0.0	0.0	0.0	0.0
OG0019393	0.0	0.0	0.0	0.0
OG0019394	0.0	0.0	0.0	0.0
OG0019395	0.0	0.0	0.0	0.0
OG0019396	0.0	0.0	0.0	0.0
OG0019397	0.0	0.0	0.0	0.0
OG0019398	0.0	0.0	0.0	0.0
OG0019399	0.0	0.0	0.0	0.0
OG0019400	0.0	0.0	0.0	0.0
OG0019401	0.0	0.0	0.0	0.0
OG0019402	0.0	0.0	0.0	0.0
OG0019403	0.0	0.0	0.0	0.0
OG0019404	0.0	0.0	0.0	0.0
OG0019405	0.0	0.0	0.0	0.0
OG0019406	0.0	0.0	0.0	0.0
OG0019407	0.0	0.0	0.0	0.0
OG0019408	0.0	0.0	0.0	0.0
OG0019409	0.0	0.0	0.0	0.0
OG0019410	0.0	0.0	0.0	0.0
OG0019411	0.0	0.0	0.0	0.0
OG0019412	0.0	0.0	0.0	0.0
OG0019413	0.0	0.0	0.0	0.0
OG0019414	0.0	0.0	0.0	0.0
OG0019415	0.0	0.0	0.0	0.0
OG0019416	0.0	0.0	0.0	0.0
OG0019417	0.0	0.0	0.0	0.0
OG0019418	0.0	0.0	0.0	0.0
OG0019419	0.0	0.0	0.0	0.0
OG0019420	0.0	0.0	0.0	0.0
OG0019421	0.0	0.0	0.0	0.0
OG0019422	0.0	0.0	0.0	0.0
OG0019423	0.0	0.0	0.0	0.0
OG0019424	0.0	0.0	0.0	0.0
OG0019425	0.0	0.0	0.0	0.0
OG0019426	0.0	0.0	0.0	0.0
OG0019427	0.0	0.0	0.0	0.0
OG0019428	0.0	0.0	0.0	0.0
OG0019429	0.0	0.0	0.0	0.0
OG0019430	0.0	0.0	0.0	0.0
OG0019431	0.0	0.0	0.0	0.0
OG0019432	0.0	0.0	0.0	0.0
OG0019433	0.0	0.0	0.0	0.0
OG0019434	0.0	0.0	0.0	0.0
OG0019435	0.0	0.0	0.0	0.0
OG0019436	0.0	0.0	0.0	0.0
OG0019437	0.0	0.0	0.0	0.0
OG0019438	0.0	0.0	0.0	0.0
OG0019439	0.0	0.0	0.0	0.0
OG0019440	0.0	0.0	0.0	0.0
OG0019441	0.0	0.0	0.0	0.0
OG0019442	0.0	0.0	0.0	0.0
OG0019443	0.0	0.0	0.0	0.0
OG0019444	0.0	0.0	0.0	0.0
OG0019445	0.0	0.0	0.0	0.0
OG0019446	0.0	0.0	0.0	0.0
OG0019447	0.0	0.0	0.0	0.0
OG0019448	0.0	0.0	0.0	0.0
OG0019449	0.0	0.0	0.0	0.0
OG0019450	0.0	0.0	0.0	0.0
OG0019451	0.0	0.0	0.0	0.0
OG0019452	0.0	0.0	0.0	0.0
OG0019453	0.0	0.0	0.0	0.0
OG0019454	0.0	0.0	0.0	0.0
OG0019455	0.0	0.0	0.0	0.0
OG0019456	0.0	0.0	0.0	0.0
OG0019457	0.0	0.0	0.0	0.0
OG0019458	0.0	0.0	0.0	0.0
OG0019459	0.0	0.0	0.0	0.0
OG0019460	0.0	0.0	0.0	0.0
OG0019461	0.0	0.0	0.0	0.0
OG0019462	0.0	0.0	0.0	0.0
OG0019463	0.0	0.0	0.0	0.0
OG0019464	0.0	0.0	0.0	0.0
OG0019465	0.0	0.0	0.0	0.0
OG0019466	0.0	0.0	0.0	0.0
OG0019467	0.0	0.0	0.0	0.0
OG0019468	0.0	0.0	0.0	0.0
OG0019469	0.0	0.0	0.0	0.0
OG0019470	0.0	0.0	0.0	0.0
OG0019471	0.0	0.0	0.0	0.0
OG0019472	0.0	0.0	0.0	0.0
OG0019473	0.0	0.0	0.0	0.0
OG0019474	0.0	0.0	0.0	0.0
OG0019475	0.0	0.0	0.0	0.0
OG0019476	0.0	0.0	0.0	0.0
OG0019477	0.0	0.0	0.0	0.0
OG0019478	0.0	0.0	0.0	0.0
OG0019480	0.0	0.0	0.0	0.0
OG0019482	0.0	0.0	0.0	0.0
OG0019483	0.0	0.0	0.0	0.0
OG0019484	0.0	0.0	0.0	0.0
OG0019485	0.0	0.0	0.0	0.0
OG0019486	0.0	0.0	0.0	0.0
OG0019487	0.0	0.0	0.0	0.0
OG0019488	0.0	0.0	0.0	0.0
OG0019489	0.0	0.0	0.0	0.0
OG0019490	0.0	0.0	0.0	0.0
OG0019494	0.0	0.0	0.0	0.0
OG0019495	0.0	0.0	0.0	0.0
OG0019496	0.0	0.0	0.0	0.0
OG0019497	0.0	0.0	0.0	0.0
OG0019498	0.0	0.0	0.0	0.0
OG0019499	0.0	0.0	0.0	0.0
OG0019500	0.0	0.0	0.0	0.0
OG0019501	0.0	0.0	0.0	0.0
OG0019502	0.0	0.0	0.0	0.0
OG0019503	0.0	0.0	0.0	0.0
OG0019504	0.0	0.0	0.0	0.0
OG0019505	0.0	0.0	0.0	0.0
OG0019506	0.0	0.0	0.0	0.0
OG0019507	0.0	0.0	0.0	0.0
OG0019508	0.0	0.0	0.0	0.0
OG0019509	0.0	0.0	0.0	0.0
OG0019510	0.0	0.0	0.0	0.0
OG0019511	0.0	0.0	0.0	0.0
OG0019512	0.0	0.0	0.0	0.0
OG0019513	0.0	0.0	0.0	0.0
OG0019514	0.0	0.0	0.0	0.0
OG0019519	0.0	0.0	0.0	0.0
OG0019520	0.0	0.0	0.0	0.0
OG0019521	0.0	0.0	0.0	0.0
OG0019523	0.0	0.0	0.0	0.0
OG0019524	0.0	0.0	0.0	0.0
OG0019526	0.0	0.0	0.0	0.0
OG0019527	0.0	0.0	0.0	0.0
OG0019528	0.0	0.0	0.0	0.0
OG0019529	0.0	0.0	0.0	0.0
OG0019530	0.0	0.0	0.0	0.0
OG0019531	0.0	0.0	0.0	0.0
OG0019532	0.0	0.0	0.0	0.0
OG0019607	0.0	0.0	0.0	0.0
OG0019622	0.0	0.0	0.0	0.0
OG0019663	0.0	0.0	0.0	0.0
OG0019669	0.0	0.0	0.0	0.0
OG0019685	0.0	0.0	0.0	0.0
OG0019728	0.0	0.0	0.0	0.0
OG0019729	0.0	0.0	0.0	0.0
OG0019730	0.0	0.0	0.0	0.0
OG0019731	0.0	0.0	0.0	0.0
OG0019732	0.0	0.0	0.0	0.0
OG0019734	0.0	0.0	0.0	0.0
OG0019735	0.0	0.0	0.0	0.0
OG0019736	0.0	0.0	0.0	0.0
OG0019737	0.0	0.0	0.0	0.0
OG0019738	0.0	0.0	0.0	0.0
OG0019739	0.0	0.0	0.0	0.0
OG0019740	0.0	0.0	0.0	0.0
OG0019741	0.0	0.0	0.0	0.0
OG0019742	0.0	0.0	0.0	0.0
OG0019743	0.0	0.0	0.0	0.0
OG0019744	0.0	0.0	0.0	0.0
OG0019745	0.0	0.0	0.0	0.0
OG0019746	0.0	0.0	0.0	0.0
OG0019747	0.0	0.0	0.0	0.0
OG0019748	0.0	0.0	0.0	0.0
OG0019749	0.0	0.0	0.0	0.0
OG0019750	0.0	0.0	0.0	0.0
OG0019751	0.0	0.0	0.0	0.0
OG0019752	0.0	0.0	0.0	0.0
OG0019753	0.0	0.0	0.0	0.0
OG0019754	0.0	0.0	0.0	0.0
OG0019755	0.0	0.0	0.0	0.0
OG0019757	0.0	0.0	0.0	0.0
OG0019758	0.0	0.0	0.0	0.0
OG0019759	0.0	0.0	0.0	0.0
OG0019760	0.0	0.0	0.0	0.0
OG0019761	0.0	0.0	0.0	0.0
OG0019762	0.0	0.0	0.0	0.0
OG0019764	0.0	0.0	0.0	0.0
OG0019769	0.0	0.0	0.0	0.0
OG0019770	0.0	0.0	0.0	0.0
OG0019771	0.0	0.0	0.0	0.0
OG0019772	0.0	0.0	0.0	0.0
OG0019773	0.0	0.0	0.0	0.0
OG0019775	0.0	0.0	0.0	0.0
OG0019776	0.0	0.0	0.0	0.0
OG0019777	0.0	0.0	0.0	0.0
OG0019778	0.0	0.0	0.0	0.0
OG0019779	0.0	0.0	0.0	0.0
OG0019780	0.0	0.0	0.0	0.0
OG0019781	0.0	0.0	0.0	0.0
OG0019782	0.0	0.0	0.0	0.0
OG0019783	0.0	0.0	0.0	0.0
OG0019784	0.0	0.0	0.0	0.0
OG0019785	0.0	0.0	0.0	0.0
OG0019786	0.0	0.0	0.0	0.0
OG0019787	0.0	0.0	0.0	0.0
OG0019788	0.0	0.0	0.0	0.0
OG0019789	0.0	0.0	0.0	0.0
OG0019790	0.0	0.0	0.0	0.0
OG0019791	0.0	0.0	0.0	0.0
OG0019792	0.0	0.0	0.0	0.0
OG0019793	0.0	0.0	0.0	0.0
OG0019794	0.0	0.0	0.0	0.0
OG0019796	0.0	0.0	0.0	0.0
OG0019797	0.0	0.0	0.0	0.0
OG0019799	0.0	0.0	0.0	0.0
OG0019800	0.0	0.0	0.0	0.0
OG0019801	0.0	0.0	0.0	0.0
OG0019802	0.0	0.0	0.0	0.0
OG0019803	0.0	0.0	0.0	0.0
OG0019804	0.0	0.0	0.0	0.0
OG0019805	0.0	0.0	0.0	0.0
OG0019806	0.0	0.0	0.0	0.0
OG0019807	0.0	0.0	0.0	0.0
OG0019808	0.0	0.0	0.0	0.0
OG0019809	0.0	0.0	0.0	0.0
OG0019811	0.0	0.0	0.0	0.0
OG0019812	0.0	0.0	0.0	0.0
OG0019813	0.0	0.0	0.0	0.0
OG0019814	0.0	0.0	0.0	0.0
OG0019815	0.0	0.0	0.0	0.0
OG0019816	0.0	0.0	0.0	0.0
OG0019817	0.0	0.0	0.0	0.0
OG0019818	0.0	0.0	0.0	0.0
OG0019819	0.0	0.0	0.0	0.0
OG0019820	0.0	0.0	0.0	0.0
OG0019821	0.0	0.0	0.0	0.0
OG0019825	0.0	0.0	0.0	0.0
OG0019826	0.0	0.0	0.0	0.0
OG0019827	0.0	0.0	0.0	0.0
OG0019828	0.0	0.0	0.0	0.0
OG0019829	0.0	0.0	0.0	0.0
OG0019830	0.0	0.0	0.0	0.0
OG0019831	0.0	0.0	0.0	0.0
OG0019833	0.0	0.0	0.0	0.0
OG0019834	0.0	0.0	0.0	0.0
OG0019835	0.0	0.0	0.0	0.0
OG0019836	0.0	0.0	0.0	0.0
OG0019837	0.0	0.0	0.0	0.0
OG0019838	0.0	0.0	0.0	0.0
OG0019839	0.0	0.0	0.0	0.0
OG0019840	0.0	0.0	0.0	0.0
OG0019842	0.0	0.0	0.0	0.0
OG0019843	0.0	0.0	0.0	0.0
OG0019844	0.0	0.0	0.0	0.0
OG0019845	0.0	0.0	0.0	0.0
OG0019846	0.0	0.0	0.0	0.0
OG0019847	0.0	0.0	0.0	0.0
OG0019848	0.0	0.0	0.0	0.0
OG0019849	0.0	0.0	0.0	0.0
OG0019850	0.0	0.0	0.0	0.0
OG0019851	0.0	0.0	0.0	0.0
OG0019852	0.0	0.0	0.0	0.0
OG0019853	0.0	0.0	0.0	0.0
OG0019854	0.0	0.0	0.0	0.0
OG0019855	0.0	0.0	0.0	0.0
OG0019857	0.0	0.0	0.0	0.0
OG0019858	0.0	0.0	0.0	0.0
OG0019860	0.0	0.0	0.0	0.0
OG0019861	0.0	0.0	0.0	0.0
OG0019862	0.0	0.0	0.0	0.0
OG0019864	0.0	0.0	0.0	0.0
OG0019865	0.0	0.0	0.0	0.0
OG0019866	0.0	0.0	0.0	0.0
OG0019867	0.0	0.0	0.0	0.0
OG0019868	0.0	0.0	0.0	0.0
OG0019869	0.0	0.0	0.0	0.0
OG0019872	0.0	0.0	0.0	0.0
OG0019873	0.0	0.0	0.0	0.0
OG0019874	0.0	0.0	0.0	0.0
OG0019875	0.0	0.0	0.0	0.0
OG0019876	0.0	0.0	0.0	0.0
OG0019877	0.0	0.0	0.0	0.0
OG0019878	0.0	0.0	0.0	0.0
OG0019880	0.0	0.0	0.0	0.0
OG0019881	0.0	0.0	0.0	0.0
OG0019882	0.0	0.0	0.0	0.0
OG0019883	0.0	0.0	0.0	0.0
OG0019885	0.0	0.0	0.0	0.0
OG0019886	0.0	0.0	0.0	0.0
OG0019887	0.0	0.0	0.0	0.0
OG0019889	0.0	0.0	0.0	0.0
OG0019890	0.0	0.0	0.0	0.0
OG0019892	0.0	0.0	0.0	0.0
OG0019893	0.0	0.0	0.0	0.0
OG0019894	0.0	0.0	0.0	0.0
OG0019895	0.0	0.0	0.0	0.0
OG0019896	0.0	0.0	0.0	0.0
OG0019897	0.0	0.0	0.0	0.0
OG0019898	0.0	0.0	0.0	0.0
OG0019899	0.0	0.0	0.0	0.0
OG0019900	0.0	0.0	0.0	0.0
OG0019901	0.0	0.0	0.0	0.0
OG0019902	0.0	0.0	0.0	0.0
OG0019903	0.0	0.0	0.0	0.0
OG0019904	0.0	0.0	0.0	0.0
OG0019905	0.0	0.0	0.0	0.0
OG0019907	0.0	0.0	0.0	0.0
OG0019908	0.0	0.0	0.0	0.0
OG0019909	0.0	0.0	0.0	0.0
OG0019910	0.0	0.0	0.0	0.0
OG0019912	0.0	0.0	0.0	0.0
OG0019913	0.0	0.0	0.0	0.0
OG0019914	0.0	0.0	0.0	0.0
OG0019915	0.0	0.0	0.0	0.0
OG0019916	0.0	0.0	0.0	0.0
OG0019917	0.0	0.0	0.0	0.0
OG0019918	0.0	0.0	0.0	0.0
OG0019919	0.0	0.0	0.0	0.0
OG0019920	0.0	0.0	0.0	0.0
OG0019921	0.0	0.0	0.0	0.0
OG0019922	0.0	0.0	0.0	0.0
OG0019924	0.0	0.0	0.0	0.0
OG0019925	0.0	0.0	0.0	0.0
OG0019926	0.0	0.0	0.0	0.0
OG0019927	0.0	0.0	0.0	0.0
OG0019929	0.0	0.0	0.0	0.0
OG0019930	0.0	0.0	0.0	0.0
OG0019931	0.0	0.0	0.0	0.0
OG0019932	0.0	0.0	0.0	0.0
OG0019933	0.0	0.0	0.0	0.0
OG0019934	0.0	0.0	0.0	0.0
OG0019935	0.0	0.0	0.0	0.0
OG0019936	0.0	0.0	0.0	0.0
OG0019938	0.0	0.0	0.0	0.0
OG0019939	0.0	0.0	0.0	0.0
OG0019940	0.0	0.0	0.0	0.0
OG0019942	0.0	0.0	0.0	0.0
OG0019945	0.0	0.0	0.0	0.0
OG0019946	0.0	0.0	0.0	0.0
OG0019947	0.0	0.0	0.0	0.0
OG0019950	0.0	0.0	0.0	0.0
OG0019951	0.0	0.0	0.0	0.0
OG0019952	0.0	0.0	0.0	0.0
OG0019953	0.0	0.0	0.0	0.0
OG0019954	0.0	0.0	0.0	0.0
OG0019956	0.0	0.0	0.0	0.0
OG0019957	0.0	0.0	0.0	0.0
OG0019961	0.0	0.0	0.0	0.0
OG0019962	0.0	0.0	0.0	0.0
OG0019963	0.0	0.0	0.0	0.0
OG0019964	0.0	0.0	0.0	0.0
OG0019965	0.0	0.0	0.0	0.0
OG0019966	0.0	0.0	0.0	0.0
OG0019967	0.0	0.0	0.0	0.0
OG0019968	0.0	0.0	0.0	0.0
OG0019970	0.0	0.0	0.0	0.0
OG0019972	0.0	0.0	0.0	0.0
OG0019973	0.0	0.0	0.0	0.0
OG0019975	0.0	0.0	0.0	0.0
OG0019976	0.0	0.0	0.0	0.0
OG0019977	0.0	0.0	0.0	0.0
OG0019978	0.0	0.0	0.0	0.0
OG0019979	0.0	0.0	0.0	0.0
OG0019980	0.0	0.0	0.0	0.0
OG0019982	0.0	0.0	0.0	0.0
OG0019983	0.0	0.0	0.0	0.0
OG0019984	0.0	0.0	0.0	0.0
OG0019985	0.0	0.0	0.0	0.0
OG0019986	0.0	0.0	0.0	0.0
OG0019987	0.0	0.0	0.0	0.0
OG0019988	0.0	0.0	0.0	0.0
OG0019989	0.0	0.0	0.0	0.0
OG0019990	0.0	0.0	0.0	0.0
OG0019991	0.0	0.0	0.0	0.0
OG0019992	0.0	0.0	0.0	0.0
OG0019993	0.0	0.0	0.0	0.0
OG0019994	0.0	0.0	0.0	0.0
OG0019995	0.0	0.0	0.0	0.0
OG0019996	0.0	0.0	0.0	0.0
OG0019997	0.0	0.0	0.0	0.0
OG0020000	0.0	0.0	0.0	0.0
OG0020002	0.0	0.0	0.0	0.0
OG0020008	0.0	0.0	0.0	0.0
OG0020009	0.0	0.0	0.0	0.0
OG0020010	0.0	0.0	0.0	0.0
OG0020011	0.0	0.0	0.0	0.0
OG0020012	0.0	0.0	0.0	0.0
OG0020013	0.0	0.0	0.0	0.0
OG0020014	0.0	0.0	0.0	0.0
OG0020017	0.0	0.0	0.0	0.0
OG0020018	0.0	0.0	0.0	0.0
OG0020020	0.0	0.0	0.0	0.0
OG0020021	0.0	0.0	0.0	0.0
OG0020022	0.0	0.0	0.0	0.0
OG0020023	0.0	0.0	0.0	0.0
OG0020024	0.0	0.0	0.0	0.0
OG0020025	0.0	0.0	0.0	0.0
OG0020026	0.0	0.0	0.0	0.0
OG0020027	0.0	0.0	0.0	0.0
OG0020029	0.0	0.0	0.0	0.0
OG0020030	0.0	0.0	0.0	0.0
OG0020031	0.0	0.0	0.0	0.0
OG0020032	0.0	0.0	0.0	0.0
OG0020034	0.0	0.0	0.0	0.0
OG0020035	0.0	0.0	0.0	0.0
OG0020036	0.0	0.0	0.0	0.0
OG0020037	0.0	0.0	0.0	0.0
OG0020039	0.0	0.0	0.0	0.0
OG0020040	0.0	0.0	0.0	0.0
OG0020041	0.0	0.0	0.0	0.0
OG0020042	0.0	0.0	0.0	0.0
OG0020043	0.0	0.0	0.0	0.0
OG0020045	0.0	0.0	0.0	0.0
OG0020046	0.0	0.0	0.0	0.0
OG0020047	0.0	0.0	0.0	0.0
OG0020048	0.0	0.0	0.0	0.0
OG0020049	0.0	0.0	0.0	0.0
OG0020051	0.0	0.0	0.0	0.0
OG0020052	0.0	0.0	0.0	0.0
OG0020053	0.0	0.0	0.0	0.0
OG0020054	0.0	0.0	0.0	0.0
OG0020055	0.0	0.0	0.0	0.0
OG0020057	0.0	0.0	0.0	0.0
OG0020059	0.0	0.0	0.0	0.0
OG0020060	0.0	0.0	0.0	0.0
OG0020061	0.0	0.0	0.0	0.0
OG0020064	0.0	0.0	0.0	0.0
OG0020066	0.0	0.0	0.0	0.0
OG0020069	0.0	0.0	0.0	0.0
OG0020070	0.0	0.0	0.0	0.0
OG0020072	0.0	0.0	0.0	0.0
OG0020073	0.0	0.0	0.0	0.0
OG0020074	0.0	0.0	0.0	0.0
OG0020075	0.0	0.0	0.0	0.0
OG0020078	0.0	0.0	0.0	0.0
OG0020079	0.0	0.0	0.0	0.0
OG0020080	0.0	0.0	0.0	0.0
OG0020081	0.0	0.0	0.0	0.0
OG0020082	0.0	0.0	0.0	0.0
OG0020085	0.0	0.0	0.0	0.0
OG0020086	0.0	0.0	0.0	0.0
OG0020087	0.0	0.0	0.0	0.0
OG0020088	0.0	0.0	0.0	0.0
OG0020089	0.0	0.0	0.0	0.0
OG0020090	0.0	0.0	0.0	0.0
OG0020092	0.0	0.0	0.0	0.0
OG0020093	0.0	0.0	0.0	0.0
OG0020095	0.0	0.0	0.0	0.0
OG0020096	0.0	0.0	0.0	0.0
OG0020097	0.0	0.0	0.0	0.0
OG0020098	0.0	0.0	0.0	0.0
OG0020099	0.0	0.0	0.0	0.0
OG0020100	0.0	0.0	0.0	0.0
OG0020101	0.0	0.0	0.0	0.0
OG0020102	0.0	0.0	0.0	0.0
OG0020103	0.0	0.0	0.0	0.0
OG0020104	0.0	0.0	0.0	0.0
OG0020105	0.0	0.0	0.0	0.0
OG0020106	0.0	0.0	0.0	0.0
OG0020107	0.0	0.0	0.0	0.0
OG0020108	0.0	0.0	0.0	0.0
OG0020109	0.0	0.0	0.0	0.0
OG0020110	0.0	0.0	0.0	0.0
OG0020112	0.0	0.0	0.0	0.0
OG0020113	0.0	0.0	0.0	0.0
OG0020114	0.0	0.0	0.0	0.0
OG0020115	0.0	0.0	0.0	0.0
OG0020116	0.0	0.0	0.0	0.0
OG0020117	0.0	0.0	0.0	0.0
OG0020118	0.0	0.0	0.0	0.0
OG0020119	0.0	0.0	0.0	0.0
OG0020120	0.0	0.0	0.0	0.0
OG0020121	0.0	0.0	0.0	0.0
OG0020122	0.0	0.0	0.0	0.0
OG0020124	0.0	0.0	0.0	0.0
OG0020126	0.0	0.0	0.0	0.0
OG0020127	0.0	0.0	0.0	0.0
OG0020132	0.0	0.0	0.0	0.0
OG0020133	0.0	0.0	0.0	0.0
OG0020134	0.0	0.0	0.0	0.0
OG0020135	0.0	0.0	0.0	0.0
OG0020136	0.0	0.0	0.0	0.0
OG0020138	0.0	0.0	0.0	0.0
OG0020139	0.0	0.0	0.0	0.0
OG0020140	0.0	0.0	0.0	0.0
OG0020141	0.0	0.0	0.0	0.0
OG0020142	0.0	0.0	0.0	0.0
OG0020144	0.0	0.0	0.0	0.0
OG0020145	0.0	0.0	0.0	0.0
OG0020147	0.0	0.0	0.0	0.0
OG0020148	0.0	0.0	0.0	0.0
OG0020149	0.0	0.0	0.0	0.0
OG0020150	0.0	0.0	0.0	0.0
OG0020152	0.0	0.0	0.0	0.0
OG0020153	0.0	0.0	0.0	0.0
OG0020155	0.0	0.0	0.0	0.0
OG0020156	0.0	0.0	0.0	0.0
OG0020157	0.0	0.0	0.0	0.0
OG0020158	0.0	0.0	0.0	0.0
OG0020159	0.0	0.0	0.0	0.0
OG0020160	0.0	0.0	0.0	0.0
OG0020161	0.0	0.0	0.0	0.0
OG0020162	0.0	0.0	0.0	0.0
OG0020163	0.0	0.0	0.0	0.0
OG0020164	0.0	0.0	0.0	0.0
OG0020165	0.0	0.0	0.0	0.0
OG0020167	0.0	0.0	0.0	0.0
OG0020169	0.0	0.0	0.0	0.0
OG0020171	0.0	0.0	0.0	0.0
OG0020172	0.0	0.0	0.0	0.0
OG0020173	0.0	0.0	0.0	0.0
OG0020175	0.0	0.0	0.0	0.0
OG0020177	0.0	0.0	0.0	0.0
OG0020178	0.0	0.0	0.0	0.0
OG0020179	0.0	0.0	0.0	0.0
OG0020180	0.0	0.0	0.0	0.0
OG0020182	0.0	0.0	0.0	0.0
OG0020183	0.0	0.0	0.0	0.0
OG0020184	0.0	0.0	0.0	0.0
OG0020186	0.0	0.0	0.0	0.0
OG0020187	0.0	0.0	0.0	0.0
OG0020188	0.0	0.0	0.0	0.0
OG0020190	0.0	0.0	0.0	0.0
OG0020191	0.0	0.0	0.0	0.0
OG0020192	0.0	0.0	0.0	0.0
OG0020193	0.0	0.0	0.0	0.0
OG0020195	0.0	0.0	0.0	0.0
OG0020196	0.0	0.0	0.0	0.0
OG0020197	0.0	0.0	0.0	0.0
OG0020198	0.0	0.0	0.0	0.0
OG0020199	0.0	0.0	0.0	0.0
OG0020200	0.0	0.0	0.0	0.0
OG0020202	0.0	0.0	0.0	0.0
OG0020203	0.0	0.0	0.0	0.0
OG0020204	0.0	0.0	0.0	0.0
OG0020206	0.0	0.0	0.0	0.0
OG0020207	0.0	0.0	0.0	0.0
OG0020210	0.0	0.0	0.0	0.0
OG0020212	0.0	0.0	0.0	0.0
OG0020214	0.0	0.0	0.0	0.0
OG0020217	0.0	0.0	0.0	0.0
OG0020219	0.0	0.0	0.0	0.0
OG0020220	0.0	0.0	0.0	0.0
OG0020223	0.0	0.0	0.0	0.0
OG0020224	0.0	0.0	0.0	0.0
OG0020226	0.0	0.0	0.0	0.0
OG0020228	0.0	0.0	0.0	0.0
OG0020229	0.0	0.0	0.0	0.0
OG0020230	0.0	0.0	0.0	0.0
OG0020233	0.0	0.0	0.0	0.0
OG0020234	0.0	0.0	0.0	0.0
OG0020235	0.0	0.0	0.0	0.0
OG0020237	0.0	0.0	0.0	0.0
OG0020238	0.0	0.0	0.0	0.0
OG0020240	0.0	0.0	0.0	0.0
OG0020241	0.0	0.0	0.0	0.0
OG0020242	0.0	0.0	0.0	0.0
OG0020243	0.0	0.0	0.0	0.0
OG0020244	0.0	0.0	0.0	0.0
OG0020245	0.0	0.0	0.0	0.0
OG0020246	0.0	0.0	0.0	0.0
OG0020247	0.0	0.0	0.0	0.0
OG0020248	0.0	0.0	0.0	0.0
OG0020249	0.0	0.0	0.0	0.0
OG0020250	0.0	0.0	0.0	0.0
OG0020251	0.0	0.0	0.0	0.0
OG0020252	0.0	0.0	0.0	0.0
OG0020256	0.0	0.0	0.0	0.0
OG0020257	0.0	0.0	0.0	0.0
OG0020258	0.0	0.0	0.0	0.0
OG0020259	0.0	0.0	0.0	0.0
OG0020262	0.0	0.0	0.0	0.0
OG0020263	0.0	0.0	0.0	0.0
OG0020265	0.0	0.0	0.0	0.0
OG0020267	0.0	0.0	0.0	0.0
OG0020268	0.0	0.0	0.0	0.0
OG0020269	0.0	0.0	0.0	0.0
OG0020270	0.0	0.0	0.0	0.0
OG0020271	0.0	0.0	0.0	0.0
OG0020272	0.0	0.0	0.0	0.0
OG0020274	0.0	0.0	0.0	0.0
OG0020275	0.0	0.0	0.0	0.0
OG0020277	0.0	0.0	0.0	0.0
OG0020278	0.0	0.0	0.0	0.0
OG0020280	0.0	0.0	0.0	0.0
OG0020281	0.0	0.0	0.0	0.0
OG0020283	0.0	0.0	0.0	0.0
OG0020284	0.0	0.0	0.0	0.0
OG0020285	0.0	0.0	0.0	0.0
OG0020286	0.0	0.0	0.0	0.0
OG0020287	0.0	0.0	0.0	0.0
OG0020288	0.0	0.0	0.0	0.0
OG0020289	0.0	0.0	0.0	0.0
OG0020290	0.0	0.0	0.0	0.0
OG0020291	0.0	0.0	0.0	0.0
OG0020292	0.0	0.0	0.0	0.0
OG0020293	0.0	0.0	0.0	0.0
OG0020295	0.0	0.0	0.0	0.0
OG0020298	0.0	0.0	0.0	0.0
OG0020299	0.0	0.0	0.0	0.0
OG0020301	0.0	0.0	0.0	0.0
OG0020302	0.0	0.0	0.0	0.0
OG0020303	0.0	0.0	0.0	0.0
OG0020304	0.0	0.0	0.0	0.0
OG0020305	0.0	0.0	0.0	0.0
OG0020307	0.0	0.0	0.0	0.0
OG0020308	0.0	0.0	0.0	0.0
OG0020309	0.0	0.0	0.0	0.0
OG0020310	0.0	0.0	0.0	0.0
OG0020311	0.0	0.0	0.0	0.0
OG0020313	0.0	0.0	0.0	0.0
OG0020315	0.0	0.0	0.0	0.0
OG0020316	0.0	0.0	0.0	0.0
OG0020317	0.0	0.0	0.0	0.0
OG0020318	0.0	0.0	0.0	0.0
OG0020319	0.0	0.0	0.0	0.0
OG0020320	0.0	0.0	0.0	0.0
OG0020321	0.0	0.0	0.0	0.0
OG0020325	0.0	0.0	0.0	0.0
OG0020327	0.0	0.0	0.0	0.0
OG0020328	0.0	0.0	0.0	0.0
OG0020329	0.0	0.0	0.0	0.0
OG0020330	0.0	0.0	0.0	0.0
OG0020331	0.0	0.0	0.0	0.0
OG0020332	0.0	0.0	0.0	0.0
OG0020333	0.0	0.0	0.0	0.0
OG0020334	0.0	0.0	0.0	0.0
OG0020335	0.0	0.0	0.0	0.0
OG0020336	0.0	0.0	0.0	0.0
OG0020337	0.0	0.0	0.0	0.0
OG0020339	0.0	0.0	0.0	0.0
OG0020340	0.0	0.0	0.0	0.0
OG0020342	0.0	0.0	0.0	0.0
OG0020343	0.0	0.0	0.0	0.0
OG0020344	0.0	0.0	0.0	0.0
OG0020345	0.0	0.0	0.0	0.0
OG0020346	0.0	0.0	0.0	0.0
OG0020347	0.0	0.0	0.0	0.0
OG0020348	0.0	0.0	0.0	0.0
OG0020349	0.0	0.0	0.0	0.0
OG0020350	0.0	0.0	0.0	0.0
OG0020351	0.0	0.0	0.0	0.0
OG0020355	0.0	0.0	0.0	0.0
OG0020356	0.0	0.0	0.0	0.0
OG0020357	0.0	0.0	0.0	0.0
OG0020358	0.0	0.0	0.0	0.0
OG0020359	0.0	0.0	0.0	0.0
OG0020360	0.0	0.0	0.0	0.0
OG0020361	0.0	0.0	0.0	0.0
OG0020362	0.0	0.0	0.0	0.0
OG0020363	0.0	0.0	0.0	0.0
OG0020364	0.0	0.0	0.0	0.0
OG0020365	0.0	0.0	0.0	0.0
OG0020366	0.0	0.0	0.0	0.0
OG0020369	0.0	0.0	0.0	0.0
OG0020370	0.0	0.0	0.0	0.0
OG0020371	0.0	0.0	0.0	0.0
OG0020372	0.0	0.0	0.0	0.0
OG0020373	0.0	0.0	0.0	0.0
OG0020374	0.0	0.0	0.0	0.0
OG0020375	0.0	0.0	0.0	0.0
OG0020376	0.0	0.0	0.0	0.0
OG0020377	0.0	0.0	0.0	0.0
OG0020379	0.0	0.0	0.0	0.0
OG0020380	0.0	0.0	0.0	0.0
OG0020381	0.0	0.0	0.0	0.0
OG0020384	0.0	0.0	0.0	0.0
OG0020385	0.0	0.0	0.0	0.0
OG0020387	0.0	0.0	0.0	0.0
OG0020388	0.0	0.0	0.0	0.0
OG0020389	0.0	0.0	0.0	0.0
OG0020390	0.0	0.0	0.0	0.0
OG0020392	0.0	0.0	0.0	0.0
OG0020393	0.0	0.0	0.0	0.0
OG0020395	0.0	0.0	0.0	0.0
OG0020396	0.0	0.0	0.0	0.0
OG0020397	0.0	0.0	0.0	0.0
OG0020398	0.0	0.0	0.0	0.0
OG0020399	0.0	0.0	0.0	0.0
OG0020401	0.0	0.0	0.0	0.0
OG0020402	0.0	0.0	0.0	0.0
OG0020403	0.0	0.0	0.0	0.0
OG0020404	0.0	0.0	0.0	0.0
OG0020405	0.0	0.0	0.0	0.0
OG0020406	0.0	0.0	0.0	0.0
OG0020407	0.0	0.0	0.0	0.0
OG0020408	0.0	0.0	0.0	0.0
OG0020409	0.0	0.0	0.0	0.0
OG0020410	0.0	0.0	0.0	0.0
OG0020411	0.0	0.0	0.0	0.0
OG0020412	0.0	0.0	0.0	0.0
OG0020413	0.0	0.0	0.0	0.0
OG0020414	0.0	0.0	0.0	0.0
OG0020415	0.0	0.0	0.0	0.0
OG0020416	0.0	0.0	0.0	0.0
OG0020417	0.0	0.0	0.0	0.0
OG0020418	0.0	0.0	0.0	0.0
OG0020419	0.0	0.0	0.0	0.0
OG0020420	0.0	0.0	0.0	0.0
OG0020421	0.0	0.0	0.0	0.0
OG0020422	0.0	0.0	0.0	0.0
OG0020423	0.0	0.0	0.0	0.0
OG0020424	0.0	0.0	0.0	0.0
OG0020425	0.0	0.0	0.0	0.0
OG0020426	0.0	0.0	0.0	0.0
OG0020427	0.0	0.0	0.0	0.0
OG0020428	0.0	0.0	0.0	0.0
OG0020429	0.0	0.0	0.0	0.0
OG0020431	0.0	0.0	0.0	0.0
OG0020432	0.0	0.0	0.0	0.0
OG0020434	0.0	0.0	0.0	0.0
OG0020435	0.0	0.0	0.0	0.0
OG0020437	0.0	0.0	0.0	0.0
OG0020438	0.0	0.0	0.0	0.0
OG0020439	0.0	0.0	0.0	0.0
OG0020440	0.0	0.0	0.0	0.0
OG0020441	0.0	0.0	0.0	0.0
OG0020442	0.0	0.0	0.0	0.0
OG0020443	0.0	0.0	0.0	0.0
OG0020444	0.0	0.0	0.0	0.0
OG0020446	0.0	0.0	0.0	0.0
OG0020448	0.0	0.0	0.0	0.0
OG0020449	0.0	0.0	0.0	0.0
OG0020450	0.0	0.0	0.0	0.0
OG0020452	0.0	0.0	0.0	0.0
OG0020454	0.0	0.0	0.0	0.0
OG0020455	0.0	0.0	0.0	0.0
OG0020456	0.0	0.0	0.0	0.0
OG0020457	0.0	0.0	0.0	0.0
OG0020458	0.0	0.0	0.0	0.0
OG0020459	0.0	0.0	0.0	0.0
OG0020460	0.0	0.0	0.0	0.0
OG0020461	0.0	0.0	0.0	0.0
OG0020462	0.0	0.0	0.0	0.0
OG0020463	0.0	0.0	0.0	0.0
OG0020464	0.0	0.0	0.0	0.0
OG0020465	0.0	0.0	0.0	0.0
OG0020467	0.0	0.0	0.0	0.0
OG0020468	0.0	0.0	0.0	0.0
OG0020469	0.0	0.0	0.0	0.0
OG0020470	0.0	0.0	0.0	0.0
OG0020471	0.0	0.0	0.0	0.0
OG0020472	0.0	0.0	0.0	0.0
OG0020473	0.0	0.0	0.0	0.0
OG0020474	0.0	0.0	0.0	0.0
OG0020476	0.0	0.0	0.0	0.0
OG0020477	0.0	0.0	0.0	0.0
OG0020478	0.0	0.0	0.0	0.0
OG0020479	0.0	0.0	0.0	0.0
OG0020480	0.0	0.0	0.0	0.0
OG0020481	0.0	0.0	0.0	0.0
OG0020482	0.0	0.0	0.0	0.0
OG0020483	0.0	0.0	0.0	0.0
OG0020484	0.0	0.0	0.0	0.0
OG0020485	0.0	0.0	0.0	0.0
OG0020486	0.0	0.0	0.0	0.0
OG0020487	0.0	0.0	0.0	0.0
OG0020488	0.0	0.0	0.0	0.0
OG0020489	0.0	0.0	0.0	0.0
OG0020490	0.0	0.0	0.0	0.0
OG0020491	0.0	0.0	0.0	0.0
OG0020492	0.0	0.0	0.0	0.0
OG0020493	0.0	0.0	0.0	0.0
OG0020494	0.0	0.0	0.0	0.0
OG0020495	0.0	0.0	0.0	0.0
OG0020496	0.0	0.0	0.0	0.0
OG0020497	0.0	0.0	0.0	0.0
OG0020498	0.0	0.0	0.0	0.0
OG0020499	0.0	0.0	0.0	0.0
OG0020500	0.0	0.0	0.0	0.0
OG0020502	0.0	0.0	0.0	0.0
OG0020503	0.0	0.0	0.0	0.0
OG0020504	0.0	0.0	0.0	0.0
OG0020505	0.0	0.0	0.0	0.0
OG0020506	0.0	0.0	0.0	0.0
OG0020508	0.0	0.0	0.0	0.0
OG0020509	0.0	0.0	0.0	0.0
OG0020510	0.0	0.0	0.0	0.0
OG0020511	0.0	0.0	0.0	0.0
OG0020513	0.0	0.0	0.0	0.0
OG0020515	0.0	0.0	0.0	0.0
OG0020516	0.0	0.0	0.0	0.0
OG0020517	0.0	0.0	0.0	0.0
OG0020518	0.0	0.0	0.0	0.0
OG0020519	0.0	0.0	0.0	0.0
OG0020520	0.0	0.0	0.0	0.0
OG0020521	0.0	0.0	0.0	0.0
OG0020522	0.0	0.0	0.0	0.0
OG0020523	0.0	0.0	0.0	0.0
OG0020525	0.0	0.0	0.0	0.0
OG0020526	0.0	0.0	0.0	0.0
OG0020527	0.0	0.0	0.0	0.0
OG0020528	0.0	0.0	0.0	0.0
OG0020529	0.0	0.0	0.0	0.0
OG0020530	0.0	0.0	0.0	0.0
OG0020531	0.0	0.0	0.0	0.0
OG0020533	0.0	0.0	0.0	0.0
OG0020534	0.0	0.0	0.0	0.0
OG0020535	0.0	0.0	0.0	0.0
OG0020536	0.0	0.0	0.0	0.0
OG0020537	0.0	0.0	0.0	0.0
OG0020538	0.0	0.0	0.0	0.0
OG0020539	0.0	0.0	0.0	0.0
OG0020540	0.0	0.0	0.0	0.0
OG0020541	0.0	0.0	0.0	0.0
OG0020542	0.0	0.0	0.0	0.0
OG0020543	0.0	0.0	0.0	0.0
OG0020544	0.0	0.0	0.0	0.0
OG0020545	0.0	0.0	0.0	0.0
OG0020546	0.0	0.0	0.0	0.0
OG0020547	0.0	0.0	0.0	0.0
OG0020549	0.0	0.0	0.0	0.0
OG0020550	0.0	0.0	0.0	0.0
OG0020551	0.0	0.0	0.0	0.0
OG0020553	0.0	0.0	0.0	0.0
OG0020555	0.0	0.0	0.0	0.0
OG0020556	0.0	0.0	0.0	0.0
OG0020557	0.0	0.0	0.0	0.0
OG0020558	0.0	0.0	0.0	0.0
OG0020559	0.0	0.0	0.0	0.0
OG0020560	0.0	0.0	0.0	0.0
OG0020562	0.0	0.0	0.0	0.0
OG0020563	0.0	0.0	0.0	0.0
OG0020564	0.0	0.0	0.0	0.0
OG0020565	0.0	0.0	0.0	0.0
OG0020566	0.0	0.0	0.0	0.0
OG0020567	0.0	0.0	0.0	0.0
OG0020568	0.0	0.0	0.0	0.0
OG0020569	0.0	0.0	0.0	0.0
OG0020571	0.0	0.0	0.0	0.0
OG0020578	0.0	0.0	0.0	0.0
OG0020580	0.0	0.0	0.0	0.0
OG0020581	0.0	0.0	0.0	0.0
OG0020584	0.0	0.0	0.0	0.0
OG0020585	0.0	0.0	0.0	0.0
OG0020588	0.0	0.0	0.0	0.0
OG0020589	0.0	0.0	0.0	0.0
OG0020598	0.0	0.0	0.0	0.0
OG0020602	0.0	0.0	0.0	0.0
OG0020611	0.0	0.0	0.0	0.0
OG0020612	0.0	0.0	0.0	0.0
OG0020613	0.0	0.0	0.0	0.0
OG0020616	0.0	0.0	0.0	0.0
OG0020617	0.0	0.0	0.0	0.0
OG0020618	0.0	0.0	0.0	0.0
OG0020619	0.0	0.0	0.0	0.0
OG0020620	0.0	0.0	0.0	0.0
OG0020621	0.0	0.0	0.0	0.0
OG0020622	0.0	0.0	0.0	0.0
OG0020623	0.0	0.0	0.0	0.0
OG0020624	0.0	0.0	0.0	0.0
OG0020626	0.0	0.0	0.0	0.0
OG0020666	0.0	0.0	0.0	0.0
OG0020667	0.0	0.0	0.0	0.0
OG0020694	0.0	0.0	0.0	0.0
OG0020702	0.0	0.0	0.0	0.0
OG0020705	0.0	0.0	0.0	0.0
OG0020725	0.0	0.0	0.0	0.0
OG0020730	0.0	0.0	0.0	0.0
OG0020735	0.0	0.0	0.0	0.0
OG0020736	0.0	0.0	0.0	0.0
OG0020737	0.0	0.0	0.0	0.0
OG0020742	0.0	0.0	0.0	0.0
OG0020748	0.0	0.0	0.0	0.0
OG0020765	0.0	0.0	0.0	0.0
OG0020769	0.0	0.0	0.0	0.0
OG0020772	0.0	0.0	0.0	0.0
OG0020775	0.0	0.0	0.0	0.0
OG0020778	0.0	0.0	0.0	0.0
OG0020784	0.0	0.0	0.0	0.0
OG0020785	0.0	0.0	0.0	0.0
OG0020787	0.0	0.0	0.0	0.0
OG0020790	0.0	0.0	0.0	0.0
OG0020795	0.0	0.0	0.0	0.0
OG0020799	0.0	0.0	0.0	0.0
OG0020802	0.0	0.0	0.0	0.0
OG0020803	0.0	0.0	0.0	0.0
OG0020804	0.0	0.0	0.0	0.0
OG0020805	0.0	0.0	0.0	0.0
OG0020809	0.0	0.0	0.0	0.0
OG0020813	0.0	0.0	0.0	0.0
OG0020816	0.0	0.0	0.0	0.0
OG0020817	0.0	0.0	0.0	0.0
OG0020821	0.0	0.0	0.0	0.0
OG0020823	0.0	0.0	0.0	0.0
OG0020824	0.0	0.0	0.0	0.0
OG0020825	0.0	0.0	0.0	0.0
OG0020826	0.0	0.0	0.0	0.0
OG0020827	0.0	0.0	0.0	0.0
OG0020828	0.0	0.0	0.0	0.0
OG0020829	0.0	0.0	0.0	0.0
OG0020830	0.0	0.0	0.0	0.0
OG0020831	0.0	0.0	0.0	0.0
OG0020833	0.0	0.0	0.0	0.0
OG0020834	0.0	0.0	0.0	0.0
OG0020837	0.0	0.0	0.0	0.0
OG0020838	0.0	0.0	0.0	0.0
OG0020839	0.0	0.0	0.0	0.0
OG0020841	0.0	0.0	0.0	0.0
OG0020842	0.0	0.0	0.0	0.0
OG0020843	0.0	0.0	0.0	0.0
OG0020896	0.0	0.0	0.0	0.0
OG0020915	0.0	0.0	0.0	0.0
OG0020920	0.0	0.0	0.0	0.0
OG0020923	0.0	0.0	0.0	0.0
OG0020925	0.0	0.0	0.0	0.0
OG0020926	0.0	0.0	0.0	0.0
OG0020931	0.0	0.0	0.0	0.0
OG0020942	0.0	0.0	0.0	0.0
OG0020949	0.0	0.0	0.0	0.0
OG0020954	0.0	0.0	0.0	0.0
OG0020955	0.0	0.0	0.0	0.0
OG0020961	0.0	0.0	0.0	0.0
OG0020964	0.0	0.0	0.0	0.0
OG0020968	0.0	0.0	0.0	0.0
OG0020969	0.0	0.0	0.0	0.0
OG0020970	0.0	0.0	0.0	0.0
OG0020980	0.0	0.0	0.0	0.0
OG0020983	0.0	0.0	0.0	0.0
OG0020986	0.0	0.0	0.0	0.0
OG0020994	0.0	0.0	0.0	0.0
OG0020997	0.0	0.0	0.0	0.0
OG0020999	0.0	0.0	0.0	0.0
OG0021001	0.0	0.0	0.0	0.0
OG0021002	0.0	0.0	0.0	0.0
OG0021006	0.0	0.0	0.0	0.0
OG0021009	0.0	0.0	0.0	0.0
OG0021084	0.0	0.0	0.0	0.0
OG0021116	0.0	0.0	0.0	0.0
OG0021117	0.0	0.0	0.0	0.0
OG0021121	0.0	0.0	0.0	0.0
OG0021122	0.0	0.0	0.0	0.0
OG0021123	0.0	0.0	0.0	0.0
OG0021124	0.0	0.0	0.0	0.0
OG0021125	0.0	0.0	0.0	0.0
OG0021126	0.0	0.0	0.0	0.0
OG0021128	0.0	0.0	0.0	0.0
OG0021129	0.0	0.0	0.0	0.0
OG0021130	0.0	0.0	0.0	0.0
OG0021131	0.0	0.0	0.0	0.0
OG0021132	0.0	0.0	0.0	0.0
OG0021133	0.0	0.0	0.0	0.0
OG0021134	0.0	0.0	0.0	0.0
OG0021139	0.0	0.0	0.0	0.0
OG0021140	0.0	0.0	0.0	0.0
OG0021141	0.0	0.0	0.0	0.0
OG0021142	0.0	0.0	0.0	0.0
OG0021143	0.0	0.0	0.0	0.0
OG0021145	0.0	0.0	0.0	0.0
OG0021146	0.0	0.0	0.0	0.0
OG0021147	0.0	0.0	0.0	0.0
OG0021148	0.0	0.0	0.0	0.0
OG0021149	0.0	0.0	0.0	0.0
OG0021151	0.0	0.0	0.0	0.0
OG0021153	0.0	0.0	0.0	0.0
OG0021154	0.0	0.0	0.0	0.0
OG0021156	0.0	0.0	0.0	0.0
OG0021159	0.0	0.0	0.0	0.0
OG0021160	0.0	0.0	0.0	0.0
OG0021161	0.0	0.0	0.0	0.0
OG0021162	0.0	0.0	0.0	0.0
OG0021163	0.0	0.0	0.0	0.0
OG0021164	0.0	0.0	0.0	0.0
OG0021165	0.0	0.0	0.0	0.0
OG0021166	0.0	0.0	0.0	0.0
OG0021167	0.0	0.0	0.0	0.0
OG0021168	0.0	0.0	0.0	0.0
OG0021169	0.0	0.0	0.0	0.0
OG0021170	0.0	0.0	0.0	0.0
OG0021171	0.0	0.0	0.0	0.0
OG0021172	0.0	0.0	0.0	0.0
OG0021175	0.0	0.0	0.0	0.0
OG0021177	0.0	0.0	0.0	0.0
OG0021178	0.0	0.0	0.0	0.0
OG0021179	0.0	0.0	0.0	0.0
OG0021180	0.0	0.0	0.0	0.0
OG0021181	0.0	0.0	0.0	0.0
OG0021184	0.0	0.0	0.0	0.0
OG0021185	0.0	0.0	0.0	0.0
OG0021188	0.0	0.0	0.0	0.0
OG0021189	0.0	0.0	0.0	0.0
OG0021190	0.0	0.0	0.0	0.0
OG0021191	0.0	0.0	0.0	0.0
OG0021192	0.0	0.0	0.0	0.0
OG0021193	0.0	0.0	0.0	0.0
OG0021194	0.0	0.0	0.0	0.0
OG0021196	0.0	0.0	0.0	0.0
OG0021197	0.0	0.0	0.0	0.0
OG0021198	0.0	0.0	0.0	0.0
OG0021199	0.0	0.0	0.0	0.0
OG0021200	0.0	0.0	0.0	0.0
OG0021203	0.0	0.0	0.0	0.0
OG0021204	0.0	0.0	0.0	0.0
OG0021205	0.0	0.0	0.0	0.0
OG0021206	0.0	0.0	0.0	0.0
OG0021207	0.0	0.0	0.0	0.0
OG0021208	0.0	0.0	0.0	0.0
OG0021209	0.0	0.0	0.0	0.0
OG0021210	0.0	0.0	0.0	0.0
OG0021211	0.0	0.0	0.0	0.0
OG0021212	0.0	0.0	0.0	0.0
OG0021213	0.0	0.0	0.0	0.0
OG0021215	0.0	0.0	0.0	0.0
OG0021216	0.0	0.0	0.0	0.0
OG0021217	0.0	0.0	0.0	0.0
OG0021218	0.0	0.0	0.0	0.0
OG0021219	0.0	0.0	0.0	0.0
OG0021220	0.0	0.0	0.0	0.0
OG0021221	0.0	0.0	0.0	0.0
OG0021222	0.0	0.0	0.0	0.0
OG0021223	0.0	0.0	0.0	0.0
OG0021225	0.0	0.0	0.0	0.0
OG0021226	0.0	0.0	0.0	0.0
OG0021228	0.0	0.0	0.0	0.0
OG0021230	0.0	0.0	0.0	0.0
OG0021231	0.0	0.0	0.0	0.0
OG0021233	0.0	0.0	0.0	0.0
OG0021237	0.0	0.0	0.0	0.0
OG0021240	0.0	0.0	0.0	0.0
OG0021241	0.0	0.0	0.0	0.0
OG0021244	0.0	0.0	0.0	0.0
OG0021247	0.0	0.0	0.0	0.0
OG0021248	0.0	0.0	0.0	0.0
OG0021250	0.0	0.0	0.0	0.0
OG0021251	0.0	0.0	0.0	0.0
OG0021252	0.0	0.0	0.0	0.0
OG0021253	0.0	0.0	0.0	0.0
OG0021255	0.0	0.0	0.0	0.0
OG0021258	0.0	0.0	0.0	0.0
OG0021261	0.0	0.0	0.0	0.0
OG0021262	0.0	0.0	0.0	0.0
OG0021264	0.0	0.0	0.0	0.0
OG0021265	0.0	0.0	0.0	0.0
OG0021266	0.0	0.0	0.0	0.0
OG0021269	0.0	0.0	0.0	0.0
OG0021270	0.0	0.0	0.0	0.0
OG0021271	0.0	0.0	0.0	0.0
OG0021273	0.0	0.0	0.0	0.0
OG0021274	0.0	0.0	0.0	0.0
OG0021275	0.0	0.0	0.0	0.0
OG0021276	0.0	0.0	0.0	0.0
OG0021277	0.0	0.0	0.0	0.0
OG0021278	0.0	0.0	0.0	0.0
OG0021281	0.0	0.0	0.0	0.0
OG0021282	0.0	0.0	0.0	0.0
OG0021284	0.0	0.0	0.0	0.0
OG0021285	0.0	0.0	0.0	0.0
OG0021286	0.0	0.0	0.0	0.0
OG0021287	0.0	0.0	0.0	0.0
OG0021288	0.0	0.0	0.0	0.0
OG0021290	0.0	0.0	0.0	0.0
OG0021293	0.0	0.0	0.0	0.0
OG0021294	0.0	0.0	0.0	0.0
OG0021295	0.0	0.0	0.0	0.0
OG0021296	0.0	0.0	0.0	0.0
OG0021297	0.0	0.0	0.0	0.0
OG0021298	0.0	0.0	0.0	0.0
OG0021299	0.0	0.0	0.0	0.0
OG0021300	0.0	0.0	0.0	0.0
OG0021301	0.0	0.0	0.0	0.0
OG0021302	0.0	0.0	0.0	0.0
OG0021303	0.0	0.0	0.0	0.0
OG0021305	0.0	0.0	0.0	0.0
OG0021306	0.0	0.0	0.0	0.0
OG0021307	0.0	0.0	0.0	0.0
OG0021309	0.0	0.0	0.0	0.0
OG0021310	0.0	0.0	0.0	0.0
OG0021311	0.0	0.0	0.0	0.0
OG0021314	0.0	0.0	0.0	0.0
OG0021316	0.0	0.0	0.0	0.0
OG0021317	0.0	0.0	0.0	0.0
OG0021318	0.0	0.0	0.0	0.0
OG0021321	0.0	0.0	0.0	0.0
OG0021322	0.0	0.0	0.0	0.0
OG0021327	0.0	0.0	0.0	0.0
OG0021328	0.0	0.0	0.0	0.0
OG0021329	0.0	0.0	0.0	0.0
OG0021330	0.0	0.0	0.0	0.0
OG0021332	0.0	0.0	0.0	0.0
OG0021333	0.0	0.0	0.0	0.0
OG0021334	0.0	0.0	0.0	0.0
OG0021335	0.0	0.0	0.0	0.0
OG0021337	0.0	0.0	0.0	0.0
OG0021338	0.0	0.0	0.0	0.0
OG0021340	0.0	0.0	0.0	0.0
OG0021341	0.0	0.0	0.0	0.0
OG0021343	0.0	0.0	0.0	0.0
OG0021344	0.0	0.0	0.0	0.0
OG0021346	0.0	0.0	0.0	0.0
OG0021347	0.0	0.0	0.0	0.0
OG0021349	0.0	0.0	0.0	0.0
OG0021350	0.0	0.0	0.0	0.0
OG0021351	0.0	0.0	0.0	0.0
OG0021352	0.0	0.0	0.0	0.0
OG0021353	0.0	0.0	0.0	0.0
OG0021354	0.0	0.0	0.0	0.0
OG0021360	0.0	0.0	0.0	0.0
OG0021361	0.0	0.0	0.0	0.0
OG0021362	0.0	0.0	0.0	0.0
OG0021363	0.0	0.0	0.0	0.0
OG0021365	0.0	0.0	0.0	0.0
OG0021368	0.0	0.0	0.0	0.0
OG0021369	0.0	0.0	0.0	0.0
OG0021371	0.0	0.0	0.0	0.0
OG0021373	0.0	0.0	0.0	0.0
OG0021375	0.0	0.0	0.0	0.0
OG0021376	0.0	0.0	0.0	0.0
OG0021377	0.0	0.0	0.0	0.0
OG0021379	0.0	0.0	0.0	0.0
OG0021380	0.0	0.0	0.0	0.0
OG0021381	0.0	0.0	0.0	0.0
OG0021382	0.0	0.0	0.0	0.0
OG0021383	0.0	0.0	0.0	0.0
OG0021384	0.0	0.0	0.0	0.0
OG0021385	0.0	0.0	0.0	0.0
OG0021386	0.0	0.0	0.0	0.0
OG0021387	0.0	0.0	0.0	0.0
OG0021388	0.0	0.0	0.0	0.0
OG0021389	0.0	0.0	0.0	0.0
OG0021390	0.0	0.0	0.0	0.0
OG0021391	0.0	0.0	0.0	0.0
OG0021393	0.0	0.0	0.0	0.0
OG0021394	0.0	0.0	0.0	0.0
OG0021395	0.0	0.0	0.0	0.0
OG0021396	0.0	0.0	0.0	0.0
OG0021397	0.0	0.0	0.0	0.0
OG0021398	0.0	0.0	0.0	0.0
OG0021399	0.0	0.0	0.0	0.0
OG0021400	0.0	0.0	0.0	0.0
OG0021401	0.0	0.0	0.0	0.0
OG0021402	0.0	0.0	0.0	0.0
OG0021403	0.0	0.0	0.0	0.0
OG0021404	0.0	0.0	0.0	0.0
OG0021405	0.0	0.0	0.0	0.0
OG0021406	0.0	0.0	0.0	0.0
OG0021407	0.0	0.0	0.0	0.0
OG0021408	0.0	0.0	0.0	0.0
OG0021409	0.0	0.0	0.0	0.0
OG0021410	0.0	0.0	0.0	0.0
OG0021413	0.0	0.0	0.0	0.0
OG0021414	0.0	0.0	0.0	0.0
OG0021416	0.0	0.0	0.0	0.0
OG0021418	0.0	0.0	0.0	0.0
OG0021420	0.0	0.0	0.0	0.0
OG0021421	0.0	0.0	0.0	0.0
OG0021422	0.0	0.0	0.0	0.0
OG0021423	0.0	0.0	0.0	0.0
OG0021424	0.0	0.0	0.0	0.0
OG0021425	0.0	0.0	0.0	0.0
OG0021426	0.0	0.0	0.0	0.0
OG0021427	0.0	0.0	0.0	0.0
OG0021428	0.0	0.0	0.0	0.0
OG0021429	0.0	0.0	0.0	0.0
OG0021430	0.0	0.0	0.0	0.0
OG0021431	0.0	0.0	0.0	0.0
OG0021432	0.0	0.0	0.0	0.0
OG0021433	0.0	0.0	0.0	0.0
OG0021434	0.0	0.0	0.0	0.0
OG0021438	0.0	0.0	0.0	0.0
OG0021442	0.0	0.0	0.0	0.0
OG0021443	0.0	0.0	0.0	0.0
OG0021444	0.0	0.0	0.0	0.0
OG0021445	0.0	0.0	0.0	0.0
OG0021446	0.0	0.0	0.0	0.0
OG0021447	0.0	0.0	0.0	0.0
OG0021448	0.0	0.0	0.0	0.0
OG0021449	0.0	0.0	0.0	0.0
OG0021450	0.0	0.0	0.0	0.0
OG0021452	0.0	0.0	0.0	0.0
OG0021453	0.0	0.0	0.0	0.0
OG0021481	0.0	0.0	0.0	0.0
OG0021522	0.0	0.0	0.0	0.0
OG0021547	0.0	0.0	0.0	0.0
OG0021552	0.0	0.0	0.0	0.0
OG0021570	0.0	0.0	0.0	0.0
OG0021571	0.0	0.0	0.0	0.0
OG0021572	0.0	0.0	0.0	0.0
OG0021582	0.0	0.0	0.0	0.0
OG0021583	0.0	0.0	0.0	0.0
OG0021584	0.0	0.0	0.0	0.0
OG0021594	0.0	0.0	0.0	0.0
OG0021598	0.0	0.0	0.0	0.0
OG0021602	0.0	0.0	0.0	0.0
OG0021603	0.0	0.0	0.0	0.0
OG0021605	0.0	0.0	0.0	0.0
OG0021613	0.0	0.0	0.0	0.0
OG0021622	0.0	0.0	0.0	0.0
OG0021623	0.0	0.0	0.0	0.0
OG0021624	0.0	0.0	0.0	0.0
OG0021626	0.0	0.0	0.0	0.0
OG0021628	0.0	0.0	0.0	0.0
OG0021629	0.0	0.0	0.0	0.0
OG0021631	0.0	0.0	0.0	0.0
OG0021632	0.0	0.0	0.0	0.0
OG0021635	0.0	0.0	0.0	0.0
OG0021636	0.0	0.0	0.0	0.0
OG0021686	0.0	0.0	0.0	0.0
OG0021694	0.0	0.0	0.0	0.0
OG0021739	0.0	0.0	0.0	0.0
OG0021769	0.0	0.0	0.0	0.0
OG0021795	0.0	0.0	0.0	0.0
OG0021836	0.0	0.0	0.0	0.0
OG0021840	0.0	0.0	0.0	0.0
OG0021913	0.0	0.0	0.0	0.0
OG0021980	0.0	0.0	0.0	0.0
OG0022036	0.0	0.0	0.0	0.0
OG0022040	0.0	0.0	0.0	0.0
OG0022378	0.0	0.0	0.0	0.0
OG0022379	0.0	0.0	0.0	0.0
OG0022383	0.0	0.0	0.0	0.0
OG0022384	0.0	0.0	0.0	0.0
OG0022385	0.0	0.0	0.0	0.0
OG0022388	0.0	0.0	0.0	0.0
OG0022390	0.0	0.0	0.0	0.0
OG0022392	0.0	0.0	0.0	0.0
OG0022393	0.0	0.0	0.0	0.0
OG0022395	0.0	0.0	0.0	0.0
OG0022396	0.0	0.0	0.0	0.0
OG0022397	0.0	0.0	0.0	0.0
OG0022399	0.0	0.0	0.0	0.0
OG0022400	0.0	0.0	0.0	0.0
OG0022401	0.0	0.0	0.0	0.0
OG0022403	0.0	0.0	0.0	0.0
OG0022404	0.0	0.0	0.0	0.0
OG0022405	0.0	0.0	0.0	0.0
OG0022406	0.0	0.0	0.0	0.0
OG0022408	0.0	0.0	0.0	0.0
OG0022409	0.0	0.0	0.0	0.0
OG0022410	0.0	0.0	0.0	0.0
OG0022412	0.0	0.0	0.0	0.0
OG0022413	0.0	0.0	0.0	0.0
OG0022414	0.0	0.0	0.0	0.0
OG0022416	0.0	0.0	0.0	0.0
OG0022417	0.0	0.0	0.0	0.0
OG0022418	0.0	0.0	0.0	0.0
OG0022419	0.0	0.0	0.0	0.0
OG0022420	0.0	0.0	0.0	0.0
OG0022421	0.0	0.0	0.0	0.0
OG0022422	0.0	0.0	0.0	0.0
OG0022424	0.0	0.0	0.0	0.0
OG0022425	0.0	0.0	0.0	0.0
OG0022426	0.0	0.0	0.0	0.0
OG0022432	0.0	0.0	0.0	0.0
OG0022433	0.0	0.0	0.0	0.0
OG0022434	0.0	0.0	0.0	0.0
OG0022435	0.0	0.0	0.0	0.0
OG0022442	0.0	0.0	0.0	0.0
OG0022443	0.0	0.0	0.0	0.0
OG0022444	0.0	0.0	0.0	0.0
OG0022446	0.0	0.0	0.0	0.0
OG0022447	0.0	0.0	0.0	0.0
OG0022448	0.0	0.0	0.0	0.0
OG0022451	0.0	0.0	0.0	0.0
OG0022454	0.0	0.0	0.0	0.0
OG0022456	0.0	0.0	0.0	0.0
OG0022459	0.0	0.0	0.0	0.0
