orthogroup	mean_gain	std_gain	median_gain	nonzero_fold_fraction
OG0001349	0.0042638914	0.0013686524	0.004039527	1.0
OG0003146	0.0041424897	0.0012554914	0.0039662984	1.0
OG0004329	0.0040925615	0.0012611959	0.003995687	1.0
OG0003650	0.0039665173	0.001395255	0.0039168466	0.97
OG0004963	0.0039351047	0.0015207911	0.0038180938	0.96
OG0005003	0.0039030523	0.0014545347	0.0037980522	0.97
OG0005046	0.0038836917	0.0012835191	0.0038138926	0.98
OG0004343	0.003852431	0.0013536299	0.003874659	0.96
OG0000041	0.0038245255	0.0013600521	0.0036071562	1.0
OG0006159	0.0037867844	0.0014180265	0.0036861072	0.99
OG0000022	0.0036966882	0.0013002759	0.0034600052	1.0
OG0004417	0.0036562667	0.0016368435	0.0035393503	0.92
OG0000072	0.0035804687	0.0013005673	0.0032473886	1.0
OG0000914	0.0035653755	0.0013693048	0.003371935	0.98
OG0003277	0.0035240487	0.0017952439	0.0036116403	0.89
OG0003765	0.003517819	0.001508394	0.0035968474	0.93
OG0003599	0.0034716642	0.0014987403	0.0036491393	0.92
OG0004251	0.0033620861	0.0016442267	0.0034185182	0.9
OG0004479	0.0033441896	0.0016684171	0.0035660965	0.87
OG0004900	0.0033182215	0.0014537516	0.0031884809	0.94
OG0004778	0.0032859703	0.0018065033	0.003454472	0.85
OG0005340	0.0032785586	0.0016949514	0.0031670108	0.89
OG0004860	0.0032525407	0.0018632965	0.0035662376	0.81
OG0004910	0.0032498967	0.0015011579	0.003424665	0.9
OG0005152	0.0032440575	0.0016522534	0.0031810927	0.9
OG0006153	0.003200369	0.0018061267	0.0033035013	0.84
OG0000126	0.0031968046	0.0015815013	0.003263129	0.92
OG0000700	0.0030907711	0.001826463	0.0033642864	0.82
OG0005005	0.003044392	0.0019673952	0.0033972599	0.77
OG0007874	0.002980446	0.0018313893	0.0032438613	0.79
OG0000066	0.0029674289	0.0016628791	0.0029797184	0.88
OG0004323	0.0028636085	0.0019826365	0.0033020324	0.74
OG0004388	0.002856001	0.0020669717	0.0031603375	0.72
OG0006155	0.0028157646	0.0018343991	0.003074477	0.79
OG0009094	0.0027804193	0.0009121588	0.0026473142	0.99
OG0008805	0.00274128	0.0008534045	0.0026328058	1.0
OG0005316	0.002709189	0.0019934108	0.0030489746	0.72
OG0006609	0.0026953283	0.0020298958	0.0029384615	0.72
OG0007547	0.002692114	0.000988037	0.0025427293	0.97
OG0007231	0.002618483	0.0009881963	0.0025369641	0.96
OG0004095	0.0026076492	0.001486118	0.002794219	0.83
OG0006169	0.0025971993	0.0017926325	0.0030131857	0.73
OG0000692	0.0025743828	0.0021642467	0.0030136572	0.65
OG0007569	0.0024675895	0.0012977743	0.0025260898	0.88
OG0000314	0.0023604452	0.0013137305	0.002363759	0.88
OG0004143	0.0023451543	0.0016404724	0.0024941058	0.76
OG0000135	0.0023346934	0.0009926853	0.0021733567	1.0
OG0000028	0.0023026583	0.0010223688	0.0022289925	1.0
OG0003986	0.002298986	0.0017378625	0.0026581497	0.71
OG0009082	0.0022951898	0.00088161946	0.002307901	0.95
OG0005419	0.0022693502	0.0010539474	0.0023042373	0.92
OG0004486	0.0022626992	0.001891661	0.002845647	0.63
OG0008798	0.0022291064	0.00107162	0.0023315793	0.9
OG0000289	0.0021975548	0.0013765221	0.0020404966	0.92
OG0004746	0.0021841938	0.0021015508	0.0025439132	0.57
OG0003686	0.0021047557	0.0014331471	0.0020513528	0.87
OG0004424	0.002098742	0.0010552247	0.0021226886	0.89
OG0004053	0.0020943137	0.0018258869	0.0025956044	0.64
OG0008374	0.0020928753	0.0009986337	0.0021041892	0.92
OG0001158	0.0020393487	0.0009542013	0.0019893032	0.92
OG0003570	0.0020052425	0.0019205097	0.00243882	0.58
OG0002348	0.001991863	0.0018394573	0.0022994317	0.6
OG0006389	0.0019776043	0.0019485697	0.0021177365	0.57
OG0006248	0.00196734	0.0021388647	0.0019937821	0.53
OG0004077	0.001953683	0.00085162313	0.0020263034	0.91
OG0004847	0.0019457564	0.0019350795	0.0020665443	0.57
OG0001546	0.0019361428	0.00088027667	0.0019979486	0.89
OG0007162	0.0019143898	0.0011559451	0.0020754253	0.81
OG0004463	0.0018992361	0.0020300474	0.0018465201	0.51
OG0007968	0.0018931453	0.0012509759	0.0021737549	0.76
OG0000103	0.0018907012	0.000630366	0.0017550874	1.0
OG0006964	0.0018642829	0.0013503683	0.0021913964	0.73
OG0004613	0.0018437147	0.0011032183	0.001905528	0.85
OG0003617	0.0018432327	0.00075922353	0.0019332464	0.93
OG0005082	0.0018315588	0.002038858	0.0007623095	0.5
OG0004157	0.0018253465	0.0012118226	0.002000949	0.8
OG0006941	0.0018113685	0.0012447094	0.0018908607	0.78
OG0006432	0.0017977018	0.0012817573	0.0019158608	0.74
OG0003384	0.0017429948	0.0010979747	0.0017819612	0.83
OG0000012	0.0017424435	0.00084342	0.0016611542	1.0
OG0000445	0.0017398169	0.0008329289	0.0017404878	0.9
OG0003904	0.0017375408	0.001917399	0.00094544556	0.54
OG0004360	0.0017331966	0.0011817967	0.0017430559	0.82
OG0005229	0.0017315582	0.0015517161	0.0019544507	0.66
OG0007395	0.0017292171	0.0012448549	0.0019607344	0.73
OG0000586	0.0017231699	0.0015734658	0.00148292	0.77
OG0000233	0.0017187081	0.0011960277	0.0018241188	0.81
OG0001346	0.0016903937	0.00081507297	0.0017915543	0.88
OG0001613	0.0016666171	0.0010897762	0.0015301089	0.88
OG0002992	0.0016484738	0.0009692405	0.0015806134	0.9
OG0001211	0.001642955	0.00078165426	0.0017102889	0.89
OG0006374	0.0016422735	0.0012127835	0.0017953997	0.74
OG0008479	0.0016337526	0.001450217	0.0018953827	0.65
OG0000181	0.0016205558	0.0009131604	0.0015698662	0.89
OG0001807	0.0016023335	0.0014800491	0.0014989178	0.77
OG0001005	0.0016011888	0.000685846	0.0015809364	0.93
OG0004213	0.0015868477	0.0019453511	0.0	0.45
OG0004835	0.0015862004	0.0017908904	0.00025120715	0.5
OG0001533	0.0015748049	0.0015688834	0.0014479979	0.59
OG0005101	0.0015745598	0.001660859	0.00096830435	0.55
OG0005681	0.0015734928	0.001443025	0.0019223014	0.59
OG0011671	0.0015702354	0.0012142812	0.0017480415	0.7
OG0000328	0.0015679407	0.0016250239	0.0013148715	0.65
OG0003989	0.0015653978	0.0018674466	0.0	0.44
OG0000197	0.0015523081	0.0006336487	0.0014999884	0.98
OG0001562	0.0015403279	0.000932312	0.0016075703	0.85
OG0003820	0.0015400179	0.0017995978	0.0	0.46
OG0004375	0.0015307445	0.0019764632	0.0	0.42
OG0005511	0.0014879103	0.0012473211	0.0016585723	0.68
OG0007456	0.0014812808	0.0016192084	0.0013975811	0.57
OG0013690	0.0014743289	0.001095567	0.001886801	0.68
OG0002418	0.0014740995	0.00069485564	0.0014959746	0.89
OG0004150	0.0014719858	0.0020794552	0.0	0.37
OG0003489	0.0014641678	0.001827304	0.0	0.48
OG0004628	0.0014617466	0.00084340374	0.001596706	0.82
OG0004024	0.0014561124	0.0016933167	0.0	0.48
OG0003947	0.001449971	0.0019289454	0.0	0.42
OG0005495	0.0014488301	0.0011352521	0.0016444374	0.7
OG0004969	0.0014487501	0.0018092524	0.0	0.43
OG0004988	0.0014476494	0.0012762924	0.0016046558	0.66
OG0000730	0.0014474168	0.0009378316	0.0014400515	0.87
OG0003607	0.0014465792	0.0021106366	0.0	0.36
OG0005995	0.0014415656	0.0011505532	0.0018615865	0.66
OG0000475	0.0014409551	0.0016126755	0.001181177	0.57
OG0002994	0.00141687	0.0009731258	0.0016126265	0.74
OG0003298	0.0014060362	0.0017904218	0.0	0.44
OG0009716	0.0013982748	0.0012033822	0.0017016751	0.62
OG0007964	0.0013775778	0.0014088263	0.0016004336	0.54
OG0002985	0.0013751645	0.001018883	0.0014381565	0.8
OG0006870	0.0013570295	0.0015587434	0.0	0.48
OG0006350	0.0013531521	0.0019478039	0.0	0.36
OG0007902	0.0013527997	0.0011786419	0.0015852181	0.63
OG0000080	0.0013522623	0.0014990289	0.0011882188	0.59
OG0000338	0.0013288215	0.0005818572	0.0013637359	0.92
OG0005641	0.0013230771	0.0018884321	0.0	0.4
OG0000365	0.001319623	0.0017554809	0.0	0.47
OG0011852	0.0013152175	0.0007021866	0.0013960195	0.84
OG0003505	0.0013065991	0.0013376917	0.0009157994	0.61
OG0011668	0.0013064225	0.000983446	0.0014703076	0.71
OG0005833	0.0013057556	0.0019550414	0.0	0.41
OG0006694	0.001301773	0.0012086693	0.0014989559	0.62
OG0000608	0.0012833029	0.0006281132	0.0012943964	0.88
OG0005976	0.0012779639	0.0012434269	0.0013878879	0.62
OG0003675	0.0012725771	0.0014124189	0.0010743258	0.54
OG0004233	0.0012695722	0.0012512004	0.0013892712	0.62
OG0007855	0.0012610188	0.001299862	0.0014795145	0.52
OG0003093	0.0012603945	0.0014556648	0.0	0.49
OG0000036	0.0012527115	0.0005021567	0.0012069374	1.0
OG0004262	0.0012510031	0.00084458105	0.0014012979	0.74
OG0004445	0.0012470692	0.0010165058	0.0014269652	0.66
OG0000267	0.0012400887	0.0007074315	0.0013728561	0.91
OG0000538	0.001239928	0.00090792426	0.0013369501	0.73
OG0001173	0.0012375031	0.0009837055	0.0014029439	0.7
OG0002084	0.0012287698	0.001001406	0.0015241485	0.66
OG0000204	0.001218729	0.0010614899	0.0012634713	0.7
OG0001058	0.0012054421	0.0011834207	0.0011310243	0.71
OG0006837	0.0011986734	0.0010144352	0.001399559	0.65
OG0000207	0.001196527	0.0009617799	0.0011745961	0.77
OG0005934	0.0011960218	0.0016608688	0.0	0.43
OG0005590	0.0011945666	0.0014062775	0.000822501	0.52
OG0000727	0.0011818364	0.0010155772	0.0013454994	0.64
OG0000229	0.0011795334	0.0006318051	0.001093861	0.96
OG0000062	0.0011753802	0.0011760839	0.0008203881	0.87
OG0003648	0.0011751881	0.0012542898	0.0012284556	0.54
OG0000408	0.0011641458	0.00081160106	0.0012600367	0.81
OG0004182	0.0011596296	0.0016708946	0.0	0.37
OG0003942	0.0011553271	0.0015718939	0.0	0.41
OG0000354	0.0011460256	0.0006315371	0.0011156595	0.93
OG0003295	0.0011428244	0.0007664716	0.0012975468	0.77
OG0000109	0.0011325594	0.00045280805	0.0011228055	0.99
OG0006894	0.0011316593	0.0011619787	0.0012299977	0.58
OG0004748	0.001126193	0.0011626828	0.001156323	0.54
OG0000465	0.0011234846	0.0010265965	0.0012905735	0.66
OG0004316	0.0011225675	0.0017984387	0.0	0.32
OG0007257	0.0011193772	0.001387928	0.0	0.44
OG0000952	0.0011190177	0.0014169826	0.0	0.44
OG0012430	0.0011149442	0.0010401506	0.0013281973	0.58
OG0000641	0.0011140271	0.0013896795	0.0	0.49
OG0000478	0.0011131616	0.00091854867	0.0009968458	0.8
OG0005381	0.0011120088	0.0011148057	0.0011373574	0.56
OG0000158	0.0011082527	0.0012373774	0.0007292037	0.64
OG0000281	0.0011072285	0.0008221337	0.0011017224	0.78
OG0005230	0.0011055942	0.0016671227	0.0	0.35
OG0003983	0.001105182	0.0017632358	0.0	0.32
OG0000336	0.0011037068	0.000660405	0.0012078802	0.82
OG0007452	0.0011030394	0.00080733065	0.0013700981	0.7
OG0008402	0.0010997404	0.0011297741	0.0011614485	0.54
OG0004584	0.0010986426	0.0014942443	0.0	0.45
OG0000347	0.0010971668	0.0008935725	0.00118063	0.73
OG0009336	0.0010961153	0.0010146713	0.0014107109	0.59
OG0004132	0.001092909	0.0016701228	0.0	0.33
OG0001019	0.0010898169	0.000866015	0.0012850503	0.66
OG0004386	0.0010879809	0.0014970067	0.0	0.44
OG0004718	0.0010847152	0.0011707902	0.0009606045	0.55
OG0000300	0.0010806648	0.0005948791	0.001013452	0.99
OG0000785	0.0010785571	0.0010507057	0.0012035394	0.63
OG0000302	0.0010761056	0.00091725134	0.0011060935	0.72
OG0005788	0.0010760446	0.0018076677	0.0	0.29
OG0004056	0.00107344	0.0007675019	0.0011734522	0.74
OG0004371	0.0010654875	0.00096166064	0.0011464665	0.64
OG0006102	0.0010548809	0.0013582394	0.0	0.42
OG0004382	0.0010545081	0.0017880683	0.0	0.29
OG0000638	0.0010541724	0.0014947655	0.0	0.39
OG0004659	0.0010491415	0.0008046051	0.0012228894	0.69
OG0002989	0.0010471657	0.0008503753	0.0011867039	0.66
OG0003642	0.0010454411	0.00097320497	0.0010254197	0.63
OG0000139	0.0010449783	0.0009459749	0.0012123828	0.62
OG0000245	0.0010439851	0.00071301707	0.0010600362	0.83
OG0002397	0.0010434377	0.0013323033	0.00035315074	0.53
OG0005087	0.0010388648	0.0016118296	0.0	0.31
OG0000975	0.0010385597	0.00079876336	0.0011878541	0.69
OG0006810	0.0010373911	0.0010579344	0.000755426	0.59
OG0000391	0.0010362455	0.00079605856	0.0009153957	0.86
OG0004012	0.0010259409	0.001533464	0.0	0.38
OG0004442	0.0010202319	0.00095424475	0.0010215727	0.64
OG0005606	0.0010070408	0.0013079625	0.0	0.42
OG0000481	0.0010042845	0.0008462253	0.0011785494	0.66
OG0000049	0.0010029408	0.00068059016	0.0010392999	0.84
OG0004893	0.0009962824	0.0014492942	0.0	0.36
OG0000353	0.0009959979	0.0007270592	0.000958284	0.85
OG0004960	0.0009940923	0.0011972836	0.0	0.45
OG0005267	0.0009916293	0.0011944323	0.0	0.46
OG0005091	0.0009899277	0.0010355586	0.0010057574	0.55
OG0003515	0.0009821849	0.0013025431	0.0	0.41
OG0000857	0.0009816408	0.0009944473	0.001126789	0.54
OG0000044	0.0009808624	0.00043063605	0.00094657904	1.0
OG0008353	0.0009806894	0.0011849223	0.0	0.46
OG0000058	0.00096895517	0.0006359599	0.00088686426	0.96
OG0001386	0.0009626962	0.0008425889	0.0011037253	0.64
OG0004455	0.00096252444	0.001003286	0.0011092157	0.53
OG0007872	0.000960857	0.0015656559	0.0	0.3
OG0005593	0.0009542208	0.0013059105	0.0	0.39
OG0000051	0.0009507926	0.00076920766	0.00091455807	0.81
OG0000001	0.0009496016	0.0004350036	0.000845516	1.0
OG0006162	0.00094717654	0.0013272823	0.0	0.44
OG0005685	0.00094582164	0.001069142	0.0	0.49
OG0004635	0.0009423621	0.00083546905	0.0012003161	0.6
OG0000104	0.00093864056	0.0007070477	0.0009983411	0.78
OG0004783	0.0009372312	0.0016472866	0.0	0.28
OG0001273	0.0009369874	0.00085999497	0.0010748695	0.6
OG0000379	0.0009364462	0.00060999324	0.0010415586	0.77
OG0000203	0.0009337738	0.00084359566	0.00074379565	0.83
OG0004238	0.000932568	0.00085218006	0.0011343372	0.6
OG0008646	0.00093221205	0.0012164701	0.0	0.42
OG0000116	0.0009316877	0.0008741963	0.0009909162	0.64
OG0000508	0.00092733325	0.00081792736	0.0010280071	0.66
OG0000174	0.0009212331	0.00077621033	0.000874326	0.83
OG0012434	0.0009202367	0.0010575464	0.0	0.47
OG0000628	0.0009194843	0.0007857909	0.0010867389	0.65
OG0010475	0.00091891864	0.001278409	0.0	0.37
OG0003937	0.00091697514	0.0013906272	0.0	0.38
OG0001540	0.000903904	0.0013856074	0.0	0.43
OG0000350	0.00090108067	0.001472246	0.0	0.39
OG0000346	0.00090025255	0.0006773104	0.0008522194	0.8
OG0000511	0.00089737703	0.00062322244	0.0009929948	0.8
OG0004667	0.0008955282	0.0011092381	0.0	0.44
OG0004054	0.0008949885	0.0015283775	0.0	0.27
OG0004821	0.00089407054	0.0012662349	0.0	0.38
OG0004018	0.00088895374	0.0012942471	0.0	0.37
OG0006343	0.00088826887	0.001168685	0.0	0.43
OG0001073	0.00088682154	0.000817941	0.0009712571	0.64
OG0000394	0.00088604284	0.0006334668	0.0009174557	0.82
OG0004481	0.00088572694	0.0016254397	0.0	0.25
OG0004516	0.00088199734	0.0011577319	0.0	0.41
OG0000714	0.0008814992	0.00067289505	0.0010447477	0.72
OG0003786	0.00087675394	0.0013729156	0.0	0.35
OG0004317	0.00087389076	0.00079658034	0.0007447711	0.77
OG0004071	0.00086500426	0.0010367616	0.0006539606	0.55
OG0004809	0.00086483156	0.0008551486	0.0009184144	0.59
OG0000178	0.00086400844	0.00073762634	0.0009328114	0.67
OG0000860	0.0008633608	0.00084931287	0.0009931826	0.6
OG0000047	0.0008612124	0.00046232677	0.0008969308	0.99
OG0000212	0.00085989916	0.00068964716	0.00090535433	0.78
OG0000305	0.00085823017	0.0007863304	0.0010090661	0.61
OG0004184	0.0008570054	0.0009932547	0.0	0.47
OG0000071	0.00085618044	0.0005706118	0.000825135	0.9
OG0001476	0.00085569517	0.0008196008	0.0009108501	0.6
OG0004767	0.00085367745	0.0011400785	0.0	0.42
OG0000092	0.0008522262	0.0007571198	0.0008532759	0.69
OG0000359	0.0008471563	0.0013583744	0.0	0.34
OG0008815	0.00084641477	0.00059326313	0.0008225333	0.82
OG0000154	0.0008439326	0.00069504994	0.0009454035	0.72
OG0000262	0.00083857396	0.0009973331	0.0	0.49
OG0003740	0.0008371086	0.0011748277	0.0	0.41
OG0000946	0.00083666394	0.0007556987	0.0009912329	0.6
OG0000128	0.000836032	0.0006982998	0.0008090572	0.73
OG0000673	0.0008296354	0.0008498201	0.00085449417	0.61
OG0005787	0.0008273961	0.00090882037	0.0007815609	0.51
OG0008386	0.0008249432	0.0011274623	0.0	0.39
OG0004582	0.00082472316	0.001495185	0.0	0.25
OG0001968	0.00082131306	0.0009889837	0.00031544192	0.61
OG0000008	0.0008179359	0.0005772309	0.00074677396	1.0
OG0007756	0.00081688317	0.0011850229	0.0	0.36
OG0004365	0.00081107375	0.0015566151	0.0	0.24
OG0005388	0.0008086499	0.0009946151	0.00061525265	0.57
OG0006338	0.0008078914	0.0009322967	0.0006122631	0.51
OG0000432	0.0008062721	0.0013116313	0.0	0.4
OG0009337	0.00080542214	0.0009769076	0.0	0.45
OG0007894	0.0008051459	0.0013507446	0.0	0.32
OG0000589	0.0008045031	0.0007290725	0.00079179637	0.72
OG0000747	0.00080381276	0.001192103	0.0	0.39
OG0007644	0.0008030422	0.0009167622	0.00022168037	0.5
OG0000073	0.00079898984	0.0010981277	0.00030888745	0.69
OG0011542	0.00079619174	0.0009030511	0.0	0.47
OG0000237	0.0007961256	0.00067314925	0.0007035359	0.78
OG0000285	0.0007929414	0.0013743918	0.0	0.43
OG0004156	0.0007839397	0.0015080132	0.0	0.24
OG0003501	0.0007834021	0.0013712575	0.0	0.31
OG0000410	0.00078241504	0.0013568199	0.0	0.35
OG0006611	0.0007814795	0.00055992254	0.00083647505	0.8
OG0000519	0.000780748	0.00072906766	0.00073292997	0.65
OG0000108	0.00078069	0.00054396957	0.0007388266	0.86
OG0009053	0.0007802027	0.0011103521	0.0	0.37
OG0003967	0.0007795835	0.001590948	0.0	0.23
OG0000030	0.0007790298	0.0005113718	0.0006835708	0.97
OG0000798	0.00077890995	0.0009547087	0.0	0.49
OG0006284	0.0007786599	0.001395267	0.0	0.29
OG0005402	0.0007769522	0.0008286334	0.0005792993	0.55
OG0002737	0.0007768946	0.0008914058	0.0	0.48
OG0005352	0.0007760137	0.0009434594	0.0	0.44
OG0000854	0.00077350857	0.0009514507	0.00044929836	0.53
OG0000100	0.0007732362	0.000587848	0.0007846529	0.74
OG0000098	0.0007732201	0.000505232	0.00068561407	0.94
OG0006895	0.0007700923	0.0010443237	0.0	0.41
OG0000995	0.0007677981	0.00093574263	0.00040524369	0.53
OG0000327	0.00076192245	0.00058519363	0.000622529	0.86
OG0000106	0.0007618007	0.00051806256	0.00073115015	0.87
OG0000522	0.00076127256	0.0008403619	0.000689544	0.52
OG0001136	0.000758843	0.00055995974	0.0007254438	0.76
OG0000631	0.00075606885	0.0011477182	0.0	0.45
OG0006780	0.0007535528	0.0009421333	0.0	0.43
OG0004412	0.00075278804	0.0007941114	0.0004682443	0.5
OG0000151	0.0007525353	0.00058126205	0.00074126606	0.75
OG0003945	0.00075157976	0.0016042502	0.0	0.23
OG0012357	0.00075148843	0.0009059337	0.0	0.44
OG0004950	0.0007512812	0.0014987444	0.0	0.23
OG0000696	0.0007491255	0.0011379137	0.0	0.4
OG0000322	0.000748215	0.0004791574	0.0007627331	0.91
OG0001258	0.00074579543	0.00080035615	0.0008630563	0.54
OG0004439	0.0007442093	0.0009416683	0.0	0.43
OG0006634	0.0007412165	0.00089786586	0.0	0.49
OG0000506	0.0007384074	0.0007403358	0.00088312326	0.55
OG0000461	0.0007355506	0.0009640641	0.0	0.41
OG0004716	0.00073313067	0.00079998653	0.0	0.49
OG0006795	0.0007311223	0.00060974807	0.0007632881	0.69
OG0011876	0.00072902185	0.0011608434	0.0	0.35
OG0000270	0.000726617	0.0005833625	0.0005797947	0.9
OG0010013	0.00072347815	0.00050098257	0.00077322975	0.77
OG0000078	0.0007193235	0.0011784915	0.0	0.38
OG0005697	0.0007157573	0.000988843	0.0	0.43
OG0005972	0.0007127962	0.00081883965	4.7272388e-05	0.5
OG0005494	0.0007120993	0.000988536	0.0	0.42
OG0006950	0.0007119497	0.0010089673	0.0	0.37
OG0000385	0.0007098033	0.0011241622	0.0	0.47
OG0000105	0.00070899515	0.0007099695	0.0005095992	0.74
OG0000010	0.00070849917	0.0007361692	0.00041334226	0.79
OG0004712	0.0007082032	0.00071457744	0.0007838829	0.56
OG0003862	0.0007067761	0.0007752	0.00052947877	0.51
OG0008691	0.0007022715	0.0010040156	0.0	0.37
OG0006208	0.0007013868	0.0010936758	0.0	0.33
OG0001650	0.00069836207	0.00079689577	0.0	0.49
OG0006955	0.0006982848	0.0010294672	0.0	0.34
OG0005512	0.0006967932	0.0011451825	0.0	0.31
OG0003119	0.0006951744	0.0007908408	0.0	0.47
OG0000311	0.0006945013	0.00049405417	0.0006129469	0.84
OG0000050	0.0006942775	0.00043613554	0.0005920317	0.96
OG0004686	0.00069238734	0.0012298624	0.0	0.29
OG0007098	0.0006877473	0.0009774748	0.0	0.37
OG0000138	0.000686277	0.0005564507	0.00059629494	0.85
OG0000915	0.0006819287	0.00071128027	0.0004427165	0.65
OG0004219	0.0006811077	0.0009576715	0.0	0.39
OG0008564	0.000680584	0.0011450113	0.0	0.31
OG0000025	0.0006792162	0.0003751998	0.00059568294	1.0
OG0001071	0.00067914056	0.0008595124	7.89273e-05	0.51
OG0001460	0.00067405024	0.0007347284	0.0003973587	0.51
OG0003776	0.00067156774	0.0013643715	0.0	0.21
OG0003468	0.0006715423	0.0013648762	0.0	0.23
OG0002041	0.00067099126	0.0007186647	0.00053311256	0.56
OG0004978	0.0006690307	0.00083155936	0.0	0.46
OG0001372	0.0006661077	0.000770708	0.0	0.48
OG0006844	0.0006659685	0.0011914583	0.0	0.26
OG0000689	0.0006637941	0.00079095777	0.0	0.49
OG0003614	0.0006624382	0.0013664071	0.0	0.21
OG0000244	0.0006618305	0.0012029868	0.0	0.39
OG0003339	0.0006560619	0.00085986604	0.0	0.44
OG0006439	0.00065457344	0.0010351816	0.0	0.32
OG0000644	0.0006542584	0.0006966671	0.00041225256	0.57
OG0006098	0.00065360597	0.0009999418	0.0	0.34
OG0000102	0.0006500071	0.00048799528	0.000644251	0.81
OG0005891	0.00064895145	0.00082241563	0.0	0.41
OG0000370	0.0006456653	0.0007806117	0.00039782008	0.58
OG0001274	0.0006455989	0.0010782395	0.0	0.34
OG0016913	0.0006452335	0.0008045815	0.0	0.42
OG0004321	0.00064512156	0.0009199736	0.0	0.49
OG0004062	0.0006413458	0.0009926724	0.0	0.34
OG0010208	0.00064117345	0.0008448003	0.0	0.4
OG0000259	0.00063922524	0.00062477216	0.00063277513	0.64
OG0004855	0.0006376756	0.0010269633	0.0	0.33
OG0003445	0.0006363866	0.0009072511	0.0	0.38
OG0000269	0.0006351751	0.000770854	0.0005433213	0.58
OG0000546	0.0006344619	0.0005741658	0.00067251	0.67
OG0004170	0.00063405687	0.0007976108	0.0	0.46
OG0005069	0.0006330854	0.0007178515	0.0	0.49
OG0010937	0.0006317869	0.00053836696	0.0006857675	0.67
OG0007070	0.00063122326	0.0007984438	0.0	0.45
OG0005067	0.0006303442	0.001142069	0.0	0.27
OG0000655	0.000629664	0.00080442306	0.0002545466	0.6
OG0005472	0.0006259094	0.00084367377	0.0	0.41
OG0006784	0.0006232451	0.0010089142	0.0	0.32
OG0000339	0.0006227063	0.00081172603	0.0	0.46
OG0006713	0.0006174603	0.0014833563	0.0	0.2
OG0005812	0.0006159819	0.0010078015	0.0	0.29
OG0004828	0.00061510166	0.0012301884	0.0	0.27
OG0007660	0.00061387505	0.00090846553	0.0	0.48
OG0000148	0.0006119383	0.0007552973	0.00025402603	0.64
OG0000402	0.0006114267	0.0008964207	0.0	0.45
OG0000599	0.0006109533	0.00058514724	0.0005711564	0.7
OG0000173	0.0006079975	0.0007439048	0.0002757389	0.53
OG0003166	0.00060742395	0.0007340794	0.0	0.47
OG0000843	0.00060729636	0.0009197799	0.0	0.35
OG0004220	0.0006068806	0.0008985492	0.0	0.37
OG0000520	0.00060651405	0.0010806995	0.0	0.31
OG0005933	0.0006052575	0.0005091437	0.0006702002	0.68
OG0010422	0.00060462026	0.00078836596	0.0	0.42
OG0004472	0.0006002711	0.0006779137	0.0004760301	0.61
OG0002968	0.00059842115	0.0007060341	0.0	0.48
OG0013373	0.0005982827	0.0009554494	0.0	0.3
OG0001557	0.0005958641	0.000813033	0.0	0.38
OG0004111	0.0005956875	0.0009788059	0.0	0.3
OG0003893	0.000593545	0.0007335117	0.0	0.45
OG0005612	0.000592516	0.0006931238	0.0	0.49
OG0001145	0.00059215096	0.00070108246	0.0	0.47
OG0000046	0.0005920355	0.00030556865	0.0005052916	1.0
OG0000742	0.0005894877	0.0007060483	0.0	0.44
OG0011814	0.000589159	0.0011556344	0.0	0.24
OG0000218	0.00058553467	0.0006974671	0.00013982077	0.54
OG0000658	0.00058513647	0.00052888703	0.0005043803	0.8
OG0000650	0.0005850513	0.0008889684	0.0	0.4
OG0000090	0.0005840418	0.0005506528	0.0004799941	0.78
OG0001036	0.00058313925	0.00078316615	0.0	0.4
OG0007544	0.0005815072	0.00077891105	0.0	0.42
OG0000413	0.0005789779	0.0006694675	0.00030718496	0.55
OG0018682	0.00057873485	0.0008761211	0.0	0.33
OG0003826	0.00057822885	0.0010147191	0.0	0.3
OG0000037	0.00057774445	0.0002912378	0.0005117087	0.99
OG0000086	0.00057660294	0.00059363013	0.00037679446	0.62
OG0005542	0.00057300826	0.0013534972	0.0	0.16
OG0000332	0.0005728896	0.00076383894	0.0	0.43
OG0005453	0.00057281624	0.0010466834	0.0	0.26
OG0004793	0.00057266693	0.0011689768	0.0	0.23
OG0003758	0.00057201774	0.0009707653	0.0	0.31
OG0014535	0.0005703538	0.0009208763	0.0	0.31
OG0004215	0.0005698415	0.00095095055	0.0	0.32
OG0003806	0.00056856073	0.00048562363	0.0006390023	0.72
OG0004849	0.0005674393	0.0012677651	0.0	0.19
OG0010961	0.0005658945	0.0009154721	0.0	0.33
OG0001003	0.0005655453	0.00073983363	0.0	0.4
OG0004656	0.0005641817	0.00098718	0.0	0.28
OG0007216	0.00056257535	0.00049903337	0.0006579556	0.64
OG0000164	0.0005625289	0.0005377648	0.00038498946	0.89
OG0000808	0.00056192896	0.00075782085	0.0	0.45
OG0005467	0.00056031597	0.0013339986	0.0	0.18
OG0001298	0.0005593767	0.0007402161	0.0	0.43
OG0007204	0.0005591646	0.0010080641	0.0	0.27
OG0000179	0.0005561417	0.0005893168	0.00036097187	0.73
OG0000734	0.0005560301	0.0007662064	0.0	0.41
OG0003240	0.0005551346	0.00040916272	0.0005650183	0.78
OG0003977	0.0005543559	0.0004234213	0.0005278783	0.74
OG0000175	0.000553841	0.00065353257	0.00030500736	0.55
OG0007124	0.00055349775	0.0012773747	0.0	0.18
OG0003827	0.0005534075	0.0013867164	0.0	0.15
OG0000053	0.00055160647	0.0004561484	0.00042485734	0.88
OG0003833	0.0005515296	0.0010018235	0.0	0.29
OG0000113	0.0005493674	0.00051220483	0.00050516415	0.73
OG0005565	0.00054833374	0.0011134907	0.0	0.22
OG0000355	0.000548024	0.0006510905	0.0	0.49
OG0004130	0.00054746616	0.00072773127	0.0	0.41
OG0004350	0.00054514856	0.0005677065	0.0005222872	0.68
OG0004007	0.0005431806	0.0012573318	0.0	0.19
OG0007992	0.00054313825	0.0007717369	0.0	0.36
OG0009653	0.0005396268	0.00092490396	0.0	0.27
OG0001066	0.00053932786	0.00047715585	0.00037605478	0.81
OG0007073	0.00053858577	0.0007716891	0.0	0.37
OG0005501	0.00053823786	0.0010760517	0.0	0.22
OG0000190	0.00053772365	0.00048352018	0.0003986797	0.8
OG0000606	0.0005375517	0.0007093622	0.0	0.44
OG0000437	0.00053701637	0.00066435256	0.00032171715	0.55
OG0009818	0.0005368477	0.00071062037	0.0	0.41
OG0007291	0.0005356502	0.00068146246	0.00035466824	0.52
OG0000163	0.00053513	0.000635829	0.00038493128	0.7
OG0000031	0.00053405244	0.00038358074	0.00043846795	0.92
OG0000533	0.0005328122	0.0009659422	0.0	0.4
OG0000323	0.00053053163	0.00083416456	0.0	0.34
OG0000279	0.00052939774	0.0005755604	0.0004576153	0.6
OG0006239	0.00052916346	0.0011274768	0.0	0.2
OG0000082	0.00052916264	0.00048630591	0.00036389547	0.86
OG0011028	0.00052654854	0.0007713325	0.0	0.35
OG0000048	0.0005254722	0.00038779931	0.00042366388	0.93
OG0003878	0.00052428915	0.00045583924	0.0005257417	0.68
OG0003871	0.0005239281	0.0013380434	0.0	0.17
OG0004611	0.0005238433	0.00103329	0.0	0.23
OG0004874	0.00052144146	0.0011412742	0.0	0.2
OG0001570	0.00051953737	0.0011913772	0.0	0.17
OG0000436	0.0005193611	0.00063063804	0.0001261297	0.54
OG0004152	0.0005189318	0.00081796973	0.0	0.34
OG0000521	0.0005186997	0.0006930595	0.000101279744	0.52
OG0000825	0.00051796116	0.0006942593	0.0	0.42
OG0000089	0.0005178202	0.00056912424	0.00033702122	0.65
OG0004261	0.0005162787	0.0010584925	0.0	0.25
OG0003976	0.00051565166	0.0012884287	0.0	0.16
OG0006732	0.0005145244	0.0008824301	0.0	0.29
OG0010478	0.00051185826	0.0010309627	0.0	0.21
OG0000266	0.0005118176	0.0005368356	0.00043794006	0.6
OG0011811	0.0005109484	0.0008383168	0.0	0.3
OG0000531	0.00050992944	0.00080982014	0.0	0.38
OG0001218	0.00050761114	0.00081142766	0.0	0.3
OG0004518	0.0005059057	0.0007559125	0.0	0.43
OG0000326	0.0005056181	0.0006659134	0.0	0.42
OG0000656	0.0005055669	0.0006587278	0.0	0.42
OG0004731	0.0005051146	0.00081548886	0.0	0.3
OG0004664	0.00050312554	0.0007055989	0.0	0.37
OG0000695	0.00050255976	0.0006574201	0.0	0.42
OG0003581	0.0005023183	0.0009292917	0.0	0.27
OG0000295	0.00050175335	0.00050724676	0.00036241347	0.66
OG0000947	0.00050049083	0.0008205514	0.0	0.29
OG0004116	0.0005001951	0.0005807829	0.0	0.49
OG0000579	0.0004997497	0.00048729978	0.00048665662	0.65
OG0002644	0.00049966836	0.0009525742	0.0	0.45
OG0000594	0.0004994093	0.0006373746	0.0	0.41
OG0010001	0.0004985772	0.00093109347	0.0	0.25
OG0000136	0.0004985218	0.00052362436	0.00032648406	0.65
OG0011702	0.0004934903	0.00076506287	0.0	0.31
OG0001014	0.0004933327	0.0007563966	0.0	0.34
OG0005518	0.0004932002	0.0010058277	0.0	0.21
OG0006959	0.0004925976	0.0012745582	0.0	0.17
OG0006054	0.000492503	0.00060224044	0.0004030182	0.55
OG0003632	0.0004919356	0.00067586335	0.0	0.41
OG0000463	0.0004914237	0.0005568145	0.00042107562	0.54
OG0007018	0.00049137406	0.0004975821	0.0005134068	0.61
OG0000011	0.00049050536	0.00024046337	0.000433888	1.0
OG0000507	0.0004892818	0.00071185105	0.0	0.44
OG0003985	0.00048901275	0.001033298	0.0	0.26
OG0000684	0.00048898393	0.0004378695	0.000456996	0.73
OG0000497	0.000488963	0.0006521679	0.00010541438	0.53
OG0000837	0.00048870256	0.0008246596	0.0	0.3
OG0000112	0.0004883461	0.00064578134	0.00024010662	0.57
OG0001195	0.00048727638	0.0006641547	0.0	0.41
OG0004120	0.00048683368	0.0009792092	0.0	0.27
OG0004006	0.00048264852	0.00089501444	0.0	0.34
OG0000014	0.00048232463	0.00020987414	0.0004367566	1.0
OG0009197	0.00048169077	0.0007554305	0.0	0.34
OG0000343	0.000480779	0.00089982396	6.302078e-05	0.5
OG0004524	0.0004793219	0.0007096222	0.0	0.36
OG0009757	0.0004782863	0.00056207675	0.00013817206	0.54
OG0003213	0.00047783635	0.00079192064	0.0	0.28
OG0004925	0.00047780658	0.0010064533	0.0	0.2
OG0010022	0.0004765296	0.00069885486	0.0	0.36
OG0010457	0.00047642735	0.0007071161	0.0	0.35
OG0011779	0.00047582795	0.00068906584	0.0	0.38
OG0017745	0.000475167	0.0007313404	0.0	0.32
OG0000819	0.00047483126	0.0007693234	0.0	0.33
OG0004890	0.00047476124	0.0012238512	0.0	0.15
OG0008789	0.00047371665	0.00075715856	0.0	0.32
OG0000085	0.0004717491	0.0006789005	0.00027406588	0.66
OG0005595	0.00047151375	0.0009887075	0.0	0.22
OG0000291	0.00047126377	0.000632914	8.276746e-05	0.54
OG0004795	0.0004703808	0.0008828244	0.0	0.25
OG0003800	0.0004696316	0.0006648853	0.0	0.4
OG0003509	0.0004682482	0.0011219088	0.0	0.17
OG0000045	0.000467025	0.00036932266	0.000396816	0.94
OG0000115	0.00046645376	0.00048493358	0.0003735301	0.7
OG0006104	0.00046640923	0.0007110232	0.0	0.32
OG0008364	0.0004641226	0.00095000817	0.0	0.21
OG0003847	0.0004615235	0.00092691486	0.0	0.3
OG0002180	0.0004611429	0.00086035504	0.0	0.27
OG0010922	0.0004607788	0.0009109451	0.0	0.23
OG0000142	0.0004596066	0.00044229563	0.00037191104	0.75
OG0003778	0.00045880998	0.00080545386	0.0	0.3
OG0004200	0.0004586033	0.0011277866	0.0	0.15
OG0000077	0.00045840425	0.00045811853	0.0003749755	0.73
OG0003062	0.0004561817	0.0007179328	0.0	0.34
OG0000023	0.00045616803	0.00026491977	0.00039315634	0.98
OG0003684	0.00045517238	0.000998727	0.0	0.18
OG0000035	0.00045235147	0.00036857807	0.00035015517	0.95
OG0004315	0.00045150705	0.0014052353	0.0	0.11
OG0010224	0.0004506981	0.00092935556	0.0	0.21
OG0003973	0.00045015503	0.0008778239	0.0	0.27
OG0005018	0.00044931605	0.0012833702	0.0	0.12
OG0003592	0.0004481059	0.0006660242	0.0	0.35
OG0000712	0.00044772963	0.00070256647	0.0	0.32
OG0000065	0.0004476605	0.00043394612	0.00035426227	0.78
OG0004103	0.00044674164	0.0005708798	0.0	0.49
OG0000543	0.00044672715	0.0012746692	0.0	0.21
OG0000770	0.00044667572	0.00062553555	0.0	0.4
OG0005769	0.00044636306	0.0012477079	0.0	0.12
OG0000670	0.00044540866	0.00063825224	0.0	0.49
OG0011585	0.0004442317	0.0007067926	0.0	0.3
OG0007751	0.0004437561	0.0010200614	0.0	0.19
OG0002782	0.00044090007	0.0007428589	0.0	0.38
OG0003860	0.000440734	0.0005062384	0.00038388802	0.54
OG0004938	0.00044031828	0.00077396625	0.0	0.27
OG0000068	0.00044003446	0.0005266792	0.00024797756	0.71
OG0000093	0.0004385722	0.00065498234	0.0	0.35
OG0008666	0.0004385541	0.00097114895	0.0	0.2
OG0004401	0.00043691616	0.0011123988	0.0	0.14
OG0000634	0.00043546665	0.0007001007	0.0	0.39
OG0000868	0.00043488492	0.0006744513	0.0	0.33
OG0005389	0.00043484557	0.00097004935	0.0	0.21
OG0011612	0.0004344791	0.00082841964	0.0	0.23
OG0001056	0.0004339126	0.00041775766	0.00041826896	0.65
OG0002280	0.00043331645	0.0007360782	0.0	0.28
OG0000201	0.00043326055	0.0006008021	0.0	0.38
OG0000231	0.00043263883	0.0007864939	0.0	0.4
OG0000462	0.00043209098	0.0009076177	0.0	0.22
OG0004721	0.00043134257	0.0011947966	0.0	0.13
OG0000027	0.00043115072	0.00027702088	0.00035291933	0.98
OG0005032	0.0004303496	0.00093148684	0.0	0.2
OG0003587	0.000430297	0.0006430251	0.0	0.37
OG0000075	0.0004295025	0.0005459936	0.00017588839	0.6
OG0000241	0.00042871397	0.00046162368	0.0003459612	0.57
OG0001726	0.00042852186	0.00062981	0.0	0.34
OG0005315	0.00042835495	0.00084523467	0.0	0.24
OG0004641	0.000427916	0.0007508134	0.0	0.28
OG0000195	0.00042638276	0.0006254491	0.0	0.39
OG0003305	0.000425113	0.0006749236	0.0	0.32
OG0004521	0.0004239627	0.001109616	0.0	0.14
OG0003297	0.00042260336	0.0007424645	0.0	0.27
OG0007000	0.00042230298	0.0010920492	0.0	0.14
OG0000729	0.00042197175	0.00058990676	0.0	0.44
OG0000557	0.00042102183	0.0007800653	0.0	0.35
OG0000816	0.00042029403	0.0006305032	0.0	0.36
OG0005624	0.00042009313	0.0006081076	0.0	0.35
OG0001153	0.00041961417	0.0006402271	0.0	0.32
OG0007548	0.000418819	0.00095139554	0.0	0.18
OG0000681	0.00041629837	0.00047655732	0.0002584951	0.62
OG0004454	0.00041593303	0.0006042075	0.0	0.39
OG0004451	0.00041428412	0.000646864	0.0	0.34
OG0001295	0.00041427175	0.00059241464	0.0	0.35
OG0000033	0.0004141321	0.00030276863	0.00041675125	0.81
OG0007276	0.00041385065	0.0007887518	0.0	0.28
OG0003143	0.00041350242	0.00054796186	0.0	0.45
OG0004759	0.0004134028	0.0012032966	0.0	0.15
OG0013287	0.00041289744	0.00068517815	0.0	0.29
OG0004798	0.00041285148	0.00093590905	0.0	0.21
OG0003797	0.00041272942	0.0006197855	0.0	0.36
OG0004668	0.00041250605	0.0006843087	0.0	0.29
OG0002450	0.000411219	0.00041448727	0.00045134115	0.64
OG0004216	0.0004102549	0.00039073237	0.0004889027	0.58
OG0000059	0.00040979282	0.00036427873	0.0003206055	0.89
OG0000239	0.00040935315	0.0005936147	0.0	0.4
OG0008336	0.00040899834	0.00078538776	0.0	0.24
OG0000140	0.0004085325	0.00036793167	0.00035728712	0.84
OG0001152	0.0004084022	0.0004924072	0.000112776164	0.51
OG0014455	0.00040825014	0.0007653091	0.0	0.24
OG0007079	0.0004082248	0.0011788936	0.0	0.12
OG0003835	0.00040800136	0.00037595988	0.0004459569	0.61
OG0000191	0.00040650123	0.0003434954	0.0003974432	0.7
OG0006667	0.00040521641	0.0007202608	0.0	0.28
OG0008828	0.00040390983	0.0008480238	0.0	0.2
OG0003516	0.00040387877	0.0009244416	0.0	0.2
OG0000214	0.0004033188	0.00057543535	0.0	0.4
OG0004117	0.00040325426	0.0006359201	0.0	0.34
OG0003889	0.00040239317	0.000543791	7.237574e-05	0.52
OG0000024	0.00040072322	0.00019638355	0.00035805543	1.0
OG0006979	0.00040045314	0.0007844623	0.0	0.25
OG0003795	0.00040034932	0.0010622818	0.0	0.18
OG0007766	0.00039891966	0.00069154875	0.0	0.27
OG0005339	0.0003988994	0.00082545	0.0	0.24
OG0008055	0.00039817407	0.0011659259	0.0	0.12
OG0004088	0.00039655078	0.0011656146	0.0	0.11
OG0007656	0.0003960243	0.001161423	0.0	0.12
OG0007647	0.000395914	0.0009345254	0.0	0.2
OG0000020	0.00039530642	0.00083773496	0.0	0.31
OG0010972	0.00039509524	0.0007567441	0.0	0.23
OG0004376	0.00039507286	0.0010223115	0.0	0.15
OG0000129	0.00039490967	0.0003175934	0.00036159396	0.78
OG0001051	0.0003948824	0.00065551087	0.0	0.29
OG0000088	0.0003948217	0.00030670202	0.00035914202	0.82
OG0007758	0.00039432393	0.00074339384	0.0	0.24
OG0000377	0.00039426572	0.0006182803	0.0	0.38
OG0000496	0.00039270343	0.0005494262	0.0	0.43
OG0003059	0.000392663	0.00061340904	0.0	0.31
OG0008644	0.0003924303	0.00074563036	0.0	0.26
OG0010442	0.00039211073	0.00073147693	0.0	0.24
OG0005901	0.00039051438	0.00067647506	0.0	0.28
OG0002819	0.0003891244	0.000523695	0.0	0.42
OG0003500	0.0003890153	0.0007772218	0.0	0.26
OG0008567	0.0003889617	0.00076489145	0.0	0.25
OG0003914	0.0003887033	0.0009005163	0.0	0.18
OG0003972	0.00038838328	0.0007047565	0.0	0.25
OG0004886	0.00038819548	0.0009685011	0.0	0.19
OG0004330	0.00038807731	0.00069793133	0.0	0.28
OG0005660	0.00038744754	0.0005447444	0.0	0.41
OG0000629	0.00038675978	0.00070672965	0.0	0.29
OG0004199	0.000386483	0.00052930403	0.0	0.4
OG0003215	0.000385891	0.00073842605	0.0	0.23
OG0000836	0.00038472554	0.000492735	0.0	0.45
OG0001060	0.00038456917	0.0003572221	0.0003657477	0.71
OG0003910	0.00038306747	0.00067146897	0.0	0.28
OG0000145	0.00038270734	0.00037005366	0.00033873747	0.78
OG0000016	0.00038241557	0.00023466146	0.00030859368	1.0
OG0003598	0.0003821723	0.00066238345	0.0	0.28
OG0003078	0.00038214435	0.0006754752	0.0	0.3
OG0000166	0.00038205023	0.000599338	0.0	0.42
OG0000489	0.0003807124	0.00065708335	0.0	0.34
OG0011013	0.00038065025	0.00082707586	0.0	0.2
OG0000364	0.00038018406	0.00046714867	0.00025088806	0.57
OG0000185	0.00037994314	0.0005161143	5.3195763e-05	0.52
OG0000120	0.0003794352	0.0004719077	0.00025851946	0.64
OG0000530	0.00037908624	0.0006528779	0.0	0.28
OG0006215	0.00037861898	0.0006677429	0.0	0.28
OG0013758	0.0003786022	0.0007088709	0.0	0.24
OG0000488	0.00037835527	0.000765128	0.0	0.3
OG0003948	0.0003774368	0.00093864725	0.0	0.17
OG0003320	0.00037613735	0.0005757627	0.0	0.38
OG0003073	0.0003749863	0.0006449875	0.0	0.3
OG0000208	0.00037492783	0.00064213027	0.0	0.38
OG0006661	0.00037375896	0.00084342784	0.0	0.2
OG0009359	0.00037344784	0.00095396483	0.0	0.16
OG0009165	0.00037310028	0.0007098525	0.0	0.24
OG0000118	0.0003723989	0.0004650934	0.00019904226	0.65
OG0001402	0.00037224815	0.0006398227	0.0	0.27
OG0003804	0.00037085768	0.0010491573	0.0	0.12
OG0000430	0.00037076604	0.0005767209	0.0	0.33
OG0000125	0.0003701025	0.0004724139	0.00024491124	0.56
OG0001563	0.00037007403	0.0005981344	0.0	0.29
OG0000015	0.00036992368	0.00023992964	0.0003347481	0.99
OG0009200	0.00036938168	0.0004163886	0.0	0.49
OG0010906	0.0003693489	0.00069269276	0.0	0.24
OG0004796	0.00036860685	0.0004697926	0.0	0.44
OG0005128	0.00036791275	0.0010755687	0.0	0.12
OG0005199	0.00036667305	0.0007426073	0.0	0.23
OG0004692	0.0003665122	0.0008783334	0.0	0.18
OG0008909	0.00036627968	0.00078000413	0.0	0.19
OG0010960	0.00036596932	0.0006100827	0.0	0.29
OG0006381	0.00036594726	0.0008632709	0.0	0.18
OG0000034	0.00036553026	0.00025478	0.0003250062	0.94
OG0000568	0.00036533203	0.0006573734	0.0	0.29
OG0000399	0.00036512286	0.0006311025	0.0	0.28
OG0005897	0.00036493817	0.0007185212	0.0	0.23
OG0009084	0.00036424614	0.0008364464	0.0	0.17
OG0010536	0.00036364622	0.0006326281	0.0	0.29
OG0004076	0.0003618405	0.00051514263	0.0	0.44
OG0001310	0.00036172342	0.00064813584	0.0	0.25
OG0008370	0.00036137376	0.0007128049	0.0	0.22
OG0001529	0.0003606829	0.00069092994	0.0	0.23
OG0004994	0.0003603199	0.00070438837	0.0	0.25
OG0001846	0.00035988336	0.000588149	0.0	0.29
OG0004526	0.0003594354	0.00058208616	0.0	0.41
OG0002981	0.00035856242	0.00061927945	0.0	0.27
OG0000440	0.0003585436	0.0005877568	0.0	0.37
OG0001169	0.00035845648	0.00071997166	0.0	0.3
OG0004907	0.00035799903	0.000767086	0.0	0.21
OG0003454	0.00035709725	0.0006409471	0.0	0.25
OG0009387	0.00035629745	0.00070397835	0.0	0.23
OG0003201	0.0003554154	0.0010850766	0.0	0.12
OG0004891	0.000354787	0.0007935403	0.0	0.18
OG0006325	0.00035410293	0.00071091886	0.0	0.22
OG0007761	0.0003531865	0.00068340416	0.0	0.24
OG0009511	0.00035228382	0.00076403905	0.0	0.19
OG0005317	0.00035183268	0.0006924559	0.0	0.25
OG0005405	0.00035170928	0.0006828761	0.0	0.23
OG0016415	0.00035058695	0.0007788133	0.0	0.2
OG0006299	0.00034959792	0.0008267084	0.0	0.17
OG0002044	0.00034920464	0.0005718199	0.0	0.36
OG0000134	0.00034789852	0.0004839733	4.8507423e-05	0.5
OG0000539	0.0003475399	0.00059928105	0.0	0.37
OG0005026	0.00034732	0.00068862585	0.0	0.22
OG0000882	0.0003472092	0.0005878024	0.0	0.29
OG0005936	0.00034687453	0.0007129411	0.0	0.21
OG0009203	0.00034563706	0.0006382369	0.0	0.32
OG0000017	0.00034553887	0.0003237231	0.00024948196	0.83
OG0001558	0.00034430742	0.00040535195	0.00027150245	0.52
OG0001363	0.0003437231	0.00059732836	0.0	0.3
OG0000544	0.00034359508	0.00048175428	0.0	0.43
OG0000152	0.0003435855	0.00036717585	0.00026917667	0.65
OG0008338	0.00034331466	0.0005016217	0.0	0.37
OG0000236	0.00034309243	0.0005690761	0.0	0.37
OG0005656	0.0003430276	0.00070074876	0.0	0.21
OG0008568	0.00034235808	0.0006921911	0.0	0.24
OG0003097	0.0003423435	0.0005439314	0.0	0.35
OG0006664	0.00034129462	0.00075262185	0.0	0.18
OG0001141	0.00034099582	0.0005973683	0.0	0.36
OG0000130	0.00034009176	0.000396963	0.00027107628	0.75
OG0006984	0.0003398457	0.00078967225	0.0	0.17
OG0003404	0.00033789777	0.0007107991	0.0	0.21
OG0009814	0.00033755938	0.0003743628	0.0001111675	0.5
OG0003231	0.0003373943	0.00040988918	0.00026432794	0.53
OG0005870	0.0003367452	0.00075240346	0.0	0.19
OG0000083	0.00033646866	0.0003424151	0.00026781438	0.74
OG0003397	0.00033576312	0.0008576442	0.0	0.18
OG0007131	0.00033410796	0.0007408834	0.0	0.21
OG0000223	0.00033376002	0.0005795666	0.0	0.38
OG0005256	0.00033339232	0.0007069445	0.0	0.2
OG0002413	0.00033319014	0.0004306485	0.00014201275	0.52
OG0003696	0.00033225742	0.0005619204	0.0	0.28
OG0003629	0.00033203344	0.000552783	0.0	0.33
OG0004491	0.00033097097	0.00067498983	0.0	0.27
OG0005597	0.00032982527	0.00075111084	0.0	0.24
OG0001284	0.00032969323	0.0006116546	0.0	0.26
OG0000298	0.00032958205	0.00033924196	0.00028723362	0.73
OG0006954	0.00032880984	0.0006929083	0.0	0.2
OG0005083	0.0003276675	0.0006144438	0.0	0.25
OG0002043	0.0003273465	0.00034732887	0.00029279286	0.58
OG0002912	0.00032691308	0.00058720366	0.0	0.25
OG0000052	0.00032682295	0.00028015958	0.0002621128	0.91
OG0014845	0.00032646715	0.00068577955	0.0	0.21
OG0004370	0.0003241536	0.00076605397	0.0	0.2
OG0006477	0.00032414333	0.0010575741	0.0	0.1
OG0004458	0.00032411327	0.00056170573	0.0	0.27
OG0001798	0.0003240485	0.00055035844	0.0	0.27
OG0000268	0.00032386518	0.00071298674	0.0	0.25
OG0003392	0.00032346547	0.00069040037	0.0	0.21
OG0003763	0.0003215621	0.00061201776	0.0	0.24
OG0000006	0.00032092776	0.00041482627	0.00018837136	0.9
OG0000099	0.00032068585	0.00051501323	0.00026918933	0.68
OG0005682	0.0003205107	0.0006454965	0.0	0.3
OG0009658	0.0003199226	0.000738856	0.0	0.17
OG0004990	0.00031977374	0.00057467615	0.0	0.29
OG0001407	0.00031946079	0.00055657217	0.0	0.28
OG0001389	0.00031889393	0.00066852226	0.0	0.21
OG0001791	0.0003188753	0.00050726667	0.0	0.42
OG0004411	0.0003170171	0.0006792843	0.0	0.26
OG0003855	0.0003160074	0.00060997193	0.0	0.29
OG0008080	0.0003159645	0.000847616	0.0	0.13
OG0009438	0.000315552	0.0008426353	0.0	0.14
OG0004869	0.00031548907	0.0008402124	0.0	0.14
OG0003233	0.00031252962	0.0007569397	0.0	0.19
OG0004563	0.00031213847	0.0008818962	0.0	0.16
OG0000189	0.00031205342	0.00046242576	0.0	0.43
OG0003560	0.00031196547	0.00048946525	0.0	0.34
OG0001767	0.00031163593	0.00050649204	0.0	0.33
OG0002592	0.00031144658	0.0006416631	0.0	0.21
OG0000838	0.00031092783	0.0006687284	0.0	0.19
OG0000732	0.00030948638	0.0005911404	0.0	0.3
OG0003688	0.00030917962	0.00060683355	0.0	0.24
OG0000792	0.00030907147	0.00035065998	0.00022758389	0.52
OG0005164	0.00030888245	0.0005263034	0.0	0.28
OG0007864	0.00030845142	0.0004836396	0.0	0.35
OG0004512	0.00030820948	0.0007211281	0.0	0.16
OG0003590	0.00030813395	0.0010183987	0.0	0.09
OG0007700	0.00030803712	0.0006915577	0.0	0.18
OG0000745	0.00030792775	0.00058446935	0.0	0.23
OG0001287	0.00030758392	0.0005490075	0.0	0.3
OG0003134	0.00030721768	0.0006259762	0.0	0.24
OG0011842	0.000306757	0.00060958345	0.0	0.23
OG0007369	0.00030661104	0.0006600246	0.0	0.19
OG0004192	0.00030595445	0.00063209643	0.0	0.22
OG0003666	0.00030574112	0.00062081055	0.0	0.25
OG0002991	0.00030537753	0.0005668616	0.0	0.28
OG0007910	0.00030484347	0.00058146496	0.0	0.23
OG0000390	0.00030463637	0.0005271147	0.0	0.38
OG0007119	0.00030452537	0.0006655883	0.0	0.22
OG0001219	0.0003044648	0.00063093076	0.0	0.26
OG0005967	0.00030273356	0.00084363593	0.0	0.15
OG0005546	0.00030261607	0.00088702113	0.0	0.11
OG0004043	0.00030247995	0.0004942139	0.0	0.32
OG0009210	0.000301917	0.00067621015	0.0	0.18
OG0003774	0.00030184604	0.000494728	0.0	0.35
OG0000474	0.00030028622	0.00065007765	0.0	0.24
OG0000110	0.00029974765	0.00040134334	0.00018538418	0.6
OG0004295	0.00029927152	0.0006761967	0.0	0.21
OG0001160	0.00029901328	0.00069477345	0.0	0.21
OG0003932	0.00029872867	0.00093913724	0.0	0.15
OG0003894	0.0002978105	0.0008767211	0.0	0.11
OG0000368	0.00029725002	0.0002606597	0.00029822934	0.68
OG0003709	0.0002962873	0.00067752984	0.0	0.2
OG0000018	0.00029612353	0.00020708881	0.00023840161	0.96
OG0003879	0.0002960136	0.0008736635	0.0	0.12
OG0007224	0.00029555088	0.0006786349	0.0	0.18
OG0000614	0.00029469555	0.0005006681	0.0	0.45
OG0001084	0.00029461875	0.00053962716	0.0	0.24
OG0000525	0.00029448996	0.00054745254	0.0	0.3
OG0004196	0.0002941028	0.00047128397	0.0	0.35
OG0007362	0.0002931845	0.00045966677	0.0	0.34
OG0007367	0.0002928704	0.0004307975	0.0	0.35
OG0001759	0.00029286687	0.000642589	0.0	0.2
OG0005690	0.00029272152	0.0008257475	0.0	0.12
OG0011005	0.00029267196	0.0007496447	0.0	0.15
OG0000121	0.00029249705	0.00033242226	0.00024944852	0.66
OG0007536	0.00029240042	0.000700604	0.0	0.16
OG0000091	0.00029222516	0.00035383296	0.00020426277	0.58
OG0003672	0.00029210595	0.0007836874	0.0	0.15
OG0000528	0.0002920375	0.00056601496	0.0	0.24
OG0010544	0.00029195193	0.0006912783	0.0	0.16
OG0000956	0.00029155877	0.0005751378	0.0	0.23
OG0000748	0.00029104066	0.00039945685	0.0	0.43
OG0006268	0.00029099244	0.00067127583	0.0	0.21
OG0003399	0.0002902616	0.0005564889	0.0	0.24
OG0018590	0.00029023286	0.00059850886	0.0	0.21
OG0009693	0.00029018734	0.00063858996	0.0	0.18
OG0011561	0.00029005427	0.0007040845	0.0	0.16
OG0010458	0.00029005102	0.0006782291	0.0	0.18
OG0000600	0.00028977598	0.0006775799	0.0	0.17
OG0004854	0.0002891651	0.0009203582	0.0	0.1
OG0000382	0.0002886181	0.00061122875	0.0	0.24
OG0006486	0.00028842976	0.00085484254	0.0	0.12
OG0000803	0.00028781538	0.0006231383	0.0	0.2
OG0000069	0.00028734645	0.00035466382	0.00023522391	0.66
OG0004385	0.00028720842	0.00062980957	0.0	0.21
OG0000595	0.00028696875	0.00092988374	0.0	0.1
OG0000004	0.0002856854	0.00030779492	0.0002101233	0.94
OG0004508	0.0002856451	0.00062880374	0.0	0.19
OG0002400	0.0002850794	0.0005947943	0.0	0.2
OG0004576	0.00028412027	0.0005928161	0.0	0.32
OG0000554	0.0002839695	0.00040270766	0.00011402901	0.5
OG0005905	0.00028389948	0.00079774525	0.0	0.12
OG0005614	0.0002834289	0.00061279285	0.0	0.19
OG0004430	0.0002822713	0.00095197756	0.0	0.09
OG0004836	0.00028186874	0.0008367092	0.0	0.13
OG0000168	0.00028152662	0.00041480275	9.542555e-05	0.54
OG0003013	0.00028102135	0.0005654025	0.0	0.22
OG0000002	0.00028058694	0.00012505348	0.00025855767	1.0
OG0001009	0.0002805409	0.00059983425	0.0	0.24
OG0003462	0.0002803615	0.00042967105	0.0	0.37
OG0004045	0.00027986296	0.00060172146	0.0	0.19
OG0008153	0.00027985004	0.0006996725	0.0	0.15
OG0006942	0.00027983912	0.00062063057	0.0	0.18
OG0012332	0.0002792703	0.0006078222	0.0	0.2
OG0001410	0.00027778017	0.00074441533	0.0	0.17
OG0005012	0.00027643165	0.0006596589	0.0	0.16
OG0000698	0.00027575644	0.000542921	0.0	0.34
OG0008931	0.0002755645	0.0006125629	0.0	0.18
OG0013341	0.00027555827	0.0005619351	0.0	0.21
OG0000063	0.00027541732	0.00023612253	0.00026776252	0.87
OG0003665	0.00027488708	0.00069150026	0.0	0.17
OG0000253	0.00027483923	0.00034613477	0.00025142613	0.56
OG0000156	0.00027471138	0.00039125164	7.6187775e-05	0.51
OG0007871	0.00027450346	0.00074084284	0.0	0.13
OG0000331	0.00027441402	0.00046749786	0.0	0.35
OG0001240	0.0002743958	0.00054643926	0.0	0.29
OG0000646	0.00027424385	0.00053360575	0.0	0.27
OG0000607	0.0002738565	0.0004902646	0.0	0.31
OG0004687	0.00027355895	0.0005252796	0.0	0.23
OG0001388	0.00027340336	0.0006517601	0.0	0.22
OG0006287	0.00027331474	0.00064575765	0.0	0.16
OG0000333	0.00027232038	0.0008146288	0.0	0.2
OG0004097	0.0002716038	0.00040590452	0.0	0.39
OG0000728	0.00027156287	0.00050954777	0.0	0.29
OG0000485	0.0002714941	0.000583677	0.0	0.21
OG0003506	0.00027093317	0.00061196595	0.0	0.19
OG0000516	0.00027075774	0.0005147144	0.0	0.26
OG0000605	0.00027074013	0.0004963592	0.0	0.37
OG0000912	0.00027061126	0.00049897406	0.0	0.25
OG0003766	0.00027057817	0.0008014733	0.0	0.15
OG0003621	0.00027036018	0.00039513884	0.0	0.49
OG0009187	0.00026955915	0.0006599545	0.0	0.15
OG0003431	0.00026758757	0.0005909246	0.0	0.19
OG0000056	0.00026755998	0.0004104609	9.713416e-05	0.52
OG0007877	0.00026738294	0.00053654035	0.0	0.24
OG0000740	0.0002663165	0.0006349621	0.0	0.17
OG0006257	0.00026587507	0.0006732535	0.0	0.17
OG0001063	0.0002658317	0.00060179067	0.0	0.2
OG0003658	0.0002657214	0.00058356195	0.0	0.19
OG0007003	0.00026541363	0.00061969797	0.0	0.18
OG0004092	0.00026500926	0.00050531846	0.0	0.26
OG0000541	0.0002649017	0.0004455686	0.0	0.41
OG0003098	0.0002647167	0.00069636205	0.0	0.14
OG0005585	0.00026451016	0.0005789883	0.0	0.22
OG0000616	0.00026402719	0.0005691339	0.0	0.22
OG0003861	0.0002639558	0.0006145377	0.0	0.19
OG0000906	0.00026387247	0.00026913016	0.0002729125	0.71
OG0000003	0.00026365378	8.604167e-05	0.00024195723	1.0
OG0004773	0.00026352642	0.00054289383	0.0	0.27
OG0004131	0.0002634974	0.00044266714	0.0	0.37
OG0003029	0.00026306667	0.00062237674	0.0	0.16
OG0004624	0.00026287767	0.00068956986	0.0	0.17
OG0000070	0.0002628006	0.00036568096	0.0001255658	0.54
OG0000319	0.0002627655	0.0005123689	0.0	0.29
OG0000039	0.0002627465	0.00027811903	0.00020836695	0.79
OG0000038	0.000262364	0.00037830742	0.00014066885	0.72
OG0000659	0.00026203922	0.000512258	0.0	0.24
OG0004639	0.00026187504	0.0010527606	0.0	0.06
OG0000349	0.000261	0.0004538128	0.0	0.44
OG0004791	0.00026093432	0.00081242825	0.0	0.12
OG0003197	0.00026078822	0.00049652276	0.0	0.27
OG0001355	0.00026052026	0.0005418748	0.0	0.2
OG0004870	0.00026036223	0.00029459948	0.0001507039	0.59
OG0000043	0.00025966112	0.00027246267	0.0001990986	0.7
OG0009462	0.00025942313	0.00056734245	0.0	0.21
OG0016911	0.00025932438	0.00054147275	0.0	0.2
OG0002430	0.0002589647	0.0005132149	0.0	0.26
OG0001409	0.00025872138	0.00070738833	0.0	0.16
OG0000918	0.0002576035	0.00058863376	0.0	0.19
OG0001275	0.0002573357	0.00069422007	0.0	0.25
OG0005259	0.00025732446	0.0007531125	0.0	0.13
OG0008432	0.00025650222	0.0009771665	0.0	0.08
OG0004304	0.0002563089	0.00063345593	0.0	0.15
OG0000392	0.00025608158	0.0006392143	0.0	0.24
OG0004768	0.0002560811	0.0005789077	0.0	0.2
OG0003459	0.00025605288	0.000545389	0.0	0.24
OG0013368	0.00025571286	0.00061148935	0.0	0.16
OG0006549	0.00025558897	0.00046713676	0.0	0.33
OG0003139	0.00025537505	0.0005368701	0.0	0.23
OG0012433	0.00025468256	0.0006186377	0.0	0.16
OG0000765	0.00025432487	0.00066044077	0.0	0.18
OG0005719	0.0002540651	0.0005196417	0.0	0.22
OG0000577	0.00025398858	0.00048614488	0.0	0.29
OG0004991	0.0002535065	0.00058194605	0.0	0.2
OG0000570	0.00025327035	0.00044158063	0.0	0.35
OG0000861	0.00025240646	0.00043064836	0.0	0.4
OG0001745	0.0002521598	0.0006777543	0.0	0.14
OG0010905	0.00025211583	0.0006435374	0.0	0.14
OG0009090	0.00025133055	0.00060298684	0.0	0.16
OG0003020	0.00025085377	0.00062956254	0.0	0.15
OG0004159	0.00025040834	0.00087723654	0.0	0.11
OG0010044	0.0002502366	0.0006867895	0.0	0.12
OG0009644	0.00025005	0.00073917856	0.0	0.11
OG0000095	0.00024992827	0.00037055125	0.0	0.45
OG0000409	0.00024954273	0.0005788141	0.0	0.24
OG0001070	0.00024879628	0.00032013873	0.00019041887	0.59
OG0000442	0.00024838225	0.0004777986	0.0	0.3
OG0005324	0.00024810736	0.00056816044	0.0	0.17
OG0004283	0.00024777176	0.0004094506	0.0	0.32
OG0000460	0.0002475375	0.0006735389	0.0	0.2
OG0000455	0.00024669684	0.0004391492	0.0	0.37
OG0005063	0.00024648028	0.00073815614	0.0	0.12
OG0001067	0.00024612478	0.00056697545	0.0	0.24
OG0000708	0.00024585516	0.00062708906	0.0	0.16
OG0000255	0.00024559177	0.0004796594	0.0	0.25
OG0003527	0.0002455354	0.0007345436	0.0	0.14
OG0001097	0.0002451445	0.0004953066	0.0	0.28
OG0004532	0.0002446303	0.0005454045	0.0	0.18
OG0004264	0.0002443317	0.0005291791	0.0	0.2
OG0000167	0.00024428926	0.00051960396	0.0	0.35
OG0008345	0.0002440295	0.00063047174	0.0	0.16
OG0003514	0.00024353348	0.00037369426	0.0	0.49
OG0004268	0.00024347151	0.00065971806	0.0	0.16
OG0004296	0.0002432245	0.00056642486	0.0	0.18
OG0001259	0.00024322174	0.00044623864	0.0	0.34
OG0011022	0.0002426749	0.0005956586	0.0	0.15
OG0000664	0.00024228821	0.00067807257	0.0	0.14
OG0006800	0.0002420501	0.0005825279	0.0	0.16
OG0000007	0.00024195408	0.00015201895	0.0002255231	0.99
OG0000264	0.0002416397	0.00038546138	0.0	0.44
OG0005466	0.00024112944	0.0008287542	0.0	0.09
OG0000943	0.0002410857	0.00047249754	0.0	0.28
OG0005160	0.00024004113	0.00055525504	0.0	0.18
OG0010111	0.00023987395	0.0007382712	0.0	0.1
OG0000796	0.00023974208	0.00044647485	0.0	0.34
OG0002865	0.00023969142	0.0005347531	0.0	0.18
OG0007929	0.0002395834	0.0005881035	0.0	0.15
OG0001770	0.00023941409	0.00047683826	0.0	0.23
OG0003206	0.00023918362	0.0005188556	0.0	0.19
OG0003120	0.00023904724	0.0005048954	0.0	0.19
OG0000228	0.00023881225	0.0004783885	0.0	0.31
OG0000005	0.00023863633	9.5486095e-05	0.00021706596	1.0
OG0006920	0.0002379736	0.0005071402	0.0	0.2
OG0004625	0.00023744018	0.0007532808	0.0	0.13
OG0005295	0.00023719315	0.00057052553	0.0	0.16
OG0005382	0.00023706106	0.00060186785	0.0	0.15
OG0003518	0.00023699258	0.00040520853	0.0	0.31
OG0003153	0.00023695022	0.00044383915	0.0	0.27
OG0001179	0.00023681771	0.00044903523	0.0	0.25
OG0005422	0.00023643058	0.0006322196	0.0	0.18
OG0010042	0.00023617111	0.0006585217	0.0	0.13
OG0000294	0.00023570156	0.00036700664	0.0	0.37
OG0009345	0.00023568426	0.0005957595	0.0	0.16
OG0003636	0.00023561498	0.00030866617	0.0001280022	0.52
OG0004179	0.00023547067	0.0008197607	0.0	0.08
OG0000556	0.00023469755	0.0005523603	0.0	0.21
OG0000492	0.00023453089	0.0004459495	0.0	0.3
OG0003353	0.00023430726	0.00039649897	0.0	0.3
OG0011006	0.00023417592	0.0005906752	0.0	0.14
OG0003517	0.00023369363	0.00043903384	0.0	0.27
OG0007393	0.0002334148	0.00057270686	0.0	0.15
OG0000467	0.00023240749	0.0005642039	0.0	0.23
OG0012372	0.00023191178	0.0005532589	0.0	0.16
OG0005073	0.00023142454	0.0006552633	0.0	0.12
OG0003546	0.00023142081	0.00030929054	0.0	0.48
OG0002605	0.00023076002	0.0004837155	0.0	0.22
OG0000250	0.00023066787	0.0005183787	0.0	0.26
OG0000067	0.00023045072	0.00032954948	0.00014318082	0.52
OG0000301	0.0002304375	0.00043470194	0.0	0.47
OG0000812	0.00023035298	0.00048284128	0.0	0.21
OG0000029	0.00023029154	0.00019217168	0.00019525472	0.9
OG0002802	0.00022969156	0.0005730606	0.0	0.16
OG0010614	0.00022965133	0.00049922697	0.0	0.2
OG0006011	0.00022956614	0.0006338602	0.0	0.13
OG0000542	0.00022941115	0.00074139517	0.0	0.17
OG0004993	0.00022904508	0.0006258228	0.0	0.14
OG0008912	0.00022876833	0.00047309286	0.0	0.27
OG0000804	0.00022847782	0.00042059136	0.0	0.27
OG0006700	0.00022822194	0.00055820245	0.0	0.19
OG0000375	0.00022811329	0.0003897293	8.201912e-05	0.53
OG0006237	0.00022793806	0.0004847548	0.0	0.22
OG0004548	0.0002274457	0.0006529304	0.0	0.19
OG0010900	0.00022725346	0.00035438366	0.0	0.32
OG0004101	0.000227165	0.0005177854	0.0	0.19
OG0002990	0.00022648221	0.00052074186	0.0	0.18
OG0000157	0.0002260283	0.00036698094	0.0	0.42
OG0000994	0.00022578474	0.00043216805	0.0	0.32
OG0000060	0.00022568094	0.0002434556	0.00016178227	0.7
OG0005608	0.00022516925	0.000486344	0.0	0.24
OG0005097	0.00022507025	0.0008891118	0.0	0.09
OG0001556	0.00022506807	0.0004899571	0.0	0.19
OG0003280	0.00022488512	0.00048981205	0.0	0.21
OG0014476	0.0002247236	0.00040918248	0.0	0.26
OG0000202	0.00022452515	0.00031369927	0.0	0.49
OG0003503	0.00022398974	0.00057607645	0.0	0.14
OG0000981	0.00022378378	0.00044720294	0.0	0.28
OG0005116	0.00022372289	0.00061092083	0.0	0.14
OG0006429	0.00022344396	0.00031364546	0.0	0.38
OG0006668	0.00022292043	0.0005513079	0.0	0.16
OG0008808	0.00022269913	0.00060817983	0.0	0.13
OG0002892	0.00022269886	0.00049425306	0.0	0.18
OG0000307	0.00022254745	0.0003501976	0.0	0.46
OG0005392	0.00022240296	0.000653777	0.0	0.11
OG0004568	0.00022212382	0.0005188235	0.0	0.18
OG0006275	0.00022211931	0.0004479824	0.0	0.24
OG0004026	0.00022201531	0.0008101676	0.0	0.08
OG0000998	0.00022155092	0.0005237893	0.0	0.17
OG0000716	0.0002212948	0.000529381	0.0	0.2
OG0000380	0.00022118	0.00066415325	0.0	0.18
OG0005036	0.00022109931	0.00063385366	0.0	0.17
OG0003434	0.00022048644	0.000563744	0.0	0.14
OG0004222	0.00022008264	0.00046132162	0.0	0.28
OG0000515	0.00021959268	0.00034880545	0.0	0.39
OG0003742	0.00021948434	0.0004756388	0.0	0.2
OG0000315	0.00021947117	0.0005270776	0.0	0.16
OG0000094	0.0002194559	0.00029409045	0.00013463295	0.63
OG0004980	0.00021909009	0.00056509295	0.0	0.17
OG0005722	0.00021900478	0.0008183337	0.0	0.07
OG0004626	0.00021877368	0.0005179753	0.0	0.2
OG0005430	0.00021858599	0.00050523167	0.0	0.19
OG0002597	0.00021796748	0.0003067797	0.0	0.38
OG0000000	0.00021788893	6.289673e-05	0.00020675556	1.0
OG0000147	0.00021785362	0.00034612583	0.0	0.42
OG0000344	0.00021780642	0.00021177808	0.00024587126	0.61
OG0000146	0.00021715305	0.00043537476	0.0	0.4
OG0003990	0.00021695819	0.0004892751	0.0	0.17
OG0007807	0.00021683477	0.0006043196	0.0	0.14
OG0001089	0.00021664718	0.000565572	0.0	0.14
OG0000188	0.00021663989	0.00053718855	0.0	0.33
OG0005801	0.00021662768	0.00060911773	0.0	0.12
OG0001514	0.00021657739	0.0005004419	0.0	0.23
OG0004612	0.00021639367	0.0004901875	0.0	0.19
OG0010548	0.00021616157	0.00052034104	0.0	0.16
OG0006490	0.00021611355	0.0006149724	0.0	0.12
OG0004926	0.0002159649	0.0006103627	0.0	0.12
OG0001207	0.0002158471	0.0005275473	0.0	0.15
OG0011011	0.00021558376	0.0004966243	0.0	0.19
OG0003357	0.00021544199	0.00028976615	0.00014633132	0.52
OG0005830	0.0002149742	0.00054573134	0.0	0.16
OG0008575	0.00021495446	0.00052438135	0.0	0.17
OG0016494	0.00021481256	0.0005935207	0.0	0.12
OG0004565	0.00021475926	0.0005583696	0.0	0.15
OG0014671	0.00021471088	0.00048622777	0.0	0.17
OG0000186	0.00021399403	0.00031122132	0.0	0.44
OG0000107	0.00021394165	0.0003379935	0.0	0.42
OG0011628	0.00021339486	0.0005937729	0.0	0.12
OG0006676	0.00021333629	0.0005449937	0.0	0.15
OG0000371	0.0002131997	0.00044579135	0.0	0.24
OG0000630	0.00021298285	0.00047646987	0.0	0.32
OG0007653	0.00021298057	0.00084864814	0.0	0.07
OG0006632	0.00021282758	0.00042759528	0.0	0.23
OG0008669	0.00021242292	0.0003355285	0.0	0.35
OG0000026	0.00021233354	0.00042178127	0.0	0.35
OG0000284	0.0002122679	0.00051765837	0.0	0.25
OG0004956	0.00021211972	0.0005492215	0.0	0.15
OG0011033	0.00021075831	0.00051600276	0.0	0.16
OG0000257	0.00021056559	0.00054204237	0.0	0.21
OG0004826	0.00021051016	0.00082912896	0.0	0.08
OG0005785	0.0002104171	0.00050787366	0.0	0.17
OG0005286	0.00021023853	0.00071490294	0.0	0.09
OG0006241	0.00021006446	0.0006560205	0.0	0.1
OG0015323	0.00021004656	0.0006529839	0.0	0.1
OG0009199	0.00020959809	0.0003686453	0.0	0.33
OG0008249	0.00020959607	0.000591927	0.0	0.12
OG0004299	0.0002090506	0.00065186777	0.0	0.12
OG0001417	0.0002090204	0.00053097564	0.0	0.15
OG0001002	0.00020890102	0.0005570947	0.0	0.15
OG0004657	0.00020854267	0.0004700129	0.0	0.18
OG0001162	0.00020846583	0.00051670085	0.0	0.15
OG0001398	0.00020836276	0.0005334731	0.0	0.14
OG0010472	0.00020835869	0.0006171699	0.0	0.11
OG0003400	0.00020824763	0.00048750147	0.0	0.19
OG0003775	0.00020769662	0.00039758912	0.0	0.27
OG0004840	0.00020697137	0.00060183636	0.0	0.13
OG0000561	0.0002061384	0.00051830144	0.0	0.17
OG0001103	0.00020604001	0.00048332638	0.0	0.16
OG0010229	0.00020581928	0.00061203644	0.0	0.12
OG0010277	0.00020580651	0.0004702758	0.0	0.19
OG0006868	0.00020569269	0.00062447984	0.0	0.15
OG0004373	0.00020538781	0.00075685396	0.0	0.08
OG0004387	0.0002041302	0.00044735355	0.0	0.22
OG0001988	0.00020347345	0.00030476155	0.0	0.36
OG0001151	0.000203208	0.00051468017	0.0	0.16
OG0000429	0.0002026657	0.00040611625	0.0	0.38
OG0005675	0.00020244629	0.0005015166	0.0	0.16
OG0004889	0.00020242418	0.00063776236	0.0	0.14
OG0005909	0.00020236438	0.0005500035	0.0	0.13
OG0005092	0.00020193569	0.00067373586	0.0	0.1
OG0007210	0.00020143404	0.00042612734	0.0	0.21
OG0003191	0.0002010351	0.0005315064	0.0	0.16
OG0003079	0.00020090805	0.0004946938	0.0	0.17
OG0005278	0.00020090431	0.00055402477	0.0	0.14
OG0000400	0.00020070776	0.00053016667	0.0	0.16
OG0000235	0.00019982505	0.0003403985	6.229277e-05	0.54
OG0003870	0.0001998179	0.0006397673	0.0	0.18
OG0006472	0.0001996963	0.00059531024	0.0	0.15
OG0007279	0.00019957172	0.00069124834	0.0	0.11
OG0001252	0.00019953748	0.00049160095	0.0	0.16
OG0010417	0.00019949774	0.00041007207	0.0	0.21
OG0004873	0.00019886285	0.0006935079	0.0	0.09
OG0000919	0.00019842906	0.00047836013	0.0	0.17
OG0006150	0.0001982153	0.00064801064	0.0	0.09
OG0016324	0.00019814569	0.0005125524	0.0	0.14
OG0000360	0.00019805155	0.00034817285	0.0	0.46
OG0003602	0.00019786601	0.00029903388	0.0	0.35
OG0003934	0.00019732502	0.00069610437	0.0	0.09
OG0004995	0.00019725849	0.00049219537	0.0	0.15
OG0000211	0.00019716892	0.0002992632	0.0	0.49
OG0000931	0.00019651609	0.00047029505	0.0	0.16
OG0003858	0.00019634102	0.0005533467	0.0	0.16
OG0014919	0.00019627315	0.00054825016	0.0	0.12
OG0003896	0.00019622629	0.000494202	0.0	0.16
OG0004260	0.00019600963	0.00042052424	0.0	0.31
OG0000252	0.00019579215	0.00042081458	0.0	0.22
OG0007220	0.00019549397	0.0005804901	0.0	0.12
OG0001050	0.00019528692	0.00042980508	0.0	0.22
OG0009996	0.00019523602	0.00051977666	0.0	0.14
OG0006161	0.00019513891	0.0007065546	0.0	0.1
OG0007007	0.00019482184	0.00045698986	0.0	0.16
OG0008492	0.000194755	0.0006051279	0.0	0.1
OG0000258	0.00019437342	0.00039889818	0.0	0.28
OG0005002	0.00019414358	0.0005708589	0.0	0.12
OG0000057	0.00019409168	0.0002820225	7.049438e-05	0.53
OG0000265	0.00019393332	0.0003283758	0.0	0.43
OG0000381	0.00019288404	0.000394063	0.0	0.26
OG0000248	0.00019222946	0.00039091567	0.0	0.44
OG0001750	0.0001922021	0.0005474105	0.0	0.14
OG0000929	0.00019199401	0.00048434362	0.0	0.17
OG0008468	0.00019167842	0.0004204329	0.0	0.23
OG0003407	0.00019167476	0.00030565614	0.0	0.32
OG0000325	0.00019148951	0.00039359886	0.0	0.25
OG0011575	0.00019143823	0.00076595665	0.0	0.07
OG0000234	0.00019101334	0.00032432613	0.0	0.41
OG0005103	0.00019059461	0.0007700964	0.0	0.06
OG0000813	0.00019046376	0.00041961062	0.0	0.24
OG0007199	0.00019045288	0.0006001773	0.0	0.11
OG0003293	0.00019035203	0.0004681874	0.0	0.17
OG0008837	0.00019021025	0.000558608	0.0	0.13
OG0000855	0.0001901141	0.00033443345	0.0	0.42
OG0004280	0.00018999103	0.0006658559	0.0	0.12
OG0006168	0.00018993733	0.0004631745	0.0	0.2
OG0008161	0.0001893754	0.0005224629	0.0	0.15
OG0003230	0.00018916704	0.00048066516	0.0	0.16
OG0000131	0.00018892415	0.00034651946	0.0	0.32
OG0000873	0.0001886139	0.0004556891	0.0	0.16
OG0004086	0.00018849954	0.00054103544	0.0	0.15
OG0000215	0.00018821326	0.00035871836	0.0	0.45
OG0013433	0.00018794816	0.0004386597	0.0	0.18
OG0005228	0.00018789314	0.00070592196	0.0	0.09
OG0000842	0.00018756777	0.0005360095	0.0	0.14
OG0000411	0.00018705543	0.00052497303	0.0	0.15
OG0010892	0.00018592081	0.0005379038	0.0	0.12
OG0000477	0.00018576151	0.00046813695	0.0	0.21
OG0004042	0.00018575655	0.00059336505	0.0	0.19
OG0003375	0.00018546252	0.00028810545	0.0	0.4
OG0000468	0.00018540655	0.0005210446	0.0	0.28
OG0000165	0.00018512068	0.0003633139	0.0	0.36
OG0003783	0.00018495668	0.0007497675	0.0	0.06
OG0004137	0.00018487105	0.0005028747	0.0	0.13
OG0000989	0.00018464087	0.00043613557	0.0	0.22
OG0004478	0.00018443806	0.0004581414	0.0	0.24
OG0006120	0.00018441144	0.00043197515	0.0	0.19
OG0001418	0.00018374827	0.00043009396	0.0	0.19
OG0007323	0.00018334162	0.000581399	0.0	0.1
OG0001832	0.00018332452	0.00039621143	0.0	0.28
OG0000660	0.00018311081	0.00045249428	0.0	0.22
OG0003519	0.00018263514	0.0006201119	0.0	0.09
OG0003856	0.0001823072	0.0004622314	0.0	0.15
OG0001592	0.00018224836	0.0005203618	0.0	0.14
OG0005701	0.00018156199	0.0005091432	0.0	0.13
OG0004256	0.00018131678	0.0007062937	0.0	0.07
OG0000841	0.00018127044	0.00046264686	0.0	0.16
OG0008946	0.00018112482	0.00043339652	0.0	0.16
OG0000303	0.00018101546	0.000356301	0.0	0.3
OG0003639	0.00018025117	0.00045076082	0.0	0.16
OG0003363	0.00017986308	0.0003517442	0.0	0.27
OG0000162	0.00017974227	0.00032471406	0.0	0.33
OG0013329	0.00017970843	0.00048353034	0.0	0.13
OG0003394	0.000179586	0.0004663155	0.0	0.16
OG0004433	0.00017907373	0.00048474548	0.0	0.14
OG0001008	0.00017904118	0.00047521034	0.0	0.16
OG0004675	0.00017889337	0.00050409144	0.0	0.12
OG0003172	0.0001786496	0.0004551127	0.0	0.2
OG0000766	0.00017863646	0.0003787064	0.0	0.26
OG0003291	0.0001785624	0.00037177227	0.0	0.29
OG0006115	0.00017853336	0.0004339819	0.0	0.17
OG0000329	0.00017844667	0.00035461638	0.0	0.25
OG0001269	0.0001781413	0.00045978746	0.0	0.15
OG0004225	0.0001780875	0.00044658573	0.0	0.18
OG0000532	0.00017795237	0.00040857246	0.0	0.19
OG0002828	0.00017773038	0.00046566056	0.0	0.16
OG0004174	0.00017769593	0.00072098715	0.0	0.06
OG0008841	0.0001775846	0.0005265652	0.0	0.11
OG0005231	0.00017750818	0.0005623943	0.0	0.1
OG0007233	0.00017735003	0.00040880134	0.0	0.23
OG0003859	0.00017732855	0.00051956915	0.0	0.12
OG0000725	0.00017705574	0.0004582981	0.0	0.19
OG0009418	0.00017693534	0.0004915284	0.0	0.14
OG0000238	0.00017688025	0.00037538452	0.0	0.35
OG0001235	0.00017683842	0.00066522515	0.0	0.09
OG0000097	0.00017670388	0.0002945868	5.3020223e-05	0.51
OG0003447	0.00017653152	0.0003343538	0.0	0.24
OG0003189	0.0001762191	0.00044019768	0.0	0.15
OG0004514	0.0001760419	0.00044658687	0.0	0.16
OG0010089	0.00017595016	0.00058013765	0.0	0.11
OG0003844	0.00017585707	0.00027860334	0.0	0.4
OG0000892	0.00017567397	0.0005027858	0.0	0.13
OG0000169	0.00017562004	0.0003512769	0.0	0.3
OG0001300	0.00017519422	0.00054695905	0.0	0.16
OG0000356	0.00017492325	0.00038206854	0.0	0.27
OG0010638	0.00017446809	0.00056160573	0.0	0.1
OG0003064	0.0001742653	0.0005380688	0.0	0.1
OG0014512	0.0001740699	0.00050518493	0.0	0.12
OG0010697	0.00017317185	0.00051887176	0.0	0.11
OG0004180	0.00017311436	0.0005020985	0.0	0.14
OG0000494	0.00017247484	0.00027725336	0.0	0.44
OG0000249	0.00017240708	0.00034153365	0.0	0.32
OG0003022	0.00017199524	0.0005866549	0.0	0.1
OG0003669	0.00017196524	0.00054439023	0.0	0.1
OG0018610	0.00017160396	0.0005751666	0.0	0.09
OG0003478	0.00017080654	0.00046634892	0.0	0.16
OG0000636	0.00017004368	0.0003342135	0.0	0.35
OG0005232	0.00016995452	0.000386192	0.0	0.19
OG0001031	0.00016956117	0.00051124545	0.0	0.12
OG0004823	0.00016947628	0.0007004922	0.0	0.07
OG0003596	0.00016941947	0.00041211993	0.0	0.2
OG0000219	0.00016936538	0.00038481058	0.0	0.28
OG0011208	0.00016927626	0.0004391625	0.0	0.15
OG0004819	0.0001692577	0.00039698678	0.0	0.17
OG0008082	0.00016906438	0.000424706	0.0	0.17
OG0004583	0.0001687089	0.00059848826	0.0	0.08
OG0000954	0.0001683748	0.0006279859	0.0	0.11
OG0004004	0.00016791126	0.00045029374	0.0	0.13
OG0002950	0.00016787615	0.00046933396	0.0	0.3
OG0000198	0.00016786369	0.0003814533	0.0	0.23
OG0000593	0.00016785249	0.00046806099	0.0	0.15
OG0000960	0.00016783003	0.00050325517	0.0	0.12
OG0004755	0.00016762521	0.0004775807	0.0	0.13
OG0000155	0.00016755499	0.00034145988	0.0	0.38
OG0002047	0.00016744217	0.0005704181	0.0	0.14
OG0004326	0.00016712658	0.0007719166	0.0	0.05
OG0012344	0.00016652438	0.00036362727	0.0	0.21
OG0000290	0.00016611483	0.00041992668	0.0	0.18
OG0003641	0.00016601398	0.00038646645	0.0	0.18
OG0007260	0.0001655024	0.000524288	0.0	0.13
OG0000183	0.00016550103	0.00032983217	0.0	0.38
OG0003757	0.00016494274	0.00030088698	0.0	0.26
OG0003964	0.0001645411	0.00029590074	0.0	0.27
OG0000585	0.00016430426	0.00051813637	0.0	0.15
OG0000514	0.00016418005	0.00033872708	0.0	0.25
OG0000575	0.0001637178	0.00039485947	0.0	0.26
OG0008444	0.00016346718	0.00043886385	0.0	0.14
OG0006836	0.00016325447	0.0008397735	0.0	0.04
OG0001163	0.00016265108	0.0004321721	0.0	0.13
OG0000945	0.00016264926	0.00039801718	0.0	0.18
OG0004953	0.00016219614	0.00039924862	0.0	0.16
OG0000335	0.00016201973	0.0003081409	0.0	0.41
OG0004069	0.00016197668	0.0005278702	0.0	0.16
OG0000415	0.00016178677	0.00025622625	0.00010054963	0.58
OG0001267	0.00016173601	0.0006802386	0.0	0.06
OG0007230	0.00016165178	0.00043706768	0.0	0.13
OG0000230	0.00016136975	0.00032208985	0.0	0.35
OG0003837	0.00016101058	0.0003792899	0.0	0.18
OG0000213	0.00016095249	0.0003178413	0.0	0.36
OG0000180	0.00016091083	0.00043986752	0.0	0.14
OG0004072	0.00016077381	0.0006623879	0.0	0.08
OG0002238	0.0001607667	0.00032804915	0.0	0.26
OG0007064	0.00016074064	0.00033195352	0.0	0.29
OG0005284	0.0001606645	0.00057873083	0.0	0.09
OG0000184	0.0001606181	0.00022397866	0.00011458504	0.56
OG0002984	0.00016051372	0.00066888967	0.0	0.06
OG0002618	0.00016046684	0.0006220359	0.0	0.08
OG0000405	0.00016042935	0.00061602116	0.0	0.13
OG0010041	0.00016034393	0.0002999655	0.0	0.26
OG0000652	0.00015980964	0.00042882108	0.0	0.15
OG0004418	0.00015978063	0.00051162706	0.0	0.13
OG0000490	0.0001595824	0.00047100155	0.0	0.14
OG0004560	0.00015913395	0.0007366443	0.0	0.05
OG0002455	0.00015839396	0.0004163054	0.0	0.13
OG0003026	0.0001580018	0.00029039662	0.0	0.27
OG0000199	0.00015784077	0.0002978999	0.0	0.33
OG0002574	0.00015783131	0.00044290014	0.0	0.12
OG0003396	0.00015754544	0.00045085215	0.0	0.13
OG0006388	0.00015703564	0.0005044203	0.0	0.14
OG0003463	0.00015673619	0.00038021873	0.0	0.18
OG0004194	0.00015630404	0.00046037955	0.0	0.12
OG0003302	0.00015623738	0.00040151615	0.0	0.16
OG0000420	0.00015623636	0.00030946193	0.0	0.31
OG0004623	0.0001559854	0.00044188302	0.0	0.13
OG0000200	0.00015589326	0.0003162333	0.0	0.28
OG0018592	0.00015569846	0.00044350734	0.0	0.12
OG0012667	0.00015566878	0.00030162875	0.0	0.26
OG0003274	0.00015503402	0.00038149118	0.0	0.15
OG0000324	0.0001548512	0.000340199	0.0	0.2
OG0006813	0.00015436132	0.0005771992	0.0	0.08
OG0003748	0.00015432858	0.00035429586	0.0	0.2
OG0003310	0.00015431098	0.0005133924	0.0	0.1
OG0003785	0.00015402511	0.0004890861	0.0	0.1
OG0005484	0.00015353375	0.00044694255	0.0	0.14
OG0001068	0.00015349843	0.0004638434	0.0	0.14
OG0003180	0.00015330611	0.0004419984	0.0	0.13
OG0000540	0.00015305831	0.00034395547	0.0	0.23
OG0006122	0.00015264685	0.00061111426	0.0	0.09
OG0005004	0.00015231309	0.00053666835	0.0	0.09
OG0000372	0.00015229022	0.00043574517	0.0	0.22
OG0000833	0.00015226523	0.0004394004	0.0	0.12
OG0002881	0.00015165616	0.00039728385	0.0	0.15
OG0001188	0.00015162429	0.00042653567	0.0	0.13
OG0007132	0.00015155859	0.00067757064	0.0	0.05
OG0001237	0.00015150612	0.0004411181	0.0	0.12
OG0001500	0.00015147135	0.00023085163	0.0	0.4
OG0005120	0.00015116058	0.0007024503	0.0	0.05
OG0000757	0.00015111189	0.00032735805	0.0	0.21
OG0007081	0.0001509554	0.0007027968	0.0	0.05
OG0005309	0.00015093369	0.0006260886	0.0	0.08
OG0007360	0.00015062687	0.0004946933	0.0	0.09
OG0005062	0.00015035817	0.000461288	0.0	0.1
OG0008640	0.00015030961	0.0004044407	0.0	0.13
OG0000709	0.00015023898	0.00042254257	0.0	0.15
OG0002420	0.00015014183	0.00026759147	0.0	0.4
OG0001088	0.00014973556	0.00045157108	0.0	0.11
OG0005068	0.00014972885	0.00044876084	0.0	0.11
OG0008883	0.00014954725	0.0004965648	0.0	0.09
OG0000480	0.00014948176	0.00035846137	0.0	0.29
OG0006616	0.00014944655	0.00045434418	0.0	0.11
OG0004571	0.00014925902	0.0005478614	0.0	0.1
OG0000414	0.00014911428	0.0004608303	0.0	0.12
OG0001015	0.000149077	0.00041054047	0.0	0.15
OG0007769	0.00014896867	0.0004361706	0.0	0.13
OG0003611	0.00014858884	0.00039222348	0.0	0.14
OG0010415	0.00014848242	0.00030968915	0.0	0.22
OG0002049	0.00014819167	0.00049338036	0.0	0.11
OG0000880	0.00014807642	0.00038242547	0.0	0.22
OG0009350	0.0001478156	0.0004990947	0.0	0.09
OG0000704	0.00014728372	0.0004133353	0.0	0.12
OG0004178	0.00014723174	0.00072945724	0.0	0.04
OG0007611	0.00014703942	0.00043454382	0.0	0.11
OG0007126	0.00014695233	0.00046499813	0.0	0.11
OG0007672	0.00014689931	0.00045406198	0.0	0.11
OG0000624	0.0001467883	0.0003727051	0.0	0.22
OG0000283	0.0001466046	0.00030056277	0.0	0.38
OG0003388	0.00014635836	0.00048806172	0.0	0.1
OG0002120	0.0001462286	0.00040436382	0.0	0.12
OG0013374	0.00014617115	0.00048037016	0.0	0.09
OG0009648	0.00014608601	0.0006486737	0.0	0.06
OG0004013	0.00014597026	0.00040297685	0.0	0.13
OG0005431	0.00014589753	0.0005138938	0.0	0.08
OG0002759	0.00014577327	0.00034872003	0.0	0.2
OG0005717	0.00014557145	0.000461558	0.0	0.1
OG0000703	0.00014552791	0.0003827772	0.0	0.29
OG0000111	0.00014531394	0.0002268971	0.0	0.4
OG0003068	0.00014528491	0.0003795883	0.0	0.19
OG0000341	0.0001452112	0.00032169814	0.0	0.26
OG0002548	0.00014491913	0.0004199836	0.0	0.11
OG0000260	0.00014490819	0.00039298215	0.0	0.25
OG0004460	0.00014489176	0.0004649303	0.0	0.13
OG0000299	0.00014482171	0.00032891938	0.0	0.3
OG0000920	0.00014472507	0.0004914698	0.0	0.09
OG0005752	0.0001439431	0.0004608415	0.0	0.15
OG0007462	0.00014345376	0.00039819858	0.0	0.15
OG0008918	0.00014279575	0.00038658857	0.0	0.14
OG0001255	0.00014270154	0.0005298963	0.0	0.08
OG0003626	0.00014266148	0.00044349403	0.0	0.1
OG0004871	0.00014251027	0.0005194067	0.0	0.08
OG0011850	0.00014246121	0.00048363296	0.0	0.09
OG0000486	0.00014236335	0.0003296107	0.0	0.21
OG0000761	0.0001422172	0.00048062217	0.0	0.09
OG0000304	0.00014200606	0.00024026033	0.0	0.37
OG0008470	0.00014170413	0.0005388117	0.0	0.08
OG0004195	0.00014163507	0.00028807455	0.0	0.22
OG0013594	0.0001412755	0.0004940574	0.0	0.08
OG0008823	0.00014115742	0.00045168505	0.0	0.1
OG0000225	0.00014112177	0.0002374956	0.0	0.41
OG0006855	0.00014086948	0.0006526232	0.0	0.05
OG0012397	0.00014086455	0.00041573308	0.0	0.12
OG0012342	0.00014074564	0.00045499828	0.0	0.1
OG0004467	0.00014055724	0.0004074278	0.0	0.14
OG0000206	0.00014023678	0.00045805954	0.0	0.13
OG0014415	0.00013991933	0.00039023344	0.0	0.12
OG0003664	0.00013985959	0.0003808539	0.0	0.14
OG0004999	0.00013970722	0.00047255866	0.0	0.12
OG0003292	0.00013958522	0.00040151947	0.0	0.12
OG0000573	0.00013949258	0.00038531635	0.0	0.15
OG0001818	0.00013942191	0.0004350668	0.0	0.1
OG0012363	0.00013932769	0.00025665117	0.0	0.25
OG0000242	0.00013889516	0.00029456918	0.0	0.25
OG0003510	0.00013889448	0.00045052447	0.0	0.1
OG0014432	0.00013883869	0.00043274285	0.0	0.1
OG0004207	0.00013875078	0.00035238077	0.0	0.15
OG0004377	0.00013814263	0.00028898704	0.0	0.22
OG0006091	0.00013792608	0.00039791348	0.0	0.12
OG0005868	0.00013785517	0.0005228626	0.0	0.08
OG0007105	0.00013779251	0.0004267917	0.0	0.1
OG0003010	0.00013774363	0.0003764881	0.0	0.16
OG0000604	0.00013762274	0.0004118687	0.0	0.15
OG0004096	0.00013744959	0.00027244384	0.0	0.24
OG0003162	0.00013744918	0.00023886126	0.0	0.33
OG0005629	0.00013734288	0.00040925073	0.0	0.11
OG0005985	0.00013712546	0.00043104318	0.0	0.11
OG0000352	0.00013708488	0.00044926137	0.0	0.14
OG0000602	0.00013684659	0.00042103257	0.0	0.11
OG0009636	0.0001368269	0.00035001346	0.0	0.18
OG0001915	0.0001366666	0.00040888033	0.0	0.11
OG0002643	0.00013640686	0.00017135456	0.0	0.41
OG0003764	0.00013612822	0.0004680423	0.0	0.1
OG0008600	0.00013544326	0.0003875029	0.0	0.13
OG0002067	0.0001353916	0.00037698902	0.0	0.15
OG0004066	0.00013533726	0.0005937464	0.0	0.09
OG0000916	0.00013523985	0.00051748165	0.0	0.1
OG0000635	0.00013515468	0.00043379326	0.0	0.11
OG0000982	0.0001350099	0.00033460633	0.0	0.22
OG0007882	0.00013465044	0.00033063613	0.0	0.18
OG0005397	0.00013442598	0.00040924965	0.0	0.15
OG0002815	0.00013430913	0.0004162057	0.0	0.1
OG0005460	0.00013421188	0.000600799	0.0	0.05
OG0006671	0.00013407963	0.00031199952	0.0	0.18
OG0005513	0.0001339718	0.00025716823	0.0	0.27
OG0005179	0.00013394862	0.00034759077	0.0	0.16
OG0000117	0.00013388727	0.0003387949	0.0	0.33
OG0003383	0.00013367791	0.00036513986	0.0	0.16
OG0003488	0.00013363964	0.00041109495	0.0	0.14
OG0014543	0.0001333714	0.00044457242	0.0	0.09
OG0009339	0.00013322211	0.0005019804	0.0	0.07
OG0011629	0.00013303949	0.00042574675	0.0	0.1
OG0014830	0.00013302507	0.00043210603	0.0	0.09
OG0006276	0.00013292844	0.00043228132	0.0	0.09
OG0007366	0.00013256425	0.00049293425	0.0	0.07
OG0001109	0.00013254613	0.0003939923	0.0	0.11
OG0000688	0.0001325211	0.0004598769	0.0	0.14
OG0004614	0.00013214574	0.00043222294	0.0	0.14
OG0010907	0.00013207018	0.00057314476	0.0	0.06
OG0005303	0.00013188376	0.00046336505	0.0	0.08
OG0009632	0.00013185375	0.0005319353	0.0	0.1
OG0008236	0.00013142245	0.0006486206	0.0	0.04
OG0006669	0.00013134092	0.00039756138	0.0	0.11
OG0004441	0.0001313205	0.00045090477	0.0	0.09
OG0007781	0.00013124991	0.0004859932	0.0	0.09
OG0000273	0.00013121725	0.00026977263	0.0	0.26
OG0005347	0.00013092195	0.00046137796	0.0	0.09
OG0000601	0.0001307816	0.0002966257	0.0	0.29
OG0004593	0.00013072824	0.0003473539	0.0	0.18
OG0000042	0.00013056395	0.00044448624	0.0	0.12
OG0000176	0.00013015275	0.00039274033	0.0	0.13
OG0008389	0.00013007915	0.0004846269	0.0	0.08
OG0004279	0.00012979278	0.0006066785	0.0	0.05
OG0003042	0.00012974902	0.00040824898	0.0	0.1
OG0006517	0.00012969975	0.00038064155	0.0	0.13
OG0003364	0.00012964728	0.00045706608	0.0	0.1
OG0003649	0.00012948252	0.00038657684	0.0	0.11
OG0005731	0.0001291391	0.00035980646	0.0	0.15
OG0001560	0.00012898816	0.0003920588	0.0	0.11
OG0006560	0.00012884334	0.0003743606	0.0	0.14
OG0003486	0.00012881726	0.00037028544	0.0	0.14
OG0001017	0.00012872771	0.0003514816	0.0	0.15
OG0007771	0.00012858926	0.00050110434	0.0	0.07
OG0005356	0.00012847016	0.0004226722	0.0	0.09
OG0007056	0.00012834366	0.00031199795	0.0	0.17
OG0006431	0.00012834017	0.00048507503	0.0	0.07
OG0001401	0.0001282996	0.0003361395	0.0	0.14
OG0006335	0.00012788136	0.0003720168	0.0	0.13
OG0006958	0.00012778286	0.0005059315	0.0	0.07
OG0000720	0.00012777495	0.0004543201	0.0	0.08
OG0004506	0.00012767926	0.00041059454	0.0	0.1
OG0004142	0.00012747523	0.0003842569	0.0	0.12
OG0004769	0.0001273242	0.0005456924	0.0	0.07
OG0004528	0.00012713569	0.00047229617	0.0	0.08
OG0003483	0.00012712461	0.0004015972	0.0	0.12
OG0004489	0.00012710749	0.00038871443	0.0	0.11
OG0001983	0.00012706731	0.0003708734	0.0	0.11
OG0008299	0.00012688244	0.00042501287	0.0	0.09
OG0003405	0.00012662447	0.00038122697	0.0	0.12
OG0004306	0.00012658424	0.0004514205	0.0	0.08
OG0001643	0.00012636471	0.00036450947	0.0	0.11
OG0000386	0.0001263075	0.00037552888	0.0	0.13
OG0010152	0.00012622075	0.00042193814	0.0	0.09
OG0006808	0.0001261733	0.00043152785	0.0	0.09
OG0000693	0.00012616691	0.00047634996	0.0	0.09
OG0004774	0.00012615761	0.00043681965	0.0	0.08
OG0001226	0.00012603172	0.0003075	0.0	0.17
OG0004727	0.00012595061	0.0004237221	0.0	0.1
OG0004710	0.00012567468	0.00042926057	0.0	0.09
OG0004073	0.00012561078	0.0005012509	0.0	0.07
OG0018583	0.00012558687	0.00041209493	0.0	0.09
OG0002761	0.00012552379	0.00042885376	0.0	0.09
OG0000738	0.00012539915	0.00037092887	0.0	0.12
OG0000122	0.00012529388	0.00042891534	0.0	0.14
OG0010621	0.00012526603	0.0005606834	0.0	0.06
OG0008408	0.00012511948	0.000518671	0.0	0.06
OG0003168	0.00012471598	0.00025740362	0.0	0.23
OG0005704	0.00012465006	0.0004639191	0.0	0.08
OG0004812	0.0001244155	0.0004712473	0.0	0.08
OG0016248	0.00012406979	0.00042931992	0.0	0.08
OG0004970	0.00012397385	0.00044115033	0.0	0.08
OG0006331	0.00012370035	0.0004400148	0.0	0.08
OG0014459	0.00012328388	0.00040080646	0.0	0.09
OG0000263	0.00012327216	0.00028813924	0.0	0.21
OG0003187	0.00012324247	0.0003749974	0.0	0.11
OG0003819	0.00012315779	0.00037545117	0.0	0.13
OG0001408	0.00012302744	0.0003584939	0.0	0.16
OG0002741	0.00012297544	0.00027222198	0.0	0.2
OG0002321	0.00012281991	0.00044484512	0.0	0.09
OG0000642	0.00012221411	0.00025241348	0.0	0.3
OG0000453	0.00012220364	0.0003789767	0.0	0.11
OG0005626	0.00012217807	0.00031647595	0.0	0.16
OG0009205	0.00012199963	0.00029885722	0.0	0.19
OG0004501	0.00012191642	0.00040893495	0.0	0.09
OG0016257	0.0001219076	0.00045895833	0.0	0.07
OG0012308	0.00012181562	0.0004016435	0.0	0.09
OG0000814	0.000121566736	0.0005130045	0.0	0.1
OG0008224	0.00012145439	0.0003416816	0.0	0.12
OG0000216	0.000121444704	0.00023152183	0.0	0.4
OG0000617	0.000121260986	0.00041871218	0.0	0.11
OG0004662	0.00012110919	0.0007237149	0.0	0.03
OG0003803	0.000120846424	0.0006181691	0.0	0.04
OG0005672	0.00012081545	0.0003546897	0.0	0.13
OG0003264	0.00012033675	0.00041500368	0.0	0.09
OG0004288	0.00012009073	0.00034105577	0.0	0.13
OG0001470	0.000120006065	0.0003874838	0.0	0.09
OG0004431	0.00012000232	0.00040319326	0.0	0.1
OG0000565	0.000119994365	0.00033531402	0.0	0.18
OG0000274	0.00011997559	0.00032478728	0.0	0.18
OG0000348	0.00011995128	0.0005919459	0.0	0.04
OG0000177	0.00011985465	0.0003064353	0.0	0.19
OG0018708	0.00011941683	0.00045166118	0.0	0.07
OG0004594	0.0001193091	0.00030148128	0.0	0.16
OG0000510	0.00011930555	0.00051310286	0.0	0.11
OG0007499	0.00011921504	0.0001641697	0.0	0.36
OG0008812	0.00011915197	0.00038637617	0.0	0.1
OG0000864	0.000118661315	0.00042575516	0.0	0.08
OG0005351	0.00011860148	0.00026631154	0.0	0.25
OG0008667	0.000118418764	0.0002453454	0.0	0.23
OG0006812	0.00011823759	0.0003424461	0.0	0.14
OG0007133	0.000118190466	0.0005497409	0.0	0.07
OG0004210	0.00011785762	0.0003566171	0.0	0.11
OG0012351	0.00011779896	0.0004998067	0.0	0.06
OG0015335	0.00011751986	0.00049046887	0.0	0.06
OG0000363	0.00011746894	0.00036458552	0.0	0.11
OG0004083	0.00011712169	0.0002433739	0.0	0.22
OG0001244	0.00011709691	0.0003826464	0.0	0.09
OG0005254	0.00011700986	0.00030181822	0.0	0.18
OG0004263	0.00011700401	0.0004154702	0.0	0.1
OG0000287	0.00011684796	0.00030176682	0.0	0.17
OG0007870	0.00011619627	0.0005545186	0.0	0.05
OG0001664	0.00011610227	0.00015675131	0.0	0.43
OG0000885	0.00011609609	0.00033835872	0.0	0.14
OG0002515	0.00011595977	0.00037692176	0.0	0.09
OG0008429	0.00011587119	0.0004656994	0.0	0.07
OG0001802	0.0001158187	0.00035129813	0.0	0.16
OG0016920	0.000115701274	0.0003286686	0.0	0.14
OG0002037	0.00011567957	0.0003102125	0.0	0.2
OG0004763	0.000115554874	0.00057392573	0.0	0.04
OG0010150	0.000115484676	0.0004358218	0.0	0.07
OG0000830	0.00011534806	0.00036793668	0.0	0.11
OG0010030	0.000115160656	0.000577016	0.0	0.04
OG0003198	0.00011515913	0.0003060011	0.0	0.17
OG0000310	0.000115064875	0.00047638422	0.0	0.09
OG0005354	0.00011491771	0.00037969262	0.0	0.11
OG0004335	0.000114877934	0.00033263	0.0	0.15
OG0000756	0.000114718394	0.00037443085	0.0	0.1
OG0002106	0.00011471555	0.0003836082	0.0	0.09
OG0003610	0.00011470221	0.0005095287	0.0	0.2
OG0004586	0.00011453006	0.0003925522	0.0	0.09
OG0004756	0.00011445383	0.00031548258	0.0	0.13
OG0000079	0.00011426716	0.0002563529	0.0	0.28
OG0008214	0.00011425199	0.00034848507	0.0	0.11
OG0001020	0.00011424698	0.00041041343	0.0	0.08
OG0003951	0.00011424333	0.00040001175	0.0	0.08
OG0007545	0.00011420094	0.0002886898	0.0	0.17
OG0003435	0.000113963055	0.00038277335	0.0	0.09
OG0008286	0.00011360462	0.0003870686	0.0	0.09
OG0000096	0.000112866386	0.00020089361	0.0	0.3
OG0001083	0.00011266584	0.00037494753	0.0	0.12
OG0013293	0.00011231197	0.00042178022	0.0	0.07
OG0001481	0.00011191872	0.00032192358	0.0	0.16
OG0005831	0.00011184057	0.00034143636	0.0	0.11
OG0014548	0.00011168637	0.00046573015	0.0	0.06
OG0000500	0.00011155698	0.0003056631	0.0	0.16
OG0004074	0.00011153642	0.0006573281	0.0	0.03
OG0014499	0.00011149338	0.00041499696	0.0	0.08
OG0004404	0.00011148902	0.0004961619	0.0	0.05
OG0004730	0.00011148799	0.00036981417	0.0	0.09
OG0001075	0.00011142659	0.00028976874	0.0	0.19
OG0000940	0.000111226815	0.00037273302	0.0	0.17
OG0000526	0.000111181034	0.00029625007	0.0	0.17
OG0012331	0.00011116266	0.00039124698	0.0	0.08
OG0004177	0.00011034925	0.00024998063	0.0	0.18
OG0000422	0.0001101686	0.00021320736	0.0	0.3
OG0002783	0.00011015111	0.00035371748	0.0	0.14
OG0004044	0.00011011878	0.00034161133	0.0	0.11
OG0014488	0.00010962509	0.00037801798	0.0	0.08
OG0016301	0.00010931805	0.00039552184	0.0	0.08
OG0006131	0.00010889384	0.00055608817	0.0	0.04
OG0005786	0.000108886365	0.00035200446	0.0	0.09
OG0000137	0.000108781845	0.0002613147	0.0	0.38
OG0016297	0.00010839378	0.0003595567	0.0	0.09
OG0001303	0.00010834459	0.00031560927	0.0	0.12
OG0003359	0.00010822574	0.0003301718	0.0	0.12
OG0000723	0.00010803019	0.0006057556	0.0	0.06
OG0008641	0.00010781495	0.00042745622	0.0	0.07
OG0001461	0.00010759772	0.00029385058	0.0	0.18
OG0005743	0.00010747326	0.00041611964	0.0	0.08
OG0000702	0.00010730547	0.00027883332	0.0	0.25
OG0000726	0.00010719557	0.00033544682	0.0	0.11
OG0003830	0.000106987565	0.00026814692	0.0	0.23
OG0001215	0.00010696197	0.00025127595	0.0	0.2
OG0018732	0.000106603315	0.00040207352	0.0	0.07
OG0004221	0.00010622149	0.00034030323	0.0	0.11
OG0000251	0.000106166415	0.00028248676	0.0	0.17
OG0000898	0.00010616108	0.00023634672	0.0	0.25
OG0003899	0.00010612569	0.00050037523	0.0	0.06
OG0010405	0.00010611063	0.00047049037	0.0	0.05
OG0006213	0.00010610424	0.00035806908	0.0	0.1
OG0004490	0.000106025065	0.0003845075	0.0	0.09
OG0006133	0.00010600022	0.00044598975	0.0	0.07
OG0001000	0.00010598428	0.00032127707	0.0	0.13
OG0003147	0.00010591407	0.00036887545	0.0	0.11
OG0003802	0.00010587979	0.00047524448	0.0	0.06
OG0003393	0.0001058566	0.00040577195	0.0	0.09
OG0000569	0.000105644205	0.00050204096	0.0	0.09
OG0006129	0.00010563296	0.00033915672	0.0	0.11
OG0004185	0.000105546715	0.00038444973	0.0	0.09
OG0004038	0.00010540884	0.00044471212	0.0	0.1
OG0011653	0.0001053406	0.0004142816	0.0	0.07
OG0001775	0.00010521598	0.00031981978	0.0	0.13
OG0000133	0.00010508654	0.00019505323	0.0	0.3
OG0000418	0.000105022715	0.0002506126	0.0	0.21
OG0000417	0.00010490175	0.00033895028	0.0	0.1
OG0011566	0.00010487262	0.00034661667	0.0	0.11
OG0003373	0.00010484294	0.0003894709	0.0	0.1
OG0007468	0.00010476676	0.00046522648	0.0	0.07
OG0000970	0.00010468614	0.00026469538	0.0	0.16
OG0006273	0.000104391176	0.0004226388	0.0	0.06
OG0004522	0.00010432284	0.0005889487	0.0	0.04
OG0001749	0.00010430234	0.00041944746	0.0	0.07
OG0008637	0.000104294384	0.00037114354	0.0	0.09
OG0004711	0.00010420624	0.00026180124	0.0	0.16
OG0000330	0.00010398249	0.0004883863	0.0	0.07
OG0005600	0.00010383564	0.00040158056	0.0	0.07
OG0009422	0.00010371229	0.00034596515	0.0	0.09
OG0003526	0.00010370262	0.00019171173	0.0	0.29
OG0010036	0.00010364484	0.00031888817	0.0	0.12
OG0001477	0.00010364452	0.00039553785	0.0	0.14
OG0000054	0.00010362311	0.00033606985	0.0	0.14
OG0003181	0.00010361021	0.0002993489	0.0	0.14
OG0004163	0.00010337414	0.00037255773	0.0	0.08
OG0003420	0.00010329282	0.00040193574	0.0	0.07
OG0018753	0.00010328251	0.00039160321	0.0	0.07
OG0009355	0.00010306419	0.00033747524	0.0	0.1
OG0006383	0.000103005135	0.00047556756	0.0	0.05
OG0006271	0.000102943486	0.00046898852	0.0	0.05
OG0006061	0.000102940074	0.00024495085	0.0	0.21
OG0007240	0.0001028245	0.0003835064	0.0	0.08
OG0000764	0.00010280002	0.00038574348	0.0	0.11
OG0017269	0.00010276793	0.00048254812	0.0	0.05
OG0007900	0.00010269785	0.00035607623	0.0	0.08
OG0004504	0.000102627215	0.0002971155	0.0	0.12
OG0010005	0.00010261348	0.0002651911	0.0	0.16
OG0005994	0.00010255715	0.0003603403	0.0	0.08
OG0018748	0.00010250531	0.00038736695	0.0	0.07
OG0000823	0.00010240785	0.00021436113	0.0	0.29
OG0009822	0.000102381244	0.0005544872	0.0	0.07
OG0003787	0.00010217566	0.0003017654	0.0	0.16
OG0006101	0.000102107675	0.00040661768	0.0	0.09
OG0003266	0.00010208838	0.00042511174	0.0	0.06
OG0013735	0.00010199696	0.00037422913	0.0	0.08
OG0003569	0.000101989324	0.00035840122	0.0	0.08
OG0005953	0.00010194894	0.0003577239	0.0	0.08
OG0008963	0.0001018782	0.0003016554	0.0	0.13
OG0007671	0.00010184709	0.0006417473	0.0	0.03
OG0000622	0.00010178514	0.00017719377	0.0	0.32
OG0002827	0.00010176236	0.00033207677	0.0	0.12
OG0004165	0.00010163201	0.0003525111	0.0	0.09
OG0007539	0.00010161044	0.0003521073	0.0	0.09
OG0015327	0.00010154243	0.0004496207	0.0	0.05
OG0006452	0.000101462094	0.00035480165	0.0	0.08
OG0016219	0.00010124607	0.0003515718	0.0	0.08
OG0004201	0.00010107381	0.00061553455	0.0	0.03
OG0003067	0.00010102752	0.0003446506	0.0	0.11
OG0000890	0.00010100299	0.00028991528	0.0	0.15
OG0004617	0.00010093225	0.0003660041	0.0	0.09
OG0003713	0.00010089903	0.000221552	0.0	0.24
OG0000811	0.00010089849	0.00037150827	0.0	0.08
OG0004400	0.0001008674	0.00039237484	0.0	0.07
OG0000612	0.00010082223	0.00035540765	0.0	0.17
OG0014883	0.00010081639	0.00036995285	0.0	0.08
OG0000767	0.00010077632	0.00027228717	0.0	0.2
OG0012742	0.0001007596	0.0003309958	0.0	0.09
OG0000378	0.00010050032	0.0003466068	0.0	0.09
OG0000448	0.00010046944	0.0002847734	0.0	0.18
OG0000649	0.00010041802	0.00022023187	0.0	0.21
OG0006729	0.00010030886	0.00038515087	0.0	0.07
OG0008589	0.00010026762	0.00049935246	0.0	0.04
OG0000881	0.0001002498	0.00033605687	0.0	0.1
OG0002816	0.00010024736	0.0003257095	0.0	0.09
OG0000187	0.00010008246	0.00033219194	0.0	0.11
OG0007759	9.991185e-05	0.00033870985	0.0	0.09
OG0003390	9.983318e-05	0.00040468716	0.0	0.08
OG0000119	9.9756944e-05	0.00046826925	0.0	0.12
OG0005095	9.963274e-05	0.0003746311	0.0	0.07
OG0001395	9.940846e-05	0.0004326514	0.0	0.07
OG0002787	9.9366385e-05	0.00029579343	0.0	0.16
OG0008562	9.9321005e-05	0.0003477146	0.0	0.09
OG0004381	9.899461e-05	0.0005368542	0.0	0.04
OG0004719	9.8911645e-05	0.00038208152	0.0	0.07
OG0006348	9.859592e-05	0.00047720427	0.0	0.06
OG0000503	9.85501e-05	0.00031149908	0.0	0.12
OG0005016	9.848137e-05	0.00040377796	0.0	0.06
OG0001673	9.81777e-05	0.00034240013	0.0	0.08
OG0000428	9.81728e-05	0.0002576672	0.0	0.28
OG0004114	9.808527e-05	0.00034466415	0.0	0.09
OG0008902	9.802443e-05	0.00027960216	0.0	0.14
OG0000682	9.784251e-05	0.0002605782	0.0	0.14
OG0002646	9.78087e-05	0.00031621678	0.0	0.09
OG0008784	9.760653e-05	0.00031356784	0.0	0.11
OG0008950	9.7300916e-05	0.00033181053	0.0	0.09
OG0004837	9.721809e-05	0.00023790321	0.0	0.15
OG0009346	9.719039e-05	0.00040784123	0.0	0.06
OG0009078	9.71276e-05	0.00028118747	0.0	0.13
OG0010451	9.709238e-05	0.00030975215	0.0	0.11
OG0001131	9.6862896e-05	0.00026153753	0.0	0.16
OG0006364	9.663078e-05	0.00039215077	0.0	0.08
OG0000320	9.6483745e-05	0.0002566962	0.0	0.23
OG0000232	9.6445794e-05	0.00026043813	0.0	0.14
OG0000669	9.611645e-05	0.00056083937	0.0	0.04
OG0007650	9.6063224e-05	0.00037038667	0.0	0.07
OG0003008	9.5833326e-05	0.00040907113	0.0	0.06
OG0004485	9.5646996e-05	0.00048800412	0.0	0.04
OG0008024	9.5548006e-05	0.00032175312	0.0	0.11
OG0003208	9.547087e-05	0.00031059788	0.0	0.1
OG0000393	9.538063e-05	0.00015878164	0.0	0.33
OG0000645	9.531424e-05	0.0004167455	0.0	0.06
OG0003492	9.527772e-05	0.0002980909	0.0	0.11
OG0004000	9.489192e-05	0.00047222103	0.0	0.05
OG0003065	9.4798736e-05	0.00037269376	0.0	0.08
OG0010204	9.47643e-05	0.0003345899	0.0	0.08
OG0010915	9.463865e-05	0.0003416272	0.0	0.08
OG0007674	9.446559e-05	0.00042903295	0.0	0.05
OG0005896	9.43022e-05	0.0004374575	0.0	0.05
OG0000694	9.406146e-05	0.00048634777	0.0	0.09
OG0008779	9.4051196e-05	0.0003297892	0.0	0.08
OG0000966	9.401588e-05	0.00034979696	0.0	0.07
OG0004944	9.397834e-05	0.00031433077	0.0	0.12
OG0003573	9.389083e-05	0.00024497212	0.0	0.16
OG0003170	9.373811e-05	0.0003639777	0.0	0.1
OG0004029	9.369484e-05	0.0005516968	0.0	0.03
OG0003854	9.366282e-05	0.00036397422	0.0	0.09
OG0003920	9.36476e-05	0.00028057583	0.0	0.12
OG0002395	9.360786e-05	0.0004945009	0.0	0.08
OG0000153	9.359974e-05	0.0002985976	0.0	0.13
OG0000351	9.345193e-05	0.00048570323	0.0	0.13
OG0005126	9.333215e-05	0.00033935238	0.0	0.08
OG0020001	9.332439e-05	0.00041341415	0.0	0.05
OG0004559	9.3322255e-05	0.00042612368	0.0	0.06
OG0000473	9.329277e-05	0.00024442837	0.0	0.22
OG0008179	9.325643e-05	0.00023849786	0.0	0.16
OG0009827	9.308413e-05	0.00038621482	0.0	0.06
OG0008574	9.296562e-05	0.00033974493	0.0	0.1
OG0004022	9.2953465e-05	0.000499326	0.0	0.04
OG0006377	9.286914e-05	0.00038168542	0.0	0.09
OG0000597	9.2763854e-05	0.00031933322	0.0	0.11
OG0004844	9.262308e-05	0.00038636816	0.0	0.07
OG0009096	9.2588925e-05	0.00019244343	0.0	0.22
OG0003331	9.255384e-05	0.00032512937	0.0	0.1
OG0008877	9.250952e-05	0.00026159556	0.0	0.18
OG0011217	9.2413145e-05	0.00034835932	0.0	0.08
OG0000852	9.240014e-05	0.00020318419	0.0	0.21
OG0000275	9.219599e-05	0.00026262185	0.0	0.13
OG0001617	9.204869e-05	0.0003307138	0.0	0.08
OG0006029	9.184846e-05	0.00046693065	0.0	0.06
OG0001683	9.169404e-05	0.0003120632	0.0	0.12
OG0010446	9.159246e-05	0.00026893007	0.0	0.13
OG0000217	9.126885e-05	0.0003723554	0.0	0.06
OG0000482	9.1225345e-05	0.00036378996	0.0	0.11
OG0000280	9.1097376e-05	0.00019713222	0.0	0.25
OG0004689	9.107596e-05	0.00059890456	0.0	0.03
OG0003227	9.105973e-05	0.00029948525	0.0	0.09
OG0003557	9.082498e-05	0.0003879943	0.0	0.07
OG0002627	9.0790505e-05	0.00028383452	0.0	0.11
OG0005531	9.074327e-05	0.00040322304	0.0	0.06
OG0011061	9.072576e-05	0.00032199558	0.0	0.08
OG0005496	9.049362e-05	0.0004116133	0.0	0.06
OG0000464	9.041859e-05	0.00025678138	0.0	0.14
OG0010669	9.030688e-05	0.00040253112	0.0	0.05
OG0004080	9.030157e-05	0.00032696567	0.0	0.1
OG0010612	9.027041e-05	0.00025832478	0.0	0.13
OG0003188	9.023281e-05	0.0003714695	0.0	0.06
OG0000707	9.0206435e-05	0.0003770721	0.0	0.08
OG0004281	9.009558e-05	0.00025583344	0.0	0.13
OG0004621	9.00601e-05	0.0004117006	0.0	0.05
OG0005178	8.99994e-05	0.00048075063	0.0	0.04
OG0000292	8.985258e-05	0.00027032063	0.0	0.13
OG0012277	8.9822715e-05	0.00033888858	0.0	0.07
OG0008230	8.979896e-05	0.0003324002	0.0	0.09
OG0008110	8.975469e-05	0.00028644706	0.0	0.1
OG0010032	8.957202e-05	0.00051486853	0.0	0.03
OG0002422	8.939989e-05	0.00047319938	0.0	0.05
OG0003704	8.9390946e-05	0.00025976915	0.0	0.19
OG0005726	8.935432e-05	0.00044372305	0.0	0.04
OG0003380	8.9267756e-05	0.00047981797	0.0	0.05
OG0007980	8.919158e-05	0.00033247238	0.0	0.08
OG0005670	8.908303e-05	0.00033209677	0.0	0.1
OG0000724	8.90646e-05	0.00025863003	0.0	0.17
OG0000032	8.900027e-05	0.0002808501	0.0	0.16
OG0002888	8.891289e-05	0.0002513424	0.0	0.15
OG0007752	8.889617e-05	0.00033462787	0.0	0.07
OG0000513	8.8731496e-05	0.00030265775	0.0	0.11
OG0000583	8.850016e-05	0.00052281265	0.0	0.04
OG0011185	8.840787e-05	0.00044709782	0.0	0.04
OG0006751	8.8288725e-05	0.00048708584	0.0	0.04
OG0008342	8.824088e-05	0.00031825414	0.0	0.08
OG0005348	8.817948e-05	0.00039205924	0.0	0.05
OG0006665	8.8164925e-05	0.00035718997	0.0	0.06
OG0004933	8.812707e-05	0.0002898054	0.0	0.1
OG0009474	8.805502e-05	0.0001496475	0.0	0.27
OG0004014	8.794892e-05	0.00025075075	0.0	0.14
OG0000867	8.759548e-05	0.00025990425	0.0	0.13
OG0010113	8.758195e-05	0.00036027236	0.0	0.06
OG0005684	8.7528555e-05	0.00030271366	0.0	0.11
OG0006340	8.743203e-05	0.0005260799	0.0	0.04
OG0006258	8.730301e-05	0.00035607463	0.0	0.06
OG0000443	8.721553e-05	0.00030597177	0.0	0.16
OG0001209	8.711059e-05	0.00036418886	0.0	0.12
OG0005061	8.704766e-05	0.00036014823	0.0	0.07
OG0008665	8.702818e-05	0.0002811363	0.0	0.11
OG0010947	8.699893e-05	0.00054421695	0.0	0.03
OG0007248	8.688025e-05	0.00027992704	0.0	0.1
OG0005548	8.685989e-05	0.00044154984	0.0	0.04
OG0001912	8.6753156e-05	0.00033867598	0.0	0.07
OG0004975	8.667672e-05	0.00031724878	0.0	0.08
OG0006094	8.666695e-05	0.0004256858	0.0	0.05
OG0000205	8.661669e-05	0.0002491803	0.0	0.2
OG0000150	8.6501495e-05	0.00022512904	0.0	0.21
OG0007297	8.640913e-05	0.0003849551	0.0	0.06
OG0000470	8.640325e-05	0.00026271606	0.0	0.12
OG0006695	8.623947e-05	0.00051873137	0.0	0.03
OG0006863	8.619301e-05	0.00039020387	0.0	0.05
OG0019756	8.6134896e-05	0.00034766956	0.0	0.06
OG0013987	8.583282e-05	0.00026967135	0.0	0.1
OG0005852	8.576801e-05	0.00039605936	0.0	0.05
OG0001774	8.564712e-05	0.00032263043	0.0	0.08
OG0001065	8.552984e-05	0.00029086875	0.0	0.16
OG0009054	8.5414365e-05	0.00028894324	0.0	0.09
OG0004176	8.531461e-05	0.00025771421	0.0	0.12
OG0003613	8.5299675e-05	0.0003208051	0.0	0.07
OG0003721	8.5182255e-05	0.00035371984	0.0	0.06
OG0000127	8.5081e-05	0.0001489045	0.0	0.36
OG0005671	8.498544e-05	0.000313731	0.0	0.11
OG0005096	8.471933e-05	0.00041451832	0.0	0.1
OG0007592	8.4507024e-05	0.00033953454	0.0	0.06
OG0006760	8.4470455e-05	0.00027349923	0.0	0.1
OG0001693	8.446061e-05	0.0003430701	0.0	0.06
OG0003437	8.440082e-05	0.000305256	0.0	0.08
OG0016438	8.433146e-05	0.0003837915	0.0	0.05
OG0004908	8.4255495e-05	0.0003385431	0.0	0.06
OG0003790	8.42497e-05	0.00031170947	0.0	0.09
OG0004274	8.423862e-05	0.00037037578	0.0	0.1
OG0004476	8.415712e-05	0.00049389247	0.0	0.03
OG0007682	8.4150844e-05	0.0002633423	0.0	0.15
OG0007979	8.4043204e-05	0.00024765296	0.0	0.11
OG0001272	8.398842e-05	0.0003354158	0.0	0.07
OG0000441	8.396027e-05	0.00021084066	0.0	0.23
OG0000261	8.391866e-05	0.00026870146	0.0	0.16
OG0000345	8.386373e-05	0.00046729698	0.0	0.04
OG0012343	8.3860876e-05	0.00038637707	0.0	0.05
OG0000639	8.381683e-05	0.00032585787	0.0	0.08
OG0000834	8.3783874e-05	0.00021982395	0.0	0.3
OG0008413	8.3584375e-05	0.0003282695	0.0	0.07
OG0002683	8.358122e-05	0.0003635671	0.0	0.07
OG0000224	8.348944e-05	0.00027703497	0.0	0.16
OG0006945	8.3471146e-05	0.00040532148	0.0	0.05
OG0009388	8.298446e-05	0.00041443857	0.0	0.04
OG0005886	8.277359e-05	0.00041049806	0.0	0.04
OG0001760	8.275353e-05	0.0002960987	0.0	0.08
OG0005056	8.261163e-05	0.0003130142	0.0	0.08
OG0001290	8.255539e-05	0.00033455298	0.0	0.06
OG0004935	8.2543214e-05	0.00034138758	0.0	0.09
OG0013694	8.2424005e-05	0.00033632663	0.0	0.06
OG0014483	8.239304e-05	0.00033958093	0.0	0.06
OG0005826	8.2352104e-05	0.00037359435	0.0	0.05
OG0000840	8.234671e-05	0.0002898728	0.0	0.25
OG0004738	8.230012e-05	0.00034190845	0.0	0.06
OG0005398	8.222403e-05	0.00030990818	0.0	0.07
OG0008894	8.2157974e-05	0.00024112187	0.0	0.12
OG0012398	8.201064e-05	0.00037742915	0.0	0.05
OG0002848	8.181427e-05	0.00044513313	0.0	0.04
OG0007686	8.1757884e-05	0.00014557799	0.0	0.25
OG0011234	8.16726e-05	0.00033793238	0.0	0.06
OG0002760	8.159611e-05	0.0003320913	0.0	0.06
OG0000246	8.154475e-05	0.00017620195	0.0	0.24
OG0004266	8.153979e-05	0.00020940785	0.0	0.14
OG0000759	8.141092e-05	0.00030405505	0.0	0.1
OG0005117	8.130928e-05	0.00032775113	0.0	0.1
OG0006134	8.12965e-05	0.00047287138	0.0	0.03
OG0007205	8.119499e-05	0.00028309473	0.0	0.11
OG0009366	8.102185e-05	0.0001936054	0.0	0.16
OG0008330	8.095922e-05	0.00038898678	0.0	0.05
OG0000450	8.091769e-05	0.0002812182	0.0	0.13
OG0013441	8.0853766e-05	0.00032483536	0.0	0.06
OG0002813	8.079537e-05	0.0003286517	0.0	0.06
OG0004123	8.074283e-05	0.0004084743	0.0	0.05
OG0000762	8.0673446e-05	0.00023456273	0.0	0.17
OG0005258	8.064822e-05	0.00030182587	0.0	0.07
OG0001907	8.048197e-05	0.00029828836	0.0	0.07
OG0011835	8.044548e-05	0.00014679781	0.0	0.24
OG0005170	8.042176e-05	0.00033800883	0.0	0.08
OG0004110	8.039726e-05	0.00026479113	0.0	0.11
OG0000040	8.0279664e-05	0.0002551562	0.0	0.16
OG0005789	8.01229e-05	0.000801228	0.0	0.01
OG0003794	8.011616e-05	0.00020257728	0.0	0.17
OG0002777	7.989983e-05	0.00032082736	0.0	0.06
OG0003734	7.981222e-05	0.00022639394	0.0	0.13
OG0004842	7.9755795e-05	0.00047611273	0.0	0.03
OG0003036	7.9729274e-05	0.00028699645	0.0	0.12
OG0006469	7.956955e-05	0.0002289121	0.0	0.13
OG0013827	7.952456e-05	0.00033460982	0.0	0.06
OG0005913	7.937392e-05	0.00036945724	0.0	0.06
OG0005162	7.927786e-05	0.00028877592	0.0	0.08
OG0003593	7.918481e-05	0.00025655067	0.0	0.17
OG0005583	7.8929144e-05	0.000297826	0.0	0.07
OG0001170	7.8786725e-05	0.00021849292	0.0	0.17
OG0003738	7.87694e-05	0.00026744424	0.0	0.16
OG0004655	7.854305e-05	0.00023818143	0.0	0.12
OG0010913	7.842438e-05	0.00034316347	0.0	0.08
OG0002465	7.8301266e-05	0.00033674395	0.0	0.09
OG0005497	7.828412e-05	0.0002569504	0.0	0.11
OG0003344	7.824732e-05	0.00031663082	0.0	0.06
OG0004519	7.82259e-05	0.0003214811	0.0	0.07
OG0006379	7.8090554e-05	0.0002857601	0.0	0.08
OG0012290	7.807539e-05	0.00035465934	0.0	0.05
OG0000567	7.775594e-05	0.00031249155	0.0	0.07
OG0003768	7.772444e-05	0.0002338302	0.0	0.11
OG0006644	7.769131e-05	0.0002686878	0.0	0.09
OG0011660	7.768964e-05	0.0003152709	0.0	0.06
OG0009466	7.764509e-05	0.00034628954	0.0	0.05
OG0003792	7.761271e-05	0.00034927047	0.0	0.06
OG0012707	7.7489356e-05	0.0003431423	0.0	0.06
OG0003746	7.748831e-05	0.0003098001	0.0	0.07
OG0001135	7.7471035e-05	0.00029343594	0.0	0.08
OG0002423	7.7330034e-05	0.00019137927	0.0	0.17
OG0018423	7.7096374e-05	0.0003070772	0.0	0.06
OG0000210	7.7003475e-05	0.0002809805	0.0	0.09
OG0001304	7.686457e-05	0.0003083198	0.0	0.06
OG0003135	7.681699e-05	0.00039102984	0.0	0.05
OG0001822	7.677402e-05	0.0003040116	0.0	0.08
OG0005482	7.666134e-05	0.0002121863	0.0	0.13
OG0005127	7.6498465e-05	0.00019348296	0.0	0.15
OG0007995	7.644331e-05	0.00033331005	0.0	0.06
OG0001733	7.641905e-05	0.00020366613	0.0	0.14
OG0002389	7.641123e-05	0.00044525534	0.0	0.03
OG0022389	7.628839e-05	0.0003406274	0.0	0.05
OG0007063	7.622778e-05	0.00033615375	0.0	0.06
OG0006612	7.620096e-05	0.00031893502	0.0	0.07
OG0008228	7.616994e-05	0.00032106714	0.0	0.06
OG0000194	7.557376e-05	0.0002776136	0.0	0.1
OG0003727	7.556727e-05	0.0003599681	0.0	0.05
OG0000547	7.550168e-05	0.00016304641	0.0	0.26
OG0003490	7.545381e-05	0.00030962724	0.0	0.07
OG0000427	7.540992e-05	0.00022680289	0.0	0.27
OG0004658	7.5368e-05	0.00033420522	0.0	0.05
OG0003673	7.536275e-05	0.0002848611	0.0	0.09
OG0005824	7.528183e-05	0.00038538943	0.0	0.04
OG0011604	7.523775e-05	0.00025342038	0.0	0.16
OG0005216	7.486257e-05	0.0002861946	0.0	0.07
OG0002208	7.4851e-05	0.00022028176	0.0	0.38
OG0008165	7.464721e-05	0.00037051694	0.0	0.04
OG0003689	7.443662e-05	0.00042587574	0.0	0.05
OG0004202	7.4331554e-05	0.00029541072	0.0	0.08
OG0005774	7.425655e-05	0.000331394	0.0	0.05
OG0010438	7.41636e-05	0.00030157954	0.0	0.06
OG0005505	7.404258e-05	0.00025107767	0.0	0.09
OG0010632	7.387252e-05	0.00023030642	0.0	0.12
OG0004505	7.385819e-05	0.00028152773	0.0	0.09
OG0007670	7.384015e-05	0.00023728327	0.0	0.11
OG0004671	7.373457e-05	0.0004548471	0.0	0.03
OG0003624	7.360138e-05	0.00034110327	0.0	0.05
OG0008054	7.324352e-05	0.00024007876	0.0	0.09
OG0002399	7.322662e-05	0.00013270212	0.0	0.33
OG0001819	7.3196024e-05	0.00032223284	0.0	0.05
OG0006096	7.319477e-05	0.00031415632	0.0	0.06
OG0010896	7.273955e-05	0.00028371	0.0	0.07
OG0005694	7.26896e-05	0.00033656077	0.0	0.05
OG0004039	7.265897e-05	0.00035707201	0.0	0.12
OG0003433	7.264373e-05	0.00030400424	0.0	0.07
OG0002171	7.261918e-05	0.00019977214	0.0	0.13
OG0000555	7.2498035e-05	0.00020182563	0.0	0.18
OG0004198	7.241172e-05	0.00032068253	0.0	0.05
OG0013226	7.2405295e-05	0.0003227042	0.0	0.05
OG0011623	7.2402945e-05	0.0003674692	0.0	0.04
OG0001433	7.227389e-05	0.0002435991	0.0	0.11
OG0004513	7.224313e-05	0.000317797	0.0	0.05
OG0001598	7.211635e-05	0.0002900515	0.0	0.06
OG0008155	7.208348e-05	0.00027370226	0.0	0.08
OG0003703	7.19312e-05	0.00030575244	0.0	0.06
OG0003267	7.183368e-05	0.00041137848	0.0	0.05
OG0003885	7.177798e-05	0.0003344334	0.0	0.06
OG0004297	7.171141e-05	0.00035999474	0.0	0.05
OG0000675	7.1707254e-05	0.0003450185	0.0	0.06
OG0006936	7.169866e-05	0.00025076562	0.0	0.09
OG0001359	7.1615694e-05	0.0002299144	0.0	0.11
OG0000578	7.1603805e-05	0.000231116	0.0	0.13
OG0013450	7.153893e-05	0.00031521296	0.0	0.06
OG0002462	7.151082e-05	0.00027026076	0.0	0.07
OG0002890	7.139895e-05	0.00028785094	0.0	0.06
OG0004265	7.136786e-05	0.00037201907	0.0	0.05
OG0007879	7.1206356e-05	0.0005086306	0.0	0.02
OG0005193	7.120629e-05	0.00037184288	0.0	0.04
OG0003262	7.120325e-05	0.0002589786	0.0	0.1
OG0012306	7.117953e-05	0.0003610849	0.0	0.04
OG0001171	7.116644e-05	0.00019413381	0.0	0.2
OG0004558	7.1123024e-05	0.00033027277	0.0	0.07
OG0011560	7.097971e-05	0.0002042563	0.0	0.13
OG0013695	7.097325e-05	0.00021251875	0.0	0.14
OG0005148	7.089973e-05	0.00040966173	0.0	0.03
OG0008863	7.089324e-05	0.00031104733	0.0	0.06
OG0008573	7.087811e-05	0.00036934853	0.0	0.04
OG0000340	7.0803304e-05	0.0002762477	0.0	0.09
OG0003654	7.077262e-05	0.00031863738	0.0	0.08
OG0003842	7.0749265e-05	0.0002582771	0.0	0.12
OG0008445	7.071891e-05	0.00031607808	0.0	0.05
OG0009168	7.064545e-05	0.00022443781	0.0	0.13
OG0019859	7.0614864e-05	0.00031246652	0.0	0.05
OG0005406	7.0549126e-05	0.00025796355	0.0	0.08
OG0000993	7.047141e-05	0.00026397515	0.0	0.11
OG0004790	7.030307e-05	0.00031542822	0.0	0.05
OG0004115	7.0264185e-05	0.00040064185	0.0	0.05
OG0001781	7.02319e-05	0.00027848122	0.0	0.07
OG0003625	7.013059e-05	0.00044350888	0.0	0.04
OG0009429	7.008218e-05	0.00027606825	0.0	0.07
OG0010888	6.999546e-05	0.000322029	0.0	0.05
OG0007412	6.996695e-05	0.00032644242	0.0	0.05
OG0001399	6.996216e-05	0.00034217542	0.0	0.06
OG0000737	6.99585e-05	0.00018850192	0.0	0.17
OG0009125	6.986569e-05	0.0002448386	0.0	0.09
OG0001492	6.982735e-05	0.0002671686	0.0	0.07
OG0000456	6.982412e-05	0.00018067527	0.0	0.19
OG0008076	6.97424e-05	0.00023920821	0.0	0.09
OG0000924	6.965515e-05	0.00030645312	0.0	0.05
OG0003335	6.955912e-05	0.00024479232	0.0	0.08
OG0005275	6.935734e-05	0.00028331173	0.0	0.06
OG0009063	6.9286136e-05	0.00021865698	0.0	0.1
OG0013616	6.928545e-05	0.00032188685	0.0	0.06
OG0004271	6.928018e-05	0.00031485996	0.0	0.05
OG0000084	6.909557e-05	0.00029105987	0.0	0.06
OG0003982	6.908843e-05	0.0002380271	0.0	0.1
OG0002882	6.906179e-05	0.00028610718	0.0	0.07
OG0004607	6.9024274e-05	0.00027911726	0.0	0.08
OG0011846	6.891949e-05	0.00034381944	0.0	0.04
OG0004872	6.891694e-05	0.00040245103	0.0	0.03
OG0006008	6.891115e-05	0.0002532645	0.0	0.08
OG0003928	6.873795e-05	0.0003037413	0.0	0.05
OG0004492	6.860559e-05	0.00030706418	0.0	0.06
OG0000406	6.859162e-05	0.00018848159	0.0	0.17
OG0010118	6.8585934e-05	0.00035490995	0.0	0.04
OG0003164	6.852315e-05	0.0002727181	0.0	0.08
OG0010628	6.821809e-05	0.00023867127	0.0	0.08
OG0003024	6.819683e-05	0.00030939683	0.0	0.05
OG0012411	6.815628e-05	0.00030263048	0.0	0.05
OG0011597	6.809116e-05	0.0003565829	0.0	0.04
OG0005094	6.805265e-05	0.00026947245	0.0	0.07
OG0001025	6.79663e-05	0.00025468058	0.0	0.07
OG0006507	6.793933e-05	0.00025651287	0.0	0.08
OG0006355	6.790799e-05	0.00030009833	0.0	0.05
OG0004818	6.779994e-05	0.00029230295	0.0	0.07
OG0005524	6.779405e-05	0.0002743929	0.0	0.06
OG0005404	6.7777255e-05	0.0002862245	0.0	0.08
OG0013253	6.7769775e-05	0.00033579173	0.0	0.04
OG0008776	6.767592e-05	0.00031170264	0.0	0.05
OG0002230	6.756131e-05	0.00027211176	0.0	0.06
OG0003829	6.7531706e-05	0.00031644147	0.0	0.05
OG0006409	6.7389985e-05	0.00023751926	0.0	0.08
OG0022429	6.738082e-05	0.0003397019	0.0	0.04
OG0004729	6.735158e-05	0.00021624433	0.0	0.11
OG0001283	6.73263e-05	0.0001269113	0.0	0.24
OG0005923	6.731329e-05	0.0004028401	0.0	0.03
OG0004239	6.725863e-05	0.00030528556	0.0	0.05
OG0006570	6.710995e-05	0.00042485757	0.0	0.03
OG0000309	6.705451e-05	0.00018660064	0.0	0.18
OG0005122	6.703517e-05	0.00030169703	0.0	0.06
OG0017796	6.698939e-05	0.00028803566	0.0	0.06
OG0003767	6.6773006e-05	0.00029565857	0.0	0.05
OG0010992	6.668262e-05	0.0002946296	0.0	0.05
OG0009060	6.667279e-05	0.00032458644	0.0	0.05
OG0000256	6.658502e-05	0.00023082017	0.0	0.1
OG0002765	6.6488545e-05	0.00027341762	0.0	0.09
OG0004722	6.648189e-05	0.00033746354	0.0	0.04
OG0011863	6.646924e-05	0.00027636997	0.0	0.12
OG0008420	6.61373e-05	0.00043995387	0.0	0.03
OG0004112	6.583126e-05	0.00020120516	0.0	0.11
OG0011608	6.582503e-05	0.00029488257	0.0	0.05
OG0003640	6.570027e-05	0.00018336593	0.0	0.15
OG0003202	6.5615044e-05	0.0002662906	0.0	0.08
OG0011562	6.558419e-05	0.00026524015	0.0	0.06
OG0006798	6.552163e-05	0.00025709262	0.0	0.07
OG0009442	6.534975e-05	0.00026215264	0.0	0.06
OG0012385	6.533168e-05	0.0002630861	0.0	0.06
OG0009364	6.492689e-05	0.0003775016	0.0	0.03
OG0008598	6.491496e-05	0.00036993474	0.0	0.04
OG0005806	6.479721e-05	0.00024395873	0.0	0.08
OG0008814	6.4794345e-05	0.0002776718	0.0	0.07
OG0003473	6.465321e-05	0.00026713972	0.0	0.06
OG0003456	6.459172e-05	0.00027608805	0.0	0.08
OG0000483	6.4589134e-05	0.00035472735	0.0	0.1
OG0008632	6.4525986e-05	0.00029765777	0.0	0.06
OG0004028	6.4385e-05	0.00020574455	0.0	0.2
OG0007377	6.431507e-05	0.00028393493	0.0	0.05
OG0000618	6.412148e-05	0.00021860193	0.0	0.15
OG0004875	6.410996e-05	0.00032611756	0.0	0.04
OG0007271	6.409531e-05	0.00030542232	0.0	0.07
OG0009352	6.408744e-05	0.00019026146	0.0	0.14
OG0013258	6.389318e-05	0.00032122718	0.0	0.04
OG0002883	6.386737e-05	0.00025948393	0.0	0.06
OG0000826	6.386146e-05	0.00026927175	0.0	0.09
OG0000534	6.383287e-05	0.00017557314	0.0	0.18
OG0004032	6.372169e-05	0.00026863877	0.0	0.06
OG0008376	6.348534e-05	0.00037081973	0.0	0.03
OG0004808	6.339459e-05	0.00026313346	0.0	0.07
OG0000297	6.330745e-05	0.00018148003	0.0	0.22
OG0005226	6.3240135e-05	0.00028608082	0.0	0.05
OG0004450	6.322997e-05	0.00045438381	0.0	0.02
OG0013421	6.310796e-05	0.00022635424	0.0	0.14
OG0000362	6.303714e-05	0.0003535363	0.0	0.04
OG0001528	6.3013504e-05	0.00030625344	0.0	0.05
OG0003908	6.296245e-05	0.00019713018	0.0	0.1
OG0000923	6.293844e-05	0.00024243991	0.0	0.08
OG0001007	6.277985e-05	0.00030915852	0.0	0.05
OG0004660	6.264189e-05	0.0003130443	0.0	0.04
OG0013696	6.261988e-05	0.00022619168	0.0	0.14
OG0003679	6.25777e-05	0.00027928175	0.0	0.05
OG0000615	6.247679e-05	0.00015463356	0.0	0.16
OG0001705	6.243472e-05	0.00027550355	0.0	0.05
OG0007455	6.227652e-05	0.00032022822	0.0	0.05
OG0006193	6.211133e-05	0.0003110328	0.0	0.04
OG0004339	6.1995925e-05	0.0003834726	0.0	0.04
OG0001285	6.198149e-05	0.00025622576	0.0	0.06
OG0004011	6.195144e-05	0.00026207982	0.0	0.08
OG0005835	6.1919454e-05	0.00024527038	0.0	0.08
OG0004148	6.188702e-05	0.00022902814	0.0	0.09
OG0003550	6.185913e-05	0.0002682431	0.0	0.06
OG0012705	6.181515e-05	0.00026137984	0.0	0.07
OG0001129	6.1725375e-05	0.0001617958	0.0	0.15
OG0002087	6.169823e-05	0.00020072116	0.0	0.13
OG0001191	6.167299e-05	0.00026775384	0.0	0.06
OG0006961	6.16544e-05	0.00039825923	0.0	0.03
OG0007916	6.160885e-05	0.00026275087	0.0	0.06
OG0008796	6.1594386e-05	0.00026261437	0.0	0.06
OG0001227	6.130772e-05	0.0002479533	0.0	0.07
OG0012472	6.119541e-05	0.00040191805	0.0	0.03
OG0007655	6.11954e-05	0.00043098425	0.0	0.02
OG0003494	6.1177925e-05	0.00021766328	0.0	0.14
OG0012670	6.116573e-05	0.00020044079	0.0	0.11
OG0000397	6.108524e-05	0.00016917384	0.0	0.17
OG0005000	6.105076e-05	0.000338255	0.0	0.05
OG0000850	6.0943516e-05	0.0002168707	0.0	0.11
OG0006580	6.0861694e-05	0.0002132654	0.0	0.09
OG0003710	6.0860944e-05	0.00017887603	0.0	0.14
OG0005168	6.074165e-05	0.0003049478	0.0	0.04
OG0001516	6.0720486e-05	0.00024780916	0.0	0.07
OG0002588	6.0696086e-05	0.0002769623	0.0	0.06
OG0003525	6.069321e-05	0.000270314	0.0	0.05
OG0004642	6.06446e-05	0.00020927009	0.0	0.08
OG0004341	6.0630548e-05	0.00028331808	0.0	0.05
OG0000434	6.0550003e-05	0.00021707756	0.0	0.1
OG0000509	6.0458868e-05	0.00026600482	0.0	0.08
OG0000396	6.0421662e-05	0.00021118854	0.0	0.09
OG0004511	6.028905e-05	0.0002877656	0.0	0.05
OG0003777	6.0267983e-05	0.00023877443	0.0	0.21
OG0000247	6.0113358e-05	0.00026554763	0.0	0.17
OG0008923	6.0092585e-05	0.00034561742	0.0	0.03
OG0007068	6.0059025e-05	0.00031669156	0.0	0.04
OG0000421	5.9928956e-05	0.00038460633	0.0	0.03
OG0002724	5.9919188e-05	0.00023501737	0.0	0.07
OG0009209	5.978622e-05	0.00035281348	0.0	0.03
OG0001167	5.974227e-05	0.00028480001	0.0	0.05
OG0003848	5.9719678e-05	0.0003648278	0.0	0.03
OG0003567	5.971361e-05	0.00042306772	0.0	0.02
OG0014506	5.9386355e-05	0.00023193081	0.0	0.1
OG0004421	5.922054e-05	0.00027724242	0.0	0.05
OG0001344	5.9057056e-05	0.00029664225	0.0	0.04
OG0011883	5.8959155e-05	0.00027440142	0.0	0.05
OG0003002	5.895079e-05	0.00028400266	0.0	0.05
OG0003138	5.89371e-05	0.00022625647	0.0	0.1
OG0003730	5.8925547e-05	0.00022046712	0.0	0.08
OG0004914	5.8888294e-05	0.00029866566	0.0	0.04
OG0000736	5.887213e-05	0.00020110303	0.0	0.09
OG0001397	5.8805534e-05	0.00020949298	0.0	0.09
OG0004964	5.8785376e-05	0.00031404465	0.0	0.04
OG0007319	5.871408e-05	0.00029407936	0.0	0.04
OG0007482	5.8652015e-05	0.0002108888	0.0	0.08
OG0010123	5.8569236e-05	0.00029961288	0.0	0.04
OG0004061	5.8552483e-05	0.0002556806	0.0	0.07
OG0003329	5.8158672e-05	0.00024575402	0.0	0.07
OG0001852	5.806686e-05	0.00019331153	0.0	0.12
OG0004419	5.8020483e-05	0.00041424524	0.0	0.02
OG0003921	5.7953406e-05	0.0003593719	0.0	0.03
OG0007978	5.7889138e-05	0.00020801871	0.0	0.08
OG0005630	5.7655525e-05	0.00033894292	0.0	0.03
OG0005468	5.7533478e-05	0.00023834198	0.0	0.06
OG0004332	5.7453595e-05	0.00027101525	0.0	0.06
OG0000566	5.7391753e-05	0.0001980558	0.0	0.11
OG0006090	5.7356352e-05	0.00033349774	0.0	0.04
OG0004537	5.7350382e-05	0.00040527963	0.0	0.02
OG0006690	5.7072335e-05	0.00034241434	0.0	0.03
OG0004688	5.6905235e-05	0.00028841943	0.0	0.04
OG0006000	5.68456e-05	0.00032549066	0.0	0.03
OG0005011	5.681026e-05	0.0002837601	0.0	0.04
OG0004669	5.6683602e-05	0.00029482492	0.0	0.04
OG0005535	5.6596866e-05	0.00026798274	0.0	0.05
OG0009105	5.653781e-05	0.00028295245	0.0	0.04
OG0004307	5.6467085e-05	0.0003121336	0.0	0.1
OG0004608	5.6374156e-05	0.00026222403	0.0	0.05
OG0017481	5.636224e-05	0.00023600117	0.0	0.06
OG0001350	5.6277375e-05	0.00026221995	0.0	0.06
OG0003924	5.6252862e-05	0.0003056225	0.0	0.04
OG0016492	5.6226603e-05	0.00032636494	0.0	0.03
OG0004342	5.6211917e-05	0.0002503036	0.0	0.05
OG0005191	5.6191995e-05	0.00038642914	0.0	0.03
OG0005457	5.6177123e-05	0.00026955255	0.0	0.06
OG0007491	5.6158115e-05	0.00023346698	0.0	0.07
OG0014477	5.6041805e-05	0.0002575807	0.0	0.05
OG0004525	5.5944092e-05	0.00039518045	0.0	0.02
OG0003235	5.588632e-05	0.00039703923	0.0	0.02
OG0006809	5.586622e-05	0.00024412644	0.0	0.06
OG0005361	5.586075e-05	0.0003956441	0.0	0.02
OG0018624	5.5704953e-05	0.00028209575	0.0	0.04
OG0008152	5.5616692e-05	0.00025234077	0.0	0.05
OG0006438	5.5614404e-05	0.00027835567	0.0	0.04
OG0003791	5.5565866e-05	0.0002831607	0.0	0.04
OG0004308	5.5462784e-05	0.00029390267	0.0	0.04
OG0009639	5.5394485e-05	0.0002494119	0.0	0.05
OG0009232	5.5357294e-05	0.00025529048	0.0	0.05
OG0003326	5.530576e-05	0.00029413073	0.0	0.05
OG0009129	5.525993e-05	0.0002789799	0.0	0.04
OG0001527	5.524108e-05	0.00024773277	0.0	0.05
OG0008361	5.5095632e-05	0.00020777664	0.0	0.07
OG0004237	5.4961707e-05	0.00013281318	0.0	0.21
OG0001059	5.4916083e-05	0.00018978881	0.0	0.15
OG0003726	5.4901888e-05	0.00022508531	0.0	0.07
OG0007379	5.489811e-05	0.0002330629	0.0	0.06
OG0010925	5.486526e-05	0.0003222018	0.0	0.03
OG0005391	5.4839496e-05	0.00033491853	0.0	0.03
OG0004741	5.480417e-05	0.0004493245	0.0	0.02
OG0006610	5.4743286e-05	0.00039183386	0.0	0.02
OG0001279	5.47404e-05	0.00024266027	0.0	0.06
OG0004055	5.4620345e-05	0.00028712393	0.0	0.04
OG0007460	5.4561173e-05	0.00036700055	0.0	0.03
OG0001076	5.4463097e-05	0.0002495517	0.0	0.15
OG0001835	5.4400876e-05	0.00027365063	0.0	0.04
OG0004134	5.4343614e-05	0.0003058719	0.0	0.04
OG0000710	5.432958e-05	0.00036677445	0.0	0.04
OG0000900	5.426086e-05	0.00025280466	0.0	0.07
OG0008585	5.421485e-05	0.00014153037	0.0	0.15
OG0012711	5.4200013e-05	0.0001341074	0.0	0.15
OG0003975	5.415387e-05	0.00039086447	0.0	0.02
OG0002767	5.4119773e-05	0.00024253447	0.0	0.05
OG0002415	5.4035714e-05	0.00023280022	0.0	0.06
OG0003531	5.3954496e-05	0.00018005373	0.0	0.11
OG0006384	5.3864136e-05	0.00022158427	0.0	0.06
OG0018620	5.385556e-05	0.00031103042	0.0	0.03
OG0000711	5.3851483e-05	0.00021392964	0.0	0.07
OG0009421	5.370422e-05	0.0002524215	0.0	0.05
OG0000663	5.3632753e-05	0.00026633742	0.0	0.04
OG0019763	5.3547585e-05	0.00026585173	0.0	0.04
OG0008065	5.3535736e-05	0.00024465207	0.0	0.05
OG0002050	5.341398e-05	0.00022431785	0.0	0.09
OG0014018	5.340356e-05	0.00027527503	0.0	0.04
OG0002210	5.3394135e-05	0.00026981754	0.0	0.04
OG0003630	5.3388627e-05	0.00029645473	0.0	0.04
OG0005344	5.338722e-05	0.00030015904	0.0	0.04
OG0002581	5.3364238e-05	0.0002640543	0.0	0.04
OG0007242	5.3312484e-05	0.00026956698	0.0	0.04
OG0002578	5.3257172e-05	0.00015495863	0.0	0.11
OG0008649	5.3254673e-05	0.00030518672	0.0	0.03
OG0000366	5.3245967e-05	0.00029491325	0.0	0.04
OG0005337	5.3238367e-05	0.0002482506	0.0	0.05
OG0005336	5.3155734e-05	0.00027553152	0.0	0.04
OG0005986	5.299623e-05	0.00030690656	0.0	0.03
OG0007121	5.2874453e-05	0.00031019584	0.0	0.03
OG0005312	5.2824635e-05	0.00022630041	0.0	0.06
OG0009331	5.2729025e-05	0.0002633324	0.0	0.04
OG0006220	5.2594434e-05	0.00020915958	0.0	0.07
OG0005973	5.256341e-05	0.00030162523	0.0	0.03
OG0006802	5.2545758e-05	0.0002302286	0.0	0.07
OG0006980	5.2538955e-05	0.00021622705	0.0	0.06
OG0000921	5.250489e-05	0.00019939856	0.0	0.09
OG0010624	5.235691e-05	0.00019868671	0.0	0.07
OG0004577	5.222348e-05	0.00013871789	0.0	0.14
OG0008436	5.2100917e-05	0.00023916907	0.0	0.06
OG0009062	5.209465e-05	0.00017591444	0.0	0.09
OG0011125	5.2019437e-05	0.00030762865	0.0	0.03
OG0000950	5.1966683e-05	0.00021364834	0.0	0.08
OG0007799	5.1917e-05	0.0002758435	0.0	0.04
OG0000581	5.191684e-05	0.00022368312	0.0	0.08
OG0008274	5.189697e-05	0.00030129243	0.0	0.03
OG0005451	5.1894673e-05	0.00023446708	0.0	0.05
OG0000318	5.188513e-05	0.00019424435	0.0	0.13
OG0003715	5.188147e-05	0.00026479698	0.0	0.04
OG0007985	5.184476e-05	0.0001852201	0.0	0.09
OG0001413	5.184385e-05	0.00037030215	0.0	0.02
OG0003268	5.1708404e-05	0.00023756127	0.0	0.09
OG0006882	5.1578536e-05	0.00022055891	0.0	0.06
OG0004744	5.1429834e-05	0.00031193602	0.0	0.03
OG0006547	5.138845e-05	0.00014908546	0.0	0.11
OG0005598	5.138008e-05	0.000114292205	0.0	0.28
OG0004777	5.1329993e-05	0.0002456409	0.0	0.06
OG0004955	5.1313942e-05	0.00032487433	0.0	0.03
OG0004776	5.1297964e-05	0.00036801654	0.0	0.02
OG0004390	5.1288007e-05	0.00036088144	0.0	0.02
OG0006931	5.1276227e-05	0.000270265	0.0	0.04
OG0004638	5.1245504e-05	0.00028978375	0.0	0.04
OG0003485	5.114524e-05	0.00025198722	0.0	0.04
OG0003246	5.1084353e-05	0.00025424547	0.0	0.06
OG0001322	5.094762e-05	0.00025352836	0.0	0.04
OG0000779	5.0910738e-05	0.00028262334	0.0	0.06
OG0002164	5.090812e-05	0.00025503102	0.0	0.04
OG0000633	5.0868468e-05	0.00024346149	0.0	0.05
OG0005115	5.0815055e-05	0.00022174383	0.0	0.06
OG0003965	5.0716535e-05	0.00025049262	0.0	0.04
OG0006279	5.0687817e-05	0.00036613294	0.0	0.02
OG0003984	5.0658084e-05	0.0002529451	0.0	0.04
OG0009816	5.0654053e-05	0.00035766306	0.0	0.02
OG0013665	5.0631035e-05	0.00016531578	0.0	0.09
OG0000832	5.0606486e-05	0.00021317473	0.0	0.07
OG0004981	5.0461185e-05	0.00019952141	0.0	0.07
OG0003911	5.045581e-05	0.00023141254	0.0	0.06
OG0005325	5.0434624e-05	0.00017063068	0.0	0.09
OG0004868	5.0397208e-05	0.0003614739	0.0	0.02
OG0009740	5.0307623e-05	0.00026413694	0.0	0.04
OG0000221	5.0289756e-05	0.00021960137	0.0	0.07
OG0014920	5.021432e-05	0.0002600336	0.0	0.04
OG0010020	5.0196257e-05	0.00021601554	0.0	0.06
OG0001027	5.0098584e-05	0.00031714982	0.0	0.03
OG0003219	5.0065162e-05	0.00014337554	0.0	0.13
OG0004224	4.999848e-05	0.0002033354	0.0	0.06
OG0000621	4.9959646e-05	0.00016943763	0.0	0.11
OG0001553	4.9893013e-05	0.00024981305	0.0	0.04
OG0003117	4.9870592e-05	0.00023308804	0.0	0.05
OG0003811	4.980274e-05	0.0002576083	0.0	0.04
OG0004351	4.9729068e-05	0.00025024815	0.0	0.05
OG0010223	4.972167e-05	0.00024783507	0.0	0.04
OG0003358	4.971946e-05	0.000167052	0.0	0.09
OG0010430	4.9588703e-05	0.00024627132	0.0	0.04
OG0000749	4.955039e-05	0.00023111446	0.0	0.06
OG0006456	4.9478775e-05	0.0002703761	0.0	0.04
OG0008369	4.9457205e-05	0.00021066263	0.0	0.06
OG0011769	4.9308594e-05	0.00029616413	0.0	0.03
OG0001383	4.9306032e-05	0.00020412852	0.0	0.11
OG0003869	4.9269445e-05	0.0002404899	0.0	0.05
OG0004554	4.918976e-05	0.0002492822	0.0	0.07
OG0006847	4.9180053e-05	0.00034754703	0.0	0.02
OG0003446	4.9150553e-05	0.00025914382	0.0	0.04
OG0003708	4.9108457e-05	0.00027258138	0.0	0.04
OG0003939	4.9068312e-05	0.00034485318	0.0	0.06
OG0004009	4.900164e-05	0.00025039373	0.0	0.04
OG0004816	4.8986232e-05	0.00021953056	0.0	0.05
OG0000160	4.89212e-05	0.00015765456	0.0	0.13
OG0004943	4.8899175e-05	0.00021639647	0.0	0.06
OG0008232	4.885532e-05	0.0002807871	0.0	0.03
OG0001507	4.8831567e-05	0.00020070505	0.0	0.09
OG0000961	4.8819446e-05	0.00020188116	0.0	0.1
OG0000903	4.8811187e-05	0.00019296489	0.0	0.08
OG0000548	4.8801274e-05	0.00025149627	0.0	0.04
OG0000815	4.8777638e-05	0.00024300259	0.0	0.05
OG0007688	4.8752885e-05	0.00034602918	0.0	0.02
OG0001100	4.8727026e-05	0.00024335025	0.0	0.07
OG0000471	4.8717553e-05	0.0002795656	0.0	0.03
OG0008220	4.8693215e-05	0.0002823924	0.0	0.03
OG0005576	4.863848e-05	0.00034579294	0.0	0.02
OG0014586	4.8629638e-05	0.00028543244	0.0	0.03
OG0000296	4.8554055e-05	0.000105544066	0.0	0.25
OG0008362	4.8456666e-05	0.0003068535	0.0	0.03
OG0014038	4.8258993e-05	0.00027901234	0.0	0.03
OG0004232	4.822442e-05	0.00026562932	0.0	0.04
OG0003725	4.8214e-05	0.00016407619	0.0	0.1
OG0002291	4.8086233e-05	0.00012172272	0.0	0.14
OG0007982	4.8063695e-05	0.00016802948	0.0	0.08
OG0022437	4.8024795e-05	0.0002816128	0.0	0.03
OG0004173	4.7948193e-05	0.00024936738	0.0	0.04
OG0000444	4.793095e-05	0.0001337287	0.0	0.19
OG0002755	4.7915302e-05	0.00025367466	0.0	0.04
OG0010002	4.790885e-05	0.000214473	0.0	0.05
OG0005246	4.7882782e-05	0.0002796686	0.0	0.03
OG0008215	4.784641e-05	0.00027484962	0.0	0.03
OG0005642	4.7749756e-05	0.0002437178	0.0	0.04
OG0000469	4.7686164e-05	0.00030233458	0.0	0.03
OG0009508	4.76762e-05	0.0003545336	0.0	0.04
OG0004878	4.766526e-05	0.00027617623	0.0	0.03
OG0001268	4.7613554e-05	0.0003186455	0.0	0.03
OG0007983	4.7436803e-05	0.00024035189	0.0	0.04
OG0006242	4.7405734e-05	0.00033452638	0.0	0.02
OG0004520	4.7357593e-05	0.00026306167	0.0	0.05
OG0007228	4.7186302e-05	0.0002353592	0.0	0.04
OG0006100	4.7168378e-05	0.0002072532	0.0	0.06
OG0014852	4.7162575e-05	0.00011956659	0.0	0.14
OG0004135	4.7157348e-05	0.0004061817	0.0	0.02
OG0004020	4.710915e-05	0.00029569122	0.0	0.03
OG0011241	4.7042595e-05	0.00023513462	0.0	0.04
OG0000829	4.703452e-05	0.00024180084	0.0	0.08
OG0005206	4.697158e-05	0.00014273207	0.0	0.11
OG0009783	4.6966245e-05	0.0002716065	0.0	0.03
OG0003154	4.6868212e-05	0.00019409967	0.0	0.1
OG0020703	4.6849604e-05	0.00023584011	0.0	0.04
OG0000529	4.6753736e-05	0.00017497476	0.0	0.07
OG0000123	4.6608766e-05	0.00010892923	0.0	0.18
OG0005202	4.6588582e-05	0.00029143383	0.0	0.03
OG0003040	4.6473266e-05	0.00018973673	0.0	0.07
OG0005200	4.6431665e-05	0.0002698604	0.0	0.03
OG0001751	4.64306e-05	0.00022981524	0.0	0.04
OG0000192	4.642166e-05	0.00020321454	0.0	0.07
OG0004480	4.6418543e-05	0.00026941078	0.0	0.03
OG0003248	4.638757e-05	0.00010405214	0.0	0.24
OG0004015	4.6385896e-05	0.00018479273	0.0	0.07
OG0010253	4.626531e-05	0.00032771245	0.0	0.02
OG0003897	4.6138164e-05	0.00019191136	0.0	0.07
OG0003406	4.6035293e-05	0.00022982097	0.0	0.04
OG0003681	4.5999208e-05	0.0003773392	0.0	0.06
OG0013309	4.5992878e-05	0.00018983896	0.0	0.06
OG0006675	4.598816e-05	0.00023865116	0.0	0.04
OG0001728	4.598352e-05	0.00023127496	0.0	0.04
OG0000576	4.595999e-05	0.00015887487	0.0	0.13
OG0014490	4.5958288e-05	0.00023054749	0.0	0.04
OG0000141	4.5956505e-05	0.00012732763	0.0	0.17
OG0003824	4.589501e-05	0.0002751544	0.0	0.03
OG0003755	4.5832814e-05	0.00014569303	0.0	0.1
OG0004301	4.5691795e-05	0.00026270087	0.0	0.03
OG0010456	4.5682835e-05	0.00034591998	0.0	0.02
OG0019906	4.5670495e-05	0.00026243963	0.0	0.03
OG0000558	4.5665536e-05	0.00011396992	0.0	0.17
OG0016908	4.5641103e-05	0.00020293947	0.0	0.05
OG0003901	4.5421206e-05	0.00021409859	0.0	0.05
OG0000768	4.5350855e-05	0.00015899158	0.0	0.12
OG0004834	4.535017e-05	0.00019244812	0.0	0.06
OG0002897	4.528306e-05	0.00023769216	0.0	0.04
OG0009705	4.525859e-05	0.00025964197	0.0	0.03
OG0003336	4.5115008e-05	0.00014699217	0.0	0.14
OG0011865	4.5084438e-05	0.00020517844	0.0	0.05
OG0008630	4.5081273e-05	0.00017400648	0.0	0.08
OG0001154	4.503979e-05	0.000257509	0.0	0.03
OG0001786	4.5028282e-05	0.00021095859	0.0	0.05
OG0009467	4.496859e-05	0.00022897047	0.0	0.05
OG0001045	4.494984e-05	0.00012620608	0.0	0.12
OG0000313	4.4944016e-05	0.00014727261	0.0	0.11
OG0016227	4.4926022e-05	0.00025794294	0.0	0.03
OG0010977	4.4822154e-05	0.00028362655	0.0	0.03
OG0001585	4.4816254e-05	0.00023261154	0.0	0.04
OG0011213	4.4777786e-05	0.00024271976	0.0	0.04
OG0003376	4.4747936e-05	0.00017440223	0.0	0.11
OG0000637	4.473856e-05	0.00027253284	0.0	0.05
OG0005768	4.470992e-05	0.00017290075	0.0	0.08
OG0004550	4.469785e-05	0.00022253406	0.0	0.05
OG0003125	4.4678633e-05	0.0002592994	0.0	0.03
OG0002290	4.465971e-05	0.000220715	0.0	0.04
OG0005926	4.456701e-05	0.0002787548	0.0	0.03
OG0005314	4.4478496e-05	0.0002627786	0.0	0.03
OG0003620	4.44592e-05	0.0002634322	0.0	0.03
OG0014674	4.434789e-05	0.00022212724	0.0	0.04
OG0004100	4.431515e-05	0.00026370547	0.0	0.03
OG0000609	4.4287182e-05	0.00012317141	0.0	0.23
OG0000476	4.4250857e-05	0.00019322123	0.0	0.06
OG0000403	4.4244745e-05	0.00018552312	0.0	0.13
OG0004531	4.420631e-05	0.00031699715	0.0	0.02
OG0004882	4.4199318e-05	0.00027477858	0.0	0.03
OG0013825	4.4153716e-05	0.00020180298	0.0	0.05
OG0002189	4.4106928e-05	0.00025249363	0.0	0.03
OG0013600	4.4085296e-05	0.00011630189	0.0	0.13
OG0004948	4.4069282e-05	0.00032024365	0.0	0.02
OG0016235	4.404624e-05	0.00025805796	0.0	0.03
OG0005041	4.3979377e-05	0.00019440704	0.0	0.08
OG0005783	4.395728e-05	0.00017196481	0.0	0.07
OG0010683	4.3941112e-05	0.0002281914	0.0	0.04
OG0003957	4.3854638e-05	0.00027008334	0.0	0.05
OG0011162	4.3846736e-05	0.00011090378	0.0	0.14
OG0006794	4.381468e-05	0.00016485235	0.0	0.07
OG0006487	4.3797827e-05	0.00030817714	0.0	0.02
OG0003608	4.37721e-05	0.0002026583	0.0	0.05
OG0007754	4.365323e-05	0.0002191119	0.0	0.04
OG0003543	4.3592925e-05	0.00034751676	0.0	0.06
OG0005777	4.351705e-05	0.00021955483	0.0	0.05
OG0004001	4.351587e-05	0.00025004457	0.0	0.04
OG0003668	4.3506072e-05	0.00026338812	0.0	0.05
OG0002766	4.3502354e-05	0.0002655051	0.0	0.04
OG0004649	4.340098e-05	0.00015981626	0.0	0.08
OG0002192	4.3348693e-05	0.00021456834	0.0	0.04
OG0003978	4.33289e-05	0.00043328883	0.0	0.01
OG0006450	4.3298704e-05	0.000250882	0.0	0.03
OG0008899	4.3237345e-05	0.00024501243	0.0	0.04
OG0005338	4.3169268e-05	0.00022280519	0.0	0.04
OG0007207	4.309936e-05	0.0002320551	0.0	0.04
OG0004048	4.309702e-05	0.00022522849	0.0	0.04
OG0003244	4.3039243e-05	0.00017207832	0.0	0.07
OG0003659	4.302107e-05	0.0003161135	0.0	0.02
OG0007061	4.2994994e-05	0.0002580647	0.0	0.03
OG0005098	4.289046e-05	0.00027325537	0.0	0.03
OG0007459	4.2883636e-05	0.00031782602	0.0	0.02
OG0003466	4.2772637e-05	0.00022992921	0.0	0.04
OG0004344	4.2766336e-05	0.00023494095	0.0	0.04
OG0004535	4.274318e-05	0.00031413074	0.0	0.03
OG0011081	4.2650565e-05	0.00028224188	0.0	0.03
OG0010962	4.258988e-05	0.00021370385	0.0	0.04
OG0004079	4.251129e-05	0.00018803253	0.0	0.07
OG0008117	4.249053e-05	0.00030268938	0.0	0.02
OG0004895	4.2420248e-05	0.0002833515	0.0	0.03
OG0008795	4.2327923e-05	0.00025819687	0.0	0.03
OG0000055	4.221745e-05	0.00019450657	0.0	0.09
OG0006191	4.2196883e-05	0.00025388968	0.0	0.03
OG0001990	4.2192023e-05	0.00024285649	0.0	0.03
OG0004320	4.2114036e-05	0.00042114026	0.0	0.01
OG0007642	4.202518e-05	0.00024376962	0.0	0.03
OG0002061	4.199526e-05	0.00014135383	0.0	0.18
OG0005024	4.199415e-05	0.00031076575	0.0	0.02
OG0009444	4.1955573e-05	0.0002061493	0.0	0.05
OG0003370	4.1869404e-05	0.00041869417	0.0	0.01
OG0008579	4.1841093e-05	0.0002175284	0.0	0.05
OG0010049	4.1813226e-05	0.00024357719	0.0	0.03
OG0008385	4.178714e-05	0.0002085252	0.0	0.04
OG0002784	4.1723666e-05	0.00013397906	0.0	0.15
OG0018940	4.169809e-05	0.0003021872	0.0	0.02
OG0003122	4.163927e-05	0.00016061217	0.0	0.09
OG0003865	4.1569445e-05	0.0002863992	0.0	0.03
OG0000897	4.1563697e-05	0.0001980575	0.0	0.07
OG0000787	4.155299e-05	0.00016103477	0.0	0.08
OG0004218	4.1414034e-05	0.00020955528	0.0	0.05
OG0010100	4.1405765e-05	0.00025993714	0.0	0.03
OG0009164	4.139908e-05	0.00018857725	0.0	0.05
OG0003031	4.130966e-05	0.00017624315	0.0	0.08
OG0007469	4.1253083e-05	0.0002373363	0.0	0.03
OG0003810	4.116833e-05	0.0002133404	0.0	0.05
OG0002651	4.1125706e-05	0.00013735399	0.0	0.09
OG0008809	4.107006e-05	0.00030357658	0.0	0.02
OG0002974	4.0929783e-05	0.00022101424	0.0	0.04
OG0009175	4.090287e-05	0.00035761244	0.0	0.02
OG0012479	4.087226e-05	0.00023498545	0.0	0.03
OG0008584	4.0840427e-05	0.00026318323	0.0	0.03
OG0010231	4.0691782e-05	0.00018735857	0.0	0.05
OG0003428	4.0607116e-05	0.0002249887	0.0	0.04
OG0004270	4.0586096e-05	0.00016779904	0.0	0.1
OG0003840	4.048686e-05	0.00022646168	0.0	0.04
OG0001099	4.0417035e-05	0.00018360546	0.0	0.09
OG0008247	4.0370425e-05	0.00020259069	0.0	0.04
OG0005403	4.0346393e-05	0.00023112832	0.0	0.03
OG0008264	4.033374e-05	0.00020503903	0.0	0.04
OG0002010	4.0162515e-05	0.00014028548	0.0	0.08
OG0010969	4.014286e-05	0.00040142876	0.0	0.01
OG0000611	4.0141465e-05	0.00018600773	0.0	0.06
OG0003508	4.0078558e-05	0.0002141039	0.0	0.05
OG0001449	4.004358e-05	0.00019206418	0.0	0.05
OG0008565	3.996493e-05	0.0002863283	0.0	0.02
OG0014425	3.981068e-05	0.0002828976	0.0	0.02
OG0001228	3.9785962e-05	0.00023592325	0.0	0.03
OG0007264	3.968083e-05	0.0002398693	0.0	0.04
OG0007203	3.966177e-05	0.00020791152	0.0	0.05
OG0005118	3.960877e-05	0.00019104905	0.0	0.05
OG0018601	3.9541494e-05	0.00023130995	0.0	0.03
OG0005079	3.9517545e-05	0.00020659984	0.0	0.05
OG0008929	3.9513292e-05	0.0003034121	0.0	0.02
OG0007554	3.94852e-05	0.00023587646	0.0	0.03
OG0005088	3.944136e-05	0.0002329349	0.0	0.03
OG0003365	3.939848e-05	0.00018386525	0.0	0.07
OG0004677	3.937022e-05	0.00018256491	0.0	0.05
OG0000159	3.9332295e-05	0.00010807549	0.0	0.17
OG0000917	3.9317107e-05	0.00020092382	0.0	0.05
OG0000449	3.9290888e-05	0.00018691848	0.0	0.06
OG0004949	3.914972e-05	0.00016864423	0.0	0.07
OG0009655	3.909867e-05	0.00029672484	0.0	0.02
OG0003083	3.9097184e-05	0.0002287427	0.0	0.03
OG0006504	3.9097125e-05	0.0002040489	0.0	0.04
OG0006689	3.889899e-05	0.0002739805	0.0	0.02
OG0002785	3.888087e-05	0.00017362721	0.0	0.07
OG0005042	3.8877773e-05	0.0002830362	0.0	0.02
OG0001782	3.8826805e-05	0.0001489121	0.0	0.07
OG0008788	3.8787068e-05	0.0002467667	0.0	0.03
OG0000081	3.8755465e-05	0.00013497275	0.0	0.18
OG0002970	3.874475e-05	0.00022441476	0.0	0.03
OG0003387	3.869727e-05	0.0001846392	0.0	0.05
OG0003635	3.861983e-05	0.00023150984	0.0	0.03
OG0007372	3.857498e-05	0.0002716884	0.0	0.02
OG0008334	3.8560866e-05	0.00020211292	0.0	0.04
OG0003971	3.841282e-05	0.0003793016	0.0	0.02
OG0007390	3.8397546e-05	0.00030617876	0.0	0.03
OG0010447	3.83498e-05	0.0001583424	0.0	0.06
OG0005215	3.819813e-05	0.00016003205	0.0	0.06
OG0008415	3.8043625e-05	0.00019220515	0.0	0.04
OG0005509	3.801364e-05	0.0001525443	0.0	0.06
OG0002409	3.7979928e-05	0.00023085998	0.0	0.03
OG0005332	3.7915514e-05	0.0002198328	0.0	0.03
OG0015263	3.7887097e-05	0.00017339547	0.0	0.05
OG0003338	3.7886995e-05	0.00021726568	0.0	0.03
OG0004555	3.7884325e-05	0.00021097505	0.0	0.05
OG0003818	3.7843205e-05	0.00017609129	0.0	0.09
OG0004158	3.782517e-05	0.00036306196	0.0	0.04
OG0008916	3.7770522e-05	0.00026658553	0.0	0.02
OG0003412	3.7737118e-05	0.000105708175	0.0	0.19
OG0001011	3.7718502e-05	0.0002891927	0.0	0.02
OG0004720	3.7710342e-05	0.00028735492	0.0	0.02
OG0003003	3.7700243e-05	0.00024240745	0.0	0.05
OG0000407	3.7686186e-05	0.00015417614	0.0	0.1
OG0005281	3.7682e-05	0.0003080412	0.0	0.02
OG0003270	3.764135e-05	0.00016406385	0.0	0.07
OG0001107	3.760222e-05	0.00021802144	0.0	0.03
OG0003974	3.7533733e-05	0.00021743898	0.0	0.03
OG0001368	3.7514506e-05	0.00021881297	0.0	0.04
OG0008235	3.7510657e-05	0.00037510652	0.0	0.01
OG0004041	3.7479273e-05	0.00023824006	0.0	0.07
OG0000643	3.7448182e-05	0.00019569762	0.0	0.06
OG0006999	3.744302e-05	0.0002734377	0.0	0.02
OG0001113	3.743504e-05	0.0002109984	0.0	0.05
OG0005212	3.7418817e-05	0.0002253904	0.0	0.03
OG0000987	3.736401e-05	0.00018576118	0.0	0.05
OG0003479	3.7346395e-05	0.00014008522	0.0	0.07
OG0009768	3.7342576e-05	0.00021724004	0.0	0.03
OG0002051	3.732383e-05	0.00019989621	0.0	0.06
OG0000447	3.729802e-05	0.00017052203	0.0	0.05
OG0007498	3.7292903e-05	0.00037292886	0.0	0.01
OG0006310	3.7258833e-05	0.00027463157	0.0	0.03
OG0004325	3.721967e-05	0.00018212137	0.0	0.05
OG0001797	3.7203255e-05	0.0002147301	0.0	0.03
OG0001324	3.7196078e-05	0.00013464555	0.0	0.09
OG0009089	3.698852e-05	0.0002634052	0.0	0.02
OG0004023	3.6927806e-05	0.00021576122	0.0	0.03
OG0004255	3.6897356e-05	0.00020124778	0.0	0.05
OG0001105	3.6892525e-05	0.00016268843	0.0	0.08
OG0003077	3.6890888e-05	0.00018726639	0.0	0.04
OG0004714	3.681994e-05	0.0003681996	0.0	0.01
OG0004052	3.681069e-05	0.00036810696	0.0	0.01
OG0002127	3.678556e-05	0.00011327946	0.0	0.11
OG0006706	3.6771387e-05	0.00021691399	0.0	0.05
OG0006971	3.6751455e-05	0.00022082808	0.0	0.03
OG0003864	3.674809e-05	0.00036748112	0.0	0.01
OG0004761	3.6637626e-05	0.0002177118	0.0	0.03
OG0000276	3.6587982e-05	0.00014392995	0.0	0.09
OG0008363	3.657987e-05	0.00021976195	0.0	0.03
OG0012356	3.655213e-05	0.00025879993	0.0	0.02
OG0003052	3.6506448e-05	0.00021655136	0.0	0.03
OG0003612	3.646235e-05	0.0003214917	0.0	0.04
OG0007755	3.646071e-05	0.0002578372	0.0	0.02
OG0014652	3.6415877e-05	0.00027831047	0.0	0.02
OG0003290	3.6359346e-05	0.0001539242	0.0	0.09
OG0004244	3.6307545e-05	0.00021591675	0.0	0.03
OG0005784	3.6306832e-05	0.00026033286	0.0	0.02
OG0001744	3.6202626e-05	0.00021615464	0.0	0.03
OG0000419	3.615517e-05	0.00018767401	0.0	0.06
OG0010179	3.6126465e-05	0.00026798912	0.0	0.02
OG0008443	3.609588e-05	0.00022552721	0.0	0.03
OG0003192	3.608577e-05	0.00013468407	0.0	0.07
OG0003401	3.6082834e-05	0.0001622589	0.0	0.07
OG0012327	3.6050646e-05	0.00016593156	0.0	0.07
OG0000374	3.6048023e-05	0.00021428402	0.0	0.06
OG0007659	3.596562e-05	0.00030221054	0.0	0.02
OG0003178	3.5899182e-05	0.00020886314	0.0	0.03
OG0000454	3.5725647e-05	0.000120670884	0.0	0.16
OG0004775	3.5716108e-05	0.000221512	0.0	0.03
OG0009849	3.5694116e-05	0.00017876805	0.0	0.04
OG0001582	3.5585224e-05	0.00020401095	0.0	0.03
OG0000596	3.551549e-05	0.00021060562	0.0	0.03
OG0013294	3.550607e-05	0.00017890995	0.0	0.04
OG0004595	3.546979e-05	0.00018493338	0.0	0.05
OG0004124	3.5407775e-05	0.0003540775	0.0	0.01
OG0000623	3.533898e-05	0.0001819444	0.0	0.04
OG0007924	3.532312e-05	0.00020324222	0.0	0.03
OG0001248	3.528107e-05	0.00014019797	0.0	0.08
OG0014650	3.5251272e-05	0.00024975865	0.0	0.02
OG0001327	3.5247038e-05	0.00015957217	0.0	0.06
OG0000887	3.524208e-05	0.00025576918	0.0	0.03
OG0003000	3.516193e-05	0.00020224378	0.0	0.03
OG0006787	3.5154397e-05	0.0002216925	0.0	0.03
OG0003028	3.5026413e-05	0.0002536718	0.0	0.02
OG0001624	3.5011708e-05	0.00017389508	0.0	0.06
OG0003276	3.4893226e-05	0.00015399097	0.0	0.06
OG0003877	3.4856796e-05	0.00019971914	0.0	0.03
OG0002779	3.4825527e-05	0.00020112512	0.0	0.03
OG0006430	3.4817655e-05	0.00034817657	0.0	0.01
OG0013736	3.4783603e-05	0.00021025674	0.0	0.03
OG0008787	3.4728902e-05	0.00014190066	0.0	0.07
OG0007386	3.4713627e-05	0.00019452252	0.0	0.04
OG0002173	3.4699206e-05	0.00016049003	0.0	0.07
OG0001040	3.4692843e-05	0.00016478251	0.0	0.07
OG0000657	3.4685767e-05	0.00013449638	0.0	0.1
OG0004670	3.4672554e-05	0.00022046812	0.0	0.03
OG0008824	3.4661458e-05	0.00034661463	0.0	0.01
OG0012283	3.4593522e-05	0.0002019257	0.0	0.03
OG0003328	3.4583616e-05	0.00018344831	0.0	0.06
OG0003484	3.4518744e-05	0.00018355773	0.0	0.04
OG0000788	3.4455672e-05	0.00023240353	0.0	0.05
OG0002079	3.4446934e-05	0.00019803825	0.0	0.03
OG0001018	3.4422803e-05	0.00014569881	0.0	0.06
OG0006935	3.4372755e-05	0.00020012641	0.0	0.03
OG0009506	3.42599e-05	0.00019714338	0.0	0.03
OG0002412	3.425913e-05	0.00021254328	0.0	0.03
OG0000209	3.4208853e-05	0.00019805333	0.0	0.03
OG0004327	3.4198834e-05	0.00015820243	0.0	0.06
OG0010025	3.416983e-05	0.00014107261	0.0	0.06
OG0003805	3.4155553e-05	0.00014956198	0.0	0.06
OG0000959	3.4150664e-05	0.00017518291	0.0	0.05
OG0003414	3.4131386e-05	0.0001491984	0.0	0.06
OG0007815	3.4123255e-05	0.00017414983	0.0	0.04
OG0014527	3.4119264e-05	0.00024004103	0.0	0.02
OG0012470	3.4112934e-05	0.00019679552	0.0	0.03
OG0000505	3.41116e-05	0.00018867104	0.0	0.06
OG0008253	3.411115e-05	0.00029560074	0.0	0.02
OG0005333	3.4062545e-05	0.00015320563	0.0	0.05
OG0000076	3.4048167e-05	0.00018462571	0.0	0.04
OG0004005	3.4037275e-05	0.00022254825	0.0	0.04
OG0012790	3.3975954e-05	0.00024001843	0.0	0.02
OG0005636	3.3944485e-05	0.00024954893	0.0	0.02
OG0004094	3.3925342e-05	0.0001451308	0.0	0.06
OG0002093	3.386363e-05	9.317061e-05	0.0	0.18
OG0004003	3.3797296e-05	0.00020848755	0.0	0.03
OG0009086	3.377523e-05	0.0002020511	0.0	0.04
OG0001277	3.3697517e-05	0.00020241691	0.0	0.03
OG0000928	3.369342e-05	0.00020756398	0.0	0.03
OG0008178	3.3647244e-05	0.00015387818	0.0	0.05
OG0006445	3.3646375e-05	0.00028008773	0.0	0.02
OG0003252	3.364567e-05	0.00015450902	0.0	0.06
OG0004867	3.3630196e-05	0.0001640182	0.0	0.05
OG0007911	3.3575758e-05	0.00015967795	0.0	0.05
OG0001542	3.3571854e-05	0.00020405866	0.0	0.03
OG0004212	3.356538e-05	0.000335654	0.0	0.01
OG0007873	3.3556265e-05	0.00024248325	0.0	0.02
OG0004590	3.35464e-05	0.00024313144	0.0	0.02
OG0000564	3.349226e-05	0.00015769365	0.0	0.06
OG0000980	3.3438948e-05	0.00023068374	0.0	0.04
OG0006511	3.3416087e-05	0.00015520479	0.0	0.05
OG0000334	3.3317472e-05	0.00018648243	0.0	0.04
OG0005927	3.3314263e-05	0.00013328771	0.0	0.07
OG0004786	3.3308424e-05	0.00022642805	0.0	0.03
OG0001800	3.330725e-05	0.00022550828	0.0	0.03
OG0006635	3.3301552e-05	0.00023615589	0.0	0.02
OG0004242	3.327951e-05	0.00016343515	0.0	0.05
OG0011550	3.325951e-05	0.00010616601	0.0	0.15
OG0003493	3.3239696e-05	0.00033239718	0.0	0.01
OG0001653	3.3194217e-05	0.00026073065	0.0	0.03
OG0004389	3.316576e-05	0.0002586113	0.0	0.02
OG0006782	3.315694e-05	0.00016760684	0.0	0.06
OG0000504	3.3103606e-05	0.00019493957	0.0	0.04
OG0004300	3.3070246e-05	0.00013396412	0.0	0.06
OG0001048	3.305493e-05	0.00010635896	0.0	0.09
OG0000590	3.3023196e-05	0.00010094958	0.0	0.11
OG0003315	3.297161e-05	0.00023216149	0.0	0.02
OG0009072	3.296491e-05	0.00020411435	0.0	0.03
OG0013383	3.293419e-05	0.00023476318	0.0	0.02
OG0002996	3.2917975e-05	0.0001670834	0.0	0.04
OG0018981	3.2859167e-05	0.00024009192	0.0	0.02
OG0002015	3.2853346e-05	0.00017194569	0.0	0.05
OG0004098	3.2811502e-05	0.00016604102	0.0	0.04
OG0001532	3.2793185e-05	0.00023489822	0.0	0.02
OG0000196	3.279208e-05	0.00018954031	0.0	0.06
OG0000518	3.2740158e-05	0.00013098754	0.0	0.1
OG0005132	3.262503e-05	0.00032625007	0.0	0.01
OG0003150	3.2613298e-05	0.00032613246	0.0	0.01
OG0009864	3.2579774e-05	0.00016050226	0.0	0.05
OG0003565	3.2560412e-05	0.00024545947	0.0	0.02
OG0001841	3.2528733e-05	0.00015461577	0.0	0.08
OG0003224	3.2482545e-05	0.00014526112	0.0	0.06
OG0001229	3.246831e-05	0.00018496957	0.0	0.04
OG0003470	3.242322e-05	0.00016471159	0.0	0.04
OG0003424	3.2418135e-05	0.00019767959	0.0	0.03
OG0009680	3.2357148e-05	0.00022861088	0.0	0.03
OG0011607	3.235649e-05	0.00022974433	0.0	0.02
OG0006027	3.2316035e-05	0.00022834068	0.0	0.02
OG0011696	3.2314285e-05	0.00019214467	0.0	0.03
OG0006428	3.2312637e-05	0.00015076243	0.0	0.05
OG0004409	3.2290194e-05	0.00032290167	0.0	0.01
OG0004091	3.2213702e-05	0.0002266338	0.0	0.02
OG0011798	3.2166798e-05	0.0001840592	0.0	0.03
OG0009826	3.2095082e-05	0.00022662884	0.0	0.02
OG0007090	3.2092248e-05	0.00032092235	0.0	0.01
OG0008943	3.2066513e-05	0.00019906317	0.0	0.03
OG0000535	3.2052485e-05	0.00013226186	0.0	0.08
OG0001165	3.200795e-05	0.00021976569	0.0	0.03
OG0009066	3.1951156e-05	0.0002422738	0.0	0.03
OG0003287	3.190372e-05	0.00018362768	0.0	0.03
OG0004060	3.189476e-05	0.00019782704	0.0	0.03
OG0007217	3.1892436e-05	0.00019807699	0.0	0.03
OG0004523	3.1884858e-05	0.00017091655	0.0	0.04
OG0008226	3.1878924e-05	0.0001445309	0.0	0.06
OG0001302	3.1863943e-05	0.00018870264	0.0	0.03
OG0003474	3.18476e-05	0.0002260708	0.0	0.02
OG0000651	3.1839958e-05	0.00015145529	0.0	0.07
OG0009821	3.1822372e-05	0.00016806333	0.0	0.04
OG0007868	3.1793243e-05	0.0001775743	0.0	0.05
OG0004065	3.1753603e-05	0.00031753624	0.0	0.01
OG0001605	3.170112e-05	0.00019618572	0.0	0.05
OG0013237	3.164408e-05	0.00022262595	0.0	0.02
OG0007973	3.157872e-05	0.00018213865	0.0	0.04
OG0018627	3.1476913e-05	0.00017995368	0.0	0.03
OG0004852	3.14195e-05	0.00031419477	0.0	0.01
OG0007391	3.1418796e-05	0.000187041	0.0	0.03
OG0002417	3.1324358e-05	0.00018588654	0.0	0.03
OG0004992	3.1274863e-05	0.00016819818	0.0	0.04
OG0004643	3.1188618e-05	0.00017557602	0.0	0.04
OG0005795	3.114852e-05	0.00022877655	0.0	0.02
OG0009169	3.111762e-05	0.0001694519	0.0	0.04
OG0004405	3.111554e-05	0.00019614013	0.0	0.03
OG0008044	3.1049352e-05	0.00021907283	0.0	0.02
OG0004437	3.1030926e-05	0.00031030946	0.0	0.01
OG0004936	3.1022468e-05	0.000209797	0.0	0.03
OG0000683	3.096217e-05	0.000113001195	0.0	0.08
OG0005260	3.095263e-05	0.00015770631	0.0	0.04
OG0008359	3.0931715e-05	0.00015242798	0.0	0.05
OG0002630	3.0910644e-05	0.0001634684	0.0	0.04
OG0004118	3.0880983e-05	0.00018246578	0.0	0.04
OG0004046	3.0788266e-05	0.0002943216	0.0	0.02
OG0001307	3.0768024e-05	0.00018082173	0.0	0.05
OG0003714	3.0734547e-05	0.00020731626	0.0	0.03
OG0004961	3.0694366e-05	0.00018977179	0.0	0.03
OG0003772	3.0672563e-05	0.00030672504	0.0	0.01
OG0002250	3.0623647e-05	0.00021617202	0.0	0.02
OG0000909	3.061814e-05	0.0002154342	0.0	0.02
OG0003450	3.0616364e-05	0.0001751781	0.0	0.03
OG0000433	3.0543768e-05	0.00019796449	0.0	0.03
OG0004426	3.0522588e-05	0.00013698985	0.0	0.05
OG0005964	3.051928e-05	0.00017870656	0.0	0.03
OG0005545	3.0515455e-05	0.00021734735	0.0	0.02
OG0001243	3.0472343e-05	0.00017035486	0.0	0.04
OG0004937	3.0412606e-05	0.00022053554	0.0	0.02
OG0004186	3.0384846e-05	0.0002205392	0.0	0.02
OG0016251	3.0381154e-05	0.00021377766	0.0	0.02
OG0000872	3.0368456e-05	0.0001798978	0.0	0.03
OG0001187	3.0349966e-05	0.00018045102	0.0	0.05
OG0007160	3.0346964e-05	0.00030347024	0.0	0.01
OG0004334	3.0344121e-05	0.00015283612	0.0	0.04
OG0007549	3.0340538e-05	0.00016017738	0.0	0.04
OG0005287	3.0326868e-05	0.0003032687	0.0	0.01
OG0005358	3.0240155e-05	0.00021966918	0.0	0.02
OG0003694	3.0166242e-05	0.00012900612	0.0	0.06
OG0003739	3.0125784e-05	0.00025713383	0.0	0.02
OG0000632	3.005546e-05	0.00017343767	0.0	0.06
OG0007383	3.0052106e-05	0.00030052103	0.0	0.01
OG0010437	3.0036386e-05	0.00021314454	0.0	0.02
OG0000457	3.002706e-05	0.00021422368	0.0	0.02
OG0007067	3.0021418e-05	0.00021664688	0.0	0.02
OG0003759	2.9958379e-05	0.00022380265	0.0	0.02
OG0005996	2.9926265e-05	0.00024312324	0.0	0.02
OG0005169	2.991857e-05	0.0001814261	0.0	0.03
OG0004353	2.989263e-05	0.0002153397	0.0	0.03
OG0006149	2.9874993e-05	0.00021609105	0.0	0.02
OG0007463	2.9862753e-05	0.00013555902	0.0	0.05
OG0000484	2.984839e-05	0.00018383516	0.0	0.03
OG0003646	2.984717e-05	0.00014683664	0.0	0.05
OG0011911	2.9772564e-05	0.00019350341	0.0	0.03
OG0001518	2.9761834e-05	0.00010305143	0.0	0.08
OG0008373	2.9754883e-05	0.00021274236	0.0	0.02
OG0006564	2.972939e-05	0.00015183658	0.0	0.04
OG0007651	2.966115e-05	0.0001656474	0.0	0.04
OG0000404	2.9635774e-05	0.00015109616	0.0	0.06
OG0004551	2.9615707e-05	0.00029615694	0.0	0.01
OG0006111	2.9609533e-05	0.00020852864	0.0	0.02
OG0000743	2.957394e-05	0.00012657413	0.0	0.06
OG0012932	2.9551255e-05	0.000121304285	0.0	0.06
OG0005547	2.9546614e-05	0.00012740641	0.0	0.07
OG0005809	2.9415143e-05	0.00020870268	0.0	0.03
OG0003711	2.939372e-05	0.00021199639	0.0	0.02
OG0003141	2.939328e-05	0.00017649557	0.0	0.03
OG0009749	2.9342713e-05	0.00017180321	0.0	0.03
OG0004191	2.9305942e-05	0.00027003084	0.0	0.02
OG0010186	2.9274093e-05	0.00020777679	0.0	0.02
OG0010192	2.91909e-05	0.00014753551	0.0	0.04
OG0003931	2.9178047e-05	0.00012105976	0.0	0.06
OG0000559	2.9123448e-05	0.000112911424	0.0	0.14
OG0009667	2.9055756e-05	0.00021442621	0.0	0.02
OG0004211	2.8974133e-05	0.00020760387	0.0	0.02
OG0007814	2.8963674e-05	0.00028963643	0.0	0.01
OG0004787	2.8888502e-05	0.00018039855	0.0	0.03
OG0003105	2.887012e-05	0.00017326153	0.0	0.03
OG0014684	2.8835848e-05	0.00021287828	0.0	0.02
OG0009354	2.881052e-05	0.00013046215	0.0	0.05
OG0004313	2.879939e-05	0.00017031743	0.0	0.03
OG0006544	2.8777662e-05	0.00020371418	0.0	0.02
OG0006012	2.8725977e-05	0.00017880324	0.0	0.03
OG0008582	2.8695302e-05	0.0002041935	0.0	0.02
OG0009076	2.8664646e-05	0.00028664584	0.0	0.01
OG0005811	2.8655031e-05	0.00016625095	0.0	0.03
OG0000501	2.8573173e-05	0.00015960104	0.0	0.04
OG0000690	2.849012e-05	0.00021119592	0.0	0.02
OG0004190	2.8474073e-05	0.00014024458	0.0	0.04
OG0004169	2.8473343e-05	0.00028473322	0.0	0.01
OG0000944	2.8463144e-05	0.00012533533	0.0	0.06
OG0004206	2.8441596e-05	0.00016028194	0.0	0.05
OG0005544	2.840986e-05	0.00020017716	0.0	0.02
OG0010073	2.8376686e-05	0.00019966498	0.0	0.02
OG0000553	2.8340643e-05	0.00014411262	0.0	0.06
OG0001632	2.831453e-05	0.0001992003	0.0	0.02
OG0019955	2.8263612e-05	0.00021471192	0.0	0.02
OG0005300	2.8245702e-05	0.00016913869	0.0	0.03
OG0010195	2.8208357e-05	0.00028208364	0.0	0.01
OG0000773	2.819196e-05	0.00017043645	0.0	0.05
OG0006489	2.8156624e-05	0.000114226445	0.0	0.06
OG0007966	2.8088314e-05	0.0002240048	0.0	0.02
OG0007280	2.8074985e-05	0.00019751544	0.0	0.02
OG0000498	2.8066775e-05	9.939906e-05	0.0	0.1
OG0001157	2.806628e-05	0.0001143669	0.0	0.08
OG0003495	2.8035969e-05	0.00022432941	0.0	0.02
OG0000388	2.7988457e-05	0.00011508513	0.0	0.06
OG0001296	2.7972375e-05	0.00019681764	0.0	0.02
OG0005279	2.7966043e-05	0.00027966048	0.0	0.01
OG0000772	2.7924409e-05	0.00010777008	0.0	0.08
OG0004898	2.7921302e-05	0.0002091066	0.0	0.02
OG0004587	2.7914184e-05	0.00026654176	0.0	0.02
OG0001057	2.7883356e-05	0.00015416314	0.0	0.07
OG0000769	2.7877777e-05	0.00019618224	0.0	0.02
OG0001762	2.7876795e-05	0.00011819269	0.0	0.06
OG0001271	2.784746e-05	0.00015238614	0.0	0.05
OG0000389	2.784562e-05	0.0001661988	0.0	0.03
OG0012282	2.784248e-05	0.00027842453	0.0	0.01
OG0000337	2.774816e-05	0.000218846	0.0	0.03
OG0003722	2.7743981e-05	0.00017298508	0.0	0.03
OG0006970	2.7685997e-05	0.00019526784	0.0	0.02
OG0004309	2.7671716e-05	0.00016056199	0.0	0.03
OG0011572	2.7661396e-05	0.00014193145	0.0	0.04
OG0004368	2.7617263e-05	0.00019546962	0.0	0.02
OG0002419	2.7599885e-05	0.00016974124	0.0	0.03
OG0003271	2.753779e-05	0.00016593252	0.0	0.03
OG0003843	2.7498041e-05	0.00021094272	0.0	0.02
OG0005979	2.7396269e-05	0.0002739625	0.0	0.01
OG0006757	2.7390477e-05	0.00013642415	0.0	0.04
OG0004502	2.7341901e-05	0.00024195	0.0	0.02
OG0004133	2.7325497e-05	0.00010212602	0.0	0.1
OG0000395	2.7249436e-05	0.00013397993	0.0	0.06
OG0011588	2.7224563e-05	0.00027224564	0.0	0.01
OG0000424	2.7207248e-05	0.00015290534	0.0	0.06
OG0007363	2.7201864e-05	0.0001605155	0.0	0.04
OG0010927	2.7154783e-05	0.00015118497	0.0	0.04
OG0011576	2.711886e-05	0.00016353618	0.0	0.03
OG0006225	2.7085307e-05	0.0001566966	0.0	0.03
OG0001202	2.7029142e-05	0.00010312465	0.0	0.1
OG0011571	2.7018888e-05	0.00014820043	0.0	0.04
OG0006127	2.7017773e-05	0.00019697615	0.0	0.02
OG0004781	2.7014403e-05	0.00018775175	0.0	0.03
OG0007600	2.6980102e-05	0.00017310362	0.0	0.03
OG0008647	2.697586e-05	0.00019167778	0.0	0.02
OG0005604	2.6968997e-05	0.0001910514	0.0	0.02
OG0008742	2.6947479e-05	0.00019585346	0.0	0.02
OG0002467	2.6883456e-05	0.00019172426	0.0	0.02
OG0007085	2.6831362e-05	0.00012427724	0.0	0.05
OG0018585	2.677341e-05	0.00019182768	0.0	0.02
OG0007822	2.6769296e-05	0.00010722985	0.0	0.06
OG0004839	2.6711505e-05	0.0001941404	0.0	0.02
OG0004958	2.670125e-05	0.00013972657	0.0	0.05
OG0006885	2.6698284e-05	0.00021365685	0.0	0.02
OG0003419	2.6691863e-05	0.00018783218	0.0	0.02
OG0013624	2.6662448e-05	0.00018822851	0.0	0.02
OG0000805	2.661842e-05	0.00012484893	0.0	0.07
OG0013357	2.6561145e-05	0.0001898589	0.0	0.02
OG0011559	2.6494545e-05	8.678313e-05	0.0	0.09
OG0006559	2.6480235e-05	0.00018980599	0.0	0.02
OG0009097	2.6417045e-05	0.00010767011	0.0	0.07
OG0005791	2.6378175e-05	0.00015544861	0.0	0.03
OG0000588	2.6326761e-05	0.00013615444	0.0	0.05
OG0004695	2.6235359e-05	0.00012897314	0.0	0.05
OG0005498	2.6208498e-05	0.000121160025	0.0	0.05
OG0002274	2.6198335e-05	0.0001854118	0.0	0.02
OG0003523	2.6185971e-05	0.00016610026	0.0	0.03
OG0001328	2.617566e-05	0.00014155127	0.0	0.04
OG0005619	2.6143203e-05	0.00016732294	0.0	0.03
OG0007002	2.6121112e-05	0.00017875119	0.0	0.05
OG0000282	2.6112082e-05	9.649817e-05	0.0	0.09
OG0003634	2.6103484e-05	0.0002610346	0.0	0.01
OG0004881	2.6081396e-05	0.00015301237	0.0	0.03
OG0003633	2.6041958e-05	0.00013194329	0.0	0.04
OG0005414	2.5964095e-05	0.00019070362	0.0	0.02
OG0003467	2.5945965e-05	0.000113429895	0.0	0.08
OG0000870	2.5916386e-05	0.00010939214	0.0	0.07
OG0002040	2.5904354e-05	0.00012466314	0.0	0.09
OG0001356	2.5884e-05	0.00018406085	0.0	0.02
OG0003600	2.5750696e-05	0.0001341841	0.0	0.05
OG0001052	2.5709915e-05	0.00018543747	0.0	0.02
OG0006562	2.5707295e-05	0.00025707285	0.0	0.01
OG0008694	2.5677078e-05	0.0002138137	0.0	0.02
OG0012695	2.5675963e-05	0.00011786816	0.0	0.05
OG0004078	2.5666835e-05	0.00015789238	0.0	0.03
OG0004082	2.5622365e-05	0.00014954456	0.0	0.03
OG0000780	2.560729e-05	0.00018356358	0.0	0.02
OG0008221	2.5590658e-05	0.00018102292	0.0	0.02
OG0000937	2.5539552e-05	9.2905015e-05	0.0	0.08
OG0003511	2.5486575e-05	0.00019108287	0.0	0.03
OG0001539	2.5484738e-05	0.0001484181	0.0	0.04
OG0002482	2.5370082e-05	7.713363e-05	0.0	0.13
OG0001062	2.5363908e-05	0.00018211774	0.0	0.03
OG0002601	2.5340973e-05	0.00010927479	0.0	0.06
OG0010027	2.530672e-05	0.00025306715	0.0	0.01
OG0001569	2.5277202e-05	0.00017926958	0.0	0.02
OG0002082	2.5262123e-05	0.00013168341	0.0	0.04
OG0000889	2.525928e-05	8.121561e-05	0.0	0.16
OG0004654	2.5240128e-05	0.00014611703	0.0	0.03
OG0004764	2.5238343e-05	0.0001816171	0.0	0.02
OG0000733	2.5235184e-05	0.00018267747	0.0	0.02
OG0014847	2.5202928e-05	0.00025202942	0.0	0.01
OG0005674	2.5187073e-05	0.00018402863	0.0	0.02
OG0009812	2.5180067e-05	0.0001303248	0.0	0.04
OG0003575	2.5149515e-05	0.00025149522	0.0	0.01
OG0005503	2.508706e-05	0.00017711111	0.0	0.02
OG0000686	2.5075264e-05	0.00015437431	0.0	0.03
OG0004780	2.5007868e-05	0.00020934982	0.0	0.02
OG0005876	2.4970363e-05	0.00017569565	0.0	0.02
OG0010877	2.4956013e-05	0.00017584296	0.0	0.02
OG0009161	2.4899598e-05	0.00024899587	0.0	0.01
OG0009131	2.4864763e-05	0.00024864773	0.0	0.01
OG0007675	2.4838522e-05	0.00024838527	0.0	0.01
OG0008421	2.4822577e-05	0.00011023352	0.0	0.05
OG0000848	2.4793442e-05	0.00015759889	0.0	0.03
OG0005479	2.4793098e-05	0.00017596332	0.0	0.02
OG0003832	2.477339e-05	0.00012506565	0.0	0.04
OG0005816	2.4764784e-05	0.00017497696	0.0	0.02
OG0001821	2.4750992e-05	9.186149e-05	0.0	0.07
OG0007211	2.4741681e-05	0.00017229425	0.0	0.03
OG0009446	2.4707e-05	0.00017595988	0.0	0.02
OG0005645	2.4652676e-05	0.00014428634	0.0	0.03
OG0003907	2.4642632e-05	9.289097e-05	0.0	0.1
OG0009642	2.4555156e-05	0.00012649788	0.0	0.04
OG0006178	2.455361e-05	0.0002455363	0.0	0.01
OG0003890	2.454927e-05	0.0001638916	0.0	0.03
OG0007641	2.4539337e-05	0.0002453932	0.0	0.01
OG0000878	2.4518924e-05	0.00017300417	0.0	0.02
OG0009329	2.446397e-05	0.0001746226	0.0	0.02
OG0003959	2.4444535e-05	0.00013746433	0.0	0.05
OG0004789	2.4407684e-05	0.00020882284	0.0	0.02
OG0004927	2.4390363e-05	0.00024390353	0.0	0.01
OG0006685	2.4382933e-05	0.0002438292	0.0	0.01
OG0007998	2.4351475e-05	0.00017135814	0.0	0.02
OG0006067	2.4342155e-05	0.00024342154	0.0	0.01
OG0007457	2.430608e-05	0.00019989126	0.0	0.03
OG0002866	2.4300442e-05	0.00017162827	0.0	0.02
OG0000876	2.4289959e-05	0.00014675687	0.0	0.04
OG0016347	2.4278716e-05	0.00017582923	0.0	0.02
OG0001092	2.4267256e-05	0.00015555874	0.0	0.04
OG0000746	2.4245539e-05	0.00018052691	0.0	0.08
OG0002911	2.421616e-05	0.00024216164	0.0	0.01
OG0001199	2.4174118e-05	0.00010728624	0.0	0.05
OG0012390	2.4135947e-05	0.000127918	0.0	0.04
OG0007969	2.4079503e-05	0.00024079501	0.0	0.01
OG0007215	2.4079292e-05	0.00024079291	0.0	0.01
OG0009475	2.4069486e-05	0.0001282968	0.0	0.04
OG0004319	2.4021203e-05	0.00014118137	0.0	0.04
OG0000647	2.3997096e-05	0.00017326733	0.0	0.02
OG0004067	2.3965735e-05	0.0001773023	0.0	0.02
OG0001081	2.3961202e-05	0.00016867962	0.0	0.02
OG0003773	2.3929868e-05	0.00018722542	0.0	0.02
OG0005730	2.3911834e-05	0.0001391405	0.0	0.03
OG0008174	2.3889937e-05	0.0001817072	0.0	0.02
OG0013305	2.385904e-05	0.00016792836	0.0	0.02
OG0008801	2.3835228e-05	0.00012178519	0.0	0.04
OG0000425	2.3827142e-05	0.00016048695	0.0	0.03
OG0005588	2.379673e-05	0.00014494905	0.0	0.04
OG0003249	2.3794095e-05	0.00017010301	0.0	0.02
OG0012305	2.379156e-05	0.00023791582	0.0	0.01
OG0010008	2.3754423e-05	0.00023754436	0.0	0.01
OG0000367	2.3753128e-05	0.00011421044	0.0	0.07
OG0005808	2.3738146e-05	0.00015148816	0.0	0.03
OG0004801	2.3724358e-05	0.00016878637	0.0	0.02
OG0005971	2.3714574e-05	0.0001447596	0.0	0.03
OG0001561	2.3710505e-05	0.000117371965	0.0	0.1
OG0006387	2.3704519e-05	0.00023704526	0.0	0.01
OG0000665	2.3684921e-05	0.00012784882	0.0	0.05
OG0007778	2.3660028e-05	0.00016857951	0.0	0.02
OG0009697	2.3620767e-05	0.00017235013	0.0	0.02
OG0003813	2.3601962e-05	0.00013883828	0.0	0.03
OG0009813	2.3600798e-05	0.0002360081	0.0	0.01
OG0006566	2.3598486e-05	0.0001285608	0.0	0.06
OG0001061	2.354358e-05	0.00012688545	0.0	0.06
OG0008231	2.337562e-05	0.00023375626	0.0	0.01
OG0001438	2.3345976e-05	0.00019353964	0.0	0.03
OG0008225	2.3263632e-05	0.00023263624	0.0	0.01
OG0009211	2.3248447e-05	0.00013450677	0.0	0.03
OG0004452	2.3238188e-05	0.00014946534	0.0	0.03
OG0003476	2.3209217e-05	0.0001768145	0.0	0.03
OG0010737	2.3152537e-05	0.00016345578	0.0	0.02
OG0004125	2.3129956e-05	0.00014890282	0.0	0.03
OG0002228	2.3126488e-05	0.00014014886	0.0	0.05
OG0006879	2.3124372e-05	0.0001342531	0.0	0.03
OG0013395	2.3088958e-05	0.00016550781	0.0	0.02
OG0000680	2.3062028e-05	0.00015662723	0.0	0.03
OG0004049	2.3029073e-05	0.00013662124	0.0	0.04
OG0005515	2.3013665e-05	0.00021062206	0.0	0.02
OG0005516	2.3007764e-05	0.0001971495	0.0	0.02
OG0001122	2.297107e-05	0.00016436333	0.0	0.02
OG0005728	2.2951463e-05	0.00014468904	0.0	0.03
OG0008922	2.2918684e-05	0.0002291868	0.0	0.01
OG0002973	2.2904309e-05	0.00016251033	0.0	0.02
OG0006114	2.2862896e-05	0.000159135	0.0	0.03
OG0006892	2.285748e-05	0.00012565524	0.0	0.04
OG0007965	2.2819497e-05	0.000115717274	0.0	0.05
OG0004428	2.2807244e-05	0.00022807253	0.0	0.01
OG0004665	2.2767968e-05	0.00016152665	0.0	0.02
OG0005975	2.2740674e-05	0.00022740664	0.0	0.01
OG0005977	2.2717477e-05	0.00015992038	0.0	0.02
OG0003126	2.2694858e-05	9.172776e-05	0.0	0.06
OG0009656	2.2690767e-05	0.00015965279	0.0	0.02
OG0000941	2.268893e-05	0.00010479734	0.0	0.1
OG0007557	2.26832e-05	0.00013838476	0.0	0.03
OG0006646	2.2671737e-05	0.00012540359	0.0	0.04
OG0002117	2.2640463e-05	0.0002264045	0.0	0.01
OG0004396	2.2617369e-05	0.00022617378	0.0	0.01
OG0003005	2.2613602e-05	0.00015934624	0.0	0.02
OG0003130	2.2605345e-05	0.00016169419	0.0	0.02
OG0005908	2.2601876e-05	0.00022601862	0.0	0.01
OG0000376	2.2590113e-05	9.581202e-05	0.0	0.06
OG0004703	2.2572449e-05	0.00011700844	0.0	0.06
OG0005426	2.25715e-05	0.00022571466	0.0	0.01
OG0003389	2.2560691e-05	0.00022560678	0.0	0.01
OG0003814	2.2501463e-05	0.0001359931	0.0	0.06
OG0014878	2.2473158e-05	0.00015991624	0.0	0.02
OG0008431	2.247224e-05	0.00013326331	0.0	0.03
OG0010494	2.2434095e-05	0.00015794387	0.0	0.02
OG0008164	2.2431012e-05	0.00012039135	0.0	0.04
OG0003577	2.230444e-05	0.00016221458	0.0	0.02
OG0002610	2.2263563e-05	0.00015663325	0.0	0.02
OG0002952	2.2248023e-05	0.0001907682	0.0	0.03
OG0005237	2.2236076e-05	0.00015698357	0.0	0.02
OG0001545	2.2211669e-05	0.0001816304	0.0	0.02
OG0009993	2.2196928e-05	0.0001563203	0.0	0.02
OG0007680	2.2192044e-05	0.00022192045	0.0	0.01
OG0010537	2.214666e-05	0.00015605577	0.0	0.02
OG0003731	2.2143158e-05	0.00016471841	0.0	0.02
OG0007562	2.2125436e-05	0.00022125387	0.0	0.01
OG0003275	2.2111028e-05	0.00011992872	0.0	0.05
OG0009819	2.206219e-05	0.00013184446	0.0	0.03
OG0000809	2.206096e-05	8.140822e-05	0.0	0.08
OG0006373	2.199482e-05	0.00021994834	0.0	0.01
OG0005421	2.1992499e-05	0.00013871686	0.0	0.03
OG0003987	2.1981476e-05	0.00021981522	0.0	0.01
OG0012619	2.1957227e-05	0.00015568617	0.0	0.02
OG0003524	2.1893657e-05	0.0001540316	0.0	0.02
OG0000751	2.189341e-05	0.00015631942	0.0	0.06
OG0005623	2.1890246e-05	0.00015874914	0.0	0.02
OG0012665	2.1867594e-05	8.1247636e-05	0.0	0.07
OG0004733	2.186311e-05	0.0001738295	0.0	0.02
OG0016207	2.185218e-05	0.0002185218	0.0	0.01
OG0005043	2.1845783e-05	0.0001818197	0.0	0.02
OG0004652	2.1840055e-05	0.00014266773	0.0	0.03
OG0004976	2.1758866e-05	0.00017695996	0.0	0.03
OG0003301	2.1739615e-05	0.00015557236	0.0	0.02
OG0001261	2.1710626e-05	9.5403666e-05	0.0	0.08
OG0007899	2.1538777e-05	0.00021538776	0.0	0.01
OG0010184	2.1534155e-05	0.00021534173	0.0	0.01
OG0000293	2.1528567e-05	0.00013578188	0.0	0.04
OG0014050	2.1485323e-05	0.00013163763	0.0	0.03
OG0011164	2.146661e-05	0.00021466585	0.0	0.01
OG0000472	2.1407895e-05	0.00010345615	0.0	0.05
OG0000851	2.1382077e-05	0.0001111103	0.0	0.04
OG0004363	2.1376532e-05	0.00015540939	0.0	0.02
OG0003534	2.1373853e-05	0.00014913062	0.0	0.09
OG0009662	2.136734e-05	0.00010742052	0.0	0.04
OG0010945	2.1357464e-05	0.00021357459	0.0	0.01
OG0003321	2.1353291e-05	7.473935e-05	0.0	0.08
OG0001566	2.1306221e-05	0.00015004702	0.0	0.02
OG0014464	2.1293781e-05	0.00015547693	0.0	0.02
OG0000587	2.1260334e-05	0.00015648673	0.0	0.02
OG0008171	2.1256474e-05	0.00021256483	0.0	0.01
OG0005183	2.1235284e-05	0.00021235291	0.0	0.01
OG0008462	2.1176711e-05	0.00015390963	0.0	0.02
OG0016252	2.1171756e-05	0.00021171763	0.0	0.01
OG0013284	2.1155542e-05	0.00021155529	0.0	0.01
OG0002735	2.1141435e-05	0.00014903778	0.0	0.02
OG0000240	2.108866e-05	0.0001263707	0.0	0.06
OG0011528	2.1025788e-05	0.00021025777	0.0	0.01
OG0003882	2.0993524e-05	0.00014858082	0.0	0.04
OG0000997	2.098497e-05	9.839976e-05	0.0	0.05
OG0003769	2.0981352e-05	0.00020487652	0.0	0.02
OG0013737	2.0978809e-05	0.00012108072	0.0	0.03
OG0008341	2.09666e-05	0.000147537	0.0	0.02
OG0002524	2.095652e-05	0.00014972719	0.0	0.03
OG0003970	2.0910678e-05	9.847838e-05	0.0	0.06
OG0001299	2.0852387e-05	0.0001469575	0.0	0.02
OG0012513	2.0824176e-05	0.00020824213	0.0	0.01
OG0000996	2.0822217e-05	0.00010846653	0.0	0.04
OG0010704	2.0819758e-05	0.00014746643	0.0	0.02
OG0003579	2.0815918e-05	0.00014752464	0.0	0.02
OG0009516	2.0774105e-05	0.0001469611	0.0	0.02
OG0002758	2.0752943e-05	0.00020752939	0.0	0.01
OG0003963	2.0716603e-05	0.00014664333	0.0	0.02
OG0007464	2.0688041e-05	0.00013905698	0.0	0.03
OG0000810	2.0686297e-05	9.754645e-05	0.0	0.06
OG0008159	2.0640691e-05	0.00020640691	0.0	0.01
OG0003183	2.063918e-05	0.00011908847	0.0	0.03
OG0002586	2.0636759e-05	0.0001459743	0.0	0.02
OG0006238	2.0633732e-05	0.00020633716	0.0	0.01
OG0010944	2.0621794e-05	0.00020621785	0.0	0.01
OG0006846	2.0617314e-05	0.00014308457	0.0	0.03
OG0008664	2.0600432e-05	0.00014733546	0.0	0.03
OG0001916	2.0596177e-05	0.0001451781	0.0	0.02
OG0004971	2.0533558e-05	0.00014450621	0.0	0.02
OG0018615	2.0518586e-05	0.00014443754	0.0	0.02
OG0000791	2.0515667e-05	0.00013452412	0.0	0.04
OG0003952	2.0502002e-05	0.00015752735	0.0	0.02
OG0000286	2.0494852e-05	8.225152e-05	0.0	0.07
OG0003744	2.04616e-05	0.0001626194	0.0	0.02
OG0001032	2.0441883e-05	0.00014466577	0.0	0.02
OG0004581	2.0436244e-05	0.00014382387	0.0	0.02
OG0006853	2.0432646e-05	0.00016350274	0.0	0.02
OG0008921	2.040121e-05	0.00020401199	0.0	0.01
OG0005269	2.0398062e-05	0.00016380008	0.0	0.02
OG0003182	2.0341538e-05	8.208785e-05	0.0	0.06
OG0004355	2.0339754e-05	0.00010373271	0.0	0.04
OG0003732	2.0329424e-05	0.000111044435	0.0	0.05
OG0004002	2.0327054e-05	0.00011735443	0.0	0.03
OG0003212	2.0315045e-05	0.00011930897	0.0	0.03
OG0000626	2.0294578e-05	7.4578325e-05	0.0	0.13
OG0007315	2.0293222e-05	0.00020293225	0.0	0.01
OG0011870	2.0186908e-05	0.00012499643	0.0	0.03
OG0006099	2.018471e-05	0.00015115133	0.0	0.02
OG0003603	2.0149948e-05	0.0002014996	0.0	0.01
OG0005970	2.0101303e-05	0.00014176311	0.0	0.02
OG0003883	2.0077301e-05	0.0001582725	0.0	0.02
OG0008255	2.0069472e-05	0.00014140506	0.0	0.02
OG0008352	2.0064646e-05	0.00020064633	0.0	0.01
OG0005448	2.005953e-05	0.00012749218	0.0	0.04
OG0000758	2.0009966e-05	0.0001257167	0.0	0.05
OG0013746	1.999675e-05	0.00019996744	0.0	0.01
OG0014515	1.9995094e-05	0.000101107726	0.0	0.04
OG0003876	1.9991223e-05	0.0001260267	0.0	0.04
OG0003828	1.995693e-05	0.000116431635	0.0	0.03
OG0009628	1.993427e-05	0.00019934282	0.0	0.01
OG0004588	1.9926061e-05	0.00014068896	0.0	0.02
OG0003949	1.9924724e-05	0.00019924724	0.0	0.01
OG0012944	1.9851688e-05	0.0001985172	0.0	0.01
OG0003548	1.9849791e-05	0.00012590997	0.0	0.04
OG0004496	1.9836014e-05	0.00019835989	0.0	0.01
OG0003655	1.983155e-05	9.917055e-05	0.0	0.04
OG0006492	1.9800493e-05	0.00019800488	0.0	0.01
OG0003522	1.9787421e-05	0.00014575121	0.0	0.02
OG0005255	1.9771298e-05	0.00019771335	0.0	0.01
OG0003816	1.9770512e-05	0.00019770549	0.0	0.01
OG0017478	1.9758241e-05	0.00019758212	0.0	0.01
OG0003912	1.9736768e-05	0.00012802001	0.0	0.03
OG0007454	1.9713985e-05	0.00014609804	0.0	0.02
OG0000549	1.969214e-05	0.00018185898	0.0	0.02
OG0003455	1.9684128e-05	9.7368036e-05	0.0	0.04
OG0001467	1.967844e-05	0.00013849245	0.0	0.02
OG0003956	1.966079e-05	9.529135e-05	0.0	0.06
OG0001212	1.9654806e-05	0.00019654821	0.0	0.01
OG0005499	1.9633417e-05	0.000196334	0.0	0.01
OG0005974	1.959689e-05	0.0001750844	0.0	0.02
OG0010533	1.9567045e-05	0.0001956705	0.0	0.01
OG0011363	1.952686e-05	0.000114613125	0.0	0.03
OG0003927	1.9525509e-05	0.00015548783	0.0	0.02
OG0004119	1.949301e-05	0.0001949301	0.0	0.01
OG0001483	1.9436995e-05	9.66094e-05	0.0	0.04
OG0000964	1.942164e-05	0.00010056476	0.0	0.05
OG0013557	1.9414e-05	0.00019414017	0.0	0.01
OG0003867	1.940255e-05	0.0001319352	0.0	0.03
OG0003118	1.938375e-05	0.00012883931	0.0	0.04
OG0008083	1.9321807e-05	0.00016648047	0.0	0.02
OG0008070	1.9319594e-05	0.00019319604	0.0	0.01
OG0003272	1.9276362e-05	0.00019276355	0.0	0.01
OG0004102	1.925735e-05	0.00010228752	0.0	0.04
OG0003069	1.9206458e-05	0.00011198468	0.0	0.03
OG0016391	1.9205567e-05	0.00019205554	0.0	0.01
OG0005965	1.9204314e-05	0.00019204312	0.0	0.01
OG0010646	1.920321e-05	0.00019203217	0.0	0.01
OG0003863	1.9193965e-05	0.0001600446	0.0	0.04
OG0002988	1.91873e-05	0.00019187298	0.0	0.01
OG0007146	1.9047104e-05	0.000121376	0.0	0.03
OG0004877	1.9028823e-05	0.00014134275	0.0	0.02
OG0001093	1.9023168e-05	9.57965e-05	0.0	0.05
OG0004291	1.9005854e-05	0.00012277154	0.0	0.03
OG0005023	1.897633e-05	0.00013352698	0.0	0.02
OG0003385	1.8955756e-05	0.00014989162	0.0	0.02
OG0005146	1.893682e-05	0.00011537433	0.0	0.03
OG0008151	1.8877387e-05	0.00013187162	0.0	0.03
OG0003969	1.8826184e-05	0.000182431	0.0	0.02
OG0002375	1.8802175e-05	7.569305e-05	0.0	0.06
OG0001205	1.8798057e-05	0.00015339658	0.0	0.02
OG0008437	1.877985e-05	0.00018779848	0.0	0.01
OG0006926	1.8775254e-05	0.000108539934	0.0	0.03
OG0003754	1.8773379e-05	0.00018773376	0.0	0.01
OG0004345	1.8761551e-05	0.00013860801	0.0	0.02
OG0013680	1.8751061e-05	0.00018751052	0.0	0.01
OG0004362	1.8745039e-05	0.00013425916	0.0	0.02
OG0001142	1.873637e-05	9.31226e-05	0.0	0.04
OG0004457	1.8720053e-05	0.00018720051	0.0	0.01
OG0012780	1.8639863e-05	0.00018639864	0.0	0.01
OG0002271	1.8636703e-05	0.00018636714	0.0	0.01
OG0013319	1.8616889e-05	0.00013155368	0.0	0.02
OG0006642	1.860135e-05	0.00014233164	0.0	0.02
OG0007074	1.8566929e-05	0.00011784027	0.0	0.03
OG0000412	1.8525723e-05	6.982626e-05	0.0	0.08
OG0007654	1.851062e-05	0.00018510621	0.0	0.01
OG0013327	1.848955e-05	7.6045435e-05	0.0	0.08
OG0003913	1.8426597e-05	0.00012171831	0.0	0.03
OG0004183	1.8401099e-05	0.00012947683	0.0	0.02
OG0005433	1.8393688e-05	9.43937e-05	0.0	0.04
OG0004369	1.8358209e-05	0.00010190591	0.0	0.04
OG0001022	1.8355788e-05	7.651604e-05	0.0	0.06
OG0010038	1.8355257e-05	0.00018355271	0.0	0.01
OG0006333	1.8317247e-05	0.00010794553	0.0	0.03
OG0000523	1.8303166e-05	0.00013253176	0.0	0.03
OG0000499	1.8278546e-05	0.00015792472	0.0	0.02
OG0006986	1.8274464e-05	0.00012893467	0.0	0.02
OG0009760	1.8200071e-05	0.00018200077	0.0	0.01
OG0008090	1.8184099e-05	0.00015717461	0.0	0.02
OG0010439	1.8167319e-05	9.0694186e-05	0.0	0.04
OG0000820	1.8066603e-05	0.00012085635	0.0	0.04
OG0004273	1.8047043e-05	0.00018047023	0.0	0.01
OG0008251	1.8031917e-05	0.00015383208	0.0	0.02
OG0006933	1.8011755e-05	9.5602765e-05	0.0	0.04
OG0008184	1.7974882e-05	0.00017974882	0.0	0.01
OG0003194	1.7837303e-05	0.0001289879	0.0	0.02
OG0002638	1.779556e-05	0.00013396161	0.0	0.02
OG0008888	1.7795153e-05	0.00017795156	0.0	0.01
OG0000744	1.7794424e-05	0.00014688323	0.0	0.03
OG0004810	1.7788045e-05	0.00012881188	0.0	0.03
OG0000452	1.7770073e-05	0.00017770076	0.0	0.01
OG0000627	1.7750008e-05	0.000118608914	0.0	0.03
OG0004951	1.7743847e-05	0.00013194002	0.0	0.02
OG0011054	1.7740651e-05	0.00017740649	0.0	0.01
OG0000687	1.7707725e-05	5.6398396e-05	0.0	0.1
OG0006953	1.7704293e-05	0.00017704301	0.0	0.01
OG0017511	1.7697432e-05	0.00010520781	0.0	0.03
OG0003615	1.7683185e-05	8.406712e-05	0.0	0.05
OG0005659	1.766085e-05	0.000117351294	0.0	0.05
OG0008928	1.765147e-05	0.000101446625	0.0	0.03
OG0000527	1.7650007e-05	0.0001478489	0.0	0.03
OG0004407	1.7633043e-05	0.000100949306	0.0	0.03
OG0017749	1.759444e-05	0.00012508534	0.0	0.02
OG0004591	1.7585975e-05	0.00017192378	0.0	0.02
OG0011691	1.7552198e-05	0.000175522	0.0	0.01
OG0010453	1.7538152e-05	0.00012457241	0.0	0.04
OG0004427	1.753005e-05	0.000114039896	0.0	0.03
OG0007827	1.7504253e-05	0.00010076281	0.0	0.03
OG0004402	1.7502389e-05	0.00012526353	0.0	0.02
OG0000976	1.7485318e-05	0.0001315384	0.0	0.03
OG0016527	1.7464728e-05	0.000174647	0.0	0.01
OG0004171	1.7456872e-05	0.00012728162	0.0	0.02
OG0003667	1.7451519e-05	0.00017451514	0.0	0.01
OG0012037	1.7424923e-05	0.00012466576	0.0	0.02
OG0004383	1.7420174e-05	0.00012406068	0.0	0.02
OG0000939	1.7418752e-05	8.6291206e-05	0.0	0.04
OG0006295	1.7392713e-05	0.0001230438	0.0	0.02
OG0003273	1.7376258e-05	0.00010213817	0.0	0.03
OG0007636	1.7352984e-05	0.00017352965	0.0	0.01
OG0000799	1.734501e-05	0.00012956846	0.0	0.02
OG0007075	1.7331833e-05	0.00012965042	0.0	0.02
OG0005038	1.7315966e-05	0.0001731598	0.0	0.01
OG0005440	1.7305176e-05	0.0001438861	0.0	0.02
OG0004758	1.7287e-05	0.00014794484	0.0	0.03
OG0003304	1.7282604e-05	0.00012909718	0.0	0.02
OG0001314	1.7251456e-05	0.00011255973	0.0	0.03
OG0003513	1.7241222e-05	8.853859e-05	0.0	0.05
OG0006930	1.719285e-05	0.00013427806	0.0	0.02
OG0005289	1.7169636e-05	0.0001716965	0.0	0.01
OG0004561	1.7149165e-05	0.00012277524	0.0	0.02
OG0003422	1.7143453e-05	0.00012217947	0.0	0.02
OG0006281	1.7132517e-05	8.320205e-05	0.0	0.05
OG0000932	1.7101911e-05	9.160729e-05	0.0	0.04
OG0009470	1.7095725e-05	6.94527e-05	0.0	0.08
OG0007553	1.7077153e-05	0.00017077164	0.0	0.01
OG0004254	1.7054443e-05	0.00013675095	0.0	0.02
OG0003718	1.7048582e-05	0.00014038334	0.0	0.02
OG0003299	1.7043087e-05	0.00017043078	0.0	0.01
OG0012713	1.7041972e-05	9.80442e-05	0.0	0.03
OG0004632	1.7023252e-05	0.00017023271	0.0	0.01
OG0003981	1.701944e-05	9.010577e-05	0.0	0.04
OG0004398	1.7004273e-05	0.0001700428	0.0	0.01
OG0008478	1.7003855e-05	0.00017003865	0.0	0.01
OG0000545	1.6999325e-05	6.930203e-05	0.0	0.07
OG0009095	1.699375e-05	0.00016993746	0.0	0.01
OG0001596	1.6985676e-05	0.0001698568	0.0	0.01
OG0002771	1.6962551e-05	8.085247e-05	0.0	0.05
OG0003332	1.6954384e-05	0.00012457161	0.0	0.02
OG0005882	1.6934831e-05	0.00014549679	0.0	0.02
OG0010185	1.6932736e-05	0.00016932737	0.0	0.01
OG0005510	1.6932441e-05	0.00016932444	0.0	0.01
OG0005828	1.690272e-05	0.00011894198	0.0	0.02
OG0003953	1.688099e-05	0.00012592642	0.0	0.02
OG0001251	1.6871183e-05	0.00016871185	0.0	0.01
OG0003140	1.6862927e-05	5.492375e-05	0.0	0.12
OG0008558	1.6845977e-05	0.00016845971	0.0	0.01
OG0008901	1.6799648e-05	0.00010009109	0.0	0.03
OG0016205	1.6784948e-05	0.00016784944	0.0	0.01
OG0000373	1.6656712e-05	0.00012737034	0.0	0.02
OG0001455	1.664648e-05	0.0001664649	0.0	0.01
OG0004830	1.6644824e-05	0.00015466813	0.0	0.02
OG0000572	1.6629969e-05	0.000109784516	0.0	0.04
OG0000783	1.6593613e-05	0.00016593613	0.0	0.01
OG0003866	1.6592978e-05	0.00011527583	0.0	0.03
OG0011568	1.6584794e-05	0.00016584806	0.0	0.01
OG0005711	1.6575688e-05	0.00016575666	0.0	0.01
OG0000667	1.656937e-05	8.814917e-05	0.0	0.05
OG0014446	1.656804e-05	0.00016568032	0.0	0.01
OG0008817	1.6512118e-05	0.00013443935	0.0	0.02
OG0012960	1.6508187e-05	6.740295e-05	0.0	0.08
OG0022441	1.6507911e-05	0.0001650792	0.0	0.01
OG0004429	1.649015e-05	0.000116957344	0.0	0.02
OG0009386	1.6481448e-05	0.00016481457	0.0	0.01
OG0002276	1.6463255e-05	9.255354e-05	0.0	0.04
OG0010014	1.6459207e-05	0.00013189684	0.0	0.02
OG0003312	1.6456379e-05	9.494619e-05	0.0	0.03
OG0006805	1.6436366e-05	0.00011575407	0.0	0.02
OG0001038	1.6429405e-05	0.000101363206	0.0	0.05
OG0000771	1.6424598e-05	8.790741e-05	0.0	0.04
OG0003680	1.6420783e-05	0.00010140977	0.0	0.03
OG0012291	1.6409303e-05	0.00016409294	0.0	0.01
OG0008566	1.6374977e-05	0.00016374963	0.0	0.01
OG0002905	1.6357784e-05	0.00016357789	0.0	0.01
OG0000487	1.6348255e-05	0.00014788742	0.0	0.02
OG0001384	1.6337994e-05	7.236928e-05	0.0	0.05
OG0006688	1.633698e-05	0.00013708658	0.0	0.02
OG0007137	1.6327973e-05	0.00016328004	0.0	0.01
OG0001849	1.6296737e-05	0.00016296735	0.0	0.01
OG0002028	1.6295693e-05	7.224751e-05	0.0	0.05
OG0005272	1.6284343e-05	0.00011519978	0.0	0.02
OG0013396	1.6254278e-05	0.00016254281	0.0	0.01
OG0006997	1.623562e-05	0.00016235614	0.0	0.01
OG0003966	1.62278e-05	0.00016227787	0.0	0.01
OG0013259	1.6227139e-05	0.00016227136	0.0	0.01
OG0008202	1.6217507e-05	9.449196e-05	0.0	0.03
OG0006761	1.6205477e-05	0.00011439053	0.0	0.02
OG0006893	1.6192824e-05	0.00012458899	0.0	0.02
OG0006160	1.6172606e-05	0.00010502423	0.0	0.03
OG0006140	1.6149672e-05	0.000116664254	0.0	0.02
OG0002853	1.614065e-05	7.112931e-05	0.0	0.05
OG0004896	1.613347e-05	0.00016133476	0.0	0.01
OG0004085	1.6092936e-05	9.5207586e-05	0.0	0.03
OG0001824	1.6087883e-05	0.00016087864	0.0	0.01
OG0010554	1.6083299e-05	0.0001608331	0.0	0.01
OG0000312	1.6077604e-05	0.0001607761	0.0	0.01
OG0009869	1.6077416e-05	0.0001196741	0.0	0.03
OG0002557	1.6070051e-05	4.1625655e-05	0.0	0.14
OG0000886	1.6066677e-05	0.0001043961	0.0	0.03
OG0005893	1.6061438e-05	0.00016061444	0.0	0.01
OG0010976	1.60341e-05	0.00016034105	0.0	0.01
OG0004653	1.6031576e-05	0.00016031569	0.0	0.01
OG0003281	1.6013457e-05	0.00014982479	0.0	0.02
OG0003962	1.6002421e-05	0.0001600242	0.0	0.01
OG0000856	1.6001499e-05	7.079425e-05	0.0	0.06
OG0005615	1.5992386e-05	0.00015992393	0.0	0.01
OG0009625	1.597891e-05	0.00011393818	0.0	0.02
OG0001945	1.5965545e-05	0.0001596554	0.0	0.01
OG0003955	1.5952719e-05	0.000112898255	0.0	0.02
OG0001701	1.5941856e-05	0.00015941873	0.0	0.01
OG0004897	1.591699e-05	0.000112332054	0.0	0.02
OG0005676	1.5869613e-05	0.00015391463	0.0	0.02
OG0003091	1.582931e-05	0.00015829309	0.0	0.01
OG0002534	1.58275e-05	0.00015827507	0.0	0.01
OG0003551	1.5820935e-05	0.000100566554	0.0	0.03
OG0003552	1.5812851e-05	8.1935e-05	0.0	0.04
OG0009787	1.5812431e-05	0.00015812437	0.0	0.01
OG0008705	1.5808359e-05	0.00011334326	0.0	0.02
OG0017777	1.5775115e-05	0.00015775088	0.0	0.01
OG0010658	1.5774038e-05	0.00015774023	0.0	0.01
OG0018725	1.5771633e-05	0.00011111336	0.0	0.02
OG0004920	1.575969e-05	0.00015759688	0.0	0.01
OG0003012	1.5749774e-05	0.00015749777	0.0	0.01
OG0012682	1.5742422e-05	0.00015742426	0.0	0.01
OG0000869	1.5730719e-05	0.00010789299	0.0	0.03
OG0005609	1.571994e-05	0.00015719942	0.0	0.01
OG0018837	1.5712632e-05	0.00015712643	0.0	0.01
OG0000863	1.567533e-05	7.753676e-05	0.0	0.04
OG0000800	1.5666805e-05	7.957743e-05	0.0	0.05
OG0002656	1.5641477e-05	6.872869e-05	0.0	0.06
OG0005071	1.561044e-05	0.00011110858	0.0	0.02
OG0004735	1.5606225e-05	9.18717e-05	0.0	0.03
OG0001871	1.5575497e-05	6.92508e-05	0.0	0.05
OG0005081	1.5573867e-05	0.00015573869	0.0	0.01
OG0003173	1.5563644e-05	7.116179e-05	0.0	0.05
OG0001918	1.5533955e-05	8.917059e-05	0.0	0.03
OG0011230	1.5504611e-05	0.00015504599	0.0	0.01
OG0010918	1.5500136e-05	0.00015500138	0.0	0.01
OG0001333	1.5485477e-05	0.0001548548	0.0	0.01
OG0001473	1.547634e-05	0.00015476334	0.0	0.01
OG0007001	1.5464222e-05	0.00015464237	0.0	0.01
OG0004724	1.5454058e-05	0.00010921786	0.0	0.02
OG0008887	1.5447054e-05	0.00015447041	0.0	0.01
OG0004034	1.544651e-05	0.00015446488	0.0	0.01
OG0002065	1.5430329e-05	0.00015430318	0.0	0.01
OG0000752	1.5424626e-05	0.00011359611	0.0	0.04
OG0006251	1.5417474e-05	0.00015417468	0.0	0.01
OG0009100	1.5409914e-05	0.0001540989	0.0	0.01
OG0012659	1.5387624e-05	0.00015387613	0.0	0.01
OG0006216	1.5386386e-05	8.090801e-05	0.0	0.04
OG0009073	1.5324988e-05	0.00010959096	0.0	0.02
OG0007099	1.5316446e-05	0.0001531645	0.0	0.01
OG0003597	1.5308862e-05	7.245478e-05	0.0	0.06
OG0010436	1.5308453e-05	0.0001530847	0.0	0.01
OG0005721	1.5302538e-05	0.00015302538	0.0	0.01
OG0004435	1.5273554e-05	0.00015273555	0.0	0.01
OG0011007	1.5267407e-05	0.00015267401	0.0	0.01
OG0001454	1.52287075e-05	9.270187e-05	0.0	0.03
OG0010870	1.5219876e-05	0.00015219882	0.0	0.01
OG0008440	1.5210178e-05	0.00010708978	0.0	0.02
OG0006823	1.520216e-05	0.00015202157	0.0	0.01
OG0003812	1.5197298e-05	0.00010920142	0.0	0.02
OG0011919	1.5184143e-05	9.109786e-05	0.0	0.03
OG0007449	1.5160558e-05	0.000119666554	0.0	0.02
OG0002657	1.5133257e-05	0.00015133241	0.0	0.01
OG0004336	1.511255e-05	0.00015112544	0.0	0.01
OG0005447	1.5078032e-05	0.00013059002	0.0	0.03
OG0003992	1.5077269e-05	8.806707e-05	0.0	0.03
OG0005027	1.50619635e-05	0.00015061969	0.0	0.01
OG0017189	1.504299e-05	0.00015042975	0.0	0.01
OG0001172	1.5014733e-05	7.5935815e-05	0.0	0.04
OG0004820	1.5012462e-05	0.00015012457	0.0	0.01
OG0019928	1.4983277e-05	0.00014983265	0.0	0.01
OG0002008	1.4981078e-05	0.0001211651	0.0	0.02
OG0004739	1.4979564e-05	0.00014979573	0.0	0.01
OG0004438	1.497693e-05	0.000108070155	0.0	0.02
OG0001373	1.4975583e-05	0.00014975556	0.0	0.01
OG0010460	1.4970611e-05	0.00014970623	0.0	0.01
OG0008400	1.4951919e-05	0.00014951911	0.0	0.01
OG0008239	1.4941332e-05	0.00010735185	0.0	0.02
OG0000721	1.4939877e-05	0.0001051173	0.0	0.05
OG0003471	1.4937101e-05	6.6545465e-05	0.0	0.05
OG0005899	1.4933181e-05	0.00014933189	0.0	0.01
OG0011648	1.4930416e-05	0.00014930412	0.0	0.01
OG0007532	1.4925313e-05	0.00014925319	0.0	0.01
OG0004728	1.4912167e-05	0.0001177334	0.0	0.02
OG0004322	1.4910789e-05	8.556985e-05	0.0	0.03
OG0003477	1.4866928e-05	0.00010970282	0.0	0.02
OG0018613	1.486431e-05	0.00014864323	0.0	0.01
OG0016401	1.4795032e-05	0.00014795047	0.0	0.01
OG0003350	1.47858045e-05	0.00010968501	0.0	0.02
OG0008411	1.47830915e-05	0.00014783083	0.0	0.01
OG0010454	1.47719475e-05	0.0001477196	0.0	0.01
OG0003683	1.4745768e-05	0.00010923133	0.0	0.02
OG0007299	1.4736042e-05	0.0001473604	0.0	0.01
OG0003834	1.4726051e-05	0.00010813003	0.0	0.03
OG0005239	1.4703491e-05	0.00012411953	0.0	0.02
OG0011242	1.4701746e-05	0.00014701753	0.0	0.01
OG0003793	1.4695278e-05	0.00012798938	0.0	0.02
OG0004736	1.4688997e-05	0.000110238645	0.0	0.02
OG0005712	1.4657027e-05	0.00014657035	0.0	0.01
OG0006261	1.4656522e-05	0.00014656532	0.0	0.01
OG0013999	1.4647352e-05	0.00014647369	0.0	0.01
OG0009099	1.4626413e-05	0.00014626421	0.0	0.01
OG0004616	1.461479e-05	0.00014614778	0.0	0.01
OG0016240	1.4594649e-05	0.00014594651	0.0	0.01
OG0007538	1.4568642e-05	0.0001456864	0.0	0.01
OG0007546	1.4557113e-05	0.00014557113	0.0	0.01
OG0016212	1.4532259e-05	0.00014532261	0.0	0.01
OG0014859	1.449654e-05	0.00010500872	0.0	0.02
OG0001292	1.4473888e-05	8.677026e-05	0.0	0.03
OG0010955	1.4467654e-05	0.00014467676	0.0	0.01
OG0011531	1.4466653e-05	0.00014466628	0.0	0.01
OG0004205	1.4457389e-05	0.00014457373	0.0	0.01
OG0009059	1.4453518e-05	0.000107696455	0.0	0.02
OG0004139	1.4429255e-05	0.00014429262	0.0	0.01
OG0003369	1.4420013e-05	0.0001442004	0.0	0.01
OG0001168	1.4405765e-05	0.00010412621	0.0	0.02
OG0003809	1.4379306e-05	0.00014379283	0.0	0.01
OG0004267	1.4377951e-05	0.00014377946	0.0	0.01
OG0007987	1.4373977e-05	0.000103747225	0.0	0.02
OG0001411	1.436797e-05	9.719672e-05	0.0	0.04
OG0003846	1.4352803e-05	0.000103792416	0.0	0.02
OG0011794	1.4344542e-05	0.000103012084	0.0	0.02
OG0007200	1.4312324e-05	0.0001431233	0.0	0.01
OG0014922	1.4310089e-05	0.000143101	0.0	0.01
OG0003352	1.4306925e-05	0.000101069214	0.0	0.02
OG0001078	1.4298824e-05	0.00014298814	0.0	0.01
OG0003426	1.429432e-05	5.517774e-05	0.0	0.07
OG0009055	1.4292326e-05	0.00014292309	0.0	0.01
OG0001735	1.4281386e-05	6.431713e-05	0.0	0.05
OG0000308	1.4273038e-05	7.778031e-05	0.0	0.06
OG0003346	1.42716835e-05	0.00014271692	0.0	0.01
OG0011656	1.4270668e-05	0.0001427069	0.0	0.01
OG0001049	1.4258514e-05	0.00011742496	0.0	0.02
OG0011049	1.42506615e-05	0.00014250656	0.0	0.01
OG0018692	1.4240101e-05	0.00014240108	0.0	0.01
OG0000715	1.4220987e-05	0.00011549308	0.0	0.02
OG0004464	1.4199404e-05	0.00014199408	0.0	0.01
OG0005906	1.419561e-05	0.0001419559	0.0	0.01
OG0005331	1.4183971e-05	0.00010046913	0.0	0.02
OG0013251	1.4169298e-05	0.00014169297	0.0	0.01
OG0003366	1.4161566e-05	0.00014161564	0.0	0.01
OG0011615	1.415232e-05	0.00014152324	0.0	0.01
OG0001434	1.4147095e-05	0.00013057633	0.0	0.02
OG0003051	1.4111496e-05	0.00014111504	0.0	0.01
OG0005782	1.4068154e-05	0.00014068143	0.0	0.01
OG0003881	1.4061241e-05	9.904926e-05	0.0	0.02
OG0005039	1.4056555e-05	0.00014056556	0.0	0.01
OG0003887	1.4052394e-05	0.00012276243	0.0	0.02
OG0014430	1.401582e-05	0.00014015821	0.0	0.01
OG0006943	1.4008313e-05	0.00014008312	0.0	0.01
OG0004432	1.3995131e-05	0.00013995105	0.0	0.01
OG0008020	1.3983756e-05	0.00010013946	0.0	0.02
OG0004384	1.3980977e-05	0.00010620922	0.0	0.02
OG0018683	1.3966543e-05	0.00013966548	0.0	0.01
OG0003935	1.3957324e-05	0.00013957328	0.0	0.01
OG0000582	1.3952134e-05	8.7354754e-05	0.0	0.03
OG0003148	1.3951679e-05	0.00010986067	0.0	0.03
OG0000911	1.394819e-05	0.00012818677	0.0	0.02
OG0000571	1.3936147e-05	7.459913e-05	0.0	0.04
OG0004957	1.39166905e-05	0.00013916702	0.0	0.01
OG0008697	1.3892848e-05	0.00011634658	0.0	0.02
OG0007128	1.388421e-05	0.00013884221	0.0	0.01
OG0002754	1.3880498e-05	0.00013880503	0.0	0.01
OG0003165	1.3876362e-05	8.103819e-05	0.0	0.03
OG0000719	1.3858794e-05	0.00013858783	0.0	0.01
OG0007060	1.3841956e-05	9.993257e-05	0.0	0.02
OG0001326	1.3838382e-05	0.00013838371	0.0	0.01
OG0016445	1.3837222e-05	0.00013837217	0.0	0.01
OG0004302	1.3832945e-05	0.00013832944	0.0	0.01
OG0001181	1.3826092e-05	0.00010259972	0.0	0.02
OG0004631	1.3800791e-05	0.00013800783	0.0	0.01
OG0017738	1.3794293e-05	9.709298e-05	0.0	0.02
OG0009372	1.37891275e-05	0.00013789126	0.0	0.01
OG0004392	1.37563575e-05	0.00013756375	0.0	0.01
OG0004364	1.3739264e-05	9.9134435e-05	0.0	0.02
OG0003580	1.3738122e-05	0.00013738117	0.0	0.01
OG0004070	1.3731478e-05	7.871873e-05	0.0	0.04
OG0004367	1.3727208e-05	0.00013727225	0.0	0.01
OG0009659	1.3726593e-05	0.00013726587	0.0	0.01
OG0005834	1.37201205e-05	0.00013720128	0.0	0.01
OG0002543	1.3674406e-05	6.303531e-05	0.0	0.07
OG0004827	1.3657899e-05	0.00013657905	0.0	0.01
OG0001758	1.3647103e-05	9.683247e-05	0.0	0.02
OG0001489	1.3632385e-05	7.009127e-05	0.0	0.06
OG0008889	1.3603736e-05	0.00013603737	0.0	0.01
OG0002632	1.3601159e-05	6.037349e-05	0.0	0.05
OG0001194	1.3589589e-05	8.114198e-05	0.0	0.03
OG0012410	1.35888695e-05	0.00013588858	0.0	0.01
OG0004618	1.3524592e-05	0.00013524594	0.0	0.01
OG0014479	1.3460888e-05	0.0001346089	0.0	0.01
OG0006224	1.3454797e-05	0.0001345479	0.0	0.01
OG0003554	1.3439013e-05	9.921709e-05	0.0	0.03
OG0004661	1.3430854e-05	0.00013430866	0.0	0.01
OG0004784	1.3403941e-05	9.4966825e-05	0.0	0.02
OG0000846	1.3402113e-05	0.000120751014	0.0	0.02
OG0003112	1.3373938e-05	0.00013373932	0.0	0.01
OG0003961	1.33584535e-05	0.00013358457	0.0	0.01
OG0007066	1.3321985e-05	9.37361e-05	0.0	0.02
OG0009152	1.33120975e-05	0.00013312107	0.0	0.01
OG0004146	1.3294965e-05	0.00013294969	0.0	0.01
OG0008375	1.3288471e-05	7.111332e-05	0.0	0.04
OG0014436	1.32801515e-05	0.00013280148	0.0	0.01
OG0006801	1.32796695e-05	0.000102088496	0.0	0.02
OG0011593	1.3279076e-05	0.000103097394	0.0	0.02
OG0005851	1.3265184e-05	9.359504e-05	0.0	0.02
OG0006754	1.3246192e-05	0.0001324618	0.0	0.01
OG0004939	1.322446e-05	0.00013224447	0.0	0.01
OG0002958	1.3224349e-05	0.00013224343	0.0	0.01
OG0000904	1.3211581e-05	7.8499026e-05	0.0	0.05
OG0003850	1.3208836e-05	0.00010610295	0.0	0.02
OG0001447	1.318446e-05	9.324863e-05	0.0	0.02
OG0009328	1.3178276e-05	0.00013178286	0.0	0.01
OG0011221	1.3175312e-05	0.00013175316	0.0	0.01
OG0015647	1.3170701e-05	9.2862545e-05	0.0	0.02
OG0006209	1.3167039e-05	0.00013167039	0.0	0.01
OG0000584	1.3157717e-05	8.762483e-05	0.0	0.03
OG0001432	1.3142911e-05	0.00013142909	0.0	0.01
OG0002288	1.3124216e-05	7.7583776e-05	0.0	0.03
OG0004164	1.3122363e-05	9.275768e-05	0.0	0.02
OG0012727	1.3113243e-05	9.245114e-05	0.0	0.02
OG0009505	1.3099627e-05	0.00013099615	0.0	0.01
OG0003045	1.3056476e-05	7.47283e-05	0.0	0.03
OG0001672	1.3045036e-05	9.242621e-05	0.0	0.02
OG0007506	1.3043934e-05	0.00013043942	0.0	0.01
OG0005517	1.3041665e-05	0.00013041664	0.0	0.01
OG0002700	1.3025714e-05	7.515845e-05	0.0	0.03
OG0011727	1.3021386e-05	0.00013021383	0.0	0.01
OG0003707	1.3010675e-05	5.247711e-05	0.0	0.08
OG0000431	1.3000298e-05	0.00011103562	0.0	0.03
OG0000718	1.297449e-05	0.00012974502	0.0	0.01
OG0007984	1.2970839e-05	0.00012970844	0.0	0.01
OG0001732	1.2965222e-05	0.00012965233	0.0	0.01
OG0008622	1.2932258e-05	0.00012932258	0.0	0.01
OG0006891	1.2921689e-05	9.091573e-05	0.0	0.02
OG0005099	1.2906585e-05	9.119667e-05	0.0	0.02
OG0010233	1.289577e-05	7.4130556e-05	0.0	0.03
OG0004147	1.2889366e-05	0.00012889352	0.0	0.01
OG0008029	1.2883578e-05	0.00012883577	0.0	0.01
OG0001128	1.2881735e-05	9.229081e-05	0.0	0.02
OG0013733	1.2869357e-05	9.20215e-05	0.0	0.02
OG0005714	1.2866193e-05	0.0001286619	0.0	0.01
OG0008256	1.2863208e-05	0.00012863197	0.0	0.01
OG0000968	1.2835255e-05	4.956291e-05	0.0	0.11
OG0007399	1.2811966e-05	9.0141824e-05	0.0	0.02
OG0003960	1.2786929e-05	0.00012786919	0.0	0.01
OG0002808	1.27571e-05	6.630227e-05	0.0	0.04
OG0003084	1.2746273e-05	0.00012746271	0.0	0.01
OG0003251	1.2737413e-05	0.00011630969	0.0	0.02
OG0010898	1.2727574e-05	0.00010562932	0.0	0.02
OG0000458	1.2722306e-05	0.0001272231	0.0	0.01
OG0006602	1.2719701e-05	0.00012719697	0.0	0.01
OG0007080	1.2718909e-05	0.00012718908	0.0	0.01
OG0001374	1.2713993e-05	8.9655354e-05	0.0	0.02
OG0002855	1.2706434e-05	0.00012706431	0.0	0.01
OG0005007	1.2694621e-05	9.199731e-05	0.0	0.02
OG0020572	1.2683266e-05	0.00012683266	0.0	0.01
OG0004380	1.2678869e-05	0.00012678868	0.0	0.01
OG0005983	1.2639574e-05	9.317007e-05	0.0	0.02
OG0002263	1.2628741e-05	7.277259e-05	0.0	0.03
OG0000466	1.2625562e-05	0.00012625557	0.0	0.01
OG0005261	1.262138e-05	0.00012621374	0.0	0.01
OG0010875	1.2603644e-05	0.00012603638	0.0	0.01
OG0005925	1.2602981e-05	0.0001260298	0.0	0.01
OG0001278	1.2587811e-05	6.284544e-05	0.0	0.04
OG0003086	1.256167e-05	6.2292995e-05	0.0	0.04
OG0004337	1.255294e-05	0.00010417827	0.0	0.02
OG0004089	1.2529531e-05	0.000111793604	0.0	0.03
OG0000893	1.2527233e-05	9.1349255e-05	0.0	0.04
OG0001723	1.25231445e-05	0.0001252313	0.0	0.01
OG0004866	1.2506077e-05	0.00012506089	0.0	0.01
OG0014636	1.2505913e-05	0.00012505922	0.0	0.01
OG0008836	1.2504534e-05	0.000114511706	0.0	0.02
OG0012657	1.2504194e-05	0.00012504189	0.0	0.01
OG0001977	1.250146e-05	4.7347217e-05	0.0	0.07
OG0002463	1.24831495e-05	0.0001248316	0.0	0.01
OG0001111	1.2470318e-05	9.0543435e-05	0.0	0.02
OG0000908	1.2453845e-05	0.00012453836	0.0	0.01
OG0001748	1.2453845e-05	0.00012453836	0.0	0.01
OG0010104	1.24445805e-05	0.00012444572	0.0	0.01
OG0007318	1.2439409e-05	0.00012439408	0.0	0.01
OG0010293	1.243008e-05	0.00012430077	0.0	0.01
OG0016377	1.2410616e-05	9.384747e-05	0.0	0.02
OG0003562	1.2409122e-05	0.0001240911	0.0	0.01
OG0004814	1.2407132e-05	0.0001240713	0.0	0.01
OG0004162	1.2403748e-05	7.409291e-05	0.0	0.03
OG0001676	1.2396298e-05	0.000123963	0.0	0.01
OG0006249	1.2391003e-05	0.00012391024	0.0	0.01
OG0013247	1.2375539e-05	0.00012375535	0.0	0.01
OG0005074	1.2372678e-05	0.00012372698	0.0	0.01
OG0003458	1.2330303e-05	5.1235213e-05	0.0	0.07
OG0005342	1.23269365e-05	0.0001232695	0.0	0.01
OG0014655	1.232434e-05	0.00012324339	0.0	0.01
OG0006449	1.2319979e-05	9.0496476e-05	0.0	0.02
OG0001962	1.2319337e-05	0.00012319339	0.0	0.01
OG0012328	1.231668e-05	8.811431e-05	0.0	0.02
OG0007699	1.2308355e-05	0.00012308362	0.0	0.01
OG0014511	1.2297378e-05	9.1035756e-05	0.0	0.02
OG0009736	1.22904685e-05	0.00012290479	0.0	0.01
OG0016360	1.227393e-05	0.0001227393	0.0	0.01
OG0000717	1.2259731e-05	7.224754e-05	0.0	0.04
OG0003823	1.2241462e-05	0.00012241461	0.0	0.01
OG0007202	1.2233888e-05	8.606865e-05	0.0	0.02
OG0011219	1.22298825e-05	0.00012229898	0.0	0.01
OG0005124	1.2211068e-05	8.926999e-05	0.0	0.02
OG0001692	1.2178958e-05	0.00012178968	0.0	0.01
OG0006674	1.2177359e-05	0.00012177352	0.0	0.01
OG0004947	1.2168086e-05	0.00012168082	0.0	0.01
OG0011614	1.2157839e-05	0.000121578305	0.0	0.01
OG0006852	1.2138464e-05	0.00012138462	0.0	0.01
OG0002948	1.212243e-05	5.6872293e-05	0.0	0.05
OG0005080	1.2104134e-05	0.00012104141	0.0	0.01
OG0006928	1.2097884e-05	0.00012097876	0.0	0.01
OG0001630	1.2079353e-05	0.00012079339	0.0	0.01
OG0006087	1.20594705e-05	0.000120594625	0.0	0.01
OG0004113	1.2045581e-05	0.000120455734	0.0	0.01
OG0002947	1.2037502e-05	0.00012037519	0.0	0.01
OG0003398	1.20333325e-05	6.571951e-05	0.0	0.05
OG0007027	1.2019124e-05	0.00012019132	0.0	0.01
OG0016211	1.2007697e-05	0.00012007694	0.0	0.01
OG0003403	1.2000038e-05	0.0001200004	0.0	0.01
OG0005702	1.1998654e-05	0.00011998643	0.0	0.01
OG0013681	1.199833e-05	0.000119983175	0.0	0.01
OG0006330	1.1986688e-05	9.7623175e-05	0.0	0.02
OG0017368	1.1952075e-05	0.000119520955	0.0	0.01
OG0005399	1.19438255e-05	0.00011943829	0.0	0.01
OG0011580	1.1938192e-05	7.766705e-05	0.0	0.03
OG0000884	1.1904823e-05	0.00011904836	0.0	0.01
OG0007418	1.1881669e-05	9.153329e-05	0.0	0.02
OG0000619	1.1872638e-05	0.00011872644	0.0	0.01
OG0003319	1.1871842e-05	0.00011871854	0.0	0.01
OG0004338	1.1867049e-05	8.574774e-05	0.0	0.02
OG0006758	1.1861097e-05	8.628039e-05	0.0	0.02
OG0008783	1.1830698e-05	8.435139e-05	0.0	0.02
OG0003698	1.1826411e-05	0.00011826407	0.0	0.01
OG0000383	1.1813777e-05	6.7797104e-05	0.0	0.04
OG0004637	1.1811338e-05	0.00011811334	0.0	0.01
OG0007981	1.1803323e-05	8.9811896e-05	0.0	0.03
OG0009208	1.1787788e-05	0.00010971695	0.0	0.02
OG0009188	1.1786117e-05	0.00011786119	0.0	0.01
OG0008650	1.1764971e-05	0.00011764985	0.0	0.01
OG0004549	1.1762388e-05	0.00011762388	0.0	0.01
OG0001665	1.1758846e-05	0.00011758835	0.0	0.01
OG0004025	1.1758846e-05	0.00011758835	0.0	0.01
OG0006234	1.1751018e-05	9.377922e-05	0.0	0.03
OG0012650	1.1721774e-05	0.00011721791	0.0	0.01
OG0004902	1.1711011e-05	0.000117110016	0.0	0.01
OG0001504	1.171027e-05	0.00011710267	0.0	0.01
OG0004356	1.1709064e-05	0.000111603	0.0	0.02
OG0003149	1.170843e-05	9.190748e-05	0.0	0.03
OG0007757	1.1696554e-05	0.00011696538	0.0	0.01
OG0009081	1.1675075e-05	0.00011675075	0.0	0.01
OG0022398	1.166317e-05	0.00011663189	0.0	0.01
OG0000781	1.1622926e-05	3.4171644e-05	0.0	0.11
OG0007542	1.16157225e-05	7.365131e-05	0.0	0.03
OG0001021	1.1614286e-05	0.00011614298	0.0	0.01
OG0006679	1.1609422e-05	0.00011609432	0.0	0.01
OG0010188	1.1591832e-05	8.158096e-05	0.0	0.02
OG0018801	1.1571574e-05	0.00011571582	0.0	0.01
OG0004770	1.1561264e-05	0.000115612645	0.0	0.01
OG0011509	1.1560155e-05	0.00010133516	0.0	0.02
OG0008217	1.1560153e-05	0.0001156013	0.0	0.01
OG0001294	1.1558199e-05	0.00011558195	0.0	0.01
OG0007990	1.15518105e-05	0.00011551815	0.0	0.01
OG0001090	1.1546245e-05	5.9390874e-05	0.0	0.04
OG0007917	1.15406365e-05	0.000115406394	0.0	0.01
OG0001978	1.1507704e-05	0.00011507709	0.0	0.01
OG0012369	1.1482057e-05	0.0001148207	0.0	0.01
OG0005203	1.1448656e-05	0.000114486575	0.0	0.01
OG0001086	1.1439581e-05	5.2409905e-05	0.0	0.06
OG0008593	1.14305285e-05	0.00011430526	0.0	0.01
OG0000459	1.1390122e-05	0.000104120314	0.0	0.02
OG0001685	1.1378285e-05	0.000113782946	0.0	0.01
OG0006385	1.137304e-05	0.00011373049	0.0	0.01
OG0018580	1.1367207e-05	0.000113672075	0.0	0.01
OG0000818	1.1345081e-05	8.007848e-05	0.0	0.02
OG0000990	1.13380165e-05	0.00011338029	0.0	0.01
OG0001104	1.1336014e-05	6.692714e-05	0.0	0.03
OG0003355	1.13220185e-05	0.00011322041	0.0	0.01
OG0007859	1.1299375e-05	0.00011299374	0.0	0.01
OG0010952	1.1257445e-05	0.00011257449	0.0	0.01
OG0013324	1.12503e-05	0.00011250296	0.0	0.01
OG0005729	1.124354e-05	0.00011243541	0.0	0.01
OG0001469	1.1235533e-05	0.000112355134	0.0	0.01
OG0016217	1.1206325e-05	0.00011206336	0.0	0.01
OG0007409	1.1193843e-05	0.0001119384	0.0	0.01
OG0004932	1.1185051e-05	0.00011185039	0.0	0.01
OG0015225	1.118139e-05	0.00011181392	0.0	0.01
OG0001253	1.1161847e-05	0.00011161854	0.0	0.01
OG0004128	1.1160555e-05	0.00011160556	0.0	0.01
OG0007305	1.1117431e-05	0.00010125153	0.0	0.02
OG0008200	1.1110102e-05	0.00011110113	0.0	0.01
OG0004031	1.110486e-05	0.000111048685	0.0	0.01
OG0010553	1.1102162e-05	0.00011102157	0.0	0.01
OG0005058	1.1100513e-05	0.00011100519	0.0	0.01
OG0001888	1.1100468e-05	0.000111004716	0.0	0.01
OG0005192	1.1070603e-05	0.000110706016	0.0	0.01
OG0016691	1.1068504e-05	0.00011068517	0.0	0.01
OG0013655	1.1068063e-05	7.909952e-05	0.0	0.02
OG0004410	1.1030589e-05	7.760384e-05	0.0	0.02
OG0001316	1.1018595e-05	0.000110185974	0.0	0.01
OG0001354	1.10076935e-05	0.00011007698	0.0	0.01
OG0008058	1.099201e-05	8.033255e-05	0.0	0.02
OG0003886	1.0979398e-05	7.8203746e-05	0.0	0.02
OG0005415	1.09752655e-05	0.00010975287	0.0	0.01
OG0003415	1.0935773e-05	0.00010935776	0.0	0.01
OG0001200	1.0914561e-05	7.3928444e-05	0.0	0.03
OG0009547	1.0899461e-05	8.000804e-05	0.0	0.02
OG0013313	1.0891151e-05	0.00010891147	0.0	0.01
OG0006880	1.0888771e-05	7.979988e-05	0.0	0.02
OG0003760	1.0887028e-05	8.980346e-05	0.0	0.02
OG0004888	1.0872423e-05	0.00010872424	0.0	0.01
OG0005767	1.085044e-05	0.000108504566	0.0	0.01
OG0000674	1.0835896e-05	6.765362e-05	0.0	0.04
OG0003411	1.0834694e-05	0.00010834696	0.0	0.01
OG0003929	1.0807187e-05	0.000108071705	0.0	0.01
OG0002089	1.0788107e-05	6.179755e-05	0.0	0.03
OG0004231	1.0786237e-05	0.00010786232	0.0	0.01
OG0004679	1.07767e-05	0.00010776713	0.0	0.01
OG0001538	1.07684245e-05	0.00010768425	0.0	0.01
OG0007640	1.0740483e-05	0.00010740495	0.0	0.01
OG0003368	1.0724756e-05	6.2093895e-05	0.0	0.03
OG0014554	1.0721949e-05	0.00010721948	0.0	0.01
OG0004876	1.0721598e-05	0.000107215936	0.0	0.01
OG0014528	1.071605e-05	4.542194e-05	0.0	0.06
OG0000653	1.0683609e-05	6.191072e-05	0.0	0.03
OG0007014	1.0646363e-05	0.00010646362	0.0	0.01
OG0005014	1.063705e-05	7.964398e-05	0.0	0.02
OG0011558	1.06334965e-05	0.00010633507	0.0	0.01
OG0009159	1.0630619e-05	0.000106306186	0.0	0.01
OG0003218	1.06216385e-05	5.636867e-05	0.0	0.04
OG0007447	1.0620829e-05	0.0001062083	0.0	0.01
OG0009134	1.0618919e-05	0.00010618923	0.0	0.01
OG0003941	1.06030375e-05	6.281361e-05	0.0	0.03
OG0005700	1.0598564e-05	0.000105985615	0.0	0.01
OG0016295	1.0596868e-05	0.00010596879	0.0	0.01
OG0008423	1.0593585e-05	7.966392e-05	0.0	0.02
OG0003136	1.0573165e-05	0.00010573157	0.0	0.01
OG0002900	1.0561594e-05	0.000105615916	0.0	0.01
OG0000827	1.0533891e-05	7.8984034e-05	0.0	0.02
OG0016504	1.0512712e-05	0.00010512711	0.0	0.01
OG0006508	1.0499788e-05	0.00010499792	0.0	0.01
OG0003475	1.0490566e-05	9.210969e-05	0.0	0.02
OG0010464	1.048097e-05	0.00010480968	0.0	0.01
OG0007561	1.0473849e-05	0.0001047385	0.0	0.01
OG0001911	1.0469422e-05	0.0001046942	0.0	0.01
OG0004542	1.0464491e-05	7.8039164e-05	0.0	0.02
OG0006459	1.0450204e-05	0.00010450204	0.0	0.01
OG0003427	1.0402847e-05	0.00010402848	0.0	0.01
OG0002757	1.0386977e-05	0.00010386977	0.0	0.01
OG0014552	1.0379693e-05	0.00010379694	0.0	0.01
OG0003432	1.0357883e-05	0.00010357888	0.0	0.01
OG0006678	1.0357883e-05	0.00010357888	0.0	0.01
OG0013290	1.0343983e-05	7.3376956e-05	0.0	0.02
OG0003265	1.0343557e-05	0.00010343553	0.0	0.01
OG0000936	1.03384045e-05	8.112529e-05	0.0	0.02
OG0003782	1.0327645e-05	7.003125e-05	0.0	0.03
OG0021998	1.0303292e-05	0.00010303294	0.0	0.01
OG0014664	1.0291961e-05	7.246997e-05	0.0	0.02
OG0004241	1.0289265e-05	0.00010289256	0.0	0.01
OG0003660	1.025195e-05	0.00010251936	0.0	0.01
OG0006395	1.0242477e-05	8.235588e-05	0.0	0.02
OG0003442	1.0234748e-05	0.000102347294	0.0	0.01
OG0007313	1.023359e-05	7.097321e-05	0.0	0.03
OG0009461	1.0233134e-05	6.878411e-05	0.0	0.03
OG0001079	1.0211295e-05	5.4567387e-05	0.0	0.04
OG0008895	1.02094e-05	0.000102094076	0.0	0.01
OG0009626	1.0177461e-05	5.894096e-05	0.0	0.05
OG0001166	1.0166595e-05	6.7520545e-05	0.0	0.03
OG0009087	1.0155862e-05	3.775426e-05	0.0	0.07
OG0001437	1.0122794e-05	0.00010122793	0.0	0.01
OG0002076	1.0101673e-05	0.000101016754	0.0	0.01
OG0001177	1.0099674e-05	6.4982196e-05	0.0	0.03
OG0008263	1.0089483e-05	0.00010089464	0.0	0.01
OG0005832	1.00893285e-05	0.00010089325	0.0	0.01
OG0007977	1.0081539e-05	7.712955e-05	0.0	0.02
OG0007268	1.0077317e-05	0.000100773126	0.0	0.01
OG0004466	1.0055516e-05	0.00010055512	0.0	0.01
OG0003279	1.0035181e-05	6.216053e-05	0.0	0.03
OG0004416	1.002486e-05	0.0001002486	0.0	0.01
OG0006940	1.0011164e-05	0.00010011172	0.0	0.01
OG0006218	1.0000119e-05	5.5701305e-05	0.0	0.04
OG0009828	9.998109e-06	9.998107e-05	0.0	0.01
OG0004940	9.978947e-06	5.9684782e-05	0.0	0.03
OG0006346	9.973079e-06	9.973081e-05	0.0	0.01
OG0008218	9.96787e-06	9.967872e-05	0.0	0.01
OG0000676	9.967463e-06	9.967464e-05	0.0	0.01
OG0001884	9.967463e-06	9.967464e-05	0.0	0.01
OG0001047	9.967294e-06	9.9672965e-05	0.0	0.01
OG0007209	9.921534e-06	9.921536e-05	0.0	0.01
OG0006380	9.91799e-06	7.0779366e-05	0.0	0.02
OG0014448	9.917462e-06	9.9174555e-05	0.0	0.01
OG0008920	9.896258e-06	9.896255e-05	0.0	0.01
OG0003021	9.896114e-06	9.896111e-05	0.0	0.01
OG0003186	9.8954315e-06	7.219998e-05	0.0	0.02
OG0000603	9.893297e-06	8.053928e-05	0.0	0.02
OG0010459	9.885951e-06	9.8859666e-05	0.0	0.01
OG0001595	9.8762775e-06	5.7269423e-05	0.0	0.03
OG0009116	9.873742e-06	9.873768e-05	0.0	0.01
OG0013745	9.86495e-06	9.864949e-05	0.0	0.01
OG0011168	9.824223e-06	9.824223e-05	0.0	0.01
OG0004766	9.81725e-06	9.817253e-05	0.0	0.01
OG0006128	9.777548e-06	9.777549e-05	0.0	0.01
OG0007397	9.74477e-06	9.7447795e-05	0.0	0.01
OG0009479	9.744367e-06	9.744366e-05	0.0	0.01
OG0012003	9.733243e-06	9.733252e-05	0.0	0.01
OG0006628	9.725793e-06	9.725791e-05	0.0	0.01
OG0004149	9.722323e-06	8.1053025e-05	0.0	0.02
OG0008465	9.721306e-06	7.789933e-05	0.0	0.02
OG0018669	9.678301e-06	9.678301e-05	0.0	0.01
OG0004543	9.648012e-06	9.6480224e-05	0.0	0.01
OG0008022	9.648012e-06	9.6480224e-05	0.0	0.01
OG0001183	9.640489e-06	5.513612e-05	0.0	0.03
OG0013326	9.638948e-06	9.638942e-05	0.0	0.01
OG0001210	9.637828e-06	9.637825e-05	0.0	0.01
OG0005678	9.622554e-06	9.622555e-05	0.0	0.01
OG0003160	9.616467e-06	6.7656685e-05	0.0	0.02
OG0006817	9.61484e-06	9.6148324e-05	0.0	0.01
OG0000806	9.599055e-06	5.4501335e-05	0.0	0.04
OG0009065	9.585395e-06	9.585386e-05	0.0	0.01
OG0003916	9.563654e-06	9.563654e-05	0.0	0.01
OG0018626	9.549283e-06	9.549283e-05	0.0	0.01
OG0002130	9.547278e-06	6.7497866e-05	0.0	0.02
OG0011675	9.531355e-06	9.5313546e-05	0.0	0.01
OG0000620	9.5196565e-06	6.54276e-05	0.0	0.05
OG0003464	9.5131045e-06	9.513103e-05	0.0	0.01
OG0001340	9.501969e-06	5.4667726e-05	0.0	0.03
OG0006783	9.491336e-06	9.4913376e-05	0.0	0.01
OG0002998	9.488049e-06	9.48805e-05	0.0	0.01
OG0011887	9.484657e-06	9.484658e-05	0.0	0.01
OG0002796	9.461271e-06	9.4612755e-05	0.0	0.01
OG0001357	9.43966e-06	9.439662e-05	0.0	0.01
OG0004509	9.430693e-06	9.430695e-05	0.0	0.01
OG0003460	9.421972e-06	8.52392e-05	0.0	0.02
OG0001721	9.419742e-06	5.452778e-05	0.0	0.03
OG0000640	9.418074e-06	6.758487e-05	0.0	0.02
OG0016548	9.407393e-06	9.407393e-05	0.0	0.01
OG0004318	9.401658e-06	9.401658e-05	0.0	0.01
OG0004589	9.395793e-06	9.395792e-05	0.0	0.01
OG0000760	9.388196e-06	7.444062e-05	0.0	0.02
OG0009180	9.387512e-06	6.293903e-05	0.0	0.03
OG0010620	9.378598e-06	5.3966625e-05	0.0	0.03
OG0008094	9.345425e-06	9.345419e-05	0.0	0.01
OG0014719	9.337439e-06	9.33744e-05	0.0	0.01
OG0003351	9.297666e-06	7.449634e-05	0.0	0.02
OG0001321	9.287096e-06	6.549903e-05	0.0	0.02
OG0007694	9.284298e-06	9.2842856e-05	0.0	0.01
OG0005455	9.282878e-06	9.282879e-05	0.0	0.01
OG0008196	9.271948e-06	9.271945e-05	0.0	0.01
OG0004372	9.25486e-06	9.2548624e-05	0.0	0.01
OG0004813	9.247216e-06	9.247216e-05	0.0	0.01
OG0001174	9.241776e-06	6.8846246e-05	0.0	0.03
OG0004572	9.231503e-06	9.231503e-05	0.0	0.01
OG0003254	9.226379e-06	5.3595693e-05	0.0	0.03
OG0005679	9.218392e-06	9.218393e-05	0.0	0.01
OG0005157	9.21488e-06	9.21488e-05	0.0	0.01
OG0000384	9.200914e-06	6.446867e-05	0.0	0.03
OG0003099	9.180208e-06	6.65111e-05	0.0	0.02
OG0001365	9.173772e-06	5.296166e-05	0.0	0.03
OG0003374	9.163778e-06	9.163777e-05	0.0	0.01
OG0005854	9.114551e-06	9.114536e-05	0.0	0.01
OG0005799	9.078074e-06	9.078079e-05	0.0	0.01
OG0006857	9.06171e-06	5.9823276e-05	0.0	0.03
OG0005723	9.038159e-06	9.038158e-05	0.0	0.01
OG0000524	9.037229e-06	6.289464e-05	0.0	0.03
OG0001419	8.998078e-06	8.998066e-05	0.0	0.01
OG0012501	8.958575e-06	6.334221e-05	0.0	0.02
OG0010469	8.952512e-06	6.420805e-05	0.0	0.02
OG0005563	8.944091e-06	8.944085e-05	0.0	0.01
OG0012511	8.92894e-06	6.3051804e-05	0.0	0.02
OG0005914	8.906333e-06	8.906332e-05	0.0	0.01
OG0002424	8.8952775e-06	5.108858e-05	0.0	0.03
OG0001459	8.880822e-06	6.430415e-05	0.0	0.02
OG0000306	8.825519e-06	5.0208906e-05	0.0	0.04
OG0001001	8.814863e-06	7.3462936e-05	0.0	0.02
OG0001260	8.813184e-06	5.4664382e-05	0.0	0.03
OG0005296	8.800182e-06	8.800171e-05	0.0	0.01
OG0005442	8.783834e-06	8.783827e-05	0.0	0.01
OG0000988	8.749409e-06	7.4570075e-05	0.0	0.02
OG0004633	8.739112e-06	7.1428796e-05	0.0	0.02
OG0008003	8.736863e-06	8.736863e-05	0.0	0.01
OG0010959	8.707436e-06	8.707439e-05	0.0	0.01
OG0005989	8.704784e-06	8.704783e-05	0.0	0.01
OG0006996	8.704603e-06	8.704603e-05	0.0	0.01
OG0000170	8.695687e-06	8.695686e-05	0.0	0.01
OG0003284	8.689867e-06	7.514643e-05	0.0	0.03
OG0004075	8.6747605e-06	8.6747634e-05	0.0	0.01
OG0004493	8.669817e-06	8.6698165e-05	0.0	0.01
OG0005416	8.668991e-06	8.6689906e-05	0.0	0.01
OG0008578	8.66564e-06	8.665638e-05	0.0	0.01
OG0010420	8.658992e-06	8.6589906e-05	0.0	0.01
OG0004696	8.642633e-06	8.6426306e-05	0.0	0.01
OG0009139	8.627585e-06	6.070744e-05	0.0	0.02
OG0007555	8.607193e-06	6.377963e-05	0.0	0.02
OG0013674	8.5778165e-06	6.214953e-05	0.0	0.02
OG0008267	8.577466e-06	8.577463e-05	0.0	0.01
OG0008074	8.568418e-06	6.771089e-05	0.0	0.02
OG0006444	8.500094e-06	5.6654724e-05	0.0	0.03
OG0003631	8.485461e-06	8.485463e-05	0.0	0.01
OG0000822	8.474026e-06	6.3323365e-05	0.0	0.02
OG0004709	8.437938e-06	6.0375245e-05	0.0	0.02
OG0006020	8.407664e-06	8.4076775e-05	0.0	0.01
OG0020123	8.399542e-06	8.399538e-05	0.0	0.01
OG0001137	8.3980185e-06	5.1427873e-05	0.0	0.03
OG0006854	8.393353e-06	8.3933526e-05	0.0	0.01
OG0002708	8.335727e-06	8.3357205e-05	0.0	0.01
OG0003159	8.332182e-06	8.3321735e-05	0.0	0.01
OG0004751	8.314902e-06	7.1607465e-05	0.0	0.02
OG0000795	8.294219e-06	7.189488e-05	0.0	0.02
OG0005022	8.285945e-06	8.285951e-05	0.0	0.01
OG0000512	8.279454e-06	4.5697907e-05	0.0	0.04
OG0007267	8.265171e-06	8.265175e-05	0.0	0.01
OG0010125	8.259057e-06	8.259057e-05	0.0	0.01
OG0014473	8.220199e-06	8.2201994e-05	0.0	0.01
OG0008087	8.199827e-06	5.839613e-05	0.0	0.02
OG0009379	8.152245e-06	8.152245e-05	0.0	0.01
OG0003936	8.144001e-06	5.3741296e-05	0.0	0.03
OG0003657	8.086995e-06	5.5765362e-05	0.0	0.04
OG0001509	8.075934e-06	5.213812e-05	0.0	0.04
OG0003750	8.05429e-06	4.6634796e-05	0.0	0.03
OG0008932	8.038216e-06	8.0382175e-05	0.0	0.01
OG0004285	8.013312e-06	8.013318e-05	0.0	0.01
OG0003217	7.997646e-06	6.647361e-05	0.0	0.02
OG0006831	7.990873e-06	7.990872e-05	0.0	0.01
OG0010502	7.984657e-06	7.984659e-05	0.0	0.01
OG0008581	7.984169e-06	7.9841695e-05	0.0	0.01
OG0007826	7.9797355e-06	5.61515e-05	0.0	0.02
OG0008786	7.965169e-06	7.965168e-05	0.0	0.01
OG0013615	7.961648e-06	7.961646e-05	0.0	0.01
OG0003090	7.940428e-06	7.9404264e-05	0.0	0.01
OG0006006	7.924889e-06	7.924893e-05	0.0	0.01
OG0003690	7.910726e-06	7.910726e-05	0.0	0.01
OG0007792	7.899161e-06	7.89916e-05	0.0	0.01
OG0004567	7.872556e-06	7.8725556e-05	0.0	0.01
OG0001416	7.845377e-06	2.6743004e-05	0.0	0.09
OG0000894	7.839228e-06	3.6131885e-05	0.0	0.05
OG0003111	7.823267e-06	7.8232675e-05	0.0	0.01
OG0006648	7.81361e-06	7.813608e-05	0.0	0.01
OG0010634	7.802838e-06	7.802836e-05	0.0	0.01
OG0005181	7.789014e-06	7.789005e-05	0.0	0.01
OG0007490	7.7879595e-06	7.7879595e-05	0.0	0.01
OG0021822	7.774834e-06	7.774832e-05	0.0	0.01
OG0000883	7.7697505e-06	4.5940928e-05	0.0	0.03
OG0007148	7.736862e-06	7.736861e-05	0.0	0.01
OG0001936	7.70511e-06	5.7066816e-05	0.0	0.02
OG0002414	7.703316e-06	4.8975635e-05	0.0	0.03
OG0000580	7.6969345e-06	7.696935e-05	0.0	0.01
OG0001400	7.656368e-06	6.407359e-05	0.0	0.02
OG0004230	7.652057e-06	5.8890982e-05	0.0	0.02
OG0003925	7.647916e-06	7.647916e-05	0.0	0.01
OG0005163	7.6152737e-06	7.6152704e-05	0.0	0.01
OG0001120	7.5849775e-06	6.2896455e-05	0.0	0.02
OG0009408	7.578849e-06	7.5788405e-05	0.0	0.01
OG0007552	7.5517946e-06	7.55179e-05	0.0	0.01
OG0004151	7.5498856e-06	7.549892e-05	0.0	0.01
OG0007541	7.541324e-06	7.541322e-05	0.0	0.01
OG0009786	7.541056e-06	5.308846e-05	0.0	0.02
OG0006032	7.540186e-06	7.540184e-05	0.0	0.01
OG0005307	7.536874e-06	7.536868e-05	0.0	0.01
OG0004904	7.5338794e-06	7.533881e-05	0.0	0.01
OG0008392	7.532252e-06	7.532252e-05	0.0	0.01
OG0005393	7.4999634e-06	7.499975e-05	0.0	0.01
OG0008248	7.4758946e-06	7.475891e-05	0.0	0.01
OG0009412	7.4689574e-06	7.4689575e-05	0.0	0.01
OG0008710	7.456595e-06	7.456591e-05	0.0	0.01
OG0001016	7.450375e-06	7.45038e-05	0.0	0.01
OG0002438	7.4403297e-06	7.44033e-05	0.0	0.01
OG0003423	7.4378954e-06	7.437893e-05	0.0	0.01
OG0009071	7.4378954e-06	7.437893e-05	0.0	0.01
OG0005805	7.4352556e-06	7.4352596e-05	0.0	0.01
OG0005441	7.4212435e-06	7.4212454e-05	0.0	0.01
OG0011227	7.4063737e-06	7.406373e-05	0.0	0.01
OG0010095	7.4051045e-06	6.0480503e-05	0.0	0.02
OG0005875	7.383249e-06	3.9976258e-05	0.0	0.04
OG0000625	7.3817682e-06	7.38178e-05	0.0	0.01
OG0008354	7.3422666e-06	7.342259e-05	0.0	0.01
OG0007892	7.3348738e-06	5.5778142e-05	0.0	0.02
OG0003106	7.328504e-06	5.15651e-05	0.0	0.02
OG0004527	7.308843e-06	7.3088435e-05	0.0	0.01
OG0007092	7.279381e-06	7.2793766e-05	0.0	0.01
OG0006985	7.274363e-06	7.274363e-05	0.0	0.01
OG0009069	7.2679727e-06	7.267964e-05	0.0	0.01
OG0003386	7.2586804e-06	7.258684e-05	0.0	0.01
OG0007749	7.2199095e-06	7.219908e-05	0.0	0.01
OG0004161	7.2112707e-06	5.7159e-05	0.0	0.02
OG0005772	7.2110915e-06	7.211096e-05	0.0	0.01
OG0000713	7.197008e-06	5.6381217e-05	0.0	0.02
OG0006966	7.1931995e-06	7.193193e-05	0.0	0.01
OG0003798	7.1866707e-06	7.186682e-05	0.0	0.01
OG0000778	7.175876e-06	5.0944946e-05	0.0	0.02
OG0003439	7.154352e-06	7.154338e-05	0.0	0.01
OG0012393	7.1296886e-06	7.1296854e-05	0.0	0.01
OG0007250	7.0998944e-06	7.099901e-05	0.0	0.01
OG0006243	7.0971373e-06	7.0971335e-05	0.0	0.01
OG0000691	7.0929323e-06	7.092931e-05	0.0	0.01
OG0004247	7.09068e-06	7.0906724e-05	0.0	0.01
OG0005978	7.0592896e-06	7.059294e-05	0.0	0.01
OG0003930	7.050216e-06	7.050212e-05	0.0	0.01
OG0007253	7.047407e-06	7.047414e-05	0.0	0.01
OG0004235	7.0397155e-06	7.039719e-05	0.0	0.01
OG0000685	7.026324e-06	7.0263384e-05	0.0	0.01
OG0006888	7.023264e-06	7.023273e-05	0.0	0.01
OG0009083	7.0205924e-06	5.009941e-05	0.0	0.02
OG0003533	6.995582e-06	6.995583e-05	0.0	0.01
OG0003752	6.984712e-06	5.0281105e-05	0.0	0.02
OG0000865	6.973943e-06	6.973946e-05	0.0	0.01
OG0000845	6.965754e-06	5.0727056e-05	0.0	0.02
OG0001010	6.9543858e-06	5.011514e-05	0.0	0.02
OG0001013	6.9410426e-06	5.4680353e-05	0.0	0.02
OG0005089	6.9329144e-06	6.932913e-05	0.0	0.01
OG0000962	6.9157354e-06	4.895507e-05	0.0	0.02
OG0010226	6.912313e-06	6.912312e-05	0.0	0.01
OG0009196	6.8901454e-06	6.89014e-05	0.0	0.01
OG0005534	6.860745e-06	6.860744e-05	0.0	0.01
OG0006451	6.8162185e-06	6.816222e-05	0.0	0.01
OG0004845	6.8063605e-06	6.806361e-05	0.0	0.01
OG0002838	6.765925e-06	4.853623e-05	0.0	0.02
OG0000801	6.765351e-06	3.6308775e-05	0.0	0.04
OG0009859	6.7508845e-06	6.7508896e-05	0.0	0.01
OG0006937	6.746021e-06	6.746018e-05	0.0	0.01
OG0005647	6.710723e-06	6.7107176e-05	0.0	0.01
OG0003521	6.7082005e-06	4.542823e-05	0.0	0.03
OG0000974	6.707654e-06	4.2592794e-05	0.0	0.03
OG0005732	6.692964e-06	6.692963e-05	0.0	0.01
OG0002198	6.6922394e-06	4.8403293e-05	0.0	0.02
OG0000610	6.684029e-06	6.684029e-05	0.0	0.01
OG0005121	6.67979e-06	3.3974e-05	0.0	0.04
OG0004946	6.6640787e-06	3.630564e-05	0.0	0.04
OG0004250	6.6570774e-06	5.180767e-05	0.0	0.02
OG0005680	6.6502166e-06	6.6502165e-05	0.0	0.01
OG0009562	6.6160637e-06	6.616063e-05	0.0	0.01
OG0004865	6.6020607e-06	6.602063e-05	0.0	0.01
OG0010650	6.5980603e-06	6.598065e-05	0.0	0.01
OG0001607	6.595871e-06	4.6840483e-05	0.0	0.02
OG0009144	6.5767645e-06	6.5767665e-05	0.0	0.01
OG0003836	6.5741556e-06	4.1518182e-05	0.0	0.05
OG0007861	6.5498134e-06	6.549809e-05	0.0	0.01
OG0002483	6.5491918e-06	4.6841502e-05	0.0	0.02
OG0003604	6.539292e-06	6.539296e-05	0.0	0.01
OG0020209	6.5324803e-06	6.532476e-05	0.0	0.01
OG0003676	6.4960145e-06	6.496021e-05	0.0	0.01
OG0014973	6.48921e-06	6.489214e-05	0.0	0.01
OG0003472	6.4785318e-06	6.478537e-05	0.0	0.01
OG0003360	6.4772667e-06	4.6044708e-05	0.0	0.02
OG0002750	6.4688384e-06	4.628311e-05	0.0	0.02
OG0001004	6.4435567e-06	6.029004e-05	0.0	0.02
OG0014465	6.432567e-06	6.432569e-05	0.0	0.01
OG0002941	6.3964458e-06	5.9084243e-05	0.0	0.02
OG0000775	6.3905545e-06	4.6734676e-05	0.0	0.02
OG0006143	6.384335e-06	6.384334e-05	0.0	0.01
OG0002898	6.375984e-06	4.4904977e-05	0.0	0.02
OG0006788	6.374439e-06	6.3744425e-05	0.0	0.01
OG0016840	6.367853e-06	4.514904e-05	0.0	0.02
OG0011895	6.365422e-06	6.365425e-05	0.0	0.01
OG0004715	6.364895e-06	6.364891e-05	0.0	0.01
OG0004578	6.345182e-06	6.345188e-05	0.0	0.01
OG0003167	6.3137136e-06	5.0771665e-05	0.0	0.02
OG0000935	6.311783e-06	4.8470105e-05	0.0	0.02
OG0010605	6.2750623e-06	6.2750616e-05	0.0	0.01
OG0013458	6.264211e-06	6.264217e-05	0.0	0.01
OG0008475	6.2632225e-06	6.2632185e-05	0.0	0.01
OG0006781	6.2513755e-06	6.2513755e-05	0.0	0.01
OG0001755	6.2487757e-06	5.0695624e-05	0.0	0.02
OG0012029	6.2469467e-06	6.246946e-05	0.0	0.01
OG0007170	6.199584e-06	6.1995794e-05	0.0	0.01
OG0003678	6.1531664e-06	3.0969277e-05	0.0	0.04
OG0009839	6.144501e-06	6.1445004e-05	0.0	0.01
OG0001615	6.134226e-06	4.340569e-05	0.0	0.02
OG0011594	6.1306973e-06	4.5171404e-05	0.0	0.02
OG0003222	6.068943e-06	6.068943e-05	0.0	0.01
OG0011833	6.0679886e-06	6.0680002e-05	0.0	0.01
OG0008085	6.0627044e-06	6.0627022e-05	0.0	0.01
OG0007152	6.04634e-06	6.0463375e-05	0.0	0.01
OG0016841	6.015868e-06	4.317876e-05	0.0	0.02
OG0005195	5.997823e-06	5.9978236e-05	0.0	0.01
OG0001336	5.984371e-06	3.3733755e-05	0.0	0.04
OG0001897	5.9785725e-06	4.3116645e-05	0.0	0.02
OG0008337	5.959745e-06	5.959748e-05	0.0	0.01
OG0004930	5.9546855e-06	5.9546914e-05	0.0	0.01
OG0005471	5.949833e-06	5.949842e-05	0.0	0.01
OG0005029	5.94538e-06	5.9453807e-05	0.0	0.01
OG0002214	5.9384197e-06	4.180257e-05	0.0	0.02
OG0007497	5.9275258e-06	4.3224893e-05	0.0	0.02
OG0003831	5.9217296e-06	5.9217324e-05	0.0	0.01
OG0005223	5.9141007e-06	5.914108e-05	0.0	0.01
OG0006092	5.8910587e-06	5.8910573e-05	0.0	0.01
OG0007034	5.8904498e-06	5.8904505e-05	0.0	0.01
OG0004928	5.864956e-06	5.8649523e-05	0.0	0.01
OG0004333	5.861874e-06	4.195447e-05	0.0	0.02
OG0003568	5.848745e-06	5.8487483e-05	0.0	0.01
OG0001445	5.831019e-06	5.8310125e-05	0.0	0.01
OG0005266	5.81841e-06	5.8184072e-05	0.0	0.01
OG0007596	5.816365e-06	5.816362e-05	0.0	0.01
OG0008150	5.797233e-06	5.7972327e-05	0.0	0.01
OG0001030	5.779933e-06	5.7799265e-05	0.0	0.01
OG0013317	5.7733323e-06	5.7733352e-05	0.0	0.01
OG0001521	5.766901e-06	4.0912855e-05	0.0	0.02
OG0004575	5.7629222e-06	5.3557807e-05	0.0	0.02
OG0010225	5.761641e-06	5.7616413e-05	0.0	0.01
OG0007697	5.7607854e-06	5.7607893e-05	0.0	0.01
OG0003200	5.7600123e-06	4.0604056e-05	0.0	0.02
OG0003225	5.7509105e-06	5.750913e-05	0.0	0.01
OG0012688	5.739373e-06	5.739373e-05	0.0	0.01
OG0006724	5.7283632e-06	5.7283643e-05	0.0	0.01
OG0004105	5.7073394e-06	5.707339e-05	0.0	0.01
OG0018778	5.7020347e-06	5.702035e-05	0.0	0.01
OG0005931	5.6905574e-06	5.6905512e-05	0.0	0.01
OG0006727	5.679951e-06	5.6799494e-05	0.0	0.01
OG0006627	5.6536055e-06	4.066503e-05	0.0	0.02
OG0003123	5.6286617e-06	5.628661e-05	0.0	0.01
OG0008661	5.6099566e-06	5.609953e-05	0.0	0.01
OG0006446	5.6085496e-06	5.6085504e-05	0.0	0.01
OG0012796	5.604988e-06	5.604985e-05	0.0	0.01
OG0000750	5.6029658e-06	3.4338205e-05	0.0	0.03
OG0008735	5.6016265e-06	5.6016263e-05	0.0	0.01
OG0013303	5.597664e-06	5.5976565e-05	0.0	0.01
OG0005205	5.577325e-06	3.9530543e-05	0.0	0.02
OG0009823	5.5581104e-06	5.5581113e-05	0.0	0.01
OG0001817	5.5574037e-06	5.5574114e-05	0.0	0.01
OG0005057	5.4999405e-06	2.7560673e-05	0.0	0.04
OG0009057	5.4939587e-06	5.4939588e-05	0.0	0.01
OG0012307	5.476803e-06	5.4768025e-05	0.0	0.01
OG0007145	5.4730667e-06	5.4730674e-05	0.0	0.01
OG0004138	5.4664733e-06	5.4664695e-05	0.0	0.01
OG0004972	5.463269e-06	5.463267e-05	0.0	0.01
OG0008388	5.4527113e-06	5.4527114e-05	0.0	0.01
OG0003898	5.428191e-06	3.818875e-05	0.0	0.02
OG0012666	5.4251636e-06	5.4251705e-05	0.0	0.01
OG0011775	5.4065436e-06	5.4065375e-05	0.0	0.01
OG0006615	5.401947e-06	4.8648235e-05	0.0	0.02
OG0003915	5.3857925e-06	5.3857995e-05	0.0	0.01
OG0006263	5.3758104e-06	3.2141892e-05	0.0	0.03
OG0004750	5.343503e-06	5.3435033e-05	0.0	0.01
OG0003461	5.3433405e-06	3.7602458e-05	0.0	0.02
OG0006479	5.330291e-06	5.3302912e-05	0.0	0.01
OG0008071	5.3096765e-06	5.3096763e-05	0.0	0.01
OG0021003	5.285696e-06	2.3634813e-05	0.0	0.05
OG0010652	5.283609e-06	5.2836083e-05	0.0	0.01
OG0005227	5.273331e-06	4.1710828e-05	0.0	0.02
OG0006240	5.2716046e-06	5.271609e-05	0.0	0.01
OG0000668	5.2708265e-06	3.717613e-05	0.0	0.02
OG0005928	5.2547e-06	5.2547093e-05	0.0	0.01
OG0016293	5.2428286e-06	5.2428266e-05	0.0	0.01
OG0005982	5.223233e-06	5.2232335e-05	0.0	0.01
OG0008166	5.2206074e-06	5.2206076e-05	0.0	0.01
OG0001035	5.2033492e-06	3.7608806e-05	0.0	0.02
OG0000967	5.1957327e-06	4.09124e-05	0.0	0.02
OG0000793	5.193207e-06	5.1932067e-05	0.0	0.01
OG0002402	5.192795e-06	5.1928e-05	0.0	0.01
OG0005166	5.1680795e-06	5.1680832e-05	0.0	0.01
OG0000560	5.14736e-06	3.2916243e-05	0.0	0.03
OG0000648	5.125339e-06	2.4433444e-05	0.0	0.05
OG0001564	5.119277e-06	4.227209e-05	0.0	0.02
OG0006842	5.1102425e-06	5.1102434e-05	0.0	0.01
OG0003131	5.1031543e-06	3.6436737e-05	0.0	0.02
OG0002552	5.0807057e-06	5.0807008e-05	0.0	0.01
OG0004973	5.032022e-06	5.032024e-05	0.0	0.01
OG0010091	5.0311996e-06	5.0312017e-05	0.0	0.01
OG0009091	5.0223935e-06	5.0224047e-05	0.0	0.01
OG0004691	5.012178e-06	5.012179e-05	0.0	0.01
OG0012388	5.0106573e-06	2.8665278e-05	0.0	0.03
OG0003520	5.007206e-06	5.007203e-05	0.0	0.01
OG0003014	4.9898686e-06	4.989869e-05	0.0	0.01
OG0007897	4.9895675e-06	4.989569e-05	0.0	0.01
OG0007970	4.981667e-06	4.9816634e-05	0.0	0.01
OG0008348	4.97535e-06	3.5177014e-05	0.0	0.02
OG0005037	4.9704263e-06	4.970426e-05	0.0	0.01
OG0000731	4.9623573e-06	3.0948577e-05	0.0	0.03
OG0011732	4.9440487e-06	4.944048e-05	0.0	0.01
OG0007408	4.9392656e-06	4.9392573e-05	0.0	0.01
OG0000907	4.9247487e-06	4.9247432e-05	0.0	0.01
OG0021501	4.913105e-06	4.9131035e-05	0.0	0.01
OG0009153	4.868565e-06	4.8685655e-05	0.0	0.01
OG0004931	4.856197e-06	3.440401e-05	0.0	0.02
OG0003203	4.838678e-06	4.838683e-05	0.0	0.01
OG0007110	4.832391e-06	4.8323895e-05	0.0	0.01
OG0003918	4.830761e-06	4.830759e-05	0.0	0.01
OG0010901	4.809179e-06	4.8091795e-05	0.0	0.01
OG0008557	4.8089346e-06	4.8089343e-05	0.0	0.01
OG0016376	4.807613e-06	4.807608e-05	0.0	0.01
OG0009376	4.7947083e-06	4.7947105e-05	0.0	0.01
OG0011658	4.792311e-06	4.79231e-05	0.0	0.01
OG0006898	4.7896333e-06	4.789633e-05	0.0	0.01
OG0002668	4.78554e-06	4.7855432e-05	0.0	0.01
OG0004754	4.783415e-06	4.7834143e-05	0.0	0.01
OG0007234	4.7726226e-06	4.7726237e-05	0.0	0.01
OG0003378	4.7536682e-06	4.753666e-05	0.0	0.01
OG0003261	4.7406124e-06	4.740609e-05	0.0	0.01
OG0001164	4.7297426e-06	4.7297406e-05	0.0	0.01
OG0003561	4.727067e-06	3.3521104e-05	0.0	0.02
OG0000977	4.7040526e-06	3.3457076e-05	0.0	0.02
OG0000321	4.6584555e-06	4.658455e-05	0.0	0.01
OG0004974	4.6554446e-06	4.6554436e-05	0.0	0.01
OG0005587	4.6522123e-06	4.6522124e-05	0.0	0.01
OG0006717	4.6407836e-06	4.640788e-05	0.0	0.01
OG0007681	4.626442e-06	4.6264417e-05	0.0	0.01
OG0005031	4.6217056e-06	4.621705e-05	0.0	0.01
OG0004361	4.6137725e-06	4.6137728e-05	0.0	0.01
OG0000423	4.6127757e-06	4.1985106e-05	0.0	0.02
OG0003074	4.5726797e-06	4.5726756e-05	0.0	0.01
OG0013315	4.5706843e-06	4.5706834e-05	0.0	0.01
OG0003705	4.559188e-06	3.2469416e-05	0.0	0.03
OG0001860	4.5561023e-06	4.556105e-05	0.0	0.01
OG0011841	4.5507086e-06	4.550706e-05	0.0	0.01
OG0001390	4.5435127e-06	4.5435176e-05	0.0	0.01
OG0012660	4.5390266e-06	4.5390298e-05	0.0	0.01
OG0008818	4.5383335e-06	4.5383327e-05	0.0	0.01
OG0001406	4.5166266e-06	4.516628e-05	0.0	0.01
OG0004379	4.514508e-06	4.514508e-05	0.0	0.01
OG0002945	4.5084007e-06	4.508399e-05	0.0	0.01
OG0011075	4.488978e-06	4.488978e-05	0.0	0.01
OG0003163	4.484209e-06	3.4992245e-05	0.0	0.02
OG0002056	4.450736e-06	4.4507367e-05	0.0	0.01
OG0003333	4.435453e-06	4.43545e-05	0.0	0.01
OG0000866	4.4340914e-06	2.13462e-05	0.0	0.05
OG0000361	4.4001335e-06	4.4001306e-05	0.0	0.01
OG0001698	4.3953282e-06	4.3953223e-05	0.0	0.01
OG0008662	4.3915857e-06	4.3915847e-05	0.0	0.01
OG0004175	4.370199e-06	4.370199e-05	0.0	0.01
OG0000934	4.3628693e-06	4.3628665e-05	0.0	0.01
OG0012669	4.3440873e-06	4.3440872e-05	0.0	0.01
OG0007277	4.3139385e-06	3.0366393e-05	0.0	0.02
OG0008257	4.305334e-06	4.305334e-05	0.0	0.01
OG0001331	4.260746e-06	2.144864e-05	0.0	0.04
OG0007540	4.2094057e-06	3.758747e-05	0.0	0.02
OG0005446	4.2015927e-06	4.201591e-05	0.0	0.01
OG0005605	4.198658e-06	4.1986663e-05	0.0	0.01
OG0000938	4.194257e-06	3.129167e-05	0.0	0.02
OG0010557	4.1840776e-06	4.184078e-05	0.0	0.01
OG0004453	4.1823187e-06	4.182319e-05	0.0	0.01
OG0003706	4.17748e-06	2.9422275e-05	0.0	0.02
OG0005998	4.152619e-06	4.1526186e-05	0.0	0.01
OG0001896	4.143905e-06	4.1439005e-05	0.0	0.01
OG0002059	4.1135895e-06	4.1135907e-05	0.0	0.01
OG0000999	4.092963e-06	4.092964e-05	0.0	0.01
OG0001190	4.0790565e-06	4.079059e-05	0.0	0.01
OG0001608	4.0634454e-06	4.063446e-05	0.0	0.01
OG0002317	4.0554687e-06	4.0554674e-05	0.0	0.01
OG0002182	4.0537057e-06	4.0537016e-05	0.0	0.01
OG0020614	4.0436666e-06	4.0436673e-05	0.0	0.01
OG0013314	4.038589e-06	4.038592e-05	0.0	0.01
OG0004298	4.0242444e-06	4.0242456e-05	0.0	0.01
OG0018847	4.0231976e-06	4.0231975e-05	0.0	0.01
OG0001323	4.018481e-06	4.01848e-05	0.0	0.01
OG0001465	4.0177074e-06	4.017709e-05	0.0	0.01
OG0001231	4.0119203e-06	4.011921e-05	0.0	0.01
OG0002136	4.0081213e-06	4.0081148e-05	0.0	0.01
OG0005006	3.9917427e-06	3.9917402e-05	0.0	0.01
OG0003699	3.988169e-06	1.6231566e-05	0.0	0.06
OG0011918	3.967331e-06	3.967332e-05	0.0	0.01
OG0003991	3.92712e-06	2.2625727e-05	0.0	0.03
OG0005305	3.9206197e-06	3.92062e-05	0.0	0.01
OG0005353	3.904932e-06	3.9049315e-05	0.0	0.01
OG0008007	3.9030015e-06	3.9030023e-05	0.0	0.01
OG0001547	3.892626e-06	3.892625e-05	0.0	0.01
OG0000828	3.891636e-06	3.4038447e-05	0.0	0.02
OG0001424	3.891497e-06	3.891501e-05	0.0	0.01
OG0002982	3.8908884e-06	3.8908853e-05	0.0	0.01
OG0002903	3.8857306e-06	3.8857255e-05	0.0	0.01
OG0003618	3.8823932e-06	2.862452e-05	0.0	0.02
OG0001318	3.865901e-06	3.8659015e-05	0.0	0.01
OG0001317	3.8648986e-06	3.8648977e-05	0.0	0.01
OG0006578	3.8626035e-06	3.8626036e-05	0.0	0.01
OG0006555	3.8608555e-06	3.8608556e-05	0.0	0.01
OG0014622	3.8541334e-06	3.8541304e-05	0.0	0.01
OG0008262	3.8537655e-06	3.8537655e-05	0.0	0.01
OG0002451	3.847118e-06	3.8471135e-05	0.0	0.01
OG0003115	3.8360363e-06	3.836032e-05	0.0	0.01
OG0004252	3.816152e-06	3.8161525e-05	0.0	0.01
OG0016896	3.7949585e-06	3.794951e-05	0.0	0.01
OG0000254	3.790145e-06	3.790145e-05	0.0	0.01
OG0003801	3.7839352e-06	3.7839432e-05	0.0	0.01
OG0014052	3.7731484e-06	3.7731512e-05	0.0	0.01
OG0009201	3.7424734e-06	3.7424812e-05	0.0	0.01
OG0007817	3.7287696e-06	3.7287686e-05	0.0	0.01
OG0001783	3.7072364e-06	3.7072346e-05	0.0	0.01
OG0001727	3.69678e-06	3.696786e-05	0.0	0.01
OG0002648	3.673887e-06	3.6738897e-05	0.0	0.01
OG0009865	3.6636227e-06	3.6636167e-05	0.0	0.01
OG0002790	3.6617535e-06	3.66176e-05	0.0	0.01
OG0001221	3.639408e-06	3.6394078e-05	0.0	0.01
OG0015342	3.6342828e-06	3.634275e-05	0.0	0.01
OG0006991	3.6206286e-06	3.6206195e-05	0.0	0.01
OG0002799	3.607503e-06	2.2754792e-05	0.0	0.03
OG0006791	3.6016113e-06	2.6170837e-05	0.0	0.02
OG0006858	3.5850076e-06	3.585003e-05	0.0	0.01
OG0002768	3.5818434e-06	2.094359e-05	0.0	0.03
OG0003238	3.5459882e-06	3.5459918e-05	0.0	0.01
OG0001845	3.5335627e-06	3.533566e-05	0.0	0.01
OG0017510	3.529885e-06	3.5298865e-05	0.0	0.01
OG0000479	3.4888137e-06	2.4663352e-05	0.0	0.02
OG0004121	3.4334826e-06	3.4334822e-05	0.0	0.01
OG0002148	3.4320462e-06	3.4320467e-05	0.0	0.01
OG0003538	3.421802e-06	1.4105275e-05	0.0	0.06
OG0003888	3.413052e-06	2.5441987e-05	0.0	0.03
OG0002254	3.4080285e-06	3.4080287e-05	0.0	0.01
OG0007649	3.39972e-06	2.5354924e-05	0.0	0.02
OG0000671	3.3987496e-06	3.39875e-05	0.0	0.01
OG0006339	3.3924662e-06	3.392469e-05	0.0	0.01
OG0006180	3.3870995e-06	3.3871034e-05	0.0	0.01
OG0001675	3.380773e-06	3.380776e-05	0.0	0.01
OG0001108	3.380046e-06	3.380046e-05	0.0	0.01
OG0000271	3.3676665e-06	3.3676653e-05	0.0	0.01
OG0001182	3.3445403e-06	3.3445373e-05	0.0	0.01
OG0000957	3.3211172e-06	3.3211145e-05	0.0	0.01
OG0001039	3.309172e-06	3.309171e-05	0.0	0.01
OG0001297	3.3077285e-06	3.30773e-05	0.0	0.01
OG0003232	3.2992073e-06	3.299208e-05	0.0	0.01
OG0000913	3.28339e-06	2.314567e-05	0.0	0.02
OG0008180	3.2819971e-06	3.281997e-05	0.0	0.01
OG0006872	3.2618452e-06	3.261842e-05	0.0	0.01
OG0001530	3.2521345e-06	3.2521337e-05	0.0	0.01
OG0000789	3.250367e-06	3.250367e-05	0.0	0.01
OG0001502	3.2348698e-06	3.234872e-05	0.0	0.01
OG0003578	3.2341143e-06	2.3510413e-05	0.0	0.02
OG0000973	3.23154e-06	3.2315416e-05	0.0	0.01
OG0002727	3.223137e-06	3.223136e-05	0.0	0.01
OG0008576	3.216978e-06	2.3234696e-05	0.0	0.02
OG0002439	3.2136657e-06	3.2136602e-05	0.0	0.01
OG0002641	3.20269e-06	3.2026936e-05	0.0	0.01
OG0001102	3.1926031e-06	2.6858655e-05	0.0	0.02
OG0003720	3.186733e-06	3.186731e-05	0.0	0.01
OG0000790	3.185575e-06	2.2574033e-05	0.0	0.02
OG0002692	3.1809939e-06	3.1809934e-05	0.0	0.01
OG0003576	3.1795528e-06	3.1795546e-05	0.0	0.01
OG0000562	3.164523e-06	2.0926882e-05	0.0	0.03
OG0003185	3.1576485e-06	3.157648e-05	0.0	0.01
OG0007089	3.1575319e-06	3.157532e-05	0.0	0.01
OG0010659	3.1478664e-06	3.1478685e-05	0.0	0.01
OG0004036	3.1341028e-06	2.5608057e-05	0.0	0.02
OG0001012	3.088955e-06	3.0889558e-05	0.0	0.01
OG0007129	3.0876586e-06	2.2104807e-05	0.0	0.02
OG0003221	3.0767558e-06	3.0767525e-05	0.0	0.01
OG0018747	3.0723968e-06	3.0724023e-05	0.0	0.01
OG0011556	3.049677e-06	2.1951406e-05	0.0	0.02
OG0003623	3.0450583e-06	3.0450588e-05	0.0	0.01
OG0016650	3.0393248e-06	3.039325e-05	0.0	0.01
OG0001074	3.0195574e-06	2.1271087e-05	0.0	0.02
OG0000613	2.9857965e-06	2.9857973e-05	0.0	0.01
OG0001353	2.978168e-06	2.978165e-05	0.0	0.01
OG0001648	2.9757846e-06	2.9757815e-05	0.0	0.01
OG0004051	2.9722673e-06	2.972264e-05	0.0	0.01
OG0004694	2.9633613e-06	2.1666121e-05	0.0	0.02
OG0000536	2.9525459e-06	2.116128e-05	0.0	0.02
OG0002165	2.9320756e-06	2.1838137e-05	0.0	0.02
OG0001741	2.9126948e-06	2.912695e-05	0.0	0.01
OG0001345	2.9090363e-06	2.9090364e-05	0.0	0.01
OG0001746	2.9054274e-06	2.0459962e-05	0.0	0.02
OG0007451	2.9049386e-06	2.9049426e-05	0.0	0.01
OG0004557	2.8975396e-06	2.8975428e-05	0.0	0.01
OG0004465	2.8914658e-06	2.8914688e-05	0.0	0.01
OG0003046	2.8768648e-06	2.8768667e-05	0.0	0.01
OG0010616	2.8634677e-06	2.8634679e-05	0.0	0.01
OG0000574	2.8466338e-06	1.6660846e-05	0.0	0.03
OG0003408	2.838483e-06	1.4464378e-05	0.0	0.04
OG0011037	2.7905878e-06	2.0189103e-05	0.0	0.02
OG0019974	2.7897547e-06	2.789752e-05	0.0	0.01
OG0000446	2.7721917e-06	2.7721944e-05	0.0	0.01
OG0000777	2.7687458e-06	1.9637577e-05	0.0	0.02
OG0003968	2.7668e-06	1.957098e-05	0.0	0.02
OG0012664	2.7629994e-06	2.7629982e-05	0.0	0.01
OG0003584	2.762226e-06	2.7622262e-05	0.0	0.01
OG0003033	2.7536475e-06	2.7536465e-05	0.0	0.01
OG0003308	2.7427482e-06	2.7427486e-05	0.0	0.01
OG0001584	2.740272e-06	2.7402739e-05	0.0	0.01
OG0002114	2.740272e-06	2.7402739e-05	0.0	0.01
OG0001718	2.7353767e-06	2.7353766e-05	0.0	0.01
OG0002999	2.7268302e-06	2.7268296e-05	0.0	0.01
OG0004331	2.7049455e-06	2.7049482e-05	0.0	0.01
OG0003582	2.6977725e-06	2.697772e-05	0.0	0.01
OG0006460	2.6412156e-06	2.641217e-05	0.0	0.01
OG0011577	2.6324747e-06	2.6324742e-05	0.0	0.01
OG0008687	2.602869e-06	2.602867e-05	0.0	0.01
OG0001123	2.57251e-06	2.5725096e-05	0.0	0.01
OG0000888	2.5704649e-06	2.1794607e-05	0.0	0.02
OG0007974	2.56871e-06	2.568712e-05	0.0	0.01
OG0001951	2.5536697e-06	2.5536701e-05	0.0	0.01
OG0001130	2.5430024e-06	1.9936497e-05	0.0	0.02
OG0002616	2.5403378e-06	1.2815306e-05	0.0	0.04
OG0004678	2.501418e-06	2.5014202e-05	0.0	0.01
OG0004037	2.4905032e-06	1.974005e-05	0.0	0.02
OG0003747	2.468432e-06	1.27594e-05	0.0	0.04
OG0001627	2.437581e-06	2.4375806e-05	0.0	0.01
OG0014549	2.4363942e-06	1.7142702e-05	0.0	0.02
OG0001666	2.4302137e-06	2.4302135e-05	0.0	0.01
OG0005918	2.4221758e-06	2.4221745e-05	0.0	0.01
OG0003638	2.411338e-06	2.4113395e-05	0.0	0.01
OG0006684	2.3754756e-06	2.3754754e-05	0.0	0.01
OG0005271	2.3620175e-06	2.3620172e-05	0.0	0.01
OG0001813	2.3318787e-06	2.3318793e-05	0.0	0.01
OG0003469	2.3278822e-06	2.3278812e-05	0.0	0.01
OG0010639	2.3237183e-06	2.3237184e-05	0.0	0.01
OG0003142	2.3221162e-06	2.3221171e-05	0.0	0.01
OG0015691	2.3111731e-06	2.3111754e-05	0.0	0.01
OG0009781	2.3041364e-06	2.3041346e-05	0.0	0.01
OG0002013	2.2997638e-06	2.2997656e-05	0.0	0.01
OG0005204	2.299509e-06	2.2995073e-05	0.0	0.01
OG0001444	2.2951122e-06	2.2951124e-05	0.0	0.01
OG0011822	2.2748163e-06	2.2748187e-05	0.0	0.01
OG0003242	2.2743602e-06	2.2743603e-05	0.0	0.01
OG0012704	2.2650613e-06	2.2650607e-05	0.0	0.01
OG0001148	2.2631652e-06	1.6074875e-05	0.0	0.02
OG0007278	2.2513786e-06	2.2513797e-05	0.0	0.01
OG0006699	2.2428371e-06	2.2428374e-05	0.0	0.01
OG0006571	2.2407053e-06	2.2407043e-05	0.0	0.01
OG0008612	2.2364686e-06	2.2364693e-05	0.0	0.01
OG0004685	2.2295217e-06	2.229521e-05	0.0	0.01
OG0004609	2.2172137e-06	2.2172146e-05	0.0	0.01
OG0001028	2.1750163e-06	1.8200919e-05	0.0	0.02
OG0003571	2.17157e-06	1.2886647e-05	0.0	0.03
OG0004630	2.1416229e-06	2.141623e-05	0.0	0.01
OG0007658	2.1401895e-06	2.1401895e-05	0.0	0.01
OG0002362	2.1286507e-06	1.4975895e-05	0.0	0.02
OG0003717	2.1273843e-06	2.1273849e-05	0.0	0.01
OG0010050	2.126098e-06	2.1260974e-05	0.0	0.01
OG0000901	2.0815276e-06	2.0815281e-05	0.0	0.01
OG0004016	2.0636849e-06	1.0387602e-05	0.0	0.04
OG0005733	2.0579346e-06	2.0579342e-05	0.0	0.01
OG0003588	2.0267864e-06	2.026786e-05	0.0	0.01
OG0007082	2.0139478e-06	2.0139483e-05	0.0	0.01
OG0008418	2.0116267e-06	2.0116266e-05	0.0	0.01
OG0001250	2.0005664e-06	2.0005664e-05	0.0	0.01
OG0002918	1.9939848e-06	1.4044192e-05	0.0	0.02
OG0004471	1.993261e-06	1.9932608e-05	0.0	0.01
OG0003670	1.990221e-06	1.9902214e-05	0.0	0.01
OG0002824	1.9804893e-06	1.2199558e-05	0.0	0.03
OG0006886	1.9732659e-06	1.9732657e-05	0.0	0.01
OG0004912	1.9680604e-06	1.9680601e-05	0.0	0.01
OG0004126	1.9113725e-06	1.9113711e-05	0.0	0.01
OG0006745	1.9057059e-06	1.905705e-05	0.0	0.01
OG0003563	1.8943869e-06	1.894386e-05	0.0	0.01
OG0011036	1.8852542e-06	1.3685765e-05	0.0	0.02
OG0003056	1.8695922e-06	1.8695933e-05	0.0	0.01
OG0003606	1.859627e-06	1.859626e-05	0.0	0.01
OG0017178	1.8545711e-06	1.8545703e-05	0.0	0.01
OG0006730	1.8492653e-06	1.8492668e-05	0.0	0.01
OG0003601	1.8395548e-06	1.8395585e-05	0.0	0.01
OG0003733	1.8001866e-06	1.8001865e-05	0.0	0.01
OG0005904	1.789935e-06	1.7899352e-05	0.0	0.01
OG0013464	1.7896716e-06	1.7896751e-05	0.0	0.01
OG0001043	1.7786791e-06	1.7786835e-05	0.0	0.01
OG0003391	1.7724852e-06	1.772483e-05	0.0	0.01
OG0003943	1.7693105e-06	1.7693093e-05	0.0	0.01
OG0000807	1.7641432e-06	1.7641432e-05	0.0	0.01
OG0000517	1.7261987e-06	1.7261977e-05	0.0	0.01
OG0012364	1.725343e-06	1.7253438e-05	0.0	0.01
OG0003418	1.7195957e-06	9.891964e-06	0.0	0.03
OG0005894	1.7123051e-06	1.7123051e-05	0.0	0.01
OG0009335	1.7091483e-06	1.7091465e-05	0.0	0.01
OG0012323	1.6904129e-06	1.6904138e-05	0.0	0.01
OG0001568	1.6563877e-06	1.6563887e-05	0.0	0.01
OG0002505	1.6293358e-06	1.6293347e-05	0.0	0.01
OG0007480	1.6293352e-06	1.6293341e-05	0.0	0.01
OG0003616	1.6172571e-06	9.287107e-06	0.0	0.03
OG0000782	1.5795625e-06	1.1769707e-05	0.0	0.02
OG0000831	1.5733877e-06	1.5733895e-05	0.0	0.01
OG0003903	1.5710888e-06	1.5710912e-05	0.0	0.01
OG0000563	1.5684575e-06	1.5684578e-05	0.0	0.01
OG0009476	1.545334e-06	1.5453323e-05	0.0	0.01
OG0005751	1.5318162e-06	1.5318163e-05	0.0	0.01
OG0001640	1.5234378e-06	1.5234381e-05	0.0	0.01
OG0003323	1.5184496e-06	1.5184496e-05	0.0	0.01
OG0005869	1.501634e-06	1.5016318e-05	0.0	0.01
OG0004487	1.4989118e-06	1.498913e-05	0.0	0.01
OG0010194	1.4962617e-06	1.4962615e-05	0.0	0.01
OG0010931	1.4881973e-06	1.4881979e-05	0.0	0.01
OG0004713	1.4864231e-06	1.4864237e-05	0.0	0.01
OG0003572	1.4818266e-06	1.4818266e-05	0.0	0.01
OG0003999	1.4694547e-06	1.4694558e-05	0.0	0.01
OG0003532	1.4578627e-06	1.4578614e-05	0.0	0.01
OG0001734	1.4526856e-06	1.4526856e-05	0.0	0.01
OG0003566	1.4455576e-06	1.4455562e-05	0.0	0.01
OG0001150	1.4396182e-06	1.4396184e-05	0.0	0.01
OG0006746	1.4236743e-06	1.4236744e-05	0.0	0.01
OG0009620	1.4098882e-06	1.40988805e-05	0.0	0.01
OG0002003	1.40643e-06	1.4064318e-05	0.0	0.01
OG0011802	1.3947403e-06	1.3947399e-05	0.0	0.01
OG0000774	1.3943444e-06	1.0152084e-05	0.0	0.02
OG0009657	1.3918777e-06	1.3918792e-05	0.0	0.01
OG0004328	1.3844978e-06	1.3844978e-05	0.0	0.01
OG0001096	1.3759075e-06	1.3759079e-05	0.0	0.01
OG0004168	1.3733744e-06	1.3733748e-05	0.0	0.01
OG0011160	1.3725506e-06	1.3725531e-05	0.0	0.01
OG0002085	1.3617547e-06	1.361755e-05	0.0	0.01
OG0000741	1.3494232e-06	1.3494228e-05	0.0	0.01
OG0002786	1.3287572e-06	1.3287571e-05	0.0	0.01
OG0003260	1.3168911e-06	1.3168896e-05	0.0	0.01
OG0001332	1.3059679e-06	1.3059677e-05	0.0	0.01
OG0000722	1.3026946e-06	1.3026927e-05	0.0	0.01
OG0003656	1.2998903e-06	1.29988985e-05	0.0	0.01
OG0007208	1.2671557e-06	1.267156e-05	0.0	0.01
OG0003736	1.2664099e-06	1.2664104e-05	0.0	0.01
OG0010427	1.2593483e-06	1.2593491e-05	0.0	0.01
OG0008394	1.2577807e-06	1.2577819e-05	0.0	0.01
OG0003743	1.2565083e-06	1.256509e-05	0.0	0.01
OG0004282	1.255326e-06	1.2553252e-05	0.0	0.01
OG0005652	1.2509345e-06	1.2509347e-05	0.0	0.01
OG0001239	1.2483132e-06	8.90597e-06	0.0	0.02
OG0003771	1.2468986e-06	1.2468981e-05	0.0	0.01
OG0007601	1.2465961e-06	1.2465962e-05	0.0	0.01
OG0004629	1.2418393e-06	1.2418386e-05	0.0	0.01
OG0021000	1.2410451e-06	1.241045e-05	0.0	0.01
OG0006484	1.2252364e-06	1.2252361e-05	0.0	0.01
OG0003448	1.2029761e-06	8.615197e-06	0.0	0.02
OG0001933	1.1819506e-06	1.1819506e-05	0.0	0.01
OG0001037	1.1782445e-06	8.292411e-06	0.0	0.02
OG0003817	1.1674782e-06	8.231179e-06	0.0	0.02
OG0004030	1.1501454e-06	8.20468e-06	0.0	0.02
OG0000879	1.1267674e-06	1.1267658e-05	0.0	0.01
OG0000701	1.1209034e-06	1.1209038e-05	0.0	0.01
OG0001159	1.1203355e-06	1.1203348e-05	0.0	0.01
OG0003895	1.1188184e-06	7.944587e-06	0.0	0.02
OG0003327	1.1171195e-06	7.863746e-06	0.0	0.02
OG0000591	1.113318e-06	8.0201735e-06	0.0	0.02
OG0007908	1.0908327e-06	1.0908336e-05	0.0	0.01
OG0002009	1.0787275e-06	1.0787269e-05	0.0	0.01
OG0004408	1.069455e-06	1.0694557e-05	0.0	0.01
OG0002780	1.05544e-06	1.0554394e-05	0.0	0.01
OG0003425	1.0388023e-06	1.0388024e-05	0.0	0.01
OG0003808	1.0304574e-06	1.0304588e-05	0.0	0.01
OG0006866	1.0025101e-06	7.134505e-06	0.0	0.02
OG0002123	9.880551e-07	9.880545e-06	0.0	0.01
OG0009349	9.820375e-07	9.820379e-06	0.0	0.01
OG0021008	9.766264e-07	9.766266e-06	0.0	0.01
OG0015695	9.734223e-07	9.73423e-06	0.0	0.01
OG0003574	9.677121e-07	9.67711e-06	0.0	0.01
OG0003487	9.2351155e-07	9.235106e-06	0.0	0.01
OG0008435	9.2105125e-07	9.210512e-06	0.0	0.01
OG0002949	8.849218e-07	8.849221e-06	0.0	0.01
OG0001659	8.8224607e-07	8.822459e-06	0.0	0.01
OG0003410	8.7372536e-07	6.199162e-06	0.0	0.02
OG0003417	8.322811e-07	8.322814e-06	0.0	0.01
OG0001114	8.2954085e-07	8.2954175e-06	0.0	0.01
OG0011546	8.0702443e-07	8.0702475e-06	0.0	0.01
OG0004257	7.6525635e-07	7.652569e-06	0.0	0.01
OG0000853	7.085449e-07	7.0854358e-06	0.0	0.01
OG0001637	7.0369396e-07	7.036938e-06	0.0	0.01
OG0003553	6.994968e-07	6.9949742e-06	0.0	0.01
OG0007371	6.926143e-07	6.9261378e-06	0.0	0.01
OG0001101	6.881531e-07	6.8815284e-06	0.0	0.01
OG0011066	6.663289e-07	6.6632942e-06	0.0	0.01
OG0001023	6.449562e-07	6.4495703e-06	0.0	0.01
OG0001241	6.4257836e-07	6.4257897e-06	0.0	0.01
OG0013465	6.3630745e-07	6.363077e-06	0.0	0.01
OG0000672	6.26389e-07	6.2638974e-06	0.0	0.01
OG0004743	5.9324594e-07	5.9324593e-06	0.0	0.01
OG0001118	5.569037e-07	5.5690375e-06	0.0	0.01
OG0004154	5.406867e-07	5.4068682e-06	0.0	0.01
OG0003144	5.3670084e-07	5.3670083e-06	0.0	0.01
OG0000342	5.3203877e-07	5.3203894e-06	0.0	0.01
OG0000922	5.202762e-07	5.2027617e-06	0.0	0.01
OG0000849	5.167435e-07	5.1674415e-06	0.0	0.01
OG0001531	5.162879e-07	5.162873e-06	0.0	0.01
OG0001117	5.1242665e-07	5.1242723e-06	0.0	0.01
OG0005639	5.12224e-07	5.1222455e-06	0.0	0.01
OG0004047	5.075752e-07	5.075748e-06	0.0	0.01
OG0003712	4.8877575e-07	4.887759e-06	0.0	0.01
OG0003988	4.7196608e-07	4.719661e-06	0.0	0.01
OG0005371	4.6642427e-07	4.664244e-06	0.0	0.01
OG0003498	4.2916278e-07	4.291628e-06	0.0	0.01
OG0006141	4.256305e-07	4.2563065e-06	0.0	0.01
OG0003416	4.1161738e-07	4.1161734e-06	0.0	0.01
OG0000763	4.0456453e-07	4.045644e-06	0.0	0.01
OG0003737	4.019024e-07	4.0190243e-06	0.0	0.01
OG0000925	3.8759165e-07	3.8759163e-06	0.0	0.01
OG0000074	0.0	0.0	0.0	0.0
OG0000087	0.0	0.0	0.0	0.0
OG0000124	0.0	0.0	0.0	0.0
OG0000161	0.0	0.0	0.0	0.0
OG0000171	0.0	0.0	0.0	0.0
OG0000193	0.0	0.0	0.0	0.0
OG0000220	0.0	0.0	0.0	0.0
OG0000272	0.0	0.0	0.0	0.0
OG0000277	0.0	0.0	0.0	0.0
OG0000288	0.0	0.0	0.0	0.0
OG0000316	0.0	0.0	0.0	0.0
OG0000357	0.0	0.0	0.0	0.0
OG0000387	0.0	0.0	0.0	0.0
OG0000398	0.0	0.0	0.0	0.0
OG0000416	0.0	0.0	0.0	0.0
OG0000435	0.0	0.0	0.0	0.0
OG0000491	0.0	0.0	0.0	0.0
OG0000493	0.0	0.0	0.0	0.0
OG0000502	0.0	0.0	0.0	0.0
OG0000550	0.0	0.0	0.0	0.0
OG0000551	0.0	0.0	0.0	0.0
OG0000592	0.0	0.0	0.0	0.0
OG0000654	0.0	0.0	0.0	0.0
OG0000661	0.0	0.0	0.0	0.0
OG0000662	0.0	0.0	0.0	0.0
OG0000666	0.0	0.0	0.0	0.0
OG0000697	0.0	0.0	0.0	0.0
OG0000699	0.0	0.0	0.0	0.0
OG0000705	0.0	0.0	0.0	0.0
OG0000706	0.0	0.0	0.0	0.0
OG0000735	0.0	0.0	0.0	0.0
OG0000739	0.0	0.0	0.0	0.0
OG0000753	0.0	0.0	0.0	0.0
OG0000776	0.0	0.0	0.0	0.0
OG0000784	0.0	0.0	0.0	0.0
OG0000786	0.0	0.0	0.0	0.0
OG0000794	0.0	0.0	0.0	0.0
OG0000797	0.0	0.0	0.0	0.0
OG0000802	0.0	0.0	0.0	0.0
OG0000817	0.0	0.0	0.0	0.0
OG0000821	0.0	0.0	0.0	0.0
OG0000824	0.0	0.0	0.0	0.0
OG0000839	0.0	0.0	0.0	0.0
OG0000844	0.0	0.0	0.0	0.0
OG0000847	0.0	0.0	0.0	0.0
OG0000858	0.0	0.0	0.0	0.0
OG0000859	0.0	0.0	0.0	0.0
OG0000862	0.0	0.0	0.0	0.0
OG0000871	0.0	0.0	0.0	0.0
OG0000874	0.0	0.0	0.0	0.0
OG0000875	0.0	0.0	0.0	0.0
OG0000877	0.0	0.0	0.0	0.0
OG0000891	0.0	0.0	0.0	0.0
OG0000895	0.0	0.0	0.0	0.0
OG0000896	0.0	0.0	0.0	0.0
OG0000899	0.0	0.0	0.0	0.0
OG0000902	0.0	0.0	0.0	0.0
OG0000905	0.0	0.0	0.0	0.0
OG0000910	0.0	0.0	0.0	0.0
OG0000926	0.0	0.0	0.0	0.0
OG0000927	0.0	0.0	0.0	0.0
OG0000930	0.0	0.0	0.0	0.0
OG0000933	0.0	0.0	0.0	0.0
OG0000942	0.0	0.0	0.0	0.0
OG0000948	0.0	0.0	0.0	0.0
OG0000949	0.0	0.0	0.0	0.0
OG0000951	0.0	0.0	0.0	0.0
OG0000953	0.0	0.0	0.0	0.0
OG0000955	0.0	0.0	0.0	0.0
OG0000958	0.0	0.0	0.0	0.0
OG0000963	0.0	0.0	0.0	0.0
OG0000965	0.0	0.0	0.0	0.0
OG0000969	0.0	0.0	0.0	0.0
OG0000971	0.0	0.0	0.0	0.0
OG0000972	0.0	0.0	0.0	0.0
OG0000978	0.0	0.0	0.0	0.0
OG0000983	0.0	0.0	0.0	0.0
OG0000984	0.0	0.0	0.0	0.0
OG0000985	0.0	0.0	0.0	0.0
OG0000986	0.0	0.0	0.0	0.0
OG0000991	0.0	0.0	0.0	0.0
OG0000992	0.0	0.0	0.0	0.0
OG0001006	0.0	0.0	0.0	0.0
OG0001024	0.0	0.0	0.0	0.0
OG0001026	0.0	0.0	0.0	0.0
OG0001029	0.0	0.0	0.0	0.0
OG0001033	0.0	0.0	0.0	0.0
OG0001034	0.0	0.0	0.0	0.0
OG0001041	0.0	0.0	0.0	0.0
OG0001042	0.0	0.0	0.0	0.0
OG0001044	0.0	0.0	0.0	0.0
OG0001046	0.0	0.0	0.0	0.0
OG0001053	0.0	0.0	0.0	0.0
OG0001064	0.0	0.0	0.0	0.0
OG0001069	0.0	0.0	0.0	0.0
OG0001072	0.0	0.0	0.0	0.0
OG0001077	0.0	0.0	0.0	0.0
OG0001080	0.0	0.0	0.0	0.0
OG0001082	0.0	0.0	0.0	0.0
OG0001085	0.0	0.0	0.0	0.0
OG0001087	0.0	0.0	0.0	0.0
OG0001091	0.0	0.0	0.0	0.0
OG0001094	0.0	0.0	0.0	0.0
OG0001095	0.0	0.0	0.0	0.0
OG0001098	0.0	0.0	0.0	0.0
OG0001106	0.0	0.0	0.0	0.0
OG0001110	0.0	0.0	0.0	0.0
OG0001112	0.0	0.0	0.0	0.0
OG0001115	0.0	0.0	0.0	0.0
OG0001116	0.0	0.0	0.0	0.0
OG0001119	0.0	0.0	0.0	0.0
OG0001121	0.0	0.0	0.0	0.0
OG0001124	0.0	0.0	0.0	0.0
OG0001125	0.0	0.0	0.0	0.0
OG0001126	0.0	0.0	0.0	0.0
OG0001127	0.0	0.0	0.0	0.0
OG0001132	0.0	0.0	0.0	0.0
OG0001133	0.0	0.0	0.0	0.0
OG0001134	0.0	0.0	0.0	0.0
OG0001138	0.0	0.0	0.0	0.0
OG0001139	0.0	0.0	0.0	0.0
OG0001140	0.0	0.0	0.0	0.0
OG0001143	0.0	0.0	0.0	0.0
OG0001144	0.0	0.0	0.0	0.0
OG0001146	0.0	0.0	0.0	0.0
OG0001147	0.0	0.0	0.0	0.0
OG0001149	0.0	0.0	0.0	0.0
OG0001155	0.0	0.0	0.0	0.0
OG0001161	0.0	0.0	0.0	0.0
OG0001175	0.0	0.0	0.0	0.0
OG0001176	0.0	0.0	0.0	0.0
OG0001178	0.0	0.0	0.0	0.0
OG0001180	0.0	0.0	0.0	0.0
OG0001184	0.0	0.0	0.0	0.0
OG0001185	0.0	0.0	0.0	0.0
OG0001186	0.0	0.0	0.0	0.0
OG0001189	0.0	0.0	0.0	0.0
OG0001192	0.0	0.0	0.0	0.0
OG0001193	0.0	0.0	0.0	0.0
OG0001196	0.0	0.0	0.0	0.0
OG0001197	0.0	0.0	0.0	0.0
OG0001198	0.0	0.0	0.0	0.0
OG0001201	0.0	0.0	0.0	0.0
OG0001203	0.0	0.0	0.0	0.0
OG0001204	0.0	0.0	0.0	0.0
OG0001206	0.0	0.0	0.0	0.0
OG0001208	0.0	0.0	0.0	0.0
OG0001213	0.0	0.0	0.0	0.0
OG0001214	0.0	0.0	0.0	0.0
OG0001216	0.0	0.0	0.0	0.0
OG0001217	0.0	0.0	0.0	0.0
OG0001220	0.0	0.0	0.0	0.0
OG0001222	0.0	0.0	0.0	0.0
OG0001223	0.0	0.0	0.0	0.0
OG0001224	0.0	0.0	0.0	0.0
OG0001225	0.0	0.0	0.0	0.0
OG0001230	0.0	0.0	0.0	0.0
OG0001232	0.0	0.0	0.0	0.0
OG0001233	0.0	0.0	0.0	0.0
OG0001234	0.0	0.0	0.0	0.0
OG0001236	0.0	0.0	0.0	0.0
OG0001238	0.0	0.0	0.0	0.0
OG0001242	0.0	0.0	0.0	0.0
OG0001245	0.0	0.0	0.0	0.0
OG0001246	0.0	0.0	0.0	0.0
OG0001247	0.0	0.0	0.0	0.0
OG0001249	0.0	0.0	0.0	0.0
OG0001254	0.0	0.0	0.0	0.0
OG0001262	0.0	0.0	0.0	0.0
OG0001263	0.0	0.0	0.0	0.0
OG0001264	0.0	0.0	0.0	0.0
OG0001265	0.0	0.0	0.0	0.0
OG0001266	0.0	0.0	0.0	0.0
OG0001270	0.0	0.0	0.0	0.0
OG0001276	0.0	0.0	0.0	0.0
OG0001280	0.0	0.0	0.0	0.0
OG0001281	0.0	0.0	0.0	0.0
OG0001282	0.0	0.0	0.0	0.0
OG0001286	0.0	0.0	0.0	0.0
OG0001288	0.0	0.0	0.0	0.0
OG0001289	0.0	0.0	0.0	0.0
OG0001291	0.0	0.0	0.0	0.0
OG0001293	0.0	0.0	0.0	0.0
OG0001301	0.0	0.0	0.0	0.0
OG0001305	0.0	0.0	0.0	0.0
OG0001306	0.0	0.0	0.0	0.0
OG0001308	0.0	0.0	0.0	0.0
OG0001309	0.0	0.0	0.0	0.0
OG0001311	0.0	0.0	0.0	0.0
OG0001312	0.0	0.0	0.0	0.0
OG0001313	0.0	0.0	0.0	0.0
OG0001315	0.0	0.0	0.0	0.0
OG0001319	0.0	0.0	0.0	0.0
OG0001320	0.0	0.0	0.0	0.0
OG0001325	0.0	0.0	0.0	0.0
OG0001329	0.0	0.0	0.0	0.0
OG0001330	0.0	0.0	0.0	0.0
OG0001334	0.0	0.0	0.0	0.0
OG0001335	0.0	0.0	0.0	0.0
OG0001337	0.0	0.0	0.0	0.0
OG0001338	0.0	0.0	0.0	0.0
OG0001339	0.0	0.0	0.0	0.0
OG0001341	0.0	0.0	0.0	0.0
OG0001342	0.0	0.0	0.0	0.0
OG0001343	0.0	0.0	0.0	0.0
OG0001347	0.0	0.0	0.0	0.0
OG0001348	0.0	0.0	0.0	0.0
OG0001351	0.0	0.0	0.0	0.0
OG0001352	0.0	0.0	0.0	0.0
OG0001358	0.0	0.0	0.0	0.0
OG0001360	0.0	0.0	0.0	0.0
OG0001361	0.0	0.0	0.0	0.0
OG0001362	0.0	0.0	0.0	0.0
OG0001364	0.0	0.0	0.0	0.0
OG0001366	0.0	0.0	0.0	0.0
OG0001367	0.0	0.0	0.0	0.0
OG0001369	0.0	0.0	0.0	0.0
OG0001370	0.0	0.0	0.0	0.0
OG0001371	0.0	0.0	0.0	0.0
OG0001375	0.0	0.0	0.0	0.0
OG0001376	0.0	0.0	0.0	0.0
OG0001377	0.0	0.0	0.0	0.0
OG0001378	0.0	0.0	0.0	0.0
OG0001379	0.0	0.0	0.0	0.0
OG0001380	0.0	0.0	0.0	0.0
OG0001381	0.0	0.0	0.0	0.0
OG0001382	0.0	0.0	0.0	0.0
OG0001385	0.0	0.0	0.0	0.0
OG0001387	0.0	0.0	0.0	0.0
OG0001391	0.0	0.0	0.0	0.0
OG0001392	0.0	0.0	0.0	0.0
OG0001393	0.0	0.0	0.0	0.0
OG0001394	0.0	0.0	0.0	0.0
OG0001396	0.0	0.0	0.0	0.0
OG0001403	0.0	0.0	0.0	0.0
OG0001404	0.0	0.0	0.0	0.0
OG0001405	0.0	0.0	0.0	0.0
OG0001412	0.0	0.0	0.0	0.0
OG0001414	0.0	0.0	0.0	0.0
OG0001415	0.0	0.0	0.0	0.0
OG0001420	0.0	0.0	0.0	0.0
OG0001421	0.0	0.0	0.0	0.0
OG0001422	0.0	0.0	0.0	0.0
OG0001423	0.0	0.0	0.0	0.0
OG0001425	0.0	0.0	0.0	0.0
OG0001426	0.0	0.0	0.0	0.0
OG0001427	0.0	0.0	0.0	0.0
OG0001428	0.0	0.0	0.0	0.0
OG0001429	0.0	0.0	0.0	0.0
OG0001430	0.0	0.0	0.0	0.0
OG0001431	0.0	0.0	0.0	0.0
OG0001435	0.0	0.0	0.0	0.0
OG0001436	0.0	0.0	0.0	0.0
OG0001439	0.0	0.0	0.0	0.0
OG0001440	0.0	0.0	0.0	0.0
OG0001441	0.0	0.0	0.0	0.0
OG0001442	0.0	0.0	0.0	0.0
OG0001443	0.0	0.0	0.0	0.0
OG0001446	0.0	0.0	0.0	0.0
OG0001448	0.0	0.0	0.0	0.0
OG0001450	0.0	0.0	0.0	0.0
OG0001451	0.0	0.0	0.0	0.0
OG0001452	0.0	0.0	0.0	0.0
OG0001453	0.0	0.0	0.0	0.0
OG0001456	0.0	0.0	0.0	0.0
OG0001457	0.0	0.0	0.0	0.0
OG0001458	0.0	0.0	0.0	0.0
OG0001462	0.0	0.0	0.0	0.0
OG0001463	0.0	0.0	0.0	0.0
OG0001464	0.0	0.0	0.0	0.0
OG0001466	0.0	0.0	0.0	0.0
OG0001468	0.0	0.0	0.0	0.0
OG0001471	0.0	0.0	0.0	0.0
OG0001472	0.0	0.0	0.0	0.0
OG0001474	0.0	0.0	0.0	0.0
OG0001475	0.0	0.0	0.0	0.0
OG0001478	0.0	0.0	0.0	0.0
OG0001479	0.0	0.0	0.0	0.0
OG0001480	0.0	0.0	0.0	0.0
OG0001482	0.0	0.0	0.0	0.0
OG0001484	0.0	0.0	0.0	0.0
OG0001485	0.0	0.0	0.0	0.0
OG0001486	0.0	0.0	0.0	0.0
OG0001487	0.0	0.0	0.0	0.0
OG0001488	0.0	0.0	0.0	0.0
OG0001490	0.0	0.0	0.0	0.0
OG0001491	0.0	0.0	0.0	0.0
OG0001493	0.0	0.0	0.0	0.0
OG0001494	0.0	0.0	0.0	0.0
OG0001495	0.0	0.0	0.0	0.0
OG0001496	0.0	0.0	0.0	0.0
OG0001497	0.0	0.0	0.0	0.0
OG0001498	0.0	0.0	0.0	0.0
OG0001499	0.0	0.0	0.0	0.0
OG0001501	0.0	0.0	0.0	0.0
OG0001503	0.0	0.0	0.0	0.0
OG0001505	0.0	0.0	0.0	0.0
OG0001506	0.0	0.0	0.0	0.0
OG0001508	0.0	0.0	0.0	0.0
OG0001510	0.0	0.0	0.0	0.0
OG0001511	0.0	0.0	0.0	0.0
OG0001512	0.0	0.0	0.0	0.0
OG0001513	0.0	0.0	0.0	0.0
OG0001515	0.0	0.0	0.0	0.0
OG0001517	0.0	0.0	0.0	0.0
OG0001519	0.0	0.0	0.0	0.0
OG0001520	0.0	0.0	0.0	0.0
OG0001522	0.0	0.0	0.0	0.0
OG0001523	0.0	0.0	0.0	0.0
OG0001524	0.0	0.0	0.0	0.0
OG0001525	0.0	0.0	0.0	0.0
OG0001526	0.0	0.0	0.0	0.0
OG0001535	0.0	0.0	0.0	0.0
OG0001536	0.0	0.0	0.0	0.0
OG0001537	0.0	0.0	0.0	0.0
OG0001541	0.0	0.0	0.0	0.0
OG0001543	0.0	0.0	0.0	0.0
OG0001544	0.0	0.0	0.0	0.0
OG0001548	0.0	0.0	0.0	0.0
OG0001549	0.0	0.0	0.0	0.0
OG0001550	0.0	0.0	0.0	0.0
OG0001551	0.0	0.0	0.0	0.0
OG0001552	0.0	0.0	0.0	0.0
OG0001554	0.0	0.0	0.0	0.0
OG0001555	0.0	0.0	0.0	0.0
OG0001559	0.0	0.0	0.0	0.0
OG0001565	0.0	0.0	0.0	0.0
OG0001567	0.0	0.0	0.0	0.0
OG0001571	0.0	0.0	0.0	0.0
OG0001572	0.0	0.0	0.0	0.0
OG0001573	0.0	0.0	0.0	0.0
OG0001574	0.0	0.0	0.0	0.0
OG0001575	0.0	0.0	0.0	0.0
OG0001576	0.0	0.0	0.0	0.0
OG0001577	0.0	0.0	0.0	0.0
OG0001578	0.0	0.0	0.0	0.0
OG0001579	0.0	0.0	0.0	0.0
OG0001580	0.0	0.0	0.0	0.0
OG0001581	0.0	0.0	0.0	0.0
OG0001583	0.0	0.0	0.0	0.0
OG0001586	0.0	0.0	0.0	0.0
OG0001587	0.0	0.0	0.0	0.0
OG0001588	0.0	0.0	0.0	0.0
OG0001589	0.0	0.0	0.0	0.0
OG0001590	0.0	0.0	0.0	0.0
OG0001591	0.0	0.0	0.0	0.0
OG0001593	0.0	0.0	0.0	0.0
OG0001594	0.0	0.0	0.0	0.0
OG0001597	0.0	0.0	0.0	0.0
OG0001599	0.0	0.0	0.0	0.0
OG0001600	0.0	0.0	0.0	0.0
OG0001601	0.0	0.0	0.0	0.0
OG0001602	0.0	0.0	0.0	0.0
OG0001603	0.0	0.0	0.0	0.0
OG0001604	0.0	0.0	0.0	0.0
OG0001606	0.0	0.0	0.0	0.0
OG0001609	0.0	0.0	0.0	0.0
OG0001610	0.0	0.0	0.0	0.0
OG0001611	0.0	0.0	0.0	0.0
OG0001612	0.0	0.0	0.0	0.0
OG0001614	0.0	0.0	0.0	0.0
OG0001616	0.0	0.0	0.0	0.0
OG0001618	0.0	0.0	0.0	0.0
OG0001619	0.0	0.0	0.0	0.0
OG0001620	0.0	0.0	0.0	0.0
OG0001621	0.0	0.0	0.0	0.0
OG0001622	0.0	0.0	0.0	0.0
OG0001623	0.0	0.0	0.0	0.0
OG0001625	0.0	0.0	0.0	0.0
OG0001626	0.0	0.0	0.0	0.0
OG0001628	0.0	0.0	0.0	0.0
OG0001629	0.0	0.0	0.0	0.0
OG0001631	0.0	0.0	0.0	0.0
OG0001633	0.0	0.0	0.0	0.0
OG0001634	0.0	0.0	0.0	0.0
OG0001635	0.0	0.0	0.0	0.0
OG0001636	0.0	0.0	0.0	0.0
OG0001638	0.0	0.0	0.0	0.0
OG0001639	0.0	0.0	0.0	0.0
OG0001641	0.0	0.0	0.0	0.0
OG0001642	0.0	0.0	0.0	0.0
OG0001644	0.0	0.0	0.0	0.0
OG0001645	0.0	0.0	0.0	0.0
OG0001646	0.0	0.0	0.0	0.0
OG0001647	0.0	0.0	0.0	0.0
OG0001649	0.0	0.0	0.0	0.0
OG0001651	0.0	0.0	0.0	0.0
OG0001652	0.0	0.0	0.0	0.0
OG0001654	0.0	0.0	0.0	0.0
OG0001655	0.0	0.0	0.0	0.0
OG0001656	0.0	0.0	0.0	0.0
OG0001657	0.0	0.0	0.0	0.0
OG0001658	0.0	0.0	0.0	0.0
OG0001660	0.0	0.0	0.0	0.0
OG0001661	0.0	0.0	0.0	0.0
OG0001662	0.0	0.0	0.0	0.0
OG0001663	0.0	0.0	0.0	0.0
OG0001667	0.0	0.0	0.0	0.0
OG0001668	0.0	0.0	0.0	0.0
OG0001669	0.0	0.0	0.0	0.0
OG0001670	0.0	0.0	0.0	0.0
OG0001671	0.0	0.0	0.0	0.0
OG0001674	0.0	0.0	0.0	0.0
OG0001677	0.0	0.0	0.0	0.0
OG0001678	0.0	0.0	0.0	0.0
OG0001679	0.0	0.0	0.0	0.0
OG0001680	0.0	0.0	0.0	0.0
OG0001681	0.0	0.0	0.0	0.0
OG0001682	0.0	0.0	0.0	0.0
OG0001684	0.0	0.0	0.0	0.0
OG0001686	0.0	0.0	0.0	0.0
OG0001687	0.0	0.0	0.0	0.0
OG0001688	0.0	0.0	0.0	0.0
OG0001689	0.0	0.0	0.0	0.0
OG0001690	0.0	0.0	0.0	0.0
OG0001691	0.0	0.0	0.0	0.0
OG0001694	0.0	0.0	0.0	0.0
OG0001695	0.0	0.0	0.0	0.0
OG0001696	0.0	0.0	0.0	0.0
OG0001697	0.0	0.0	0.0	0.0
OG0001699	0.0	0.0	0.0	0.0
OG0001700	0.0	0.0	0.0	0.0
OG0001702	0.0	0.0	0.0	0.0
OG0001703	0.0	0.0	0.0	0.0
OG0001704	0.0	0.0	0.0	0.0
OG0001706	0.0	0.0	0.0	0.0
OG0001707	0.0	0.0	0.0	0.0
OG0001708	0.0	0.0	0.0	0.0
OG0001709	0.0	0.0	0.0	0.0
OG0001710	0.0	0.0	0.0	0.0
OG0001711	0.0	0.0	0.0	0.0
OG0001712	0.0	0.0	0.0	0.0
OG0001713	0.0	0.0	0.0	0.0
OG0001714	0.0	0.0	0.0	0.0
OG0001715	0.0	0.0	0.0	0.0
OG0001716	0.0	0.0	0.0	0.0
OG0001717	0.0	0.0	0.0	0.0
OG0001719	0.0	0.0	0.0	0.0
OG0001720	0.0	0.0	0.0	0.0
OG0001722	0.0	0.0	0.0	0.0
OG0001724	0.0	0.0	0.0	0.0
OG0001725	0.0	0.0	0.0	0.0
OG0001729	0.0	0.0	0.0	0.0
OG0001730	0.0	0.0	0.0	0.0
OG0001731	0.0	0.0	0.0	0.0
OG0001736	0.0	0.0	0.0	0.0
OG0001737	0.0	0.0	0.0	0.0
OG0001738	0.0	0.0	0.0	0.0
OG0001739	0.0	0.0	0.0	0.0
OG0001740	0.0	0.0	0.0	0.0
OG0001747	0.0	0.0	0.0	0.0
OG0001752	0.0	0.0	0.0	0.0
OG0001753	0.0	0.0	0.0	0.0
OG0001754	0.0	0.0	0.0	0.0
OG0001756	0.0	0.0	0.0	0.0
OG0001757	0.0	0.0	0.0	0.0
OG0001761	0.0	0.0	0.0	0.0
OG0001763	0.0	0.0	0.0	0.0
OG0001764	0.0	0.0	0.0	0.0
OG0001765	0.0	0.0	0.0	0.0
OG0001766	0.0	0.0	0.0	0.0
OG0001768	0.0	0.0	0.0	0.0
OG0001769	0.0	0.0	0.0	0.0
OG0001771	0.0	0.0	0.0	0.0
OG0001772	0.0	0.0	0.0	0.0
OG0001773	0.0	0.0	0.0	0.0
OG0001776	0.0	0.0	0.0	0.0
OG0001777	0.0	0.0	0.0	0.0
OG0001778	0.0	0.0	0.0	0.0
OG0001779	0.0	0.0	0.0	0.0
OG0001780	0.0	0.0	0.0	0.0
OG0001784	0.0	0.0	0.0	0.0
OG0001785	0.0	0.0	0.0	0.0
OG0001787	0.0	0.0	0.0	0.0
OG0001788	0.0	0.0	0.0	0.0
OG0001789	0.0	0.0	0.0	0.0
OG0001790	0.0	0.0	0.0	0.0
OG0001792	0.0	0.0	0.0	0.0
OG0001793	0.0	0.0	0.0	0.0
OG0001794	0.0	0.0	0.0	0.0
OG0001795	0.0	0.0	0.0	0.0
OG0001796	0.0	0.0	0.0	0.0
OG0001799	0.0	0.0	0.0	0.0
OG0001801	0.0	0.0	0.0	0.0
OG0001803	0.0	0.0	0.0	0.0
OG0001804	0.0	0.0	0.0	0.0
OG0001805	0.0	0.0	0.0	0.0
OG0001806	0.0	0.0	0.0	0.0
OG0001808	0.0	0.0	0.0	0.0
OG0001809	0.0	0.0	0.0	0.0
OG0001810	0.0	0.0	0.0	0.0
OG0001811	0.0	0.0	0.0	0.0
OG0001812	0.0	0.0	0.0	0.0
OG0001814	0.0	0.0	0.0	0.0
OG0001815	0.0	0.0	0.0	0.0
OG0001816	0.0	0.0	0.0	0.0
OG0001820	0.0	0.0	0.0	0.0
OG0001823	0.0	0.0	0.0	0.0
OG0001825	0.0	0.0	0.0	0.0
OG0001826	0.0	0.0	0.0	0.0
OG0001827	0.0	0.0	0.0	0.0
OG0001828	0.0	0.0	0.0	0.0
OG0001829	0.0	0.0	0.0	0.0
OG0001830	0.0	0.0	0.0	0.0
OG0001831	0.0	0.0	0.0	0.0
OG0001833	0.0	0.0	0.0	0.0
OG0001834	0.0	0.0	0.0	0.0
OG0001836	0.0	0.0	0.0	0.0
OG0001837	0.0	0.0	0.0	0.0
OG0001838	0.0	0.0	0.0	0.0
OG0001839	0.0	0.0	0.0	0.0
OG0001840	0.0	0.0	0.0	0.0
OG0001842	0.0	0.0	0.0	0.0
OG0001843	0.0	0.0	0.0	0.0
OG0001844	0.0	0.0	0.0	0.0
OG0001847	0.0	0.0	0.0	0.0
OG0001848	0.0	0.0	0.0	0.0
OG0001850	0.0	0.0	0.0	0.0
OG0001851	0.0	0.0	0.0	0.0
OG0001853	0.0	0.0	0.0	0.0
OG0001854	0.0	0.0	0.0	0.0
OG0001855	0.0	0.0	0.0	0.0
OG0001856	0.0	0.0	0.0	0.0
OG0001857	0.0	0.0	0.0	0.0
OG0001858	0.0	0.0	0.0	0.0
OG0001859	0.0	0.0	0.0	0.0
OG0001861	0.0	0.0	0.0	0.0
OG0001862	0.0	0.0	0.0	0.0
OG0001863	0.0	0.0	0.0	0.0
OG0001864	0.0	0.0	0.0	0.0
OG0001865	0.0	0.0	0.0	0.0
OG0001866	0.0	0.0	0.0	0.0
OG0001867	0.0	0.0	0.0	0.0
OG0001868	0.0	0.0	0.0	0.0
OG0001869	0.0	0.0	0.0	0.0
OG0001870	0.0	0.0	0.0	0.0
OG0001872	0.0	0.0	0.0	0.0
OG0001873	0.0	0.0	0.0	0.0
OG0001874	0.0	0.0	0.0	0.0
OG0001875	0.0	0.0	0.0	0.0
OG0001876	0.0	0.0	0.0	0.0
OG0001877	0.0	0.0	0.0	0.0
OG0001878	0.0	0.0	0.0	0.0
OG0001879	0.0	0.0	0.0	0.0
OG0001880	0.0	0.0	0.0	0.0
OG0001881	0.0	0.0	0.0	0.0
OG0001882	0.0	0.0	0.0	0.0
OG0001883	0.0	0.0	0.0	0.0
OG0001885	0.0	0.0	0.0	0.0
OG0001886	0.0	0.0	0.0	0.0
OG0001887	0.0	0.0	0.0	0.0
OG0001889	0.0	0.0	0.0	0.0
OG0001890	0.0	0.0	0.0	0.0
OG0001891	0.0	0.0	0.0	0.0
OG0001892	0.0	0.0	0.0	0.0
OG0001893	0.0	0.0	0.0	0.0
OG0001894	0.0	0.0	0.0	0.0
OG0001895	0.0	0.0	0.0	0.0
OG0001898	0.0	0.0	0.0	0.0
OG0001899	0.0	0.0	0.0	0.0
OG0001900	0.0	0.0	0.0	0.0
OG0001901	0.0	0.0	0.0	0.0
OG0001902	0.0	0.0	0.0	0.0
OG0001903	0.0	0.0	0.0	0.0
OG0001904	0.0	0.0	0.0	0.0
OG0001905	0.0	0.0	0.0	0.0
OG0001906	0.0	0.0	0.0	0.0
OG0001908	0.0	0.0	0.0	0.0
OG0001909	0.0	0.0	0.0	0.0
OG0001910	0.0	0.0	0.0	0.0
OG0001913	0.0	0.0	0.0	0.0
OG0001914	0.0	0.0	0.0	0.0
OG0001917	0.0	0.0	0.0	0.0
OG0001919	0.0	0.0	0.0	0.0
OG0001920	0.0	0.0	0.0	0.0
OG0001921	0.0	0.0	0.0	0.0
OG0001922	0.0	0.0	0.0	0.0
OG0001923	0.0	0.0	0.0	0.0
OG0001924	0.0	0.0	0.0	0.0
OG0001925	0.0	0.0	0.0	0.0
OG0001926	0.0	0.0	0.0	0.0
OG0001927	0.0	0.0	0.0	0.0
OG0001928	0.0	0.0	0.0	0.0
OG0001929	0.0	0.0	0.0	0.0
OG0001930	0.0	0.0	0.0	0.0
OG0001931	0.0	0.0	0.0	0.0
OG0001932	0.0	0.0	0.0	0.0
OG0001934	0.0	0.0	0.0	0.0
OG0001935	0.0	0.0	0.0	0.0
OG0001937	0.0	0.0	0.0	0.0
OG0001938	0.0	0.0	0.0	0.0
OG0001939	0.0	0.0	0.0	0.0
OG0001940	0.0	0.0	0.0	0.0
OG0001941	0.0	0.0	0.0	0.0
OG0001942	0.0	0.0	0.0	0.0
OG0001943	0.0	0.0	0.0	0.0
OG0001944	0.0	0.0	0.0	0.0
OG0001946	0.0	0.0	0.0	0.0
OG0001947	0.0	0.0	0.0	0.0
OG0001948	0.0	0.0	0.0	0.0
OG0001949	0.0	0.0	0.0	0.0
OG0001950	0.0	0.0	0.0	0.0
OG0001952	0.0	0.0	0.0	0.0
OG0001953	0.0	0.0	0.0	0.0
OG0001954	0.0	0.0	0.0	0.0
OG0001955	0.0	0.0	0.0	0.0
OG0001956	0.0	0.0	0.0	0.0
OG0001957	0.0	0.0	0.0	0.0
OG0001958	0.0	0.0	0.0	0.0
OG0001959	0.0	0.0	0.0	0.0
OG0001960	0.0	0.0	0.0	0.0
OG0001961	0.0	0.0	0.0	0.0
OG0001963	0.0	0.0	0.0	0.0
OG0001964	0.0	0.0	0.0	0.0
OG0001965	0.0	0.0	0.0	0.0
OG0001966	0.0	0.0	0.0	0.0
OG0001967	0.0	0.0	0.0	0.0
OG0001969	0.0	0.0	0.0	0.0
OG0001970	0.0	0.0	0.0	0.0
OG0001971	0.0	0.0	0.0	0.0
OG0001972	0.0	0.0	0.0	0.0
OG0001973	0.0	0.0	0.0	0.0
OG0001974	0.0	0.0	0.0	0.0
OG0001975	0.0	0.0	0.0	0.0
OG0001976	0.0	0.0	0.0	0.0
OG0001979	0.0	0.0	0.0	0.0
OG0001980	0.0	0.0	0.0	0.0
OG0001981	0.0	0.0	0.0	0.0
OG0001982	0.0	0.0	0.0	0.0
OG0001984	0.0	0.0	0.0	0.0
OG0001985	0.0	0.0	0.0	0.0
OG0001986	0.0	0.0	0.0	0.0
OG0001987	0.0	0.0	0.0	0.0
OG0001989	0.0	0.0	0.0	0.0
OG0001991	0.0	0.0	0.0	0.0
OG0001992	0.0	0.0	0.0	0.0
OG0001993	0.0	0.0	0.0	0.0
OG0001994	0.0	0.0	0.0	0.0
OG0001995	0.0	0.0	0.0	0.0
OG0001996	0.0	0.0	0.0	0.0
OG0001997	0.0	0.0	0.0	0.0
OG0001998	0.0	0.0	0.0	0.0
OG0001999	0.0	0.0	0.0	0.0
OG0002000	0.0	0.0	0.0	0.0
OG0002001	0.0	0.0	0.0	0.0
OG0002002	0.0	0.0	0.0	0.0
OG0002004	0.0	0.0	0.0	0.0
OG0002005	0.0	0.0	0.0	0.0
OG0002006	0.0	0.0	0.0	0.0
OG0002007	0.0	0.0	0.0	0.0
OG0002011	0.0	0.0	0.0	0.0
OG0002012	0.0	0.0	0.0	0.0
OG0002014	0.0	0.0	0.0	0.0
OG0002016	0.0	0.0	0.0	0.0
OG0002017	0.0	0.0	0.0	0.0
OG0002018	0.0	0.0	0.0	0.0
OG0002019	0.0	0.0	0.0	0.0
OG0002020	0.0	0.0	0.0	0.0
OG0002021	0.0	0.0	0.0	0.0
OG0002022	0.0	0.0	0.0	0.0
OG0002023	0.0	0.0	0.0	0.0
OG0002024	0.0	0.0	0.0	0.0
OG0002025	0.0	0.0	0.0	0.0
OG0002026	0.0	0.0	0.0	0.0
OG0002027	0.0	0.0	0.0	0.0
OG0002029	0.0	0.0	0.0	0.0
OG0002030	0.0	0.0	0.0	0.0
OG0002031	0.0	0.0	0.0	0.0
OG0002032	0.0	0.0	0.0	0.0
OG0002033	0.0	0.0	0.0	0.0
OG0002034	0.0	0.0	0.0	0.0
OG0002035	0.0	0.0	0.0	0.0
OG0002036	0.0	0.0	0.0	0.0
OG0002038	0.0	0.0	0.0	0.0
OG0002039	0.0	0.0	0.0	0.0
OG0002042	0.0	0.0	0.0	0.0
OG0002045	0.0	0.0	0.0	0.0
OG0002046	0.0	0.0	0.0	0.0
OG0002048	0.0	0.0	0.0	0.0
OG0002052	0.0	0.0	0.0	0.0
OG0002053	0.0	0.0	0.0	0.0
OG0002054	0.0	0.0	0.0	0.0
OG0002055	0.0	0.0	0.0	0.0
OG0002057	0.0	0.0	0.0	0.0
OG0002058	0.0	0.0	0.0	0.0
OG0002060	0.0	0.0	0.0	0.0
OG0002062	0.0	0.0	0.0	0.0
OG0002063	0.0	0.0	0.0	0.0
OG0002064	0.0	0.0	0.0	0.0
OG0002066	0.0	0.0	0.0	0.0
OG0002068	0.0	0.0	0.0	0.0
OG0002069	0.0	0.0	0.0	0.0
OG0002070	0.0	0.0	0.0	0.0
OG0002071	0.0	0.0	0.0	0.0
OG0002072	0.0	0.0	0.0	0.0
OG0002073	0.0	0.0	0.0	0.0
OG0002074	0.0	0.0	0.0	0.0
OG0002075	0.0	0.0	0.0	0.0
OG0002077	0.0	0.0	0.0	0.0
OG0002078	0.0	0.0	0.0	0.0
OG0002080	0.0	0.0	0.0	0.0
OG0002081	0.0	0.0	0.0	0.0
OG0002083	0.0	0.0	0.0	0.0
OG0002086	0.0	0.0	0.0	0.0
OG0002088	0.0	0.0	0.0	0.0
OG0002090	0.0	0.0	0.0	0.0
OG0002091	0.0	0.0	0.0	0.0
OG0002092	0.0	0.0	0.0	0.0
OG0002094	0.0	0.0	0.0	0.0
OG0002095	0.0	0.0	0.0	0.0
OG0002096	0.0	0.0	0.0	0.0
OG0002097	0.0	0.0	0.0	0.0
OG0002098	0.0	0.0	0.0	0.0
OG0002099	0.0	0.0	0.0	0.0
OG0002100	0.0	0.0	0.0	0.0
OG0002101	0.0	0.0	0.0	0.0
OG0002102	0.0	0.0	0.0	0.0
OG0002103	0.0	0.0	0.0	0.0
OG0002104	0.0	0.0	0.0	0.0
OG0002105	0.0	0.0	0.0	0.0
OG0002107	0.0	0.0	0.0	0.0
OG0002108	0.0	0.0	0.0	0.0
OG0002109	0.0	0.0	0.0	0.0
OG0002110	0.0	0.0	0.0	0.0
OG0002111	0.0	0.0	0.0	0.0
OG0002112	0.0	0.0	0.0	0.0
OG0002113	0.0	0.0	0.0	0.0
OG0002115	0.0	0.0	0.0	0.0
OG0002116	0.0	0.0	0.0	0.0
OG0002118	0.0	0.0	0.0	0.0
OG0002119	0.0	0.0	0.0	0.0
OG0002121	0.0	0.0	0.0	0.0
OG0002122	0.0	0.0	0.0	0.0
OG0002124	0.0	0.0	0.0	0.0
OG0002125	0.0	0.0	0.0	0.0
OG0002126	0.0	0.0	0.0	0.0
OG0002128	0.0	0.0	0.0	0.0
OG0002129	0.0	0.0	0.0	0.0
OG0002131	0.0	0.0	0.0	0.0
OG0002132	0.0	0.0	0.0	0.0
OG0002133	0.0	0.0	0.0	0.0
OG0002134	0.0	0.0	0.0	0.0
OG0002135	0.0	0.0	0.0	0.0
OG0002137	0.0	0.0	0.0	0.0
OG0002138	0.0	0.0	0.0	0.0
OG0002139	0.0	0.0	0.0	0.0
OG0002140	0.0	0.0	0.0	0.0
OG0002141	0.0	0.0	0.0	0.0
OG0002142	0.0	0.0	0.0	0.0
OG0002143	0.0	0.0	0.0	0.0
OG0002144	0.0	0.0	0.0	0.0
OG0002145	0.0	0.0	0.0	0.0
OG0002146	0.0	0.0	0.0	0.0
OG0002147	0.0	0.0	0.0	0.0
OG0002149	0.0	0.0	0.0	0.0
OG0002150	0.0	0.0	0.0	0.0
OG0002151	0.0	0.0	0.0	0.0
OG0002152	0.0	0.0	0.0	0.0
OG0002153	0.0	0.0	0.0	0.0
OG0002154	0.0	0.0	0.0	0.0
OG0002155	0.0	0.0	0.0	0.0
OG0002156	0.0	0.0	0.0	0.0
OG0002157	0.0	0.0	0.0	0.0
OG0002158	0.0	0.0	0.0	0.0
OG0002159	0.0	0.0	0.0	0.0
OG0002160	0.0	0.0	0.0	0.0
OG0002161	0.0	0.0	0.0	0.0
OG0002162	0.0	0.0	0.0	0.0
OG0002163	0.0	0.0	0.0	0.0
OG0002166	0.0	0.0	0.0	0.0
OG0002167	0.0	0.0	0.0	0.0
OG0002168	0.0	0.0	0.0	0.0
OG0002169	0.0	0.0	0.0	0.0
OG0002170	0.0	0.0	0.0	0.0
OG0002172	0.0	0.0	0.0	0.0
OG0002174	0.0	0.0	0.0	0.0
OG0002175	0.0	0.0	0.0	0.0
OG0002176	0.0	0.0	0.0	0.0
OG0002177	0.0	0.0	0.0	0.0
OG0002178	0.0	0.0	0.0	0.0
OG0002179	0.0	0.0	0.0	0.0
OG0002181	0.0	0.0	0.0	0.0
OG0002183	0.0	0.0	0.0	0.0
OG0002184	0.0	0.0	0.0	0.0
OG0002185	0.0	0.0	0.0	0.0
OG0002186	0.0	0.0	0.0	0.0
OG0002187	0.0	0.0	0.0	0.0
OG0002188	0.0	0.0	0.0	0.0
OG0002190	0.0	0.0	0.0	0.0
OG0002191	0.0	0.0	0.0	0.0
OG0002193	0.0	0.0	0.0	0.0
OG0002194	0.0	0.0	0.0	0.0
OG0002195	0.0	0.0	0.0	0.0
OG0002196	0.0	0.0	0.0	0.0
OG0002197	0.0	0.0	0.0	0.0
OG0002199	0.0	0.0	0.0	0.0
OG0002200	0.0	0.0	0.0	0.0
OG0002201	0.0	0.0	0.0	0.0
OG0002202	0.0	0.0	0.0	0.0
OG0002203	0.0	0.0	0.0	0.0
OG0002204	0.0	0.0	0.0	0.0
OG0002205	0.0	0.0	0.0	0.0
OG0002206	0.0	0.0	0.0	0.0
OG0002207	0.0	0.0	0.0	0.0
OG0002209	0.0	0.0	0.0	0.0
OG0002211	0.0	0.0	0.0	0.0
OG0002212	0.0	0.0	0.0	0.0
OG0002213	0.0	0.0	0.0	0.0
OG0002215	0.0	0.0	0.0	0.0
OG0002216	0.0	0.0	0.0	0.0
OG0002217	0.0	0.0	0.0	0.0
OG0002218	0.0	0.0	0.0	0.0
OG0002219	0.0	0.0	0.0	0.0
OG0002220	0.0	0.0	0.0	0.0
OG0002221	0.0	0.0	0.0	0.0
OG0002222	0.0	0.0	0.0	0.0
OG0002223	0.0	0.0	0.0	0.0
OG0002224	0.0	0.0	0.0	0.0
OG0002225	0.0	0.0	0.0	0.0
OG0002226	0.0	0.0	0.0	0.0
OG0002227	0.0	0.0	0.0	0.0
OG0002229	0.0	0.0	0.0	0.0
OG0002231	0.0	0.0	0.0	0.0
OG0002232	0.0	0.0	0.0	0.0
OG0002233	0.0	0.0	0.0	0.0
OG0002234	0.0	0.0	0.0	0.0
OG0002235	0.0	0.0	0.0	0.0
OG0002236	0.0	0.0	0.0	0.0
OG0002237	0.0	0.0	0.0	0.0
OG0002239	0.0	0.0	0.0	0.0
OG0002240	0.0	0.0	0.0	0.0
OG0002241	0.0	0.0	0.0	0.0
OG0002242	0.0	0.0	0.0	0.0
OG0002243	0.0	0.0	0.0	0.0
OG0002244	0.0	0.0	0.0	0.0
OG0002245	0.0	0.0	0.0	0.0
OG0002246	0.0	0.0	0.0	0.0
OG0002247	0.0	0.0	0.0	0.0
OG0002248	0.0	0.0	0.0	0.0
OG0002249	0.0	0.0	0.0	0.0
OG0002251	0.0	0.0	0.0	0.0
OG0002252	0.0	0.0	0.0	0.0
OG0002253	0.0	0.0	0.0	0.0
OG0002255	0.0	0.0	0.0	0.0
OG0002256	0.0	0.0	0.0	0.0
OG0002257	0.0	0.0	0.0	0.0
OG0002258	0.0	0.0	0.0	0.0
OG0002259	0.0	0.0	0.0	0.0
OG0002260	0.0	0.0	0.0	0.0
OG0002261	0.0	0.0	0.0	0.0
OG0002262	0.0	0.0	0.0	0.0
OG0002264	0.0	0.0	0.0	0.0
OG0002265	0.0	0.0	0.0	0.0
OG0002266	0.0	0.0	0.0	0.0
OG0002267	0.0	0.0	0.0	0.0
OG0002268	0.0	0.0	0.0	0.0
OG0002269	0.0	0.0	0.0	0.0
OG0002270	0.0	0.0	0.0	0.0
OG0002272	0.0	0.0	0.0	0.0
OG0002273	0.0	0.0	0.0	0.0
OG0002275	0.0	0.0	0.0	0.0
OG0002277	0.0	0.0	0.0	0.0
OG0002278	0.0	0.0	0.0	0.0
OG0002279	0.0	0.0	0.0	0.0
OG0002281	0.0	0.0	0.0	0.0
OG0002282	0.0	0.0	0.0	0.0
OG0002283	0.0	0.0	0.0	0.0
OG0002284	0.0	0.0	0.0	0.0
OG0002285	0.0	0.0	0.0	0.0
OG0002286	0.0	0.0	0.0	0.0
OG0002287	0.0	0.0	0.0	0.0
OG0002289	0.0	0.0	0.0	0.0
OG0002292	0.0	0.0	0.0	0.0
OG0002293	0.0	0.0	0.0	0.0
OG0002294	0.0	0.0	0.0	0.0
OG0002295	0.0	0.0	0.0	0.0
OG0002296	0.0	0.0	0.0	0.0
OG0002297	0.0	0.0	0.0	0.0
OG0002298	0.0	0.0	0.0	0.0
OG0002299	0.0	0.0	0.0	0.0
OG0002300	0.0	0.0	0.0	0.0
OG0002301	0.0	0.0	0.0	0.0
OG0002302	0.0	0.0	0.0	0.0
OG0002303	0.0	0.0	0.0	0.0
OG0002304	0.0	0.0	0.0	0.0
OG0002305	0.0	0.0	0.0	0.0
OG0002306	0.0	0.0	0.0	0.0
OG0002307	0.0	0.0	0.0	0.0
OG0002308	0.0	0.0	0.0	0.0
OG0002309	0.0	0.0	0.0	0.0
OG0002310	0.0	0.0	0.0	0.0
OG0002311	0.0	0.0	0.0	0.0
OG0002312	0.0	0.0	0.0	0.0
OG0002313	0.0	0.0	0.0	0.0
OG0002314	0.0	0.0	0.0	0.0
OG0002315	0.0	0.0	0.0	0.0
OG0002316	0.0	0.0	0.0	0.0
OG0002318	0.0	0.0	0.0	0.0
OG0002319	0.0	0.0	0.0	0.0
OG0002320	0.0	0.0	0.0	0.0
OG0002322	0.0	0.0	0.0	0.0
OG0002323	0.0	0.0	0.0	0.0
OG0002324	0.0	0.0	0.0	0.0
OG0002325	0.0	0.0	0.0	0.0
OG0002326	0.0	0.0	0.0	0.0
OG0002327	0.0	0.0	0.0	0.0
OG0002328	0.0	0.0	0.0	0.0
OG0002329	0.0	0.0	0.0	0.0
OG0002330	0.0	0.0	0.0	0.0
OG0002331	0.0	0.0	0.0	0.0
OG0002332	0.0	0.0	0.0	0.0
OG0002333	0.0	0.0	0.0	0.0
OG0002334	0.0	0.0	0.0	0.0
OG0002335	0.0	0.0	0.0	0.0
OG0002336	0.0	0.0	0.0	0.0
OG0002337	0.0	0.0	0.0	0.0
OG0002338	0.0	0.0	0.0	0.0
OG0002339	0.0	0.0	0.0	0.0
OG0002340	0.0	0.0	0.0	0.0
OG0002341	0.0	0.0	0.0	0.0
OG0002342	0.0	0.0	0.0	0.0
OG0002343	0.0	0.0	0.0	0.0
OG0002344	0.0	0.0	0.0	0.0
OG0002345	0.0	0.0	0.0	0.0
OG0002346	0.0	0.0	0.0	0.0
OG0002347	0.0	0.0	0.0	0.0
OG0002349	0.0	0.0	0.0	0.0
OG0002350	0.0	0.0	0.0	0.0
OG0002351	0.0	0.0	0.0	0.0
OG0002352	0.0	0.0	0.0	0.0
OG0002353	0.0	0.0	0.0	0.0
OG0002354	0.0	0.0	0.0	0.0
OG0002355	0.0	0.0	0.0	0.0
OG0002356	0.0	0.0	0.0	0.0
OG0002357	0.0	0.0	0.0	0.0
OG0002358	0.0	0.0	0.0	0.0
OG0002359	0.0	0.0	0.0	0.0
OG0002360	0.0	0.0	0.0	0.0
OG0002361	0.0	0.0	0.0	0.0
OG0002363	0.0	0.0	0.0	0.0
OG0002364	0.0	0.0	0.0	0.0
OG0002365	0.0	0.0	0.0	0.0
OG0002366	0.0	0.0	0.0	0.0
OG0002367	0.0	0.0	0.0	0.0
OG0002368	0.0	0.0	0.0	0.0
OG0002369	0.0	0.0	0.0	0.0
OG0002370	0.0	0.0	0.0	0.0
OG0002371	0.0	0.0	0.0	0.0
OG0002372	0.0	0.0	0.0	0.0
OG0002373	0.0	0.0	0.0	0.0
OG0002374	0.0	0.0	0.0	0.0
OG0002376	0.0	0.0	0.0	0.0
OG0002377	0.0	0.0	0.0	0.0
OG0002378	0.0	0.0	0.0	0.0
OG0002379	0.0	0.0	0.0	0.0
OG0002380	0.0	0.0	0.0	0.0
OG0002381	0.0	0.0	0.0	0.0
OG0002382	0.0	0.0	0.0	0.0
OG0002383	0.0	0.0	0.0	0.0
OG0002384	0.0	0.0	0.0	0.0
OG0002385	0.0	0.0	0.0	0.0
OG0002386	0.0	0.0	0.0	0.0
OG0002387	0.0	0.0	0.0	0.0
OG0002388	0.0	0.0	0.0	0.0
OG0002390	0.0	0.0	0.0	0.0
OG0002391	0.0	0.0	0.0	0.0
OG0002392	0.0	0.0	0.0	0.0
OG0002393	0.0	0.0	0.0	0.0
OG0002398	0.0	0.0	0.0	0.0
OG0002403	0.0	0.0	0.0	0.0
OG0002405	0.0	0.0	0.0	0.0
OG0002406	0.0	0.0	0.0	0.0
OG0002407	0.0	0.0	0.0	0.0
OG0002408	0.0	0.0	0.0	0.0
OG0002410	0.0	0.0	0.0	0.0
OG0002416	0.0	0.0	0.0	0.0
OG0002421	0.0	0.0	0.0	0.0
OG0002425	0.0	0.0	0.0	0.0
OG0002426	0.0	0.0	0.0	0.0
OG0002427	0.0	0.0	0.0	0.0
OG0002428	0.0	0.0	0.0	0.0
OG0002431	0.0	0.0	0.0	0.0
OG0002432	0.0	0.0	0.0	0.0
OG0002433	0.0	0.0	0.0	0.0
OG0002436	0.0	0.0	0.0	0.0
OG0002437	0.0	0.0	0.0	0.0
OG0002440	0.0	0.0	0.0	0.0
OG0002441	0.0	0.0	0.0	0.0
OG0002442	0.0	0.0	0.0	0.0
OG0002443	0.0	0.0	0.0	0.0
OG0002445	0.0	0.0	0.0	0.0
OG0002446	0.0	0.0	0.0	0.0
OG0002448	0.0	0.0	0.0	0.0
OG0002449	0.0	0.0	0.0	0.0
OG0002452	0.0	0.0	0.0	0.0
OG0002453	0.0	0.0	0.0	0.0
OG0002454	0.0	0.0	0.0	0.0
OG0002456	0.0	0.0	0.0	0.0
OG0002459	0.0	0.0	0.0	0.0
OG0002460	0.0	0.0	0.0	0.0
OG0002461	0.0	0.0	0.0	0.0
OG0002464	0.0	0.0	0.0	0.0
OG0002466	0.0	0.0	0.0	0.0
OG0002468	0.0	0.0	0.0	0.0
OG0002470	0.0	0.0	0.0	0.0
OG0002471	0.0	0.0	0.0	0.0
OG0002472	0.0	0.0	0.0	0.0
OG0002475	0.0	0.0	0.0	0.0
OG0002476	0.0	0.0	0.0	0.0
OG0002478	0.0	0.0	0.0	0.0
OG0002479	0.0	0.0	0.0	0.0
OG0002480	0.0	0.0	0.0	0.0
OG0002481	0.0	0.0	0.0	0.0
OG0002485	0.0	0.0	0.0	0.0
OG0002487	0.0	0.0	0.0	0.0
OG0002488	0.0	0.0	0.0	0.0
OG0002489	0.0	0.0	0.0	0.0
OG0002491	0.0	0.0	0.0	0.0
OG0002493	0.0	0.0	0.0	0.0
OG0002496	0.0	0.0	0.0	0.0
OG0002497	0.0	0.0	0.0	0.0
OG0002499	0.0	0.0	0.0	0.0
OG0002500	0.0	0.0	0.0	0.0
OG0002502	0.0	0.0	0.0	0.0
OG0002504	0.0	0.0	0.0	0.0
OG0002507	0.0	0.0	0.0	0.0
OG0002508	0.0	0.0	0.0	0.0
OG0002509	0.0	0.0	0.0	0.0
OG0002510	0.0	0.0	0.0	0.0
OG0002511	0.0	0.0	0.0	0.0
OG0002512	0.0	0.0	0.0	0.0
OG0002514	0.0	0.0	0.0	0.0
OG0002516	0.0	0.0	0.0	0.0
OG0002517	0.0	0.0	0.0	0.0
OG0002519	0.0	0.0	0.0	0.0
OG0002520	0.0	0.0	0.0	0.0
OG0002521	0.0	0.0	0.0	0.0
OG0002522	0.0	0.0	0.0	0.0
OG0002523	0.0	0.0	0.0	0.0
OG0002526	0.0	0.0	0.0	0.0
OG0002528	0.0	0.0	0.0	0.0
OG0002529	0.0	0.0	0.0	0.0
OG0002531	0.0	0.0	0.0	0.0
OG0002532	0.0	0.0	0.0	0.0
OG0002535	0.0	0.0	0.0	0.0
OG0002536	0.0	0.0	0.0	0.0
OG0002537	0.0	0.0	0.0	0.0
OG0002538	0.0	0.0	0.0	0.0
OG0002539	0.0	0.0	0.0	0.0
OG0002541	0.0	0.0	0.0	0.0
OG0002542	0.0	0.0	0.0	0.0
OG0002545	0.0	0.0	0.0	0.0
OG0002546	0.0	0.0	0.0	0.0
OG0002547	0.0	0.0	0.0	0.0
OG0002550	0.0	0.0	0.0	0.0
OG0002551	0.0	0.0	0.0	0.0
OG0002553	0.0	0.0	0.0	0.0
OG0002554	0.0	0.0	0.0	0.0
OG0002555	0.0	0.0	0.0	0.0
OG0002556	0.0	0.0	0.0	0.0
OG0002559	0.0	0.0	0.0	0.0
OG0002562	0.0	0.0	0.0	0.0
OG0002563	0.0	0.0	0.0	0.0
OG0002564	0.0	0.0	0.0	0.0
OG0002565	0.0	0.0	0.0	0.0
OG0002566	0.0	0.0	0.0	0.0
OG0002571	0.0	0.0	0.0	0.0
OG0002573	0.0	0.0	0.0	0.0
OG0002575	0.0	0.0	0.0	0.0
OG0002576	0.0	0.0	0.0	0.0
OG0002577	0.0	0.0	0.0	0.0
OG0002582	0.0	0.0	0.0	0.0
OG0002584	0.0	0.0	0.0	0.0
OG0002587	0.0	0.0	0.0	0.0
OG0002590	0.0	0.0	0.0	0.0
OG0002591	0.0	0.0	0.0	0.0
OG0002593	0.0	0.0	0.0	0.0
OG0002594	0.0	0.0	0.0	0.0
OG0002596	0.0	0.0	0.0	0.0
OG0002598	0.0	0.0	0.0	0.0
OG0002602	0.0	0.0	0.0	0.0
OG0002603	0.0	0.0	0.0	0.0
OG0002604	0.0	0.0	0.0	0.0
OG0002606	0.0	0.0	0.0	0.0
OG0002608	0.0	0.0	0.0	0.0
OG0002609	0.0	0.0	0.0	0.0
OG0002614	0.0	0.0	0.0	0.0
OG0002615	0.0	0.0	0.0	0.0
OG0002617	0.0	0.0	0.0	0.0
OG0002620	0.0	0.0	0.0	0.0
OG0002621	0.0	0.0	0.0	0.0
OG0002623	0.0	0.0	0.0	0.0
OG0002624	0.0	0.0	0.0	0.0
OG0002626	0.0	0.0	0.0	0.0
OG0002628	0.0	0.0	0.0	0.0
OG0002631	0.0	0.0	0.0	0.0
OG0002633	0.0	0.0	0.0	0.0
OG0002634	0.0	0.0	0.0	0.0
OG0002637	0.0	0.0	0.0	0.0
OG0002639	0.0	0.0	0.0	0.0
OG0002640	0.0	0.0	0.0	0.0
OG0002642	0.0	0.0	0.0	0.0
OG0002645	0.0	0.0	0.0	0.0
OG0002647	0.0	0.0	0.0	0.0
OG0002652	0.0	0.0	0.0	0.0
OG0002654	0.0	0.0	0.0	0.0
OG0002658	0.0	0.0	0.0	0.0
OG0002659	0.0	0.0	0.0	0.0
OG0002660	0.0	0.0	0.0	0.0
OG0002662	0.0	0.0	0.0	0.0
OG0002663	0.0	0.0	0.0	0.0
OG0002666	0.0	0.0	0.0	0.0
OG0002667	0.0	0.0	0.0	0.0
OG0002671	0.0	0.0	0.0	0.0
OG0002672	0.0	0.0	0.0	0.0
OG0002673	0.0	0.0	0.0	0.0
OG0002674	0.0	0.0	0.0	0.0
OG0002677	0.0	0.0	0.0	0.0
OG0002680	0.0	0.0	0.0	0.0
OG0002681	0.0	0.0	0.0	0.0
OG0002682	0.0	0.0	0.0	0.0
OG0002684	0.0	0.0	0.0	0.0
OG0002686	0.0	0.0	0.0	0.0
OG0002687	0.0	0.0	0.0	0.0
OG0002689	0.0	0.0	0.0	0.0
OG0002690	0.0	0.0	0.0	0.0
OG0002691	0.0	0.0	0.0	0.0
OG0002693	0.0	0.0	0.0	0.0
OG0002694	0.0	0.0	0.0	0.0
OG0002695	0.0	0.0	0.0	0.0
OG0002696	0.0	0.0	0.0	0.0
OG0002697	0.0	0.0	0.0	0.0
OG0002699	0.0	0.0	0.0	0.0
OG0002702	0.0	0.0	0.0	0.0
OG0002703	0.0	0.0	0.0	0.0
OG0002704	0.0	0.0	0.0	0.0
OG0002705	0.0	0.0	0.0	0.0
OG0002706	0.0	0.0	0.0	0.0
OG0002707	0.0	0.0	0.0	0.0
OG0002710	0.0	0.0	0.0	0.0
OG0002711	0.0	0.0	0.0	0.0
OG0002712	0.0	0.0	0.0	0.0
OG0002713	0.0	0.0	0.0	0.0
OG0002714	0.0	0.0	0.0	0.0
OG0002716	0.0	0.0	0.0	0.0
OG0002718	0.0	0.0	0.0	0.0
OG0002719	0.0	0.0	0.0	0.0
OG0002721	0.0	0.0	0.0	0.0
OG0002722	0.0	0.0	0.0	0.0
OG0002723	0.0	0.0	0.0	0.0
OG0002728	0.0	0.0	0.0	0.0
OG0002729	0.0	0.0	0.0	0.0
OG0002730	0.0	0.0	0.0	0.0
OG0002731	0.0	0.0	0.0	0.0
OG0002732	0.0	0.0	0.0	0.0
OG0002733	0.0	0.0	0.0	0.0
OG0002734	0.0	0.0	0.0	0.0
OG0002736	0.0	0.0	0.0	0.0
OG0002738	0.0	0.0	0.0	0.0
OG0002739	0.0	0.0	0.0	0.0
OG0002743	0.0	0.0	0.0	0.0
OG0002745	0.0	0.0	0.0	0.0
OG0002746	0.0	0.0	0.0	0.0
OG0002748	0.0	0.0	0.0	0.0
OG0002749	0.0	0.0	0.0	0.0
OG0002751	0.0	0.0	0.0	0.0
OG0002752	0.0	0.0	0.0	0.0
OG0002753	0.0	0.0	0.0	0.0
OG0002762	0.0	0.0	0.0	0.0
OG0002763	0.0	0.0	0.0	0.0
OG0002764	0.0	0.0	0.0	0.0
OG0002769	0.0	0.0	0.0	0.0
OG0002770	0.0	0.0	0.0	0.0
OG0002772	0.0	0.0	0.0	0.0
OG0002773	0.0	0.0	0.0	0.0
OG0002774	0.0	0.0	0.0	0.0
OG0002775	0.0	0.0	0.0	0.0
OG0002776	0.0	0.0	0.0	0.0
OG0002778	0.0	0.0	0.0	0.0
OG0002781	0.0	0.0	0.0	0.0
OG0002788	0.0	0.0	0.0	0.0
OG0002789	0.0	0.0	0.0	0.0
OG0002791	0.0	0.0	0.0	0.0
OG0002792	0.0	0.0	0.0	0.0
OG0002793	0.0	0.0	0.0	0.0
OG0002794	0.0	0.0	0.0	0.0
OG0002795	0.0	0.0	0.0	0.0
OG0002797	0.0	0.0	0.0	0.0
OG0002798	0.0	0.0	0.0	0.0
OG0002800	0.0	0.0	0.0	0.0
OG0002801	0.0	0.0	0.0	0.0
OG0002803	0.0	0.0	0.0	0.0
OG0002804	0.0	0.0	0.0	0.0
OG0002805	0.0	0.0	0.0	0.0
OG0002806	0.0	0.0	0.0	0.0
OG0002807	0.0	0.0	0.0	0.0
OG0002809	0.0	0.0	0.0	0.0
OG0002810	0.0	0.0	0.0	0.0
OG0002811	0.0	0.0	0.0	0.0
OG0002812	0.0	0.0	0.0	0.0
OG0002814	0.0	0.0	0.0	0.0
OG0002817	0.0	0.0	0.0	0.0
OG0002818	0.0	0.0	0.0	0.0
OG0002820	0.0	0.0	0.0	0.0
OG0002821	0.0	0.0	0.0	0.0
OG0002822	0.0	0.0	0.0	0.0
OG0002823	0.0	0.0	0.0	0.0
OG0002825	0.0	0.0	0.0	0.0
OG0002826	0.0	0.0	0.0	0.0
OG0002829	0.0	0.0	0.0	0.0
OG0002830	0.0	0.0	0.0	0.0
OG0002831	0.0	0.0	0.0	0.0
OG0002832	0.0	0.0	0.0	0.0
OG0002833	0.0	0.0	0.0	0.0
OG0002834	0.0	0.0	0.0	0.0
OG0002835	0.0	0.0	0.0	0.0
OG0002836	0.0	0.0	0.0	0.0
OG0002837	0.0	0.0	0.0	0.0
OG0002839	0.0	0.0	0.0	0.0
OG0002840	0.0	0.0	0.0	0.0
OG0002841	0.0	0.0	0.0	0.0
OG0002842	0.0	0.0	0.0	0.0
OG0002843	0.0	0.0	0.0	0.0
OG0002844	0.0	0.0	0.0	0.0
OG0002845	0.0	0.0	0.0	0.0
OG0002846	0.0	0.0	0.0	0.0
OG0002847	0.0	0.0	0.0	0.0
OG0002849	0.0	0.0	0.0	0.0
OG0002850	0.0	0.0	0.0	0.0
OG0002851	0.0	0.0	0.0	0.0
OG0002852	0.0	0.0	0.0	0.0
OG0002854	0.0	0.0	0.0	0.0
OG0002856	0.0	0.0	0.0	0.0
OG0002857	0.0	0.0	0.0	0.0
OG0002858	0.0	0.0	0.0	0.0
OG0002859	0.0	0.0	0.0	0.0
OG0002860	0.0	0.0	0.0	0.0
OG0002861	0.0	0.0	0.0	0.0
OG0002862	0.0	0.0	0.0	0.0
OG0002863	0.0	0.0	0.0	0.0
OG0002864	0.0	0.0	0.0	0.0
OG0002867	0.0	0.0	0.0	0.0
OG0002868	0.0	0.0	0.0	0.0
OG0002869	0.0	0.0	0.0	0.0
OG0002870	0.0	0.0	0.0	0.0
OG0002871	0.0	0.0	0.0	0.0
OG0002872	0.0	0.0	0.0	0.0
OG0002873	0.0	0.0	0.0	0.0
OG0002874	0.0	0.0	0.0	0.0
OG0002875	0.0	0.0	0.0	0.0
OG0002876	0.0	0.0	0.0	0.0
OG0002877	0.0	0.0	0.0	0.0
OG0002878	0.0	0.0	0.0	0.0
OG0002879	0.0	0.0	0.0	0.0
OG0002880	0.0	0.0	0.0	0.0
OG0002884	0.0	0.0	0.0	0.0
OG0002885	0.0	0.0	0.0	0.0
OG0002886	0.0	0.0	0.0	0.0
OG0002887	0.0	0.0	0.0	0.0
OG0002889	0.0	0.0	0.0	0.0
OG0002891	0.0	0.0	0.0	0.0
OG0002893	0.0	0.0	0.0	0.0
OG0002894	0.0	0.0	0.0	0.0
OG0002895	0.0	0.0	0.0	0.0
OG0002896	0.0	0.0	0.0	0.0
OG0002899	0.0	0.0	0.0	0.0
OG0002901	0.0	0.0	0.0	0.0
OG0002902	0.0	0.0	0.0	0.0
OG0002904	0.0	0.0	0.0	0.0
OG0002906	0.0	0.0	0.0	0.0
OG0002907	0.0	0.0	0.0	0.0
OG0002908	0.0	0.0	0.0	0.0
OG0002909	0.0	0.0	0.0	0.0
OG0002910	0.0	0.0	0.0	0.0
OG0002913	0.0	0.0	0.0	0.0
OG0002914	0.0	0.0	0.0	0.0
OG0002915	0.0	0.0	0.0	0.0
OG0002916	0.0	0.0	0.0	0.0
OG0002917	0.0	0.0	0.0	0.0
OG0002919	0.0	0.0	0.0	0.0
OG0002920	0.0	0.0	0.0	0.0
OG0002921	0.0	0.0	0.0	0.0
OG0002922	0.0	0.0	0.0	0.0
OG0002923	0.0	0.0	0.0	0.0
OG0002924	0.0	0.0	0.0	0.0
OG0002925	0.0	0.0	0.0	0.0
OG0002926	0.0	0.0	0.0	0.0
OG0002927	0.0	0.0	0.0	0.0
OG0002928	0.0	0.0	0.0	0.0
OG0002929	0.0	0.0	0.0	0.0
OG0002930	0.0	0.0	0.0	0.0
OG0002931	0.0	0.0	0.0	0.0
OG0002932	0.0	0.0	0.0	0.0
OG0002933	0.0	0.0	0.0	0.0
OG0002934	0.0	0.0	0.0	0.0
OG0002935	0.0	0.0	0.0	0.0
OG0002936	0.0	0.0	0.0	0.0
OG0002937	0.0	0.0	0.0	0.0
OG0002938	0.0	0.0	0.0	0.0
OG0002939	0.0	0.0	0.0	0.0
OG0002940	0.0	0.0	0.0	0.0
OG0002942	0.0	0.0	0.0	0.0
OG0002943	0.0	0.0	0.0	0.0
OG0002944	0.0	0.0	0.0	0.0
OG0002946	0.0	0.0	0.0	0.0
OG0002951	0.0	0.0	0.0	0.0
OG0002953	0.0	0.0	0.0	0.0
OG0002954	0.0	0.0	0.0	0.0
OG0002955	0.0	0.0	0.0	0.0
OG0002956	0.0	0.0	0.0	0.0
OG0002957	0.0	0.0	0.0	0.0
OG0002959	0.0	0.0	0.0	0.0
OG0002960	0.0	0.0	0.0	0.0
OG0002961	0.0	0.0	0.0	0.0
OG0002962	0.0	0.0	0.0	0.0
OG0002963	0.0	0.0	0.0	0.0
OG0002964	0.0	0.0	0.0	0.0
OG0002965	0.0	0.0	0.0	0.0
OG0002966	0.0	0.0	0.0	0.0
OG0002967	0.0	0.0	0.0	0.0
OG0002969	0.0	0.0	0.0	0.0
OG0002971	0.0	0.0	0.0	0.0
OG0002972	0.0	0.0	0.0	0.0
OG0002975	0.0	0.0	0.0	0.0
OG0002976	0.0	0.0	0.0	0.0
OG0002977	0.0	0.0	0.0	0.0
OG0002978	0.0	0.0	0.0	0.0
OG0002979	0.0	0.0	0.0	0.0
OG0002980	0.0	0.0	0.0	0.0
OG0002983	0.0	0.0	0.0	0.0
OG0002993	0.0	0.0	0.0	0.0
OG0002995	0.0	0.0	0.0	0.0
OG0002997	0.0	0.0	0.0	0.0
OG0003001	0.0	0.0	0.0	0.0
OG0003004	0.0	0.0	0.0	0.0
OG0003006	0.0	0.0	0.0	0.0
OG0003007	0.0	0.0	0.0	0.0
OG0003009	0.0	0.0	0.0	0.0
OG0003011	0.0	0.0	0.0	0.0
OG0003015	0.0	0.0	0.0	0.0
OG0003016	0.0	0.0	0.0	0.0
OG0003017	0.0	0.0	0.0	0.0
OG0003018	0.0	0.0	0.0	0.0
OG0003019	0.0	0.0	0.0	0.0
OG0003023	0.0	0.0	0.0	0.0
OG0003025	0.0	0.0	0.0	0.0
OG0003027	0.0	0.0	0.0	0.0
OG0003030	0.0	0.0	0.0	0.0
OG0003032	0.0	0.0	0.0	0.0
OG0003034	0.0	0.0	0.0	0.0
OG0003035	0.0	0.0	0.0	0.0
OG0003037	0.0	0.0	0.0	0.0
OG0003038	0.0	0.0	0.0	0.0
OG0003039	0.0	0.0	0.0	0.0
OG0003041	0.0	0.0	0.0	0.0
OG0003043	0.0	0.0	0.0	0.0
OG0003044	0.0	0.0	0.0	0.0
OG0003047	0.0	0.0	0.0	0.0
OG0003048	0.0	0.0	0.0	0.0
OG0003049	0.0	0.0	0.0	0.0
OG0003050	0.0	0.0	0.0	0.0
OG0003053	0.0	0.0	0.0	0.0
OG0003054	0.0	0.0	0.0	0.0
OG0003055	0.0	0.0	0.0	0.0
OG0003057	0.0	0.0	0.0	0.0
OG0003058	0.0	0.0	0.0	0.0
OG0003060	0.0	0.0	0.0	0.0
OG0003061	0.0	0.0	0.0	0.0
OG0003063	0.0	0.0	0.0	0.0
OG0003066	0.0	0.0	0.0	0.0
OG0003070	0.0	0.0	0.0	0.0
OG0003071	0.0	0.0	0.0	0.0
OG0003072	0.0	0.0	0.0	0.0
OG0003075	0.0	0.0	0.0	0.0
OG0003076	0.0	0.0	0.0	0.0
OG0003080	0.0	0.0	0.0	0.0
OG0003081	0.0	0.0	0.0	0.0
OG0003082	0.0	0.0	0.0	0.0
OG0003085	0.0	0.0	0.0	0.0
OG0003087	0.0	0.0	0.0	0.0
OG0003088	0.0	0.0	0.0	0.0
OG0003089	0.0	0.0	0.0	0.0
OG0003092	0.0	0.0	0.0	0.0
OG0003094	0.0	0.0	0.0	0.0
OG0003095	0.0	0.0	0.0	0.0
OG0003096	0.0	0.0	0.0	0.0
OG0003100	0.0	0.0	0.0	0.0
OG0003101	0.0	0.0	0.0	0.0
OG0003102	0.0	0.0	0.0	0.0
OG0003103	0.0	0.0	0.0	0.0
OG0003104	0.0	0.0	0.0	0.0
OG0003107	0.0	0.0	0.0	0.0
OG0003108	0.0	0.0	0.0	0.0
OG0003109	0.0	0.0	0.0	0.0
OG0003110	0.0	0.0	0.0	0.0
OG0003113	0.0	0.0	0.0	0.0
OG0003114	0.0	0.0	0.0	0.0
OG0003116	0.0	0.0	0.0	0.0
OG0003121	0.0	0.0	0.0	0.0
OG0003124	0.0	0.0	0.0	0.0
OG0003127	0.0	0.0	0.0	0.0
OG0003128	0.0	0.0	0.0	0.0
OG0003129	0.0	0.0	0.0	0.0
OG0003132	0.0	0.0	0.0	0.0
OG0003133	0.0	0.0	0.0	0.0
OG0003137	0.0	0.0	0.0	0.0
OG0003145	0.0	0.0	0.0	0.0
OG0003151	0.0	0.0	0.0	0.0
OG0003152	0.0	0.0	0.0	0.0
OG0003155	0.0	0.0	0.0	0.0
OG0003156	0.0	0.0	0.0	0.0
OG0003157	0.0	0.0	0.0	0.0
OG0003158	0.0	0.0	0.0	0.0
OG0003161	0.0	0.0	0.0	0.0
OG0003169	0.0	0.0	0.0	0.0
OG0003171	0.0	0.0	0.0	0.0
OG0003174	0.0	0.0	0.0	0.0
OG0003175	0.0	0.0	0.0	0.0
OG0003176	0.0	0.0	0.0	0.0
OG0003177	0.0	0.0	0.0	0.0
OG0003179	0.0	0.0	0.0	0.0
OG0003184	0.0	0.0	0.0	0.0
OG0003190	0.0	0.0	0.0	0.0
OG0003193	0.0	0.0	0.0	0.0
OG0003195	0.0	0.0	0.0	0.0
OG0003196	0.0	0.0	0.0	0.0
OG0003199	0.0	0.0	0.0	0.0
OG0003204	0.0	0.0	0.0	0.0
OG0003205	0.0	0.0	0.0	0.0
OG0003207	0.0	0.0	0.0	0.0
OG0003209	0.0	0.0	0.0	0.0
OG0003210	0.0	0.0	0.0	0.0
OG0003211	0.0	0.0	0.0	0.0
OG0003214	0.0	0.0	0.0	0.0
OG0003216	0.0	0.0	0.0	0.0
OG0003220	0.0	0.0	0.0	0.0
OG0003223	0.0	0.0	0.0	0.0
OG0003226	0.0	0.0	0.0	0.0
OG0003228	0.0	0.0	0.0	0.0
OG0003229	0.0	0.0	0.0	0.0
OG0003234	0.0	0.0	0.0	0.0
OG0003236	0.0	0.0	0.0	0.0
OG0003237	0.0	0.0	0.0	0.0
OG0003239	0.0	0.0	0.0	0.0
OG0003241	0.0	0.0	0.0	0.0
OG0003243	0.0	0.0	0.0	0.0
OG0003245	0.0	0.0	0.0	0.0
OG0003247	0.0	0.0	0.0	0.0
OG0003250	0.0	0.0	0.0	0.0
OG0003253	0.0	0.0	0.0	0.0
OG0003255	0.0	0.0	0.0	0.0
OG0003256	0.0	0.0	0.0	0.0
OG0003257	0.0	0.0	0.0	0.0
OG0003258	0.0	0.0	0.0	0.0
OG0003259	0.0	0.0	0.0	0.0
OG0003263	0.0	0.0	0.0	0.0
OG0003269	0.0	0.0	0.0	0.0
OG0003278	0.0	0.0	0.0	0.0
OG0003282	0.0	0.0	0.0	0.0
OG0003283	0.0	0.0	0.0	0.0
OG0003285	0.0	0.0	0.0	0.0
OG0003286	0.0	0.0	0.0	0.0
OG0003288	0.0	0.0	0.0	0.0
OG0003289	0.0	0.0	0.0	0.0
OG0003294	0.0	0.0	0.0	0.0
OG0003296	0.0	0.0	0.0	0.0
OG0003300	0.0	0.0	0.0	0.0
OG0003303	0.0	0.0	0.0	0.0
OG0003306	0.0	0.0	0.0	0.0
OG0003307	0.0	0.0	0.0	0.0
OG0003309	0.0	0.0	0.0	0.0
OG0003311	0.0	0.0	0.0	0.0
OG0003313	0.0	0.0	0.0	0.0
OG0003314	0.0	0.0	0.0	0.0
OG0003316	0.0	0.0	0.0	0.0
OG0003317	0.0	0.0	0.0	0.0
OG0003318	0.0	0.0	0.0	0.0
OG0003322	0.0	0.0	0.0	0.0
OG0003324	0.0	0.0	0.0	0.0
OG0003325	0.0	0.0	0.0	0.0
OG0003330	0.0	0.0	0.0	0.0
OG0003334	0.0	0.0	0.0	0.0
OG0003337	0.0	0.0	0.0	0.0
OG0003340	0.0	0.0	0.0	0.0
OG0003341	0.0	0.0	0.0	0.0
OG0003342	0.0	0.0	0.0	0.0
OG0003343	0.0	0.0	0.0	0.0
OG0003345	0.0	0.0	0.0	0.0
OG0003347	0.0	0.0	0.0	0.0
OG0003348	0.0	0.0	0.0	0.0
OG0003349	0.0	0.0	0.0	0.0
OG0003354	0.0	0.0	0.0	0.0
OG0003356	0.0	0.0	0.0	0.0
OG0003361	0.0	0.0	0.0	0.0
OG0003362	0.0	0.0	0.0	0.0
OG0003367	0.0	0.0	0.0	0.0
OG0003371	0.0	0.0	0.0	0.0
OG0003372	0.0	0.0	0.0	0.0
OG0003377	0.0	0.0	0.0	0.0
OG0003379	0.0	0.0	0.0	0.0
OG0003381	0.0	0.0	0.0	0.0
OG0003395	0.0	0.0	0.0	0.0
OG0003402	0.0	0.0	0.0	0.0
OG0003409	0.0	0.0	0.0	0.0
OG0003413	0.0	0.0	0.0	0.0
OG0003421	0.0	0.0	0.0	0.0
OG0003429	0.0	0.0	0.0	0.0
OG0003430	0.0	0.0	0.0	0.0
OG0003436	0.0	0.0	0.0	0.0
OG0003438	0.0	0.0	0.0	0.0
OG0003440	0.0	0.0	0.0	0.0
OG0003441	0.0	0.0	0.0	0.0
OG0003443	0.0	0.0	0.0	0.0
OG0003444	0.0	0.0	0.0	0.0
OG0003449	0.0	0.0	0.0	0.0
OG0003451	0.0	0.0	0.0	0.0
OG0003452	0.0	0.0	0.0	0.0
OG0003453	0.0	0.0	0.0	0.0
OG0003457	0.0	0.0	0.0	0.0
OG0003465	0.0	0.0	0.0	0.0
OG0003480	0.0	0.0	0.0	0.0
OG0003481	0.0	0.0	0.0	0.0
OG0003491	0.0	0.0	0.0	0.0
OG0003496	0.0	0.0	0.0	0.0
OG0003497	0.0	0.0	0.0	0.0
OG0003499	0.0	0.0	0.0	0.0
OG0003502	0.0	0.0	0.0	0.0
OG0003504	0.0	0.0	0.0	0.0
OG0003507	0.0	0.0	0.0	0.0
OG0003512	0.0	0.0	0.0	0.0
OG0003528	0.0	0.0	0.0	0.0
OG0003529	0.0	0.0	0.0	0.0
OG0003530	0.0	0.0	0.0	0.0
OG0003535	0.0	0.0	0.0	0.0
OG0003536	0.0	0.0	0.0	0.0
OG0003537	0.0	0.0	0.0	0.0
OG0003539	0.0	0.0	0.0	0.0
OG0003540	0.0	0.0	0.0	0.0
OG0003541	0.0	0.0	0.0	0.0
OG0003542	0.0	0.0	0.0	0.0
OG0003544	0.0	0.0	0.0	0.0
OG0003545	0.0	0.0	0.0	0.0
OG0003547	0.0	0.0	0.0	0.0
OG0003549	0.0	0.0	0.0	0.0
OG0003555	0.0	0.0	0.0	0.0
OG0003556	0.0	0.0	0.0	0.0
OG0003558	0.0	0.0	0.0	0.0
OG0003559	0.0	0.0	0.0	0.0
OG0003564	0.0	0.0	0.0	0.0
OG0003589	0.0	0.0	0.0	0.0
OG0003591	0.0	0.0	0.0	0.0
OG0003594	0.0	0.0	0.0	0.0
OG0003595	0.0	0.0	0.0	0.0
OG0003605	0.0	0.0	0.0	0.0
OG0003609	0.0	0.0	0.0	0.0
OG0003619	0.0	0.0	0.0	0.0
OG0003622	0.0	0.0	0.0	0.0
OG0003627	0.0	0.0	0.0	0.0
OG0003628	0.0	0.0	0.0	0.0
OG0003637	0.0	0.0	0.0	0.0
OG0003643	0.0	0.0	0.0	0.0
OG0003644	0.0	0.0	0.0	0.0
OG0003645	0.0	0.0	0.0	0.0
OG0003647	0.0	0.0	0.0	0.0
OG0003651	0.0	0.0	0.0	0.0
OG0003652	0.0	0.0	0.0	0.0
OG0003653	0.0	0.0	0.0	0.0
OG0003661	0.0	0.0	0.0	0.0
OG0003662	0.0	0.0	0.0	0.0
OG0003671	0.0	0.0	0.0	0.0
OG0003674	0.0	0.0	0.0	0.0
OG0003677	0.0	0.0	0.0	0.0
OG0003682	0.0	0.0	0.0	0.0
OG0003685	0.0	0.0	0.0	0.0
OG0003687	0.0	0.0	0.0	0.0
OG0003691	0.0	0.0	0.0	0.0
OG0003692	0.0	0.0	0.0	0.0
OG0003693	0.0	0.0	0.0	0.0
OG0003695	0.0	0.0	0.0	0.0
OG0003697	0.0	0.0	0.0	0.0
OG0003700	0.0	0.0	0.0	0.0
OG0003701	0.0	0.0	0.0	0.0
OG0003702	0.0	0.0	0.0	0.0
OG0003716	0.0	0.0	0.0	0.0
OG0003719	0.0	0.0	0.0	0.0
OG0003723	0.0	0.0	0.0	0.0
OG0003724	0.0	0.0	0.0	0.0
OG0003728	0.0	0.0	0.0	0.0
OG0003729	0.0	0.0	0.0	0.0
OG0003735	0.0	0.0	0.0	0.0
OG0003741	0.0	0.0	0.0	0.0
OG0003745	0.0	0.0	0.0	0.0
OG0003749	0.0	0.0	0.0	0.0
OG0003751	0.0	0.0	0.0	0.0
OG0003753	0.0	0.0	0.0	0.0
OG0003761	0.0	0.0	0.0	0.0
OG0003762	0.0	0.0	0.0	0.0
OG0003770	0.0	0.0	0.0	0.0
OG0003779	0.0	0.0	0.0	0.0
OG0003780	0.0	0.0	0.0	0.0
OG0003781	0.0	0.0	0.0	0.0
OG0003784	0.0	0.0	0.0	0.0
OG0003788	0.0	0.0	0.0	0.0
OG0003789	0.0	0.0	0.0	0.0
OG0003796	0.0	0.0	0.0	0.0
OG0003799	0.0	0.0	0.0	0.0
OG0003807	0.0	0.0	0.0	0.0
OG0003815	0.0	0.0	0.0	0.0
OG0003821	0.0	0.0	0.0	0.0
OG0003822	0.0	0.0	0.0	0.0
OG0003825	0.0	0.0	0.0	0.0
OG0003838	0.0	0.0	0.0	0.0
OG0003839	0.0	0.0	0.0	0.0
OG0003841	0.0	0.0	0.0	0.0
OG0003845	0.0	0.0	0.0	0.0
OG0003851	0.0	0.0	0.0	0.0
OG0003857	0.0	0.0	0.0	0.0
OG0003868	0.0	0.0	0.0	0.0
OG0003872	0.0	0.0	0.0	0.0
OG0003873	0.0	0.0	0.0	0.0
OG0003874	0.0	0.0	0.0	0.0
OG0003875	0.0	0.0	0.0	0.0
OG0003880	0.0	0.0	0.0	0.0
OG0003884	0.0	0.0	0.0	0.0
OG0003891	0.0	0.0	0.0	0.0
OG0003892	0.0	0.0	0.0	0.0
OG0003900	0.0	0.0	0.0	0.0
OG0003902	0.0	0.0	0.0	0.0
OG0003905	0.0	0.0	0.0	0.0
OG0003906	0.0	0.0	0.0	0.0
OG0003909	0.0	0.0	0.0	0.0
OG0003917	0.0	0.0	0.0	0.0
OG0003922	0.0	0.0	0.0	0.0
OG0003923	0.0	0.0	0.0	0.0
OG0003926	0.0	0.0	0.0	0.0
OG0003933	0.0	0.0	0.0	0.0
OG0003938	0.0	0.0	0.0	0.0
OG0003940	0.0	0.0	0.0	0.0
OG0003944	0.0	0.0	0.0	0.0
OG0003946	0.0	0.0	0.0	0.0
OG0003950	0.0	0.0	0.0	0.0
OG0003954	0.0	0.0	0.0	0.0
OG0003958	0.0	0.0	0.0	0.0
OG0003979	0.0	0.0	0.0	0.0
OG0003980	0.0	0.0	0.0	0.0
OG0003993	0.0	0.0	0.0	0.0
OG0003996	0.0	0.0	0.0	0.0
OG0003997	0.0	0.0	0.0	0.0
OG0004008	0.0	0.0	0.0	0.0
OG0004010	0.0	0.0	0.0	0.0
OG0004017	0.0	0.0	0.0	0.0
OG0004019	0.0	0.0	0.0	0.0
OG0004021	0.0	0.0	0.0	0.0
OG0004027	0.0	0.0	0.0	0.0
OG0004033	0.0	0.0	0.0	0.0
OG0004035	0.0	0.0	0.0	0.0
OG0004040	0.0	0.0	0.0	0.0
OG0004050	0.0	0.0	0.0	0.0
OG0004058	0.0	0.0	0.0	0.0
OG0004063	0.0	0.0	0.0	0.0
OG0004064	0.0	0.0	0.0	0.0
OG0004068	0.0	0.0	0.0	0.0
OG0004081	0.0	0.0	0.0	0.0
OG0004084	0.0	0.0	0.0	0.0
OG0004087	0.0	0.0	0.0	0.0
OG0004090	0.0	0.0	0.0	0.0
OG0004093	0.0	0.0	0.0	0.0
OG0004099	0.0	0.0	0.0	0.0
OG0004104	0.0	0.0	0.0	0.0
OG0004108	0.0	0.0	0.0	0.0
OG0004109	0.0	0.0	0.0	0.0
OG0004122	0.0	0.0	0.0	0.0
OG0004127	0.0	0.0	0.0	0.0
OG0004129	0.0	0.0	0.0	0.0
OG0004136	0.0	0.0	0.0	0.0
OG0004140	0.0	0.0	0.0	0.0
OG0004141	0.0	0.0	0.0	0.0
OG0004144	0.0	0.0	0.0	0.0
OG0004145	0.0	0.0	0.0	0.0
OG0004153	0.0	0.0	0.0	0.0
OG0004155	0.0	0.0	0.0	0.0
OG0004160	0.0	0.0	0.0	0.0
OG0004166	0.0	0.0	0.0	0.0
OG0004172	0.0	0.0	0.0	0.0
OG0004181	0.0	0.0	0.0	0.0
OG0004187	0.0	0.0	0.0	0.0
OG0004188	0.0	0.0	0.0	0.0
OG0004189	0.0	0.0	0.0	0.0
OG0004193	0.0	0.0	0.0	0.0
OG0004197	0.0	0.0	0.0	0.0
OG0004203	0.0	0.0	0.0	0.0
OG0004204	0.0	0.0	0.0	0.0
OG0004208	0.0	0.0	0.0	0.0
OG0004209	0.0	0.0	0.0	0.0
OG0004214	0.0	0.0	0.0	0.0
OG0004217	0.0	0.0	0.0	0.0
OG0004223	0.0	0.0	0.0	0.0
OG0004234	0.0	0.0	0.0	0.0
OG0004236	0.0	0.0	0.0	0.0
OG0004240	0.0	0.0	0.0	0.0
OG0004243	0.0	0.0	0.0	0.0
OG0004245	0.0	0.0	0.0	0.0
OG0004246	0.0	0.0	0.0	0.0
OG0004248	0.0	0.0	0.0	0.0
OG0004249	0.0	0.0	0.0	0.0
OG0004253	0.0	0.0	0.0	0.0
OG0004258	0.0	0.0	0.0	0.0
OG0004259	0.0	0.0	0.0	0.0
OG0004269	0.0	0.0	0.0	0.0
OG0004272	0.0	0.0	0.0	0.0
OG0004275	0.0	0.0	0.0	0.0
OG0004276	0.0	0.0	0.0	0.0
OG0004277	0.0	0.0	0.0	0.0
OG0004278	0.0	0.0	0.0	0.0
OG0004284	0.0	0.0	0.0	0.0
OG0004286	0.0	0.0	0.0	0.0
OG0004287	0.0	0.0	0.0	0.0
OG0004290	0.0	0.0	0.0	0.0
OG0004294	0.0	0.0	0.0	0.0
OG0004303	0.0	0.0	0.0	0.0
OG0004305	0.0	0.0	0.0	0.0
OG0004310	0.0	0.0	0.0	0.0
OG0004311	0.0	0.0	0.0	0.0
OG0004312	0.0	0.0	0.0	0.0
OG0004314	0.0	0.0	0.0	0.0
OG0004324	0.0	0.0	0.0	0.0
OG0004340	0.0	0.0	0.0	0.0
OG0004346	0.0	0.0	0.0	0.0
OG0004347	0.0	0.0	0.0	0.0
OG0004352	0.0	0.0	0.0	0.0
OG0004354	0.0	0.0	0.0	0.0
OG0004357	0.0	0.0	0.0	0.0
OG0004358	0.0	0.0	0.0	0.0
OG0004359	0.0	0.0	0.0	0.0
OG0004366	0.0	0.0	0.0	0.0
OG0004374	0.0	0.0	0.0	0.0
OG0004378	0.0	0.0	0.0	0.0
OG0004397	0.0	0.0	0.0	0.0
OG0004399	0.0	0.0	0.0	0.0
OG0004403	0.0	0.0	0.0	0.0
OG0004406	0.0	0.0	0.0	0.0
OG0004413	0.0	0.0	0.0	0.0
OG0004414	0.0	0.0	0.0	0.0
OG0004415	0.0	0.0	0.0	0.0
OG0004420	0.0	0.0	0.0	0.0
OG0004422	0.0	0.0	0.0	0.0
OG0004423	0.0	0.0	0.0	0.0
OG0004425	0.0	0.0	0.0	0.0
OG0004434	0.0	0.0	0.0	0.0
OG0004436	0.0	0.0	0.0	0.0
OG0004440	0.0	0.0	0.0	0.0
OG0004449	0.0	0.0	0.0	0.0
OG0004456	0.0	0.0	0.0	0.0
OG0004459	0.0	0.0	0.0	0.0
OG0004461	0.0	0.0	0.0	0.0
OG0004462	0.0	0.0	0.0	0.0
OG0004468	0.0	0.0	0.0	0.0
OG0004469	0.0	0.0	0.0	0.0
OG0004470	0.0	0.0	0.0	0.0
OG0004473	0.0	0.0	0.0	0.0
OG0004474	0.0	0.0	0.0	0.0
OG0004475	0.0	0.0	0.0	0.0
OG0004477	0.0	0.0	0.0	0.0
OG0004482	0.0	0.0	0.0	0.0
OG0004483	0.0	0.0	0.0	0.0
OG0004484	0.0	0.0	0.0	0.0
OG0004488	0.0	0.0	0.0	0.0
OG0004495	0.0	0.0	0.0	0.0
OG0004503	0.0	0.0	0.0	0.0
OG0004507	0.0	0.0	0.0	0.0
OG0004510	0.0	0.0	0.0	0.0
OG0004515	0.0	0.0	0.0	0.0
OG0004517	0.0	0.0	0.0	0.0
OG0004529	0.0	0.0	0.0	0.0
OG0004530	0.0	0.0	0.0	0.0
OG0004533	0.0	0.0	0.0	0.0
OG0004534	0.0	0.0	0.0	0.0
OG0004536	0.0	0.0	0.0	0.0
OG0004538	0.0	0.0	0.0	0.0
OG0004539	0.0	0.0	0.0	0.0
OG0004540	0.0	0.0	0.0	0.0
OG0004547	0.0	0.0	0.0	0.0
OG0004552	0.0	0.0	0.0	0.0
OG0004553	0.0	0.0	0.0	0.0
OG0004556	0.0	0.0	0.0	0.0
OG0004562	0.0	0.0	0.0	0.0
OG0004564	0.0	0.0	0.0	0.0
OG0004566	0.0	0.0	0.0	0.0
OG0004569	0.0	0.0	0.0	0.0
OG0004570	0.0	0.0	0.0	0.0
OG0004573	0.0	0.0	0.0	0.0
OG0004574	0.0	0.0	0.0	0.0
OG0004579	0.0	0.0	0.0	0.0
OG0004580	0.0	0.0	0.0	0.0
OG0004585	0.0	0.0	0.0	0.0
OG0004592	0.0	0.0	0.0	0.0
OG0004598	0.0	0.0	0.0	0.0
OG0004599	0.0	0.0	0.0	0.0
OG0004600	0.0	0.0	0.0	0.0
OG0004601	0.0	0.0	0.0	0.0
OG0004602	0.0	0.0	0.0	0.0
OG0004610	0.0	0.0	0.0	0.0
OG0004615	0.0	0.0	0.0	0.0
OG0004619	0.0	0.0	0.0	0.0
OG0004620	0.0	0.0	0.0	0.0
OG0004622	0.0	0.0	0.0	0.0
OG0004627	0.0	0.0	0.0	0.0
OG0004634	0.0	0.0	0.0	0.0
OG0004636	0.0	0.0	0.0	0.0
OG0004640	0.0	0.0	0.0	0.0
OG0004644	0.0	0.0	0.0	0.0
OG0004663	0.0	0.0	0.0	0.0
OG0004666	0.0	0.0	0.0	0.0
OG0004672	0.0	0.0	0.0	0.0
OG0004673	0.0	0.0	0.0	0.0
OG0004674	0.0	0.0	0.0	0.0
OG0004676	0.0	0.0	0.0	0.0
OG0004680	0.0	0.0	0.0	0.0
OG0004681	0.0	0.0	0.0	0.0
OG0004682	0.0	0.0	0.0	0.0
OG0004683	0.0	0.0	0.0	0.0
OG0004684	0.0	0.0	0.0	0.0
OG0004690	0.0	0.0	0.0	0.0
OG0004693	0.0	0.0	0.0	0.0
OG0004697	0.0	0.0	0.0	0.0
OG0004698	0.0	0.0	0.0	0.0
OG0004699	0.0	0.0	0.0	0.0
OG0004701	0.0	0.0	0.0	0.0
OG0004702	0.0	0.0	0.0	0.0
OG0004704	0.0	0.0	0.0	0.0
OG0004708	0.0	0.0	0.0	0.0
OG0004717	0.0	0.0	0.0	0.0
OG0004723	0.0	0.0	0.0	0.0
OG0004725	0.0	0.0	0.0	0.0
OG0004726	0.0	0.0	0.0	0.0
OG0004732	0.0	0.0	0.0	0.0
OG0004734	0.0	0.0	0.0	0.0
OG0004737	0.0	0.0	0.0	0.0
OG0004740	0.0	0.0	0.0	0.0
OG0004742	0.0	0.0	0.0	0.0
OG0004745	0.0	0.0	0.0	0.0
OG0004747	0.0	0.0	0.0	0.0
OG0004749	0.0	0.0	0.0	0.0
OG0004752	0.0	0.0	0.0	0.0
OG0004753	0.0	0.0	0.0	0.0
OG0004757	0.0	0.0	0.0	0.0
OG0004760	0.0	0.0	0.0	0.0
OG0004762	0.0	0.0	0.0	0.0
OG0004765	0.0	0.0	0.0	0.0
OG0004771	0.0	0.0	0.0	0.0
OG0004772	0.0	0.0	0.0	0.0
OG0004779	0.0	0.0	0.0	0.0
OG0004782	0.0	0.0	0.0	0.0
OG0004785	0.0	0.0	0.0	0.0
OG0004788	0.0	0.0	0.0	0.0
OG0004792	0.0	0.0	0.0	0.0
OG0004794	0.0	0.0	0.0	0.0
OG0004797	0.0	0.0	0.0	0.0
OG0004800	0.0	0.0	0.0	0.0
OG0004802	0.0	0.0	0.0	0.0
OG0004803	0.0	0.0	0.0	0.0
OG0004811	0.0	0.0	0.0	0.0
OG0004815	0.0	0.0	0.0	0.0
OG0004817	0.0	0.0	0.0	0.0
OG0004822	0.0	0.0	0.0	0.0
OG0004824	0.0	0.0	0.0	0.0
OG0004825	0.0	0.0	0.0	0.0
OG0004829	0.0	0.0	0.0	0.0
OG0004831	0.0	0.0	0.0	0.0
OG0004832	0.0	0.0	0.0	0.0
OG0004833	0.0	0.0	0.0	0.0
OG0004838	0.0	0.0	0.0	0.0
OG0004841	0.0	0.0	0.0	0.0
OG0004843	0.0	0.0	0.0	0.0
OG0004846	0.0	0.0	0.0	0.0
OG0004848	0.0	0.0	0.0	0.0
OG0004850	0.0	0.0	0.0	0.0
OG0004851	0.0	0.0	0.0	0.0
OG0004853	0.0	0.0	0.0	0.0
OG0004856	0.0	0.0	0.0	0.0
OG0004857	0.0	0.0	0.0	0.0
OG0004858	0.0	0.0	0.0	0.0
OG0004859	0.0	0.0	0.0	0.0
OG0004862	0.0	0.0	0.0	0.0
OG0004863	0.0	0.0	0.0	0.0
OG0004879	0.0	0.0	0.0	0.0
OG0004880	0.0	0.0	0.0	0.0
OG0004883	0.0	0.0	0.0	0.0
OG0004884	0.0	0.0	0.0	0.0
OG0004885	0.0	0.0	0.0	0.0
OG0004887	0.0	0.0	0.0	0.0
OG0004892	0.0	0.0	0.0	0.0
OG0004894	0.0	0.0	0.0	0.0
OG0004899	0.0	0.0	0.0	0.0
OG0004901	0.0	0.0	0.0	0.0
OG0004903	0.0	0.0	0.0	0.0
OG0004905	0.0	0.0	0.0	0.0
OG0004906	0.0	0.0	0.0	0.0
OG0004909	0.0	0.0	0.0	0.0
OG0004911	0.0	0.0	0.0	0.0
OG0004913	0.0	0.0	0.0	0.0
OG0004915	0.0	0.0	0.0	0.0
OG0004921	0.0	0.0	0.0	0.0
OG0004924	0.0	0.0	0.0	0.0
OG0004929	0.0	0.0	0.0	0.0
OG0004934	0.0	0.0	0.0	0.0
OG0004941	0.0	0.0	0.0	0.0
OG0004942	0.0	0.0	0.0	0.0
OG0004945	0.0	0.0	0.0	0.0
OG0004952	0.0	0.0	0.0	0.0
OG0004954	0.0	0.0	0.0	0.0
OG0004959	0.0	0.0	0.0	0.0
OG0004962	0.0	0.0	0.0	0.0
OG0004965	0.0	0.0	0.0	0.0
OG0004966	0.0	0.0	0.0	0.0
OG0004967	0.0	0.0	0.0	0.0
OG0004968	0.0	0.0	0.0	0.0
OG0004977	0.0	0.0	0.0	0.0
OG0004983	0.0	0.0	0.0	0.0
OG0004987	0.0	0.0	0.0	0.0
OG0004989	0.0	0.0	0.0	0.0
OG0004996	0.0	0.0	0.0	0.0
OG0004997	0.0	0.0	0.0	0.0
OG0004998	0.0	0.0	0.0	0.0
OG0005001	0.0	0.0	0.0	0.0
OG0005008	0.0	0.0	0.0	0.0
OG0005009	0.0	0.0	0.0	0.0
OG0005010	0.0	0.0	0.0	0.0
OG0005013	0.0	0.0	0.0	0.0
OG0005015	0.0	0.0	0.0	0.0
OG0005017	0.0	0.0	0.0	0.0
OG0005019	0.0	0.0	0.0	0.0
OG0005020	0.0	0.0	0.0	0.0
OG0005021	0.0	0.0	0.0	0.0
OG0005025	0.0	0.0	0.0	0.0
OG0005028	0.0	0.0	0.0	0.0
OG0005030	0.0	0.0	0.0	0.0
OG0005033	0.0	0.0	0.0	0.0
OG0005034	0.0	0.0	0.0	0.0
OG0005035	0.0	0.0	0.0	0.0
OG0005040	0.0	0.0	0.0	0.0
OG0005044	0.0	0.0	0.0	0.0
OG0005045	0.0	0.0	0.0	0.0
OG0005047	0.0	0.0	0.0	0.0
OG0005048	0.0	0.0	0.0	0.0
OG0005052	0.0	0.0	0.0	0.0
OG0005055	0.0	0.0	0.0	0.0
OG0005059	0.0	0.0	0.0	0.0
OG0005060	0.0	0.0	0.0	0.0
OG0005064	0.0	0.0	0.0	0.0
OG0005065	0.0	0.0	0.0	0.0
OG0005066	0.0	0.0	0.0	0.0
OG0005070	0.0	0.0	0.0	0.0
OG0005072	0.0	0.0	0.0	0.0
OG0005075	0.0	0.0	0.0	0.0
OG0005076	0.0	0.0	0.0	0.0
OG0005077	0.0	0.0	0.0	0.0
OG0005078	0.0	0.0	0.0	0.0
OG0005084	0.0	0.0	0.0	0.0
OG0005085	0.0	0.0	0.0	0.0
OG0005086	0.0	0.0	0.0	0.0
OG0005090	0.0	0.0	0.0	0.0
OG0005093	0.0	0.0	0.0	0.0
OG0005100	0.0	0.0	0.0	0.0
OG0005102	0.0	0.0	0.0	0.0
OG0005104	0.0	0.0	0.0	0.0
OG0005106	0.0	0.0	0.0	0.0
OG0005109	0.0	0.0	0.0	0.0
OG0005110	0.0	0.0	0.0	0.0
OG0005111	0.0	0.0	0.0	0.0
OG0005112	0.0	0.0	0.0	0.0
OG0005119	0.0	0.0	0.0	0.0
OG0005123	0.0	0.0	0.0	0.0
OG0005125	0.0	0.0	0.0	0.0
OG0005129	0.0	0.0	0.0	0.0
OG0005130	0.0	0.0	0.0	0.0
OG0005131	0.0	0.0	0.0	0.0
OG0005133	0.0	0.0	0.0	0.0
OG0005134	0.0	0.0	0.0	0.0
OG0005135	0.0	0.0	0.0	0.0
OG0005136	0.0	0.0	0.0	0.0
OG0005137	0.0	0.0	0.0	0.0
OG0005138	0.0	0.0	0.0	0.0
OG0005139	0.0	0.0	0.0	0.0
OG0005140	0.0	0.0	0.0	0.0
OG0005141	0.0	0.0	0.0	0.0
OG0005142	0.0	0.0	0.0	0.0
OG0005143	0.0	0.0	0.0	0.0
OG0005144	0.0	0.0	0.0	0.0
OG0005145	0.0	0.0	0.0	0.0
OG0005147	0.0	0.0	0.0	0.0
OG0005149	0.0	0.0	0.0	0.0
OG0005150	0.0	0.0	0.0	0.0
OG0005151	0.0	0.0	0.0	0.0
OG0005153	0.0	0.0	0.0	0.0
OG0005154	0.0	0.0	0.0	0.0
OG0005155	0.0	0.0	0.0	0.0
OG0005156	0.0	0.0	0.0	0.0
OG0005158	0.0	0.0	0.0	0.0
OG0005159	0.0	0.0	0.0	0.0
OG0005161	0.0	0.0	0.0	0.0
OG0005165	0.0	0.0	0.0	0.0
OG0005167	0.0	0.0	0.0	0.0
OG0005171	0.0	0.0	0.0	0.0
OG0005172	0.0	0.0	0.0	0.0
OG0005175	0.0	0.0	0.0	0.0
OG0005180	0.0	0.0	0.0	0.0
OG0005182	0.0	0.0	0.0	0.0
OG0005184	0.0	0.0	0.0	0.0
OG0005185	0.0	0.0	0.0	0.0
OG0005186	0.0	0.0	0.0	0.0
OG0005187	0.0	0.0	0.0	0.0
OG0005188	0.0	0.0	0.0	0.0
OG0005189	0.0	0.0	0.0	0.0
OG0005190	0.0	0.0	0.0	0.0
OG0005194	0.0	0.0	0.0	0.0
OG0005196	0.0	0.0	0.0	0.0
OG0005197	0.0	0.0	0.0	0.0
OG0005198	0.0	0.0	0.0	0.0
OG0005201	0.0	0.0	0.0	0.0
OG0005207	0.0	0.0	0.0	0.0
OG0005208	0.0	0.0	0.0	0.0
OG0005209	0.0	0.0	0.0	0.0
OG0005210	0.0	0.0	0.0	0.0
OG0005211	0.0	0.0	0.0	0.0
OG0005213	0.0	0.0	0.0	0.0
OG0005214	0.0	0.0	0.0	0.0
OG0005217	0.0	0.0	0.0	0.0
OG0005218	0.0	0.0	0.0	0.0
OG0005219	0.0	0.0	0.0	0.0
OG0005220	0.0	0.0	0.0	0.0
OG0005221	0.0	0.0	0.0	0.0
OG0005222	0.0	0.0	0.0	0.0
OG0005224	0.0	0.0	0.0	0.0
OG0005225	0.0	0.0	0.0	0.0
OG0005233	0.0	0.0	0.0	0.0
OG0005234	0.0	0.0	0.0	0.0
OG0005235	0.0	0.0	0.0	0.0
OG0005236	0.0	0.0	0.0	0.0
OG0005240	0.0	0.0	0.0	0.0
OG0005241	0.0	0.0	0.0	0.0
OG0005243	0.0	0.0	0.0	0.0
OG0005244	0.0	0.0	0.0	0.0
OG0005245	0.0	0.0	0.0	0.0
OG0005247	0.0	0.0	0.0	0.0
OG0005250	0.0	0.0	0.0	0.0
OG0005257	0.0	0.0	0.0	0.0
OG0005262	0.0	0.0	0.0	0.0
OG0005263	0.0	0.0	0.0	0.0
OG0005264	0.0	0.0	0.0	0.0
OG0005265	0.0	0.0	0.0	0.0
OG0005268	0.0	0.0	0.0	0.0
OG0005270	0.0	0.0	0.0	0.0
OG0005273	0.0	0.0	0.0	0.0
OG0005274	0.0	0.0	0.0	0.0
OG0005276	0.0	0.0	0.0	0.0
OG0005277	0.0	0.0	0.0	0.0
OG0005280	0.0	0.0	0.0	0.0
OG0005282	0.0	0.0	0.0	0.0
OG0005283	0.0	0.0	0.0	0.0
OG0005285	0.0	0.0	0.0	0.0
OG0005288	0.0	0.0	0.0	0.0
OG0005290	0.0	0.0	0.0	0.0
OG0005291	0.0	0.0	0.0	0.0
OG0005292	0.0	0.0	0.0	0.0
OG0005293	0.0	0.0	0.0	0.0
OG0005294	0.0	0.0	0.0	0.0
OG0005297	0.0	0.0	0.0	0.0
OG0005298	0.0	0.0	0.0	0.0
OG0005299	0.0	0.0	0.0	0.0
OG0005301	0.0	0.0	0.0	0.0
OG0005302	0.0	0.0	0.0	0.0
OG0005304	0.0	0.0	0.0	0.0
OG0005306	0.0	0.0	0.0	0.0
OG0005308	0.0	0.0	0.0	0.0
OG0005310	0.0	0.0	0.0	0.0
OG0005311	0.0	0.0	0.0	0.0
OG0005313	0.0	0.0	0.0	0.0
OG0005319	0.0	0.0	0.0	0.0
OG0005320	0.0	0.0	0.0	0.0
OG0005321	0.0	0.0	0.0	0.0
OG0005322	0.0	0.0	0.0	0.0
OG0005323	0.0	0.0	0.0	0.0
OG0005334	0.0	0.0	0.0	0.0
OG0005335	0.0	0.0	0.0	0.0
OG0005341	0.0	0.0	0.0	0.0
OG0005343	0.0	0.0	0.0	0.0
OG0005345	0.0	0.0	0.0	0.0
OG0005346	0.0	0.0	0.0	0.0
OG0005349	0.0	0.0	0.0	0.0
OG0005350	0.0	0.0	0.0	0.0
OG0005355	0.0	0.0	0.0	0.0
OG0005357	0.0	0.0	0.0	0.0
OG0005359	0.0	0.0	0.0	0.0
OG0005360	0.0	0.0	0.0	0.0
OG0005362	0.0	0.0	0.0	0.0
OG0005363	0.0	0.0	0.0	0.0
OG0005364	0.0	0.0	0.0	0.0
OG0005365	0.0	0.0	0.0	0.0
OG0005366	0.0	0.0	0.0	0.0
OG0005367	0.0	0.0	0.0	0.0
OG0005368	0.0	0.0	0.0	0.0
OG0005369	0.0	0.0	0.0	0.0
OG0005370	0.0	0.0	0.0	0.0
OG0005372	0.0	0.0	0.0	0.0
OG0005373	0.0	0.0	0.0	0.0
OG0005374	0.0	0.0	0.0	0.0
OG0005375	0.0	0.0	0.0	0.0
OG0005376	0.0	0.0	0.0	0.0
OG0005377	0.0	0.0	0.0	0.0
OG0005378	0.0	0.0	0.0	0.0
OG0005379	0.0	0.0	0.0	0.0
OG0005380	0.0	0.0	0.0	0.0
OG0005383	0.0	0.0	0.0	0.0
OG0005384	0.0	0.0	0.0	0.0
OG0005385	0.0	0.0	0.0	0.0
OG0005386	0.0	0.0	0.0	0.0
OG0005387	0.0	0.0	0.0	0.0
OG0005390	0.0	0.0	0.0	0.0
OG0005394	0.0	0.0	0.0	0.0
OG0005395	0.0	0.0	0.0	0.0
OG0005396	0.0	0.0	0.0	0.0
OG0005400	0.0	0.0	0.0	0.0
OG0005401	0.0	0.0	0.0	0.0
OG0005408	0.0	0.0	0.0	0.0
OG0005413	0.0	0.0	0.0	0.0
OG0005417	0.0	0.0	0.0	0.0
OG0005418	0.0	0.0	0.0	0.0
OG0005420	0.0	0.0	0.0	0.0
OG0005423	0.0	0.0	0.0	0.0
OG0005424	0.0	0.0	0.0	0.0
OG0005425	0.0	0.0	0.0	0.0
OG0005427	0.0	0.0	0.0	0.0
OG0005428	0.0	0.0	0.0	0.0
OG0005429	0.0	0.0	0.0	0.0
OG0005432	0.0	0.0	0.0	0.0
OG0005434	0.0	0.0	0.0	0.0
OG0005435	0.0	0.0	0.0	0.0
OG0005436	0.0	0.0	0.0	0.0
OG0005437	0.0	0.0	0.0	0.0
OG0005438	0.0	0.0	0.0	0.0
OG0005439	0.0	0.0	0.0	0.0
OG0005443	0.0	0.0	0.0	0.0
OG0005444	0.0	0.0	0.0	0.0
OG0005445	0.0	0.0	0.0	0.0
OG0005449	0.0	0.0	0.0	0.0
OG0005450	0.0	0.0	0.0	0.0
OG0005452	0.0	0.0	0.0	0.0
OG0005454	0.0	0.0	0.0	0.0
OG0005456	0.0	0.0	0.0	0.0
OG0005458	0.0	0.0	0.0	0.0
OG0005459	0.0	0.0	0.0	0.0
OG0005461	0.0	0.0	0.0	0.0
OG0005462	0.0	0.0	0.0	0.0
OG0005463	0.0	0.0	0.0	0.0
OG0005464	0.0	0.0	0.0	0.0
OG0005465	0.0	0.0	0.0	0.0
OG0005469	0.0	0.0	0.0	0.0
OG0005470	0.0	0.0	0.0	0.0
OG0005473	0.0	0.0	0.0	0.0
OG0005474	0.0	0.0	0.0	0.0
OG0005475	0.0	0.0	0.0	0.0
OG0005480	0.0	0.0	0.0	0.0
OG0005481	0.0	0.0	0.0	0.0
OG0005483	0.0	0.0	0.0	0.0
OG0005500	0.0	0.0	0.0	0.0
OG0005502	0.0	0.0	0.0	0.0
OG0005504	0.0	0.0	0.0	0.0
OG0005506	0.0	0.0	0.0	0.0
OG0005507	0.0	0.0	0.0	0.0
OG0005508	0.0	0.0	0.0	0.0
OG0005514	0.0	0.0	0.0	0.0
OG0005519	0.0	0.0	0.0	0.0
OG0005520	0.0	0.0	0.0	0.0
OG0005521	0.0	0.0	0.0	0.0
OG0005522	0.0	0.0	0.0	0.0
OG0005523	0.0	0.0	0.0	0.0
OG0005525	0.0	0.0	0.0	0.0
OG0005526	0.0	0.0	0.0	0.0
OG0005527	0.0	0.0	0.0	0.0
OG0005528	0.0	0.0	0.0	0.0
OG0005529	0.0	0.0	0.0	0.0
OG0005530	0.0	0.0	0.0	0.0
OG0005532	0.0	0.0	0.0	0.0
OG0005533	0.0	0.0	0.0	0.0
OG0005536	0.0	0.0	0.0	0.0
OG0005537	0.0	0.0	0.0	0.0
OG0005538	0.0	0.0	0.0	0.0
OG0005539	0.0	0.0	0.0	0.0
OG0005540	0.0	0.0	0.0	0.0
OG0005541	0.0	0.0	0.0	0.0
OG0005543	0.0	0.0	0.0	0.0
OG0005549	0.0	0.0	0.0	0.0
OG0005550	0.0	0.0	0.0	0.0
OG0005551	0.0	0.0	0.0	0.0
OG0005552	0.0	0.0	0.0	0.0
OG0005553	0.0	0.0	0.0	0.0
OG0005554	0.0	0.0	0.0	0.0
OG0005555	0.0	0.0	0.0	0.0
OG0005556	0.0	0.0	0.0	0.0
OG0005557	0.0	0.0	0.0	0.0
OG0005562	0.0	0.0	0.0	0.0
OG0005564	0.0	0.0	0.0	0.0
OG0005566	0.0	0.0	0.0	0.0
OG0005567	0.0	0.0	0.0	0.0
OG0005568	0.0	0.0	0.0	0.0
OG0005569	0.0	0.0	0.0	0.0
OG0005570	0.0	0.0	0.0	0.0
OG0005571	0.0	0.0	0.0	0.0
OG0005572	0.0	0.0	0.0	0.0
OG0005573	0.0	0.0	0.0	0.0
OG0005575	0.0	0.0	0.0	0.0
OG0005577	0.0	0.0	0.0	0.0
OG0005586	0.0	0.0	0.0	0.0
OG0005589	0.0	0.0	0.0	0.0
OG0005591	0.0	0.0	0.0	0.0
OG0005592	0.0	0.0	0.0	0.0
OG0005594	0.0	0.0	0.0	0.0
OG0005596	0.0	0.0	0.0	0.0
OG0005599	0.0	0.0	0.0	0.0
OG0005601	0.0	0.0	0.0	0.0
OG0005602	0.0	0.0	0.0	0.0
OG0005603	0.0	0.0	0.0	0.0
OG0005607	0.0	0.0	0.0	0.0
OG0005610	0.0	0.0	0.0	0.0
OG0005611	0.0	0.0	0.0	0.0
OG0005613	0.0	0.0	0.0	0.0
OG0005616	0.0	0.0	0.0	0.0
OG0005617	0.0	0.0	0.0	0.0
OG0005618	0.0	0.0	0.0	0.0
OG0005620	0.0	0.0	0.0	0.0
OG0005621	0.0	0.0	0.0	0.0
OG0005622	0.0	0.0	0.0	0.0
OG0005625	0.0	0.0	0.0	0.0
OG0005627	0.0	0.0	0.0	0.0
OG0005628	0.0	0.0	0.0	0.0
OG0005631	0.0	0.0	0.0	0.0
OG0005632	0.0	0.0	0.0	0.0
OG0005633	0.0	0.0	0.0	0.0
OG0005634	0.0	0.0	0.0	0.0
OG0005635	0.0	0.0	0.0	0.0
OG0005637	0.0	0.0	0.0	0.0
OG0005638	0.0	0.0	0.0	0.0
OG0005640	0.0	0.0	0.0	0.0
OG0005643	0.0	0.0	0.0	0.0
OG0005644	0.0	0.0	0.0	0.0
OG0005646	0.0	0.0	0.0	0.0
OG0005648	0.0	0.0	0.0	0.0
OG0005649	0.0	0.0	0.0	0.0
OG0005650	0.0	0.0	0.0	0.0
OG0005653	0.0	0.0	0.0	0.0
OG0005654	0.0	0.0	0.0	0.0
OG0005655	0.0	0.0	0.0	0.0
OG0005657	0.0	0.0	0.0	0.0
OG0005658	0.0	0.0	0.0	0.0
OG0005669	0.0	0.0	0.0	0.0
OG0005673	0.0	0.0	0.0	0.0
OG0005677	0.0	0.0	0.0	0.0
OG0005683	0.0	0.0	0.0	0.0
OG0005686	0.0	0.0	0.0	0.0
OG0005687	0.0	0.0	0.0	0.0
OG0005688	0.0	0.0	0.0	0.0
OG0005689	0.0	0.0	0.0	0.0
OG0005691	0.0	0.0	0.0	0.0
OG0005692	0.0	0.0	0.0	0.0
OG0005693	0.0	0.0	0.0	0.0
OG0005695	0.0	0.0	0.0	0.0
OG0005696	0.0	0.0	0.0	0.0
OG0005698	0.0	0.0	0.0	0.0
OG0005699	0.0	0.0	0.0	0.0
OG0005703	0.0	0.0	0.0	0.0
OG0005705	0.0	0.0	0.0	0.0
OG0005706	0.0	0.0	0.0	0.0
OG0005707	0.0	0.0	0.0	0.0
OG0005708	0.0	0.0	0.0	0.0
OG0005709	0.0	0.0	0.0	0.0
OG0005710	0.0	0.0	0.0	0.0
OG0005713	0.0	0.0	0.0	0.0
OG0005715	0.0	0.0	0.0	0.0
OG0005716	0.0	0.0	0.0	0.0
OG0005718	0.0	0.0	0.0	0.0
OG0005720	0.0	0.0	0.0	0.0
OG0005724	0.0	0.0	0.0	0.0
OG0005725	0.0	0.0	0.0	0.0
OG0005727	0.0	0.0	0.0	0.0
OG0005734	0.0	0.0	0.0	0.0
OG0005735	0.0	0.0	0.0	0.0
OG0005736	0.0	0.0	0.0	0.0
OG0005740	0.0	0.0	0.0	0.0
OG0005741	0.0	0.0	0.0	0.0
OG0005742	0.0	0.0	0.0	0.0
OG0005744	0.0	0.0	0.0	0.0
OG0005745	0.0	0.0	0.0	0.0
OG0005746	0.0	0.0	0.0	0.0
OG0005747	0.0	0.0	0.0	0.0
OG0005748	0.0	0.0	0.0	0.0
OG0005749	0.0	0.0	0.0	0.0
OG0005750	0.0	0.0	0.0	0.0
OG0005753	0.0	0.0	0.0	0.0
OG0005754	0.0	0.0	0.0	0.0
OG0005755	0.0	0.0	0.0	0.0
OG0005762	0.0	0.0	0.0	0.0
OG0005770	0.0	0.0	0.0	0.0
OG0005771	0.0	0.0	0.0	0.0
OG0005773	0.0	0.0	0.0	0.0
OG0005775	0.0	0.0	0.0	0.0
OG0005776	0.0	0.0	0.0	0.0
OG0005778	0.0	0.0	0.0	0.0
OG0005779	0.0	0.0	0.0	0.0
OG0005780	0.0	0.0	0.0	0.0
OG0005781	0.0	0.0	0.0	0.0
OG0005790	0.0	0.0	0.0	0.0
OG0005792	0.0	0.0	0.0	0.0
OG0005793	0.0	0.0	0.0	0.0
OG0005794	0.0	0.0	0.0	0.0
OG0005796	0.0	0.0	0.0	0.0
OG0005797	0.0	0.0	0.0	0.0
OG0005798	0.0	0.0	0.0	0.0
OG0005800	0.0	0.0	0.0	0.0
OG0005802	0.0	0.0	0.0	0.0
OG0005803	0.0	0.0	0.0	0.0
OG0005804	0.0	0.0	0.0	0.0
OG0005807	0.0	0.0	0.0	0.0
OG0005810	0.0	0.0	0.0	0.0
OG0005813	0.0	0.0	0.0	0.0
OG0005814	0.0	0.0	0.0	0.0
OG0005815	0.0	0.0	0.0	0.0
OG0005817	0.0	0.0	0.0	0.0
OG0005818	0.0	0.0	0.0	0.0
OG0005819	0.0	0.0	0.0	0.0
OG0005820	0.0	0.0	0.0	0.0
OG0005821	0.0	0.0	0.0	0.0
OG0005822	0.0	0.0	0.0	0.0
OG0005823	0.0	0.0	0.0	0.0
OG0005825	0.0	0.0	0.0	0.0
OG0005827	0.0	0.0	0.0	0.0
OG0005829	0.0	0.0	0.0	0.0
OG0005836	0.0	0.0	0.0	0.0
OG0005837	0.0	0.0	0.0	0.0
OG0005838	0.0	0.0	0.0	0.0
OG0005839	0.0	0.0	0.0	0.0
OG0005841	0.0	0.0	0.0	0.0
OG0005843	0.0	0.0	0.0	0.0
OG0005844	0.0	0.0	0.0	0.0
OG0005845	0.0	0.0	0.0	0.0
OG0005846	0.0	0.0	0.0	0.0
OG0005847	0.0	0.0	0.0	0.0
OG0005848	0.0	0.0	0.0	0.0
OG0005849	0.0	0.0	0.0	0.0
OG0005850	0.0	0.0	0.0	0.0
OG0005860	0.0	0.0	0.0	0.0
OG0005861	0.0	0.0	0.0	0.0
OG0005863	0.0	0.0	0.0	0.0
OG0005871	0.0	0.0	0.0	0.0
OG0005872	0.0	0.0	0.0	0.0
OG0005873	0.0	0.0	0.0	0.0
OG0005874	0.0	0.0	0.0	0.0
OG0005877	0.0	0.0	0.0	0.0
OG0005878	0.0	0.0	0.0	0.0
OG0005879	0.0	0.0	0.0	0.0
OG0005880	0.0	0.0	0.0	0.0
OG0005881	0.0	0.0	0.0	0.0
OG0005883	0.0	0.0	0.0	0.0
OG0005884	0.0	0.0	0.0	0.0
OG0005885	0.0	0.0	0.0	0.0
OG0005887	0.0	0.0	0.0	0.0
OG0005888	0.0	0.0	0.0	0.0
OG0005889	0.0	0.0	0.0	0.0
OG0005890	0.0	0.0	0.0	0.0
OG0005892	0.0	0.0	0.0	0.0
OG0005895	0.0	0.0	0.0	0.0
OG0005898	0.0	0.0	0.0	0.0
OG0005900	0.0	0.0	0.0	0.0
OG0005902	0.0	0.0	0.0	0.0
OG0005903	0.0	0.0	0.0	0.0
OG0005907	0.0	0.0	0.0	0.0
OG0005910	0.0	0.0	0.0	0.0
OG0005911	0.0	0.0	0.0	0.0
OG0005912	0.0	0.0	0.0	0.0
OG0005915	0.0	0.0	0.0	0.0
OG0005916	0.0	0.0	0.0	0.0
OG0005917	0.0	0.0	0.0	0.0
OG0005919	0.0	0.0	0.0	0.0
OG0005920	0.0	0.0	0.0	0.0
OG0005921	0.0	0.0	0.0	0.0
OG0005922	0.0	0.0	0.0	0.0
OG0005924	0.0	0.0	0.0	0.0
OG0005929	0.0	0.0	0.0	0.0
OG0005930	0.0	0.0	0.0	0.0
OG0005932	0.0	0.0	0.0	0.0
OG0005935	0.0	0.0	0.0	0.0
OG0005937	0.0	0.0	0.0	0.0
OG0005939	0.0	0.0	0.0	0.0
OG0005940	0.0	0.0	0.0	0.0
OG0005941	0.0	0.0	0.0	0.0
OG0005942	0.0	0.0	0.0	0.0
OG0005943	0.0	0.0	0.0	0.0
OG0005944	0.0	0.0	0.0	0.0
OG0005945	0.0	0.0	0.0	0.0
OG0005946	0.0	0.0	0.0	0.0
OG0005947	0.0	0.0	0.0	0.0
OG0005948	0.0	0.0	0.0	0.0
OG0005949	0.0	0.0	0.0	0.0
OG0005950	0.0	0.0	0.0	0.0
OG0005951	0.0	0.0	0.0	0.0
OG0005952	0.0	0.0	0.0	0.0
OG0005954	0.0	0.0	0.0	0.0
OG0005955	0.0	0.0	0.0	0.0
OG0005956	0.0	0.0	0.0	0.0
OG0005957	0.0	0.0	0.0	0.0
OG0005958	0.0	0.0	0.0	0.0
OG0005966	0.0	0.0	0.0	0.0
OG0005968	0.0	0.0	0.0	0.0
OG0005969	0.0	0.0	0.0	0.0
OG0005980	0.0	0.0	0.0	0.0
OG0005981	0.0	0.0	0.0	0.0
OG0005984	0.0	0.0	0.0	0.0
OG0005987	0.0	0.0	0.0	0.0
OG0005988	0.0	0.0	0.0	0.0
OG0005990	0.0	0.0	0.0	0.0
OG0005991	0.0	0.0	0.0	0.0
OG0005992	0.0	0.0	0.0	0.0
OG0005993	0.0	0.0	0.0	0.0
OG0005997	0.0	0.0	0.0	0.0
OG0005999	0.0	0.0	0.0	0.0
OG0006001	0.0	0.0	0.0	0.0
OG0006002	0.0	0.0	0.0	0.0
OG0006003	0.0	0.0	0.0	0.0
OG0006004	0.0	0.0	0.0	0.0
OG0006005	0.0	0.0	0.0	0.0
OG0006007	0.0	0.0	0.0	0.0
OG0006009	0.0	0.0	0.0	0.0
OG0006010	0.0	0.0	0.0	0.0
OG0006013	0.0	0.0	0.0	0.0
OG0006014	0.0	0.0	0.0	0.0
OG0006015	0.0	0.0	0.0	0.0
OG0006016	0.0	0.0	0.0	0.0
OG0006017	0.0	0.0	0.0	0.0
OG0006018	0.0	0.0	0.0	0.0
OG0006019	0.0	0.0	0.0	0.0
OG0006021	0.0	0.0	0.0	0.0
OG0006022	0.0	0.0	0.0	0.0
OG0006023	0.0	0.0	0.0	0.0
OG0006024	0.0	0.0	0.0	0.0
OG0006025	0.0	0.0	0.0	0.0
OG0006026	0.0	0.0	0.0	0.0
OG0006028	0.0	0.0	0.0	0.0
OG0006030	0.0	0.0	0.0	0.0
OG0006031	0.0	0.0	0.0	0.0
OG0006033	0.0	0.0	0.0	0.0
OG0006036	0.0	0.0	0.0	0.0
OG0006037	0.0	0.0	0.0	0.0
OG0006039	0.0	0.0	0.0	0.0
OG0006040	0.0	0.0	0.0	0.0
OG0006041	0.0	0.0	0.0	0.0
OG0006042	0.0	0.0	0.0	0.0
OG0006043	0.0	0.0	0.0	0.0
OG0006044	0.0	0.0	0.0	0.0
OG0006045	0.0	0.0	0.0	0.0
OG0006046	0.0	0.0	0.0	0.0
OG0006047	0.0	0.0	0.0	0.0
OG0006048	0.0	0.0	0.0	0.0
OG0006049	0.0	0.0	0.0	0.0
OG0006050	0.0	0.0	0.0	0.0
OG0006051	0.0	0.0	0.0	0.0
OG0006052	0.0	0.0	0.0	0.0
OG0006053	0.0	0.0	0.0	0.0
OG0006055	0.0	0.0	0.0	0.0
OG0006056	0.0	0.0	0.0	0.0
OG0006057	0.0	0.0	0.0	0.0
OG0006058	0.0	0.0	0.0	0.0
OG0006059	0.0	0.0	0.0	0.0
OG0006060	0.0	0.0	0.0	0.0
OG0006062	0.0	0.0	0.0	0.0
OG0006063	0.0	0.0	0.0	0.0
OG0006064	0.0	0.0	0.0	0.0
OG0006065	0.0	0.0	0.0	0.0
OG0006066	0.0	0.0	0.0	0.0
OG0006068	0.0	0.0	0.0	0.0
OG0006069	0.0	0.0	0.0	0.0
OG0006070	0.0	0.0	0.0	0.0
OG0006074	0.0	0.0	0.0	0.0
OG0006088	0.0	0.0	0.0	0.0
OG0006093	0.0	0.0	0.0	0.0
OG0006095	0.0	0.0	0.0	0.0
OG0006097	0.0	0.0	0.0	0.0
OG0006103	0.0	0.0	0.0	0.0
OG0006105	0.0	0.0	0.0	0.0
OG0006106	0.0	0.0	0.0	0.0
OG0006107	0.0	0.0	0.0	0.0
OG0006108	0.0	0.0	0.0	0.0
OG0006109	0.0	0.0	0.0	0.0
OG0006110	0.0	0.0	0.0	0.0
OG0006112	0.0	0.0	0.0	0.0
OG0006113	0.0	0.0	0.0	0.0
OG0006116	0.0	0.0	0.0	0.0
OG0006117	0.0	0.0	0.0	0.0
OG0006118	0.0	0.0	0.0	0.0
OG0006119	0.0	0.0	0.0	0.0
OG0006121	0.0	0.0	0.0	0.0
OG0006123	0.0	0.0	0.0	0.0
OG0006124	0.0	0.0	0.0	0.0
OG0006125	0.0	0.0	0.0	0.0
OG0006126	0.0	0.0	0.0	0.0
OG0006130	0.0	0.0	0.0	0.0
OG0006132	0.0	0.0	0.0	0.0
OG0006135	0.0	0.0	0.0	0.0
OG0006136	0.0	0.0	0.0	0.0
OG0006137	0.0	0.0	0.0	0.0
OG0006138	0.0	0.0	0.0	0.0
OG0006139	0.0	0.0	0.0	0.0
OG0006142	0.0	0.0	0.0	0.0
OG0006144	0.0	0.0	0.0	0.0
OG0006145	0.0	0.0	0.0	0.0
OG0006146	0.0	0.0	0.0	0.0
OG0006147	0.0	0.0	0.0	0.0
OG0006148	0.0	0.0	0.0	0.0
OG0006151	0.0	0.0	0.0	0.0
OG0006152	0.0	0.0	0.0	0.0
OG0006154	0.0	0.0	0.0	0.0
OG0006156	0.0	0.0	0.0	0.0
OG0006157	0.0	0.0	0.0	0.0
OG0006158	0.0	0.0	0.0	0.0
OG0006163	0.0	0.0	0.0	0.0
OG0006164	0.0	0.0	0.0	0.0
OG0006165	0.0	0.0	0.0	0.0
OG0006166	0.0	0.0	0.0	0.0
OG0006167	0.0	0.0	0.0	0.0
OG0006173	0.0	0.0	0.0	0.0
OG0006175	0.0	0.0	0.0	0.0
OG0006176	0.0	0.0	0.0	0.0
OG0006179	0.0	0.0	0.0	0.0
OG0006181	0.0	0.0	0.0	0.0
OG0006182	0.0	0.0	0.0	0.0
OG0006183	0.0	0.0	0.0	0.0
OG0006184	0.0	0.0	0.0	0.0
OG0006185	0.0	0.0	0.0	0.0
OG0006186	0.0	0.0	0.0	0.0
OG0006187	0.0	0.0	0.0	0.0
OG0006188	0.0	0.0	0.0	0.0
OG0006189	0.0	0.0	0.0	0.0
OG0006190	0.0	0.0	0.0	0.0
OG0006192	0.0	0.0	0.0	0.0
OG0006194	0.0	0.0	0.0	0.0
OG0006195	0.0	0.0	0.0	0.0
OG0006210	0.0	0.0	0.0	0.0
OG0006211	0.0	0.0	0.0	0.0
OG0006212	0.0	0.0	0.0	0.0
OG0006214	0.0	0.0	0.0	0.0
OG0006217	0.0	0.0	0.0	0.0
OG0006219	0.0	0.0	0.0	0.0
OG0006221	0.0	0.0	0.0	0.0
OG0006222	0.0	0.0	0.0	0.0
OG0006223	0.0	0.0	0.0	0.0
OG0006226	0.0	0.0	0.0	0.0
OG0006227	0.0	0.0	0.0	0.0
OG0006228	0.0	0.0	0.0	0.0
OG0006229	0.0	0.0	0.0	0.0
OG0006230	0.0	0.0	0.0	0.0
OG0006231	0.0	0.0	0.0	0.0
OG0006232	0.0	0.0	0.0	0.0
OG0006233	0.0	0.0	0.0	0.0
OG0006235	0.0	0.0	0.0	0.0
OG0006236	0.0	0.0	0.0	0.0
OG0006244	0.0	0.0	0.0	0.0
OG0006245	0.0	0.0	0.0	0.0
OG0006246	0.0	0.0	0.0	0.0
OG0006247	0.0	0.0	0.0	0.0
OG0006250	0.0	0.0	0.0	0.0
OG0006252	0.0	0.0	0.0	0.0
OG0006253	0.0	0.0	0.0	0.0
OG0006254	0.0	0.0	0.0	0.0
OG0006255	0.0	0.0	0.0	0.0
OG0006256	0.0	0.0	0.0	0.0
OG0006259	0.0	0.0	0.0	0.0
OG0006260	0.0	0.0	0.0	0.0
OG0006262	0.0	0.0	0.0	0.0
OG0006264	0.0	0.0	0.0	0.0
OG0006265	0.0	0.0	0.0	0.0
OG0006266	0.0	0.0	0.0	0.0
OG0006267	0.0	0.0	0.0	0.0
OG0006269	0.0	0.0	0.0	0.0
OG0006270	0.0	0.0	0.0	0.0
OG0006272	0.0	0.0	0.0	0.0
OG0006274	0.0	0.0	0.0	0.0
OG0006278	0.0	0.0	0.0	0.0
OG0006280	0.0	0.0	0.0	0.0
OG0006282	0.0	0.0	0.0	0.0
OG0006283	0.0	0.0	0.0	0.0
OG0006285	0.0	0.0	0.0	0.0
OG0006286	0.0	0.0	0.0	0.0
OG0006288	0.0	0.0	0.0	0.0
OG0006289	0.0	0.0	0.0	0.0
OG0006290	0.0	0.0	0.0	0.0
OG0006291	0.0	0.0	0.0	0.0
OG0006292	0.0	0.0	0.0	0.0
OG0006293	0.0	0.0	0.0	0.0
OG0006294	0.0	0.0	0.0	0.0
OG0006296	0.0	0.0	0.0	0.0
OG0006297	0.0	0.0	0.0	0.0
OG0006300	0.0	0.0	0.0	0.0
OG0006301	0.0	0.0	0.0	0.0
OG0006302	0.0	0.0	0.0	0.0
OG0006303	0.0	0.0	0.0	0.0
OG0006304	0.0	0.0	0.0	0.0
OG0006305	0.0	0.0	0.0	0.0
OG0006306	0.0	0.0	0.0	0.0
OG0006307	0.0	0.0	0.0	0.0
OG0006308	0.0	0.0	0.0	0.0
OG0006309	0.0	0.0	0.0	0.0
OG0006311	0.0	0.0	0.0	0.0
OG0006312	0.0	0.0	0.0	0.0
OG0006313	0.0	0.0	0.0	0.0
OG0006314	0.0	0.0	0.0	0.0
OG0006315	0.0	0.0	0.0	0.0
OG0006318	0.0	0.0	0.0	0.0
OG0006319	0.0	0.0	0.0	0.0
OG0006321	0.0	0.0	0.0	0.0
OG0006329	0.0	0.0	0.0	0.0
OG0006332	0.0	0.0	0.0	0.0
OG0006334	0.0	0.0	0.0	0.0
OG0006336	0.0	0.0	0.0	0.0
OG0006337	0.0	0.0	0.0	0.0
OG0006341	0.0	0.0	0.0	0.0
OG0006342	0.0	0.0	0.0	0.0
OG0006344	0.0	0.0	0.0	0.0
OG0006345	0.0	0.0	0.0	0.0
OG0006347	0.0	0.0	0.0	0.0
OG0006349	0.0	0.0	0.0	0.0
OG0006351	0.0	0.0	0.0	0.0
OG0006352	0.0	0.0	0.0	0.0
OG0006353	0.0	0.0	0.0	0.0
OG0006354	0.0	0.0	0.0	0.0
OG0006356	0.0	0.0	0.0	0.0
OG0006357	0.0	0.0	0.0	0.0
OG0006358	0.0	0.0	0.0	0.0
OG0006359	0.0	0.0	0.0	0.0
OG0006360	0.0	0.0	0.0	0.0
OG0006361	0.0	0.0	0.0	0.0
OG0006362	0.0	0.0	0.0	0.0
OG0006363	0.0	0.0	0.0	0.0
OG0006365	0.0	0.0	0.0	0.0
OG0006366	0.0	0.0	0.0	0.0
OG0006367	0.0	0.0	0.0	0.0
OG0006368	0.0	0.0	0.0	0.0
OG0006369	0.0	0.0	0.0	0.0
OG0006370	0.0	0.0	0.0	0.0
OG0006371	0.0	0.0	0.0	0.0
OG0006372	0.0	0.0	0.0	0.0
OG0006375	0.0	0.0	0.0	0.0
OG0006376	0.0	0.0	0.0	0.0
OG0006378	0.0	0.0	0.0	0.0
OG0006382	0.0	0.0	0.0	0.0
OG0006386	0.0	0.0	0.0	0.0
OG0006393	0.0	0.0	0.0	0.0
OG0006396	0.0	0.0	0.0	0.0
OG0006397	0.0	0.0	0.0	0.0
OG0006398	0.0	0.0	0.0	0.0
OG0006399	0.0	0.0	0.0	0.0
OG0006401	0.0	0.0	0.0	0.0
OG0006402	0.0	0.0	0.0	0.0
OG0006403	0.0	0.0	0.0	0.0
OG0006404	0.0	0.0	0.0	0.0
OG0006405	0.0	0.0	0.0	0.0
OG0006406	0.0	0.0	0.0	0.0
OG0006407	0.0	0.0	0.0	0.0
OG0006408	0.0	0.0	0.0	0.0
OG0006410	0.0	0.0	0.0	0.0
OG0006411	0.0	0.0	0.0	0.0
OG0006412	0.0	0.0	0.0	0.0
OG0006413	0.0	0.0	0.0	0.0
OG0006433	0.0	0.0	0.0	0.0
OG0006434	0.0	0.0	0.0	0.0
OG0006435	0.0	0.0	0.0	0.0
OG0006436	0.0	0.0	0.0	0.0
OG0006437	0.0	0.0	0.0	0.0
OG0006440	0.0	0.0	0.0	0.0
OG0006441	0.0	0.0	0.0	0.0
OG0006442	0.0	0.0	0.0	0.0
OG0006443	0.0	0.0	0.0	0.0
OG0006447	0.0	0.0	0.0	0.0
OG0006448	0.0	0.0	0.0	0.0
OG0006453	0.0	0.0	0.0	0.0
OG0006454	0.0	0.0	0.0	0.0
OG0006455	0.0	0.0	0.0	0.0
OG0006457	0.0	0.0	0.0	0.0
OG0006458	0.0	0.0	0.0	0.0
OG0006461	0.0	0.0	0.0	0.0
OG0006462	0.0	0.0	0.0	0.0
OG0006463	0.0	0.0	0.0	0.0
OG0006464	0.0	0.0	0.0	0.0
OG0006465	0.0	0.0	0.0	0.0
OG0006466	0.0	0.0	0.0	0.0
OG0006467	0.0	0.0	0.0	0.0
OG0006468	0.0	0.0	0.0	0.0
OG0006470	0.0	0.0	0.0	0.0
OG0006471	0.0	0.0	0.0	0.0
OG0006473	0.0	0.0	0.0	0.0
OG0006474	0.0	0.0	0.0	0.0
OG0006475	0.0	0.0	0.0	0.0
OG0006476	0.0	0.0	0.0	0.0
OG0006478	0.0	0.0	0.0	0.0
OG0006480	0.0	0.0	0.0	0.0
OG0006481	0.0	0.0	0.0	0.0
OG0006482	0.0	0.0	0.0	0.0
OG0006483	0.0	0.0	0.0	0.0
OG0006485	0.0	0.0	0.0	0.0
OG0006488	0.0	0.0	0.0	0.0
OG0006491	0.0	0.0	0.0	0.0
OG0006493	0.0	0.0	0.0	0.0
OG0006494	0.0	0.0	0.0	0.0
OG0006496	0.0	0.0	0.0	0.0
OG0006498	0.0	0.0	0.0	0.0
OG0006499	0.0	0.0	0.0	0.0
OG0006500	0.0	0.0	0.0	0.0
OG0006501	0.0	0.0	0.0	0.0
OG0006502	0.0	0.0	0.0	0.0
OG0006503	0.0	0.0	0.0	0.0
OG0006505	0.0	0.0	0.0	0.0
OG0006506	0.0	0.0	0.0	0.0
OG0006509	0.0	0.0	0.0	0.0
OG0006510	0.0	0.0	0.0	0.0
OG0006512	0.0	0.0	0.0	0.0
OG0006513	0.0	0.0	0.0	0.0
OG0006514	0.0	0.0	0.0	0.0
OG0006515	0.0	0.0	0.0	0.0
OG0006516	0.0	0.0	0.0	0.0
OG0006518	0.0	0.0	0.0	0.0
OG0006519	0.0	0.0	0.0	0.0
OG0006520	0.0	0.0	0.0	0.0
OG0006541	0.0	0.0	0.0	0.0
OG0006542	0.0	0.0	0.0	0.0
OG0006543	0.0	0.0	0.0	0.0
OG0006545	0.0	0.0	0.0	0.0
OG0006546	0.0	0.0	0.0	0.0
OG0006548	0.0	0.0	0.0	0.0
OG0006550	0.0	0.0	0.0	0.0
OG0006551	0.0	0.0	0.0	0.0
OG0006552	0.0	0.0	0.0	0.0
OG0006553	0.0	0.0	0.0	0.0
OG0006554	0.0	0.0	0.0	0.0
OG0006556	0.0	0.0	0.0	0.0
OG0006557	0.0	0.0	0.0	0.0
OG0006558	0.0	0.0	0.0	0.0
OG0006561	0.0	0.0	0.0	0.0
OG0006563	0.0	0.0	0.0	0.0
OG0006565	0.0	0.0	0.0	0.0
OG0006567	0.0	0.0	0.0	0.0
OG0006568	0.0	0.0	0.0	0.0
OG0006569	0.0	0.0	0.0	0.0
OG0006572	0.0	0.0	0.0	0.0
OG0006573	0.0	0.0	0.0	0.0
OG0006574	0.0	0.0	0.0	0.0
OG0006575	0.0	0.0	0.0	0.0
OG0006576	0.0	0.0	0.0	0.0
OG0006577	0.0	0.0	0.0	0.0
OG0006579	0.0	0.0	0.0	0.0
OG0006581	0.0	0.0	0.0	0.0
OG0006582	0.0	0.0	0.0	0.0
OG0006583	0.0	0.0	0.0	0.0
OG0006584	0.0	0.0	0.0	0.0
OG0006585	0.0	0.0	0.0	0.0
OG0006586	0.0	0.0	0.0	0.0
OG0006587	0.0	0.0	0.0	0.0
OG0006588	0.0	0.0	0.0	0.0
OG0006589	0.0	0.0	0.0	0.0
OG0006590	0.0	0.0	0.0	0.0
OG0006591	0.0	0.0	0.0	0.0
OG0006592	0.0	0.0	0.0	0.0
OG0006593	0.0	0.0	0.0	0.0
OG0006594	0.0	0.0	0.0	0.0
OG0006595	0.0	0.0	0.0	0.0
OG0006596	0.0	0.0	0.0	0.0
OG0006597	0.0	0.0	0.0	0.0
OG0006598	0.0	0.0	0.0	0.0
OG0006599	0.0	0.0	0.0	0.0
OG0006600	0.0	0.0	0.0	0.0
OG0006601	0.0	0.0	0.0	0.0
OG0006603	0.0	0.0	0.0	0.0
OG0006604	0.0	0.0	0.0	0.0
OG0006605	0.0	0.0	0.0	0.0
OG0006606	0.0	0.0	0.0	0.0
OG0006607	0.0	0.0	0.0	0.0
OG0006608	0.0	0.0	0.0	0.0
OG0006613	0.0	0.0	0.0	0.0
OG0006614	0.0	0.0	0.0	0.0
OG0006617	0.0	0.0	0.0	0.0
OG0006619	0.0	0.0	0.0	0.0
OG0006621	0.0	0.0	0.0	0.0
OG0006622	0.0	0.0	0.0	0.0
OG0006623	0.0	0.0	0.0	0.0
OG0006624	0.0	0.0	0.0	0.0
OG0006625	0.0	0.0	0.0	0.0
OG0006626	0.0	0.0	0.0	0.0
OG0006629	0.0	0.0	0.0	0.0
OG0006630	0.0	0.0	0.0	0.0
OG0006631	0.0	0.0	0.0	0.0
OG0006633	0.0	0.0	0.0	0.0
OG0006636	0.0	0.0	0.0	0.0
OG0006637	0.0	0.0	0.0	0.0
OG0006638	0.0	0.0	0.0	0.0
OG0006639	0.0	0.0	0.0	0.0
OG0006640	0.0	0.0	0.0	0.0
OG0006641	0.0	0.0	0.0	0.0
OG0006643	0.0	0.0	0.0	0.0
OG0006645	0.0	0.0	0.0	0.0
OG0006647	0.0	0.0	0.0	0.0
OG0006649	0.0	0.0	0.0	0.0
OG0006662	0.0	0.0	0.0	0.0
OG0006663	0.0	0.0	0.0	0.0
OG0006666	0.0	0.0	0.0	0.0
OG0006670	0.0	0.0	0.0	0.0
OG0006672	0.0	0.0	0.0	0.0
OG0006673	0.0	0.0	0.0	0.0
OG0006677	0.0	0.0	0.0	0.0
OG0006680	0.0	0.0	0.0	0.0
OG0006681	0.0	0.0	0.0	0.0
OG0006682	0.0	0.0	0.0	0.0
OG0006683	0.0	0.0	0.0	0.0
OG0006686	0.0	0.0	0.0	0.0
OG0006687	0.0	0.0	0.0	0.0
OG0006691	0.0	0.0	0.0	0.0
OG0006692	0.0	0.0	0.0	0.0
OG0006693	0.0	0.0	0.0	0.0
OG0006696	0.0	0.0	0.0	0.0
OG0006697	0.0	0.0	0.0	0.0
OG0006698	0.0	0.0	0.0	0.0
OG0006701	0.0	0.0	0.0	0.0
OG0006702	0.0	0.0	0.0	0.0
OG0006703	0.0	0.0	0.0	0.0
OG0006704	0.0	0.0	0.0	0.0
OG0006705	0.0	0.0	0.0	0.0
OG0006707	0.0	0.0	0.0	0.0
OG0006708	0.0	0.0	0.0	0.0
OG0006709	0.0	0.0	0.0	0.0
OG0006710	0.0	0.0	0.0	0.0
OG0006711	0.0	0.0	0.0	0.0
OG0006712	0.0	0.0	0.0	0.0
OG0006714	0.0	0.0	0.0	0.0
OG0006715	0.0	0.0	0.0	0.0
OG0006716	0.0	0.0	0.0	0.0
OG0006718	0.0	0.0	0.0	0.0
OG0006719	0.0	0.0	0.0	0.0
OG0006720	0.0	0.0	0.0	0.0
OG0006721	0.0	0.0	0.0	0.0
OG0006722	0.0	0.0	0.0	0.0
OG0006723	0.0	0.0	0.0	0.0
OG0006725	0.0	0.0	0.0	0.0
OG0006726	0.0	0.0	0.0	0.0
OG0006728	0.0	0.0	0.0	0.0
OG0006731	0.0	0.0	0.0	0.0
OG0006733	0.0	0.0	0.0	0.0
OG0006735	0.0	0.0	0.0	0.0
OG0006740	0.0	0.0	0.0	0.0
OG0006741	0.0	0.0	0.0	0.0
OG0006742	0.0	0.0	0.0	0.0
OG0006743	0.0	0.0	0.0	0.0
OG0006744	0.0	0.0	0.0	0.0
OG0006747	0.0	0.0	0.0	0.0
OG0006748	0.0	0.0	0.0	0.0
OG0006749	0.0	0.0	0.0	0.0
OG0006750	0.0	0.0	0.0	0.0
OG0006752	0.0	0.0	0.0	0.0
OG0006753	0.0	0.0	0.0	0.0
OG0006755	0.0	0.0	0.0	0.0
OG0006759	0.0	0.0	0.0	0.0
OG0006762	0.0	0.0	0.0	0.0
OG0006763	0.0	0.0	0.0	0.0
OG0006764	0.0	0.0	0.0	0.0
OG0006779	0.0	0.0	0.0	0.0
OG0006785	0.0	0.0	0.0	0.0
OG0006786	0.0	0.0	0.0	0.0
OG0006789	0.0	0.0	0.0	0.0
OG0006790	0.0	0.0	0.0	0.0
OG0006792	0.0	0.0	0.0	0.0
OG0006793	0.0	0.0	0.0	0.0
OG0006796	0.0	0.0	0.0	0.0
OG0006797	0.0	0.0	0.0	0.0
OG0006799	0.0	0.0	0.0	0.0
OG0006803	0.0	0.0	0.0	0.0
OG0006804	0.0	0.0	0.0	0.0
OG0006806	0.0	0.0	0.0	0.0
OG0006807	0.0	0.0	0.0	0.0
OG0006811	0.0	0.0	0.0	0.0
OG0006814	0.0	0.0	0.0	0.0
OG0006815	0.0	0.0	0.0	0.0
OG0006816	0.0	0.0	0.0	0.0
OG0006818	0.0	0.0	0.0	0.0
OG0006819	0.0	0.0	0.0	0.0
OG0006820	0.0	0.0	0.0	0.0
OG0006821	0.0	0.0	0.0	0.0
OG0006822	0.0	0.0	0.0	0.0
OG0006824	0.0	0.0	0.0	0.0
OG0006825	0.0	0.0	0.0	0.0
OG0006826	0.0	0.0	0.0	0.0
OG0006827	0.0	0.0	0.0	0.0
OG0006828	0.0	0.0	0.0	0.0
OG0006829	0.0	0.0	0.0	0.0
OG0006830	0.0	0.0	0.0	0.0
OG0006832	0.0	0.0	0.0	0.0
OG0006833	0.0	0.0	0.0	0.0
OG0006834	0.0	0.0	0.0	0.0
OG0006835	0.0	0.0	0.0	0.0
OG0006838	0.0	0.0	0.0	0.0
OG0006839	0.0	0.0	0.0	0.0
OG0006840	0.0	0.0	0.0	0.0
OG0006841	0.0	0.0	0.0	0.0
OG0006843	0.0	0.0	0.0	0.0
OG0006845	0.0	0.0	0.0	0.0
OG0006848	0.0	0.0	0.0	0.0
OG0006849	0.0	0.0	0.0	0.0
OG0006850	0.0	0.0	0.0	0.0
OG0006851	0.0	0.0	0.0	0.0
OG0006856	0.0	0.0	0.0	0.0
OG0006859	0.0	0.0	0.0	0.0
OG0006860	0.0	0.0	0.0	0.0
OG0006861	0.0	0.0	0.0	0.0
OG0006862	0.0	0.0	0.0	0.0
OG0006864	0.0	0.0	0.0	0.0
OG0006865	0.0	0.0	0.0	0.0
OG0006867	0.0	0.0	0.0	0.0
OG0006869	0.0	0.0	0.0	0.0
OG0006874	0.0	0.0	0.0	0.0
OG0006875	0.0	0.0	0.0	0.0
OG0006876	0.0	0.0	0.0	0.0
OG0006877	0.0	0.0	0.0	0.0
OG0006878	0.0	0.0	0.0	0.0
OG0006881	0.0	0.0	0.0	0.0
OG0006883	0.0	0.0	0.0	0.0
OG0006884	0.0	0.0	0.0	0.0
OG0006887	0.0	0.0	0.0	0.0
OG0006889	0.0	0.0	0.0	0.0
OG0006890	0.0	0.0	0.0	0.0
OG0006896	0.0	0.0	0.0	0.0
OG0006897	0.0	0.0	0.0	0.0
OG0006899	0.0	0.0	0.0	0.0
OG0006900	0.0	0.0	0.0	0.0
OG0006901	0.0	0.0	0.0	0.0
OG0006902	0.0	0.0	0.0	0.0
OG0006904	0.0	0.0	0.0	0.0
OG0006913	0.0	0.0	0.0	0.0
OG0006925	0.0	0.0	0.0	0.0
OG0006927	0.0	0.0	0.0	0.0
OG0006929	0.0	0.0	0.0	0.0
OG0006932	0.0	0.0	0.0	0.0
OG0006934	0.0	0.0	0.0	0.0
OG0006938	0.0	0.0	0.0	0.0
OG0006939	0.0	0.0	0.0	0.0
OG0006944	0.0	0.0	0.0	0.0
OG0006946	0.0	0.0	0.0	0.0
OG0006947	0.0	0.0	0.0	0.0
OG0006948	0.0	0.0	0.0	0.0
OG0006949	0.0	0.0	0.0	0.0
OG0006951	0.0	0.0	0.0	0.0
OG0006952	0.0	0.0	0.0	0.0
OG0006956	0.0	0.0	0.0	0.0
OG0006957	0.0	0.0	0.0	0.0
OG0006960	0.0	0.0	0.0	0.0
OG0006962	0.0	0.0	0.0	0.0
OG0006963	0.0	0.0	0.0	0.0
OG0006965	0.0	0.0	0.0	0.0
OG0006967	0.0	0.0	0.0	0.0
OG0006968	0.0	0.0	0.0	0.0
OG0006969	0.0	0.0	0.0	0.0
OG0006972	0.0	0.0	0.0	0.0
OG0006973	0.0	0.0	0.0	0.0
OG0006974	0.0	0.0	0.0	0.0
OG0006975	0.0	0.0	0.0	0.0
OG0006976	0.0	0.0	0.0	0.0
OG0006977	0.0	0.0	0.0	0.0
OG0006978	0.0	0.0	0.0	0.0
OG0006981	0.0	0.0	0.0	0.0
OG0006982	0.0	0.0	0.0	0.0
OG0006983	0.0	0.0	0.0	0.0
OG0006987	0.0	0.0	0.0	0.0
OG0006988	0.0	0.0	0.0	0.0
OG0006989	0.0	0.0	0.0	0.0
OG0006990	0.0	0.0	0.0	0.0
OG0006992	0.0	0.0	0.0	0.0
OG0006993	0.0	0.0	0.0	0.0
OG0006994	0.0	0.0	0.0	0.0
OG0006995	0.0	0.0	0.0	0.0
OG0006998	0.0	0.0	0.0	0.0
OG0007004	0.0	0.0	0.0	0.0
OG0007005	0.0	0.0	0.0	0.0
OG0007006	0.0	0.0	0.0	0.0
OG0007008	0.0	0.0	0.0	0.0
OG0007010	0.0	0.0	0.0	0.0
OG0007011	0.0	0.0	0.0	0.0
OG0007012	0.0	0.0	0.0	0.0
OG0007013	0.0	0.0	0.0	0.0
OG0007015	0.0	0.0	0.0	0.0
OG0007017	0.0	0.0	0.0	0.0
OG0007019	0.0	0.0	0.0	0.0
OG0007020	0.0	0.0	0.0	0.0
OG0007021	0.0	0.0	0.0	0.0
OG0007022	0.0	0.0	0.0	0.0
OG0007024	0.0	0.0	0.0	0.0
OG0007025	0.0	0.0	0.0	0.0
OG0007028	0.0	0.0	0.0	0.0
OG0007029	0.0	0.0	0.0	0.0
OG0007032	0.0	0.0	0.0	0.0
OG0007033	0.0	0.0	0.0	0.0
OG0007037	0.0	0.0	0.0	0.0
OG0007038	0.0	0.0	0.0	0.0
OG0007042	0.0	0.0	0.0	0.0
OG0007055	0.0	0.0	0.0	0.0
OG0007057	0.0	0.0	0.0	0.0
OG0007058	0.0	0.0	0.0	0.0
OG0007059	0.0	0.0	0.0	0.0
OG0007062	0.0	0.0	0.0	0.0
OG0007065	0.0	0.0	0.0	0.0
OG0007069	0.0	0.0	0.0	0.0
OG0007071	0.0	0.0	0.0	0.0
OG0007072	0.0	0.0	0.0	0.0
OG0007076	0.0	0.0	0.0	0.0
OG0007077	0.0	0.0	0.0	0.0
OG0007078	0.0	0.0	0.0	0.0
OG0007083	0.0	0.0	0.0	0.0
OG0007084	0.0	0.0	0.0	0.0
OG0007086	0.0	0.0	0.0	0.0
OG0007087	0.0	0.0	0.0	0.0
OG0007088	0.0	0.0	0.0	0.0
OG0007091	0.0	0.0	0.0	0.0
OG0007093	0.0	0.0	0.0	0.0
OG0007094	0.0	0.0	0.0	0.0
OG0007095	0.0	0.0	0.0	0.0
OG0007096	0.0	0.0	0.0	0.0
OG0007097	0.0	0.0	0.0	0.0
OG0007100	0.0	0.0	0.0	0.0
OG0007101	0.0	0.0	0.0	0.0
OG0007102	0.0	0.0	0.0	0.0
OG0007103	0.0	0.0	0.0	0.0
OG0007104	0.0	0.0	0.0	0.0
OG0007106	0.0	0.0	0.0	0.0
OG0007107	0.0	0.0	0.0	0.0
OG0007108	0.0	0.0	0.0	0.0
OG0007109	0.0	0.0	0.0	0.0
OG0007111	0.0	0.0	0.0	0.0
OG0007112	0.0	0.0	0.0	0.0
OG0007113	0.0	0.0	0.0	0.0
OG0007114	0.0	0.0	0.0	0.0
OG0007115	0.0	0.0	0.0	0.0
OG0007116	0.0	0.0	0.0	0.0
OG0007117	0.0	0.0	0.0	0.0
OG0007118	0.0	0.0	0.0	0.0
OG0007120	0.0	0.0	0.0	0.0
OG0007122	0.0	0.0	0.0	0.0
OG0007123	0.0	0.0	0.0	0.0
OG0007125	0.0	0.0	0.0	0.0
OG0007127	0.0	0.0	0.0	0.0
OG0007143	0.0	0.0	0.0	0.0
OG0007144	0.0	0.0	0.0	0.0
OG0007150	0.0	0.0	0.0	0.0
OG0007151	0.0	0.0	0.0	0.0
OG0007153	0.0	0.0	0.0	0.0
OG0007154	0.0	0.0	0.0	0.0
OG0007155	0.0	0.0	0.0	0.0
OG0007156	0.0	0.0	0.0	0.0
OG0007157	0.0	0.0	0.0	0.0
OG0007158	0.0	0.0	0.0	0.0
OG0007159	0.0	0.0	0.0	0.0
OG0007161	0.0	0.0	0.0	0.0
OG0007163	0.0	0.0	0.0	0.0
OG0007164	0.0	0.0	0.0	0.0
OG0007165	0.0	0.0	0.0	0.0
OG0007166	0.0	0.0	0.0	0.0
OG0007167	0.0	0.0	0.0	0.0
OG0007169	0.0	0.0	0.0	0.0
OG0007171	0.0	0.0	0.0	0.0
OG0007173	0.0	0.0	0.0	0.0
OG0007174	0.0	0.0	0.0	0.0
OG0007176	0.0	0.0	0.0	0.0
OG0007177	0.0	0.0	0.0	0.0
OG0007178	0.0	0.0	0.0	0.0
OG0007191	0.0	0.0	0.0	0.0
OG0007198	0.0	0.0	0.0	0.0
OG0007201	0.0	0.0	0.0	0.0
OG0007206	0.0	0.0	0.0	0.0
OG0007212	0.0	0.0	0.0	0.0
OG0007213	0.0	0.0	0.0	0.0
OG0007214	0.0	0.0	0.0	0.0
OG0007218	0.0	0.0	0.0	0.0
OG0007219	0.0	0.0	0.0	0.0
OG0007221	0.0	0.0	0.0	0.0
OG0007222	0.0	0.0	0.0	0.0
OG0007223	0.0	0.0	0.0	0.0
OG0007225	0.0	0.0	0.0	0.0
OG0007226	0.0	0.0	0.0	0.0
OG0007227	0.0	0.0	0.0	0.0
OG0007229	0.0	0.0	0.0	0.0
OG0007232	0.0	0.0	0.0	0.0
OG0007235	0.0	0.0	0.0	0.0
OG0007236	0.0	0.0	0.0	0.0
OG0007237	0.0	0.0	0.0	0.0
OG0007238	0.0	0.0	0.0	0.0
OG0007239	0.0	0.0	0.0	0.0
OG0007241	0.0	0.0	0.0	0.0
OG0007243	0.0	0.0	0.0	0.0
OG0007244	0.0	0.0	0.0	0.0
OG0007245	0.0	0.0	0.0	0.0
OG0007246	0.0	0.0	0.0	0.0
OG0007247	0.0	0.0	0.0	0.0
OG0007249	0.0	0.0	0.0	0.0
OG0007251	0.0	0.0	0.0	0.0
OG0007252	0.0	0.0	0.0	0.0
OG0007254	0.0	0.0	0.0	0.0
OG0007255	0.0	0.0	0.0	0.0
OG0007256	0.0	0.0	0.0	0.0
OG0007258	0.0	0.0	0.0	0.0
OG0007259	0.0	0.0	0.0	0.0
OG0007261	0.0	0.0	0.0	0.0
OG0007262	0.0	0.0	0.0	0.0
OG0007263	0.0	0.0	0.0	0.0
OG0007265	0.0	0.0	0.0	0.0
OG0007266	0.0	0.0	0.0	0.0
OG0007269	0.0	0.0	0.0	0.0
OG0007270	0.0	0.0	0.0	0.0
OG0007272	0.0	0.0	0.0	0.0
OG0007273	0.0	0.0	0.0	0.0
OG0007274	0.0	0.0	0.0	0.0
OG0007275	0.0	0.0	0.0	0.0
OG0007281	0.0	0.0	0.0	0.0
OG0007292	0.0	0.0	0.0	0.0
OG0007293	0.0	0.0	0.0	0.0
OG0007294	0.0	0.0	0.0	0.0
OG0007295	0.0	0.0	0.0	0.0
OG0007296	0.0	0.0	0.0	0.0
OG0007298	0.0	0.0	0.0	0.0
OG0007300	0.0	0.0	0.0	0.0
OG0007301	0.0	0.0	0.0	0.0
OG0007302	0.0	0.0	0.0	0.0
OG0007303	0.0	0.0	0.0	0.0
OG0007304	0.0	0.0	0.0	0.0
OG0007306	0.0	0.0	0.0	0.0
OG0007307	0.0	0.0	0.0	0.0
OG0007308	0.0	0.0	0.0	0.0
OG0007309	0.0	0.0	0.0	0.0
OG0007310	0.0	0.0	0.0	0.0
OG0007311	0.0	0.0	0.0	0.0
OG0007312	0.0	0.0	0.0	0.0
OG0007314	0.0	0.0	0.0	0.0
OG0007316	0.0	0.0	0.0	0.0
OG0007317	0.0	0.0	0.0	0.0
OG0007320	0.0	0.0	0.0	0.0
OG0007321	0.0	0.0	0.0	0.0
OG0007322	0.0	0.0	0.0	0.0
OG0007324	0.0	0.0	0.0	0.0
OG0007325	0.0	0.0	0.0	0.0
OG0007326	0.0	0.0	0.0	0.0
OG0007327	0.0	0.0	0.0	0.0
OG0007328	0.0	0.0	0.0	0.0
OG0007331	0.0	0.0	0.0	0.0
OG0007338	0.0	0.0	0.0	0.0
OG0007340	0.0	0.0	0.0	0.0
OG0007361	0.0	0.0	0.0	0.0
OG0007364	0.0	0.0	0.0	0.0
OG0007365	0.0	0.0	0.0	0.0
OG0007368	0.0	0.0	0.0	0.0
OG0007370	0.0	0.0	0.0	0.0
OG0007373	0.0	0.0	0.0	0.0
OG0007374	0.0	0.0	0.0	0.0
OG0007375	0.0	0.0	0.0	0.0
OG0007376	0.0	0.0	0.0	0.0
OG0007378	0.0	0.0	0.0	0.0
OG0007380	0.0	0.0	0.0	0.0
OG0007381	0.0	0.0	0.0	0.0
OG0007382	0.0	0.0	0.0	0.0
OG0007384	0.0	0.0	0.0	0.0
OG0007385	0.0	0.0	0.0	0.0
OG0007387	0.0	0.0	0.0	0.0
OG0007389	0.0	0.0	0.0	0.0
OG0007392	0.0	0.0	0.0	0.0
OG0007394	0.0	0.0	0.0	0.0
OG0007396	0.0	0.0	0.0	0.0
OG0007398	0.0	0.0	0.0	0.0
OG0007400	0.0	0.0	0.0	0.0
OG0007401	0.0	0.0	0.0	0.0
OG0007402	0.0	0.0	0.0	0.0
OG0007403	0.0	0.0	0.0	0.0
OG0007404	0.0	0.0	0.0	0.0
OG0007405	0.0	0.0	0.0	0.0
OG0007406	0.0	0.0	0.0	0.0
OG0007407	0.0	0.0	0.0	0.0
OG0007410	0.0	0.0	0.0	0.0
OG0007411	0.0	0.0	0.0	0.0
OG0007413	0.0	0.0	0.0	0.0
OG0007414	0.0	0.0	0.0	0.0
OG0007415	0.0	0.0	0.0	0.0
OG0007416	0.0	0.0	0.0	0.0
OG0007417	0.0	0.0	0.0	0.0
OG0007419	0.0	0.0	0.0	0.0
OG0007420	0.0	0.0	0.0	0.0
OG0007421	0.0	0.0	0.0	0.0
OG0007422	0.0	0.0	0.0	0.0
OG0007423	0.0	0.0	0.0	0.0
OG0007424	0.0	0.0	0.0	0.0
OG0007425	0.0	0.0	0.0	0.0
OG0007426	0.0	0.0	0.0	0.0
OG0007427	0.0	0.0	0.0	0.0
OG0007428	0.0	0.0	0.0	0.0
OG0007429	0.0	0.0	0.0	0.0
OG0007430	0.0	0.0	0.0	0.0
OG0007431	0.0	0.0	0.0	0.0
OG0007432	0.0	0.0	0.0	0.0
OG0007433	0.0	0.0	0.0	0.0
OG0007434	0.0	0.0	0.0	0.0
OG0007435	0.0	0.0	0.0	0.0
OG0007436	0.0	0.0	0.0	0.0
OG0007437	0.0	0.0	0.0	0.0
OG0007438	0.0	0.0	0.0	0.0
OG0007439	0.0	0.0	0.0	0.0
OG0007440	0.0	0.0	0.0	0.0
OG0007441	0.0	0.0	0.0	0.0
OG0007442	0.0	0.0	0.0	0.0
OG0007443	0.0	0.0	0.0	0.0
OG0007444	0.0	0.0	0.0	0.0
OG0007445	0.0	0.0	0.0	0.0
OG0007446	0.0	0.0	0.0	0.0
OG0007448	0.0	0.0	0.0	0.0
OG0007450	0.0	0.0	0.0	0.0
OG0007453	0.0	0.0	0.0	0.0
OG0007458	0.0	0.0	0.0	0.0
OG0007461	0.0	0.0	0.0	0.0
OG0007465	0.0	0.0	0.0	0.0
OG0007466	0.0	0.0	0.0	0.0
OG0007467	0.0	0.0	0.0	0.0
OG0007472	0.0	0.0	0.0	0.0
OG0007473	0.0	0.0	0.0	0.0
OG0007474	0.0	0.0	0.0	0.0
OG0007475	0.0	0.0	0.0	0.0
OG0007476	0.0	0.0	0.0	0.0
OG0007477	0.0	0.0	0.0	0.0
OG0007479	0.0	0.0	0.0	0.0
OG0007481	0.0	0.0	0.0	0.0
OG0007483	0.0	0.0	0.0	0.0
OG0007484	0.0	0.0	0.0	0.0
OG0007485	0.0	0.0	0.0	0.0
OG0007486	0.0	0.0	0.0	0.0
OG0007487	0.0	0.0	0.0	0.0
OG0007488	0.0	0.0	0.0	0.0
OG0007492	0.0	0.0	0.0	0.0
OG0007493	0.0	0.0	0.0	0.0
OG0007494	0.0	0.0	0.0	0.0
OG0007495	0.0	0.0	0.0	0.0
OG0007496	0.0	0.0	0.0	0.0
OG0007500	0.0	0.0	0.0	0.0
OG0007501	0.0	0.0	0.0	0.0
OG0007502	0.0	0.0	0.0	0.0
OG0007503	0.0	0.0	0.0	0.0
OG0007504	0.0	0.0	0.0	0.0
OG0007505	0.0	0.0	0.0	0.0
OG0007507	0.0	0.0	0.0	0.0
OG0007508	0.0	0.0	0.0	0.0
OG0007509	0.0	0.0	0.0	0.0
OG0007510	0.0	0.0	0.0	0.0
OG0007511	0.0	0.0	0.0	0.0
OG0007512	0.0	0.0	0.0	0.0
OG0007513	0.0	0.0	0.0	0.0
OG0007517	0.0	0.0	0.0	0.0
OG0007519	0.0	0.0	0.0	0.0
OG0007523	0.0	0.0	0.0	0.0
OG0007535	0.0	0.0	0.0	0.0
OG0007537	0.0	0.0	0.0	0.0
OG0007543	0.0	0.0	0.0	0.0
OG0007550	0.0	0.0	0.0	0.0
OG0007551	0.0	0.0	0.0	0.0
OG0007556	0.0	0.0	0.0	0.0
OG0007558	0.0	0.0	0.0	0.0
OG0007559	0.0	0.0	0.0	0.0
OG0007560	0.0	0.0	0.0	0.0
OG0007563	0.0	0.0	0.0	0.0
OG0007564	0.0	0.0	0.0	0.0
OG0007565	0.0	0.0	0.0	0.0
OG0007566	0.0	0.0	0.0	0.0
OG0007567	0.0	0.0	0.0	0.0
OG0007570	0.0	0.0	0.0	0.0
OG0007571	0.0	0.0	0.0	0.0
OG0007572	0.0	0.0	0.0	0.0
OG0007573	0.0	0.0	0.0	0.0
OG0007574	0.0	0.0	0.0	0.0
OG0007575	0.0	0.0	0.0	0.0
OG0007576	0.0	0.0	0.0	0.0
OG0007577	0.0	0.0	0.0	0.0
OG0007578	0.0	0.0	0.0	0.0
OG0007579	0.0	0.0	0.0	0.0
OG0007580	0.0	0.0	0.0	0.0
OG0007581	0.0	0.0	0.0	0.0
OG0007582	0.0	0.0	0.0	0.0
OG0007583	0.0	0.0	0.0	0.0
OG0007584	0.0	0.0	0.0	0.0
OG0007585	0.0	0.0	0.0	0.0
OG0007586	0.0	0.0	0.0	0.0
OG0007587	0.0	0.0	0.0	0.0
OG0007588	0.0	0.0	0.0	0.0
OG0007589	0.0	0.0	0.0	0.0
OG0007590	0.0	0.0	0.0	0.0
OG0007591	0.0	0.0	0.0	0.0
OG0007593	0.0	0.0	0.0	0.0
OG0007594	0.0	0.0	0.0	0.0
OG0007595	0.0	0.0	0.0	0.0
OG0007597	0.0	0.0	0.0	0.0
OG0007598	0.0	0.0	0.0	0.0
OG0007599	0.0	0.0	0.0	0.0
OG0007602	0.0	0.0	0.0	0.0
OG0007603	0.0	0.0	0.0	0.0
OG0007604	0.0	0.0	0.0	0.0
OG0007605	0.0	0.0	0.0	0.0
OG0007606	0.0	0.0	0.0	0.0
OG0007607	0.0	0.0	0.0	0.0
OG0007608	0.0	0.0	0.0	0.0
OG0007609	0.0	0.0	0.0	0.0
OG0007610	0.0	0.0	0.0	0.0
OG0007612	0.0	0.0	0.0	0.0
OG0007613	0.0	0.0	0.0	0.0
OG0007614	0.0	0.0	0.0	0.0
OG0007615	0.0	0.0	0.0	0.0
OG0007616	0.0	0.0	0.0	0.0
OG0007617	0.0	0.0	0.0	0.0
OG0007618	0.0	0.0	0.0	0.0
OG0007619	0.0	0.0	0.0	0.0
OG0007620	0.0	0.0	0.0	0.0
OG0007621	0.0	0.0	0.0	0.0
OG0007622	0.0	0.0	0.0	0.0
OG0007623	0.0	0.0	0.0	0.0
OG0007624	0.0	0.0	0.0	0.0
OG0007625	0.0	0.0	0.0	0.0
OG0007626	0.0	0.0	0.0	0.0
OG0007627	0.0	0.0	0.0	0.0
OG0007628	0.0	0.0	0.0	0.0
OG0007629	0.0	0.0	0.0	0.0
OG0007630	0.0	0.0	0.0	0.0
OG0007631	0.0	0.0	0.0	0.0
OG0007632	0.0	0.0	0.0	0.0
OG0007633	0.0	0.0	0.0	0.0
OG0007634	0.0	0.0	0.0	0.0
OG0007635	0.0	0.0	0.0	0.0
OG0007637	0.0	0.0	0.0	0.0
OG0007638	0.0	0.0	0.0	0.0
OG0007639	0.0	0.0	0.0	0.0
OG0007643	0.0	0.0	0.0	0.0
OG0007645	0.0	0.0	0.0	0.0
OG0007646	0.0	0.0	0.0	0.0
OG0007648	0.0	0.0	0.0	0.0
OG0007652	0.0	0.0	0.0	0.0
OG0007657	0.0	0.0	0.0	0.0
OG0007661	0.0	0.0	0.0	0.0
OG0007662	0.0	0.0	0.0	0.0
OG0007668	0.0	0.0	0.0	0.0
OG0007669	0.0	0.0	0.0	0.0
OG0007676	0.0	0.0	0.0	0.0
OG0007677	0.0	0.0	0.0	0.0
OG0007678	0.0	0.0	0.0	0.0
OG0007679	0.0	0.0	0.0	0.0
OG0007683	0.0	0.0	0.0	0.0
OG0007684	0.0	0.0	0.0	0.0
OG0007685	0.0	0.0	0.0	0.0
OG0007687	0.0	0.0	0.0	0.0
OG0007689	0.0	0.0	0.0	0.0
OG0007690	0.0	0.0	0.0	0.0
OG0007691	0.0	0.0	0.0	0.0
OG0007692	0.0	0.0	0.0	0.0
OG0007693	0.0	0.0	0.0	0.0
OG0007695	0.0	0.0	0.0	0.0
OG0007696	0.0	0.0	0.0	0.0
OG0007698	0.0	0.0	0.0	0.0
OG0007702	0.0	0.0	0.0	0.0
OG0007703	0.0	0.0	0.0	0.0
OG0007704	0.0	0.0	0.0	0.0
OG0007715	0.0	0.0	0.0	0.0
OG0007716	0.0	0.0	0.0	0.0
OG0007717	0.0	0.0	0.0	0.0
OG0007718	0.0	0.0	0.0	0.0
OG0007719	0.0	0.0	0.0	0.0
OG0007748	0.0	0.0	0.0	0.0
OG0007750	0.0	0.0	0.0	0.0
OG0007753	0.0	0.0	0.0	0.0
OG0007762	0.0	0.0	0.0	0.0
OG0007763	0.0	0.0	0.0	0.0
OG0007764	0.0	0.0	0.0	0.0
OG0007765	0.0	0.0	0.0	0.0
OG0007767	0.0	0.0	0.0	0.0
OG0007768	0.0	0.0	0.0	0.0
OG0007770	0.0	0.0	0.0	0.0
OG0007772	0.0	0.0	0.0	0.0
OG0007773	0.0	0.0	0.0	0.0
OG0007774	0.0	0.0	0.0	0.0
OG0007775	0.0	0.0	0.0	0.0
OG0007776	0.0	0.0	0.0	0.0
OG0007777	0.0	0.0	0.0	0.0
OG0007779	0.0	0.0	0.0	0.0
OG0007780	0.0	0.0	0.0	0.0
OG0007782	0.0	0.0	0.0	0.0
OG0007783	0.0	0.0	0.0	0.0
OG0007784	0.0	0.0	0.0	0.0
OG0007785	0.0	0.0	0.0	0.0
OG0007786	0.0	0.0	0.0	0.0
OG0007787	0.0	0.0	0.0	0.0
OG0007788	0.0	0.0	0.0	0.0
OG0007789	0.0	0.0	0.0	0.0
OG0007790	0.0	0.0	0.0	0.0
OG0007791	0.0	0.0	0.0	0.0
OG0007793	0.0	0.0	0.0	0.0
OG0007794	0.0	0.0	0.0	0.0
OG0007795	0.0	0.0	0.0	0.0
OG0007796	0.0	0.0	0.0	0.0
OG0007797	0.0	0.0	0.0	0.0
OG0007798	0.0	0.0	0.0	0.0
OG0007800	0.0	0.0	0.0	0.0
OG0007801	0.0	0.0	0.0	0.0
OG0007802	0.0	0.0	0.0	0.0
OG0007803	0.0	0.0	0.0	0.0
OG0007804	0.0	0.0	0.0	0.0
OG0007805	0.0	0.0	0.0	0.0
OG0007806	0.0	0.0	0.0	0.0
OG0007808	0.0	0.0	0.0	0.0
OG0007809	0.0	0.0	0.0	0.0
OG0007810	0.0	0.0	0.0	0.0
OG0007811	0.0	0.0	0.0	0.0
OG0007812	0.0	0.0	0.0	0.0
OG0007813	0.0	0.0	0.0	0.0
OG0007816	0.0	0.0	0.0	0.0
OG0007818	0.0	0.0	0.0	0.0
OG0007819	0.0	0.0	0.0	0.0
OG0007820	0.0	0.0	0.0	0.0
OG0007821	0.0	0.0	0.0	0.0
OG0007823	0.0	0.0	0.0	0.0
OG0007824	0.0	0.0	0.0	0.0
OG0007825	0.0	0.0	0.0	0.0
OG0007828	0.0	0.0	0.0	0.0
OG0007829	0.0	0.0	0.0	0.0
OG0007830	0.0	0.0	0.0	0.0
OG0007831	0.0	0.0	0.0	0.0
OG0007832	0.0	0.0	0.0	0.0
OG0007833	0.0	0.0	0.0	0.0
OG0007834	0.0	0.0	0.0	0.0
OG0007835	0.0	0.0	0.0	0.0
OG0007836	0.0	0.0	0.0	0.0
OG0007837	0.0	0.0	0.0	0.0
OG0007838	0.0	0.0	0.0	0.0
OG0007839	0.0	0.0	0.0	0.0
OG0007840	0.0	0.0	0.0	0.0
OG0007841	0.0	0.0	0.0	0.0
OG0007842	0.0	0.0	0.0	0.0
OG0007843	0.0	0.0	0.0	0.0
OG0007844	0.0	0.0	0.0	0.0
OG0007845	0.0	0.0	0.0	0.0
OG0007846	0.0	0.0	0.0	0.0
OG0007847	0.0	0.0	0.0	0.0
OG0007848	0.0	0.0	0.0	0.0
OG0007849	0.0	0.0	0.0	0.0
OG0007850	0.0	0.0	0.0	0.0
OG0007851	0.0	0.0	0.0	0.0
OG0007852	0.0	0.0	0.0	0.0
OG0007853	0.0	0.0	0.0	0.0
OG0007854	0.0	0.0	0.0	0.0
OG0007856	0.0	0.0	0.0	0.0
OG0007857	0.0	0.0	0.0	0.0
OG0007858	0.0	0.0	0.0	0.0
OG0007860	0.0	0.0	0.0	0.0
OG0007862	0.0	0.0	0.0	0.0
OG0007863	0.0	0.0	0.0	0.0
OG0007865	0.0	0.0	0.0	0.0
OG0007866	0.0	0.0	0.0	0.0
OG0007867	0.0	0.0	0.0	0.0
OG0007869	0.0	0.0	0.0	0.0
OG0007875	0.0	0.0	0.0	0.0
OG0007876	0.0	0.0	0.0	0.0
OG0007878	0.0	0.0	0.0	0.0
OG0007880	0.0	0.0	0.0	0.0
OG0007881	0.0	0.0	0.0	0.0
OG0007891	0.0	0.0	0.0	0.0
OG0007893	0.0	0.0	0.0	0.0
OG0007895	0.0	0.0	0.0	0.0
OG0007896	0.0	0.0	0.0	0.0
OG0007898	0.0	0.0	0.0	0.0
OG0007901	0.0	0.0	0.0	0.0
OG0007903	0.0	0.0	0.0	0.0
OG0007904	0.0	0.0	0.0	0.0
OG0007905	0.0	0.0	0.0	0.0
OG0007906	0.0	0.0	0.0	0.0
OG0007907	0.0	0.0	0.0	0.0
OG0007909	0.0	0.0	0.0	0.0
OG0007912	0.0	0.0	0.0	0.0
OG0007913	0.0	0.0	0.0	0.0
OG0007914	0.0	0.0	0.0	0.0
OG0007915	0.0	0.0	0.0	0.0
OG0007919	0.0	0.0	0.0	0.0
OG0007920	0.0	0.0	0.0	0.0
OG0007921	0.0	0.0	0.0	0.0
OG0007922	0.0	0.0	0.0	0.0
OG0007925	0.0	0.0	0.0	0.0
OG0007926	0.0	0.0	0.0	0.0
OG0007927	0.0	0.0	0.0	0.0
OG0007928	0.0	0.0	0.0	0.0
OG0007930	0.0	0.0	0.0	0.0
OG0007931	0.0	0.0	0.0	0.0
OG0007932	0.0	0.0	0.0	0.0
OG0007938	0.0	0.0	0.0	0.0
OG0007939	0.0	0.0	0.0	0.0
OG0007944	0.0	0.0	0.0	0.0
OG0007967	0.0	0.0	0.0	0.0
OG0007971	0.0	0.0	0.0	0.0
OG0007972	0.0	0.0	0.0	0.0
OG0007975	0.0	0.0	0.0	0.0
OG0007976	0.0	0.0	0.0	0.0
OG0007986	0.0	0.0	0.0	0.0
OG0007988	0.0	0.0	0.0	0.0
OG0007989	0.0	0.0	0.0	0.0
OG0007991	0.0	0.0	0.0	0.0
OG0007993	0.0	0.0	0.0	0.0
OG0007994	0.0	0.0	0.0	0.0
OG0007996	0.0	0.0	0.0	0.0
OG0007997	0.0	0.0	0.0	0.0
OG0007999	0.0	0.0	0.0	0.0
OG0008000	0.0	0.0	0.0	0.0
OG0008001	0.0	0.0	0.0	0.0
OG0008002	0.0	0.0	0.0	0.0
OG0008004	0.0	0.0	0.0	0.0
OG0008005	0.0	0.0	0.0	0.0
OG0008006	0.0	0.0	0.0	0.0
OG0008008	0.0	0.0	0.0	0.0
OG0008009	0.0	0.0	0.0	0.0
OG0008010	0.0	0.0	0.0	0.0
OG0008011	0.0	0.0	0.0	0.0
OG0008012	0.0	0.0	0.0	0.0
OG0008013	0.0	0.0	0.0	0.0
OG0008014	0.0	0.0	0.0	0.0
OG0008015	0.0	0.0	0.0	0.0
OG0008016	0.0	0.0	0.0	0.0
OG0008017	0.0	0.0	0.0	0.0
OG0008018	0.0	0.0	0.0	0.0
OG0008019	0.0	0.0	0.0	0.0
OG0008021	0.0	0.0	0.0	0.0
OG0008023	0.0	0.0	0.0	0.0
OG0008025	0.0	0.0	0.0	0.0
OG0008026	0.0	0.0	0.0	0.0
OG0008027	0.0	0.0	0.0	0.0
OG0008028	0.0	0.0	0.0	0.0
OG0008030	0.0	0.0	0.0	0.0
OG0008031	0.0	0.0	0.0	0.0
OG0008032	0.0	0.0	0.0	0.0
OG0008033	0.0	0.0	0.0	0.0
OG0008034	0.0	0.0	0.0	0.0
OG0008035	0.0	0.0	0.0	0.0
OG0008036	0.0	0.0	0.0	0.0
OG0008037	0.0	0.0	0.0	0.0
OG0008038	0.0	0.0	0.0	0.0
OG0008039	0.0	0.0	0.0	0.0
OG0008040	0.0	0.0	0.0	0.0
OG0008041	0.0	0.0	0.0	0.0
OG0008042	0.0	0.0	0.0	0.0
OG0008043	0.0	0.0	0.0	0.0
OG0008045	0.0	0.0	0.0	0.0
OG0008046	0.0	0.0	0.0	0.0
OG0008047	0.0	0.0	0.0	0.0
OG0008048	0.0	0.0	0.0	0.0
OG0008049	0.0	0.0	0.0	0.0
OG0008050	0.0	0.0	0.0	0.0
OG0008051	0.0	0.0	0.0	0.0
OG0008052	0.0	0.0	0.0	0.0
OG0008053	0.0	0.0	0.0	0.0
OG0008056	0.0	0.0	0.0	0.0
OG0008057	0.0	0.0	0.0	0.0
OG0008059	0.0	0.0	0.0	0.0
OG0008060	0.0	0.0	0.0	0.0
OG0008062	0.0	0.0	0.0	0.0
OG0008063	0.0	0.0	0.0	0.0
OG0008064	0.0	0.0	0.0	0.0
OG0008072	0.0	0.0	0.0	0.0
OG0008075	0.0	0.0	0.0	0.0
OG0008077	0.0	0.0	0.0	0.0
OG0008078	0.0	0.0	0.0	0.0
OG0008079	0.0	0.0	0.0	0.0
OG0008084	0.0	0.0	0.0	0.0
OG0008086	0.0	0.0	0.0	0.0
OG0008088	0.0	0.0	0.0	0.0
OG0008089	0.0	0.0	0.0	0.0
OG0008091	0.0	0.0	0.0	0.0
OG0008092	0.0	0.0	0.0	0.0
OG0008093	0.0	0.0	0.0	0.0
OG0008095	0.0	0.0	0.0	0.0
OG0008096	0.0	0.0	0.0	0.0
OG0008097	0.0	0.0	0.0	0.0
OG0008098	0.0	0.0	0.0	0.0
OG0008099	0.0	0.0	0.0	0.0
OG0008100	0.0	0.0	0.0	0.0
OG0008101	0.0	0.0	0.0	0.0
OG0008102	0.0	0.0	0.0	0.0
OG0008103	0.0	0.0	0.0	0.0
OG0008105	0.0	0.0	0.0	0.0
OG0008107	0.0	0.0	0.0	0.0
OG0008118	0.0	0.0	0.0	0.0
OG0008122	0.0	0.0	0.0	0.0
OG0008131	0.0	0.0	0.0	0.0
OG0008149	0.0	0.0	0.0	0.0
OG0008154	0.0	0.0	0.0	0.0
OG0008156	0.0	0.0	0.0	0.0
OG0008157	0.0	0.0	0.0	0.0
OG0008158	0.0	0.0	0.0	0.0
OG0008160	0.0	0.0	0.0	0.0
OG0008162	0.0	0.0	0.0	0.0
OG0008163	0.0	0.0	0.0	0.0
OG0008167	0.0	0.0	0.0	0.0
OG0008168	0.0	0.0	0.0	0.0
OG0008170	0.0	0.0	0.0	0.0
OG0008172	0.0	0.0	0.0	0.0
OG0008173	0.0	0.0	0.0	0.0
OG0008175	0.0	0.0	0.0	0.0
OG0008176	0.0	0.0	0.0	0.0
OG0008177	0.0	0.0	0.0	0.0
OG0008181	0.0	0.0	0.0	0.0
OG0008182	0.0	0.0	0.0	0.0
OG0008183	0.0	0.0	0.0	0.0
OG0008185	0.0	0.0	0.0	0.0
OG0008186	0.0	0.0	0.0	0.0
OG0008187	0.0	0.0	0.0	0.0
OG0008188	0.0	0.0	0.0	0.0
OG0008189	0.0	0.0	0.0	0.0
OG0008190	0.0	0.0	0.0	0.0
OG0008191	0.0	0.0	0.0	0.0
OG0008192	0.0	0.0	0.0	0.0
OG0008193	0.0	0.0	0.0	0.0
OG0008194	0.0	0.0	0.0	0.0
OG0008195	0.0	0.0	0.0	0.0
OG0008197	0.0	0.0	0.0	0.0
OG0008198	0.0	0.0	0.0	0.0
OG0008199	0.0	0.0	0.0	0.0
OG0008201	0.0	0.0	0.0	0.0
OG0008203	0.0	0.0	0.0	0.0
OG0008204	0.0	0.0	0.0	0.0
OG0008205	0.0	0.0	0.0	0.0
OG0008206	0.0	0.0	0.0	0.0
OG0008207	0.0	0.0	0.0	0.0
OG0008208	0.0	0.0	0.0	0.0
OG0008209	0.0	0.0	0.0	0.0
OG0008210	0.0	0.0	0.0	0.0
OG0008211	0.0	0.0	0.0	0.0
OG0008212	0.0	0.0	0.0	0.0
OG0008213	0.0	0.0	0.0	0.0
OG0008216	0.0	0.0	0.0	0.0
OG0008219	0.0	0.0	0.0	0.0
OG0008222	0.0	0.0	0.0	0.0
OG0008223	0.0	0.0	0.0	0.0
OG0008227	0.0	0.0	0.0	0.0
OG0008229	0.0	0.0	0.0	0.0
OG0008233	0.0	0.0	0.0	0.0
OG0008237	0.0	0.0	0.0	0.0
OG0008238	0.0	0.0	0.0	0.0
OG0008240	0.0	0.0	0.0	0.0
OG0008244	0.0	0.0	0.0	0.0
OG0008250	0.0	0.0	0.0	0.0
OG0008254	0.0	0.0	0.0	0.0
OG0008258	0.0	0.0	0.0	0.0
OG0008259	0.0	0.0	0.0	0.0
OG0008260	0.0	0.0	0.0	0.0
OG0008261	0.0	0.0	0.0	0.0
OG0008265	0.0	0.0	0.0	0.0
OG0008266	0.0	0.0	0.0	0.0
OG0008268	0.0	0.0	0.0	0.0
OG0008269	0.0	0.0	0.0	0.0
OG0008270	0.0	0.0	0.0	0.0
OG0008271	0.0	0.0	0.0	0.0
OG0008272	0.0	0.0	0.0	0.0
OG0008273	0.0	0.0	0.0	0.0
OG0008276	0.0	0.0	0.0	0.0
OG0008277	0.0	0.0	0.0	0.0
OG0008278	0.0	0.0	0.0	0.0
OG0008280	0.0	0.0	0.0	0.0
OG0008282	0.0	0.0	0.0	0.0
OG0008284	0.0	0.0	0.0	0.0
OG0008285	0.0	0.0	0.0	0.0
OG0008301	0.0	0.0	0.0	0.0
OG0008303	0.0	0.0	0.0	0.0
OG0008308	0.0	0.0	0.0	0.0
OG0008333	0.0	0.0	0.0	0.0
OG0008335	0.0	0.0	0.0	0.0
OG0008339	0.0	0.0	0.0	0.0
OG0008340	0.0	0.0	0.0	0.0
OG0008344	0.0	0.0	0.0	0.0
OG0008346	0.0	0.0	0.0	0.0
OG0008347	0.0	0.0	0.0	0.0
OG0008349	0.0	0.0	0.0	0.0
OG0008350	0.0	0.0	0.0	0.0
OG0008351	0.0	0.0	0.0	0.0
OG0008355	0.0	0.0	0.0	0.0
OG0008356	0.0	0.0	0.0	0.0
OG0008357	0.0	0.0	0.0	0.0
OG0008358	0.0	0.0	0.0	0.0
OG0008360	0.0	0.0	0.0	0.0
OG0008365	0.0	0.0	0.0	0.0
OG0008366	0.0	0.0	0.0	0.0
OG0008368	0.0	0.0	0.0	0.0
OG0008371	0.0	0.0	0.0	0.0
OG0008372	0.0	0.0	0.0	0.0
OG0008377	0.0	0.0	0.0	0.0
OG0008378	0.0	0.0	0.0	0.0
OG0008379	0.0	0.0	0.0	0.0
OG0008380	0.0	0.0	0.0	0.0
OG0008381	0.0	0.0	0.0	0.0
OG0008382	0.0	0.0	0.0	0.0
OG0008383	0.0	0.0	0.0	0.0
OG0008384	0.0	0.0	0.0	0.0
OG0008387	0.0	0.0	0.0	0.0
OG0008390	0.0	0.0	0.0	0.0
OG0008391	0.0	0.0	0.0	0.0
OG0008393	0.0	0.0	0.0	0.0
OG0008395	0.0	0.0	0.0	0.0
OG0008396	0.0	0.0	0.0	0.0
OG0008397	0.0	0.0	0.0	0.0
OG0008398	0.0	0.0	0.0	0.0
OG0008399	0.0	0.0	0.0	0.0
OG0008401	0.0	0.0	0.0	0.0
OG0008403	0.0	0.0	0.0	0.0
OG0008404	0.0	0.0	0.0	0.0
OG0008405	0.0	0.0	0.0	0.0
OG0008406	0.0	0.0	0.0	0.0
OG0008407	0.0	0.0	0.0	0.0
OG0008409	0.0	0.0	0.0	0.0
OG0008410	0.0	0.0	0.0	0.0
OG0008412	0.0	0.0	0.0	0.0
OG0008414	0.0	0.0	0.0	0.0
OG0008416	0.0	0.0	0.0	0.0
OG0008417	0.0	0.0	0.0	0.0
OG0008419	0.0	0.0	0.0	0.0
OG0008422	0.0	0.0	0.0	0.0
OG0008424	0.0	0.0	0.0	0.0
OG0008425	0.0	0.0	0.0	0.0
OG0008426	0.0	0.0	0.0	0.0
OG0008427	0.0	0.0	0.0	0.0
OG0008428	0.0	0.0	0.0	0.0
OG0008430	0.0	0.0	0.0	0.0
OG0008433	0.0	0.0	0.0	0.0
OG0008434	0.0	0.0	0.0	0.0
OG0008438	0.0	0.0	0.0	0.0
OG0008439	0.0	0.0	0.0	0.0
OG0008441	0.0	0.0	0.0	0.0
OG0008442	0.0	0.0	0.0	0.0
OG0008448	0.0	0.0	0.0	0.0
OG0008458	0.0	0.0	0.0	0.0
OG0008461	0.0	0.0	0.0	0.0
OG0008463	0.0	0.0	0.0	0.0
OG0008464	0.0	0.0	0.0	0.0
OG0008466	0.0	0.0	0.0	0.0
OG0008467	0.0	0.0	0.0	0.0
OG0008469	0.0	0.0	0.0	0.0
OG0008471	0.0	0.0	0.0	0.0
OG0008472	0.0	0.0	0.0	0.0
OG0008473	0.0	0.0	0.0	0.0
OG0008474	0.0	0.0	0.0	0.0
OG0008476	0.0	0.0	0.0	0.0
OG0008477	0.0	0.0	0.0	0.0
OG0008480	0.0	0.0	0.0	0.0
OG0008481	0.0	0.0	0.0	0.0
OG0008482	0.0	0.0	0.0	0.0
OG0008483	0.0	0.0	0.0	0.0
OG0008484	0.0	0.0	0.0	0.0
OG0008485	0.0	0.0	0.0	0.0
OG0008486	0.0	0.0	0.0	0.0
OG0008488	0.0	0.0	0.0	0.0
OG0008489	0.0	0.0	0.0	0.0
OG0008491	0.0	0.0	0.0	0.0
OG0008493	0.0	0.0	0.0	0.0
OG0008495	0.0	0.0	0.0	0.0
OG0008501	0.0	0.0	0.0	0.0
OG0008502	0.0	0.0	0.0	0.0
OG0008504	0.0	0.0	0.0	0.0
OG0008505	0.0	0.0	0.0	0.0
OG0008506	0.0	0.0	0.0	0.0
OG0008507	0.0	0.0	0.0	0.0
OG0008516	0.0	0.0	0.0	0.0
OG0008522	0.0	0.0	0.0	0.0
OG0008556	0.0	0.0	0.0	0.0
OG0008559	0.0	0.0	0.0	0.0
OG0008560	0.0	0.0	0.0	0.0
OG0008561	0.0	0.0	0.0	0.0
OG0008569	0.0	0.0	0.0	0.0
OG0008570	0.0	0.0	0.0	0.0
OG0008571	0.0	0.0	0.0	0.0
OG0008572	0.0	0.0	0.0	0.0
OG0008577	0.0	0.0	0.0	0.0
OG0008580	0.0	0.0	0.0	0.0
OG0008583	0.0	0.0	0.0	0.0
OG0008586	0.0	0.0	0.0	0.0
OG0008587	0.0	0.0	0.0	0.0
OG0008588	0.0	0.0	0.0	0.0
OG0008590	0.0	0.0	0.0	0.0
OG0008591	0.0	0.0	0.0	0.0
OG0008592	0.0	0.0	0.0	0.0
OG0008594	0.0	0.0	0.0	0.0
OG0008595	0.0	0.0	0.0	0.0
OG0008596	0.0	0.0	0.0	0.0
OG0008597	0.0	0.0	0.0	0.0
OG0008599	0.0	0.0	0.0	0.0
OG0008601	0.0	0.0	0.0	0.0
OG0008602	0.0	0.0	0.0	0.0
OG0008603	0.0	0.0	0.0	0.0
OG0008604	0.0	0.0	0.0	0.0
OG0008605	0.0	0.0	0.0	0.0
OG0008606	0.0	0.0	0.0	0.0
OG0008607	0.0	0.0	0.0	0.0
OG0008608	0.0	0.0	0.0	0.0
OG0008609	0.0	0.0	0.0	0.0
OG0008610	0.0	0.0	0.0	0.0
OG0008611	0.0	0.0	0.0	0.0
OG0008613	0.0	0.0	0.0	0.0
OG0008614	0.0	0.0	0.0	0.0
OG0008615	0.0	0.0	0.0	0.0
OG0008616	0.0	0.0	0.0	0.0
OG0008617	0.0	0.0	0.0	0.0
OG0008618	0.0	0.0	0.0	0.0
OG0008619	0.0	0.0	0.0	0.0
OG0008620	0.0	0.0	0.0	0.0
OG0008621	0.0	0.0	0.0	0.0
OG0008623	0.0	0.0	0.0	0.0
OG0008624	0.0	0.0	0.0	0.0
OG0008625	0.0	0.0	0.0	0.0
OG0008626	0.0	0.0	0.0	0.0
OG0008627	0.0	0.0	0.0	0.0
OG0008628	0.0	0.0	0.0	0.0
OG0008629	0.0	0.0	0.0	0.0
OG0008631	0.0	0.0	0.0	0.0
OG0008633	0.0	0.0	0.0	0.0
OG0008634	0.0	0.0	0.0	0.0
OG0008635	0.0	0.0	0.0	0.0
OG0008636	0.0	0.0	0.0	0.0
OG0008638	0.0	0.0	0.0	0.0
OG0008639	0.0	0.0	0.0	0.0
OG0008642	0.0	0.0	0.0	0.0
OG0008643	0.0	0.0	0.0	0.0
OG0008645	0.0	0.0	0.0	0.0
OG0008648	0.0	0.0	0.0	0.0
OG0008651	0.0	0.0	0.0	0.0
OG0008652	0.0	0.0	0.0	0.0
OG0008653	0.0	0.0	0.0	0.0
OG0008655	0.0	0.0	0.0	0.0
OG0008656	0.0	0.0	0.0	0.0
OG0008657	0.0	0.0	0.0	0.0
OG0008658	0.0	0.0	0.0	0.0
OG0008659	0.0	0.0	0.0	0.0
OG0008660	0.0	0.0	0.0	0.0
OG0008663	0.0	0.0	0.0	0.0
OG0008681	0.0	0.0	0.0	0.0
OG0008684	0.0	0.0	0.0	0.0
OG0008686	0.0	0.0	0.0	0.0
OG0008688	0.0	0.0	0.0	0.0
OG0008689	0.0	0.0	0.0	0.0
OG0008690	0.0	0.0	0.0	0.0
OG0008692	0.0	0.0	0.0	0.0
OG0008693	0.0	0.0	0.0	0.0
OG0008695	0.0	0.0	0.0	0.0
OG0008696	0.0	0.0	0.0	0.0
OG0008698	0.0	0.0	0.0	0.0
OG0008699	0.0	0.0	0.0	0.0
OG0008700	0.0	0.0	0.0	0.0
OG0008701	0.0	0.0	0.0	0.0
OG0008703	0.0	0.0	0.0	0.0
OG0008704	0.0	0.0	0.0	0.0
OG0008706	0.0	0.0	0.0	0.0
OG0008707	0.0	0.0	0.0	0.0
OG0008708	0.0	0.0	0.0	0.0
OG0008709	0.0	0.0	0.0	0.0
OG0008712	0.0	0.0	0.0	0.0
OG0008713	0.0	0.0	0.0	0.0
OG0008715	0.0	0.0	0.0	0.0
OG0008717	0.0	0.0	0.0	0.0
OG0008718	0.0	0.0	0.0	0.0
OG0008719	0.0	0.0	0.0	0.0
OG0008722	0.0	0.0	0.0	0.0
OG0008724	0.0	0.0	0.0	0.0
OG0008737	0.0	0.0	0.0	0.0
OG0008743	0.0	0.0	0.0	0.0
OG0008746	0.0	0.0	0.0	0.0
OG0008752	0.0	0.0	0.0	0.0
OG0008777	0.0	0.0	0.0	0.0
OG0008778	0.0	0.0	0.0	0.0
OG0008781	0.0	0.0	0.0	0.0
OG0008782	0.0	0.0	0.0	0.0
OG0008790	0.0	0.0	0.0	0.0
OG0008791	0.0	0.0	0.0	0.0
OG0008792	0.0	0.0	0.0	0.0
OG0008793	0.0	0.0	0.0	0.0
OG0008794	0.0	0.0	0.0	0.0
OG0008797	0.0	0.0	0.0	0.0
OG0008799	0.0	0.0	0.0	0.0
OG0008800	0.0	0.0	0.0	0.0
OG0008802	0.0	0.0	0.0	0.0
OG0008804	0.0	0.0	0.0	0.0
OG0008810	0.0	0.0	0.0	0.0
OG0008813	0.0	0.0	0.0	0.0
OG0008816	0.0	0.0	0.0	0.0
OG0008819	0.0	0.0	0.0	0.0
OG0008820	0.0	0.0	0.0	0.0
OG0008821	0.0	0.0	0.0	0.0
OG0008822	0.0	0.0	0.0	0.0
OG0008825	0.0	0.0	0.0	0.0
OG0008826	0.0	0.0	0.0	0.0
OG0008827	0.0	0.0	0.0	0.0
OG0008829	0.0	0.0	0.0	0.0
OG0008830	0.0	0.0	0.0	0.0
OG0008831	0.0	0.0	0.0	0.0
OG0008832	0.0	0.0	0.0	0.0
OG0008833	0.0	0.0	0.0	0.0
OG0008834	0.0	0.0	0.0	0.0
OG0008835	0.0	0.0	0.0	0.0
OG0008838	0.0	0.0	0.0	0.0
OG0008839	0.0	0.0	0.0	0.0
OG0008840	0.0	0.0	0.0	0.0
OG0008842	0.0	0.0	0.0	0.0
OG0008843	0.0	0.0	0.0	0.0
OG0008844	0.0	0.0	0.0	0.0
OG0008845	0.0	0.0	0.0	0.0
OG0008846	0.0	0.0	0.0	0.0
OG0008847	0.0	0.0	0.0	0.0
OG0008848	0.0	0.0	0.0	0.0
OG0008849	0.0	0.0	0.0	0.0
OG0008850	0.0	0.0	0.0	0.0
OG0008851	0.0	0.0	0.0	0.0
OG0008852	0.0	0.0	0.0	0.0
OG0008853	0.0	0.0	0.0	0.0
OG0008854	0.0	0.0	0.0	0.0
OG0008855	0.0	0.0	0.0	0.0
OG0008856	0.0	0.0	0.0	0.0
OG0008857	0.0	0.0	0.0	0.0
OG0008858	0.0	0.0	0.0	0.0
OG0008859	0.0	0.0	0.0	0.0
OG0008860	0.0	0.0	0.0	0.0
OG0008861	0.0	0.0	0.0	0.0
OG0008862	0.0	0.0	0.0	0.0
OG0008864	0.0	0.0	0.0	0.0
OG0008865	0.0	0.0	0.0	0.0
OG0008866	0.0	0.0	0.0	0.0
OG0008868	0.0	0.0	0.0	0.0
OG0008869	0.0	0.0	0.0	0.0
OG0008870	0.0	0.0	0.0	0.0
OG0008871	0.0	0.0	0.0	0.0
OG0008872	0.0	0.0	0.0	0.0
OG0008873	0.0	0.0	0.0	0.0
OG0008874	0.0	0.0	0.0	0.0
OG0008875	0.0	0.0	0.0	0.0
OG0008876	0.0	0.0	0.0	0.0
OG0008878	0.0	0.0	0.0	0.0
OG0008879	0.0	0.0	0.0	0.0
OG0008880	0.0	0.0	0.0	0.0
OG0008881	0.0	0.0	0.0	0.0
OG0008882	0.0	0.0	0.0	0.0
OG0008884	0.0	0.0	0.0	0.0
OG0008885	0.0	0.0	0.0	0.0
OG0008886	0.0	0.0	0.0	0.0
OG0008890	0.0	0.0	0.0	0.0
OG0008891	0.0	0.0	0.0	0.0
OG0008892	0.0	0.0	0.0	0.0
OG0008893	0.0	0.0	0.0	0.0
OG0008896	0.0	0.0	0.0	0.0
OG0008897	0.0	0.0	0.0	0.0
OG0008898	0.0	0.0	0.0	0.0
OG0008900	0.0	0.0	0.0	0.0
OG0008903	0.0	0.0	0.0	0.0
OG0008914	0.0	0.0	0.0	0.0
OG0008915	0.0	0.0	0.0	0.0
OG0008917	0.0	0.0	0.0	0.0
OG0008919	0.0	0.0	0.0	0.0
OG0008924	0.0	0.0	0.0	0.0
OG0008925	0.0	0.0	0.0	0.0
OG0008926	0.0	0.0	0.0	0.0
OG0008927	0.0	0.0	0.0	0.0
OG0008930	0.0	0.0	0.0	0.0
OG0008935	0.0	0.0	0.0	0.0
OG0008936	0.0	0.0	0.0	0.0
OG0008937	0.0	0.0	0.0	0.0
OG0008938	0.0	0.0	0.0	0.0
OG0008939	0.0	0.0	0.0	0.0
OG0008940	0.0	0.0	0.0	0.0
OG0008941	0.0	0.0	0.0	0.0
OG0008942	0.0	0.0	0.0	0.0
OG0008944	0.0	0.0	0.0	0.0
OG0008945	0.0	0.0	0.0	0.0
OG0008947	0.0	0.0	0.0	0.0
OG0008948	0.0	0.0	0.0	0.0
OG0008949	0.0	0.0	0.0	0.0
OG0008951	0.0	0.0	0.0	0.0
OG0008952	0.0	0.0	0.0	0.0
OG0008953	0.0	0.0	0.0	0.0
OG0008954	0.0	0.0	0.0	0.0
OG0008955	0.0	0.0	0.0	0.0
OG0008956	0.0	0.0	0.0	0.0
OG0008957	0.0	0.0	0.0	0.0
OG0008958	0.0	0.0	0.0	0.0
OG0008959	0.0	0.0	0.0	0.0
OG0008960	0.0	0.0	0.0	0.0
OG0008961	0.0	0.0	0.0	0.0
OG0008962	0.0	0.0	0.0	0.0
OG0008964	0.0	0.0	0.0	0.0
OG0008966	0.0	0.0	0.0	0.0
OG0008968	0.0	0.0	0.0	0.0
OG0008969	0.0	0.0	0.0	0.0
OG0008970	0.0	0.0	0.0	0.0
OG0008971	0.0	0.0	0.0	0.0
OG0008972	0.0	0.0	0.0	0.0
OG0008975	0.0	0.0	0.0	0.0
OG0008976	0.0	0.0	0.0	0.0
OG0008977	0.0	0.0	0.0	0.0
OG0008978	0.0	0.0	0.0	0.0
OG0008980	0.0	0.0	0.0	0.0
OG0008981	0.0	0.0	0.0	0.0
OG0008983	0.0	0.0	0.0	0.0
OG0008984	0.0	0.0	0.0	0.0
OG0008985	0.0	0.0	0.0	0.0
OG0008986	0.0	0.0	0.0	0.0
OG0008998	0.0	0.0	0.0	0.0
OG0008999	0.0	0.0	0.0	0.0
OG0009000	0.0	0.0	0.0	0.0
OG0009001	0.0	0.0	0.0	0.0
OG0009005	0.0	0.0	0.0	0.0
OG0009006	0.0	0.0	0.0	0.0
OG0009056	0.0	0.0	0.0	0.0
OG0009058	0.0	0.0	0.0	0.0
OG0009064	0.0	0.0	0.0	0.0
OG0009067	0.0	0.0	0.0	0.0
OG0009068	0.0	0.0	0.0	0.0
OG0009070	0.0	0.0	0.0	0.0
OG0009074	0.0	0.0	0.0	0.0
OG0009075	0.0	0.0	0.0	0.0
OG0009077	0.0	0.0	0.0	0.0
OG0009079	0.0	0.0	0.0	0.0
OG0009080	0.0	0.0	0.0	0.0
OG0009085	0.0	0.0	0.0	0.0
OG0009088	0.0	0.0	0.0	0.0
OG0009093	0.0	0.0	0.0	0.0
OG0009098	0.0	0.0	0.0	0.0
OG0009101	0.0	0.0	0.0	0.0
OG0009102	0.0	0.0	0.0	0.0
OG0009103	0.0	0.0	0.0	0.0
OG0009104	0.0	0.0	0.0	0.0
OG0009106	0.0	0.0	0.0	0.0
OG0009107	0.0	0.0	0.0	0.0
OG0009108	0.0	0.0	0.0	0.0
OG0009109	0.0	0.0	0.0	0.0
OG0009110	0.0	0.0	0.0	0.0
OG0009111	0.0	0.0	0.0	0.0
OG0009112	0.0	0.0	0.0	0.0
OG0009113	0.0	0.0	0.0	0.0
OG0009114	0.0	0.0	0.0	0.0
OG0009115	0.0	0.0	0.0	0.0
OG0009117	0.0	0.0	0.0	0.0
OG0009118	0.0	0.0	0.0	0.0
OG0009119	0.0	0.0	0.0	0.0
OG0009120	0.0	0.0	0.0	0.0
OG0009121	0.0	0.0	0.0	0.0
OG0009122	0.0	0.0	0.0	0.0
OG0009123	0.0	0.0	0.0	0.0
OG0009124	0.0	0.0	0.0	0.0
OG0009126	0.0	0.0	0.0	0.0
OG0009127	0.0	0.0	0.0	0.0
OG0009128	0.0	0.0	0.0	0.0
OG0009130	0.0	0.0	0.0	0.0
OG0009132	0.0	0.0	0.0	0.0
OG0009133	0.0	0.0	0.0	0.0
OG0009135	0.0	0.0	0.0	0.0
OG0009136	0.0	0.0	0.0	0.0
OG0009137	0.0	0.0	0.0	0.0
OG0009138	0.0	0.0	0.0	0.0
OG0009140	0.0	0.0	0.0	0.0
OG0009141	0.0	0.0	0.0	0.0
OG0009142	0.0	0.0	0.0	0.0
OG0009143	0.0	0.0	0.0	0.0
OG0009145	0.0	0.0	0.0	0.0
OG0009146	0.0	0.0	0.0	0.0
OG0009147	0.0	0.0	0.0	0.0
OG0009148	0.0	0.0	0.0	0.0
OG0009149	0.0	0.0	0.0	0.0
OG0009150	0.0	0.0	0.0	0.0
OG0009151	0.0	0.0	0.0	0.0
OG0009154	0.0	0.0	0.0	0.0
OG0009155	0.0	0.0	0.0	0.0
OG0009156	0.0	0.0	0.0	0.0
OG0009157	0.0	0.0	0.0	0.0
OG0009158	0.0	0.0	0.0	0.0
OG0009162	0.0	0.0	0.0	0.0
OG0009163	0.0	0.0	0.0	0.0
OG0009166	0.0	0.0	0.0	0.0
OG0009167	0.0	0.0	0.0	0.0
OG0009170	0.0	0.0	0.0	0.0
OG0009171	0.0	0.0	0.0	0.0
OG0009172	0.0	0.0	0.0	0.0
OG0009173	0.0	0.0	0.0	0.0
OG0009174	0.0	0.0	0.0	0.0
OG0009178	0.0	0.0	0.0	0.0
OG0009179	0.0	0.0	0.0	0.0
OG0009181	0.0	0.0	0.0	0.0
OG0009186	0.0	0.0	0.0	0.0
OG0009190	0.0	0.0	0.0	0.0
OG0009192	0.0	0.0	0.0	0.0
OG0009193	0.0	0.0	0.0	0.0
OG0009194	0.0	0.0	0.0	0.0
OG0009195	0.0	0.0	0.0	0.0
OG0009198	0.0	0.0	0.0	0.0
OG0009202	0.0	0.0	0.0	0.0
OG0009204	0.0	0.0	0.0	0.0
OG0009206	0.0	0.0	0.0	0.0
OG0009207	0.0	0.0	0.0	0.0
OG0009212	0.0	0.0	0.0	0.0
OG0009213	0.0	0.0	0.0	0.0
OG0009214	0.0	0.0	0.0	0.0
OG0009215	0.0	0.0	0.0	0.0
OG0009216	0.0	0.0	0.0	0.0
OG0009217	0.0	0.0	0.0	0.0
OG0009218	0.0	0.0	0.0	0.0
OG0009219	0.0	0.0	0.0	0.0
OG0009220	0.0	0.0	0.0	0.0
OG0009221	0.0	0.0	0.0	0.0
OG0009222	0.0	0.0	0.0	0.0
OG0009223	0.0	0.0	0.0	0.0
OG0009224	0.0	0.0	0.0	0.0
OG0009225	0.0	0.0	0.0	0.0
OG0009227	0.0	0.0	0.0	0.0
OG0009229	0.0	0.0	0.0	0.0
OG0009230	0.0	0.0	0.0	0.0
OG0009231	0.0	0.0	0.0	0.0
OG0009233	0.0	0.0	0.0	0.0
OG0009234	0.0	0.0	0.0	0.0
OG0009235	0.0	0.0	0.0	0.0
OG0009237	0.0	0.0	0.0	0.0
OG0009238	0.0	0.0	0.0	0.0
OG0009239	0.0	0.0	0.0	0.0
OG0009241	0.0	0.0	0.0	0.0
OG0009242	0.0	0.0	0.0	0.0
OG0009243	0.0	0.0	0.0	0.0
OG0009244	0.0	0.0	0.0	0.0
OG0009245	0.0	0.0	0.0	0.0
OG0009247	0.0	0.0	0.0	0.0
OG0009249	0.0	0.0	0.0	0.0
OG0009250	0.0	0.0	0.0	0.0
OG0009251	0.0	0.0	0.0	0.0
OG0009252	0.0	0.0	0.0	0.0
OG0009254	0.0	0.0	0.0	0.0
OG0009256	0.0	0.0	0.0	0.0
OG0009257	0.0	0.0	0.0	0.0
OG0009260	0.0	0.0	0.0	0.0
OG0009261	0.0	0.0	0.0	0.0
OG0009279	0.0	0.0	0.0	0.0
OG0009280	0.0	0.0	0.0	0.0
OG0009284	0.0	0.0	0.0	0.0
OG0009291	0.0	0.0	0.0	0.0
OG0009304	0.0	0.0	0.0	0.0
OG0009338	0.0	0.0	0.0	0.0
OG0009340	0.0	0.0	0.0	0.0
OG0009341	0.0	0.0	0.0	0.0
OG0009342	0.0	0.0	0.0	0.0
OG0009343	0.0	0.0	0.0	0.0
OG0009344	0.0	0.0	0.0	0.0
OG0009347	0.0	0.0	0.0	0.0
OG0009348	0.0	0.0	0.0	0.0
OG0009351	0.0	0.0	0.0	0.0
OG0009353	0.0	0.0	0.0	0.0
OG0009356	0.0	0.0	0.0	0.0
OG0009357	0.0	0.0	0.0	0.0
OG0009358	0.0	0.0	0.0	0.0
OG0009360	0.0	0.0	0.0	0.0
OG0009361	0.0	0.0	0.0	0.0
OG0009362	0.0	0.0	0.0	0.0
OG0009363	0.0	0.0	0.0	0.0
OG0009365	0.0	0.0	0.0	0.0
OG0009367	0.0	0.0	0.0	0.0
OG0009368	0.0	0.0	0.0	0.0
OG0009370	0.0	0.0	0.0	0.0
OG0009371	0.0	0.0	0.0	0.0
OG0009373	0.0	0.0	0.0	0.0
OG0009374	0.0	0.0	0.0	0.0
OG0009375	0.0	0.0	0.0	0.0
OG0009377	0.0	0.0	0.0	0.0
OG0009378	0.0	0.0	0.0	0.0
OG0009380	0.0	0.0	0.0	0.0
OG0009381	0.0	0.0	0.0	0.0
OG0009382	0.0	0.0	0.0	0.0
OG0009383	0.0	0.0	0.0	0.0
OG0009384	0.0	0.0	0.0	0.0
OG0009385	0.0	0.0	0.0	0.0
OG0009389	0.0	0.0	0.0	0.0
OG0009390	0.0	0.0	0.0	0.0
OG0009391	0.0	0.0	0.0	0.0
OG0009392	0.0	0.0	0.0	0.0
OG0009393	0.0	0.0	0.0	0.0
OG0009394	0.0	0.0	0.0	0.0
OG0009395	0.0	0.0	0.0	0.0
OG0009396	0.0	0.0	0.0	0.0
OG0009397	0.0	0.0	0.0	0.0
OG0009398	0.0	0.0	0.0	0.0
OG0009399	0.0	0.0	0.0	0.0
OG0009400	0.0	0.0	0.0	0.0
OG0009401	0.0	0.0	0.0	0.0
OG0009402	0.0	0.0	0.0	0.0
OG0009403	0.0	0.0	0.0	0.0
OG0009404	0.0	0.0	0.0	0.0
OG0009405	0.0	0.0	0.0	0.0
OG0009406	0.0	0.0	0.0	0.0
OG0009407	0.0	0.0	0.0	0.0
OG0009409	0.0	0.0	0.0	0.0
OG0009410	0.0	0.0	0.0	0.0
OG0009411	0.0	0.0	0.0	0.0
OG0009413	0.0	0.0	0.0	0.0
OG0009414	0.0	0.0	0.0	0.0
OG0009415	0.0	0.0	0.0	0.0
OG0009416	0.0	0.0	0.0	0.0
OG0009417	0.0	0.0	0.0	0.0
OG0009419	0.0	0.0	0.0	0.0
OG0009420	0.0	0.0	0.0	0.0
OG0009423	0.0	0.0	0.0	0.0
OG0009424	0.0	0.0	0.0	0.0
OG0009426	0.0	0.0	0.0	0.0
OG0009427	0.0	0.0	0.0	0.0
OG0009428	0.0	0.0	0.0	0.0
OG0009430	0.0	0.0	0.0	0.0
OG0009431	0.0	0.0	0.0	0.0
OG0009432	0.0	0.0	0.0	0.0
OG0009433	0.0	0.0	0.0	0.0
OG0009434	0.0	0.0	0.0	0.0
OG0009435	0.0	0.0	0.0	0.0
OG0009436	0.0	0.0	0.0	0.0
OG0009439	0.0	0.0	0.0	0.0
OG0009440	0.0	0.0	0.0	0.0
OG0009441	0.0	0.0	0.0	0.0
OG0009443	0.0	0.0	0.0	0.0
OG0009445	0.0	0.0	0.0	0.0
OG0009447	0.0	0.0	0.0	0.0
OG0009463	0.0	0.0	0.0	0.0
OG0009465	0.0	0.0	0.0	0.0
OG0009471	0.0	0.0	0.0	0.0
OG0009472	0.0	0.0	0.0	0.0
OG0009473	0.0	0.0	0.0	0.0
OG0009477	0.0	0.0	0.0	0.0
OG0009478	0.0	0.0	0.0	0.0
OG0009480	0.0	0.0	0.0	0.0
OG0009481	0.0	0.0	0.0	0.0
OG0009482	0.0	0.0	0.0	0.0
OG0009483	0.0	0.0	0.0	0.0
OG0009484	0.0	0.0	0.0	0.0
OG0009485	0.0	0.0	0.0	0.0
OG0009486	0.0	0.0	0.0	0.0
OG0009487	0.0	0.0	0.0	0.0
OG0009488	0.0	0.0	0.0	0.0
OG0009489	0.0	0.0	0.0	0.0
OG0009490	0.0	0.0	0.0	0.0
OG0009491	0.0	0.0	0.0	0.0
OG0009492	0.0	0.0	0.0	0.0
OG0009493	0.0	0.0	0.0	0.0
OG0009494	0.0	0.0	0.0	0.0
OG0009495	0.0	0.0	0.0	0.0
OG0009496	0.0	0.0	0.0	0.0
OG0009497	0.0	0.0	0.0	0.0
OG0009499	0.0	0.0	0.0	0.0
OG0009500	0.0	0.0	0.0	0.0
OG0009501	0.0	0.0	0.0	0.0
OG0009502	0.0	0.0	0.0	0.0
OG0009503	0.0	0.0	0.0	0.0
OG0009504	0.0	0.0	0.0	0.0
OG0009507	0.0	0.0	0.0	0.0
OG0009509	0.0	0.0	0.0	0.0
OG0009510	0.0	0.0	0.0	0.0
OG0009513	0.0	0.0	0.0	0.0
OG0009514	0.0	0.0	0.0	0.0
OG0009515	0.0	0.0	0.0	0.0
OG0009517	0.0	0.0	0.0	0.0
OG0009518	0.0	0.0	0.0	0.0
OG0009519	0.0	0.0	0.0	0.0
OG0009520	0.0	0.0	0.0	0.0
OG0009521	0.0	0.0	0.0	0.0
OG0009522	0.0	0.0	0.0	0.0
OG0009523	0.0	0.0	0.0	0.0
OG0009524	0.0	0.0	0.0	0.0
OG0009525	0.0	0.0	0.0	0.0
OG0009530	0.0	0.0	0.0	0.0
OG0009532	0.0	0.0	0.0	0.0
OG0009535	0.0	0.0	0.0	0.0
OG0009536	0.0	0.0	0.0	0.0
OG0009537	0.0	0.0	0.0	0.0
OG0009538	0.0	0.0	0.0	0.0
OG0009542	0.0	0.0	0.0	0.0
OG0009543	0.0	0.0	0.0	0.0
OG0009544	0.0	0.0	0.0	0.0
OG0009558	0.0	0.0	0.0	0.0
OG0009560	0.0	0.0	0.0	0.0
OG0009561	0.0	0.0	0.0	0.0
OG0009566	0.0	0.0	0.0	0.0
OG0009567	0.0	0.0	0.0	0.0
OG0009571	0.0	0.0	0.0	0.0
OG0009574	0.0	0.0	0.0	0.0
OG0009619	0.0	0.0	0.0	0.0
OG0009621	0.0	0.0	0.0	0.0
OG0009622	0.0	0.0	0.0	0.0
OG0009627	0.0	0.0	0.0	0.0
OG0009629	0.0	0.0	0.0	0.0
OG0009631	0.0	0.0	0.0	0.0
OG0009633	0.0	0.0	0.0	0.0
OG0009634	0.0	0.0	0.0	0.0
OG0009635	0.0	0.0	0.0	0.0
OG0009638	0.0	0.0	0.0	0.0
OG0009640	0.0	0.0	0.0	0.0
OG0009641	0.0	0.0	0.0	0.0
OG0009643	0.0	0.0	0.0	0.0
OG0009645	0.0	0.0	0.0	0.0
OG0009646	0.0	0.0	0.0	0.0
OG0009649	0.0	0.0	0.0	0.0
OG0009650	0.0	0.0	0.0	0.0
OG0009651	0.0	0.0	0.0	0.0
OG0009652	0.0	0.0	0.0	0.0
OG0009654	0.0	0.0	0.0	0.0
OG0009660	0.0	0.0	0.0	0.0
OG0009661	0.0	0.0	0.0	0.0
OG0009663	0.0	0.0	0.0	0.0
OG0009664	0.0	0.0	0.0	0.0
OG0009665	0.0	0.0	0.0	0.0
OG0009666	0.0	0.0	0.0	0.0
OG0009668	0.0	0.0	0.0	0.0
OG0009669	0.0	0.0	0.0	0.0
OG0009670	0.0	0.0	0.0	0.0
OG0009671	0.0	0.0	0.0	0.0
OG0009672	0.0	0.0	0.0	0.0
OG0009673	0.0	0.0	0.0	0.0
OG0009674	0.0	0.0	0.0	0.0
OG0009675	0.0	0.0	0.0	0.0
OG0009676	0.0	0.0	0.0	0.0
OG0009677	0.0	0.0	0.0	0.0
OG0009678	0.0	0.0	0.0	0.0
OG0009679	0.0	0.0	0.0	0.0
OG0009681	0.0	0.0	0.0	0.0
OG0009682	0.0	0.0	0.0	0.0
OG0009683	0.0	0.0	0.0	0.0
OG0009684	0.0	0.0	0.0	0.0
OG0009685	0.0	0.0	0.0	0.0
OG0009686	0.0	0.0	0.0	0.0
OG0009687	0.0	0.0	0.0	0.0
OG0009688	0.0	0.0	0.0	0.0
OG0009689	0.0	0.0	0.0	0.0
OG0009690	0.0	0.0	0.0	0.0
OG0009691	0.0	0.0	0.0	0.0
OG0009692	0.0	0.0	0.0	0.0
OG0009694	0.0	0.0	0.0	0.0
OG0009695	0.0	0.0	0.0	0.0
OG0009696	0.0	0.0	0.0	0.0
OG0009698	0.0	0.0	0.0	0.0
OG0009699	0.0	0.0	0.0	0.0
OG0009700	0.0	0.0	0.0	0.0
OG0009701	0.0	0.0	0.0	0.0
OG0009702	0.0	0.0	0.0	0.0
OG0009703	0.0	0.0	0.0	0.0
OG0009706	0.0	0.0	0.0	0.0
OG0009707	0.0	0.0	0.0	0.0
OG0009708	0.0	0.0	0.0	0.0
OG0009709	0.0	0.0	0.0	0.0
OG0009710	0.0	0.0	0.0	0.0
OG0009711	0.0	0.0	0.0	0.0
OG0009712	0.0	0.0	0.0	0.0
OG0009713	0.0	0.0	0.0	0.0
OG0009714	0.0	0.0	0.0	0.0
OG0009715	0.0	0.0	0.0	0.0
OG0009717	0.0	0.0	0.0	0.0
OG0009718	0.0	0.0	0.0	0.0
OG0009719	0.0	0.0	0.0	0.0
OG0009720	0.0	0.0	0.0	0.0
OG0009721	0.0	0.0	0.0	0.0
OG0009722	0.0	0.0	0.0	0.0
OG0009723	0.0	0.0	0.0	0.0
OG0009724	0.0	0.0	0.0	0.0
OG0009725	0.0	0.0	0.0	0.0
OG0009726	0.0	0.0	0.0	0.0
OG0009727	0.0	0.0	0.0	0.0
OG0009728	0.0	0.0	0.0	0.0
OG0009729	0.0	0.0	0.0	0.0
OG0009730	0.0	0.0	0.0	0.0
OG0009731	0.0	0.0	0.0	0.0
OG0009732	0.0	0.0	0.0	0.0
OG0009733	0.0	0.0	0.0	0.0
OG0009734	0.0	0.0	0.0	0.0
OG0009735	0.0	0.0	0.0	0.0
OG0009737	0.0	0.0	0.0	0.0
OG0009738	0.0	0.0	0.0	0.0
OG0009739	0.0	0.0	0.0	0.0
OG0009741	0.0	0.0	0.0	0.0
OG0009742	0.0	0.0	0.0	0.0
OG0009743	0.0	0.0	0.0	0.0
OG0009744	0.0	0.0	0.0	0.0
OG0009746	0.0	0.0	0.0	0.0
OG0009747	0.0	0.0	0.0	0.0
OG0009750	0.0	0.0	0.0	0.0
OG0009751	0.0	0.0	0.0	0.0
OG0009752	0.0	0.0	0.0	0.0
OG0009753	0.0	0.0	0.0	0.0
OG0009754	0.0	0.0	0.0	0.0
OG0009755	0.0	0.0	0.0	0.0
OG0009756	0.0	0.0	0.0	0.0
OG0009758	0.0	0.0	0.0	0.0
OG0009759	0.0	0.0	0.0	0.0
OG0009761	0.0	0.0	0.0	0.0
OG0009762	0.0	0.0	0.0	0.0
OG0009763	0.0	0.0	0.0	0.0
OG0009764	0.0	0.0	0.0	0.0
OG0009766	0.0	0.0	0.0	0.0
OG0009767	0.0	0.0	0.0	0.0
OG0009770	0.0	0.0	0.0	0.0
OG0009771	0.0	0.0	0.0	0.0
OG0009772	0.0	0.0	0.0	0.0
OG0009773	0.0	0.0	0.0	0.0
OG0009777	0.0	0.0	0.0	0.0
OG0009778	0.0	0.0	0.0	0.0
OG0009779	0.0	0.0	0.0	0.0
OG0009780	0.0	0.0	0.0	0.0
OG0009782	0.0	0.0	0.0	0.0
OG0009784	0.0	0.0	0.0	0.0
OG0009785	0.0	0.0	0.0	0.0
OG0009788	0.0	0.0	0.0	0.0
OG0009789	0.0	0.0	0.0	0.0
OG0009792	0.0	0.0	0.0	0.0
OG0009797	0.0	0.0	0.0	0.0
OG0009802	0.0	0.0	0.0	0.0
OG0009804	0.0	0.0	0.0	0.0
OG0009806	0.0	0.0	0.0	0.0
OG0009808	0.0	0.0	0.0	0.0
OG0009809	0.0	0.0	0.0	0.0
OG0009811	0.0	0.0	0.0	0.0
OG0009815	0.0	0.0	0.0	0.0
OG0009817	0.0	0.0	0.0	0.0
OG0009820	0.0	0.0	0.0	0.0
OG0009824	0.0	0.0	0.0	0.0
OG0009825	0.0	0.0	0.0	0.0
OG0009829	0.0	0.0	0.0	0.0
OG0009830	0.0	0.0	0.0	0.0
OG0009831	0.0	0.0	0.0	0.0
OG0009832	0.0	0.0	0.0	0.0
OG0009833	0.0	0.0	0.0	0.0
OG0009834	0.0	0.0	0.0	0.0
OG0009835	0.0	0.0	0.0	0.0
OG0009836	0.0	0.0	0.0	0.0
OG0009837	0.0	0.0	0.0	0.0
OG0009838	0.0	0.0	0.0	0.0
OG0009840	0.0	0.0	0.0	0.0
OG0009841	0.0	0.0	0.0	0.0
OG0009842	0.0	0.0	0.0	0.0
OG0009844	0.0	0.0	0.0	0.0
OG0009845	0.0	0.0	0.0	0.0
OG0009846	0.0	0.0	0.0	0.0
OG0009847	0.0	0.0	0.0	0.0
OG0009850	0.0	0.0	0.0	0.0
OG0009851	0.0	0.0	0.0	0.0
OG0009852	0.0	0.0	0.0	0.0
OG0009853	0.0	0.0	0.0	0.0
OG0009854	0.0	0.0	0.0	0.0
OG0009855	0.0	0.0	0.0	0.0
OG0009856	0.0	0.0	0.0	0.0
OG0009857	0.0	0.0	0.0	0.0
OG0009858	0.0	0.0	0.0	0.0
OG0009860	0.0	0.0	0.0	0.0
OG0009861	0.0	0.0	0.0	0.0
OG0009863	0.0	0.0	0.0	0.0
OG0009873	0.0	0.0	0.0	0.0
OG0009875	0.0	0.0	0.0	0.0
OG0009876	0.0	0.0	0.0	0.0
OG0009877	0.0	0.0	0.0	0.0
OG0009878	0.0	0.0	0.0	0.0
OG0009883	0.0	0.0	0.0	0.0
OG0009884	0.0	0.0	0.0	0.0
OG0009885	0.0	0.0	0.0	0.0
OG0009886	0.0	0.0	0.0	0.0
OG0009887	0.0	0.0	0.0	0.0
OG0009888	0.0	0.0	0.0	0.0
OG0009890	0.0	0.0	0.0	0.0
OG0009891	0.0	0.0	0.0	0.0
OG0009892	0.0	0.0	0.0	0.0
OG0009893	0.0	0.0	0.0	0.0
OG0009895	0.0	0.0	0.0	0.0
OG0009896	0.0	0.0	0.0	0.0
OG0009897	0.0	0.0	0.0	0.0
OG0009898	0.0	0.0	0.0	0.0
OG0009924	0.0	0.0	0.0	0.0
OG0009925	0.0	0.0	0.0	0.0
OG0009926	0.0	0.0	0.0	0.0
OG0009931	0.0	0.0	0.0	0.0
OG0009945	0.0	0.0	0.0	0.0
OG0009948	0.0	0.0	0.0	0.0
OG0009992	0.0	0.0	0.0	0.0
OG0009994	0.0	0.0	0.0	0.0
OG0009995	0.0	0.0	0.0	0.0
OG0009997	0.0	0.0	0.0	0.0
OG0010000	0.0	0.0	0.0	0.0
OG0010003	0.0	0.0	0.0	0.0
OG0010004	0.0	0.0	0.0	0.0
OG0010006	0.0	0.0	0.0	0.0
OG0010007	0.0	0.0	0.0	0.0
OG0010010	0.0	0.0	0.0	0.0
OG0010011	0.0	0.0	0.0	0.0
OG0010012	0.0	0.0	0.0	0.0
OG0010015	0.0	0.0	0.0	0.0
OG0010016	0.0	0.0	0.0	0.0
OG0010017	0.0	0.0	0.0	0.0
OG0010018	0.0	0.0	0.0	0.0
OG0010019	0.0	0.0	0.0	0.0
OG0010021	0.0	0.0	0.0	0.0
OG0010024	0.0	0.0	0.0	0.0
OG0010026	0.0	0.0	0.0	0.0
OG0010028	0.0	0.0	0.0	0.0
OG0010029	0.0	0.0	0.0	0.0
OG0010031	0.0	0.0	0.0	0.0
OG0010033	0.0	0.0	0.0	0.0
OG0010034	0.0	0.0	0.0	0.0
OG0010035	0.0	0.0	0.0	0.0
OG0010037	0.0	0.0	0.0	0.0
OG0010039	0.0	0.0	0.0	0.0
OG0010040	0.0	0.0	0.0	0.0
OG0010043	0.0	0.0	0.0	0.0
OG0010045	0.0	0.0	0.0	0.0
OG0010046	0.0	0.0	0.0	0.0
OG0010047	0.0	0.0	0.0	0.0
OG0010048	0.0	0.0	0.0	0.0
OG0010051	0.0	0.0	0.0	0.0
OG0010052	0.0	0.0	0.0	0.0
OG0010053	0.0	0.0	0.0	0.0
OG0010054	0.0	0.0	0.0	0.0
OG0010055	0.0	0.0	0.0	0.0
OG0010056	0.0	0.0	0.0	0.0
OG0010057	0.0	0.0	0.0	0.0
OG0010058	0.0	0.0	0.0	0.0
OG0010059	0.0	0.0	0.0	0.0
OG0010060	0.0	0.0	0.0	0.0
OG0010061	0.0	0.0	0.0	0.0
OG0010062	0.0	0.0	0.0	0.0
OG0010063	0.0	0.0	0.0	0.0
OG0010064	0.0	0.0	0.0	0.0
OG0010065	0.0	0.0	0.0	0.0
OG0010066	0.0	0.0	0.0	0.0
OG0010067	0.0	0.0	0.0	0.0
OG0010068	0.0	0.0	0.0	0.0
OG0010069	0.0	0.0	0.0	0.0
OG0010070	0.0	0.0	0.0	0.0
OG0010071	0.0	0.0	0.0	0.0
OG0010072	0.0	0.0	0.0	0.0
OG0010074	0.0	0.0	0.0	0.0
OG0010075	0.0	0.0	0.0	0.0
OG0010076	0.0	0.0	0.0	0.0
OG0010077	0.0	0.0	0.0	0.0
OG0010078	0.0	0.0	0.0	0.0
OG0010079	0.0	0.0	0.0	0.0
OG0010080	0.0	0.0	0.0	0.0
OG0010081	0.0	0.0	0.0	0.0
OG0010082	0.0	0.0	0.0	0.0
OG0010083	0.0	0.0	0.0	0.0
OG0010084	0.0	0.0	0.0	0.0
OG0010085	0.0	0.0	0.0	0.0
OG0010086	0.0	0.0	0.0	0.0
OG0010087	0.0	0.0	0.0	0.0
OG0010088	0.0	0.0	0.0	0.0
OG0010090	0.0	0.0	0.0	0.0
OG0010092	0.0	0.0	0.0	0.0
OG0010093	0.0	0.0	0.0	0.0
OG0010094	0.0	0.0	0.0	0.0
OG0010096	0.0	0.0	0.0	0.0
OG0010097	0.0	0.0	0.0	0.0
OG0010098	0.0	0.0	0.0	0.0
OG0010099	0.0	0.0	0.0	0.0
OG0010101	0.0	0.0	0.0	0.0
OG0010102	0.0	0.0	0.0	0.0
OG0010103	0.0	0.0	0.0	0.0
OG0010105	0.0	0.0	0.0	0.0
OG0010106	0.0	0.0	0.0	0.0
OG0010107	0.0	0.0	0.0	0.0
OG0010108	0.0	0.0	0.0	0.0
OG0010109	0.0	0.0	0.0	0.0
OG0010110	0.0	0.0	0.0	0.0
OG0010112	0.0	0.0	0.0	0.0
OG0010116	0.0	0.0	0.0	0.0
OG0010117	0.0	0.0	0.0	0.0
OG0010119	0.0	0.0	0.0	0.0
OG0010120	0.0	0.0	0.0	0.0
OG0010121	0.0	0.0	0.0	0.0
OG0010122	0.0	0.0	0.0	0.0
OG0010124	0.0	0.0	0.0	0.0
OG0010126	0.0	0.0	0.0	0.0
OG0010127	0.0	0.0	0.0	0.0
OG0010128	0.0	0.0	0.0	0.0
OG0010129	0.0	0.0	0.0	0.0
OG0010130	0.0	0.0	0.0	0.0
OG0010131	0.0	0.0	0.0	0.0
OG0010132	0.0	0.0	0.0	0.0
OG0010133	0.0	0.0	0.0	0.0
OG0010134	0.0	0.0	0.0	0.0
OG0010135	0.0	0.0	0.0	0.0
OG0010136	0.0	0.0	0.0	0.0
OG0010137	0.0	0.0	0.0	0.0
OG0010138	0.0	0.0	0.0	0.0
OG0010139	0.0	0.0	0.0	0.0
OG0010140	0.0	0.0	0.0	0.0
OG0010141	0.0	0.0	0.0	0.0
OG0010142	0.0	0.0	0.0	0.0
OG0010143	0.0	0.0	0.0	0.0
OG0010144	0.0	0.0	0.0	0.0
OG0010145	0.0	0.0	0.0	0.0
OG0010146	0.0	0.0	0.0	0.0
OG0010147	0.0	0.0	0.0	0.0
OG0010148	0.0	0.0	0.0	0.0
OG0010149	0.0	0.0	0.0	0.0
OG0010151	0.0	0.0	0.0	0.0
OG0010153	0.0	0.0	0.0	0.0
OG0010154	0.0	0.0	0.0	0.0
OG0010155	0.0	0.0	0.0	0.0
OG0010156	0.0	0.0	0.0	0.0
OG0010157	0.0	0.0	0.0	0.0
OG0010165	0.0	0.0	0.0	0.0
OG0010167	0.0	0.0	0.0	0.0
OG0010176	0.0	0.0	0.0	0.0
OG0010177	0.0	0.0	0.0	0.0
OG0010178	0.0	0.0	0.0	0.0
OG0010182	0.0	0.0	0.0	0.0
OG0010187	0.0	0.0	0.0	0.0
OG0010189	0.0	0.0	0.0	0.0
OG0010191	0.0	0.0	0.0	0.0
OG0010193	0.0	0.0	0.0	0.0
OG0010196	0.0	0.0	0.0	0.0
OG0010197	0.0	0.0	0.0	0.0
OG0010198	0.0	0.0	0.0	0.0
OG0010199	0.0	0.0	0.0	0.0
OG0010200	0.0	0.0	0.0	0.0
OG0010202	0.0	0.0	0.0	0.0
OG0010203	0.0	0.0	0.0	0.0
OG0010205	0.0	0.0	0.0	0.0
OG0010206	0.0	0.0	0.0	0.0
OG0010207	0.0	0.0	0.0	0.0
OG0010209	0.0	0.0	0.0	0.0
OG0010210	0.0	0.0	0.0	0.0
OG0010211	0.0	0.0	0.0	0.0
OG0010212	0.0	0.0	0.0	0.0
OG0010213	0.0	0.0	0.0	0.0
OG0010215	0.0	0.0	0.0	0.0
OG0010216	0.0	0.0	0.0	0.0
OG0010217	0.0	0.0	0.0	0.0
OG0010218	0.0	0.0	0.0	0.0
OG0010219	0.0	0.0	0.0	0.0
OG0010220	0.0	0.0	0.0	0.0
OG0010221	0.0	0.0	0.0	0.0
OG0010222	0.0	0.0	0.0	0.0
OG0010227	0.0	0.0	0.0	0.0
OG0010228	0.0	0.0	0.0	0.0
OG0010230	0.0	0.0	0.0	0.0
OG0010234	0.0	0.0	0.0	0.0
OG0010236	0.0	0.0	0.0	0.0
OG0010237	0.0	0.0	0.0	0.0
OG0010238	0.0	0.0	0.0	0.0
OG0010240	0.0	0.0	0.0	0.0
OG0010241	0.0	0.0	0.0	0.0
OG0010243	0.0	0.0	0.0	0.0
OG0010244	0.0	0.0	0.0	0.0
OG0010245	0.0	0.0	0.0	0.0
OG0010246	0.0	0.0	0.0	0.0
OG0010247	0.0	0.0	0.0	0.0
OG0010248	0.0	0.0	0.0	0.0
OG0010249	0.0	0.0	0.0	0.0
OG0010255	0.0	0.0	0.0	0.0
OG0010257	0.0	0.0	0.0	0.0
OG0010258	0.0	0.0	0.0	0.0
OG0010259	0.0	0.0	0.0	0.0
OG0010262	0.0	0.0	0.0	0.0
OG0010263	0.0	0.0	0.0	0.0
OG0010264	0.0	0.0	0.0	0.0
OG0010265	0.0	0.0	0.0	0.0
OG0010266	0.0	0.0	0.0	0.0
OG0010267	0.0	0.0	0.0	0.0
OG0010268	0.0	0.0	0.0	0.0
OG0010270	0.0	0.0	0.0	0.0
OG0010271	0.0	0.0	0.0	0.0
OG0010272	0.0	0.0	0.0	0.0
OG0010273	0.0	0.0	0.0	0.0
OG0010274	0.0	0.0	0.0	0.0
OG0010275	0.0	0.0	0.0	0.0
OG0010276	0.0	0.0	0.0	0.0
OG0010280	0.0	0.0	0.0	0.0
OG0010282	0.0	0.0	0.0	0.0
OG0010283	0.0	0.0	0.0	0.0
OG0010284	0.0	0.0	0.0	0.0
OG0010285	0.0	0.0	0.0	0.0
OG0010309	0.0	0.0	0.0	0.0
OG0010310	0.0	0.0	0.0	0.0
OG0010312	0.0	0.0	0.0	0.0
OG0010314	0.0	0.0	0.0	0.0
OG0010326	0.0	0.0	0.0	0.0
OG0010330	0.0	0.0	0.0	0.0
OG0010394	0.0	0.0	0.0	0.0
OG0010402	0.0	0.0	0.0	0.0
OG0010403	0.0	0.0	0.0	0.0
OG0010404	0.0	0.0	0.0	0.0
OG0010406	0.0	0.0	0.0	0.0
OG0010407	0.0	0.0	0.0	0.0
OG0010408	0.0	0.0	0.0	0.0
OG0010409	0.0	0.0	0.0	0.0
OG0010414	0.0	0.0	0.0	0.0
OG0010416	0.0	0.0	0.0	0.0
OG0010418	0.0	0.0	0.0	0.0
OG0010419	0.0	0.0	0.0	0.0
OG0010421	0.0	0.0	0.0	0.0
OG0010423	0.0	0.0	0.0	0.0
OG0010424	0.0	0.0	0.0	0.0
OG0010425	0.0	0.0	0.0	0.0
OG0010426	0.0	0.0	0.0	0.0
OG0010428	0.0	0.0	0.0	0.0
OG0010429	0.0	0.0	0.0	0.0
OG0010431	0.0	0.0	0.0	0.0
OG0010432	0.0	0.0	0.0	0.0
OG0010433	0.0	0.0	0.0	0.0
OG0010434	0.0	0.0	0.0	0.0
OG0010435	0.0	0.0	0.0	0.0
OG0010440	0.0	0.0	0.0	0.0
OG0010441	0.0	0.0	0.0	0.0
OG0010443	0.0	0.0	0.0	0.0
OG0010444	0.0	0.0	0.0	0.0
OG0010445	0.0	0.0	0.0	0.0
OG0010448	0.0	0.0	0.0	0.0
OG0010449	0.0	0.0	0.0	0.0
OG0010450	0.0	0.0	0.0	0.0
OG0010452	0.0	0.0	0.0	0.0
OG0010455	0.0	0.0	0.0	0.0
OG0010461	0.0	0.0	0.0	0.0
OG0010462	0.0	0.0	0.0	0.0
OG0010463	0.0	0.0	0.0	0.0
OG0010465	0.0	0.0	0.0	0.0
OG0010466	0.0	0.0	0.0	0.0
OG0010467	0.0	0.0	0.0	0.0
OG0010470	0.0	0.0	0.0	0.0
OG0010471	0.0	0.0	0.0	0.0
OG0010473	0.0	0.0	0.0	0.0
OG0010474	0.0	0.0	0.0	0.0
OG0010476	0.0	0.0	0.0	0.0
OG0010477	0.0	0.0	0.0	0.0
OG0010479	0.0	0.0	0.0	0.0
OG0010480	0.0	0.0	0.0	0.0
OG0010481	0.0	0.0	0.0	0.0
OG0010482	0.0	0.0	0.0	0.0
OG0010483	0.0	0.0	0.0	0.0
OG0010484	0.0	0.0	0.0	0.0
OG0010485	0.0	0.0	0.0	0.0
OG0010486	0.0	0.0	0.0	0.0
OG0010487	0.0	0.0	0.0	0.0
OG0010488	0.0	0.0	0.0	0.0
OG0010489	0.0	0.0	0.0	0.0
OG0010490	0.0	0.0	0.0	0.0
OG0010491	0.0	0.0	0.0	0.0
OG0010493	0.0	0.0	0.0	0.0
OG0010495	0.0	0.0	0.0	0.0
OG0010496	0.0	0.0	0.0	0.0
OG0010497	0.0	0.0	0.0	0.0
OG0010498	0.0	0.0	0.0	0.0
OG0010499	0.0	0.0	0.0	0.0
OG0010500	0.0	0.0	0.0	0.0
OG0010501	0.0	0.0	0.0	0.0
OG0010503	0.0	0.0	0.0	0.0
OG0010504	0.0	0.0	0.0	0.0
OG0010505	0.0	0.0	0.0	0.0
OG0010506	0.0	0.0	0.0	0.0
OG0010507	0.0	0.0	0.0	0.0
OG0010508	0.0	0.0	0.0	0.0
OG0010509	0.0	0.0	0.0	0.0
OG0010510	0.0	0.0	0.0	0.0
OG0010511	0.0	0.0	0.0	0.0
OG0010512	0.0	0.0	0.0	0.0
OG0010513	0.0	0.0	0.0	0.0
OG0010514	0.0	0.0	0.0	0.0
OG0010515	0.0	0.0	0.0	0.0
OG0010516	0.0	0.0	0.0	0.0
OG0010517	0.0	0.0	0.0	0.0
OG0010518	0.0	0.0	0.0	0.0
OG0010519	0.0	0.0	0.0	0.0
OG0010520	0.0	0.0	0.0	0.0
OG0010521	0.0	0.0	0.0	0.0
OG0010522	0.0	0.0	0.0	0.0
OG0010523	0.0	0.0	0.0	0.0
OG0010524	0.0	0.0	0.0	0.0
OG0010525	0.0	0.0	0.0	0.0
OG0010526	0.0	0.0	0.0	0.0
OG0010527	0.0	0.0	0.0	0.0
OG0010528	0.0	0.0	0.0	0.0
OG0010529	0.0	0.0	0.0	0.0
OG0010530	0.0	0.0	0.0	0.0
OG0010531	0.0	0.0	0.0	0.0
OG0010532	0.0	0.0	0.0	0.0
OG0010534	0.0	0.0	0.0	0.0
OG0010535	0.0	0.0	0.0	0.0
OG0010538	0.0	0.0	0.0	0.0
OG0010539	0.0	0.0	0.0	0.0
OG0010540	0.0	0.0	0.0	0.0
OG0010541	0.0	0.0	0.0	0.0
OG0010542	0.0	0.0	0.0	0.0
OG0010543	0.0	0.0	0.0	0.0
OG0010545	0.0	0.0	0.0	0.0
OG0010546	0.0	0.0	0.0	0.0
OG0010547	0.0	0.0	0.0	0.0
OG0010549	0.0	0.0	0.0	0.0
OG0010550	0.0	0.0	0.0	0.0
OG0010551	0.0	0.0	0.0	0.0
OG0010552	0.0	0.0	0.0	0.0
OG0010556	0.0	0.0	0.0	0.0
OG0010558	0.0	0.0	0.0	0.0
OG0010559	0.0	0.0	0.0	0.0
OG0010560	0.0	0.0	0.0	0.0
OG0010561	0.0	0.0	0.0	0.0
OG0010562	0.0	0.0	0.0	0.0
OG0010563	0.0	0.0	0.0	0.0
OG0010564	0.0	0.0	0.0	0.0
OG0010565	0.0	0.0	0.0	0.0
OG0010566	0.0	0.0	0.0	0.0
OG0010567	0.0	0.0	0.0	0.0
OG0010568	0.0	0.0	0.0	0.0
OG0010569	0.0	0.0	0.0	0.0
OG0010570	0.0	0.0	0.0	0.0
OG0010572	0.0	0.0	0.0	0.0
OG0010581	0.0	0.0	0.0	0.0
OG0010587	0.0	0.0	0.0	0.0
OG0010593	0.0	0.0	0.0	0.0
OG0010597	0.0	0.0	0.0	0.0
OG0010598	0.0	0.0	0.0	0.0
OG0010599	0.0	0.0	0.0	0.0
OG0010600	0.0	0.0	0.0	0.0
OG0010601	0.0	0.0	0.0	0.0
OG0010602	0.0	0.0	0.0	0.0
OG0010603	0.0	0.0	0.0	0.0
OG0010604	0.0	0.0	0.0	0.0
OG0010606	0.0	0.0	0.0	0.0
OG0010608	0.0	0.0	0.0	0.0
OG0010610	0.0	0.0	0.0	0.0
OG0010611	0.0	0.0	0.0	0.0
OG0010613	0.0	0.0	0.0	0.0
OG0010615	0.0	0.0	0.0	0.0
OG0010617	0.0	0.0	0.0	0.0
OG0010618	0.0	0.0	0.0	0.0
OG0010619	0.0	0.0	0.0	0.0
OG0010622	0.0	0.0	0.0	0.0
OG0010623	0.0	0.0	0.0	0.0
OG0010625	0.0	0.0	0.0	0.0
OG0010626	0.0	0.0	0.0	0.0
OG0010627	0.0	0.0	0.0	0.0
OG0010629	0.0	0.0	0.0	0.0
OG0010630	0.0	0.0	0.0	0.0
OG0010631	0.0	0.0	0.0	0.0
OG0010633	0.0	0.0	0.0	0.0
OG0010635	0.0	0.0	0.0	0.0
OG0010636	0.0	0.0	0.0	0.0
OG0010637	0.0	0.0	0.0	0.0
OG0010640	0.0	0.0	0.0	0.0
OG0010641	0.0	0.0	0.0	0.0
OG0010642	0.0	0.0	0.0	0.0
OG0010643	0.0	0.0	0.0	0.0
OG0010644	0.0	0.0	0.0	0.0
OG0010645	0.0	0.0	0.0	0.0
OG0010647	0.0	0.0	0.0	0.0
OG0010648	0.0	0.0	0.0	0.0
OG0010651	0.0	0.0	0.0	0.0
OG0010653	0.0	0.0	0.0	0.0
OG0010654	0.0	0.0	0.0	0.0
OG0010656	0.0	0.0	0.0	0.0
OG0010657	0.0	0.0	0.0	0.0
OG0010661	0.0	0.0	0.0	0.0
OG0010662	0.0	0.0	0.0	0.0
OG0010663	0.0	0.0	0.0	0.0
OG0010664	0.0	0.0	0.0	0.0
OG0010665	0.0	0.0	0.0	0.0
OG0010666	0.0	0.0	0.0	0.0
OG0010667	0.0	0.0	0.0	0.0
OG0010668	0.0	0.0	0.0	0.0
OG0010670	0.0	0.0	0.0	0.0
OG0010671	0.0	0.0	0.0	0.0
OG0010672	0.0	0.0	0.0	0.0
OG0010673	0.0	0.0	0.0	0.0
OG0010674	0.0	0.0	0.0	0.0
OG0010675	0.0	0.0	0.0	0.0
OG0010676	0.0	0.0	0.0	0.0
OG0010677	0.0	0.0	0.0	0.0
OG0010678	0.0	0.0	0.0	0.0
OG0010679	0.0	0.0	0.0	0.0
OG0010680	0.0	0.0	0.0	0.0
OG0010681	0.0	0.0	0.0	0.0
OG0010682	0.0	0.0	0.0	0.0
OG0010684	0.0	0.0	0.0	0.0
OG0010686	0.0	0.0	0.0	0.0
OG0010688	0.0	0.0	0.0	0.0
OG0010689	0.0	0.0	0.0	0.0
OG0010690	0.0	0.0	0.0	0.0
OG0010691	0.0	0.0	0.0	0.0
OG0010693	0.0	0.0	0.0	0.0
OG0010694	0.0	0.0	0.0	0.0
OG0010696	0.0	0.0	0.0	0.0
OG0010698	0.0	0.0	0.0	0.0
OG0010699	0.0	0.0	0.0	0.0
OG0010700	0.0	0.0	0.0	0.0
OG0010701	0.0	0.0	0.0	0.0
OG0010702	0.0	0.0	0.0	0.0
OG0010705	0.0	0.0	0.0	0.0
OG0010710	0.0	0.0	0.0	0.0
OG0010711	0.0	0.0	0.0	0.0
OG0010712	0.0	0.0	0.0	0.0
OG0010713	0.0	0.0	0.0	0.0
OG0010717	0.0	0.0	0.0	0.0
OG0010718	0.0	0.0	0.0	0.0
OG0010719	0.0	0.0	0.0	0.0
OG0010720	0.0	0.0	0.0	0.0
OG0010721	0.0	0.0	0.0	0.0
OG0010722	0.0	0.0	0.0	0.0
OG0010723	0.0	0.0	0.0	0.0
OG0010724	0.0	0.0	0.0	0.0
OG0010734	0.0	0.0	0.0	0.0
OG0010738	0.0	0.0	0.0	0.0
OG0010740	0.0	0.0	0.0	0.0
OG0010765	0.0	0.0	0.0	0.0
OG0010767	0.0	0.0	0.0	0.0
OG0010771	0.0	0.0	0.0	0.0
OG0010773	0.0	0.0	0.0	0.0
OG0010775	0.0	0.0	0.0	0.0
OG0010777	0.0	0.0	0.0	0.0
OG0010778	0.0	0.0	0.0	0.0
OG0010781	0.0	0.0	0.0	0.0
OG0010836	0.0	0.0	0.0	0.0
OG0010871	0.0	0.0	0.0	0.0
OG0010872	0.0	0.0	0.0	0.0
OG0010873	0.0	0.0	0.0	0.0
OG0010874	0.0	0.0	0.0	0.0
OG0010876	0.0	0.0	0.0	0.0
OG0010878	0.0	0.0	0.0	0.0
OG0010880	0.0	0.0	0.0	0.0
OG0010881	0.0	0.0	0.0	0.0
OG0010882	0.0	0.0	0.0	0.0
OG0010889	0.0	0.0	0.0	0.0
OG0010890	0.0	0.0	0.0	0.0
OG0010891	0.0	0.0	0.0	0.0
OG0010893	0.0	0.0	0.0	0.0
OG0010894	0.0	0.0	0.0	0.0
OG0010895	0.0	0.0	0.0	0.0
OG0010897	0.0	0.0	0.0	0.0
OG0010899	0.0	0.0	0.0	0.0
OG0010902	0.0	0.0	0.0	0.0
OG0010903	0.0	0.0	0.0	0.0
OG0010904	0.0	0.0	0.0	0.0
OG0010908	0.0	0.0	0.0	0.0
OG0010909	0.0	0.0	0.0	0.0
OG0010910	0.0	0.0	0.0	0.0
OG0010911	0.0	0.0	0.0	0.0
OG0010912	0.0	0.0	0.0	0.0
OG0010914	0.0	0.0	0.0	0.0
OG0010916	0.0	0.0	0.0	0.0
OG0010917	0.0	0.0	0.0	0.0
OG0010919	0.0	0.0	0.0	0.0
OG0010920	0.0	0.0	0.0	0.0
OG0010921	0.0	0.0	0.0	0.0
OG0010923	0.0	0.0	0.0	0.0
OG0010924	0.0	0.0	0.0	0.0
OG0010926	0.0	0.0	0.0	0.0
OG0010928	0.0	0.0	0.0	0.0
OG0010929	0.0	0.0	0.0	0.0
OG0010930	0.0	0.0	0.0	0.0
OG0010932	0.0	0.0	0.0	0.0
OG0010933	0.0	0.0	0.0	0.0
OG0010934	0.0	0.0	0.0	0.0
OG0010935	0.0	0.0	0.0	0.0
OG0010936	0.0	0.0	0.0	0.0
OG0010938	0.0	0.0	0.0	0.0
OG0010939	0.0	0.0	0.0	0.0
OG0010940	0.0	0.0	0.0	0.0
OG0010941	0.0	0.0	0.0	0.0
OG0010942	0.0	0.0	0.0	0.0
OG0010943	0.0	0.0	0.0	0.0
OG0010946	0.0	0.0	0.0	0.0
OG0010948	0.0	0.0	0.0	0.0
OG0010949	0.0	0.0	0.0	0.0
OG0010950	0.0	0.0	0.0	0.0
OG0010951	0.0	0.0	0.0	0.0
OG0010953	0.0	0.0	0.0	0.0
OG0010954	0.0	0.0	0.0	0.0
OG0010956	0.0	0.0	0.0	0.0
OG0010958	0.0	0.0	0.0	0.0
OG0010963	0.0	0.0	0.0	0.0
OG0010965	0.0	0.0	0.0	0.0
OG0010966	0.0	0.0	0.0	0.0
OG0010967	0.0	0.0	0.0	0.0
OG0010968	0.0	0.0	0.0	0.0
OG0010970	0.0	0.0	0.0	0.0
OG0010971	0.0	0.0	0.0	0.0
OG0010973	0.0	0.0	0.0	0.0
OG0010974	0.0	0.0	0.0	0.0
OG0010975	0.0	0.0	0.0	0.0
OG0010978	0.0	0.0	0.0	0.0
OG0010979	0.0	0.0	0.0	0.0
OG0010980	0.0	0.0	0.0	0.0
OG0010981	0.0	0.0	0.0	0.0
OG0010982	0.0	0.0	0.0	0.0
OG0010983	0.0	0.0	0.0	0.0
OG0010984	0.0	0.0	0.0	0.0
OG0010985	0.0	0.0	0.0	0.0
OG0010986	0.0	0.0	0.0	0.0
OG0010987	0.0	0.0	0.0	0.0
OG0010988	0.0	0.0	0.0	0.0
OG0010989	0.0	0.0	0.0	0.0
OG0010990	0.0	0.0	0.0	0.0
OG0010991	0.0	0.0	0.0	0.0
OG0010993	0.0	0.0	0.0	0.0
OG0010994	0.0	0.0	0.0	0.0
OG0010995	0.0	0.0	0.0	0.0
OG0010996	0.0	0.0	0.0	0.0
OG0010997	0.0	0.0	0.0	0.0
OG0010998	0.0	0.0	0.0	0.0
OG0010999	0.0	0.0	0.0	0.0
OG0011000	0.0	0.0	0.0	0.0
OG0011001	0.0	0.0	0.0	0.0
OG0011002	0.0	0.0	0.0	0.0
OG0011003	0.0	0.0	0.0	0.0
OG0011004	0.0	0.0	0.0	0.0
OG0011008	0.0	0.0	0.0	0.0
OG0011009	0.0	0.0	0.0	0.0
OG0011010	0.0	0.0	0.0	0.0
OG0011012	0.0	0.0	0.0	0.0
OG0011014	0.0	0.0	0.0	0.0
OG0011015	0.0	0.0	0.0	0.0
OG0011016	0.0	0.0	0.0	0.0
OG0011017	0.0	0.0	0.0	0.0
OG0011018	0.0	0.0	0.0	0.0
OG0011019	0.0	0.0	0.0	0.0
OG0011021	0.0	0.0	0.0	0.0
OG0011023	0.0	0.0	0.0	0.0
OG0011024	0.0	0.0	0.0	0.0
OG0011025	0.0	0.0	0.0	0.0
OG0011026	0.0	0.0	0.0	0.0
OG0011027	0.0	0.0	0.0	0.0
OG0011029	0.0	0.0	0.0	0.0
OG0011030	0.0	0.0	0.0	0.0
OG0011031	0.0	0.0	0.0	0.0
OG0011032	0.0	0.0	0.0	0.0
OG0011034	0.0	0.0	0.0	0.0
OG0011035	0.0	0.0	0.0	0.0
OG0011038	0.0	0.0	0.0	0.0
OG0011039	0.0	0.0	0.0	0.0
OG0011041	0.0	0.0	0.0	0.0
OG0011042	0.0	0.0	0.0	0.0
OG0011043	0.0	0.0	0.0	0.0
OG0011044	0.0	0.0	0.0	0.0
OG0011045	0.0	0.0	0.0	0.0
OG0011046	0.0	0.0	0.0	0.0
OG0011047	0.0	0.0	0.0	0.0
OG0011048	0.0	0.0	0.0	0.0
OG0011050	0.0	0.0	0.0	0.0
OG0011051	0.0	0.0	0.0	0.0
OG0011052	0.0	0.0	0.0	0.0
OG0011053	0.0	0.0	0.0	0.0
OG0011055	0.0	0.0	0.0	0.0
OG0011057	0.0	0.0	0.0	0.0
OG0011058	0.0	0.0	0.0	0.0
OG0011059	0.0	0.0	0.0	0.0
OG0011060	0.0	0.0	0.0	0.0
OG0011062	0.0	0.0	0.0	0.0
OG0011063	0.0	0.0	0.0	0.0
OG0011065	0.0	0.0	0.0	0.0
OG0011068	0.0	0.0	0.0	0.0
OG0011069	0.0	0.0	0.0	0.0
OG0011070	0.0	0.0	0.0	0.0
OG0011071	0.0	0.0	0.0	0.0
OG0011072	0.0	0.0	0.0	0.0
OG0011073	0.0	0.0	0.0	0.0
OG0011074	0.0	0.0	0.0	0.0
OG0011076	0.0	0.0	0.0	0.0
OG0011077	0.0	0.0	0.0	0.0
OG0011078	0.0	0.0	0.0	0.0
OG0011079	0.0	0.0	0.0	0.0
OG0011080	0.0	0.0	0.0	0.0
OG0011082	0.0	0.0	0.0	0.0
OG0011083	0.0	0.0	0.0	0.0
OG0011084	0.0	0.0	0.0	0.0
OG0011085	0.0	0.0	0.0	0.0
OG0011086	0.0	0.0	0.0	0.0
OG0011087	0.0	0.0	0.0	0.0
OG0011088	0.0	0.0	0.0	0.0
OG0011108	0.0	0.0	0.0	0.0
OG0011109	0.0	0.0	0.0	0.0
OG0011111	0.0	0.0	0.0	0.0
OG0011113	0.0	0.0	0.0	0.0
OG0011114	0.0	0.0	0.0	0.0
OG0011117	0.0	0.0	0.0	0.0
OG0011120	0.0	0.0	0.0	0.0
OG0011122	0.0	0.0	0.0	0.0
OG0011123	0.0	0.0	0.0	0.0
OG0011124	0.0	0.0	0.0	0.0
OG0011126	0.0	0.0	0.0	0.0
OG0011127	0.0	0.0	0.0	0.0
OG0011128	0.0	0.0	0.0	0.0
OG0011129	0.0	0.0	0.0	0.0
OG0011130	0.0	0.0	0.0	0.0
OG0011131	0.0	0.0	0.0	0.0
OG0011132	0.0	0.0	0.0	0.0
OG0011133	0.0	0.0	0.0	0.0
OG0011135	0.0	0.0	0.0	0.0
OG0011136	0.0	0.0	0.0	0.0
OG0011137	0.0	0.0	0.0	0.0
OG0011138	0.0	0.0	0.0	0.0
OG0011139	0.0	0.0	0.0	0.0
OG0011140	0.0	0.0	0.0	0.0
OG0011141	0.0	0.0	0.0	0.0
OG0011142	0.0	0.0	0.0	0.0
OG0011143	0.0	0.0	0.0	0.0
OG0011144	0.0	0.0	0.0	0.0
OG0011145	0.0	0.0	0.0	0.0
OG0011146	0.0	0.0	0.0	0.0
OG0011147	0.0	0.0	0.0	0.0
OG0011148	0.0	0.0	0.0	0.0
OG0011149	0.0	0.0	0.0	0.0
OG0011150	0.0	0.0	0.0	0.0
OG0011151	0.0	0.0	0.0	0.0
OG0011152	0.0	0.0	0.0	0.0
OG0011153	0.0	0.0	0.0	0.0
OG0011154	0.0	0.0	0.0	0.0
OG0011155	0.0	0.0	0.0	0.0
OG0011156	0.0	0.0	0.0	0.0
OG0011157	0.0	0.0	0.0	0.0
OG0011158	0.0	0.0	0.0	0.0
OG0011159	0.0	0.0	0.0	0.0
OG0011161	0.0	0.0	0.0	0.0
OG0011163	0.0	0.0	0.0	0.0
OG0011165	0.0	0.0	0.0	0.0
OG0011166	0.0	0.0	0.0	0.0
OG0011167	0.0	0.0	0.0	0.0
OG0011169	0.0	0.0	0.0	0.0
OG0011170	0.0	0.0	0.0	0.0
OG0011171	0.0	0.0	0.0	0.0
OG0011172	0.0	0.0	0.0	0.0
OG0011173	0.0	0.0	0.0	0.0
OG0011174	0.0	0.0	0.0	0.0
OG0011175	0.0	0.0	0.0	0.0
OG0011176	0.0	0.0	0.0	0.0
OG0011177	0.0	0.0	0.0	0.0
OG0011178	0.0	0.0	0.0	0.0
OG0011179	0.0	0.0	0.0	0.0
OG0011180	0.0	0.0	0.0	0.0
OG0011181	0.0	0.0	0.0	0.0
OG0011182	0.0	0.0	0.0	0.0
OG0011183	0.0	0.0	0.0	0.0
OG0011184	0.0	0.0	0.0	0.0
OG0011186	0.0	0.0	0.0	0.0
OG0011187	0.0	0.0	0.0	0.0
OG0011188	0.0	0.0	0.0	0.0
OG0011189	0.0	0.0	0.0	0.0
OG0011190	0.0	0.0	0.0	0.0
OG0011191	0.0	0.0	0.0	0.0
OG0011192	0.0	0.0	0.0	0.0
OG0011194	0.0	0.0	0.0	0.0
OG0011195	0.0	0.0	0.0	0.0
OG0011196	0.0	0.0	0.0	0.0
OG0011197	0.0	0.0	0.0	0.0
OG0011198	0.0	0.0	0.0	0.0
OG0011200	0.0	0.0	0.0	0.0
OG0011201	0.0	0.0	0.0	0.0
OG0011202	0.0	0.0	0.0	0.0
OG0011203	0.0	0.0	0.0	0.0
OG0011204	0.0	0.0	0.0	0.0
OG0011205	0.0	0.0	0.0	0.0
OG0011206	0.0	0.0	0.0	0.0
OG0011207	0.0	0.0	0.0	0.0
OG0011209	0.0	0.0	0.0	0.0
OG0011210	0.0	0.0	0.0	0.0
OG0011211	0.0	0.0	0.0	0.0
OG0011212	0.0	0.0	0.0	0.0
OG0011214	0.0	0.0	0.0	0.0
OG0011215	0.0	0.0	0.0	0.0
OG0011216	0.0	0.0	0.0	0.0
OG0011218	0.0	0.0	0.0	0.0
OG0011220	0.0	0.0	0.0	0.0
OG0011222	0.0	0.0	0.0	0.0
OG0011223	0.0	0.0	0.0	0.0
OG0011224	0.0	0.0	0.0	0.0
OG0011225	0.0	0.0	0.0	0.0
OG0011226	0.0	0.0	0.0	0.0
OG0011228	0.0	0.0	0.0	0.0
OG0011229	0.0	0.0	0.0	0.0
OG0011231	0.0	0.0	0.0	0.0
OG0011232	0.0	0.0	0.0	0.0
OG0011233	0.0	0.0	0.0	0.0
OG0011236	0.0	0.0	0.0	0.0
OG0011239	0.0	0.0	0.0	0.0
OG0011244	0.0	0.0	0.0	0.0
OG0011245	0.0	0.0	0.0	0.0
OG0011246	0.0	0.0	0.0	0.0
OG0011247	0.0	0.0	0.0	0.0
OG0011248	0.0	0.0	0.0	0.0
OG0011249	0.0	0.0	0.0	0.0
OG0011250	0.0	0.0	0.0	0.0
OG0011251	0.0	0.0	0.0	0.0
OG0011252	0.0	0.0	0.0	0.0
OG0011253	0.0	0.0	0.0	0.0
OG0011254	0.0	0.0	0.0	0.0
OG0011255	0.0	0.0	0.0	0.0
OG0011256	0.0	0.0	0.0	0.0
OG0011259	0.0	0.0	0.0	0.0
OG0011260	0.0	0.0	0.0	0.0
OG0011261	0.0	0.0	0.0	0.0
OG0011263	0.0	0.0	0.0	0.0
OG0011266	0.0	0.0	0.0	0.0
OG0011270	0.0	0.0	0.0	0.0
OG0011271	0.0	0.0	0.0	0.0
OG0011272	0.0	0.0	0.0	0.0
OG0011273	0.0	0.0	0.0	0.0
OG0011277	0.0	0.0	0.0	0.0
OG0011279	0.0	0.0	0.0	0.0
OG0011281	0.0	0.0	0.0	0.0
OG0011283	0.0	0.0	0.0	0.0
OG0011284	0.0	0.0	0.0	0.0
OG0011285	0.0	0.0	0.0	0.0
OG0011286	0.0	0.0	0.0	0.0
OG0011289	0.0	0.0	0.0	0.0
OG0011290	0.0	0.0	0.0	0.0
OG0011291	0.0	0.0	0.0	0.0
OG0011292	0.0	0.0	0.0	0.0
OG0011293	0.0	0.0	0.0	0.0
OG0011295	0.0	0.0	0.0	0.0
OG0011296	0.0	0.0	0.0	0.0
OG0011299	0.0	0.0	0.0	0.0
OG0011300	0.0	0.0	0.0	0.0
OG0011303	0.0	0.0	0.0	0.0
OG0011306	0.0	0.0	0.0	0.0
OG0011307	0.0	0.0	0.0	0.0
OG0011310	0.0	0.0	0.0	0.0
OG0011311	0.0	0.0	0.0	0.0
OG0011315	0.0	0.0	0.0	0.0
OG0011316	0.0	0.0	0.0	0.0
OG0011317	0.0	0.0	0.0	0.0
OG0011318	0.0	0.0	0.0	0.0
OG0011322	0.0	0.0	0.0	0.0
OG0011326	0.0	0.0	0.0	0.0
OG0011328	0.0	0.0	0.0	0.0
OG0011329	0.0	0.0	0.0	0.0
OG0011355	0.0	0.0	0.0	0.0
OG0011362	0.0	0.0	0.0	0.0
OG0011365	0.0	0.0	0.0	0.0
OG0011370	0.0	0.0	0.0	0.0
OG0011376	0.0	0.0	0.0	0.0
OG0011382	0.0	0.0	0.0	0.0
OG0011390	0.0	0.0	0.0	0.0
OG0011399	0.0	0.0	0.0	0.0
OG0011411	0.0	0.0	0.0	0.0
OG0011416	0.0	0.0	0.0	0.0
OG0011424	0.0	0.0	0.0	0.0
OG0011456	0.0	0.0	0.0	0.0
OG0011507	0.0	0.0	0.0	0.0
OG0011508	0.0	0.0	0.0	0.0
OG0011510	0.0	0.0	0.0	0.0
OG0011511	0.0	0.0	0.0	0.0
OG0011512	0.0	0.0	0.0	0.0
OG0011513	0.0	0.0	0.0	0.0
OG0011514	0.0	0.0	0.0	0.0
OG0011515	0.0	0.0	0.0	0.0
OG0011516	0.0	0.0	0.0	0.0
OG0011517	0.0	0.0	0.0	0.0
OG0011518	0.0	0.0	0.0	0.0
OG0011519	0.0	0.0	0.0	0.0
OG0011520	0.0	0.0	0.0	0.0
OG0011521	0.0	0.0	0.0	0.0
OG0011522	0.0	0.0	0.0	0.0
OG0011523	0.0	0.0	0.0	0.0
OG0011524	0.0	0.0	0.0	0.0
OG0011525	0.0	0.0	0.0	0.0
OG0011526	0.0	0.0	0.0	0.0
OG0011527	0.0	0.0	0.0	0.0
OG0011529	0.0	0.0	0.0	0.0
OG0011530	0.0	0.0	0.0	0.0
OG0011541	0.0	0.0	0.0	0.0
OG0011543	0.0	0.0	0.0	0.0
OG0011544	0.0	0.0	0.0	0.0
OG0011545	0.0	0.0	0.0	0.0
OG0011547	0.0	0.0	0.0	0.0
OG0011548	0.0	0.0	0.0	0.0
OG0011549	0.0	0.0	0.0	0.0
OG0011551	0.0	0.0	0.0	0.0
OG0011552	0.0	0.0	0.0	0.0
OG0011553	0.0	0.0	0.0	0.0
OG0011554	0.0	0.0	0.0	0.0
OG0011555	0.0	0.0	0.0	0.0
OG0011557	0.0	0.0	0.0	0.0
OG0011563	0.0	0.0	0.0	0.0
OG0011565	0.0	0.0	0.0	0.0
OG0011567	0.0	0.0	0.0	0.0
OG0011569	0.0	0.0	0.0	0.0
OG0011573	0.0	0.0	0.0	0.0
OG0011574	0.0	0.0	0.0	0.0
OG0011578	0.0	0.0	0.0	0.0
OG0011579	0.0	0.0	0.0	0.0
OG0011581	0.0	0.0	0.0	0.0
OG0011583	0.0	0.0	0.0	0.0
OG0011584	0.0	0.0	0.0	0.0
OG0011586	0.0	0.0	0.0	0.0
OG0011587	0.0	0.0	0.0	0.0
OG0011589	0.0	0.0	0.0	0.0
OG0011590	0.0	0.0	0.0	0.0
OG0011591	0.0	0.0	0.0	0.0
OG0011592	0.0	0.0	0.0	0.0
OG0011595	0.0	0.0	0.0	0.0
OG0011596	0.0	0.0	0.0	0.0
OG0011598	0.0	0.0	0.0	0.0
OG0011599	0.0	0.0	0.0	0.0
OG0011600	0.0	0.0	0.0	0.0
OG0011601	0.0	0.0	0.0	0.0
OG0011603	0.0	0.0	0.0	0.0
OG0011605	0.0	0.0	0.0	0.0
OG0011606	0.0	0.0	0.0	0.0
OG0011610	0.0	0.0	0.0	0.0
OG0011611	0.0	0.0	0.0	0.0
OG0011613	0.0	0.0	0.0	0.0
OG0011617	0.0	0.0	0.0	0.0
OG0011618	0.0	0.0	0.0	0.0
OG0011619	0.0	0.0	0.0	0.0
OG0011620	0.0	0.0	0.0	0.0
OG0011621	0.0	0.0	0.0	0.0
OG0011622	0.0	0.0	0.0	0.0
OG0011624	0.0	0.0	0.0	0.0
OG0011625	0.0	0.0	0.0	0.0
OG0011626	0.0	0.0	0.0	0.0
OG0011630	0.0	0.0	0.0	0.0
OG0011631	0.0	0.0	0.0	0.0
OG0011632	0.0	0.0	0.0	0.0
OG0011633	0.0	0.0	0.0	0.0
OG0011634	0.0	0.0	0.0	0.0
OG0011635	0.0	0.0	0.0	0.0
OG0011636	0.0	0.0	0.0	0.0
OG0011637	0.0	0.0	0.0	0.0
OG0011638	0.0	0.0	0.0	0.0
OG0011639	0.0	0.0	0.0	0.0
OG0011640	0.0	0.0	0.0	0.0
OG0011641	0.0	0.0	0.0	0.0
OG0011642	0.0	0.0	0.0	0.0
OG0011643	0.0	0.0	0.0	0.0
OG0011644	0.0	0.0	0.0	0.0
OG0011645	0.0	0.0	0.0	0.0
OG0011646	0.0	0.0	0.0	0.0
OG0011647	0.0	0.0	0.0	0.0
OG0011649	0.0	0.0	0.0	0.0
OG0011650	0.0	0.0	0.0	0.0
OG0011651	0.0	0.0	0.0	0.0
OG0011652	0.0	0.0	0.0	0.0
OG0011654	0.0	0.0	0.0	0.0
OG0011655	0.0	0.0	0.0	0.0
OG0011657	0.0	0.0	0.0	0.0
OG0011659	0.0	0.0	0.0	0.0
OG0011661	0.0	0.0	0.0	0.0
OG0011662	0.0	0.0	0.0	0.0
OG0011663	0.0	0.0	0.0	0.0
OG0011665	0.0	0.0	0.0	0.0
OG0011667	0.0	0.0	0.0	0.0
OG0011669	0.0	0.0	0.0	0.0
OG0011670	0.0	0.0	0.0	0.0
OG0011672	0.0	0.0	0.0	0.0
OG0011673	0.0	0.0	0.0	0.0
OG0011674	0.0	0.0	0.0	0.0
OG0011676	0.0	0.0	0.0	0.0
OG0011677	0.0	0.0	0.0	0.0
OG0011678	0.0	0.0	0.0	0.0
OG0011679	0.0	0.0	0.0	0.0
OG0011680	0.0	0.0	0.0	0.0
OG0011682	0.0	0.0	0.0	0.0
OG0011683	0.0	0.0	0.0	0.0
OG0011684	0.0	0.0	0.0	0.0
OG0011685	0.0	0.0	0.0	0.0
OG0011686	0.0	0.0	0.0	0.0
OG0011687	0.0	0.0	0.0	0.0
OG0011688	0.0	0.0	0.0	0.0
OG0011689	0.0	0.0	0.0	0.0
OG0011690	0.0	0.0	0.0	0.0
OG0011692	0.0	0.0	0.0	0.0
OG0011693	0.0	0.0	0.0	0.0
OG0011694	0.0	0.0	0.0	0.0
OG0011695	0.0	0.0	0.0	0.0
OG0011697	0.0	0.0	0.0	0.0
OG0011698	0.0	0.0	0.0	0.0
OG0011699	0.0	0.0	0.0	0.0
OG0011700	0.0	0.0	0.0	0.0
OG0011701	0.0	0.0	0.0	0.0
OG0011703	0.0	0.0	0.0	0.0
OG0011704	0.0	0.0	0.0	0.0
OG0011705	0.0	0.0	0.0	0.0
OG0011706	0.0	0.0	0.0	0.0
OG0011707	0.0	0.0	0.0	0.0
OG0011708	0.0	0.0	0.0	0.0
OG0011709	0.0	0.0	0.0	0.0
OG0011710	0.0	0.0	0.0	0.0
OG0011712	0.0	0.0	0.0	0.0
OG0011713	0.0	0.0	0.0	0.0
OG0011714	0.0	0.0	0.0	0.0
OG0011715	0.0	0.0	0.0	0.0
OG0011716	0.0	0.0	0.0	0.0
OG0011717	0.0	0.0	0.0	0.0
OG0011718	0.0	0.0	0.0	0.0
OG0011719	0.0	0.0	0.0	0.0
OG0011720	0.0	0.0	0.0	0.0
OG0011721	0.0	0.0	0.0	0.0
OG0011722	0.0	0.0	0.0	0.0
OG0011723	0.0	0.0	0.0	0.0
OG0011724	0.0	0.0	0.0	0.0
OG0011725	0.0	0.0	0.0	0.0
OG0011726	0.0	0.0	0.0	0.0
OG0011728	0.0	0.0	0.0	0.0
OG0011729	0.0	0.0	0.0	0.0
OG0011730	0.0	0.0	0.0	0.0
OG0011731	0.0	0.0	0.0	0.0
OG0011733	0.0	0.0	0.0	0.0
OG0011734	0.0	0.0	0.0	0.0
OG0011735	0.0	0.0	0.0	0.0
OG0011751	0.0	0.0	0.0	0.0
OG0011755	0.0	0.0	0.0	0.0
OG0011758	0.0	0.0	0.0	0.0
OG0011759	0.0	0.0	0.0	0.0
OG0011762	0.0	0.0	0.0	0.0
OG0011763	0.0	0.0	0.0	0.0
OG0011767	0.0	0.0	0.0	0.0
OG0011770	0.0	0.0	0.0	0.0
OG0011773	0.0	0.0	0.0	0.0
OG0011774	0.0	0.0	0.0	0.0
OG0011776	0.0	0.0	0.0	0.0
OG0011777	0.0	0.0	0.0	0.0
OG0011782	0.0	0.0	0.0	0.0
OG0011783	0.0	0.0	0.0	0.0
OG0011784	0.0	0.0	0.0	0.0
OG0011786	0.0	0.0	0.0	0.0
OG0011787	0.0	0.0	0.0	0.0
OG0011788	0.0	0.0	0.0	0.0
OG0011789	0.0	0.0	0.0	0.0
OG0011790	0.0	0.0	0.0	0.0
OG0011791	0.0	0.0	0.0	0.0
OG0011792	0.0	0.0	0.0	0.0
OG0011793	0.0	0.0	0.0	0.0
OG0011795	0.0	0.0	0.0	0.0
OG0011796	0.0	0.0	0.0	0.0
OG0011797	0.0	0.0	0.0	0.0
OG0011799	0.0	0.0	0.0	0.0
OG0011801	0.0	0.0	0.0	0.0
OG0011803	0.0	0.0	0.0	0.0
OG0011804	0.0	0.0	0.0	0.0
OG0011805	0.0	0.0	0.0	0.0
OG0011806	0.0	0.0	0.0	0.0
OG0011807	0.0	0.0	0.0	0.0
OG0011808	0.0	0.0	0.0	0.0
OG0011809	0.0	0.0	0.0	0.0
OG0011810	0.0	0.0	0.0	0.0
OG0011812	0.0	0.0	0.0	0.0
OG0011813	0.0	0.0	0.0	0.0
OG0011815	0.0	0.0	0.0	0.0
OG0011816	0.0	0.0	0.0	0.0
OG0011817	0.0	0.0	0.0	0.0
OG0011818	0.0	0.0	0.0	0.0
OG0011819	0.0	0.0	0.0	0.0
OG0011820	0.0	0.0	0.0	0.0
OG0011823	0.0	0.0	0.0	0.0
OG0011824	0.0	0.0	0.0	0.0
OG0011825	0.0	0.0	0.0	0.0
OG0011826	0.0	0.0	0.0	0.0
OG0011827	0.0	0.0	0.0	0.0
OG0011828	0.0	0.0	0.0	0.0
OG0011829	0.0	0.0	0.0	0.0
OG0011830	0.0	0.0	0.0	0.0
OG0011831	0.0	0.0	0.0	0.0
OG0011832	0.0	0.0	0.0	0.0
OG0011834	0.0	0.0	0.0	0.0
OG0011836	0.0	0.0	0.0	0.0
OG0011837	0.0	0.0	0.0	0.0
OG0011838	0.0	0.0	0.0	0.0
OG0011839	0.0	0.0	0.0	0.0
OG0011840	0.0	0.0	0.0	0.0
OG0011843	0.0	0.0	0.0	0.0
OG0011844	0.0	0.0	0.0	0.0
OG0011845	0.0	0.0	0.0	0.0
OG0011847	0.0	0.0	0.0	0.0
OG0011848	0.0	0.0	0.0	0.0
OG0011849	0.0	0.0	0.0	0.0
OG0011851	0.0	0.0	0.0	0.0
OG0011853	0.0	0.0	0.0	0.0
OG0011855	0.0	0.0	0.0	0.0
OG0011857	0.0	0.0	0.0	0.0
OG0011858	0.0	0.0	0.0	0.0
OG0011859	0.0	0.0	0.0	0.0
OG0011860	0.0	0.0	0.0	0.0
OG0011861	0.0	0.0	0.0	0.0
OG0011862	0.0	0.0	0.0	0.0
OG0011864	0.0	0.0	0.0	0.0
OG0011866	0.0	0.0	0.0	0.0
OG0011867	0.0	0.0	0.0	0.0
OG0011868	0.0	0.0	0.0	0.0
OG0011869	0.0	0.0	0.0	0.0
OG0011873	0.0	0.0	0.0	0.0
OG0011874	0.0	0.0	0.0	0.0
OG0011875	0.0	0.0	0.0	0.0
OG0011879	0.0	0.0	0.0	0.0
OG0011880	0.0	0.0	0.0	0.0
OG0011882	0.0	0.0	0.0	0.0
OG0011885	0.0	0.0	0.0	0.0
OG0011888	0.0	0.0	0.0	0.0
OG0011889	0.0	0.0	0.0	0.0
OG0011890	0.0	0.0	0.0	0.0
OG0011891	0.0	0.0	0.0	0.0
OG0011892	0.0	0.0	0.0	0.0
OG0011893	0.0	0.0	0.0	0.0
OG0011894	0.0	0.0	0.0	0.0
OG0011897	0.0	0.0	0.0	0.0
OG0011898	0.0	0.0	0.0	0.0
OG0011899	0.0	0.0	0.0	0.0
OG0011900	0.0	0.0	0.0	0.0
OG0011901	0.0	0.0	0.0	0.0
OG0011902	0.0	0.0	0.0	0.0
OG0011904	0.0	0.0	0.0	0.0
OG0011905	0.0	0.0	0.0	0.0
OG0011906	0.0	0.0	0.0	0.0
OG0011907	0.0	0.0	0.0	0.0
OG0011908	0.0	0.0	0.0	0.0
OG0011909	0.0	0.0	0.0	0.0
OG0011910	0.0	0.0	0.0	0.0
OG0011912	0.0	0.0	0.0	0.0
OG0011921	0.0	0.0	0.0	0.0
OG0011924	0.0	0.0	0.0	0.0
OG0011927	0.0	0.0	0.0	0.0
OG0011928	0.0	0.0	0.0	0.0
OG0011929	0.0	0.0	0.0	0.0
OG0011931	0.0	0.0	0.0	0.0
OG0011932	0.0	0.0	0.0	0.0
OG0011933	0.0	0.0	0.0	0.0
OG0011934	0.0	0.0	0.0	0.0
OG0011937	0.0	0.0	0.0	0.0
OG0011938	0.0	0.0	0.0	0.0
OG0011939	0.0	0.0	0.0	0.0
OG0011940	0.0	0.0	0.0	0.0
OG0011942	0.0	0.0	0.0	0.0
OG0011944	0.0	0.0	0.0	0.0
OG0011947	0.0	0.0	0.0	0.0
OG0011948	0.0	0.0	0.0	0.0
OG0011949	0.0	0.0	0.0	0.0
OG0011950	0.0	0.0	0.0	0.0
OG0011952	0.0	0.0	0.0	0.0
OG0011953	0.0	0.0	0.0	0.0
OG0011954	0.0	0.0	0.0	0.0
OG0011955	0.0	0.0	0.0	0.0
OG0011956	0.0	0.0	0.0	0.0
OG0011957	0.0	0.0	0.0	0.0
OG0011958	0.0	0.0	0.0	0.0
OG0011959	0.0	0.0	0.0	0.0
OG0011960	0.0	0.0	0.0	0.0
OG0011961	0.0	0.0	0.0	0.0
OG0011962	0.0	0.0	0.0	0.0
OG0011963	0.0	0.0	0.0	0.0
OG0011964	0.0	0.0	0.0	0.0
OG0011965	0.0	0.0	0.0	0.0
OG0011967	0.0	0.0	0.0	0.0
OG0011968	0.0	0.0	0.0	0.0
OG0011969	0.0	0.0	0.0	0.0
OG0011970	0.0	0.0	0.0	0.0
OG0011971	0.0	0.0	0.0	0.0
OG0011972	0.0	0.0	0.0	0.0
OG0011973	0.0	0.0	0.0	0.0
OG0011974	0.0	0.0	0.0	0.0
OG0011975	0.0	0.0	0.0	0.0
OG0011976	0.0	0.0	0.0	0.0
OG0011977	0.0	0.0	0.0	0.0
OG0011981	0.0	0.0	0.0	0.0
OG0011983	0.0	0.0	0.0	0.0
OG0011984	0.0	0.0	0.0	0.0
OG0011985	0.0	0.0	0.0	0.0
OG0011987	0.0	0.0	0.0	0.0
OG0011990	0.0	0.0	0.0	0.0
OG0011991	0.0	0.0	0.0	0.0
OG0011992	0.0	0.0	0.0	0.0
OG0011993	0.0	0.0	0.0	0.0
OG0011994	0.0	0.0	0.0	0.0
OG0011995	0.0	0.0	0.0	0.0
OG0011997	0.0	0.0	0.0	0.0
OG0011999	0.0	0.0	0.0	0.0
OG0012000	0.0	0.0	0.0	0.0
OG0012001	0.0	0.0	0.0	0.0
OG0012002	0.0	0.0	0.0	0.0
OG0012004	0.0	0.0	0.0	0.0
OG0012005	0.0	0.0	0.0	0.0
OG0012006	0.0	0.0	0.0	0.0
OG0012007	0.0	0.0	0.0	0.0
OG0012008	0.0	0.0	0.0	0.0
OG0012009	0.0	0.0	0.0	0.0
OG0012010	0.0	0.0	0.0	0.0
OG0012012	0.0	0.0	0.0	0.0
OG0012013	0.0	0.0	0.0	0.0
OG0012014	0.0	0.0	0.0	0.0
OG0012015	0.0	0.0	0.0	0.0
OG0012022	0.0	0.0	0.0	0.0
OG0012030	0.0	0.0	0.0	0.0
OG0012031	0.0	0.0	0.0	0.0
OG0012032	0.0	0.0	0.0	0.0
OG0012033	0.0	0.0	0.0	0.0
OG0012038	0.0	0.0	0.0	0.0
OG0012040	0.0	0.0	0.0	0.0
OG0012041	0.0	0.0	0.0	0.0
OG0012062	0.0	0.0	0.0	0.0
OG0012074	0.0	0.0	0.0	0.0
OG0012084	0.0	0.0	0.0	0.0
OG0012087	0.0	0.0	0.0	0.0
OG0012088	0.0	0.0	0.0	0.0
OG0012089	0.0	0.0	0.0	0.0
OG0012090	0.0	0.0	0.0	0.0
OG0012092	0.0	0.0	0.0	0.0
OG0012094	0.0	0.0	0.0	0.0
OG0012095	0.0	0.0	0.0	0.0
OG0012097	0.0	0.0	0.0	0.0
OG0012098	0.0	0.0	0.0	0.0
OG0012099	0.0	0.0	0.0	0.0
OG0012102	0.0	0.0	0.0	0.0
OG0012117	0.0	0.0	0.0	0.0
OG0012118	0.0	0.0	0.0	0.0
OG0012127	0.0	0.0	0.0	0.0
OG0012131	0.0	0.0	0.0	0.0
OG0012132	0.0	0.0	0.0	0.0
OG0012152	0.0	0.0	0.0	0.0
OG0012223	0.0	0.0	0.0	0.0
OG0012270	0.0	0.0	0.0	0.0
OG0012271	0.0	0.0	0.0	0.0
OG0012273	0.0	0.0	0.0	0.0
OG0012274	0.0	0.0	0.0	0.0
OG0012275	0.0	0.0	0.0	0.0
OG0012276	0.0	0.0	0.0	0.0
OG0012278	0.0	0.0	0.0	0.0
OG0012279	0.0	0.0	0.0	0.0
OG0012280	0.0	0.0	0.0	0.0
OG0012281	0.0	0.0	0.0	0.0
OG0012284	0.0	0.0	0.0	0.0
OG0012286	0.0	0.0	0.0	0.0
OG0012287	0.0	0.0	0.0	0.0
OG0012288	0.0	0.0	0.0	0.0
OG0012289	0.0	0.0	0.0	0.0
OG0012292	0.0	0.0	0.0	0.0
OG0012293	0.0	0.0	0.0	0.0
OG0012294	0.0	0.0	0.0	0.0
OG0012295	0.0	0.0	0.0	0.0
OG0012296	0.0	0.0	0.0	0.0
OG0012297	0.0	0.0	0.0	0.0
OG0012299	0.0	0.0	0.0	0.0
OG0012300	0.0	0.0	0.0	0.0
OG0012301	0.0	0.0	0.0	0.0
OG0012302	0.0	0.0	0.0	0.0
OG0012304	0.0	0.0	0.0	0.0
OG0012317	0.0	0.0	0.0	0.0
OG0012318	0.0	0.0	0.0	0.0
OG0012320	0.0	0.0	0.0	0.0
OG0012321	0.0	0.0	0.0	0.0
OG0012324	0.0	0.0	0.0	0.0
OG0012325	0.0	0.0	0.0	0.0
OG0012326	0.0	0.0	0.0	0.0
OG0012329	0.0	0.0	0.0	0.0
OG0012330	0.0	0.0	0.0	0.0
OG0012333	0.0	0.0	0.0	0.0
OG0012334	0.0	0.0	0.0	0.0
OG0012335	0.0	0.0	0.0	0.0
OG0012336	0.0	0.0	0.0	0.0
OG0012337	0.0	0.0	0.0	0.0
OG0012338	0.0	0.0	0.0	0.0
OG0012339	0.0	0.0	0.0	0.0
OG0012340	0.0	0.0	0.0	0.0
OG0012341	0.0	0.0	0.0	0.0
OG0012345	0.0	0.0	0.0	0.0
OG0012346	0.0	0.0	0.0	0.0
OG0012347	0.0	0.0	0.0	0.0
OG0012348	0.0	0.0	0.0	0.0
OG0012349	0.0	0.0	0.0	0.0
OG0012350	0.0	0.0	0.0	0.0
OG0012352	0.0	0.0	0.0	0.0
OG0012353	0.0	0.0	0.0	0.0
OG0012354	0.0	0.0	0.0	0.0
OG0012355	0.0	0.0	0.0	0.0
OG0012358	0.0	0.0	0.0	0.0
OG0012359	0.0	0.0	0.0	0.0
OG0012360	0.0	0.0	0.0	0.0
OG0012361	0.0	0.0	0.0	0.0
OG0012362	0.0	0.0	0.0	0.0
OG0012365	0.0	0.0	0.0	0.0
OG0012366	0.0	0.0	0.0	0.0
OG0012367	0.0	0.0	0.0	0.0
OG0012368	0.0	0.0	0.0	0.0
OG0012370	0.0	0.0	0.0	0.0
OG0012371	0.0	0.0	0.0	0.0
OG0012373	0.0	0.0	0.0	0.0
OG0012374	0.0	0.0	0.0	0.0
OG0012375	0.0	0.0	0.0	0.0
OG0012376	0.0	0.0	0.0	0.0
OG0012377	0.0	0.0	0.0	0.0
OG0012378	0.0	0.0	0.0	0.0
OG0012379	0.0	0.0	0.0	0.0
OG0012380	0.0	0.0	0.0	0.0
OG0012381	0.0	0.0	0.0	0.0
OG0012382	0.0	0.0	0.0	0.0
OG0012383	0.0	0.0	0.0	0.0
OG0012384	0.0	0.0	0.0	0.0
OG0012386	0.0	0.0	0.0	0.0
OG0012387	0.0	0.0	0.0	0.0
OG0012389	0.0	0.0	0.0	0.0
OG0012391	0.0	0.0	0.0	0.0
OG0012392	0.0	0.0	0.0	0.0
OG0012394	0.0	0.0	0.0	0.0
OG0012395	0.0	0.0	0.0	0.0
OG0012396	0.0	0.0	0.0	0.0
OG0012399	0.0	0.0	0.0	0.0
OG0012400	0.0	0.0	0.0	0.0
OG0012401	0.0	0.0	0.0	0.0
OG0012402	0.0	0.0	0.0	0.0
OG0012403	0.0	0.0	0.0	0.0
OG0012404	0.0	0.0	0.0	0.0
OG0012405	0.0	0.0	0.0	0.0
OG0012406	0.0	0.0	0.0	0.0
OG0012408	0.0	0.0	0.0	0.0
OG0012412	0.0	0.0	0.0	0.0
OG0012413	0.0	0.0	0.0	0.0
OG0012414	0.0	0.0	0.0	0.0
OG0012416	0.0	0.0	0.0	0.0
OG0012417	0.0	0.0	0.0	0.0
OG0012418	0.0	0.0	0.0	0.0
OG0012419	0.0	0.0	0.0	0.0
OG0012420	0.0	0.0	0.0	0.0
OG0012421	0.0	0.0	0.0	0.0
OG0012423	0.0	0.0	0.0	0.0
OG0012424	0.0	0.0	0.0	0.0
OG0012425	0.0	0.0	0.0	0.0
OG0012426	0.0	0.0	0.0	0.0
OG0012428	0.0	0.0	0.0	0.0
OG0012429	0.0	0.0	0.0	0.0
OG0012431	0.0	0.0	0.0	0.0
OG0012432	0.0	0.0	0.0	0.0
OG0012436	0.0	0.0	0.0	0.0
OG0012437	0.0	0.0	0.0	0.0
OG0012438	0.0	0.0	0.0	0.0
OG0012439	0.0	0.0	0.0	0.0
OG0012440	0.0	0.0	0.0	0.0
OG0012441	0.0	0.0	0.0	0.0
OG0012442	0.0	0.0	0.0	0.0
OG0012443	0.0	0.0	0.0	0.0
OG0012444	0.0	0.0	0.0	0.0
OG0012445	0.0	0.0	0.0	0.0
OG0012446	0.0	0.0	0.0	0.0
OG0012447	0.0	0.0	0.0	0.0
OG0012448	0.0	0.0	0.0	0.0
OG0012449	0.0	0.0	0.0	0.0
OG0012450	0.0	0.0	0.0	0.0
OG0012451	0.0	0.0	0.0	0.0
OG0012452	0.0	0.0	0.0	0.0
OG0012453	0.0	0.0	0.0	0.0
OG0012454	0.0	0.0	0.0	0.0
OG0012455	0.0	0.0	0.0	0.0
OG0012456	0.0	0.0	0.0	0.0
OG0012457	0.0	0.0	0.0	0.0
OG0012458	0.0	0.0	0.0	0.0
OG0012459	0.0	0.0	0.0	0.0
OG0012460	0.0	0.0	0.0	0.0
OG0012461	0.0	0.0	0.0	0.0
OG0012462	0.0	0.0	0.0	0.0
OG0012463	0.0	0.0	0.0	0.0
OG0012464	0.0	0.0	0.0	0.0
OG0012465	0.0	0.0	0.0	0.0
OG0012466	0.0	0.0	0.0	0.0
OG0012467	0.0	0.0	0.0	0.0
OG0012468	0.0	0.0	0.0	0.0
OG0012469	0.0	0.0	0.0	0.0
OG0012471	0.0	0.0	0.0	0.0
OG0012473	0.0	0.0	0.0	0.0
OG0012474	0.0	0.0	0.0	0.0
OG0012475	0.0	0.0	0.0	0.0
OG0012476	0.0	0.0	0.0	0.0
OG0012477	0.0	0.0	0.0	0.0
OG0012478	0.0	0.0	0.0	0.0
OG0012480	0.0	0.0	0.0	0.0
OG0012482	0.0	0.0	0.0	0.0
OG0012483	0.0	0.0	0.0	0.0
OG0012484	0.0	0.0	0.0	0.0
OG0012486	0.0	0.0	0.0	0.0
OG0012488	0.0	0.0	0.0	0.0
OG0012489	0.0	0.0	0.0	0.0
OG0012490	0.0	0.0	0.0	0.0
OG0012491	0.0	0.0	0.0	0.0
OG0012492	0.0	0.0	0.0	0.0
OG0012493	0.0	0.0	0.0	0.0
OG0012494	0.0	0.0	0.0	0.0
OG0012496	0.0	0.0	0.0	0.0
OG0012497	0.0	0.0	0.0	0.0
OG0012498	0.0	0.0	0.0	0.0
OG0012499	0.0	0.0	0.0	0.0
OG0012500	0.0	0.0	0.0	0.0
OG0012502	0.0	0.0	0.0	0.0
OG0012503	0.0	0.0	0.0	0.0
OG0012504	0.0	0.0	0.0	0.0
OG0012505	0.0	0.0	0.0	0.0
OG0012506	0.0	0.0	0.0	0.0
OG0012507	0.0	0.0	0.0	0.0
OG0012508	0.0	0.0	0.0	0.0
OG0012509	0.0	0.0	0.0	0.0
OG0012510	0.0	0.0	0.0	0.0
OG0012512	0.0	0.0	0.0	0.0
OG0012514	0.0	0.0	0.0	0.0
OG0012515	0.0	0.0	0.0	0.0
OG0012516	0.0	0.0	0.0	0.0
OG0012517	0.0	0.0	0.0	0.0
OG0012518	0.0	0.0	0.0	0.0
OG0012519	0.0	0.0	0.0	0.0
OG0012520	0.0	0.0	0.0	0.0
OG0012521	0.0	0.0	0.0	0.0
OG0012522	0.0	0.0	0.0	0.0
OG0012523	0.0	0.0	0.0	0.0
OG0012524	0.0	0.0	0.0	0.0
OG0012528	0.0	0.0	0.0	0.0
OG0012529	0.0	0.0	0.0	0.0
OG0012530	0.0	0.0	0.0	0.0
OG0012531	0.0	0.0	0.0	0.0
OG0012532	0.0	0.0	0.0	0.0
OG0012533	0.0	0.0	0.0	0.0
OG0012534	0.0	0.0	0.0	0.0
OG0012535	0.0	0.0	0.0	0.0
OG0012536	0.0	0.0	0.0	0.0
OG0012537	0.0	0.0	0.0	0.0
OG0012538	0.0	0.0	0.0	0.0
OG0012539	0.0	0.0	0.0	0.0
OG0012540	0.0	0.0	0.0	0.0
OG0012541	0.0	0.0	0.0	0.0
OG0012542	0.0	0.0	0.0	0.0
OG0012543	0.0	0.0	0.0	0.0
OG0012544	0.0	0.0	0.0	0.0
OG0012545	0.0	0.0	0.0	0.0
OG0012546	0.0	0.0	0.0	0.0
OG0012547	0.0	0.0	0.0	0.0
OG0012548	0.0	0.0	0.0	0.0
OG0012549	0.0	0.0	0.0	0.0
OG0012550	0.0	0.0	0.0	0.0
OG0012551	0.0	0.0	0.0	0.0
OG0012552	0.0	0.0	0.0	0.0
OG0012553	0.0	0.0	0.0	0.0
OG0012554	0.0	0.0	0.0	0.0
OG0012555	0.0	0.0	0.0	0.0
OG0012556	0.0	0.0	0.0	0.0
OG0012557	0.0	0.0	0.0	0.0
OG0012558	0.0	0.0	0.0	0.0
OG0012559	0.0	0.0	0.0	0.0
OG0012560	0.0	0.0	0.0	0.0
OG0012561	0.0	0.0	0.0	0.0
OG0012562	0.0	0.0	0.0	0.0
OG0012563	0.0	0.0	0.0	0.0
OG0012564	0.0	0.0	0.0	0.0
OG0012565	0.0	0.0	0.0	0.0
OG0012567	0.0	0.0	0.0	0.0
OG0012568	0.0	0.0	0.0	0.0
OG0012569	0.0	0.0	0.0	0.0
OG0012570	0.0	0.0	0.0	0.0
OG0012571	0.0	0.0	0.0	0.0
OG0012572	0.0	0.0	0.0	0.0
OG0012573	0.0	0.0	0.0	0.0
OG0012574	0.0	0.0	0.0	0.0
OG0012575	0.0	0.0	0.0	0.0
OG0012576	0.0	0.0	0.0	0.0
OG0012577	0.0	0.0	0.0	0.0
OG0012578	0.0	0.0	0.0	0.0
OG0012579	0.0	0.0	0.0	0.0
OG0012581	0.0	0.0	0.0	0.0
OG0012582	0.0	0.0	0.0	0.0
OG0012583	0.0	0.0	0.0	0.0
OG0012584	0.0	0.0	0.0	0.0
OG0012585	0.0	0.0	0.0	0.0
OG0012586	0.0	0.0	0.0	0.0
OG0012587	0.0	0.0	0.0	0.0
OG0012588	0.0	0.0	0.0	0.0
OG0012589	0.0	0.0	0.0	0.0
OG0012598	0.0	0.0	0.0	0.0
OG0012612	0.0	0.0	0.0	0.0
OG0012613	0.0	0.0	0.0	0.0
OG0012624	0.0	0.0	0.0	0.0
OG0012627	0.0	0.0	0.0	0.0
OG0012637	0.0	0.0	0.0	0.0
OG0012638	0.0	0.0	0.0	0.0
OG0012639	0.0	0.0	0.0	0.0
OG0012642	0.0	0.0	0.0	0.0
OG0012643	0.0	0.0	0.0	0.0
OG0012644	0.0	0.0	0.0	0.0
OG0012648	0.0	0.0	0.0	0.0
OG0012649	0.0	0.0	0.0	0.0
OG0012652	0.0	0.0	0.0	0.0
OG0012653	0.0	0.0	0.0	0.0
OG0012655	0.0	0.0	0.0	0.0
OG0012656	0.0	0.0	0.0	0.0
OG0012658	0.0	0.0	0.0	0.0
OG0012661	0.0	0.0	0.0	0.0
OG0012662	0.0	0.0	0.0	0.0
OG0012663	0.0	0.0	0.0	0.0
OG0012668	0.0	0.0	0.0	0.0
OG0012671	0.0	0.0	0.0	0.0
OG0012672	0.0	0.0	0.0	0.0
OG0012673	0.0	0.0	0.0	0.0
OG0012674	0.0	0.0	0.0	0.0
OG0012675	0.0	0.0	0.0	0.0
OG0012676	0.0	0.0	0.0	0.0
OG0012677	0.0	0.0	0.0	0.0
OG0012679	0.0	0.0	0.0	0.0
OG0012680	0.0	0.0	0.0	0.0
OG0012681	0.0	0.0	0.0	0.0
OG0012683	0.0	0.0	0.0	0.0
OG0012684	0.0	0.0	0.0	0.0
OG0012685	0.0	0.0	0.0	0.0
OG0012686	0.0	0.0	0.0	0.0
OG0012687	0.0	0.0	0.0	0.0
OG0012689	0.0	0.0	0.0	0.0
OG0012690	0.0	0.0	0.0	0.0
OG0012691	0.0	0.0	0.0	0.0
OG0012692	0.0	0.0	0.0	0.0
OG0012693	0.0	0.0	0.0	0.0
OG0012694	0.0	0.0	0.0	0.0
OG0012696	0.0	0.0	0.0	0.0
OG0012697	0.0	0.0	0.0	0.0
OG0012698	0.0	0.0	0.0	0.0
OG0012699	0.0	0.0	0.0	0.0
OG0012700	0.0	0.0	0.0	0.0
OG0012701	0.0	0.0	0.0	0.0
OG0012702	0.0	0.0	0.0	0.0
OG0012703	0.0	0.0	0.0	0.0
OG0012706	0.0	0.0	0.0	0.0
OG0012708	0.0	0.0	0.0	0.0
OG0012712	0.0	0.0	0.0	0.0
OG0012714	0.0	0.0	0.0	0.0
OG0012716	0.0	0.0	0.0	0.0
OG0012717	0.0	0.0	0.0	0.0
OG0012718	0.0	0.0	0.0	0.0
OG0012719	0.0	0.0	0.0	0.0
OG0012720	0.0	0.0	0.0	0.0
OG0012722	0.0	0.0	0.0	0.0
OG0012724	0.0	0.0	0.0	0.0
OG0012725	0.0	0.0	0.0	0.0
OG0012726	0.0	0.0	0.0	0.0
OG0012729	0.0	0.0	0.0	0.0
OG0012731	0.0	0.0	0.0	0.0
OG0012734	0.0	0.0	0.0	0.0
OG0012735	0.0	0.0	0.0	0.0
OG0012736	0.0	0.0	0.0	0.0
OG0012737	0.0	0.0	0.0	0.0
OG0012740	0.0	0.0	0.0	0.0
OG0012741	0.0	0.0	0.0	0.0
OG0012744	0.0	0.0	0.0	0.0
OG0012745	0.0	0.0	0.0	0.0
OG0012746	0.0	0.0	0.0	0.0
OG0012747	0.0	0.0	0.0	0.0
OG0012748	0.0	0.0	0.0	0.0
OG0012749	0.0	0.0	0.0	0.0
OG0012750	0.0	0.0	0.0	0.0
OG0012751	0.0	0.0	0.0	0.0
OG0012752	0.0	0.0	0.0	0.0
OG0012753	0.0	0.0	0.0	0.0
OG0012754	0.0	0.0	0.0	0.0
OG0012756	0.0	0.0	0.0	0.0
OG0012757	0.0	0.0	0.0	0.0
OG0012758	0.0	0.0	0.0	0.0
OG0012760	0.0	0.0	0.0	0.0
OG0012761	0.0	0.0	0.0	0.0
OG0012763	0.0	0.0	0.0	0.0
OG0012764	0.0	0.0	0.0	0.0
OG0012765	0.0	0.0	0.0	0.0
OG0012766	0.0	0.0	0.0	0.0
OG0012767	0.0	0.0	0.0	0.0
OG0012769	0.0	0.0	0.0	0.0
OG0012771	0.0	0.0	0.0	0.0
OG0012772	0.0	0.0	0.0	0.0
OG0012773	0.0	0.0	0.0	0.0
OG0012775	0.0	0.0	0.0	0.0
OG0012776	0.0	0.0	0.0	0.0
OG0012778	0.0	0.0	0.0	0.0
OG0012779	0.0	0.0	0.0	0.0
OG0012781	0.0	0.0	0.0	0.0
OG0012782	0.0	0.0	0.0	0.0
OG0012784	0.0	0.0	0.0	0.0
OG0012787	0.0	0.0	0.0	0.0
OG0012788	0.0	0.0	0.0	0.0
OG0012791	0.0	0.0	0.0	0.0
OG0012792	0.0	0.0	0.0	0.0
OG0012793	0.0	0.0	0.0	0.0
OG0012800	0.0	0.0	0.0	0.0
OG0012804	0.0	0.0	0.0	0.0
OG0012805	0.0	0.0	0.0	0.0
OG0012807	0.0	0.0	0.0	0.0
OG0012808	0.0	0.0	0.0	0.0
OG0012809	0.0	0.0	0.0	0.0
OG0012810	0.0	0.0	0.0	0.0
OG0012814	0.0	0.0	0.0	0.0
OG0012815	0.0	0.0	0.0	0.0
OG0012816	0.0	0.0	0.0	0.0
OG0012817	0.0	0.0	0.0	0.0
OG0012818	0.0	0.0	0.0	0.0
OG0012819	0.0	0.0	0.0	0.0
OG0012820	0.0	0.0	0.0	0.0
OG0012821	0.0	0.0	0.0	0.0
OG0012822	0.0	0.0	0.0	0.0
OG0012823	0.0	0.0	0.0	0.0
OG0012824	0.0	0.0	0.0	0.0
OG0012825	0.0	0.0	0.0	0.0
OG0012827	0.0	0.0	0.0	0.0
OG0012828	0.0	0.0	0.0	0.0
OG0012829	0.0	0.0	0.0	0.0
OG0012830	0.0	0.0	0.0	0.0
OG0012831	0.0	0.0	0.0	0.0
OG0012832	0.0	0.0	0.0	0.0
OG0012833	0.0	0.0	0.0	0.0
OG0012834	0.0	0.0	0.0	0.0
OG0012835	0.0	0.0	0.0	0.0
OG0012836	0.0	0.0	0.0	0.0
OG0012837	0.0	0.0	0.0	0.0
OG0012838	0.0	0.0	0.0	0.0
OG0012839	0.0	0.0	0.0	0.0
OG0012840	0.0	0.0	0.0	0.0
OG0012841	0.0	0.0	0.0	0.0
OG0012842	0.0	0.0	0.0	0.0
OG0012843	0.0	0.0	0.0	0.0
OG0012845	0.0	0.0	0.0	0.0
OG0012846	0.0	0.0	0.0	0.0
OG0012847	0.0	0.0	0.0	0.0
OG0012848	0.0	0.0	0.0	0.0
OG0012849	0.0	0.0	0.0	0.0
OG0012850	0.0	0.0	0.0	0.0
OG0012851	0.0	0.0	0.0	0.0
OG0012853	0.0	0.0	0.0	0.0
OG0012854	0.0	0.0	0.0	0.0
OG0012855	0.0	0.0	0.0	0.0
OG0012856	0.0	0.0	0.0	0.0
OG0012857	0.0	0.0	0.0	0.0
OG0012858	0.0	0.0	0.0	0.0
OG0012859	0.0	0.0	0.0	0.0
OG0012861	0.0	0.0	0.0	0.0
OG0012862	0.0	0.0	0.0	0.0
OG0012863	0.0	0.0	0.0	0.0
OG0012864	0.0	0.0	0.0	0.0
OG0012865	0.0	0.0	0.0	0.0
OG0012866	0.0	0.0	0.0	0.0
OG0012867	0.0	0.0	0.0	0.0
OG0012868	0.0	0.0	0.0	0.0
OG0012869	0.0	0.0	0.0	0.0
OG0012870	0.0	0.0	0.0	0.0
OG0012871	0.0	0.0	0.0	0.0
OG0012872	0.0	0.0	0.0	0.0
OG0012873	0.0	0.0	0.0	0.0
OG0012878	0.0	0.0	0.0	0.0
OG0012879	0.0	0.0	0.0	0.0
OG0012880	0.0	0.0	0.0	0.0
OG0012881	0.0	0.0	0.0	0.0
OG0012882	0.0	0.0	0.0	0.0
OG0012883	0.0	0.0	0.0	0.0
OG0012885	0.0	0.0	0.0	0.0
OG0012886	0.0	0.0	0.0	0.0
OG0012887	0.0	0.0	0.0	0.0
OG0012888	0.0	0.0	0.0	0.0
OG0012889	0.0	0.0	0.0	0.0
OG0012890	0.0	0.0	0.0	0.0
OG0012891	0.0	0.0	0.0	0.0
OG0012893	0.0	0.0	0.0	0.0
OG0012894	0.0	0.0	0.0	0.0
OG0012895	0.0	0.0	0.0	0.0
OG0012897	0.0	0.0	0.0	0.0
OG0012898	0.0	0.0	0.0	0.0
OG0012899	0.0	0.0	0.0	0.0
OG0012900	0.0	0.0	0.0	0.0
OG0012901	0.0	0.0	0.0	0.0
OG0012902	0.0	0.0	0.0	0.0
OG0012903	0.0	0.0	0.0	0.0
OG0012904	0.0	0.0	0.0	0.0
OG0012905	0.0	0.0	0.0	0.0
OG0012906	0.0	0.0	0.0	0.0
OG0012907	0.0	0.0	0.0	0.0
OG0012908	0.0	0.0	0.0	0.0
OG0012909	0.0	0.0	0.0	0.0
OG0012910	0.0	0.0	0.0	0.0
OG0012911	0.0	0.0	0.0	0.0
OG0012912	0.0	0.0	0.0	0.0
OG0012913	0.0	0.0	0.0	0.0
OG0012914	0.0	0.0	0.0	0.0
OG0012915	0.0	0.0	0.0	0.0
OG0012916	0.0	0.0	0.0	0.0
OG0012917	0.0	0.0	0.0	0.0
OG0012918	0.0	0.0	0.0	0.0
OG0012920	0.0	0.0	0.0	0.0
OG0012921	0.0	0.0	0.0	0.0
OG0012922	0.0	0.0	0.0	0.0
OG0012924	0.0	0.0	0.0	0.0
OG0012937	0.0	0.0	0.0	0.0
OG0012938	0.0	0.0	0.0	0.0
OG0012941	0.0	0.0	0.0	0.0
OG0012942	0.0	0.0	0.0	0.0
OG0012946	0.0	0.0	0.0	0.0
OG0012949	0.0	0.0	0.0	0.0
OG0012950	0.0	0.0	0.0	0.0
OG0012952	0.0	0.0	0.0	0.0
OG0012953	0.0	0.0	0.0	0.0
OG0012954	0.0	0.0	0.0	0.0
OG0012995	0.0	0.0	0.0	0.0
OG0012997	0.0	0.0	0.0	0.0
OG0012999	0.0	0.0	0.0	0.0
OG0013000	0.0	0.0	0.0	0.0
OG0013007	0.0	0.0	0.0	0.0
OG0013009	0.0	0.0	0.0	0.0
OG0013012	0.0	0.0	0.0	0.0
OG0013014	0.0	0.0	0.0	0.0
OG0013017	0.0	0.0	0.0	0.0
OG0013018	0.0	0.0	0.0	0.0
OG0013020	0.0	0.0	0.0	0.0
OG0013021	0.0	0.0	0.0	0.0
OG0013035	0.0	0.0	0.0	0.0
OG0013038	0.0	0.0	0.0	0.0
OG0013041	0.0	0.0	0.0	0.0
OG0013054	0.0	0.0	0.0	0.0
OG0013057	0.0	0.0	0.0	0.0
OG0013059	0.0	0.0	0.0	0.0
OG0013060	0.0	0.0	0.0	0.0
OG0013164	0.0	0.0	0.0	0.0
OG0013217	0.0	0.0	0.0	0.0
OG0013220	0.0	0.0	0.0	0.0
OG0013221	0.0	0.0	0.0	0.0
OG0013222	0.0	0.0	0.0	0.0
OG0013223	0.0	0.0	0.0	0.0
OG0013224	0.0	0.0	0.0	0.0
OG0013225	0.0	0.0	0.0	0.0
OG0013227	0.0	0.0	0.0	0.0
OG0013228	0.0	0.0	0.0	0.0
OG0013229	0.0	0.0	0.0	0.0
OG0013230	0.0	0.0	0.0	0.0
OG0013231	0.0	0.0	0.0	0.0
OG0013232	0.0	0.0	0.0	0.0
OG0013233	0.0	0.0	0.0	0.0
OG0013234	0.0	0.0	0.0	0.0
OG0013235	0.0	0.0	0.0	0.0
OG0013236	0.0	0.0	0.0	0.0
OG0013238	0.0	0.0	0.0	0.0
OG0013239	0.0	0.0	0.0	0.0
OG0013240	0.0	0.0	0.0	0.0
OG0013241	0.0	0.0	0.0	0.0
OG0013242	0.0	0.0	0.0	0.0
OG0013243	0.0	0.0	0.0	0.0
OG0013244	0.0	0.0	0.0	0.0
OG0013245	0.0	0.0	0.0	0.0
OG0013246	0.0	0.0	0.0	0.0
OG0013248	0.0	0.0	0.0	0.0
OG0013249	0.0	0.0	0.0	0.0
OG0013250	0.0	0.0	0.0	0.0
OG0013252	0.0	0.0	0.0	0.0
OG0013254	0.0	0.0	0.0	0.0
OG0013255	0.0	0.0	0.0	0.0
OG0013270	0.0	0.0	0.0	0.0
OG0013271	0.0	0.0	0.0	0.0
OG0013272	0.0	0.0	0.0	0.0
OG0013273	0.0	0.0	0.0	0.0
OG0013274	0.0	0.0	0.0	0.0
OG0013275	0.0	0.0	0.0	0.0
OG0013276	0.0	0.0	0.0	0.0
OG0013277	0.0	0.0	0.0	0.0
OG0013278	0.0	0.0	0.0	0.0
OG0013279	0.0	0.0	0.0	0.0
OG0013280	0.0	0.0	0.0	0.0
OG0013281	0.0	0.0	0.0	0.0
OG0013283	0.0	0.0	0.0	0.0
OG0013285	0.0	0.0	0.0	0.0
OG0013286	0.0	0.0	0.0	0.0
OG0013288	0.0	0.0	0.0	0.0
OG0013289	0.0	0.0	0.0	0.0
OG0013292	0.0	0.0	0.0	0.0
OG0013296	0.0	0.0	0.0	0.0
OG0013297	0.0	0.0	0.0	0.0
OG0013298	0.0	0.0	0.0	0.0
OG0013299	0.0	0.0	0.0	0.0
OG0013300	0.0	0.0	0.0	0.0
OG0013301	0.0	0.0	0.0	0.0
OG0013302	0.0	0.0	0.0	0.0
OG0013304	0.0	0.0	0.0	0.0
OG0013306	0.0	0.0	0.0	0.0
OG0013307	0.0	0.0	0.0	0.0
OG0013308	0.0	0.0	0.0	0.0
OG0013310	0.0	0.0	0.0	0.0
OG0013312	0.0	0.0	0.0	0.0
OG0013316	0.0	0.0	0.0	0.0
OG0013318	0.0	0.0	0.0	0.0
OG0013320	0.0	0.0	0.0	0.0
OG0013321	0.0	0.0	0.0	0.0
OG0013322	0.0	0.0	0.0	0.0
OG0013323	0.0	0.0	0.0	0.0
OG0013325	0.0	0.0	0.0	0.0
OG0013328	0.0	0.0	0.0	0.0
OG0013330	0.0	0.0	0.0	0.0
OG0013331	0.0	0.0	0.0	0.0
OG0013332	0.0	0.0	0.0	0.0
OG0013333	0.0	0.0	0.0	0.0
OG0013334	0.0	0.0	0.0	0.0
OG0013335	0.0	0.0	0.0	0.0
OG0013336	0.0	0.0	0.0	0.0
OG0013337	0.0	0.0	0.0	0.0
OG0013339	0.0	0.0	0.0	0.0
OG0013340	0.0	0.0	0.0	0.0
OG0013342	0.0	0.0	0.0	0.0
OG0013343	0.0	0.0	0.0	0.0
OG0013345	0.0	0.0	0.0	0.0
OG0013346	0.0	0.0	0.0	0.0
OG0013347	0.0	0.0	0.0	0.0
OG0013348	0.0	0.0	0.0	0.0
OG0013349	0.0	0.0	0.0	0.0
OG0013350	0.0	0.0	0.0	0.0
OG0013352	0.0	0.0	0.0	0.0
OG0013354	0.0	0.0	0.0	0.0
OG0013355	0.0	0.0	0.0	0.0
OG0013358	0.0	0.0	0.0	0.0
OG0013359	0.0	0.0	0.0	0.0
OG0013360	0.0	0.0	0.0	0.0
OG0013361	0.0	0.0	0.0	0.0
OG0013362	0.0	0.0	0.0	0.0
OG0013363	0.0	0.0	0.0	0.0
OG0013365	0.0	0.0	0.0	0.0
OG0013366	0.0	0.0	0.0	0.0
OG0013371	0.0	0.0	0.0	0.0
OG0013372	0.0	0.0	0.0	0.0
OG0013375	0.0	0.0	0.0	0.0
OG0013376	0.0	0.0	0.0	0.0
OG0013377	0.0	0.0	0.0	0.0
OG0013379	0.0	0.0	0.0	0.0
OG0013382	0.0	0.0	0.0	0.0
OG0013386	0.0	0.0	0.0	0.0
OG0013387	0.0	0.0	0.0	0.0
OG0013388	0.0	0.0	0.0	0.0
OG0013389	0.0	0.0	0.0	0.0
OG0013390	0.0	0.0	0.0	0.0
OG0013391	0.0	0.0	0.0	0.0
OG0013392	0.0	0.0	0.0	0.0
OG0013393	0.0	0.0	0.0	0.0
OG0013394	0.0	0.0	0.0	0.0
OG0013397	0.0	0.0	0.0	0.0
OG0013398	0.0	0.0	0.0	0.0
OG0013399	0.0	0.0	0.0	0.0
OG0013400	0.0	0.0	0.0	0.0
OG0013401	0.0	0.0	0.0	0.0
OG0013402	0.0	0.0	0.0	0.0
OG0013403	0.0	0.0	0.0	0.0
OG0013404	0.0	0.0	0.0	0.0
OG0013405	0.0	0.0	0.0	0.0
OG0013406	0.0	0.0	0.0	0.0
OG0013407	0.0	0.0	0.0	0.0
OG0013408	0.0	0.0	0.0	0.0
OG0013410	0.0	0.0	0.0	0.0
OG0013411	0.0	0.0	0.0	0.0
OG0013412	0.0	0.0	0.0	0.0
OG0013413	0.0	0.0	0.0	0.0
OG0013414	0.0	0.0	0.0	0.0
OG0013415	0.0	0.0	0.0	0.0
OG0013416	0.0	0.0	0.0	0.0
OG0013417	0.0	0.0	0.0	0.0
OG0013418	0.0	0.0	0.0	0.0
OG0013419	0.0	0.0	0.0	0.0
OG0013420	0.0	0.0	0.0	0.0
OG0013422	0.0	0.0	0.0	0.0
OG0013423	0.0	0.0	0.0	0.0
OG0013424	0.0	0.0	0.0	0.0
OG0013425	0.0	0.0	0.0	0.0
OG0013426	0.0	0.0	0.0	0.0
OG0013427	0.0	0.0	0.0	0.0
OG0013428	0.0	0.0	0.0	0.0
OG0013429	0.0	0.0	0.0	0.0
OG0013430	0.0	0.0	0.0	0.0
OG0013431	0.0	0.0	0.0	0.0
OG0013432	0.0	0.0	0.0	0.0
OG0013434	0.0	0.0	0.0	0.0
OG0013435	0.0	0.0	0.0	0.0
OG0013436	0.0	0.0	0.0	0.0
OG0013437	0.0	0.0	0.0	0.0
OG0013438	0.0	0.0	0.0	0.0
OG0013440	0.0	0.0	0.0	0.0
OG0013443	0.0	0.0	0.0	0.0
OG0013444	0.0	0.0	0.0	0.0
OG0013445	0.0	0.0	0.0	0.0
OG0013446	0.0	0.0	0.0	0.0
OG0013447	0.0	0.0	0.0	0.0
OG0013448	0.0	0.0	0.0	0.0
OG0013449	0.0	0.0	0.0	0.0
OG0013451	0.0	0.0	0.0	0.0
OG0013452	0.0	0.0	0.0	0.0
OG0013453	0.0	0.0	0.0	0.0
OG0013454	0.0	0.0	0.0	0.0
OG0013455	0.0	0.0	0.0	0.0
OG0013456	0.0	0.0	0.0	0.0
OG0013457	0.0	0.0	0.0	0.0
OG0013459	0.0	0.0	0.0	0.0
OG0013460	0.0	0.0	0.0	0.0
OG0013461	0.0	0.0	0.0	0.0
OG0013462	0.0	0.0	0.0	0.0
OG0013463	0.0	0.0	0.0	0.0
OG0013466	0.0	0.0	0.0	0.0
OG0013467	0.0	0.0	0.0	0.0
OG0013470	0.0	0.0	0.0	0.0
OG0013471	0.0	0.0	0.0	0.0
OG0013472	0.0	0.0	0.0	0.0
OG0013473	0.0	0.0	0.0	0.0
OG0013474	0.0	0.0	0.0	0.0
OG0013475	0.0	0.0	0.0	0.0
OG0013476	0.0	0.0	0.0	0.0
OG0013477	0.0	0.0	0.0	0.0
OG0013478	0.0	0.0	0.0	0.0
OG0013479	0.0	0.0	0.0	0.0
OG0013481	0.0	0.0	0.0	0.0
OG0013482	0.0	0.0	0.0	0.0
OG0013483	0.0	0.0	0.0	0.0
OG0013484	0.0	0.0	0.0	0.0
OG0013485	0.0	0.0	0.0	0.0
OG0013486	0.0	0.0	0.0	0.0
OG0013487	0.0	0.0	0.0	0.0
OG0013488	0.0	0.0	0.0	0.0
OG0013489	0.0	0.0	0.0	0.0
OG0013490	0.0	0.0	0.0	0.0
OG0013491	0.0	0.0	0.0	0.0
OG0013492	0.0	0.0	0.0	0.0
OG0013493	0.0	0.0	0.0	0.0
OG0013494	0.0	0.0	0.0	0.0
OG0013495	0.0	0.0	0.0	0.0
OG0013496	0.0	0.0	0.0	0.0
OG0013497	0.0	0.0	0.0	0.0
OG0013498	0.0	0.0	0.0	0.0
OG0013499	0.0	0.0	0.0	0.0
OG0013500	0.0	0.0	0.0	0.0
OG0013501	0.0	0.0	0.0	0.0
OG0013502	0.0	0.0	0.0	0.0
OG0013503	0.0	0.0	0.0	0.0
OG0013504	0.0	0.0	0.0	0.0
OG0013505	0.0	0.0	0.0	0.0
OG0013506	0.0	0.0	0.0	0.0
OG0013507	0.0	0.0	0.0	0.0
OG0013529	0.0	0.0	0.0	0.0
OG0013537	0.0	0.0	0.0	0.0
OG0013538	0.0	0.0	0.0	0.0
OG0013543	0.0	0.0	0.0	0.0
OG0013546	0.0	0.0	0.0	0.0
OG0013550	0.0	0.0	0.0	0.0
OG0013554	0.0	0.0	0.0	0.0
OG0013559	0.0	0.0	0.0	0.0
OG0013561	0.0	0.0	0.0	0.0
OG0013567	0.0	0.0	0.0	0.0
OG0013568	0.0	0.0	0.0	0.0
OG0013573	0.0	0.0	0.0	0.0
OG0013574	0.0	0.0	0.0	0.0
OG0013575	0.0	0.0	0.0	0.0
OG0013576	0.0	0.0	0.0	0.0
OG0013578	0.0	0.0	0.0	0.0
OG0013580	0.0	0.0	0.0	0.0
OG0013582	0.0	0.0	0.0	0.0
OG0013583	0.0	0.0	0.0	0.0
OG0013584	0.0	0.0	0.0	0.0
OG0013585	0.0	0.0	0.0	0.0
OG0013586	0.0	0.0	0.0	0.0
OG0013587	0.0	0.0	0.0	0.0
OG0013588	0.0	0.0	0.0	0.0
OG0013589	0.0	0.0	0.0	0.0
OG0013590	0.0	0.0	0.0	0.0
OG0013591	0.0	0.0	0.0	0.0
OG0013592	0.0	0.0	0.0	0.0
OG0013593	0.0	0.0	0.0	0.0
OG0013595	0.0	0.0	0.0	0.0
OG0013596	0.0	0.0	0.0	0.0
OG0013597	0.0	0.0	0.0	0.0
OG0013598	0.0	0.0	0.0	0.0
OG0013599	0.0	0.0	0.0	0.0
OG0013602	0.0	0.0	0.0	0.0
OG0013603	0.0	0.0	0.0	0.0
OG0013604	0.0	0.0	0.0	0.0
OG0013605	0.0	0.0	0.0	0.0
OG0013606	0.0	0.0	0.0	0.0
OG0013607	0.0	0.0	0.0	0.0
OG0013608	0.0	0.0	0.0	0.0
OG0013609	0.0	0.0	0.0	0.0
OG0013610	0.0	0.0	0.0	0.0
OG0013611	0.0	0.0	0.0	0.0
OG0013612	0.0	0.0	0.0	0.0
OG0013613	0.0	0.0	0.0	0.0
OG0013614	0.0	0.0	0.0	0.0
OG0013617	0.0	0.0	0.0	0.0
OG0013618	0.0	0.0	0.0	0.0
OG0013619	0.0	0.0	0.0	0.0
OG0013620	0.0	0.0	0.0	0.0
OG0013621	0.0	0.0	0.0	0.0
OG0013622	0.0	0.0	0.0	0.0
OG0013623	0.0	0.0	0.0	0.0
OG0013625	0.0	0.0	0.0	0.0
OG0013627	0.0	0.0	0.0	0.0
OG0013628	0.0	0.0	0.0	0.0
OG0013629	0.0	0.0	0.0	0.0
OG0013630	0.0	0.0	0.0	0.0
OG0013631	0.0	0.0	0.0	0.0
OG0013632	0.0	0.0	0.0	0.0
OG0013633	0.0	0.0	0.0	0.0
OG0013634	0.0	0.0	0.0	0.0
OG0013635	0.0	0.0	0.0	0.0
OG0013636	0.0	0.0	0.0	0.0
OG0013637	0.0	0.0	0.0	0.0
OG0013638	0.0	0.0	0.0	0.0
OG0013639	0.0	0.0	0.0	0.0
OG0013640	0.0	0.0	0.0	0.0
OG0013641	0.0	0.0	0.0	0.0
OG0013642	0.0	0.0	0.0	0.0
OG0013643	0.0	0.0	0.0	0.0
OG0013644	0.0	0.0	0.0	0.0
OG0013645	0.0	0.0	0.0	0.0
OG0013646	0.0	0.0	0.0	0.0
OG0013647	0.0	0.0	0.0	0.0
OG0013648	0.0	0.0	0.0	0.0
OG0013649	0.0	0.0	0.0	0.0
OG0013650	0.0	0.0	0.0	0.0
OG0013651	0.0	0.0	0.0	0.0
OG0013653	0.0	0.0	0.0	0.0
OG0013654	0.0	0.0	0.0	0.0
OG0013656	0.0	0.0	0.0	0.0
OG0013657	0.0	0.0	0.0	0.0
OG0013658	0.0	0.0	0.0	0.0
OG0013659	0.0	0.0	0.0	0.0
OG0013660	0.0	0.0	0.0	0.0
OG0013661	0.0	0.0	0.0	0.0
OG0013662	0.0	0.0	0.0	0.0
OG0013663	0.0	0.0	0.0	0.0
OG0013664	0.0	0.0	0.0	0.0
OG0013666	0.0	0.0	0.0	0.0
OG0013667	0.0	0.0	0.0	0.0
OG0013668	0.0	0.0	0.0	0.0
OG0013669	0.0	0.0	0.0	0.0
OG0013670	0.0	0.0	0.0	0.0
OG0013671	0.0	0.0	0.0	0.0
OG0013673	0.0	0.0	0.0	0.0
OG0013675	0.0	0.0	0.0	0.0
OG0013676	0.0	0.0	0.0	0.0
OG0013677	0.0	0.0	0.0	0.0
OG0013678	0.0	0.0	0.0	0.0
OG0013679	0.0	0.0	0.0	0.0
OG0013682	0.0	0.0	0.0	0.0
OG0013683	0.0	0.0	0.0	0.0
OG0013684	0.0	0.0	0.0	0.0
OG0013685	0.0	0.0	0.0	0.0
OG0013689	0.0	0.0	0.0	0.0
OG0013691	0.0	0.0	0.0	0.0
OG0013692	0.0	0.0	0.0	0.0
OG0013693	0.0	0.0	0.0	0.0
OG0013697	0.0	0.0	0.0	0.0
OG0013699	0.0	0.0	0.0	0.0
OG0013700	0.0	0.0	0.0	0.0
OG0013701	0.0	0.0	0.0	0.0
OG0013702	0.0	0.0	0.0	0.0
OG0013703	0.0	0.0	0.0	0.0
OG0013704	0.0	0.0	0.0	0.0
OG0013705	0.0	0.0	0.0	0.0
OG0013706	0.0	0.0	0.0	0.0
OG0013707	0.0	0.0	0.0	0.0
OG0013708	0.0	0.0	0.0	0.0
OG0013709	0.0	0.0	0.0	0.0
OG0013710	0.0	0.0	0.0	0.0
OG0013712	0.0	0.0	0.0	0.0
OG0013713	0.0	0.0	0.0	0.0
OG0013714	0.0	0.0	0.0	0.0
OG0013715	0.0	0.0	0.0	0.0
OG0013716	0.0	0.0	0.0	0.0
OG0013717	0.0	0.0	0.0	0.0
OG0013718	0.0	0.0	0.0	0.0
OG0013719	0.0	0.0	0.0	0.0
OG0013720	0.0	0.0	0.0	0.0
OG0013721	0.0	0.0	0.0	0.0
OG0013722	0.0	0.0	0.0	0.0
OG0013723	0.0	0.0	0.0	0.0
OG0013724	0.0	0.0	0.0	0.0
OG0013726	0.0	0.0	0.0	0.0
OG0013727	0.0	0.0	0.0	0.0
OG0013728	0.0	0.0	0.0	0.0
OG0013729	0.0	0.0	0.0	0.0
OG0013730	0.0	0.0	0.0	0.0
OG0013731	0.0	0.0	0.0	0.0
OG0013732	0.0	0.0	0.0	0.0
OG0013734	0.0	0.0	0.0	0.0
OG0013738	0.0	0.0	0.0	0.0
OG0013739	0.0	0.0	0.0	0.0
OG0013740	0.0	0.0	0.0	0.0
OG0013741	0.0	0.0	0.0	0.0
OG0013742	0.0	0.0	0.0	0.0
OG0013743	0.0	0.0	0.0	0.0
OG0013744	0.0	0.0	0.0	0.0
OG0013747	0.0	0.0	0.0	0.0
OG0013748	0.0	0.0	0.0	0.0
OG0013749	0.0	0.0	0.0	0.0
OG0013750	0.0	0.0	0.0	0.0
OG0013751	0.0	0.0	0.0	0.0
OG0013753	0.0	0.0	0.0	0.0
OG0013754	0.0	0.0	0.0	0.0
OG0013755	0.0	0.0	0.0	0.0
OG0013756	0.0	0.0	0.0	0.0
OG0013757	0.0	0.0	0.0	0.0
OG0013759	0.0	0.0	0.0	0.0
OG0013760	0.0	0.0	0.0	0.0
OG0013762	0.0	0.0	0.0	0.0
OG0013764	0.0	0.0	0.0	0.0
OG0013767	0.0	0.0	0.0	0.0
OG0013768	0.0	0.0	0.0	0.0
OG0013769	0.0	0.0	0.0	0.0
OG0013771	0.0	0.0	0.0	0.0
OG0013772	0.0	0.0	0.0	0.0
OG0013773	0.0	0.0	0.0	0.0
OG0013774	0.0	0.0	0.0	0.0
OG0013775	0.0	0.0	0.0	0.0
OG0013776	0.0	0.0	0.0	0.0
OG0013777	0.0	0.0	0.0	0.0
OG0013779	0.0	0.0	0.0	0.0
OG0013781	0.0	0.0	0.0	0.0
OG0013783	0.0	0.0	0.0	0.0
OG0013784	0.0	0.0	0.0	0.0
OG0013785	0.0	0.0	0.0	0.0
OG0013788	0.0	0.0	0.0	0.0
OG0013789	0.0	0.0	0.0	0.0
OG0013790	0.0	0.0	0.0	0.0
OG0013791	0.0	0.0	0.0	0.0
OG0013792	0.0	0.0	0.0	0.0
OG0013794	0.0	0.0	0.0	0.0
OG0013796	0.0	0.0	0.0	0.0
OG0013797	0.0	0.0	0.0	0.0
OG0013798	0.0	0.0	0.0	0.0
OG0013800	0.0	0.0	0.0	0.0
OG0013801	0.0	0.0	0.0	0.0
OG0013802	0.0	0.0	0.0	0.0
OG0013803	0.0	0.0	0.0	0.0
OG0013806	0.0	0.0	0.0	0.0
OG0013807	0.0	0.0	0.0	0.0
OG0013808	0.0	0.0	0.0	0.0
OG0013809	0.0	0.0	0.0	0.0
OG0013810	0.0	0.0	0.0	0.0
OG0013812	0.0	0.0	0.0	0.0
OG0013813	0.0	0.0	0.0	0.0
OG0013814	0.0	0.0	0.0	0.0
OG0013815	0.0	0.0	0.0	0.0
OG0013816	0.0	0.0	0.0	0.0
OG0013817	0.0	0.0	0.0	0.0
OG0013818	0.0	0.0	0.0	0.0
OG0013819	0.0	0.0	0.0	0.0
OG0013820	0.0	0.0	0.0	0.0
OG0013821	0.0	0.0	0.0	0.0
OG0013822	0.0	0.0	0.0	0.0
OG0013823	0.0	0.0	0.0	0.0
OG0013824	0.0	0.0	0.0	0.0
OG0013828	0.0	0.0	0.0	0.0
OG0013829	0.0	0.0	0.0	0.0
OG0013830	0.0	0.0	0.0	0.0
OG0013831	0.0	0.0	0.0	0.0
OG0013834	0.0	0.0	0.0	0.0
OG0013839	0.0	0.0	0.0	0.0
OG0013840	0.0	0.0	0.0	0.0
OG0013841	0.0	0.0	0.0	0.0
OG0013844	0.0	0.0	0.0	0.0
OG0013847	0.0	0.0	0.0	0.0
OG0013848	0.0	0.0	0.0	0.0
OG0013852	0.0	0.0	0.0	0.0
OG0013856	0.0	0.0	0.0	0.0
OG0013859	0.0	0.0	0.0	0.0
OG0013861	0.0	0.0	0.0	0.0
OG0013864	0.0	0.0	0.0	0.0
OG0013865	0.0	0.0	0.0	0.0
OG0013866	0.0	0.0	0.0	0.0
OG0013867	0.0	0.0	0.0	0.0
OG0013868	0.0	0.0	0.0	0.0
OG0013873	0.0	0.0	0.0	0.0
OG0013874	0.0	0.0	0.0	0.0
OG0013875	0.0	0.0	0.0	0.0
OG0013876	0.0	0.0	0.0	0.0
OG0013877	0.0	0.0	0.0	0.0
OG0013878	0.0	0.0	0.0	0.0
OG0013879	0.0	0.0	0.0	0.0
OG0013880	0.0	0.0	0.0	0.0
OG0013881	0.0	0.0	0.0	0.0
OG0013882	0.0	0.0	0.0	0.0
OG0013883	0.0	0.0	0.0	0.0
OG0013885	0.0	0.0	0.0	0.0
OG0013887	0.0	0.0	0.0	0.0
OG0013888	0.0	0.0	0.0	0.0
OG0013889	0.0	0.0	0.0	0.0
OG0013890	0.0	0.0	0.0	0.0
OG0013892	0.0	0.0	0.0	0.0
OG0013893	0.0	0.0	0.0	0.0
OG0013894	0.0	0.0	0.0	0.0
OG0013896	0.0	0.0	0.0	0.0
OG0013897	0.0	0.0	0.0	0.0
OG0013898	0.0	0.0	0.0	0.0
OG0013900	0.0	0.0	0.0	0.0
OG0013901	0.0	0.0	0.0	0.0
OG0013902	0.0	0.0	0.0	0.0
OG0013903	0.0	0.0	0.0	0.0
OG0013904	0.0	0.0	0.0	0.0
OG0013905	0.0	0.0	0.0	0.0
OG0013906	0.0	0.0	0.0	0.0
OG0013908	0.0	0.0	0.0	0.0
OG0013911	0.0	0.0	0.0	0.0
OG0013913	0.0	0.0	0.0	0.0
OG0013914	0.0	0.0	0.0	0.0
OG0013915	0.0	0.0	0.0	0.0
OG0013917	0.0	0.0	0.0	0.0
OG0013918	0.0	0.0	0.0	0.0
OG0013919	0.0	0.0	0.0	0.0
OG0013920	0.0	0.0	0.0	0.0
OG0013921	0.0	0.0	0.0	0.0
OG0013923	0.0	0.0	0.0	0.0
OG0013924	0.0	0.0	0.0	0.0
OG0013925	0.0	0.0	0.0	0.0
OG0013928	0.0	0.0	0.0	0.0
OG0013929	0.0	0.0	0.0	0.0
OG0013930	0.0	0.0	0.0	0.0
OG0013931	0.0	0.0	0.0	0.0
OG0013932	0.0	0.0	0.0	0.0
OG0013933	0.0	0.0	0.0	0.0
OG0013935	0.0	0.0	0.0	0.0
OG0013936	0.0	0.0	0.0	0.0
OG0013937	0.0	0.0	0.0	0.0
OG0013939	0.0	0.0	0.0	0.0
OG0013940	0.0	0.0	0.0	0.0
OG0013941	0.0	0.0	0.0	0.0
OG0013943	0.0	0.0	0.0	0.0
OG0013944	0.0	0.0	0.0	0.0
OG0013945	0.0	0.0	0.0	0.0
OG0013946	0.0	0.0	0.0	0.0
OG0013947	0.0	0.0	0.0	0.0
OG0013948	0.0	0.0	0.0	0.0
OG0013949	0.0	0.0	0.0	0.0
OG0013950	0.0	0.0	0.0	0.0
OG0013952	0.0	0.0	0.0	0.0
OG0013953	0.0	0.0	0.0	0.0
OG0013954	0.0	0.0	0.0	0.0
OG0013955	0.0	0.0	0.0	0.0
OG0013956	0.0	0.0	0.0	0.0
OG0013957	0.0	0.0	0.0	0.0
OG0013958	0.0	0.0	0.0	0.0
OG0013959	0.0	0.0	0.0	0.0
OG0013960	0.0	0.0	0.0	0.0
OG0013961	0.0	0.0	0.0	0.0
OG0013962	0.0	0.0	0.0	0.0
OG0013963	0.0	0.0	0.0	0.0
OG0013964	0.0	0.0	0.0	0.0
OG0013965	0.0	0.0	0.0	0.0
OG0013966	0.0	0.0	0.0	0.0
OG0013967	0.0	0.0	0.0	0.0
OG0013968	0.0	0.0	0.0	0.0
OG0013969	0.0	0.0	0.0	0.0
OG0013970	0.0	0.0	0.0	0.0
OG0013971	0.0	0.0	0.0	0.0
OG0013973	0.0	0.0	0.0	0.0
OG0013974	0.0	0.0	0.0	0.0
OG0013975	0.0	0.0	0.0	0.0
OG0013976	0.0	0.0	0.0	0.0
OG0013978	0.0	0.0	0.0	0.0
OG0013979	0.0	0.0	0.0	0.0
OG0013980	0.0	0.0	0.0	0.0
OG0013982	0.0	0.0	0.0	0.0
OG0013983	0.0	0.0	0.0	0.0
OG0013984	0.0	0.0	0.0	0.0
OG0013985	0.0	0.0	0.0	0.0
OG0013986	0.0	0.0	0.0	0.0
OG0013988	0.0	0.0	0.0	0.0
OG0013989	0.0	0.0	0.0	0.0
OG0013990	0.0	0.0	0.0	0.0
OG0013991	0.0	0.0	0.0	0.0
OG0013992	0.0	0.0	0.0	0.0
OG0013993	0.0	0.0	0.0	0.0
OG0013994	0.0	0.0	0.0	0.0
OG0013996	0.0	0.0	0.0	0.0
OG0013997	0.0	0.0	0.0	0.0
OG0013998	0.0	0.0	0.0	0.0
OG0014000	0.0	0.0	0.0	0.0
OG0014001	0.0	0.0	0.0	0.0
OG0014002	0.0	0.0	0.0	0.0
OG0014003	0.0	0.0	0.0	0.0
OG0014004	0.0	0.0	0.0	0.0
OG0014005	0.0	0.0	0.0	0.0
OG0014013	0.0	0.0	0.0	0.0
OG0014017	0.0	0.0	0.0	0.0
OG0014030	0.0	0.0	0.0	0.0
OG0014031	0.0	0.0	0.0	0.0
OG0014032	0.0	0.0	0.0	0.0
OG0014033	0.0	0.0	0.0	0.0
OG0014034	0.0	0.0	0.0	0.0
OG0014035	0.0	0.0	0.0	0.0
OG0014037	0.0	0.0	0.0	0.0
OG0014039	0.0	0.0	0.0	0.0
OG0014043	0.0	0.0	0.0	0.0
OG0014044	0.0	0.0	0.0	0.0
OG0014047	0.0	0.0	0.0	0.0
OG0014048	0.0	0.0	0.0	0.0
OG0014049	0.0	0.0	0.0	0.0
OG0014053	0.0	0.0	0.0	0.0
OG0014083	0.0	0.0	0.0	0.0
OG0014084	0.0	0.0	0.0	0.0
OG0014085	0.0	0.0	0.0	0.0
OG0014086	0.0	0.0	0.0	0.0
OG0014087	0.0	0.0	0.0	0.0
OG0014088	0.0	0.0	0.0	0.0
OG0014091	0.0	0.0	0.0	0.0
OG0014098	0.0	0.0	0.0	0.0
OG0014101	0.0	0.0	0.0	0.0
OG0014102	0.0	0.0	0.0	0.0
OG0014103	0.0	0.0	0.0	0.0
OG0014104	0.0	0.0	0.0	0.0
OG0014105	0.0	0.0	0.0	0.0
OG0014107	0.0	0.0	0.0	0.0
OG0014108	0.0	0.0	0.0	0.0
OG0014109	0.0	0.0	0.0	0.0
OG0014110	0.0	0.0	0.0	0.0
OG0014112	0.0	0.0	0.0	0.0
OG0014114	0.0	0.0	0.0	0.0
OG0014115	0.0	0.0	0.0	0.0
OG0014116	0.0	0.0	0.0	0.0
OG0014117	0.0	0.0	0.0	0.0
OG0014118	0.0	0.0	0.0	0.0
OG0014119	0.0	0.0	0.0	0.0
OG0014120	0.0	0.0	0.0	0.0
OG0014121	0.0	0.0	0.0	0.0
OG0014122	0.0	0.0	0.0	0.0
OG0014123	0.0	0.0	0.0	0.0
OG0014124	0.0	0.0	0.0	0.0
OG0014125	0.0	0.0	0.0	0.0
OG0014126	0.0	0.0	0.0	0.0
OG0014127	0.0	0.0	0.0	0.0
OG0014130	0.0	0.0	0.0	0.0
OG0014142	0.0	0.0	0.0	0.0
OG0014146	0.0	0.0	0.0	0.0
OG0014148	0.0	0.0	0.0	0.0
OG0014173	0.0	0.0	0.0	0.0
OG0014178	0.0	0.0	0.0	0.0
OG0014185	0.0	0.0	0.0	0.0
OG0014188	0.0	0.0	0.0	0.0
OG0014201	0.0	0.0	0.0	0.0
OG0014276	0.0	0.0	0.0	0.0
OG0014300	0.0	0.0	0.0	0.0
OG0014314	0.0	0.0	0.0	0.0
OG0014315	0.0	0.0	0.0	0.0
OG0014409	0.0	0.0	0.0	0.0
OG0014411	0.0	0.0	0.0	0.0
OG0014412	0.0	0.0	0.0	0.0
OG0014414	0.0	0.0	0.0	0.0
OG0014416	0.0	0.0	0.0	0.0
OG0014417	0.0	0.0	0.0	0.0
OG0014418	0.0	0.0	0.0	0.0
OG0014419	0.0	0.0	0.0	0.0
OG0014420	0.0	0.0	0.0	0.0
OG0014421	0.0	0.0	0.0	0.0
OG0014422	0.0	0.0	0.0	0.0
OG0014423	0.0	0.0	0.0	0.0
OG0014424	0.0	0.0	0.0	0.0
OG0014426	0.0	0.0	0.0	0.0
OG0014427	0.0	0.0	0.0	0.0
OG0014428	0.0	0.0	0.0	0.0
OG0014429	0.0	0.0	0.0	0.0
OG0014431	0.0	0.0	0.0	0.0
OG0014433	0.0	0.0	0.0	0.0
OG0014434	0.0	0.0	0.0	0.0
OG0014435	0.0	0.0	0.0	0.0
OG0014437	0.0	0.0	0.0	0.0
OG0014438	0.0	0.0	0.0	0.0
OG0014439	0.0	0.0	0.0	0.0
OG0014440	0.0	0.0	0.0	0.0
OG0014441	0.0	0.0	0.0	0.0
OG0014442	0.0	0.0	0.0	0.0
OG0014443	0.0	0.0	0.0	0.0
OG0014445	0.0	0.0	0.0	0.0
OG0014447	0.0	0.0	0.0	0.0
OG0014452	0.0	0.0	0.0	0.0
OG0014460	0.0	0.0	0.0	0.0
OG0014461	0.0	0.0	0.0	0.0
OG0014462	0.0	0.0	0.0	0.0
OG0014463	0.0	0.0	0.0	0.0
OG0014466	0.0	0.0	0.0	0.0
OG0014469	0.0	0.0	0.0	0.0
OG0014470	0.0	0.0	0.0	0.0
OG0014471	0.0	0.0	0.0	0.0
OG0014472	0.0	0.0	0.0	0.0
OG0014474	0.0	0.0	0.0	0.0
OG0014475	0.0	0.0	0.0	0.0
OG0014478	0.0	0.0	0.0	0.0
OG0014480	0.0	0.0	0.0	0.0
OG0014481	0.0	0.0	0.0	0.0
OG0014485	0.0	0.0	0.0	0.0
OG0014486	0.0	0.0	0.0	0.0
OG0014487	0.0	0.0	0.0	0.0
OG0014491	0.0	0.0	0.0	0.0
OG0014493	0.0	0.0	0.0	0.0
OG0014494	0.0	0.0	0.0	0.0
OG0014495	0.0	0.0	0.0	0.0
OG0014496	0.0	0.0	0.0	0.0
OG0014498	0.0	0.0	0.0	0.0
OG0014500	0.0	0.0	0.0	0.0
OG0014501	0.0	0.0	0.0	0.0
OG0014502	0.0	0.0	0.0	0.0
OG0014503	0.0	0.0	0.0	0.0
OG0014507	0.0	0.0	0.0	0.0
OG0014508	0.0	0.0	0.0	0.0
OG0014509	0.0	0.0	0.0	0.0
OG0014510	0.0	0.0	0.0	0.0
OG0014513	0.0	0.0	0.0	0.0
OG0014514	0.0	0.0	0.0	0.0
OG0014516	0.0	0.0	0.0	0.0
OG0014517	0.0	0.0	0.0	0.0
OG0014518	0.0	0.0	0.0	0.0
OG0014520	0.0	0.0	0.0	0.0
OG0014521	0.0	0.0	0.0	0.0
OG0014523	0.0	0.0	0.0	0.0
OG0014524	0.0	0.0	0.0	0.0
OG0014525	0.0	0.0	0.0	0.0
OG0014526	0.0	0.0	0.0	0.0
OG0014529	0.0	0.0	0.0	0.0
OG0014530	0.0	0.0	0.0	0.0
OG0014531	0.0	0.0	0.0	0.0
OG0014532	0.0	0.0	0.0	0.0
OG0014536	0.0	0.0	0.0	0.0
OG0014538	0.0	0.0	0.0	0.0
OG0014539	0.0	0.0	0.0	0.0
OG0014540	0.0	0.0	0.0	0.0
OG0014541	0.0	0.0	0.0	0.0
OG0014542	0.0	0.0	0.0	0.0
OG0014544	0.0	0.0	0.0	0.0
OG0014545	0.0	0.0	0.0	0.0
OG0014547	0.0	0.0	0.0	0.0
OG0014550	0.0	0.0	0.0	0.0
OG0014553	0.0	0.0	0.0	0.0
OG0014556	0.0	0.0	0.0	0.0
OG0014557	0.0	0.0	0.0	0.0
OG0014558	0.0	0.0	0.0	0.0
OG0014559	0.0	0.0	0.0	0.0
OG0014561	0.0	0.0	0.0	0.0
OG0014562	0.0	0.0	0.0	0.0
OG0014564	0.0	0.0	0.0	0.0
OG0014565	0.0	0.0	0.0	0.0
OG0014566	0.0	0.0	0.0	0.0
OG0014567	0.0	0.0	0.0	0.0
OG0014568	0.0	0.0	0.0	0.0
OG0014569	0.0	0.0	0.0	0.0
OG0014570	0.0	0.0	0.0	0.0
OG0014571	0.0	0.0	0.0	0.0
OG0014572	0.0	0.0	0.0	0.0
OG0014573	0.0	0.0	0.0	0.0
OG0014575	0.0	0.0	0.0	0.0
OG0014576	0.0	0.0	0.0	0.0
OG0014577	0.0	0.0	0.0	0.0
OG0014578	0.0	0.0	0.0	0.0
OG0014579	0.0	0.0	0.0	0.0
OG0014582	0.0	0.0	0.0	0.0
OG0014583	0.0	0.0	0.0	0.0
OG0014584	0.0	0.0	0.0	0.0
OG0014585	0.0	0.0	0.0	0.0
OG0014587	0.0	0.0	0.0	0.0
OG0014588	0.0	0.0	0.0	0.0
OG0014589	0.0	0.0	0.0	0.0
OG0014592	0.0	0.0	0.0	0.0
OG0014593	0.0	0.0	0.0	0.0
OG0014594	0.0	0.0	0.0	0.0
OG0014595	0.0	0.0	0.0	0.0
OG0014596	0.0	0.0	0.0	0.0
OG0014597	0.0	0.0	0.0	0.0
OG0014598	0.0	0.0	0.0	0.0
OG0014600	0.0	0.0	0.0	0.0
OG0014601	0.0	0.0	0.0	0.0
OG0014602	0.0	0.0	0.0	0.0
OG0014605	0.0	0.0	0.0	0.0
OG0014606	0.0	0.0	0.0	0.0
OG0014607	0.0	0.0	0.0	0.0
OG0014608	0.0	0.0	0.0	0.0
OG0014610	0.0	0.0	0.0	0.0
OG0014612	0.0	0.0	0.0	0.0
OG0014613	0.0	0.0	0.0	0.0
OG0014614	0.0	0.0	0.0	0.0
OG0014615	0.0	0.0	0.0	0.0
OG0014617	0.0	0.0	0.0	0.0
OG0014618	0.0	0.0	0.0	0.0
OG0014619	0.0	0.0	0.0	0.0
OG0014621	0.0	0.0	0.0	0.0
OG0014623	0.0	0.0	0.0	0.0
OG0014624	0.0	0.0	0.0	0.0
OG0014625	0.0	0.0	0.0	0.0
OG0014626	0.0	0.0	0.0	0.0
OG0014627	0.0	0.0	0.0	0.0
OG0014628	0.0	0.0	0.0	0.0
OG0014629	0.0	0.0	0.0	0.0
OG0014630	0.0	0.0	0.0	0.0
OG0014631	0.0	0.0	0.0	0.0
OG0014632	0.0	0.0	0.0	0.0
OG0014633	0.0	0.0	0.0	0.0
OG0014634	0.0	0.0	0.0	0.0
OG0014635	0.0	0.0	0.0	0.0
OG0014638	0.0	0.0	0.0	0.0
OG0014640	0.0	0.0	0.0	0.0
OG0014641	0.0	0.0	0.0	0.0
OG0014643	0.0	0.0	0.0	0.0
OG0014644	0.0	0.0	0.0	0.0
OG0014645	0.0	0.0	0.0	0.0
OG0014646	0.0	0.0	0.0	0.0
OG0014647	0.0	0.0	0.0	0.0
OG0014648	0.0	0.0	0.0	0.0
OG0014651	0.0	0.0	0.0	0.0
OG0014653	0.0	0.0	0.0	0.0
OG0014654	0.0	0.0	0.0	0.0
OG0014656	0.0	0.0	0.0	0.0
OG0014657	0.0	0.0	0.0	0.0
OG0014658	0.0	0.0	0.0	0.0
OG0014659	0.0	0.0	0.0	0.0
OG0014660	0.0	0.0	0.0	0.0
OG0014663	0.0	0.0	0.0	0.0
OG0014666	0.0	0.0	0.0	0.0
OG0014667	0.0	0.0	0.0	0.0
OG0014668	0.0	0.0	0.0	0.0
OG0014672	0.0	0.0	0.0	0.0
OG0014673	0.0	0.0	0.0	0.0
OG0014675	0.0	0.0	0.0	0.0
OG0014677	0.0	0.0	0.0	0.0
OG0014678	0.0	0.0	0.0	0.0
OG0014679	0.0	0.0	0.0	0.0
OG0014680	0.0	0.0	0.0	0.0
OG0014681	0.0	0.0	0.0	0.0
OG0014683	0.0	0.0	0.0	0.0
OG0014685	0.0	0.0	0.0	0.0
OG0014686	0.0	0.0	0.0	0.0
OG0014687	0.0	0.0	0.0	0.0
OG0014688	0.0	0.0	0.0	0.0
OG0014689	0.0	0.0	0.0	0.0
OG0014690	0.0	0.0	0.0	0.0
OG0014691	0.0	0.0	0.0	0.0
OG0014692	0.0	0.0	0.0	0.0
OG0014694	0.0	0.0	0.0	0.0
OG0014695	0.0	0.0	0.0	0.0
OG0014696	0.0	0.0	0.0	0.0
OG0014697	0.0	0.0	0.0	0.0
OG0014698	0.0	0.0	0.0	0.0
OG0014699	0.0	0.0	0.0	0.0
OG0014700	0.0	0.0	0.0	0.0
OG0014701	0.0	0.0	0.0	0.0
OG0014702	0.0	0.0	0.0	0.0
OG0014703	0.0	0.0	0.0	0.0
OG0014704	0.0	0.0	0.0	0.0
OG0014705	0.0	0.0	0.0	0.0
OG0014706	0.0	0.0	0.0	0.0
OG0014707	0.0	0.0	0.0	0.0
OG0014708	0.0	0.0	0.0	0.0
OG0014709	0.0	0.0	0.0	0.0
OG0014710	0.0	0.0	0.0	0.0
OG0014711	0.0	0.0	0.0	0.0
OG0014712	0.0	0.0	0.0	0.0
OG0014713	0.0	0.0	0.0	0.0
OG0014714	0.0	0.0	0.0	0.0
OG0014716	0.0	0.0	0.0	0.0
OG0014717	0.0	0.0	0.0	0.0
OG0014718	0.0	0.0	0.0	0.0
OG0014720	0.0	0.0	0.0	0.0
OG0014722	0.0	0.0	0.0	0.0
OG0014723	0.0	0.0	0.0	0.0
OG0014724	0.0	0.0	0.0	0.0
OG0014725	0.0	0.0	0.0	0.0
OG0014726	0.0	0.0	0.0	0.0
OG0014727	0.0	0.0	0.0	0.0
OG0014728	0.0	0.0	0.0	0.0
OG0014729	0.0	0.0	0.0	0.0
OG0014731	0.0	0.0	0.0	0.0
OG0014732	0.0	0.0	0.0	0.0
OG0014733	0.0	0.0	0.0	0.0
OG0014734	0.0	0.0	0.0	0.0
OG0014735	0.0	0.0	0.0	0.0
OG0014736	0.0	0.0	0.0	0.0
OG0014737	0.0	0.0	0.0	0.0
OG0014738	0.0	0.0	0.0	0.0
OG0014739	0.0	0.0	0.0	0.0
OG0014740	0.0	0.0	0.0	0.0
OG0014741	0.0	0.0	0.0	0.0
OG0014742	0.0	0.0	0.0	0.0
OG0014743	0.0	0.0	0.0	0.0
OG0014744	0.0	0.0	0.0	0.0
OG0014745	0.0	0.0	0.0	0.0
OG0014746	0.0	0.0	0.0	0.0
OG0014747	0.0	0.0	0.0	0.0
OG0014748	0.0	0.0	0.0	0.0
OG0014749	0.0	0.0	0.0	0.0
OG0014750	0.0	0.0	0.0	0.0
OG0014773	0.0	0.0	0.0	0.0
OG0014802	0.0	0.0	0.0	0.0
OG0014804	0.0	0.0	0.0	0.0
OG0014808	0.0	0.0	0.0	0.0
OG0014812	0.0	0.0	0.0	0.0
OG0014817	0.0	0.0	0.0	0.0
OG0014819	0.0	0.0	0.0	0.0
OG0014820	0.0	0.0	0.0	0.0
OG0014822	0.0	0.0	0.0	0.0
OG0014826	0.0	0.0	0.0	0.0
OG0014827	0.0	0.0	0.0	0.0
OG0014831	0.0	0.0	0.0	0.0
OG0014832	0.0	0.0	0.0	0.0
OG0014833	0.0	0.0	0.0	0.0
OG0014834	0.0	0.0	0.0	0.0
OG0014835	0.0	0.0	0.0	0.0
OG0014837	0.0	0.0	0.0	0.0
OG0014838	0.0	0.0	0.0	0.0
OG0014839	0.0	0.0	0.0	0.0
OG0014840	0.0	0.0	0.0	0.0
OG0014841	0.0	0.0	0.0	0.0
OG0014842	0.0	0.0	0.0	0.0
OG0014843	0.0	0.0	0.0	0.0
OG0014844	0.0	0.0	0.0	0.0
OG0014846	0.0	0.0	0.0	0.0
OG0014848	0.0	0.0	0.0	0.0
OG0014849	0.0	0.0	0.0	0.0
OG0014850	0.0	0.0	0.0	0.0
OG0014851	0.0	0.0	0.0	0.0
OG0014853	0.0	0.0	0.0	0.0
OG0014854	0.0	0.0	0.0	0.0
OG0014855	0.0	0.0	0.0	0.0
OG0014857	0.0	0.0	0.0	0.0
OG0014858	0.0	0.0	0.0	0.0
OG0014860	0.0	0.0	0.0	0.0
OG0014861	0.0	0.0	0.0	0.0
OG0014862	0.0	0.0	0.0	0.0
OG0014863	0.0	0.0	0.0	0.0
OG0014864	0.0	0.0	0.0	0.0
OG0014865	0.0	0.0	0.0	0.0
OG0014866	0.0	0.0	0.0	0.0
OG0014869	0.0	0.0	0.0	0.0
OG0014870	0.0	0.0	0.0	0.0
OG0014871	0.0	0.0	0.0	0.0
OG0014872	0.0	0.0	0.0	0.0
OG0014873	0.0	0.0	0.0	0.0
OG0014874	0.0	0.0	0.0	0.0
OG0014875	0.0	0.0	0.0	0.0
OG0014876	0.0	0.0	0.0	0.0
OG0014877	0.0	0.0	0.0	0.0
OG0014879	0.0	0.0	0.0	0.0
OG0014880	0.0	0.0	0.0	0.0
OG0014881	0.0	0.0	0.0	0.0
OG0014882	0.0	0.0	0.0	0.0
OG0014884	0.0	0.0	0.0	0.0
OG0014885	0.0	0.0	0.0	0.0
OG0014886	0.0	0.0	0.0	0.0
OG0014887	0.0	0.0	0.0	0.0
OG0014888	0.0	0.0	0.0	0.0
OG0014889	0.0	0.0	0.0	0.0
OG0014890	0.0	0.0	0.0	0.0
OG0014891	0.0	0.0	0.0	0.0
OG0014892	0.0	0.0	0.0	0.0
OG0014893	0.0	0.0	0.0	0.0
OG0014894	0.0	0.0	0.0	0.0
OG0014895	0.0	0.0	0.0	0.0
OG0014896	0.0	0.0	0.0	0.0
OG0014897	0.0	0.0	0.0	0.0
OG0014899	0.0	0.0	0.0	0.0
OG0014900	0.0	0.0	0.0	0.0
OG0014903	0.0	0.0	0.0	0.0
OG0014904	0.0	0.0	0.0	0.0
OG0014905	0.0	0.0	0.0	0.0
OG0014906	0.0	0.0	0.0	0.0
OG0014907	0.0	0.0	0.0	0.0
OG0014908	0.0	0.0	0.0	0.0
OG0014909	0.0	0.0	0.0	0.0
OG0014911	0.0	0.0	0.0	0.0
OG0014912	0.0	0.0	0.0	0.0
OG0014913	0.0	0.0	0.0	0.0
OG0014914	0.0	0.0	0.0	0.0
OG0014915	0.0	0.0	0.0	0.0
OG0014916	0.0	0.0	0.0	0.0
OG0014917	0.0	0.0	0.0	0.0
OG0014918	0.0	0.0	0.0	0.0
OG0014924	0.0	0.0	0.0	0.0
OG0014925	0.0	0.0	0.0	0.0
OG0014926	0.0	0.0	0.0	0.0
OG0014928	0.0	0.0	0.0	0.0
OG0014929	0.0	0.0	0.0	0.0
OG0014930	0.0	0.0	0.0	0.0
OG0014931	0.0	0.0	0.0	0.0
OG0014932	0.0	0.0	0.0	0.0
OG0014933	0.0	0.0	0.0	0.0
OG0014934	0.0	0.0	0.0	0.0
OG0014935	0.0	0.0	0.0	0.0
OG0014936	0.0	0.0	0.0	0.0
OG0014937	0.0	0.0	0.0	0.0
OG0014938	0.0	0.0	0.0	0.0
OG0014940	0.0	0.0	0.0	0.0
OG0014941	0.0	0.0	0.0	0.0
OG0014942	0.0	0.0	0.0	0.0
OG0014943	0.0	0.0	0.0	0.0
OG0014944	0.0	0.0	0.0	0.0
OG0014945	0.0	0.0	0.0	0.0
OG0014946	0.0	0.0	0.0	0.0
OG0014947	0.0	0.0	0.0	0.0
OG0014948	0.0	0.0	0.0	0.0
OG0014949	0.0	0.0	0.0	0.0
OG0014950	0.0	0.0	0.0	0.0
OG0014951	0.0	0.0	0.0	0.0
OG0014952	0.0	0.0	0.0	0.0
OG0014953	0.0	0.0	0.0	0.0
OG0014954	0.0	0.0	0.0	0.0
OG0014955	0.0	0.0	0.0	0.0
OG0014956	0.0	0.0	0.0	0.0
OG0014957	0.0	0.0	0.0	0.0
OG0014958	0.0	0.0	0.0	0.0
OG0014959	0.0	0.0	0.0	0.0
OG0014960	0.0	0.0	0.0	0.0
OG0014961	0.0	0.0	0.0	0.0
OG0014962	0.0	0.0	0.0	0.0
OG0014963	0.0	0.0	0.0	0.0
OG0014964	0.0	0.0	0.0	0.0
OG0014965	0.0	0.0	0.0	0.0
OG0014966	0.0	0.0	0.0	0.0
OG0014967	0.0	0.0	0.0	0.0
OG0014968	0.0	0.0	0.0	0.0
OG0014969	0.0	0.0	0.0	0.0
OG0014970	0.0	0.0	0.0	0.0
OG0014971	0.0	0.0	0.0	0.0
OG0014972	0.0	0.0	0.0	0.0
OG0014974	0.0	0.0	0.0	0.0
OG0014975	0.0	0.0	0.0	0.0
OG0014976	0.0	0.0	0.0	0.0
OG0014977	0.0	0.0	0.0	0.0
OG0014978	0.0	0.0	0.0	0.0
OG0014979	0.0	0.0	0.0	0.0
OG0014980	0.0	0.0	0.0	0.0
OG0014981	0.0	0.0	0.0	0.0
OG0014982	0.0	0.0	0.0	0.0
OG0014983	0.0	0.0	0.0	0.0
OG0014984	0.0	0.0	0.0	0.0
OG0014985	0.0	0.0	0.0	0.0
OG0014986	0.0	0.0	0.0	0.0
OG0014987	0.0	0.0	0.0	0.0
OG0014988	0.0	0.0	0.0	0.0
OG0014989	0.0	0.0	0.0	0.0
OG0014990	0.0	0.0	0.0	0.0
OG0014991	0.0	0.0	0.0	0.0
OG0014992	0.0	0.0	0.0	0.0
OG0014993	0.0	0.0	0.0	0.0
OG0014994	0.0	0.0	0.0	0.0
OG0014995	0.0	0.0	0.0	0.0
OG0014996	0.0	0.0	0.0	0.0
OG0014997	0.0	0.0	0.0	0.0
OG0014998	0.0	0.0	0.0	0.0
OG0014999	0.0	0.0	0.0	0.0
OG0015000	0.0	0.0	0.0	0.0
OG0015001	0.0	0.0	0.0	0.0
OG0015002	0.0	0.0	0.0	0.0
OG0015003	0.0	0.0	0.0	0.0
OG0015004	0.0	0.0	0.0	0.0
OG0015005	0.0	0.0	0.0	0.0
OG0015006	0.0	0.0	0.0	0.0
OG0015007	0.0	0.0	0.0	0.0
OG0015008	0.0	0.0	0.0	0.0
OG0015009	0.0	0.0	0.0	0.0
OG0015010	0.0	0.0	0.0	0.0
OG0015011	0.0	0.0	0.0	0.0
OG0015012	0.0	0.0	0.0	0.0
OG0015013	0.0	0.0	0.0	0.0
OG0015014	0.0	0.0	0.0	0.0
OG0015015	0.0	0.0	0.0	0.0
OG0015016	0.0	0.0	0.0	0.0
OG0015017	0.0	0.0	0.0	0.0
OG0015018	0.0	0.0	0.0	0.0
OG0015019	0.0	0.0	0.0	0.0
OG0015020	0.0	0.0	0.0	0.0
OG0015021	0.0	0.0	0.0	0.0
OG0015022	0.0	0.0	0.0	0.0
OG0015023	0.0	0.0	0.0	0.0
OG0015024	0.0	0.0	0.0	0.0
OG0015026	0.0	0.0	0.0	0.0
OG0015027	0.0	0.0	0.0	0.0
OG0015028	0.0	0.0	0.0	0.0
OG0015029	0.0	0.0	0.0	0.0
OG0015030	0.0	0.0	0.0	0.0
OG0015031	0.0	0.0	0.0	0.0
OG0015032	0.0	0.0	0.0	0.0
OG0015033	0.0	0.0	0.0	0.0
OG0015034	0.0	0.0	0.0	0.0
OG0015035	0.0	0.0	0.0	0.0
OG0015036	0.0	0.0	0.0	0.0
OG0015037	0.0	0.0	0.0	0.0
OG0015038	0.0	0.0	0.0	0.0
OG0015039	0.0	0.0	0.0	0.0
OG0015040	0.0	0.0	0.0	0.0
OG0015041	0.0	0.0	0.0	0.0
OG0015042	0.0	0.0	0.0	0.0
OG0015043	0.0	0.0	0.0	0.0
OG0015044	0.0	0.0	0.0	0.0
OG0015045	0.0	0.0	0.0	0.0
OG0015047	0.0	0.0	0.0	0.0
OG0015048	0.0	0.0	0.0	0.0
OG0015049	0.0	0.0	0.0	0.0
OG0015050	0.0	0.0	0.0	0.0
OG0015051	0.0	0.0	0.0	0.0
OG0015052	0.0	0.0	0.0	0.0
OG0015053	0.0	0.0	0.0	0.0
OG0015054	0.0	0.0	0.0	0.0
OG0015056	0.0	0.0	0.0	0.0
OG0015057	0.0	0.0	0.0	0.0
OG0015058	0.0	0.0	0.0	0.0
OG0015059	0.0	0.0	0.0	0.0
OG0015060	0.0	0.0	0.0	0.0
OG0015061	0.0	0.0	0.0	0.0
OG0015062	0.0	0.0	0.0	0.0
OG0015063	0.0	0.0	0.0	0.0
OG0015064	0.0	0.0	0.0	0.0
OG0015065	0.0	0.0	0.0	0.0
OG0015066	0.0	0.0	0.0	0.0
OG0015067	0.0	0.0	0.0	0.0
OG0015068	0.0	0.0	0.0	0.0
OG0015069	0.0	0.0	0.0	0.0
OG0015070	0.0	0.0	0.0	0.0
OG0015071	0.0	0.0	0.0	0.0
OG0015072	0.0	0.0	0.0	0.0
OG0015073	0.0	0.0	0.0	0.0
OG0015074	0.0	0.0	0.0	0.0
OG0015075	0.0	0.0	0.0	0.0
OG0015076	0.0	0.0	0.0	0.0
OG0015077	0.0	0.0	0.0	0.0
OG0015078	0.0	0.0	0.0	0.0
OG0015079	0.0	0.0	0.0	0.0
OG0015080	0.0	0.0	0.0	0.0
OG0015081	0.0	0.0	0.0	0.0
OG0015082	0.0	0.0	0.0	0.0
OG0015083	0.0	0.0	0.0	0.0
OG0015084	0.0	0.0	0.0	0.0
OG0015085	0.0	0.0	0.0	0.0
OG0015086	0.0	0.0	0.0	0.0
OG0015087	0.0	0.0	0.0	0.0
OG0015088	0.0	0.0	0.0	0.0
OG0015089	0.0	0.0	0.0	0.0
OG0015090	0.0	0.0	0.0	0.0
OG0015091	0.0	0.0	0.0	0.0
OG0015092	0.0	0.0	0.0	0.0
OG0015093	0.0	0.0	0.0	0.0
OG0015094	0.0	0.0	0.0	0.0
OG0015095	0.0	0.0	0.0	0.0
OG0015096	0.0	0.0	0.0	0.0
OG0015097	0.0	0.0	0.0	0.0
OG0015098	0.0	0.0	0.0	0.0
OG0015099	0.0	0.0	0.0	0.0
OG0015100	0.0	0.0	0.0	0.0
OG0015101	0.0	0.0	0.0	0.0
OG0015102	0.0	0.0	0.0	0.0
OG0015103	0.0	0.0	0.0	0.0
OG0015104	0.0	0.0	0.0	0.0
OG0015105	0.0	0.0	0.0	0.0
OG0015106	0.0	0.0	0.0	0.0
OG0015107	0.0	0.0	0.0	0.0
OG0015108	0.0	0.0	0.0	0.0
OG0015109	0.0	0.0	0.0	0.0
OG0015110	0.0	0.0	0.0	0.0
OG0015111	0.0	0.0	0.0	0.0
OG0015112	0.0	0.0	0.0	0.0
OG0015113	0.0	0.0	0.0	0.0
OG0015114	0.0	0.0	0.0	0.0
OG0015115	0.0	0.0	0.0	0.0
OG0015116	0.0	0.0	0.0	0.0
OG0015117	0.0	0.0	0.0	0.0
OG0015118	0.0	0.0	0.0	0.0
OG0015119	0.0	0.0	0.0	0.0
OG0015120	0.0	0.0	0.0	0.0
OG0015121	0.0	0.0	0.0	0.0
OG0015122	0.0	0.0	0.0	0.0
OG0015123	0.0	0.0	0.0	0.0
OG0015124	0.0	0.0	0.0	0.0
OG0015125	0.0	0.0	0.0	0.0
OG0015126	0.0	0.0	0.0	0.0
OG0015127	0.0	0.0	0.0	0.0
OG0015128	0.0	0.0	0.0	0.0
OG0015129	0.0	0.0	0.0	0.0
OG0015130	0.0	0.0	0.0	0.0
OG0015131	0.0	0.0	0.0	0.0
OG0015132	0.0	0.0	0.0	0.0
OG0015133	0.0	0.0	0.0	0.0
OG0015134	0.0	0.0	0.0	0.0
OG0015135	0.0	0.0	0.0	0.0
OG0015136	0.0	0.0	0.0	0.0
OG0015137	0.0	0.0	0.0	0.0
OG0015138	0.0	0.0	0.0	0.0
OG0015139	0.0	0.0	0.0	0.0
OG0015140	0.0	0.0	0.0	0.0
OG0015141	0.0	0.0	0.0	0.0
OG0015142	0.0	0.0	0.0	0.0
OG0015143	0.0	0.0	0.0	0.0
OG0015144	0.0	0.0	0.0	0.0
OG0015145	0.0	0.0	0.0	0.0
OG0015146	0.0	0.0	0.0	0.0
OG0015147	0.0	0.0	0.0	0.0
OG0015148	0.0	0.0	0.0	0.0
OG0015149	0.0	0.0	0.0	0.0
OG0015150	0.0	0.0	0.0	0.0
OG0015151	0.0	0.0	0.0	0.0
OG0015152	0.0	0.0	0.0	0.0
OG0015153	0.0	0.0	0.0	0.0
OG0015154	0.0	0.0	0.0	0.0
OG0015155	0.0	0.0	0.0	0.0
OG0015156	0.0	0.0	0.0	0.0
OG0015157	0.0	0.0	0.0	0.0
OG0015158	0.0	0.0	0.0	0.0
OG0015159	0.0	0.0	0.0	0.0
OG0015160	0.0	0.0	0.0	0.0
OG0015161	0.0	0.0	0.0	0.0
OG0015162	0.0	0.0	0.0	0.0
OG0015163	0.0	0.0	0.0	0.0
OG0015164	0.0	0.0	0.0	0.0
OG0015165	0.0	0.0	0.0	0.0
OG0015166	0.0	0.0	0.0	0.0
OG0015167	0.0	0.0	0.0	0.0
OG0015168	0.0	0.0	0.0	0.0
OG0015169	0.0	0.0	0.0	0.0
OG0015170	0.0	0.0	0.0	0.0
OG0015171	0.0	0.0	0.0	0.0
OG0015172	0.0	0.0	0.0	0.0
OG0015173	0.0	0.0	0.0	0.0
OG0015174	0.0	0.0	0.0	0.0
OG0015175	0.0	0.0	0.0	0.0
OG0015176	0.0	0.0	0.0	0.0
OG0015177	0.0	0.0	0.0	0.0
OG0015178	0.0	0.0	0.0	0.0
OG0015179	0.0	0.0	0.0	0.0
OG0015180	0.0	0.0	0.0	0.0
OG0015181	0.0	0.0	0.0	0.0
OG0015182	0.0	0.0	0.0	0.0
OG0015183	0.0	0.0	0.0	0.0
OG0015184	0.0	0.0	0.0	0.0
OG0015185	0.0	0.0	0.0	0.0
OG0015186	0.0	0.0	0.0	0.0
OG0015187	0.0	0.0	0.0	0.0
OG0015188	0.0	0.0	0.0	0.0
OG0015189	0.0	0.0	0.0	0.0
OG0015190	0.0	0.0	0.0	0.0
OG0015191	0.0	0.0	0.0	0.0
OG0015192	0.0	0.0	0.0	0.0
OG0015193	0.0	0.0	0.0	0.0
OG0015194	0.0	0.0	0.0	0.0
OG0015195	0.0	0.0	0.0	0.0
OG0015196	0.0	0.0	0.0	0.0
OG0015197	0.0	0.0	0.0	0.0
OG0015198	0.0	0.0	0.0	0.0
OG0015199	0.0	0.0	0.0	0.0
OG0015200	0.0	0.0	0.0	0.0
OG0015201	0.0	0.0	0.0	0.0
OG0015202	0.0	0.0	0.0	0.0
OG0015203	0.0	0.0	0.0	0.0
OG0015204	0.0	0.0	0.0	0.0
OG0015205	0.0	0.0	0.0	0.0
OG0015206	0.0	0.0	0.0	0.0
OG0015207	0.0	0.0	0.0	0.0
OG0015208	0.0	0.0	0.0	0.0
OG0015209	0.0	0.0	0.0	0.0
OG0015210	0.0	0.0	0.0	0.0
OG0015211	0.0	0.0	0.0	0.0
OG0015212	0.0	0.0	0.0	0.0
OG0015213	0.0	0.0	0.0	0.0
OG0015214	0.0	0.0	0.0	0.0
OG0015215	0.0	0.0	0.0	0.0
OG0015216	0.0	0.0	0.0	0.0
OG0015217	0.0	0.0	0.0	0.0
OG0015218	0.0	0.0	0.0	0.0
OG0015219	0.0	0.0	0.0	0.0
OG0015220	0.0	0.0	0.0	0.0
OG0015221	0.0	0.0	0.0	0.0
OG0015222	0.0	0.0	0.0	0.0
OG0015223	0.0	0.0	0.0	0.0
OG0015224	0.0	0.0	0.0	0.0
OG0015226	0.0	0.0	0.0	0.0
OG0015227	0.0	0.0	0.0	0.0
OG0015228	0.0	0.0	0.0	0.0
OG0015229	0.0	0.0	0.0	0.0
OG0015232	0.0	0.0	0.0	0.0
OG0015233	0.0	0.0	0.0	0.0
OG0015234	0.0	0.0	0.0	0.0
OG0015235	0.0	0.0	0.0	0.0
OG0015236	0.0	0.0	0.0	0.0
OG0015237	0.0	0.0	0.0	0.0
OG0015238	0.0	0.0	0.0	0.0
OG0015239	0.0	0.0	0.0	0.0
OG0015240	0.0	0.0	0.0	0.0
OG0015241	0.0	0.0	0.0	0.0
OG0015242	0.0	0.0	0.0	0.0
OG0015243	0.0	0.0	0.0	0.0
OG0015244	0.0	0.0	0.0	0.0
OG0015245	0.0	0.0	0.0	0.0
OG0015246	0.0	0.0	0.0	0.0
OG0015247	0.0	0.0	0.0	0.0
OG0015248	0.0	0.0	0.0	0.0
OG0015249	0.0	0.0	0.0	0.0
OG0015250	0.0	0.0	0.0	0.0
OG0015255	0.0	0.0	0.0	0.0
OG0015260	0.0	0.0	0.0	0.0
OG0015262	0.0	0.0	0.0	0.0
OG0015265	0.0	0.0	0.0	0.0
OG0015266	0.0	0.0	0.0	0.0
OG0015267	0.0	0.0	0.0	0.0
OG0015268	0.0	0.0	0.0	0.0
OG0015270	0.0	0.0	0.0	0.0
OG0015271	0.0	0.0	0.0	0.0
OG0015272	0.0	0.0	0.0	0.0
OG0015274	0.0	0.0	0.0	0.0
OG0015276	0.0	0.0	0.0	0.0
OG0015277	0.0	0.0	0.0	0.0
OG0015279	0.0	0.0	0.0	0.0
OG0015280	0.0	0.0	0.0	0.0
OG0015284	0.0	0.0	0.0	0.0
OG0015285	0.0	0.0	0.0	0.0
OG0015287	0.0	0.0	0.0	0.0
OG0015289	0.0	0.0	0.0	0.0
OG0015290	0.0	0.0	0.0	0.0
OG0015291	0.0	0.0	0.0	0.0
OG0015292	0.0	0.0	0.0	0.0
OG0015293	0.0	0.0	0.0	0.0
OG0015295	0.0	0.0	0.0	0.0
OG0015296	0.0	0.0	0.0	0.0
OG0015297	0.0	0.0	0.0	0.0
OG0015298	0.0	0.0	0.0	0.0
OG0015299	0.0	0.0	0.0	0.0
OG0015300	0.0	0.0	0.0	0.0
OG0015301	0.0	0.0	0.0	0.0
OG0015302	0.0	0.0	0.0	0.0
OG0015303	0.0	0.0	0.0	0.0
OG0015304	0.0	0.0	0.0	0.0
OG0015306	0.0	0.0	0.0	0.0
OG0015307	0.0	0.0	0.0	0.0
OG0015308	0.0	0.0	0.0	0.0
OG0015309	0.0	0.0	0.0	0.0
OG0015310	0.0	0.0	0.0	0.0
OG0015311	0.0	0.0	0.0	0.0
OG0015313	0.0	0.0	0.0	0.0
OG0015315	0.0	0.0	0.0	0.0
OG0015316	0.0	0.0	0.0	0.0
OG0015317	0.0	0.0	0.0	0.0
OG0015318	0.0	0.0	0.0	0.0
OG0015319	0.0	0.0	0.0	0.0
OG0015320	0.0	0.0	0.0	0.0
OG0015322	0.0	0.0	0.0	0.0
OG0015325	0.0	0.0	0.0	0.0
OG0015326	0.0	0.0	0.0	0.0
OG0015329	0.0	0.0	0.0	0.0
OG0015330	0.0	0.0	0.0	0.0
OG0015331	0.0	0.0	0.0	0.0
OG0015332	0.0	0.0	0.0	0.0
OG0015333	0.0	0.0	0.0	0.0
OG0015334	0.0	0.0	0.0	0.0
OG0015336	0.0	0.0	0.0	0.0
OG0015337	0.0	0.0	0.0	0.0
OG0015338	0.0	0.0	0.0	0.0
OG0015339	0.0	0.0	0.0	0.0
OG0015348	0.0	0.0	0.0	0.0
OG0015365	0.0	0.0	0.0	0.0
OG0015380	0.0	0.0	0.0	0.0
OG0015383	0.0	0.0	0.0	0.0
OG0015385	0.0	0.0	0.0	0.0
OG0015386	0.0	0.0	0.0	0.0
OG0015390	0.0	0.0	0.0	0.0
OG0015391	0.0	0.0	0.0	0.0
OG0015392	0.0	0.0	0.0	0.0
OG0015394	0.0	0.0	0.0	0.0
OG0015399	0.0	0.0	0.0	0.0
OG0015400	0.0	0.0	0.0	0.0
OG0015401	0.0	0.0	0.0	0.0
OG0015404	0.0	0.0	0.0	0.0
OG0015405	0.0	0.0	0.0	0.0
OG0015406	0.0	0.0	0.0	0.0
OG0015407	0.0	0.0	0.0	0.0
OG0015408	0.0	0.0	0.0	0.0
OG0015410	0.0	0.0	0.0	0.0
OG0015411	0.0	0.0	0.0	0.0
OG0015414	0.0	0.0	0.0	0.0
OG0015416	0.0	0.0	0.0	0.0
OG0015418	0.0	0.0	0.0	0.0
OG0015419	0.0	0.0	0.0	0.0
OG0015420	0.0	0.0	0.0	0.0
OG0015421	0.0	0.0	0.0	0.0
OG0015423	0.0	0.0	0.0	0.0
OG0015425	0.0	0.0	0.0	0.0
OG0015428	0.0	0.0	0.0	0.0
OG0015429	0.0	0.0	0.0	0.0
OG0015430	0.0	0.0	0.0	0.0
OG0015431	0.0	0.0	0.0	0.0
OG0015432	0.0	0.0	0.0	0.0
OG0015433	0.0	0.0	0.0	0.0
OG0015434	0.0	0.0	0.0	0.0
OG0015435	0.0	0.0	0.0	0.0
OG0015436	0.0	0.0	0.0	0.0
OG0015437	0.0	0.0	0.0	0.0
OG0015438	0.0	0.0	0.0	0.0
OG0015440	0.0	0.0	0.0	0.0
OG0015443	0.0	0.0	0.0	0.0
OG0015445	0.0	0.0	0.0	0.0
OG0015446	0.0	0.0	0.0	0.0
OG0015447	0.0	0.0	0.0	0.0
OG0015448	0.0	0.0	0.0	0.0
OG0015449	0.0	0.0	0.0	0.0
OG0015450	0.0	0.0	0.0	0.0
OG0015453	0.0	0.0	0.0	0.0
OG0015454	0.0	0.0	0.0	0.0
OG0015455	0.0	0.0	0.0	0.0
OG0015456	0.0	0.0	0.0	0.0
OG0015457	0.0	0.0	0.0	0.0
OG0015458	0.0	0.0	0.0	0.0
OG0015459	0.0	0.0	0.0	0.0
OG0015460	0.0	0.0	0.0	0.0
OG0015462	0.0	0.0	0.0	0.0
OG0015463	0.0	0.0	0.0	0.0
OG0015464	0.0	0.0	0.0	0.0
OG0015465	0.0	0.0	0.0	0.0
OG0015466	0.0	0.0	0.0	0.0
OG0015467	0.0	0.0	0.0	0.0
OG0015468	0.0	0.0	0.0	0.0
OG0015469	0.0	0.0	0.0	0.0
OG0015470	0.0	0.0	0.0	0.0
OG0015471	0.0	0.0	0.0	0.0
OG0015472	0.0	0.0	0.0	0.0
OG0015473	0.0	0.0	0.0	0.0
OG0015474	0.0	0.0	0.0	0.0
OG0015475	0.0	0.0	0.0	0.0
OG0015476	0.0	0.0	0.0	0.0
OG0015477	0.0	0.0	0.0	0.0
OG0015478	0.0	0.0	0.0	0.0
OG0015479	0.0	0.0	0.0	0.0
OG0015480	0.0	0.0	0.0	0.0
OG0015481	0.0	0.0	0.0	0.0
OG0015482	0.0	0.0	0.0	0.0
OG0015483	0.0	0.0	0.0	0.0
OG0015484	0.0	0.0	0.0	0.0
OG0015485	0.0	0.0	0.0	0.0
OG0015486	0.0	0.0	0.0	0.0
OG0015487	0.0	0.0	0.0	0.0
OG0015488	0.0	0.0	0.0	0.0
OG0015489	0.0	0.0	0.0	0.0
OG0015490	0.0	0.0	0.0	0.0
OG0015491	0.0	0.0	0.0	0.0
OG0015492	0.0	0.0	0.0	0.0
OG0015493	0.0	0.0	0.0	0.0
OG0015494	0.0	0.0	0.0	0.0
OG0015495	0.0	0.0	0.0	0.0
OG0015496	0.0	0.0	0.0	0.0
OG0015497	0.0	0.0	0.0	0.0
OG0015498	0.0	0.0	0.0	0.0
OG0015500	0.0	0.0	0.0	0.0
OG0015501	0.0	0.0	0.0	0.0
OG0015502	0.0	0.0	0.0	0.0
OG0015503	0.0	0.0	0.0	0.0
OG0015504	0.0	0.0	0.0	0.0
OG0015506	0.0	0.0	0.0	0.0
OG0015507	0.0	0.0	0.0	0.0
OG0015508	0.0	0.0	0.0	0.0
OG0015509	0.0	0.0	0.0	0.0
OG0015510	0.0	0.0	0.0	0.0
OG0015511	0.0	0.0	0.0	0.0
OG0015512	0.0	0.0	0.0	0.0
OG0015513	0.0	0.0	0.0	0.0
OG0015514	0.0	0.0	0.0	0.0
OG0015515	0.0	0.0	0.0	0.0
OG0015516	0.0	0.0	0.0	0.0
OG0015517	0.0	0.0	0.0	0.0
OG0015518	0.0	0.0	0.0	0.0
OG0015519	0.0	0.0	0.0	0.0
OG0015520	0.0	0.0	0.0	0.0
OG0015521	0.0	0.0	0.0	0.0
OG0015522	0.0	0.0	0.0	0.0
OG0015523	0.0	0.0	0.0	0.0
OG0015524	0.0	0.0	0.0	0.0
OG0015525	0.0	0.0	0.0	0.0
OG0015526	0.0	0.0	0.0	0.0
OG0015527	0.0	0.0	0.0	0.0
OG0015528	0.0	0.0	0.0	0.0
OG0015529	0.0	0.0	0.0	0.0
OG0015530	0.0	0.0	0.0	0.0
OG0015531	0.0	0.0	0.0	0.0
OG0015532	0.0	0.0	0.0	0.0
OG0015533	0.0	0.0	0.0	0.0
OG0015535	0.0	0.0	0.0	0.0
OG0015536	0.0	0.0	0.0	0.0
OG0015537	0.0	0.0	0.0	0.0
OG0015538	0.0	0.0	0.0	0.0
OG0015539	0.0	0.0	0.0	0.0
OG0015540	0.0	0.0	0.0	0.0
OG0015541	0.0	0.0	0.0	0.0
OG0015542	0.0	0.0	0.0	0.0
OG0015543	0.0	0.0	0.0	0.0
OG0015544	0.0	0.0	0.0	0.0
OG0015545	0.0	0.0	0.0	0.0
OG0015546	0.0	0.0	0.0	0.0
OG0015547	0.0	0.0	0.0	0.0
OG0015548	0.0	0.0	0.0	0.0
OG0015549	0.0	0.0	0.0	0.0
OG0015550	0.0	0.0	0.0	0.0
OG0015551	0.0	0.0	0.0	0.0
OG0015552	0.0	0.0	0.0	0.0
OG0015553	0.0	0.0	0.0	0.0
OG0015554	0.0	0.0	0.0	0.0
OG0015555	0.0	0.0	0.0	0.0
OG0015556	0.0	0.0	0.0	0.0
OG0015557	0.0	0.0	0.0	0.0
OG0015559	0.0	0.0	0.0	0.0
OG0015561	0.0	0.0	0.0	0.0
OG0015562	0.0	0.0	0.0	0.0
OG0015563	0.0	0.0	0.0	0.0
OG0015564	0.0	0.0	0.0	0.0
OG0015565	0.0	0.0	0.0	0.0
OG0015566	0.0	0.0	0.0	0.0
OG0015567	0.0	0.0	0.0	0.0
OG0015568	0.0	0.0	0.0	0.0
OG0015569	0.0	0.0	0.0	0.0
OG0015570	0.0	0.0	0.0	0.0
OG0015571	0.0	0.0	0.0	0.0
OG0015572	0.0	0.0	0.0	0.0
OG0015573	0.0	0.0	0.0	0.0
OG0015574	0.0	0.0	0.0	0.0
OG0015575	0.0	0.0	0.0	0.0
OG0015576	0.0	0.0	0.0	0.0
OG0015577	0.0	0.0	0.0	0.0
OG0015578	0.0	0.0	0.0	0.0
OG0015579	0.0	0.0	0.0	0.0
OG0015580	0.0	0.0	0.0	0.0
OG0015581	0.0	0.0	0.0	0.0
OG0015582	0.0	0.0	0.0	0.0
OG0015583	0.0	0.0	0.0	0.0
OG0015584	0.0	0.0	0.0	0.0
OG0015586	0.0	0.0	0.0	0.0
OG0015587	0.0	0.0	0.0	0.0
OG0015588	0.0	0.0	0.0	0.0
OG0015589	0.0	0.0	0.0	0.0
OG0015590	0.0	0.0	0.0	0.0
OG0015591	0.0	0.0	0.0	0.0
OG0015592	0.0	0.0	0.0	0.0
OG0015593	0.0	0.0	0.0	0.0
OG0015594	0.0	0.0	0.0	0.0
OG0015595	0.0	0.0	0.0	0.0
OG0015596	0.0	0.0	0.0	0.0
OG0015597	0.0	0.0	0.0	0.0
OG0015598	0.0	0.0	0.0	0.0
OG0015599	0.0	0.0	0.0	0.0
OG0015600	0.0	0.0	0.0	0.0
OG0015601	0.0	0.0	0.0	0.0
OG0015602	0.0	0.0	0.0	0.0
OG0015603	0.0	0.0	0.0	0.0
OG0015604	0.0	0.0	0.0	0.0
OG0015605	0.0	0.0	0.0	0.0
OG0015606	0.0	0.0	0.0	0.0
OG0015607	0.0	0.0	0.0	0.0
OG0015608	0.0	0.0	0.0	0.0
OG0015609	0.0	0.0	0.0	0.0
OG0015610	0.0	0.0	0.0	0.0
OG0015612	0.0	0.0	0.0	0.0
OG0015613	0.0	0.0	0.0	0.0
OG0015614	0.0	0.0	0.0	0.0
OG0015615	0.0	0.0	0.0	0.0
OG0015616	0.0	0.0	0.0	0.0
OG0015617	0.0	0.0	0.0	0.0
OG0015618	0.0	0.0	0.0	0.0
OG0015619	0.0	0.0	0.0	0.0
OG0015629	0.0	0.0	0.0	0.0
OG0015633	0.0	0.0	0.0	0.0
OG0015648	0.0	0.0	0.0	0.0
OG0015659	0.0	0.0	0.0	0.0
OG0015661	0.0	0.0	0.0	0.0
OG0015664	0.0	0.0	0.0	0.0
OG0015665	0.0	0.0	0.0	0.0
OG0015668	0.0	0.0	0.0	0.0
OG0015669	0.0	0.0	0.0	0.0
OG0015670	0.0	0.0	0.0	0.0
OG0015671	0.0	0.0	0.0	0.0
OG0015675	0.0	0.0	0.0	0.0
OG0015677	0.0	0.0	0.0	0.0
OG0015678	0.0	0.0	0.0	0.0
OG0015679	0.0	0.0	0.0	0.0
OG0015680	0.0	0.0	0.0	0.0
OG0015681	0.0	0.0	0.0	0.0
OG0015682	0.0	0.0	0.0	0.0
OG0015683	0.0	0.0	0.0	0.0
OG0015684	0.0	0.0	0.0	0.0
OG0015688	0.0	0.0	0.0	0.0
OG0015692	0.0	0.0	0.0	0.0
OG0015693	0.0	0.0	0.0	0.0
OG0015694	0.0	0.0	0.0	0.0
OG0015696	0.0	0.0	0.0	0.0
OG0015697	0.0	0.0	0.0	0.0
OG0015698	0.0	0.0	0.0	0.0
OG0015699	0.0	0.0	0.0	0.0
OG0015736	0.0	0.0	0.0	0.0
OG0015743	0.0	0.0	0.0	0.0
OG0015751	0.0	0.0	0.0	0.0
OG0015756	0.0	0.0	0.0	0.0
OG0015762	0.0	0.0	0.0	0.0
OG0015767	0.0	0.0	0.0	0.0
OG0015769	0.0	0.0	0.0	0.0
OG0015770	0.0	0.0	0.0	0.0
OG0015773	0.0	0.0	0.0	0.0
OG0015778	0.0	0.0	0.0	0.0
OG0015781	0.0	0.0	0.0	0.0
OG0015783	0.0	0.0	0.0	0.0
OG0015788	0.0	0.0	0.0	0.0
OG0015789	0.0	0.0	0.0	0.0
OG0015790	0.0	0.0	0.0	0.0
OG0015791	0.0	0.0	0.0	0.0
OG0015792	0.0	0.0	0.0	0.0
OG0015795	0.0	0.0	0.0	0.0
OG0015796	0.0	0.0	0.0	0.0
OG0015797	0.0	0.0	0.0	0.0
OG0015798	0.0	0.0	0.0	0.0
OG0015799	0.0	0.0	0.0	0.0
OG0015800	0.0	0.0	0.0	0.0
OG0015801	0.0	0.0	0.0	0.0
OG0015802	0.0	0.0	0.0	0.0
OG0015803	0.0	0.0	0.0	0.0
OG0015804	0.0	0.0	0.0	0.0
OG0015805	0.0	0.0	0.0	0.0
OG0015806	0.0	0.0	0.0	0.0
OG0015810	0.0	0.0	0.0	0.0
OG0015813	0.0	0.0	0.0	0.0
OG0015814	0.0	0.0	0.0	0.0
OG0015816	0.0	0.0	0.0	0.0
OG0015817	0.0	0.0	0.0	0.0
OG0015821	0.0	0.0	0.0	0.0
OG0015822	0.0	0.0	0.0	0.0
OG0015823	0.0	0.0	0.0	0.0
OG0015824	0.0	0.0	0.0	0.0
OG0015825	0.0	0.0	0.0	0.0
OG0015826	0.0	0.0	0.0	0.0
OG0015827	0.0	0.0	0.0	0.0
OG0015828	0.0	0.0	0.0	0.0
OG0015829	0.0	0.0	0.0	0.0
OG0015830	0.0	0.0	0.0	0.0
OG0015834	0.0	0.0	0.0	0.0
OG0015836	0.0	0.0	0.0	0.0
OG0015853	0.0	0.0	0.0	0.0
OG0015856	0.0	0.0	0.0	0.0
OG0015857	0.0	0.0	0.0	0.0
OG0015869	0.0	0.0	0.0	0.0
OG0015870	0.0	0.0	0.0	0.0
OG0015891	0.0	0.0	0.0	0.0
OG0015893	0.0	0.0	0.0	0.0
OG0015904	0.0	0.0	0.0	0.0
OG0015908	0.0	0.0	0.0	0.0
OG0015952	0.0	0.0	0.0	0.0
OG0015987	0.0	0.0	0.0	0.0
OG0016053	0.0	0.0	0.0	0.0
OG0016069	0.0	0.0	0.0	0.0
OG0016085	0.0	0.0	0.0	0.0
OG0016204	0.0	0.0	0.0	0.0
OG0016206	0.0	0.0	0.0	0.0
OG0016208	0.0	0.0	0.0	0.0
OG0016209	0.0	0.0	0.0	0.0
OG0016210	0.0	0.0	0.0	0.0
OG0016213	0.0	0.0	0.0	0.0
OG0016214	0.0	0.0	0.0	0.0
OG0016215	0.0	0.0	0.0	0.0
OG0016216	0.0	0.0	0.0	0.0
OG0016218	0.0	0.0	0.0	0.0
OG0016220	0.0	0.0	0.0	0.0
OG0016221	0.0	0.0	0.0	0.0
OG0016222	0.0	0.0	0.0	0.0
OG0016223	0.0	0.0	0.0	0.0
OG0016224	0.0	0.0	0.0	0.0
OG0016225	0.0	0.0	0.0	0.0
OG0016226	0.0	0.0	0.0	0.0
OG0016229	0.0	0.0	0.0	0.0
OG0016230	0.0	0.0	0.0	0.0
OG0016231	0.0	0.0	0.0	0.0
OG0016232	0.0	0.0	0.0	0.0
OG0016233	0.0	0.0	0.0	0.0
OG0016234	0.0	0.0	0.0	0.0
OG0016236	0.0	0.0	0.0	0.0
OG0016237	0.0	0.0	0.0	0.0
OG0016238	0.0	0.0	0.0	0.0
OG0016239	0.0	0.0	0.0	0.0
OG0016241	0.0	0.0	0.0	0.0
OG0016242	0.0	0.0	0.0	0.0
OG0016243	0.0	0.0	0.0	0.0
OG0016244	0.0	0.0	0.0	0.0
OG0016245	0.0	0.0	0.0	0.0
OG0016246	0.0	0.0	0.0	0.0
OG0016247	0.0	0.0	0.0	0.0
OG0016249	0.0	0.0	0.0	0.0
OG0016250	0.0	0.0	0.0	0.0
OG0016253	0.0	0.0	0.0	0.0
OG0016254	0.0	0.0	0.0	0.0
OG0016255	0.0	0.0	0.0	0.0
OG0016258	0.0	0.0	0.0	0.0
OG0016288	0.0	0.0	0.0	0.0
OG0016289	0.0	0.0	0.0	0.0
OG0016290	0.0	0.0	0.0	0.0
OG0016291	0.0	0.0	0.0	0.0
OG0016296	0.0	0.0	0.0	0.0
OG0016298	0.0	0.0	0.0	0.0
OG0016299	0.0	0.0	0.0	0.0
OG0016300	0.0	0.0	0.0	0.0
OG0016302	0.0	0.0	0.0	0.0
OG0016303	0.0	0.0	0.0	0.0
OG0016304	0.0	0.0	0.0	0.0
OG0016305	0.0	0.0	0.0	0.0
OG0016306	0.0	0.0	0.0	0.0
OG0016308	0.0	0.0	0.0	0.0
OG0016309	0.0	0.0	0.0	0.0
OG0016310	0.0	0.0	0.0	0.0
OG0016311	0.0	0.0	0.0	0.0
OG0016315	0.0	0.0	0.0	0.0
OG0016316	0.0	0.0	0.0	0.0
OG0016317	0.0	0.0	0.0	0.0
OG0016318	0.0	0.0	0.0	0.0
OG0016319	0.0	0.0	0.0	0.0
OG0016321	0.0	0.0	0.0	0.0
OG0016322	0.0	0.0	0.0	0.0
OG0016323	0.0	0.0	0.0	0.0
OG0016325	0.0	0.0	0.0	0.0
OG0016326	0.0	0.0	0.0	0.0
OG0016327	0.0	0.0	0.0	0.0
OG0016330	0.0	0.0	0.0	0.0
OG0016331	0.0	0.0	0.0	0.0
OG0016332	0.0	0.0	0.0	0.0
OG0016333	0.0	0.0	0.0	0.0
OG0016335	0.0	0.0	0.0	0.0
OG0016336	0.0	0.0	0.0	0.0
OG0016337	0.0	0.0	0.0	0.0
OG0016338	0.0	0.0	0.0	0.0
OG0016339	0.0	0.0	0.0	0.0
OG0016342	0.0	0.0	0.0	0.0
OG0016343	0.0	0.0	0.0	0.0
OG0016344	0.0	0.0	0.0	0.0
OG0016348	0.0	0.0	0.0	0.0
OG0016349	0.0	0.0	0.0	0.0
OG0016350	0.0	0.0	0.0	0.0
OG0016351	0.0	0.0	0.0	0.0
OG0016352	0.0	0.0	0.0	0.0
OG0016353	0.0	0.0	0.0	0.0
OG0016354	0.0	0.0	0.0	0.0
OG0016357	0.0	0.0	0.0	0.0
OG0016358	0.0	0.0	0.0	0.0
OG0016359	0.0	0.0	0.0	0.0
OG0016361	0.0	0.0	0.0	0.0
OG0016362	0.0	0.0	0.0	0.0
OG0016363	0.0	0.0	0.0	0.0
OG0016365	0.0	0.0	0.0	0.0
OG0016366	0.0	0.0	0.0	0.0
OG0016367	0.0	0.0	0.0	0.0
OG0016368	0.0	0.0	0.0	0.0
OG0016369	0.0	0.0	0.0	0.0
OG0016370	0.0	0.0	0.0	0.0
OG0016371	0.0	0.0	0.0	0.0
OG0016372	0.0	0.0	0.0	0.0
OG0016373	0.0	0.0	0.0	0.0
OG0016374	0.0	0.0	0.0	0.0
OG0016375	0.0	0.0	0.0	0.0
OG0016378	0.0	0.0	0.0	0.0
OG0016380	0.0	0.0	0.0	0.0
OG0016382	0.0	0.0	0.0	0.0
OG0016383	0.0	0.0	0.0	0.0
OG0016384	0.0	0.0	0.0	0.0
OG0016386	0.0	0.0	0.0	0.0
OG0016387	0.0	0.0	0.0	0.0
OG0016388	0.0	0.0	0.0	0.0
OG0016390	0.0	0.0	0.0	0.0
OG0016392	0.0	0.0	0.0	0.0
OG0016394	0.0	0.0	0.0	0.0
OG0016395	0.0	0.0	0.0	0.0
OG0016396	0.0	0.0	0.0	0.0
OG0016397	0.0	0.0	0.0	0.0
OG0016398	0.0	0.0	0.0	0.0
OG0016399	0.0	0.0	0.0	0.0
OG0016404	0.0	0.0	0.0	0.0
OG0016405	0.0	0.0	0.0	0.0
OG0016407	0.0	0.0	0.0	0.0
OG0016410	0.0	0.0	0.0	0.0
OG0016411	0.0	0.0	0.0	0.0
OG0016412	0.0	0.0	0.0	0.0
OG0016413	0.0	0.0	0.0	0.0
OG0016414	0.0	0.0	0.0	0.0
OG0016416	0.0	0.0	0.0	0.0
OG0016418	0.0	0.0	0.0	0.0
OG0016419	0.0	0.0	0.0	0.0
OG0016421	0.0	0.0	0.0	0.0
OG0016422	0.0	0.0	0.0	0.0
OG0016423	0.0	0.0	0.0	0.0
OG0016424	0.0	0.0	0.0	0.0
OG0016425	0.0	0.0	0.0	0.0
OG0016428	0.0	0.0	0.0	0.0
OG0016430	0.0	0.0	0.0	0.0
OG0016431	0.0	0.0	0.0	0.0
OG0016432	0.0	0.0	0.0	0.0
OG0016434	0.0	0.0	0.0	0.0
OG0016435	0.0	0.0	0.0	0.0
OG0016437	0.0	0.0	0.0	0.0
OG0016439	0.0	0.0	0.0	0.0
OG0016440	0.0	0.0	0.0	0.0
OG0016442	0.0	0.0	0.0	0.0
OG0016443	0.0	0.0	0.0	0.0
OG0016444	0.0	0.0	0.0	0.0
OG0016446	0.0	0.0	0.0	0.0
OG0016447	0.0	0.0	0.0	0.0
OG0016448	0.0	0.0	0.0	0.0
OG0016449	0.0	0.0	0.0	0.0
OG0016450	0.0	0.0	0.0	0.0
OG0016451	0.0	0.0	0.0	0.0
OG0016452	0.0	0.0	0.0	0.0
OG0016453	0.0	0.0	0.0	0.0
OG0016454	0.0	0.0	0.0	0.0
OG0016456	0.0	0.0	0.0	0.0
OG0016458	0.0	0.0	0.0	0.0
OG0016459	0.0	0.0	0.0	0.0
OG0016460	0.0	0.0	0.0	0.0
OG0016462	0.0	0.0	0.0	0.0
OG0016463	0.0	0.0	0.0	0.0
OG0016465	0.0	0.0	0.0	0.0
OG0016466	0.0	0.0	0.0	0.0
OG0016468	0.0	0.0	0.0	0.0
OG0016469	0.0	0.0	0.0	0.0
OG0016470	0.0	0.0	0.0	0.0
OG0016471	0.0	0.0	0.0	0.0
OG0016472	0.0	0.0	0.0	0.0
OG0016475	0.0	0.0	0.0	0.0
OG0016477	0.0	0.0	0.0	0.0
OG0016478	0.0	0.0	0.0	0.0
OG0016480	0.0	0.0	0.0	0.0
OG0016481	0.0	0.0	0.0	0.0
OG0016482	0.0	0.0	0.0	0.0
OG0016483	0.0	0.0	0.0	0.0
OG0016484	0.0	0.0	0.0	0.0
OG0016485	0.0	0.0	0.0	0.0
OG0016486	0.0	0.0	0.0	0.0
OG0016487	0.0	0.0	0.0	0.0
OG0016488	0.0	0.0	0.0	0.0
OG0016489	0.0	0.0	0.0	0.0
OG0016490	0.0	0.0	0.0	0.0
OG0016493	0.0	0.0	0.0	0.0
OG0016496	0.0	0.0	0.0	0.0
OG0016498	0.0	0.0	0.0	0.0
OG0016499	0.0	0.0	0.0	0.0
OG0016500	0.0	0.0	0.0	0.0
OG0016501	0.0	0.0	0.0	0.0
OG0016502	0.0	0.0	0.0	0.0
OG0016503	0.0	0.0	0.0	0.0
OG0016506	0.0	0.0	0.0	0.0
OG0016507	0.0	0.0	0.0	0.0
OG0016508	0.0	0.0	0.0	0.0
OG0016509	0.0	0.0	0.0	0.0
OG0016510	0.0	0.0	0.0	0.0
OG0016512	0.0	0.0	0.0	0.0
OG0016513	0.0	0.0	0.0	0.0
OG0016515	0.0	0.0	0.0	0.0
OG0016517	0.0	0.0	0.0	0.0
OG0016518	0.0	0.0	0.0	0.0
OG0016519	0.0	0.0	0.0	0.0
OG0016520	0.0	0.0	0.0	0.0
OG0016521	0.0	0.0	0.0	0.0
OG0016522	0.0	0.0	0.0	0.0
OG0016525	0.0	0.0	0.0	0.0
OG0016526	0.0	0.0	0.0	0.0
OG0016528	0.0	0.0	0.0	0.0
OG0016529	0.0	0.0	0.0	0.0
OG0016531	0.0	0.0	0.0	0.0
OG0016532	0.0	0.0	0.0	0.0
OG0016535	0.0	0.0	0.0	0.0
OG0016536	0.0	0.0	0.0	0.0
OG0016538	0.0	0.0	0.0	0.0
OG0016539	0.0	0.0	0.0	0.0
OG0016540	0.0	0.0	0.0	0.0
OG0016541	0.0	0.0	0.0	0.0
OG0016542	0.0	0.0	0.0	0.0
OG0016543	0.0	0.0	0.0	0.0
OG0016544	0.0	0.0	0.0	0.0
OG0016545	0.0	0.0	0.0	0.0
OG0016549	0.0	0.0	0.0	0.0
OG0016551	0.0	0.0	0.0	0.0
OG0016552	0.0	0.0	0.0	0.0
OG0016553	0.0	0.0	0.0	0.0
OG0016554	0.0	0.0	0.0	0.0
OG0016555	0.0	0.0	0.0	0.0
OG0016558	0.0	0.0	0.0	0.0
OG0016559	0.0	0.0	0.0	0.0
OG0016560	0.0	0.0	0.0	0.0
OG0016561	0.0	0.0	0.0	0.0
OG0016563	0.0	0.0	0.0	0.0
OG0016565	0.0	0.0	0.0	0.0
OG0016566	0.0	0.0	0.0	0.0
OG0016568	0.0	0.0	0.0	0.0
OG0016569	0.0	0.0	0.0	0.0
OG0016570	0.0	0.0	0.0	0.0
OG0016571	0.0	0.0	0.0	0.0
OG0016572	0.0	0.0	0.0	0.0
OG0016574	0.0	0.0	0.0	0.0
OG0016576	0.0	0.0	0.0	0.0
OG0016577	0.0	0.0	0.0	0.0
OG0016578	0.0	0.0	0.0	0.0
OG0016579	0.0	0.0	0.0	0.0
OG0016580	0.0	0.0	0.0	0.0
OG0016581	0.0	0.0	0.0	0.0
OG0016583	0.0	0.0	0.0	0.0
OG0016584	0.0	0.0	0.0	0.0
OG0016586	0.0	0.0	0.0	0.0
OG0016587	0.0	0.0	0.0	0.0
OG0016591	0.0	0.0	0.0	0.0
OG0016592	0.0	0.0	0.0	0.0
OG0016593	0.0	0.0	0.0	0.0
OG0016594	0.0	0.0	0.0	0.0
OG0016595	0.0	0.0	0.0	0.0
OG0016597	0.0	0.0	0.0	0.0
OG0016598	0.0	0.0	0.0	0.0
OG0016599	0.0	0.0	0.0	0.0
OG0016600	0.0	0.0	0.0	0.0
OG0016601	0.0	0.0	0.0	0.0
OG0016602	0.0	0.0	0.0	0.0
OG0016603	0.0	0.0	0.0	0.0
OG0016604	0.0	0.0	0.0	0.0
OG0016605	0.0	0.0	0.0	0.0
OG0016606	0.0	0.0	0.0	0.0
OG0016607	0.0	0.0	0.0	0.0
OG0016608	0.0	0.0	0.0	0.0
OG0016609	0.0	0.0	0.0	0.0
OG0016610	0.0	0.0	0.0	0.0
OG0016611	0.0	0.0	0.0	0.0
OG0016612	0.0	0.0	0.0	0.0
OG0016613	0.0	0.0	0.0	0.0
OG0016614	0.0	0.0	0.0	0.0
OG0016615	0.0	0.0	0.0	0.0
OG0016616	0.0	0.0	0.0	0.0
OG0016617	0.0	0.0	0.0	0.0
OG0016618	0.0	0.0	0.0	0.0
OG0016619	0.0	0.0	0.0	0.0
OG0016620	0.0	0.0	0.0	0.0
OG0016621	0.0	0.0	0.0	0.0
OG0016622	0.0	0.0	0.0	0.0
OG0016623	0.0	0.0	0.0	0.0
OG0016624	0.0	0.0	0.0	0.0
OG0016625	0.0	0.0	0.0	0.0
OG0016626	0.0	0.0	0.0	0.0
OG0016627	0.0	0.0	0.0	0.0
OG0016628	0.0	0.0	0.0	0.0
OG0016629	0.0	0.0	0.0	0.0
OG0016630	0.0	0.0	0.0	0.0
OG0016631	0.0	0.0	0.0	0.0
OG0016632	0.0	0.0	0.0	0.0
OG0016634	0.0	0.0	0.0	0.0
OG0016635	0.0	0.0	0.0	0.0
OG0016636	0.0	0.0	0.0	0.0
OG0016637	0.0	0.0	0.0	0.0
OG0016638	0.0	0.0	0.0	0.0
OG0016639	0.0	0.0	0.0	0.0
OG0016640	0.0	0.0	0.0	0.0
OG0016641	0.0	0.0	0.0	0.0
OG0016642	0.0	0.0	0.0	0.0
OG0016643	0.0	0.0	0.0	0.0
OG0016644	0.0	0.0	0.0	0.0
OG0016645	0.0	0.0	0.0	0.0
OG0016646	0.0	0.0	0.0	0.0
OG0016647	0.0	0.0	0.0	0.0
OG0016648	0.0	0.0	0.0	0.0
OG0016651	0.0	0.0	0.0	0.0
OG0016652	0.0	0.0	0.0	0.0
OG0016653	0.0	0.0	0.0	0.0
OG0016654	0.0	0.0	0.0	0.0
OG0016655	0.0	0.0	0.0	0.0
OG0016658	0.0	0.0	0.0	0.0
OG0016659	0.0	0.0	0.0	0.0
OG0016660	0.0	0.0	0.0	0.0
OG0016661	0.0	0.0	0.0	0.0
OG0016662	0.0	0.0	0.0	0.0
OG0016663	0.0	0.0	0.0	0.0
OG0016664	0.0	0.0	0.0	0.0
OG0016665	0.0	0.0	0.0	0.0
OG0016666	0.0	0.0	0.0	0.0
OG0016667	0.0	0.0	0.0	0.0
OG0016668	0.0	0.0	0.0	0.0
OG0016669	0.0	0.0	0.0	0.0
OG0016670	0.0	0.0	0.0	0.0
OG0016671	0.0	0.0	0.0	0.0
OG0016674	0.0	0.0	0.0	0.0
OG0016675	0.0	0.0	0.0	0.0
OG0016676	0.0	0.0	0.0	0.0
OG0016677	0.0	0.0	0.0	0.0
OG0016678	0.0	0.0	0.0	0.0
OG0016679	0.0	0.0	0.0	0.0
OG0016703	0.0	0.0	0.0	0.0
OG0016713	0.0	0.0	0.0	0.0
OG0016718	0.0	0.0	0.0	0.0
OG0016719	0.0	0.0	0.0	0.0
OG0016720	0.0	0.0	0.0	0.0
OG0016747	0.0	0.0	0.0	0.0
OG0016761	0.0	0.0	0.0	0.0
OG0016764	0.0	0.0	0.0	0.0
OG0016766	0.0	0.0	0.0	0.0
OG0016780	0.0	0.0	0.0	0.0
OG0016782	0.0	0.0	0.0	0.0
OG0016785	0.0	0.0	0.0	0.0
OG0016804	0.0	0.0	0.0	0.0
OG0016805	0.0	0.0	0.0	0.0
OG0016806	0.0	0.0	0.0	0.0
OG0016807	0.0	0.0	0.0	0.0
OG0016808	0.0	0.0	0.0	0.0
OG0016809	0.0	0.0	0.0	0.0
OG0016810	0.0	0.0	0.0	0.0
OG0016811	0.0	0.0	0.0	0.0
OG0016812	0.0	0.0	0.0	0.0
OG0016813	0.0	0.0	0.0	0.0
OG0016814	0.0	0.0	0.0	0.0
OG0016815	0.0	0.0	0.0	0.0
OG0016816	0.0	0.0	0.0	0.0
OG0016817	0.0	0.0	0.0	0.0
OG0016818	0.0	0.0	0.0	0.0
OG0016819	0.0	0.0	0.0	0.0
OG0016820	0.0	0.0	0.0	0.0
OG0016821	0.0	0.0	0.0	0.0
OG0016823	0.0	0.0	0.0	0.0
OG0016824	0.0	0.0	0.0	0.0
OG0016826	0.0	0.0	0.0	0.0
OG0016827	0.0	0.0	0.0	0.0
OG0016828	0.0	0.0	0.0	0.0
OG0016829	0.0	0.0	0.0	0.0
OG0016830	0.0	0.0	0.0	0.0
OG0016832	0.0	0.0	0.0	0.0
OG0016833	0.0	0.0	0.0	0.0
OG0016834	0.0	0.0	0.0	0.0
OG0016835	0.0	0.0	0.0	0.0
OG0016836	0.0	0.0	0.0	0.0
OG0016837	0.0	0.0	0.0	0.0
OG0016838	0.0	0.0	0.0	0.0
OG0016842	0.0	0.0	0.0	0.0
OG0016843	0.0	0.0	0.0	0.0
OG0016844	0.0	0.0	0.0	0.0
OG0016845	0.0	0.0	0.0	0.0
OG0016846	0.0	0.0	0.0	0.0
OG0016847	0.0	0.0	0.0	0.0
OG0016848	0.0	0.0	0.0	0.0
OG0016849	0.0	0.0	0.0	0.0
OG0016850	0.0	0.0	0.0	0.0
OG0016851	0.0	0.0	0.0	0.0
OG0016852	0.0	0.0	0.0	0.0
OG0016853	0.0	0.0	0.0	0.0
OG0016854	0.0	0.0	0.0	0.0
OG0016855	0.0	0.0	0.0	0.0
OG0016856	0.0	0.0	0.0	0.0
OG0016857	0.0	0.0	0.0	0.0
OG0016859	0.0	0.0	0.0	0.0
OG0016860	0.0	0.0	0.0	0.0
OG0016861	0.0	0.0	0.0	0.0
OG0016862	0.0	0.0	0.0	0.0
OG0016863	0.0	0.0	0.0	0.0
OG0016864	0.0	0.0	0.0	0.0
OG0016865	0.0	0.0	0.0	0.0
OG0016866	0.0	0.0	0.0	0.0
OG0016867	0.0	0.0	0.0	0.0
OG0016868	0.0	0.0	0.0	0.0
OG0016869	0.0	0.0	0.0	0.0
OG0016870	0.0	0.0	0.0	0.0
OG0016871	0.0	0.0	0.0	0.0
OG0016872	0.0	0.0	0.0	0.0
OG0016873	0.0	0.0	0.0	0.0
OG0016874	0.0	0.0	0.0	0.0
OG0016876	0.0	0.0	0.0	0.0
OG0016877	0.0	0.0	0.0	0.0
OG0016878	0.0	0.0	0.0	0.0
OG0016879	0.0	0.0	0.0	0.0
OG0016881	0.0	0.0	0.0	0.0
OG0016882	0.0	0.0	0.0	0.0
OG0016886	0.0	0.0	0.0	0.0
OG0016887	0.0	0.0	0.0	0.0
OG0016888	0.0	0.0	0.0	0.0
OG0016889	0.0	0.0	0.0	0.0
OG0016890	0.0	0.0	0.0	0.0
OG0016891	0.0	0.0	0.0	0.0
OG0016892	0.0	0.0	0.0	0.0
OG0016893	0.0	0.0	0.0	0.0
OG0016894	0.0	0.0	0.0	0.0
OG0016895	0.0	0.0	0.0	0.0
OG0016897	0.0	0.0	0.0	0.0
OG0016898	0.0	0.0	0.0	0.0
OG0016899	0.0	0.0	0.0	0.0
OG0016900	0.0	0.0	0.0	0.0
OG0016907	0.0	0.0	0.0	0.0
OG0016916	0.0	0.0	0.0	0.0
OG0016919	0.0	0.0	0.0	0.0
OG0016921	0.0	0.0	0.0	0.0
OG0016922	0.0	0.0	0.0	0.0
OG0016923	0.0	0.0	0.0	0.0
OG0016924	0.0	0.0	0.0	0.0
OG0016925	0.0	0.0	0.0	0.0
OG0016926	0.0	0.0	0.0	0.0
OG0016928	0.0	0.0	0.0	0.0
OG0016929	0.0	0.0	0.0	0.0
OG0016930	0.0	0.0	0.0	0.0
OG0016931	0.0	0.0	0.0	0.0
OG0016932	0.0	0.0	0.0	0.0
OG0016933	0.0	0.0	0.0	0.0
OG0016934	0.0	0.0	0.0	0.0
OG0016935	0.0	0.0	0.0	0.0
OG0016936	0.0	0.0	0.0	0.0
OG0016938	0.0	0.0	0.0	0.0
OG0016939	0.0	0.0	0.0	0.0
OG0016940	0.0	0.0	0.0	0.0
OG0016941	0.0	0.0	0.0	0.0
OG0016942	0.0	0.0	0.0	0.0
OG0016943	0.0	0.0	0.0	0.0
OG0016944	0.0	0.0	0.0	0.0
OG0016945	0.0	0.0	0.0	0.0
OG0016946	0.0	0.0	0.0	0.0
OG0016947	0.0	0.0	0.0	0.0
OG0016948	0.0	0.0	0.0	0.0
OG0016949	0.0	0.0	0.0	0.0
OG0016950	0.0	0.0	0.0	0.0
OG0016951	0.0	0.0	0.0	0.0
OG0016952	0.0	0.0	0.0	0.0
OG0016953	0.0	0.0	0.0	0.0
OG0016954	0.0	0.0	0.0	0.0
OG0016955	0.0	0.0	0.0	0.0
OG0016956	0.0	0.0	0.0	0.0
OG0016957	0.0	0.0	0.0	0.0
OG0016958	0.0	0.0	0.0	0.0
OG0016959	0.0	0.0	0.0	0.0
OG0016960	0.0	0.0	0.0	0.0
OG0016961	0.0	0.0	0.0	0.0
OG0016962	0.0	0.0	0.0	0.0
OG0016963	0.0	0.0	0.0	0.0
OG0016964	0.0	0.0	0.0	0.0
OG0016965	0.0	0.0	0.0	0.0
OG0016966	0.0	0.0	0.0	0.0
OG0016967	0.0	0.0	0.0	0.0
OG0016968	0.0	0.0	0.0	0.0
OG0016969	0.0	0.0	0.0	0.0
OG0016970	0.0	0.0	0.0	0.0
OG0016971	0.0	0.0	0.0	0.0
OG0016972	0.0	0.0	0.0	0.0
OG0016973	0.0	0.0	0.0	0.0
OG0016974	0.0	0.0	0.0	0.0
OG0016975	0.0	0.0	0.0	0.0
OG0016976	0.0	0.0	0.0	0.0
OG0016977	0.0	0.0	0.0	0.0
OG0016978	0.0	0.0	0.0	0.0
OG0016979	0.0	0.0	0.0	0.0
OG0016980	0.0	0.0	0.0	0.0
OG0016981	0.0	0.0	0.0	0.0
OG0016982	0.0	0.0	0.0	0.0
OG0016983	0.0	0.0	0.0	0.0
OG0016985	0.0	0.0	0.0	0.0
OG0016988	0.0	0.0	0.0	0.0
OG0016989	0.0	0.0	0.0	0.0
OG0016991	0.0	0.0	0.0	0.0
OG0016992	0.0	0.0	0.0	0.0
OG0016993	0.0	0.0	0.0	0.0
OG0016994	0.0	0.0	0.0	0.0
OG0016995	0.0	0.0	0.0	0.0
OG0016996	0.0	0.0	0.0	0.0
OG0016998	0.0	0.0	0.0	0.0
OG0016999	0.0	0.0	0.0	0.0
OG0017000	0.0	0.0	0.0	0.0
OG0017001	0.0	0.0	0.0	0.0
OG0017002	0.0	0.0	0.0	0.0
OG0017003	0.0	0.0	0.0	0.0
OG0017004	0.0	0.0	0.0	0.0
OG0017005	0.0	0.0	0.0	0.0
OG0017006	0.0	0.0	0.0	0.0
OG0017007	0.0	0.0	0.0	0.0
OG0017008	0.0	0.0	0.0	0.0
OG0017010	0.0	0.0	0.0	0.0
OG0017011	0.0	0.0	0.0	0.0
OG0017012	0.0	0.0	0.0	0.0
OG0017013	0.0	0.0	0.0	0.0
OG0017014	0.0	0.0	0.0	0.0
OG0017015	0.0	0.0	0.0	0.0
OG0017016	0.0	0.0	0.0	0.0
OG0017017	0.0	0.0	0.0	0.0
OG0017018	0.0	0.0	0.0	0.0
OG0017019	0.0	0.0	0.0	0.0
OG0017020	0.0	0.0	0.0	0.0
OG0017021	0.0	0.0	0.0	0.0
OG0017022	0.0	0.0	0.0	0.0
OG0017023	0.0	0.0	0.0	0.0
OG0017025	0.0	0.0	0.0	0.0
OG0017026	0.0	0.0	0.0	0.0
OG0017027	0.0	0.0	0.0	0.0
OG0017028	0.0	0.0	0.0	0.0
OG0017029	0.0	0.0	0.0	0.0
OG0017030	0.0	0.0	0.0	0.0
OG0017031	0.0	0.0	0.0	0.0
OG0017032	0.0	0.0	0.0	0.0
OG0017033	0.0	0.0	0.0	0.0
OG0017034	0.0	0.0	0.0	0.0
OG0017035	0.0	0.0	0.0	0.0
OG0017036	0.0	0.0	0.0	0.0
OG0017037	0.0	0.0	0.0	0.0
OG0017038	0.0	0.0	0.0	0.0
OG0017039	0.0	0.0	0.0	0.0
OG0017041	0.0	0.0	0.0	0.0
OG0017042	0.0	0.0	0.0	0.0
OG0017043	0.0	0.0	0.0	0.0
OG0017044	0.0	0.0	0.0	0.0
OG0017045	0.0	0.0	0.0	0.0
OG0017046	0.0	0.0	0.0	0.0
OG0017047	0.0	0.0	0.0	0.0
OG0017048	0.0	0.0	0.0	0.0
OG0017049	0.0	0.0	0.0	0.0
OG0017050	0.0	0.0	0.0	0.0
OG0017051	0.0	0.0	0.0	0.0
OG0017053	0.0	0.0	0.0	0.0
OG0017054	0.0	0.0	0.0	0.0
OG0017055	0.0	0.0	0.0	0.0
OG0017056	0.0	0.0	0.0	0.0
OG0017057	0.0	0.0	0.0	0.0
OG0017058	0.0	0.0	0.0	0.0
OG0017059	0.0	0.0	0.0	0.0
OG0017060	0.0	0.0	0.0	0.0
OG0017061	0.0	0.0	0.0	0.0
OG0017062	0.0	0.0	0.0	0.0
OG0017063	0.0	0.0	0.0	0.0
OG0017064	0.0	0.0	0.0	0.0
OG0017065	0.0	0.0	0.0	0.0
OG0017066	0.0	0.0	0.0	0.0
OG0017067	0.0	0.0	0.0	0.0
OG0017069	0.0	0.0	0.0	0.0
OG0017070	0.0	0.0	0.0	0.0
OG0017071	0.0	0.0	0.0	0.0
OG0017073	0.0	0.0	0.0	0.0
OG0017074	0.0	0.0	0.0	0.0
OG0017077	0.0	0.0	0.0	0.0
OG0017078	0.0	0.0	0.0	0.0
OG0017079	0.0	0.0	0.0	0.0
OG0017080	0.0	0.0	0.0	0.0
OG0017081	0.0	0.0	0.0	0.0
OG0017082	0.0	0.0	0.0	0.0
OG0017083	0.0	0.0	0.0	0.0
OG0017084	0.0	0.0	0.0	0.0
OG0017085	0.0	0.0	0.0	0.0
OG0017086	0.0	0.0	0.0	0.0
OG0017087	0.0	0.0	0.0	0.0
OG0017088	0.0	0.0	0.0	0.0
OG0017089	0.0	0.0	0.0	0.0
OG0017090	0.0	0.0	0.0	0.0
OG0017091	0.0	0.0	0.0	0.0
OG0017092	0.0	0.0	0.0	0.0
OG0017093	0.0	0.0	0.0	0.0
OG0017094	0.0	0.0	0.0	0.0
OG0017095	0.0	0.0	0.0	0.0
OG0017096	0.0	0.0	0.0	0.0
OG0017097	0.0	0.0	0.0	0.0
OG0017098	0.0	0.0	0.0	0.0
OG0017099	0.0	0.0	0.0	0.0
OG0017100	0.0	0.0	0.0	0.0
OG0017101	0.0	0.0	0.0	0.0
OG0017102	0.0	0.0	0.0	0.0
OG0017103	0.0	0.0	0.0	0.0
OG0017104	0.0	0.0	0.0	0.0
OG0017105	0.0	0.0	0.0	0.0
OG0017106	0.0	0.0	0.0	0.0
OG0017107	0.0	0.0	0.0	0.0
OG0017108	0.0	0.0	0.0	0.0
OG0017109	0.0	0.0	0.0	0.0
OG0017110	0.0	0.0	0.0	0.0
OG0017112	0.0	0.0	0.0	0.0
OG0017113	0.0	0.0	0.0	0.0
OG0017114	0.0	0.0	0.0	0.0
OG0017116	0.0	0.0	0.0	0.0
OG0017117	0.0	0.0	0.0	0.0
OG0017118	0.0	0.0	0.0	0.0
OG0017119	0.0	0.0	0.0	0.0
OG0017121	0.0	0.0	0.0	0.0
OG0017122	0.0	0.0	0.0	0.0
OG0017123	0.0	0.0	0.0	0.0
OG0017124	0.0	0.0	0.0	0.0
OG0017125	0.0	0.0	0.0	0.0
OG0017128	0.0	0.0	0.0	0.0
OG0017129	0.0	0.0	0.0	0.0
OG0017130	0.0	0.0	0.0	0.0
OG0017131	0.0	0.0	0.0	0.0
OG0017132	0.0	0.0	0.0	0.0
OG0017133	0.0	0.0	0.0	0.0
OG0017134	0.0	0.0	0.0	0.0
OG0017135	0.0	0.0	0.0	0.0
OG0017136	0.0	0.0	0.0	0.0
OG0017137	0.0	0.0	0.0	0.0
OG0017138	0.0	0.0	0.0	0.0
OG0017139	0.0	0.0	0.0	0.0
OG0017140	0.0	0.0	0.0	0.0
OG0017141	0.0	0.0	0.0	0.0
OG0017142	0.0	0.0	0.0	0.0
OG0017143	0.0	0.0	0.0	0.0
OG0017144	0.0	0.0	0.0	0.0
OG0017145	0.0	0.0	0.0	0.0
OG0017146	0.0	0.0	0.0	0.0
OG0017147	0.0	0.0	0.0	0.0
OG0017148	0.0	0.0	0.0	0.0
OG0017149	0.0	0.0	0.0	0.0
OG0017151	0.0	0.0	0.0	0.0
OG0017152	0.0	0.0	0.0	0.0
OG0017153	0.0	0.0	0.0	0.0
OG0017154	0.0	0.0	0.0	0.0
OG0017155	0.0	0.0	0.0	0.0
OG0017156	0.0	0.0	0.0	0.0
OG0017157	0.0	0.0	0.0	0.0
OG0017158	0.0	0.0	0.0	0.0
OG0017159	0.0	0.0	0.0	0.0
OG0017160	0.0	0.0	0.0	0.0
OG0017161	0.0	0.0	0.0	0.0
OG0017162	0.0	0.0	0.0	0.0
OG0017163	0.0	0.0	0.0	0.0
OG0017164	0.0	0.0	0.0	0.0
OG0017165	0.0	0.0	0.0	0.0
OG0017166	0.0	0.0	0.0	0.0
OG0017167	0.0	0.0	0.0	0.0
OG0017168	0.0	0.0	0.0	0.0
OG0017169	0.0	0.0	0.0	0.0
OG0017170	0.0	0.0	0.0	0.0
OG0017171	0.0	0.0	0.0	0.0
OG0017172	0.0	0.0	0.0	0.0
OG0017173	0.0	0.0	0.0	0.0
OG0017174	0.0	0.0	0.0	0.0
OG0017175	0.0	0.0	0.0	0.0
OG0017176	0.0	0.0	0.0	0.0
OG0017177	0.0	0.0	0.0	0.0
OG0017179	0.0	0.0	0.0	0.0
OG0017180	0.0	0.0	0.0	0.0
OG0017181	0.0	0.0	0.0	0.0
OG0017182	0.0	0.0	0.0	0.0
OG0017183	0.0	0.0	0.0	0.0
OG0017184	0.0	0.0	0.0	0.0
OG0017185	0.0	0.0	0.0	0.0
OG0017188	0.0	0.0	0.0	0.0
OG0017190	0.0	0.0	0.0	0.0
OG0017192	0.0	0.0	0.0	0.0
OG0017194	0.0	0.0	0.0	0.0
OG0017196	0.0	0.0	0.0	0.0
OG0017201	0.0	0.0	0.0	0.0
OG0017203	0.0	0.0	0.0	0.0
OG0017205	0.0	0.0	0.0	0.0
OG0017206	0.0	0.0	0.0	0.0
OG0017208	0.0	0.0	0.0	0.0
OG0017209	0.0	0.0	0.0	0.0
OG0017210	0.0	0.0	0.0	0.0
OG0017211	0.0	0.0	0.0	0.0
OG0017212	0.0	0.0	0.0	0.0
OG0017213	0.0	0.0	0.0	0.0
OG0017216	0.0	0.0	0.0	0.0
OG0017217	0.0	0.0	0.0	0.0
OG0017218	0.0	0.0	0.0	0.0
OG0017219	0.0	0.0	0.0	0.0
OG0017220	0.0	0.0	0.0	0.0
OG0017221	0.0	0.0	0.0	0.0
OG0017222	0.0	0.0	0.0	0.0
OG0017224	0.0	0.0	0.0	0.0
OG0017225	0.0	0.0	0.0	0.0
OG0017227	0.0	0.0	0.0	0.0
OG0017228	0.0	0.0	0.0	0.0
OG0017229	0.0	0.0	0.0	0.0
OG0017231	0.0	0.0	0.0	0.0
OG0017232	0.0	0.0	0.0	0.0
OG0017233	0.0	0.0	0.0	0.0
OG0017234	0.0	0.0	0.0	0.0
OG0017235	0.0	0.0	0.0	0.0
OG0017237	0.0	0.0	0.0	0.0
OG0017238	0.0	0.0	0.0	0.0
OG0017241	0.0	0.0	0.0	0.0
OG0017242	0.0	0.0	0.0	0.0
OG0017243	0.0	0.0	0.0	0.0
OG0017244	0.0	0.0	0.0	0.0
OG0017245	0.0	0.0	0.0	0.0
OG0017246	0.0	0.0	0.0	0.0
OG0017247	0.0	0.0	0.0	0.0
OG0017248	0.0	0.0	0.0	0.0
OG0017249	0.0	0.0	0.0	0.0
OG0017250	0.0	0.0	0.0	0.0
OG0017251	0.0	0.0	0.0	0.0
OG0017252	0.0	0.0	0.0	0.0
OG0017253	0.0	0.0	0.0	0.0
OG0017254	0.0	0.0	0.0	0.0
OG0017255	0.0	0.0	0.0	0.0
OG0017256	0.0	0.0	0.0	0.0
OG0017257	0.0	0.0	0.0	0.0
OG0017258	0.0	0.0	0.0	0.0
OG0017259	0.0	0.0	0.0	0.0
OG0017260	0.0	0.0	0.0	0.0
OG0017261	0.0	0.0	0.0	0.0
OG0017262	0.0	0.0	0.0	0.0
OG0017263	0.0	0.0	0.0	0.0
OG0017264	0.0	0.0	0.0	0.0
OG0017266	0.0	0.0	0.0	0.0
OG0017268	0.0	0.0	0.0	0.0
OG0017270	0.0	0.0	0.0	0.0
OG0017271	0.0	0.0	0.0	0.0
OG0017272	0.0	0.0	0.0	0.0
OG0017273	0.0	0.0	0.0	0.0
OG0017274	0.0	0.0	0.0	0.0
OG0017275	0.0	0.0	0.0	0.0
OG0017276	0.0	0.0	0.0	0.0
OG0017277	0.0	0.0	0.0	0.0
OG0017278	0.0	0.0	0.0	0.0
OG0017279	0.0	0.0	0.0	0.0
OG0017281	0.0	0.0	0.0	0.0
OG0017282	0.0	0.0	0.0	0.0
OG0017283	0.0	0.0	0.0	0.0
OG0017284	0.0	0.0	0.0	0.0
OG0017285	0.0	0.0	0.0	0.0
OG0017286	0.0	0.0	0.0	0.0
OG0017287	0.0	0.0	0.0	0.0
OG0017288	0.0	0.0	0.0	0.0
OG0017289	0.0	0.0	0.0	0.0
OG0017290	0.0	0.0	0.0	0.0
OG0017291	0.0	0.0	0.0	0.0
OG0017292	0.0	0.0	0.0	0.0
OG0017293	0.0	0.0	0.0	0.0
OG0017295	0.0	0.0	0.0	0.0
OG0017296	0.0	0.0	0.0	0.0
OG0017297	0.0	0.0	0.0	0.0
OG0017298	0.0	0.0	0.0	0.0
OG0017299	0.0	0.0	0.0	0.0
OG0017300	0.0	0.0	0.0	0.0
OG0017301	0.0	0.0	0.0	0.0
OG0017302	0.0	0.0	0.0	0.0
OG0017303	0.0	0.0	0.0	0.0
OG0017304	0.0	0.0	0.0	0.0
OG0017305	0.0	0.0	0.0	0.0
OG0017306	0.0	0.0	0.0	0.0
OG0017307	0.0	0.0	0.0	0.0
OG0017308	0.0	0.0	0.0	0.0
OG0017309	0.0	0.0	0.0	0.0
OG0017310	0.0	0.0	0.0	0.0
OG0017311	0.0	0.0	0.0	0.0
OG0017312	0.0	0.0	0.0	0.0
OG0017313	0.0	0.0	0.0	0.0
OG0017314	0.0	0.0	0.0	0.0
OG0017315	0.0	0.0	0.0	0.0
OG0017316	0.0	0.0	0.0	0.0
OG0017317	0.0	0.0	0.0	0.0
OG0017318	0.0	0.0	0.0	0.0
OG0017319	0.0	0.0	0.0	0.0
OG0017320	0.0	0.0	0.0	0.0
OG0017321	0.0	0.0	0.0	0.0
OG0017322	0.0	0.0	0.0	0.0
OG0017323	0.0	0.0	0.0	0.0
OG0017324	0.0	0.0	0.0	0.0
OG0017325	0.0	0.0	0.0	0.0
OG0017326	0.0	0.0	0.0	0.0
OG0017327	0.0	0.0	0.0	0.0
OG0017328	0.0	0.0	0.0	0.0
OG0017329	0.0	0.0	0.0	0.0
OG0017330	0.0	0.0	0.0	0.0
OG0017331	0.0	0.0	0.0	0.0
OG0017332	0.0	0.0	0.0	0.0
OG0017335	0.0	0.0	0.0	0.0
OG0017336	0.0	0.0	0.0	0.0
OG0017337	0.0	0.0	0.0	0.0
OG0017338	0.0	0.0	0.0	0.0
OG0017339	0.0	0.0	0.0	0.0
OG0017340	0.0	0.0	0.0	0.0
OG0017341	0.0	0.0	0.0	0.0
OG0017342	0.0	0.0	0.0	0.0
OG0017343	0.0	0.0	0.0	0.0
OG0017344	0.0	0.0	0.0	0.0
OG0017345	0.0	0.0	0.0	0.0
OG0017346	0.0	0.0	0.0	0.0
OG0017347	0.0	0.0	0.0	0.0
OG0017348	0.0	0.0	0.0	0.0
OG0017349	0.0	0.0	0.0	0.0
OG0017350	0.0	0.0	0.0	0.0
OG0017351	0.0	0.0	0.0	0.0
OG0017352	0.0	0.0	0.0	0.0
OG0017353	0.0	0.0	0.0	0.0
OG0017354	0.0	0.0	0.0	0.0
OG0017356	0.0	0.0	0.0	0.0
OG0017357	0.0	0.0	0.0	0.0
OG0017358	0.0	0.0	0.0	0.0
OG0017359	0.0	0.0	0.0	0.0
OG0017360	0.0	0.0	0.0	0.0
OG0017361	0.0	0.0	0.0	0.0
OG0017362	0.0	0.0	0.0	0.0
OG0017365	0.0	0.0	0.0	0.0
OG0017366	0.0	0.0	0.0	0.0
OG0017367	0.0	0.0	0.0	0.0
OG0017369	0.0	0.0	0.0	0.0
OG0017370	0.0	0.0	0.0	0.0
OG0017371	0.0	0.0	0.0	0.0
OG0017373	0.0	0.0	0.0	0.0
OG0017374	0.0	0.0	0.0	0.0
OG0017375	0.0	0.0	0.0	0.0
OG0017376	0.0	0.0	0.0	0.0
OG0017377	0.0	0.0	0.0	0.0
OG0017378	0.0	0.0	0.0	0.0
OG0017379	0.0	0.0	0.0	0.0
OG0017380	0.0	0.0	0.0	0.0
OG0017381	0.0	0.0	0.0	0.0
OG0017382	0.0	0.0	0.0	0.0
OG0017383	0.0	0.0	0.0	0.0
OG0017384	0.0	0.0	0.0	0.0
OG0017385	0.0	0.0	0.0	0.0
OG0017386	0.0	0.0	0.0	0.0
OG0017387	0.0	0.0	0.0	0.0
OG0017388	0.0	0.0	0.0	0.0
OG0017389	0.0	0.0	0.0	0.0
OG0017390	0.0	0.0	0.0	0.0
OG0017391	0.0	0.0	0.0	0.0
OG0017392	0.0	0.0	0.0	0.0
OG0017393	0.0	0.0	0.0	0.0
OG0017394	0.0	0.0	0.0	0.0
OG0017395	0.0	0.0	0.0	0.0
OG0017396	0.0	0.0	0.0	0.0
OG0017397	0.0	0.0	0.0	0.0
OG0017398	0.0	0.0	0.0	0.0
OG0017399	0.0	0.0	0.0	0.0
OG0017400	0.0	0.0	0.0	0.0
OG0017401	0.0	0.0	0.0	0.0
OG0017402	0.0	0.0	0.0	0.0
OG0017403	0.0	0.0	0.0	0.0
OG0017404	0.0	0.0	0.0	0.0
OG0017405	0.0	0.0	0.0	0.0
OG0017406	0.0	0.0	0.0	0.0
OG0017408	0.0	0.0	0.0	0.0
OG0017410	0.0	0.0	0.0	0.0
OG0017411	0.0	0.0	0.0	0.0
OG0017412	0.0	0.0	0.0	0.0
OG0017413	0.0	0.0	0.0	0.0
OG0017414	0.0	0.0	0.0	0.0
OG0017415	0.0	0.0	0.0	0.0
OG0017416	0.0	0.0	0.0	0.0
OG0017417	0.0	0.0	0.0	0.0
OG0017418	0.0	0.0	0.0	0.0
OG0017419	0.0	0.0	0.0	0.0
OG0017420	0.0	0.0	0.0	0.0
OG0017421	0.0	0.0	0.0	0.0
OG0017422	0.0	0.0	0.0	0.0
OG0017423	0.0	0.0	0.0	0.0
OG0017424	0.0	0.0	0.0	0.0
OG0017425	0.0	0.0	0.0	0.0
OG0017426	0.0	0.0	0.0	0.0
OG0017427	0.0	0.0	0.0	0.0
OG0017428	0.0	0.0	0.0	0.0
OG0017429	0.0	0.0	0.0	0.0
OG0017430	0.0	0.0	0.0	0.0
OG0017431	0.0	0.0	0.0	0.0
OG0017432	0.0	0.0	0.0	0.0
OG0017433	0.0	0.0	0.0	0.0
OG0017434	0.0	0.0	0.0	0.0
OG0017435	0.0	0.0	0.0	0.0
OG0017436	0.0	0.0	0.0	0.0
OG0017437	0.0	0.0	0.0	0.0
OG0017438	0.0	0.0	0.0	0.0
OG0017439	0.0	0.0	0.0	0.0
OG0017440	0.0	0.0	0.0	0.0
OG0017441	0.0	0.0	0.0	0.0
OG0017442	0.0	0.0	0.0	0.0
OG0017443	0.0	0.0	0.0	0.0
OG0017446	0.0	0.0	0.0	0.0
OG0017447	0.0	0.0	0.0	0.0
OG0017448	0.0	0.0	0.0	0.0
OG0017449	0.0	0.0	0.0	0.0
OG0017450	0.0	0.0	0.0	0.0
OG0017451	0.0	0.0	0.0	0.0
OG0017452	0.0	0.0	0.0	0.0
OG0017453	0.0	0.0	0.0	0.0
OG0017454	0.0	0.0	0.0	0.0
OG0017455	0.0	0.0	0.0	0.0
OG0017456	0.0	0.0	0.0	0.0
OG0017457	0.0	0.0	0.0	0.0
OG0017458	0.0	0.0	0.0	0.0
OG0017459	0.0	0.0	0.0	0.0
OG0017460	0.0	0.0	0.0	0.0
OG0017461	0.0	0.0	0.0	0.0
OG0017462	0.0	0.0	0.0	0.0
OG0017463	0.0	0.0	0.0	0.0
OG0017464	0.0	0.0	0.0	0.0
OG0017465	0.0	0.0	0.0	0.0
OG0017466	0.0	0.0	0.0	0.0
OG0017467	0.0	0.0	0.0	0.0
OG0017468	0.0	0.0	0.0	0.0
OG0017470	0.0	0.0	0.0	0.0
OG0017471	0.0	0.0	0.0	0.0
OG0017472	0.0	0.0	0.0	0.0
OG0017473	0.0	0.0	0.0	0.0
OG0017474	0.0	0.0	0.0	0.0
OG0017479	0.0	0.0	0.0	0.0
OG0017482	0.0	0.0	0.0	0.0
OG0017483	0.0	0.0	0.0	0.0
OG0017485	0.0	0.0	0.0	0.0
OG0017486	0.0	0.0	0.0	0.0
OG0017490	0.0	0.0	0.0	0.0
OG0017492	0.0	0.0	0.0	0.0
OG0017494	0.0	0.0	0.0	0.0
OG0017499	0.0	0.0	0.0	0.0
OG0017500	0.0	0.0	0.0	0.0
OG0017501	0.0	0.0	0.0	0.0
OG0017504	0.0	0.0	0.0	0.0
OG0017509	0.0	0.0	0.0	0.0
OG0017526	0.0	0.0	0.0	0.0
OG0017530	0.0	0.0	0.0	0.0
OG0017534	0.0	0.0	0.0	0.0
OG0017537	0.0	0.0	0.0	0.0
OG0017539	0.0	0.0	0.0	0.0
OG0017553	0.0	0.0	0.0	0.0
OG0017554	0.0	0.0	0.0	0.0
OG0017555	0.0	0.0	0.0	0.0
OG0017558	0.0	0.0	0.0	0.0
OG0017565	0.0	0.0	0.0	0.0
OG0017567	0.0	0.0	0.0	0.0
OG0017568	0.0	0.0	0.0	0.0
OG0017570	0.0	0.0	0.0	0.0
OG0017572	0.0	0.0	0.0	0.0
OG0017573	0.0	0.0	0.0	0.0
OG0017575	0.0	0.0	0.0	0.0
OG0017576	0.0	0.0	0.0	0.0
OG0017580	0.0	0.0	0.0	0.0
OG0017581	0.0	0.0	0.0	0.0
OG0017583	0.0	0.0	0.0	0.0
OG0017587	0.0	0.0	0.0	0.0
OG0017596	0.0	0.0	0.0	0.0
OG0017597	0.0	0.0	0.0	0.0
OG0017599	0.0	0.0	0.0	0.0
OG0017601	0.0	0.0	0.0	0.0
OG0017603	0.0	0.0	0.0	0.0
OG0017606	0.0	0.0	0.0	0.0
OG0017609	0.0	0.0	0.0	0.0
OG0017610	0.0	0.0	0.0	0.0
OG0017612	0.0	0.0	0.0	0.0
OG0017613	0.0	0.0	0.0	0.0
OG0017615	0.0	0.0	0.0	0.0
OG0017616	0.0	0.0	0.0	0.0
OG0017617	0.0	0.0	0.0	0.0
OG0017618	0.0	0.0	0.0	0.0
OG0017619	0.0	0.0	0.0	0.0
OG0017620	0.0	0.0	0.0	0.0
OG0017621	0.0	0.0	0.0	0.0
OG0017622	0.0	0.0	0.0	0.0
OG0017625	0.0	0.0	0.0	0.0
OG0017627	0.0	0.0	0.0	0.0
OG0017628	0.0	0.0	0.0	0.0
OG0017631	0.0	0.0	0.0	0.0
OG0017632	0.0	0.0	0.0	0.0
OG0017633	0.0	0.0	0.0	0.0
OG0017634	0.0	0.0	0.0	0.0
OG0017635	0.0	0.0	0.0	0.0
OG0017636	0.0	0.0	0.0	0.0
OG0017638	0.0	0.0	0.0	0.0
OG0017639	0.0	0.0	0.0	0.0
OG0017640	0.0	0.0	0.0	0.0
OG0017642	0.0	0.0	0.0	0.0
OG0017643	0.0	0.0	0.0	0.0
OG0017644	0.0	0.0	0.0	0.0
OG0017645	0.0	0.0	0.0	0.0
OG0017647	0.0	0.0	0.0	0.0
OG0017648	0.0	0.0	0.0	0.0
OG0017649	0.0	0.0	0.0	0.0
OG0017650	0.0	0.0	0.0	0.0
OG0017651	0.0	0.0	0.0	0.0
OG0017652	0.0	0.0	0.0	0.0
OG0017653	0.0	0.0	0.0	0.0
OG0017655	0.0	0.0	0.0	0.0
OG0017656	0.0	0.0	0.0	0.0
OG0017657	0.0	0.0	0.0	0.0
OG0017658	0.0	0.0	0.0	0.0
OG0017659	0.0	0.0	0.0	0.0
OG0017662	0.0	0.0	0.0	0.0
OG0017663	0.0	0.0	0.0	0.0
OG0017664	0.0	0.0	0.0	0.0
OG0017665	0.0	0.0	0.0	0.0
OG0017666	0.0	0.0	0.0	0.0
OG0017667	0.0	0.0	0.0	0.0
OG0017668	0.0	0.0	0.0	0.0
OG0017670	0.0	0.0	0.0	0.0
OG0017671	0.0	0.0	0.0	0.0
OG0017672	0.0	0.0	0.0	0.0
OG0017673	0.0	0.0	0.0	0.0
OG0017674	0.0	0.0	0.0	0.0
OG0017675	0.0	0.0	0.0	0.0
OG0017676	0.0	0.0	0.0	0.0
OG0017677	0.0	0.0	0.0	0.0
OG0017678	0.0	0.0	0.0	0.0
OG0017680	0.0	0.0	0.0	0.0
OG0017681	0.0	0.0	0.0	0.0
OG0017682	0.0	0.0	0.0	0.0
OG0017683	0.0	0.0	0.0	0.0
OG0017684	0.0	0.0	0.0	0.0
OG0017685	0.0	0.0	0.0	0.0
OG0017686	0.0	0.0	0.0	0.0
OG0017687	0.0	0.0	0.0	0.0
OG0017688	0.0	0.0	0.0	0.0
OG0017689	0.0	0.0	0.0	0.0
OG0017690	0.0	0.0	0.0	0.0
OG0017692	0.0	0.0	0.0	0.0
OG0017694	0.0	0.0	0.0	0.0
OG0017695	0.0	0.0	0.0	0.0
OG0017696	0.0	0.0	0.0	0.0
OG0017697	0.0	0.0	0.0	0.0
OG0017698	0.0	0.0	0.0	0.0
OG0017699	0.0	0.0	0.0	0.0
OG0017700	0.0	0.0	0.0	0.0
OG0017701	0.0	0.0	0.0	0.0
OG0017702	0.0	0.0	0.0	0.0
OG0017703	0.0	0.0	0.0	0.0
OG0017705	0.0	0.0	0.0	0.0
OG0017706	0.0	0.0	0.0	0.0
OG0017707	0.0	0.0	0.0	0.0
OG0017708	0.0	0.0	0.0	0.0
OG0017709	0.0	0.0	0.0	0.0
OG0017710	0.0	0.0	0.0	0.0
OG0017725	0.0	0.0	0.0	0.0
OG0017739	0.0	0.0	0.0	0.0
OG0017746	0.0	0.0	0.0	0.0
OG0017752	0.0	0.0	0.0	0.0
OG0017758	0.0	0.0	0.0	0.0
OG0017760	0.0	0.0	0.0	0.0
OG0017762	0.0	0.0	0.0	0.0
OG0017763	0.0	0.0	0.0	0.0
OG0017764	0.0	0.0	0.0	0.0
OG0017765	0.0	0.0	0.0	0.0
OG0017767	0.0	0.0	0.0	0.0
OG0017768	0.0	0.0	0.0	0.0
OG0017769	0.0	0.0	0.0	0.0
OG0017770	0.0	0.0	0.0	0.0
OG0017771	0.0	0.0	0.0	0.0
OG0017772	0.0	0.0	0.0	0.0
OG0017776	0.0	0.0	0.0	0.0
OG0017779	0.0	0.0	0.0	0.0
OG0017781	0.0	0.0	0.0	0.0
OG0017782	0.0	0.0	0.0	0.0
OG0017783	0.0	0.0	0.0	0.0
OG0017784	0.0	0.0	0.0	0.0
OG0017785	0.0	0.0	0.0	0.0
OG0017786	0.0	0.0	0.0	0.0
OG0017789	0.0	0.0	0.0	0.0
OG0017798	0.0	0.0	0.0	0.0
OG0017800	0.0	0.0	0.0	0.0
OG0017802	0.0	0.0	0.0	0.0
OG0017804	0.0	0.0	0.0	0.0
OG0017880	0.0	0.0	0.0	0.0
OG0017881	0.0	0.0	0.0	0.0
OG0017882	0.0	0.0	0.0	0.0
OG0017894	0.0	0.0	0.0	0.0
OG0017895	0.0	0.0	0.0	0.0
OG0017896	0.0	0.0	0.0	0.0
OG0017897	0.0	0.0	0.0	0.0
OG0017899	0.0	0.0	0.0	0.0
OG0017901	0.0	0.0	0.0	0.0
OG0017903	0.0	0.0	0.0	0.0
OG0017904	0.0	0.0	0.0	0.0
OG0017906	0.0	0.0	0.0	0.0
OG0017907	0.0	0.0	0.0	0.0
OG0017908	0.0	0.0	0.0	0.0
OG0017912	0.0	0.0	0.0	0.0
OG0017913	0.0	0.0	0.0	0.0
OG0017914	0.0	0.0	0.0	0.0
OG0017919	0.0	0.0	0.0	0.0
OG0017922	0.0	0.0	0.0	0.0
OG0017924	0.0	0.0	0.0	0.0
OG0017925	0.0	0.0	0.0	0.0
OG0017927	0.0	0.0	0.0	0.0
OG0017928	0.0	0.0	0.0	0.0
OG0017929	0.0	0.0	0.0	0.0
OG0017932	0.0	0.0	0.0	0.0
OG0017935	0.0	0.0	0.0	0.0
OG0017936	0.0	0.0	0.0	0.0
OG0017937	0.0	0.0	0.0	0.0
OG0017938	0.0	0.0	0.0	0.0
OG0017940	0.0	0.0	0.0	0.0
OG0017941	0.0	0.0	0.0	0.0
OG0017943	0.0	0.0	0.0	0.0
OG0017944	0.0	0.0	0.0	0.0
OG0017945	0.0	0.0	0.0	0.0
OG0017946	0.0	0.0	0.0	0.0
OG0017947	0.0	0.0	0.0	0.0
OG0017948	0.0	0.0	0.0	0.0
OG0017949	0.0	0.0	0.0	0.0
OG0017950	0.0	0.0	0.0	0.0
OG0017951	0.0	0.0	0.0	0.0
OG0017952	0.0	0.0	0.0	0.0
OG0017953	0.0	0.0	0.0	0.0
OG0017954	0.0	0.0	0.0	0.0
OG0017955	0.0	0.0	0.0	0.0
OG0017959	0.0	0.0	0.0	0.0
OG0017960	0.0	0.0	0.0	0.0
OG0017961	0.0	0.0	0.0	0.0
OG0017962	0.0	0.0	0.0	0.0
OG0017963	0.0	0.0	0.0	0.0
OG0017965	0.0	0.0	0.0	0.0
OG0017966	0.0	0.0	0.0	0.0
OG0017968	0.0	0.0	0.0	0.0
OG0017972	0.0	0.0	0.0	0.0
OG0017973	0.0	0.0	0.0	0.0
OG0017974	0.0	0.0	0.0	0.0
OG0017975	0.0	0.0	0.0	0.0
OG0017977	0.0	0.0	0.0	0.0
OG0018005	0.0	0.0	0.0	0.0
OG0018007	0.0	0.0	0.0	0.0
OG0018017	0.0	0.0	0.0	0.0
OG0018022	0.0	0.0	0.0	0.0
OG0018025	0.0	0.0	0.0	0.0
OG0018036	0.0	0.0	0.0	0.0
OG0018037	0.0	0.0	0.0	0.0
OG0018039	0.0	0.0	0.0	0.0
OG0018042	0.0	0.0	0.0	0.0
OG0018045	0.0	0.0	0.0	0.0
OG0018046	0.0	0.0	0.0	0.0
OG0018058	0.0	0.0	0.0	0.0
OG0018059	0.0	0.0	0.0	0.0
OG0018060	0.0	0.0	0.0	0.0
OG0018062	0.0	0.0	0.0	0.0
OG0018064	0.0	0.0	0.0	0.0
OG0018065	0.0	0.0	0.0	0.0
OG0018073	0.0	0.0	0.0	0.0
OG0018076	0.0	0.0	0.0	0.0
OG0018090	0.0	0.0	0.0	0.0
OG0018092	0.0	0.0	0.0	0.0
OG0018093	0.0	0.0	0.0	0.0
OG0018353	0.0	0.0	0.0	0.0
OG0018357	0.0	0.0	0.0	0.0
OG0018549	0.0	0.0	0.0	0.0
OG0018579	0.0	0.0	0.0	0.0
OG0018581	0.0	0.0	0.0	0.0
OG0018582	0.0	0.0	0.0	0.0
OG0018586	0.0	0.0	0.0	0.0
OG0018587	0.0	0.0	0.0	0.0
OG0018588	0.0	0.0	0.0	0.0
OG0018589	0.0	0.0	0.0	0.0
OG0018591	0.0	0.0	0.0	0.0
OG0018594	0.0	0.0	0.0	0.0
OG0018595	0.0	0.0	0.0	0.0
OG0018596	0.0	0.0	0.0	0.0
OG0018597	0.0	0.0	0.0	0.0
OG0018598	0.0	0.0	0.0	0.0
OG0018599	0.0	0.0	0.0	0.0
OG0018600	0.0	0.0	0.0	0.0
OG0018602	0.0	0.0	0.0	0.0
OG0018603	0.0	0.0	0.0	0.0
OG0018604	0.0	0.0	0.0	0.0
OG0018605	0.0	0.0	0.0	0.0
OG0018606	0.0	0.0	0.0	0.0
OG0018607	0.0	0.0	0.0	0.0
OG0018608	0.0	0.0	0.0	0.0
OG0018609	0.0	0.0	0.0	0.0
OG0018612	0.0	0.0	0.0	0.0
OG0018614	0.0	0.0	0.0	0.0
OG0018617	0.0	0.0	0.0	0.0
OG0018618	0.0	0.0	0.0	0.0
OG0018619	0.0	0.0	0.0	0.0
OG0018621	0.0	0.0	0.0	0.0
OG0018625	0.0	0.0	0.0	0.0
OG0018631	0.0	0.0	0.0	0.0
OG0018653	0.0	0.0	0.0	0.0
OG0018655	0.0	0.0	0.0	0.0
OG0018657	0.0	0.0	0.0	0.0
OG0018658	0.0	0.0	0.0	0.0
OG0018663	0.0	0.0	0.0	0.0
OG0018665	0.0	0.0	0.0	0.0
OG0018668	0.0	0.0	0.0	0.0
OG0018670	0.0	0.0	0.0	0.0
OG0018671	0.0	0.0	0.0	0.0
OG0018672	0.0	0.0	0.0	0.0
OG0018673	0.0	0.0	0.0	0.0
OG0018675	0.0	0.0	0.0	0.0
OG0018678	0.0	0.0	0.0	0.0
OG0018680	0.0	0.0	0.0	0.0
OG0018681	0.0	0.0	0.0	0.0
OG0018686	0.0	0.0	0.0	0.0
OG0018687	0.0	0.0	0.0	0.0
OG0018688	0.0	0.0	0.0	0.0
OG0018689	0.0	0.0	0.0	0.0
OG0018690	0.0	0.0	0.0	0.0
OG0018691	0.0	0.0	0.0	0.0
OG0018695	0.0	0.0	0.0	0.0
OG0018696	0.0	0.0	0.0	0.0
OG0018697	0.0	0.0	0.0	0.0
OG0018699	0.0	0.0	0.0	0.0
OG0018700	0.0	0.0	0.0	0.0
OG0018701	0.0	0.0	0.0	0.0
OG0018702	0.0	0.0	0.0	0.0
OG0018704	0.0	0.0	0.0	0.0
OG0018706	0.0	0.0	0.0	0.0
OG0018710	0.0	0.0	0.0	0.0
OG0018712	0.0	0.0	0.0	0.0
OG0018713	0.0	0.0	0.0	0.0
OG0018714	0.0	0.0	0.0	0.0
OG0018716	0.0	0.0	0.0	0.0
OG0018717	0.0	0.0	0.0	0.0
OG0018718	0.0	0.0	0.0	0.0
OG0018719	0.0	0.0	0.0	0.0
OG0018721	0.0	0.0	0.0	0.0
OG0018722	0.0	0.0	0.0	0.0
OG0018727	0.0	0.0	0.0	0.0
OG0018728	0.0	0.0	0.0	0.0
OG0018733	0.0	0.0	0.0	0.0
OG0018734	0.0	0.0	0.0	0.0
OG0018737	0.0	0.0	0.0	0.0
OG0018738	0.0	0.0	0.0	0.0
OG0018740	0.0	0.0	0.0	0.0
OG0018741	0.0	0.0	0.0	0.0
OG0018742	0.0	0.0	0.0	0.0
OG0018743	0.0	0.0	0.0	0.0
OG0018744	0.0	0.0	0.0	0.0
OG0018749	0.0	0.0	0.0	0.0
OG0018750	0.0	0.0	0.0	0.0
OG0018752	0.0	0.0	0.0	0.0
OG0018756	0.0	0.0	0.0	0.0
OG0018757	0.0	0.0	0.0	0.0
OG0018763	0.0	0.0	0.0	0.0
OG0018765	0.0	0.0	0.0	0.0
OG0018766	0.0	0.0	0.0	0.0
OG0018767	0.0	0.0	0.0	0.0
OG0018768	0.0	0.0	0.0	0.0
OG0018769	0.0	0.0	0.0	0.0
OG0018771	0.0	0.0	0.0	0.0
OG0018773	0.0	0.0	0.0	0.0
OG0018774	0.0	0.0	0.0	0.0
OG0018775	0.0	0.0	0.0	0.0
OG0018779	0.0	0.0	0.0	0.0
OG0018780	0.0	0.0	0.0	0.0
OG0018782	0.0	0.0	0.0	0.0
OG0018786	0.0	0.0	0.0	0.0
OG0018787	0.0	0.0	0.0	0.0
OG0018788	0.0	0.0	0.0	0.0
OG0018790	0.0	0.0	0.0	0.0
OG0018791	0.0	0.0	0.0	0.0
OG0018792	0.0	0.0	0.0	0.0
OG0018795	0.0	0.0	0.0	0.0
OG0018796	0.0	0.0	0.0	0.0
OG0018797	0.0	0.0	0.0	0.0
OG0018798	0.0	0.0	0.0	0.0
OG0018799	0.0	0.0	0.0	0.0
OG0018802	0.0	0.0	0.0	0.0
OG0018803	0.0	0.0	0.0	0.0
OG0018805	0.0	0.0	0.0	0.0
OG0018809	0.0	0.0	0.0	0.0
OG0018810	0.0	0.0	0.0	0.0
OG0018811	0.0	0.0	0.0	0.0
OG0018812	0.0	0.0	0.0	0.0
OG0018814	0.0	0.0	0.0	0.0
OG0018815	0.0	0.0	0.0	0.0
OG0018816	0.0	0.0	0.0	0.0
OG0018818	0.0	0.0	0.0	0.0
OG0018824	0.0	0.0	0.0	0.0
OG0018825	0.0	0.0	0.0	0.0
OG0018827	0.0	0.0	0.0	0.0
OG0018828	0.0	0.0	0.0	0.0
OG0018830	0.0	0.0	0.0	0.0
OG0018831	0.0	0.0	0.0	0.0
OG0018832	0.0	0.0	0.0	0.0
OG0018833	0.0	0.0	0.0	0.0
OG0018836	0.0	0.0	0.0	0.0
OG0018839	0.0	0.0	0.0	0.0
OG0018840	0.0	0.0	0.0	0.0
OG0018842	0.0	0.0	0.0	0.0
OG0018843	0.0	0.0	0.0	0.0
OG0018844	0.0	0.0	0.0	0.0
OG0018851	0.0	0.0	0.0	0.0
OG0018852	0.0	0.0	0.0	0.0
OG0018854	0.0	0.0	0.0	0.0
OG0018855	0.0	0.0	0.0	0.0
OG0018857	0.0	0.0	0.0	0.0
OG0018858	0.0	0.0	0.0	0.0
OG0018859	0.0	0.0	0.0	0.0
OG0018860	0.0	0.0	0.0	0.0
OG0018862	0.0	0.0	0.0	0.0
OG0018864	0.0	0.0	0.0	0.0
OG0018865	0.0	0.0	0.0	0.0
OG0018866	0.0	0.0	0.0	0.0
OG0018867	0.0	0.0	0.0	0.0
OG0018868	0.0	0.0	0.0	0.0
OG0018869	0.0	0.0	0.0	0.0
OG0018870	0.0	0.0	0.0	0.0
OG0018871	0.0	0.0	0.0	0.0
OG0018872	0.0	0.0	0.0	0.0
OG0018873	0.0	0.0	0.0	0.0
OG0018874	0.0	0.0	0.0	0.0
OG0018875	0.0	0.0	0.0	0.0
OG0018876	0.0	0.0	0.0	0.0
OG0018881	0.0	0.0	0.0	0.0
OG0018886	0.0	0.0	0.0	0.0
OG0018889	0.0	0.0	0.0	0.0
OG0018890	0.0	0.0	0.0	0.0
OG0018891	0.0	0.0	0.0	0.0
OG0018895	0.0	0.0	0.0	0.0
OG0018896	0.0	0.0	0.0	0.0
OG0018899	0.0	0.0	0.0	0.0
OG0018900	0.0	0.0	0.0	0.0
OG0018901	0.0	0.0	0.0	0.0
OG0018902	0.0	0.0	0.0	0.0
OG0018904	0.0	0.0	0.0	0.0
OG0018905	0.0	0.0	0.0	0.0
OG0018907	0.0	0.0	0.0	0.0
OG0018908	0.0	0.0	0.0	0.0
OG0018911	0.0	0.0	0.0	0.0
OG0018912	0.0	0.0	0.0	0.0
OG0018915	0.0	0.0	0.0	0.0
OG0018916	0.0	0.0	0.0	0.0
OG0018917	0.0	0.0	0.0	0.0
OG0018918	0.0	0.0	0.0	0.0
OG0018920	0.0	0.0	0.0	0.0
OG0018921	0.0	0.0	0.0	0.0
OG0018922	0.0	0.0	0.0	0.0
OG0018923	0.0	0.0	0.0	0.0
OG0018924	0.0	0.0	0.0	0.0
OG0018925	0.0	0.0	0.0	0.0
OG0018926	0.0	0.0	0.0	0.0
OG0018927	0.0	0.0	0.0	0.0
OG0018928	0.0	0.0	0.0	0.0
OG0018929	0.0	0.0	0.0	0.0
OG0018930	0.0	0.0	0.0	0.0
OG0018935	0.0	0.0	0.0	0.0
OG0018936	0.0	0.0	0.0	0.0
OG0018943	0.0	0.0	0.0	0.0
OG0018944	0.0	0.0	0.0	0.0
OG0018946	0.0	0.0	0.0	0.0
OG0018948	0.0	0.0	0.0	0.0
OG0018949	0.0	0.0	0.0	0.0
OG0018951	0.0	0.0	0.0	0.0
OG0018952	0.0	0.0	0.0	0.0
OG0018955	0.0	0.0	0.0	0.0
OG0018957	0.0	0.0	0.0	0.0
OG0018959	0.0	0.0	0.0	0.0
OG0018960	0.0	0.0	0.0	0.0
OG0018963	0.0	0.0	0.0	0.0
OG0018966	0.0	0.0	0.0	0.0
OG0018968	0.0	0.0	0.0	0.0
OG0018970	0.0	0.0	0.0	0.0
OG0018971	0.0	0.0	0.0	0.0
OG0018972	0.0	0.0	0.0	0.0
OG0018974	0.0	0.0	0.0	0.0
OG0018978	0.0	0.0	0.0	0.0
OG0018979	0.0	0.0	0.0	0.0
OG0018983	0.0	0.0	0.0	0.0
OG0018985	0.0	0.0	0.0	0.0
OG0018986	0.0	0.0	0.0	0.0
OG0018989	0.0	0.0	0.0	0.0
OG0018990	0.0	0.0	0.0	0.0
OG0018991	0.0	0.0	0.0	0.0
OG0018995	0.0	0.0	0.0	0.0
OG0018996	0.0	0.0	0.0	0.0
OG0018997	0.0	0.0	0.0	0.0
OG0018999	0.0	0.0	0.0	0.0
OG0019001	0.0	0.0	0.0	0.0
OG0019002	0.0	0.0	0.0	0.0
OG0019004	0.0	0.0	0.0	0.0
OG0019005	0.0	0.0	0.0	0.0
OG0019009	0.0	0.0	0.0	0.0
OG0019010	0.0	0.0	0.0	0.0
OG0019011	0.0	0.0	0.0	0.0
OG0019015	0.0	0.0	0.0	0.0
OG0019018	0.0	0.0	0.0	0.0
OG0019019	0.0	0.0	0.0	0.0
OG0019021	0.0	0.0	0.0	0.0
OG0019022	0.0	0.0	0.0	0.0
OG0019023	0.0	0.0	0.0	0.0
OG0019025	0.0	0.0	0.0	0.0
OG0019027	0.0	0.0	0.0	0.0
OG0019028	0.0	0.0	0.0	0.0
OG0019029	0.0	0.0	0.0	0.0
OG0019030	0.0	0.0	0.0	0.0
OG0019031	0.0	0.0	0.0	0.0
OG0019032	0.0	0.0	0.0	0.0
OG0019035	0.0	0.0	0.0	0.0
OG0019036	0.0	0.0	0.0	0.0
OG0019039	0.0	0.0	0.0	0.0
OG0019040	0.0	0.0	0.0	0.0
OG0019042	0.0	0.0	0.0	0.0
OG0019043	0.0	0.0	0.0	0.0
OG0019044	0.0	0.0	0.0	0.0
OG0019045	0.0	0.0	0.0	0.0
OG0019047	0.0	0.0	0.0	0.0
OG0019052	0.0	0.0	0.0	0.0
OG0019053	0.0	0.0	0.0	0.0
OG0019055	0.0	0.0	0.0	0.0
OG0019056	0.0	0.0	0.0	0.0
OG0019057	0.0	0.0	0.0	0.0
OG0019061	0.0	0.0	0.0	0.0
OG0019062	0.0	0.0	0.0	0.0
OG0019063	0.0	0.0	0.0	0.0
OG0019064	0.0	0.0	0.0	0.0
OG0019065	0.0	0.0	0.0	0.0
OG0019066	0.0	0.0	0.0	0.0
OG0019067	0.0	0.0	0.0	0.0
OG0019068	0.0	0.0	0.0	0.0
OG0019069	0.0	0.0	0.0	0.0
OG0019071	0.0	0.0	0.0	0.0
OG0019074	0.0	0.0	0.0	0.0
OG0019075	0.0	0.0	0.0	0.0
OG0019076	0.0	0.0	0.0	0.0
OG0019077	0.0	0.0	0.0	0.0
OG0019080	0.0	0.0	0.0	0.0
OG0019081	0.0	0.0	0.0	0.0
OG0019082	0.0	0.0	0.0	0.0
OG0019083	0.0	0.0	0.0	0.0
OG0019084	0.0	0.0	0.0	0.0
OG0019085	0.0	0.0	0.0	0.0
OG0019086	0.0	0.0	0.0	0.0
OG0019087	0.0	0.0	0.0	0.0
OG0019088	0.0	0.0	0.0	0.0
OG0019089	0.0	0.0	0.0	0.0
OG0019090	0.0	0.0	0.0	0.0
OG0019091	0.0	0.0	0.0	0.0
OG0019092	0.0	0.0	0.0	0.0
OG0019093	0.0	0.0	0.0	0.0
OG0019094	0.0	0.0	0.0	0.0
OG0019095	0.0	0.0	0.0	0.0
OG0019096	0.0	0.0	0.0	0.0
OG0019097	0.0	0.0	0.0	0.0
OG0019098	0.0	0.0	0.0	0.0
OG0019099	0.0	0.0	0.0	0.0
OG0019100	0.0	0.0	0.0	0.0
OG0019101	0.0	0.0	0.0	0.0
OG0019102	0.0	0.0	0.0	0.0
OG0019103	0.0	0.0	0.0	0.0
OG0019104	0.0	0.0	0.0	0.0
OG0019105	0.0	0.0	0.0	0.0
OG0019106	0.0	0.0	0.0	0.0
OG0019107	0.0	0.0	0.0	0.0
OG0019108	0.0	0.0	0.0	0.0
OG0019109	0.0	0.0	0.0	0.0
OG0019110	0.0	0.0	0.0	0.0
OG0019111	0.0	0.0	0.0	0.0
OG0019112	0.0	0.0	0.0	0.0
OG0019113	0.0	0.0	0.0	0.0
OG0019114	0.0	0.0	0.0	0.0
OG0019115	0.0	0.0	0.0	0.0
OG0019116	0.0	0.0	0.0	0.0
OG0019117	0.0	0.0	0.0	0.0
OG0019118	0.0	0.0	0.0	0.0
OG0019119	0.0	0.0	0.0	0.0
OG0019120	0.0	0.0	0.0	0.0
OG0019121	0.0	0.0	0.0	0.0
OG0019122	0.0	0.0	0.0	0.0
OG0019123	0.0	0.0	0.0	0.0
OG0019124	0.0	0.0	0.0	0.0
OG0019125	0.0	0.0	0.0	0.0
OG0019126	0.0	0.0	0.0	0.0
OG0019127	0.0	0.0	0.0	0.0
OG0019128	0.0	0.0	0.0	0.0
OG0019129	0.0	0.0	0.0	0.0
OG0019130	0.0	0.0	0.0	0.0
OG0019131	0.0	0.0	0.0	0.0
OG0019132	0.0	0.0	0.0	0.0
OG0019133	0.0	0.0	0.0	0.0
OG0019134	0.0	0.0	0.0	0.0
OG0019135	0.0	0.0	0.0	0.0
OG0019136	0.0	0.0	0.0	0.0
OG0019137	0.0	0.0	0.0	0.0
OG0019138	0.0	0.0	0.0	0.0
OG0019139	0.0	0.0	0.0	0.0
OG0019140	0.0	0.0	0.0	0.0
OG0019141	0.0	0.0	0.0	0.0
OG0019142	0.0	0.0	0.0	0.0
OG0019143	0.0	0.0	0.0	0.0
OG0019144	0.0	0.0	0.0	0.0
OG0019145	0.0	0.0	0.0	0.0
OG0019146	0.0	0.0	0.0	0.0
OG0019147	0.0	0.0	0.0	0.0
OG0019148	0.0	0.0	0.0	0.0
OG0019149	0.0	0.0	0.0	0.0
OG0019150	0.0	0.0	0.0	0.0
OG0019151	0.0	0.0	0.0	0.0
OG0019152	0.0	0.0	0.0	0.0
OG0019153	0.0	0.0	0.0	0.0
OG0019154	0.0	0.0	0.0	0.0
OG0019155	0.0	0.0	0.0	0.0
OG0019156	0.0	0.0	0.0	0.0
OG0019157	0.0	0.0	0.0	0.0
OG0019158	0.0	0.0	0.0	0.0
OG0019159	0.0	0.0	0.0	0.0
OG0019160	0.0	0.0	0.0	0.0
OG0019161	0.0	0.0	0.0	0.0
OG0019162	0.0	0.0	0.0	0.0
OG0019163	0.0	0.0	0.0	0.0
OG0019164	0.0	0.0	0.0	0.0
OG0019165	0.0	0.0	0.0	0.0
OG0019166	0.0	0.0	0.0	0.0
OG0019167	0.0	0.0	0.0	0.0
OG0019168	0.0	0.0	0.0	0.0
OG0019169	0.0	0.0	0.0	0.0
OG0019170	0.0	0.0	0.0	0.0
OG0019171	0.0	0.0	0.0	0.0
OG0019172	0.0	0.0	0.0	0.0
OG0019173	0.0	0.0	0.0	0.0
OG0019174	0.0	0.0	0.0	0.0
OG0019175	0.0	0.0	0.0	0.0
OG0019176	0.0	0.0	0.0	0.0
OG0019177	0.0	0.0	0.0	0.0
OG0019178	0.0	0.0	0.0	0.0
OG0019179	0.0	0.0	0.0	0.0
OG0019180	0.0	0.0	0.0	0.0
OG0019181	0.0	0.0	0.0	0.0
OG0019182	0.0	0.0	0.0	0.0
OG0019183	0.0	0.0	0.0	0.0
OG0019184	0.0	0.0	0.0	0.0
OG0019185	0.0	0.0	0.0	0.0
OG0019186	0.0	0.0	0.0	0.0
OG0019187	0.0	0.0	0.0	0.0
OG0019188	0.0	0.0	0.0	0.0
OG0019189	0.0	0.0	0.0	0.0
OG0019190	0.0	0.0	0.0	0.0
OG0019191	0.0	0.0	0.0	0.0
OG0019192	0.0	0.0	0.0	0.0
OG0019193	0.0	0.0	0.0	0.0
OG0019194	0.0	0.0	0.0	0.0
OG0019195	0.0	0.0	0.0	0.0
OG0019196	0.0	0.0	0.0	0.0
OG0019197	0.0	0.0	0.0	0.0
OG0019198	0.0	0.0	0.0	0.0
OG0019199	0.0	0.0	0.0	0.0
OG0019200	0.0	0.0	0.0	0.0
OG0019201	0.0	0.0	0.0	0.0
OG0019202	0.0	0.0	0.0	0.0
OG0019203	0.0	0.0	0.0	0.0
OG0019204	0.0	0.0	0.0	0.0
OG0019205	0.0	0.0	0.0	0.0
OG0019206	0.0	0.0	0.0	0.0
OG0019207	0.0	0.0	0.0	0.0
OG0019208	0.0	0.0	0.0	0.0
OG0019209	0.0	0.0	0.0	0.0
OG0019210	0.0	0.0	0.0	0.0
OG0019211	0.0	0.0	0.0	0.0
OG0019212	0.0	0.0	0.0	0.0
OG0019213	0.0	0.0	0.0	0.0
OG0019214	0.0	0.0	0.0	0.0
OG0019215	0.0	0.0	0.0	0.0
OG0019216	0.0	0.0	0.0	0.0
OG0019217	0.0	0.0	0.0	0.0
OG0019218	0.0	0.0	0.0	0.0
OG0019219	0.0	0.0	0.0	0.0
OG0019220	0.0	0.0	0.0	0.0
OG0019221	0.0	0.0	0.0	0.0
OG0019222	0.0	0.0	0.0	0.0
OG0019223	0.0	0.0	0.0	0.0
OG0019224	0.0	0.0	0.0	0.0
OG0019225	0.0	0.0	0.0	0.0
OG0019226	0.0	0.0	0.0	0.0
OG0019227	0.0	0.0	0.0	0.0
OG0019228	0.0	0.0	0.0	0.0
OG0019229	0.0	0.0	0.0	0.0
OG0019230	0.0	0.0	0.0	0.0
OG0019231	0.0	0.0	0.0	0.0
OG0019232	0.0	0.0	0.0	0.0
OG0019233	0.0	0.0	0.0	0.0
OG0019234	0.0	0.0	0.0	0.0
OG0019235	0.0	0.0	0.0	0.0
OG0019236	0.0	0.0	0.0	0.0
OG0019237	0.0	0.0	0.0	0.0
OG0019238	0.0	0.0	0.0	0.0
OG0019239	0.0	0.0	0.0	0.0
OG0019240	0.0	0.0	0.0	0.0
OG0019241	0.0	0.0	0.0	0.0
OG0019242	0.0	0.0	0.0	0.0
OG0019243	0.0	0.0	0.0	0.0
OG0019244	0.0	0.0	0.0	0.0
OG0019245	0.0	0.0	0.0	0.0
OG0019246	0.0	0.0	0.0	0.0
OG0019247	0.0	0.0	0.0	0.0
OG0019248	0.0	0.0	0.0	0.0
OG0019249	0.0	0.0	0.0	0.0
OG0019250	0.0	0.0	0.0	0.0
OG0019251	0.0	0.0	0.0	0.0
OG0019252	0.0	0.0	0.0	0.0
OG0019253	0.0	0.0	0.0	0.0
OG0019254	0.0	0.0	0.0	0.0
OG0019255	0.0	0.0	0.0	0.0
OG0019256	0.0	0.0	0.0	0.0
OG0019257	0.0	0.0	0.0	0.0
OG0019258	0.0	0.0	0.0	0.0
OG0019259	0.0	0.0	0.0	0.0
OG0019260	0.0	0.0	0.0	0.0
OG0019261	0.0	0.0	0.0	0.0
OG0019262	0.0	0.0	0.0	0.0
OG0019263	0.0	0.0	0.0	0.0
OG0019264	0.0	0.0	0.0	0.0
OG0019265	0.0	0.0	0.0	0.0
OG0019266	0.0	0.0	0.0	0.0
OG0019267	0.0	0.0	0.0	0.0
OG0019268	0.0	0.0	0.0	0.0
OG0019269	0.0	0.0	0.0	0.0
OG0019270	0.0	0.0	0.0	0.0
OG0019271	0.0	0.0	0.0	0.0
OG0019272	0.0	0.0	0.0	0.0
OG0019273	0.0	0.0	0.0	0.0
OG0019274	0.0	0.0	0.0	0.0
OG0019275	0.0	0.0	0.0	0.0
OG0019276	0.0	0.0	0.0	0.0
OG0019277	0.0	0.0	0.0	0.0
OG0019278	0.0	0.0	0.0	0.0
OG0019279	0.0	0.0	0.0	0.0
OG0019280	0.0	0.0	0.0	0.0
OG0019281	0.0	0.0	0.0	0.0
OG0019282	0.0	0.0	0.0	0.0
OG0019283	0.0	0.0	0.0	0.0
OG0019284	0.0	0.0	0.0	0.0
OG0019285	0.0	0.0	0.0	0.0
OG0019286	0.0	0.0	0.0	0.0
OG0019287	0.0	0.0	0.0	0.0
OG0019288	0.0	0.0	0.0	0.0
OG0019289	0.0	0.0	0.0	0.0
OG0019290	0.0	0.0	0.0	0.0
OG0019291	0.0	0.0	0.0	0.0
OG0019292	0.0	0.0	0.0	0.0
OG0019293	0.0	0.0	0.0	0.0
OG0019294	0.0	0.0	0.0	0.0
OG0019295	0.0	0.0	0.0	0.0
OG0019296	0.0	0.0	0.0	0.0
OG0019297	0.0	0.0	0.0	0.0
OG0019298	0.0	0.0	0.0	0.0
OG0019299	0.0	0.0	0.0	0.0
OG0019300	0.0	0.0	0.0	0.0
OG0019301	0.0	0.0	0.0	0.0
OG0019302	0.0	0.0	0.0	0.0
OG0019303	0.0	0.0	0.0	0.0
OG0019304	0.0	0.0	0.0	0.0
OG0019305	0.0	0.0	0.0	0.0
OG0019306	0.0	0.0	0.0	0.0
OG0019307	0.0	0.0	0.0	0.0
OG0019308	0.0	0.0	0.0	0.0
OG0019309	0.0	0.0	0.0	0.0
OG0019310	0.0	0.0	0.0	0.0
OG0019311	0.0	0.0	0.0	0.0
OG0019312	0.0	0.0	0.0	0.0
OG0019313	0.0	0.0	0.0	0.0
OG0019314	0.0	0.0	0.0	0.0
OG0019315	0.0	0.0	0.0	0.0
OG0019316	0.0	0.0	0.0	0.0
OG0019317	0.0	0.0	0.0	0.0
OG0019318	0.0	0.0	0.0	0.0
OG0019319	0.0	0.0	0.0	0.0
OG0019320	0.0	0.0	0.0	0.0
OG0019321	0.0	0.0	0.0	0.0
OG0019322	0.0	0.0	0.0	0.0
OG0019323	0.0	0.0	0.0	0.0
OG0019324	0.0	0.0	0.0	0.0
OG0019325	0.0	0.0	0.0	0.0
OG0019326	0.0	0.0	0.0	0.0
OG0019327	0.0	0.0	0.0	0.0
OG0019328	0.0	0.0	0.0	0.0
OG0019329	0.0	0.0	0.0	0.0
OG0019330	0.0	0.0	0.0	0.0
OG0019331	0.0	0.0	0.0	0.0
OG0019332	0.0	0.0	0.0	0.0
OG0019333	0.0	0.0	0.0	0.0
OG0019334	0.0	0.0	0.0	0.0
OG0019335	0.0	0.0	0.0	0.0
OG0019336	0.0	0.0	0.0	0.0
OG0019337	0.0	0.0	0.0	0.0
OG0019338	0.0	0.0	0.0	0.0
OG0019339	0.0	0.0	0.0	0.0
OG0019340	0.0	0.0	0.0	0.0
OG0019341	0.0	0.0	0.0	0.0
OG0019342	0.0	0.0	0.0	0.0
OG0019343	0.0	0.0	0.0	0.0
OG0019344	0.0	0.0	0.0	0.0
OG0019345	0.0	0.0	0.0	0.0
OG0019346	0.0	0.0	0.0	0.0
OG0019347	0.0	0.0	0.0	0.0
OG0019348	0.0	0.0	0.0	0.0
OG0019349	0.0	0.0	0.0	0.0
OG0019350	0.0	0.0	0.0	0.0
OG0019351	0.0	0.0	0.0	0.0
OG0019352	0.0	0.0	0.0	0.0
OG0019353	0.0	0.0	0.0	0.0
OG0019354	0.0	0.0	0.0	0.0
OG0019355	0.0	0.0	0.0	0.0
OG0019356	0.0	0.0	0.0	0.0
OG0019357	0.0	0.0	0.0	0.0
OG0019358	0.0	0.0	0.0	0.0
OG0019359	0.0	0.0	0.0	0.0
OG0019360	0.0	0.0	0.0	0.0
OG0019361	0.0	0.0	0.0	0.0
OG0019362	0.0	0.0	0.0	0.0
OG0019363	0.0	0.0	0.0	0.0
OG0019364	0.0	0.0	0.0	0.0
OG0019365	0.0	0.0	0.0	0.0
OG0019366	0.0	0.0	0.0	0.0
OG0019367	0.0	0.0	0.0	0.0
OG0019368	0.0	0.0	0.0	0.0
OG0019369	0.0	0.0	0.0	0.0
OG0019370	0.0	0.0	0.0	0.0
OG0019371	0.0	0.0	0.0	0.0
OG0019372	0.0	0.0	0.0	0.0
OG0019373	0.0	0.0	0.0	0.0
OG0019374	0.0	0.0	0.0	0.0
OG0019375	0.0	0.0	0.0	0.0
OG0019376	0.0	0.0	0.0	0.0
OG0019377	0.0	0.0	0.0	0.0
OG0019378	0.0	0.0	0.0	0.0
OG0019379	0.0	0.0	0.0	0.0
OG0019380	0.0	0.0	0.0	0.0
OG0019381	0.0	0.0	0.0	0.0
OG0019382	0.0	0.0	0.0	0.0
OG0019383	0.0	0.0	0.0	0.0
OG0019384	0.0	0.0	0.0	0.0
OG0019385	0.0	0.0	0.0	0.0
OG0019386	0.0	0.0	0.0	0.0
OG0019387	0.0	0.0	0.0	0.0
OG0019390	0.0	0.0	0.0	0.0
OG0019391	0.0	0.0	0.0	0.0
OG0019392	0.0	0.0	0.0	0.0
OG0019393	0.0	0.0	0.0	0.0
OG0019394	0.0	0.0	0.0	0.0
OG0019395	0.0	0.0	0.0	0.0
OG0019396	0.0	0.0	0.0	0.0
OG0019397	0.0	0.0	0.0	0.0
OG0019398	0.0	0.0	0.0	0.0
OG0019399	0.0	0.0	0.0	0.0
OG0019400	0.0	0.0	0.0	0.0
OG0019401	0.0	0.0	0.0	0.0
OG0019402	0.0	0.0	0.0	0.0
OG0019403	0.0	0.0	0.0	0.0
OG0019404	0.0	0.0	0.0	0.0
OG0019405	0.0	0.0	0.0	0.0
OG0019406	0.0	0.0	0.0	0.0
OG0019407	0.0	0.0	0.0	0.0
OG0019408	0.0	0.0	0.0	0.0
OG0019409	0.0	0.0	0.0	0.0
OG0019410	0.0	0.0	0.0	0.0
OG0019411	0.0	0.0	0.0	0.0
OG0019412	0.0	0.0	0.0	0.0
OG0019413	0.0	0.0	0.0	0.0
OG0019414	0.0	0.0	0.0	0.0
OG0019415	0.0	0.0	0.0	0.0
OG0019416	0.0	0.0	0.0	0.0
OG0019417	0.0	0.0	0.0	0.0
OG0019418	0.0	0.0	0.0	0.0
OG0019419	0.0	0.0	0.0	0.0
OG0019420	0.0	0.0	0.0	0.0
OG0019421	0.0	0.0	0.0	0.0
OG0019422	0.0	0.0	0.0	0.0
OG0019423	0.0	0.0	0.0	0.0
OG0019424	0.0	0.0	0.0	0.0
OG0019425	0.0	0.0	0.0	0.0
OG0019426	0.0	0.0	0.0	0.0
OG0019427	0.0	0.0	0.0	0.0
OG0019428	0.0	0.0	0.0	0.0
OG0019429	0.0	0.0	0.0	0.0
OG0019430	0.0	0.0	0.0	0.0
OG0019431	0.0	0.0	0.0	0.0
OG0019432	0.0	0.0	0.0	0.0
OG0019433	0.0	0.0	0.0	0.0
OG0019434	0.0	0.0	0.0	0.0
OG0019435	0.0	0.0	0.0	0.0
OG0019436	0.0	0.0	0.0	0.0
OG0019437	0.0	0.0	0.0	0.0
OG0019438	0.0	0.0	0.0	0.0
OG0019439	0.0	0.0	0.0	0.0
OG0019440	0.0	0.0	0.0	0.0
OG0019441	0.0	0.0	0.0	0.0
OG0019442	0.0	0.0	0.0	0.0
OG0019443	0.0	0.0	0.0	0.0
OG0019444	0.0	0.0	0.0	0.0
OG0019445	0.0	0.0	0.0	0.0
OG0019446	0.0	0.0	0.0	0.0
OG0019447	0.0	0.0	0.0	0.0
OG0019448	0.0	0.0	0.0	0.0
OG0019449	0.0	0.0	0.0	0.0
OG0019450	0.0	0.0	0.0	0.0
OG0019451	0.0	0.0	0.0	0.0
OG0019452	0.0	0.0	0.0	0.0
OG0019453	0.0	0.0	0.0	0.0
OG0019454	0.0	0.0	0.0	0.0
OG0019455	0.0	0.0	0.0	0.0
OG0019456	0.0	0.0	0.0	0.0
OG0019457	0.0	0.0	0.0	0.0
OG0019458	0.0	0.0	0.0	0.0
OG0019459	0.0	0.0	0.0	0.0
OG0019460	0.0	0.0	0.0	0.0
OG0019461	0.0	0.0	0.0	0.0
OG0019462	0.0	0.0	0.0	0.0
OG0019463	0.0	0.0	0.0	0.0
OG0019464	0.0	0.0	0.0	0.0
OG0019465	0.0	0.0	0.0	0.0
OG0019466	0.0	0.0	0.0	0.0
OG0019467	0.0	0.0	0.0	0.0
OG0019468	0.0	0.0	0.0	0.0
OG0019469	0.0	0.0	0.0	0.0
OG0019470	0.0	0.0	0.0	0.0
OG0019471	0.0	0.0	0.0	0.0
OG0019472	0.0	0.0	0.0	0.0
OG0019473	0.0	0.0	0.0	0.0
OG0019474	0.0	0.0	0.0	0.0
OG0019475	0.0	0.0	0.0	0.0
OG0019476	0.0	0.0	0.0	0.0
OG0019477	0.0	0.0	0.0	0.0
OG0019478	0.0	0.0	0.0	0.0
OG0019480	0.0	0.0	0.0	0.0
OG0019482	0.0	0.0	0.0	0.0
OG0019483	0.0	0.0	0.0	0.0
OG0019484	0.0	0.0	0.0	0.0
OG0019485	0.0	0.0	0.0	0.0
OG0019486	0.0	0.0	0.0	0.0
OG0019487	0.0	0.0	0.0	0.0
OG0019488	0.0	0.0	0.0	0.0
OG0019489	0.0	0.0	0.0	0.0
OG0019490	0.0	0.0	0.0	0.0
OG0019494	0.0	0.0	0.0	0.0
OG0019495	0.0	0.0	0.0	0.0
OG0019496	0.0	0.0	0.0	0.0
OG0019497	0.0	0.0	0.0	0.0
OG0019498	0.0	0.0	0.0	0.0
OG0019499	0.0	0.0	0.0	0.0
OG0019500	0.0	0.0	0.0	0.0
OG0019501	0.0	0.0	0.0	0.0
OG0019502	0.0	0.0	0.0	0.0
OG0019503	0.0	0.0	0.0	0.0
OG0019504	0.0	0.0	0.0	0.0
OG0019505	0.0	0.0	0.0	0.0
OG0019506	0.0	0.0	0.0	0.0
OG0019507	0.0	0.0	0.0	0.0
OG0019508	0.0	0.0	0.0	0.0
OG0019509	0.0	0.0	0.0	0.0
OG0019510	0.0	0.0	0.0	0.0
OG0019511	0.0	0.0	0.0	0.0
OG0019512	0.0	0.0	0.0	0.0
OG0019513	0.0	0.0	0.0	0.0
OG0019514	0.0	0.0	0.0	0.0
OG0019519	0.0	0.0	0.0	0.0
OG0019520	0.0	0.0	0.0	0.0
OG0019521	0.0	0.0	0.0	0.0
OG0019523	0.0	0.0	0.0	0.0
OG0019524	0.0	0.0	0.0	0.0
OG0019526	0.0	0.0	0.0	0.0
OG0019527	0.0	0.0	0.0	0.0
OG0019528	0.0	0.0	0.0	0.0
OG0019529	0.0	0.0	0.0	0.0
OG0019530	0.0	0.0	0.0	0.0
OG0019531	0.0	0.0	0.0	0.0
OG0019532	0.0	0.0	0.0	0.0
OG0019607	0.0	0.0	0.0	0.0
OG0019622	0.0	0.0	0.0	0.0
OG0019663	0.0	0.0	0.0	0.0
OG0019669	0.0	0.0	0.0	0.0
OG0019685	0.0	0.0	0.0	0.0
OG0019728	0.0	0.0	0.0	0.0
OG0019729	0.0	0.0	0.0	0.0
OG0019730	0.0	0.0	0.0	0.0
OG0019731	0.0	0.0	0.0	0.0
OG0019732	0.0	0.0	0.0	0.0
OG0019734	0.0	0.0	0.0	0.0
OG0019735	0.0	0.0	0.0	0.0
OG0019736	0.0	0.0	0.0	0.0
OG0019737	0.0	0.0	0.0	0.0
OG0019738	0.0	0.0	0.0	0.0
OG0019739	0.0	0.0	0.0	0.0
OG0019740	0.0	0.0	0.0	0.0
OG0019741	0.0	0.0	0.0	0.0
OG0019742	0.0	0.0	0.0	0.0
OG0019743	0.0	0.0	0.0	0.0
OG0019744	0.0	0.0	0.0	0.0
OG0019745	0.0	0.0	0.0	0.0
OG0019746	0.0	0.0	0.0	0.0
OG0019747	0.0	0.0	0.0	0.0
OG0019748	0.0	0.0	0.0	0.0
OG0019749	0.0	0.0	0.0	0.0
OG0019750	0.0	0.0	0.0	0.0
OG0019751	0.0	0.0	0.0	0.0
OG0019752	0.0	0.0	0.0	0.0
OG0019753	0.0	0.0	0.0	0.0
OG0019754	0.0	0.0	0.0	0.0
OG0019755	0.0	0.0	0.0	0.0
OG0019757	0.0	0.0	0.0	0.0
OG0019758	0.0	0.0	0.0	0.0
OG0019759	0.0	0.0	0.0	0.0
OG0019760	0.0	0.0	0.0	0.0
OG0019761	0.0	0.0	0.0	0.0
OG0019762	0.0	0.0	0.0	0.0
OG0019764	0.0	0.0	0.0	0.0
OG0019769	0.0	0.0	0.0	0.0
OG0019770	0.0	0.0	0.0	0.0
OG0019771	0.0	0.0	0.0	0.0
OG0019772	0.0	0.0	0.0	0.0
OG0019773	0.0	0.0	0.0	0.0
OG0019775	0.0	0.0	0.0	0.0
OG0019776	0.0	0.0	0.0	0.0
OG0019777	0.0	0.0	0.0	0.0
OG0019778	0.0	0.0	0.0	0.0
OG0019779	0.0	0.0	0.0	0.0
OG0019780	0.0	0.0	0.0	0.0
OG0019781	0.0	0.0	0.0	0.0
OG0019782	0.0	0.0	0.0	0.0
OG0019783	0.0	0.0	0.0	0.0
OG0019784	0.0	0.0	0.0	0.0
OG0019785	0.0	0.0	0.0	0.0
OG0019786	0.0	0.0	0.0	0.0
OG0019787	0.0	0.0	0.0	0.0
OG0019788	0.0	0.0	0.0	0.0
OG0019789	0.0	0.0	0.0	0.0
OG0019790	0.0	0.0	0.0	0.0
OG0019791	0.0	0.0	0.0	0.0
OG0019792	0.0	0.0	0.0	0.0
OG0019793	0.0	0.0	0.0	0.0
OG0019794	0.0	0.0	0.0	0.0
OG0019796	0.0	0.0	0.0	0.0
OG0019797	0.0	0.0	0.0	0.0
OG0019799	0.0	0.0	0.0	0.0
OG0019800	0.0	0.0	0.0	0.0
OG0019801	0.0	0.0	0.0	0.0
OG0019802	0.0	0.0	0.0	0.0
OG0019803	0.0	0.0	0.0	0.0
OG0019804	0.0	0.0	0.0	0.0
OG0019805	0.0	0.0	0.0	0.0
OG0019806	0.0	0.0	0.0	0.0
OG0019807	0.0	0.0	0.0	0.0
OG0019808	0.0	0.0	0.0	0.0
OG0019809	0.0	0.0	0.0	0.0
OG0019811	0.0	0.0	0.0	0.0
OG0019812	0.0	0.0	0.0	0.0
OG0019813	0.0	0.0	0.0	0.0
OG0019814	0.0	0.0	0.0	0.0
OG0019815	0.0	0.0	0.0	0.0
OG0019816	0.0	0.0	0.0	0.0
OG0019817	0.0	0.0	0.0	0.0
OG0019818	0.0	0.0	0.0	0.0
OG0019819	0.0	0.0	0.0	0.0
OG0019820	0.0	0.0	0.0	0.0
OG0019821	0.0	0.0	0.0	0.0
OG0019825	0.0	0.0	0.0	0.0
OG0019826	0.0	0.0	0.0	0.0
OG0019827	0.0	0.0	0.0	0.0
OG0019828	0.0	0.0	0.0	0.0
OG0019829	0.0	0.0	0.0	0.0
OG0019830	0.0	0.0	0.0	0.0
OG0019831	0.0	0.0	0.0	0.0
OG0019833	0.0	0.0	0.0	0.0
OG0019834	0.0	0.0	0.0	0.0
OG0019835	0.0	0.0	0.0	0.0
OG0019836	0.0	0.0	0.0	0.0
OG0019837	0.0	0.0	0.0	0.0
OG0019838	0.0	0.0	0.0	0.0
OG0019839	0.0	0.0	0.0	0.0
OG0019840	0.0	0.0	0.0	0.0
OG0019842	0.0	0.0	0.0	0.0
OG0019843	0.0	0.0	0.0	0.0
OG0019844	0.0	0.0	0.0	0.0
OG0019845	0.0	0.0	0.0	0.0
OG0019846	0.0	0.0	0.0	0.0
OG0019847	0.0	0.0	0.0	0.0
OG0019848	0.0	0.0	0.0	0.0
OG0019849	0.0	0.0	0.0	0.0
OG0019850	0.0	0.0	0.0	0.0
OG0019851	0.0	0.0	0.0	0.0
OG0019852	0.0	0.0	0.0	0.0
OG0019853	0.0	0.0	0.0	0.0
OG0019854	0.0	0.0	0.0	0.0
OG0019855	0.0	0.0	0.0	0.0
OG0019857	0.0	0.0	0.0	0.0
OG0019858	0.0	0.0	0.0	0.0
OG0019860	0.0	0.0	0.0	0.0
OG0019861	0.0	0.0	0.0	0.0
OG0019862	0.0	0.0	0.0	0.0
OG0019864	0.0	0.0	0.0	0.0
OG0019865	0.0	0.0	0.0	0.0
OG0019866	0.0	0.0	0.0	0.0
OG0019867	0.0	0.0	0.0	0.0
OG0019868	0.0	0.0	0.0	0.0
OG0019869	0.0	0.0	0.0	0.0
OG0019872	0.0	0.0	0.0	0.0
OG0019873	0.0	0.0	0.0	0.0
OG0019874	0.0	0.0	0.0	0.0
OG0019875	0.0	0.0	0.0	0.0
OG0019876	0.0	0.0	0.0	0.0
OG0019877	0.0	0.0	0.0	0.0
OG0019878	0.0	0.0	0.0	0.0
OG0019880	0.0	0.0	0.0	0.0
OG0019881	0.0	0.0	0.0	0.0
OG0019882	0.0	0.0	0.0	0.0
OG0019883	0.0	0.0	0.0	0.0
OG0019885	0.0	0.0	0.0	0.0
OG0019886	0.0	0.0	0.0	0.0
OG0019887	0.0	0.0	0.0	0.0
OG0019889	0.0	0.0	0.0	0.0
OG0019890	0.0	0.0	0.0	0.0
OG0019892	0.0	0.0	0.0	0.0
OG0019893	0.0	0.0	0.0	0.0
OG0019894	0.0	0.0	0.0	0.0
OG0019895	0.0	0.0	0.0	0.0
OG0019896	0.0	0.0	0.0	0.0
OG0019897	0.0	0.0	0.0	0.0
OG0019898	0.0	0.0	0.0	0.0
OG0019899	0.0	0.0	0.0	0.0
OG0019900	0.0	0.0	0.0	0.0
OG0019901	0.0	0.0	0.0	0.0
OG0019902	0.0	0.0	0.0	0.0
OG0019903	0.0	0.0	0.0	0.0
OG0019904	0.0	0.0	0.0	0.0
OG0019905	0.0	0.0	0.0	0.0
OG0019907	0.0	0.0	0.0	0.0
OG0019908	0.0	0.0	0.0	0.0
OG0019909	0.0	0.0	0.0	0.0
OG0019910	0.0	0.0	0.0	0.0
OG0019912	0.0	0.0	0.0	0.0
OG0019913	0.0	0.0	0.0	0.0
OG0019914	0.0	0.0	0.0	0.0
OG0019915	0.0	0.0	0.0	0.0
OG0019916	0.0	0.0	0.0	0.0
OG0019917	0.0	0.0	0.0	0.0
OG0019918	0.0	0.0	0.0	0.0
OG0019919	0.0	0.0	0.0	0.0
OG0019920	0.0	0.0	0.0	0.0
OG0019921	0.0	0.0	0.0	0.0
OG0019922	0.0	0.0	0.0	0.0
OG0019924	0.0	0.0	0.0	0.0
OG0019925	0.0	0.0	0.0	0.0
OG0019926	0.0	0.0	0.0	0.0
OG0019927	0.0	0.0	0.0	0.0
OG0019929	0.0	0.0	0.0	0.0
OG0019930	0.0	0.0	0.0	0.0
OG0019931	0.0	0.0	0.0	0.0
OG0019932	0.0	0.0	0.0	0.0
OG0019933	0.0	0.0	0.0	0.0
OG0019934	0.0	0.0	0.0	0.0
OG0019935	0.0	0.0	0.0	0.0
OG0019936	0.0	0.0	0.0	0.0
OG0019938	0.0	0.0	0.0	0.0
OG0019939	0.0	0.0	0.0	0.0
OG0019940	0.0	0.0	0.0	0.0
OG0019942	0.0	0.0	0.0	0.0
OG0019945	0.0	0.0	0.0	0.0
OG0019946	0.0	0.0	0.0	0.0
OG0019947	0.0	0.0	0.0	0.0
OG0019950	0.0	0.0	0.0	0.0
OG0019951	0.0	0.0	0.0	0.0
OG0019952	0.0	0.0	0.0	0.0
OG0019953	0.0	0.0	0.0	0.0
OG0019954	0.0	0.0	0.0	0.0
OG0019956	0.0	0.0	0.0	0.0
OG0019957	0.0	0.0	0.0	0.0
OG0019961	0.0	0.0	0.0	0.0
OG0019962	0.0	0.0	0.0	0.0
OG0019963	0.0	0.0	0.0	0.0
OG0019964	0.0	0.0	0.0	0.0
OG0019965	0.0	0.0	0.0	0.0
OG0019966	0.0	0.0	0.0	0.0
OG0019967	0.0	0.0	0.0	0.0
OG0019968	0.0	0.0	0.0	0.0
OG0019970	0.0	0.0	0.0	0.0
OG0019972	0.0	0.0	0.0	0.0
OG0019973	0.0	0.0	0.0	0.0
OG0019975	0.0	0.0	0.0	0.0
OG0019976	0.0	0.0	0.0	0.0
OG0019977	0.0	0.0	0.0	0.0
OG0019978	0.0	0.0	0.0	0.0
OG0019979	0.0	0.0	0.0	0.0
OG0019980	0.0	0.0	0.0	0.0
OG0019982	0.0	0.0	0.0	0.0
OG0019983	0.0	0.0	0.0	0.0
OG0019984	0.0	0.0	0.0	0.0
OG0019985	0.0	0.0	0.0	0.0
OG0019986	0.0	0.0	0.0	0.0
OG0019987	0.0	0.0	0.0	0.0
OG0019988	0.0	0.0	0.0	0.0
OG0019989	0.0	0.0	0.0	0.0
OG0019990	0.0	0.0	0.0	0.0
OG0019991	0.0	0.0	0.0	0.0
OG0019992	0.0	0.0	0.0	0.0
OG0019993	0.0	0.0	0.0	0.0
OG0019994	0.0	0.0	0.0	0.0
OG0019995	0.0	0.0	0.0	0.0
OG0019996	0.0	0.0	0.0	0.0
OG0019997	0.0	0.0	0.0	0.0
OG0020000	0.0	0.0	0.0	0.0
OG0020002	0.0	0.0	0.0	0.0
OG0020008	0.0	0.0	0.0	0.0
OG0020009	0.0	0.0	0.0	0.0
OG0020010	0.0	0.0	0.0	0.0
OG0020011	0.0	0.0	0.0	0.0
OG0020012	0.0	0.0	0.0	0.0
OG0020013	0.0	0.0	0.0	0.0
OG0020014	0.0	0.0	0.0	0.0
OG0020017	0.0	0.0	0.0	0.0
OG0020018	0.0	0.0	0.0	0.0
OG0020020	0.0	0.0	0.0	0.0
OG0020021	0.0	0.0	0.0	0.0
OG0020022	0.0	0.0	0.0	0.0
OG0020023	0.0	0.0	0.0	0.0
OG0020024	0.0	0.0	0.0	0.0
OG0020025	0.0	0.0	0.0	0.0
OG0020026	0.0	0.0	0.0	0.0
OG0020027	0.0	0.0	0.0	0.0
OG0020029	0.0	0.0	0.0	0.0
OG0020030	0.0	0.0	0.0	0.0
OG0020031	0.0	0.0	0.0	0.0
OG0020032	0.0	0.0	0.0	0.0
OG0020034	0.0	0.0	0.0	0.0
OG0020035	0.0	0.0	0.0	0.0
OG0020036	0.0	0.0	0.0	0.0
OG0020037	0.0	0.0	0.0	0.0
OG0020039	0.0	0.0	0.0	0.0
OG0020040	0.0	0.0	0.0	0.0
OG0020041	0.0	0.0	0.0	0.0
OG0020042	0.0	0.0	0.0	0.0
OG0020043	0.0	0.0	0.0	0.0
OG0020045	0.0	0.0	0.0	0.0
OG0020046	0.0	0.0	0.0	0.0
OG0020047	0.0	0.0	0.0	0.0
OG0020048	0.0	0.0	0.0	0.0
OG0020049	0.0	0.0	0.0	0.0
OG0020051	0.0	0.0	0.0	0.0
OG0020052	0.0	0.0	0.0	0.0
OG0020053	0.0	0.0	0.0	0.0
OG0020054	0.0	0.0	0.0	0.0
OG0020055	0.0	0.0	0.0	0.0
OG0020057	0.0	0.0	0.0	0.0
OG0020059	0.0	0.0	0.0	0.0
OG0020060	0.0	0.0	0.0	0.0
OG0020061	0.0	0.0	0.0	0.0
OG0020064	0.0	0.0	0.0	0.0
OG0020066	0.0	0.0	0.0	0.0
OG0020069	0.0	0.0	0.0	0.0
OG0020070	0.0	0.0	0.0	0.0
OG0020072	0.0	0.0	0.0	0.0
OG0020073	0.0	0.0	0.0	0.0
OG0020074	0.0	0.0	0.0	0.0
OG0020075	0.0	0.0	0.0	0.0
OG0020078	0.0	0.0	0.0	0.0
OG0020079	0.0	0.0	0.0	0.0
OG0020080	0.0	0.0	0.0	0.0
OG0020081	0.0	0.0	0.0	0.0
OG0020082	0.0	0.0	0.0	0.0
OG0020085	0.0	0.0	0.0	0.0
OG0020086	0.0	0.0	0.0	0.0
OG0020087	0.0	0.0	0.0	0.0
OG0020088	0.0	0.0	0.0	0.0
OG0020089	0.0	0.0	0.0	0.0
OG0020090	0.0	0.0	0.0	0.0
OG0020092	0.0	0.0	0.0	0.0
OG0020093	0.0	0.0	0.0	0.0
OG0020095	0.0	0.0	0.0	0.0
OG0020096	0.0	0.0	0.0	0.0
OG0020097	0.0	0.0	0.0	0.0
OG0020098	0.0	0.0	0.0	0.0
OG0020099	0.0	0.0	0.0	0.0
OG0020100	0.0	0.0	0.0	0.0
OG0020101	0.0	0.0	0.0	0.0
OG0020102	0.0	0.0	0.0	0.0
OG0020103	0.0	0.0	0.0	0.0
OG0020104	0.0	0.0	0.0	0.0
OG0020105	0.0	0.0	0.0	0.0
OG0020106	0.0	0.0	0.0	0.0
OG0020107	0.0	0.0	0.0	0.0
OG0020108	0.0	0.0	0.0	0.0
OG0020109	0.0	0.0	0.0	0.0
OG0020110	0.0	0.0	0.0	0.0
OG0020112	0.0	0.0	0.0	0.0
OG0020113	0.0	0.0	0.0	0.0
OG0020114	0.0	0.0	0.0	0.0
OG0020115	0.0	0.0	0.0	0.0
OG0020116	0.0	0.0	0.0	0.0
OG0020117	0.0	0.0	0.0	0.0
OG0020118	0.0	0.0	0.0	0.0
OG0020119	0.0	0.0	0.0	0.0
OG0020120	0.0	0.0	0.0	0.0
OG0020121	0.0	0.0	0.0	0.0
OG0020122	0.0	0.0	0.0	0.0
OG0020124	0.0	0.0	0.0	0.0
OG0020126	0.0	0.0	0.0	0.0
OG0020127	0.0	0.0	0.0	0.0
OG0020132	0.0	0.0	0.0	0.0
OG0020133	0.0	0.0	0.0	0.0
OG0020134	0.0	0.0	0.0	0.0
OG0020135	0.0	0.0	0.0	0.0
OG0020136	0.0	0.0	0.0	0.0
OG0020138	0.0	0.0	0.0	0.0
OG0020139	0.0	0.0	0.0	0.0
OG0020140	0.0	0.0	0.0	0.0
OG0020141	0.0	0.0	0.0	0.0
OG0020142	0.0	0.0	0.0	0.0
OG0020144	0.0	0.0	0.0	0.0
OG0020145	0.0	0.0	0.0	0.0
OG0020147	0.0	0.0	0.0	0.0
OG0020148	0.0	0.0	0.0	0.0
OG0020149	0.0	0.0	0.0	0.0
OG0020150	0.0	0.0	0.0	0.0
OG0020152	0.0	0.0	0.0	0.0
OG0020153	0.0	0.0	0.0	0.0
OG0020155	0.0	0.0	0.0	0.0
OG0020156	0.0	0.0	0.0	0.0
OG0020157	0.0	0.0	0.0	0.0
OG0020158	0.0	0.0	0.0	0.0
OG0020159	0.0	0.0	0.0	0.0
OG0020160	0.0	0.0	0.0	0.0
OG0020161	0.0	0.0	0.0	0.0
OG0020162	0.0	0.0	0.0	0.0
OG0020163	0.0	0.0	0.0	0.0
OG0020164	0.0	0.0	0.0	0.0
OG0020165	0.0	0.0	0.0	0.0
OG0020167	0.0	0.0	0.0	0.0
OG0020169	0.0	0.0	0.0	0.0
OG0020171	0.0	0.0	0.0	0.0
OG0020172	0.0	0.0	0.0	0.0
OG0020173	0.0	0.0	0.0	0.0
OG0020175	0.0	0.0	0.0	0.0
OG0020177	0.0	0.0	0.0	0.0
OG0020178	0.0	0.0	0.0	0.0
OG0020179	0.0	0.0	0.0	0.0
OG0020180	0.0	0.0	0.0	0.0
OG0020182	0.0	0.0	0.0	0.0
OG0020183	0.0	0.0	0.0	0.0
OG0020184	0.0	0.0	0.0	0.0
OG0020186	0.0	0.0	0.0	0.0
OG0020187	0.0	0.0	0.0	0.0
OG0020188	0.0	0.0	0.0	0.0
OG0020190	0.0	0.0	0.0	0.0
OG0020191	0.0	0.0	0.0	0.0
OG0020192	0.0	0.0	0.0	0.0
OG0020193	0.0	0.0	0.0	0.0
OG0020195	0.0	0.0	0.0	0.0
OG0020196	0.0	0.0	0.0	0.0
OG0020197	0.0	0.0	0.0	0.0
OG0020198	0.0	0.0	0.0	0.0
OG0020199	0.0	0.0	0.0	0.0
OG0020200	0.0	0.0	0.0	0.0
OG0020202	0.0	0.0	0.0	0.0
OG0020203	0.0	0.0	0.0	0.0
OG0020204	0.0	0.0	0.0	0.0
OG0020206	0.0	0.0	0.0	0.0
OG0020207	0.0	0.0	0.0	0.0
OG0020210	0.0	0.0	0.0	0.0
OG0020212	0.0	0.0	0.0	0.0
OG0020214	0.0	0.0	0.0	0.0
OG0020217	0.0	0.0	0.0	0.0
OG0020219	0.0	0.0	0.0	0.0
OG0020220	0.0	0.0	0.0	0.0
OG0020223	0.0	0.0	0.0	0.0
OG0020224	0.0	0.0	0.0	0.0
OG0020226	0.0	0.0	0.0	0.0
OG0020228	0.0	0.0	0.0	0.0
OG0020229	0.0	0.0	0.0	0.0
OG0020230	0.0	0.0	0.0	0.0
OG0020233	0.0	0.0	0.0	0.0
OG0020234	0.0	0.0	0.0	0.0
OG0020235	0.0	0.0	0.0	0.0
OG0020237	0.0	0.0	0.0	0.0
OG0020238	0.0	0.0	0.0	0.0
OG0020240	0.0	0.0	0.0	0.0
OG0020241	0.0	0.0	0.0	0.0
OG0020242	0.0	0.0	0.0	0.0
OG0020243	0.0	0.0	0.0	0.0
OG0020244	0.0	0.0	0.0	0.0
OG0020245	0.0	0.0	0.0	0.0
OG0020246	0.0	0.0	0.0	0.0
OG0020247	0.0	0.0	0.0	0.0
OG0020248	0.0	0.0	0.0	0.0
OG0020249	0.0	0.0	0.0	0.0
OG0020250	0.0	0.0	0.0	0.0
OG0020251	0.0	0.0	0.0	0.0
OG0020252	0.0	0.0	0.0	0.0
OG0020256	0.0	0.0	0.0	0.0
OG0020257	0.0	0.0	0.0	0.0
OG0020258	0.0	0.0	0.0	0.0
OG0020259	0.0	0.0	0.0	0.0
OG0020262	0.0	0.0	0.0	0.0
OG0020263	0.0	0.0	0.0	0.0
OG0020265	0.0	0.0	0.0	0.0
OG0020267	0.0	0.0	0.0	0.0
OG0020268	0.0	0.0	0.0	0.0
OG0020269	0.0	0.0	0.0	0.0
OG0020270	0.0	0.0	0.0	0.0
OG0020271	0.0	0.0	0.0	0.0
OG0020272	0.0	0.0	0.0	0.0
OG0020274	0.0	0.0	0.0	0.0
OG0020275	0.0	0.0	0.0	0.0
OG0020277	0.0	0.0	0.0	0.0
OG0020278	0.0	0.0	0.0	0.0
OG0020280	0.0	0.0	0.0	0.0
OG0020281	0.0	0.0	0.0	0.0
OG0020283	0.0	0.0	0.0	0.0
OG0020284	0.0	0.0	0.0	0.0
OG0020285	0.0	0.0	0.0	0.0
OG0020286	0.0	0.0	0.0	0.0
OG0020287	0.0	0.0	0.0	0.0
OG0020288	0.0	0.0	0.0	0.0
OG0020289	0.0	0.0	0.0	0.0
OG0020290	0.0	0.0	0.0	0.0
OG0020291	0.0	0.0	0.0	0.0
OG0020292	0.0	0.0	0.0	0.0
OG0020293	0.0	0.0	0.0	0.0
OG0020295	0.0	0.0	0.0	0.0
OG0020298	0.0	0.0	0.0	0.0
OG0020299	0.0	0.0	0.0	0.0
OG0020301	0.0	0.0	0.0	0.0
OG0020302	0.0	0.0	0.0	0.0
OG0020303	0.0	0.0	0.0	0.0
OG0020304	0.0	0.0	0.0	0.0
OG0020305	0.0	0.0	0.0	0.0
OG0020307	0.0	0.0	0.0	0.0
OG0020308	0.0	0.0	0.0	0.0
OG0020309	0.0	0.0	0.0	0.0
OG0020310	0.0	0.0	0.0	0.0
OG0020311	0.0	0.0	0.0	0.0
OG0020313	0.0	0.0	0.0	0.0
OG0020315	0.0	0.0	0.0	0.0
OG0020316	0.0	0.0	0.0	0.0
OG0020317	0.0	0.0	0.0	0.0
OG0020318	0.0	0.0	0.0	0.0
OG0020319	0.0	0.0	0.0	0.0
OG0020320	0.0	0.0	0.0	0.0
OG0020321	0.0	0.0	0.0	0.0
OG0020325	0.0	0.0	0.0	0.0
OG0020327	0.0	0.0	0.0	0.0
OG0020328	0.0	0.0	0.0	0.0
OG0020329	0.0	0.0	0.0	0.0
OG0020330	0.0	0.0	0.0	0.0
OG0020331	0.0	0.0	0.0	0.0
OG0020332	0.0	0.0	0.0	0.0
OG0020333	0.0	0.0	0.0	0.0
OG0020334	0.0	0.0	0.0	0.0
OG0020335	0.0	0.0	0.0	0.0
OG0020336	0.0	0.0	0.0	0.0
OG0020337	0.0	0.0	0.0	0.0
OG0020339	0.0	0.0	0.0	0.0
OG0020340	0.0	0.0	0.0	0.0
OG0020342	0.0	0.0	0.0	0.0
OG0020343	0.0	0.0	0.0	0.0
OG0020344	0.0	0.0	0.0	0.0
OG0020345	0.0	0.0	0.0	0.0
OG0020346	0.0	0.0	0.0	0.0
OG0020347	0.0	0.0	0.0	0.0
OG0020348	0.0	0.0	0.0	0.0
OG0020349	0.0	0.0	0.0	0.0
OG0020350	0.0	0.0	0.0	0.0
OG0020351	0.0	0.0	0.0	0.0
OG0020355	0.0	0.0	0.0	0.0
OG0020356	0.0	0.0	0.0	0.0
OG0020357	0.0	0.0	0.0	0.0
OG0020358	0.0	0.0	0.0	0.0
OG0020359	0.0	0.0	0.0	0.0
OG0020360	0.0	0.0	0.0	0.0
OG0020361	0.0	0.0	0.0	0.0
OG0020362	0.0	0.0	0.0	0.0
OG0020363	0.0	0.0	0.0	0.0
OG0020364	0.0	0.0	0.0	0.0
OG0020365	0.0	0.0	0.0	0.0
OG0020366	0.0	0.0	0.0	0.0
OG0020369	0.0	0.0	0.0	0.0
OG0020370	0.0	0.0	0.0	0.0
OG0020371	0.0	0.0	0.0	0.0
OG0020372	0.0	0.0	0.0	0.0
OG0020373	0.0	0.0	0.0	0.0
OG0020374	0.0	0.0	0.0	0.0
OG0020375	0.0	0.0	0.0	0.0
OG0020376	0.0	0.0	0.0	0.0
OG0020377	0.0	0.0	0.0	0.0
OG0020379	0.0	0.0	0.0	0.0
OG0020380	0.0	0.0	0.0	0.0
OG0020381	0.0	0.0	0.0	0.0
OG0020384	0.0	0.0	0.0	0.0
OG0020385	0.0	0.0	0.0	0.0
OG0020387	0.0	0.0	0.0	0.0
OG0020388	0.0	0.0	0.0	0.0
OG0020389	0.0	0.0	0.0	0.0
OG0020390	0.0	0.0	0.0	0.0
OG0020392	0.0	0.0	0.0	0.0
OG0020393	0.0	0.0	0.0	0.0
OG0020395	0.0	0.0	0.0	0.0
OG0020396	0.0	0.0	0.0	0.0
OG0020397	0.0	0.0	0.0	0.0
OG0020398	0.0	0.0	0.0	0.0
OG0020399	0.0	0.0	0.0	0.0
OG0020401	0.0	0.0	0.0	0.0
OG0020402	0.0	0.0	0.0	0.0
OG0020403	0.0	0.0	0.0	0.0
OG0020404	0.0	0.0	0.0	0.0
OG0020405	0.0	0.0	0.0	0.0
OG0020406	0.0	0.0	0.0	0.0
OG0020407	0.0	0.0	0.0	0.0
OG0020408	0.0	0.0	0.0	0.0
OG0020409	0.0	0.0	0.0	0.0
OG0020410	0.0	0.0	0.0	0.0
OG0020411	0.0	0.0	0.0	0.0
OG0020412	0.0	0.0	0.0	0.0
OG0020413	0.0	0.0	0.0	0.0
OG0020414	0.0	0.0	0.0	0.0
OG0020415	0.0	0.0	0.0	0.0
OG0020416	0.0	0.0	0.0	0.0
OG0020417	0.0	0.0	0.0	0.0
OG0020418	0.0	0.0	0.0	0.0
OG0020419	0.0	0.0	0.0	0.0
OG0020420	0.0	0.0	0.0	0.0
OG0020421	0.0	0.0	0.0	0.0
OG0020422	0.0	0.0	0.0	0.0
OG0020423	0.0	0.0	0.0	0.0
OG0020424	0.0	0.0	0.0	0.0
OG0020425	0.0	0.0	0.0	0.0
OG0020426	0.0	0.0	0.0	0.0
OG0020427	0.0	0.0	0.0	0.0
OG0020428	0.0	0.0	0.0	0.0
OG0020429	0.0	0.0	0.0	0.0
OG0020431	0.0	0.0	0.0	0.0
OG0020432	0.0	0.0	0.0	0.0
OG0020434	0.0	0.0	0.0	0.0
OG0020435	0.0	0.0	0.0	0.0
OG0020437	0.0	0.0	0.0	0.0
OG0020438	0.0	0.0	0.0	0.0
OG0020439	0.0	0.0	0.0	0.0
OG0020440	0.0	0.0	0.0	0.0
OG0020441	0.0	0.0	0.0	0.0
OG0020442	0.0	0.0	0.0	0.0
OG0020443	0.0	0.0	0.0	0.0
OG0020444	0.0	0.0	0.0	0.0
OG0020446	0.0	0.0	0.0	0.0
OG0020448	0.0	0.0	0.0	0.0
OG0020449	0.0	0.0	0.0	0.0
OG0020450	0.0	0.0	0.0	0.0
OG0020452	0.0	0.0	0.0	0.0
OG0020454	0.0	0.0	0.0	0.0
OG0020455	0.0	0.0	0.0	0.0
OG0020456	0.0	0.0	0.0	0.0
OG0020457	0.0	0.0	0.0	0.0
OG0020458	0.0	0.0	0.0	0.0
OG0020459	0.0	0.0	0.0	0.0
OG0020460	0.0	0.0	0.0	0.0
OG0020461	0.0	0.0	0.0	0.0
OG0020462	0.0	0.0	0.0	0.0
OG0020463	0.0	0.0	0.0	0.0
OG0020464	0.0	0.0	0.0	0.0
OG0020465	0.0	0.0	0.0	0.0
OG0020467	0.0	0.0	0.0	0.0
OG0020468	0.0	0.0	0.0	0.0
OG0020469	0.0	0.0	0.0	0.0
OG0020470	0.0	0.0	0.0	0.0
OG0020471	0.0	0.0	0.0	0.0
OG0020472	0.0	0.0	0.0	0.0
OG0020473	0.0	0.0	0.0	0.0
OG0020474	0.0	0.0	0.0	0.0
OG0020476	0.0	0.0	0.0	0.0
OG0020477	0.0	0.0	0.0	0.0
OG0020478	0.0	0.0	0.0	0.0
OG0020479	0.0	0.0	0.0	0.0
OG0020480	0.0	0.0	0.0	0.0
OG0020481	0.0	0.0	0.0	0.0
OG0020482	0.0	0.0	0.0	0.0
OG0020483	0.0	0.0	0.0	0.0
OG0020484	0.0	0.0	0.0	0.0
OG0020485	0.0	0.0	0.0	0.0
OG0020486	0.0	0.0	0.0	0.0
OG0020487	0.0	0.0	0.0	0.0
OG0020488	0.0	0.0	0.0	0.0
OG0020489	0.0	0.0	0.0	0.0
OG0020490	0.0	0.0	0.0	0.0
OG0020491	0.0	0.0	0.0	0.0
OG0020492	0.0	0.0	0.0	0.0
OG0020493	0.0	0.0	0.0	0.0
OG0020494	0.0	0.0	0.0	0.0
OG0020495	0.0	0.0	0.0	0.0
OG0020496	0.0	0.0	0.0	0.0
OG0020497	0.0	0.0	0.0	0.0
OG0020498	0.0	0.0	0.0	0.0
OG0020499	0.0	0.0	0.0	0.0
OG0020500	0.0	0.0	0.0	0.0
OG0020502	0.0	0.0	0.0	0.0
OG0020503	0.0	0.0	0.0	0.0
OG0020504	0.0	0.0	0.0	0.0
OG0020505	0.0	0.0	0.0	0.0
OG0020506	0.0	0.0	0.0	0.0
OG0020508	0.0	0.0	0.0	0.0
OG0020509	0.0	0.0	0.0	0.0
OG0020510	0.0	0.0	0.0	0.0
OG0020511	0.0	0.0	0.0	0.0
OG0020513	0.0	0.0	0.0	0.0
OG0020515	0.0	0.0	0.0	0.0
OG0020516	0.0	0.0	0.0	0.0
OG0020517	0.0	0.0	0.0	0.0
OG0020518	0.0	0.0	0.0	0.0
OG0020519	0.0	0.0	0.0	0.0
OG0020520	0.0	0.0	0.0	0.0
OG0020521	0.0	0.0	0.0	0.0
OG0020522	0.0	0.0	0.0	0.0
OG0020523	0.0	0.0	0.0	0.0
OG0020525	0.0	0.0	0.0	0.0
OG0020526	0.0	0.0	0.0	0.0
OG0020527	0.0	0.0	0.0	0.0
OG0020528	0.0	0.0	0.0	0.0
OG0020529	0.0	0.0	0.0	0.0
OG0020530	0.0	0.0	0.0	0.0
OG0020531	0.0	0.0	0.0	0.0
OG0020533	0.0	0.0	0.0	0.0
OG0020534	0.0	0.0	0.0	0.0
OG0020535	0.0	0.0	0.0	0.0
OG0020536	0.0	0.0	0.0	0.0
OG0020537	0.0	0.0	0.0	0.0
OG0020538	0.0	0.0	0.0	0.0
OG0020539	0.0	0.0	0.0	0.0
OG0020540	0.0	0.0	0.0	0.0
OG0020541	0.0	0.0	0.0	0.0
OG0020542	0.0	0.0	0.0	0.0
OG0020543	0.0	0.0	0.0	0.0
OG0020544	0.0	0.0	0.0	0.0
OG0020545	0.0	0.0	0.0	0.0
OG0020546	0.0	0.0	0.0	0.0
OG0020547	0.0	0.0	0.0	0.0
OG0020549	0.0	0.0	0.0	0.0
OG0020550	0.0	0.0	0.0	0.0
OG0020551	0.0	0.0	0.0	0.0
OG0020553	0.0	0.0	0.0	0.0
OG0020555	0.0	0.0	0.0	0.0
OG0020556	0.0	0.0	0.0	0.0
OG0020557	0.0	0.0	0.0	0.0
OG0020558	0.0	0.0	0.0	0.0
OG0020559	0.0	0.0	0.0	0.0
OG0020560	0.0	0.0	0.0	0.0
OG0020562	0.0	0.0	0.0	0.0
OG0020563	0.0	0.0	0.0	0.0
OG0020564	0.0	0.0	0.0	0.0
OG0020565	0.0	0.0	0.0	0.0
OG0020566	0.0	0.0	0.0	0.0
OG0020567	0.0	0.0	0.0	0.0
OG0020568	0.0	0.0	0.0	0.0
OG0020569	0.0	0.0	0.0	0.0
OG0020571	0.0	0.0	0.0	0.0
OG0020578	0.0	0.0	0.0	0.0
OG0020580	0.0	0.0	0.0	0.0
OG0020581	0.0	0.0	0.0	0.0
OG0020584	0.0	0.0	0.0	0.0
OG0020585	0.0	0.0	0.0	0.0
OG0020588	0.0	0.0	0.0	0.0
OG0020589	0.0	0.0	0.0	0.0
OG0020598	0.0	0.0	0.0	0.0
OG0020602	0.0	0.0	0.0	0.0
OG0020611	0.0	0.0	0.0	0.0
OG0020612	0.0	0.0	0.0	0.0
OG0020613	0.0	0.0	0.0	0.0
OG0020616	0.0	0.0	0.0	0.0
OG0020617	0.0	0.0	0.0	0.0
OG0020618	0.0	0.0	0.0	0.0
OG0020619	0.0	0.0	0.0	0.0
OG0020620	0.0	0.0	0.0	0.0
OG0020621	0.0	0.0	0.0	0.0
OG0020622	0.0	0.0	0.0	0.0
OG0020623	0.0	0.0	0.0	0.0
OG0020624	0.0	0.0	0.0	0.0
OG0020626	0.0	0.0	0.0	0.0
OG0020666	0.0	0.0	0.0	0.0
OG0020667	0.0	0.0	0.0	0.0
OG0020694	0.0	0.0	0.0	0.0
OG0020702	0.0	0.0	0.0	0.0
OG0020705	0.0	0.0	0.0	0.0
OG0020725	0.0	0.0	0.0	0.0
OG0020730	0.0	0.0	0.0	0.0
OG0020735	0.0	0.0	0.0	0.0
OG0020736	0.0	0.0	0.0	0.0
OG0020737	0.0	0.0	0.0	0.0
OG0020742	0.0	0.0	0.0	0.0
OG0020748	0.0	0.0	0.0	0.0
OG0020765	0.0	0.0	0.0	0.0
OG0020769	0.0	0.0	0.0	0.0
OG0020772	0.0	0.0	0.0	0.0
OG0020775	0.0	0.0	0.0	0.0
OG0020778	0.0	0.0	0.0	0.0
OG0020784	0.0	0.0	0.0	0.0
OG0020785	0.0	0.0	0.0	0.0
OG0020787	0.0	0.0	0.0	0.0
OG0020790	0.0	0.0	0.0	0.0
OG0020795	0.0	0.0	0.0	0.0
OG0020799	0.0	0.0	0.0	0.0
OG0020802	0.0	0.0	0.0	0.0
OG0020803	0.0	0.0	0.0	0.0
OG0020804	0.0	0.0	0.0	0.0
OG0020805	0.0	0.0	0.0	0.0
OG0020809	0.0	0.0	0.0	0.0
OG0020813	0.0	0.0	0.0	0.0
OG0020816	0.0	0.0	0.0	0.0
OG0020817	0.0	0.0	0.0	0.0
OG0020821	0.0	0.0	0.0	0.0
OG0020823	0.0	0.0	0.0	0.0
OG0020824	0.0	0.0	0.0	0.0
OG0020825	0.0	0.0	0.0	0.0
OG0020826	0.0	0.0	0.0	0.0
OG0020827	0.0	0.0	0.0	0.0
OG0020828	0.0	0.0	0.0	0.0
OG0020829	0.0	0.0	0.0	0.0
OG0020830	0.0	0.0	0.0	0.0
OG0020831	0.0	0.0	0.0	0.0
OG0020833	0.0	0.0	0.0	0.0
OG0020834	0.0	0.0	0.0	0.0
OG0020837	0.0	0.0	0.0	0.0
OG0020838	0.0	0.0	0.0	0.0
OG0020839	0.0	0.0	0.0	0.0
OG0020841	0.0	0.0	0.0	0.0
OG0020842	0.0	0.0	0.0	0.0
OG0020843	0.0	0.0	0.0	0.0
OG0020896	0.0	0.0	0.0	0.0
OG0020915	0.0	0.0	0.0	0.0
OG0020920	0.0	0.0	0.0	0.0
OG0020923	0.0	0.0	0.0	0.0
OG0020925	0.0	0.0	0.0	0.0
OG0020926	0.0	0.0	0.0	0.0
OG0020931	0.0	0.0	0.0	0.0
OG0020942	0.0	0.0	0.0	0.0
OG0020949	0.0	0.0	0.0	0.0
OG0020954	0.0	0.0	0.0	0.0
OG0020955	0.0	0.0	0.0	0.0
OG0020961	0.0	0.0	0.0	0.0
OG0020964	0.0	0.0	0.0	0.0
OG0020968	0.0	0.0	0.0	0.0
OG0020969	0.0	0.0	0.0	0.0
OG0020970	0.0	0.0	0.0	0.0
OG0020980	0.0	0.0	0.0	0.0
OG0020983	0.0	0.0	0.0	0.0
OG0020986	0.0	0.0	0.0	0.0
OG0020994	0.0	0.0	0.0	0.0
OG0020997	0.0	0.0	0.0	0.0
OG0020999	0.0	0.0	0.0	0.0
OG0021001	0.0	0.0	0.0	0.0
OG0021002	0.0	0.0	0.0	0.0
OG0021006	0.0	0.0	0.0	0.0
OG0021009	0.0	0.0	0.0	0.0
OG0021084	0.0	0.0	0.0	0.0
OG0021116	0.0	0.0	0.0	0.0
OG0021117	0.0	0.0	0.0	0.0
OG0021121	0.0	0.0	0.0	0.0
OG0021122	0.0	0.0	0.0	0.0
OG0021123	0.0	0.0	0.0	0.0
OG0021124	0.0	0.0	0.0	0.0
OG0021125	0.0	0.0	0.0	0.0
OG0021126	0.0	0.0	0.0	0.0
OG0021128	0.0	0.0	0.0	0.0
OG0021129	0.0	0.0	0.0	0.0
OG0021130	0.0	0.0	0.0	0.0
OG0021131	0.0	0.0	0.0	0.0
OG0021132	0.0	0.0	0.0	0.0
OG0021133	0.0	0.0	0.0	0.0
OG0021134	0.0	0.0	0.0	0.0
OG0021139	0.0	0.0	0.0	0.0
OG0021140	0.0	0.0	0.0	0.0
OG0021141	0.0	0.0	0.0	0.0
OG0021142	0.0	0.0	0.0	0.0
OG0021143	0.0	0.0	0.0	0.0
OG0021145	0.0	0.0	0.0	0.0
OG0021146	0.0	0.0	0.0	0.0
OG0021147	0.0	0.0	0.0	0.0
OG0021148	0.0	0.0	0.0	0.0
OG0021149	0.0	0.0	0.0	0.0
OG0021151	0.0	0.0	0.0	0.0
OG0021153	0.0	0.0	0.0	0.0
OG0021154	0.0	0.0	0.0	0.0
OG0021156	0.0	0.0	0.0	0.0
OG0021159	0.0	0.0	0.0	0.0
OG0021160	0.0	0.0	0.0	0.0
OG0021161	0.0	0.0	0.0	0.0
OG0021162	0.0	0.0	0.0	0.0
OG0021163	0.0	0.0	0.0	0.0
OG0021164	0.0	0.0	0.0	0.0
OG0021165	0.0	0.0	0.0	0.0
OG0021166	0.0	0.0	0.0	0.0
OG0021167	0.0	0.0	0.0	0.0
OG0021168	0.0	0.0	0.0	0.0
OG0021169	0.0	0.0	0.0	0.0
OG0021170	0.0	0.0	0.0	0.0
OG0021171	0.0	0.0	0.0	0.0
OG0021172	0.0	0.0	0.0	0.0
OG0021175	0.0	0.0	0.0	0.0
OG0021177	0.0	0.0	0.0	0.0
OG0021178	0.0	0.0	0.0	0.0
OG0021179	0.0	0.0	0.0	0.0
OG0021180	0.0	0.0	0.0	0.0
OG0021181	0.0	0.0	0.0	0.0
OG0021184	0.0	0.0	0.0	0.0
OG0021185	0.0	0.0	0.0	0.0
OG0021188	0.0	0.0	0.0	0.0
OG0021189	0.0	0.0	0.0	0.0
OG0021190	0.0	0.0	0.0	0.0
OG0021191	0.0	0.0	0.0	0.0
OG0021192	0.0	0.0	0.0	0.0
OG0021193	0.0	0.0	0.0	0.0
OG0021194	0.0	0.0	0.0	0.0
OG0021196	0.0	0.0	0.0	0.0
OG0021197	0.0	0.0	0.0	0.0
OG0021198	0.0	0.0	0.0	0.0
OG0021199	0.0	0.0	0.0	0.0
OG0021200	0.0	0.0	0.0	0.0
OG0021203	0.0	0.0	0.0	0.0
OG0021204	0.0	0.0	0.0	0.0
OG0021205	0.0	0.0	0.0	0.0
OG0021206	0.0	0.0	0.0	0.0
OG0021207	0.0	0.0	0.0	0.0
OG0021208	0.0	0.0	0.0	0.0
OG0021209	0.0	0.0	0.0	0.0
OG0021210	0.0	0.0	0.0	0.0
OG0021211	0.0	0.0	0.0	0.0
OG0021212	0.0	0.0	0.0	0.0
OG0021213	0.0	0.0	0.0	0.0
OG0021215	0.0	0.0	0.0	0.0
OG0021216	0.0	0.0	0.0	0.0
OG0021217	0.0	0.0	0.0	0.0
OG0021218	0.0	0.0	0.0	0.0
OG0021219	0.0	0.0	0.0	0.0
OG0021220	0.0	0.0	0.0	0.0
OG0021221	0.0	0.0	0.0	0.0
OG0021222	0.0	0.0	0.0	0.0
OG0021223	0.0	0.0	0.0	0.0
OG0021225	0.0	0.0	0.0	0.0
OG0021226	0.0	0.0	0.0	0.0
OG0021228	0.0	0.0	0.0	0.0
OG0021230	0.0	0.0	0.0	0.0
OG0021231	0.0	0.0	0.0	0.0
OG0021233	0.0	0.0	0.0	0.0
OG0021237	0.0	0.0	0.0	0.0
OG0021240	0.0	0.0	0.0	0.0
OG0021241	0.0	0.0	0.0	0.0
OG0021244	0.0	0.0	0.0	0.0
OG0021247	0.0	0.0	0.0	0.0
OG0021248	0.0	0.0	0.0	0.0
OG0021250	0.0	0.0	0.0	0.0
OG0021251	0.0	0.0	0.0	0.0
OG0021252	0.0	0.0	0.0	0.0
OG0021253	0.0	0.0	0.0	0.0
OG0021255	0.0	0.0	0.0	0.0
OG0021258	0.0	0.0	0.0	0.0
OG0021261	0.0	0.0	0.0	0.0
OG0021262	0.0	0.0	0.0	0.0
OG0021264	0.0	0.0	0.0	0.0
OG0021265	0.0	0.0	0.0	0.0
OG0021266	0.0	0.0	0.0	0.0
OG0021269	0.0	0.0	0.0	0.0
OG0021270	0.0	0.0	0.0	0.0
OG0021271	0.0	0.0	0.0	0.0
OG0021273	0.0	0.0	0.0	0.0
OG0021274	0.0	0.0	0.0	0.0
OG0021275	0.0	0.0	0.0	0.0
OG0021276	0.0	0.0	0.0	0.0
OG0021277	0.0	0.0	0.0	0.0
OG0021278	0.0	0.0	0.0	0.0
OG0021281	0.0	0.0	0.0	0.0
OG0021282	0.0	0.0	0.0	0.0
OG0021284	0.0	0.0	0.0	0.0
OG0021285	0.0	0.0	0.0	0.0
OG0021286	0.0	0.0	0.0	0.0
OG0021287	0.0	0.0	0.0	0.0
OG0021288	0.0	0.0	0.0	0.0
OG0021290	0.0	0.0	0.0	0.0
OG0021293	0.0	0.0	0.0	0.0
OG0021294	0.0	0.0	0.0	0.0
OG0021295	0.0	0.0	0.0	0.0
OG0021296	0.0	0.0	0.0	0.0
OG0021297	0.0	0.0	0.0	0.0
OG0021298	0.0	0.0	0.0	0.0
OG0021299	0.0	0.0	0.0	0.0
OG0021300	0.0	0.0	0.0	0.0
OG0021301	0.0	0.0	0.0	0.0
OG0021302	0.0	0.0	0.0	0.0
OG0021303	0.0	0.0	0.0	0.0
OG0021305	0.0	0.0	0.0	0.0
OG0021306	0.0	0.0	0.0	0.0
OG0021307	0.0	0.0	0.0	0.0
OG0021309	0.0	0.0	0.0	0.0
OG0021310	0.0	0.0	0.0	0.0
OG0021311	0.0	0.0	0.0	0.0
OG0021314	0.0	0.0	0.0	0.0
OG0021316	0.0	0.0	0.0	0.0
OG0021317	0.0	0.0	0.0	0.0
OG0021318	0.0	0.0	0.0	0.0
OG0021321	0.0	0.0	0.0	0.0
OG0021322	0.0	0.0	0.0	0.0
OG0021327	0.0	0.0	0.0	0.0
OG0021328	0.0	0.0	0.0	0.0
OG0021329	0.0	0.0	0.0	0.0
OG0021330	0.0	0.0	0.0	0.0
OG0021332	0.0	0.0	0.0	0.0
OG0021333	0.0	0.0	0.0	0.0
OG0021334	0.0	0.0	0.0	0.0
OG0021335	0.0	0.0	0.0	0.0
OG0021337	0.0	0.0	0.0	0.0
OG0021338	0.0	0.0	0.0	0.0
OG0021340	0.0	0.0	0.0	0.0
OG0021341	0.0	0.0	0.0	0.0
OG0021343	0.0	0.0	0.0	0.0
OG0021344	0.0	0.0	0.0	0.0
OG0021346	0.0	0.0	0.0	0.0
OG0021347	0.0	0.0	0.0	0.0
OG0021349	0.0	0.0	0.0	0.0
OG0021350	0.0	0.0	0.0	0.0
OG0021351	0.0	0.0	0.0	0.0
OG0021352	0.0	0.0	0.0	0.0
OG0021353	0.0	0.0	0.0	0.0
OG0021354	0.0	0.0	0.0	0.0
OG0021360	0.0	0.0	0.0	0.0
OG0021361	0.0	0.0	0.0	0.0
OG0021362	0.0	0.0	0.0	0.0
OG0021363	0.0	0.0	0.0	0.0
OG0021365	0.0	0.0	0.0	0.0
OG0021368	0.0	0.0	0.0	0.0
OG0021369	0.0	0.0	0.0	0.0
OG0021371	0.0	0.0	0.0	0.0
OG0021373	0.0	0.0	0.0	0.0
OG0021375	0.0	0.0	0.0	0.0
OG0021376	0.0	0.0	0.0	0.0
OG0021377	0.0	0.0	0.0	0.0
OG0021379	0.0	0.0	0.0	0.0
OG0021380	0.0	0.0	0.0	0.0
OG0021381	0.0	0.0	0.0	0.0
OG0021382	0.0	0.0	0.0	0.0
OG0021383	0.0	0.0	0.0	0.0
OG0021384	0.0	0.0	0.0	0.0
OG0021385	0.0	0.0	0.0	0.0
OG0021386	0.0	0.0	0.0	0.0
OG0021387	0.0	0.0	0.0	0.0
OG0021388	0.0	0.0	0.0	0.0
OG0021389	0.0	0.0	0.0	0.0
OG0021390	0.0	0.0	0.0	0.0
OG0021391	0.0	0.0	0.0	0.0
OG0021393	0.0	0.0	0.0	0.0
OG0021394	0.0	0.0	0.0	0.0
OG0021395	0.0	0.0	0.0	0.0
OG0021396	0.0	0.0	0.0	0.0
OG0021397	0.0	0.0	0.0	0.0
OG0021398	0.0	0.0	0.0	0.0
OG0021399	0.0	0.0	0.0	0.0
OG0021400	0.0	0.0	0.0	0.0
OG0021401	0.0	0.0	0.0	0.0
OG0021402	0.0	0.0	0.0	0.0
OG0021403	0.0	0.0	0.0	0.0
OG0021404	0.0	0.0	0.0	0.0
OG0021405	0.0	0.0	0.0	0.0
OG0021406	0.0	0.0	0.0	0.0
OG0021407	0.0	0.0	0.0	0.0
OG0021408	0.0	0.0	0.0	0.0
OG0021409	0.0	0.0	0.0	0.0
OG0021410	0.0	0.0	0.0	0.0
OG0021413	0.0	0.0	0.0	0.0
OG0021414	0.0	0.0	0.0	0.0
OG0021416	0.0	0.0	0.0	0.0
OG0021418	0.0	0.0	0.0	0.0
OG0021420	0.0	0.0	0.0	0.0
OG0021421	0.0	0.0	0.0	0.0
OG0021422	0.0	0.0	0.0	0.0
OG0021423	0.0	0.0	0.0	0.0
OG0021424	0.0	0.0	0.0	0.0
OG0021425	0.0	0.0	0.0	0.0
OG0021426	0.0	0.0	0.0	0.0
OG0021427	0.0	0.0	0.0	0.0
OG0021428	0.0	0.0	0.0	0.0
OG0021429	0.0	0.0	0.0	0.0
OG0021430	0.0	0.0	0.0	0.0
OG0021431	0.0	0.0	0.0	0.0
OG0021432	0.0	0.0	0.0	0.0
OG0021433	0.0	0.0	0.0	0.0
OG0021434	0.0	0.0	0.0	0.0
OG0021438	0.0	0.0	0.0	0.0
OG0021442	0.0	0.0	0.0	0.0
OG0021443	0.0	0.0	0.0	0.0
OG0021444	0.0	0.0	0.0	0.0
OG0021445	0.0	0.0	0.0	0.0
OG0021446	0.0	0.0	0.0	0.0
OG0021447	0.0	0.0	0.0	0.0
OG0021448	0.0	0.0	0.0	0.0
OG0021449	0.0	0.0	0.0	0.0
OG0021450	0.0	0.0	0.0	0.0
OG0021452	0.0	0.0	0.0	0.0
OG0021453	0.0	0.0	0.0	0.0
OG0021481	0.0	0.0	0.0	0.0
OG0021522	0.0	0.0	0.0	0.0
OG0021547	0.0	0.0	0.0	0.0
OG0021552	0.0	0.0	0.0	0.0
OG0021570	0.0	0.0	0.0	0.0
OG0021571	0.0	0.0	0.0	0.0
OG0021572	0.0	0.0	0.0	0.0
OG0021582	0.0	0.0	0.0	0.0
OG0021583	0.0	0.0	0.0	0.0
OG0021584	0.0	0.0	0.0	0.0
OG0021594	0.0	0.0	0.0	0.0
OG0021598	0.0	0.0	0.0	0.0
OG0021602	0.0	0.0	0.0	0.0
OG0021603	0.0	0.0	0.0	0.0
OG0021605	0.0	0.0	0.0	0.0
OG0021613	0.0	0.0	0.0	0.0
OG0021622	0.0	0.0	0.0	0.0
OG0021623	0.0	0.0	0.0	0.0
OG0021624	0.0	0.0	0.0	0.0
OG0021626	0.0	0.0	0.0	0.0
OG0021628	0.0	0.0	0.0	0.0
OG0021629	0.0	0.0	0.0	0.0
OG0021631	0.0	0.0	0.0	0.0
OG0021632	0.0	0.0	0.0	0.0
OG0021635	0.0	0.0	0.0	0.0
OG0021636	0.0	0.0	0.0	0.0
OG0021686	0.0	0.0	0.0	0.0
OG0021694	0.0	0.0	0.0	0.0
OG0021739	0.0	0.0	0.0	0.0
OG0021769	0.0	0.0	0.0	0.0
OG0021795	0.0	0.0	0.0	0.0
OG0021836	0.0	0.0	0.0	0.0
OG0021840	0.0	0.0	0.0	0.0
OG0021913	0.0	0.0	0.0	0.0
OG0021980	0.0	0.0	0.0	0.0
OG0022036	0.0	0.0	0.0	0.0
OG0022040	0.0	0.0	0.0	0.0
OG0022378	0.0	0.0	0.0	0.0
OG0022379	0.0	0.0	0.0	0.0
OG0022383	0.0	0.0	0.0	0.0
OG0022384	0.0	0.0	0.0	0.0
OG0022385	0.0	0.0	0.0	0.0
OG0022388	0.0	0.0	0.0	0.0
OG0022390	0.0	0.0	0.0	0.0
OG0022392	0.0	0.0	0.0	0.0
OG0022393	0.0	0.0	0.0	0.0
OG0022395	0.0	0.0	0.0	0.0
OG0022396	0.0	0.0	0.0	0.0
OG0022397	0.0	0.0	0.0	0.0
OG0022399	0.0	0.0	0.0	0.0
OG0022400	0.0	0.0	0.0	0.0
OG0022401	0.0	0.0	0.0	0.0
OG0022403	0.0	0.0	0.0	0.0
OG0022404	0.0	0.0	0.0	0.0
OG0022405	0.0	0.0	0.0	0.0
OG0022406	0.0	0.0	0.0	0.0
OG0022408	0.0	0.0	0.0	0.0
OG0022409	0.0	0.0	0.0	0.0
OG0022410	0.0	0.0	0.0	0.0
OG0022412	0.0	0.0	0.0	0.0
OG0022413	0.0	0.0	0.0	0.0
OG0022414	0.0	0.0	0.0	0.0
OG0022416	0.0	0.0	0.0	0.0
OG0022417	0.0	0.0	0.0	0.0
OG0022418	0.0	0.0	0.0	0.0
OG0022419	0.0	0.0	0.0	0.0
OG0022420	0.0	0.0	0.0	0.0
OG0022421	0.0	0.0	0.0	0.0
OG0022422	0.0	0.0	0.0	0.0
OG0022424	0.0	0.0	0.0	0.0
OG0022425	0.0	0.0	0.0	0.0
OG0022426	0.0	0.0	0.0	0.0
OG0022432	0.0	0.0	0.0	0.0
OG0022433	0.0	0.0	0.0	0.0
OG0022434	0.0	0.0	0.0	0.0
OG0022435	0.0	0.0	0.0	0.0
OG0022442	0.0	0.0	0.0	0.0
OG0022443	0.0	0.0	0.0	0.0
OG0022444	0.0	0.0	0.0	0.0
OG0022446	0.0	0.0	0.0	0.0
OG0022447	0.0	0.0	0.0	0.0
OG0022448	0.0	0.0	0.0	0.0
OG0022451	0.0	0.0	0.0	0.0
OG0022454	0.0	0.0	0.0	0.0
OG0022456	0.0	0.0	0.0	0.0
OG0022459	0.0	0.0	0.0	0.0
