OG	HG	GOs
OG0006981	HG_6982	
OG0003687	HG_3688	GO:0000002,GO:0005575,GO:0005622,GO:0005623,GO:0005737,GO:0005739,GO:0006276,GO:0006996,GO:0007005,GO:0008150,GO:0009987,GO:0016043,GO:0043226,GO:0043227,GO:0043229,GO:0043231,GO:0044424,GO:0044444,GO:0044464,GO:0071840,GO:0003674,GO:0003824,GO:0004333,GO:0005759,GO:0005829,GO:0006082,GO:0006091,GO:0006099,GO:0006101,GO:0006106,GO:0006108,GO:0008152,GO:0009060,GO:0015980,GO:0016829,GO:0016835,GO:0016836,GO:0016999,GO:0017144,GO:0019752,GO:0031974,GO:0043233,GO:0043436,GO:0043648,GO:0044237,GO:0044238,GO:0044281,GO:0044422,GO:0044429,GO:0044446,GO:0045333,GO:0055114,GO:0070013,GO:0071704,GO:0072350
OG0005751	HG_5752	
OG0007680	HG_7681	
OG0004257	HG_4258	GO:0003674,GO:0003824,GO:0005575,GO:0005622,GO:0005623,GO:0005694,GO:0006325,GO:0006355,GO:0006357,GO:0006464,GO:0006482,GO:0006807,GO:0006996,GO:0008150,GO:0008152,GO:0008214,GO:0009889,GO:0009987,GO:0010468,GO:0010556,GO:0016043,GO:0016569,GO:0016570,GO:0016577,GO:0016740,GO:0019219,GO:0019222,GO:0019538,GO:0019787,GO:0031323,GO:0031326,GO:0032991,GO:0033169,GO:0033193,GO:0036211,GO:0043170,GO:0043226,GO:0043228,GO:0043229,GO:0043232,GO:0043412,GO:0044237,GO:0044238,GO:0044260,GO:0044267,GO:0044422,GO:0044424,GO:0044427,GO:0044446,GO:0044464,GO:0050789,GO:0050794,GO:0051171,GO:0051252,GO:0051276,GO:0060255,GO:0061659,GO:0065007,GO:0070076,GO:0070647,GO:0070988,GO:0071704,GO:0071840,GO:0080090,GO:0140096,GO:1901564,GO:1903506,GO:2000112,GO:2001141,GO:0000123,GO:0000228,GO:0000785,GO:0000790,GO:0001672,GO:0004402,GO:0005634,GO:0005654,GO:0005737,GO:0006342,GO:0006348,GO:0006473,GO:0006475,GO:0008080,GO:0009890,GO:0009891,GO:0009892,GO:0009893,GO:0010484,GO:0010557,GO:0010558,GO:0010604,GO:0010605,GO:0010628,GO:0010629,GO:0010639,GO:0010847,GO:0016407,GO:0016410,GO:0016458,GO:0016573,GO:0016746,GO:0016747,GO:0018193,GO:0018205,GO:0018393,GO:0018394,GO:0030466,GO:0030702,GO:0031248,GO:0031324,GO:0031325,GO:0031327,GO:0031328,GO:0031445,GO:0031452,GO:0031454,GO:0031935,GO:0031936,GO:0031938,GO:0031939,GO:0031974,GO:0031981,GO:0033043,GO:0033044,GO:0033100,GO:0033696,GO:0034212,GO:0034401,GO:0036408,GO:0036409,GO:0036410,GO:0040029,GO:0043227,GO:0043231,GO:0043233,GO:0043543,GO:0043954,GO:0043966,GO:0044087,GO:0044154,GO:0044428,GO:0044451,GO:0044454,GO:0045798,GO:0045814,GO:0045815,GO:0045892,GO:0045893,GO:0045934,GO:0045935,GO:0048518,GO:0048519,GO:0048522,GO:0048523,GO:0051128,GO:0051129,GO:0051172,GO:0051173,GO:0051253,GO:0051254,GO:0051445,GO:0051726,GO:0060968,GO:0060969,GO:0061733,GO:0070013,GO:0070775,GO:0070827,GO:0070828,GO:0070829,GO:0070868,GO:0070870,GO:0097549,GO:1902275,GO:1902368,GO:1902493,GO:1902494,GO:1902679,GO:1902680,GO:1903507,GO:1903508,GO:1905268,GO:1990141,GO:1990234,GO:1990467,GO:1990468,GO:2000113,GO:2000241,GO:2001251
OG0003332	HG_3333	GO:0000003,GO:0000741,GO:0000742,GO:0000746,GO:0000747,GO:0001403,GO:0003674,GO:0005215,GO:0005319,GO:0005488,GO:0005496,GO:0005543,GO:0005545,GO:0005575,GO:0005622,GO:0005623,GO:0005737,GO:0005783,GO:0005829,GO:0005886,GO:0005938,GO:0006810,GO:0006869,GO:0006887,GO:0006897,GO:0006914,GO:0006996,GO:0006997,GO:0007124,GO:0007163,GO:0008142,GO:0008150,GO:0008152,GO:0008289,GO:0009056,GO:0009893,GO:0009987,GO:0010562,GO:0010876,GO:0010921,GO:0010922,GO:0012505,GO:0015248,GO:0015850,GO:0015918,GO:0016020,GO:0016043,GO:0016049,GO:0016192,GO:0016237,GO:0019220,GO:0019222,GO:0019953,GO:0022414,GO:0030011,GO:0030447,GO:0031323,GO:0031325,GO:0031984,GO:0032365,GO:0032541,GO:0032934,GO:0032940,GO:0032991,GO:0033036,GO:0034727,GO:0035091,GO:0035303,GO:0035306,GO:0035621,GO:0035627,GO:0036267,GO:0040007,GO:0042886,GO:0043085,GO:0043167,GO:0043168,GO:0043226,GO:0043227,GO:0043229,GO:0043231,GO:0044093,GO:0044182,GO:0044237,GO:0044248,GO:0044422,GO:0044424,GO:0044432,GO:0044444,GO:0044446,GO:0044448,GO:0044464,GO:0044703,GO:0044764,GO:0044804,GO:0045937,GO:0046903,GO:0046907,GO:0048284,GO:0048518,GO:0048522,GO:0050789,GO:0050790,GO:0050794,GO:0051174,GO:0051179,GO:0051234,GO:0051336,GO:0051345,GO:0051641,GO:0051649,GO:0051704,GO:0061024,GO:0061919,GO:0065007,GO:0065009,GO:0070783,GO:0071702,GO:0071705,GO:0071782,GO:0071840,GO:0071944,GO:0097159,GO:0098657,GO:0098827,GO:0099568,GO:0120009,GO:0120011
OG0006409	HG_6410	GO:0003674,GO:0003824,GO:0005575,GO:0006629,GO:0008150,GO:0008152,GO:0009966,GO:0010646,GO:0016020,GO:0016298,GO:0016787,GO:0016788,GO:0023051,GO:0044238,GO:0047372,GO:0048583,GO:0050789,GO:0050794,GO:0052689,GO:0065007,GO:0071704
OG0009087	HG_9088	
OG0004886	HG_4887	
OG0005003	HG_5004	
OG0004119	HG_4120	GO:0000002,GO:0000166,GO:0001882,GO:0001883,GO:0003674,GO:0003676,GO:0003723,GO:0003746,GO:0003824,GO:0003924,GO:0005488,GO:0005525,GO:0005575,GO:0005622,GO:0005623,GO:0005737,GO:0005739,GO:0005829,GO:0006412,GO:0006414,GO:0006518,GO:0006807,GO:0006996,GO:0007005,GO:0008135,GO:0008150,GO:0008152,GO:0009058,GO:0009059,GO:0009987,GO:0010467,GO:0016043,GO:0016462,GO:0016787,GO:0016817,GO:0016818,GO:0017076,GO:0017111,GO:0019001,GO:0019538,GO:0022411,GO:0032543,GO:0032549,GO:0032550,GO:0032553,GO:0032555,GO:0032561,GO:0032790,GO:0032984,GO:0032988,GO:0034641,GO:0034645,GO:0035639,GO:0036094,GO:0042391,GO:0043043,GO:0043167,GO:0043168,GO:0043170,GO:0043226,GO:0043227,GO:0043229,GO:0043231,GO:0043603,GO:0043604,GO:0043933,GO:0044237,GO:0044238,GO:0044249,GO:0044260,GO:0044267,GO:0044271,GO:0044424,GO:0044444,GO:0044464,GO:0051881,GO:0065007,GO:0065008,GO:0070125,GO:0071704,GO:0071826,GO:0071840,GO:0097159,GO:0097367,GO:0140053,GO:1901265,GO:1901363,GO:1901564,GO:1901566,GO:1901576,GO:1903008
OG0011975	HG_11976	
OG0005497	HG_5498	GO:0000184,GO:0000956,GO:0002181,GO:0002262,GO:0002376,GO:0002520,GO:0003674,GO:0003735,GO:0005198,GO:0005575,GO:0005622,GO:0005623,GO:0005737,GO:0005783,GO:0005789,GO:0005791,GO:0005829,GO:0005840,GO:0005844,GO:0006139,GO:0006364,GO:0006396,GO:0006401,GO:0006402,GO:0006412,GO:0006413,GO:0006518,GO:0006605,GO:0006612,GO:0006613,GO:0006614,GO:0006725,GO:0006807,GO:0006810,GO:0006886,GO:0007275,GO:0008104,GO:0008150,GO:0008152,GO:0009056,GO:0009057,GO:0009058,GO:0009059,GO:0009719,GO:0009725,GO:0009892,GO:0009987,GO:0010033,GO:0010467,GO:0010468,GO:0010605,GO:0010629,GO:0012505,GO:0014070,GO:0015031,GO:0015833,GO:0015934,GO:0016020,GO:0016070,GO:0016071,GO:0016072,GO:0019222,GO:0019439,GO:0019538,GO:0022613,GO:0022625,GO:0022626,GO:0030097,GO:0030099,GO:0030154,GO:0030218,GO:0030684,GO:0030687,GO:0030867,GO:0031090,GO:0031960,GO:0031984,GO:0032501,GO:0032502,GO:0032991,GO:0033036,GO:0033365,GO:0033993,GO:0034101,GO:0034470,GO:0034613,GO:0034641,GO:0034645,GO:0034655,GO:0034660,GO:0042175,GO:0042221,GO:0042254,GO:0042592,GO:0042788,GO:0042886,GO:0043043,GO:0043170,GO:0043226,GO:0043227,GO:0043228,GO:0043229,GO:0043231,GO:0043232,GO:0043603,GO:0043604,GO:0044085,GO:0044237,GO:0044238,GO:0044248,GO:0044249,GO:0044260,GO:0044265,GO:0044267,GO:0044270,GO:0044271,GO:0044391,GO:0044422,GO:0044424,GO:0044425,GO:0044432,GO:0044444,GO:0044445,GO:0044446,GO:0044464,GO:0045047,GO:0045184,GO:0046483,GO:0046700,GO:0046907,GO:0048513,GO:0048519,GO:0048534,GO:0048545,GO:0048731,GO:0048856,GO:0048869,GO:0048872,GO:0050789,GO:0050896,GO:0051179,GO:0051234,GO:0051385,GO:0051641,GO:0051649,GO:0060255,GO:0065007,GO:0065008,GO:0070727,GO:0070972,GO:0071702,GO:0071704,GO:0071705,GO:0071840,GO:0072594,GO:0072599,GO:0072657,GO:0090150,GO:0090304,GO:0097305,GO:0098552,GO:0098554,GO:0098556,GO:0098562,GO:0098588,GO:0098827,GO:1901360,GO:1901361,GO:1901564,GO:1901566,GO:1901575,GO:1901576,GO:1901654,GO:1901700,GO:1904044,GO:1990904
OG0006604	HG_6605	GO:0000001,GO:0005575,GO:0005622,GO:0005623,GO:0005634,GO:0005737,GO:0005739,GO:0005740,GO:0005743,GO:0006873,GO:0006996,GO:0007005,GO:0008150,GO:0009987,GO:0016020,GO:0016043,GO:0019216,GO:0019220,GO:0019222,GO:0019725,GO:0019866,GO:0031090,GO:0031323,GO:0031966,GO:0031967,GO:0031975,GO:0042592,GO:0043226,GO:0043227,GO:0043229,GO:0043231,GO:0044422,GO:0044424,GO:0044429,GO:0044444,GO:0044446,GO:0044464,GO:0048308,GO:0048311,GO:0048878,GO:0050789,GO:0050794,GO:0050801,GO:0051174,GO:0051179,GO:0051640,GO:0051641,GO:0051646,GO:0055082,GO:0065007,GO:0065008,GO:0071840,GO:0080090,GO:1900208,GO:1903725
OG0001413	HG_1414	
OG0006155	HG_6156	
OG0004726	HG_4727	GO:0005575,GO:0005622,GO:0005623,GO:0005737,GO:0005739,GO:0005740,GO:0005743,GO:0006996,GO:0007005,GO:0007006,GO:0008104,GO:0008150,GO:0009987,GO:0016020,GO:0016021,GO:0016043,GO:0019866,GO:0031090,GO:0031224,GO:0031300,GO:0031301,GO:0031304,GO:0031305,GO:0031966,GO:0031967,GO:0031975,GO:0032592,GO:0032978,GO:0032979,GO:0033036,GO:0033365,GO:0034613,GO:0043226,GO:0043227,GO:0043229,GO:0043231,GO:0044422,GO:0044424,GO:0044425,GO:0044429,GO:0044444,GO:0044446,GO:0044455,GO:0044464,GO:0045184,GO:0051179,GO:0051204,GO:0051205,GO:0051234,GO:0051641,GO:0051649,GO:0061024,GO:0070585,GO:0070727,GO:0071840,GO:0072594,GO:0072655,GO:0072657,GO:0090150,GO:0098573
OG0003069	HG_3070	GO:0003674,GO:0003824,GO:0004553,GO:0004559,GO:0005975,GO:0005996,GO:0006013,GO:0008150,GO:0008152,GO:0009056,GO:0015923,GO:0016052,GO:0016787,GO:0016798,GO:0019309,GO:0019318,GO:0019320,GO:0044238,GO:0044281,GO:0044282,GO:0046365,GO:0071704,GO:1901575
OG0002348	HG_2349	GO:0000322,GO:0000323,GO:0000324,GO:0003674,GO:0005215,GO:0005575,GO:0005622,GO:0005623,GO:0005737,GO:0005773,GO:0005886,GO:0005887,GO:0006605,GO:0006623,GO:0006810,GO:0006811,GO:0006820,GO:0006855,GO:0006873,GO:0006885,GO:0006886,GO:0007034,GO:0008104,GO:0008150,GO:0008509,GO:0009987,GO:0015031,GO:0015075,GO:0015103,GO:0015238,GO:0015318,GO:0015562,GO:0015698,GO:0015833,GO:0015893,GO:0016020,GO:0016021,GO:0019725,GO:0022804,GO:0022857,GO:0030003,GO:0030004,GO:0030641,GO:0031224,GO:0031226,GO:0033036,GO:0033365,GO:0034220,GO:0034613,GO:0035445,GO:0042221,GO:0042493,GO:0042592,GO:0042886,GO:0043226,GO:0043227,GO:0043229,GO:0043231,GO:0044424,GO:0044425,GO:0044444,GO:0044459,GO:0044464,GO:0045184,GO:0046713,GO:0046715,GO:0046907,GO:0048878,GO:0050801,GO:0050896,GO:0051179,GO:0051234,GO:0051453,GO:0051641,GO:0051649,GO:0055067,GO:0055080,GO:0055082,GO:0055085,GO:0065007,GO:0065008,GO:0070727,GO:0071702,GO:0071705,GO:0071944,GO:0072594,GO:0072665,GO:0072666,GO:0080139,GO:0098656,GO:0098660,GO:0098661,GO:0098771,GO:0140115,GO:0140159
OG0005554	HG_5555	GO:0000491,GO:0000493,GO:0003674,GO:0005488,GO:0005515,GO:0005575,GO:0005622,GO:0005623,GO:0005634,GO:0005654,GO:0005730,GO:0005737,GO:0005829,GO:0006139,GO:0006364,GO:0006396,GO:0006725,GO:0006807,GO:0008150,GO:0008152,GO:0009987,GO:0010467,GO:0016043,GO:0016070,GO:0016072,GO:0022607,GO:0022613,GO:0022618,GO:0031974,GO:0031981,GO:0034470,GO:0034622,GO:0034641,GO:0034660,GO:0042254,GO:0043170,GO:0043226,GO:0043227,GO:0043228,GO:0043229,GO:0043231,GO:0043232,GO:0043233,GO:0043933,GO:0044085,GO:0044237,GO:0044238,GO:0044422,GO:0044424,GO:0044428,GO:0044444,GO:0044446,GO:0044464,GO:0046483,GO:0051082,GO:0065003,GO:0070013,GO:0071704,GO:0071826,GO:0071840,GO:0090304,GO:1901360
OG0000120	HG_121	GO:0003674,GO:0003824,GO:0006508,GO:0006807,GO:0008150,GO:0008152,GO:0008233,GO:0008236,GO:0008238,GO:0008240,GO:0016787,GO:0017171,GO:0019538,GO:0043170,GO:0044238,GO:0070011,GO:0071704,GO:0140096,GO:1901564,GO:0000724,GO:0000725,GO:0004407,GO:0005575,GO:0005622,GO:0005623,GO:0005634,GO:0006082,GO:0006139,GO:0006259,GO:0006281,GO:0006302,GO:0006310,GO:0006325,GO:0006342,GO:0006348,GO:0006355,GO:0006464,GO:0006476,GO:0006629,GO:0006631,GO:0006725,GO:0006950,GO:0006974,GO:0006996,GO:0009889,GO:0009890,GO:0009892,GO:0009987,GO:0010468,GO:0010556,GO:0010558,GO:0010570,GO:0010605,GO:0010629,GO:0016043,GO:0016458,GO:0016569,GO:0016570,GO:0016575,GO:0016810,GO:0016811,GO:0017136,GO:0019213,GO:0019219,GO:0019222,GO:0019752,GO:0030447,GO:0031323,GO:0031324,GO:0031326,GO:0031327,GO:0032787,GO:0033554,GO:0033558,GO:0034641,GO:0034979,GO:0035601,GO:0036166,GO:0036211,GO:0040007,GO:0040008,GO:0040029,GO:0043226,GO:0043227,GO:0043229,GO:0043231,GO:0043412,GO:0043436,GO:0044182,GO:0044237,GO:0044255,GO:0044260,GO:0044267,GO:0044281,GO:0044424,GO:0044464,GO:0045814,GO:0045892,GO:0045926,GO:0045934,GO:0046459,GO:0046483,GO:0048519,GO:0048523,GO:0050789,GO:0050794,GO:0050896,GO:0051171,GO:0051172,GO:0051252,GO:0051253,GO:0051276,GO:0051716,GO:0060255,GO:0060258,GO:0065007,GO:0070932,GO:0071572,GO:0071840,GO:0080090,GO:0090304,GO:0098732,GO:1900239,GO:1900428,GO:1900429,GO:1901360,GO:1902679,GO:1903506,GO:1903507,GO:1990414,GO:2000112,GO:2000113,GO:2001141
OG0009515	HG_9516	
OG0004236	HG_4237	
OG0005152	HG_5153	
OG0003893	HG_3894	GO:0000322,GO:0000323,GO:0000324,GO:0000329,GO:0003674,GO:0003824,GO:0004430,GO:0005575,GO:0005622,GO:0005623,GO:0005737,GO:0005764,GO:0005765,GO:0005768,GO:0005773,GO:0005774,GO:0005794,GO:0005802,GO:0005886,GO:0006629,GO:0006644,GO:0006650,GO:0006793,GO:0006796,GO:0006996,GO:0007030,GO:0007032,GO:0008150,GO:0008152,GO:0009987,GO:0010256,GO:0012505,GO:0016020,GO:0016043,GO:0016050,GO:0016301,GO:0016310,GO:0016740,GO:0016772,GO:0016773,GO:0019637,GO:0023052,GO:0030258,GO:0031090,GO:0031410,GO:0031982,GO:0031984,GO:0043226,GO:0043227,GO:0043229,GO:0043231,GO:0044237,GO:0044238,GO:0044255,GO:0044422,GO:0044424,GO:0044431,GO:0044437,GO:0044444,GO:0044446,GO:0044464,GO:0046486,GO:0046488,GO:0046834,GO:0046854,GO:0052742,GO:0071704,GO:0071840,GO:0071944,GO:0097708,GO:0098588,GO:0098791,GO:0098805,GO:0098852
OG0004180	HG_4181	GO:0003674,GO:0003824,GO:0004672,GO:0004740,GO:0005575,GO:0005622,GO:0005623,GO:0005737,GO:0005739,GO:0006464,GO:0006468,GO:0006793,GO:0006796,GO:0006807,GO:0008150,GO:0008152,GO:0009892,GO:0009987,GO:0015976,GO:0016301,GO:0016310,GO:0016740,GO:0016772,GO:0016773,GO:0018105,GO:0018193,GO:0018209,GO:0019222,GO:0019538,GO:0036211,GO:0043086,GO:0043170,GO:0043226,GO:0043227,GO:0043229,GO:0043231,GO:0043412,GO:0044092,GO:0044237,GO:0044238,GO:0044260,GO:0044267,GO:0044424,GO:0044444,GO:0044464,GO:0048519,GO:0050789,GO:0050790,GO:0051341,GO:0051354,GO:0065007,GO:0065009,GO:0071704,GO:0140096,GO:1901564,GO:1904182,GO:1904183,GO:0000166,GO:0000221,GO:0000322,GO:0000323,GO:0000324,GO:0000329,GO:0003676,GO:0003723,GO:0003729,GO:0005215,GO:0005488,GO:0005524,GO:0005773,GO:0005774,GO:0005829,GO:0005886,GO:0006810,GO:0006811,GO:0006812,GO:0006873,GO:0006885,GO:0006897,GO:0006950,GO:0006979,GO:0007035,GO:0008144,GO:0008324,GO:0009405,GO:0015075,GO:0015077,GO:0015078,GO:0015318,GO:0015399,GO:0015405,GO:0015672,GO:0015988,GO:0015991,GO:0016020,GO:0016192,GO:0016462,GO:0016469,GO:0016471,GO:0016787,GO:0016817,GO:0016818,GO:0016887,GO:0017076,GO:0017111,GO:0019725,GO:0019829,GO:0022804,GO:0022853,GO:0022857,GO:0022890,GO:0030003,GO:0030004,GO:0030554,GO:0030641,GO:0031090,GO:0032553,GO:0032555,GO:0032559,GO:0032991,GO:0033176,GO:0033178,GO:0033180,GO:0033554,GO:0034220,GO:0034599,GO:0035639,GO:0036094,GO:0036442,GO:0042221,GO:0042592,GO:0042623,GO:0042625,GO:0042626,GO:0043167,GO:0043168,GO:0043492,GO:0044419,GO:0044422,GO:0044425,GO:0044437,GO:0044446,GO:0044769,GO:0045851,GO:0046961,GO:0048878,GO:0050801,GO:0050896,GO:0051179,GO:0051234,GO:0051452,GO:0051453,GO:0051704,GO:0051716,GO:0055067,GO:0055080,GO:0055081,GO:0055082,GO:0055085,GO:0065008,GO:0070887,GO:0071944,GO:0080144,GO:0090463,GO:0090464,GO:0090465,GO:0090662,GO:0097159,GO:0097367,GO:0098588,GO:0098655,GO:0098657,GO:0098660,GO:0098662,GO:0098771,GO:0098796,GO:0098805,GO:0098852,GO:0099131,GO:0099132,GO:1901265,GO:1901363,GO:1902600
OG0004051	HG_4052	GO:0000313,GO:0000314,GO:0003674,GO:0003735,GO:0005198,GO:0005575,GO:0005622,GO:0005623,GO:0005737,GO:0005739,GO:0005759,GO:0005761,GO:0005763,GO:0005840,GO:0006412,GO:0006518,GO:0006807,GO:0008150,GO:0008152,GO:0009058,GO:0009059,GO:0009987,GO:0010467,GO:0015935,GO:0019538,GO:0031974,GO:0032543,GO:0032991,GO:0034641,GO:0034645,GO:0043043,GO:0043170,GO:0043226,GO:0043227,GO:0043228,GO:0043229,GO:0043231,GO:0043232,GO:0043233,GO:0043603,GO:0043604,GO:0044237,GO:0044238,GO:0044249,GO:0044260,GO:0044267,GO:0044271,GO:0044391,GO:0044422,GO:0044424,GO:0044429,GO:0044444,GO:0044446,GO:0044464,GO:0070013,GO:0071704,GO:0098798,GO:0140053,GO:1901564,GO:1901566,GO:1901576,GO:1990904,GO:0000003,GO:0000045,GO:0000280,GO:0000407,GO:0000775,GO:0000776,GO:0000777,GO:0000779,GO:0000793,GO:0002097,GO:0002098,GO:0003824,GO:0004672,GO:0004674,GO:0004713,GO:0005634,GO:0005694,GO:0005794,GO:0005815,GO:0005816,GO:0005829,GO:0005856,GO:0005886,GO:0005933,GO:0005934,GO:0005935,GO:0006139,GO:0006259,GO:0006281,GO:0006396,GO:0006399,GO:0006400,GO:0006464,GO:0006468,GO:0006725,GO:0006793,GO:0006796,GO:0006810,GO:0006906,GO:0006914,GO:0006950,GO:0006974,GO:0006996,GO:0007033,GO:0007049,GO:0007059,GO:0007127,GO:0008033,GO:0008360,GO:0008608,GO:0009056,GO:0009451,GO:0012505,GO:0015630,GO:0016020,GO:0016043,GO:0016050,GO:0016070,GO:0016192,GO:0016236,GO:0016301,GO:0016310,GO:0016740,GO:0016772,GO:0016773,GO:0018105,GO:0018108,GO:0018193,GO:0018209,GO:0018212,GO:0022402,GO:0022414,GO:0022603,GO:0022604,GO:0022607,GO:0022613,GO:0030100,GO:0030242,GO:0030427,GO:0032386,GO:0032879,GO:0032880,GO:0033551,GO:0033554,GO:0034470,GO:0034660,GO:0036211,GO:0038083,GO:0042254,GO:0042273,GO:0042274,GO:0043412,GO:0044085,GO:0044248,GO:0044427,GO:0044430,GO:0045132,GO:0045143,GO:0045807,GO:0046483,GO:0046777,GO:0048193,GO:0048259,GO:0048260,GO:0048280,GO:0048284,GO:0048285,GO:0048518,GO:0048522,GO:0050789,GO:0050793,GO:0050794,GO:0050896,GO:0051049,GO:0051050,GO:0051128,GO:0051130,GO:0051179,GO:0051234,GO:0051316,GO:0051321,GO:0051455,GO:0051716,GO:0060341,GO:0060627,GO:0060628,GO:0061024,GO:0061025,GO:0061919,GO:0061982,GO:0065007,GO:0065008,GO:0070925,GO:0071840,GO:0071944,GO:0090174,GO:0090304,GO:0098687,GO:0098813,GO:0140013,GO:0140096,GO:1901360,GO:1903046,GO:1903827,GO:1905037,GO:2000369,GO:2000370,GO:2001159
OG0000244	HG_245	GO:0005575,GO:0005622,GO:0005623,GO:0005737,GO:0044424,GO:0044464
OG0003811	HG_3812	GO:0000228,GO:0000278,GO:0000731,GO:0005575,GO:0005622,GO:0005623,GO:0005634,GO:0005657,GO:0005694,GO:0006139,GO:0006259,GO:0006260,GO:0006261,GO:0006271,GO:0006272,GO:0006273,GO:0006281,GO:0006725,GO:0006807,GO:0006950,GO:0006974,GO:0007049,GO:0008150,GO:0008152,GO:0009058,GO:0009059,GO:0009314,GO:0009411,GO:0009416,GO:0009628,GO:0009987,GO:0016070,GO:0018130,GO:0019438,GO:0022402,GO:0022616,GO:0030894,GO:0031974,GO:0031981,GO:0032991,GO:0032993,GO:0033260,GO:0033554,GO:0034641,GO:0034644,GO:0034645,GO:0034654,GO:0042575,GO:0043170,GO:0043226,GO:0043227,GO:0043228,GO:0043229,GO:0043231,GO:0043232,GO:0043233,GO:0043596,GO:0043601,GO:0043625,GO:0044237,GO:0044238,GO:0044249,GO:0044260,GO:0044271,GO:0044422,GO:0044424,GO:0044427,GO:0044428,GO:0044446,GO:0044454,GO:0044464,GO:0044786,GO:0046483,GO:0050896,GO:0051716,GO:0061695,GO:0070013,GO:0070914,GO:0071214,GO:0071478,GO:0071482,GO:0071704,GO:0071897,GO:0090304,GO:0104004,GO:1901360,GO:1901362,GO:1901576,GO:1902296,GO:1902319,GO:1902494,GO:1902969,GO:1902983,GO:1903047,GO:1903459,GO:1903460,GO:1904161,GO:1990234
OG0006448	HG_6449	
OG0004592	HG_4593	
OG0004963	HG_4964	GO:0000166,GO:0000287,GO:0001676,GO:0002532,GO:0002538,GO:0002539,GO:0003008,GO:0003013,GO:0003018,GO:0003674,GO:0003824,GO:0003995,GO:0004301,GO:0005102,GO:0005488,GO:0005515,GO:0005575,GO:0005622,GO:0005623,GO:0005737,GO:0005739,GO:0005759,GO:0005777,GO:0005782,GO:0005829,GO:0006082,GO:0006605,GO:0006625,GO:0006629,GO:0006631,GO:0006633,GO:0006635,GO:0006690,GO:0006725,GO:0006793,GO:0006796,GO:0006805,GO:0006810,GO:0006873,GO:0006874,GO:0006875,GO:0006886,GO:0006950,GO:0006952,GO:0006954,GO:0006996,GO:0007031,GO:0007600,GO:0008015,GO:0008104,GO:0008150,GO:0008152,GO:0008217,GO:0008610,GO:0009056,GO:0009058,GO:0009062,GO:0009410,GO:0009636,GO:0009810,GO:0009893,GO:0009987,GO:0010468,GO:0010604,GO:0010628,GO:0015031,GO:0015643,GO:0015833,GO:0016042,GO:0016043,GO:0016053,GO:0016054,GO:0016311,GO:0016491,GO:0016627,GO:0016787,GO:0016788,GO:0016791,GO:0016801,GO:0016803,GO:0017144,GO:0018904,GO:0019216,GO:0019218,GO:0019222,GO:0019233,GO:0019369,GO:0019373,GO:0019395,GO:0019439,GO:0019725,GO:0019752,GO:0030003,GO:0030258,GO:0031907,GO:0031974,GO:0032501,GO:0032787,GO:0033036,GO:0033365,GO:0033539,GO:0033559,GO:0034440,GO:0034613,GO:0035150,GO:0035296,GO:0036094,GO:0042221,GO:0042577,GO:0042578,GO:0042579,GO:0042592,GO:0042632,GO:0042759,GO:0042802,GO:0042803,GO:0042886,GO:0043167,GO:0043168,GO:0043169,GO:0043226,GO:0043227,GO:0043229,GO:0043231,GO:0043233,GO:0043436,GO:0043574,GO:0043651,GO:0044237,GO:0044238,GO:0044242,GO:0044248,GO:0044249,GO:0044255,GO:0044281,GO:0044282,GO:0044283,GO:0044422,GO:0044424,GO:0044429,GO:0044438,GO:0044439,GO:0044444,GO:0044446,GO:0044464,GO:0045184,GO:0045777,GO:0046272,GO:0046394,GO:0046395,GO:0046483,GO:0046839,GO:0046872,GO:0046907,GO:0046983,GO:0048037,GO:0048518,GO:0048878,GO:0050660,GO:0050662,GO:0050789,GO:0050801,GO:0050877,GO:0050880,GO:0050896,GO:0051179,GO:0051234,GO:0051641,GO:0051649,GO:0051716,GO:0055065,GO:0055074,GO:0055080,GO:0055082,GO:0055088,GO:0055092,GO:0055114,GO:0060255,GO:0062012,GO:0065007,GO:0065008,GO:0070013,GO:0070727,GO:0070887,GO:0071466,GO:0071702,GO:0071704,GO:0071705,GO:0071840,GO:0072329,GO:0072330,GO:0072503,GO:0072507,GO:0072593,GO:0072594,GO:0072662,GO:0072663,GO:0080090,GO:0090066,GO:0090181,GO:0097159,GO:0097176,GO:0097746,GO:0097755,GO:0098771,GO:1900673,GO:1901265,GO:1901360,GO:1901361,GO:1901363,GO:1901568,GO:1901575,GO:1901576
OG0005121	HG_5122	GO:0000003,GO:0000228,GO:0000280,GO:0000775,GO:0000785,GO:0000790,GO:0000792,GO:0001172,GO:0003674,GO:0003824,GO:0003968,GO:0005575,GO:0005622,GO:0005623,GO:0005634,GO:0005694,GO:0005720,GO:0005721,GO:0005737,GO:0006139,GO:0006325,GO:0006342,GO:0006355,GO:0006396,GO:0006725,GO:0006807,GO:0006996,GO:0007049,GO:0007059,GO:0007127,GO:0008104,GO:0008150,GO:0008152,GO:0009058,GO:0009059,GO:0009889,GO:0009890,GO:0009892,GO:0009987,GO:0010033,GO:0010467,GO:0010468,GO:0010556,GO:0010558,GO:0010605,GO:0010629,GO:0014070,GO:0016043,GO:0016070,GO:0016458,GO:0016740,GO:0016772,GO:0016779,GO:0018130,GO:0019219,GO:0019222,GO:0019438,GO:0022402,GO:0022414,GO:0030702,GO:0030880,GO:0031047,GO:0031048,GO:0031050,GO:0031323,GO:0031324,GO:0031326,GO:0031327,GO:0031379,GO:0031380,GO:0031618,GO:0031934,GO:0031974,GO:0031981,GO:0032774,GO:0032991,GO:0033036,GO:0033562,GO:0034062,GO:0034397,GO:0034613,GO:0034641,GO:0034654,GO:0040029,GO:0042221,GO:0043170,GO:0043226,GO:0043227,GO:0043228,GO:0043229,GO:0043231,GO:0043232,GO:0043233,GO:0043331,GO:0044237,GO:0044238,GO:0044249,GO:0044271,GO:0044422,GO:0044424,GO:0044427,GO:0044428,GO:0044446,GO:0044454,GO:0044464,GO:0045132,GO:0045141,GO:0045143,GO:0045814,GO:0045892,GO:0045934,GO:0046483,GO:0048285,GO:0048519,GO:0048523,GO:0050000,GO:0050789,GO:0050794,GO:0050896,GO:0051171,GO:0051172,GO:0051179,GO:0051234,GO:0051252,GO:0051253,GO:0051276,GO:0051303,GO:0051321,GO:0051640,GO:0051641,GO:0051649,GO:0051656,GO:0051716,GO:0060255,GO:0061695,GO:0061982,GO:0065007,GO:0070013,GO:0070192,GO:0070727,GO:0070887,GO:0070918,GO:0070919,GO:0071310,GO:0071359,GO:0071407,GO:0071704,GO:0071840,GO:0080090,GO:0090220,GO:0090304,GO:0097659,GO:0097747,GO:0098687,GO:0098813,GO:0140013,GO:0140098,GO:1901360,GO:1901362,GO:1901576,GO:1901698,GO:1901699,GO:1902494,GO:1902679,GO:1903046,GO:1903506,GO:1903507,GO:1990141,GO:1990234,GO:1990421,GO:1990707,GO:2000112,GO:2000113,GO:2001141
OG0006851	HG_6852	GO:0000228,GO:0000785,GO:0000790,GO:0003674,GO:0003824,GO:0005575,GO:0005622,GO:0005623,GO:0005634,GO:0005694,GO:0006325,GO:0006464,GO:0006479,GO:0006807,GO:0006996,GO:0008150,GO:0008152,GO:0008168,GO:0008170,GO:0008213,GO:0008276,GO:0008757,GO:0009987,GO:0016043,GO:0016278,GO:0016279,GO:0016569,GO:0016570,GO:0016571,GO:0016740,GO:0016741,GO:0018022,GO:0018024,GO:0018193,GO:0018205,GO:0019538,GO:0031974,GO:0031981,GO:0032259,GO:0034968,GO:0036211,GO:0042054,GO:0043170,GO:0043226,GO:0043227,GO:0043228,GO:0043229,GO:0043231,GO:0043232,GO:0043233,GO:0043412,GO:0043414,GO:0044237,GO:0044238,GO:0044260,GO:0044267,GO:0044422,GO:0044424,GO:0044427,GO:0044428,GO:0044446,GO:0044454,GO:0044464,GO:0051276,GO:0070013,GO:0071704,GO:0071840,GO:0140096,GO:1901564
OG0000072	HG_73	GO:0000122,GO:0000228,GO:0000775,GO:0000781,GO:0000785,GO:0000790,GO:0000792,GO:0003674,GO:0003676,GO:0003723,GO:0003727,GO:0003824,GO:0004518,GO:0004519,GO:0004521,GO:0004540,GO:0005488,GO:0005575,GO:0005622,GO:0005623,GO:0005634,GO:0005694,GO:0005720,GO:0005721,GO:0005737,GO:0006139,GO:0006323,GO:0006325,GO:0006333,GO:0006338,GO:0006342,GO:0006355,GO:0006357,GO:0006396,GO:0006401,GO:0006725,GO:0006807,GO:0006996,GO:0008150,GO:0008152,GO:0009056,GO:0009057,GO:0009889,GO:0009890,GO:0009892,GO:0009987,GO:0010033,GO:0010467,GO:0010468,GO:0010556,GO:0010558,GO:0010605,GO:0010608,GO:0010629,GO:0014070,GO:0016043,GO:0016070,GO:0016246,GO:0016441,GO:0016458,GO:0016787,GO:0016788,GO:0016891,GO:0016893,GO:0019219,GO:0019222,GO:0019439,GO:0022607,GO:0030422,GO:0030702,GO:0030958,GO:0031047,GO:0031048,GO:0031050,GO:0031056,GO:0031060,GO:0031323,GO:0031324,GO:0031326,GO:0031327,GO:0031332,GO:0031399,GO:0031497,GO:0031507,GO:0031618,GO:0031934,GO:0031974,GO:0031981,GO:0032268,GO:0032991,GO:0033043,GO:0033044,GO:0033167,GO:0033168,GO:0033562,GO:0034401,GO:0034641,GO:0034655,GO:0034660,GO:0034661,GO:0035194,GO:0036404,GO:0040029,GO:0042221,GO:0043170,GO:0043226,GO:0043227,GO:0043228,GO:0043229,GO:0043231,GO:0043232,GO:0043233,GO:0043331,GO:0043632,GO:0043633,GO:0043634,GO:0044085,GO:0044237,GO:0044238,GO:0044248,GO:0044260,GO:0044265,GO:0044270,GO:0044422,GO:0044424,GO:0044427,GO:0044428,GO:0044446,GO:0044454,GO:0044464,GO:0045814,GO:0045892,GO:0045934,GO:0046483,GO:0046700,GO:0048519,GO:0048523,GO:0050789,GO:0050794,GO:0050896,GO:0051128,GO:0051171,GO:0051172,GO:0051246,GO:0051252,GO:0051253,GO:0051276,GO:0051570,GO:0051716,GO:0060255,GO:0065007,GO:0070013,GO:0070828,GO:0070868,GO:0070869,GO:0070887,GO:0070918,GO:0070919,GO:0070924,GO:0071025,GO:0071027,GO:0071029,GO:0071046,GO:0071103,GO:0071310,GO:0071359,GO:0071407,GO:0071704,GO:0071840,GO:0080090,GO:0090304,GO:0090305,GO:0090501,GO:0090502,GO:0097159,GO:0097549,GO:0098687,GO:0140098,GO:1901360,GO:1901361,GO:1901363,GO:1901575,GO:1901698,GO:1901699,GO:1902275,GO:1902679,GO:1903506,GO:1903507,GO:1990421,GO:1990707,GO:1990904,GO:2000112,GO:2000113,GO:2001141,GO:0000003,GO:0000280,GO:0000339,GO:0000340,GO:0000793,GO:0000794,GO:0000932,GO:0000956,GO:0000976,GO:0000977,GO:0000978,GO:0000987,GO:0000993,GO:0001012,GO:0001047,GO:0001067,GO:0001098,GO:0001099,GO:0001700,GO:0001709,GO:0002119,GO:0002164,GO:0002252,GO:0002376,GO:0002682,GO:0003002,GO:0003006,GO:0003008,GO:0003677,GO:0003690,GO:0003725,GO:0003729,GO:0003743,GO:0005515,GO:0005576,GO:0005615,GO:0005654,GO:0005739,GO:0005829,GO:0005844,GO:0005845,GO:0006379,GO:0006402,GO:0006403,GO:0006412,GO:0006413,GO:0006417,GO:0006446,GO:0006518,GO:0006810,GO:0006950,GO:0006952,GO:0007049,GO:0007059,GO:0007097,GO:0007127,GO:0007129,GO:0007130,GO:0007140,GO:0007154,GO:0007165,GO:0007166,GO:0007223,GO:0007267,GO:0007275,GO:0007276,GO:0007277,GO:0007279,GO:0007281,GO:0007292,GO:0007293,GO:0007294,GO:0007349,GO:0007350,GO:0007365,GO:0007367,GO:0007389,GO:0007399,GO:0007416,GO:0007548,GO:0007549,GO:0007610,GO:0007611,GO:0007612,GO:0008022,GO:0008135,GO:0008283,GO:0008406,GO:0008584,GO:0009047,GO:0009058,GO:0009059,GO:0009605,GO:0009607,GO:0009615,GO:0009653,GO:0009790,GO:0009791,GO:0009792,GO:0009880,GO:0009891,GO:0009893,GO:0009894,GO:0009896,GO:0009966,GO:0009967,GO:0009994,GO:0010453,GO:0010501,GO:0010525,GO:0010526,GO:0010528,GO:0010529,GO:0010557,GO:0010586,GO:0010604,GO:0010628,GO:0010646,GO:0010647,GO:0010941,GO:0015931,GO:0016055,GO:0016071,GO:0016442,GO:0016525,GO:0016604,GO:0016892,GO:0016894,GO:0017148,GO:0017151,GO:0019538,GO:0019827,GO:0019899,GO:0019953,GO:0022402,GO:0022412,GO:0022414,GO:0022603,GO:0022604,GO:0022613,GO:0022618,GO:0023051,GO:0023052,GO:0023056,GO:0030054,GO:0030154,GO:0030334,GO:0030335,GO:0030423,GO:0030425,GO:0030706,GO:0030716,GO:0030718,GO:0030727,GO:0031054,GO:0031325,GO:0031328,GO:0031329,GO:0031331,GO:0031644,GO:0031982,GO:0032269,GO:0032501,GO:0032502,GO:0032504,GO:0032879,GO:0033036,GO:0033227,GO:0034248,GO:0034249,GO:0034470,GO:0034518,GO:0034622,GO:0034645,GO:0035068,GO:0035087,GO:0035190,GO:0035195,GO:0035196,GO:0035197,GO:0035198,GO:0035278,GO:0035279,GO:0035280,GO:0035282,GO:0035567,GO:0035770,GO:0036099,GO:0036464,GO:0036477,GO:0040012,GO:0040017,GO:0040025,GO:0040033,GO:0040034,GO:0040035,GO:0042127,GO:0042659,GO:0042981,GO:0042995,GO:0043005,GO:0043043,GO:0043066,GO:0043067,GO:0043069,GO:0043175,GO:0043207,GO:0043230,GO:0043565,GO:0043603,GO:0043604,GO:0043900,GO:0043901,GO:0043902,GO:0043903,GO:0043933,GO:0044057,GO:0044212,GO:0044249,GO:0044267,GO:0044271,GO:0044421,GO:0044444,GO:0044451,GO:0044463,GO:0044703,GO:0044877,GO:0045069,GO:0045071,GO:0045132,GO:0045137,GO:0045143,GO:0045165,GO:0045595,GO:0045637,GO:0045652,GO:0045765,GO:0045766,GO:0045893,GO:0045935,GO:0045944,GO:0045947,GO:0045974,GO:0046546,GO:0046661,GO:0046907,GO:0046958,GO:0046959,GO:0048134,GO:0048135,GO:0048232,GO:0048285,GO:0048468,GO:0048471,GO:0048477,GO:0048513,GO:0048518,GO:0048522,GO:0048525,GO:0048569,GO:0048583,GO:0048584,GO:0048608,GO:0048609,GO:0048646,GO:0048731,GO:0048806,GO:0048856,GO:0048869,GO:0050657,GO:0050658,GO:0050792,GO:0050793,GO:0050795,GO:0050808,GO:0050877,GO:0050890,GO:0051093,GO:0051094,GO:0051173,GO:0051179,GO:0051234,GO:0051236,GO:0051239,GO:0051240,GO:0051241,GO:0051248,GO:0051254,GO:0051270,GO:0051272,GO:0051321,GO:0051607,GO:0051640,GO:0051641,GO:0051647,GO:0051649,GO:0051656,GO:0051704,GO:0051707,GO:0060147,GO:0060148,GO:0060211,GO:0060213,GO:0060548,GO:0060964,GO:0060966,GO:0060968,GO:0061013,GO:0061014,GO:0061458,GO:0061980,GO:0061982,GO:0065003,GO:0070062,GO:0070063,GO:0070192,GO:0070193,GO:0070551,GO:0070578,GO:0070922,GO:0071702,GO:0071705,GO:0071826,GO:0072091,GO:0090328,GO:0090624,GO:0090625,GO:0097447,GO:0097458,GO:0098542,GO:0098586,GO:0098727,GO:0098795,GO:0098808,GO:0098813,GO:0120025,GO:0120038,GO:0140013,GO:0198738,GO:1900151,GO:1900153,GO:1901163,GO:1901165,GO:1901222,GO:1901224,GO:1901342,GO:1901343,GO:1901564,GO:1901566,GO:1901576,GO:1902494,GO:1902531,GO:1902533,GO:1902555,GO:1902680,GO:1903046,GO:1903311,GO:1903313,GO:1903508,GO:1903561,GO:1903706,GO:1903900,GO:1903901,GO:1904018,GO:1905114,GO:1905348,GO:1905616,GO:1905618,GO:1990837,GO:2000026,GO:2000145,GO:2000147,GO:2000181,GO:2000241,GO:2000243,GO:2000637,GO:0000459,GO:0000460,GO:0000466,GO:0000467,GO:0000469,GO:0003724,GO:0004004,GO:0004386,GO:0005730,GO:0006364,GO:0006399,GO:0006405,GO:0006406,GO:0006611,GO:0006886,GO:0006913,GO:0008026,GO:0008104,GO:0008143,GO:0008186,GO:0008298,GO:0015031,GO:0015833,GO:0016072,GO:0016073,GO:0016074,GO:0016075,GO:0016078,GO:0016180,GO:0016462,GO:0016817,GO:0016818,GO:0016887,GO:0016973,GO:0017111,GO:0031123,GO:0031125,GO:0031126,GO:0031499,GO:0031503,GO:0034458,GO:0034459,GO:0034472,GO:0034475,GO:0034476,GO:0034613,GO:0042254,GO:0042623,GO:0042886,GO:0043144,GO:0043628,GO:0043629,GO:0043630,GO:0043631,GO:0045184,GO:0051028,GO:0051168,GO:0051169,GO:0070035,GO:0070717,GO:0070727,GO:0071028,GO:0071031,GO:0071033,GO:0071035,GO:0071038,GO:0071042,GO:0071047,GO:0071049,GO:0071051,GO:0071166,GO:0071426,GO:0071427,GO:0090503
OG0006634	HG_6635	GO:0000272,GO:0003674,GO:0003824,GO:0004553,GO:0005575,GO:0005618,GO:0005623,GO:0005975,GO:0005976,GO:0008150,GO:0008152,GO:0008422,GO:0009056,GO:0009057,GO:0009251,GO:0009277,GO:0015926,GO:0016052,GO:0016787,GO:0016798,GO:0030312,GO:0042973,GO:0043170,GO:0044042,GO:0044238,GO:0044464,GO:0071704,GO:0071944,GO:1901575
OG0005316	HG_5317	
OG0008346	HG_8347	GO:0000322,GO:0000323,GO:0000324,GO:0003674,GO:0005215,GO:0005342,GO:0005575,GO:0005622,GO:0005623,GO:0005737,GO:0005739,GO:0005773,GO:0005886,GO:0006066,GO:0006067,GO:0006068,GO:0006810,GO:0006811,GO:0006812,GO:0006820,GO:0006846,GO:0006847,GO:0006855,GO:0008028,GO:0008150,GO:0008152,GO:0008324,GO:0008509,GO:0008514,GO:0008519,GO:0009056,GO:0009987,GO:0015075,GO:0015123,GO:0015238,GO:0015318,GO:0015696,GO:0015711,GO:0015718,GO:0015849,GO:0015893,GO:0016020,GO:0016021,GO:0016999,GO:0017001,GO:0017144,GO:0019740,GO:0022857,GO:0031224,GO:0034220,GO:0034308,GO:0034310,GO:0035433,GO:0042221,GO:0042493,GO:0042737,GO:0042891,GO:0042895,GO:0043226,GO:0043227,GO:0043229,GO:0043231,GO:0044237,GO:0044248,GO:0044281,GO:0044282,GO:0044424,GO:0044425,GO:0044444,GO:0044464,GO:0046164,GO:0046942,GO:0046943,GO:0050896,GO:0051179,GO:0051234,GO:0055085,GO:0071702,GO:0071704,GO:0071705,GO:0071944,GO:0072488,GO:0098655,GO:0098656,GO:1901575,GO:1901615,GO:1901616,GO:1903825,GO:1905039,GO:0003676,GO:0003677,GO:0003684,GO:0005488,GO:0006139,GO:0006259,GO:0006281,GO:0006304,GO:0006307,GO:0006725,GO:0006807,GO:0006950,GO:0006974,GO:0032131,GO:0032132,GO:0033554,GO:0034641,GO:0035510,GO:0043170,GO:0043412,GO:0044238,GO:0044260,GO:0046483,GO:0051716,GO:0090304,GO:0097159,GO:1901360,GO:1901363
OG0007157	HG_7158	
OG0003460	HG_3461	GO:0000322,GO:0000323,GO:0000324,GO:0003674,GO:0003824,GO:0005575,GO:0005618,GO:0005622,GO:0005623,GO:0005737,GO:0005773,GO:0005783,GO:0005789,GO:0006464,GO:0006497,GO:0006505,GO:0006506,GO:0006629,GO:0006643,GO:0006644,GO:0006650,GO:0006661,GO:0006664,GO:0006793,GO:0006796,GO:0006807,GO:0006810,GO:0006811,GO:0006820,GO:0006862,GO:0008150,GO:0008152,GO:0008610,GO:0008654,GO:0009058,GO:0009059,GO:0009247,GO:0009277,GO:0009987,GO:0012505,GO:0015711,GO:0015748,GO:0015865,GO:0015867,GO:0015868,GO:0015893,GO:0015931,GO:0016020,GO:0016021,GO:0016740,GO:0016772,GO:0016780,GO:0019538,GO:0019637,GO:0030312,GO:0031224,GO:0031984,GO:0034645,GO:0036211,GO:0042157,GO:0042158,GO:0042175,GO:0042221,GO:0042493,GO:0043170,GO:0043226,GO:0043227,GO:0043229,GO:0043231,GO:0043412,GO:0044237,GO:0044238,GO:0044249,GO:0044255,GO:0044260,GO:0044267,GO:0044422,GO:0044424,GO:0044425,GO:0044432,GO:0044444,GO:0044446,GO:0044464,GO:0045017,GO:0046467,GO:0046474,GO:0046486,GO:0046488,GO:0050896,GO:0051179,GO:0051234,GO:0051377,GO:0051503,GO:0071702,GO:0071704,GO:0071705,GO:0071944,GO:0090407,GO:0098827,GO:1901135,GO:1901137,GO:1901264,GO:1901564,GO:1901566,GO:1901576,GO:1903509
OG0000475	HG_476	GO:0003674,GO:0003824,GO:0004553,GO:0004565,GO:0005575,GO:0005622,GO:0005623,GO:0005737,GO:0005773,GO:0005975,GO:0008150,GO:0008152,GO:0015925,GO:0016787,GO:0016798,GO:0043226,GO:0043227,GO:0043229,GO:0043231,GO:0044238,GO:0044424,GO:0044444,GO:0044464,GO:0071704
OG0006685	HG_6686	
OG0005414	HG_5415	
OG0004483	HG_4484	
OG0007689	HG_7690	
OG0006330	HG_6331	GO:0003674,GO:0005215,GO:0006810,GO:0008150,GO:0022857,GO:0051179,GO:0051234,GO:0055085
OG0009360	HG_9361	
OG0004901	HG_4902	GO:0000166,GO:0001510,GO:0002097,GO:0002101,GO:0002127,GO:0002946,GO:0003674,GO:0003824,GO:0005488,GO:0005524,GO:0006139,GO:0006396,GO:0006399,GO:0006400,GO:0006412,GO:0006518,GO:0006725,GO:0006807,GO:0008033,GO:0008144,GO:0008150,GO:0008152,GO:0009058,GO:0009059,GO:0009451,GO:0009987,GO:0010467,GO:0016070,GO:0016874,GO:0016879,GO:0017076,GO:0019538,GO:0030488,GO:0030554,GO:0032259,GO:0032267,GO:0032543,GO:0032553,GO:0032555,GO:0032559,GO:0034470,GO:0034641,GO:0034645,GO:0034660,GO:0035639,GO:0036094,GO:0043043,GO:0043167,GO:0043168,GO:0043170,GO:0043412,GO:0043414,GO:0043603,GO:0043604,GO:0044237,GO:0044238,GO:0044249,GO:0044260,GO:0044267,GO:0044271,GO:0046483,GO:0071704,GO:0090304,GO:0097159,GO:0097367,GO:0140053,GO:0140098,GO:0140101,GO:1901265,GO:1901360,GO:1901363,GO:1901564,GO:1901566,GO:1901576
OG0000639	HG_640	
OG0006959	HG_6960	
OG0003948	HG_3949	GO:0000247,GO:0001501,GO:0002376,GO:0002520,GO:0003674,GO:0003824,GO:0004769,GO:0004888,GO:0005215,GO:0005575,GO:0005622,GO:0005623,GO:0005634,GO:0005635,GO:0005737,GO:0005783,GO:0005789,GO:0005886,GO:0005887,GO:0006066,GO:0006629,GO:0006694,GO:0006695,GO:0006810,GO:0006855,GO:0007154,GO:0007165,GO:0007275,GO:0008150,GO:0008152,GO:0008202,GO:0008203,GO:0008610,GO:0009058,GO:0009987,GO:0012505,GO:0015238,GO:0015893,GO:0016020,GO:0016021,GO:0016125,GO:0016126,GO:0016853,GO:0016860,GO:0016863,GO:0022857,GO:0023052,GO:0030097,GO:0031224,GO:0031226,GO:0031967,GO:0031975,GO:0031984,GO:0032501,GO:0032502,GO:0033489,GO:0033490,GO:0038023,GO:0042175,GO:0042221,GO:0042493,GO:0043226,GO:0043227,GO:0043229,GO:0043231,GO:0044238,GO:0044281,GO:0044283,GO:0044422,GO:0044424,GO:0044425,GO:0044428,GO:0044432,GO:0044444,GO:0044446,GO:0044459,GO:0044464,GO:0046165,GO:0048513,GO:0048534,GO:0048731,GO:0048856,GO:0050789,GO:0050794,GO:0050896,GO:0051179,GO:0051234,GO:0051716,GO:0055085,GO:0060089,GO:0065007,GO:0071704,GO:0071944,GO:0098827,GO:1901360,GO:1901362,GO:1901576,GO:1901615,GO:1901617,GO:1902652,GO:1902653,GO:0000026,GO:0000030,GO:0004376,GO:0004377,GO:0006464,GO:0006486,GO:0006487,GO:0006488,GO:0006490,GO:0006807,GO:0009059,GO:0009100,GO:0009101,GO:0016740,GO:0016757,GO:0016758,GO:0019538,GO:0033577,GO:0034645,GO:0036211,GO:0043170,GO:0043412,GO:0043413,GO:0044237,GO:0044249,GO:0044255,GO:0044260,GO:0044267,GO:0070085,GO:0097502,GO:1901135,GO:1901137,GO:1901564,GO:1901566
OG0010178	HG_10179	
OG0006164	HG_6165	
OG0004823	HG_4824	
OG0000042	HG_43	GO:0000028,GO:0000749,GO:0003674,GO:0003824,GO:0004012,GO:0005215,GO:0005319,GO:0005548,GO:0005575,GO:0005622,GO:0005623,GO:0005737,GO:0005783,GO:0005794,GO:0005802,GO:0005886,GO:0006810,GO:0006811,GO:0006820,GO:0006869,GO:0006886,GO:0006892,GO:0006897,GO:0006900,GO:0006996,GO:0008104,GO:0008150,GO:0009987,GO:0010033,GO:0010876,GO:0012505,GO:0015031,GO:0015711,GO:0015748,GO:0015833,GO:0015914,GO:0016020,GO:0016021,GO:0016043,GO:0016050,GO:0016192,GO:0016197,GO:0016462,GO:0016787,GO:0016817,GO:0016818,GO:0016887,GO:0017111,GO:0019236,GO:0022607,GO:0022613,GO:0022618,GO:0031136,GO:0031137,GO:0031139,GO:0031224,GO:0031984,GO:0032456,GO:0032991,GO:0033036,GO:0034204,GO:0034613,GO:0034622,GO:0042221,GO:0042254,GO:0042255,GO:0042274,GO:0042623,GO:0042886,GO:0043226,GO:0043227,GO:0043229,GO:0043231,GO:0043492,GO:0043900,GO:0043902,GO:0043933,GO:0044085,GO:0044422,GO:0044424,GO:0044425,GO:0044431,GO:0044444,GO:0044446,GO:0044464,GO:0045184,GO:0045332,GO:0046907,GO:0046999,GO:0048193,GO:0048194,GO:0048518,GO:0048522,GO:0050789,GO:0050794,GO:0050896,GO:0051179,GO:0051234,GO:0051641,GO:0051649,GO:0051716,GO:0061024,GO:0065003,GO:0065007,GO:0065008,GO:0070727,GO:0070887,GO:0070925,GO:0071310,GO:0071444,GO:0071702,GO:0071705,GO:0071826,GO:0071840,GO:0071944,GO:0097035,GO:0098657,GO:0098791,GO:1990530,GO:2000241,GO:2000243
OG0008099	HG_8100	
OG0005475	HG_5476	GO:0000463,GO:0000470,GO:0003674,GO:0003676,GO:0003678,GO:0003723,GO:0003724,GO:0003729,GO:0003824,GO:0004003,GO:0004004,GO:0004386,GO:0005488,GO:0005575,GO:0005622,GO:0005623,GO:0005634,GO:0005730,GO:0005737,GO:0006139,GO:0006364,GO:0006396,GO:0006725,GO:0006807,GO:0006996,GO:0008026,GO:0008094,GO:0008150,GO:0008152,GO:0008186,GO:0009987,GO:0010467,GO:0010501,GO:0016043,GO:0016070,GO:0016072,GO:0016462,GO:0016787,GO:0016817,GO:0016818,GO:0016887,GO:0017111,GO:0022613,GO:0031974,GO:0031981,GO:0032392,GO:0032508,GO:0033677,GO:0033680,GO:0034470,GO:0034641,GO:0034660,GO:0042254,GO:0042273,GO:0042623,GO:0043170,GO:0043226,GO:0043227,GO:0043228,GO:0043229,GO:0043231,GO:0043232,GO:0043233,GO:0044085,GO:0044237,GO:0044238,GO:0044422,GO:0044424,GO:0044428,GO:0044446,GO:0044464,GO:0046483,GO:0051276,GO:0070013,GO:0070035,GO:0071103,GO:0071704,GO:0071840,GO:0090304,GO:0097159,GO:0140097,GO:0140098,GO:1901360,GO:1901363,GO:0000027,GO:0000166,GO:0005524,GO:0007005,GO:0008144,GO:0017076,GO:0022607,GO:0022618,GO:0030554,GO:0032553,GO:0032555,GO:0032559,GO:0034622,GO:0035639,GO:0036094,GO:0042255,GO:0043167,GO:0043168,GO:0043933,GO:0061668,GO:0065003,GO:0070925,GO:0071826,GO:0097367,GO:1901265,GO:1902775,GO:0030684,GO:0030687,GO:0032991,GO:0035690,GO:0042221,GO:0042493,GO:0050896,GO:0051716,GO:0070887,GO:1990904
OG0000837	HG_838	GO:0000322,GO:0000323,GO:0000324,GO:0003674,GO:0003824,GO:0004175,GO:0004190,GO:0005575,GO:0005576,GO:0005618,GO:0005622,GO:0005623,GO:0005737,GO:0005739,GO:0005773,GO:0005783,GO:0005886,GO:0006508,GO:0006807,GO:0006914,GO:0006950,GO:0007154,GO:0008104,GO:0008150,GO:0008152,GO:0008233,GO:0009056,GO:0009057,GO:0009267,GO:0009277,GO:0009605,GO:0009897,GO:0009986,GO:0009987,GO:0009991,GO:0012505,GO:0016020,GO:0016043,GO:0016237,GO:0016787,GO:0019538,GO:0030163,GO:0030312,GO:0031224,GO:0031225,GO:0031226,GO:0031233,GO:0031362,GO:0031505,GO:0031667,GO:0031668,GO:0031669,GO:0032258,GO:0033036,GO:0033365,GO:0033554,GO:0034613,GO:0042594,GO:0043170,GO:0043226,GO:0043227,GO:0043229,GO:0043231,GO:0044237,GO:0044238,GO:0044248,GO:0044257,GO:0044260,GO:0044265,GO:0044267,GO:0044424,GO:0044425,GO:0044444,GO:0044459,GO:0044464,GO:0045229,GO:0046658,GO:0050896,GO:0051179,GO:0051603,GO:0051641,GO:0051716,GO:0061919,GO:0070001,GO:0070011,GO:0070727,GO:0071496,GO:0071554,GO:0071555,GO:0071704,GO:0071840,GO:0071852,GO:0071944,GO:0072665,GO:0098552,GO:0140096,GO:1901564,GO:1901565,GO:1901575
OG0008464	HG_8465	
OG0004157	HG_4158	GO:0003674,GO:0003824,GO:0004553,GO:0005975,GO:0005976,GO:0006073,GO:0008150,GO:0008152,GO:0009987,GO:0010383,GO:0010410,GO:0010411,GO:0016787,GO:0016798,GO:0033946,GO:0043170,GO:0044036,GO:0044042,GO:0044237,GO:0044238,GO:0044260,GO:0044262,GO:0044264,GO:0052736,GO:0071554,GO:0071704
OG0003361	HG_3362	GO:0003674,GO:0003824,GO:0004583,GO:0005575,GO:0005622,GO:0005623,GO:0005737,GO:0005783,GO:0005789,GO:0006464,GO:0006486,GO:0006487,GO:0006488,GO:0006490,GO:0006629,GO:0006807,GO:0008150,GO:0008152,GO:0009058,GO:0009059,GO:0009100,GO:0009101,GO:0009987,GO:0012505,GO:0016020,GO:0016021,GO:0016740,GO:0016757,GO:0016758,GO:0019538,GO:0031224,GO:0031984,GO:0034645,GO:0036211,GO:0042175,GO:0043170,GO:0043226,GO:0043227,GO:0043229,GO:0043231,GO:0043412,GO:0043413,GO:0044237,GO:0044238,GO:0044249,GO:0044255,GO:0044260,GO:0044267,GO:0044422,GO:0044424,GO:0044425,GO:0044432,GO:0044444,GO:0044446,GO:0044464,GO:0046527,GO:0070085,GO:0071704,GO:0071944,GO:0098827,GO:1901135,GO:1901137,GO:1901564,GO:1901566,GO:1901576
OG0003917	HG_3918	
OG0000305	HG_306	GO:0000272,GO:0000278,GO:0000281,GO:0000282,GO:0000322,GO:0000323,GO:0000324,GO:0000910,GO:0000920,GO:0001896,GO:0003674,GO:0003824,GO:0004553,GO:0004568,GO:0005488,GO:0005575,GO:0005576,GO:0005618,GO:0005622,GO:0005623,GO:0005634,GO:0005635,GO:0005737,GO:0005773,GO:0005783,GO:0005933,GO:0005935,GO:0005975,GO:0005976,GO:0006022,GO:0006026,GO:0006030,GO:0006032,GO:0006037,GO:0006039,GO:0006040,GO:0006807,GO:0006950,GO:0007049,GO:0007154,GO:0007163,GO:0008061,GO:0008144,GO:0008150,GO:0008152,GO:0008219,GO:0008843,GO:0009056,GO:0009057,GO:0009267,GO:0009277,GO:0009605,GO:0009986,GO:0009987,GO:0009991,GO:0010383,GO:0012501,GO:0012505,GO:0016020,GO:0016043,GO:0016052,GO:0016787,GO:0016798,GO:0016998,GO:0017144,GO:0022402,GO:0022411,GO:0030010,GO:0030312,GO:0030427,GO:0030445,GO:0030447,GO:0031505,GO:0031667,GO:0031668,GO:0031669,GO:0031967,GO:0031975,GO:0033554,GO:0034218,GO:0034232,GO:0036170,GO:0040007,GO:0042594,GO:0042737,GO:0043170,GO:0043226,GO:0043227,GO:0043229,GO:0043231,GO:0044036,GO:0044182,GO:0044237,GO:0044238,GO:0044247,GO:0044248,GO:0044260,GO:0044262,GO:0044264,GO:0044275,GO:0044277,GO:0044422,GO:0044424,GO:0044428,GO:0044444,GO:0044446,GO:0044464,GO:0045229,GO:0046348,GO:0050896,GO:0051301,GO:0051716,GO:0061640,GO:0070910,GO:0071496,GO:0071554,GO:0071555,GO:0071704,GO:0071840,GO:0071852,GO:0071853,GO:0071854,GO:0071944,GO:0071966,GO:0097367,GO:1901071,GO:1901072,GO:1901135,GO:1901136,GO:1901564,GO:1901565,GO:1901575,GO:1903047,GO:0000183,GO:0006325,GO:0006342,GO:0006355,GO:0006464,GO:0006479,GO:0006480,GO:0006766,GO:0006767,GO:0006769,GO:0006996,GO:0008112,GO:0008168,GO:0008170,GO:0008213,GO:0008276,GO:0008757,GO:0009820,GO:0009889,GO:0009890,GO:0009892,GO:0010468,GO:0010556,GO:0010558,GO:0010605,GO:0010629,GO:0016278,GO:0016279,GO:0016458,GO:0016740,GO:0016741,GO:0018013,GO:0018022,GO:0018027,GO:0018193,GO:0018201,GO:0018205,GO:0019219,GO:0019222,GO:0019538,GO:0031323,GO:0031324,GO:0031326,GO:0031327,GO:0031365,GO:0032259,GO:0034641,GO:0036211,GO:0040029,GO:0043412,GO:0043414,GO:0043603,GO:0044267,GO:0044281,GO:0045814,GO:0045892,GO:0045934,GO:0046483,GO:0048519,GO:0048523,GO:0050789,GO:0050794,GO:0051171,GO:0051172,GO:0051186,GO:0051252,GO:0051253,GO:0051276,GO:0060255,GO:0065007,GO:0071885,GO:0072524,GO:0080090,GO:0140096,GO:1901360,GO:1902679,GO:1903506,GO:1903507,GO:2000112,GO:2000113,GO:2001141,GO:0006082,GO:0006520,GO:0008783,GO:0016810,GO:0016813,GO:0019627,GO:0019752,GO:0030145,GO:0043167,GO:0043169,GO:0043436,GO:0046872,GO:0046914,GO:0071941
OG0006350	HG_6351	GO:0003674,GO:0003824,GO:0003954,GO:0005575,GO:0005622,GO:0005623,GO:0005737,GO:0005739,GO:0005740,GO:0005743,GO:0005746,GO:0005747,GO:0006091,GO:0006119,GO:0006120,GO:0006139,GO:0006163,GO:0006725,GO:0006753,GO:0006793,GO:0006796,GO:0006807,GO:0008137,GO:0008150,GO:0008152,GO:0009117,GO:0009123,GO:0009126,GO:0009141,GO:0009144,GO:0009150,GO:0009161,GO:0009167,GO:0009199,GO:0009205,GO:0009259,GO:0009987,GO:0015980,GO:0016020,GO:0016310,GO:0016491,GO:0016651,GO:0016655,GO:0017144,GO:0019637,GO:0019693,GO:0019866,GO:0022900,GO:0022904,GO:0030964,GO:0031090,GO:0031966,GO:0031967,GO:0031975,GO:0032991,GO:0034641,GO:0042773,GO:0042775,GO:0043226,GO:0043227,GO:0043229,GO:0043231,GO:0044237,GO:0044238,GO:0044281,GO:0044422,GO:0044424,GO:0044425,GO:0044429,GO:0044444,GO:0044446,GO:0044455,GO:0044464,GO:0045271,GO:0045333,GO:0046034,GO:0046483,GO:0050136,GO:0055086,GO:0055114,GO:0070469,GO:0071704,GO:0072521,GO:0098796,GO:0098798,GO:0098800,GO:0098803,GO:1901135,GO:1901360,GO:1901564,GO:1902494,GO:1990204,GO:0000034,GO:0005634,GO:0006144,GO:0006145,GO:0006146,GO:0007155,GO:0007346,GO:0009056,GO:0009058,GO:0009112,GO:0009113,GO:0010389,GO:0010564,GO:0016787,GO:0016810,GO:0016814,GO:0018130,GO:0019239,GO:0019438,GO:0019439,GO:0022610,GO:0031589,GO:0034654,GO:0036164,GO:0042440,GO:0043094,GO:0043096,GO:0043101,GO:0043103,GO:0044248,GO:0044249,GO:0044270,GO:0044271,GO:0046083,GO:0046100,GO:0046101,GO:0046112,GO:0046113,GO:0046148,GO:0046700,GO:0050789,GO:0050794,GO:0051726,GO:0065007,GO:0072522,GO:0072523,GO:1901361,GO:1901362,GO:1901565,GO:1901566,GO:1901575,GO:1901576,GO:1901987,GO:1901990,GO:1902749
OG0005573	HG_5574	
OG0000126	HG_127	
OG0004384	HG_4385	GO:0005575,GO:0005622,GO:0005623,GO:0005737,GO:0005783,GO:0006464,GO:0006497,GO:0006505,GO:0006506,GO:0006508,GO:0006511,GO:0006629,GO:0006643,GO:0006644,GO:0006650,GO:0006661,GO:0006664,GO:0006793,GO:0006796,GO:0006807,GO:0006950,GO:0008150,GO:0008152,GO:0008610,GO:0008654,GO:0009056,GO:0009057,GO:0009058,GO:0009059,GO:0009247,GO:0009987,GO:0010033,GO:0010243,GO:0010467,GO:0010498,GO:0012505,GO:0016485,GO:0019538,GO:0019637,GO:0019941,GO:0030163,GO:0030433,GO:0031501,GO:0032991,GO:0033554,GO:0034645,GO:0034976,GO:0036211,GO:0036503,GO:0042157,GO:0042158,GO:0042221,GO:0043161,GO:0043170,GO:0043226,GO:0043227,GO:0043229,GO:0043231,GO:0043412,GO:0043632,GO:0044237,GO:0044238,GO:0044248,GO:0044249,GO:0044255,GO:0044257,GO:0044260,GO:0044265,GO:0044267,GO:0044422,GO:0044424,GO:0044432,GO:0044444,GO:0044446,GO:0044464,GO:0045017,GO:0046467,GO:0046474,GO:0046486,GO:0046488,GO:0050896,GO:0051603,GO:0051604,GO:0051716,GO:0071704,GO:0090407,GO:1901135,GO:1901137,GO:1901564,GO:1901565,GO:1901566,GO:1901575,GO:1901576,GO:1901698,GO:1902494,GO:1903509,GO:1990234,GO:1990529
OG0004560	HG_4561	
OG0004296	HG_4297	GO:0008150,GO:0008152,GO:0009058,GO:0019748,GO:0044550
OG0011973	HG_11974	
OG0007068	HG_7069	GO:0005575,GO:0005622,GO:0005623,GO:0005737,GO:0005739,GO:0005783,GO:0005811,GO:0006950,GO:0006974,GO:0008150,GO:0009987,GO:0012505,GO:0033554,GO:0043226,GO:0043227,GO:0043228,GO:0043229,GO:0043231,GO:0043232,GO:0044424,GO:0044444,GO:0044464,GO:0050896,GO:0051716,GO:0003674,GO:0003824,GO:0008152,GO:0016491,GO:0016614,GO:0016616,GO:0055114,GO:0003676,GO:0003723,GO:0003960,GO:0005488,GO:0005634,GO:0006979,GO:0009636,GO:0016627,GO:0016628,GO:0016651,GO:0016655,GO:0017091,GO:0032440,GO:0034599,GO:0042221,GO:0070887,GO:0097159,GO:0097237,GO:0098754,GO:1901363,GO:1990748
OG0006957	HG_6958	
OG0004714	HG_4715	
OG0008072	HG_8073	
OG0003742	HG_3743	GO:0003674,GO:0003824,GO:0004045,GO:0005575,GO:0005622,GO:0005623,GO:0005737,GO:0005739,GO:0006412,GO:0006518,GO:0006807,GO:0008150,GO:0008152,GO:0009058,GO:0009059,GO:0009987,GO:0010467,GO:0016787,GO:0016788,GO:0019538,GO:0032543,GO:0034641,GO:0034645,GO:0043043,GO:0043170,GO:0043226,GO:0043227,GO:0043229,GO:0043231,GO:0043603,GO:0043604,GO:0044237,GO:0044238,GO:0044249,GO:0044260,GO:0044267,GO:0044271,GO:0044424,GO:0044444,GO:0044464,GO:0052689,GO:0071704,GO:0140053,GO:0140098,GO:0140101,GO:1901564,GO:1901566,GO:1901576
OG0009368	HG_9369	
OG0003469	HG_3470	GO:0003674,GO:0003824,GO:0004639,GO:0005575,GO:0005622,GO:0005623,GO:0005634,GO:0005737,GO:0006082,GO:0006106,GO:0006139,GO:0006144,GO:0006163,GO:0006164,GO:0006188,GO:0006189,GO:0006725,GO:0006753,GO:0006793,GO:0006796,GO:0006807,GO:0008150,GO:0008152,GO:0009058,GO:0009112,GO:0009113,GO:0009117,GO:0009123,GO:0009124,GO:0009126,GO:0009127,GO:0009150,GO:0009152,GO:0009156,GO:0009161,GO:0009165,GO:0009167,GO:0009168,GO:0009259,GO:0009260,GO:0009987,GO:0016874,GO:0016879,GO:0016881,GO:0018130,GO:0019438,GO:0019637,GO:0019693,GO:0019752,GO:0034641,GO:0034654,GO:0042440,GO:0043226,GO:0043227,GO:0043229,GO:0043231,GO:0043436,GO:0043648,GO:0044237,GO:0044238,GO:0044249,GO:0044271,GO:0044281,GO:0044424,GO:0044464,GO:0046040,GO:0046083,GO:0046084,GO:0046112,GO:0046148,GO:0046390,GO:0046483,GO:0055086,GO:0071704,GO:0072521,GO:0072522,GO:0090407,GO:1901135,GO:1901137,GO:1901293,GO:1901360,GO:1901362,GO:1901564,GO:1901566,GO:1901576
OG0004007	HG_4008	GO:0003674,GO:0003676,GO:0003677,GO:0005488,GO:0005575,GO:0005622,GO:0005623,GO:0005634,GO:0005667,GO:0006355,GO:0006357,GO:0006629,GO:0006644,GO:0006793,GO:0006796,GO:0008150,GO:0008152,GO:0008610,GO:0008654,GO:0009058,GO:0009889,GO:0009891,GO:0009893,GO:0009987,GO:0010468,GO:0010556,GO:0010557,GO:0010604,GO:0010628,GO:0019219,GO:0019222,GO:0019637,GO:0031323,GO:0031325,GO:0031326,GO:0031328,GO:0032991,GO:0043226,GO:0043227,GO:0043229,GO:0043231,GO:0044237,GO:0044238,GO:0044249,GO:0044255,GO:0044422,GO:0044424,GO:0044428,GO:0044446,GO:0044464,GO:0044798,GO:0045893,GO:0045935,GO:0045944,GO:0048518,GO:0048522,GO:0050789,GO:0050794,GO:0051171,GO:0051173,GO:0051252,GO:0051254,GO:0060255,GO:0065007,GO:0071704,GO:0080090,GO:0090407,GO:0090575,GO:0097159,GO:1901363,GO:1901576,GO:1902680,GO:1903506,GO:1903508,GO:2000112,GO:2001141
OG0000692	HG_693	
OG0000995	HG_996	GO:0003674,GO:0003824,GO:0004553,GO:0004557,GO:0005575,GO:0005576,GO:0005622,GO:0005623,GO:0005737,GO:0005975,GO:0005984,GO:0005994,GO:0005995,GO:0006629,GO:0006643,GO:0006664,GO:0006665,GO:0006672,GO:0006677,GO:0006687,GO:0006807,GO:0008150,GO:0008152,GO:0009056,GO:0009311,GO:0009313,GO:0009987,GO:0015925,GO:0016042,GO:0016052,GO:0016137,GO:0016139,GO:0016787,GO:0016798,GO:0019377,GO:0030149,GO:0034641,GO:0043603,GO:0044237,GO:0044238,GO:0044242,GO:0044248,GO:0044255,GO:0044262,GO:0044275,GO:0044424,GO:0044464,GO:0046352,GO:0046466,GO:0046477,GO:0046479,GO:0046514,GO:0071704,GO:1901135,GO:1901136,GO:1901564,GO:1901565,GO:1901575,GO:1901657,GO:1901658,GO:1903509,GO:0004439,GO:0005856,GO:0005938,GO:0006644,GO:0006650,GO:0006793,GO:0006796,GO:0007154,GO:0007165,GO:0015629,GO:0016311,GO:0016788,GO:0016791,GO:0019637,GO:0023052,GO:0030258,GO:0030479,GO:0030863,GO:0030864,GO:0034593,GO:0034595,GO:0035556,GO:0042578,GO:0043226,GO:0043228,GO:0043229,GO:0043232,GO:0044422,GO:0044430,GO:0044444,GO:0044446,GO:0044448,GO:0046486,GO:0046488,GO:0046839,GO:0046856,GO:0048017,GO:0050789,GO:0050794,GO:0050896,GO:0051716,GO:0052866,GO:0061645,GO:0065007,GO:0071944,GO:0099568,GO:0106019,GO:0000272,GO:0005976,GO:0009057,GO:0010412,GO:0016998,GO:0043170,GO:0044036,GO:0044247,GO:0044260,GO:0044264,GO:0046355,GO:0071554
OG0006194	HG_6195	GO:0000003,GO:0000075,GO:0000076,GO:0000077,GO:0000228,GO:0000278,GO:0000723,GO:0000724,GO:0000725,GO:0000785,GO:0000792,GO:0000793,GO:0000794,GO:0005575,GO:0005622,GO:0005623,GO:0005634,GO:0005694,GO:0006139,GO:0006259,GO:0006281,GO:0006289,GO:0006302,GO:0006310,GO:0006725,GO:0006807,GO:0006950,GO:0006974,GO:0006996,GO:0007049,GO:0007093,GO:0007346,GO:0008150,GO:0008152,GO:0009987,GO:0010389,GO:0010564,GO:0010948,GO:0010972,GO:0016043,GO:0022402,GO:0022414,GO:0030896,GO:0031570,GO:0031573,GO:0031974,GO:0031981,GO:0032200,GO:0032991,GO:0033313,GO:0033314,GO:0033554,GO:0034641,GO:0035861,GO:0042592,GO:0043170,GO:0043226,GO:0043227,GO:0043228,GO:0043229,GO:0043231,GO:0043232,GO:0043233,GO:0044237,GO:0044238,GO:0044260,GO:0044422,GO:0044424,GO:0044427,GO:0044428,GO:0044446,GO:0044454,GO:0044464,GO:0044773,GO:0044774,GO:0044778,GO:0044818,GO:0045786,GO:0045930,GO:0046483,GO:0048519,GO:0048523,GO:0050789,GO:0050794,GO:0050896,GO:0051276,GO:0051321,GO:0051716,GO:0051726,GO:0060249,GO:0065007,GO:0065008,GO:0070013,GO:0071704,GO:0071840,GO:0090304,GO:0090734,GO:1901360,GO:1901987,GO:1901988,GO:1901990,GO:1901991,GO:1902749,GO:1902750,GO:1903046,GO:1903047,GO:1990421,GO:0000775,GO:0003674,GO:0003824,GO:0004842,GO:0005488,GO:0006323,GO:0006325,GO:0006333,GO:0006334,GO:0006336,GO:0006338,GO:0006351,GO:0006354,GO:0006366,GO:0006368,GO:0006464,GO:0006508,GO:0006511,GO:0008270,GO:0009056,GO:0009057,GO:0009058,GO:0009059,GO:0010467,GO:0010498,GO:0016070,GO:0016567,GO:0016740,GO:0018130,GO:0019438,GO:0019538,GO:0019787,GO:0019941,GO:0022607,GO:0030163,GO:0031055,GO:0031497,GO:0032446,GO:0032774,GO:0034080,GO:0034508,GO:0034622,GO:0034645,GO:0034654,GO:0034724,GO:0034728,GO:0036211,GO:0043044,GO:0043161,GO:0043167,GO:0043169,GO:0043412,GO:0043486,GO:0043632,GO:0043933,GO:0044085,GO:0044248,GO:0044249,GO:0044257,GO:0044265,GO:0044267,GO:0044271,GO:0046872,GO:0046914,GO:0051603,GO:0061630,GO:0061641,GO:0061659,GO:0065003,GO:0065004,GO:0070647,GO:0071103,GO:0071824,GO:0097659,GO:0098687,GO:0140096,GO:1901362,GO:1901564,GO:1901565,GO:1901575,GO:1901576,GO:0000154,GO:0000447,GO:0000460,GO:0000462,GO:0000466,GO:0000469,GO:0000472,GO:0000478,GO:0000479,GO:0000480,GO:0000966,GO:0000967,GO:0003676,GO:0003723,GO:0003729,GO:0005730,GO:0005732,GO:0006364,GO:0006396,GO:0009451,GO:0016072,GO:0022613,GO:0030490,GO:0030515,GO:0030684,GO:0030686,GO:0031428,GO:0032040,GO:0034470,GO:0034471,GO:0034660,GO:0042254,GO:0042274,GO:0044452,GO:0090305,GO:0090501,GO:0090502,GO:0097159,GO:1901363,GO:1990904
OG0006153	HG_6154	GO:0000054,GO:0000055,GO:0005575,GO:0005622,GO:0005623,GO:0005634,GO:0006403,GO:0006405,GO:0006611,GO:0006810,GO:0006886,GO:0006913,GO:0006996,GO:0007010,GO:0007089,GO:0007346,GO:0008104,GO:0008150,GO:0009987,GO:0010564,GO:0015031,GO:0015833,GO:0015931,GO:0016043,GO:0022613,GO:0030029,GO:0030036,GO:0031503,GO:0033036,GO:0033750,GO:0034613,GO:0042254,GO:0042273,GO:0042886,GO:0043226,GO:0043227,GO:0043229,GO:0043231,GO:0044085,GO:0044424,GO:0044464,GO:0045184,GO:0045787,GO:0045931,GO:0046907,GO:0048518,GO:0048522,GO:0050657,GO:0050658,GO:0050789,GO:0050794,GO:0051168,GO:0051169,GO:0051179,GO:0051234,GO:0051236,GO:0051640,GO:0051641,GO:0051649,GO:0051656,GO:0051726,GO:0065007,GO:0070727,GO:0071166,GO:0071426,GO:0071428,GO:0071702,GO:0071705,GO:0071840,GO:0090068,GO:1900087,GO:1901987,GO:1901989,GO:1901990,GO:1901992,GO:1902806,GO:1902808,GO:2000045
OG0008170	HG_8171	GO:0003674,GO:0003824,GO:0005575,GO:0005622,GO:0005623,GO:0005737,GO:0005739,GO:0006082,GO:0006520,GO:0006570,GO:0006572,GO:0006725,GO:0006807,GO:0008150,GO:0008152,GO:0009056,GO:0009063,GO:0009072,GO:0009074,GO:0009987,GO:0016054,GO:0016787,GO:0016822,GO:0016823,GO:0019439,GO:0019752,GO:0043226,GO:0043227,GO:0043229,GO:0043231,GO:0043436,GO:0044237,GO:0044238,GO:0044248,GO:0044281,GO:0044282,GO:0044424,GO:0044444,GO:0044464,GO:0046395,GO:0047621,GO:0071704,GO:1901360,GO:1901361,GO:1901564,GO:1901565,GO:1901575,GO:1901605,GO:1901606
OG0011950	HG_11951	
OG0003576	HG_3577	GO:0000166,GO:0000959,GO:0000963,GO:0001510,GO:0002097,GO:0002098,GO:0003674,GO:0005488,GO:0005575,GO:0005622,GO:0005623,GO:0005737,GO:0005739,GO:0006139,GO:0006396,GO:0006399,GO:0006400,GO:0006412,GO:0006518,GO:0006725,GO:0006807,GO:0008033,GO:0008150,GO:0008152,GO:0009058,GO:0009059,GO:0009451,GO:0009987,GO:0010467,GO:0016070,GO:0019538,GO:0030488,GO:0032259,GO:0032543,GO:0034470,GO:0034641,GO:0034645,GO:0034660,GO:0036094,GO:0043043,GO:0043167,GO:0043168,GO:0043170,GO:0043226,GO:0043227,GO:0043229,GO:0043231,GO:0043412,GO:0043414,GO:0043603,GO:0043604,GO:0044237,GO:0044238,GO:0044249,GO:0044260,GO:0044267,GO:0044271,GO:0044424,GO:0044444,GO:0044464,GO:0046483,GO:0048037,GO:0050660,GO:0050662,GO:0070525,GO:0070899,GO:0070900,GO:0071704,GO:0090304,GO:0090646,GO:0097159,GO:0140053,GO:1900864,GO:1901265,GO:1901360,GO:1901363,GO:1901564,GO:1901566,GO:1901576
OG0006477	HG_6478	
OG0010186	HG_10187	
OG0000520	HG_521	GO:0000272,GO:0003674,GO:0003824,GO:0004553,GO:0005575,GO:0005576,GO:0005975,GO:0005976,GO:0008150,GO:0008152,GO:0009056,GO:0009057,GO:0009987,GO:0010383,GO:0010410,GO:0016052,GO:0016787,GO:0016798,GO:0031176,GO:0043170,GO:0044036,GO:0044237,GO:0044238,GO:0044260,GO:0045491,GO:0045493,GO:0071554,GO:0071704,GO:0097599,GO:1901575,GO:0044046,GO:0044403,GO:0044419,GO:0051701,GO:0051704,GO:0052047,GO:0052048,GO:0052051,GO:0052211
OG0009513	HG_9514	
OG0000700	HG_701	GO:0000054,GO:0000055,GO:0000972,GO:0000973,GO:0003674,GO:0003676,GO:0003723,GO:0003824,GO:0005048,GO:0005198,GO:0005488,GO:0005575,GO:0005622,GO:0005623,GO:0005634,GO:0005635,GO:0005643,GO:0006139,GO:0006259,GO:0006281,GO:0006302,GO:0006325,GO:0006342,GO:0006344,GO:0006348,GO:0006355,GO:0006403,GO:0006405,GO:0006406,GO:0006407,GO:0006409,GO:0006508,GO:0006606,GO:0006607,GO:0006611,GO:0006725,GO:0006807,GO:0006810,GO:0006886,GO:0006913,GO:0006950,GO:0006974,GO:0006996,GO:0006997,GO:0006999,GO:0007346,GO:0008104,GO:0008139,GO:0008150,GO:0008152,GO:0008233,GO:0009889,GO:0009890,GO:0009891,GO:0009892,GO:0009893,GO:0009987,GO:0010389,GO:0010467,GO:0010468,GO:0010556,GO:0010557,GO:0010558,GO:0010564,GO:0010604,GO:0010605,GO:0010628,GO:0010629,GO:0012505,GO:0015031,GO:0015833,GO:0015931,GO:0016020,GO:0016021,GO:0016043,GO:0016458,GO:0016787,GO:0016973,GO:0017038,GO:0017056,GO:0019219,GO:0019222,GO:0019538,GO:0022613,GO:0031080,GO:0031081,GO:0031090,GO:0031224,GO:0031323,GO:0031324,GO:0031325,GO:0031326,GO:0031327,GO:0031328,GO:0031503,GO:0031965,GO:0031967,GO:0031974,GO:0031975,GO:0031981,GO:0032386,GO:0032879,GO:0032991,GO:0033036,GO:0033218,GO:0033365,GO:0033554,GO:0033750,GO:0034397,GO:0034398,GO:0034399,GO:0034504,GO:0034613,GO:0034629,GO:0034641,GO:0035392,GO:0036228,GO:0040029,GO:0042254,GO:0042277,GO:0042886,GO:0043170,GO:0043226,GO:0043227,GO:0043229,GO:0043231,GO:0043233,GO:0043933,GO:0044085,GO:0044237,GO:0044238,GO:0044260,GO:0044422,GO:0044424,GO:0044425,GO:0044428,GO:0044446,GO:0044464,GO:0044613,GO:0044614,GO:0045184,GO:0045814,GO:0045892,GO:0045893,GO:0045934,GO:0045935,GO:0046483,GO:0046822,GO:0046907,GO:0048518,GO:0048519,GO:0048522,GO:0048523,GO:0050000,GO:0050657,GO:0050658,GO:0050789,GO:0050794,GO:0050896,GO:0051028,GO:0051029,GO:0051031,GO:0051049,GO:0051168,GO:0051169,GO:0051170,GO:0051171,GO:0051172,GO:0051173,GO:0051179,GO:0051234,GO:0051236,GO:0051252,GO:0051253,GO:0051254,GO:0051276,GO:0051640,GO:0051641,GO:0051649,GO:0051656,GO:0051664,GO:0051668,GO:0051716,GO:0051726,GO:0060255,GO:0060341,GO:0065007,GO:0070013,GO:0070727,GO:0071166,GO:0071426,GO:0071427,GO:0071428,GO:0071431,GO:0071702,GO:0071704,GO:0071705,GO:0071840,GO:0072594,GO:0072657,GO:0080090,GO:0090304,GO:0090435,GO:0097064,GO:0097159,GO:0140096,GO:1901360,GO:1901363,GO:1901564,GO:1901987,GO:1901990,GO:1902679,GO:1902680,GO:1902749,GO:1903506,GO:1903507,GO:1903508,GO:2000112,GO:2000113,GO:2001141,GO:0002181,GO:0003735,GO:0005737,GO:0005829,GO:0005840,GO:0006412,GO:0006518,GO:0009058,GO:0009059,GO:0010494,GO:0015935,GO:0022626,GO:0022627,GO:0034645,GO:0035770,GO:0036464,GO:0043043,GO:0043228,GO:0043232,GO:0043603,GO:0043604,GO:0044249,GO:0044267,GO:0044271,GO:0044391,GO:0044444,GO:0044445,GO:1901566,GO:1901576,GO:1990904
OG0005788	HG_5789	
OG0004992	HG_4993	
OG0007006	HG_7007	
OG0005964	HG_5965	GO:0003674,GO:0003824,GO:0004842,GO:0005488,GO:0006464,GO:0006807,GO:0008150,GO:0008152,GO:0008270,GO:0009987,GO:0016567,GO:0016740,GO:0019538,GO:0019787,GO:0032446,GO:0036211,GO:0043167,GO:0043169,GO:0043170,GO:0043412,GO:0044237,GO:0044238,GO:0044260,GO:0044267,GO:0046872,GO:0046914,GO:0061630,GO:0061659,GO:0070647,GO:0071704,GO:0140096,GO:1901564,GO:0000209,GO:0005575,GO:0005622,GO:0005623,GO:0005634,GO:0005737,GO:0005829,GO:0006508,GO:0006511,GO:0009056,GO:0009057,GO:0010498,GO:0019941,GO:0030163,GO:0043161,GO:0043226,GO:0043227,GO:0043229,GO:0043231,GO:0043632,GO:0044248,GO:0044257,GO:0044265,GO:0044424,GO:0044444,GO:0044464,GO:0051603,GO:1901565,GO:1901575,GO:0005783,GO:0005789,GO:0012505,GO:0016020,GO:0031984,GO:0042175,GO:0044422,GO:0044425,GO:0044432,GO:0044446,GO:0098827
OG0004951	HG_4952	GO:0000166,GO:0001882,GO:0001883,GO:0003674,GO:0003824,GO:0003924,GO:0005047,GO:0005488,GO:0005525,GO:0005575,GO:0005622,GO:0005623,GO:0005737,GO:0005783,GO:0005785,GO:0005789,GO:0005791,GO:0006605,GO:0006612,GO:0006613,GO:0006614,GO:0006810,GO:0006886,GO:0008104,GO:0008150,GO:0012505,GO:0015031,GO:0015833,GO:0016020,GO:0016462,GO:0016787,GO:0016817,GO:0016818,GO:0017076,GO:0017111,GO:0019001,GO:0030867,GO:0031090,GO:0031984,GO:0032549,GO:0032550,GO:0032553,GO:0032555,GO:0032561,GO:0032991,GO:0033036,GO:0033365,GO:0034613,GO:0035639,GO:0036094,GO:0042175,GO:0042886,GO:0043021,GO:0043167,GO:0043168,GO:0043226,GO:0043227,GO:0043229,GO:0043231,GO:0044422,GO:0044424,GO:0044425,GO:0044432,GO:0044444,GO:0044446,GO:0044464,GO:0044877,GO:0045047,GO:0045184,GO:0046907,GO:0051179,GO:0051234,GO:0051641,GO:0051649,GO:0070727,GO:0070972,GO:0071702,GO:0071705,GO:0072594,GO:0072599,GO:0072657,GO:0090150,GO:0097159,GO:0097367,GO:0098588,GO:0098796,GO:0098827,GO:1901265,GO:1901363
OG0009476	HG_9477	
OG0005128	HG_5129	
OG0008463	HG_8464	
OG0011968	HG_11969	
OG0007491	HG_7492	
OG0011284	HG_11285	
OG0006261	HG_6262	GO:0000322,GO:0000323,GO:0000324,GO:0003674,GO:0003824,GO:0004721,GO:0005575,GO:0005622,GO:0005623,GO:0005737,GO:0005773,GO:0006464,GO:0006470,GO:0006793,GO:0006796,GO:0006807,GO:0006950,GO:0006986,GO:0007089,GO:0007154,GO:0007165,GO:0007346,GO:0008150,GO:0008152,GO:0009966,GO:0009968,GO:0009987,GO:0010033,GO:0010564,GO:0010646,GO:0010648,GO:0016311,GO:0016787,GO:0016788,GO:0016791,GO:0019538,GO:0023051,GO:0023052,GO:0023057,GO:0030968,GO:0033554,GO:0034620,GO:0034976,GO:0035966,GO:0035967,GO:0036211,GO:0042221,GO:0042578,GO:0043170,GO:0043226,GO:0043227,GO:0043229,GO:0043231,GO:0043412,GO:0044237,GO:0044238,GO:0044260,GO:0044267,GO:0044424,GO:0044444,GO:0044464,GO:0045787,GO:0045931,GO:0048518,GO:0048519,GO:0048522,GO:0048523,GO:0048583,GO:0048585,GO:0050789,GO:0050794,GO:0050896,GO:0051716,GO:0051726,GO:0065007,GO:0070887,GO:0071310,GO:0071704,GO:0080134,GO:0080135,GO:0090068,GO:0140096,GO:1900087,GO:1900101,GO:1900102,GO:1901564,GO:1901987,GO:1901989,GO:1901990,GO:1901992,GO:1902806,GO:1902808,GO:1903573,GO:1905897,GO:2000045
OG0008875	HG_8876	
OG0004744	HG_4745	GO:0003674,GO:0005215,GO:0006810,GO:0008150,GO:0022857,GO:0051179,GO:0051234,GO:0055085
OG0005484	HG_5485	GO:0003674,GO:0003676,GO:0003678,GO:0003723,GO:0003724,GO:0003729,GO:0003824,GO:0004386,GO:0005488,GO:0005575,GO:0005622,GO:0005623,GO:0005737,GO:0005844,GO:0006417,GO:0006449,GO:0006996,GO:0008150,GO:0009889,GO:0009987,GO:0010468,GO:0010494,GO:0010556,GO:0010608,GO:0016043,GO:0016462,GO:0016787,GO:0016817,GO:0016818,GO:0017111,GO:0019222,GO:0031323,GO:0031326,GO:0032268,GO:0032392,GO:0032508,GO:0032991,GO:0034248,GO:0035770,GO:0036464,GO:0043226,GO:0043228,GO:0043229,GO:0043232,GO:0043244,GO:0044424,GO:0044444,GO:0044464,GO:0050789,GO:0050794,GO:0051128,GO:0051171,GO:0051246,GO:0051276,GO:0060255,GO:0065007,GO:0071103,GO:0071840,GO:0080090,GO:0097159,GO:0140097,GO:0140098,GO:1901363,GO:1990904,GO:2000112
OG0005789	HG_5790	
OG0008690	HG_8691	
OG0000392	HG_393	GO:0003674,GO:0003824,GO:0004175,GO:0004197,GO:0004198,GO:0005575,GO:0005622,GO:0005623,GO:0005634,GO:0005737,GO:0005829,GO:0006508,GO:0006515,GO:0006807,GO:0006915,GO:0008150,GO:0008152,GO:0008219,GO:0008233,GO:0008234,GO:0009056,GO:0009057,GO:0009987,GO:0012501,GO:0016787,GO:0019538,GO:0030163,GO:0043170,GO:0043226,GO:0043227,GO:0043229,GO:0043231,GO:0044237,GO:0044238,GO:0044248,GO:0044257,GO:0044260,GO:0044265,GO:0044267,GO:0044424,GO:0044444,GO:0044464,GO:0051603,GO:0070011,GO:0071704,GO:0140096,GO:1901564,GO:1901565,GO:1901575,GO:0000154,GO:0000469,GO:0000470,GO:0000723,GO:0001522,GO:0003676,GO:0003723,GO:0005488,GO:0005654,GO:0005697,GO:0005730,GO:0005732,GO:0006139,GO:0006259,GO:0006278,GO:0006364,GO:0006396,GO:0006412,GO:0006518,GO:0006725,GO:0006996,GO:0007004,GO:0009058,GO:0009059,GO:0009451,GO:0010467,GO:0010833,GO:0015030,GO:0016043,GO:0016070,GO:0016072,GO:0016073,GO:0016604,GO:0018130,GO:0019438,GO:0019843,GO:0022613,GO:0030515,GO:0031118,GO:0031120,GO:0031429,GO:0031974,GO:0031981,GO:0032200,GO:0032991,GO:0034470,GO:0034513,GO:0034641,GO:0034645,GO:0034654,GO:0034660,GO:0040031,GO:0042254,GO:0042273,GO:0042592,GO:0043043,GO:0043228,GO:0043232,GO:0043233,GO:0043412,GO:0043603,GO:0043604,GO:0044085,GO:0044249,GO:0044271,GO:0044422,GO:0044428,GO:0044446,GO:0044451,GO:0044452,GO:0046483,GO:0051276,GO:0060249,GO:0065007,GO:0065008,GO:0070013,GO:0070034,GO:0071840,GO:0071897,GO:0072588,GO:0072589,GO:0090304,GO:0090305,GO:0090501,GO:0090661,GO:0097159,GO:1901360,GO:1901362,GO:1901363,GO:1901566,GO:1901576,GO:1902494,GO:1990904
OG0008473	HG_8474	
OG0004301	HG_4302	GO:0000322,GO:0000323,GO:0000324,GO:0002054,GO:0002060,GO:0003674,GO:0005215,GO:0005345,GO:0005488,GO:0005575,GO:0005622,GO:0005623,GO:0005737,GO:0005768,GO:0005773,GO:0005775,GO:0005776,GO:0005886,GO:0005887,GO:0006810,GO:0006811,GO:0006812,GO:0006820,GO:0006863,GO:0008150,GO:0008324,GO:0008509,GO:0008514,GO:0010008,GO:0012505,GO:0015075,GO:0015143,GO:0015205,GO:0015711,GO:0015747,GO:0015851,GO:0016020,GO:0016021,GO:0022857,GO:0031090,GO:0031224,GO:0031226,GO:0031410,GO:0031974,GO:0031982,GO:0034220,GO:0034423,GO:0036094,GO:0042906,GO:0042907,GO:0043226,GO:0043227,GO:0043229,GO:0043231,GO:0043233,GO:0044422,GO:0044424,GO:0044425,GO:0044433,GO:0044437,GO:0044440,GO:0044444,GO:0044446,GO:0044459,GO:0044464,GO:0051179,GO:0051234,GO:0055085,GO:0070013,GO:0071702,GO:0071705,GO:0071944,GO:0072530,GO:0097159,GO:0097708,GO:0098588,GO:0098655,GO:0098656,GO:0098805,GO:1901363,GO:1901702,GO:1904823,GO:0001817,GO:0002376,GO:0002682,GO:0002683,GO:0002697,GO:0002698,GO:0002831,GO:0002832,GO:0003824,GO:0004371,GO:0005829,GO:0005975,GO:0005996,GO:0006000,GO:0006001,GO:0006081,GO:0006082,GO:0006090,GO:0006091,GO:0006096,GO:0006139,GO:0006163,GO:0006164,GO:0006165,GO:0006725,GO:0006732,GO:0006733,GO:0006753,GO:0006754,GO:0006757,GO:0006793,GO:0006796,GO:0006807,GO:0006950,GO:0006952,GO:0006955,GO:0008152,GO:0009056,GO:0009058,GO:0009108,GO:0009117,GO:0009123,GO:0009124,GO:0009126,GO:0009127,GO:0009132,GO:0009135,GO:0009141,GO:0009142,GO:0009144,GO:0009145,GO:0009150,GO:0009152,GO:0009156,GO:0009161,GO:0009165,GO:0009166,GO:0009167,GO:0009168,GO:0009179,GO:0009185,GO:0009199,GO:0009201,GO:0009205,GO:0009206,GO:0009259,GO:0009260,GO:0009966,GO:0009968,GO:0009975,GO:0009987,GO:0010646,GO:0010648,GO:0016052,GO:0016053,GO:0016301,GO:0016310,GO:0016740,GO:0016772,GO:0016773,GO:0016829,GO:0016849,GO:0017144,GO:0018130,GO:0019318,GO:0019320,GO:0019359,GO:0019362,GO:0019363,GO:0019438,GO:0019439,GO:0019637,GO:0019682,GO:0019693,GO:0019752,GO:0023051,GO:0023057,GO:0031347,GO:0031348,GO:0032101,GO:0032102,GO:0032787,GO:0034012,GO:0034404,GO:0034641,GO:0034654,GO:0034655,GO:0039531,GO:0039532,GO:0039533,GO:0039534,GO:0042866,GO:0043436,GO:0043900,GO:0043901,GO:0044237,GO:0044238,GO:0044248,GO:0044249,GO:0044262,GO:0044270,GO:0044271,GO:0044281,GO:0044282,GO:0044283,GO:0045087,GO:0045088,GO:0046031,GO:0046034,GO:0046365,GO:0046390,GO:0046394,GO:0046434,GO:0046483,GO:0046496,GO:0046700,GO:0046835,GO:0046939,GO:0048519,GO:0048523,GO:0048583,GO:0048585,GO:0050354,GO:0050687,GO:0050688,GO:0050776,GO:0050789,GO:0050794,GO:0050896,GO:0051186,GO:0051188,GO:0051239,GO:0055086,GO:0061624,GO:0061625,GO:0065007,GO:0071704,GO:0072330,GO:0072521,GO:0072522,GO:0072524,GO:0072525,GO:0080134,GO:0090407,GO:1901135,GO:1901137,GO:1901292,GO:1901293,GO:1901360,GO:1901361,GO:1901362,GO:1901564,GO:1901566,GO:1901575,GO:1901576,GO:1902531,GO:1902532
OG0009857	HG_9858	GO:0003674,GO:0003824,GO:0005575,GO:0005622,GO:0005623,GO:0005634,GO:0005737,GO:0005829,GO:0006081,GO:0006098,GO:0006139,GO:0006403,GO:0006405,GO:0006409,GO:0006611,GO:0006725,GO:0006732,GO:0006733,GO:0006739,GO:0006753,GO:0006793,GO:0006796,GO:0006807,GO:0006810,GO:0006886,GO:0006913,GO:0008104,GO:0008150,GO:0008152,GO:0009051,GO:0009117,GO:0009987,GO:0015031,GO:0015833,GO:0015931,GO:0016787,GO:0016788,GO:0017057,GO:0019362,GO:0019637,GO:0019682,GO:0019693,GO:0031503,GO:0033036,GO:0034613,GO:0034641,GO:0042886,GO:0043226,GO:0043227,GO:0043229,GO:0043231,GO:0044237,GO:0044238,GO:0044281,GO:0044424,GO:0044444,GO:0044464,GO:0045184,GO:0046483,GO:0046496,GO:0046907,GO:0050657,GO:0050658,GO:0051031,GO:0051156,GO:0051168,GO:0051169,GO:0051179,GO:0051186,GO:0051234,GO:0051236,GO:0051641,GO:0051649,GO:0052689,GO:0055086,GO:0070727,GO:0071166,GO:0071426,GO:0071431,GO:0071702,GO:0071704,GO:0071705,GO:0072524,GO:0097064,GO:1901135,GO:1901360,GO:1901564
OG0001507	HG_1508	GO:0000075,GO:0000076,GO:0000077,GO:0000151,GO:0000228,GO:0000278,GO:0000775,GO:0000781,GO:0000784,GO:0000785,GO:0000790,GO:0000792,GO:0005575,GO:0005622,GO:0005623,GO:0005634,GO:0005694,GO:0005720,GO:0005724,GO:0005730,GO:0006139,GO:0006259,GO:0006260,GO:0006261,GO:0006270,GO:0006281,GO:0006282,GO:0006301,GO:0006302,GO:0006725,GO:0006807,GO:0006950,GO:0006974,GO:0007049,GO:0007093,GO:0007095,GO:0007346,GO:0008150,GO:0008152,GO:0009058,GO:0009059,GO:0009987,GO:0010389,GO:0010525,GO:0010526,GO:0010528,GO:0010529,GO:0010564,GO:0010948,GO:0010972,GO:0019219,GO:0019222,GO:0022402,GO:0031323,GO:0031461,GO:0031570,GO:0031572,GO:0031933,GO:0031974,GO:0031981,GO:0032991,GO:0033314,GO:0033553,GO:0033554,GO:0034641,GO:0034645,GO:0035361,GO:0035861,GO:0043170,GO:0043226,GO:0043227,GO:0043228,GO:0043229,GO:0043231,GO:0043232,GO:0043233,GO:0044237,GO:0044238,GO:0044249,GO:0044260,GO:0044422,GO:0044424,GO:0044427,GO:0044428,GO:0044446,GO:0044454,GO:0044464,GO:0044773,GO:0044774,GO:0044818,GO:0045786,GO:0045930,GO:0046483,GO:0048519,GO:0048523,GO:0048583,GO:0050000,GO:0050789,GO:0050794,GO:0050896,GO:0051052,GO:0051171,GO:0051179,GO:0051640,GO:0051641,GO:0051716,GO:0051726,GO:0060255,GO:0065007,GO:0070013,GO:0071704,GO:0071944,GO:0080090,GO:0080134,GO:0080135,GO:0090304,GO:0090734,GO:0097240,GO:0098687,GO:1901360,GO:1901576,GO:1901976,GO:1901987,GO:1901988,GO:1901990,GO:1901991,GO:1902377,GO:1902494,GO:1902749,GO:1902750,GO:1903047,GO:1903775,GO:1990234,GO:1990683,GO:2000001,GO:2000779,GO:2001020,GO:0000791,GO:0003674,GO:0003712,GO:0003713,GO:0005719,GO:0006355,GO:0006357,GO:0009889,GO:0009891,GO:0009893,GO:0010468,GO:0010556,GO:0010557,GO:0010604,GO:0010628,GO:0031325,GO:0031326,GO:0031328,GO:0031935,GO:0033043,GO:0033044,GO:0045893,GO:0045935,GO:0045944,GO:0048518,GO:0048522,GO:0051128,GO:0051173,GO:0051252,GO:0051254,GO:0060968,GO:0090052,GO:0140110,GO:1902275,GO:1902680,GO:1903506,GO:1903508,GO:2000112,GO:2001141
OG0000004	HG_5	GO:0006082,GO:0008150,GO:0008152,GO:0009058,GO:0009987,GO:0016053,GO:0016999,GO:0017000,GO:0017144,GO:0018130,GO:0018904,GO:0019748,GO:0019752,GO:0043436,GO:0044237,GO:0044249,GO:0044281,GO:0044283,GO:0046394,GO:0046483,GO:0071704,GO:0097176,GO:1901360,GO:1901362,GO:1901503,GO:1901576,GO:1902084,GO:1902086
OG0008071	HG_8072	
OG0010245	HG_10246	
OG0007919	HG_7920	GO:0000002,GO:0003674,GO:0003676,GO:0003677,GO:0003824,GO:0003887,GO:0004518,GO:0004527,GO:0005488,GO:0005575,GO:0005622,GO:0005623,GO:0005737,GO:0005739,GO:0006139,GO:0006259,GO:0006260,GO:0006261,GO:0006264,GO:0006725,GO:0006807,GO:0006996,GO:0007005,GO:0008150,GO:0008152,GO:0008408,GO:0009058,GO:0009059,GO:0009987,GO:0016043,GO:0016740,GO:0016772,GO:0016779,GO:0016787,GO:0016788,GO:0018130,GO:0019438,GO:0032042,GO:0034061,GO:0034641,GO:0034645,GO:0034654,GO:0043170,GO:0043226,GO:0043227,GO:0043229,GO:0043231,GO:0044237,GO:0044238,GO:0044249,GO:0044260,GO:0044271,GO:0044424,GO:0044444,GO:0044464,GO:0046483,GO:0071704,GO:0071840,GO:0071897,GO:0090304,GO:0090305,GO:0097159,GO:0140097,GO:1901360,GO:1901362,GO:1901363,GO:1901576
OG0002423	HG_2424	GO:0003674,GO:0003824,GO:0004395,GO:0005575,GO:0005622,GO:0005623,GO:0005737,GO:0005739,GO:0005740,GO:0005743,GO:0006732,GO:0006733,GO:0006743,GO:0006744,GO:0008150,GO:0008152,GO:0008168,GO:0008757,GO:0009058,GO:0009108,GO:0009987,GO:0010420,GO:0016020,GO:0016740,GO:0016741,GO:0019866,GO:0019898,GO:0031090,GO:0031966,GO:0031967,GO:0031975,GO:0032259,GO:0042180,GO:0042181,GO:0043226,GO:0043227,GO:0043229,GO:0043231,GO:0044237,GO:0044249,GO:0044281,GO:0044283,GO:0044422,GO:0044424,GO:0044425,GO:0044429,GO:0044444,GO:0044446,GO:0044464,GO:0051186,GO:0051188,GO:0071704,GO:1901576,GO:1901661,GO:1901663
OG0004352	HG_4353	GO:0003674,GO:0005215,GO:0005575,GO:0005622,GO:0005623,GO:0005737,GO:0005783,GO:0006810,GO:0008150,GO:0012505,GO:0016020,GO:0016021,GO:0031224,GO:0043226,GO:0043227,GO:0043229,GO:0043231,GO:0044424,GO:0044425,GO:0044444,GO:0044464,GO:0051179,GO:0051234,GO:0071944,GO:0000322,GO:0000323,GO:0000324,GO:0005342,GO:0005773,GO:0005886,GO:0006811,GO:0006820,GO:0006857,GO:0008028,GO:0008509,GO:0008514,GO:0015075,GO:0015124,GO:0015318,GO:0015711,GO:0015718,GO:0015719,GO:0015833,GO:0015849,GO:0022857,GO:0034220,GO:0042886,GO:0042887,GO:0042938,GO:0042939,GO:0046942,GO:0046943,GO:0055085,GO:0071702,GO:0071705,GO:0098656,GO:1903825,GO:1905039
OG0007124	HG_7125	
OG0005092	HG_5093	GO:0000228,GO:0000785,GO:0000790,GO:0005575,GO:0005622,GO:0005623,GO:0005634,GO:0005694,GO:0006325,GO:0006338,GO:0006355,GO:0006357,GO:0006996,GO:0008150,GO:0009889,GO:0009987,GO:0010468,GO:0010556,GO:0016043,GO:0016514,GO:0016586,GO:0019219,GO:0019222,GO:0031323,GO:0031326,GO:0031974,GO:0031981,GO:0032991,GO:0043226,GO:0043227,GO:0043228,GO:0043229,GO:0043231,GO:0043232,GO:0043233,GO:0044422,GO:0044424,GO:0044427,GO:0044428,GO:0044446,GO:0044454,GO:0044464,GO:0050789,GO:0050794,GO:0051171,GO:0051252,GO:0051276,GO:0060255,GO:0065007,GO:0070013,GO:0070603,GO:0071840,GO:0080090,GO:1902494,GO:1903506,GO:1904949,GO:2000112,GO:2001141,GO:0000082,GO:0000278,GO:0003674,GO:0003824,GO:0004672,GO:0004674,GO:0006464,GO:0006468,GO:0006793,GO:0006796,GO:0006807,GO:0007049,GO:0007154,GO:0007165,GO:0008152,GO:0010941,GO:0010942,GO:0016301,GO:0016310,GO:0016740,GO:0016772,GO:0016773,GO:0018105,GO:0018193,GO:0018209,GO:0019538,GO:0022402,GO:0023052,GO:0035329,GO:0035556,GO:0036211,GO:0040008,GO:0042981,GO:0043065,GO:0043067,GO:0043068,GO:0043170,GO:0043412,GO:0044237,GO:0044238,GO:0044260,GO:0044267,GO:0044770,GO:0044772,GO:0044843,GO:0046620,GO:0048518,GO:0048522,GO:0048638,GO:0050793,GO:0050896,GO:0051239,GO:0051716,GO:0071704,GO:0140096,GO:1901564,GO:1903047
OG0004811	HG_4812	
OG0003710	HG_3711	GO:0000166,GO:0000959,GO:0000963,GO:0001882,GO:0001883,GO:0002097,GO:0002098,GO:0003674,GO:0003824,GO:0003924,GO:0005488,GO:0005525,GO:0005575,GO:0005622,GO:0005623,GO:0005737,GO:0005739,GO:0005740,GO:0005743,GO:0005829,GO:0006139,GO:0006396,GO:0006399,GO:0006400,GO:0006412,GO:0006518,GO:0006725,GO:0006807,GO:0008033,GO:0008150,GO:0008152,GO:0009058,GO:0009059,GO:0009451,GO:0009987,GO:0010467,GO:0016020,GO:0016070,GO:0016462,GO:0016787,GO:0016817,GO:0016818,GO:0017076,GO:0017111,GO:0019001,GO:0019538,GO:0019866,GO:0031090,GO:0031966,GO:0031967,GO:0031975,GO:0032543,GO:0032549,GO:0032550,GO:0032553,GO:0032555,GO:0032561,GO:0034470,GO:0034641,GO:0034645,GO:0034660,GO:0035639,GO:0036094,GO:0043043,GO:0043167,GO:0043168,GO:0043170,GO:0043226,GO:0043227,GO:0043229,GO:0043231,GO:0043412,GO:0043603,GO:0043604,GO:0044237,GO:0044238,GO:0044249,GO:0044260,GO:0044267,GO:0044271,GO:0044422,GO:0044424,GO:0044429,GO:0044444,GO:0044446,GO:0044464,GO:0046483,GO:0070525,GO:0070899,GO:0070900,GO:0071704,GO:0090304,GO:0090646,GO:0097159,GO:0097367,GO:0140053,GO:1900864,GO:1901265,GO:1901360,GO:1901363,GO:1901564,GO:1901566,GO:1901576
OG0007929	HG_7930	GO:0000003,GO:0000228,GO:0000280,GO:0000793,GO:0000794,GO:0000795,GO:0003674,GO:0003682,GO:0003824,GO:0005488,GO:0005575,GO:0005622,GO:0005623,GO:0005634,GO:0005694,GO:0006139,GO:0006259,GO:0006310,GO:0006464,GO:0006725,GO:0006807,GO:0006996,GO:0007049,GO:0007059,GO:0007127,GO:0007129,GO:0007130,GO:0007131,GO:0008150,GO:0008152,GO:0009987,GO:0016043,GO:0016740,GO:0016925,GO:0018193,GO:0018205,GO:0019538,GO:0019787,GO:0019789,GO:0022402,GO:0022414,GO:0022607,GO:0031974,GO:0031981,GO:0032446,GO:0034641,GO:0035825,GO:0036211,GO:0043170,GO:0043226,GO:0043227,GO:0043228,GO:0043229,GO:0043231,GO:0043232,GO:0043233,GO:0043412,GO:0044085,GO:0044237,GO:0044238,GO:0044260,GO:0044267,GO:0044422,GO:0044424,GO:0044427,GO:0044428,GO:0044446,GO:0044454,GO:0044464,GO:0045132,GO:0045143,GO:0046483,GO:0048285,GO:0051276,GO:0051321,GO:0061982,GO:0070013,GO:0070192,GO:0070193,GO:0070647,GO:0071704,GO:0071840,GO:0090304,GO:0098813,GO:0099086,GO:0140013,GO:0140096,GO:1901360,GO:1901564,GO:1903046
OG0004450	HG_4451	GO:0000122,GO:0000976,GO:0000977,GO:0000978,GO:0000981,GO:0000982,GO:0000987,GO:0001012,GO:0001067,GO:0001077,GO:0001101,GO:0001228,GO:0003674,GO:0003676,GO:0003677,GO:0003690,GO:0003700,GO:0005488,GO:0005575,GO:0005622,GO:0005623,GO:0005634,GO:0005737,GO:0005739,GO:0006139,GO:0006351,GO:0006355,GO:0006357,GO:0006366,GO:0006725,GO:0006807,GO:0008150,GO:0008152,GO:0009058,GO:0009059,GO:0009889,GO:0009890,GO:0009891,GO:0009892,GO:0009893,GO:0009987,GO:0010033,GO:0010467,GO:0010468,GO:0010556,GO:0010557,GO:0010558,GO:0010604,GO:0010605,GO:0010628,GO:0010629,GO:0016070,GO:0018130,GO:0019219,GO:0019222,GO:0019438,GO:0031323,GO:0031324,GO:0031325,GO:0031326,GO:0031327,GO:0031328,GO:0032774,GO:0033993,GO:0034201,GO:0034641,GO:0034645,GO:0034654,GO:0042221,GO:0043170,GO:0043226,GO:0043227,GO:0043229,GO:0043231,GO:0043565,GO:0044212,GO:0044237,GO:0044238,GO:0044249,GO:0044260,GO:0044271,GO:0044424,GO:0044444,GO:0044464,GO:0045892,GO:0045893,GO:0045934,GO:0045935,GO:0045944,GO:0046483,GO:0048518,GO:0048519,GO:0048522,GO:0048523,GO:0050789,GO:0050794,GO:0050896,GO:0051171,GO:0051172,GO:0051173,GO:0051252,GO:0051253,GO:0051254,GO:0051716,GO:0060255,GO:0065007,GO:0070542,GO:0070887,GO:0071229,GO:0071310,GO:0071396,GO:0071398,GO:0071400,GO:0071704,GO:0080090,GO:0090304,GO:0097159,GO:0097659,GO:0140110,GO:1901360,GO:1901362,GO:1901363,GO:1901576,GO:1901700,GO:1901701,GO:1902679,GO:1902680,GO:1903506,GO:1903507,GO:1903508,GO:1990837,GO:2000112,GO:2000113,GO:2001141
OG0007310	HG_7311	
OG0003173	HG_3174	GO:0000271,GO:0000322,GO:0000323,GO:0000324,GO:0003674,GO:0003824,GO:0004553,GO:0004573,GO:0005575,GO:0005622,GO:0005623,GO:0005737,GO:0005773,GO:0005783,GO:0005789,GO:0005975,GO:0005976,GO:0006073,GO:0006464,GO:0006486,GO:0006487,GO:0006807,GO:0008150,GO:0008152,GO:0009058,GO:0009059,GO:0009100,GO:0009101,GO:0009250,GO:0009272,GO:0009987,GO:0010383,GO:0012505,GO:0015926,GO:0016020,GO:0016051,GO:0016787,GO:0016798,GO:0019538,GO:0031984,GO:0033692,GO:0034406,GO:0034637,GO:0034645,GO:0036211,GO:0042175,GO:0042546,GO:0043170,GO:0043226,GO:0043227,GO:0043229,GO:0043231,GO:0043412,GO:0043413,GO:0044036,GO:0044038,GO:0044042,GO:0044085,GO:0044237,GO:0044238,GO:0044249,GO:0044260,GO:0044262,GO:0044264,GO:0044267,GO:0044422,GO:0044424,GO:0044425,GO:0044432,GO:0044444,GO:0044446,GO:0044464,GO:0051273,GO:0051274,GO:0051278,GO:0070085,GO:0070589,GO:0070592,GO:0070879,GO:0070880,GO:0071554,GO:0071704,GO:0071840,GO:0071852,GO:0071966,GO:0098827,GO:1901135,GO:1901137,GO:1901564,GO:1901566,GO:1901576
OG0010189	HG_10190	
OG0006888	HG_6889	
OG0004950	HG_4951	GO:0003674,GO:0003676,GO:0003723,GO:0003729,GO:0003824,GO:0004177,GO:0005488,GO:0005575,GO:0005622,GO:0005623,GO:0005737,GO:0005829,GO:0005840,GO:0006464,GO:0006508,GO:0006807,GO:0008150,GO:0008152,GO:0008233,GO:0008235,GO:0008237,GO:0008238,GO:0009892,GO:0009987,GO:0010467,GO:0010468,GO:0010494,GO:0010605,GO:0010629,GO:0016485,GO:0016787,GO:0019222,GO:0019538,GO:0022626,GO:0032991,GO:0035551,GO:0035770,GO:0036211,GO:0036464,GO:0043170,GO:0043226,GO:0043228,GO:0043229,GO:0043232,GO:0043412,GO:0044237,GO:0044238,GO:0044260,GO:0044267,GO:0044424,GO:0044444,GO:0044445,GO:0044464,GO:0048519,GO:0050789,GO:0051604,GO:0060255,GO:0065007,GO:0070006,GO:0070011,GO:0070084,GO:0071704,GO:0097159,GO:0140096,GO:1901363,GO:1901564,GO:1990904
OG0005061	HG_5062	GO:0000302,GO:0003674,GO:0003824,GO:0004357,GO:0005575,GO:0005622,GO:0005623,GO:0005737,GO:0006518,GO:0006575,GO:0006749,GO:0006750,GO:0006790,GO:0006807,GO:0006810,GO:0006811,GO:0006820,GO:0006857,GO:0006950,GO:0006979,GO:0008150,GO:0008152,GO:0009058,GO:0009636,GO:0009987,GO:0010035,GO:0010038,GO:0015711,GO:0015833,GO:0016874,GO:0016879,GO:0016881,GO:0017109,GO:0019184,GO:0019748,GO:0032991,GO:0034635,GO:0034641,GO:0042221,GO:0042398,GO:0042493,GO:0042542,GO:0042886,GO:0042939,GO:0043043,GO:0043603,GO:0043604,GO:0044237,GO:0044249,GO:0044271,GO:0044272,GO:0044424,GO:0044444,GO:0044464,GO:0044550,GO:0046677,GO:0046686,GO:0046937,GO:0046938,GO:0050896,GO:0051179,GO:0051181,GO:0051186,GO:0051188,GO:0051234,GO:0051716,GO:0061687,GO:0070887,GO:0071241,GO:0071248,GO:0071276,GO:0071585,GO:0071702,GO:0071704,GO:0071705,GO:0072337,GO:0072348,GO:0097237,GO:0097501,GO:0098754,GO:0098849,GO:1901564,GO:1901566,GO:1901576,GO:1901700,GO:1902494,GO:1990170,GO:1990748
OG0006445	HG_6446	
OG0011292	HG_11293	
OG0006621	HG_6622	
OG0000631	HG_632	GO:0003674,GO:0003824,GO:0004175,GO:0004252,GO:0005575,GO:0005576,GO:0006508,GO:0006807,GO:0008150,GO:0008152,GO:0008233,GO:0008236,GO:0016787,GO:0017171,GO:0019538,GO:0043170,GO:0044238,GO:0070011,GO:0071704,GO:0140096,GO:1901564,GO:0006082,GO:0006790,GO:0009058,GO:0009308,GO:0009987,GO:0016053,GO:0016410,GO:0016740,GO:0016746,GO:0016747,GO:0016999,GO:0017000,GO:0017144,GO:0018130,GO:0019748,GO:0019752,GO:0030653,GO:0030654,GO:0032787,GO:0034641,GO:0042316,GO:0042318,GO:0043436,GO:0043603,GO:0043604,GO:0044106,GO:0044237,GO:0044249,GO:0044271,GO:0044272,GO:0044281,GO:0044283,GO:0044550,GO:0046394,GO:0046483,GO:0050640,GO:0072330,GO:0072338,GO:0072339,GO:1901360,GO:1901362,GO:1901566,GO:1901576
OG0005344	HG_5345	GO:0000003,GO:0000139,GO:0000226,GO:0003006,GO:0003674,GO:0005215,GO:0005319,GO:0005488,GO:0005543,GO:0005548,GO:0005575,GO:0005622,GO:0005623,GO:0005628,GO:0005634,GO:0005737,GO:0005794,GO:0005829,GO:0006629,GO:0006644,GO:0006650,GO:0006656,GO:0006657,GO:0006793,GO:0006796,GO:0006807,GO:0006810,GO:0006811,GO:0006820,GO:0006869,GO:0006892,GO:0006893,GO:0006896,GO:0006900,GO:0006996,GO:0007010,GO:0007017,GO:0007034,GO:0007049,GO:0008104,GO:0008150,GO:0008152,GO:0008289,GO:0008525,GO:0008526,GO:0008610,GO:0008654,GO:0009058,GO:0009653,GO:0009889,GO:0009890,GO:0009892,GO:0009987,GO:0010563,GO:0010876,GO:0010927,GO:0012505,GO:0015031,GO:0015711,GO:0015748,GO:0015833,GO:0015914,GO:0016020,GO:0016043,GO:0016050,GO:0016192,GO:0019216,GO:0019220,GO:0019222,GO:0019637,GO:0019953,GO:0022402,GO:0022413,GO:0022414,GO:0022607,GO:0030154,GO:0030427,GO:0030435,GO:0030437,GO:0031090,GO:0031210,GO:0031321,GO:0031322,GO:0031323,GO:0031324,GO:0031326,GO:0031327,GO:0031984,GO:0032153,GO:0032502,GO:0032505,GO:0032989,GO:0033036,GO:0034293,GO:0034613,GO:0035091,GO:0035838,GO:0042763,GO:0042764,GO:0042886,GO:0043001,GO:0043167,GO:0043168,GO:0043169,GO:0043226,GO:0043227,GO:0043229,GO:0043231,GO:0043934,GO:0043935,GO:0044085,GO:0044237,GO:0044238,GO:0044249,GO:0044255,GO:0044422,GO:0044424,GO:0044431,GO:0044444,GO:0044446,GO:0044464,GO:0044703,GO:0045017,GO:0045184,GO:0045833,GO:0045936,GO:0046470,GO:0046474,GO:0046486,GO:0046488,GO:0046890,GO:0046907,GO:0048193,GO:0048194,GO:0048468,GO:0048519,GO:0048523,GO:0048646,GO:0048856,GO:0048869,GO:0050789,GO:0050794,GO:0050997,GO:0051055,GO:0051171,GO:0051172,GO:0051174,GO:0051179,GO:0051234,GO:0051286,GO:0051321,GO:0051641,GO:0051649,GO:0051704,GO:0060187,GO:0061024,GO:0061951,GO:0065007,GO:0070405,GO:0070727,GO:0071071,GO:0071072,GO:0071702,GO:0071704,GO:0071705,GO:0071840,GO:0072657,GO:0072659,GO:0080090,GO:0090150,GO:0090407,GO:0097164,GO:0098588,GO:0098791,GO:0098876,GO:0120009,GO:0120010,GO:1901351,GO:1901352,GO:1901564,GO:1901566,GO:1901576,GO:1903046,GO:1903725,GO:1903726,GO:1990778,GO:2001245,GO:2001246
OG0008462	HG_8463	
OG0005303	HG_5304	GO:0001401,GO:0005575,GO:0005622,GO:0005623,GO:0005737,GO:0005739,GO:0005740,GO:0005741,GO:0006605,GO:0006626,GO:0006810,GO:0006839,GO:0006886,GO:0006996,GO:0007005,GO:0007006,GO:0008104,GO:0008150,GO:0009987,GO:0015031,GO:0015833,GO:0016020,GO:0016043,GO:0017038,GO:0019867,GO:0031090,GO:0031966,GO:0031967,GO:0031968,GO:0031975,GO:0032991,GO:0033036,GO:0033365,GO:0034613,GO:0042886,GO:0043226,GO:0043227,GO:0043229,GO:0043231,GO:0044422,GO:0044424,GO:0044425,GO:0044429,GO:0044444,GO:0044446,GO:0044455,GO:0044464,GO:0045040,GO:0045184,GO:0046907,GO:0051179,GO:0051234,GO:0051641,GO:0051649,GO:0061024,GO:0070585,GO:0070727,GO:0071702,GO:0071705,GO:0071840,GO:0072594,GO:0072655,GO:0072657,GO:0090150,GO:0090151,GO:0098588,GO:0098796,GO:0098798,GO:0098799,GO:0098805,GO:0005634,GO:0005730,GO:0031974,GO:0031981,GO:0043228,GO:0043232,GO:0043233,GO:0044428,GO:0070013,GO:0000139,GO:0000322,GO:0000323,GO:0000324,GO:0000329,GO:0003674,GO:0003824,GO:0004609,GO:0005488,GO:0005543,GO:0005768,GO:0005773,GO:0005774,GO:0005794,GO:0006575,GO:0006629,GO:0006644,GO:0006646,GO:0006650,GO:0006656,GO:0006658,GO:0006659,GO:0006793,GO:0006796,GO:0006807,GO:0006950,GO:0008152,GO:0008289,GO:0008610,GO:0008654,GO:0009058,GO:0009605,GO:0009607,GO:0009991,GO:0012505,GO:0016829,GO:0016830,GO:0016831,GO:0019637,GO:0030447,GO:0031410,GO:0031667,GO:0031982,GO:0031984,GO:0036170,GO:0036171,GO:0036180,GO:0040007,GO:0042221,GO:0042398,GO:0042594,GO:0043167,GO:0043168,GO:0044182,GO:0044237,GO:0044238,GO:0044249,GO:0044255,GO:0044431,GO:0044437,GO:0045017,GO:0046337,GO:0046470,GO:0046474,GO:0046486,GO:0050896,GO:0071704,GO:0090407,GO:0097164,GO:0097708,GO:0098791,GO:0098852,GO:1901564,GO:1901566,GO:1901576
OG0007273	HG_7274	
OG0007490	HG_7491	
OG0000087	HG_88	GO:0002097,GO:0002100,GO:0003674,GO:0003824,GO:0004000,GO:0005575,GO:0005622,GO:0005623,GO:0005634,GO:0005737,GO:0006139,GO:0006382,GO:0006396,GO:0006399,GO:0006400,GO:0006725,GO:0006807,GO:0008033,GO:0008150,GO:0008152,GO:0008251,GO:0009451,GO:0009987,GO:0010467,GO:0016070,GO:0016553,GO:0016787,GO:0016810,GO:0016814,GO:0019239,GO:0032991,GO:0034470,GO:0034641,GO:0034660,GO:0043170,GO:0043226,GO:0043227,GO:0043229,GO:0043231,GO:0043412,GO:0044237,GO:0044238,GO:0044424,GO:0044464,GO:0046483,GO:0052717,GO:0052718,GO:0071704,GO:0090304,GO:1901360,GO:1902494
OG0006131	HG_6132	
OG0007773	HG_7774	GO:0000003,GO:0000278,GO:0000281,GO:0000910,GO:0000912,GO:0000915,GO:0003006,GO:0003674,GO:0005488,GO:0005515,GO:0005575,GO:0005622,GO:0005623,GO:0005737,GO:0005826,GO:0005844,GO:0005856,GO:0005938,GO:0006403,GO:0006996,GO:0007010,GO:0007049,GO:0007530,GO:0007531,GO:0007533,GO:0008092,GO:0008104,GO:0008150,GO:0008298,GO:0009987,GO:0015629,GO:0016043,GO:0017022,GO:0022402,GO:0022413,GO:0022414,GO:0022607,GO:0030029,GO:0030036,GO:0030154,GO:0030863,GO:0030864,GO:0030865,GO:0030866,GO:0031032,GO:0032153,GO:0032155,GO:0032502,GO:0032505,GO:0032506,GO:0032991,GO:0033036,GO:0034613,GO:0043226,GO:0043228,GO:0043229,GO:0043232,GO:0044085,GO:0044422,GO:0044424,GO:0044430,GO:0044444,GO:0044446,GO:0044448,GO:0044464,GO:0044837,GO:0045165,GO:0048869,GO:0051179,GO:0051301,GO:0051641,GO:0061640,GO:0070727,GO:0070938,GO:0071840,GO:0071944,GO:0099568,GO:1902407,GO:1902410,GO:1903047,GO:1903475,GO:1990904,GO:0000413,GO:0003755,GO:0003824,GO:0006457,GO:0006464,GO:0006807,GO:0008152,GO:0016853,GO:0016859,GO:0018193,GO:0018208,GO:0019538,GO:0036211,GO:0042026,GO:0043021,GO:0043022,GO:0043170,GO:0043412,GO:0044237,GO:0044238,GO:0044260,GO:0044267,GO:0044877,GO:0051082,GO:0071704,GO:0140096,GO:1901564
OG0003595	HG_3596	GO:0001510,GO:0003674,GO:0003779,GO:0003824,GO:0005488,GO:0005515,GO:0005575,GO:0005622,GO:0005623,GO:0005737,GO:0005856,GO:0005884,GO:0005937,GO:0005938,GO:0006139,GO:0006396,GO:0006399,GO:0006400,GO:0006725,GO:0006807,GO:0006996,GO:0007010,GO:0007015,GO:0008033,GO:0008092,GO:0008150,GO:0008152,GO:0008168,GO:0008173,GO:0008175,GO:0008757,GO:0009451,GO:0009987,GO:0010467,GO:0015629,GO:0016043,GO:0016070,GO:0016427,GO:0016740,GO:0016741,GO:0022607,GO:0030029,GO:0030036,GO:0030427,GO:0030479,GO:0030488,GO:0030674,GO:0030863,GO:0030864,GO:0032259,GO:0032432,GO:0034470,GO:0034641,GO:0034660,GO:0042995,GO:0043170,GO:0043226,GO:0043228,GO:0043229,GO:0043232,GO:0043332,GO:0043412,GO:0043414,GO:0044085,GO:0044237,GO:0044238,GO:0044260,GO:0044422,GO:0044424,GO:0044430,GO:0044444,GO:0044446,GO:0044448,GO:0044463,GO:0044464,GO:0044877,GO:0046483,GO:0051015,GO:0051017,GO:0051286,GO:0052735,GO:0060090,GO:0061572,GO:0061645,GO:0071704,GO:0071840,GO:0071944,GO:0090304,GO:0097435,GO:0099080,GO:0099081,GO:0099512,GO:0099513,GO:0099568,GO:0120025,GO:0120038,GO:0140098,GO:0140101,GO:1901360
OG0005442	HG_5443	GO:0000272,GO:0003674,GO:0003824,GO:0004553,GO:0005575,GO:0005576,GO:0005622,GO:0005623,GO:0005975,GO:0005976,GO:0008150,GO:0008152,GO:0009044,GO:0009056,GO:0009057,GO:0009987,GO:0010383,GO:0010410,GO:0016052,GO:0016787,GO:0016798,GO:0043170,GO:0044036,GO:0044237,GO:0044238,GO:0044260,GO:0044464,GO:0045491,GO:0045493,GO:0071554,GO:0071704,GO:0097599,GO:1901575,GO:0016740,GO:0016757,GO:0016763,GO:0042285,GO:0046556
OG0005178	HG_5179	GO:0003674,GO:0005215,GO:0005342,GO:0005575,GO:0005623,GO:0005886,GO:0006810,GO:0006811,GO:0006820,GO:0008150,GO:0008509,GO:0008514,GO:0015075,GO:0015318,GO:0015711,GO:0015849,GO:0016020,GO:0022857,GO:0034220,GO:0044464,GO:0046942,GO:0046943,GO:0051179,GO:0051234,GO:0055085,GO:0071702,GO:0071944,GO:0098656,GO:1903825,GO:1905039
OG0001399	HG_1400	GO:0000228,GO:0000278,GO:0003674,GO:0003678,GO:0003824,GO:0004003,GO:0004386,GO:0005575,GO:0005622,GO:0005623,GO:0005634,GO:0005657,GO:0005694,GO:0005737,GO:0006139,GO:0006259,GO:0006260,GO:0006261,GO:0006271,GO:0006273,GO:0006725,GO:0006807,GO:0006996,GO:0007049,GO:0008026,GO:0008094,GO:0008150,GO:0008152,GO:0009058,GO:0009059,GO:0009987,GO:0016043,GO:0016070,GO:0016462,GO:0016787,GO:0016817,GO:0016818,GO:0016887,GO:0017111,GO:0022402,GO:0022616,GO:0031974,GO:0031981,GO:0032392,GO:0032508,GO:0032991,GO:0033202,GO:0033203,GO:0033260,GO:0034641,GO:0034645,GO:0042623,GO:0043139,GO:0043141,GO:0043170,GO:0043226,GO:0043227,GO:0043228,GO:0043229,GO:0043231,GO:0043232,GO:0043233,GO:0043596,GO:0044237,GO:0044238,GO:0044249,GO:0044260,GO:0044422,GO:0044424,GO:0044427,GO:0044428,GO:0044446,GO:0044454,GO:0044464,GO:0044786,GO:0046483,GO:0051276,GO:0070013,GO:0070035,GO:0071103,GO:0071704,GO:0071840,GO:0090304,GO:0140097,GO:1901360,GO:1901576,GO:1902296,GO:1902319,GO:1902494,GO:1902969,GO:1902983,GO:1903047,GO:1903459
OG0005401	HG_5402	
OG0008472	HG_8473	
OG0003281	HG_3282	GO:0003674,GO:0003824,GO:0003825,GO:0005575,GO:0005622,GO:0005623,GO:0005737,GO:0005946,GO:0005975,GO:0005984,GO:0005991,GO:0005992,GO:0006793,GO:0006796,GO:0006950,GO:0008150,GO:0008152,GO:0008194,GO:0009058,GO:0009311,GO:0009312,GO:0009987,GO:0016051,GO:0016311,GO:0016740,GO:0016757,GO:0016758,GO:0016787,GO:0016788,GO:0016791,GO:0030234,GO:0032991,GO:0033554,GO:0034637,GO:0035251,GO:0042578,GO:0044237,GO:0044238,GO:0044249,GO:0044262,GO:0044424,GO:0044444,GO:0044464,GO:0046351,GO:0046527,GO:0050790,GO:0050896,GO:0051716,GO:0065007,GO:0065009,GO:0070413,GO:0071704,GO:0098772,GO:1901576,GO:1902494,GO:1990234
OG0003369	HG_3370	GO:0003674,GO:0003824,GO:0005575,GO:0005622,GO:0005623,GO:0005737,GO:0005783,GO:0005789,GO:0006464,GO:0006486,GO:0006487,GO:0006490,GO:0006629,GO:0006807,GO:0008150,GO:0008152,GO:0009058,GO:0009059,GO:0009100,GO:0009101,GO:0009987,GO:0012505,GO:0016020,GO:0016021,GO:0016740,GO:0016757,GO:0016758,GO:0019538,GO:0031224,GO:0031984,GO:0034645,GO:0036211,GO:0042175,GO:0042281,GO:0042283,GO:0043170,GO:0043226,GO:0043227,GO:0043229,GO:0043231,GO:0043412,GO:0043413,GO:0044237,GO:0044238,GO:0044249,GO:0044255,GO:0044260,GO:0044267,GO:0044422,GO:0044424,GO:0044425,GO:0044432,GO:0044444,GO:0044446,GO:0044464,GO:0046527,GO:0070085,GO:0071704,GO:0098827,GO:1901135,GO:1901137,GO:1901564,GO:1901566,GO:1901576,GO:0000122,GO:0000228,GO:0000785,GO:0000790,GO:0005634,GO:0005694,GO:0006325,GO:0006338,GO:0006342,GO:0006348,GO:0006355,GO:0006357,GO:0006996,GO:0008623,GO:0009373,GO:0009889,GO:0009890,GO:0009892,GO:0010033,GO:0010468,GO:0010556,GO:0010558,GO:0010605,GO:0010629,GO:0016043,GO:0016458,GO:0019219,GO:0019222,GO:0019236,GO:0031010,GO:0031323,GO:0031324,GO:0031326,GO:0031327,GO:0031974,GO:0031981,GO:0032991,GO:0040029,GO:0042221,GO:0043228,GO:0043232,GO:0043233,GO:0044427,GO:0044428,GO:0044454,GO:0045814,GO:0045892,GO:0045934,GO:0045996,GO:0046019,GO:0046020,GO:0048519,GO:0048523,GO:0050789,GO:0050794,GO:0050896,GO:0051171,GO:0051172,GO:0051252,GO:0051253,GO:0051276,GO:0051716,GO:0060255,GO:0065007,GO:0070013,GO:0070603,GO:0070887,GO:0071310,GO:0071444,GO:0071840,GO:0080090,GO:1902494,GO:1902679,GO:1903506,GO:1903507,GO:1904949,GO:2000112,GO:2000113,GO:2001141
OG0003708	HG_3709	GO:0000228,GO:0000724,GO:0000725,GO:0000726,GO:0000785,GO:0000790,GO:0003674,GO:0003824,GO:0004386,GO:0004842,GO:0005488,GO:0005575,GO:0005622,GO:0005623,GO:0005634,GO:0005694,GO:0005737,GO:0005739,GO:0006139,GO:0006259,GO:0006281,GO:0006302,GO:0006303,GO:0006310,GO:0006464,GO:0006725,GO:0006807,GO:0006950,GO:0006974,GO:0008094,GO:0008150,GO:0008152,GO:0008270,GO:0009987,GO:0016462,GO:0016567,GO:0016740,GO:0016787,GO:0016817,GO:0016818,GO:0016887,GO:0017111,GO:0019538,GO:0019787,GO:0031974,GO:0031981,GO:0032446,GO:0033554,GO:0034641,GO:0036211,GO:0042623,GO:0043167,GO:0043169,GO:0043170,GO:0043226,GO:0043227,GO:0043228,GO:0043229,GO:0043231,GO:0043232,GO:0043233,GO:0043412,GO:0044237,GO:0044238,GO:0044260,GO:0044267,GO:0044422,GO:0044424,GO:0044427,GO:0044428,GO:0044444,GO:0044446,GO:0044454,GO:0044464,GO:0045003,GO:0046483,GO:0046872,GO:0046914,GO:0050896,GO:0051716,GO:0061630,GO:0061659,GO:0070013,GO:0070647,GO:0071704,GO:0090304,GO:0140096,GO:1901360,GO:1901564
OG0007927	HG_7928	
OG0009856	HG_9857	
OG0004882	HG_4883	GO:0000045,GO:0000407,GO:0000422,GO:0001932,GO:0001934,GO:0003674,GO:0005198,GO:0005488,GO:0005515,GO:0005575,GO:0005622,GO:0005623,GO:0005737,GO:0006914,GO:0006996,GO:0007005,GO:0007033,GO:0008047,GO:0008150,GO:0008152,GO:0009056,GO:0009893,GO:0009987,GO:0010562,GO:0010604,GO:0016043,GO:0016236,GO:0016237,GO:0019207,GO:0019209,GO:0019220,GO:0019222,GO:0019887,GO:0022411,GO:0022607,GO:0030234,GO:0030242,GO:0030295,GO:0031323,GO:0031325,GO:0031399,GO:0031401,GO:0032147,GO:0032268,GO:0032270,GO:0032947,GO:0032991,GO:0033674,GO:0034727,GO:0042325,GO:0042327,GO:0043085,GO:0043549,GO:0044085,GO:0044093,GO:0044237,GO:0044248,GO:0044424,GO:0044444,GO:0044464,GO:0044804,GO:0044805,GO:0045859,GO:0045860,GO:0045937,GO:0048518,GO:0048522,GO:0050789,GO:0050790,GO:0050794,GO:0051171,GO:0051173,GO:0051174,GO:0051246,GO:0051247,GO:0051338,GO:0051347,GO:0060255,GO:0061695,GO:0061726,GO:0061919,GO:0065007,GO:0065009,GO:0070925,GO:0071840,GO:0080090,GO:0098772,GO:1902494,GO:1902554,GO:1902911,GO:1903008,GO:1905037,GO:1990234,GO:1990316,GO:0000149,GO:0005634,GO:0008104,GO:0033036,GO:0034497,GO:0034613,GO:0043226,GO:0043227,GO:0043229,GO:0043231,GO:0051179,GO:0051641,GO:0070727
OG0001418	HG_1419	GO:0003674,GO:0003824,GO:0004175,GO:0004298,GO:0006508,GO:0006807,GO:0008150,GO:0008152,GO:0008233,GO:0016787,GO:0019538,GO:0043170,GO:0044238,GO:0070003,GO:0070011,GO:0071704,GO:0140096,GO:1901564
OG0000016	HG_17	GO:0003674,GO:0003676,GO:0003723,GO:0003729,GO:0005488,GO:0005515,GO:0005575,GO:0005622,GO:0005623,GO:0005634,GO:0005737,GO:0005739,GO:0006457,GO:0006950,GO:0008150,GO:0009266,GO:0009408,GO:0009628,GO:0009987,GO:0010494,GO:0032991,GO:0033554,GO:0034605,GO:0035770,GO:0036464,GO:0043226,GO:0043227,GO:0043228,GO:0043229,GO:0043231,GO:0043232,GO:0044424,GO:0044444,GO:0044464,GO:0050896,GO:0051082,GO:0051716,GO:0097159,GO:1901363,GO:1990904,GO:0005856,GO:0006996,GO:0007010,GO:0016043,GO:0071840,GO:0006986,GO:0010033,GO:0034620,GO:0035966,GO:0035967,GO:0042221,GO:0042802,GO:0051788,GO:0061077,GO:0070887,GO:0071218,GO:0071310,GO:0033993,GO:0046677,GO:0071236,GO:0071396,GO:0097305,GO:0097306,GO:0097307,GO:0097308,GO:1901700,GO:1901701,GO:0005759,GO:0007005,GO:0022607,GO:0031974,GO:0033108,GO:0034552,GO:0034553,GO:0034622,GO:0043233,GO:0043933,GO:0044085,GO:0044422,GO:0044429,GO:0044446,GO:0065003,GO:0070013
OG0005018	HG_5019	GO:0002165,GO:0003674,GO:0004857,GO:0005575,GO:0006950,GO:0007154,GO:0007275,GO:0007431,GO:0007435,GO:0007552,GO:0008150,GO:0008219,GO:0008428,GO:0009267,GO:0009605,GO:0009653,GO:0009791,GO:0009886,GO:0009887,GO:0009892,GO:0009894,GO:0009895,GO:0009966,GO:0009968,GO:0009987,GO:0009991,GO:0010506,GO:0010507,GO:0010605,GO:0010623,GO:0010646,GO:0010648,GO:0010941,GO:0012501,GO:0016020,GO:0016021,GO:0019219,GO:0019222,GO:0022612,GO:0023051,GO:0023057,GO:0030154,GO:0030234,GO:0031224,GO:0031323,GO:0031324,GO:0031329,GO:0031330,GO:0031667,GO:0031668,GO:0031669,GO:0032069,GO:0032074,GO:0032501,GO:0032502,GO:0032991,GO:0033554,GO:0035070,GO:0035071,GO:0035272,GO:0042594,GO:0043086,GO:0044092,GO:0044425,GO:0045934,GO:0048102,GO:0048468,GO:0048513,GO:0048519,GO:0048523,GO:0048583,GO:0048585,GO:0048707,GO:0048731,GO:0048732,GO:0048856,GO:0048869,GO:0050789,GO:0050790,GO:0050794,GO:0050896,GO:0051171,GO:0051172,GO:0051252,GO:0051253,GO:0051336,GO:0051346,GO:0051716,GO:0060033,GO:0060255,GO:0060548,GO:0060698,GO:0060699,GO:0060700,GO:0060701,GO:0060702,GO:0065007,GO:0065009,GO:0071496,GO:0080090,GO:0080134,GO:0080135,GO:0098772,GO:1900101,GO:1900102,GO:1903573,GO:1905897
OG0008265	HG_8266	GO:0000428,GO:0003674,GO:0003824,GO:0003899,GO:0005575,GO:0005622,GO:0005623,GO:0005634,GO:0005654,GO:0005666,GO:0006139,GO:0006351,GO:0006383,GO:0006725,GO:0006807,GO:0008150,GO:0008152,GO:0009058,GO:0009059,GO:0009987,GO:0010467,GO:0016070,GO:0016740,GO:0016772,GO:0016779,GO:0018130,GO:0019438,GO:0030880,GO:0031974,GO:0031981,GO:0032774,GO:0032991,GO:0034062,GO:0034641,GO:0034645,GO:0034654,GO:0043170,GO:0043226,GO:0043227,GO:0043229,GO:0043231,GO:0043233,GO:0044237,GO:0044238,GO:0044249,GO:0044260,GO:0044271,GO:0044422,GO:0044424,GO:0044428,GO:0044446,GO:0044451,GO:0044464,GO:0046483,GO:0055029,GO:0061695,GO:0070013,GO:0071704,GO:0090304,GO:0097659,GO:0097747,GO:0140098,GO:1901360,GO:1901362,GO:1901576,GO:1902494,GO:1990234
OG0003718	HG_3719	GO:0000166,GO:0000217,GO:0000405,GO:0000733,GO:0003674,GO:0003676,GO:0003677,GO:0003678,GO:0003724,GO:0003824,GO:0004003,GO:0004004,GO:0004386,GO:0005488,GO:0005524,GO:0005575,GO:0005622,GO:0005623,GO:0005634,GO:0005694,GO:0005730,GO:0005737,GO:0006139,GO:0006259,GO:0006281,GO:0006289,GO:0006725,GO:0006807,GO:0006950,GO:0006974,GO:0006996,GO:0008026,GO:0008094,GO:0008144,GO:0008150,GO:0008152,GO:0008186,GO:0009314,GO:0009411,GO:0009416,GO:0009628,GO:0009987,GO:0010501,GO:0016043,GO:0016070,GO:0016462,GO:0016787,GO:0016817,GO:0016818,GO:0016887,GO:0017076,GO:0017111,GO:0030554,GO:0031974,GO:0031981,GO:0032392,GO:0032508,GO:0032553,GO:0032555,GO:0032559,GO:0033554,GO:0034641,GO:0034644,GO:0035639,GO:0035861,GO:0036094,GO:0036297,GO:0042623,GO:0043138,GO:0043140,GO:0043167,GO:0043168,GO:0043170,GO:0043226,GO:0043227,GO:0043228,GO:0043229,GO:0043231,GO:0043232,GO:0043233,GO:0044237,GO:0044238,GO:0044260,GO:0044422,GO:0044424,GO:0044427,GO:0044428,GO:0044446,GO:0044464,GO:0046483,GO:0050896,GO:0051276,GO:0051716,GO:0070013,GO:0070035,GO:0070914,GO:0071103,GO:0071214,GO:0071478,GO:0071482,GO:0071704,GO:0071840,GO:0090304,GO:0090734,GO:0097159,GO:0097367,GO:0104004,GO:0140097,GO:0140098,GO:1901255,GO:1901265,GO:1901360,GO:1901363
OG0004439	HG_4440	GO:0000228,GO:0000723,GO:0000781,GO:0000782,GO:0000783,GO:0000784,GO:0000785,GO:0000790,GO:0000988,GO:0000989,GO:0001076,GO:0001134,GO:0001135,GO:0003674,GO:0003676,GO:0003677,GO:0003690,GO:0003691,GO:0005488,GO:0005575,GO:0005622,GO:0005623,GO:0005634,GO:0005694,GO:0006139,GO:0006259,GO:0006355,GO:0006357,GO:0006725,GO:0006807,GO:0006996,GO:0008104,GO:0008150,GO:0008152,GO:0009889,GO:0009891,GO:0009893,GO:0009987,GO:0010468,GO:0010556,GO:0010557,GO:0010604,GO:0010628,GO:0016043,GO:0019219,GO:0019222,GO:0031323,GO:0031325,GO:0031326,GO:0031328,GO:0031627,GO:0031974,GO:0031981,GO:0032200,GO:0032991,GO:0032993,GO:0033036,GO:0034613,GO:0034641,GO:0042162,GO:0042592,GO:0043170,GO:0043226,GO:0043227,GO:0043228,GO:0043229,GO:0043231,GO:0043232,GO:0043233,GO:0043565,GO:0044237,GO:0044238,GO:0044260,GO:0044422,GO:0044424,GO:0044427,GO:0044428,GO:0044446,GO:0044454,GO:0044464,GO:0045893,GO:0045935,GO:0046483,GO:0048518,GO:0048522,GO:0050789,GO:0050794,GO:0051171,GO:0051173,GO:0051179,GO:0051252,GO:0051254,GO:0051276,GO:0051641,GO:0060249,GO:0060255,GO:0061586,GO:0065007,GO:0065008,GO:0070013,GO:0070727,GO:0071704,GO:0071840,GO:0080090,GO:0090304,GO:0097159,GO:0098687,GO:0140110,GO:1901360,GO:1901363,GO:1902680,GO:1903506,GO:1903508,GO:2000112,GO:2001141
OG0010184	HG_10185	
OG0006239	HG_6240	GO:0000272,GO:0003674,GO:0003824,GO:0004553,GO:0005575,GO:0005576,GO:0005975,GO:0005976,GO:0008150,GO:0008152,GO:0009056,GO:0009057,GO:0009987,GO:0010393,GO:0015925,GO:0016052,GO:0016787,GO:0016798,GO:0017144,GO:0031218,GO:0042737,GO:0043170,GO:0044237,GO:0044238,GO:0044248,GO:0045488,GO:0045490,GO:0071704,GO:1901575
OG0005091	HG_5092	GO:0003674,GO:0005215,GO:0005372,GO:0005575,GO:0005623,GO:0006810,GO:0006833,GO:0008150,GO:0008643,GO:0015144,GO:0015166,GO:0015168,GO:0015250,GO:0015267,GO:0015318,GO:0015791,GO:0015793,GO:0015850,GO:0016020,GO:0016021,GO:0022803,GO:0022838,GO:0022857,GO:0031224,GO:0034219,GO:0042044,GO:0044425,GO:0044464,GO:0051179,GO:0051234,GO:0055085,GO:0071702,GO:0071944,GO:1901618
OG0005179	HG_5180	
OG0003879	HG_3880	GO:0003674,GO:0005096,GO:0005488,GO:0005509,GO:0005515,GO:0005575,GO:0005622,GO:0005623,GO:0005737,GO:0006810,GO:0006886,GO:0008047,GO:0008104,GO:0008150,GO:0012505,GO:0015031,GO:0015833,GO:0016192,GO:0017016,GO:0017137,GO:0019899,GO:0030234,GO:0030695,GO:0031267,GO:0031338,GO:0032879,GO:0033036,GO:0033043,GO:0034613,GO:0042886,GO:0043085,GO:0043087,GO:0043167,GO:0043169,GO:0043547,GO:0044093,GO:0044424,GO:0044464,GO:0045184,GO:0046872,GO:0046907,GO:0050789,GO:0050790,GO:0050794,GO:0051020,GO:0051049,GO:0051128,GO:0051179,GO:0051234,GO:0051336,GO:0051345,GO:0051641,GO:0051649,GO:0060589,GO:0060627,GO:0065007,GO:0065009,GO:0070727,GO:0071702,GO:0071705,GO:0090630,GO:0098772,GO:0000302,GO:0005777,GO:0006066,GO:0006082,GO:0006518,GO:0006629,GO:0006694,GO:0006696,GO:0006807,GO:0006873,GO:0006875,GO:0006879,GO:0006950,GO:0006979,GO:0007154,GO:0008152,GO:0008202,GO:0008204,GO:0008610,GO:0009058,GO:0009237,GO:0009267,GO:0009405,GO:0009605,GO:0009636,GO:0009987,GO:0009991,GO:0010035,GO:0010106,GO:0016125,GO:0016126,GO:0016128,GO:0016129,GO:0019184,GO:0019290,GO:0019539,GO:0019725,GO:0019748,GO:0030003,GO:0031168,GO:0031169,GO:0031170,GO:0031171,GO:0031667,GO:0031668,GO:0031669,GO:0033554,GO:0034599,GO:0034614,GO:0034641,GO:0035690,GO:0042221,GO:0042493,GO:0042542,GO:0042579,GO:0042592,GO:0042594,GO:0043043,GO:0043226,GO:0043227,GO:0043229,GO:0043231,GO:0043436,GO:0043603,GO:0043604,GO:0044107,GO:0044108,GO:0044237,GO:0044238,GO:0044249,GO:0044255,GO:0044271,GO:0044281,GO:0044283,GO:0044419,GO:0044444,GO:0044550,GO:0046165,GO:0046677,GO:0046916,GO:0048878,GO:0050801,GO:0050896,GO:0051186,GO:0051188,GO:0051704,GO:0051716,GO:0055065,GO:0055072,GO:0055076,GO:0055080,GO:0055082,GO:0065008,GO:0070301,GO:0070887,GO:0071236,GO:0071496,GO:0071704,GO:0097237,GO:0097384,GO:0098771,GO:1900549,GO:1900551,GO:1901360,GO:1901362,GO:1901564,GO:1901566,GO:1901576,GO:1901615,GO:1901617,GO:1901700,GO:1901701,GO:1902652,GO:1902653
OG0004417	HG_4418	GO:0000049,GO:0000723,GO:0002949,GO:0003674,GO:0003676,GO:0003677,GO:0003697,GO:0003723,GO:0003824,GO:0005488,GO:0005575,GO:0005622,GO:0005623,GO:0005737,GO:0005829,GO:0006139,GO:0006259,GO:0006396,GO:0006399,GO:0006400,GO:0006450,GO:0006725,GO:0006807,GO:0006996,GO:0008033,GO:0008150,GO:0008152,GO:0009451,GO:0009987,GO:0010467,GO:0016043,GO:0016070,GO:0016740,GO:0016772,GO:0016779,GO:0032200,GO:0034470,GO:0034641,GO:0034660,GO:0042162,GO:0042592,GO:0043047,GO:0043170,GO:0043412,GO:0043565,GO:0044237,GO:0044238,GO:0044260,GO:0044424,GO:0044444,GO:0044464,GO:0046483,GO:0051276,GO:0060249,GO:0065007,GO:0065008,GO:0070525,GO:0071704,GO:0071840,GO:0090304,GO:0097159,GO:0098847,GO:1901360,GO:1901363,GO:0006508,GO:0008233,GO:0016787,GO:0019538,GO:0140096,GO:1901564
OG0007447	HG_7448	
OG0000070	HG_71	
OG0005333	HG_5334	
OG0005157	HG_5158	GO:0003674,GO:0003824,GO:0006139,GO:0006396,GO:0006399,GO:0006400,GO:0006725,GO:0006807,GO:0008033,GO:0008150,GO:0008152,GO:0008477,GO:0009451,GO:0009987,GO:0010467,GO:0016070,GO:0016787,GO:0016798,GO:0016799,GO:0034470,GO:0034641,GO:0034660,GO:0043170,GO:0043412,GO:0044237,GO:0044238,GO:0046483,GO:0071704,GO:0090304,GO:0101030,GO:1901360
OG0003945	HG_3946	
OG0005204	HG_5205	GO:0000045,GO:0000149,GO:0000407,GO:0000422,GO:0003674,GO:0005488,GO:0005515,GO:0005575,GO:0005622,GO:0005623,GO:0005634,GO:0005737,GO:0005829,GO:0006914,GO:0006996,GO:0007005,GO:0007033,GO:0008104,GO:0008150,GO:0008152,GO:0009056,GO:0009987,GO:0016043,GO:0016236,GO:0016237,GO:0022411,GO:0022607,GO:0033036,GO:0034497,GO:0034613,GO:0034727,GO:0043226,GO:0043227,GO:0043229,GO:0043231,GO:0044085,GO:0044237,GO:0044248,GO:0044424,GO:0044444,GO:0044464,GO:0044804,GO:0044805,GO:0051179,GO:0051641,GO:0061726,GO:0061919,GO:0070727,GO:0070925,GO:0071840,GO:1903008,GO:1905037,GO:0000103,GO:0003824,GO:0004851,GO:0006725,GO:0006778,GO:0006779,GO:0006783,GO:0006790,GO:0006807,GO:0008168,GO:0008169,GO:0008757,GO:0009058,GO:0016740,GO:0016741,GO:0018130,GO:0019354,GO:0019438,GO:0032259,GO:0033013,GO:0033014,GO:0034641,GO:0042168,GO:0042440,GO:0044249,GO:0044271,GO:0046148,GO:0046156,GO:0046483,GO:0051186,GO:0051188,GO:0071704,GO:1901360,GO:1901362,GO:1901564,GO:1901566,GO:1901576
OG0007391	HG_7392	
OG0003904	HG_3905	GO:0001302,GO:0001676,GO:0003674,GO:0003824,GO:0004379,GO:0005488,GO:0005575,GO:0005622,GO:0005623,GO:0005737,GO:0005829,GO:0006082,GO:0006464,GO:0006497,GO:0006498,GO:0006499,GO:0006629,GO:0006631,GO:0006807,GO:0007163,GO:0007568,GO:0007569,GO:0008144,GO:0008150,GO:0008152,GO:0009058,GO:0009059,GO:0009405,GO:0009987,GO:0016410,GO:0016740,GO:0016746,GO:0016747,GO:0018008,GO:0018193,GO:0018201,GO:0018377,GO:0019107,GO:0019538,GO:0019752,GO:0030010,GO:0031365,GO:0032502,GO:0032787,GO:0034645,GO:0036211,GO:0042157,GO:0042158,GO:0043170,GO:0043412,GO:0043436,GO:0043543,GO:0044237,GO:0044238,GO:0044249,GO:0044255,GO:0044260,GO:0044267,GO:0044281,GO:0044419,GO:0044424,GO:0044444,GO:0044464,GO:0048869,GO:0051704,GO:0071704,GO:1901564,GO:1901566,GO:1901576
OG0006887	HG_6888	
OG0006805	HG_6806	GO:0000123,GO:0000228,GO:0000785,GO:0000790,GO:0005575,GO:0005622,GO:0005623,GO:0005634,GO:0005654,GO:0005694,GO:0006325,GO:0006338,GO:0006464,GO:0006473,GO:0006475,GO:0006807,GO:0006996,GO:0008150,GO:0008152,GO:0009987,GO:0016043,GO:0016569,GO:0016570,GO:0016573,GO:0018193,GO:0018205,GO:0018393,GO:0018394,GO:0019538,GO:0031248,GO:0031974,GO:0031981,GO:0032991,GO:0035267,GO:0036211,GO:0043170,GO:0043189,GO:0043226,GO:0043227,GO:0043228,GO:0043229,GO:0043231,GO:0043232,GO:0043233,GO:0043412,GO:0043543,GO:0044237,GO:0044238,GO:0044260,GO:0044267,GO:0044422,GO:0044424,GO:0044427,GO:0044428,GO:0044446,GO:0044451,GO:0044454,GO:0044464,GO:0051276,GO:0070013,GO:0071704,GO:0071840,GO:1901564,GO:1902493,GO:1902494,GO:1902562,GO:1990234,GO:0000151,GO:0000375,GO:0000377,GO:0000398,GO:0000974,GO:0005681,GO:0006139,GO:0006396,GO:0006397,GO:0006725,GO:0008380,GO:0010467,GO:0016070,GO:0016071,GO:0031461,GO:0034641,GO:0045292,GO:0046483,GO:0071011,GO:0071013,GO:0071014,GO:0080008,GO:0090304,GO:1901360,GO:1990904,GO:0000003,GO:0000124,GO:0000746,GO:0000747,GO:0003674,GO:0005198,GO:0005737,GO:0005739,GO:0006355,GO:0006357,GO:0009889,GO:0010468,GO:0010556,GO:0019219,GO:0019222,GO:0019953,GO:0022414,GO:0031323,GO:0031326,GO:0044444,GO:0044703,GO:0044764,GO:0046695,GO:0050789,GO:0050794,GO:0051171,GO:0051252,GO:0051704,GO:0060255,GO:0065007,GO:0070461,GO:0080090,GO:1903506,GO:1905368,GO:2000112,GO:2001141,GO:0000812,GO:0001047,GO:0001067,GO:0001085,GO:0001091,GO:0001094,GO:0001098,GO:0001099,GO:0001672,GO:0003676,GO:0003677,GO:0003682,GO:0005488,GO:0005515,GO:0006259,GO:0006281,GO:0006351,GO:0006950,GO:0006974,GO:0008134,GO:0009058,GO:0009059,GO:0009301,GO:0010638,GO:0010639,GO:0010847,GO:0016073,GO:0018130,GO:0019438,GO:0031445,GO:0031452,GO:0031454,GO:0031491,GO:0031493,GO:0031935,GO:0031938,GO:0032774,GO:0033043,GO:0033044,GO:0033554,GO:0033696,GO:0034645,GO:0034654,GO:0034660,GO:0034728,GO:0042393,GO:0043044,GO:0043486,GO:0043933,GO:0044087,GO:0044212,GO:0044249,GO:0044271,GO:0044877,GO:0045798,GO:0048518,GO:0048519,GO:0048522,GO:0048523,GO:0050896,GO:0051128,GO:0051129,GO:0051130,GO:0051716,GO:0060968,GO:0070577,GO:0070603,GO:0071824,GO:0071944,GO:0090054,GO:0097159,GO:0097346,GO:0097659,GO:0098781,GO:0140030,GO:0140033,GO:1900049,GO:1900051,GO:1901362,GO:1901363,GO:1901576,GO:1902275,GO:1904949,GO:1905268,GO:1905269,GO:2001251,GO:2001252
OG0010266	HG_10267	
OG0007328	HG_7329	GO:0000491,GO:0000492,GO:0003674,GO:0005488,GO:0005515,GO:0005575,GO:0005622,GO:0005623,GO:0005634,GO:0005732,GO:0005737,GO:0006139,GO:0006364,GO:0006396,GO:0006457,GO:0006725,GO:0006807,GO:0008150,GO:0008152,GO:0008361,GO:0009987,GO:0010467,GO:0016043,GO:0016070,GO:0016072,GO:0022607,GO:0022613,GO:0022618,GO:0032535,GO:0032991,GO:0034470,GO:0034622,GO:0034641,GO:0034660,GO:0042254,GO:0043170,GO:0043226,GO:0043227,GO:0043229,GO:0043231,GO:0043933,GO:0044085,GO:0044237,GO:0044238,GO:0044424,GO:0044464,GO:0046483,GO:0065003,GO:0065007,GO:0065008,GO:0071704,GO:0071826,GO:0071840,GO:0090066,GO:0090304,GO:0097255,GO:1901360,GO:1990904
OG0004371	HG_4372	GO:0000082,GO:0000083,GO:0000122,GO:0000278,GO:0000988,GO:0000989,GO:0001076,GO:0001134,GO:0001135,GO:0001191,GO:0003674,GO:0005575,GO:0005622,GO:0005623,GO:0005634,GO:0005667,GO:0005737,GO:0006355,GO:0006357,GO:0007049,GO:0008150,GO:0008361,GO:0009889,GO:0009890,GO:0009892,GO:0009987,GO:0010468,GO:0010556,GO:0010558,GO:0010605,GO:0010629,GO:0016043,GO:0019219,GO:0019222,GO:0022402,GO:0031323,GO:0031324,GO:0031326,GO:0031327,GO:0032535,GO:0032991,GO:0033309,GO:0043226,GO:0043227,GO:0043229,GO:0043231,GO:0044422,GO:0044424,GO:0044428,GO:0044446,GO:0044464,GO:0044770,GO:0044772,GO:0044798,GO:0044843,GO:0045892,GO:0045934,GO:0048519,GO:0048523,GO:0050789,GO:0050794,GO:0051171,GO:0051172,GO:0051252,GO:0051253,GO:0060255,GO:0065007,GO:0065008,GO:0071840,GO:0071930,GO:0080090,GO:0090066,GO:0090575,GO:0140110,GO:1902679,GO:1903047,GO:1903506,GO:1903507,GO:2000112,GO:2000113,GO:2001141,GO:0003824,GO:0003986,GO:0005739,GO:0005829,GO:0006082,GO:0006083,GO:0006084,GO:0006139,GO:0006163,GO:0006629,GO:0006631,GO:0006633,GO:0006637,GO:0006725,GO:0006732,GO:0006753,GO:0006790,GO:0006793,GO:0006796,GO:0006807,GO:0008152,GO:0008410,GO:0008610,GO:0008775,GO:0009058,GO:0009117,GO:0009150,GO:0009259,GO:0009268,GO:0009628,GO:0010446,GO:0016053,GO:0016289,GO:0016740,GO:0016782,GO:0016787,GO:0016788,GO:0016790,GO:0016999,GO:0017144,GO:0019541,GO:0019637,GO:0019679,GO:0019693,GO:0019752,GO:0032787,GO:0033865,GO:0033875,GO:0034032,GO:0034641,GO:0035383,GO:0043436,GO:0043603,GO:0044237,GO:0044238,GO:0044249,GO:0044255,GO:0044281,GO:0044283,GO:0044444,GO:0046394,GO:0046459,GO:0046483,GO:0050896,GO:0051186,GO:0051716,GO:0055086,GO:0071214,GO:0071467,GO:0071469,GO:0071704,GO:0072330,GO:0072521,GO:0104004,GO:1901135,GO:1901360,GO:1901564,GO:1901576
OG0004927	HG_4928	GO:0000011,GO:0000139,GO:0000149,GO:0003674,GO:0005488,GO:0005515,GO:0005575,GO:0005622,GO:0005623,GO:0005737,GO:0005768,GO:0005794,GO:0005829,GO:0006605,GO:0006623,GO:0006810,GO:0006873,GO:0006885,GO:0006886,GO:0006892,GO:0006895,GO:0006896,GO:0006906,GO:0006996,GO:0007033,GO:0007034,GO:0007035,GO:0008104,GO:0008150,GO:0009987,GO:0010638,GO:0012505,GO:0015031,GO:0015833,GO:0016020,GO:0016043,GO:0016050,GO:0016192,GO:0016482,GO:0019725,GO:0019898,GO:0030003,GO:0030004,GO:0030641,GO:0031090,GO:0031201,GO:0031334,GO:0031338,GO:0031340,GO:0031410,GO:0031982,GO:0031984,GO:0032258,GO:0032879,GO:0032991,GO:0033036,GO:0033043,GO:0033365,GO:0034613,GO:0035542,GO:0035543,GO:0042592,GO:0042886,GO:0043226,GO:0043227,GO:0043229,GO:0043231,GO:0043254,GO:0044087,GO:0044089,GO:0044422,GO:0044424,GO:0044425,GO:0044431,GO:0044444,GO:0044446,GO:0044464,GO:0045184,GO:0045851,GO:0046907,GO:0048193,GO:0048210,GO:0048284,GO:0048308,GO:0048518,GO:0048522,GO:0048878,GO:0050789,GO:0050794,GO:0050801,GO:0051049,GO:0051050,GO:0051082,GO:0051128,GO:0051130,GO:0051179,GO:0051234,GO:0051452,GO:0051453,GO:0051641,GO:0051649,GO:0055067,GO:0055080,GO:0055082,GO:0060627,GO:0061024,GO:0061025,GO:0061919,GO:0065007,GO:0065008,GO:0070727,GO:0071702,GO:0071705,GO:0071840,GO:0072594,GO:0072665,GO:0072666,GO:0090174,GO:0097708,GO:0098588,GO:0098771,GO:0098791,GO:0098796,GO:0000003,GO:0000578,GO:0001700,GO:0001701,GO:0003002,GO:0003006,GO:0005215,GO:0005634,GO:0005739,GO:0005840,GO:0005844,GO:0005854,GO:0006139,GO:0006351,GO:0006366,GO:0006403,GO:0006457,GO:0006458,GO:0006612,GO:0006613,GO:0006620,GO:0006725,GO:0006807,GO:0006914,GO:0006950,GO:0006970,GO:0007028,GO:0007275,GO:0007276,GO:0007281,GO:0007292,GO:0007308,GO:0007309,GO:0007314,GO:0007315,GO:0007317,GO:0007318,GO:0007350,GO:0007351,GO:0007389,GO:0008152,GO:0008298,GO:0008358,GO:0008565,GO:0008595,GO:0009056,GO:0009058,GO:0009059,GO:0009628,GO:0009651,GO:0009790,GO:0009792,GO:0009798,GO:0009880,GO:0009948,GO:0009952,GO:0009994,GO:0010467,GO:0010941,GO:0016070,GO:0016236,GO:0018130,GO:0019438,GO:0019953,GO:0021700,GO:0022412,GO:0022414,GO:0022607,GO:0030014,GO:0030015,GO:0030154,GO:0032501,GO:0032502,GO:0032504,GO:0032774,GO:0032880,GO:0034641,GO:0034645,GO:0034654,GO:0035282,GO:0042788,GO:0042981,GO:0043009,GO:0043066,GO:0043067,GO:0043069,GO:0043170,GO:0043228,GO:0043232,GO:0043900,GO:0044085,GO:0044237,GO:0044238,GO:0044248,GO:0044249,GO:0044260,GO:0044271,GO:0044703,GO:0045047,GO:0045595,GO:0045995,GO:0046483,GO:0048468,GO:0048469,GO:0048477,GO:0048519,GO:0048523,GO:0048599,GO:0048609,GO:0048856,GO:0048869,GO:0050793,GO:0050896,GO:0051083,GO:0051239,GO:0051704,GO:0060281,GO:0060284,GO:0060341,GO:0060548,GO:0060810,GO:0060811,GO:0070201,GO:0070972,GO:0071704,GO:0072599,GO:0072657,GO:0090150,GO:0090304,GO:0097659,GO:1901360,GO:1901362,GO:1901576,GO:1902875,GO:1903429,GO:1904580,GO:1905879,GO:1990904,GO:2000026,GO:2000241,GO:0003824,GO:0016491,GO:0055114,GO:0005811,GO:0006508,GO:0006624,GO:0016485,GO:0019538,GO:0044267,GO:0051604,GO:1901564
OG0011948	HG_11949	
OG0004242	HG_4243	GO:0003674,GO:0005488,GO:0005515,GO:0006457,GO:0006458,GO:0008150,GO:0009987,GO:0030544,GO:0031072,GO:0051084,GO:0051085,GO:0061077
OG0004066	HG_4067	GO:0003674,GO:0003824,GO:0005575,GO:0005622,GO:0005623,GO:0005737,GO:0005739,GO:0005759,GO:0006082,GO:0006629,GO:0006631,GO:0008150,GO:0008152,GO:0009056,GO:0009062,GO:0009987,GO:0016042,GO:0016054,GO:0016829,GO:0016830,GO:0016833,GO:0016999,GO:0017001,GO:0017144,GO:0019541,GO:0019543,GO:0019626,GO:0019629,GO:0019752,GO:0031974,GO:0032787,GO:0042737,GO:0043226,GO:0043227,GO:0043229,GO:0043231,GO:0043233,GO:0043436,GO:0044237,GO:0044238,GO:0044242,GO:0044248,GO:0044255,GO:0044281,GO:0044282,GO:0044422,GO:0044424,GO:0044429,GO:0044444,GO:0044446,GO:0044464,GO:0046395,GO:0046421,GO:0046459,GO:0070013,GO:0071704,GO:0072329,GO:1901575,GO:0004451,GO:0006520,GO:0006566,GO:0006567,GO:0006807,GO:0009063,GO:0009066,GO:0009068,GO:1901564,GO:1901565,GO:1901605,GO:1901606
OG0002766	HG_2767	GO:0000166,GO:0003674,GO:0003824,GO:0004672,GO:0004674,GO:0004711,GO:0005488,GO:0005524,GO:0005575,GO:0005622,GO:0005623,GO:0005634,GO:0005737,GO:0006464,GO:0006468,GO:0006793,GO:0006796,GO:0006807,GO:0007154,GO:0007165,GO:0008144,GO:0008150,GO:0008152,GO:0009987,GO:0016301,GO:0016310,GO:0016740,GO:0016772,GO:0016773,GO:0017076,GO:0018105,GO:0018193,GO:0018209,GO:0019538,GO:0023052,GO:0030554,GO:0031929,GO:0032553,GO:0032555,GO:0032559,GO:0035556,GO:0035639,GO:0036094,GO:0036211,GO:0038202,GO:0043167,GO:0043168,GO:0043170,GO:0043226,GO:0043227,GO:0043229,GO:0043231,GO:0043412,GO:0044237,GO:0044238,GO:0044260,GO:0044267,GO:0044424,GO:0044464,GO:0046777,GO:0050789,GO:0050794,GO:0050896,GO:0051716,GO:0065007,GO:0071704,GO:0097159,GO:0097367,GO:0140096,GO:1901265,GO:1901363,GO:1901564,GO:0032878
OG0003270	HG_3271	
OG0008697	HG_8698	
OG0000333	HG_334	GO:0000322,GO:0000323,GO:0000324,GO:0003674,GO:0005215,GO:0005575,GO:0005622,GO:0005623,GO:0005737,GO:0005739,GO:0005773,GO:0005886,GO:0006810,GO:0006811,GO:0006812,GO:0008150,GO:0008324,GO:0015075,GO:0015318,GO:0015665,GO:0015850,GO:0016020,GO:0016021,GO:0022857,GO:0022890,GO:0031224,GO:0034220,GO:0043226,GO:0043227,GO:0043229,GO:0043231,GO:0044424,GO:0044425,GO:0044444,GO:0044464,GO:0051179,GO:0051234,GO:0055085,GO:0071702,GO:0071944,GO:0098655,GO:1901618
OG0006671	HG_6672	GO:0000003,GO:0000045,GO:0000407,GO:0005575,GO:0005622,GO:0005623,GO:0005737,GO:0005794,GO:0005829,GO:0006810,GO:0006886,GO:0006888,GO:0006914,GO:0006996,GO:0007033,GO:0007049,GO:0008104,GO:0008150,GO:0008152,GO:0009056,GO:0009987,GO:0012505,GO:0015031,GO:0015833,GO:0016043,GO:0016050,GO:0016192,GO:0016236,GO:0016237,GO:0022414,GO:0022607,GO:0030008,GO:0030242,GO:0031410,GO:0031982,GO:0032258,GO:0032991,GO:0033036,GO:0033365,GO:0034497,GO:0034613,GO:0034727,GO:0042886,GO:0043226,GO:0043227,GO:0043229,GO:0043231,GO:0044085,GO:0044237,GO:0044248,GO:0044422,GO:0044424,GO:0044431,GO:0044444,GO:0044446,GO:0044464,GO:0044804,GO:0045184,GO:0046907,GO:0048193,GO:0051179,GO:0051234,GO:0051321,GO:0051641,GO:0051649,GO:0061919,GO:0070727,GO:0070925,GO:0071255,GO:0071702,GO:0071705,GO:0071840,GO:0072665,GO:0097708,GO:0099023,GO:1905037,GO:1990072,GO:0000166,GO:0000322,GO:0000323,GO:0000324,GO:0000329,GO:0003674,GO:0005488,GO:0005524,GO:0005768,GO:0005773,GO:0005774,GO:0006605,GO:0006623,GO:0006892,GO:0006895,GO:0006896,GO:0006897,GO:0006903,GO:0006906,GO:0007034,GO:0008144,GO:0016020,GO:0016482,GO:0017076,GO:0022406,GO:0030554,GO:0030897,GO:0031090,GO:0031338,GO:0032553,GO:0032555,GO:0032559,GO:0032879,GO:0032889,GO:0033043,GO:0033263,GO:0035542,GO:0035639,GO:0036094,GO:0042144,GO:0043167,GO:0043168,GO:0043254,GO:0044087,GO:0044088,GO:0044425,GO:0044433,GO:0044437,GO:0044440,GO:0048278,GO:0048284,GO:0050789,GO:0050794,GO:0051049,GO:0051128,GO:0051469,GO:0051640,GO:0051648,GO:0051650,GO:0051656,GO:0060627,GO:0061024,GO:0061025,GO:0065007,GO:0072594,GO:0072666,GO:0090174,GO:0097159,GO:0097367,GO:0097576,GO:0098588,GO:0098657,GO:0098796,GO:0098805,GO:0098852,GO:0099022,GO:0140056,GO:1901265,GO:1901363,GO:1902500,GO:0000118,GO:0000123,GO:0000228,GO:0000785,GO:0000790,GO:0005634,GO:0005654,GO:0005694,GO:0006139,GO:0006259,GO:0006275,GO:0006281,GO:0006325,GO:0006338,GO:0006342,GO:0006351,GO:0006354,GO:0006355,GO:0006357,GO:0006366,GO:0006368,GO:0006464,GO:0006473,GO:0006475,GO:0006476,GO:0006725,GO:0006807,GO:0006950,GO:0006974,GO:0007163,GO:0008360,GO:0009058,GO:0009059,GO:0009889,GO:0009890,GO:0009892,GO:0010467,GO:0010468,GO:0010556,GO:0010558,GO:0010605,GO:0010629,GO:0016070,GO:0016458,GO:0016569,GO:0016570,GO:0016573,GO:0016575,GO:0018130,GO:0018193,GO:0018205,GO:0018393,GO:0018394,GO:0019219,GO:0019222,GO:0019438,GO:0019538,GO:0022603,GO:0022604,GO:0030174,GO:0031248,GO:0031323,GO:0031324,GO:0031326,GO:0031327,GO:0031974,GO:0031981,GO:0032221,GO:0032774,GO:0033554,GO:0034641,GO:0034645,GO:0034654,GO:0035267,GO:0035601,GO:0036211,GO:0040029,GO:0043170,GO:0043189,GO:0043228,GO:0043232,GO:0043233,GO:0043412,GO:0043543,GO:0043967,GO:0043968,GO:0044238,GO:0044249,GO:0044260,GO:0044267,GO:0044271,GO:0044427,GO:0044428,GO:0044451,GO:0044454,GO:0045814,GO:0045892,GO:0045934,GO:0046483,GO:0048519,GO:0048523,GO:0050793,GO:0050896,GO:0051052,GO:0051171,GO:0051172,GO:0051252,GO:0051253,GO:0051276,GO:0051716,GO:0060194,GO:0060195,GO:0060255,GO:0065008,GO:0070013,GO:0070822,GO:0071704,GO:0071963,GO:0080090,GO:0090304,GO:0090329,GO:0097659,GO:0098732,GO:1901360,GO:1901362,GO:1901564,GO:1901576,GO:1902493,GO:1902494,GO:1902562,GO:1902679,GO:1903506,GO:1903507,GO:1990234,GO:2000112,GO:2000113,GO:2001141,GO:0009266,GO:0009408,GO:0009628,GO:0010035,GO:0010038,GO:0010226,GO:0030447,GO:0034605,GO:0035690,GO:0040007,GO:0042221,GO:0042493,GO:0046688,GO:0070887,GO:0071241,GO:0071248,GO:0071280,GO:0071285
OG0006542	HG_6543	GO:0000226,GO:0000228,GO:0000785,GO:0000790,GO:0000981,GO:0003674,GO:0003676,GO:0003677,GO:0003700,GO:0005488,GO:0005575,GO:0005622,GO:0005623,GO:0005634,GO:0005694,GO:0005737,GO:0006355,GO:0006357,GO:0006950,GO:0006979,GO:0006996,GO:0007005,GO:0007010,GO:0007017,GO:0007049,GO:0008150,GO:0009653,GO:0009889,GO:0009891,GO:0009893,GO:0009987,GO:0010468,GO:0010556,GO:0010557,GO:0010604,GO:0010628,GO:0016043,GO:0019219,GO:0019222,GO:0022402,GO:0030154,GO:0031023,GO:0031323,GO:0031325,GO:0031326,GO:0031328,GO:0031974,GO:0031981,GO:0032502,GO:0033554,GO:0034599,GO:0042221,GO:0043226,GO:0043227,GO:0043228,GO:0043229,GO:0043231,GO:0043232,GO:0043233,GO:0043565,GO:0044422,GO:0044424,GO:0044427,GO:0044428,GO:0044446,GO:0044454,GO:0044464,GO:0045893,GO:0045935,GO:0045944,GO:0048518,GO:0048522,GO:0048856,GO:0048869,GO:0050789,GO:0050794,GO:0050896,GO:0051171,GO:0051173,GO:0051252,GO:0051254,GO:0051300,GO:0051716,GO:0060255,GO:0065007,GO:0070013,GO:0070887,GO:0071840,GO:0080090,GO:0097159,GO:0140110,GO:1901363,GO:1902680,GO:1903506,GO:1903508,GO:2000112,GO:2001141,GO:0000976,GO:0000977,GO:0000978,GO:0000982,GO:0000987,GO:0001012,GO:0001067,GO:0003690,GO:0044212,GO:1990837,GO:0000166,GO:0000726,GO:0001302,GO:0003824,GO:0003909,GO:0003910,GO:0005524,GO:0005730,GO:0006139,GO:0006259,GO:0006266,GO:0006281,GO:0006289,GO:0006297,GO:0006302,GO:0006303,GO:0006310,GO:0006725,GO:0006807,GO:0006974,GO:0007568,GO:0007569,GO:0008144,GO:0008152,GO:0009405,GO:0016874,GO:0016886,GO:0017076,GO:0030447,GO:0030554,GO:0032553,GO:0032555,GO:0032559,GO:0032807,GO:0032991,GO:0034641,GO:0035639,GO:0036094,GO:0040007,GO:0043167,GO:0043168,GO:0043170,GO:0044182,GO:0044237,GO:0044238,GO:0044260,GO:0044419,GO:0046483,GO:0051103,GO:0051704,GO:0071704,GO:0090304,GO:0097367,GO:0140097,GO:1901265,GO:1901360
OG0010599	HG_10600	
OG0005982	HG_5983	
OG0004969	HG_4970	GO:0000003,GO:0000166,GO:0000226,GO:0000280,GO:0000724,GO:0000725,GO:0000727,GO:0000775,GO:0001100,GO:0003006,GO:0003674,GO:0003824,GO:0004672,GO:0004674,GO:0005488,GO:0005524,GO:0005575,GO:0005622,GO:0005623,GO:0005634,GO:0005694,GO:0005737,GO:0006139,GO:0006259,GO:0006260,GO:0006261,GO:0006270,GO:0006279,GO:0006281,GO:0006302,GO:0006310,GO:0006355,GO:0006464,GO:0006468,GO:0006725,GO:0006793,GO:0006796,GO:0006807,GO:0006950,GO:0006974,GO:0006996,GO:0007010,GO:0007017,GO:0007049,GO:0007088,GO:0007096,GO:0007135,GO:0007346,GO:0008104,GO:0008144,GO:0008150,GO:0008152,GO:0008360,GO:0009058,GO:0009059,GO:0009653,GO:0009889,GO:0009893,GO:0009987,GO:0010468,GO:0010556,GO:0010564,GO:0010604,GO:0010638,GO:0010639,GO:0010927,GO:0010948,GO:0016043,GO:0016301,GO:0016310,GO:0016740,GO:0016772,GO:0016773,GO:0017076,GO:0018105,GO:0018193,GO:0018209,GO:0019219,GO:0019222,GO:0019538,GO:0019953,GO:0022402,GO:0022413,GO:0022414,GO:0022603,GO:0022604,GO:0022607,GO:0023052,GO:0030154,GO:0030435,GO:0030437,GO:0030554,GO:0031321,GO:0031322,GO:0031323,GO:0031325,GO:0031326,GO:0031431,GO:0031935,GO:0031938,GO:0032502,GO:0032505,GO:0032553,GO:0032555,GO:0032559,GO:0032989,GO:0032991,GO:0033036,GO:0033043,GO:0033044,GO:0033260,GO:0033365,GO:0033554,GO:0034293,GO:0034504,GO:0034613,GO:0034641,GO:0034645,GO:0035639,GO:0036094,GO:0036211,GO:0040020,GO:0043167,GO:0043168,GO:0043170,GO:0043226,GO:0043227,GO:0043228,GO:0043229,GO:0043231,GO:0043232,GO:0043412,GO:0043934,GO:0043935,GO:0044085,GO:0044237,GO:0044238,GO:0044249,GO:0044260,GO:0044267,GO:0044422,GO:0044424,GO:0044427,GO:0044446,GO:0044464,GO:0044703,GO:0044786,GO:0045786,GO:0045787,GO:0045836,GO:0045839,GO:0045930,GO:0045935,GO:0046483,GO:0048285,GO:0048468,GO:0048518,GO:0048519,GO:0048522,GO:0048523,GO:0048646,GO:0048856,GO:0048869,GO:0050789,GO:0050793,GO:0050794,GO:0050896,GO:0051128,GO:0051129,GO:0051130,GO:0051171,GO:0051173,GO:0051179,GO:0051252,GO:0051321,GO:0051445,GO:0051446,GO:0051641,GO:0051704,GO:0051716,GO:0051726,GO:0051783,GO:0051784,GO:0051785,GO:0060255,GO:0060631,GO:0060903,GO:0060968,GO:0061983,GO:0065007,GO:0065008,GO:0070727,GO:0071704,GO:0071840,GO:0080090,GO:0090068,GO:0090304,GO:0097159,GO:0097367,GO:0098687,GO:0140013,GO:0140096,GO:1901265,GO:1901360,GO:1901363,GO:1901564,GO:1901576,GO:1901987,GO:1901988,GO:1901990,GO:1901991,GO:1902275,GO:1903046,GO:1903341,GO:1903343,GO:1903506,GO:2000112,GO:2000241,GO:2000243,GO:2001141
OG0000022	HG_23	GO:0008150,GO:0008152,GO:0009058,GO:0019748,GO:0044550,GO:0071704,GO:1900558,GO:1900560,GO:1900561,GO:1900563,GO:1901576,GO:0006807,GO:0009709,GO:0009820,GO:0009821,GO:0009987,GO:0034641,GO:0035834,GO:0035835,GO:0035836,GO:0035837,GO:0044237,GO:0044249,GO:0044271,GO:0046447,GO:1901564,GO:1901566,GO:0009403,GO:0009404,GO:0043385,GO:0043386
OG0007870	HG_7871	
OG0003217	HG_3218	GO:0003674,GO:0003824,GO:0004311,GO:0004659,GO:0005575,GO:0005622,GO:0005623,GO:0005737,GO:0005739,GO:0005740,GO:0005743,GO:0006091,GO:0006725,GO:0006778,GO:0006779,GO:0006783,GO:0006784,GO:0006807,GO:0008150,GO:0008152,GO:0008495,GO:0009058,GO:0009987,GO:0015980,GO:0016020,GO:0016021,GO:0016740,GO:0016765,GO:0018130,GO:0019438,GO:0019866,GO:0031090,GO:0031224,GO:0031966,GO:0031967,GO:0031975,GO:0033013,GO:0033014,GO:0034641,GO:0042168,GO:0042440,GO:0043226,GO:0043227,GO:0043229,GO:0043231,GO:0044237,GO:0044249,GO:0044271,GO:0044422,GO:0044424,GO:0044425,GO:0044429,GO:0044444,GO:0044446,GO:0044464,GO:0045333,GO:0046148,GO:0046160,GO:0046483,GO:0051186,GO:0051188,GO:0055114,GO:0071704,GO:1901360,GO:1901362,GO:1901564,GO:1901566,GO:1901576
OG0006599	HG_6600	GO:0008150,GO:0008152,GO:0019748
OG0004479	HG_4480	
OG0004221	HG_4222	GO:0005575,GO:0005622,GO:0005623,GO:0005737,GO:0005739,GO:0005777,GO:0008150,GO:0009636,GO:0009987,GO:0042221,GO:0042579,GO:0043226,GO:0043227,GO:0043229,GO:0043231,GO:0044424,GO:0044444,GO:0044464,GO:0050896,GO:0051716,GO:0070887,GO:0097237,GO:0098754,GO:0098869,GO:1990748
OG0010207	HG_10208	GO:0000018,GO:0000082,GO:0000086,GO:0000151,GO:0000152,GO:0000278,GO:0000280,GO:0000775,GO:0000776,GO:0000921,GO:0003674,GO:0003676,GO:0003677,GO:0003688,GO:0003690,GO:0003824,GO:0004842,GO:0005488,GO:0005515,GO:0005575,GO:0005622,GO:0005623,GO:0005634,GO:0005694,GO:0005737,GO:0006417,GO:0006464,GO:0006508,GO:0006511,GO:0006790,GO:0006807,GO:0006873,GO:0006885,GO:0006996,GO:0006997,GO:0006998,GO:0007010,GO:0007035,GO:0007049,GO:0007088,GO:0007096,GO:0007346,GO:0008150,GO:0008152,GO:0009056,GO:0009057,GO:0009889,GO:0009890,GO:0009892,GO:0009987,GO:0010256,GO:0010458,GO:0010468,GO:0010498,GO:0010556,GO:0010558,GO:0010564,GO:0010605,GO:0010608,GO:0010629,GO:0010639,GO:0010948,GO:0010965,GO:0016043,GO:0016567,GO:0016740,GO:0017117,GO:0017148,GO:0019005,GO:0019219,GO:0019222,GO:0019538,GO:0019725,GO:0019787,GO:0019941,GO:0022402,GO:0022607,GO:0030003,GO:0030004,GO:0030071,GO:0030163,GO:0030641,GO:0031106,GO:0031146,GO:0031323,GO:0031324,GO:0031326,GO:0031327,GO:0031461,GO:0031518,GO:0032185,GO:0032268,GO:0032269,GO:0032446,GO:0032991,GO:0033043,GO:0033044,GO:0033045,GO:0033046,GO:0033047,GO:0033048,GO:0033202,GO:0033218,GO:0034248,GO:0034249,GO:0034508,GO:0034622,GO:0036211,GO:0042277,GO:0042592,GO:0043161,GO:0043167,GO:0043168,GO:0043170,GO:0043224,GO:0043226,GO:0043227,GO:0043228,GO:0043229,GO:0043231,GO:0043232,GO:0043254,GO:0043291,GO:0043295,GO:0043412,GO:0043565,GO:0043632,GO:0043933,GO:0044085,GO:0044087,GO:0044091,GO:0044237,GO:0044238,GO:0044248,GO:0044257,GO:0044260,GO:0044265,GO:0044267,GO:0044422,GO:0044424,GO:0044427,GO:0044428,GO:0044444,GO:0044446,GO:0044464,GO:0044770,GO:0044772,GO:0044839,GO:0044843,GO:0045116,GO:0045786,GO:0045839,GO:0045841,GO:0045851,GO:0045930,GO:0048037,GO:0048285,GO:0048519,GO:0048523,GO:0048878,GO:0050789,GO:0050794,GO:0050801,GO:0051052,GO:0051128,GO:0051129,GO:0051171,GO:0051172,GO:0051246,GO:0051248,GO:0051276,GO:0051382,GO:0051383,GO:0051452,GO:0051453,GO:0051603,GO:0051726,GO:0051783,GO:0051784,GO:0051983,GO:0051985,GO:0055067,GO:0055080,GO:0055082,GO:0060255,GO:0060542,GO:0061024,GO:0061630,GO:0061659,GO:0065003,GO:0065004,GO:0065007,GO:0065008,GO:0070647,GO:0070925,GO:0071704,GO:0071763,GO:0071824,GO:0071840,GO:0072341,GO:0080090,GO:0097159,GO:0098687,GO:0098771,GO:0101025,GO:0101026,GO:0140014,GO:0140096,GO:1900750,GO:1901363,GO:1901564,GO:1901565,GO:1901575,GO:1901681,GO:1901987,GO:1901988,GO:1901990,GO:1901991,GO:1902099,GO:1902100,GO:1902494,GO:1903047,GO:1904949,GO:1905818,GO:1905819,GO:1990234,GO:1990837,GO:2000112,GO:2000113,GO:2000765,GO:2000766,GO:2000816,GO:2001251
OG0004891	HG_4892	GO:0003674,GO:0003824,GO:0006139,GO:0006396,GO:0006399,GO:0006400,GO:0006725,GO:0006807,GO:0008033,GO:0008150,GO:0008152,GO:0008479,GO:0009451,GO:0009987,GO:0010467,GO:0016070,GO:0016740,GO:0016757,GO:0016763,GO:0034470,GO:0034641,GO:0034660,GO:0043170,GO:0043412,GO:0044237,GO:0044238,GO:0046483,GO:0071704,GO:0090304,GO:0101030,GO:0140098,GO:0140101,GO:1901360
OG0007487	HG_7488	
OG0011277	HG_11278	
OG0006345	HG_6346	GO:0000003,GO:0002164,GO:0002165,GO:0002168,GO:0003674,GO:0003700,GO:0005575,GO:0005622,GO:0005623,GO:0005634,GO:0006355,GO:0007275,GO:0007444,GO:0007482,GO:0007525,GO:0007526,GO:0007591,GO:0007610,GO:0007617,GO:0007618,GO:0007619,GO:0008049,GO:0008150,GO:0009791,GO:0009888,GO:0009889,GO:0010468,GO:0010556,GO:0016545,GO:0019098,GO:0019219,GO:0019222,GO:0019953,GO:0022414,GO:0031323,GO:0031326,GO:0032501,GO:0032502,GO:0032504,GO:0035216,GO:0035295,GO:0042303,GO:0043226,GO:0043227,GO:0043229,GO:0043231,GO:0044424,GO:0044464,GO:0044703,GO:0045433,GO:0048065,GO:0048513,GO:0048569,GO:0048609,GO:0048731,GO:0048736,GO:0048737,GO:0048856,GO:0050789,GO:0050794,GO:0051171,GO:0051252,GO:0051704,GO:0060179,GO:0060255,GO:0060429,GO:0061061,GO:0065007,GO:0080090,GO:0140110,GO:1903506,GO:2000112,GO:2001141
OG0005285	HG_5286	GO:0003674,GO:0003824,GO:0004430,GO:0005575,GO:0005622,GO:0005623,GO:0005634,GO:0005737,GO:0005794,GO:0005802,GO:0006629,GO:0006644,GO:0006650,GO:0006793,GO:0006796,GO:0007154,GO:0007165,GO:0008150,GO:0008152,GO:0009987,GO:0012505,GO:0016020,GO:0016301,GO:0016310,GO:0016740,GO:0016772,GO:0016773,GO:0019637,GO:0023052,GO:0030258,GO:0031984,GO:0035556,GO:0042710,GO:0043226,GO:0043227,GO:0043229,GO:0043231,GO:0044010,GO:0044011,GO:0044237,GO:0044238,GO:0044255,GO:0044422,GO:0044424,GO:0044431,GO:0044444,GO:0044446,GO:0044464,GO:0044764,GO:0046486,GO:0046488,GO:0046834,GO:0046854,GO:0048015,GO:0048017,GO:0050789,GO:0050794,GO:0050896,GO:0051703,GO:0051704,GO:0051716,GO:0052742,GO:0065007,GO:0071704,GO:0090605,GO:0090609,GO:0098791
OG0004489	HG_4490	GO:0000278,GO:0005575,GO:0005622,GO:0005623,GO:0006139,GO:0006259,GO:0006260,GO:0006261,GO:0006271,GO:0006273,GO:0006401,GO:0006725,GO:0006807,GO:0007049,GO:0008150,GO:0008152,GO:0009056,GO:0009057,GO:0009058,GO:0009059,GO:0009987,GO:0016070,GO:0019439,GO:0022402,GO:0022616,GO:0032299,GO:0032991,GO:0033260,GO:0033567,GO:0034641,GO:0034645,GO:0034655,GO:0043137,GO:0043170,GO:0044237,GO:0044238,GO:0044248,GO:0044249,GO:0044260,GO:0044265,GO:0044270,GO:0044424,GO:0044464,GO:0044786,GO:0046483,GO:0046700,GO:0071704,GO:0090304,GO:1901360,GO:1901361,GO:1901575,GO:1901576,GO:1902969,GO:1903047,GO:1903469
OG0005203	HG_5204	GO:0003674,GO:0003824,GO:0006139,GO:0006396,GO:0006399,GO:0006400,GO:0006725,GO:0006807,GO:0008033,GO:0008150,GO:0008152,GO:0008479,GO:0008616,GO:0009058,GO:0009116,GO:0009119,GO:0009163,GO:0009451,GO:0009987,GO:0010467,GO:0016070,GO:0016740,GO:0016757,GO:0016763,GO:0018130,GO:0019438,GO:0034404,GO:0034470,GO:0034641,GO:0034654,GO:0034660,GO:0042455,GO:0043170,GO:0043412,GO:0044237,GO:0044238,GO:0044249,GO:0044271,GO:0044281,GO:0044283,GO:0046116,GO:0046483,GO:0055086,GO:0071704,GO:0090304,GO:0101030,GO:0140098,GO:0140101,GO:1901135,GO:1901137,GO:1901360,GO:1901362,GO:1901564,GO:1901566,GO:1901576,GO:1901657,GO:1901659
OG0003985	HG_3986	GO:0003674,GO:0003824,GO:0005575,GO:0005622,GO:0005623,GO:0005737,GO:0005739,GO:0005740,GO:0005741,GO:0006082,GO:0006629,GO:0006631,GO:0008150,GO:0008152,GO:0009987,GO:0016020,GO:0016829,GO:0016835,GO:0016836,GO:0016999,GO:0017144,GO:0019541,GO:0019679,GO:0019752,GO:0019867,GO:0031090,GO:0031966,GO:0031967,GO:0031968,GO:0031975,GO:0032787,GO:0043226,GO:0043227,GO:0043229,GO:0043231,GO:0043436,GO:0044237,GO:0044238,GO:0044255,GO:0044281,GO:0044422,GO:0044424,GO:0044429,GO:0044444,GO:0044446,GO:0044464,GO:0046459,GO:0047547,GO:0071704,GO:0098588,GO:0098805
OG0008098	HG_8099	
OG0007905	HG_7906	
OG0006628	HG_6629	
OG0004772	HG_4773	GO:0000131,GO:0003674,GO:0003676,GO:0003723,GO:0003729,GO:0005096,GO:0005488,GO:0005575,GO:0005622,GO:0005623,GO:0005628,GO:0005737,GO:0005739,GO:0005886,GO:0005933,GO:0005934,GO:0005937,GO:0005938,GO:0006996,GO:0007010,GO:0007163,GO:0008047,GO:0008150,GO:0009966,GO:0009968,GO:0009987,GO:0010646,GO:0010648,GO:0016020,GO:0016043,GO:0023051,GO:0023057,GO:0030010,GO:0030029,GO:0030036,GO:0030234,GO:0030427,GO:0030695,GO:0035023,GO:0035024,GO:0042763,GO:0042764,GO:0042995,GO:0043085,GO:0043087,GO:0043226,GO:0043227,GO:0043229,GO:0043231,GO:0043332,GO:0043547,GO:0044093,GO:0044424,GO:0044444,GO:0044463,GO:0044464,GO:0046578,GO:0046580,GO:0048519,GO:0048523,GO:0048583,GO:0048585,GO:0050789,GO:0050790,GO:0050794,GO:0051056,GO:0051058,GO:0051286,GO:0051336,GO:0051345,GO:0060589,GO:0065007,GO:0065009,GO:0071840,GO:0071944,GO:0097159,GO:0098772,GO:0099568,GO:0120025,GO:0120038,GO:1901363,GO:1902531,GO:1902532,GO:0003824,GO:0004738,GO:0004739,GO:0005634,GO:0005730,GO:0005759,GO:0005967,GO:0006082,GO:0006084,GO:0006085,GO:0006086,GO:0006090,GO:0006091,GO:0006099,GO:0006101,GO:0006139,GO:0006163,GO:0006164,GO:0006637,GO:0006725,GO:0006732,GO:0006753,GO:0006790,GO:0006793,GO:0006796,GO:0006807,GO:0007124,GO:0008152,GO:0009058,GO:0009060,GO:0009108,GO:0009117,GO:0009150,GO:0009152,GO:0009165,GO:0009259,GO:0009260,GO:0009295,GO:0015980,GO:0016049,GO:0016491,GO:0016624,GO:0016903,GO:0016999,GO:0017144,GO:0018130,GO:0019438,GO:0019637,GO:0019693,GO:0019752,GO:0030447,GO:0031974,GO:0031981,GO:0032787,GO:0032991,GO:0033865,GO:0033866,GO:0033875,GO:0034030,GO:0034032,GO:0034033,GO:0034641,GO:0034654,GO:0035383,GO:0035384,GO:0040007,GO:0042645,GO:0043228,GO:0043232,GO:0043233,GO:0043436,GO:0043603,GO:0043604,GO:0044182,GO:0044237,GO:0044238,GO:0044249,GO:0044271,GO:0044272,GO:0044281,GO:0044422,GO:0044428,GO:0044429,GO:0044446,GO:0045254,GO:0045333,GO:0046390,GO:0046483,GO:0051186,GO:0051188,GO:0055086,GO:0055114,GO:0070013,GO:0070783,GO:0071616,GO:0071704,GO:0072350,GO:0072521,GO:0072522,GO:0090407,GO:0098798,GO:1901135,GO:1901137,GO:1901293,GO:1901360,GO:1901362,GO:1901564,GO:1901566,GO:1901576,GO:1902494,GO:1990204,GO:0000462,GO:0006364,GO:0006396,GO:0010467,GO:0016070,GO:0016072,GO:0019843,GO:0022613,GO:0030490,GO:0030515,GO:0030684,GO:0032040,GO:0034470,GO:0034511,GO:0034660,GO:0042254,GO:0042274,GO:0043170,GO:0044085,GO:0090304,GO:1990904,GO:0000003,GO:0000399,GO:0000749,GO:0000750,GO:0001403,GO:0005856,GO:0005935,GO:0007015,GO:0007114,GO:0007117,GO:0007118,GO:0007119,GO:0007154,GO:0007165,GO:0007186,GO:0007264,GO:0008104,GO:0008360,GO:0008361,GO:0010033,GO:0019236,GO:0019954,GO:0022414,GO:0022603,GO:0022604,GO:0023052,GO:0031106,GO:0031136,GO:0031137,GO:0031139,GO:0032005,GO:0032153,GO:0032155,GO:0032156,GO:0032161,GO:0032176,GO:0032177,GO:0032185,GO:0032231,GO:0032505,GO:0032535,GO:0032878,GO:0032879,GO:0032956,GO:0032970,GO:0033036,GO:0033043,GO:0034613,GO:0035556,GO:0036267,GO:0042221,GO:0043900,GO:0043902,GO:0044087,GO:0044430,GO:0044448,GO:0046999,GO:0048518,GO:0048522,GO:0050793,GO:0050896,GO:0051128,GO:0051179,GO:0051301,GO:0051493,GO:0051641,GO:0051716,GO:0060305,GO:0060341,GO:0060583,GO:0061572,GO:0065008,GO:0070650,GO:0070727,GO:0070887,GO:0071310,GO:0071444,GO:0090066,GO:0097435,GO:0097574,GO:0097575,GO:0099738,GO:0110053,GO:1902903,GO:2000114,GO:2000241,GO:2000243,GO:2000769,GO:2000771,GO:2000782,GO:2000784
OG0004860	HG_4861	
OG0007327	HG_7328	
OG0004024	HG_4025	GO:0005575,GO:0005622,GO:0005623,GO:0005737,GO:0005777,GO:0005778,GO:0016020,GO:0031090,GO:0031903,GO:0042579,GO:0043226,GO:0043227,GO:0043229,GO:0043231,GO:0044422,GO:0044424,GO:0044438,GO:0044439,GO:0044444,GO:0044446,GO:0044464,GO:0098588,GO:0098805
OG0003608	HG_3609	GO:0003674,GO:0003824,GO:0004581,GO:0005575,GO:0005622,GO:0005623,GO:0005737,GO:0005783,GO:0005789,GO:0006464,GO:0006486,GO:0006487,GO:0006488,GO:0006490,GO:0006629,GO:0006807,GO:0008150,GO:0008152,GO:0008194,GO:0009058,GO:0009059,GO:0009100,GO:0009101,GO:0009987,GO:0012505,GO:0016020,GO:0016021,GO:0016740,GO:0016757,GO:0016758,GO:0018193,GO:0018196,GO:0018279,GO:0019538,GO:0030176,GO:0031224,GO:0031227,GO:0031984,GO:0034645,GO:0035251,GO:0036211,GO:0042175,GO:0043170,GO:0043226,GO:0043227,GO:0043229,GO:0043231,GO:0043412,GO:0043413,GO:0044237,GO:0044238,GO:0044249,GO:0044255,GO:0044260,GO:0044267,GO:0044422,GO:0044424,GO:0044425,GO:0044432,GO:0044444,GO:0044446,GO:0044464,GO:0046527,GO:0070085,GO:0071704,GO:0098827,GO:1901135,GO:1901137,GO:1901564,GO:1901566,GO:1901576
OG0004782	HG_4783	
OG0004653	HG_4654	GO:0003674,GO:0005215,GO:0005342,GO:0005575,GO:0005623,GO:0005886,GO:0006810,GO:0006811,GO:0006820,GO:0008150,GO:0008509,GO:0008514,GO:0015075,GO:0015318,GO:0015711,GO:0015849,GO:0016020,GO:0022857,GO:0034220,GO:0044464,GO:0046942,GO:0046943,GO:0051179,GO:0051234,GO:0055085,GO:0071702,GO:0071944,GO:0098656,GO:1903825,GO:1905039
OG0003599	HG_3600	
OG0000387	HG_388	
OG0004380	HG_4381	GO:0003674,GO:0005488,GO:0005575,GO:0005622,GO:0005623,GO:0005737,GO:0005739,GO:0005740,GO:0005743,GO:0006732,GO:0006733,GO:0006743,GO:0006744,GO:0008150,GO:0008152,GO:0008289,GO:0009058,GO:0009108,GO:0009987,GO:0016020,GO:0019866,GO:0031090,GO:0031966,GO:0031967,GO:0031975,GO:0042180,GO:0042181,GO:0043226,GO:0043227,GO:0043229,GO:0043231,GO:0044237,GO:0044249,GO:0044281,GO:0044283,GO:0044422,GO:0044424,GO:0044429,GO:0044444,GO:0044446,GO:0044464,GO:0051186,GO:0051188,GO:0071704,GO:1901004,GO:1901006,GO:1901576,GO:1901661,GO:1901663
OG0003964	HG_3965	GO:0000228,GO:0000278,GO:0000781,GO:0000784,GO:0000785,GO:0000790,GO:0000808,GO:0003674,GO:0003676,GO:0003677,GO:0003688,GO:0003690,GO:0005488,GO:0005575,GO:0005622,GO:0005623,GO:0005634,GO:0005654,GO:0005656,GO:0005657,GO:0005664,GO:0005694,GO:0006139,GO:0006259,GO:0006260,GO:0006261,GO:0006267,GO:0006270,GO:0006725,GO:0006807,GO:0007049,GO:0008150,GO:0008152,GO:0009058,GO:0009059,GO:0009987,GO:0016043,GO:0022402,GO:0022607,GO:0031261,GO:0031974,GO:0031981,GO:0032991,GO:0032993,GO:0033260,GO:0034622,GO:0034641,GO:0034645,GO:0036387,GO:0036388,GO:0043170,GO:0043226,GO:0043227,GO:0043228,GO:0043229,GO:0043231,GO:0043232,GO:0043233,GO:0043565,GO:0043596,GO:0043933,GO:0044085,GO:0044237,GO:0044238,GO:0044249,GO:0044260,GO:0044422,GO:0044424,GO:0044427,GO:0044428,GO:0044446,GO:0044451,GO:0044454,GO:0044464,GO:0044786,GO:0046483,GO:0065003,GO:0065004,GO:0070013,GO:0071704,GO:0071824,GO:0071840,GO:0090304,GO:0097159,GO:0098687,GO:1901360,GO:1901363,GO:1901576,GO:1902292,GO:1902299,GO:1902315,GO:1902969,GO:1902975,GO:1903047,GO:1990837,GO:0003682,GO:0006325,GO:0006342,GO:0006355,GO:0006996,GO:0009889,GO:0009890,GO:0009892,GO:0010468,GO:0010556,GO:0010558,GO:0010605,GO:0010629,GO:0016458,GO:0019219,GO:0019222,GO:0030466,GO:0031323,GO:0031324,GO:0031326,GO:0031327,GO:0040029,GO:0045814,GO:0045892,GO:0045934,GO:0048519,GO:0048523,GO:0050789,GO:0050794,GO:0051171,GO:0051172,GO:0051252,GO:0051253,GO:0051276,GO:0060255,GO:0065007,GO:0080090,GO:1902679,GO:1903506,GO:1903507,GO:2000112,GO:2000113,GO:2001141,GO:0003824,GO:0005737,GO:0005783,GO:0005789,GO:0006464,GO:0006497,GO:0006505,GO:0006506,GO:0006629,GO:0006643,GO:0006644,GO:0006650,GO:0006661,GO:0006664,GO:0006793,GO:0006796,GO:0008610,GO:0008654,GO:0009247,GO:0012505,GO:0016020,GO:0016021,GO:0016740,GO:0016772,GO:0016780,GO:0019538,GO:0019637,GO:0031224,GO:0031984,GO:0036211,GO:0042157,GO:0042158,GO:0042175,GO:0043412,GO:0044255,GO:0044267,GO:0044425,GO:0044432,GO:0044444,GO:0045017,GO:0046467,GO:0046474,GO:0046486,GO:0046488,GO:0051377,GO:0090407,GO:0098827,GO:1901135,GO:1901137,GO:1901564,GO:1901566,GO:1903509,GO:0000003,GO:0000082,GO:0001667,GO:0002064,GO:0002065,GO:0002066,GO:0003006,GO:0003008,GO:0006928,GO:0007276,GO:0007281,GO:0007292,GO:0007297,GO:0007298,GO:0007610,GO:0007611,GO:0007612,GO:0007631,GO:0007635,GO:0008283,GO:0008306,GO:0008355,GO:0009888,GO:0010631,GO:0016477,GO:0016604,GO:0019953,GO:0022412,GO:0022414,GO:0030154,GO:0030536,GO:0030537,GO:0030707,GO:0030855,GO:0032501,GO:0032502,GO:0032504,GO:0040011,GO:0042048,GO:0042221,GO:0044703,GO:0044770,GO:0044772,GO:0044843,GO:0048468,GO:0048477,GO:0048609,GO:0048856,GO:0048869,GO:0048870,GO:0050877,GO:0050890,GO:0050896,GO:0051179,GO:0051674,GO:0051704,GO:0060429,GO:0061351,GO:0090130,GO:0090132
OG0004251	HG_4252	GO:0005575,GO:0005622,GO:0005623,GO:0005634,GO:0005737,GO:0005975,GO:0005996,GO:0006012,GO:0008150,GO:0008152,GO:0009987,GO:0016043,GO:0019318,GO:0022607,GO:0034622,GO:0043226,GO:0043227,GO:0043229,GO:0043231,GO:0043933,GO:0044085,GO:0044238,GO:0044281,GO:0044424,GO:0044464,GO:0065003,GO:0071704,GO:0071840,GO:1990115,GO:0000003,GO:0001709,GO:0003002,GO:0003006,GO:0006996,GO:0007049,GO:0007275,GO:0007276,GO:0007281,GO:0007282,GO:0007292,GO:0007293,GO:0007294,GO:0007308,GO:0007309,GO:0007310,GO:0007317,GO:0007389,GO:0008283,GO:0008356,GO:0009653,GO:0009798,GO:0009950,GO:0009953,GO:0009994,GO:0019953,GO:0021700,GO:0022402,GO:0022412,GO:0022414,GO:0030154,GO:0030706,GO:0030716,GO:0030717,GO:0032501,GO:0032502,GO:0032504,GO:0032879,GO:0043900,GO:0044087,GO:0044703,GO:0045165,GO:0045595,GO:0045995,GO:0048134,GO:0048468,GO:0048469,GO:0048477,GO:0048599,GO:0048609,GO:0048646,GO:0048856,GO:0048869,GO:0050789,GO:0050793,GO:0050794,GO:0051128,GO:0051239,GO:0051276,GO:0051301,GO:0051321,GO:0051704,GO:0060281,GO:0060284,GO:0060341,GO:0061982,GO:0061988,GO:0065007,GO:0070192,GO:1902875,GO:1903046,GO:1903429,GO:1904580,GO:1905879,GO:2000026,GO:2000241
OG0003835	HG_3836	GO:0003674,GO:0003824,GO:0005488,GO:0005575,GO:0005622,GO:0005623,GO:0005737,GO:0005739,GO:0006082,GO:0006091,GO:0006629,GO:0006631,GO:0006633,GO:0008150,GO:0008152,GO:0008270,GO:0008610,GO:0009058,GO:0009060,GO:0009987,GO:0015980,GO:0016053,GO:0016491,GO:0016627,GO:0016628,GO:0016631,GO:0019752,GO:0032787,GO:0043167,GO:0043169,GO:0043226,GO:0043227,GO:0043229,GO:0043231,GO:0043436,GO:0044237,GO:0044238,GO:0044249,GO:0044255,GO:0044281,GO:0044283,GO:0044424,GO:0044444,GO:0044464,GO:0045333,GO:0046394,GO:0046872,GO:0046914,GO:0055114,GO:0071704,GO:0072330,GO:1901576
OG0004534	HG_4535	GO:0000322,GO:0000323,GO:0000324,GO:0000329,GO:0003674,GO:0003824,GO:0005575,GO:0005622,GO:0005623,GO:0005737,GO:0005773,GO:0005774,GO:0006508,GO:0006807,GO:0008150,GO:0008152,GO:0008233,GO:0008237,GO:0009056,GO:0009057,GO:0009987,GO:0016020,GO:0016021,GO:0016787,GO:0019538,GO:0030163,GO:0031090,GO:0031224,GO:0043170,GO:0043226,GO:0043227,GO:0043229,GO:0043231,GO:0044237,GO:0044238,GO:0044248,GO:0044257,GO:0044260,GO:0044265,GO:0044267,GO:0044422,GO:0044424,GO:0044425,GO:0044437,GO:0044444,GO:0044446,GO:0044464,GO:0051603,GO:0070011,GO:0071704,GO:0098588,GO:0098805,GO:0098852,GO:0140096,GO:1901564,GO:1901565,GO:1901575
OG0000051	HG_52	GO:0005575,GO:0005622,GO:0005623,GO:0005737,GO:0005739,GO:0043226,GO:0043227,GO:0043229,GO:0043231,GO:0044424,GO:0044444,GO:0044464
OG0008448	HG_8449	
OG0010697	HG_10698	
OG0009235	HG_9236	
OG0000780	HG_781	
OG0011285	HG_11286	
OG0004132	HG_4133	GO:0000122,GO:0003674,GO:0003712,GO:0003714,GO:0005488,GO:0005543,GO:0005575,GO:0005622,GO:0005623,GO:0005634,GO:0005635,GO:0005654,GO:0005737,GO:0005783,GO:0006355,GO:0006357,GO:0006629,GO:0006644,GO:0006793,GO:0006796,GO:0006950,GO:0006986,GO:0007154,GO:0007165,GO:0008150,GO:0008152,GO:0008289,GO:0008610,GO:0008654,GO:0009058,GO:0009889,GO:0009890,GO:0009891,GO:0009892,GO:0009893,GO:0009987,GO:0010033,GO:0010468,GO:0010556,GO:0010557,GO:0010558,GO:0010563,GO:0010604,GO:0010605,GO:0010628,GO:0010629,GO:0012505,GO:0016020,GO:0019216,GO:0019219,GO:0019220,GO:0019222,GO:0019637,GO:0023052,GO:0030968,GO:0031090,GO:0031323,GO:0031324,GO:0031325,GO:0031326,GO:0031327,GO:0031328,GO:0031965,GO:0031967,GO:0031974,GO:0031975,GO:0031981,GO:0033554,GO:0034399,GO:0034620,GO:0034976,GO:0035966,GO:0035967,GO:0042221,GO:0043167,GO:0043168,GO:0043226,GO:0043227,GO:0043229,GO:0043231,GO:0043233,GO:0044237,GO:0044238,GO:0044249,GO:0044255,GO:0044422,GO:0044424,GO:0044428,GO:0044444,GO:0044446,GO:0044464,GO:0045833,GO:0045892,GO:0045893,GO:0045934,GO:0045935,GO:0045936,GO:0045944,GO:0046890,GO:0048518,GO:0048519,GO:0048522,GO:0048523,GO:0050789,GO:0050794,GO:0050896,GO:0051055,GO:0051171,GO:0051172,GO:0051173,GO:0051174,GO:0051252,GO:0051253,GO:0051254,GO:0051716,GO:0060255,GO:0065007,GO:0070013,GO:0070300,GO:0070887,GO:0071071,GO:0071072,GO:0071310,GO:0071704,GO:0080090,GO:0090407,GO:0140110,GO:1901576,GO:1902679,GO:1902680,GO:1903506,GO:1903507,GO:1903508,GO:1903725,GO:1903726,GO:2000112,GO:2000113,GO:2001141
OG0004044	HG_4045	GO:0003674,GO:0003824,GO:0004842,GO:0005488,GO:0006464,GO:0006807,GO:0006810,GO:0006897,GO:0008150,GO:0008152,GO:0008270,GO:0009987,GO:0016192,GO:0016567,GO:0016740,GO:0019538,GO:0019787,GO:0032446,GO:0036211,GO:0043167,GO:0043169,GO:0043170,GO:0043412,GO:0044237,GO:0044238,GO:0044260,GO:0044267,GO:0046872,GO:0046914,GO:0051179,GO:0051234,GO:0061630,GO:0061659,GO:0070647,GO:0071704,GO:0098657,GO:0140096,GO:1901564
OG0000074	HG_75	
OG0000854	HG_855	
OG0009518	HG_9519	
OG0004368	HG_4369	GO:0000172,GO:0000294,GO:0000956,GO:0005575,GO:0005622,GO:0005623,GO:0005634,GO:0005655,GO:0005730,GO:0005732,GO:0005737,GO:0005829,GO:0006139,GO:0006364,GO:0006396,GO:0006399,GO:0006401,GO:0006402,GO:0006725,GO:0006807,GO:0008033,GO:0008150,GO:0008152,GO:0009056,GO:0009057,GO:0009892,GO:0009987,GO:0010467,GO:0010468,GO:0010605,GO:0010629,GO:0016070,GO:0016071,GO:0016072,GO:0016074,GO:0019222,GO:0019439,GO:0022613,GO:0030677,GO:0030681,GO:0031070,GO:0031974,GO:0031981,GO:0032991,GO:0033967,GO:0034470,GO:0034641,GO:0034655,GO:0034660,GO:0034963,GO:0034965,GO:0042254,GO:0043144,GO:0043170,GO:0043226,GO:0043227,GO:0043228,GO:0043229,GO:0043231,GO:0043232,GO:0043233,GO:0044085,GO:0044237,GO:0044238,GO:0044248,GO:0044260,GO:0044265,GO:0044270,GO:0044422,GO:0044424,GO:0044428,GO:0044444,GO:0044446,GO:0044452,GO:0044464,GO:0046483,GO:0046700,GO:0048519,GO:0050789,GO:0060255,GO:0065007,GO:0070013,GO:0071704,GO:0071840,GO:0090304,GO:1901360,GO:1901361,GO:1901575,GO:1902494,GO:1902555,GO:1905348,GO:1990904
OG0003660	HG_3661	
OG0000092	HG_93	
OG0006385	HG_6386	
OG0009198	HG_9199	
OG0006344	HG_6345	GO:0002943,GO:0003674,GO:0003824,GO:0005575,GO:0005622,GO:0005623,GO:0005634,GO:0006139,GO:0006396,GO:0006399,GO:0006400,GO:0006725,GO:0006807,GO:0008033,GO:0008150,GO:0008152,GO:0009451,GO:0009987,GO:0010467,GO:0016070,GO:0016491,GO:0016627,GO:0017150,GO:0034470,GO:0034641,GO:0034660,GO:0043170,GO:0043226,GO:0043227,GO:0043229,GO:0043231,GO:0043412,GO:0044237,GO:0044238,GO:0044424,GO:0044464,GO:0046483,GO:0055114,GO:0071704,GO:0090304,GO:0140098,GO:0140101,GO:1901360,GO:0004168,GO:0005737,GO:0005783,GO:0005789,GO:0006464,GO:0006486,GO:0006487,GO:0006629,GO:0006644,GO:0006793,GO:0006796,GO:0008610,GO:0008654,GO:0009058,GO:0009059,GO:0009100,GO:0009101,GO:0012505,GO:0016020,GO:0016021,GO:0016301,GO:0016310,GO:0016740,GO:0016772,GO:0016773,GO:0019538,GO:0019637,GO:0030176,GO:0031224,GO:0031227,GO:0031984,GO:0034645,GO:0036211,GO:0042175,GO:0043048,GO:0043413,GO:0044249,GO:0044255,GO:0044260,GO:0044267,GO:0044422,GO:0044425,GO:0044432,GO:0044444,GO:0044446,GO:0070085,GO:0090407,GO:0098827,GO:1901135,GO:1901137,GO:1901564,GO:1901566,GO:1901576
OG0005589	HG_5590	GO:0003674,GO:0003824,GO:0004842,GO:0005048,GO:0005488,GO:0005515,GO:0006464,GO:0006807,GO:0008139,GO:0008150,GO:0008152,GO:0008270,GO:0009636,GO:0009987,GO:0010033,GO:0016567,GO:0016740,GO:0019538,GO:0019787,GO:0023051,GO:0032182,GO:0032446,GO:0033218,GO:0036211,GO:0042221,GO:0042277,GO:0042493,GO:0043130,GO:0043167,GO:0043169,GO:0043170,GO:0043412,GO:0044237,GO:0044238,GO:0044260,GO:0044267,GO:0045471,GO:0046677,GO:0046872,GO:0046914,GO:0050789,GO:0050896,GO:0061630,GO:0061659,GO:0065007,GO:0070647,GO:0071704,GO:0097305,GO:0140096,GO:1901564,GO:1901700
OG0009245	HG_9246	
OG0004359	HG_4360	GO:0005575,GO:0005622,GO:0005623,GO:0005737,GO:0005773,GO:0005775,GO:0031974,GO:0043226,GO:0043227,GO:0043229,GO:0043231,GO:0043233,GO:0044422,GO:0044424,GO:0044437,GO:0044444,GO:0044446,GO:0044464,GO:0070013,GO:0000322,GO:0000323,GO:0000324,GO:0000329,GO:0003674,GO:0005215,GO:0005315,GO:0005774,GO:0006082,GO:0006793,GO:0006797,GO:0006810,GO:0006811,GO:0006817,GO:0006820,GO:0008150,GO:0008152,GO:0008509,GO:0008514,GO:0009987,GO:0010966,GO:0015075,GO:0015169,GO:0015291,GO:0015318,GO:0015605,GO:0015698,GO:0015711,GO:0015748,GO:0015794,GO:0016020,GO:0016021,GO:0022804,GO:0022857,GO:0031090,GO:0031224,GO:0032879,GO:0034220,GO:0034762,GO:0034765,GO:0035435,GO:0043269,GO:0043436,GO:0044070,GO:0044232,GO:0044237,GO:0044281,GO:0044425,GO:0050789,GO:0051049,GO:0051179,GO:0051234,GO:0055085,GO:0065007,GO:0071702,GO:0071704,GO:0098588,GO:0098656,GO:0098660,GO:0098661,GO:0098805,GO:0098852,GO:1901264,GO:1901505,GO:1903795,GO:1903959,GO:1990816,GO:2000185
OG0004271	HG_4272	GO:0003674,GO:0005488,GO:0005515,GO:0005575,GO:0005622,GO:0005623,GO:0005634,GO:0006325,GO:0006338,GO:0006996,GO:0008150,GO:0009987,GO:0016043,GO:0042393,GO:0043226,GO:0043227,GO:0043229,GO:0043231,GO:0044424,GO:0044464,GO:0051276,GO:0071840
OG0000266	HG_267	GO:0000122,GO:0000228,GO:0000724,GO:0000725,GO:0000775,GO:0000785,GO:0000790,GO:0000792,GO:0003674,GO:0003824,GO:0004407,GO:0005575,GO:0005622,GO:0005623,GO:0005634,GO:0005694,GO:0005720,GO:0005721,GO:0005730,GO:0005737,GO:0005739,GO:0006082,GO:0006139,GO:0006259,GO:0006281,GO:0006282,GO:0006302,GO:0006310,GO:0006323,GO:0006325,GO:0006333,GO:0006338,GO:0006342,GO:0006348,GO:0006355,GO:0006357,GO:0006464,GO:0006476,GO:0006629,GO:0006631,GO:0006725,GO:0006807,GO:0006950,GO:0006974,GO:0006996,GO:0007154,GO:0008150,GO:0008152,GO:0009267,GO:0009605,GO:0009889,GO:0009890,GO:0009892,GO:0009987,GO:0009991,GO:0010468,GO:0010556,GO:0010558,GO:0010605,GO:0010629,GO:0016043,GO:0016458,GO:0016569,GO:0016570,GO:0016575,GO:0016787,GO:0016810,GO:0016811,GO:0017136,GO:0019213,GO:0019219,GO:0019222,GO:0019538,GO:0019752,GO:0022607,GO:0030702,GO:0031055,GO:0031323,GO:0031324,GO:0031326,GO:0031327,GO:0031497,GO:0031507,GO:0031508,GO:0031618,GO:0031667,GO:0031668,GO:0031669,GO:0031934,GO:0031974,GO:0031981,GO:0032787,GO:0033553,GO:0033554,GO:0033558,GO:0034508,GO:0034622,GO:0034641,GO:0034728,GO:0034979,GO:0035601,GO:0036211,GO:0040029,GO:0042594,GO:0043170,GO:0043226,GO:0043227,GO:0043228,GO:0043229,GO:0043231,GO:0043232,GO:0043233,GO:0043412,GO:0043436,GO:0043933,GO:0044085,GO:0044237,GO:0044238,GO:0044255,GO:0044260,GO:0044267,GO:0044281,GO:0044422,GO:0044424,GO:0044427,GO:0044428,GO:0044444,GO:0044446,GO:0044454,GO:0044464,GO:0045814,GO:0045892,GO:0045934,GO:0046459,GO:0046483,GO:0048519,GO:0048523,GO:0048583,GO:0050789,GO:0050794,GO:0050896,GO:0051052,GO:0051171,GO:0051172,GO:0051252,GO:0051253,GO:0051276,GO:0051716,GO:0060255,GO:0060303,GO:0065003,GO:0065004,GO:0065007,GO:0065008,GO:0070013,GO:0070828,GO:0070932,GO:0070933,GO:0071103,GO:0071496,GO:0071572,GO:0071704,GO:0071824,GO:0071840,GO:0080090,GO:0080134,GO:0080135,GO:0090304,GO:0098687,GO:0098732,GO:0140096,GO:1901360,GO:1901564,GO:1902377,GO:1902679,GO:1903506,GO:1903507,GO:1990383,GO:1990414,GO:1990421,GO:1990678,GO:1990679,GO:1990707,GO:2000112,GO:2000113,GO:2001020,GO:2001141
OG0007904	HG_7905	
OG0011964	HG_11965	
OG0006932	HG_6933	GO:0000413,GO:0003674,GO:0003755,GO:0003824,GO:0005488,GO:0005515,GO:0005575,GO:0005622,GO:0005623,GO:0005737,GO:0006457,GO:0006464,GO:0006807,GO:0008150,GO:0008152,GO:0009987,GO:0016853,GO:0016859,GO:0018193,GO:0018208,GO:0019538,GO:0032991,GO:0036211,GO:0042026,GO:0043021,GO:0043022,GO:0043170,GO:0043412,GO:0044237,GO:0044238,GO:0044260,GO:0044267,GO:0044424,GO:0044464,GO:0044877,GO:0051082,GO:0071704,GO:0140096,GO:1901564
OG0006159	HG_6160	GO:0005575,GO:0005622,GO:0005623,GO:0005737,GO:0005968,GO:0006464,GO:0006807,GO:0007275,GO:0007423,GO:0008150,GO:0008152,GO:0009987,GO:0018342,GO:0018344,GO:0019538,GO:0032501,GO:0032502,GO:0032991,GO:0036211,GO:0043170,GO:0043412,GO:0044237,GO:0044238,GO:0044260,GO:0044267,GO:0044424,GO:0044444,GO:0044464,GO:0048513,GO:0048731,GO:0048856,GO:0071704,GO:0097354,GO:1901564,GO:1902494,GO:1990234,GO:0000295,GO:0003674,GO:0005215,GO:0005346,GO:0005739,GO:0005740,GO:0005743,GO:0006810,GO:0006811,GO:0006820,GO:0006839,GO:0006862,GO:0008509,GO:0008514,GO:0015075,GO:0015215,GO:0015216,GO:0015605,GO:0015711,GO:0015748,GO:0015865,GO:0015868,GO:0015931,GO:0015932,GO:0016020,GO:0016021,GO:0019866,GO:0022857,GO:0031090,GO:0031224,GO:0031966,GO:0031967,GO:0031975,GO:0034220,GO:0043226,GO:0043227,GO:0043229,GO:0043231,GO:0044422,GO:0044425,GO:0044429,GO:0044446,GO:0046963,GO:0046964,GO:0051179,GO:0051234,GO:0051503,GO:0055085,GO:0071702,GO:0071705,GO:0072348,GO:0072530,GO:0098656,GO:1901264,GO:1901505,GO:1901679,GO:1901682,GO:1902557,GO:1902558,GO:1902559,GO:1990542,GO:1990553,GO:1990554
OG0004378	HG_4379	GO:0000075,GO:0000076,GO:0000278,GO:0000724,GO:0000725,GO:0000727,GO:0000733,GO:0003674,GO:0003676,GO:0003677,GO:0003688,GO:0003690,GO:0003697,GO:0005488,GO:0005575,GO:0005622,GO:0005623,GO:0005634,GO:0005654,GO:0005737,GO:0006139,GO:0006259,GO:0006260,GO:0006261,GO:0006270,GO:0006281,GO:0006302,GO:0006310,GO:0006725,GO:0006807,GO:0006950,GO:0006974,GO:0006996,GO:0007049,GO:0007093,GO:0007346,GO:0008150,GO:0008152,GO:0009058,GO:0009059,GO:0009987,GO:0010389,GO:0010564,GO:0010948,GO:0010972,GO:0016043,GO:0022402,GO:0022607,GO:0031261,GO:0031333,GO:0031570,GO:0031974,GO:0031981,GO:0032392,GO:0032991,GO:0032993,GO:0033260,GO:0033314,GO:0033554,GO:0034622,GO:0034641,GO:0034645,GO:0043170,GO:0043226,GO:0043227,GO:0043229,GO:0043231,GO:0043233,GO:0043254,GO:0043565,GO:0043933,GO:0044085,GO:0044087,GO:0044237,GO:0044238,GO:0044249,GO:0044260,GO:0044422,GO:0044424,GO:0044428,GO:0044446,GO:0044451,GO:0044464,GO:0044774,GO:0044786,GO:0044818,GO:0045786,GO:0045930,GO:0046483,GO:0048519,GO:0048523,GO:0050789,GO:0050794,GO:0050896,GO:0051128,GO:0051129,GO:0051276,GO:0051716,GO:0051726,GO:0065003,GO:0065004,GO:0065007,GO:0070013,GO:0071103,GO:0071163,GO:0071704,GO:0071824,GO:0071840,GO:0090304,GO:0097159,GO:1901360,GO:1901363,GO:1901576,GO:1901987,GO:1901988,GO:1901990,GO:1901991,GO:1902749,GO:1902750,GO:1902969,GO:1902977,GO:1903047,GO:1990837,GO:0000228,GO:0000502,GO:0000785,GO:0000790,GO:0005694,GO:0005829,GO:0005838,GO:0006355,GO:0006357,GO:0006508,GO:0006511,GO:0006984,GO:0006991,GO:0007088,GO:0007154,GO:0007165,GO:0008541,GO:0009056,GO:0009057,GO:0009889,GO:0009891,GO:0009893,GO:0009896,GO:0010467,GO:0010468,GO:0010498,GO:0010556,GO:0010557,GO:0010604,GO:0010628,GO:0010638,GO:0010965,GO:0016485,GO:0019219,GO:0019222,GO:0019538,GO:0019941,GO:0022624,GO:0023052,GO:0030071,GO:0030163,GO:0031323,GO:0031325,GO:0031326,GO:0031328,GO:0031331,GO:0031597,GO:0032270,GO:0032436,GO:0032933,GO:0033043,GO:0033044,GO:0033045,GO:0033047,GO:0034399,GO:0034515,GO:0035103,GO:0043161,GO:0043228,GO:0043232,GO:0043248,GO:0043632,GO:0044248,GO:0044257,GO:0044265,GO:0044267,GO:0044427,GO:0044444,GO:0044445,GO:0044454,GO:0045732,GO:0045787,GO:0045840,GO:0045842,GO:0045862,GO:0045893,GO:0045931,GO:0045935,GO:0045944,GO:0048518,GO:0048522,GO:0051130,GO:0051171,GO:0051173,GO:0051247,GO:0051252,GO:0051254,GO:0051603,GO:0051604,GO:0051781,GO:0051783,GO:0051785,GO:0051983,GO:0051984,GO:0060255,GO:0062033,GO:0071501,GO:0080090,GO:0090068,GO:1901564,GO:1901565,GO:1901575,GO:1901800,GO:1901970,GO:1901989,GO:1901992,GO:1902099,GO:1902101,GO:1902494,GO:1902680,GO:1903052,GO:1903364,GO:1903506,GO:1903508,GO:1905368,GO:1905369,GO:1905818,GO:1905820,GO:2000112,GO:2001141,GO:2001252,GO:0001510,GO:0002939,GO:0003824,GO:0006396,GO:0006399,GO:0006400,GO:0008033,GO:0008168,GO:0008173,GO:0008175,GO:0008757,GO:0009019,GO:0009451,GO:0016070,GO:0016423,GO:0016740,GO:0016741,GO:0030488,GO:0032259,GO:0034470,GO:0034660,GO:0043412,GO:0043414,GO:0052905,GO:0140098,GO:0140101,GO:0000722,GO:0000723,GO:0003678,GO:0004003,GO:0004386,GO:0006312,GO:0006323,GO:0006325,GO:0006333,GO:0006338,GO:0006342,GO:0006348,GO:0006351,GO:0006366,GO:0008026,GO:0008094,GO:0009890,GO:0009892,GO:0010558,GO:0010605,GO:0010629,GO:0010646,GO:0010647,GO:0016458,GO:0016462,GO:0016584,GO:0016787,GO:0016817,GO:0016818,GO:0016887,GO:0017111,GO:0018130,GO:0019438,GO:0031011,GO:0031324,GO:0031327,GO:0031497,GO:0032101,GO:0032103,GO:0032104,GO:0032106,GO:0032107,GO:0032109,GO:0032200,GO:0032508,GO:0032774,GO:0033202,GO:0034654,GO:0034728,GO:0040029,GO:0042592,GO:0042623,GO:0042766,GO:0043044,GO:0043138,GO:0043140,GO:0043486,GO:0043618,GO:0043620,GO:0044271,GO:0045814,GO:0045892,GO:0045934,GO:0048583,GO:0048584,GO:0051172,GO:0051253,GO:0060249,GO:0060303,GO:0065008,GO:0070035,GO:0070603,GO:0080040,GO:0080134,GO:0080135,GO:0097346,GO:0097659,GO:0140097,GO:1901362,GO:1902679,GO:1903507,GO:1904949,GO:2000113
OG0003629	HG_3630	GO:0000288,GO:0000956,GO:0003674,GO:0003676,GO:0003723,GO:0003729,GO:0005488,GO:0006139,GO:0006401,GO:0006402,GO:0006725,GO:0006807,GO:0008150,GO:0008152,GO:0009056,GO:0009057,GO:0009892,GO:0009987,GO:0010468,GO:0010605,GO:0010629,GO:0016070,GO:0016071,GO:0019222,GO:0019439,GO:0034641,GO:0034655,GO:0043170,GO:0044237,GO:0044238,GO:0044248,GO:0044260,GO:0044265,GO:0044270,GO:0046483,GO:0046700,GO:0048519,GO:0050789,GO:0060255,GO:0065007,GO:0071704,GO:0090304,GO:0097159,GO:1901360,GO:1901361,GO:1901363,GO:1901575,GO:0001301,GO:0001302,GO:0001304,GO:0001308,GO:0005575,GO:0005622,GO:0005623,GO:0005737,GO:0006325,GO:0006355,GO:0006417,GO:0006996,GO:0007568,GO:0007569,GO:0008104,GO:0009889,GO:0009890,GO:0009891,GO:0009893,GO:0010556,GO:0010557,GO:0010558,GO:0010604,GO:0010608,GO:0010628,GO:0010639,GO:0016043,GO:0017148,GO:0019219,GO:0031323,GO:0031324,GO:0031325,GO:0031326,GO:0031327,GO:0031328,GO:0031935,GO:0031936,GO:0032268,GO:0032269,GO:0032502,GO:0033036,GO:0033043,GO:0033044,GO:0034248,GO:0034249,GO:0040029,GO:0044424,GO:0044464,GO:0045815,GO:0045893,GO:0045935,GO:0048518,GO:0048522,GO:0048523,GO:0048869,GO:0050794,GO:0051128,GO:0051129,GO:0051171,GO:0051172,GO:0051173,GO:0051179,GO:0051246,GO:0051248,GO:0051252,GO:0051254,GO:0051276,GO:0060968,GO:0060969,GO:0071840,GO:0080090,GO:1902275,GO:1902680,GO:1903506,GO:1903508,GO:1905268,GO:2000112,GO:2000113,GO:2001141,GO:2001251
OG0007455	HG_7456	GO:0000394,GO:0003674,GO:0003824,GO:0006139,GO:0006388,GO:0006396,GO:0006399,GO:0006725,GO:0006793,GO:0006796,GO:0006807,GO:0008033,GO:0008150,GO:0008152,GO:0008380,GO:0009987,GO:0010467,GO:0016070,GO:0016311,GO:0016787,GO:0016788,GO:0016791,GO:0034470,GO:0034641,GO:0034660,GO:0042578,GO:0043170,GO:0044237,GO:0044238,GO:0046483,GO:0071704,GO:0090304,GO:1901360
OG0001807	HG_1808	
OG0010702	HG_10703	
OG0010259	HG_10260	
OG0006169	HG_6170	GO:0000272,GO:0003674,GO:0003824,GO:0004553,GO:0005575,GO:0005576,GO:0005623,GO:0005975,GO:0005976,GO:0006073,GO:0008150,GO:0008152,GO:0008422,GO:0009056,GO:0009057,GO:0009251,GO:0009986,GO:0009987,GO:0015926,GO:0016052,GO:0016787,GO:0016798,GO:0043170,GO:0044042,GO:0044237,GO:0044238,GO:0044260,GO:0044262,GO:0044264,GO:0044464,GO:0046557,GO:0071704,GO:1901575
OG0006508	HG_6509	GO:0000154,GO:0000455,GO:0001522,GO:0003674,GO:0003824,GO:0004730,GO:0005575,GO:0005622,GO:0005623,GO:0005737,GO:0005739,GO:0006139,GO:0006364,GO:0006396,GO:0006725,GO:0006807,GO:0008150,GO:0008152,GO:0009451,GO:0009982,GO:0009987,GO:0010467,GO:0016070,GO:0016072,GO:0016829,GO:0016835,GO:0016836,GO:0016853,GO:0016866,GO:0022613,GO:0031118,GO:0034470,GO:0034641,GO:0034660,GO:0042254,GO:0043170,GO:0043226,GO:0043227,GO:0043229,GO:0043231,GO:0043412,GO:0044085,GO:0044237,GO:0044238,GO:0044424,GO:0044444,GO:0044464,GO:0046483,GO:0071704,GO:0071840,GO:0090304,GO:1901360,GO:0006399,GO:0006400,GO:0008033,GO:0031119
OG0007012	HG_7013	
OG0007682	HG_7683	
OG0004388	HG_4389	GO:0000272,GO:0003674,GO:0003824,GO:0004553,GO:0004567,GO:0005575,GO:0005576,GO:0005975,GO:0005976,GO:0008150,GO:0008152,GO:0009056,GO:0009057,GO:0009987,GO:0010412,GO:0015923,GO:0016052,GO:0016787,GO:0016798,GO:0016985,GO:0016998,GO:0043170,GO:0044036,GO:0044237,GO:0044238,GO:0044247,GO:0044248,GO:0044260,GO:0044262,GO:0044264,GO:0044275,GO:0046355,GO:0071554,GO:0071704,GO:1901575
OG0003551	HG_3552	GO:0000313,GO:0000315,GO:0003674,GO:0003735,GO:0005198,GO:0005575,GO:0005622,GO:0005623,GO:0005737,GO:0005739,GO:0005759,GO:0005761,GO:0005762,GO:0005840,GO:0006412,GO:0006518,GO:0006807,GO:0008150,GO:0008152,GO:0009058,GO:0009059,GO:0009987,GO:0010467,GO:0015934,GO:0019538,GO:0031974,GO:0032543,GO:0032991,GO:0034641,GO:0034645,GO:0043043,GO:0043170,GO:0043226,GO:0043227,GO:0043228,GO:0043229,GO:0043231,GO:0043232,GO:0043233,GO:0043603,GO:0043604,GO:0044237,GO:0044238,GO:0044249,GO:0044260,GO:0044267,GO:0044271,GO:0044391,GO:0044422,GO:0044424,GO:0044429,GO:0044444,GO:0044446,GO:0044464,GO:0070013,GO:0071704,GO:0098798,GO:0140053,GO:1901564,GO:1901566,GO:1901576,GO:1990904
OG0005046	HG_5047	
OG0005005	HG_5006	GO:0000003,GO:0000905,GO:0001896,GO:0003006,GO:0005575,GO:0005622,GO:0005623,GO:0005737,GO:0006725,GO:0007275,GO:0008150,GO:0008152,GO:0008219,GO:0009058,GO:0009403,GO:0009404,GO:0009889,GO:0009891,GO:0009893,GO:0009987,GO:0010720,GO:0010913,GO:0010914,GO:0012501,GO:0018130,GO:0019222,GO:0019438,GO:0019748,GO:0019954,GO:0022414,GO:0030154,GO:0030436,GO:0030582,GO:0030584,GO:0031323,GO:0031325,GO:0031326,GO:0031328,GO:0032501,GO:0032502,GO:0034305,GO:0043385,GO:0043386,GO:0043455,GO:0043934,GO:0043937,GO:0043938,GO:0044237,GO:0044249,GO:0044424,GO:0044464,GO:0044550,GO:0045460,GO:0045461,GO:0045595,GO:0045597,GO:0046483,GO:0048315,GO:0048468,GO:0048518,GO:0048522,GO:0048608,GO:0048731,GO:0048856,GO:0048869,GO:0050789,GO:0050793,GO:0050794,GO:0051094,GO:0060284,GO:0061458,GO:0061794,GO:0065007,GO:0071704,GO:0075259,GO:0075306,GO:0075307,GO:1900376,GO:1900378,GO:1901360,GO:1901362,GO:1901376,GO:1901378,GO:1901576,GO:1903664,GO:1903666
OG0004074	HG_4075	GO:0000272,GO:0003674,GO:0003824,GO:0004553,GO:0005575,GO:0005576,GO:0005975,GO:0005976,GO:0005996,GO:0008150,GO:0008152,GO:0009056,GO:0009057,GO:0009987,GO:0010383,GO:0010410,GO:0016052,GO:0016787,GO:0016798,GO:0019321,GO:0019566,GO:0043170,GO:0044036,GO:0044237,GO:0044238,GO:0044260,GO:0044281,GO:0046373,GO:0046556,GO:0071554,GO:0071704,GO:1901575,GO:2000895
OG0009853	HG_9854	
OG0000062	HG_63	GO:0001676,GO:0003674,GO:0003824,GO:0004467,GO:0005575,GO:0005622,GO:0005623,GO:0005737,GO:0005739,GO:0005777,GO:0006082,GO:0006629,GO:0006631,GO:0008150,GO:0008152,GO:0009987,GO:0015645,GO:0016405,GO:0016874,GO:0016877,GO:0016878,GO:0019752,GO:0031956,GO:0031957,GO:0032787,GO:0042579,GO:0043226,GO:0043227,GO:0043229,GO:0043231,GO:0043436,GO:0044237,GO:0044238,GO:0044255,GO:0044281,GO:0044424,GO:0044444,GO:0044464,GO:0071704
OG0004486	HG_4487	GO:0003674,GO:0003824,GO:0005575,GO:0005622,GO:0005623,GO:0005737,GO:0005829,GO:0006139,GO:0006163,GO:0006725,GO:0006732,GO:0006753,GO:0006793,GO:0006796,GO:0006807,GO:0008150,GO:0008152,GO:0009058,GO:0009116,GO:0009117,GO:0009119,GO:0009141,GO:0009144,GO:0009150,GO:0009199,GO:0009205,GO:0009259,GO:0009987,GO:0016740,GO:0016782,GO:0016783,GO:0018130,GO:0019538,GO:0019637,GO:0019693,GO:0030366,GO:0032324,GO:0034641,GO:0042278,GO:0043170,GO:0043545,GO:0044237,GO:0044238,GO:0044249,GO:0044260,GO:0044267,GO:0044281,GO:0044424,GO:0044444,GO:0044464,GO:0046039,GO:0046128,GO:0046483,GO:0051186,GO:0051188,GO:0051189,GO:0055086,GO:0071704,GO:0072521,GO:0090407,GO:1901068,GO:1901135,GO:1901360,GO:1901362,GO:1901564,GO:1901566,GO:1901576,GO:1901657,GO:0000023,GO:0000272,GO:0004553,GO:0004564,GO:0004575,GO:0005975,GO:0005976,GO:0005984,GO:0009056,GO:0009057,GO:0009311,GO:0015926,GO:0016052,GO:0016787,GO:0016798,GO:0032450,GO:0044247,GO:0044248,GO:0044262,GO:0044264,GO:0044275,GO:0044653,GO:0044654,GO:0090599,GO:1901575
OG0004316	HG_4317	
OG0011977	HG_11978	
OG0006679	HG_6680	GO:0000302,GO:0003674,GO:0003824,GO:0004096,GO:0004601,GO:0005488,GO:0005575,GO:0005622,GO:0005623,GO:0005737,GO:0005739,GO:0005759,GO:0005777,GO:0005782,GO:0006950,GO:0006970,GO:0006979,GO:0008150,GO:0008152,GO:0009056,GO:0009628,GO:0009636,GO:0009651,GO:0009987,GO:0010035,GO:0016209,GO:0016491,GO:0016684,GO:0016999,GO:0017001,GO:0017144,GO:0020037,GO:0031907,GO:0031974,GO:0033554,GO:0034599,GO:0034614,GO:0035690,GO:0042221,GO:0042493,GO:0042542,GO:0042579,GO:0042737,GO:0042743,GO:0042744,GO:0043226,GO:0043227,GO:0043229,GO:0043231,GO:0043233,GO:0044237,GO:0044248,GO:0044422,GO:0044424,GO:0044429,GO:0044438,GO:0044439,GO:0044444,GO:0044446,GO:0044464,GO:0046677,GO:0046906,GO:0048037,GO:0050896,GO:0051186,GO:0051187,GO:0051716,GO:0055114,GO:0061687,GO:0061691,GO:0061692,GO:0070013,GO:0070301,GO:0070887,GO:0071214,GO:0071236,GO:0071470,GO:0071472,GO:0072593,GO:0097159,GO:0097237,GO:0098754,GO:0098869,GO:0104004,GO:1901363,GO:1901700,GO:1901701,GO:1990748,GO:0001306,GO:0001315,GO:0007568,GO:0007571,GO:0032502
OG0000914	HG_915	GO:0000003,GO:0001516,GO:0003006,GO:0003674,GO:0003824,GO:0004601,GO:0006082,GO:0006629,GO:0006631,GO:0006633,GO:0006636,GO:0006690,GO:0006692,GO:0006693,GO:0006725,GO:0006790,GO:0006807,GO:0007049,GO:0008150,GO:0008152,GO:0008610,GO:0009058,GO:0009308,GO:0009403,GO:0009404,GO:0009636,GO:0009653,GO:0009987,GO:0010564,GO:0010948,GO:0016053,GO:0016209,GO:0016491,GO:0016684,GO:0016701,GO:0016702,GO:0016999,GO:0017144,GO:0018130,GO:0019438,GO:0019748,GO:0019752,GO:0019953,GO:0019954,GO:0022402,GO:0022414,GO:0022603,GO:0030154,GO:0030435,GO:0030436,GO:0030653,GO:0031407,GO:0031408,GO:0032502,GO:0032787,GO:0033559,GO:0034293,GO:0034305,GO:0034306,GO:0034641,GO:0042173,GO:0042174,GO:0042221,GO:0042316,GO:0043385,GO:0043386,GO:0043436,GO:0043603,GO:0043900,GO:0043901,GO:0043934,GO:0043935,GO:0043936,GO:0043937,GO:0043938,GO:0043939,GO:0043940,GO:0043942,GO:0043943,GO:0043945,GO:0044106,GO:0044237,GO:0044238,GO:0044249,GO:0044255,GO:0044281,GO:0044283,GO:0044550,GO:0044703,GO:0045460,GO:0045461,GO:0045595,GO:0045596,GO:0045597,GO:0045786,GO:0045881,GO:0046394,GO:0046456,GO:0046457,GO:0046483,GO:0047888,GO:0048518,GO:0048519,GO:0048522,GO:0048523,GO:0048646,GO:0048856,GO:0048869,GO:0050789,GO:0050793,GO:0050794,GO:0050896,GO:0051093,GO:0051094,GO:0051213,GO:0051321,GO:0051445,GO:0051447,GO:0051704,GO:0051716,GO:0051726,GO:0052878,GO:0055114,GO:0065007,GO:0070887,GO:0071704,GO:0072330,GO:0072338,GO:0097237,GO:0098754,GO:0098869,GO:1901360,GO:1901362,GO:1901376,GO:1901378,GO:1901564,GO:1901568,GO:1901570,GO:1901576,GO:1903046,GO:1903664,GO:1903666,GO:1990748,GO:2000241,GO:2000242
OG0005232	HG_5233	GO:0003674,GO:0003824,GO:0004553,GO:0005575,GO:0005576,GO:0008422,GO:0015926,GO:0016787,GO:0016798,GO:0046557
OG0000375	HG_376	
OG0003973	HG_3974	GO:0003674,GO:0003824,GO:0004061,GO:0006139,GO:0006725,GO:0006732,GO:0006733,GO:0006753,GO:0006793,GO:0006796,GO:0006807,GO:0008150,GO:0008152,GO:0009056,GO:0009058,GO:0009108,GO:0009117,GO:0009165,GO:0009435,GO:0009987,GO:0016787,GO:0016810,GO:0016811,GO:0018130,GO:0019359,GO:0019362,GO:0019363,GO:0019438,GO:0019637,GO:0019674,GO:0034641,GO:0034654,GO:0044237,GO:0044238,GO:0044249,GO:0044271,GO:0044281,GO:0046483,GO:0046496,GO:0051186,GO:0051188,GO:0055086,GO:0071704,GO:0072524,GO:0072525,GO:0090407,GO:1901293,GO:1901360,GO:1901362,GO:1901564,GO:1901566,GO:1901576,GO:0000003,GO:0000272,GO:0000746,GO:0000747,GO:0004553,GO:0005575,GO:0005576,GO:0005622,GO:0005623,GO:0005737,GO:0005739,GO:0005740,GO:0005758,GO:0005829,GO:0005856,GO:0005937,GO:0005975,GO:0005976,GO:0006073,GO:0008422,GO:0009057,GO:0009251,GO:0009272,GO:0009986,GO:0010383,GO:0015629,GO:0015926,GO:0016043,GO:0016052,GO:0016798,GO:0019953,GO:0022411,GO:0022414,GO:0030427,GO:0031505,GO:0031967,GO:0031970,GO:0031974,GO:0031975,GO:0034406,GO:0042546,GO:0042995,GO:0043170,GO:0043226,GO:0043227,GO:0043228,GO:0043229,GO:0043231,GO:0043232,GO:0043233,GO:0043332,GO:0044036,GO:0044042,GO:0044085,GO:0044260,GO:0044262,GO:0044264,GO:0044277,GO:0044422,GO:0044424,GO:0044429,GO:0044430,GO:0044444,GO:0044446,GO:0044463,GO:0044464,GO:0044703,GO:0044764,GO:0045229,GO:0046557,GO:0051273,GO:0051286,GO:0051704,GO:0070013,GO:0070871,GO:0070879,GO:0071554,GO:0071555,GO:0071840,GO:0071852,GO:0071853,GO:0071966,GO:0120025,GO:0120038,GO:1901575,GO:1904541,GO:1990819
OG0004043	HG_4044	GO:0006139,GO:0006351,GO:0006354,GO:0006366,GO:0006368,GO:0006403,GO:0006405,GO:0006406,GO:0006611,GO:0006725,GO:0006807,GO:0006810,GO:0006886,GO:0006913,GO:0008104,GO:0008150,GO:0008152,GO:0009058,GO:0009059,GO:0009987,GO:0010467,GO:0015031,GO:0015833,GO:0015931,GO:0016070,GO:0018130,GO:0019438,GO:0031503,GO:0032774,GO:0033036,GO:0034613,GO:0034641,GO:0034645,GO:0034654,GO:0042886,GO:0043170,GO:0044237,GO:0044238,GO:0044249,GO:0044260,GO:0044271,GO:0045184,GO:0046483,GO:0046907,GO:0050657,GO:0050658,GO:0051028,GO:0051168,GO:0051169,GO:0051179,GO:0051234,GO:0051236,GO:0051641,GO:0051649,GO:0070727,GO:0071166,GO:0071426,GO:0071427,GO:0071702,GO:0071704,GO:0071705,GO:0090304,GO:0097659,GO:1901360,GO:1901362,GO:1901576,GO:0000346,GO:0000347,GO:0000445,GO:0000781,GO:0005575,GO:0005622,GO:0005623,GO:0005634,GO:0005654,GO:0005694,GO:0005737,GO:0005829,GO:0006396,GO:0006397,GO:0006950,GO:0008283,GO:0009266,GO:0009408,GO:0009628,GO:0016071,GO:0016604,GO:0016607,GO:0031123,GO:0031124,GO:0031974,GO:0031981,GO:0031990,GO:0032991,GO:0033554,GO:0034605,GO:0043226,GO:0043227,GO:0043228,GO:0043229,GO:0043231,GO:0043232,GO:0043233,GO:0044403,GO:0044417,GO:0044419,GO:0044422,GO:0044424,GO:0044427,GO:0044428,GO:0044444,GO:0044446,GO:0044451,GO:0044464,GO:0044766,GO:0046784,GO:0050896,GO:0051701,GO:0051704,GO:0051716,GO:0051836,GO:0070013,GO:0098687,GO:1902579
OG0007032	HG_7033	
OG0000129	HG_130	GO:0005575,GO:0016020,GO:0000322,GO:0000323,GO:0000324,GO:0003674,GO:0005215,GO:0005351,GO:0005355,GO:0005402,GO:0005622,GO:0005623,GO:0005628,GO:0005737,GO:0005773,GO:0006810,GO:0006811,GO:0006812,GO:0008150,GO:0008324,GO:0008643,GO:0008645,GO:0015075,GO:0015077,GO:0015078,GO:0015144,GO:0015145,GO:0015149,GO:0015291,GO:0015293,GO:0015294,GO:0015295,GO:0015318,GO:0015672,GO:0015749,GO:0016021,GO:0022804,GO:0022857,GO:0022890,GO:0031224,GO:0034219,GO:0034220,GO:0042763,GO:0042764,GO:0043226,GO:0043227,GO:0043229,GO:0043231,GO:0044424,GO:0044425,GO:0044444,GO:0044464,GO:0046323,GO:0051119,GO:0051179,GO:0051234,GO:0055085,GO:0071702,GO:0098655,GO:0098660,GO:0098662,GO:1902600,GO:1904659,GO:0001678,GO:0005488,GO:0005536,GO:0005886,GO:0007154,GO:0007165,GO:0009593,GO:0009730,GO:0009732,GO:0009743,GO:0009746,GO:0009749,GO:0009756,GO:0009757,GO:0009987,GO:0010033,GO:0010182,GO:0010255,GO:0010564,GO:0010639,GO:0010948,GO:0015755,GO:0015761,GO:0019725,GO:0023052,GO:0030246,GO:0033043,GO:0033500,GO:0034284,GO:0034287,GO:0036094,GO:0040020,GO:0042221,GO:0042592,GO:0042593,GO:0045786,GO:0045835,GO:0048029,GO:0048519,GO:0048523,GO:0048878,GO:0050789,GO:0050794,GO:0050896,GO:0051128,GO:0051129,GO:0051445,GO:0051447,GO:0051594,GO:0051606,GO:0051716,GO:0051726,GO:0051783,GO:0051784,GO:0055082,GO:0065007,GO:0065008,GO:0070887,GO:0071310,GO:0071322,GO:0071326,GO:0071331,GO:0071333,GO:0071944,GO:1901700,GO:1901701,GO:2000241,GO:2000242
OG0011972	HG_11973	
OG0010441	HG_10442	GO:0000006,GO:0000041,GO:0003674,GO:0005215,GO:0005385,GO:0005575,GO:0005622,GO:0005623,GO:0005737,GO:0005783,GO:0005886,GO:0005887,GO:0006810,GO:0006811,GO:0006812,GO:0006829,GO:0008150,GO:0008324,GO:0012505,GO:0015075,GO:0015318,GO:0016020,GO:0016021,GO:0022857,GO:0022890,GO:0030001,GO:0031224,GO:0031226,GO:0034220,GO:0043226,GO:0043227,GO:0043229,GO:0043231,GO:0044424,GO:0044425,GO:0044444,GO:0044459,GO:0044464,GO:0046873,GO:0046915,GO:0051179,GO:0051234,GO:0055085,GO:0070838,GO:0071577,GO:0071578,GO:0071944,GO:0072509,GO:0072511,GO:0098655,GO:0098657,GO:0098659,GO:0098660,GO:0098662,GO:0098739,GO:0099587,GO:0000007
OG0004955	HG_4956	
OG0000785	HG_786	GO:0003674,GO:0005215,GO:0005315,GO:0005575,GO:0005623,GO:0005886,GO:0005887,GO:0006810,GO:0006811,GO:0006817,GO:0006820,GO:0008150,GO:0015291,GO:0015318,GO:0015698,GO:0016020,GO:0016021,GO:0022804,GO:0022857,GO:0031224,GO:0031226,GO:0034220,GO:0035435,GO:0044425,GO:0044459,GO:0044464,GO:0051179,GO:0051234,GO:0055085,GO:0071944,GO:0098656,GO:0098660,GO:0098661
OG0001240	HG_1241	GO:0000166,GO:0001882,GO:0001883,GO:0003674,GO:0005049,GO:0005215,GO:0005488,GO:0005525,GO:0005575,GO:0005622,GO:0005623,GO:0005634,GO:0005635,GO:0005643,GO:0005737,GO:0005829,GO:0006403,GO:0006405,GO:0006406,GO:0006606,GO:0006611,GO:0006810,GO:0006886,GO:0006913,GO:0008104,GO:0008150,GO:0008152,GO:0008565,GO:0010467,GO:0012505,GO:0015031,GO:0015833,GO:0015931,GO:0016020,GO:0016021,GO:0017038,GO:0017076,GO:0019001,GO:0031224,GO:0031503,GO:0031967,GO:0031974,GO:0031975,GO:0031981,GO:0032549,GO:0032550,GO:0032553,GO:0032555,GO:0032561,GO:0032991,GO:0033036,GO:0033365,GO:0034399,GO:0034504,GO:0034613,GO:0035639,GO:0036094,GO:0042886,GO:0043167,GO:0043168,GO:0043170,GO:0043226,GO:0043227,GO:0043229,GO:0043231,GO:0043233,GO:0044422,GO:0044424,GO:0044425,GO:0044428,GO:0044444,GO:0044446,GO:0044464,GO:0045184,GO:0046907,GO:0050657,GO:0050658,GO:0051028,GO:0051168,GO:0051169,GO:0051170,GO:0051179,GO:0051234,GO:0051236,GO:0051641,GO:0051649,GO:0061608,GO:0070013,GO:0070727,GO:0071166,GO:0071426,GO:0071427,GO:0071702,GO:0071704,GO:0071705,GO:0072594,GO:0097159,GO:0097367,GO:0140104,GO:0140142,GO:1901265,GO:1901363,GO:0000184,GO:0000288,GO:0000291,GO:0000956,GO:0003676,GO:0003723,GO:0003724,GO:0003729,GO:0003824,GO:0004004,GO:0004386,GO:0005730,GO:0006139,GO:0006401,GO:0006402,GO:0006725,GO:0006807,GO:0006950,GO:0006986,GO:0007154,GO:0007165,GO:0008026,GO:0008186,GO:0009056,GO:0009057,GO:0009892,GO:0009987,GO:0010033,GO:0010468,GO:0010605,GO:0010629,GO:0016070,GO:0016071,GO:0016462,GO:0016787,GO:0016817,GO:0016818,GO:0016887,GO:0017111,GO:0019222,GO:0019439,GO:0023052,GO:0030968,GO:0033554,GO:0034427,GO:0034620,GO:0034641,GO:0034655,GO:0034976,GO:0035966,GO:0035967,GO:0042221,GO:0042623,GO:0043228,GO:0043232,GO:0043928,GO:0044237,GO:0044238,GO:0044248,GO:0044260,GO:0044265,GO:0044270,GO:0046483,GO:0046700,GO:0048519,GO:0050789,GO:0050794,GO:0050896,GO:0051716,GO:0055087,GO:0060255,GO:0065007,GO:0070035,GO:0070478,GO:0070481,GO:0070887,GO:0071310,GO:0090304,GO:0140098,GO:1901360,GO:1901361,GO:1901575
OG0010938	HG_10939	
OG0011270	HG_11271	
OG0000842	HG_843	
OG0004207	HG_4208	GO:0006629,GO:0008150,GO:0008152,GO:0009056,GO:0009987,GO:0016042,GO:0044237,GO:0044238,GO:0044242,GO:0044248,GO:0044255,GO:0071704,GO:1901575,GO:0000288,GO:0000289,GO:0000749,GO:0000932,GO:0000956,GO:0001671,GO:0003674,GO:0005198,GO:0005488,GO:0005515,GO:0005575,GO:0005622,GO:0005623,GO:0005634,GO:0005737,GO:0006139,GO:0006351,GO:0006354,GO:0006355,GO:0006357,GO:0006366,GO:0006368,GO:0006401,GO:0006402,GO:0006417,GO:0006725,GO:0006807,GO:0007124,GO:0008047,GO:0009057,GO:0009058,GO:0009059,GO:0009889,GO:0009890,GO:0009891,GO:0009892,GO:0009893,GO:0010033,GO:0010467,GO:0010468,GO:0010556,GO:0010557,GO:0010558,GO:0010603,GO:0010604,GO:0010605,GO:0010607,GO:0010608,GO:0010628,GO:0010629,GO:0010639,GO:0016049,GO:0016070,GO:0016071,GO:0017148,GO:0018130,GO:0019219,GO:0019222,GO:0019236,GO:0019438,GO:0019439,GO:0030014,GO:0030015,GO:0030234,GO:0030447,GO:0031136,GO:0031137,GO:0031139,GO:0031323,GO:0031324,GO:0031325,GO:0031326,GO:0031327,GO:0031328,GO:0031333,GO:0032268,GO:0032269,GO:0032774,GO:0032781,GO:0032784,GO:0032786,GO:0032947,GO:0032968,GO:0032991,GO:0033043,GO:0034243,GO:0034248,GO:0034249,GO:0034641,GO:0034645,GO:0034654,GO:0034655,GO:0035770,GO:0036464,GO:0040007,GO:0042221,GO:0043085,GO:0043170,GO:0043226,GO:0043227,GO:0043228,GO:0043229,GO:0043231,GO:0043232,GO:0043254,GO:0043462,GO:0043900,GO:0043902,GO:0044087,GO:0044093,GO:0044182,GO:0044249,GO:0044260,GO:0044265,GO:0044270,GO:0044271,GO:0044424,GO:0044444,GO:0044464,GO:0045893,GO:0045935,GO:0045944,GO:0046483,GO:0046700,GO:0046999,GO:0048518,GO:0048519,GO:0048522,GO:0048523,GO:0050789,GO:0050790,GO:0050794,GO:0050896,GO:0051128,GO:0051129,GO:0051171,GO:0051172,GO:0051173,GO:0051246,GO:0051248,GO:0051252,GO:0051254,GO:0051336,GO:0051345,GO:0051716,GO:0051726,GO:0060255,GO:0060589,GO:0060590,GO:0065007,GO:0065009,GO:0070783,GO:0070887,GO:0071310,GO:0071444,GO:0080090,GO:0090304,GO:0097659,GO:0098772,GO:1901360,GO:1901361,GO:1901362,GO:1901576,GO:1902115,GO:1902116,GO:1902680,GO:1903506,GO:1903508,GO:1990904,GO:2000112,GO:2000113,GO:2000241,GO:2000243,GO:2001141,GO:0000226,GO:0003824,GO:0004835,GO:0006464,GO:0006996,GO:0007010,GO:0007017,GO:0016043,GO:0016874,GO:0016879,GO:0016881,GO:0018166,GO:0018193,GO:0018212,GO:0018322,GO:0018410,GO:0019538,GO:0036211,GO:0043412,GO:0043687,GO:0044267,GO:0071840,GO:0140096,GO:1901564
OG0005340	HG_5341	GO:0003674,GO:0003824,GO:0004791,GO:0005575,GO:0005622,GO:0005623,GO:0005737,GO:0005739,GO:0006950,GO:0006979,GO:0008150,GO:0008152,GO:0009636,GO:0009987,GO:0015035,GO:0015036,GO:0016209,GO:0016491,GO:0016651,GO:0016667,GO:0016668,GO:0016671,GO:0019725,GO:0033554,GO:0034599,GO:0042221,GO:0042592,GO:0043226,GO:0043227,GO:0043229,GO:0043231,GO:0044424,GO:0044444,GO:0044464,GO:0045454,GO:0047134,GO:0050789,GO:0050794,GO:0050896,GO:0051716,GO:0055114,GO:0065007,GO:0065008,GO:0070887,GO:0097237,GO:0098754,GO:0098869,GO:1990748,GO:0000011,GO:0000096,GO:0000097,GO:0000103,GO:0000302,GO:0000322,GO:0000323,GO:0000324,GO:0005634,GO:0005740,GO:0005758,GO:0005773,GO:0005829,GO:0006082,GO:0006464,GO:0006518,GO:0006520,GO:0006555,GO:0006575,GO:0006749,GO:0006790,GO:0006807,GO:0006810,GO:0006888,GO:0006890,GO:0006996,GO:0007033,GO:0008652,GO:0009056,GO:0009058,GO:0009066,GO:0009067,GO:0009086,GO:0010035,GO:0016043,GO:0016053,GO:0016192,GO:0016999,GO:0017001,GO:0017144,GO:0019379,GO:0019419,GO:0019538,GO:0019752,GO:0031967,GO:0031970,GO:0031974,GO:0031975,GO:0034614,GO:0034641,GO:0035690,GO:0036211,GO:0042144,GO:0042493,GO:0042542,GO:0042737,GO:0042743,GO:0042744,GO:0043094,GO:0043102,GO:0043170,GO:0043233,GO:0043412,GO:0043436,GO:0043603,GO:0044237,GO:0044238,GO:0044248,GO:0044249,GO:0044260,GO:0044267,GO:0044272,GO:0044281,GO:0044283,GO:0044422,GO:0044429,GO:0044446,GO:0046394,GO:0046677,GO:0046907,GO:0048193,GO:0048284,GO:0048308,GO:0048518,GO:0048522,GO:0048583,GO:0048584,GO:0051179,GO:0051186,GO:0051187,GO:0051234,GO:0051641,GO:0051649,GO:0061024,GO:0061025,GO:0061687,GO:0061691,GO:0061692,GO:0070013,GO:0070301,GO:0071236,GO:0071265,GO:0071267,GO:0071704,GO:0071840,GO:0072593,GO:0080058,GO:0080134,GO:0080135,GO:0097576,GO:1900407,GO:1900409,GO:1901564,GO:1901566,GO:1901576,GO:1901605,GO:1901607,GO:1901700,GO:1901701,GO:1902882,GO:1902884,GO:1990355,GO:0000313,GO:0000314,GO:0003735,GO:0005198,GO:0005759,GO:0005761,GO:0005763,GO:0005840,GO:0006412,GO:0009059,GO:0010467,GO:0015935,GO:0032543,GO:0032991,GO:0034645,GO:0043043,GO:0043228,GO:0043232,GO:0043604,GO:0044271,GO:0044391,GO:0098798,GO:0140053,GO:1990904
OG0004836	HG_4837	GO:0000375,GO:0000377,GO:0000387,GO:0000398,GO:0005575,GO:0005622,GO:0005623,GO:0005634,GO:0006139,GO:0006396,GO:0006397,GO:0006725,GO:0006807,GO:0008150,GO:0008152,GO:0008380,GO:0009987,GO:0010467,GO:0016043,GO:0016070,GO:0016071,GO:0022607,GO:0022613,GO:0022618,GO:0034622,GO:0034641,GO:0043170,GO:0043226,GO:0043227,GO:0043229,GO:0043231,GO:0043933,GO:0044085,GO:0044237,GO:0044238,GO:0044424,GO:0044464,GO:0046483,GO:0065003,GO:0071704,GO:0071826,GO:0071840,GO:0090304,GO:1901360,GO:0000502,GO:0005737,GO:0005829,GO:0005839,GO:0006508,GO:0006511,GO:0007088,GO:0007346,GO:0009056,GO:0009057,GO:0009896,GO:0010498,GO:0010499,GO:0010564,GO:0010638,GO:0010965,GO:0012505,GO:0016020,GO:0019538,GO:0019773,GO:0019941,GO:0030071,GO:0030163,GO:0031331,GO:0031597,GO:0032270,GO:0032436,GO:0032991,GO:0033043,GO:0033044,GO:0033045,GO:0033047,GO:0034515,GO:0042175,GO:0043161,GO:0043632,GO:0044248,GO:0044257,GO:0044260,GO:0044265,GO:0044267,GO:0044444,GO:0044445,GO:0045732,GO:0045787,GO:0045840,GO:0045842,GO:0045862,GO:0045931,GO:0048518,GO:0048522,GO:0050789,GO:0050794,GO:0051128,GO:0051130,GO:0051247,GO:0051603,GO:0051726,GO:0051781,GO:0051783,GO:0051785,GO:0051983,GO:0051984,GO:0062033,GO:0065007,GO:0090068,GO:1901564,GO:1901565,GO:1901575,GO:1901800,GO:1901970,GO:1901987,GO:1901989,GO:1901990,GO:1901992,GO:1902099,GO:1902101,GO:1902494,GO:1903052,GO:1903364,GO:1905368,GO:1905369,GO:1905818,GO:1905820,GO:2001252
OG0006812	HG_6813	GO:0000003,GO:0000272,GO:0003006,GO:0005575,GO:0005618,GO:0005619,GO:0005623,GO:0005631,GO:0005975,GO:0005976,GO:0006022,GO:0006026,GO:0006030,GO:0006032,GO:0006037,GO:0006039,GO:0006040,GO:0006807,GO:0007049,GO:0008150,GO:0008152,GO:0009056,GO:0009057,GO:0009272,GO:0009277,GO:0009653,GO:0009987,GO:0010383,GO:0010927,GO:0016043,GO:0016052,GO:0016998,GO:0017144,GO:0019953,GO:0022402,GO:0022411,GO:0022413,GO:0022414,GO:0022607,GO:0030154,GO:0030312,GO:0030435,GO:0030437,GO:0030476,GO:0031160,GO:0031505,GO:0032502,GO:0032505,GO:0032989,GO:0034218,GO:0034232,GO:0034293,GO:0042244,GO:0042546,GO:0042737,GO:0043170,GO:0043934,GO:0043935,GO:0044036,GO:0044085,GO:0044237,GO:0044238,GO:0044247,GO:0044248,GO:0044260,GO:0044262,GO:0044264,GO:0044275,GO:0044277,GO:0044426,GO:0044462,GO:0044464,GO:0044703,GO:0045229,GO:0046348,GO:0048468,GO:0048646,GO:0048856,GO:0048869,GO:0051321,GO:0051704,GO:0070590,GO:0070591,GO:0070726,GO:0070910,GO:0071554,GO:0071555,GO:0071704,GO:0071840,GO:0071852,GO:0071853,GO:0071854,GO:0071940,GO:0071944,GO:0071966,GO:1901071,GO:1901072,GO:1901135,GO:1901136,GO:1901564,GO:1901565,GO:1901575,GO:1903046
OG0005576	HG_5577	
OG0008477	HG_8478	GO:0000003,GO:0000070,GO:0000228,GO:0000278,GO:0000280,GO:0000775,GO:0000776,GO:0000777,GO:0000778,GO:0000779,GO:0000780,GO:0000793,GO:0000794,GO:0000819,GO:0005575,GO:0005622,GO:0005623,GO:0005634,GO:0005694,GO:0006996,GO:0007049,GO:0007059,GO:0007080,GO:0007127,GO:0008150,GO:0008608,GO:0009987,GO:0016043,GO:0022402,GO:0022414,GO:0031617,GO:0031974,GO:0031981,GO:0032991,GO:0043226,GO:0043227,GO:0043228,GO:0043229,GO:0043231,GO:0043232,GO:0043233,GO:0044422,GO:0044424,GO:0044427,GO:0044428,GO:0044446,GO:0044454,GO:0044464,GO:0045132,GO:0045143,GO:0048285,GO:0050000,GO:0051179,GO:0051234,GO:0051276,GO:0051303,GO:0051310,GO:0051315,GO:0051316,GO:0051321,GO:0051455,GO:0051640,GO:0051641,GO:0051649,GO:0051656,GO:0061982,GO:0070013,GO:0071840,GO:0098687,GO:0098813,GO:0140013,GO:0140014,GO:1903046,GO:1903047
OG0007769	HG_7770	
OG0000720	HG_721	
OG0003462	HG_3463	GO:0003674,GO:0003824,GO:0005575,GO:0005622,GO:0005623,GO:0005634,GO:0005737,GO:0005783,GO:0005886,GO:0006464,GO:0006508,GO:0006807,GO:0008150,GO:0008152,GO:0009987,GO:0012505,GO:0016020,GO:0016579,GO:0016787,GO:0019538,GO:0036211,GO:0043170,GO:0043226,GO:0043227,GO:0043229,GO:0043231,GO:0043412,GO:0044237,GO:0044238,GO:0044260,GO:0044267,GO:0044424,GO:0044444,GO:0044464,GO:0070646,GO:0070647,GO:0071108,GO:0071704,GO:0071944,GO:0101005,GO:0140096,GO:1901564,GO:1990380
OG0011931	HG_11932	GO:0000414,GO:0000988,GO:0000989,GO:0000990,GO:0000991,GO:0001076,GO:0003674,GO:0005575,GO:0005622,GO:0005623,GO:0005634,GO:0005654,GO:0006139,GO:0006325,GO:0006342,GO:0006348,GO:0006351,GO:0006354,GO:0006355,GO:0006357,GO:0006366,GO:0006368,GO:0006403,GO:0006405,GO:0006406,GO:0006611,GO:0006725,GO:0006807,GO:0006810,GO:0006886,GO:0006913,GO:0006996,GO:0008023,GO:0008104,GO:0008150,GO:0008152,GO:0009058,GO:0009059,GO:0009889,GO:0009890,GO:0009892,GO:0009987,GO:0010467,GO:0010468,GO:0010556,GO:0010558,GO:0010605,GO:0010629,GO:0010793,GO:0015031,GO:0015833,GO:0015931,GO:0016043,GO:0016070,GO:0016458,GO:0016973,GO:0018130,GO:0019219,GO:0019222,GO:0019438,GO:0030702,GO:0031056,GO:0031060,GO:0031323,GO:0031324,GO:0031326,GO:0031327,GO:0031399,GO:0031503,GO:0031974,GO:0031981,GO:0032239,GO:0032268,GO:0032386,GO:0032774,GO:0032784,GO:0032879,GO:0032880,GO:0032991,GO:0033036,GO:0033043,GO:0033044,GO:0033157,GO:0034243,GO:0034613,GO:0034641,GO:0034645,GO:0034654,GO:0034728,GO:0040029,GO:0042886,GO:0043170,GO:0043226,GO:0043227,GO:0043229,GO:0043231,GO:0043233,GO:0043933,GO:0043954,GO:0044237,GO:0044238,GO:0044249,GO:0044260,GO:0044271,GO:0044422,GO:0044424,GO:0044428,GO:0044446,GO:0044451,GO:0044464,GO:0045184,GO:0045814,GO:0045892,GO:0045934,GO:0046483,GO:0046822,GO:0046825,GO:0046831,GO:0046907,GO:0048519,GO:0048523,GO:0050657,GO:0050658,GO:0050684,GO:0050789,GO:0050794,GO:0051028,GO:0051049,GO:0051128,GO:0051168,GO:0051169,GO:0051171,GO:0051172,GO:0051179,GO:0051223,GO:0051234,GO:0051236,GO:0051246,GO:0051252,GO:0051253,GO:0051276,GO:0051641,GO:0051649,GO:0060255,GO:0060303,GO:0060341,GO:0065007,GO:0065008,GO:0070013,GO:0070201,GO:0070727,GO:0070827,GO:0071166,GO:0071426,GO:0071427,GO:0071702,GO:0071704,GO:0071705,GO:0071824,GO:0071840,GO:0080090,GO:0090087,GO:0090304,GO:0097659,GO:0140110,GO:1901360,GO:1901362,GO:1901576,GO:1902275,GO:1902679,GO:1903311,GO:1903506,GO:1903507,GO:1903827,GO:2000112,GO:2000113,GO:2000197,GO:2001141,GO:2001253
OG0008977	HG_8978	GO:0000294,GO:0000469,GO:0000478,GO:0000956,GO:0003674,GO:0003676,GO:0003723,GO:0003725,GO:0003824,GO:0004518,GO:0004519,GO:0004521,GO:0004525,GO:0004540,GO:0005488,GO:0005575,GO:0005622,GO:0005623,GO:0005634,GO:0005654,GO:0005730,GO:0006139,GO:0006325,GO:0006351,GO:0006353,GO:0006364,GO:0006366,GO:0006369,GO:0006396,GO:0006401,GO:0006402,GO:0006725,GO:0006807,GO:0006996,GO:0008150,GO:0008152,GO:0009056,GO:0009057,GO:0009058,GO:0009059,GO:0009303,GO:0009892,GO:0009987,GO:0010033,GO:0010467,GO:0010468,GO:0010605,GO:0010608,GO:0010629,GO:0014070,GO:0016043,GO:0016070,GO:0016071,GO:0016072,GO:0016073,GO:0016074,GO:0016180,GO:0016246,GO:0016441,GO:0016458,GO:0016787,GO:0016788,GO:0016891,GO:0016893,GO:0018130,GO:0019222,GO:0019438,GO:0019439,GO:0022613,GO:0030422,GO:0030847,GO:0031047,GO:0031050,GO:0031053,GO:0031054,GO:0031123,GO:0031974,GO:0031981,GO:0032296,GO:0032774,GO:0033967,GO:0033979,GO:0034470,GO:0034472,GO:0034473,GO:0034474,GO:0034475,GO:0034476,GO:0034641,GO:0034645,GO:0034654,GO:0034655,GO:0034660,GO:0034963,GO:0034964,GO:0035194,GO:0035195,GO:0035196,GO:0035613,GO:0040029,GO:0042221,GO:0042254,GO:0043144,GO:0043170,GO:0043226,GO:0043227,GO:0043228,GO:0043229,GO:0043231,GO:0043232,GO:0043233,GO:0043331,GO:0043628,GO:0044085,GO:0044237,GO:0044238,GO:0044248,GO:0044249,GO:0044260,GO:0044265,GO:0044270,GO:0044271,GO:0044422,GO:0044424,GO:0044428,GO:0044446,GO:0044464,GO:0046483,GO:0046700,GO:0048519,GO:0050789,GO:0050794,GO:0050896,GO:0051128,GO:0051276,GO:0051716,GO:0060237,GO:0060255,GO:0065007,GO:0070013,GO:0070887,GO:0070918,GO:0071310,GO:0071359,GO:0071407,GO:0071704,GO:0071840,GO:0090304,GO:0090305,GO:0090501,GO:0090502,GO:0097159,GO:0097659,GO:0098781,GO:0140098,GO:1901360,GO:1901361,GO:1901362,GO:1901363,GO:1901575,GO:1901576,GO:1901698,GO:1901699,GO:1903338
OG0001002	HG_1003	GO:0000188,GO:0001932,GO:0001933,GO:0003674,GO:0003824,GO:0004721,GO:0004722,GO:0004724,GO:0006464,GO:0006469,GO:0006470,GO:0006793,GO:0006796,GO:0006807,GO:0006950,GO:0006970,GO:0008150,GO:0008152,GO:0009628,GO:0009892,GO:0009966,GO:0009968,GO:0009987,GO:0010563,GO:0010605,GO:0010646,GO:0010648,GO:0016311,GO:0016787,GO:0016788,GO:0016791,GO:0019220,GO:0019222,GO:0019538,GO:0023051,GO:0023057,GO:0031323,GO:0031324,GO:0031399,GO:0031400,GO:0032268,GO:0032269,GO:0032872,GO:0032873,GO:0033549,GO:0033554,GO:0033673,GO:0036211,GO:0042325,GO:0042326,GO:0042578,GO:0043086,GO:0043170,GO:0043405,GO:0043407,GO:0043408,GO:0043409,GO:0043412,GO:0043549,GO:0044092,GO:0044237,GO:0044238,GO:0044260,GO:0044267,GO:0045859,GO:0045936,GO:0048519,GO:0048523,GO:0048583,GO:0048585,GO:0050789,GO:0050790,GO:0050794,GO:0050896,GO:0051171,GO:0051172,GO:0051174,GO:0051246,GO:0051248,GO:0051338,GO:0051348,GO:0051716,GO:0060255,GO:0065007,GO:0065009,GO:0070302,GO:0070303,GO:0071214,GO:0071470,GO:0071704,GO:0071900,GO:0071901,GO:0080090,GO:0080134,GO:0080135,GO:0104004,GO:0140096,GO:1900034,GO:1901564,GO:1902531,GO:1902532,GO:1990439
OG0008163	HG_8164	GO:0003674,GO:0003824,GO:0005488,GO:0005507,GO:0005575,GO:0005622,GO:0005623,GO:0005737,GO:0006807,GO:0006873,GO:0006875,GO:0006878,GO:0008131,GO:0008150,GO:0008152,GO:0009056,GO:0009308,GO:0009310,GO:0009636,GO:0009987,GO:0016491,GO:0016638,GO:0016641,GO:0019725,GO:0030003,GO:0042221,GO:0042592,GO:0042763,GO:0042764,GO:0043167,GO:0043169,GO:0044424,GO:0044464,GO:0046872,GO:0046914,GO:0046916,GO:0048037,GO:0048038,GO:0048878,GO:0050801,GO:0050896,GO:0051716,GO:0055065,GO:0055070,GO:0055076,GO:0055080,GO:0055082,GO:0055114,GO:0065007,GO:0065008,GO:0070887,GO:0071704,GO:0071941,GO:0097237,GO:0098754,GO:0098771,GO:1901564,GO:1901565,GO:1901575,GO:1990748
OG0006687	HG_6688	
OG0000073	HG_74	GO:0003674,GO:0003824,GO:0008150,GO:0008152,GO:0016491,GO:0055114,GO:0005575,GO:0005622,GO:0005623,GO:0009056,GO:0044464,GO:0071704,GO:1901575
OG0009852	HG_9853	
OG0008710	HG_8711	GO:0000775,GO:0005575,GO:0005622,GO:0005623,GO:0005694,GO:0006323,GO:0006325,GO:0006333,GO:0006334,GO:0006336,GO:0006338,GO:0006996,GO:0008104,GO:0008150,GO:0009987,GO:0016043,GO:0022607,GO:0031055,GO:0031497,GO:0033036,GO:0033365,GO:0034080,GO:0034502,GO:0034506,GO:0034508,GO:0034613,GO:0034622,GO:0034724,GO:0034728,GO:0043044,GO:0043226,GO:0043228,GO:0043229,GO:0043232,GO:0043486,GO:0043933,GO:0044085,GO:0044422,GO:0044424,GO:0044427,GO:0044446,GO:0044464,GO:0051179,GO:0051276,GO:0051382,GO:0051383,GO:0051641,GO:0061641,GO:0065003,GO:0065004,GO:0070727,GO:0070925,GO:0071103,GO:0071459,GO:0071824,GO:0071840,GO:0098687
OG0003689	HG_3690	GO:0000075,GO:0000278,GO:0001100,GO:0003674,GO:0005085,GO:0005088,GO:0005488,GO:0005515,GO:0005575,GO:0005623,GO:0005933,GO:0006810,GO:0007049,GO:0007088,GO:0007093,GO:0007096,GO:0007346,GO:0008104,GO:0008150,GO:0009987,GO:0010564,GO:0010639,GO:0010948,GO:0010965,GO:0016192,GO:0017016,GO:0019899,GO:0022402,GO:0030071,GO:0031267,GO:0031577,GO:0031578,GO:0033036,GO:0033043,GO:0033044,GO:0033045,GO:0033046,GO:0033047,GO:0033048,GO:0033365,GO:0034613,GO:0044380,GO:0044464,GO:0045786,GO:0045839,GO:0045841,GO:0045930,GO:0048519,GO:0048523,GO:0050789,GO:0050794,GO:0051020,GO:0051128,GO:0051129,GO:0051179,GO:0051234,GO:0051641,GO:0051726,GO:0051783,GO:0051784,GO:0051983,GO:0051985,GO:0061492,GO:0061510,GO:0065007,GO:0065009,GO:0070727,GO:0071174,GO:0071988,GO:0072698,GO:0098772,GO:1901987,GO:1901988,GO:1901990,GO:1901991,GO:1902099,GO:1902100,GO:1902440,GO:1903047,GO:1905508,GO:1905818,GO:1905819,GO:2000816,GO:2001251
OG0010267	HG_10268	GO:0000123,GO:0005575,GO:0005622,GO:0005623,GO:0005634,GO:0005654,GO:0005671,GO:0006325,GO:0006338,GO:0006464,GO:0006473,GO:0006475,GO:0006807,GO:0006996,GO:0008150,GO:0008152,GO:0009987,GO:0016043,GO:0016569,GO:0016570,GO:0016573,GO:0018193,GO:0018205,GO:0018393,GO:0018394,GO:0019538,GO:0031248,GO:0031974,GO:0031981,GO:0032991,GO:0036211,GO:0043170,GO:0043226,GO:0043227,GO:0043229,GO:0043231,GO:0043233,GO:0043412,GO:0043543,GO:0043966,GO:0043967,GO:0044237,GO:0044238,GO:0044260,GO:0044267,GO:0044422,GO:0044424,GO:0044428,GO:0044446,GO:0044451,GO:0044464,GO:0051276,GO:0070013,GO:0071704,GO:0071840,GO:1901564,GO:1902493,GO:1902494,GO:1902562,GO:1990234
OG0007474	HG_7475	
OG0011283	HG_11284	
OG0007298	HG_7299	GO:0000003,GO:0000123,GO:0000228,GO:0000280,GO:0000785,GO:0000790,GO:0003674,GO:0003676,GO:0003677,GO:0005488,GO:0005575,GO:0005622,GO:0005623,GO:0005634,GO:0005654,GO:0005694,GO:0006139,GO:0006259,GO:0006281,GO:0006325,GO:0006464,GO:0006473,GO:0006475,GO:0006725,GO:0006807,GO:0006950,GO:0006974,GO:0006996,GO:0007049,GO:0007127,GO:0008150,GO:0008152,GO:0009987,GO:0016043,GO:0016569,GO:0016570,GO:0016573,GO:0018193,GO:0018205,GO:0018393,GO:0018394,GO:0019538,GO:0022402,GO:0022414,GO:0031248,GO:0031974,GO:0031981,GO:0032991,GO:0033554,GO:0034641,GO:0035267,GO:0036211,GO:0043170,GO:0043189,GO:0043226,GO:0043227,GO:0043228,GO:0043229,GO:0043231,GO:0043232,GO:0043233,GO:0043412,GO:0043543,GO:0044237,GO:0044238,GO:0044260,GO:0044267,GO:0044422,GO:0044424,GO:0044427,GO:0044428,GO:0044446,GO:0044451,GO:0044454,GO:0044464,GO:0046483,GO:0048285,GO:0050896,GO:0051276,GO:0051321,GO:0051716,GO:0061982,GO:0070013,GO:0071704,GO:0071840,GO:0090304,GO:0097159,GO:0140013,GO:1901360,GO:1901363,GO:1901564,GO:1902493,GO:1902494,GO:1902562,GO:1903046,GO:1990234
OG0000096	HG_97	GO:0003674,GO:0003824,GO:0003959,GO:0005575,GO:0005622,GO:0005623,GO:0005634,GO:0005737,GO:0005739,GO:0006807,GO:0006915,GO:0008150,GO:0008152,GO:0008219,GO:0009058,GO:0009636,GO:0009709,GO:0009820,GO:0009821,GO:0009987,GO:0012501,GO:0016491,GO:0016645,GO:0016646,GO:0016651,GO:0019748,GO:0034641,GO:0035834,GO:0035835,GO:0035836,GO:0035837,GO:0042221,GO:0043226,GO:0043227,GO:0043229,GO:0043231,GO:0044237,GO:0044249,GO:0044271,GO:0044424,GO:0044444,GO:0044464,GO:0044550,GO:0046447,GO:0050896,GO:0051716,GO:0055114,GO:0070887,GO:0071704,GO:0097237,GO:0098754,GO:1901564,GO:1901566,GO:1901576,GO:1990748
OG0001053	HG_1054	
OG0008173	HG_8174	
OG0010690	HG_10691	GO:0000151,GO:0001654,GO:0001754,GO:0003407,GO:0003674,GO:0003712,GO:0003713,GO:0005488,GO:0005515,GO:0005575,GO:0005622,GO:0005623,GO:0005634,GO:0005654,GO:0005667,GO:0005730,GO:0005737,GO:0005829,GO:0006139,GO:0006351,GO:0006352,GO:0006355,GO:0006357,GO:0006366,GO:0006367,GO:0006464,GO:0006725,GO:0006807,GO:0007275,GO:0007399,GO:0007406,GO:0007423,GO:0008150,GO:0008152,GO:0008285,GO:0009058,GO:0009059,GO:0009653,GO:0009719,GO:0009725,GO:0009887,GO:0009889,GO:0009891,GO:0009893,GO:0009987,GO:0010033,GO:0010467,GO:0010468,GO:0010556,GO:0010557,GO:0010604,GO:0010721,GO:0014070,GO:0016070,GO:0016567,GO:0016592,GO:0018130,GO:0019219,GO:0019222,GO:0019438,GO:0019538,GO:0019827,GO:0022008,GO:0030154,GO:0030182,GO:0031323,GO:0031325,GO:0031326,GO:0031328,GO:0031974,GO:0031981,GO:0032446,GO:0032501,GO:0032502,GO:0032774,GO:0032870,GO:0032991,GO:0033993,GO:0034641,GO:0034645,GO:0034654,GO:0035075,GO:0036211,GO:0036314,GO:0036315,GO:0042127,GO:0042221,GO:0042461,GO:0042462,GO:0042670,GO:0043010,GO:0043170,GO:0043226,GO:0043227,GO:0043228,GO:0043229,GO:0043231,GO:0043232,GO:0043233,GO:0043412,GO:0043457,GO:0043467,GO:0044237,GO:0044238,GO:0044249,GO:0044260,GO:0044267,GO:0044271,GO:0044422,GO:0044424,GO:0044428,GO:0044444,GO:0044446,GO:0044451,GO:0044464,GO:0045595,GO:0045596,GO:0045935,GO:0046483,GO:0046530,GO:0046549,GO:0048468,GO:0048513,GO:0048518,GO:0048519,GO:0048522,GO:0048523,GO:0048592,GO:0048593,GO:0048666,GO:0048699,GO:0048731,GO:0048856,GO:0048869,GO:0050767,GO:0050768,GO:0050789,GO:0050793,GO:0050794,GO:0050896,GO:0051093,GO:0051171,GO:0051173,GO:0051239,GO:0051241,GO:0051252,GO:0051254,GO:0051716,GO:0051960,GO:0051961,GO:0060041,GO:0060042,GO:0060219,GO:0060255,GO:0060284,GO:0065007,GO:0070013,GO:0070647,GO:0070887,GO:0071310,GO:0071390,GO:0071396,GO:0071407,GO:0071495,GO:0071704,GO:0072091,GO:0080090,GO:0090304,GO:0090596,GO:0097305,GO:0097306,GO:0097659,GO:0098727,GO:0140110,GO:1901360,GO:1901362,GO:1901564,GO:1901576,GO:1901654,GO:1901655,GO:1901700,GO:1901701,GO:1902494,GO:1902680,GO:1902692,GO:1903506,GO:1903508,GO:1990234,GO:2000026,GO:2000112,GO:2000177,GO:2000178,GO:2000647,GO:2001141
OG0006615	HG_6616	GO:0005575,GO:0005622,GO:0005623,GO:0005737,GO:0005739,GO:0005740,GO:0006996,GO:0007005,GO:0008150,GO:0009987,GO:0016020,GO:0016021,GO:0016043,GO:0022607,GO:0031090,GO:0031224,GO:0031300,GO:0031301,GO:0031966,GO:0031967,GO:0031975,GO:0032592,GO:0033615,GO:0034622,GO:0043226,GO:0043227,GO:0043229,GO:0043231,GO:0043461,GO:0043933,GO:0044085,GO:0044422,GO:0044424,GO:0044425,GO:0044429,GO:0044444,GO:0044446,GO:0044455,GO:0044464,GO:0065003,GO:0070071,GO:0071840,GO:0098573
OG0005467	HG_5468	
OG0011962	HG_11963	
OG0004325	HG_4326	GO:0000313,GO:0000315,GO:0003674,GO:0003735,GO:0005198,GO:0005575,GO:0005622,GO:0005623,GO:0005737,GO:0005739,GO:0005759,GO:0005761,GO:0005762,GO:0005840,GO:0006412,GO:0006518,GO:0006807,GO:0008150,GO:0008152,GO:0009058,GO:0009059,GO:0009987,GO:0010467,GO:0015934,GO:0019538,GO:0031974,GO:0032543,GO:0032991,GO:0034641,GO:0034645,GO:0043043,GO:0043170,GO:0043226,GO:0043227,GO:0043228,GO:0043229,GO:0043231,GO:0043232,GO:0043233,GO:0043603,GO:0043604,GO:0044237,GO:0044238,GO:0044249,GO:0044260,GO:0044267,GO:0044271,GO:0044391,GO:0044422,GO:0044424,GO:0044429,GO:0044444,GO:0044446,GO:0044464,GO:0070013,GO:0071704,GO:0098798,GO:0140053,GO:1901564,GO:1901566,GO:1901576,GO:1990904,GO:0005096,GO:0005488,GO:0005515,GO:0006810,GO:0006886,GO:0008047,GO:0008104,GO:0012505,GO:0015031,GO:0015833,GO:0016192,GO:0017016,GO:0017137,GO:0019899,GO:0030234,GO:0030695,GO:0031267,GO:0031338,GO:0032879,GO:0033036,GO:0033043,GO:0034613,GO:0042886,GO:0043085,GO:0043087,GO:0043547,GO:0044093,GO:0045184,GO:0046907,GO:0050789,GO:0050790,GO:0050794,GO:0051020,GO:0051049,GO:0051128,GO:0051179,GO:0051234,GO:0051336,GO:0051345,GO:0051641,GO:0051649,GO:0060589,GO:0060627,GO:0065007,GO:0065009,GO:0070727,GO:0071702,GO:0071705,GO:0090630,GO:0098772
OG0006166	HG_6167	
OG0005370	HG_5371	GO:0000123,GO:0000724,GO:0000725,GO:0005575,GO:0005622,GO:0005623,GO:0005634,GO:0005654,GO:0005671,GO:0006139,GO:0006259,GO:0006281,GO:0006302,GO:0006310,GO:0006325,GO:0006464,GO:0006473,GO:0006475,GO:0006725,GO:0006807,GO:0006950,GO:0006974,GO:0006996,GO:0008150,GO:0008152,GO:0009987,GO:0016043,GO:0016569,GO:0016570,GO:0016573,GO:0018193,GO:0018205,GO:0018393,GO:0018394,GO:0019538,GO:0031248,GO:0031974,GO:0031981,GO:0032991,GO:0033554,GO:0034641,GO:0036211,GO:0043170,GO:0043226,GO:0043227,GO:0043229,GO:0043231,GO:0043233,GO:0043412,GO:0043543,GO:0044237,GO:0044238,GO:0044260,GO:0044267,GO:0044422,GO:0044424,GO:0044428,GO:0044446,GO:0044451,GO:0044464,GO:0046483,GO:0050896,GO:0051276,GO:0051716,GO:0070013,GO:0071704,GO:0071840,GO:0090304,GO:1901360,GO:1901564,GO:1902493,GO:1902494,GO:1902562,GO:1990234,GO:1990414,GO:0000075,GO:0000226,GO:0000278,GO:0000956,GO:0000972,GO:0000973,GO:0003674,GO:0003676,GO:0003723,GO:0003729,GO:0005488,GO:0005635,GO:0005643,GO:0005737,GO:0005739,GO:0005815,GO:0005816,GO:0005856,GO:0005938,GO:0006355,GO:0006357,GO:0006401,GO:0006402,GO:0006403,GO:0006405,GO:0006406,GO:0006606,GO:0006611,GO:0006810,GO:0006886,GO:0006913,GO:0007010,GO:0007017,GO:0007049,GO:0007088,GO:0007093,GO:0007094,GO:0007346,GO:0008104,GO:0008298,GO:0009056,GO:0009057,GO:0009607,GO:0009719,GO:0009889,GO:0009891,GO:0009892,GO:0009893,GO:0010467,GO:0010468,GO:0010556,GO:0010557,GO:0010564,GO:0010604,GO:0010605,GO:0010628,GO:0010629,GO:0010639,GO:0010948,GO:0010965,GO:0012505,GO:0015031,GO:0015630,GO:0015833,GO:0015931,GO:0016020,GO:0016021,GO:0016070,GO:0016071,GO:0016973,GO:0017038,GO:0019219,GO:0019222,GO:0019439,GO:0022402,GO:0030071,GO:0031023,GO:0031097,GO:0031224,GO:0031323,GO:0031325,GO:0031326,GO:0031328,GO:0031503,GO:0031577,GO:0031967,GO:0031975,GO:0032153,GO:0032155,GO:0033036,GO:0033043,GO:0033044,GO:0033045,GO:0033046,GO:0033047,GO:0033048,GO:0033365,GO:0034397,GO:0034398,GO:0034399,GO:0034504,GO:0034613,GO:0034655,GO:0042886,GO:0043021,GO:0043228,GO:0043232,GO:0044248,GO:0044265,GO:0044270,GO:0044425,GO:0044430,GO:0044444,GO:0044448,GO:0044615,GO:0044877,GO:0045184,GO:0045786,GO:0045839,GO:0045841,GO:0045893,GO:0045930,GO:0045935,GO:0045944,GO:0046700,GO:0046907,GO:0048518,GO:0048519,GO:0048522,GO:0048523,GO:0050000,GO:0050657,GO:0050658,GO:0050789,GO:0050794,GO:0051028,GO:0051128,GO:0051129,GO:0051168,GO:0051169,GO:0051170,GO:0051171,GO:0051173,GO:0051179,GO:0051234,GO:0051236,GO:0051252,GO:0051254,GO:0051300,GO:0051640,GO:0051641,GO:0051649,GO:0051726,GO:0051783,GO:0051784,GO:0051983,GO:0051985,GO:0060255,GO:0065007,GO:0070727,GO:0071025,GO:0071027,GO:0071028,GO:0071030,GO:0071033,GO:0071048,GO:0071166,GO:0071173,GO:0071174,GO:0071216,GO:0071426,GO:0071427,GO:0071495,GO:0071702,GO:0071705,GO:0071944,GO:0072396,GO:0072414,GO:0072417,GO:0072476,GO:0072479,GO:0072485,GO:0072594,GO:0080090,GO:0090202,GO:0090203,GO:0090204,GO:0090435,GO:0090579,GO:0097159,GO:0099568,GO:0099738,GO:1901361,GO:1901363,GO:1901575,GO:1901925,GO:1901987,GO:1901988,GO:1901990,GO:1901991,GO:1902099,GO:1902100,GO:1902680,GO:1903047,GO:1903506,GO:1903508,GO:1905818,GO:1905819,GO:2000112,GO:2000816,GO:2001141,GO:2001251
OG0007984	HG_7985	
OG0007170	HG_7171	
OG0006795	HG_6796	GO:0000003,GO:0000122,GO:0000165,GO:0000228,GO:0000280,GO:0000302,GO:0000775,GO:0000776,GO:0000785,GO:0000790,GO:0000791,GO:0000792,GO:0000922,GO:0000976,GO:0000977,GO:0000978,GO:0000981,GO:0000982,GO:0000987,GO:0001012,GO:0001046,GO:0001047,GO:0001067,GO:0001078,GO:0001101,GO:0001161,GO:0001162,GO:0001227,GO:0001228,GO:0001654,GO:0001701,GO:0001817,GO:0001818,GO:0001890,GO:0001892,GO:0001932,GO:0001934,GO:0002119,GO:0002164,GO:0002237,GO:0002376,GO:0002673,GO:0003006,GO:0003008,GO:0003674,GO:0003676,GO:0003677,GO:0003682,GO:0003690,GO:0003697,GO:0003700,GO:0003712,GO:0003713,GO:0003714,GO:0005488,GO:0005515,GO:0005516,GO:0005575,GO:0005622,GO:0005623,GO:0005634,GO:0005654,GO:0005694,GO:0005700,GO:0005737,GO:0005813,GO:0005815,GO:0005819,GO:0005829,GO:0005856,GO:0006139,GO:0006282,GO:0006325,GO:0006351,GO:0006355,GO:0006357,GO:0006366,GO:0006464,GO:0006468,GO:0006482,GO:0006725,GO:0006793,GO:0006796,GO:0006807,GO:0006950,GO:0006952,GO:0006955,GO:0006979,GO:0006986,GO:0006996,GO:0007049,GO:0007143,GO:0007154,GO:0007165,GO:0007275,GO:0007276,GO:0007283,GO:0007292,GO:0007346,GO:0007423,GO:0007565,GO:0007568,GO:0007600,GO:0007601,GO:0008150,GO:0008152,GO:0008214,GO:0008284,GO:0008285,GO:0008340,GO:0009058,GO:0009059,GO:0009266,GO:0009299,GO:0009314,GO:0009408,GO:0009416,GO:0009605,GO:0009607,GO:0009617,GO:0009620,GO:0009628,GO:0009635,GO:0009636,GO:0009719,GO:0009725,GO:0009790,GO:0009791,GO:0009792,GO:0009889,GO:0009890,GO:0009891,GO:0009892,GO:0009893,GO:0009894,GO:0009896,GO:0009966,GO:0009967,GO:0009987,GO:0010033,GO:0010035,GO:0010038,GO:0010212,GO:0010243,GO:0010259,GO:0010332,GO:0010467,GO:0010468,GO:0010556,GO:0010557,GO:0010558,GO:0010562,GO:0010564,GO:0010604,GO:0010605,GO:0010628,GO:0010629,GO:0010646,GO:0010647,GO:0010656,GO:0010660,GO:0010662,GO:0010664,GO:0010665,GO:0010667,GO:0010941,GO:0010942,GO:0010950,GO:0010952,GO:0014070,GO:0015630,GO:0016043,GO:0016070,GO:0016071,GO:0016310,GO:0016569,GO:0016570,GO:0016577,GO:0016604,GO:0016605,GO:0016607,GO:0017085,GO:0018130,GO:0019219,GO:0019220,GO:0019222,GO:0019438,GO:0019538,GO:0019899,GO:0019900,GO:0019901,GO:0019902,GO:0019903,GO:0019953,GO:0022402,GO:0022412,GO:0022414,GO:0022607,GO:0023014,GO:0023051,GO:0023052,GO:0023056,GO:0030154,GO:0030162,GO:0031072,GO:0031323,GO:0031324,GO:0031325,GO:0031326,GO:0031327,GO:0031328,GO:0031329,GO:0031331,GO:0031347,GO:0031396,GO:0031397,GO:0031399,GO:0031400,GO:0031401,GO:0031440,GO:0031442,GO:0031490,GO:0031620,GO:0031647,GO:0031650,GO:0031974,GO:0031981,GO:0032092,GO:0032101,GO:0032268,GO:0032269,GO:0032270,GO:0032355,GO:0032496,GO:0032501,GO:0032502,GO:0032504,GO:0032680,GO:0032720,GO:0032774,GO:0032870,GO:0032991,GO:0033169,GO:0033554,GO:0033574,GO:0033993,GO:0034599,GO:0034605,GO:0034614,GO:0034620,GO:0034622,GO:0034641,GO:0034645,GO:0034654,GO:0035556,GO:0035690,GO:0035770,GO:0035966,GO:0035967,GO:0036003,GO:0036211,GO:0040008,GO:0040014,GO:0040018,GO:0040024,GO:0042127,GO:0042221,GO:0042325,GO:0042327,GO:0042493,GO:0042509,GO:0042531,GO:0042542,GO:0042742,GO:0042802,GO:0042803,GO:0042981,GO:0043009,GO:0043010,GO:0043065,GO:0043066,GO:0043067,GO:0043068,GO:0043069,GO:0043085,GO:0043170,GO:0043200,GO:0043207,GO:0043226,GO:0043227,GO:0043228,GO:0043229,GO:0043231,GO:0043232,GO:0043233,GO:0043280,GO:0043281,GO:0043388,GO:0043393,GO:0043412,GO:0043434,GO:0043497,GO:0043565,GO:0043618,GO:0043620,GO:0043621,GO:0043933,GO:0044085,GO:0044087,GO:0044089,GO:0044093,GO:0044212,GO:0044213,GO:0044237,GO:0044238,GO:0044249,GO:0044260,GO:0044267,GO:0044271,GO:0044422,GO:0044424,GO:0044427,GO:0044428,GO:0044430,GO:0044444,GO:0044446,GO:0044451,GO:0044454,GO:0044464,GO:0044703,GO:0044706,GO:0045087,GO:0045120,GO:0045595,GO:0045597,GO:0045738,GO:0045787,GO:0045862,GO:0045892,GO:0045893,GO:0045927,GO:0045931,GO:0045934,GO:0045935,GO:0045937,GO:0045944,GO:0046425,GO:0046427,GO:0046483,GO:0046677,GO:0046685,GO:0046686,GO:0046688,GO:0046982,GO:0046983,GO:0048232,GO:0048285,GO:0048468,GO:0048471,GO:0048513,GO:0048518,GO:0048519,GO:0048522,GO:0048523,GO:0048568,GO:0048583,GO:0048584,GO:0048585,GO:0048608,GO:0048609,GO:0048638,GO:0048639,GO:0048731,GO:0048856,GO:0048869,GO:0050684,GO:0050685,GO:0050727,GO:0050730,GO:0050731,GO:0050789,GO:0050790,GO:0050793,GO:0050794,GO:0050821,GO:0050829,GO:0050832,GO:0050877,GO:0050896,GO:0050953,GO:0051052,GO:0051053,GO:0051054,GO:0051094,GO:0051098,GO:0051099,GO:0051101,GO:0051128,GO:0051129,GO:0051130,GO:0051171,GO:0051172,GO:0051173,GO:0051174,GO:0051239,GO:0051240,GO:0051241,GO:0051246,GO:0051247,GO:0051248,GO:0051252,GO:0051253,GO:0051254,GO:0051259,GO:0051260,GO:0051276,GO:0051321,GO:0051336,GO:0051345,GO:0051704,GO:0051707,GO:0051716,GO:0051726,GO:0051879,GO:0052547,GO:0052548,GO:0060136,GO:0060255,GO:0060548,GO:0061408,GO:0061458,GO:0061770,GO:0065003,GO:0065007,GO:0065008,GO:0065009,GO:0070013,GO:0070076,GO:0070206,GO:0070207,GO:0070301,GO:0070887,GO:0070988,GO:0071214,GO:0071229,GO:0071230,GO:0071236,GO:0071241,GO:0071243,GO:0071248,GO:0071276,GO:0071280,GO:0071310,GO:0071375,GO:0071392,GO:0071396,GO:0071407,GO:0071417,GO:0071478,GO:0071479,GO:0071480,GO:0071495,GO:0071704,GO:0071840,GO:0072686,GO:0072737,GO:0072738,GO:0080090,GO:0080134,GO:0080135,GO:0090068,GO:0090083,GO:0090084,GO:0090261,GO:0090304,GO:0097159,GO:0097165,GO:0097237,GO:0097327,GO:0097431,GO:0097659,GO:0097677,GO:0098542,GO:0098687,GO:0098847,GO:0104004,GO:0140013,GO:0140110,GO:1900034,GO:1900117,GO:1900119,GO:1900363,GO:1900365,GO:1901214,GO:1901215,GO:1901360,GO:1901362,GO:1901363,GO:1901564,GO:1901576,GO:1901652,GO:1901653,GO:1901654,GO:1901698,GO:1901699,GO:1901700,GO:1901701,GO:1901987,GO:1901989,GO:1902074,GO:1902075,GO:1902510,GO:1902512,GO:1902531,GO:1902533,GO:1902679,GO:1902680,GO:1902749,GO:1902751,GO:1902806,GO:1902808,GO:1903046,GO:1903311,GO:1903313,GO:1903320,GO:1903321,GO:1903506,GO:1903507,GO:1903508,GO:1903555,GO:1903556,GO:1903624,GO:1903626,GO:1903935,GO:1903936,GO:1904385,GO:1904526,GO:1904528,GO:1904892,GO:1904894,GO:1990776,GO:1990837,GO:1990841,GO:1990904,GO:2000112,GO:2000113,GO:2000116,GO:2000779,GO:2000780,GO:2001020,GO:2001021,GO:2001032,GO:2001033,GO:2001056,GO:2001141
OG0000006	HG_7	
OG0000020	HG_21	
OG0008466	HG_8467	
OG0000420	HG_421	GO:0000302,GO:0000303,GO:0000305,GO:0003674,GO:0003824,GO:0004364,GO:0004601,GO:0004602,GO:0005575,GO:0005622,GO:0005623,GO:0005634,GO:0005737,GO:0005739,GO:0005829,GO:0006464,GO:0006518,GO:0006575,GO:0006749,GO:0006790,GO:0006801,GO:0006807,GO:0006950,GO:0006979,GO:0008150,GO:0008152,GO:0009636,GO:0009987,GO:0010035,GO:0010731,GO:0015035,GO:0015036,GO:0015037,GO:0015038,GO:0016209,GO:0016491,GO:0016667,GO:0016684,GO:0016740,GO:0016765,GO:0019430,GO:0019538,GO:0019725,GO:0033554,GO:0034599,GO:0034614,GO:0034641,GO:0036211,GO:0042221,GO:0042592,GO:0043170,GO:0043226,GO:0043227,GO:0043229,GO:0043231,GO:0043412,GO:0043603,GO:0044237,GO:0044238,GO:0044260,GO:0044267,GO:0044424,GO:0044444,GO:0044464,GO:0045454,GO:0050789,GO:0050794,GO:0050896,GO:0051186,GO:0051716,GO:0055114,GO:0065007,GO:0065008,GO:0070887,GO:0071450,GO:0071451,GO:0071704,GO:0072593,GO:0097237,GO:0098754,GO:0098869,GO:1901564,GO:1901700,GO:1901701,GO:1990748,GO:0000322,GO:0000323,GO:0000324,GO:0004362,GO:0005488,GO:0005506,GO:0005515,GO:0005773,GO:0005783,GO:0005789,GO:0005794,GO:0005796,GO:0005801,GO:0012505,GO:0016020,GO:0016021,GO:0016651,GO:0016668,GO:0031224,GO:0031974,GO:0031984,GO:0042175,GO:0042802,GO:0042803,GO:0043167,GO:0043169,GO:0043233,GO:0044422,GO:0044425,GO:0044431,GO:0044432,GO:0044446,GO:0046872,GO:0046914,GO:0046983,GO:0048037,GO:0051536,GO:0051537,GO:0051540,GO:0070013,GO:0098827,GO:0000003,GO:0000166,GO:0000741,GO:0000742,GO:0000743,GO:0000746,GO:0000747,GO:0000749,GO:0000750,GO:0000754,GO:0000909,GO:0001664,GO:0003006,GO:0003008,GO:0003924,GO:0005102,GO:0005159,GO:0005768,GO:0005834,GO:0005886,GO:0006082,GO:0006725,GO:0006810,GO:0006928,GO:0006996,GO:0006997,GO:0007017,GO:0007018,GO:0007097,GO:0007154,GO:0007165,GO:0007186,GO:0007187,GO:0007188,GO:0007189,GO:0007191,GO:0007212,GO:0007275,GO:0007600,GO:0007606,GO:0009058,GO:0009308,GO:0009403,GO:0009404,GO:0009889,GO:0009891,GO:0009893,GO:0009898,GO:0009966,GO:0009967,GO:0010033,GO:0010565,GO:0010646,GO:0010647,GO:0010913,GO:0010970,GO:0016043,GO:0016053,GO:0016462,GO:0016787,GO:0016817,GO:0016818,GO:0016999,GO:0017000,GO:0017076,GO:0017111,GO:0017144,GO:0018130,GO:0019001,GO:0019222,GO:0019236,GO:0019438,GO:0019748,GO:0019752,GO:0019897,GO:0019898,GO:0019932,GO:0019933,GO:0019935,GO:0019953,GO:0019954,GO:0022414,GO:0023051,GO:0023052,GO:0023056,GO:0023058,GO:0030154,GO:0030436,GO:0030473,GO:0030582,GO:0030584,GO:0030653,GO:0030654,GO:0030705,GO:0031136,GO:0031137,GO:0031139,GO:0031234,GO:0031323,GO:0031325,GO:0031326,GO:0031328,GO:0031410,GO:0031628,GO:0031683,GO:0031690,GO:0031698,GO:0031748,GO:0031852,GO:0031982,GO:0032005,GO:0032386,GO:0032501,GO:0032502,GO:0032787,GO:0032879,GO:0032880,GO:0032991,GO:0033157,GO:0033238,GO:0033240,GO:0033244,GO:0033246,GO:0034248,GO:0034250,GO:0034305,GO:0035254,GO:0035255,GO:0035556,GO:0035690,GO:0036094,GO:0042316,GO:0042318,GO:0042493,GO:0042762,GO:0043085,GO:0043087,GO:0043385,GO:0043386,GO:0043436,GO:0043455,GO:0043547,GO:0043604,GO:0043900,GO:0043902,GO:0043934,GO:0043937,GO:0043949,GO:0043950,GO:0044093,GO:0044106,GO:0044249,GO:0044271,GO:0044272,GO:0044281,GO:0044283,GO:0044459,GO:0044550,GO:0044703,GO:0044764,GO:0044877,GO:0045460,GO:0045461,GO:0045595,GO:0046394,GO:0046483,GO:0046822,GO:0046825,GO:0046907,GO:0046999,GO:0048017,GO:0048284,GO:0048315,GO:0048468,GO:0048518,GO:0048522,GO:0048583,GO:0048584,GO:0048608,GO:0048731,GO:0048856,GO:0048869,GO:0050780,GO:0050790,GO:0050793,GO:0050877,GO:0051049,GO:0051171,GO:0051173,GO:0051176,GO:0051179,GO:0051223,GO:0051234,GO:0051336,GO:0051345,GO:0051427,GO:0051428,GO:0051429,GO:0051430,GO:0051640,GO:0051641,GO:0051647,GO:0051649,GO:0051656,GO:0051704,GO:0060284,GO:0060341,GO:0061458,GO:0061794,GO:0062012,GO:0062013,GO:0065009,GO:0070201,GO:0071310,GO:0071444,GO:0071701,GO:0071840,GO:0071855,GO:0071875,GO:0071880,GO:0071944,GO:0072330,GO:0072338,GO:0072339,GO:0072384,GO:0075259,GO:0075306,GO:0090087,GO:0097159,GO:0097708,GO:0098552,GO:0098562,GO:0098796,GO:0098797,GO:0099111,GO:1900196,GO:1900198,GO:1900376,GO:1900378,GO:1901265,GO:1901360,GO:1901362,GO:1901363,GO:1901376,GO:1901378,GO:1901566,GO:1901576,GO:1902494,GO:1902531,GO:1902533,GO:1903664,GO:1903827,GO:1905360,GO:2000241,GO:2000243,GO:0005635,GO:0010467,GO:0016226,GO:0022607,GO:0031090,GO:0031163,GO:0031965,GO:0031967,GO:0031975,GO:0044085,GO:0044428,GO:0044572,GO:0051604,GO:0002181,GO:0003676,GO:0003723,GO:0003735,GO:0005198,GO:0005840,GO:0006412,GO:0009059,GO:0015934,GO:0022625,GO:0022626,GO:0034645,GO:0043043,GO:0043228,GO:0043232,GO:0044391,GO:0044445,GO:1990904
OG0000314	HG_315	
OG0004747	HG_4748	
OG0004191	HG_4192	GO:0000245,GO:0000354,GO:0000375,GO:0000377,GO:0000384,GO:0000395,GO:0000398,GO:0003674,GO:0003676,GO:0003723,GO:0003724,GO:0003824,GO:0004004,GO:0004386,GO:0005488,GO:0005575,GO:0005622,GO:0005623,GO:0005634,GO:0005681,GO:0005682,GO:0005730,GO:0005737,GO:0006139,GO:0006376,GO:0006396,GO:0006397,GO:0006725,GO:0006807,GO:0008026,GO:0008150,GO:0008152,GO:0008186,GO:0008380,GO:0009987,GO:0010467,GO:0010501,GO:0016043,GO:0016070,GO:0016071,GO:0016462,GO:0016787,GO:0016817,GO:0016818,GO:0016887,GO:0017111,GO:0022607,GO:0022613,GO:0022618,GO:0030532,GO:0031974,GO:0031981,GO:0032991,GO:0034622,GO:0034641,GO:0042623,GO:0043170,GO:0043226,GO:0043227,GO:0043228,GO:0043229,GO:0043231,GO:0043232,GO:0043233,GO:0043933,GO:0044085,GO:0044237,GO:0044238,GO:0044422,GO:0044424,GO:0044428,GO:0044446,GO:0044464,GO:0045292,GO:0046483,GO:0065003,GO:0070013,GO:0070035,GO:0071013,GO:0071704,GO:0071826,GO:0071840,GO:0090304,GO:0097159,GO:0097525,GO:0120114,GO:0140098,GO:1901360,GO:1901363,GO:1902494,GO:1990904,GO:0000313,GO:0000315,GO:0003735,GO:0005198,GO:0005739,GO:0005759,GO:0005761,GO:0005762,GO:0005840,GO:0006412,GO:0006518,GO:0009058,GO:0009059,GO:0015934,GO:0019538,GO:0032543,GO:0034645,GO:0043043,GO:0043603,GO:0043604,GO:0044249,GO:0044260,GO:0044267,GO:0044271,GO:0044391,GO:0044429,GO:0044444,GO:0098798,GO:0140053,GO:1901564,GO:1901566,GO:1901576
