OG	HG	GOs
OG0006940	HG_6941	GO:0008150,GO:0008152,GO:0009058,GO:0019748,GO:0044550
OG0007092	HG_7093	GO:0000252,GO:0003674,GO:0003824,GO:0005575,GO:0005622,GO:0005623,GO:0005737,GO:0005783,GO:0005789,GO:0006066,GO:0006629,GO:0006694,GO:0006696,GO:0008150,GO:0008152,GO:0008202,GO:0008204,GO:0008610,GO:0009058,GO:0009987,GO:0012505,GO:0016020,GO:0016125,GO:0016126,GO:0016128,GO:0016129,GO:0016491,GO:0016614,GO:0016616,GO:0031984,GO:0042175,GO:0043226,GO:0043227,GO:0043229,GO:0043231,GO:0044107,GO:0044108,GO:0044237,GO:0044238,GO:0044249,GO:0044255,GO:0044281,GO:0044283,GO:0044422,GO:0044424,GO:0044425,GO:0044432,GO:0044444,GO:0044446,GO:0044464,GO:0046165,GO:0055114,GO:0071704,GO:0097384,GO:0098827,GO:1901360,GO:1901362,GO:1901576,GO:1901615,GO:1901617,GO:1902652,GO:1902653
OG0005839	HG_5840	
OG0024868	HG_24869	
OG0007463	HG_7464	GO:0001671,GO:0003674,GO:0005488,GO:0005515,GO:0005575,GO:0005622,GO:0005623,GO:0005634,GO:0005737,GO:0005739,GO:0005740,GO:0005741,GO:0006457,GO:0006605,GO:0006626,GO:0006810,GO:0006839,GO:0006886,GO:0006996,GO:0007005,GO:0008047,GO:0008104,GO:0008150,GO:0009987,GO:0015031,GO:0015833,GO:0016020,GO:0016021,GO:0016043,GO:0017038,GO:0019867,GO:0030150,GO:0030234,GO:0030544,GO:0031072,GO:0031090,GO:0031224,GO:0031300,GO:0031301,GO:0031306,GO:0031307,GO:0031966,GO:0031967,GO:0031968,GO:0031975,GO:0032592,GO:0032781,GO:0033036,GO:0033365,GO:0034613,GO:0042886,GO:0043085,GO:0043226,GO:0043227,GO:0043229,GO:0043231,GO:0043462,GO:0044093,GO:0044422,GO:0044424,GO:0044425,GO:0044429,GO:0044444,GO:0044446,GO:0044455,GO:0044464,GO:0044743,GO:0045184,GO:0046907,GO:0050790,GO:0051179,GO:0051234,GO:0051336,GO:0051345,GO:0051641,GO:0051649,GO:0055085,GO:0060589,GO:0060590,GO:0065002,GO:0065007,GO:0065009,GO:0070585,GO:0070727,GO:0071702,GO:0071705,GO:0071806,GO:0071840,GO:0072594,GO:0072655,GO:0098573,GO:0098588,GO:0098772,GO:0098805,GO:1990542,GO:0000144,GO:0000399,GO:0000921,GO:0005856,GO:0005933,GO:0005935,GO:0005938,GO:0005940,GO:0007010,GO:0022607,GO:0030427,GO:0030674,GO:0031106,GO:0032153,GO:0032155,GO:0032156,GO:0032161,GO:0032185,GO:0034622,GO:0043228,GO:0043232,GO:0043933,GO:0044085,GO:0044430,GO:0044448,GO:0060090,GO:0065003,GO:0070925,GO:0071944,GO:0099568
OG0005261	HG_5262	GO:0000166,GO:0003674,GO:0003824,GO:0004672,GO:0004674,GO:0005488,GO:0005524,GO:0005575,GO:0005622,GO:0005623,GO:0005737,GO:0005739,GO:0005979,GO:0006109,GO:0006417,GO:0006464,GO:0006468,GO:0006793,GO:0006796,GO:0006807,GO:0008144,GO:0008150,GO:0008152,GO:0009889,GO:0009890,GO:0009892,GO:0009987,GO:0010468,GO:0010556,GO:0010558,GO:0010605,GO:0010608,GO:0010629,GO:0010675,GO:0010677,GO:0010906,GO:0010962,GO:0016301,GO:0016310,GO:0016740,GO:0016772,GO:0016773,GO:0017076,GO:0017148,GO:0019222,GO:0019538,GO:0023052,GO:0030554,GO:0031323,GO:0031324,GO:0031326,GO:0031327,GO:0032268,GO:0032269,GO:0032553,GO:0032555,GO:0032559,GO:0032878,GO:0032881,GO:0032885,GO:0032950,GO:0032951,GO:0034248,GO:0034249,GO:0035639,GO:0036094,GO:0036211,GO:0043167,GO:0043168,GO:0043170,GO:0043226,GO:0043227,GO:0043229,GO:0043231,GO:0043255,GO:0043412,GO:0043467,GO:0044237,GO:0044238,GO:0044260,GO:0044267,GO:0044424,GO:0044444,GO:0044464,GO:0045719,GO:0045912,GO:0048519,GO:0048523,GO:0050789,GO:0050794,GO:0051171,GO:0051172,GO:0051246,GO:0051248,GO:0060255,GO:0060917,GO:0062012,GO:0065007,GO:0070873,GO:0070874,GO:0071704,GO:0080090,GO:0097159,GO:0097367,GO:0140096,GO:1901265,GO:1901363,GO:1901564,GO:2000112,GO:2000113,GO:2000765,GO:2000766,GO:0004693,GO:0006355,GO:0006357,GO:0007346,GO:0019219,GO:0051252,GO:0051726,GO:0097472,GO:1903506,GO:2001141,GO:0000003,GO:0000132,GO:0000226,GO:0000278,GO:0000578,GO:0000902,GO:0000904,GO:0001654,GO:0001655,GO:0001667,GO:0001709,GO:0001725,GO:0001738,GO:0001745,GO:0001754,GO:0001763,GO:0001817,GO:0001819,GO:0001822,GO:0001838,GO:0001841,GO:0001932,GO:0001933,GO:0001934,GO:0001952,GO:0001954,GO:0002009,GO:0002052,GO:0002064,GO:0002252,GO:0002376,GO:0002682,GO:0002684,GO:0002694,GO:0002696,GO:0002697,GO:0002699,GO:0002700,GO:0002702,GO:0002703,GO:0002705,GO:0002706,GO:0002708,GO:0002709,GO:0002711,GO:0002718,GO:0002720,GO:0002724,GO:0002726,GO:0002791,GO:0002793,GO:0002819,GO:0002821,GO:0002822,GO:0002824,GO:0002828,GO:0002830,GO:0003002,GO:0003006,GO:0003008,GO:0003382,GO:0004697,GO:0005515,GO:0005543,GO:0005576,GO:0005634,GO:0005635,GO:0005654,GO:0005815,GO:0005829,GO:0005856,GO:0005886,GO:0005911,GO:0005912,GO:0005913,GO:0005915,GO:0005923,GO:0005938,GO:0006582,GO:0006605,GO:0006612,GO:0006725,GO:0006810,GO:0006886,GO:0006900,GO:0006928,GO:0006950,GO:0006952,GO:0006955,GO:0006996,GO:0007010,GO:0007015,GO:0007017,GO:0007018,GO:0007043,GO:0007049,GO:0007097,GO:0007154,GO:0007163,GO:0007165,GO:0007166,GO:0007167,GO:0007169,GO:0007178,GO:0007179,GO:0007275,GO:0007276,GO:0007281,GO:0007283,GO:0007292,GO:0007293,GO:0007294,GO:0007308,GO:0007309,GO:0007314,GO:0007350,GO:0007351,GO:0007389,GO:0007399,GO:0007405,GO:0007416,GO:0007417,GO:0007420,GO:0007423,GO:0007424,GO:0007430,GO:0007498,GO:0007502,GO:0007507,GO:0007548,GO:0007610,GO:0007611,GO:0007613,GO:0007616,GO:0008078,GO:0008092,GO:0008104,GO:0008219,GO:0008283,GO:0008284,GO:0008286,GO:0008289,GO:0008356,GO:0008358,GO:0008406,GO:0008593,GO:0008595,GO:0009605,GO:0009607,GO:0009611,GO:0009620,GO:0009653,GO:0009719,GO:0009725,GO:0009790,GO:0009792,GO:0009798,GO:0009880,GO:0009887,GO:0009888,GO:0009893,GO:0009948,GO:0009952,GO:0009966,GO:0009967,GO:0009968,GO:0009994,GO:0010033,GO:0010243,GO:0010517,GO:0010518,GO:0010562,GO:0010563,GO:0010591,GO:0010592,GO:0010604,GO:0010623,GO:0010646,GO:0010647,GO:0010648,GO:0010720,GO:0010810,GO:0010811,GO:0010827,GO:0010828,GO:0010941,GO:0010942,GO:0010970,GO:0010975,GO:0010976,GO:0012501,GO:0012505,GO:0014013,GO:0014015,GO:0015031,GO:0015459,GO:0015629,GO:0015630,GO:0015833,GO:0016020,GO:0016043,GO:0016049,GO:0016050,GO:0016192,GO:0016247,GO:0016324,GO:0016327,GO:0016331,GO:0016332,GO:0016333,GO:0016334,GO:0016363,GO:0016477,GO:0017022,GO:0017145,GO:0018105,GO:0018193,GO:0018209,GO:0018958,GO:0019220,GO:0019748,GO:0019899,GO:0019900,GO:0019901,GO:0019904,GO:0019953,GO:0021550,GO:0021591,GO:0021700,GO:0021744,GO:0021915,GO:0022008,GO:0022402,GO:0022407,GO:0022409,GO:0022412,GO:0022414,GO:0022603,GO:0022607,GO:0023051,GO:0023056,GO:0023057,GO:0030010,GO:0030011,GO:0030029,GO:0030030,GO:0030031,GO:0030036,GO:0030054,GO:0030154,GO:0030155,GO:0030182,GO:0030424,GO:0030705,GO:0030706,GO:0030716,GO:0030855,GO:0030856,GO:0030859,GO:0030860,GO:0030863,GO:0030864,GO:0030902,GO:0031175,GO:0031224,GO:0031226,GO:0031252,GO:0031325,GO:0031333,GO:0031344,GO:0031346,GO:0031399,GO:0031400,GO:0031401,GO:0031503,GO:0031532,GO:0031584,GO:0031644,GO:0031646,GO:0031967,GO:0031974,GO:0031975,GO:0031981,GO:0031982,GO:0032147,GO:0032148,GO:0032270,GO:0032432,GO:0032501,GO:0032502,GO:0032504,GO:0032653,GO:0032656,GO:0032673,GO:0032674,GO:0032733,GO:0032736,GO:0032753,GO:0032754,GO:0032868,GO:0032869,GO:0032870,GO:0032879,GO:0032880,GO:0032989,GO:0032990,GO:0032991,GO:0033036,GO:0033267,GO:0033674,GO:0034097,GO:0034329,GO:0034330,GO:0034331,GO:0034332,GO:0034333,GO:0034334,GO:0034350,GO:0034351,GO:0034399,GO:0034613,GO:0034629,GO:0034762,GO:0034764,GO:0035003,GO:0035006,GO:0035010,GO:0035011,GO:0035050,GO:0035088,GO:0035089,GO:0035090,GO:0035148,GO:0035239,GO:0035282,GO:0035295,GO:0035556,GO:0035748,GO:0035778,GO:0035845,GO:0035850,GO:0036445,GO:0036477,GO:0039014,GO:0039019,GO:0039020,GO:0040001,GO:0040007,GO:0040011,GO:0042127,GO:0042221,GO:0042325,GO:0042326,GO:0042327,GO:0042391,GO:0042440,GO:0042461,GO:0042462,GO:0042476,GO:0042641,GO:0042886,GO:0042981,GO:0042995,GO:0043005,GO:0043009,GO:0043010,GO:0043025,GO:0043065,GO:0043066,GO:0043067,GO:0043068,GO:0043069,GO:0043085,GO:0043086,GO:0043203,GO:0043207,GO:0043209,GO:0043218,GO:0043220,GO:0043228,GO:0043232,GO:0043233,GO:0043254,GO:0043274,GO:0043296,GO:0043297,GO:0043370,GO:0043372,GO:0043408,GO:0043410,GO:0043434,GO:0043523,GO:0043524,GO:0043549,GO:0043560,GO:0043933,GO:0043954,GO:0044057,GO:0044085,GO:0044087,GO:0044089,GO:0044092,GO:0044093,GO:0044297,GO:0044421,GO:0044422,GO:0044425,GO:0044428,GO:0044430,GO:0044446,GO:0044448,GO:0044459,GO:0044463,GO:0044703,GO:0045087,GO:0045121,GO:0045137,GO:0045165,GO:0045167,GO:0045171,GO:0045176,GO:0045177,GO:0045179,GO:0045184,GO:0045186,GO:0045196,GO:0045197,GO:0045198,GO:0045199,GO:0045216,GO:0045217,GO:0045580,GO:0045582,GO:0045595,GO:0045597,GO:0045619,GO:0045621,GO:0045622,GO:0045624,GO:0045628,GO:0045630,GO:0045664,GO:0045666,GO:0045747,GO:0045785,GO:0045859,GO:0045860,GO:0045936,GO:0045937,GO:0046324,GO:0046326,GO:0046530,GO:0046626,GO:0046627,GO:0046628,GO:0046634,GO:0046635,GO:0046637,GO:0046638,GO:0046666,GO:0046667,GO:0046903,GO:0046907,GO:0047496,GO:0048103,GO:0048167,GO:0048193,GO:0048194,GO:0048232,GO:0048468,GO:0048469,GO:0048471,GO:0048477,GO:0048513,GO:0048518,GO:0048522,GO:0048546,GO:0048565,GO:0048568,GO:0048583,GO:0048584,GO:0048585,GO:0048588,GO:0048589,GO:0048592,GO:0048593,GO:0048598,GO:0048599,GO:0048608,GO:0048609,GO:0048646,GO:0048666,GO:0048699,GO:0048729,GO:0048731,GO:0048749,GO:0048754,GO:0048793,GO:0048812,GO:0048856,GO:0048857,GO:0048858,GO:0048869,GO:0048870,GO:0050707,GO:0050708,GO:0050714,GO:0050715,GO:0050730,GO:0050732,GO:0050767,GO:0050769,GO:0050776,GO:0050778,GO:0050790,GO:0050793,GO:0050804,GO:0050806,GO:0050808,GO:0050832,GO:0050863,GO:0050865,GO:0050867,GO:0050870,GO:0050877,GO:0050890,GO:0050896,GO:0051046,GO:0051047,GO:0051049,GO:0051050,GO:0051090,GO:0051091,GO:0051092,GO:0051094,GO:0051128,GO:0051129,GO:0051130,GO:0051173,GO:0051174,GO:0051179,GO:0051222,GO:0051223,GO:0051234,GO:0051239,GO:0051240,GO:0051247,GO:0051249,GO:0051251,GO:0051259,GO:0051291,GO:0051293,GO:0051294,GO:0051301,GO:0051336,GO:0051338,GO:0051345,GO:0051346,GO:0051347,GO:0051489,GO:0051491,GO:0051601,GO:0051640,GO:0051641,GO:0051647,GO:0051648,GO:0051649,GO:0051650,GO:0051653,GO:0051656,GO:0051674,GO:0051704,GO:0051707,GO:0051716,GO:0051899,GO:0051960,GO:0051962,GO:0055057,GO:0055059,GO:0055123,GO:0060041,GO:0060042,GO:0060081,GO:0060191,GO:0060193,GO:0060251,GO:0060252,GO:0060284,GO:0060291,GO:0060322,GO:0060341,GO:0060429,GO:0060446,GO:0060491,GO:0060541,GO:0060548,GO:0060560,GO:0060562,GO:0061005,GO:0061024,GO:0061138,GO:0061162,GO:0061245,GO:0061326,GO:0061339,GO:0061351,GO:0061458,GO:0065003,GO:0065008,GO:0065009,GO:0070013,GO:0070160,GO:0070161,GO:0070201,GO:0070372,GO:0070374,GO:0070528,GO:0070555,GO:0070727,GO:0070830,GO:0070848,GO:0070887,GO:0071310,GO:0071363,GO:0071375,GO:0071417,GO:0071495,GO:0071559,GO:0071560,GO:0071702,GO:0071705,GO:0071840,GO:0071889,GO:0071944,GO:0072001,GO:0072006,GO:0072009,GO:0072073,GO:0072080,GO:0072089,GO:0072091,GO:0072160,GO:0072175,GO:0072359,GO:0072384,GO:0072657,GO:0072659,GO:0090087,GO:0090150,GO:0090162,GO:0090163,GO:0090596,GO:0097435,GO:0097458,GO:0097517,GO:0098542,GO:0098589,GO:0098590,GO:0098722,GO:0098772,GO:0098796,GO:0098797,GO:0098805,GO:0098815,GO:0098857,GO:0099106,GO:0099111,GO:0099177,GO:0099518,GO:0099568,GO:0099738,GO:0120025,GO:0120032,GO:0120034,GO:0120035,GO:0120036,GO:0120038,GO:0120039,GO:1900076,GO:1900077,GO:1900078,GO:1901214,GO:1901215,GO:1901360,GO:1901615,GO:1901652,GO:1901653,GO:1901698,GO:1901699,GO:1901700,GO:1901701,GO:1902105,GO:1902107,GO:1902531,GO:1902533,GO:1902692,GO:1902743,GO:1902745,GO:1902850,GO:1903037,GO:1903039,GO:1903047,GO:1903076,GO:1903078,GO:1903530,GO:1903532,GO:1903706,GO:1903708,GO:1903827,GO:1903829,GO:1904035,GO:1904037,GO:1904375,GO:1904377,GO:1904951,GO:1905330,GO:1905475,GO:1905477,GO:1990138,GO:1990778,GO:2000026,GO:2000027,GO:2000177,GO:2000179,GO:2000351,GO:2000353,GO:2000463,GO:2000514,GO:2000516,GO:2000551,GO:2000553,GO:2000648,GO:2000662,GO:2000664,GO:2000665,GO:2000667,GO:2001179,GO:2001181
OG0031343	HG_31344	
OG0003873	HG_3874	
OG0006991	HG_6992	
OG0003920	HG_3921	GO:0003674,GO:0003824,GO:0008150,GO:0008152,GO:0016491,GO:0055114,GO:0005575,GO:0005622,GO:0005623,GO:0005737,GO:0005739,GO:0043226,GO:0043227,GO:0043229,GO:0043231,GO:0044424,GO:0044444,GO:0044464,GO:0005811,GO:0006508,GO:0006624,GO:0006807,GO:0006996,GO:0007033,GO:0009987,GO:0010467,GO:0016043,GO:0016485,GO:0019538,GO:0043170,GO:0043228,GO:0043232,GO:0044237,GO:0044238,GO:0044260,GO:0044267,GO:0051604,GO:0071704,GO:0071840,GO:1901564
OG0005849	HG_5850	
OG0024863	HG_24864	
OG0006460	HG_6461	
OG0010152	HG_10153	
OG0006155	HG_6156	
OG0023386	HG_23387	GO:0000003,GO:0000280,GO:0000724,GO:0000725,GO:0000819,GO:0003674,GO:0003676,GO:0003677,GO:0003678,GO:0003690,GO:0003824,GO:0004003,GO:0004386,GO:0005488,GO:0005575,GO:0005622,GO:0005623,GO:0005634,GO:0006139,GO:0006259,GO:0006281,GO:0006302,GO:0006310,GO:0006725,GO:0006807,GO:0006950,GO:0006974,GO:0006996,GO:0007049,GO:0007059,GO:0007127,GO:0007131,GO:0007135,GO:0008026,GO:0008094,GO:0008150,GO:0008152,GO:0009987,GO:0015616,GO:0016043,GO:0016462,GO:0016787,GO:0016817,GO:0016818,GO:0016887,GO:0017111,GO:0022402,GO:0022414,GO:0030491,GO:0032392,GO:0032508,GO:0033554,GO:0034641,GO:0035825,GO:0042623,GO:0043170,GO:0043226,GO:0043227,GO:0043229,GO:0043231,GO:0044237,GO:0044238,GO:0044260,GO:0044424,GO:0044464,GO:0045132,GO:0045144,GO:0046483,GO:0048285,GO:0050896,GO:0051276,GO:0051321,GO:0051716,GO:0061982,GO:0061983,GO:0070035,GO:0070192,GO:0071103,GO:0071704,GO:0071840,GO:0090304,GO:0097159,GO:0098813,GO:0140013,GO:0140097,GO:1901360,GO:1901363,GO:1903046
OG0007797	HG_7798	GO:0000226,GO:0000228,GO:0000278,GO:0000775,GO:0000776,GO:0000777,GO:0000778,GO:0000779,GO:0000780,GO:0000785,GO:0000786,GO:0000793,GO:0000794,GO:0005575,GO:0005622,GO:0005623,GO:0005634,GO:0005694,GO:0005737,GO:0006950,GO:0006979,GO:0006996,GO:0007010,GO:0007017,GO:0007049,GO:0007051,GO:0007052,GO:0008150,GO:0009987,GO:0016043,GO:0022402,GO:0031974,GO:0031981,GO:0032991,GO:0032993,GO:0033554,GO:0034506,GO:0034599,GO:0042221,GO:0043226,GO:0043227,GO:0043228,GO:0043229,GO:0043231,GO:0043232,GO:0043233,GO:0043505,GO:0044422,GO:0044424,GO:0044427,GO:0044428,GO:0044446,GO:0044454,GO:0044464,GO:0044815,GO:0050896,GO:0051716,GO:0061638,GO:0070013,GO:0070887,GO:0071840,GO:0098687,GO:1902850,GO:1903047
OG0012030	HG_12031	GO:0000120,GO:0000500,GO:0003674,GO:0005488,GO:0005515,GO:0005575,GO:0005622,GO:0005623,GO:0005634,GO:0005667,GO:0005730,GO:0006139,GO:0006351,GO:0006360,GO:0006725,GO:0006807,GO:0008134,GO:0008150,GO:0008152,GO:0009058,GO:0009059,GO:0009303,GO:0009987,GO:0010467,GO:0016070,GO:0016072,GO:0017025,GO:0018130,GO:0019438,GO:0031974,GO:0031981,GO:0032774,GO:0032991,GO:0034641,GO:0034645,GO:0034654,GO:0034660,GO:0042790,GO:0043170,GO:0043226,GO:0043227,GO:0043228,GO:0043229,GO:0043231,GO:0043232,GO:0043233,GO:0044237,GO:0044238,GO:0044249,GO:0044260,GO:0044271,GO:0044422,GO:0044424,GO:0044428,GO:0044446,GO:0044452,GO:0044464,GO:0044798,GO:0046483,GO:0070013,GO:0071704,GO:0090304,GO:0097659,GO:0098781,GO:1901360,GO:1901362,GO:1901576
OG0006960	HG_6961	GO:0000003,GO:0003006,GO:0003674,GO:0003712,GO:0003714,GO:0005575,GO:0005622,GO:0005623,GO:0005634,GO:0006355,GO:0007530,GO:0007531,GO:0007532,GO:0008150,GO:0009889,GO:0009890,GO:0009892,GO:0009987,GO:0010468,GO:0010556,GO:0010558,GO:0010605,GO:0019219,GO:0019222,GO:0022414,GO:0030154,GO:0031323,GO:0031324,GO:0031326,GO:0031327,GO:0032502,GO:0043226,GO:0043227,GO:0043229,GO:0043231,GO:0044424,GO:0044464,GO:0045165,GO:0045934,GO:0048519,GO:0048523,GO:0048869,GO:0050789,GO:0050794,GO:0051171,GO:0051172,GO:0051252,GO:0051253,GO:0060255,GO:0065007,GO:0080090,GO:0140110,GO:1902679,GO:1903506,GO:1903507,GO:2000112,GO:2001141
OG0004629	HG_4630	GO:0000123,GO:0000124,GO:0000228,GO:0000428,GO:0000785,GO:0000790,GO:0000988,GO:0000990,GO:0000991,GO:0003674,GO:0003682,GO:0005198,GO:0005488,GO:0005515,GO:0005575,GO:0005622,GO:0005623,GO:0005634,GO:0005654,GO:0005667,GO:0005669,GO:0005694,GO:0006139,GO:0006325,GO:0006338,GO:0006351,GO:0006352,GO:0006355,GO:0006357,GO:0006366,GO:0006367,GO:0006464,GO:0006473,GO:0006475,GO:0006725,GO:0006807,GO:0006996,GO:0008150,GO:0008152,GO:0009058,GO:0009059,GO:0009889,GO:0009987,GO:0010467,GO:0010468,GO:0010556,GO:0016043,GO:0016070,GO:0016569,GO:0016570,GO:0016573,GO:0016591,GO:0018130,GO:0018193,GO:0018205,GO:0018393,GO:0018394,GO:0019219,GO:0019222,GO:0019438,GO:0019538,GO:0022607,GO:0030880,GO:0031248,GO:0031323,GO:0031326,GO:0031974,GO:0031981,GO:0032774,GO:0032947,GO:0032991,GO:0034622,GO:0034641,GO:0034645,GO:0034654,GO:0036211,GO:0043170,GO:0043226,GO:0043227,GO:0043228,GO:0043229,GO:0043231,GO:0043232,GO:0043233,GO:0043412,GO:0043543,GO:0043933,GO:0044085,GO:0044237,GO:0044238,GO:0044249,GO:0044260,GO:0044267,GO:0044271,GO:0044422,GO:0044424,GO:0044427,GO:0044428,GO:0044446,GO:0044451,GO:0044454,GO:0044464,GO:0044798,GO:0046483,GO:0046695,GO:0050789,GO:0050794,GO:0051123,GO:0051171,GO:0051252,GO:0051276,GO:0055029,GO:0060255,GO:0061695,GO:0065003,GO:0065004,GO:0065007,GO:0070013,GO:0070461,GO:0070897,GO:0071704,GO:0071824,GO:0071840,GO:0080090,GO:0090304,GO:0090575,GO:0097659,GO:0140110,GO:1901360,GO:1901362,GO:1901564,GO:1901576,GO:1902493,GO:1902494,GO:1903506,GO:1905368,GO:1990234,GO:2000112,GO:2001141
OG0011542	HG_11543	GO:0000322,GO:0000323,GO:0000324,GO:0003674,GO:0003824,GO:0004175,GO:0004190,GO:0005575,GO:0005576,GO:0005618,GO:0005622,GO:0005623,GO:0005737,GO:0005739,GO:0005773,GO:0005783,GO:0005886,GO:0006508,GO:0006807,GO:0006914,GO:0006950,GO:0007154,GO:0008104,GO:0008150,GO:0008152,GO:0008233,GO:0009056,GO:0009057,GO:0009267,GO:0009277,GO:0009605,GO:0009897,GO:0009986,GO:0009987,GO:0009991,GO:0012505,GO:0016020,GO:0016043,GO:0016237,GO:0016787,GO:0019538,GO:0030163,GO:0030312,GO:0031224,GO:0031225,GO:0031226,GO:0031233,GO:0031362,GO:0031505,GO:0031667,GO:0031668,GO:0031669,GO:0032258,GO:0033036,GO:0033365,GO:0033554,GO:0034613,GO:0042594,GO:0043170,GO:0043226,GO:0043227,GO:0043229,GO:0043231,GO:0044237,GO:0044238,GO:0044248,GO:0044257,GO:0044260,GO:0044265,GO:0044267,GO:0044424,GO:0044425,GO:0044444,GO:0044459,GO:0044464,GO:0045229,GO:0046658,GO:0050896,GO:0051179,GO:0051603,GO:0051641,GO:0051716,GO:0061919,GO:0070001,GO:0070011,GO:0070727,GO:0071496,GO:0071554,GO:0071555,GO:0071704,GO:0071840,GO:0071852,GO:0071944,GO:0072665,GO:0098552,GO:0140096,GO:1901564,GO:1901565,GO:1901575,GO:0005488,GO:0005515,GO:0042802
OG0003352	HG_3353	GO:0003674,GO:0003824,GO:0003941,GO:0004794,GO:0005575,GO:0005622,GO:0005623,GO:0005737,GO:0005739,GO:0005759,GO:0006082,GO:0006520,GO:0006563,GO:0006565,GO:0006566,GO:0006567,GO:0006807,GO:0008150,GO:0008152,GO:0009056,GO:0009063,GO:0009066,GO:0009068,GO:0009069,GO:0009071,GO:0009295,GO:0009987,GO:0016054,GO:0016829,GO:0016840,GO:0016841,GO:0019752,GO:0031974,GO:0042645,GO:0043226,GO:0043227,GO:0043228,GO:0043229,GO:0043231,GO:0043232,GO:0043233,GO:0043436,GO:0044237,GO:0044238,GO:0044248,GO:0044281,GO:0044282,GO:0044422,GO:0044424,GO:0044429,GO:0044444,GO:0044446,GO:0044464,GO:0046395,GO:0070013,GO:0071704,GO:1901564,GO:1901565,GO:1901575,GO:1901605,GO:1901606,GO:0000109,GO:0000113,GO:0000151,GO:0000715,GO:0005634,GO:0006139,GO:0006259,GO:0006281,GO:0006289,GO:0006725,GO:0006950,GO:0006974,GO:0006996,GO:0008104,GO:0016043,GO:0031461,GO:0031463,GO:0032991,GO:0033036,GO:0033554,GO:0034613,GO:0034641,GO:0043170,GO:0044260,GO:0044428,GO:0046483,GO:0050896,GO:0051179,GO:0051276,GO:0051641,GO:0051716,GO:0070727,GO:0071840,GO:0090304,GO:1901360,GO:1902494,GO:1990234,GO:1990391
OG0011888	HG_11889	
OG0000579	HG_580	
OG0009066	HG_9067	GO:0003674,GO:0003824,GO:0003993,GO:0005575,GO:0005576,GO:0006793,GO:0006796,GO:0008150,GO:0008152,GO:0009987,GO:0016311,GO:0016787,GO:0016788,GO:0016791,GO:0042578,GO:0044237
OG0008094	HG_8095	
OG0006882	HG_6883	
OG0000244	HG_245	GO:0005575,GO:0005622,GO:0005623,GO:0005737,GO:0044424,GO:0044464
OG0012932	HG_12933	
OG0000318	HG_319	GO:0000322,GO:0000323,GO:0000324,GO:0000329,GO:0003674,GO:0003824,GO:0005575,GO:0005622,GO:0005623,GO:0005634,GO:0005737,GO:0005773,GO:0005774,GO:0005942,GO:0006629,GO:0006644,GO:0006650,GO:0006661,GO:0006793,GO:0006796,GO:0008150,GO:0008152,GO:0008610,GO:0008654,GO:0009058,GO:0009987,GO:0016020,GO:0016311,GO:0016787,GO:0016788,GO:0016791,GO:0019637,GO:0019898,GO:0023052,GO:0030258,GO:0031090,GO:0031974,GO:0031981,GO:0032991,GO:0034399,GO:0034593,GO:0034595,GO:0035032,GO:0036092,GO:0042578,GO:0043226,GO:0043227,GO:0043229,GO:0043231,GO:0043233,GO:0043813,GO:0044237,GO:0044238,GO:0044249,GO:0044255,GO:0044422,GO:0044424,GO:0044425,GO:0044428,GO:0044437,GO:0044444,GO:0044446,GO:0044464,GO:0045017,GO:0046474,GO:0046486,GO:0046488,GO:0046839,GO:0046856,GO:0052866,GO:0061695,GO:0070013,GO:0070772,GO:0071704,GO:0090407,GO:0098588,GO:0098796,GO:0098805,GO:0098852,GO:0106018,GO:1901576,GO:1902494,GO:1990234
OG0003233	HG_3234	
OG0006005	HG_6006	GO:0000122,GO:0000428,GO:0001085,GO:0001102,GO:0003674,GO:0003712,GO:0003713,GO:0005488,GO:0005515,GO:0005575,GO:0005622,GO:0005623,GO:0005634,GO:0005654,GO:0005667,GO:0006139,GO:0006351,GO:0006352,GO:0006355,GO:0006357,GO:0006366,GO:0006367,GO:0006725,GO:0006807,GO:0008134,GO:0008150,GO:0008152,GO:0009058,GO:0009059,GO:0009889,GO:0009890,GO:0009891,GO:0009892,GO:0009893,GO:0009987,GO:0010467,GO:0010468,GO:0010556,GO:0010557,GO:0010558,GO:0010604,GO:0010605,GO:0010628,GO:0010629,GO:0016043,GO:0016070,GO:0016591,GO:0016592,GO:0018130,GO:0019219,GO:0019222,GO:0019438,GO:0022607,GO:0030880,GO:0031323,GO:0031324,GO:0031325,GO:0031326,GO:0031327,GO:0031328,GO:0031974,GO:0031981,GO:0032774,GO:0032879,GO:0032880,GO:0032991,GO:0033613,GO:0034622,GO:0034641,GO:0034645,GO:0034654,GO:0043170,GO:0043226,GO:0043227,GO:0043229,GO:0043231,GO:0043233,GO:0043933,GO:0044085,GO:0044237,GO:0044238,GO:0044249,GO:0044260,GO:0044271,GO:0044422,GO:0044424,GO:0044428,GO:0044446,GO:0044451,GO:0044464,GO:0044798,GO:0045892,GO:0045893,GO:0045934,GO:0045935,GO:0045944,GO:0046483,GO:0048518,GO:0048519,GO:0048522,GO:0048523,GO:0050789,GO:0050794,GO:0051123,GO:0051171,GO:0051172,GO:0051173,GO:0051252,GO:0051253,GO:0051254,GO:0055029,GO:0060255,GO:0060341,GO:0061695,GO:0065003,GO:0065004,GO:0065007,GO:0070013,GO:0070201,GO:0070202,GO:0070847,GO:0070897,GO:0071704,GO:0071824,GO:0071840,GO:0080090,GO:0090304,GO:0090575,GO:0097659,GO:0140110,GO:1901360,GO:1901362,GO:1901576,GO:1902494,GO:1902679,GO:1902680,GO:1903506,GO:1903507,GO:1903508,GO:1903827,GO:1990234,GO:2000112,GO:2000113,GO:2001141
OG0004875	HG_4876	
OG0031338	HG_31339	
OG0005162	HG_5163	
OG0003686	HG_3687	
OG0003645	HG_3646	GO:0000003,GO:0000075,GO:0000077,GO:0000278,GO:0000725,GO:0001672,GO:0003674,GO:0003682,GO:0003824,GO:0005488,GO:0005515,GO:0005575,GO:0005622,GO:0005623,GO:0005634,GO:0006139,GO:0006259,GO:0006281,GO:0006289,GO:0006301,GO:0006310,GO:0006325,GO:0006342,GO:0006348,GO:0006355,GO:0006464,GO:0006479,GO:0006725,GO:0006807,GO:0006950,GO:0006974,GO:0006996,GO:0007049,GO:0007093,GO:0007346,GO:0008150,GO:0008152,GO:0008168,GO:0008170,GO:0008213,GO:0008276,GO:0008757,GO:0009889,GO:0009890,GO:0009892,GO:0009987,GO:0010468,GO:0010556,GO:0010558,GO:0010564,GO:0010605,GO:0010629,GO:0010639,GO:0010847,GO:0010948,GO:0016043,GO:0016278,GO:0016279,GO:0016458,GO:0016569,GO:0016570,GO:0016571,GO:0016740,GO:0016741,GO:0018022,GO:0018024,GO:0018193,GO:0018205,GO:0019219,GO:0019222,GO:0019538,GO:0022402,GO:0022414,GO:0031151,GO:0031323,GO:0031324,GO:0031326,GO:0031327,GO:0031445,GO:0031452,GO:0031491,GO:0031493,GO:0031570,GO:0031573,GO:0032259,GO:0033043,GO:0033044,GO:0033313,GO:0033554,GO:0034641,GO:0034729,GO:0034968,GO:0036211,GO:0040020,GO:0040029,GO:0042054,GO:0042393,GO:0043170,GO:0043226,GO:0043227,GO:0043229,GO:0043231,GO:0043412,GO:0043414,GO:0044087,GO:0044237,GO:0044238,GO:0044260,GO:0044267,GO:0044424,GO:0044464,GO:0044773,GO:0044774,GO:0044783,GO:0044877,GO:0045786,GO:0045798,GO:0045814,GO:0045835,GO:0045892,GO:0045930,GO:0045934,GO:0046483,GO:0048519,GO:0048523,GO:0050789,GO:0050794,GO:0050896,GO:0051098,GO:0051101,GO:0051128,GO:0051129,GO:0051171,GO:0051172,GO:0051252,GO:0051253,GO:0051276,GO:0051321,GO:0051445,GO:0051447,GO:0051598,GO:0051716,GO:0051726,GO:0051783,GO:0051784,GO:0060255,GO:0065007,GO:0065009,GO:0070911,GO:0071704,GO:0071840,GO:0080090,GO:0090304,GO:0099114,GO:0140096,GO:1901360,GO:1901564,GO:1902275,GO:1902679,GO:1903046,GO:1903047,GO:1903506,GO:1903507,GO:1905268,GO:2000112,GO:2000113,GO:2000241,GO:2000242,GO:2000677,GO:2001141,GO:2001251,GO:0000154,GO:0000460,GO:0000463,GO:0000466,GO:0000470,GO:0001510,GO:0005730,GO:0006364,GO:0006396,GO:0008171,GO:0008173,GO:0008649,GO:0008650,GO:0009451,GO:0010467,GO:0016070,GO:0016072,GO:0016435,GO:0016436,GO:0022613,GO:0030684,GO:0030687,GO:0031167,GO:0031974,GO:0031981,GO:0032991,GO:0034470,GO:0034660,GO:0042254,GO:0042273,GO:0043228,GO:0043232,GO:0043233,GO:0044085,GO:0044422,GO:0044428,GO:0044446,GO:0070013,GO:0140098,GO:0140102,GO:1990904
OG0008022	HG_8023	
OG0003909	HG_3910	GO:0000003,GO:0000131,GO:0000278,GO:0000281,GO:0000282,GO:0000746,GO:0000747,GO:0000753,GO:0000767,GO:0000902,GO:0000910,GO:0000935,GO:0003006,GO:0003674,GO:0005085,GO:0005088,GO:0005089,GO:0005488,GO:0005515,GO:0005575,GO:0005622,GO:0005623,GO:0005634,GO:0005737,GO:0005819,GO:0005856,GO:0005886,GO:0005933,GO:0005934,GO:0005935,GO:0005937,GO:0005938,GO:0006996,GO:0007010,GO:0007049,GO:0007088,GO:0007096,GO:0007154,GO:0007163,GO:0007165,GO:0007264,GO:0007265,GO:0007266,GO:0007346,GO:0008104,GO:0008150,GO:0008360,GO:0009653,GO:0009987,GO:0010564,GO:0015630,GO:0016020,GO:0016043,GO:0017016,GO:0017048,GO:0019899,GO:0019953,GO:0022402,GO:0022414,GO:0022603,GO:0022604,GO:0023052,GO:0030010,GO:0030100,GO:0030427,GO:0030428,GO:0031106,GO:0031267,GO:0032153,GO:0032154,GO:0032155,GO:0032185,GO:0032465,GO:0032488,GO:0032502,GO:0032879,GO:0032886,GO:0032954,GO:0032955,GO:0032989,GO:0032991,GO:0033036,GO:0033043,GO:0034613,GO:0035556,GO:0035838,GO:0042995,GO:0043226,GO:0043227,GO:0043228,GO:0043229,GO:0043231,GO:0043232,GO:0043332,GO:0044087,GO:0044422,GO:0044424,GO:0044425,GO:0044430,GO:0044444,GO:0044446,GO:0044448,GO:0044459,GO:0044463,GO:0044464,GO:0044703,GO:0044764,GO:0048856,GO:0048869,GO:0050789,GO:0050793,GO:0050794,GO:0050896,GO:0051020,GO:0051049,GO:0051128,GO:0051179,GO:0051285,GO:0051286,GO:0051301,GO:0051302,GO:0051493,GO:0051641,GO:0051704,GO:0051716,GO:0051726,GO:0051783,GO:0060236,GO:0060627,GO:0061640,GO:0065007,GO:0065008,GO:0065009,GO:0070507,GO:0070727,GO:0071521,GO:0071840,GO:0071944,GO:0071963,GO:0072686,GO:0072697,GO:0072741,GO:0090224,GO:0090726,GO:0098590,GO:0098772,GO:0099568,GO:0099738,GO:0120025,GO:0120038,GO:1901891,GO:1901987,GO:1901990,GO:1902412,GO:1902432,GO:1902716,GO:1903047,GO:1903436,GO:1990778
OG0008475	HG_8476	GO:0005575,GO:0005622,GO:0005623,GO:0005737,GO:0044424,GO:0044464
OG0004561	HG_4562	
OG0003655	HG_3656	GO:0005575,GO:0005622,GO:0005623,GO:0006109,GO:0006111,GO:0006508,GO:0006511,GO:0006807,GO:0008150,GO:0008152,GO:0009056,GO:0009057,GO:0009889,GO:0009890,GO:0009892,GO:0009987,GO:0010498,GO:0010675,GO:0010677,GO:0010906,GO:0019222,GO:0019538,GO:0019941,GO:0030163,GO:0031323,GO:0031324,GO:0031326,GO:0031327,GO:0032991,GO:0034657,GO:0043161,GO:0043170,GO:0043255,GO:0043632,GO:0044237,GO:0044238,GO:0044248,GO:0044257,GO:0044260,GO:0044265,GO:0044267,GO:0044424,GO:0044464,GO:0045721,GO:0045912,GO:0048519,GO:0048523,GO:0050789,GO:0050794,GO:0051603,GO:0062012,GO:0062014,GO:0065007,GO:0071704,GO:0080090,GO:1901564,GO:1901565,GO:1901575
OG0009891	HG_9892	GO:0002790,GO:0003674,GO:0005488,GO:0005515,GO:0005575,GO:0005622,GO:0005623,GO:0005634,GO:0005737,GO:0005856,GO:0005938,GO:0006810,GO:0006897,GO:0006996,GO:0007010,GO:0007015,GO:0008104,GO:0008150,GO:0008157,GO:0009306,GO:0009987,GO:0015031,GO:0015629,GO:0015833,GO:0016043,GO:0016192,GO:0019899,GO:0019902,GO:0019903,GO:0030029,GO:0030036,GO:0030479,GO:0030863,GO:0030864,GO:0030865,GO:0030866,GO:0032940,GO:0033036,GO:0042886,GO:0043226,GO:0043227,GO:0043228,GO:0043229,GO:0043231,GO:0043232,GO:0044422,GO:0044424,GO:0044430,GO:0044444,GO:0044446,GO:0044448,GO:0044464,GO:0045184,GO:0046903,GO:0051179,GO:0051234,GO:0061645,GO:0071702,GO:0071705,GO:0071840,GO:0071944,GO:0097435,GO:0098657,GO:0099568
OG0005455	HG_5456	GO:0000123,GO:0000785,GO:0000988,GO:0000989,GO:0001076,GO:0001079,GO:0003674,GO:0005575,GO:0005622,GO:0005623,GO:0005634,GO:0005654,GO:0005694,GO:0005737,GO:0006139,GO:0006259,GO:0006355,GO:0006357,GO:0006725,GO:0006807,GO:0006808,GO:0006996,GO:0007154,GO:0007165,GO:0007584,GO:0008150,GO:0008152,GO:0009605,GO:0009719,GO:0009889,GO:0009891,GO:0009893,GO:0009987,GO:0009991,GO:0010033,GO:0010243,GO:0010468,GO:0010556,GO:0010557,GO:0010604,GO:0010628,GO:0010639,GO:0016043,GO:0019219,GO:0019222,GO:0023052,GO:0031248,GO:0031323,GO:0031325,GO:0031326,GO:0031328,GO:0031667,GO:0031668,GO:0031669,GO:0031670,GO:0031930,GO:0031974,GO:0031981,GO:0032991,GO:0033043,GO:0033044,GO:0034641,GO:0035327,GO:0035753,GO:0042221,GO:0043170,GO:0043226,GO:0043227,GO:0043228,GO:0043229,GO:0043231,GO:0043232,GO:0043233,GO:0043570,GO:0044237,GO:0044238,GO:0044260,GO:0044422,GO:0044424,GO:0044427,GO:0044428,GO:0044446,GO:0044451,GO:0044464,GO:0045893,GO:0045935,GO:0045944,GO:0046483,GO:0046695,GO:0048518,GO:0048519,GO:0048522,GO:0048523,GO:0050789,GO:0050793,GO:0050794,GO:0050896,GO:0051093,GO:0051128,GO:0051129,GO:0051171,GO:0051173,GO:0051252,GO:0051254,GO:0051276,GO:0051716,GO:0060255,GO:0065007,GO:0070013,GO:0070461,GO:0070887,GO:0071310,GO:0071417,GO:0071495,GO:0071496,GO:0071704,GO:0071840,GO:0080090,GO:0090293,GO:0090304,GO:0090342,GO:0090344,GO:0140110,GO:1900007,GO:1900008,GO:1900062,GO:1901360,GO:1901698,GO:1901699,GO:1902275,GO:1902493,GO:1902494,GO:1902680,GO:1903506,GO:1903508,GO:1905268,GO:1990234,GO:2000112,GO:2001141,GO:2001251
OG0003938	HG_3939	GO:0000003,GO:0000075,GO:0000131,GO:0000278,GO:0000281,GO:0000282,GO:0000910,GO:0001100,GO:0001411,GO:0003674,GO:0005096,GO:0005575,GO:0005618,GO:0005622,GO:0005623,GO:0005628,GO:0005737,GO:0005886,GO:0005933,GO:0005935,GO:0005938,GO:0006996,GO:0007010,GO:0007015,GO:0007049,GO:0007088,GO:0007093,GO:0007096,GO:0007114,GO:0007120,GO:0007121,GO:0007154,GO:0007163,GO:0007165,GO:0007264,GO:0007346,GO:0008047,GO:0008150,GO:0009277,GO:0009405,GO:0009605,GO:0009606,GO:0009612,GO:0009628,GO:0009652,GO:0009898,GO:0009966,GO:0009968,GO:0009987,GO:0010564,GO:0010639,GO:0010646,GO:0010648,GO:0010948,GO:0010965,GO:0016020,GO:0016043,GO:0019954,GO:0022402,GO:0023051,GO:0023052,GO:0023057,GO:0030010,GO:0030011,GO:0030029,GO:0030036,GO:0030071,GO:0030234,GO:0030312,GO:0030427,GO:0030428,GO:0030447,GO:0030448,GO:0030695,GO:0031224,GO:0031226,GO:0031235,GO:0031577,GO:0031578,GO:0032505,GO:0033043,GO:0033044,GO:0033045,GO:0033046,GO:0033047,GO:0033048,GO:0035556,GO:0036267,GO:0040007,GO:0042763,GO:0042764,GO:0043085,GO:0043087,GO:0043547,GO:0044093,GO:0044182,GO:0044419,GO:0044424,GO:0044425,GO:0044444,GO:0044459,GO:0044464,GO:0045786,GO:0045839,GO:0045841,GO:0045930,GO:0046578,GO:0046580,GO:0048519,GO:0048523,GO:0048583,GO:0048585,GO:0050789,GO:0050790,GO:0050794,GO:0050896,GO:0051056,GO:0051058,GO:0051128,GO:0051129,GO:0051179,GO:0051286,GO:0051301,GO:0051336,GO:0051345,GO:0051602,GO:0051641,GO:0051666,GO:0051704,GO:0051716,GO:0051726,GO:0051783,GO:0051784,GO:0051983,GO:0051985,GO:0060589,GO:0061640,GO:0065007,GO:0065009,GO:0070783,GO:0071174,GO:0071214,GO:0071257,GO:0071840,GO:0071944,GO:0097435,GO:0098552,GO:0098562,GO:0098772,GO:0099568,GO:0104004,GO:1901987,GO:1901988,GO:1901990,GO:1901991,GO:1902099,GO:1902100,GO:1902531,GO:1902532,GO:1903047,GO:1905818,GO:1905819,GO:2000816,GO:2001251
OG0008444	HG_8445	
OG0016691	HG_16692	GO:0000244,GO:0000245,GO:0000350,GO:0000375,GO:0000377,GO:0000386,GO:0000387,GO:0000389,GO:0000393,GO:0000398,GO:0000974,GO:0003674,GO:0003676,GO:0003723,GO:0003729,GO:0003824,GO:0004843,GO:0005488,GO:0005575,GO:0005622,GO:0005623,GO:0005634,GO:0005681,GO:0005682,GO:0006139,GO:0006376,GO:0006396,GO:0006397,GO:0006464,GO:0006508,GO:0006725,GO:0006807,GO:0008150,GO:0008152,GO:0008233,GO:0008234,GO:0008380,GO:0009987,GO:0010467,GO:0016043,GO:0016070,GO:0016071,GO:0016787,GO:0017069,GO:0017070,GO:0019538,GO:0019783,GO:0022607,GO:0022613,GO:0022618,GO:0030532,GO:0030619,GO:0030620,GO:0030623,GO:0032991,GO:0034622,GO:0034641,GO:0036002,GO:0036211,GO:0036459,GO:0043170,GO:0043226,GO:0043227,GO:0043229,GO:0043231,GO:0043412,GO:0043933,GO:0044085,GO:0044237,GO:0044238,GO:0044260,GO:0044267,GO:0044422,GO:0044424,GO:0044428,GO:0044446,GO:0044464,GO:0046483,GO:0046540,GO:0065003,GO:0070011,GO:0070647,GO:0071013,GO:0071014,GO:0071704,GO:0071826,GO:0071840,GO:0090304,GO:0097157,GO:0097159,GO:0097525,GO:0097526,GO:0101005,GO:0120114,GO:0140096,GO:0140098,GO:1901360,GO:1901363,GO:1901564,GO:1902494,GO:1990904
OG0010962	HG_10963	GO:0003674,GO:0003824,GO:0004129,GO:0005215,GO:0005575,GO:0005622,GO:0005623,GO:0005737,GO:0005739,GO:0005740,GO:0005743,GO:0005746,GO:0005751,GO:0006091,GO:0006119,GO:0006123,GO:0006139,GO:0006163,GO:0006725,GO:0006753,GO:0006793,GO:0006796,GO:0006807,GO:0006810,GO:0006811,GO:0006812,GO:0008150,GO:0008152,GO:0008324,GO:0009055,GO:0009060,GO:0009117,GO:0009123,GO:0009126,GO:0009141,GO:0009144,GO:0009150,GO:0009161,GO:0009167,GO:0009199,GO:0009205,GO:0009259,GO:0009987,GO:0015002,GO:0015075,GO:0015077,GO:0015078,GO:0015318,GO:0015672,GO:0015980,GO:0016020,GO:0016021,GO:0016310,GO:0016491,GO:0016675,GO:0016676,GO:0017144,GO:0019637,GO:0019646,GO:0019693,GO:0019866,GO:0022857,GO:0022890,GO:0022900,GO:0022904,GO:0031090,GO:0031224,GO:0031966,GO:0031967,GO:0031975,GO:0032991,GO:0034220,GO:0034641,GO:0042773,GO:0042775,GO:0043226,GO:0043227,GO:0043229,GO:0043231,GO:0044237,GO:0044238,GO:0044281,GO:0044422,GO:0044424,GO:0044425,GO:0044429,GO:0044444,GO:0044446,GO:0044455,GO:0044464,GO:0045277,GO:0045333,GO:0046034,GO:0046483,GO:0051179,GO:0051234,GO:0055085,GO:0055086,GO:0055114,GO:0070069,GO:0070469,GO:0071704,GO:0072521,GO:0098655,GO:0098660,GO:0098662,GO:0098796,GO:0098798,GO:0098800,GO:0098803,GO:1901135,GO:1901360,GO:1901564,GO:1902600
OG0004225	HG_4226	
OG0004942	HG_4943	GO:0000003,GO:0000082,GO:0000228,GO:0000278,GO:0000731,GO:0000785,GO:0000790,GO:0003006,GO:0003674,GO:0003824,GO:0003887,GO:0005488,GO:0005515,GO:0005575,GO:0005622,GO:0005623,GO:0005634,GO:0005654,GO:0005657,GO:0005694,GO:0005737,GO:0005739,GO:0006139,GO:0006259,GO:0006260,GO:0006261,GO:0006270,GO:0006275,GO:0006281,GO:0006301,GO:0006325,GO:0006342,GO:0006355,GO:0006725,GO:0006807,GO:0006950,GO:0006974,GO:0006996,GO:0007049,GO:0007275,GO:0008150,GO:0008152,GO:0008622,GO:0009058,GO:0009059,GO:0009790,GO:0009791,GO:0009793,GO:0009889,GO:0009890,GO:0009891,GO:0009892,GO:0009893,GO:0009987,GO:0010154,GO:0010468,GO:0010556,GO:0010557,GO:0010558,GO:0010564,GO:0010604,GO:0010605,GO:0010629,GO:0016043,GO:0016458,GO:0016604,GO:0016740,GO:0016772,GO:0016779,GO:0018130,GO:0019219,GO:0019222,GO:0019438,GO:0019899,GO:0019985,GO:0022402,GO:0022414,GO:0031261,GO:0031323,GO:0031324,GO:0031325,GO:0031326,GO:0031327,GO:0031328,GO:0031974,GO:0031981,GO:0032501,GO:0032502,GO:0032875,GO:0032877,GO:0032991,GO:0032993,GO:0033260,GO:0033554,GO:0034061,GO:0034401,GO:0034641,GO:0034645,GO:0034654,GO:0040029,GO:0042276,GO:0042575,GO:0043170,GO:0043226,GO:0043227,GO:0043228,GO:0043229,GO:0043231,GO:0043232,GO:0043233,GO:0043596,GO:0044237,GO:0044238,GO:0044249,GO:0044260,GO:0044271,GO:0044422,GO:0044424,GO:0044427,GO:0044428,GO:0044444,GO:0044446,GO:0044451,GO:0044454,GO:0044464,GO:0044770,GO:0044772,GO:0044786,GO:0044843,GO:0045005,GO:0045740,GO:0045787,GO:0045814,GO:0045892,GO:0045934,GO:0045935,GO:0046483,GO:0048316,GO:0048518,GO:0048519,GO:0048522,GO:0048523,GO:0048608,GO:0048731,GO:0048856,GO:0050789,GO:0050794,GO:0050896,GO:0051052,GO:0051054,GO:0051171,GO:0051172,GO:0051173,GO:0051252,GO:0051253,GO:0051276,GO:0051302,GO:0051716,GO:0051726,GO:0051781,GO:0060255,GO:0061458,GO:0061695,GO:0065007,GO:0070013,GO:0070182,GO:0070828,GO:0070868,GO:0071704,GO:0071840,GO:0071897,GO:0080090,GO:0090068,GO:0090304,GO:0090329,GO:0097549,GO:0140097,GO:1901360,GO:1901362,GO:1901576,GO:1902292,GO:1902315,GO:1902494,GO:1902679,GO:1902969,GO:1902975,GO:1903047,GO:1903506,GO:1903507,GO:1990234,GO:2000105,GO:2000112,GO:2000113,GO:2001141
OG0031159	HG_31160	GO:0000723,GO:0003674,GO:0003676,GO:0003677,GO:0003824,GO:0004672,GO:0004674,GO:0005488,GO:0005575,GO:0005622,GO:0005623,GO:0005634,GO:0005737,GO:0005739,GO:0006139,GO:0006259,GO:0006275,GO:0006281,GO:0006282,GO:0006302,GO:0006325,GO:0006464,GO:0006468,GO:0006725,GO:0006793,GO:0006796,GO:0006807,GO:0006950,GO:0006974,GO:0006975,GO:0006996,GO:0007346,GO:0008150,GO:0008152,GO:0009889,GO:0009891,GO:0009893,GO:0009987,GO:0010556,GO:0010557,GO:0010564,GO:0010571,GO:0010604,GO:0016043,GO:0016301,GO:0016310,GO:0016569,GO:0016570,GO:0016572,GO:0016740,GO:0016772,GO:0016773,GO:0018105,GO:0018193,GO:0018209,GO:0019219,GO:0019222,GO:0019538,GO:0030174,GO:0031323,GO:0031325,GO:0031326,GO:0031328,GO:0032200,GO:0032298,GO:0033262,GO:0033554,GO:0034641,GO:0036211,GO:0042162,GO:0042592,GO:0043170,GO:0043226,GO:0043227,GO:0043229,GO:0043231,GO:0043412,GO:0043565,GO:0044237,GO:0044238,GO:0044260,GO:0044267,GO:0044424,GO:0044444,GO:0044464,GO:0045739,GO:0045740,GO:0045787,GO:0045931,GO:0045935,GO:0046483,GO:0048518,GO:0048522,GO:0048583,GO:0048584,GO:0050789,GO:0050794,GO:0050896,GO:0051052,GO:0051054,GO:0051171,GO:0051173,GO:0051276,GO:0051445,GO:0051446,GO:0051716,GO:0051726,GO:0060249,GO:0060255,GO:0065007,GO:0065008,GO:0071704,GO:0071840,GO:0080090,GO:0080134,GO:0080135,GO:0090068,GO:0090304,GO:0090329,GO:0097159,GO:0140096,GO:1901360,GO:1901363,GO:1901564,GO:1901976,GO:1901978,GO:1904289,GO:1904291,GO:1904512,GO:1904514,GO:1990164,GO:1990853,GO:2000001,GO:2000003,GO:2000105,GO:2000112,GO:2000241,GO:2000243,GO:2001020,GO:2001022
OG0005229	HG_5230	GO:0003674,GO:0003824,GO:0003985,GO:0003988,GO:0005575,GO:0005622,GO:0005623,GO:0005737,GO:0005739,GO:0005777,GO:0006082,GO:0006629,GO:0006631,GO:0006635,GO:0008150,GO:0008152,GO:0009056,GO:0009062,GO:0009987,GO:0016042,GO:0016054,GO:0016407,GO:0016408,GO:0016453,GO:0016740,GO:0016746,GO:0016747,GO:0019395,GO:0019752,GO:0030258,GO:0032787,GO:0034440,GO:0042579,GO:0043226,GO:0043227,GO:0043229,GO:0043231,GO:0043436,GO:0044237,GO:0044238,GO:0044242,GO:0044248,GO:0044255,GO:0044281,GO:0044282,GO:0044424,GO:0044444,GO:0044464,GO:0046395,GO:0055114,GO:0071704,GO:0072329,GO:1901575,GO:0004839,GO:0005829,GO:0006464,GO:0006497,GO:0006807,GO:0006914,GO:0006950,GO:0006952,GO:0006983,GO:0006984,GO:0006995,GO:0007154,GO:0007165,GO:0008641,GO:0009058,GO:0009059,GO:0009267,GO:0009605,GO:0009607,GO:0009617,GO:0009620,GO:0009893,GO:0009894,GO:0009896,GO:0009991,GO:0010506,GO:0010508,GO:0010604,GO:0010638,GO:0016236,GO:0016239,GO:0016241,GO:0016567,GO:0016874,GO:0016877,GO:0019222,GO:0019538,GO:0019777,GO:0019787,GO:0023052,GO:0031323,GO:0031325,GO:0031329,GO:0031331,GO:0031399,GO:0031401,GO:0031667,GO:0031668,GO:0031669,GO:0032268,GO:0032270,GO:0032446,GO:0033043,GO:0033059,GO:0033554,GO:0034645,GO:0034976,GO:0036211,GO:0042157,GO:0042158,GO:0042594,GO:0042742,GO:0043170,GO:0043207,GO:0043412,GO:0043473,GO:0043476,GO:0043482,GO:0043562,GO:0044087,GO:0044088,GO:0044089,GO:0044090,GO:0044249,GO:0044260,GO:0044267,GO:0048518,GO:0048522,GO:0050789,GO:0050794,GO:0050832,GO:0050896,GO:0051128,GO:0051130,GO:0051171,GO:0051173,GO:0051246,GO:0051247,GO:0051704,GO:0051707,GO:0051716,GO:0060255,GO:0061919,GO:0065007,GO:0070647,GO:0071216,GO:0071496,GO:0080090,GO:0090549,GO:0098542,GO:0140096,GO:1901564,GO:1901566,GO:1901576,GO:1902115,GO:1902117,GO:2000785,GO:2000786
OG0024392	HG_24393	GO:0000003,GO:0000302,GO:0001101,GO:0003006,GO:0003674,GO:0003824,GO:0003825,GO:0005575,GO:0005622,GO:0005623,GO:0005737,GO:0005829,GO:0005946,GO:0005975,GO:0005984,GO:0005991,GO:0005992,GO:0006793,GO:0006796,GO:0006950,GO:0006970,GO:0006974,GO:0006979,GO:0007049,GO:0007154,GO:0008150,GO:0008152,GO:0008194,GO:0009058,GO:0009266,GO:0009269,GO:0009311,GO:0009312,GO:0009405,GO:0009408,GO:0009409,GO:0009414,GO:0009415,GO:0009605,GO:0009607,GO:0009628,GO:0009636,GO:0009653,GO:0009987,GO:0009991,GO:0010035,GO:0016051,GO:0016311,GO:0016740,GO:0016757,GO:0016758,GO:0016787,GO:0016788,GO:0016791,GO:0019953,GO:0022402,GO:0022413,GO:0022414,GO:0030154,GO:0030435,GO:0030437,GO:0030447,GO:0031668,GO:0032502,GO:0032505,GO:0032991,GO:0033554,GO:0034293,GO:0034599,GO:0034605,GO:0034614,GO:0034637,GO:0035251,GO:0035690,GO:0036168,GO:0036180,GO:0040007,GO:0042221,GO:0042493,GO:0042542,GO:0042578,GO:0042631,GO:0043934,GO:0043935,GO:0044182,GO:0044237,GO:0044238,GO:0044249,GO:0044262,GO:0044419,GO:0044424,GO:0044444,GO:0044464,GO:0044703,GO:0046351,GO:0046527,GO:0046677,GO:0048468,GO:0048646,GO:0048856,GO:0048869,GO:0050896,GO:0051321,GO:0051704,GO:0051716,GO:0070301,GO:0070413,GO:0070414,GO:0070415,GO:0070417,GO:0070887,GO:0071214,GO:0071229,GO:0071236,GO:0071462,GO:0071465,GO:0071496,GO:0071704,GO:0090441,GO:0097237,GO:0104004,GO:1901576,GO:1901700,GO:1901701,GO:1902494,GO:1903046,GO:1990234
OG0008815	HG_8816	
OG0003929	HG_3930	GO:0003674,GO:0003676,GO:0003723,GO:0003729,GO:0003730,GO:0005488,GO:0005575,GO:0005622,GO:0005623,GO:0005737,GO:0008150,GO:0009894,GO:0010468,GO:0010608,GO:0019219,GO:0019220,GO:0019222,GO:0031323,GO:0031329,GO:0043487,GO:0043488,GO:0044424,GO:0044464,GO:0050789,GO:0050794,GO:0051171,GO:0051174,GO:0051252,GO:0060255,GO:0061013,GO:0065007,GO:0065008,GO:0080090,GO:0097159,GO:1901363,GO:1903311
OG0006959	HG_6960	
OG0009819	HG_9820	
OG0007482	HG_7483	
OG0000689	HG_690	GO:0003674,GO:0003824,GO:0005575,GO:0005622,GO:0005623,GO:0005634,GO:0005737,GO:0006464,GO:0006807,GO:0008150,GO:0008152,GO:0008641,GO:0009987,GO:0016740,GO:0016874,GO:0016877,GO:0016925,GO:0018193,GO:0018205,GO:0019538,GO:0019787,GO:0019789,GO:0019948,GO:0031510,GO:0032446,GO:0032991,GO:0036211,GO:0043170,GO:0043226,GO:0043227,GO:0043229,GO:0043231,GO:0043412,GO:0044237,GO:0044238,GO:0044260,GO:0044267,GO:0044422,GO:0044424,GO:0044428,GO:0044446,GO:0044464,GO:0061650,GO:0061656,GO:0070647,GO:0071704,GO:0140096,GO:1901564,GO:1902494
OG0009829	HG_9830	
OG0005780	HG_5781	GO:0000322,GO:0000323,GO:0000324,GO:0000329,GO:0005575,GO:0005622,GO:0005623,GO:0005737,GO:0005773,GO:0005774,GO:0005783,GO:0005794,GO:0005886,GO:0006082,GO:0006793,GO:0006797,GO:0006810,GO:0006914,GO:0006996,GO:0007033,GO:0007034,GO:0008104,GO:0008150,GO:0008152,GO:0009056,GO:0009987,GO:0012505,GO:0016020,GO:0016021,GO:0016043,GO:0016237,GO:0031090,GO:0031224,GO:0032991,GO:0033036,GO:0033254,GO:0042144,GO:0043226,GO:0043227,GO:0043229,GO:0043231,GO:0043436,GO:0044237,GO:0044248,GO:0044281,GO:0044422,GO:0044424,GO:0044425,GO:0044437,GO:0044444,GO:0044446,GO:0044464,GO:0048284,GO:0051179,GO:0051234,GO:0061024,GO:0061025,GO:0061919,GO:0071704,GO:0071840,GO:0071944,GO:0097576,GO:0098588,GO:0098805,GO:0098852,GO:0101031,GO:0000822,GO:0003674,GO:0003824,GO:0005488,GO:0006796,GO:0006799,GO:0007154,GO:0007165,GO:0008144,GO:0008976,GO:0009058,GO:0016301,GO:0016310,GO:0016740,GO:0016772,GO:0016776,GO:0019932,GO:0023052,GO:0031300,GO:0031310,GO:0035556,GO:0036094,GO:0043167,GO:0043168,GO:0043178,GO:0044249,GO:0048016,GO:0050789,GO:0050794,GO:0050896,GO:0051716,GO:0065007,GO:1901576,GO:0003676,GO:0003723,GO:0003729,GO:0007264,GO:0008360,GO:0022603,GO:0022604,GO:0030234,GO:0030695,GO:0032153,GO:0032878,GO:0050790,GO:0050793,GO:0051128,GO:0060589,GO:0065008,GO:0065009,GO:0097159,GO:0098772,GO:1901363,GO:2000769
OG0005434	HG_5435	
OG0007580	HG_7581	
OG0006818	HG_6819	
OG0005934	HG_5935	
OG0008191	HG_8192	
OG0014736	HG_14737	
OG0008835	HG_8836	
OG0007775	HG_7776	
OG0013920	HG_13921	
OG0007090	HG_7091	
OG0007605	HG_7606	
OG0007822	HG_7823	GO:0000127,GO:0005575,GO:0005622,GO:0005623,GO:0005634,GO:0005667,GO:0006139,GO:0006351,GO:0006383,GO:0006725,GO:0006807,GO:0008150,GO:0008152,GO:0009058,GO:0009059,GO:0009987,GO:0010467,GO:0016070,GO:0018130,GO:0019438,GO:0032774,GO:0032991,GO:0034641,GO:0034645,GO:0034654,GO:0043170,GO:0043226,GO:0043227,GO:0043229,GO:0043231,GO:0044237,GO:0044238,GO:0044249,GO:0044260,GO:0044271,GO:0044422,GO:0044424,GO:0044428,GO:0044446,GO:0044464,GO:0044798,GO:0046483,GO:0071704,GO:0090304,GO:0090576,GO:0097659,GO:1901360,GO:1901362,GO:1901576
OG0003556	HG_3557	GO:0000322,GO:0000323,GO:0000324,GO:0005575,GO:0005622,GO:0005623,GO:0005737,GO:0005773,GO:0008150,GO:0016020,GO:0016021,GO:0031224,GO:0043085,GO:0043226,GO:0043227,GO:0043229,GO:0043231,GO:0044093,GO:0044424,GO:0044425,GO:0044444,GO:0044464,GO:0050790,GO:0065007,GO:0065009,GO:0071944
OG0000641	HG_642	GO:0006082,GO:0006725,GO:0006732,GO:0007154,GO:0007165,GO:0008150,GO:0008152,GO:0009058,GO:0009108,GO:0009987,GO:0010958,GO:0010963,GO:0016053,GO:0018958,GO:0019438,GO:0019748,GO:0019752,GO:0023052,GO:0031929,GO:0032787,GO:0032879,GO:0032890,GO:0032891,GO:0032892,GO:0034762,GO:0034763,GO:0034764,GO:0034765,GO:0034766,GO:0034767,GO:0035556,GO:0042180,GO:0042181,GO:0043269,GO:0043270,GO:0043271,GO:0043436,GO:0044070,GO:0044237,GO:0044249,GO:0044281,GO:0044283,GO:0044550,GO:0046189,GO:0046394,GO:0048518,GO:0048519,GO:0048583,GO:0048584,GO:0048585,GO:0050789,GO:0050794,GO:0050896,GO:0051049,GO:0051050,GO:0051051,GO:0051186,GO:0051188,GO:0051716,GO:0051952,GO:0051953,GO:0051954,GO:0051955,GO:0051956,GO:0051957,GO:0065007,GO:0070881,GO:0071704,GO:0072330,GO:1900600,GO:1900602,GO:1901360,GO:1901362,GO:1901576,GO:1901615,GO:1901617,GO:1901661,GO:1901663,GO:1902834,GO:1902835,GO:1903789,GO:1903792,GO:1903793,GO:1903959,GO:1903960,GO:1903961,GO:1904062,GO:1904063,GO:1904064,GO:1905541,GO:1905589,GO:1905735,GO:1905736,GO:2001023,GO:2001024,GO:2001025
OG0010050	HG_10051	
OG0000126	HG_127	
OG0005749	HG_5750	
OG0009446	HG_9447	
OG0008474	HG_8475	
OG0000109	HG_110	GO:0000003,GO:0003006,GO:0003674,GO:0003824,GO:0004099,GO:0005575,GO:0005618,GO:0005619,GO:0005623,GO:0005628,GO:0005631,GO:0007049,GO:0008150,GO:0009272,GO:0009277,GO:0009653,GO:0009987,GO:0010927,GO:0016020,GO:0016043,GO:0016787,GO:0016810,GO:0016811,GO:0019213,GO:0019953,GO:0022402,GO:0022413,GO:0022414,GO:0022607,GO:0030154,GO:0030312,GO:0030435,GO:0030437,GO:0030476,GO:0031160,GO:0031505,GO:0032502,GO:0032505,GO:0032989,GO:0034293,GO:0042244,GO:0042546,GO:0042763,GO:0042764,GO:0043934,GO:0043935,GO:0044085,GO:0044426,GO:0044462,GO:0044464,GO:0044703,GO:0045229,GO:0048468,GO:0048646,GO:0048856,GO:0048869,GO:0051321,GO:0051704,GO:0070590,GO:0070591,GO:0070726,GO:0071554,GO:0071555,GO:0071840,GO:0071852,GO:0071940,GO:0071944,GO:1903046
OG0004038	HG_4039	GO:0005575,GO:0005622,GO:0005623,GO:0005634,GO:0043226,GO:0043227,GO:0043229,GO:0043231,GO:0044424,GO:0044464
OG0012033	HG_12034	GO:0003674,GO:0003824,GO:0006464,GO:0006807,GO:0008150,GO:0008152,GO:0009987,GO:0016740,GO:0019538,GO:0019787,GO:0036211,GO:0043170,GO:0043412,GO:0044237,GO:0044238,GO:0044260,GO:0044267,GO:0061659,GO:0070647,GO:0071704,GO:0140096,GO:1901564,GO:0005575,GO:0005622,GO:0005623,GO:0005737,GO:0005783,GO:0005789,GO:0006508,GO:0006605,GO:0006624,GO:0006810,GO:0006886,GO:0006996,GO:0007029,GO:0008104,GO:0010256,GO:0010467,GO:0012505,GO:0015031,GO:0015833,GO:0016020,GO:0016021,GO:0016043,GO:0016485,GO:0030176,GO:0031224,GO:0031227,GO:0031984,GO:0033036,GO:0033365,GO:0034613,GO:0042175,GO:0042886,GO:0043226,GO:0043227,GO:0043229,GO:0043231,GO:0044422,GO:0044424,GO:0044425,GO:0044432,GO:0044444,GO:0044446,GO:0044464,GO:0045047,GO:0045048,GO:0045184,GO:0046907,GO:0051179,GO:0051205,GO:0051234,GO:0051604,GO:0051641,GO:0051649,GO:0061024,GO:0070727,GO:0070972,GO:0071702,GO:0071705,GO:0071840,GO:0072594,GO:0072599,GO:0072657,GO:0090150,GO:0098827,GO:0000209,GO:0004842,GO:0005488,GO:0005634,GO:0006511,GO:0008270,GO:0009056,GO:0009057,GO:0016567,GO:0019941,GO:0030163,GO:0032446,GO:0043167,GO:0043169,GO:0043632,GO:0044248,GO:0044257,GO:0044265,GO:0046872,GO:0046914,GO:0051603,GO:0061630,GO:1901565,GO:1901575,GO:0006325,GO:0006342,GO:0006348,GO:0006355,GO:0006412,GO:0006414,GO:0006417,GO:0006518,GO:0009058,GO:0009059,GO:0009889,GO:0009890,GO:0009892,GO:0010468,GO:0010498,GO:0010556,GO:0010558,GO:0010605,GO:0010608,GO:0010629,GO:0016458,GO:0019219,GO:0019222,GO:0031323,GO:0031324,GO:0031326,GO:0031327,GO:0032268,GO:0032991,GO:0034248,GO:0034641,GO:0034645,GO:0040029,GO:0043021,GO:0043023,GO:0043043,GO:0043161,GO:0043603,GO:0043604,GO:0044249,GO:0044271,GO:0044877,GO:0045814,GO:0045892,GO:0045934,GO:0048519,GO:0048523,GO:0050789,GO:0050794,GO:0051171,GO:0051172,GO:0051246,GO:0051252,GO:0051253,GO:0051276,GO:0060255,GO:0065007,GO:0072344,GO:0080090,GO:1901566,GO:1901576,GO:1902679,GO:1903506,GO:1903507,GO:1990112,GO:1990116,GO:2000112,GO:2000113,GO:2001141
OG0007027	HG_7028	
OG0004972	HG_4973	
OG0009349	HG_9350	
OG0005001	HG_5002	
OG0009890	HG_9891	GO:0000313,GO:0000314,GO:0003674,GO:0003735,GO:0005198,GO:0005575,GO:0005622,GO:0005623,GO:0005737,GO:0005739,GO:0005759,GO:0005761,GO:0005763,GO:0005840,GO:0006412,GO:0006518,GO:0006807,GO:0008150,GO:0008152,GO:0009058,GO:0009059,GO:0009987,GO:0010467,GO:0015935,GO:0019538,GO:0031974,GO:0032543,GO:0032991,GO:0034641,GO:0034645,GO:0043043,GO:0043170,GO:0043226,GO:0043227,GO:0043228,GO:0043229,GO:0043231,GO:0043232,GO:0043233,GO:0043603,GO:0043604,GO:0044237,GO:0044238,GO:0044249,GO:0044260,GO:0044267,GO:0044271,GO:0044391,GO:0044422,GO:0044424,GO:0044429,GO:0044444,GO:0044446,GO:0044464,GO:0070013,GO:0071704,GO:0098798,GO:0140053,GO:1901564,GO:1901566,GO:1901576,GO:1990904
OG0005237	HG_5238	GO:0000322,GO:0000323,GO:0000324,GO:0000329,GO:0005575,GO:0005622,GO:0005623,GO:0005737,GO:0005773,GO:0005774,GO:0005783,GO:0006873,GO:0006875,GO:0006996,GO:0007005,GO:0008150,GO:0009987,GO:0012505,GO:0016020,GO:0016021,GO:0016043,GO:0019725,GO:0030003,GO:0030026,GO:0031090,GO:0031224,GO:0042592,GO:0043226,GO:0043227,GO:0043229,GO:0043231,GO:0044422,GO:0044424,GO:0044425,GO:0044437,GO:0044444,GO:0044446,GO:0044464,GO:0046916,GO:0048878,GO:0050801,GO:0055065,GO:0055071,GO:0055076,GO:0055080,GO:0055082,GO:0065007,GO:0065008,GO:0071840,GO:0098588,GO:0098771,GO:0098805,GO:0098852
OG0016376	HG_16377	GO:0003674,GO:0003824,GO:0004497,GO:0004506,GO:0005488,GO:0005575,GO:0005622,GO:0005623,GO:0005737,GO:0005783,GO:0005789,GO:0005811,GO:0005886,GO:0006066,GO:0006629,GO:0006694,GO:0006696,GO:0006950,GO:0007154,GO:0008144,GO:0008150,GO:0008152,GO:0008202,GO:0008204,GO:0008610,GO:0009058,GO:0009267,GO:0009605,GO:0009607,GO:0009987,GO:0009991,GO:0010570,GO:0012505,GO:0016020,GO:0016125,GO:0016126,GO:0016128,GO:0016129,GO:0016491,GO:0016705,GO:0016709,GO:0030447,GO:0031090,GO:0031667,GO:0031668,GO:0031669,GO:0031984,GO:0033554,GO:0035690,GO:0036170,GO:0036171,GO:0036180,GO:0036187,GO:0040007,GO:0040008,GO:0042175,GO:0042221,GO:0042493,GO:0042594,GO:0043226,GO:0043227,GO:0043228,GO:0043229,GO:0043231,GO:0043232,GO:0044107,GO:0044108,GO:0044182,GO:0044237,GO:0044238,GO:0044249,GO:0044255,GO:0044281,GO:0044283,GO:0044422,GO:0044424,GO:0044425,GO:0044432,GO:0044444,GO:0044446,GO:0044464,GO:0046165,GO:0050789,GO:0050896,GO:0051179,GO:0051641,GO:0051668,GO:0051716,GO:0055114,GO:0065007,GO:0070784,GO:0070887,GO:0071496,GO:0071704,GO:0071944,GO:0097384,GO:0098827,GO:1900428,GO:1901360,GO:1901362,GO:1901576,GO:1901615,GO:1901617,GO:1902652,GO:1902653
OG0007078	HG_7079	
OG0005181	HG_5182	GO:0003674,GO:0005215,GO:0005351,GO:0005355,GO:0005402,GO:0005575,GO:0006810,GO:0006811,GO:0006812,GO:0008150,GO:0008324,GO:0008643,GO:0008645,GO:0015075,GO:0015077,GO:0015078,GO:0015144,GO:0015145,GO:0015149,GO:0015291,GO:0015293,GO:0015294,GO:0015295,GO:0015318,GO:0015672,GO:0015749,GO:0016020,GO:0022804,GO:0022857,GO:0022890,GO:0034219,GO:0034220,GO:0046323,GO:0051119,GO:0051179,GO:0051234,GO:0055085,GO:0071702,GO:0098655,GO:0098660,GO:0098662,GO:1902600,GO:1904659
OG0005140	HG_5141	
OG0020895	HG_20896	GO:0000138,GO:0000322,GO:0000323,GO:0000324,GO:0001558,GO:0003674,GO:0005215,GO:0005575,GO:0005622,GO:0005623,GO:0005737,GO:0005773,GO:0005777,GO:0005794,GO:0005795,GO:0005886,GO:0005887,GO:0006810,GO:0006857,GO:0006996,GO:0007033,GO:0008150,GO:0009987,GO:0012505,GO:0015833,GO:0016020,GO:0016021,GO:0016043,GO:0019725,GO:0022603,GO:0022604,GO:0022857,GO:0030307,GO:0031224,GO:0031226,GO:0031984,GO:0031985,GO:0032368,GO:0032879,GO:0033043,GO:0035672,GO:0035673,GO:0040008,GO:0042144,GO:0042579,GO:0042592,GO:0042886,GO:0042887,GO:0043226,GO:0043227,GO:0043229,GO:0043231,GO:0043269,GO:0044070,GO:0044088,GO:0044422,GO:0044424,GO:0044425,GO:0044431,GO:0044444,GO:0044446,GO:0044459,GO:0044464,GO:0045454,GO:0045927,GO:0048284,GO:0048518,GO:0048522,GO:0048638,GO:0048639,GO:0050789,GO:0050793,GO:0050794,GO:0051049,GO:0051094,GO:0051128,GO:0051130,GO:0051179,GO:0051234,GO:0051510,GO:0051512,GO:0051513,GO:0051515,GO:0055085,GO:0061024,GO:0061025,GO:0061091,GO:0065007,GO:0065008,GO:0071702,GO:0071705,GO:0071840,GO:0071944,GO:0097035,GO:0097576,GO:0098791,GO:1904680,GO:1905952,GO:2001138,GO:1901583,GO:1901584
OG0008902	HG_8903	
OG0015647	HG_15648	
OG0005099	HG_5100	GO:0000288,GO:0000291,GO:0000375,GO:0000377,GO:0000398,GO:0000781,GO:0000932,GO:0000956,GO:0003674,GO:0003676,GO:0003682,GO:0003723,GO:0005488,GO:0005575,GO:0005622,GO:0005623,GO:0005634,GO:0005654,GO:0005681,GO:0005688,GO:0005694,GO:0005697,GO:0005730,GO:0005732,GO:0005737,GO:0005829,GO:0006139,GO:0006364,GO:0006396,GO:0006397,GO:0006401,GO:0006402,GO:0006725,GO:0006807,GO:0006996,GO:0008150,GO:0008152,GO:0008380,GO:0009056,GO:0009057,GO:0009892,GO:0009987,GO:0010467,GO:0010468,GO:0010605,GO:0010629,GO:0016043,GO:0016070,GO:0016071,GO:0016072,GO:0017069,GO:0017070,GO:0019222,GO:0019439,GO:0022607,GO:0022613,GO:0022618,GO:0030532,GO:0030629,GO:0031974,GO:0031981,GO:0032991,GO:0033962,GO:0034470,GO:0034622,GO:0034641,GO:0034655,GO:0034660,GO:0035770,GO:0036464,GO:0042254,GO:0043170,GO:0043226,GO:0043227,GO:0043228,GO:0043229,GO:0043231,GO:0043232,GO:0043233,GO:0043928,GO:0043933,GO:0044085,GO:0044237,GO:0044238,GO:0044248,GO:0044260,GO:0044265,GO:0044270,GO:0044422,GO:0044424,GO:0044427,GO:0044428,GO:0044444,GO:0044446,GO:0044464,GO:0045292,GO:0046483,GO:0046540,GO:0046700,GO:0048519,GO:0050789,GO:0060255,GO:0065003,GO:0065007,GO:0070013,GO:0070034,GO:0070925,GO:0071011,GO:0071013,GO:0071704,GO:0071826,GO:0071840,GO:0090304,GO:0097159,GO:0097525,GO:0097526,GO:0098687,GO:0120114,GO:0120115,GO:1901360,GO:1901361,GO:1901363,GO:1901575,GO:1902494,GO:1990726,GO:1990904
OG0004080	HG_4081	
OG0000012	HG_13	GO:0000018,GO:0000019,GO:0000122,GO:0000183,GO:0000228,GO:0000775,GO:0000785,GO:0000790,GO:0000792,GO:0001300,GO:0003674,GO:0003824,GO:0004407,GO:0005575,GO:0005622,GO:0005623,GO:0005634,GO:0005694,GO:0005720,GO:0005721,GO:0005737,GO:0006325,GO:0006338,GO:0006342,GO:0006355,GO:0006357,GO:0006464,GO:0006476,GO:0006807,GO:0006996,GO:0007568,GO:0007569,GO:0008150,GO:0008152,GO:0009889,GO:0009890,GO:0009891,GO:0009892,GO:0009893,GO:0009987,GO:0010468,GO:0010556,GO:0010557,GO:0010558,GO:0010604,GO:0010605,GO:0010628,GO:0010629,GO:0010639,GO:0016043,GO:0016458,GO:0016569,GO:0016570,GO:0016575,GO:0016787,GO:0016810,GO:0016811,GO:0017136,GO:0019213,GO:0019219,GO:0019222,GO:0019538,GO:0030702,GO:0031323,GO:0031324,GO:0031325,GO:0031326,GO:0031327,GO:0031328,GO:0031618,GO:0031934,GO:0031935,GO:0031936,GO:0031938,GO:0031939,GO:0031974,GO:0031981,GO:0032502,GO:0032879,GO:0033043,GO:0033044,GO:0033553,GO:0033558,GO:0034728,GO:0034979,GO:0035601,GO:0036166,GO:0036211,GO:0040029,GO:0043170,GO:0043226,GO:0043227,GO:0043228,GO:0043229,GO:0043231,GO:0043232,GO:0043233,GO:0043412,GO:0043933,GO:0044237,GO:0044238,GO:0044260,GO:0044267,GO:0044422,GO:0044424,GO:0044427,GO:0044428,GO:0044446,GO:0044454,GO:0044464,GO:0045814,GO:0045815,GO:0045892,GO:0045893,GO:0045910,GO:0045934,GO:0045935,GO:0045950,GO:0048518,GO:0048519,GO:0048522,GO:0048523,GO:0048869,GO:0050789,GO:0050794,GO:0051049,GO:0051052,GO:0051053,GO:0051128,GO:0051129,GO:0051171,GO:0051172,GO:0051173,GO:0051252,GO:0051253,GO:0051254,GO:0051276,GO:0060255,GO:0060303,GO:0060968,GO:0060969,GO:0065007,GO:0065008,GO:0070013,GO:0070932,GO:0071704,GO:0071824,GO:0071840,GO:0080090,GO:0098687,GO:0098732,GO:0140096,GO:1900392,GO:1901564,GO:1902275,GO:1902377,GO:1902679,GO:1902680,GO:1903506,GO:1903507,GO:1903508,GO:1905268,GO:1990141,GO:1990421,GO:1990619,GO:1990707,GO:2000112,GO:2000113,GO:2001141,GO:2001251,GO:0006725,GO:0009058,GO:0009403,GO:0009404,GO:0018130,GO:0019438,GO:0019748,GO:0043385,GO:0043386,GO:0044249,GO:0044550,GO:0045460,GO:0045461,GO:0046483,GO:1901360,GO:1901362,GO:1901376,GO:1901378,GO:1901576
OG0005206	HG_5207	
OG0007440	HG_7441	
OG0003391	HG_3392	GO:0003674,GO:0003824,GO:0005575,GO:0005622,GO:0005623,GO:0005737,GO:0005739,GO:0005740,GO:0005743,GO:0005759,GO:0006139,GO:0006725,GO:0006753,GO:0006793,GO:0006796,GO:0006807,GO:0008150,GO:0008152,GO:0009117,GO:0009987,GO:0016020,GO:0016301,GO:0016310,GO:0016740,GO:0016772,GO:0016776,GO:0019205,GO:0019637,GO:0019866,GO:0031090,GO:0031966,GO:0031967,GO:0031974,GO:0031975,GO:0034641,GO:0043226,GO:0043227,GO:0043229,GO:0043231,GO:0043233,GO:0044237,GO:0044238,GO:0044281,GO:0044422,GO:0044424,GO:0044429,GO:0044444,GO:0044446,GO:0044464,GO:0046483,GO:0046899,GO:0055086,GO:0070013,GO:0071704,GO:1901360
OG0006848	HG_6849	
OG0005788	HG_5789	
OG0024874	HG_24875	
OG0005386	HG_5387	GO:0000118,GO:0000122,GO:0000228,GO:0000785,GO:0000790,GO:0001300,GO:0003674,GO:0003676,GO:0003677,GO:0003682,GO:0005488,GO:0005575,GO:0005622,GO:0005623,GO:0005634,GO:0005654,GO:0005694,GO:0005737,GO:0005829,GO:0006325,GO:0006355,GO:0006357,GO:0006464,GO:0006476,GO:0006807,GO:0006996,GO:0007059,GO:0007568,GO:0007569,GO:0008150,GO:0008152,GO:0009889,GO:0009890,GO:0009892,GO:0009987,GO:0010468,GO:0010556,GO:0010558,GO:0010605,GO:0010629,GO:0010978,GO:0016043,GO:0016458,GO:0016569,GO:0016570,GO:0016575,GO:0019219,GO:0019222,GO:0019538,GO:0031047,GO:0031323,GO:0031324,GO:0031326,GO:0031327,GO:0031974,GO:0031981,GO:0032502,GO:0032991,GO:0035601,GO:0036211,GO:0043170,GO:0043226,GO:0043227,GO:0043228,GO:0043229,GO:0043231,GO:0043232,GO:0043233,GO:0043412,GO:0044237,GO:0044238,GO:0044260,GO:0044267,GO:0044422,GO:0044424,GO:0044427,GO:0044428,GO:0044444,GO:0044446,GO:0044451,GO:0044454,GO:0044464,GO:0045892,GO:0045934,GO:0048519,GO:0048523,GO:0048869,GO:0050789,GO:0050794,GO:0051171,GO:0051172,GO:0051252,GO:0051253,GO:0051276,GO:0060255,GO:0065007,GO:0070013,GO:0070823,GO:0071704,GO:0071840,GO:0080090,GO:0097159,GO:0098732,GO:1901363,GO:1901564,GO:1902494,GO:1902679,GO:1903506,GO:1903507,GO:2000112,GO:2000113,GO:2001141,GO:0005515,GO:0009891,GO:0009893,GO:0010557,GO:0010604,GO:0010628,GO:0019899,GO:0019900,GO:0019901,GO:0031325,GO:0031328,GO:0031593,GO:0045893,GO:0045935,GO:0045944,GO:0048518,GO:0048522,GO:0051173,GO:0051254,GO:0140030,GO:1902680,GO:1903508,GO:0005786,GO:0006605,GO:0006612,GO:0006613,GO:0006614,GO:0006616,GO:0006810,GO:0006886,GO:0008104,GO:0015031,GO:0015833,GO:0033036,GO:0033365,GO:0034613,GO:0042886,GO:0045047,GO:0045184,GO:0046907,GO:0048500,GO:0051179,GO:0051234,GO:0051641,GO:0051649,GO:0055085,GO:0065002,GO:0070727,GO:0070972,GO:0071702,GO:0071705,GO:0071806,GO:0072594,GO:0072599,GO:0072657,GO:0090150,GO:1990904
OG0020905	HG_20906	
OG0005433	HG_5434	
OG0011727	HG_11728	
OG0002985	HG_2986	
OG0005845	HG_5846	
OG0006003	HG_6004	
OG0007821	HG_7822	
OG0005484	HG_5485	GO:0003674,GO:0003676,GO:0003678,GO:0003723,GO:0003724,GO:0003729,GO:0003824,GO:0004386,GO:0005488,GO:0005575,GO:0005622,GO:0005623,GO:0005737,GO:0005844,GO:0006417,GO:0006449,GO:0006996,GO:0008150,GO:0009889,GO:0009987,GO:0010468,GO:0010494,GO:0010556,GO:0010608,GO:0016043,GO:0016462,GO:0016787,GO:0016817,GO:0016818,GO:0017111,GO:0019222,GO:0031323,GO:0031326,GO:0032268,GO:0032392,GO:0032508,GO:0032991,GO:0034248,GO:0035770,GO:0036464,GO:0043226,GO:0043228,GO:0043229,GO:0043232,GO:0043244,GO:0044424,GO:0044444,GO:0044464,GO:0050789,GO:0050794,GO:0051128,GO:0051171,GO:0051246,GO:0051276,GO:0060255,GO:0065007,GO:0071103,GO:0071840,GO:0080090,GO:0097159,GO:0140097,GO:0140098,GO:1901363,GO:1990904,GO:2000112
OG0002413	HG_2414	
OG0004254	HG_4255	
OG0010537	HG_10538	
OG0002737	HG_2738	GO:0000082,GO:0000278,GO:0000749,GO:0000754,GO:0003674,GO:0003824,GO:0004721,GO:0004722,GO:0004723,GO:0005575,GO:0005622,GO:0005623,GO:0005737,GO:0005826,GO:0005856,GO:0005938,GO:0005955,GO:0006464,GO:0006470,GO:0006793,GO:0006796,GO:0006807,GO:0006873,GO:0007049,GO:0007154,GO:0007165,GO:0008150,GO:0008152,GO:0008287,GO:0009966,GO:0009987,GO:0010033,GO:0010035,GO:0010038,GO:0010522,GO:0010523,GO:0010646,GO:0010959,GO:0015629,GO:0016043,GO:0016311,GO:0016787,GO:0016788,GO:0016791,GO:0019236,GO:0019538,GO:0019722,GO:0019725,GO:0019932,GO:0022402,GO:0023051,GO:0023052,GO:0023058,GO:0030863,GO:0030864,GO:0031136,GO:0031137,GO:0031139,GO:0031505,GO:0032153,GO:0032155,GO:0032879,GO:0032991,GO:0034762,GO:0034763,GO:0034765,GO:0034766,GO:0035556,GO:0036211,GO:0042221,GO:0042578,GO:0042592,GO:0043170,GO:0043226,GO:0043228,GO:0043229,GO:0043232,GO:0043269,GO:0043271,GO:0043412,GO:0043900,GO:0043902,GO:0044237,GO:0044238,GO:0044260,GO:0044267,GO:0044422,GO:0044424,GO:0044430,GO:0044444,GO:0044446,GO:0044448,GO:0044464,GO:0044770,GO:0044772,GO:0044843,GO:0045229,GO:0046999,GO:0048518,GO:0048519,GO:0048522,GO:0048523,GO:0048583,GO:0048878,GO:0050789,GO:0050794,GO:0050801,GO:0050896,GO:0051049,GO:0051051,GO:0051592,GO:0051716,GO:0051924,GO:0051926,GO:0055082,GO:0060341,GO:0065007,GO:0065008,GO:0070887,GO:0070938,GO:0071241,GO:0071248,GO:0071277,GO:0071310,GO:0071444,GO:0071554,GO:0071555,GO:0071704,GO:0071840,GO:0071852,GO:0071944,GO:0090279,GO:0090281,GO:0097720,GO:0099568,GO:0120105,GO:0140096,GO:1901564,GO:1902494,GO:1903047,GO:1903169,GO:1903170,GO:1903293,GO:1904062,GO:1904063,GO:1905664,GO:1905949,GO:2000241,GO:2000243
OG0029838	HG_29839	GO:0000003,GO:0000228,GO:0000278,GO:0000428,GO:0000726,GO:0000731,GO:0000734,GO:0000781,GO:0000784,GO:0000785,GO:0000790,GO:0003006,GO:0003674,GO:0003676,GO:0003677,GO:0003682,GO:0003688,GO:0003690,GO:0003697,GO:0003824,GO:0003887,GO:0005488,GO:0005575,GO:0005622,GO:0005623,GO:0005634,GO:0005657,GO:0005658,GO:0005694,GO:0005737,GO:0005739,GO:0006139,GO:0006259,GO:0006260,GO:0006261,GO:0006269,GO:0006270,GO:0006271,GO:0006272,GO:0006273,GO:0006278,GO:0006279,GO:0006281,GO:0006302,GO:0006303,GO:0006310,GO:0006312,GO:0006725,GO:0006807,GO:0006950,GO:0006974,GO:0007049,GO:0007530,GO:0007531,GO:0007533,GO:0007534,GO:0008150,GO:0008152,GO:0009058,GO:0009059,GO:0009987,GO:0016070,GO:0016740,GO:0016772,GO:0016779,GO:0018130,GO:0019438,GO:0022402,GO:0022413,GO:0022414,GO:0022616,GO:0030154,GO:0030880,GO:0030894,GO:0031974,GO:0031981,GO:0032502,GO:0032505,GO:0032774,GO:0032991,GO:0032993,GO:0033260,GO:0033554,GO:0034061,GO:0034641,GO:0034645,GO:0034654,GO:0035822,GO:0035861,GO:0043170,GO:0043226,GO:0043227,GO:0043228,GO:0043229,GO:0043231,GO:0043232,GO:0043233,GO:0043565,GO:0043596,GO:0043601,GO:0044237,GO:0044238,GO:0044249,GO:0044260,GO:0044271,GO:0044422,GO:0044424,GO:0044427,GO:0044428,GO:0044444,GO:0044446,GO:0044454,GO:0044464,GO:0044786,GO:0045165,GO:0046483,GO:0048869,GO:0050896,GO:0051321,GO:0051716,GO:0055029,GO:0061695,GO:0070013,GO:0071704,GO:0071897,GO:0090304,GO:0090734,GO:0097159,GO:0098687,GO:0140097,GO:1901360,GO:1901362,GO:1901363,GO:1901576,GO:1902292,GO:1902295,GO:1902315,GO:1902318,GO:1902494,GO:1902969,GO:1902975,GO:1902981,GO:1903046,GO:1903047,GO:1990234,GO:1990837
OG0005984	HG_5985	GO:0000027,GO:0000166,GO:0003674,GO:0003676,GO:0003723,GO:0003724,GO:0003824,GO:0004004,GO:0004386,GO:0005488,GO:0005524,GO:0005575,GO:0005622,GO:0005623,GO:0005634,GO:0005730,GO:0005737,GO:0006139,GO:0006364,GO:0006396,GO:0006725,GO:0006807,GO:0006996,GO:0008026,GO:0008144,GO:0008150,GO:0008152,GO:0008186,GO:0009987,GO:0010467,GO:0010501,GO:0016043,GO:0016070,GO:0016072,GO:0016462,GO:0016787,GO:0016817,GO:0016818,GO:0016887,GO:0017076,GO:0017111,GO:0022607,GO:0022613,GO:0022618,GO:0030554,GO:0030684,GO:0030687,GO:0031974,GO:0031981,GO:0032553,GO:0032555,GO:0032559,GO:0032991,GO:0034470,GO:0034622,GO:0034641,GO:0034660,GO:0035639,GO:0035690,GO:0036094,GO:0042221,GO:0042254,GO:0042255,GO:0042273,GO:0042493,GO:0042623,GO:0043167,GO:0043168,GO:0043170,GO:0043226,GO:0043227,GO:0043228,GO:0043229,GO:0043231,GO:0043232,GO:0043233,GO:0043933,GO:0044085,GO:0044237,GO:0044238,GO:0044422,GO:0044424,GO:0044428,GO:0044446,GO:0044464,GO:0046483,GO:0050896,GO:0051716,GO:0065003,GO:0070013,GO:0070035,GO:0070887,GO:0070925,GO:0071704,GO:0071826,GO:0071840,GO:0090304,GO:0097159,GO:0097367,GO:0140098,GO:1901265,GO:1901360,GO:1901363,GO:1990904
OG0006142	HG_6143	GO:0000322,GO:0000323,GO:0000324,GO:0000329,GO:0005575,GO:0005622,GO:0005623,GO:0005737,GO:0005773,GO:0005774,GO:0005794,GO:0005886,GO:0006082,GO:0006793,GO:0006797,GO:0006799,GO:0006873,GO:0008150,GO:0008152,GO:0009058,GO:0009987,GO:0012505,GO:0016020,GO:0016021,GO:0019725,GO:0030002,GO:0030320,GO:0030643,GO:0031090,GO:0031166,GO:0031224,GO:0031300,GO:0031301,GO:0031310,GO:0032991,GO:0033254,GO:0042592,GO:0043226,GO:0043227,GO:0043229,GO:0043231,GO:0043436,GO:0044237,GO:0044249,GO:0044281,GO:0044422,GO:0044424,GO:0044425,GO:0044437,GO:0044444,GO:0044446,GO:0044464,GO:0048878,GO:0050801,GO:0055062,GO:0055081,GO:0055082,GO:0055083,GO:0065007,GO:0065008,GO:0071627,GO:0071628,GO:0071704,GO:0071944,GO:0072501,GO:0072502,GO:0072505,GO:0072506,GO:0098588,GO:0098771,GO:0098805,GO:0098852,GO:0101031,GO:1901576,GO:0005783,GO:0006810,GO:0006914,GO:0006996,GO:0007033,GO:0007034,GO:0008104,GO:0009056,GO:0016043,GO:0016237,GO:0033036,GO:0042144,GO:0044248,GO:0048284,GO:0051179,GO:0051234,GO:0061024,GO:0061025,GO:0061919,GO:0071840,GO:0097576
OG0004795	HG_4796	GO:0003674,GO:0005488,GO:0005515,GO:0005575,GO:0005622,GO:0005623,GO:0005634,GO:0005737,GO:0005829,GO:0006556,GO:0006732,GO:0006790,GO:0008150,GO:0008152,GO:0009058,GO:0009108,GO:0009987,GO:0017144,GO:0019899,GO:0030234,GO:0032991,GO:0043226,GO:0043227,GO:0043229,GO:0043231,GO:0044237,GO:0044249,GO:0044272,GO:0044424,GO:0044444,GO:0044464,GO:0046500,GO:0048269,GO:0048270,GO:0050790,GO:0051186,GO:0051188,GO:0065007,GO:0065009,GO:0071704,GO:0098772,GO:1901576,GO:1902494,GO:1990234,GO:0000003,GO:0000407,GO:0003006,GO:0005543,GO:0005628,GO:0005768,GO:0006810,GO:0006886,GO:0006897,GO:0006914,GO:0006996,GO:0007049,GO:0008104,GO:0008289,GO:0009056,GO:0009653,GO:0010927,GO:0012505,GO:0015031,GO:0015833,GO:0016020,GO:0016043,GO:0016050,GO:0016192,GO:0016197,GO:0016482,GO:0019898,GO:0019953,GO:0022402,GO:0022413,GO:0022414,GO:0022607,GO:0030154,GO:0030435,GO:0030437,GO:0030904,GO:0030905,GO:0031321,GO:0031410,GO:0031982,GO:0032120,GO:0032258,GO:0032266,GO:0032502,GO:0032505,GO:0032507,GO:0032989,GO:0033036,GO:0033365,GO:0034067,GO:0034293,GO:0034613,GO:0035091,GO:0042147,GO:0042763,GO:0042764,GO:0042886,GO:0043167,GO:0043168,GO:0043934,GO:0043935,GO:0044085,GO:0044091,GO:0044248,GO:0044425,GO:0044703,GO:0045053,GO:0045184,GO:0045185,GO:0046907,GO:0048468,GO:0048646,GO:0048856,GO:0048869,GO:0051179,GO:0051234,GO:0051235,GO:0051321,GO:0051641,GO:0051649,GO:0051651,GO:0051704,GO:0061024,GO:0061919,GO:0065008,GO:0070727,GO:0071702,GO:0071705,GO:0071709,GO:0071840,GO:0072665,GO:0097708,GO:0098657,GO:0098796,GO:1901981,GO:1903046
OG0004578	HG_4579	GO:0000375,GO:0000377,GO:0000398,GO:0003674,GO:0003676,GO:0003723,GO:0005488,GO:0006139,GO:0006396,GO:0006397,GO:0006725,GO:0006807,GO:0008150,GO:0008152,GO:0008380,GO:0009987,GO:0010467,GO:0016070,GO:0016071,GO:0034641,GO:0043170,GO:0044237,GO:0044238,GO:0045292,GO:0046483,GO:0071704,GO:0090304,GO:0097159,GO:1901360,GO:1901363
OG0008159	HG_8160	GO:0000122,GO:0000228,GO:0000785,GO:0000790,GO:0000976,GO:0000981,GO:0000982,GO:0000987,GO:0000988,GO:0000989,GO:0001067,GO:0001076,GO:0001078,GO:0001134,GO:0001135,GO:0001227,GO:0003674,GO:0003676,GO:0003677,GO:0003690,GO:0003700,GO:0005488,GO:0005575,GO:0005622,GO:0005623,GO:0005634,GO:0005694,GO:0006355,GO:0006357,GO:0006950,GO:0006970,GO:0007154,GO:0008150,GO:0008301,GO:0009267,GO:0009405,GO:0009605,GO:0009607,GO:0009628,GO:0009889,GO:0009890,GO:0009892,GO:0009987,GO:0009991,GO:0010468,GO:0010556,GO:0010558,GO:0010570,GO:0010605,GO:0010629,GO:0019219,GO:0019222,GO:0030447,GO:0031323,GO:0031324,GO:0031326,GO:0031327,GO:0031667,GO:0031668,GO:0031669,GO:0031974,GO:0031981,GO:0033554,GO:0036170,GO:0036180,GO:0040007,GO:0040008,GO:0042594,GO:0043226,GO:0043227,GO:0043228,GO:0043229,GO:0043231,GO:0043232,GO:0043233,GO:0043565,GO:0043618,GO:0043620,GO:0044182,GO:0044212,GO:0044419,GO:0044422,GO:0044424,GO:0044427,GO:0044428,GO:0044446,GO:0044454,GO:0044464,GO:0045892,GO:0045926,GO:0045934,GO:0048519,GO:0048523,GO:0050789,GO:0050794,GO:0050896,GO:0051171,GO:0051172,GO:0051252,GO:0051253,GO:0051704,GO:0051716,GO:0060255,GO:0060258,GO:0065007,GO:0070013,GO:0071214,GO:0071470,GO:0071496,GO:0080090,GO:0097159,GO:0097201,GO:0104004,GO:0140110,GO:1900428,GO:1900429,GO:1901363,GO:1902679,GO:1903506,GO:1903507,GO:1990837,GO:2000112,GO:2000113,GO:2001141,GO:0000003,GO:0000902,GO:0000904,GO:0000977,GO:0000978,GO:0001012,GO:0001077,GO:0001228,GO:0001503,GO:0001525,GO:0001558,GO:0001568,GO:0001569,GO:0001649,GO:0001655,GO:0001667,GO:0001701,GO:0001704,GO:0001707,GO:0001755,GO:0001756,GO:0001763,GO:0001775,GO:0001817,GO:0001818,GO:0001822,GO:0001837,GO:0001890,GO:0001892,GO:0001944,GO:0002009,GO:0002040,GO:0002065,GO:0002200,GO:0002250,GO:0002252,GO:0002263,GO:0002285,GO:0002286,GO:0002287,GO:0002292,GO:0002293,GO:0002294,GO:0002366,GO:0002376,GO:0002460,GO:0002520,GO:0002521,GO:0002562,GO:0002568,GO:0002573,GO:0002681,GO:0002682,GO:0002684,GO:0002761,GO:0002763,GO:0003002,GO:0003006,GO:0003008,GO:0003682,GO:0003705,GO:0003707,GO:0004857,GO:0004866,GO:0004869,GO:0005102,GO:0005515,GO:0005654,GO:0005667,GO:0005737,GO:0006139,GO:0006259,GO:0006310,GO:0006325,GO:0006351,GO:0006366,GO:0006464,GO:0006473,GO:0006475,GO:0006725,GO:0006807,GO:0006915,GO:0006928,GO:0006935,GO:0006955,GO:0006996,GO:0007155,GO:0007162,GO:0007165,GO:0007166,GO:0007167,GO:0007178,GO:0007223,GO:0007267,GO:0007275,GO:0007369,GO:0007389,GO:0007399,GO:0007405,GO:0007417,GO:0007420,GO:0007423,GO:0007498,GO:0007600,GO:0007606,GO:0008013,GO:0008134,GO:0008152,GO:0008219,GO:0008283,GO:0008284,GO:0009058,GO:0009059,GO:0009653,GO:0009719,GO:0009725,GO:0009755,GO:0009790,GO:0009792,GO:0009887,GO:0009888,GO:0009891,GO:0009893,GO:0009952,GO:0009966,GO:0009968,GO:0010001,GO:0010033,GO:0010035,GO:0010038,GO:0010171,GO:0010226,GO:0010466,GO:0010467,GO:0010557,GO:0010564,GO:0010604,GO:0010628,GO:0010646,GO:0010648,GO:0010717,GO:0010718,GO:0010941,GO:0010951,GO:0012501,GO:0014031,GO:0014032,GO:0014033,GO:0014070,GO:0016043,GO:0016055,GO:0016070,GO:0016202,GO:0016444,GO:0016477,GO:0016569,GO:0016570,GO:0016573,GO:0017145,GO:0018130,GO:0018193,GO:0018205,GO:0018393,GO:0018394,GO:0019438,GO:0019538,GO:0019899,GO:0019904,GO:0021535,GO:0021536,GO:0021537,GO:0021542,GO:0021543,GO:0021761,GO:0021766,GO:0021854,GO:0021861,GO:0021872,GO:0021873,GO:0021879,GO:0021932,GO:0021943,GO:0021953,GO:0022008,GO:0022407,GO:0022408,GO:0022409,GO:0022414,GO:0022607,GO:0022610,GO:0023051,GO:0023052,GO:0023057,GO:0030097,GO:0030098,GO:0030099,GO:0030111,GO:0030154,GO:0030155,GO:0030162,GO:0030178,GO:0030182,GO:0030217,GO:0030223,GO:0030234,GO:0030284,GO:0030307,GO:0030326,GO:0030331,GO:0030334,GO:0030335,GO:0030414,GO:0030509,GO:0030851,GO:0030852,GO:0030854,GO:0030855,GO:0030879,GO:0030900,GO:0030902,GO:0031099,GO:0031100,GO:0031325,GO:0031328,GO:0032091,GO:0032268,GO:0032269,GO:0032501,GO:0032502,GO:0032656,GO:0032673,GO:0032674,GO:0032696,GO:0032713,GO:0032714,GO:0032774,GO:0032870,GO:0032879,GO:0032943,GO:0032989,GO:0032991,GO:0032993,GO:0033151,GO:0033153,GO:0033993,GO:0034097,GO:0034641,GO:0034645,GO:0034654,GO:0035107,GO:0035108,GO:0035113,GO:0035239,GO:0035257,GO:0035258,GO:0035282,GO:0035295,GO:0035326,GO:0035567,GO:0035710,GO:0035821,GO:0036211,GO:0036445,GO:0038023,GO:0040011,GO:0040012,GO:0040017,GO:0042063,GO:0042088,GO:0042093,GO:0042100,GO:0042110,GO:0042113,GO:0042127,GO:0042221,GO:0042330,GO:0042393,GO:0042475,GO:0042476,GO:0042692,GO:0042826,GO:0042981,GO:0043009,GO:0043027,GO:0043028,GO:0043066,GO:0043067,GO:0043069,GO:0043086,GO:0043154,GO:0043170,GO:0043281,GO:0043367,GO:0043392,GO:0043393,GO:0043401,GO:0043412,GO:0043473,GO:0043543,GO:0043586,GO:0043588,GO:0043900,GO:0043902,GO:0043903,GO:0043921,GO:0043923,GO:0043933,GO:0043966,GO:0043967,GO:0044085,GO:0044092,GO:0044237,GO:0044238,GO:0044249,GO:0044260,GO:0044267,GO:0044271,GO:0044403,GO:0044798,GO:0045063,GO:0045295,GO:0045321,GO:0045595,GO:0045597,GO:0045637,GO:0045639,GO:0045785,GO:0045787,GO:0045843,GO:0045861,GO:0045893,GO:0045927,GO:0045935,GO:0045944,GO:0046483,GO:0046631,GO:0046632,GO:0046649,GO:0046651,GO:0046782,GO:0048066,GO:0048069,GO:0048103,GO:0048332,GO:0048339,GO:0048340,GO:0048341,GO:0048468,GO:0048513,GO:0048514,GO:0048518,GO:0048522,GO:0048524,GO:0048534,GO:0048545,GO:0048568,GO:0048583,GO:0048585,GO:0048598,GO:0048608,GO:0048634,GO:0048635,GO:0048646,GO:0048699,GO:0048729,GO:0048731,GO:0048732,GO:0048736,GO:0048747,GO:0048754,GO:0048762,GO:0048856,GO:0048863,GO:0048864,GO:0048869,GO:0048870,GO:0050434,GO:0050790,GO:0050792,GO:0050793,GO:0050877,GO:0050909,GO:0051093,GO:0051094,GO:0051098,GO:0051100,GO:0051101,GO:0051128,GO:0051146,GO:0051173,GO:0051179,GO:0051239,GO:0051240,GO:0051241,GO:0051246,GO:0051248,GO:0051254,GO:0051270,GO:0051272,GO:0051276,GO:0051301,GO:0051336,GO:0051346,GO:0051427,GO:0051674,GO:0051702,GO:0051726,GO:0051817,GO:0051851,GO:0052312,GO:0052472,GO:0052547,GO:0052548,GO:0055001,GO:0055002,GO:0055057,GO:0060019,GO:0060021,GO:0060033,GO:0060070,GO:0060089,GO:0060173,GO:0060322,GO:0060323,GO:0060324,GO:0060325,GO:0060326,GO:0060429,GO:0060438,GO:0060485,GO:0060541,GO:0060548,GO:0060561,GO:0060562,GO:0060563,GO:0060669,GO:0060710,GO:0060711,GO:0060713,GO:0060828,GO:0061053,GO:0061061,GO:0061134,GO:0061135,GO:0061138,GO:0061152,GO:0061153,GO:0061351,GO:0061458,GO:0062009,GO:0065003,GO:0065009,GO:0070016,GO:0070661,GO:0070670,GO:0070742,GO:0070848,GO:0070887,GO:0071310,GO:0071345,GO:0071353,GO:0071363,GO:0071383,GO:0071396,GO:0071407,GO:0071495,GO:0071704,GO:0071772,GO:0071773,GO:0071840,GO:0071863,GO:0071864,GO:0071865,GO:0071866,GO:0071895,GO:0071898,GO:0071899,GO:0072001,GO:0072089,GO:0072132,GO:0072358,GO:0072359,GO:0090068,GO:0090090,GO:0090304,GO:0090575,GO:0097659,GO:0098609,GO:0098772,GO:0198738,GO:1900120,GO:1900121,GO:1901360,GO:1901362,GO:1901564,GO:1901576,GO:1901861,GO:1901862,GO:1902105,GO:1902107,GO:1902262,GO:1902680,GO:1902742,GO:1903508,GO:1903706,GO:1903708,GO:1904837,GO:1905114,GO:1990907,GO:2000026,GO:2000116,GO:2000117,GO:2000145,GO:2000147,GO:0000746,GO:0000747,GO:0001196,GO:0001197,GO:0006995,GO:0007049,GO:0007329,GO:0007530,GO:0007531,GO:0007532,GO:0009371,GO:0009373,GO:0010514,GO:0019236,GO:0019953,GO:0031136,GO:0031137,GO:0031139,GO:0036278,GO:0043388,GO:0043562,GO:0044093,GO:0044374,GO:0044377,GO:0044703,GO:0044764,GO:0045165,GO:0045895,GO:0046019,GO:0046999,GO:0051099,GO:0051321,GO:0071444,GO:1900237,GO:1900406,GO:1901522,GO:1903025,GO:1904788,GO:1905636,GO:2000241,GO:2000243,GO:2000677,GO:2000679
OG0007438	HG_7439	
OG0006683	HG_6684	
OG0004393	HG_4394	
OG0012669	HG_12670	GO:0000003,GO:0000122,GO:0000228,GO:0000302,GO:0000304,GO:0000785,GO:0000790,GO:0000976,GO:0000977,GO:0000978,GO:0000981,GO:0000982,GO:0000987,GO:0000988,GO:0000989,GO:0001012,GO:0001067,GO:0001076,GO:0001077,GO:0001079,GO:0001080,GO:0001134,GO:0001135,GO:0001190,GO:0001191,GO:0001228,GO:0003006,GO:0003674,GO:0003676,GO:0003677,GO:0003682,GO:0003690,GO:0003700,GO:0005488,GO:0005515,GO:0005575,GO:0005622,GO:0005623,GO:0005634,GO:0005667,GO:0005694,GO:0005737,GO:0006139,GO:0006351,GO:0006355,GO:0006357,GO:0006366,GO:0006725,GO:0006732,GO:0006807,GO:0006808,GO:0006915,GO:0006950,GO:0006970,GO:0006972,GO:0006979,GO:0006995,GO:0007049,GO:0007154,GO:0007584,GO:0008150,GO:0008152,GO:0008219,GO:0009058,GO:0009059,GO:0009108,GO:0009266,GO:0009267,GO:0009403,GO:0009404,GO:0009408,GO:0009410,GO:0009605,GO:0009607,GO:0009628,GO:0009651,GO:0009653,GO:0009719,GO:0009889,GO:0009890,GO:0009891,GO:0009892,GO:0009893,GO:0009894,GO:0009896,GO:0009966,GO:0009987,GO:0009991,GO:0010033,GO:0010035,GO:0010038,GO:0010243,GO:0010467,GO:0010468,GO:0010506,GO:0010508,GO:0010556,GO:0010557,GO:0010558,GO:0010565,GO:0010566,GO:0010604,GO:0010605,GO:0010628,GO:0010629,GO:0010646,GO:0010647,GO:0010688,GO:0010691,GO:0010913,GO:0012501,GO:0014070,GO:0014074,GO:0016070,GO:0018130,GO:0018904,GO:0018958,GO:0019219,GO:0019222,GO:0019438,GO:0019748,GO:0019953,GO:0019954,GO:0020012,GO:0022402,GO:0022414,GO:0023051,GO:0030154,GO:0030435,GO:0030436,GO:0030682,GO:0031000,GO:0031323,GO:0031324,GO:0031325,GO:0031326,GO:0031327,GO:0031328,GO:0031329,GO:0031331,GO:0031334,GO:0031667,GO:0031668,GO:0031669,GO:0031670,GO:0031974,GO:0031981,GO:0032101,GO:0032103,GO:0032104,GO:0032106,GO:0032107,GO:0032109,GO:0032502,GO:0032774,GO:0032991,GO:0033554,GO:0034293,GO:0034599,GO:0034605,GO:0034641,GO:0034645,GO:0034654,GO:0035690,GO:0036003,GO:0036091,GO:0036182,GO:0036184,GO:0036245,GO:0036251,GO:0036252,GO:0036270,GO:0036278,GO:0042180,GO:0042181,GO:0042221,GO:0042493,GO:0042538,GO:0042594,GO:0042802,GO:0043170,GO:0043207,GO:0043226,GO:0043227,GO:0043228,GO:0043229,GO:0043231,GO:0043232,GO:0043233,GO:0043254,GO:0043279,GO:0043385,GO:0043386,GO:0043455,GO:0043562,GO:0043565,GO:0043618,GO:0043619,GO:0043620,GO:0043621,GO:0043934,GO:0043935,GO:0044087,GO:0044089,GO:0044212,GO:0044237,GO:0044238,GO:0044249,GO:0044260,GO:0044271,GO:0044281,GO:0044283,GO:0044403,GO:0044413,GO:0044415,GO:0044419,GO:0044422,GO:0044424,GO:0044427,GO:0044428,GO:0044446,GO:0044454,GO:0044464,GO:0044550,GO:0044703,GO:0044798,GO:0045460,GO:0045461,GO:0045892,GO:0045893,GO:0045898,GO:0045899,GO:0045934,GO:0045935,GO:0045944,GO:0046189,GO:0046483,GO:0046685,GO:0046686,GO:0048518,GO:0048519,GO:0048522,GO:0048523,GO:0048583,GO:0048584,GO:0048646,GO:0048856,GO:0048869,GO:0050789,GO:0050794,GO:0050896,GO:0051128,GO:0051130,GO:0051171,GO:0051172,GO:0051173,GO:0051186,GO:0051188,GO:0051193,GO:0051195,GO:0051196,GO:0051198,GO:0051252,GO:0051253,GO:0051254,GO:0051321,GO:0051701,GO:0051704,GO:0051707,GO:0051716,GO:0051805,GO:0051807,GO:0051832,GO:0051834,GO:0052173,GO:0052200,GO:0052564,GO:0052572,GO:0060255,GO:0060260,GO:0060261,GO:0060962,GO:0061392,GO:0061393,GO:0061394,GO:0061395,GO:0061404,GO:0061408,GO:0061416,GO:0062012,GO:0062014,GO:0065007,GO:0070013,GO:0070887,GO:0071214,GO:0071241,GO:0071243,GO:0071248,GO:0071276,GO:0071310,GO:0071312,GO:0071313,GO:0071407,GO:0071415,GO:0071417,GO:0071466,GO:0071470,GO:0071472,GO:0071474,GO:0071475,GO:0071495,GO:0071496,GO:0071704,GO:0075136,GO:0080090,GO:0080134,GO:0080135,GO:0090293,GO:0090294,GO:0090304,GO:0090575,GO:0097159,GO:0097659,GO:0104004,GO:0140110,GO:1900101,GO:1900183,GO:1900184,GO:1900376,GO:1900377,GO:1900379,GO:1900380,GO:1900760,GO:1900764,GO:1900766,GO:1900791,GO:1900793,GO:1900834,GO:1900835,GO:1901360,GO:1901362,GO:1901363,GO:1901376,GO:1901378,GO:1901503,GO:1901522,GO:1901576,GO:1901615,GO:1901617,GO:1901654,GO:1901655,GO:1901661,GO:1901663,GO:1901698,GO:1901699,GO:1901700,GO:1901701,GO:1902679,GO:1902680,GO:1903046,GO:1903506,GO:1903507,GO:1903508,GO:1903832,GO:1903833,GO:1905897,GO:1990837,GO:2000112,GO:2000113,GO:2000142,GO:2000144,GO:2001141,GO:2001305,GO:2001307
OG0006708	HG_6709	
OG0004588	HG_4589	
OG0009229	HG_9230	
OG0004764	HG_4765	GO:0000003,GO:0000122,GO:0000741,GO:0000742,GO:0000746,GO:0000747,GO:0003674,GO:0003700,GO:0005575,GO:0005622,GO:0005623,GO:0005634,GO:0005737,GO:0005829,GO:0006355,GO:0006357,GO:0006996,GO:0006997,GO:0007049,GO:0007329,GO:0008150,GO:0009371,GO:0009373,GO:0009889,GO:0009890,GO:0009891,GO:0009892,GO:0009893,GO:0009987,GO:0010033,GO:0010468,GO:0010556,GO:0010557,GO:0010558,GO:0010604,GO:0010605,GO:0010628,GO:0010629,GO:0016043,GO:0019219,GO:0019222,GO:0019236,GO:0019953,GO:0022414,GO:0031323,GO:0031324,GO:0031325,GO:0031326,GO:0031327,GO:0031328,GO:0042221,GO:0043226,GO:0043227,GO:0043229,GO:0043231,GO:0044424,GO:0044444,GO:0044464,GO:0044703,GO:0044764,GO:0045892,GO:0045893,GO:0045934,GO:0045935,GO:0045944,GO:0045996,GO:0046019,GO:0046020,GO:0048284,GO:0048518,GO:0048519,GO:0048522,GO:0048523,GO:0050789,GO:0050794,GO:0050896,GO:0051171,GO:0051172,GO:0051173,GO:0051252,GO:0051253,GO:0051254,GO:0051321,GO:0051704,GO:0051716,GO:0060255,GO:0065007,GO:0070887,GO:0071310,GO:0071444,GO:0071840,GO:0080090,GO:0140110,GO:1901522,GO:1902679,GO:1902680,GO:1903506,GO:1903507,GO:1903508,GO:2000112,GO:2000113,GO:2001141,GO:0001510,GO:0001558,GO:0001734,GO:0003824,GO:0005654,GO:0006139,GO:0006725,GO:0006807,GO:0008152,GO:0008168,GO:0008173,GO:0008174,GO:0008757,GO:0009451,GO:0010570,GO:0016070,GO:0016071,GO:0016422,GO:0016556,GO:0016604,GO:0016607,GO:0016740,GO:0016741,GO:0030308,GO:0031974,GO:0031981,GO:0032259,GO:0032991,GO:0034641,GO:0034708,GO:0036396,GO:0040008,GO:0043170,GO:0043233,GO:0043412,GO:0043414,GO:0044237,GO:0044238,GO:0044260,GO:0044422,GO:0044428,GO:0044446,GO:0044451,GO:0045293,GO:0045926,GO:0046483,GO:0051128,GO:0060258,GO:0070013,GO:0070784,GO:0070785,GO:0071704,GO:0080009,GO:0090304,GO:0140098,GO:1900428,GO:1900429,GO:1901360,GO:1902494,GO:1990234,GO:2000220,GO:2000221
OG0002779	HG_2780	GO:0000139,GO:0000322,GO:0000323,GO:0000324,GO:0000329,GO:0003674,GO:0005215,GO:0005351,GO:0005355,GO:0005365,GO:0005402,GO:0005575,GO:0005622,GO:0005623,GO:0005737,GO:0005773,GO:0005774,GO:0005794,GO:0005886,GO:0006810,GO:0006811,GO:0006812,GO:0007124,GO:0008150,GO:0008324,GO:0008643,GO:0008645,GO:0009987,GO:0012505,GO:0015075,GO:0015077,GO:0015078,GO:0015144,GO:0015145,GO:0015149,GO:0015166,GO:0015291,GO:0015293,GO:0015294,GO:0015295,GO:0015318,GO:0015672,GO:0015749,GO:0015791,GO:0015798,GO:0015850,GO:0016020,GO:0016021,GO:0016049,GO:0022804,GO:0022857,GO:0022890,GO:0030447,GO:0031090,GO:0031224,GO:0031984,GO:0034219,GO:0034220,GO:0040007,GO:0043226,GO:0043227,GO:0043229,GO:0043231,GO:0044182,GO:0044422,GO:0044424,GO:0044425,GO:0044431,GO:0044437,GO:0044444,GO:0044446,GO:0044464,GO:0046323,GO:0051119,GO:0051179,GO:0051234,GO:0055085,GO:0070783,GO:0071702,GO:0071944,GO:0098588,GO:0098655,GO:0098657,GO:0098660,GO:0098662,GO:0098704,GO:0098739,GO:0098791,GO:0098805,GO:0098852,GO:1901618,GO:1902600,GO:1904659,GO:1904679,GO:0000166,GO:0003824,GO:0005488,GO:0005524,GO:0005829,GO:0005840,GO:0006417,GO:0006448,GO:0008144,GO:0009889,GO:0010468,GO:0010556,GO:0010608,GO:0016462,GO:0016787,GO:0016817,GO:0016818,GO:0016887,GO:0017076,GO:0017111,GO:0019222,GO:0022626,GO:0030554,GO:0031323,GO:0031326,GO:0032268,GO:0032553,GO:0032555,GO:0032559,GO:0032991,GO:0034248,GO:0035639,GO:0036094,GO:0043167,GO:0043168,GO:0043228,GO:0043232,GO:0044445,GO:0050789,GO:0050794,GO:0051171,GO:0051246,GO:0060255,GO:0065007,GO:0080090,GO:0097159,GO:0097367,GO:1900247,GO:1901265,GO:1901363,GO:1990904,GO:2000112,GO:2000765
OG0010481	HG_10482	
OG0007577	HG_7578	
OG0007407	HG_7408	
OG0006388	HG_6389	GO:0000209,GO:0003674,GO:0003682,GO:0003824,GO:0004842,GO:0005488,GO:0005515,GO:0005575,GO:0005622,GO:0005623,GO:0005737,GO:0005829,GO:0006139,GO:0006351,GO:0006355,GO:0006357,GO:0006464,GO:0006725,GO:0006807,GO:0007154,GO:0007165,GO:0007275,GO:0007389,GO:0007399,GO:0008150,GO:0008152,GO:0008270,GO:0009058,GO:0009059,GO:0009790,GO:0009792,GO:0009798,GO:0009889,GO:0009891,GO:0009893,GO:0009987,GO:0010033,GO:0010467,GO:0010468,GO:0010556,GO:0010557,GO:0010604,GO:0010628,GO:0010721,GO:0014065,GO:0016070,GO:0016567,GO:0016740,GO:0018130,GO:0019219,GO:0019222,GO:0019438,GO:0019538,GO:0019787,GO:0022008,GO:0023052,GO:0030154,GO:0031323,GO:0031325,GO:0031326,GO:0031328,GO:0032446,GO:0032501,GO:0032502,GO:0032774,GO:0032991,GO:0034097,GO:0034641,GO:0034645,GO:0034654,GO:0035556,GO:0036211,GO:0042221,GO:0042802,GO:0043167,GO:0043169,GO:0043170,GO:0043412,GO:0043491,GO:0044237,GO:0044238,GO:0044249,GO:0044260,GO:0044267,GO:0044271,GO:0044424,GO:0044444,GO:0044464,GO:0045595,GO:0045596,GO:0045893,GO:0045935,GO:0045944,GO:0046483,GO:0046872,GO:0046914,GO:0048015,GO:0048017,GO:0048518,GO:0048519,GO:0048522,GO:0048523,GO:0048699,GO:0048731,GO:0048856,GO:0048869,GO:0050767,GO:0050768,GO:0050789,GO:0050793,GO:0050794,GO:0050896,GO:0051093,GO:0051171,GO:0051173,GO:0051239,GO:0051241,GO:0051252,GO:0051254,GO:0051716,GO:0051960,GO:0051961,GO:0060255,GO:0060284,GO:0061630,GO:0061659,GO:0065007,GO:0070647,GO:0070887,GO:0071310,GO:0071345,GO:0071704,GO:0080090,GO:0090304,GO:0097659,GO:0140096,GO:1901360,GO:1901362,GO:1901564,GO:1901576,GO:1902680,GO:1903506,GO:1903508,GO:1990823,GO:1990830,GO:1990904,GO:2000026,GO:2000112,GO:2001141
OG0000028	HG_29	GO:0000003,GO:0000075,GO:0000076,GO:0000077,GO:0000228,GO:0000278,GO:0000280,GO:0000722,GO:0000723,GO:0000781,GO:0000785,GO:0000790,GO:0000792,GO:0003674,GO:0003824,GO:0004672,GO:0004674,GO:0005575,GO:0005622,GO:0005623,GO:0005634,GO:0005694,GO:0005730,GO:0005737,GO:0005739,GO:0006139,GO:0006259,GO:0006260,GO:0006275,GO:0006281,GO:0006282,GO:0006310,GO:0006312,GO:0006325,GO:0006464,GO:0006468,GO:0006725,GO:0006793,GO:0006796,GO:0006807,GO:0006950,GO:0006974,GO:0006975,GO:0006996,GO:0007049,GO:0007093,GO:0007095,GO:0007127,GO:0007131,GO:0007346,GO:0008104,GO:0008150,GO:0008152,GO:0009058,GO:0009059,GO:0009889,GO:0009891,GO:0009893,GO:0009987,GO:0010389,GO:0010556,GO:0010557,GO:0010564,GO:0010571,GO:0010604,GO:0010639,GO:0010948,GO:0010972,GO:0016043,GO:0016301,GO:0016310,GO:0016569,GO:0016570,GO:0016572,GO:0016740,GO:0016772,GO:0016773,GO:0018105,GO:0018193,GO:0018209,GO:0019219,GO:0019222,GO:0019538,GO:0022402,GO:0022414,GO:0030174,GO:0031323,GO:0031325,GO:0031326,GO:0031328,GO:0031570,GO:0031572,GO:0031573,GO:0031974,GO:0031981,GO:0032200,GO:0032298,GO:0033036,GO:0033043,GO:0033262,GO:0033313,GO:0033314,GO:0033365,GO:0033554,GO:0034502,GO:0034613,GO:0034641,GO:0034645,GO:0035825,GO:0036211,GO:0040020,GO:0042592,GO:0043170,GO:0043226,GO:0043227,GO:0043228,GO:0043229,GO:0043231,GO:0043232,GO:0043233,GO:0043412,GO:0044237,GO:0044238,GO:0044249,GO:0044260,GO:0044267,GO:0044422,GO:0044424,GO:0044427,GO:0044428,GO:0044444,GO:0044446,GO:0044454,GO:0044464,GO:0044773,GO:0044774,GO:0044818,GO:0045739,GO:0045740,GO:0045786,GO:0045787,GO:0045835,GO:0045930,GO:0045931,GO:0045935,GO:0046483,GO:0048285,GO:0048518,GO:0048519,GO:0048522,GO:0048523,GO:0048583,GO:0048584,GO:0050789,GO:0050794,GO:0050896,GO:0051052,GO:0051054,GO:0051128,GO:0051129,GO:0051171,GO:0051173,GO:0051179,GO:0051276,GO:0051321,GO:0051445,GO:0051446,GO:0051447,GO:0051598,GO:0051641,GO:0051716,GO:0051726,GO:0051783,GO:0051784,GO:0060249,GO:0060255,GO:0061982,GO:0065007,GO:0065008,GO:0070013,GO:0070198,GO:0070727,GO:0071704,GO:0071840,GO:0080090,GO:0080134,GO:0080135,GO:0090068,GO:0090304,GO:0090329,GO:0098687,GO:0140013,GO:0140096,GO:1901360,GO:1901564,GO:1901576,GO:1901976,GO:1901978,GO:1901987,GO:1901988,GO:1901990,GO:1901991,GO:1902749,GO:1902750,GO:1903046,GO:1903047,GO:1904289,GO:1904291,GO:1904512,GO:1904514,GO:1990164,GO:1990421,GO:1990853,GO:2000001,GO:2000003,GO:2000105,GO:2000112,GO:2000241,GO:2000242,GO:2000243,GO:2001020,GO:2001022
OG0007263	HG_7264	
OG0010632	HG_10633	
OG0017738	HG_17739	
OG0027576	HG_27577	
OG0005520	HG_5521	GO:0000322,GO:0000323,GO:0000324,GO:0005575,GO:0005622,GO:0005623,GO:0005737,GO:0005773,GO:0005783,GO:0005933,GO:0005935,GO:0012505,GO:0016020,GO:0016021,GO:0030427,GO:0031224,GO:0043226,GO:0043227,GO:0043229,GO:0043231,GO:0044424,GO:0044425,GO:0044444,GO:0044464
OG0004067	HG_4068	GO:0003674,GO:0005488,GO:0005515,GO:0005070,GO:0005575,GO:0005623,GO:0005886,GO:0006810,GO:0006897,GO:0006909,GO:0006911,GO:0006915,GO:0006928,GO:0006996,GO:0007010,GO:0007154,GO:0007165,GO:0008150,GO:0008219,GO:0009966,GO:0009967,GO:0009987,GO:0010324,GO:0010646,GO:0010647,GO:0012501,GO:0016020,GO:0016043,GO:0016192,GO:0016477,GO:0023051,GO:0023052,GO:0023056,GO:0030029,GO:0030036,GO:0030100,GO:0030334,GO:0030335,GO:0030674,GO:0031532,GO:0032502,GO:0032879,GO:0035591,GO:0040011,GO:0040012,GO:0040017,GO:0043277,GO:0043652,GO:0044464,GO:0044877,GO:0045807,GO:0048518,GO:0048522,GO:0048583,GO:0048584,GO:0048856,GO:0048870,GO:0050764,GO:0050766,GO:0050789,GO:0050794,GO:0050896,GO:0051049,GO:0051050,GO:0051128,GO:0051130,GO:0051179,GO:0051234,GO:0051270,GO:0051272,GO:0051674,GO:0051716,GO:0060090,GO:0060099,GO:0060100,GO:0060627,GO:0061024,GO:0065007,GO:0071840,GO:0071944,GO:0098657,GO:0099024,GO:1901074,GO:1901076,GO:1902742,GO:1903354,GO:1903356,GO:1905153,GO:1905155,GO:2000145,GO:2000147,GO:2000425,GO:2000427,GO:0000003,GO:0000746,GO:0000747,GO:0000749,GO:0000750,GO:0001302,GO:0001678,GO:0005085,GO:0005088,GO:0005622,GO:0005634,GO:0005737,GO:0005783,GO:0005789,GO:0005829,GO:0005856,GO:0005937,GO:0006950,GO:0007089,GO:0007163,GO:0007186,GO:0007264,GO:0007265,GO:0007346,GO:0007568,GO:0007569,GO:0008360,GO:0009267,GO:0009605,GO:0009607,GO:0009743,GO:0009746,GO:0009749,GO:0009991,GO:0010033,GO:0010564,GO:0012505,GO:0015629,GO:0017016,GO:0019236,GO:0019725,GO:0019899,GO:0019932,GO:0019933,GO:0019935,GO:0019953,GO:0022414,GO:0022603,GO:0022604,GO:0030427,GO:0030447,GO:0031136,GO:0031137,GO:0031139,GO:0031267,GO:0031667,GO:0031668,GO:0031669,GO:0031984,GO:0032005,GO:0033500,GO:0033554,GO:0034284,GO:0035556,GO:0036170,GO:0036180,GO:0040007,GO:0042175,GO:0042221,GO:0042592,GO:0042593,GO:0042594,GO:0042995,GO:0043226,GO:0043227,GO:0043228,GO:0043229,GO:0043231,GO:0043232,GO:0043332,GO:0043900,GO:0043902,GO:0044182,GO:0044422,GO:0044424,GO:0044425,GO:0044430,GO:0044432,GO:0044444,GO:0044446,GO:0044463,GO:0044703,GO:0044764,GO:0045787,GO:0045931,GO:0046999,GO:0048869,GO:0048878,GO:0050793,GO:0051020,GO:0051286,GO:0051704,GO:0051726,GO:0055082,GO:0065008,GO:0065009,GO:0070887,GO:0071310,GO:0071322,GO:0071326,GO:0071331,GO:0071333,GO:0071444,GO:0071496,GO:0071963,GO:0090068,GO:0098772,GO:0098827,GO:0120025,GO:0120038,GO:1900087,GO:1901700,GO:1901701,GO:1901987,GO:1901989,GO:1901990,GO:1901992,GO:1902806,GO:1902808,GO:1990819,GO:2000045,GO:2000241,GO:2000243,GO:0001726,GO:0003779,GO:0005543,GO:0005938,GO:0007015,GO:0008064,GO:0008092,GO:0008289,GO:0010639,GO:0022607,GO:0030479,GO:0030832,GO:0030833,GO:0030863,GO:0030864,GO:0031252,GO:0031253,GO:0031256,GO:0031344,GO:0032271,GO:0032535,GO:0032587,GO:0032956,GO:0032970,GO:0033043,GO:0034315,GO:0034316,GO:0035091,GO:0043167,GO:0043168,GO:0043254,GO:0044085,GO:0044087,GO:0044448,GO:0044459,GO:0048519,GO:0048523,GO:0051015,GO:0051017,GO:0051125,GO:0051126,GO:0051129,GO:0051493,GO:0051494,GO:0051641,GO:0051666,GO:0060491,GO:0061572,GO:0061645,GO:0090066,GO:0097435,GO:0098590,GO:0099568,GO:0110053,GO:0120032,GO:0120035,GO:1900027,GO:1902903,GO:1902904,GO:0000146,GO:0000147,GO:0000278,GO:0000281,GO:0000282,GO:0000902,GO:0000910,GO:0001411,GO:0003774,GO:0003824,GO:0005628,GO:0005826,GO:0005933,GO:0006887,GO:0006898,GO:0006970,GO:0007009,GO:0007049,GO:0007114,GO:0007121,GO:0009628,GO:0009651,GO:0009653,GO:0009826,GO:0009932,GO:0010256,GO:0010638,GO:0016049,GO:0016459,GO:0016461,GO:0016462,GO:0016787,GO:0016817,GO:0016818,GO:0016887,GO:0017111,GO:0019954,GO:0022402,GO:0030010,GO:0030428,GO:0030838,GO:0030865,GO:0030866,GO:0030898,GO:0031097,GO:0031334,GO:0031505,GO:0031579,GO:0031580,GO:0032153,GO:0032155,GO:0032273,GO:0032505,GO:0032940,GO:0032989,GO:0032991,GO:0042623,GO:0042763,GO:0042764,GO:0044089,GO:0044396,GO:0044853,GO:0044855,GO:0044856,GO:0045010,GO:0045121,GO:0045160,GO:0045229,GO:0046903,GO:0048589,GO:0051127,GO:0051285,GO:0051301,GO:0051495,GO:0051665,GO:0051668,GO:0060560,GO:0061640,GO:0070938,GO:0071554,GO:0071555,GO:0071852,GO:0098589,GO:0098805,GO:0098857,GO:0099738,GO:1902905,GO:1903047,GO:2000601,GO:0001402,GO:0001932,GO:0001934,GO:0004888,GO:0005034,GO:0005078,GO:0005198,GO:0005935,GO:0006979,GO:0007231,GO:0007232,GO:0009266,GO:0009268,GO:0009272,GO:0009408,GO:0009893,GO:0010562,GO:0010570,GO:0010604,GO:0016021,GO:0019220,GO:0019222,GO:0019900,GO:0031224,GO:0031323,GO:0031325,GO:0031399,GO:0031401,GO:0032268,GO:0032270,GO:0032947,GO:0034599,GO:0034605,GO:0036176,GO:0036177,GO:0036178,GO:0036244,GO:0038023,GO:0040008,GO:0042325,GO:0042327,GO:0042546,GO:0043408,GO:0043410,GO:0044697,GO:0045927,GO:0045937,GO:0051171,GO:0051173,GO:0051174,GO:0051246,GO:0051247,GO:0060089,GO:0060255,GO:0071214,GO:0071467,GO:0071470,GO:0080090,GO:0090033,GO:0104004,GO:1900428,GO:1900430,GO:1902531,GO:1902533,GO:0008104,GO:0030834,GO:0030835,GO:0030837,GO:0031333,GO:0032272,GO:0033036,GO:0033365,GO:0034613,GO:0043242,GO:0043244,GO:0044379,GO:0044380,GO:0051016,GO:0051693,GO:0070727,GO:0072697,GO:0099079,GO:1901879,GO:1901880,GO:1903119,GO:1990778
OG0007097	HG_7098	
OG0005844	HG_5845	GO:0003674,GO:0005215,GO:0005575,GO:0005622,GO:0005623,GO:0005737,GO:0005739,GO:0005740,GO:0005743,GO:0006810,GO:0006996,GO:0007005,GO:0007006,GO:0008104,GO:0008150,GO:0008565,GO:0009987,GO:0015031,GO:0015833,GO:0016020,GO:0016021,GO:0016043,GO:0019866,GO:0031090,GO:0031224,GO:0031300,GO:0031301,GO:0031304,GO:0031305,GO:0031966,GO:0031967,GO:0031975,GO:0032592,GO:0032977,GO:0032978,GO:0032979,GO:0033036,GO:0033365,GO:0034613,GO:0042886,GO:0043226,GO:0043227,GO:0043229,GO:0043231,GO:0044422,GO:0044424,GO:0044425,GO:0044429,GO:0044444,GO:0044446,GO:0044455,GO:0044464,GO:0045184,GO:0051179,GO:0051204,GO:0051205,GO:0051234,GO:0051641,GO:0051649,GO:0061024,GO:0070585,GO:0070727,GO:0071702,GO:0071705,GO:0071840,GO:0072594,GO:0072655,GO:0072657,GO:0090150,GO:0098573
OG0002041	HG_2042	
OG0005627	HG_5628	GO:0000122,GO:0000228,GO:0000785,GO:0000790,GO:0000976,GO:0000977,GO:0000978,GO:0000981,GO:0000987,GO:0000988,GO:0000989,GO:0001012,GO:0001067,GO:0001076,GO:0001079,GO:0001080,GO:0001134,GO:0001135,GO:0001190,GO:0001191,GO:0003674,GO:0003676,GO:0003677,GO:0003682,GO:0003690,GO:0003700,GO:0005488,GO:0005575,GO:0005622,GO:0005623,GO:0005634,GO:0005667,GO:0005694,GO:0006139,GO:0006351,GO:0006355,GO:0006357,GO:0006366,GO:0006725,GO:0006807,GO:0006808,GO:0007154,GO:0007584,GO:0008150,GO:0008152,GO:0009058,GO:0009059,GO:0009605,GO:0009719,GO:0009889,GO:0009890,GO:0009891,GO:0009892,GO:0009893,GO:0009987,GO:0009991,GO:0010033,GO:0010243,GO:0010467,GO:0010468,GO:0010556,GO:0010557,GO:0010558,GO:0010604,GO:0010605,GO:0010628,GO:0010629,GO:0010646,GO:0010647,GO:0010688,GO:0010691,GO:0016070,GO:0018130,GO:0019219,GO:0019222,GO:0019438,GO:0031323,GO:0031324,GO:0031325,GO:0031326,GO:0031327,GO:0031328,GO:0031334,GO:0031667,GO:0031668,GO:0031669,GO:0031670,GO:0031974,GO:0031981,GO:0032101,GO:0032103,GO:0032104,GO:0032106,GO:0032107,GO:0032109,GO:0032774,GO:0032991,GO:0034641,GO:0034645,GO:0034654,GO:0042221,GO:0043170,GO:0043226,GO:0043227,GO:0043228,GO:0043229,GO:0043231,GO:0043232,GO:0043233,GO:0043254,GO:0043565,GO:0044087,GO:0044089,GO:0044212,GO:0044237,GO:0044238,GO:0044249,GO:0044260,GO:0044271,GO:0044422,GO:0044424,GO:0044427,GO:0044428,GO:0044446,GO:0044454,GO:0044464,GO:0045892,GO:0045893,GO:0045898,GO:0045899,GO:0045934,GO:0045935,GO:0045944,GO:0046483,GO:0048518,GO:0048519,GO:0048522,GO:0048523,GO:0048583,GO:0048584,GO:0050789,GO:0050794,GO:0050896,GO:0051128,GO:0051130,GO:0051171,GO:0051172,GO:0051173,GO:0051252,GO:0051253,GO:0051254,GO:0051716,GO:0060255,GO:0060260,GO:0060261,GO:0060962,GO:0065007,GO:0070013,GO:0070887,GO:0071310,GO:0071417,GO:0071495,GO:0071496,GO:0071704,GO:0080090,GO:0080134,GO:0080135,GO:0090293,GO:0090294,GO:0090304,GO:0097159,GO:0097659,GO:0140110,GO:1901360,GO:1901362,GO:1901363,GO:1901576,GO:1901698,GO:1901699,GO:1902679,GO:1902680,GO:1903506,GO:1903507,GO:1903508,GO:1903832,GO:1903833,GO:1990837,GO:2000112,GO:2000113,GO:2000142,GO:2000144,GO:2001141
OG0007861	HG_7862	
OG0008019	HG_8020	GO:0001708,GO:0003674,GO:0003676,GO:0003723,GO:0003729,GO:0003730,GO:0005488,GO:0005515,GO:0005575,GO:0005622,GO:0005623,GO:0005634,GO:0005737,GO:0006139,GO:0006396,GO:0006725,GO:0006807,GO:0007549,GO:0008150,GO:0008152,GO:0009892,GO:0009893,GO:0009987,GO:0010033,GO:0010453,GO:0010467,GO:0010468,GO:0010604,GO:0010605,GO:0010608,GO:0010628,GO:0010629,GO:0014070,GO:0016070,GO:0016441,GO:0016458,GO:0019219,GO:0019222,GO:0019899,GO:0030154,GO:0031047,GO:0031050,GO:0031054,GO:0031323,GO:0031324,GO:0032502,GO:0034470,GO:0034641,GO:0034660,GO:0035194,GO:0035195,GO:0035196,GO:0040029,GO:0040034,GO:0042221,GO:0042659,GO:0043170,GO:0043226,GO:0043227,GO:0043229,GO:0043231,GO:0043331,GO:0044237,GO:0044238,GO:0044424,GO:0044464,GO:0045165,GO:0045595,GO:0045934,GO:0046483,GO:0048518,GO:0048519,GO:0048523,GO:0048583,GO:0048585,GO:0048869,GO:0050789,GO:0050793,GO:0050794,GO:0050896,GO:0051171,GO:0051172,GO:0051252,GO:0051253,GO:0051716,GO:0060147,GO:0060149,GO:0060255,GO:0060964,GO:0060965,GO:0060966,GO:0060967,GO:0060968,GO:0060969,GO:0065007,GO:0070878,GO:0070883,GO:0070887,GO:0070918,GO:0070920,GO:0071310,GO:0071359,GO:0071407,GO:0071704,GO:0080090,GO:0090304,GO:0097159,GO:1901360,GO:1901363,GO:1901698,GO:1901699,GO:1903798,GO:1903799,GO:1990715,GO:2000634,GO:2000635
OG0012031	HG_12032	
OG0009444	HG_9445	
OG0024859	HG_24860	
OG0004470	HG_4471	
OG0003708	HG_3709	GO:0000228,GO:0000724,GO:0000725,GO:0000726,GO:0000785,GO:0000790,GO:0003674,GO:0003824,GO:0004386,GO:0004842,GO:0005488,GO:0005575,GO:0005622,GO:0005623,GO:0005634,GO:0005694,GO:0005737,GO:0005739,GO:0006139,GO:0006259,GO:0006281,GO:0006302,GO:0006303,GO:0006310,GO:0006464,GO:0006725,GO:0006807,GO:0006950,GO:0006974,GO:0008094,GO:0008150,GO:0008152,GO:0008270,GO:0009987,GO:0016462,GO:0016567,GO:0016740,GO:0016787,GO:0016817,GO:0016818,GO:0016887,GO:0017111,GO:0019538,GO:0019787,GO:0031974,GO:0031981,GO:0032446,GO:0033554,GO:0034641,GO:0036211,GO:0042623,GO:0043167,GO:0043169,GO:0043170,GO:0043226,GO:0043227,GO:0043228,GO:0043229,GO:0043231,GO:0043232,GO:0043233,GO:0043412,GO:0044237,GO:0044238,GO:0044260,GO:0044267,GO:0044422,GO:0044424,GO:0044427,GO:0044428,GO:0044444,GO:0044446,GO:0044454,GO:0044464,GO:0045003,GO:0046483,GO:0046872,GO:0046914,GO:0050896,GO:0051716,GO:0061630,GO:0061659,GO:0070013,GO:0070647,GO:0071704,GO:0090304,GO:0140096,GO:1901360,GO:1901564
OG0008214	HG_8215	GO:0003674,GO:0003824,GO:0003964,GO:0005575,GO:0005622,GO:0005623,GO:0005634,GO:0006139,GO:0006259,GO:0006278,GO:0006725,GO:0006807,GO:0008150,GO:0008152,GO:0009058,GO:0009059,GO:0009987,GO:0016740,GO:0016772,GO:0016779,GO:0018130,GO:0019438,GO:0034061,GO:0034641,GO:0034645,GO:0034654,GO:0043170,GO:0043226,GO:0043227,GO:0043229,GO:0043231,GO:0044237,GO:0044238,GO:0044249,GO:0044260,GO:0044271,GO:0044424,GO:0044464,GO:0046483,GO:0071704,GO:0071897,GO:0090304,GO:0140097,GO:1901360,GO:1901362,GO:1901576
OG0012390	HG_12391	
OG0000150	HG_151	GO:0000054,GO:0000055,GO:0000056,GO:0000166,GO:0000775,GO:0000776,GO:0001882,GO:0001883,GO:0003674,GO:0005049,GO:0005215,GO:0005488,GO:0005525,GO:0005575,GO:0005622,GO:0005623,GO:0005634,GO:0005635,GO:0005643,GO:0005694,GO:0005737,GO:0005815,GO:0005816,GO:0005856,GO:0006403,GO:0006405,GO:0006406,GO:0006611,GO:0006810,GO:0006886,GO:0006913,GO:0006950,GO:0006979,GO:0008104,GO:0008150,GO:0008152,GO:0008565,GO:0009987,GO:0010467,GO:0012505,GO:0015031,GO:0015630,GO:0015833,GO:0015931,GO:0016020,GO:0016021,GO:0017076,GO:0019001,GO:0022613,GO:0030684,GO:0030687,GO:0031224,GO:0031503,GO:0031967,GO:0031974,GO:0031975,GO:0031981,GO:0032386,GO:0032549,GO:0032550,GO:0032553,GO:0032555,GO:0032561,GO:0032879,GO:0032880,GO:0032991,GO:0033036,GO:0033157,GO:0033365,GO:0033554,GO:0033750,GO:0034399,GO:0034501,GO:0034502,GO:0034599,GO:0034613,GO:0035639,GO:0036094,GO:0042221,GO:0042254,GO:0042886,GO:0043167,GO:0043168,GO:0043170,GO:0043226,GO:0043227,GO:0043228,GO:0043229,GO:0043231,GO:0043232,GO:0043233,GO:0044085,GO:0044422,GO:0044424,GO:0044425,GO:0044427,GO:0044428,GO:0044430,GO:0044446,GO:0044464,GO:0045184,GO:0046822,GO:0046825,GO:0046907,GO:0050657,GO:0050658,GO:0050789,GO:0050896,GO:0051028,GO:0051049,GO:0051168,GO:0051169,GO:0051179,GO:0051223,GO:0051234,GO:0051236,GO:0051640,GO:0051641,GO:0051649,GO:0051656,GO:0051716,GO:0060341,GO:0065007,GO:0070013,GO:0070201,GO:0070727,GO:0070887,GO:0071166,GO:0071426,GO:0071427,GO:0071428,GO:0071459,GO:0071702,GO:0071704,GO:0071705,GO:0071840,GO:0090087,GO:0097159,GO:0097367,GO:0098687,GO:0140104,GO:0140142,GO:1901265,GO:1901363,GO:1903827,GO:1990904
OG0010645	HG_10646	
OG0006377	HG_6378	
OG0006248	HG_6249	
OG0004907	HG_4908	
OG0008570	HG_8571	
OG0005499	HG_5500	
OG0007469	HG_7470	
OG0011779	HG_11780	
OG0024877	HG_24878	
OG0004810	HG_4811	GO:0000322,GO:0000323,GO:0000324,GO:0001406,GO:0001407,GO:0003674,GO:0005215,GO:0005575,GO:0005622,GO:0005623,GO:0005737,GO:0005773,GO:0005886,GO:0005887,GO:0006810,GO:0006811,GO:0006820,GO:0008150,GO:0008509,GO:0008514,GO:0015075,GO:0015169,GO:0015605,GO:0015711,GO:0015748,GO:0015794,GO:0016020,GO:0016021,GO:0022857,GO:0031224,GO:0031226,GO:0034220,GO:0043226,GO:0043227,GO:0043229,GO:0043231,GO:0044424,GO:0044425,GO:0044444,GO:0044459,GO:0044464,GO:0051179,GO:0051234,GO:0055085,GO:0071702,GO:0071944,GO:0098656,GO:1901264,GO:1901505
OG0004675	HG_4676	GO:0000271,GO:0003674,GO:0003824,GO:0005575,GO:0005622,GO:0005623,GO:0005737,GO:0005975,GO:0005976,GO:0005977,GO:0005978,GO:0006073,GO:0006091,GO:0006112,GO:0008150,GO:0008152,GO:0008194,GO:0008466,GO:0009058,GO:0009059,GO:0009250,GO:0009987,GO:0015980,GO:0016051,GO:0016740,GO:0016757,GO:0016758,GO:0033692,GO:0034637,GO:0034645,GO:0035251,GO:0043170,GO:0044042,GO:0044237,GO:0044238,GO:0044249,GO:0044260,GO:0044262,GO:0044264,GO:0044424,GO:0044464,GO:0046527,GO:0055114,GO:0071704,GO:1901576,GO:0005794,GO:0005795,GO:0005797,GO:0006464,GO:0006486,GO:0006487,GO:0006807,GO:0008375,GO:0009100,GO:0009101,GO:0012505,GO:0019538,GO:0031984,GO:0031985,GO:0036211,GO:0043226,GO:0043227,GO:0043229,GO:0043231,GO:0043412,GO:0043413,GO:0044267,GO:0044422,GO:0044431,GO:0044444,GO:0044446,GO:0070085,GO:0098791,GO:1901135,GO:1901137,GO:1901564,GO:1901566,GO:0005739,GO:0005740,GO:0005743,GO:0006066,GO:0006067,GO:0016020,GO:0016021,GO:0016999,GO:0017144,GO:0019866,GO:0031090,GO:0031224,GO:0031966,GO:0031967,GO:0031975,GO:0034308,GO:0044281,GO:0044425,GO:0044429,GO:1901615,GO:0000243,GO:0000245,GO:0000375,GO:0000377,GO:0000395,GO:0000398,GO:0003676,GO:0003723,GO:0003729,GO:0005488,GO:0005634,GO:0005681,GO:0005684,GO:0005685,GO:0006139,GO:0006376,GO:0006396,GO:0006397,GO:0006725,GO:0008380,GO:0010467,GO:0016043,GO:0016070,GO:0016071,GO:0022607,GO:0022613,GO:0022618,GO:0030532,GO:0030627,GO:0032991,GO:0034622,GO:0034641,GO:0036002,GO:0043933,GO:0044085,GO:0044428,GO:0045292,GO:0046483,GO:0065003,GO:0071004,GO:0071010,GO:0071826,GO:0071840,GO:0090304,GO:0097159,GO:0097525,GO:0120114,GO:1901360,GO:1901363,GO:1990904
OG0003445	HG_3446	GO:0000422,GO:0005575,GO:0005622,GO:0005623,GO:0005737,GO:0005739,GO:0005886,GO:0006914,GO:0006996,GO:0007005,GO:0007154,GO:0007165,GO:0008150,GO:0008152,GO:0009056,GO:0009987,GO:0016020,GO:0016043,GO:0022411,GO:0023052,GO:0035556,GO:0043226,GO:0043227,GO:0043229,GO:0043231,GO:0044237,GO:0044248,GO:0044424,GO:0044444,GO:0044464,GO:0050789,GO:0050794,GO:0050896,GO:0051716,GO:0061726,GO:0061919,GO:0065007,GO:0071840,GO:0071944,GO:1903008
OG0007406	HG_7407	
OG0000057	HG_58	GO:0003674,GO:0003824,GO:0005575,GO:0005622,GO:0005623,GO:0005737,GO:0005739,GO:0005811,GO:0006508,GO:0006624,GO:0006807,GO:0006996,GO:0007033,GO:0008150,GO:0008152,GO:0009987,GO:0010467,GO:0016043,GO:0016485,GO:0016491,GO:0019538,GO:0043170,GO:0043226,GO:0043227,GO:0043228,GO:0043229,GO:0043231,GO:0043232,GO:0044237,GO:0044238,GO:0044260,GO:0044267,GO:0044424,GO:0044444,GO:0044464,GO:0051604,GO:0055114,GO:0071704,GO:0071840,GO:1901564,GO:0003676,GO:0003723,GO:0003743,GO:0005488,GO:0005852,GO:0006412,GO:0006413,GO:0006518,GO:0008135,GO:0009058,GO:0009059,GO:0032991,GO:0034641,GO:0034645,GO:0043043,GO:0043603,GO:0043604,GO:0044249,GO:0044271,GO:0097159,GO:1901363,GO:1901566,GO:1901576,GO:0004175,GO:0004222,GO:0005740,GO:0005743,GO:0005746,GO:0005750,GO:0005759,GO:0006091,GO:0006119,GO:0006122,GO:0006139,GO:0006163,GO:0006605,GO:0006626,GO:0006627,GO:0006725,GO:0006753,GO:0006793,GO:0006796,GO:0006810,GO:0006839,GO:0006886,GO:0007005,GO:0008104,GO:0008233,GO:0008237,GO:0008270,GO:0009060,GO:0009117,GO:0009123,GO:0009126,GO:0009141,GO:0009144,GO:0009150,GO:0009161,GO:0009167,GO:0009199,GO:0009205,GO:0009259,GO:0015031,GO:0015833,GO:0015980,GO:0016020,GO:0016310,GO:0016787,GO:0017087,GO:0017144,GO:0019637,GO:0019693,GO:0019866,GO:0022900,GO:0022904,GO:0031090,GO:0031966,GO:0031967,GO:0031974,GO:0031975,GO:0033036,GO:0033365,GO:0034613,GO:0034982,GO:0042773,GO:0042775,GO:0042886,GO:0043167,GO:0043169,GO:0043233,GO:0044281,GO:0044422,GO:0044425,GO:0044429,GO:0044446,GO:0044455,GO:0045184,GO:0045275,GO:0045333,GO:0046034,GO:0046483,GO:0046872,GO:0046907,GO:0046914,GO:0051179,GO:0051234,GO:0051641,GO:0051649,GO:0055086,GO:0070011,GO:0070013,GO:0070069,GO:0070469,GO:0070585,GO:0070727,GO:0071702,GO:0071705,GO:0072521,GO:0072594,GO:0072655,GO:0098796,GO:0098798,GO:0098800,GO:0098803,GO:0140096,GO:1901135,GO:1901360,GO:1902494,GO:1990204
OG0009423	HG_9424	
OG0005204	HG_5205	GO:0000045,GO:0000149,GO:0000407,GO:0000422,GO:0003674,GO:0005488,GO:0005515,GO:0005575,GO:0005622,GO:0005623,GO:0005634,GO:0005737,GO:0005829,GO:0006914,GO:0006996,GO:0007005,GO:0007033,GO:0008104,GO:0008150,GO:0008152,GO:0009056,GO:0009987,GO:0016043,GO:0016236,GO:0016237,GO:0022411,GO:0022607,GO:0033036,GO:0034497,GO:0034613,GO:0034727,GO:0043226,GO:0043227,GO:0043229,GO:0043231,GO:0044085,GO:0044237,GO:0044248,GO:0044424,GO:0044444,GO:0044464,GO:0044804,GO:0044805,GO:0051179,GO:0051641,GO:0061726,GO:0061919,GO:0070727,GO:0070925,GO:0071840,GO:1903008,GO:1905037,GO:0000103,GO:0003824,GO:0004851,GO:0006725,GO:0006778,GO:0006779,GO:0006783,GO:0006790,GO:0006807,GO:0008168,GO:0008169,GO:0008757,GO:0009058,GO:0016740,GO:0016741,GO:0018130,GO:0019354,GO:0019438,GO:0032259,GO:0033013,GO:0033014,GO:0034641,GO:0042168,GO:0042440,GO:0044249,GO:0044271,GO:0046148,GO:0046156,GO:0046483,GO:0051186,GO:0051188,GO:0071704,GO:1901360,GO:1901362,GO:1901564,GO:1901566,GO:1901576
OG0004185	HG_4186	GO:0000721,GO:0003674,GO:0003824,GO:0005575,GO:0005622,GO:0005623,GO:0005737,GO:0006066,GO:0008150,GO:0008152,GO:0009058,GO:0016491,GO:0016614,GO:0016616,GO:0019751,GO:0034077,GO:0034079,GO:0034311,GO:0034312,GO:0042844,GO:0042845,GO:0044281,GO:0044283,GO:0044424,GO:0044464,GO:0046165,GO:0046173,GO:0055114,GO:0071704,GO:1901576,GO:1901615,GO:1901617,GO:1902652,GO:1902653,GO:0005634,GO:0043226,GO:0043227,GO:0043229,GO:0043231
OG0004320	HG_4321	
OG0007309	HG_7310	
OG0007133	HG_7134	
OG0006717	HG_6718	GO:0000027,GO:0000460,GO:0000463,GO:0000466,GO:0000470,GO:0003674,GO:0003676,GO:0003723,GO:0005488,GO:0005575,GO:0005622,GO:0005623,GO:0005634,GO:0005730,GO:0005732,GO:0006139,GO:0006364,GO:0006396,GO:0006725,GO:0006807,GO:0006996,GO:0008097,GO:0008150,GO:0008152,GO:0008312,GO:0009987,GO:0010467,GO:0016043,GO:0016070,GO:0016072,GO:0019843,GO:0022607,GO:0022613,GO:0022618,GO:0030684,GO:0030687,GO:0031974,GO:0031981,GO:0032991,GO:0034470,GO:0034622,GO:0034641,GO:0034660,GO:0042254,GO:0042255,GO:0042273,GO:0043170,GO:0043226,GO:0043227,GO:0043228,GO:0043229,GO:0043231,GO:0043232,GO:0043233,GO:0043933,GO:0044085,GO:0044237,GO:0044238,GO:0044422,GO:0044424,GO:0044428,GO:0044446,GO:0044464,GO:0046483,GO:0065003,GO:0070013,GO:0070925,GO:0071704,GO:0071826,GO:0071840,GO:0090304,GO:0097159,GO:1901360,GO:1901363,GO:1902626,GO:1990904
OG0024872	HG_24873	
OG0008646	HG_8647	
OG0003584	HG_3585	
OG0006485	HG_6486	GO:0000003,GO:0000228,GO:0000775,GO:0000776,GO:0000777,GO:0000778,GO:0000779,GO:0000780,GO:0000793,GO:0000794,GO:0005575,GO:0005622,GO:0005623,GO:0005634,GO:0005694,GO:0005819,GO:0005856,GO:0006810,GO:0007049,GO:0007059,GO:0007088,GO:0007096,GO:0007097,GO:0007346,GO:0008104,GO:0008150,GO:0009987,GO:0010564,GO:0010638,GO:0015630,GO:0022414,GO:0031503,GO:0031536,GO:0031974,GO:0031981,GO:0032991,GO:0033036,GO:0033043,GO:0034613,GO:0034629,GO:0043226,GO:0043227,GO:0043228,GO:0043229,GO:0043231,GO:0043232,GO:0043233,GO:0044422,GO:0044424,GO:0044427,GO:0044428,GO:0044430,GO:0044446,GO:0044454,GO:0044464,GO:0045787,GO:0045840,GO:0045931,GO:0046907,GO:0048518,GO:0048522,GO:0050000,GO:0050789,GO:0050794,GO:0051128,GO:0051130,GO:0051179,GO:0051233,GO:0051234,GO:0051321,GO:0051640,GO:0051641,GO:0051647,GO:0051649,GO:0051656,GO:0051726,GO:0051783,GO:0051785,GO:0065007,GO:0070013,GO:0070727,GO:0072765,GO:0090068,GO:0098653,GO:0098687,GO:1901987,GO:1901989,GO:1901990,GO:1901992,GO:0000022,GO:0000070,GO:0000226,GO:0000278,GO:0000280,GO:0000819,GO:0000923,GO:0000940,GO:0000942,GO:0003674,GO:0005488,GO:0005515,GO:0005737,GO:0005815,GO:0005816,GO:0005874,GO:0005876,GO:0005881,GO:0006886,GO:0006928,GO:0006996,GO:0007010,GO:0007017,GO:0007018,GO:0007020,GO:0007051,GO:0007052,GO:0007079,GO:0007080,GO:0007163,GO:0008017,GO:0008092,GO:0008360,GO:0008608,GO:0010970,GO:0015031,GO:0015631,GO:0015833,GO:0016043,GO:0022402,GO:0022603,GO:0022604,GO:0022607,GO:0030705,GO:0030953,GO:0031109,GO:0031122,GO:0032153,GO:0032155,GO:0033365,GO:0034501,GO:0034502,GO:0034622,GO:0036449,GO:0042886,GO:0043933,GO:0044085,GO:0044444,GO:0044732,GO:0045184,GO:0046785,GO:0048285,GO:0050793,GO:0051225,GO:0051231,GO:0051258,GO:0051276,GO:0051303,GO:0051305,GO:0051310,GO:0051315,GO:0051415,GO:0051418,GO:0061804,GO:0061805,GO:0065003,GO:0065008,GO:0070199,GO:0070850,GO:0070925,GO:0071459,GO:0071702,GO:0071705,GO:0071840,GO:0071963,GO:0072594,GO:0072686,GO:0090307,GO:0097427,GO:0097435,GO:0098813,GO:0098840,GO:0099070,GO:0099080,GO:0099081,GO:0099111,GO:0099118,GO:0099512,GO:0099513,GO:0140014,GO:0140210,GO:1902850,GO:1903047,GO:1990498,GO:1990752
OG0006403	HG_6404	
OG0010279	HG_10280	
OG0010417	HG_10418	GO:0003674,GO:0003824,GO:0004175,GO:0004190,GO:0006508,GO:0006807,GO:0008150,GO:0008152,GO:0008233,GO:0016787,GO:0019538,GO:0043170,GO:0044238,GO:0070001,GO:0070011,GO:0071704,GO:0140096,GO:1901564,GO:0005575,GO:0005576,GO:0005618,GO:0005622,GO:0005623,GO:0005737,GO:0005783,GO:0005789,GO:0005886,GO:0009056,GO:0009057,GO:0009277,GO:0009897,GO:0009986,GO:0009987,GO:0012505,GO:0016020,GO:0016043,GO:0030163,GO:0030312,GO:0031224,GO:0031225,GO:0031226,GO:0031233,GO:0031362,GO:0031505,GO:0031984,GO:0042175,GO:0043226,GO:0043227,GO:0043229,GO:0043231,GO:0044422,GO:0044424,GO:0044425,GO:0044432,GO:0044444,GO:0044446,GO:0044459,GO:0044464,GO:0045229,GO:0046658,GO:0071554,GO:0071555,GO:0071840,GO:0071852,GO:0071944,GO:0098552,GO:0098827,GO:1901565,GO:1901575,GO:0000322,GO:0000323,GO:0000324,GO:0000749,GO:0000754,GO:0001402,GO:0005773,GO:0006518,GO:0007154,GO:0007165,GO:0007323,GO:0009605,GO:0009607,GO:0009966,GO:0010033,GO:0010467,GO:0010646,GO:0016485,GO:0019236,GO:0022610,GO:0023051,GO:0023052,GO:0023058,GO:0030447,GO:0031136,GO:0031137,GO:0031139,GO:0034641,GO:0035821,GO:0040007,GO:0042221,GO:0043171,GO:0043207,GO:0043603,GO:0043900,GO:0043902,GO:0044003,GO:0044237,GO:0044248,GO:0044403,GO:0044406,GO:0044419,GO:0046999,GO:0048518,GO:0048522,GO:0048583,GO:0050789,GO:0050794,GO:0050896,GO:0051604,GO:0051701,GO:0051704,GO:0051707,GO:0051716,GO:0051817,GO:0052031,GO:0052155,GO:0052173,GO:0052200,GO:0052255,GO:0052294,GO:0052552,GO:0052553,GO:0052564,GO:0052572,GO:0065007,GO:0070887,GO:0071310,GO:0071432,GO:0071444,GO:0075136,GO:2000241,GO:2000243
OG0005626	HG_5627	GO:0003674,GO:0003779,GO:0005488,GO:0005515,GO:0005575,GO:0005622,GO:0005623,GO:0005737,GO:0005856,GO:0005884,GO:0005902,GO:0005903,GO:0006996,GO:0007010,GO:0007015,GO:0007610,GO:0007626,GO:0008092,GO:0008150,GO:0009987,GO:0010639,GO:0015629,GO:0016043,GO:0017124,GO:0019904,GO:0022607,GO:0030029,GO:0030036,GO:0030046,GO:0030054,GO:0030425,GO:0031344,GO:0031346,GO:0031941,GO:0032420,GO:0032421,GO:0032426,GO:0032991,GO:0033043,GO:0036477,GO:0042995,GO:0043005,GO:0043197,GO:0043226,GO:0043228,GO:0043229,GO:0043232,GO:0044085,GO:0044087,GO:0044089,GO:0044309,GO:0044422,GO:0044424,GO:0044430,GO:0044446,GO:0044456,GO:0044463,GO:0044464,GO:0044877,GO:0045202,GO:0048518,GO:0048519,GO:0048522,GO:0048523,GO:0050789,GO:0050794,GO:0051015,GO:0051017,GO:0051128,GO:0051129,GO:0051130,GO:0051489,GO:0051491,GO:0051493,GO:0051494,GO:0051639,GO:0060491,GO:0061572,GO:0065007,GO:0071840,GO:0097435,GO:0097447,GO:0097458,GO:0098794,GO:0098858,GO:0098862,GO:0099080,GO:0099081,GO:0099512,GO:0099513,GO:0120025,GO:0120032,GO:0120034,GO:0120035,GO:0120038
OG0013311	HG_13312	
OG0003770	HG_3771	GO:0003674,GO:0003824,GO:0005215,GO:0005575,GO:0005622,GO:0005623,GO:0005737,GO:0005777,GO:0005778,GO:0005779,GO:0006810,GO:0006811,GO:0006820,GO:0006869,GO:0008150,GO:0010876,GO:0015399,GO:0015405,GO:0015711,GO:0015718,GO:0015849,GO:0015908,GO:0016020,GO:0016021,GO:0016462,GO:0016787,GO:0016817,GO:0016818,GO:0016887,GO:0017111,GO:0022804,GO:0022857,GO:0031090,GO:0031224,GO:0031231,GO:0031300,GO:0031301,GO:0031903,GO:0033036,GO:0042579,GO:0042623,GO:0042626,GO:0043226,GO:0043227,GO:0043229,GO:0043231,GO:0043492,GO:0044422,GO:0044424,GO:0044425,GO:0044438,GO:0044439,GO:0044444,GO:0044446,GO:0044464,GO:0046942,GO:0051179,GO:0051234,GO:0055085,GO:0071702,GO:0098588,GO:0098805
OG0010125	HG_10126	
OG0005570	HG_5571	
OG0004076	HG_4077	
OG0003924	HG_3925	GO:0000003,GO:0000278,GO:0000281,GO:0000282,GO:0000746,GO:0000747,GO:0000755,GO:0000910,GO:0003674,GO:0003824,GO:0003924,GO:0005575,GO:0005622,GO:0005623,GO:0005737,GO:0005783,GO:0005886,GO:0005933,GO:0005935,GO:0007049,GO:0007114,GO:0007120,GO:0007121,GO:0007154,GO:0007163,GO:0007165,GO:0007264,GO:0008104,GO:0008150,GO:0009987,GO:0012505,GO:0016020,GO:0016462,GO:0016787,GO:0016817,GO:0016818,GO:0017111,GO:0019953,GO:0019954,GO:0022402,GO:0022413,GO:0022414,GO:0023052,GO:0030010,GO:0030427,GO:0032505,GO:0032507,GO:0033036,GO:0034613,GO:0035556,GO:0043226,GO:0043227,GO:0043229,GO:0043231,GO:0044424,GO:0044444,GO:0044464,GO:0044703,GO:0044764,GO:0045185,GO:0050789,GO:0050794,GO:0050896,GO:0051179,GO:0051235,GO:0051301,GO:0051641,GO:0051651,GO:0051704,GO:0051716,GO:0061640,GO:0065007,GO:0065008,GO:0070727,GO:0071944,GO:1903047,GO:0005215,GO:0005388,GO:0005739,GO:0005789,GO:0005794,GO:0005801,GO:0005887,GO:0006810,GO:0006811,GO:0006812,GO:0006816,GO:0006873,GO:0006874,GO:0006875,GO:0008324,GO:0015075,GO:0015085,GO:0015318,GO:0015399,GO:0015405,GO:0015662,GO:0016021,GO:0016887,GO:0019725,GO:0019829,GO:0022804,GO:0022853,GO:0022857,GO:0022890,GO:0030001,GO:0030003,GO:0030026,GO:0030176,GO:0031224,GO:0031226,GO:0031227,GO:0031984,GO:0034220,GO:0042175,GO:0042592,GO:0042623,GO:0042625,GO:0042626,GO:0043492,GO:0044422,GO:0044425,GO:0044431,GO:0044432,GO:0044446,GO:0044459,GO:0046873,GO:0046916,GO:0048878,GO:0050801,GO:0051234,GO:0055065,GO:0055071,GO:0055074,GO:0055076,GO:0055080,GO:0055082,GO:0055085,GO:0055088,GO:0055092,GO:0070588,GO:0070838,GO:0072503,GO:0072507,GO:0072511,GO:0090662,GO:0098655,GO:0098660,GO:0098662,GO:0098771,GO:0098827,GO:0099131,GO:0099132,GO:0000165,GO:0000166,GO:0000409,GO:0000411,GO:0000749,GO:0000750,GO:0000753,GO:0000767,GO:0000902,GO:0000935,GO:0001302,GO:0001558,GO:0001882,GO:0001883,GO:0001884,GO:0002134,GO:0002135,GO:0003006,GO:0005488,GO:0005525,GO:0005634,GO:0005856,GO:0005937,GO:0005938,GO:0006355,GO:0006464,GO:0006468,GO:0006793,GO:0006796,GO:0006807,GO:0006914,GO:0007186,GO:0007187,GO:0007188,GO:0007189,GO:0007190,GO:0007265,GO:0007266,GO:0007568,GO:0007569,GO:0007584,GO:0008152,GO:0008360,GO:0009056,GO:0009605,GO:0009653,GO:0009847,GO:0009889,GO:0009891,GO:0009893,GO:0009991,GO:0010033,GO:0010468,GO:0010514,GO:0010556,GO:0010557,GO:0010564,GO:0010570,GO:0010604,GO:0010628,GO:0015629,GO:0016043,GO:0016236,GO:0016310,GO:0017076,GO:0019001,GO:0019003,GO:0019103,GO:0019219,GO:0019222,GO:0019236,GO:0019538,GO:0019932,GO:0019933,GO:0019935,GO:0022603,GO:0022604,GO:0023014,GO:0030154,GO:0030307,GO:0030428,GO:0030435,GO:0030436,GO:0030437,GO:0031136,GO:0031137,GO:0031139,GO:0031279,GO:0031281,GO:0031323,GO:0031325,GO:0031326,GO:0031328,GO:0031667,GO:0031668,GO:0031669,GO:0031670,GO:0032005,GO:0032153,GO:0032155,GO:0032258,GO:0032488,GO:0032502,GO:0032549,GO:0032550,GO:0032551,GO:0032553,GO:0032555,GO:0032557,GO:0032561,GO:0032879,GO:0032880,GO:0032989,GO:0032991,GO:0033365,GO:0034293,GO:0034305,GO:0034306,GO:0034307,GO:0035639,GO:0036094,GO:0036211,GO:0040008,GO:0042173,GO:0042221,GO:0042995,GO:0043085,GO:0043167,GO:0043168,GO:0043170,GO:0043228,GO:0043232,GO:0043332,GO:0043412,GO:0043900,GO:0043902,GO:0043934,GO:0043935,GO:0043937,GO:0043940,GO:0044093,GO:0044237,GO:0044238,GO:0044248,GO:0044260,GO:0044267,GO:0044430,GO:0044448,GO:0044463,GO:0045595,GO:0045761,GO:0045762,GO:0045893,GO:0045927,GO:0045935,GO:0045990,GO:0045991,GO:0046999,GO:0048315,GO:0048468,GO:0048518,GO:0048522,GO:0048646,GO:0048856,GO:0048869,GO:0050790,GO:0050793,GO:0051128,GO:0051171,GO:0051173,GO:0051252,GO:0051254,GO:0051285,GO:0051286,GO:0051321,GO:0051339,GO:0051349,GO:0051445,GO:0051726,GO:0060255,GO:0060284,GO:0060341,GO:0061794,GO:0061919,GO:0065009,GO:0070784,GO:0070786,GO:0070887,GO:0071310,GO:0071444,GO:0071496,GO:0071507,GO:0071521,GO:0071704,GO:0071840,GO:0071963,GO:0072657,GO:0072659,GO:0072665,GO:0075306,GO:0080090,GO:0090033,GO:0090726,GO:0097159,GO:0097271,GO:0097367,GO:0099568,GO:0099738,GO:0120025,GO:0120038,GO:1900180,GO:1900182,GO:1900428,GO:1900430,GO:1901265,GO:1901363,GO:1901564,GO:1902680,GO:1903046,GO:1903506,GO:1903508,GO:1903664,GO:1903827,GO:1903829,GO:1905708,GO:1990778,GO:1990819,GO:2000112,GO:2000220,GO:2000222,GO:2000241,GO:2000243,GO:2001141
OG0008883	HG_8884	
OG0000022	HG_23	GO:0008150,GO:0008152,GO:0009058,GO:0019748,GO:0044550,GO:0071704,GO:1900558,GO:1900560,GO:1900561,GO:1900563,GO:1901576,GO:0006807,GO:0009709,GO:0009820,GO:0009821,GO:0009987,GO:0034641,GO:0035834,GO:0035835,GO:0035836,GO:0035837,GO:0044237,GO:0044249,GO:0044271,GO:0046447,GO:1901564,GO:1901566,GO:0009403,GO:0009404,GO:0043385,GO:0043386
OG0008666	HG_8667	
OG0004535	HG_4536	
OG0010225	HG_10226	
OG0007251	HG_7252	GO:0003674,GO:0003824,GO:0006810,GO:0008150,GO:0016192,GO:0016298,GO:0016787,GO:0016788,GO:0051179,GO:0051234
OG0013999	HG_14000	
OG0008899	HG_8900	
OG0007622	HG_7623	
OG0011582	HG_11583	GO:0003674,GO:0003824,GO:0004553,GO:0004568,GO:0005488,GO:0005575,GO:0005576,GO:0005622,GO:0005623,GO:0005737,GO:0006022,GO:0006026,GO:0006030,GO:0006032,GO:0006040,GO:0006807,GO:0008061,GO:0008144,GO:0008150,GO:0008152,GO:0009056,GO:0009057,GO:0009653,GO:0009987,GO:0016787,GO:0016798,GO:0017144,GO:0030154,GO:0030435,GO:0032502,GO:0042737,GO:0043170,GO:0043934,GO:0044237,GO:0044248,GO:0044424,GO:0044464,GO:0046348,GO:0048646,GO:0048856,GO:0048869,GO:0071704,GO:0097367,GO:1901071,GO:1901072,GO:1901135,GO:1901136,GO:1901564,GO:1901565,GO:1901575
OG0005590	HG_5591	
OG0031342	HG_31343	GO:0000166,GO:0000502,GO:0003674,GO:0003824,GO:0004175,GO:0005488,GO:0005515,GO:0005524,GO:0005575,GO:0005622,GO:0005623,GO:0005634,GO:0005737,GO:0005829,GO:0005838,GO:0006139,GO:0006259,GO:0006281,GO:0006289,GO:0006325,GO:0006338,GO:0006355,GO:0006357,GO:0006401,GO:0006508,GO:0006511,GO:0006725,GO:0006807,GO:0006950,GO:0006974,GO:0006996,GO:0007088,GO:0007346,GO:0008134,GO:0008144,GO:0008150,GO:0008152,GO:0008233,GO:0008540,GO:0009056,GO:0009057,GO:0009889,GO:0009891,GO:0009893,GO:0009894,GO:0009896,GO:0009987,GO:0010033,GO:0010243,GO:0010468,GO:0010498,GO:0010556,GO:0010557,GO:0010564,GO:0010604,GO:0010628,GO:0010638,GO:0010965,GO:0016043,GO:0016070,GO:0016072,GO:0016075,GO:0016462,GO:0016787,GO:0016817,GO:0016818,GO:0016887,GO:0017025,GO:0017076,GO:0017111,GO:0019219,GO:0019222,GO:0019439,GO:0019538,GO:0019904,GO:0019941,GO:0022607,GO:0022624,GO:0030071,GO:0030162,GO:0030163,GO:0030433,GO:0030554,GO:0031323,GO:0031325,GO:0031326,GO:0031328,GO:0031329,GO:0031331,GO:0031334,GO:0031595,GO:0031597,GO:0031974,GO:0031981,GO:0032268,GO:0032270,GO:0032436,GO:0032553,GO:0032555,GO:0032559,GO:0032784,GO:0032786,GO:0032968,GO:0032991,GO:0033043,GO:0033044,GO:0033045,GO:0033047,GO:0033554,GO:0034243,GO:0034515,GO:0034622,GO:0034641,GO:0034655,GO:0034660,GO:0034661,GO:0034976,GO:0035639,GO:0036094,GO:0036402,GO:0036503,GO:0042176,GO:0042221,GO:0042623,GO:0043161,GO:0043167,GO:0043168,GO:0043170,GO:0043226,GO:0043227,GO:0043229,GO:0043231,GO:0043233,GO:0043248,GO:0043254,GO:0043433,GO:0043632,GO:0043933,GO:0044085,GO:0044087,GO:0044089,GO:0044092,GO:0044093,GO:0044237,GO:0044238,GO:0044248,GO:0044257,GO:0044260,GO:0044265,GO:0044267,GO:0044270,GO:0044422,GO:0044424,GO:0044428,GO:0044444,GO:0044445,GO:0044446,GO:0044464,GO:0045732,GO:0045787,GO:0045840,GO:0045842,GO:0045862,GO:0045893,GO:0045898,GO:0045899,GO:0045931,GO:0045935,GO:0045944,GO:0046483,GO:0046700,GO:0048518,GO:0048519,GO:0048522,GO:0050789,GO:0050794,GO:0050896,GO:0051090,GO:0051091,GO:0051128,GO:0051130,GO:0051171,GO:0051173,GO:0051246,GO:0051247,GO:0051252,GO:0051254,GO:0051276,GO:0051603,GO:0051716,GO:0051726,GO:0051781,GO:0051783,GO:0051785,GO:0051983,GO:0051984,GO:0060255,GO:0060260,GO:0060261,GO:0061136,GO:0062033,GO:0065003,GO:0065007,GO:0065009,GO:0070011,GO:0070013,GO:0070651,GO:0070682,GO:0071704,GO:0071840,GO:0080090,GO:0090068,GO:0090304,GO:0097159,GO:0097367,GO:0140096,GO:1901265,GO:1901360,GO:1901361,GO:1901363,GO:1901564,GO:1901565,GO:1901575,GO:1901698,GO:1901800,GO:1901970,GO:1901987,GO:1901989,GO:1901990,GO:1901992,GO:1902099,GO:1902101,GO:1902494,GO:1902680,GO:1903050,GO:1903052,GO:1903362,GO:1903364,GO:1903506,GO:1903508,GO:1905368,GO:1905369,GO:1905818,GO:1905820,GO:2000112,GO:2000142,GO:2000144,GO:2001141,GO:2001252
OG0005332	HG_5333	GO:0000322,GO:0000323,GO:0000324,GO:0003674,GO:0005215,GO:0005342,GO:0005351,GO:0005353,GO:0005354,GO:0005355,GO:0005356,GO:0005358,GO:0005402,GO:0005575,GO:0005622,GO:0005623,GO:0005737,GO:0005739,GO:0005773,GO:0005783,GO:0005886,GO:0005887,GO:0005975,GO:0005996,GO:0006012,GO:0006810,GO:0006811,GO:0006812,GO:0006820,GO:0006950,GO:0007154,GO:0008028,GO:0008150,GO:0008152,GO:0008324,GO:0008509,GO:0008514,GO:0008643,GO:0008645,GO:0009267,GO:0009605,GO:0009679,GO:0009987,GO:0009991,GO:0012505,GO:0015075,GO:0015077,GO:0015078,GO:0015128,GO:0015144,GO:0015145,GO:0015146,GO:0015149,GO:0015291,GO:0015293,GO:0015294,GO:0015295,GO:0015318,GO:0015578,GO:0015672,GO:0015711,GO:0015718,GO:0015749,GO:0015750,GO:0015755,GO:0015757,GO:0015761,GO:0015791,GO:0015795,GO:0015797,GO:0015849,GO:0015850,GO:0016020,GO:0016021,GO:0019318,GO:0022804,GO:0022857,GO:0022890,GO:0031224,GO:0031226,GO:0031520,GO:0031667,GO:0031668,GO:0031669,GO:0032445,GO:0033554,GO:0034219,GO:0034220,GO:0035429,GO:0042149,GO:0042594,GO:0042873,GO:0042879,GO:0043226,GO:0043227,GO:0043229,GO:0043231,GO:0044238,GO:0044281,GO:0044424,GO:0044425,GO:0044444,GO:0044459,GO:0044464,GO:0046323,GO:0046942,GO:0046943,GO:0050896,GO:0051119,GO:0051179,GO:0051234,GO:0051286,GO:0051716,GO:0055085,GO:0071496,GO:0071702,GO:0071704,GO:0071944,GO:0098590,GO:0098655,GO:0098656,GO:0098657,GO:0098660,GO:0098662,GO:0098704,GO:0098708,GO:0098739,GO:0140108,GO:1902341,GO:1902600,GO:1903825,GO:1904659,GO:1905039,GO:1990539
OG0003815	HG_3816	GO:0003674,GO:0003824,GO:0006464,GO:0006479,GO:0006807,GO:0008150,GO:0008152,GO:0008168,GO:0008170,GO:0008213,GO:0008276,GO:0008757,GO:0009987,GO:0016273,GO:0016274,GO:0016740,GO:0016741,GO:0018193,GO:0018195,GO:0018216,GO:0019538,GO:0032259,GO:0035241,GO:0035246,GO:0035247,GO:0036211,GO:0043170,GO:0043412,GO:0043414,GO:0044237,GO:0044238,GO:0044260,GO:0044267,GO:0071704,GO:0140096,GO:1901564
OG0013903	HG_13904	
OG0007085	HG_7086	
OG0001613	HG_1614	GO:0000030,GO:0000033,GO:0003674,GO:0003824,GO:0005575,GO:0005622,GO:0005623,GO:0005737,GO:0005794,GO:0006464,GO:0006486,GO:0006491,GO:0006493,GO:0006807,GO:0008150,GO:0008152,GO:0009058,GO:0009059,GO:0009100,GO:0009101,GO:0009987,GO:0012505,GO:0016740,GO:0016757,GO:0016758,GO:0019538,GO:0034645,GO:0036211,GO:0043170,GO:0043226,GO:0043227,GO:0043229,GO:0043231,GO:0043412,GO:0043413,GO:0044237,GO:0044238,GO:0044249,GO:0044260,GO:0044267,GO:0044424,GO:0044444,GO:0044464,GO:0070085,GO:0071704,GO:0097502,GO:1901135,GO:1901137,GO:1901564,GO:1901566,GO:1901576,GO:0000322,GO:0000323,GO:0000324,GO:0000329,GO:0005773,GO:0005774,GO:0016020,GO:0031090,GO:0044422,GO:0044437,GO:0044446,GO:0071944,GO:0098588,GO:0098805,GO:0098852,GO:0003333,GO:0005215,GO:0005342,GO:0006810,GO:0006811,GO:0006820,GO:0006865,GO:0007034,GO:0008509,GO:0008514,GO:0015075,GO:0015171,GO:0015174,GO:0015318,GO:0015711,GO:0015802,GO:0015849,GO:0016021,GO:0022857,GO:0031166,GO:0031224,GO:0031300,GO:0031301,GO:0031310,GO:0034220,GO:0034486,GO:0034487,GO:0034488,GO:0044425,GO:0046942,GO:0046943,GO:0051179,GO:0051234,GO:0055085,GO:0071627,GO:0071628,GO:0071702,GO:0071705,GO:0098656,GO:1903825,GO:1905039,GO:1990822
OG0006484	HG_6485	
OG0000189	HG_190	GO:0003333,GO:0003674,GO:0005215,GO:0005275,GO:0005326,GO:0005342,GO:0005575,GO:0005622,GO:0005623,GO:0005737,GO:0005783,GO:0005886,GO:0005887,GO:0006810,GO:0006811,GO:0006812,GO:0006820,GO:0006836,GO:0006855,GO:0006865,GO:0008150,GO:0008324,GO:0008509,GO:0008514,GO:0008519,GO:0012505,GO:0015075,GO:0015101,GO:0015171,GO:0015179,GO:0015220,GO:0015226,GO:0015238,GO:0015291,GO:0015297,GO:0015318,GO:0015651,GO:0015665,GO:0015695,GO:0015696,GO:0015697,GO:0015711,GO:0015807,GO:0015837,GO:0015838,GO:0015849,GO:0015850,GO:0015871,GO:0015879,GO:0015893,GO:0016020,GO:0016021,GO:0022804,GO:0022857,GO:0031224,GO:0031226,GO:0031460,GO:0034220,GO:0034228,GO:0034229,GO:0035461,GO:0042221,GO:0042493,GO:0043226,GO:0043227,GO:0043229,GO:0043231,GO:0044424,GO:0044425,GO:0044444,GO:0044459,GO:0044464,GO:0046942,GO:0046943,GO:0050896,GO:0051179,GO:0051180,GO:0051234,GO:0055085,GO:0071702,GO:0071705,GO:0071944,GO:0072337,GO:0072349,GO:0072488,GO:0090482,GO:0098655,GO:0098656,GO:1900749,GO:1901235,GO:1901618,GO:1902270,GO:1902475,GO:1902603,GO:1903825,GO:1905039,GO:0006082,GO:0006732,GO:0006766,GO:0006767,GO:0006768,GO:0006790,GO:0006807,GO:0008152,GO:0009058,GO:0009102,GO:0009108,GO:0009110,GO:0009987,GO:0016053,GO:0017144,GO:0018130,GO:0019752,GO:0032787,GO:0034641,GO:0042364,GO:0043436,GO:0043603,GO:0043604,GO:0044237,GO:0044249,GO:0044271,GO:0044272,GO:0044281,GO:0044283,GO:0046394,GO:0046483,GO:0051186,GO:0051188,GO:0071704,GO:0072330,GO:1901360,GO:1901362,GO:1901564,GO:1901566,GO:1901576
OG0000516	HG_517	GO:0000726,GO:0003674,GO:0003824,GO:0003887,GO:0005575,GO:0005622,GO:0005623,GO:0005634,GO:0006139,GO:0006259,GO:0006281,GO:0006302,GO:0006303,GO:0006725,GO:0006807,GO:0006950,GO:0006974,GO:0008150,GO:0008152,GO:0009058,GO:0009059,GO:0009987,GO:0016740,GO:0016772,GO:0016779,GO:0018130,GO:0019438,GO:0033554,GO:0034061,GO:0034641,GO:0034645,GO:0034654,GO:0043170,GO:0043226,GO:0043227,GO:0043229,GO:0043231,GO:0044237,GO:0044238,GO:0044249,GO:0044260,GO:0044271,GO:0044424,GO:0044464,GO:0046483,GO:0050896,GO:0051716,GO:0071704,GO:0071897,GO:0090304,GO:0140097,GO:1901360,GO:1901362,GO:1901576
OG0013665	HG_13666	
OG0004241	HG_4242	
OG0010648	HG_10649	
OG0023313	HG_23314	
OG0003866	HG_3867	
OG0012029	HG_12030	GO:0000138,GO:0000322,GO:0000323,GO:0000324,GO:0001558,GO:0003674,GO:0005215,GO:0005575,GO:0005622,GO:0005623,GO:0005737,GO:0005773,GO:0005777,GO:0005794,GO:0005795,GO:0005886,GO:0005887,GO:0006810,GO:0006857,GO:0006996,GO:0007033,GO:0008150,GO:0009987,GO:0012505,GO:0015833,GO:0016020,GO:0016021,GO:0016043,GO:0019725,GO:0022603,GO:0022604,GO:0022857,GO:0030307,GO:0031224,GO:0031226,GO:0031984,GO:0031985,GO:0032368,GO:0032879,GO:0033043,GO:0035672,GO:0035673,GO:0040008,GO:0042144,GO:0042579,GO:0042592,GO:0042886,GO:0042887,GO:0043226,GO:0043227,GO:0043229,GO:0043231,GO:0043269,GO:0044070,GO:0044088,GO:0044422,GO:0044424,GO:0044425,GO:0044431,GO:0044444,GO:0044446,GO:0044459,GO:0044464,GO:0045454,GO:0045927,GO:0048284,GO:0048518,GO:0048522,GO:0048638,GO:0048639,GO:0050789,GO:0050793,GO:0050794,GO:0051049,GO:0051094,GO:0051128,GO:0051130,GO:0051179,GO:0051234,GO:0051510,GO:0051512,GO:0051513,GO:0051515,GO:0055085,GO:0061024,GO:0061025,GO:0061091,GO:0065007,GO:0065008,GO:0071702,GO:0071705,GO:0071840,GO:0071944,GO:0097035,GO:0097576,GO:0098791,GO:1904680,GO:1905952,GO:2001138
OG0003093	HG_3094	
OG0007095	HG_7096	
OG0020896	HG_20897	GO:0000957,GO:0000958,GO:0000959,GO:0003674,GO:0003676,GO:0003723,GO:0003729,GO:0005488,GO:0005575,GO:0005622,GO:0005623,GO:0005737,GO:0005739,GO:0005740,GO:0005743,GO:0006091,GO:0006139,GO:0006401,GO:0006402,GO:0006725,GO:0006807,GO:0008150,GO:0008152,GO:0009056,GO:0009057,GO:0009060,GO:0009892,GO:0009987,GO:0010468,GO:0010605,GO:0010629,GO:0015980,GO:0016020,GO:0016070,GO:0016071,GO:0019222,GO:0019439,GO:0019866,GO:0019898,GO:0031090,GO:0031312,GO:0031314,GO:0031966,GO:0031967,GO:0031975,GO:0034641,GO:0034655,GO:0043170,GO:0043226,GO:0043227,GO:0043229,GO:0043231,GO:0044237,GO:0044238,GO:0044248,GO:0044260,GO:0044265,GO:0044270,GO:0044422,GO:0044424,GO:0044425,GO:0044429,GO:0044444,GO:0044446,GO:0044455,GO:0044464,GO:0045333,GO:0046483,GO:0046700,GO:0048519,GO:0050789,GO:0055114,GO:0060255,GO:0065007,GO:0071704,GO:0090304,GO:0097159,GO:1901360,GO:1901361,GO:1901363,GO:1901575
OG0006000	HG_6001	GO:0000003,GO:0003006,GO:0005975,GO:0005984,GO:0005991,GO:0005992,GO:0006355,GO:0006357,GO:0008150,GO:0008152,GO:0009058,GO:0009311,GO:0009312,GO:0009653,GO:0009889,GO:0009891,GO:0009893,GO:0009987,GO:0010468,GO:0010556,GO:0010557,GO:0010604,GO:0010628,GO:0010720,GO:0010927,GO:0016043,GO:0016051,GO:0019219,GO:0019222,GO:0019954,GO:0022414,GO:0022607,GO:0030154,GO:0030435,GO:0030436,GO:0031323,GO:0031325,GO:0031326,GO:0031328,GO:0032502,GO:0032989,GO:0034305,GO:0034637,GO:0042243,GO:0042244,GO:0042440,GO:0042546,GO:0043934,GO:0043937,GO:0043938,GO:0044085,GO:0044237,GO:0044238,GO:0044249,GO:0044262,GO:0045229,GO:0045595,GO:0045597,GO:0045893,GO:0045935,GO:0045944,GO:0046148,GO:0046351,GO:0048315,GO:0048468,GO:0048518,GO:0048522,GO:0048646,GO:0048856,GO:0048869,GO:0050789,GO:0050793,GO:0050794,GO:0051094,GO:0051171,GO:0051173,GO:0051252,GO:0051254,GO:0060255,GO:0060284,GO:0061794,GO:0065007,GO:0070590,GO:0070726,GO:0071554,GO:0071555,GO:0071704,GO:0071840,GO:0075306,GO:0075307,GO:0080090,GO:1901576,GO:1902680,GO:1903506,GO:1903508,GO:1903664,GO:1903666,GO:2000112,GO:2001141
OG0015648	HG_15649	
OG0009442	HG_9443	
OG0024534	HG_24535	
OG0005223	HG_5224	
OG0005311	HG_5312	
OG0014476	HG_14477	
OG0000051	HG_52	GO:0005575,GO:0005622,GO:0005623,GO:0005737,GO:0005739,GO:0043226,GO:0043227,GO:0043229,GO:0043231,GO:0044424,GO:0044444,GO:0044464
OG0000191	HG_192	GO:0003674,GO:0003824,GO:0008150,GO:0008152,GO:0009056,GO:0016787
OG0000069	HG_70	GO:0001067,GO:0003674,GO:0003676,GO:0003677,GO:0003700,GO:0005488,GO:0005575,GO:0005622,GO:0005623,GO:0005634,GO:0006355,GO:0006357,GO:0008150,GO:0009889,GO:0010468,GO:0010556,GO:0019219,GO:0019222,GO:0031323,GO:0031326,GO:0043226,GO:0043227,GO:0043229,GO:0043231,GO:0043565,GO:0044212,GO:0044424,GO:0044464,GO:0050789,GO:0050794,GO:0051171,GO:0051252,GO:0060255,GO:0065007,GO:0080090,GO:0097159,GO:0140110,GO:1901363,GO:1903506,GO:2000112,GO:2001141,GO:0000976,GO:0000977,GO:0000978,GO:0000981,GO:0000982,GO:0000987,GO:0001012,GO:0001077,GO:0001228,GO:0003690,GO:0005737,GO:0005819,GO:0005856,GO:0006139,GO:0006351,GO:0006366,GO:0006725,GO:0006807,GO:0006950,GO:0006979,GO:0008152,GO:0009058,GO:0009059,GO:0009891,GO:0009893,GO:0009987,GO:0010467,GO:0010557,GO:0010604,GO:0010628,GO:0015630,GO:0016070,GO:0018130,GO:0019438,GO:0031325,GO:0031328,GO:0032774,GO:0033554,GO:0034599,GO:0034641,GO:0034645,GO:0034654,GO:0042221,GO:0043170,GO:0043228,GO:0043232,GO:0043618,GO:0043619,GO:0043620,GO:0044237,GO:0044238,GO:0044249,GO:0044260,GO:0044271,GO:0044422,GO:0044430,GO:0044446,GO:0045893,GO:0045935,GO:0045944,GO:0046483,GO:0048518,GO:0048522,GO:0050896,GO:0051173,GO:0051254,GO:0051716,GO:0070887,GO:0071704,GO:0072686,GO:0090304,GO:0097659,GO:1901360,GO:1901362,GO:1901576,GO:1902680,GO:1903508,GO:1990837,GO:0000429,GO:0000436,GO:0005667,GO:0007154,GO:0007584,GO:0009605,GO:0009894,GO:0009896,GO:0009991,GO:0010565,GO:0010638,GO:0016020,GO:0016021,GO:0019216,GO:0019217,GO:0031224,GO:0031329,GO:0031331,GO:0031667,GO:0031668,GO:0031669,GO:0031670,GO:0031935,GO:0031937,GO:0031938,GO:0031940,GO:0031998,GO:0032000,GO:0032991,GO:0033043,GO:0033044,GO:0044425,GO:0044428,GO:0044798,GO:0045834,GO:0045923,GO:0045990,GO:0045991,GO:0046320,GO:0046321,GO:0050994,GO:0050996,GO:0051128,GO:0051130,GO:0060968,GO:0061421,GO:0061429,GO:0062012,GO:0062013,GO:0071496,GO:0089716,GO:0090575,GO:1902275,GO:1905269,GO:2001252
OG0000388	HG_389	GO:0000976,GO:0000977,GO:0000978,GO:0000981,GO:0000982,GO:0000987,GO:0001012,GO:0001067,GO:0003674,GO:0003676,GO:0003677,GO:0003690,GO:0003700,GO:0005488,GO:0005575,GO:0005622,GO:0005623,GO:0005634,GO:0006355,GO:0006357,GO:0008150,GO:0008270,GO:0009889,GO:0010468,GO:0010556,GO:0019219,GO:0019222,GO:0031323,GO:0031326,GO:0043167,GO:0043169,GO:0043226,GO:0043227,GO:0043229,GO:0043231,GO:0043565,GO:0044212,GO:0044424,GO:0044464,GO:0046872,GO:0046914,GO:0050789,GO:0050794,GO:0051171,GO:0051252,GO:0060255,GO:0065007,GO:0080090,GO:0097159,GO:0140110,GO:1901363,GO:1903506,GO:1990837,GO:2000112,GO:2001141,GO:0000429,GO:0000436,GO:0001077,GO:0001228,GO:0006139,GO:0006351,GO:0006366,GO:0006725,GO:0006807,GO:0007154,GO:0007584,GO:0008152,GO:0009058,GO:0009059,GO:0009605,GO:0009891,GO:0009893,GO:0009987,GO:0009991,GO:0010467,GO:0010557,GO:0010604,GO:0010628,GO:0016070,GO:0018130,GO:0019438,GO:0031325,GO:0031328,GO:0031667,GO:0031668,GO:0031669,GO:0031670,GO:0032774,GO:0034641,GO:0034645,GO:0034654,GO:0042221,GO:0043170,GO:0044237,GO:0044238,GO:0044249,GO:0044260,GO:0044271,GO:0045893,GO:0045935,GO:0045944,GO:0045990,GO:0045991,GO:0046483,GO:0048518,GO:0048522,GO:0050896,GO:0051173,GO:0051254,GO:0051716,GO:0061413,GO:0061414,GO:0070887,GO:0071496,GO:0071704,GO:0090304,GO:0097659,GO:1901360,GO:1901362,GO:1901576,GO:1902680,GO:1903508
OG0018747	HG_18748	GO:0000122,GO:0000956,GO:0001708,GO:0003674,GO:0003676,GO:0003723,GO:0003727,GO:0003729,GO:0003730,GO:0005488,GO:0005575,GO:0005622,GO:0005623,GO:0005634,GO:0005737,GO:0005829,GO:0006139,GO:0006355,GO:0006357,GO:0006401,GO:0006402,GO:0006417,GO:0006725,GO:0006807,GO:0006873,GO:0006875,GO:0006879,GO:0007275,GO:0007389,GO:0008150,GO:0008152,GO:0008187,GO:0008266,GO:0009056,GO:0009057,GO:0009790,GO:0009792,GO:0009880,GO:0009889,GO:0009890,GO:0009892,GO:0009893,GO:0009894,GO:0009896,GO:0009987,GO:0010468,GO:0010556,GO:0010558,GO:0010604,GO:0010605,GO:0010608,GO:0010629,GO:0016070,GO:0016071,GO:0017148,GO:0019219,GO:0019222,GO:0019439,GO:0019725,GO:0030003,GO:0030154,GO:0031323,GO:0031324,GO:0031325,GO:0031326,GO:0031327,GO:0031329,GO:0031331,GO:0032268,GO:0032269,GO:0032501,GO:0032502,GO:0032991,GO:0034248,GO:0034249,GO:0034641,GO:0034655,GO:0035770,GO:0036464,GO:0042592,GO:0043170,GO:0043186,GO:0043226,GO:0043227,GO:0043228,GO:0043229,GO:0043231,GO:0043232,GO:0043487,GO:0043488,GO:0044237,GO:0044238,GO:0044248,GO:0044260,GO:0044265,GO:0044270,GO:0044424,GO:0044444,GO:0044464,GO:0045165,GO:0045495,GO:0045892,GO:0045934,GO:0045935,GO:0046483,GO:0046700,GO:0046916,GO:0048518,GO:0048519,GO:0048522,GO:0048523,GO:0048856,GO:0048869,GO:0048878,GO:0050779,GO:0050789,GO:0050794,GO:0050801,GO:0051171,GO:0051172,GO:0051173,GO:0051246,GO:0051248,GO:0051252,GO:0051253,GO:0051254,GO:0055065,GO:0055072,GO:0055076,GO:0055080,GO:0055082,GO:0060255,GO:0060293,GO:0061013,GO:0061014,GO:0061157,GO:0061158,GO:0065007,GO:0065008,GO:0071704,GO:0080090,GO:0090304,GO:0097159,GO:0098771,GO:1901360,GO:1901361,GO:1901363,GO:1901575,GO:1902679,GO:1903311,GO:1903313,GO:1903506,GO:1903507,GO:1990904,GO:2000112,GO:2000113,GO:2001141
OG0003757	HG_3758	GO:0000322,GO:0000323,GO:0000324,GO:0000329,GO:0003333,GO:0003674,GO:0005215,GO:0005342,GO:0005575,GO:0005622,GO:0005623,GO:0005737,GO:0005773,GO:0005774,GO:0005783,GO:0005886,GO:0005887,GO:0006810,GO:0006811,GO:0006812,GO:0006820,GO:0006865,GO:0008150,GO:0008509,GO:0008514,GO:0012505,GO:0015075,GO:0015171,GO:0015174,GO:0015318,GO:0015711,GO:0015802,GO:0015809,GO:0015849,GO:0016020,GO:0016021,GO:0022857,GO:0031090,GO:0031224,GO:0031226,GO:0034220,GO:0043226,GO:0043227,GO:0043229,GO:0043231,GO:0044422,GO:0044424,GO:0044425,GO:0044437,GO:0044444,GO:0044446,GO:0044459,GO:0044464,GO:0046942,GO:0046943,GO:0051179,GO:0051234,GO:0055085,GO:0071702,GO:0071705,GO:0071944,GO:0098588,GO:0098656,GO:0098805,GO:0098852,GO:1903825,GO:1905039,GO:1990822
OG0000960	HG_961	GO:0000003,GO:0000746,GO:0000747,GO:0000755,GO:0005575,GO:0005622,GO:0005623,GO:0005737,GO:0005783,GO:0005886,GO:0005887,GO:0005937,GO:0008104,GO:0008150,GO:0009987,GO:0012505,GO:0016020,GO:0016021,GO:0019953,GO:0022413,GO:0022414,GO:0022603,GO:0022604,GO:0030427,GO:0031137,GO:0031224,GO:0031226,GO:0031344,GO:0031383,GO:0031385,GO:0032065,GO:0032505,GO:0032507,GO:0033036,GO:0034613,GO:0042995,GO:0043226,GO:0043227,GO:0043229,GO:0043231,GO:0043332,GO:0043900,GO:0044087,GO:0044424,GO:0044425,GO:0044444,GO:0044459,GO:0044463,GO:0044464,GO:0044703,GO:0044764,GO:0045185,GO:0046999,GO:0050789,GO:0050793,GO:0050794,GO:0051128,GO:0051179,GO:0051235,GO:0051286,GO:0051641,GO:0051651,GO:0051704,GO:0060491,GO:0065007,GO:0065008,GO:0070727,GO:0071944,GO:0120025,GO:0120032,GO:0120035,GO:0120038,GO:1905708,GO:2000241,GO:0000154,GO:0000454,GO:0000491,GO:0000493,GO:0001522,GO:0003674,GO:0003676,GO:0003723,GO:0005488,GO:0005634,GO:0005654,GO:0005732,GO:0006139,GO:0006364,GO:0006396,GO:0006725,GO:0006807,GO:0008152,GO:0009451,GO:0009889,GO:0009891,GO:0009892,GO:0009893,GO:0009894,GO:0009895,GO:0010467,GO:0010468,GO:0010556,GO:0010557,GO:0010604,GO:0010605,GO:0010608,GO:0010638,GO:0016043,GO:0016070,GO:0016072,GO:0016074,GO:0019219,GO:0019222,GO:0022607,GO:0022613,GO:0022618,GO:0030515,GO:0031118,GO:0031323,GO:0031324,GO:0031325,GO:0031326,GO:0031328,GO:0031329,GO:0031330,GO:0031974,GO:0031981,GO:0032204,GO:0032206,GO:0032210,GO:0032212,GO:0032991,GO:0033043,GO:0033044,GO:0034470,GO:0034622,GO:0034641,GO:0034660,GO:0042254,GO:0043085,GO:0043170,GO:0043233,GO:0043412,GO:0043487,GO:0043489,GO:0043933,GO:0044085,GO:0044093,GO:0044237,GO:0044238,GO:0044422,GO:0044428,GO:0044446,GO:0045934,GO:0045935,GO:0046483,GO:0048518,GO:0048519,GO:0048522,GO:0048523,GO:0050790,GO:0051052,GO:0051054,GO:0051130,GO:0051171,GO:0051172,GO:0051173,GO:0051252,GO:0051253,GO:0051338,GO:0051347,GO:0051972,GO:0051973,GO:0060255,GO:0065003,GO:0065009,GO:0070013,GO:0070034,GO:0071704,GO:0071826,GO:0071840,GO:0080090,GO:0090304,GO:0090669,GO:0097159,GO:1901360,GO:1901363,GO:1902369,GO:1904356,GO:1904358,GO:1905323,GO:1990904,GO:2000112,GO:2000278,GO:2000573,GO:2001252,GO:0000920,GO:0005543,GO:0005933,GO:0005935,GO:0005938,GO:0007114,GO:0007117,GO:0007118,GO:0007154,GO:0007163,GO:0007165,GO:0007264,GO:0007265,GO:0007266,GO:0008289,GO:0008360,GO:0017157,GO:0019954,GO:0023052,GO:0030010,GO:0031097,GO:0032153,GO:0032155,GO:0032879,GO:0035556,GO:0040007,GO:0043167,GO:0043168,GO:0044448,GO:0050896,GO:0051046,GO:0051049,GO:0051285,GO:0051301,GO:0051716,GO:0060627,GO:0099568,GO:0099738,GO:1903530
OG0008587	HG_8588	
OG0007574	HG_7575	
OG0004415	HG_4416	
OG0007404	HG_7405	
OG0006168	HG_6169	
OG0004997	HG_4998	GO:0005575,GO:0016020,GO:0016021,GO:0031224,GO:0044425,GO:0005622,GO:0005623,GO:0005737,GO:0044424,GO:0044464,GO:0000123,GO:0000228,GO:0000491,GO:0000492,GO:0000785,GO:0000790,GO:0000812,GO:0003674,GO:0003678,GO:0003824,GO:0004003,GO:0004386,GO:0005634,GO:0005654,GO:0005694,GO:0006325,GO:0006338,GO:0006355,GO:0006357,GO:0006464,GO:0006473,GO:0006475,GO:0006807,GO:0006996,GO:0008026,GO:0008094,GO:0008150,GO:0008152,GO:0009889,GO:0009987,GO:0010468,GO:0010556,GO:0016043,GO:0016462,GO:0016569,GO:0016570,GO:0016573,GO:0016787,GO:0016817,GO:0016818,GO:0016887,GO:0017111,GO:0018193,GO:0018205,GO:0018393,GO:0018394,GO:0019219,GO:0019222,GO:0019538,GO:0022607,GO:0022613,GO:0022618,GO:0031011,GO:0031248,GO:0031323,GO:0031326,GO:0031974,GO:0031981,GO:0032392,GO:0032508,GO:0032991,GO:0033202,GO:0034622,GO:0034728,GO:0035267,GO:0036211,GO:0042623,GO:0043044,GO:0043139,GO:0043141,GO:0043170,GO:0043189,GO:0043226,GO:0043227,GO:0043228,GO:0043229,GO:0043231,GO:0043232,GO:0043233,GO:0043412,GO:0043486,GO:0043543,GO:0043933,GO:0044085,GO:0044237,GO:0044238,GO:0044260,GO:0044267,GO:0044422,GO:0044427,GO:0044428,GO:0044446,GO:0044451,GO:0044454,GO:0050789,GO:0050794,GO:0051171,GO:0051252,GO:0051276,GO:0060255,GO:0060303,GO:0065003,GO:0065007,GO:0065008,GO:0070013,GO:0070035,GO:0070209,GO:0070603,GO:0071103,GO:0071704,GO:0071824,GO:0071826,GO:0071840,GO:0080090,GO:0097255,GO:0097346,GO:0140097,GO:1901564,GO:1902493,GO:1902494,GO:1902562,GO:1903506,GO:1904949,GO:1990234,GO:2000112,GO:2001141
OG0024870	HG_24871	
OG0009421	HG_9422	
OG0000805	HG_806	
OG0004230	HG_4231	
OG0011964	HG_11965	
OG0010569	HG_10570	
OG0004683	HG_4684	GO:0000322,GO:0000323,GO:0000324,GO:0000329,GO:0003674,GO:0005215,GO:0005319,GO:0005548,GO:0005575,GO:0005622,GO:0005623,GO:0005634,GO:0005737,GO:0005773,GO:0005774,GO:0005783,GO:0005829,GO:0005886,GO:0005938,GO:0006629,GO:0006644,GO:0006650,GO:0006793,GO:0006796,GO:0006810,GO:0006811,GO:0006820,GO:0006869,GO:0006892,GO:0006893,GO:0008104,GO:0008150,GO:0008152,GO:0008526,GO:0009987,GO:0010876,GO:0012505,GO:0015031,GO:0015711,GO:0015748,GO:0015833,GO:0015914,GO:0016020,GO:0016192,GO:0017157,GO:0019637,GO:0031090,GO:0031984,GO:0032541,GO:0032878,GO:0032879,GO:0033036,GO:0034613,GO:0042886,GO:0043001,GO:0043226,GO:0043227,GO:0043229,GO:0043231,GO:0044237,GO:0044238,GO:0044255,GO:0044422,GO:0044424,GO:0044432,GO:0044437,GO:0044444,GO:0044446,GO:0044448,GO:0044464,GO:0045184,GO:0046486,GO:0046488,GO:0048193,GO:0050789,GO:0050794,GO:0051046,GO:0051049,GO:0051179,GO:0051234,GO:0051641,GO:0060627,GO:0061951,GO:0065007,GO:0070727,GO:0071702,GO:0071704,GO:0071705,GO:0071782,GO:0071944,GO:0072657,GO:0072659,GO:0090150,GO:0098588,GO:0098805,GO:0098827,GO:0098852,GO:0098876,GO:0099568,GO:1903530,GO:1990778,GO:2000114,GO:0000228,GO:0000723,GO:0000726,GO:0000781,GO:0000784,GO:0003676,GO:0003677,GO:0005488,GO:0005694,GO:0006139,GO:0006259,GO:0006281,GO:0006302,GO:0006303,GO:0006725,GO:0006807,GO:0006950,GO:0006974,GO:0006996,GO:0009314,GO:0009628,GO:0009636,GO:0010033,GO:0010212,GO:0010332,GO:0016043,GO:0031974,GO:0031981,GO:0032200,GO:0033554,GO:0034641,GO:0042162,GO:0042221,GO:0042493,GO:0042592,GO:0043170,GO:0043228,GO:0043232,GO:0043233,GO:0043565,GO:0044260,GO:0044427,GO:0044428,GO:0044454,GO:0045471,GO:0046483,GO:0046677,GO:0050896,GO:0051276,GO:0051716,GO:0060249,GO:0065008,GO:0070013,GO:0071214,GO:0071478,GO:0071479,GO:0071480,GO:0071840,GO:0090304,GO:0097159,GO:0097305,GO:0098687,GO:0104004,GO:1901360,GO:1901363,GO:1901700,GO:0000003,GO:0000139,GO:0000226,GO:0003006,GO:0005543,GO:0005628,GO:0005794,GO:0006656,GO:0006657,GO:0006896,GO:0006900,GO:0007010,GO:0007017,GO:0007034,GO:0007049,GO:0008289,GO:0008525,GO:0008610,GO:0008654,GO:0009058,GO:0009653,GO:0009889,GO:0009890,GO:0009892,GO:0010563,GO:0010927,GO:0016050,GO:0019216,GO:0019220,GO:0019222,GO:0019953,GO:0022402,GO:0022413,GO:0022414,GO:0022607,GO:0030154,GO:0030427,GO:0030435,GO:0030437,GO:0031210,GO:0031321,GO:0031322,GO:0031323,GO:0031324,GO:0031326,GO:0031327,GO:0032153,GO:0032502,GO:0032505,GO:0032989,GO:0034293,GO:0035091,GO:0035838,GO:0042763,GO:0042764,GO:0043167,GO:0043168,GO:0043169,GO:0043934,GO:0043935,GO:0044085,GO:0044249,GO:0044431,GO:0044703,GO:0045017,GO:0045833,GO:0045936,GO:0046470,GO:0046474,GO:0046890,GO:0046907,GO:0048194,GO:0048468,GO:0048519,GO:0048523,GO:0048646,GO:0048856,GO:0048869,GO:0050997,GO:0051055,GO:0051171,GO:0051172,GO:0051174,GO:0051286,GO:0051321,GO:0051649,GO:0051704,GO:0060187,GO:0061024,GO:0070405,GO:0071071,GO:0071072,GO:0080090,GO:0090407,GO:0097164,GO:0098791,GO:0120009,GO:0120010,GO:1901351,GO:1901352,GO:1901564,GO:1901566,GO:1901576,GO:1903046,GO:1903725,GO:1903726,GO:2001245,GO:2001246
OG0017739	HG_17740	
OG0007631	HG_7632	
OG0007367	HG_7368	
OG0006008	HG_6009	
OG0013309	HG_13310	GO:0000322,GO:0000323,GO:0000324,GO:0000328,GO:0005575,GO:0005622,GO:0005623,GO:0005737,GO:0005768,GO:0005770,GO:0005771,GO:0005773,GO:0005775,GO:0006914,GO:0008104,GO:0008150,GO:0008152,GO:0009056,GO:0009987,GO:0012505,GO:0016236,GO:0031410,GO:0031974,GO:0031982,GO:0032991,GO:0033036,GO:0033365,GO:0034613,GO:0043226,GO:0043227,GO:0043229,GO:0043231,GO:0043233,GO:0044237,GO:0044248,GO:0044422,GO:0044424,GO:0044437,GO:0044444,GO:0044446,GO:0044464,GO:0051179,GO:0051641,GO:0061919,GO:0061957,GO:0070013,GO:0070727,GO:0072665,GO:0097708,GO:0120113
OG0003139	HG_3140	GO:0003674,GO:0003824,GO:0005215,GO:0005342,GO:0005575,GO:0005622,GO:0005623,GO:0005737,GO:0005739,GO:0005829,GO:0005886,GO:0006810,GO:0006855,GO:0006873,GO:0008150,GO:0008559,GO:0009987,GO:0015238,GO:0015399,GO:0015405,GO:0015849,GO:0015893,GO:0016020,GO:0016021,GO:0016462,GO:0016787,GO:0016817,GO:0016818,GO:0016887,GO:0017111,GO:0019725,GO:0022804,GO:0022857,GO:0030003,GO:0031224,GO:0042221,GO:0042493,GO:0042592,GO:0042623,GO:0042626,GO:0042908,GO:0042910,GO:0043226,GO:0043227,GO:0043229,GO:0043231,GO:0043492,GO:0044424,GO:0044425,GO:0044444,GO:0044464,GO:0048878,GO:0050801,GO:0050896,GO:0051179,GO:0051234,GO:0055080,GO:0055082,GO:0055085,GO:0055088,GO:0055092,GO:0065007,GO:0065008,GO:0071702,GO:0071944,GO:1903825
OG0011108	HG_11109	
OG0007100	HG_7101	
OG0002418	HG_2419	
OG0008959	HG_8960	
OG0004476	HG_4477	
OG0007594	HG_7595	
OG0007248	HG_7249	
OG0009394	HG_9395	
OG0002321	HG_2322	GO:0003674,GO:0005575,GO:0006464,GO:0006486,GO:0006487,GO:0006493,GO:0006807,GO:0006950,GO:0006970,GO:0008047,GO:0008150,GO:0008152,GO:0009058,GO:0009059,GO:0009100,GO:0009101,GO:0009628,GO:0009987,GO:0016020,GO:0019538,GO:0030234,GO:0033554,GO:0034645,GO:0036211,GO:0043085,GO:0043170,GO:0043412,GO:0043413,GO:0044093,GO:0044237,GO:0044238,GO:0044249,GO:0044260,GO:0044267,GO:0050790,GO:0050896,GO:0051716,GO:0065007,GO:0065009,GO:0070085,GO:0071214,GO:0071470,GO:0071704,GO:0098772,GO:0104004,GO:1901135,GO:1901137,GO:1901564,GO:1901566,GO:1901576
OG0005310	HG_5311	
OG0004209	HG_4210	
OG0009636	HG_9637	GO:0000976,GO:0000977,GO:0000978,GO:0000981,GO:0000987,GO:0001012,GO:0001067,GO:0001079,GO:0001080,GO:0001085,GO:0001228,GO:0003674,GO:0003676,GO:0003677,GO:0003682,GO:0003690,GO:0003700,GO:0005488,GO:0005515,GO:0005575,GO:0005622,GO:0005623,GO:0005634,GO:0005667,GO:0005737,GO:0005829,GO:0006139,GO:0006351,GO:0006355,GO:0006357,GO:0006366,GO:0006725,GO:0006807,GO:0006808,GO:0007154,GO:0007584,GO:0008134,GO:0008150,GO:0008152,GO:0009058,GO:0009059,GO:0009605,GO:0009719,GO:0009889,GO:0009891,GO:0009893,GO:0009987,GO:0009991,GO:0010033,GO:0010243,GO:0010467,GO:0010468,GO:0010556,GO:0010557,GO:0010604,GO:0010628,GO:0016070,GO:0018130,GO:0019219,GO:0019222,GO:0019438,GO:0030154,GO:0031323,GO:0031325,GO:0031326,GO:0031328,GO:0031667,GO:0031668,GO:0031669,GO:0031670,GO:0032502,GO:0032774,GO:0032991,GO:0034641,GO:0034645,GO:0034654,GO:0042221,GO:0043170,GO:0043226,GO:0043227,GO:0043229,GO:0043231,GO:0043565,GO:0044212,GO:0044237,GO:0044238,GO:0044249,GO:0044260,GO:0044271,GO:0044424,GO:0044444,GO:0044464,GO:0045893,GO:0045935,GO:0045944,GO:0046483,GO:0048518,GO:0048522,GO:0048869,GO:0050789,GO:0050794,GO:0050896,GO:0051171,GO:0051173,GO:0051252,GO:0051254,GO:0051716,GO:0060255,GO:0065007,GO:0070887,GO:0071310,GO:0071417,GO:0071495,GO:0071496,GO:0071704,GO:0080090,GO:0090293,GO:0090294,GO:0090304,GO:0097159,GO:0097659,GO:0140110,GO:1901360,GO:1901362,GO:1901363,GO:1901576,GO:1901698,GO:1901699,GO:1902680,GO:1903506,GO:1903508,GO:1990837,GO:2000112,GO:2001141,GO:0000122,GO:0000228,GO:0000785,GO:0000790,GO:0000982,GO:0001078,GO:0001227,GO:0005506,GO:0005694,GO:0006873,GO:0006875,GO:0006879,GO:0006950,GO:0009267,GO:0009890,GO:0009892,GO:0010035,GO:0010038,GO:0010039,GO:0010106,GO:0010558,GO:0010605,GO:0010629,GO:0010646,GO:0010648,GO:0010959,GO:0019725,GO:0030003,GO:0031324,GO:0031327,GO:0031974,GO:0031981,GO:0032101,GO:0032102,GO:0032104,GO:0032105,GO:0032107,GO:0032108,GO:0032879,GO:0033554,GO:0034248,GO:0034249,GO:0034395,GO:0034396,GO:0034756,GO:0034757,GO:0042592,GO:0042594,GO:0043167,GO:0043169,GO:0043228,GO:0043232,GO:0043233,GO:0043269,GO:0043271,GO:0043455,GO:0044422,GO:0044427,GO:0044428,GO:0044446,GO:0044454,GO:0045892,GO:0045934,GO:0046688,GO:0046872,GO:0046914,GO:0046916,GO:0048037,GO:0048519,GO:0048523,GO:0048583,GO:0048585,GO:0048878,GO:0050801,GO:0051049,GO:0051051,GO:0051172,GO:0051193,GO:0051195,GO:0051253,GO:0051536,GO:0051540,GO:0055065,GO:0055072,GO:0055076,GO:0055080,GO:0055082,GO:0062012,GO:0062014,GO:0065008,GO:0070013,GO:0071241,GO:0071248,GO:0071280,GO:0071281,GO:0080134,GO:0080135,GO:0097739,GO:0098771,GO:1900376,GO:1900377,GO:1900704,GO:1900705,GO:1901966,GO:1901967,GO:1902679,GO:1903507,GO:1905568,GO:1905569,GO:2000113,GO:0008104,GO:0032507,GO:0033036,GO:0033365,GO:0034504,GO:0034613,GO:0045185,GO:0051179,GO:0051235,GO:0051457,GO:0051641,GO:0051651,GO:0061984,GO:0070727,GO:0072595,GO:0090295,GO:0009266,GO:0009408,GO:0009628,GO:0010226,GO:0030447,GO:0034605,GO:0035690,GO:0040007,GO:0042493,GO:0071285
OG0005587	HG_5588	
OG0004621	HG_4622	GO:0000228,GO:0000785,GO:0000790,GO:0003674,GO:0003676,GO:0003723,GO:0003729,GO:0005488,GO:0005575,GO:0005622,GO:0005623,GO:0005634,GO:0005694,GO:0006139,GO:0006259,GO:0006281,GO:0006302,GO:0006310,GO:0006312,GO:0006325,GO:0006338,GO:0006725,GO:0006807,GO:0006950,GO:0006974,GO:0006996,GO:0008150,GO:0008152,GO:0009987,GO:0010646,GO:0010647,GO:0016043,GO:0031011,GO:0031974,GO:0031981,GO:0032101,GO:0032103,GO:0032104,GO:0032106,GO:0032107,GO:0032109,GO:0032991,GO:0033202,GO:0033554,GO:0034641,GO:0034728,GO:0043044,GO:0043170,GO:0043226,GO:0043227,GO:0043228,GO:0043229,GO:0043231,GO:0043232,GO:0043233,GO:0043933,GO:0044237,GO:0044238,GO:0044260,GO:0044422,GO:0044424,GO:0044427,GO:0044428,GO:0044446,GO:0044454,GO:0044464,GO:0046483,GO:0048518,GO:0048522,GO:0048583,GO:0048584,GO:0050789,GO:0050794,GO:0050896,GO:0051276,GO:0051716,GO:0060303,GO:0065007,GO:0065008,GO:0070013,GO:0070603,GO:0071704,GO:0071824,GO:0071840,GO:0080040,GO:0080134,GO:0080135,GO:0090304,GO:0097159,GO:0097346,GO:1901360,GO:1901363,GO:1902494,GO:1904949
OG0010446	HG_10447	GO:0005575,GO:0005622,GO:0005623,GO:0005737,GO:0005768,GO:0005770,GO:0005794,GO:0005886,GO:0006605,GO:0006612,GO:0006810,GO:0006886,GO:0008104,GO:0008150,GO:0009987,GO:0012505,GO:0015031,GO:0015833,GO:0016020,GO:0016043,GO:0031410,GO:0031982,GO:0032594,GO:0032596,GO:0033036,GO:0034613,GO:0042886,GO:0043226,GO:0043227,GO:0043229,GO:0043231,GO:0044424,GO:0044425,GO:0044444,GO:0044464,GO:0045121,GO:0045184,GO:0046907,GO:0051179,GO:0051234,GO:0051641,GO:0051649,GO:0051668,GO:0061024,GO:0070727,GO:0071702,GO:0071705,GO:0071840,GO:0071944,GO:0072657,GO:0090150,GO:0097708,GO:0098589,GO:0098805,GO:0098857,GO:1903044,GO:0005739,GO:0005783,GO:0005811,GO:0006950,GO:0006974,GO:0033554,GO:0043228,GO:0043232,GO:0050896,GO:0051716,GO:0003674,GO:0003824,GO:0008152,GO:0016491,GO:0016614,GO:0016616,GO:0055114
OG0011326	HG_11327	
OG0007651	HG_7652	GO:0000070,GO:0000228,GO:0000278,GO:0000280,GO:0000775,GO:0000776,GO:0000777,GO:0000778,GO:0000779,GO:0000780,GO:0000785,GO:0000786,GO:0000788,GO:0000790,GO:0000793,GO:0000794,GO:0000819,GO:0003674,GO:0003676,GO:0003677,GO:0005488,GO:0005515,GO:0005575,GO:0005622,GO:0005623,GO:0005634,GO:0005694,GO:0006996,GO:0007049,GO:0007059,GO:0008104,GO:0008150,GO:0009987,GO:0016043,GO:0022402,GO:0022607,GO:0031974,GO:0031981,GO:0032991,GO:0032993,GO:0033036,GO:0033365,GO:0034501,GO:0034502,GO:0034508,GO:0034613,GO:0034622,GO:0042393,GO:0043226,GO:0043227,GO:0043228,GO:0043229,GO:0043231,GO:0043232,GO:0043233,GO:0043933,GO:0044085,GO:0044422,GO:0044424,GO:0044427,GO:0044428,GO:0044446,GO:0044454,GO:0044464,GO:0044815,GO:0048285,GO:0051179,GO:0051276,GO:0051382,GO:0051383,GO:0051641,GO:0065003,GO:0065004,GO:0070013,GO:0070727,GO:0070925,GO:0071459,GO:0071824,GO:0071840,GO:0097159,GO:0098687,GO:0098813,GO:0140014,GO:1901363,GO:1903047,GO:1903394
OG0016293	HG_16294	GO:0003674,GO:0003824,GO:0004175,GO:0004190,GO:0005575,GO:0005576,GO:0005618,GO:0005622,GO:0005623,GO:0005737,GO:0005783,GO:0005789,GO:0005886,GO:0006508,GO:0006807,GO:0008150,GO:0008152,GO:0008233,GO:0009056,GO:0009057,GO:0009277,GO:0009897,GO:0009986,GO:0009987,GO:0012505,GO:0016020,GO:0016043,GO:0016787,GO:0019538,GO:0030163,GO:0030312,GO:0031224,GO:0031225,GO:0031226,GO:0031233,GO:0031362,GO:0031505,GO:0031984,GO:0042175,GO:0043170,GO:0043226,GO:0043227,GO:0043229,GO:0043231,GO:0044238,GO:0044422,GO:0044424,GO:0044425,GO:0044432,GO:0044444,GO:0044446,GO:0044459,GO:0044464,GO:0045229,GO:0046658,GO:0070001,GO:0070011,GO:0071554,GO:0071555,GO:0071704,GO:0071840,GO:0071852,GO:0071944,GO:0098552,GO:0098827,GO:0140096,GO:1901564,GO:1901565,GO:1901575
OG0006962	HG_6963	
OG0008221	HG_8222	
OG0005732	HG_5733	GO:0000018,GO:0000070,GO:0000228,GO:0000278,GO:0000280,GO:0000775,GO:0000776,GO:0000777,GO:0000778,GO:0000779,GO:0000780,GO:0000793,GO:0000794,GO:0000817,GO:0000819,GO:0005575,GO:0005622,GO:0005623,GO:0005634,GO:0005694,GO:0006996,GO:0007049,GO:0007059,GO:0007062,GO:0007064,GO:0008104,GO:0008150,GO:0009892,GO:0009987,GO:0010520,GO:0010564,GO:0010605,GO:0010639,GO:0010948,GO:0016043,GO:0019219,GO:0019222,GO:0022402,GO:0031323,GO:0031324,GO:0031974,GO:0031981,GO:0032991,GO:0033036,GO:0033043,GO:0033365,GO:0034085,GO:0034087,GO:0034502,GO:0034613,GO:0040020,GO:0043226,GO:0043227,GO:0043228,GO:0043229,GO:0043231,GO:0043232,GO:0043233,GO:0044422,GO:0044424,GO:0044427,GO:0044428,GO:0044446,GO:0044454,GO:0044464,GO:0045128,GO:0045786,GO:0045835,GO:0045910,GO:0045934,GO:0048285,GO:0048519,GO:0048523,GO:0050789,GO:0050794,GO:0051052,GO:0051053,GO:0051128,GO:0051129,GO:0051171,GO:0051172,GO:0051179,GO:0051276,GO:0051445,GO:0051447,GO:0051641,GO:0051726,GO:0051783,GO:0051784,GO:0060255,GO:0060631,GO:0065007,GO:0070013,GO:0070727,GO:0071459,GO:0071840,GO:0080090,GO:0098687,GO:0098813,GO:0110029,GO:0140014,GO:1903047,GO:1903341,GO:1903342,GO:1905261,GO:1905262,GO:2000241,GO:2000242
OG0004584	HG_4585	
OG0007573	HG_7574	
OG0007790	HG_7791	
OG0007403	HG_7404	
OG0007620	HG_7621	
OG0012032	HG_12033	GO:0003674,GO:0003676,GO:0003723,GO:0003729,GO:0003824,GO:0004518,GO:0004519,GO:0005488,GO:0005575,GO:0005622,GO:0005623,GO:0005737,GO:0005739,GO:0005740,GO:0005743,GO:0006139,GO:0006417,GO:0006446,GO:0006725,GO:0006807,GO:0008150,GO:0008152,GO:0009451,GO:0009889,GO:0009891,GO:0009893,GO:0009987,GO:0010468,GO:0010556,GO:0010557,GO:0010604,GO:0010608,GO:0010628,GO:0016020,GO:0016070,GO:0016787,GO:0016788,GO:0019222,GO:0019866,GO:0019898,GO:0031090,GO:0031312,GO:0031314,GO:0031323,GO:0031325,GO:0031326,GO:0031328,GO:0031966,GO:0031967,GO:0031975,GO:0032268,GO:0032270,GO:0034248,GO:0034250,GO:0034641,GO:0043170,GO:0043226,GO:0043227,GO:0043229,GO:0043231,GO:0043412,GO:0044237,GO:0044238,GO:0044422,GO:0044424,GO:0044425,GO:0044429,GO:0044444,GO:0044446,GO:0044455,GO:0044464,GO:0045182,GO:0045727,GO:0045948,GO:0046483,GO:0048518,GO:0048522,GO:0050789,GO:0050794,GO:0051171,GO:0051173,GO:0051246,GO:0051247,GO:0060255,GO:0065007,GO:0070129,GO:0070131,GO:0070132,GO:0070134,GO:0071704,GO:0080090,GO:0090304,GO:0090305,GO:0097159,GO:1901360,GO:1901363,GO:2000112
OG0006472	HG_6473	
OG0029573	HG_29574	GO:0000276,GO:0003674,GO:0005198,GO:0005575,GO:0005622,GO:0005623,GO:0005737,GO:0005739,GO:0005740,GO:0005743,GO:0005753,GO:0006091,GO:0006119,GO:0006139,GO:0006163,GO:0006164,GO:0006725,GO:0006753,GO:0006754,GO:0006793,GO:0006796,GO:0006807,GO:0006810,GO:0006811,GO:0006812,GO:0006839,GO:0008150,GO:0008152,GO:0009058,GO:0009117,GO:0009123,GO:0009124,GO:0009126,GO:0009127,GO:0009141,GO:0009142,GO:0009144,GO:0009145,GO:0009150,GO:0009152,GO:0009156,GO:0009161,GO:0009165,GO:0009167,GO:0009168,GO:0009199,GO:0009201,GO:0009205,GO:0009206,GO:0009259,GO:0009260,GO:0009987,GO:0015672,GO:0015985,GO:0015986,GO:0016020,GO:0016021,GO:0016310,GO:0016469,GO:0017144,GO:0018130,GO:0019438,GO:0019637,GO:0019693,GO:0019866,GO:0031090,GO:0031224,GO:0031966,GO:0031967,GO:0031975,GO:0032991,GO:0033177,GO:0034220,GO:0034641,GO:0034654,GO:0042776,GO:0043226,GO:0043227,GO:0043229,GO:0043231,GO:0044237,GO:0044238,GO:0044249,GO:0044271,GO:0044281,GO:0044422,GO:0044424,GO:0044425,GO:0044429,GO:0044444,GO:0044446,GO:0044455,GO:0044464,GO:0045259,GO:0045263,GO:0046034,GO:0046390,GO:0046483,GO:0046907,GO:0051179,GO:0051234,GO:0051641,GO:0051649,GO:0055085,GO:0055086,GO:0071704,GO:0072521,GO:0072522,GO:0090407,GO:0098655,GO:0098660,GO:0098662,GO:0098796,GO:0098798,GO:0098800,GO:1901135,GO:1901137,GO:1901293,GO:1901360,GO:1901362,GO:1901564,GO:1901566,GO:1901576,GO:1902600,GO:1990542
OG0024860	HG_24861	
OG0003983	HG_3984	GO:0000422,GO:0005575,GO:0005622,GO:0005623,GO:0005737,GO:0005739,GO:0005886,GO:0006914,GO:0006996,GO:0007005,GO:0007154,GO:0007165,GO:0008150,GO:0008152,GO:0009056,GO:0009987,GO:0016020,GO:0016043,GO:0022411,GO:0023052,GO:0035556,GO:0043226,GO:0043227,GO:0043229,GO:0043231,GO:0044237,GO:0044248,GO:0044424,GO:0044444,GO:0044464,GO:0050789,GO:0050794,GO:0050896,GO:0051716,GO:0061726,GO:0061919,GO:0065007,GO:0071840,GO:0071944,GO:1903008
OG0010528	HG_10529	GO:0000166,GO:0003674,GO:0003824,GO:0004672,GO:0004674,GO:0005488,GO:0005524,GO:0005575,GO:0005622,GO:0005623,GO:0005737,GO:0005739,GO:0005979,GO:0006109,GO:0006417,GO:0006464,GO:0006468,GO:0006793,GO:0006796,GO:0006807,GO:0008144,GO:0008150,GO:0008152,GO:0009889,GO:0009890,GO:0009892,GO:0009987,GO:0010468,GO:0010556,GO:0010558,GO:0010605,GO:0010608,GO:0010629,GO:0010675,GO:0010677,GO:0010906,GO:0010962,GO:0016301,GO:0016310,GO:0016740,GO:0016772,GO:0016773,GO:0017076,GO:0017148,GO:0019222,GO:0019538,GO:0023052,GO:0030554,GO:0031323,GO:0031324,GO:0031326,GO:0031327,GO:0032268,GO:0032269,GO:0032553,GO:0032555,GO:0032559,GO:0032878,GO:0032881,GO:0032885,GO:0032950,GO:0032951,GO:0034248,GO:0034249,GO:0035639,GO:0036094,GO:0036211,GO:0043167,GO:0043168,GO:0043170,GO:0043226,GO:0043227,GO:0043229,GO:0043231,GO:0043255,GO:0043412,GO:0043467,GO:0044237,GO:0044238,GO:0044260,GO:0044267,GO:0044424,GO:0044444,GO:0044464,GO:0045719,GO:0045912,GO:0048519,GO:0048523,GO:0050789,GO:0050794,GO:0051171,GO:0051172,GO:0051246,GO:0051248,GO:0060255,GO:0060917,GO:0062012,GO:0065007,GO:0070873,GO:0070874,GO:0071704,GO:0080090,GO:0097159,GO:0097367,GO:0140096,GO:1901265,GO:1901363,GO:1901564,GO:2000112,GO:2000113,GO:2000765,GO:2000766
OG0031304	HG_31305	
OG0022600	HG_22601	GO:0001726,GO:0003674,GO:0003779,GO:0005488,GO:0005515,GO:0005543,GO:0005575,GO:0005622,GO:0005623,GO:0005634,GO:0005737,GO:0005829,GO:0005856,GO:0005886,GO:0005938,GO:0006996,GO:0007010,GO:0007015,GO:0008064,GO:0008092,GO:0008150,GO:0008289,GO:0009987,GO:0010639,GO:0015629,GO:0016020,GO:0016043,GO:0022607,GO:0030029,GO:0030036,GO:0030479,GO:0030832,GO:0030833,GO:0030863,GO:0030864,GO:0031252,GO:0031253,GO:0031256,GO:0031344,GO:0032271,GO:0032535,GO:0032587,GO:0032956,GO:0032970,GO:0033043,GO:0034315,GO:0034316,GO:0035091,GO:0042995,GO:0043167,GO:0043168,GO:0043226,GO:0043227,GO:0043228,GO:0043229,GO:0043231,GO:0043232,GO:0043254,GO:0044085,GO:0044087,GO:0044422,GO:0044424,GO:0044425,GO:0044430,GO:0044444,GO:0044446,GO:0044448,GO:0044459,GO:0044463,GO:0044464,GO:0044877,GO:0048519,GO:0048523,GO:0050789,GO:0050794,GO:0051015,GO:0051017,GO:0051125,GO:0051126,GO:0051128,GO:0051129,GO:0051179,GO:0051493,GO:0051494,GO:0051641,GO:0051666,GO:0060491,GO:0061572,GO:0061645,GO:0065007,GO:0065008,GO:0071840,GO:0071944,GO:0090066,GO:0097435,GO:0098590,GO:0099568,GO:0110053,GO:0120025,GO:0120032,GO:0120035,GO:0120038,GO:1900027,GO:1902903,GO:1902904
OG0006482	HG_6483	GO:0000118,GO:0000151,GO:0000228,GO:0000785,GO:0000790,GO:0003674,GO:0003824,GO:0004842,GO:0005488,GO:0005515,GO:0005575,GO:0005622,GO:0005623,GO:0005634,GO:0005654,GO:0005694,GO:0005737,GO:0006325,GO:0006464,GO:0006476,GO:0006807,GO:0006996,GO:0008150,GO:0008152,GO:0009987,GO:0010564,GO:0010639,GO:0010948,GO:0016043,GO:0016567,GO:0016569,GO:0016570,GO:0016575,GO:0016740,GO:0019538,GO:0019787,GO:0019899,GO:0031625,GO:0031974,GO:0031981,GO:0032446,GO:0032991,GO:0033043,GO:0034967,GO:0035601,GO:0036211,GO:0040020,GO:0043170,GO:0043226,GO:0043227,GO:0043228,GO:0043229,GO:0043231,GO:0043232,GO:0043233,GO:0043412,GO:0044237,GO:0044238,GO:0044260,GO:0044267,GO:0044389,GO:0044422,GO:0044424,GO:0044427,GO:0044428,GO:0044446,GO:0044451,GO:0044454,GO:0044464,GO:0045786,GO:0045835,GO:0048519,GO:0048523,GO:0050789,GO:0050794,GO:0051128,GO:0051129,GO:0051276,GO:0051445,GO:0051447,GO:0051726,GO:0051783,GO:0051784,GO:0065007,GO:0070013,GO:0070647,GO:0071704,GO:0071840,GO:0098732,GO:0140096,GO:1901564,GO:1902494,GO:1990234,GO:2000241,GO:2000242,GO:0000724,GO:0000725,GO:0000813,GO:0003712,GO:0003714,GO:0005657,GO:0005768,GO:0005769,GO:0005829,GO:0005886,GO:0006139,GO:0006259,GO:0006260,GO:0006261,GO:0006281,GO:0006302,GO:0006310,GO:0006355,GO:0006508,GO:0006511,GO:0006725,GO:0006810,GO:0006886,GO:0006950,GO:0006974,GO:0007034,GO:0008104,GO:0009056,GO:0009057,GO:0009058,GO:0009059,GO:0009889,GO:0009890,GO:0009892,GO:0009893,GO:0009894,GO:0009896,GO:0010008,GO:0010468,GO:0010556,GO:0010558,GO:0010604,GO:0010605,GO:0012505,GO:0015031,GO:0015833,GO:0016020,GO:0016192,GO:0016197,GO:0016604,GO:0019219,GO:0019222,GO:0019941,GO:0030100,GO:0030163,GO:0031090,GO:0031297,GO:0031323,GO:0031324,GO:0031326,GO:0031327,GO:0031396,GO:0031397,GO:0031399,GO:0031400,GO:0031410,GO:0031982,GO:0032182,GO:0032268,GO:0032269,GO:0032509,GO:0032511,GO:0032879,GO:0032880,GO:0033036,GO:0033365,GO:0033554,GO:0034613,GO:0034641,GO:0034645,GO:0036452,GO:0042176,GO:0042393,GO:0042886,GO:0042994,GO:0043130,GO:0043162,GO:0043328,GO:0043433,GO:0043596,GO:0043632,GO:0044092,GO:0044248,GO:0044249,GO:0044257,GO:0044265,GO:0044425,GO:0044433,GO:0044440,GO:0044444,GO:0045005,GO:0045184,GO:0045185,GO:0045324,GO:0045732,GO:0045807,GO:0045934,GO:0046483,GO:0046907,GO:0048518,GO:0048522,GO:0050896,GO:0051049,GO:0051050,GO:0051090,GO:0051130,GO:0051171,GO:0051172,GO:0051173,GO:0051179,GO:0051220,GO:0051222,GO:0051223,GO:0051234,GO:0051235,GO:0051246,GO:0051247,GO:0051248,GO:0051252,GO:0051253,GO:0051603,GO:0051641,GO:0051649,GO:0051716,GO:0060255,GO:0060341,GO:0060627,GO:0065008,GO:0065009,GO:0070201,GO:0070727,GO:0071702,GO:0071705,GO:0071944,GO:0071985,GO:0072594,GO:0072665,GO:0072666,GO:0080090,GO:0090087,GO:0090304,GO:0097708,GO:0098588,GO:0098796,GO:0098805,GO:0140110,GO:1901360,GO:1901565,GO:1901575,GO:1901576,GO:1902679,GO:1903320,GO:1903321,GO:1903506,GO:1903507,GO:1903827,GO:1903829,GO:1904951,GO:2000112,GO:2000395,GO:2000397,GO:2001141
OG0020894	HG_20895	
OG0005123	HG_5124	
OG0003606	HG_3607	GO:0005575,GO:0005622,GO:0005623,GO:0005634,GO:0005654,GO:0005737,GO:0005739,GO:0006139,GO:0006351,GO:0006355,GO:0006357,GO:0006366,GO:0006725,GO:0006807,GO:0008150,GO:0008152,GO:0009058,GO:0009059,GO:0009889,GO:0009987,GO:0010467,GO:0010468,GO:0010556,GO:0016070,GO:0016592,GO:0018130,GO:0019219,GO:0019222,GO:0019438,GO:0031323,GO:0031326,GO:0031974,GO:0031981,GO:0032774,GO:0032991,GO:0034641,GO:0034645,GO:0034654,GO:0043170,GO:0043226,GO:0043227,GO:0043229,GO:0043231,GO:0043233,GO:0044237,GO:0044238,GO:0044249,GO:0044260,GO:0044271,GO:0044422,GO:0044424,GO:0044428,GO:0044444,GO:0044446,GO:0044451,GO:0044464,GO:0046483,GO:0050789,GO:0050794,GO:0051171,GO:0051252,GO:0060255,GO:0065007,GO:0070013,GO:0071704,GO:0080090,GO:0090304,GO:0097659,GO:1901360,GO:1901362,GO:1901576,GO:1903506,GO:2000112,GO:2001141
OG0006724	HG_6725	
OG0005752	HG_5753	GO:0000151,GO:0005575,GO:0005622,GO:0005623,GO:0019005,GO:0031461,GO:0032991,GO:0044424,GO:0044464,GO:1902494,GO:1990234,GO:0000723,GO:0003674,GO:0003676,GO:0003723,GO:0003729,GO:0005488,GO:0005634,GO:0005737,GO:0006139,GO:0006259,GO:0006725,GO:0006807,GO:0006996,GO:0008150,GO:0008152,GO:0009987,GO:0016043,GO:0032200,GO:0034641,GO:0042592,GO:0043170,GO:0043226,GO:0043227,GO:0043229,GO:0043231,GO:0044237,GO:0044238,GO:0044260,GO:0046483,GO:0051276,GO:0060249,GO:0065007,GO:0065008,GO:0071704,GO:0071840,GO:0090304,GO:0097159,GO:1901360,GO:1901363
OG0006275	HG_6276	
OG0006992	HG_6993	GO:0003674,GO:0003824,GO:0004842,GO:0005575,GO:0005622,GO:0005623,GO:0005628,GO:0005737,GO:0006464,GO:0006807,GO:0008150,GO:0008152,GO:0009987,GO:0016020,GO:0016567,GO:0016740,GO:0019538,GO:0019787,GO:0032446,GO:0036211,GO:0042763,GO:0042764,GO:0043170,GO:0043412,GO:0044237,GO:0044238,GO:0044260,GO:0044267,GO:0044424,GO:0044464,GO:0061630,GO:0061659,GO:0070647,GO:0071704,GO:0140096,GO:1901564
OG0002644	HG_2645	
OG0009723	HG_9724	GO:0003674,GO:0003824,GO:0004175,GO:0004843,GO:0005575,GO:0005622,GO:0005623,GO:0005634,GO:0005737,GO:0005777,GO:0005783,GO:0005829,GO:0006282,GO:0006464,GO:0006508,GO:0006807,GO:0008150,GO:0008152,GO:0008233,GO:0008234,GO:0009889,GO:0009890,GO:0009892,GO:0009987,GO:0010556,GO:0010558,GO:0010605,GO:0010992,GO:0010995,GO:0012505,GO:0016043,GO:0016579,GO:0016787,GO:0019219,GO:0019222,GO:0019538,GO:0019725,GO:0019783,GO:0022411,GO:0031323,GO:0031324,GO:0031326,GO:0031327,GO:0032984,GO:0035871,GO:0036211,GO:0036459,GO:0042579,GO:0042592,GO:0043170,GO:0043226,GO:0043227,GO:0043229,GO:0043231,GO:0043412,GO:0043624,GO:0043933,GO:0044237,GO:0044238,GO:0044260,GO:0044267,GO:0044424,GO:0044444,GO:0044464,GO:0045738,GO:0045934,GO:0048519,GO:0048523,GO:0048583,GO:0048585,GO:0050789,GO:0050794,GO:0051052,GO:0051053,GO:0051171,GO:0051172,GO:0051261,GO:0060255,GO:0065007,GO:0065008,GO:0070011,GO:0070536,GO:0070646,GO:0070647,GO:0071704,GO:0071840,GO:0080090,GO:0080134,GO:0080135,GO:0101005,GO:0140096,GO:1901564,GO:1904331,GO:1904332,GO:2000112,GO:2000113,GO:2000278,GO:2000279,GO:2001020,GO:2001021
OG0005809	HG_5810	GO:0003674,GO:0003824,GO:0004152,GO:0005575,GO:0005622,GO:0005623,GO:0005737,GO:0006139,GO:0006206,GO:0006207,GO:0006725,GO:0006807,GO:0008150,GO:0008152,GO:0009058,GO:0009112,GO:0009987,GO:0016020,GO:0016491,GO:0016627,GO:0016635,GO:0018130,GO:0019856,GO:0019898,GO:0034641,GO:0044237,GO:0044238,GO:0044249,GO:0044271,GO:0044281,GO:0044424,GO:0044425,GO:0044464,GO:0046112,GO:0046483,GO:0055086,GO:0055114,GO:0071704,GO:0072527,GO:0072528,GO:1901360,GO:1901362,GO:1901564,GO:1901566,GO:1901576
OG0020904	HG_20905	
OG0008710	HG_8711	GO:0000775,GO:0005575,GO:0005622,GO:0005623,GO:0005694,GO:0006323,GO:0006325,GO:0006333,GO:0006334,GO:0006336,GO:0006338,GO:0006996,GO:0008104,GO:0008150,GO:0009987,GO:0016043,GO:0022607,GO:0031055,GO:0031497,GO:0033036,GO:0033365,GO:0034080,GO:0034502,GO:0034506,GO:0034508,GO:0034613,GO:0034622,GO:0034724,GO:0034728,GO:0043044,GO:0043226,GO:0043228,GO:0043229,GO:0043232,GO:0043486,GO:0043933,GO:0044085,GO:0044422,GO:0044424,GO:0044427,GO:0044446,GO:0044464,GO:0051179,GO:0051276,GO:0051382,GO:0051383,GO:0051641,GO:0061641,GO:0065003,GO:0065004,GO:0070727,GO:0070925,GO:0071103,GO:0071459,GO:0071824,GO:0071840,GO:0098687
OG0004315	HG_4316	
OG0007216	HG_7217	
OG0010280	HG_10281	GO:0000003,GO:0001510,GO:0001558,GO:0003674,GO:0005488,GO:0005515,GO:0005575,GO:0005622,GO:0005623,GO:0005737,GO:0006139,GO:0006259,GO:0006260,GO:0006261,GO:0006279,GO:0006725,GO:0006807,GO:0007049,GO:0008150,GO:0008152,GO:0009058,GO:0009059,GO:0009451,GO:0009987,GO:0010570,GO:0016070,GO:0016071,GO:0016556,GO:0022402,GO:0022414,GO:0030308,GO:0032259,GO:0032991,GO:0033260,GO:0034641,GO:0034645,GO:0034708,GO:0036396,GO:0040008,GO:0043170,GO:0043412,GO:0043414,GO:0044237,GO:0044238,GO:0044249,GO:0044260,GO:0044424,GO:0044464,GO:0044786,GO:0045293,GO:0045926,GO:0046483,GO:0048519,GO:0048523,GO:0050789,GO:0050794,GO:0051128,GO:0051321,GO:0060258,GO:0065007,GO:0070784,GO:0070785,GO:0071704,GO:0080009,GO:0090304,GO:1900428,GO:1900429,GO:1901360,GO:1901576,GO:1902494,GO:1903046,GO:1990234,GO:2000220,GO:2000221
OG0004583	HG_4584	GO:0000045,GO:0000407,GO:0005575,GO:0005622,GO:0005623,GO:0005737,GO:0005768,GO:0005793,GO:0005794,GO:0005801,GO:0005802,GO:0005829,GO:0006810,GO:0006886,GO:0006888,GO:0006914,GO:0006996,GO:0007033,GO:0008104,GO:0008150,GO:0008152,GO:0009056,GO:0009893,GO:0009894,GO:0009896,GO:0009987,GO:0010506,GO:0010508,GO:0012505,GO:0015031,GO:0015833,GO:0016043,GO:0016192,GO:0016236,GO:0016239,GO:0016241,GO:0019222,GO:0022607,GO:0030008,GO:0031323,GO:0031325,GO:0031329,GO:0031331,GO:0031410,GO:0031503,GO:0031982,GO:0031984,GO:0032991,GO:0033036,GO:0034497,GO:0034613,GO:0034629,GO:0042886,GO:0043226,GO:0043227,GO:0043229,GO:0043231,GO:0044085,GO:0044237,GO:0044248,GO:0044422,GO:0044424,GO:0044431,GO:0044433,GO:0044440,GO:0044444,GO:0044446,GO:0044464,GO:0045184,GO:0046907,GO:0048193,GO:0048518,GO:0048522,GO:0050789,GO:0050794,GO:0051179,GO:0051234,GO:0051641,GO:0051649,GO:0061919,GO:0065007,GO:0070727,GO:0070925,GO:0071702,GO:0071705,GO:0071840,GO:0097708,GO:0098791,GO:0099023,GO:1905037,GO:1990070,GO:1990071,GO:1990072,GO:0000429,GO:0000430,GO:0000433,GO:0000814,GO:0003674,GO:0005198,GO:0005488,GO:0005515,GO:0006355,GO:0006357,GO:0006508,GO:0006511,GO:0006605,GO:0006623,GO:0006807,GO:0006811,GO:0006820,GO:0006862,GO:0007034,GO:0007154,GO:0007584,GO:0009057,GO:0009605,GO:0009889,GO:0009890,GO:0009892,GO:0009991,GO:0010008,GO:0010468,GO:0010556,GO:0010558,GO:0010605,GO:0010629,GO:0015711,GO:0015748,GO:0015865,GO:0015867,GO:0015868,GO:0015893,GO:0015931,GO:0016020,GO:0016197,GO:0019219,GO:0019538,GO:0019941,GO:0030163,GO:0031090,GO:0031324,GO:0031326,GO:0031327,GO:0031667,GO:0031668,GO:0031669,GO:0031670,GO:0032509,GO:0032511,GO:0033365,GO:0036452,GO:0042221,GO:0042493,GO:0042802,GO:0042803,GO:0043162,GO:0043170,GO:0043328,GO:0043632,GO:0044238,GO:0044257,GO:0044260,GO:0044265,GO:0044267,GO:0044425,GO:0045013,GO:0045014,GO:0045324,GO:0045892,GO:0045934,GO:0045990,GO:0046015,GO:0046618,GO:0046983,GO:0048519,GO:0048523,GO:0050896,GO:0051171,GO:0051172,GO:0051252,GO:0051253,GO:0051503,GO:0051603,GO:0051716,GO:0060255,GO:0061984,GO:0061985,GO:0061986,GO:0061987,GO:0070887,GO:0071496,GO:0071704,GO:0071985,GO:0072594,GO:0072665,GO:0072666,GO:0080090,GO:0098588,GO:0098796,GO:0098805,GO:1901264,GO:1901564,GO:1901565,GO:1901575,GO:1902679,GO:1903506,GO:1903507,GO:1904669,GO:2000112,GO:2000113,GO:2001141,GO:0005634,GO:0005730,GO:0006325,GO:0006333,GO:0031974,GO:0031981,GO:0043228,GO:0043232,GO:0043233,GO:0044428,GO:0051276,GO:0070013
OG0031330	HG_31331	
OG0000419	HG_420	
OG0010672	HG_10673	
OG0007267	HG_7268	
OG0005370	HG_5371	GO:0000123,GO:0000724,GO:0000725,GO:0005575,GO:0005622,GO:0005623,GO:0005634,GO:0005654,GO:0005671,GO:0006139,GO:0006259,GO:0006281,GO:0006302,GO:0006310,GO:0006325,GO:0006464,GO:0006473,GO:0006475,GO:0006725,GO:0006807,GO:0006950,GO:0006974,GO:0006996,GO:0008150,GO:0008152,GO:0009987,GO:0016043,GO:0016569,GO:0016570,GO:0016573,GO:0018193,GO:0018205,GO:0018393,GO:0018394,GO:0019538,GO:0031248,GO:0031974,GO:0031981,GO:0032991,GO:0033554,GO:0034641,GO:0036211,GO:0043170,GO:0043226,GO:0043227,GO:0043229,GO:0043231,GO:0043233,GO:0043412,GO:0043543,GO:0044237,GO:0044238,GO:0044260,GO:0044267,GO:0044422,GO:0044424,GO:0044428,GO:0044446,GO:0044451,GO:0044464,GO:0046483,GO:0050896,GO:0051276,GO:0051716,GO:0070013,GO:0071704,GO:0071840,GO:0090304,GO:1901360,GO:1901564,GO:1902493,GO:1902494,GO:1902562,GO:1990234,GO:1990414,GO:0000075,GO:0000226,GO:0000278,GO:0000956,GO:0000972,GO:0000973,GO:0003674,GO:0003676,GO:0003723,GO:0003729,GO:0005488,GO:0005635,GO:0005643,GO:0005737,GO:0005739,GO:0005815,GO:0005816,GO:0005856,GO:0005938,GO:0006355,GO:0006357,GO:0006401,GO:0006402,GO:0006403,GO:0006405,GO:0006406,GO:0006606,GO:0006611,GO:0006810,GO:0006886,GO:0006913,GO:0007010,GO:0007017,GO:0007049,GO:0007088,GO:0007093,GO:0007094,GO:0007346,GO:0008104,GO:0008298,GO:0009056,GO:0009057,GO:0009607,GO:0009719,GO:0009889,GO:0009891,GO:0009892,GO:0009893,GO:0010467,GO:0010468,GO:0010556,GO:0010557,GO:0010564,GO:0010604,GO:0010605,GO:0010628,GO:0010629,GO:0010639,GO:0010948,GO:0010965,GO:0012505,GO:0015031,GO:0015630,GO:0015833,GO:0015931,GO:0016020,GO:0016021,GO:0016070,GO:0016071,GO:0016973,GO:0017038,GO:0019219,GO:0019222,GO:0019439,GO:0022402,GO:0030071,GO:0031023,GO:0031097,GO:0031224,GO:0031323,GO:0031325,GO:0031326,GO:0031328,GO:0031503,GO:0031577,GO:0031967,GO:0031975,GO:0032153,GO:0032155,GO:0033036,GO:0033043,GO:0033044,GO:0033045,GO:0033046,GO:0033047,GO:0033048,GO:0033365,GO:0034397,GO:0034398,GO:0034399,GO:0034504,GO:0034613,GO:0034655,GO:0042886,GO:0043021,GO:0043228,GO:0043232,GO:0044248,GO:0044265,GO:0044270,GO:0044425,GO:0044430,GO:0044444,GO:0044448,GO:0044615,GO:0044877,GO:0045184,GO:0045786,GO:0045839,GO:0045841,GO:0045893,GO:0045930,GO:0045935,GO:0045944,GO:0046700,GO:0046907,GO:0048518,GO:0048519,GO:0048522,GO:0048523,GO:0050000,GO:0050657,GO:0050658,GO:0050789,GO:0050794,GO:0051028,GO:0051128,GO:0051129,GO:0051168,GO:0051169,GO:0051170,GO:0051171,GO:0051173,GO:0051179,GO:0051234,GO:0051236,GO:0051252,GO:0051254,GO:0051300,GO:0051640,GO:0051641,GO:0051649,GO:0051726,GO:0051783,GO:0051784,GO:0051983,GO:0051985,GO:0060255,GO:0065007,GO:0070727,GO:0071025,GO:0071027,GO:0071028,GO:0071030,GO:0071033,GO:0071048,GO:0071166,GO:0071173,GO:0071174,GO:0071216,GO:0071426,GO:0071427,GO:0071495,GO:0071702,GO:0071705,GO:0071944,GO:0072396,GO:0072414,GO:0072417,GO:0072476,GO:0072479,GO:0072485,GO:0072594,GO:0080090,GO:0090202,GO:0090203,GO:0090204,GO:0090435,GO:0090579,GO:0097159,GO:0099568,GO:0099738,GO:1901361,GO:1901363,GO:1901575,GO:1901925,GO:1901987,GO:1901988,GO:1901990,GO:1901991,GO:1902099,GO:1902100,GO:1902680,GO:1903047,GO:1903506,GO:1903508,GO:1905818,GO:1905819,GO:2000112,GO:2000816,GO:2001141,GO:2001251
OG0020784	HG_20785	
OG0004269	HG_4270	GO:0000166,GO:0003674,GO:0003824,GO:0004176,GO:0005488,GO:0005524,GO:0005575,GO:0005622,GO:0005623,GO:0005737,GO:0005739,GO:0005759,GO:0006457,GO:0006508,GO:0006605,GO:0006626,GO:0006807,GO:0006810,GO:0006839,GO:0006886,GO:0006996,GO:0007005,GO:0008104,GO:0008144,GO:0008150,GO:0008152,GO:0008233,GO:0009056,GO:0009057,GO:0009893,GO:0009987,GO:0010604,GO:0015031,GO:0015833,GO:0016043,GO:0016462,GO:0016787,GO:0016817,GO:0016818,GO:0016887,GO:0017038,GO:0017076,GO:0017111,GO:0019222,GO:0019538,GO:0030150,GO:0030163,GO:0030554,GO:0031323,GO:0031325,GO:0031399,GO:0031401,GO:0031974,GO:0032268,GO:0032270,GO:0032553,GO:0032555,GO:0032559,GO:0033036,GO:0033365,GO:0034613,GO:0035639,GO:0036094,GO:0042026,GO:0042623,GO:0042886,GO:0043167,GO:0043168,GO:0043170,GO:0043226,GO:0043227,GO:0043229,GO:0043231,GO:0043233,GO:0044238,GO:0044422,GO:0044424,GO:0044429,GO:0044444,GO:0044446,GO:0044464,GO:0044743,GO:0045184,GO:0046907,GO:0048518,GO:0048522,GO:0050789,GO:0050794,GO:0051171,GO:0051173,GO:0051179,GO:0051234,GO:0051246,GO:0051247,GO:0051641,GO:0051649,GO:0055085,GO:0060255,GO:0065002,GO:0065007,GO:0070011,GO:0070013,GO:0070585,GO:0070727,GO:0071702,GO:0071704,GO:0071705,GO:0071806,GO:0071840,GO:0072594,GO:0072655,GO:0080090,GO:0097159,GO:0097367,GO:0140096,GO:1901265,GO:1901363,GO:1901564,GO:1901565,GO:1901575,GO:1904285,GO:1904287,GO:1990542,GO:0000278,GO:0004672,GO:0004674,GO:0005634,GO:0005886,GO:0006464,GO:0006468,GO:0006793,GO:0006796,GO:0006887,GO:0007049,GO:0007154,GO:0007165,GO:0009898,GO:0016020,GO:0016192,GO:0016301,GO:0016310,GO:0016740,GO:0016772,GO:0016773,GO:0023052,GO:0032940,GO:0035556,GO:0036211,GO:0043412,GO:0044237,GO:0044260,GO:0044267,GO:0044425,GO:0044459,GO:0046777,GO:0046903,GO:0050896,GO:0051716,GO:0071944,GO:0098552,GO:0098562
OG0006842	HG_6843	GO:0000003,GO:0000151,GO:0000152,GO:0000209,GO:0000278,GO:0000280,GO:0003674,GO:0003824,GO:0004842,GO:0005488,GO:0005515,GO:0005575,GO:0005622,GO:0005623,GO:0005634,GO:0005654,GO:0005680,GO:0005730,GO:0005737,GO:0005829,GO:0006464,GO:0006508,GO:0006511,GO:0006807,GO:0006996,GO:0007049,GO:0007059,GO:0007088,GO:0007275,GO:0007346,GO:0008150,GO:0008152,GO:0008270,GO:0009056,GO:0009057,GO:0009790,GO:0009792,GO:0009896,GO:0009987,GO:0010498,GO:0010564,GO:0010638,GO:0010965,GO:0016043,GO:0016567,GO:0016740,GO:0019538,GO:0019787,GO:0019941,GO:0022402,GO:0022414,GO:0030071,GO:0030163,GO:0031145,GO:0031331,GO:0031461,GO:0031974,GO:0031981,GO:0032270,GO:0032436,GO:0032446,GO:0032501,GO:0032502,GO:0032991,GO:0033043,GO:0033044,GO:0033045,GO:0033047,GO:0034450,GO:0036211,GO:0043161,GO:0043167,GO:0043169,GO:0043170,GO:0043226,GO:0043227,GO:0043228,GO:0043229,GO:0043231,GO:0043232,GO:0043233,GO:0043412,GO:0043632,GO:0044237,GO:0044238,GO:0044248,GO:0044257,GO:0044260,GO:0044265,GO:0044267,GO:0044422,GO:0044424,GO:0044428,GO:0044444,GO:0044446,GO:0044464,GO:0045132,GO:0045732,GO:0045787,GO:0045840,GO:0045842,GO:0045862,GO:0045931,GO:0046872,GO:0046914,GO:0048285,GO:0048518,GO:0048522,GO:0048856,GO:0050789,GO:0050794,GO:0051128,GO:0051130,GO:0051247,GO:0051321,GO:0051603,GO:0051726,GO:0051781,GO:0051783,GO:0051785,GO:0051983,GO:0051984,GO:0061630,GO:0061659,GO:0062033,GO:0065007,GO:0070013,GO:0070647,GO:0070979,GO:0071704,GO:0071840,GO:0090068,GO:0097602,GO:0098813,GO:0140013,GO:0140096,GO:1901564,GO:1901565,GO:1901575,GO:1901800,GO:1901970,GO:1901987,GO:1901989,GO:1901990,GO:1901992,GO:1902099,GO:1902101,GO:1902494,GO:1903046,GO:1903052,GO:1903364,GO:1905818,GO:1905820,GO:1990234,GO:2001252
OG0006795	HG_6796	GO:0000003,GO:0000122,GO:0000165,GO:0000228,GO:0000280,GO:0000302,GO:0000775,GO:0000776,GO:0000785,GO:0000790,GO:0000791,GO:0000792,GO:0000922,GO:0000976,GO:0000977,GO:0000978,GO:0000981,GO:0000982,GO:0000987,GO:0001012,GO:0001046,GO:0001047,GO:0001067,GO:0001078,GO:0001101,GO:0001161,GO:0001162,GO:0001227,GO:0001228,GO:0001654,GO:0001701,GO:0001817,GO:0001818,GO:0001890,GO:0001892,GO:0001932,GO:0001934,GO:0002119,GO:0002164,GO:0002237,GO:0002376,GO:0002673,GO:0003006,GO:0003008,GO:0003674,GO:0003676,GO:0003677,GO:0003682,GO:0003690,GO:0003697,GO:0003700,GO:0003712,GO:0003713,GO:0003714,GO:0005488,GO:0005515,GO:0005516,GO:0005575,GO:0005622,GO:0005623,GO:0005634,GO:0005654,GO:0005694,GO:0005700,GO:0005737,GO:0005813,GO:0005815,GO:0005819,GO:0005829,GO:0005856,GO:0006139,GO:0006282,GO:0006325,GO:0006351,GO:0006355,GO:0006357,GO:0006366,GO:0006464,GO:0006468,GO:0006482,GO:0006725,GO:0006793,GO:0006796,GO:0006807,GO:0006950,GO:0006952,GO:0006955,GO:0006979,GO:0006986,GO:0006996,GO:0007049,GO:0007143,GO:0007154,GO:0007165,GO:0007275,GO:0007276,GO:0007283,GO:0007292,GO:0007346,GO:0007423,GO:0007565,GO:0007568,GO:0007600,GO:0007601,GO:0008150,GO:0008152,GO:0008214,GO:0008284,GO:0008285,GO:0008340,GO:0009058,GO:0009059,GO:0009266,GO:0009299,GO:0009314,GO:0009408,GO:0009416,GO:0009605,GO:0009607,GO:0009617,GO:0009620,GO:0009628,GO:0009635,GO:0009636,GO:0009719,GO:0009725,GO:0009790,GO:0009791,GO:0009792,GO:0009889,GO:0009890,GO:0009891,GO:0009892,GO:0009893,GO:0009894,GO:0009896,GO:0009966,GO:0009967,GO:0009987,GO:0010033,GO:0010035,GO:0010038,GO:0010212,GO:0010243,GO:0010259,GO:0010332,GO:0010467,GO:0010468,GO:0010556,GO:0010557,GO:0010558,GO:0010562,GO:0010564,GO:0010604,GO:0010605,GO:0010628,GO:0010629,GO:0010646,GO:0010647,GO:0010656,GO:0010660,GO:0010662,GO:0010664,GO:0010665,GO:0010667,GO:0010941,GO:0010942,GO:0010950,GO:0010952,GO:0014070,GO:0015630,GO:0016043,GO:0016070,GO:0016071,GO:0016310,GO:0016569,GO:0016570,GO:0016577,GO:0016604,GO:0016605,GO:0016607,GO:0017085,GO:0018130,GO:0019219,GO:0019220,GO:0019222,GO:0019438,GO:0019538,GO:0019899,GO:0019900,GO:0019901,GO:0019902,GO:0019903,GO:0019953,GO:0022402,GO:0022412,GO:0022414,GO:0022607,GO:0023014,GO:0023051,GO:0023052,GO:0023056,GO:0030154,GO:0030162,GO:0031072,GO:0031323,GO:0031324,GO:0031325,GO:0031326,GO:0031327,GO:0031328,GO:0031329,GO:0031331,GO:0031347,GO:0031396,GO:0031397,GO:0031399,GO:0031400,GO:0031401,GO:0031440,GO:0031442,GO:0031490,GO:0031620,GO:0031647,GO:0031650,GO:0031974,GO:0031981,GO:0032092,GO:0032101,GO:0032268,GO:0032269,GO:0032270,GO:0032355,GO:0032496,GO:0032501,GO:0032502,GO:0032504,GO:0032680,GO:0032720,GO:0032774,GO:0032870,GO:0032991,GO:0033169,GO:0033554,GO:0033574,GO:0033993,GO:0034599,GO:0034605,GO:0034614,GO:0034620,GO:0034622,GO:0034641,GO:0034645,GO:0034654,GO:0035556,GO:0035690,GO:0035770,GO:0035966,GO:0035967,GO:0036003,GO:0036211,GO:0040008,GO:0040014,GO:0040018,GO:0040024,GO:0042127,GO:0042221,GO:0042325,GO:0042327,GO:0042493,GO:0042509,GO:0042531,GO:0042542,GO:0042742,GO:0042802,GO:0042803,GO:0042981,GO:0043009,GO:0043010,GO:0043065,GO:0043066,GO:0043067,GO:0043068,GO:0043069,GO:0043085,GO:0043170,GO:0043200,GO:0043207,GO:0043226,GO:0043227,GO:0043228,GO:0043229,GO:0043231,GO:0043232,GO:0043233,GO:0043280,GO:0043281,GO:0043388,GO:0043393,GO:0043412,GO:0043434,GO:0043497,GO:0043565,GO:0043618,GO:0043620,GO:0043621,GO:0043933,GO:0044085,GO:0044087,GO:0044089,GO:0044093,GO:0044212,GO:0044213,GO:0044237,GO:0044238,GO:0044249,GO:0044260,GO:0044267,GO:0044271,GO:0044422,GO:0044424,GO:0044427,GO:0044428,GO:0044430,GO:0044444,GO:0044446,GO:0044451,GO:0044454,GO:0044464,GO:0044703,GO:0044706,GO:0045087,GO:0045120,GO:0045595,GO:0045597,GO:0045738,GO:0045787,GO:0045862,GO:0045892,GO:0045893,GO:0045927,GO:0045931,GO:0045934,GO:0045935,GO:0045937,GO:0045944,GO:0046425,GO:0046427,GO:0046483,GO:0046677,GO:0046685,GO:0046686,GO:0046688,GO:0046982,GO:0046983,GO:0048232,GO:0048285,GO:0048468,GO:0048471,GO:0048513,GO:0048518,GO:0048519,GO:0048522,GO:0048523,GO:0048568,GO:0048583,GO:0048584,GO:0048585,GO:0048608,GO:0048609,GO:0048638,GO:0048639,GO:0048731,GO:0048856,GO:0048869,GO:0050684,GO:0050685,GO:0050727,GO:0050730,GO:0050731,GO:0050789,GO:0050790,GO:0050793,GO:0050794,GO:0050821,GO:0050829,GO:0050832,GO:0050877,GO:0050896,GO:0050953,GO:0051052,GO:0051053,GO:0051054,GO:0051094,GO:0051098,GO:0051099,GO:0051101,GO:0051128,GO:0051129,GO:0051130,GO:0051171,GO:0051172,GO:0051173,GO:0051174,GO:0051239,GO:0051240,GO:0051241,GO:0051246,GO:0051247,GO:0051248,GO:0051252,GO:0051253,GO:0051254,GO:0051259,GO:0051260,GO:0051276,GO:0051321,GO:0051336,GO:0051345,GO:0051704,GO:0051707,GO:0051716,GO:0051726,GO:0051879,GO:0052547,GO:0052548,GO:0060136,GO:0060255,GO:0060548,GO:0061408,GO:0061458,GO:0061770,GO:0065003,GO:0065007,GO:0065008,GO:0065009,GO:0070013,GO:0070076,GO:0070206,GO:0070207,GO:0070301,GO:0070887,GO:0070988,GO:0071214,GO:0071229,GO:0071230,GO:0071236,GO:0071241,GO:0071243,GO:0071248,GO:0071276,GO:0071280,GO:0071310,GO:0071375,GO:0071392,GO:0071396,GO:0071407,GO:0071417,GO:0071478,GO:0071479,GO:0071480,GO:0071495,GO:0071704,GO:0071840,GO:0072686,GO:0072737,GO:0072738,GO:0080090,GO:0080134,GO:0080135,GO:0090068,GO:0090083,GO:0090084,GO:0090261,GO:0090304,GO:0097159,GO:0097165,GO:0097237,GO:0097327,GO:0097431,GO:0097659,GO:0097677,GO:0098542,GO:0098687,GO:0098847,GO:0104004,GO:0140013,GO:0140110,GO:1900034,GO:1900117,GO:1900119,GO:1900363,GO:1900365,GO:1901214,GO:1901215,GO:1901360,GO:1901362,GO:1901363,GO:1901564,GO:1901576,GO:1901652,GO:1901653,GO:1901654,GO:1901698,GO:1901699,GO:1901700,GO:1901701,GO:1901987,GO:1901989,GO:1902074,GO:1902075,GO:1902510,GO:1902512,GO:1902531,GO:1902533,GO:1902679,GO:1902680,GO:1902749,GO:1902751,GO:1902806,GO:1902808,GO:1903046,GO:1903311,GO:1903313,GO:1903320,GO:1903321,GO:1903506,GO:1903507,GO:1903508,GO:1903555,GO:1903556,GO:1903624,GO:1903626,GO:1903935,GO:1903936,GO:1904385,GO:1904526,GO:1904528,GO:1904892,GO:1904894,GO:1990776,GO:1990837,GO:1990841,GO:1990904,GO:2000112,GO:2000113,GO:2000116,GO:2000779,GO:2000780,GO:2001020,GO:2001021,GO:2001032,GO:2001033,GO:2001056,GO:2001141
OG0006713	HG_6714	
OG0000006	HG_7	
OG0004335	HG_4336	GO:0000147,GO:0002020,GO:0003674,GO:0005488,GO:0005515,GO:0005543,GO:0005546,GO:0005575,GO:0005622,GO:0005623,GO:0005737,GO:0005768,GO:0005773,GO:0005774,GO:0005794,GO:0005856,GO:0005884,GO:0005886,GO:0005938,GO:0006605,GO:0006623,GO:0006810,GO:0006886,GO:0006892,GO:0006895,GO:0006897,GO:0006996,GO:0007010,GO:0007015,GO:0007034,GO:0008104,GO:0008150,GO:0008289,GO:0009579,GO:0009987,GO:0012505,GO:0012506,GO:0015031,GO:0015629,GO:0015833,GO:0016020,GO:0016043,GO:0016192,GO:0016197,GO:0016482,GO:0019899,GO:0022607,GO:0030029,GO:0030036,GO:0030117,GO:0030118,GO:0030120,GO:0030125,GO:0030135,GO:0030136,GO:0030276,GO:0030479,GO:0030659,GO:0030662,GO:0030665,GO:0030863,GO:0030864,GO:0030865,GO:0030866,GO:0031090,GO:0031410,GO:0031982,GO:0032266,GO:0032509,GO:0032511,GO:0032991,GO:0033036,GO:0033365,GO:0034498,GO:0034613,GO:0035091,GO:0042147,GO:0042886,GO:0043167,GO:0043168,GO:0043226,GO:0043227,GO:0043228,GO:0043229,GO:0043231,GO:0043232,GO:0044085,GO:0044396,GO:0044422,GO:0044424,GO:0044425,GO:0044430,GO:0044433,GO:0044437,GO:0044444,GO:0044446,GO:0044448,GO:0044464,GO:0045184,GO:0045324,GO:0046907,GO:0048193,GO:0048475,GO:0051179,GO:0051234,GO:0051641,GO:0051649,GO:0061645,GO:0070727,GO:0071702,GO:0071705,GO:0071840,GO:0071944,GO:0071985,GO:0072594,GO:0072665,GO:0072666,GO:0080025,GO:0097435,GO:0097708,GO:0098588,GO:0098657,GO:0098796,GO:0098805,GO:0099080,GO:0099081,GO:0099512,GO:0099513,GO:0099568,GO:1901981,GO:1902936
OG0007670	HG_7671	GO:0003674,GO:0003676,GO:0003723,GO:0003729,GO:0005488,GO:0006417,GO:0008150,GO:0008494,GO:0009889,GO:0009891,GO:0009893,GO:0010468,GO:0010556,GO:0010557,GO:0010604,GO:0010608,GO:0010628,GO:0019222,GO:0031323,GO:0031325,GO:0031326,GO:0031328,GO:0032268,GO:0032270,GO:0034248,GO:0034250,GO:0045182,GO:0045727,GO:0048518,GO:0048522,GO:0050789,GO:0050794,GO:0051171,GO:0051173,GO:0051246,GO:0051247,GO:0060255,GO:0065007,GO:0080090,GO:0090079,GO:0097159,GO:1901363,GO:2000112,GO:2000765,GO:2000767
OG0007148	HG_7149	GO:0000976,GO:0000977,GO:0000978,GO:0000981,GO:0000982,GO:0000987,GO:0000988,GO:0000989,GO:0001012,GO:0001067,GO:0001076,GO:0003674,GO:0003676,GO:0003677,GO:0003690,GO:0003700,GO:0005488,GO:0005575,GO:0005622,GO:0005623,GO:0005634,GO:0005737,GO:0006355,GO:0006357,GO:0008150,GO:0008361,GO:0009889,GO:0009891,GO:0009893,GO:0009987,GO:0010468,GO:0010556,GO:0010557,GO:0010604,GO:0010628,GO:0016043,GO:0019219,GO:0019222,GO:0031323,GO:0031325,GO:0031326,GO:0031328,GO:0032535,GO:0043226,GO:0043227,GO:0043229,GO:0043231,GO:0043565,GO:0044212,GO:0044424,GO:0044464,GO:0045893,GO:0045935,GO:0045944,GO:0048518,GO:0048522,GO:0050789,GO:0050794,GO:0051171,GO:0051173,GO:0051252,GO:0051254,GO:0060255,GO:0060962,GO:0060963,GO:0065007,GO:0065008,GO:0071840,GO:0080090,GO:0090066,GO:0097159,GO:0140110,GO:1901363,GO:1902680,GO:1903506,GO:1903508,GO:1990837,GO:2000112,GO:2001141
OG0000314	HG_315	
OG0011073	HG_11074	
