GO	Agaricomycotina-yeast	Pezizomycotina-yeast	Pucciniomycotina-yeast	Saccharomycotina-yeast	Taphrinomycotina-yeast	Ustilaginomycotina-yeast
GO:0000001	1	0	0	0	0	0
GO:0000002	1	1	1	0	0	0
GO:0000003	1	1	1	1	1	1
GO:0000006	1	0	0	0	0	0
GO:0000007	1	0	0	0	0	0
GO:0000011	1	1	0	0	0	0
GO:0000014	0	1	0	1	0	0
GO:0000018	1	0	1	1	1	0
GO:0000019	0	0	1	0	1	0
GO:0000022	0	0	0	0	1	0
GO:0000023	1	0	0	0	0	0
GO:0000026	1	0	0	1	0	1
GO:0000027	1	0	1	0	1	0
GO:0000028	1	0	0	0	0	0
GO:0000030	1	0	1	1	1	1
GO:0000033	0	0	1	0	1	0
GO:0000034	1	0	0	0	0	0
GO:0000036	0	1	0	0	0	0
GO:0000041	1	1	0	1	0	1
GO:0000045	1	1	1	1	1	0
GO:0000049	1	0	0	1	0	0
GO:0000054	1	0	1	1	1	0
GO:0000055	1	0	0	0	1	0
GO:0000056	0	0	0	0	1	0
GO:0000070	1	0	1	1	1	1
GO:0000075	1	0	0	1	1	0
GO:0000076	1	0	0	0	1	0
GO:0000077	1	0	0	1	1	0
GO:0000082	1	0	1	0	1	0
GO:0000083	1	0	1	0	0	0
GO:0000086	1	0	0	0	0	0
GO:0000095	0	0	0	1	0	0
GO:0000096	1	1	0	0	0	0
GO:0000097	1	1	0	0	0	0
GO:0000103	1	1	0	0	1	0
GO:0000109	0	0	0	0	1	0
GO:0000113	0	0	0	0	1	0
GO:0000118	1	1	1	0	1	0
GO:0000120	0	0	0	0	1	0
GO:0000122	1	1	1	1	1	0
GO:0000123	1	1	1	0	1	0
GO:0000124	1	0	1	0	1	0
GO:0000127	0	0	0	0	1	0
GO:0000128	0	1	1	0	0	0
GO:0000131	1	0	1	1	1	0
GO:0000132	0	0	0	0	1	0
GO:0000138	0	0	1	0	1	0
GO:0000139	1	1	1	0	1	0
GO:0000144	0	0	0	0	1	0
GO:0000146	0	0	0	0	1	0
GO:0000147	0	0	0	0	1	1
GO:0000149	1	1	0	0	1	0
GO:0000151	1	1	1	1	1	1
GO:0000152	1	0	1	1	1	0
GO:0000153	0	0	1	0	0	0
GO:0000154	1	0	0	1	1	0
GO:0000156	0	0	1	0	0	0
GO:0000160	0	0	1	0	0	0
GO:0000165	1	0	1	0	1	0
GO:0000166	1	1	1	1	1	1
GO:0000167	0	0	1	0	0	0
GO:0000172	1	0	0	0	0	0
GO:0000177	0	0	1	0	0	0
GO:0000178	0	1	1	0	0	0
GO:0000182	0	1	1	0	0	0
GO:0000183	1	0	1	1	1	0
GO:0000184	1	1	1	0	0	0
GO:0000185	0	0	1	0	0	0
GO:0000188	1	0	0	1	0	0
GO:0000209	1	1	1	0	1	0
GO:0000212	0	1	0	1	0	0
GO:0000213	0	0	0	1	0	0
GO:0000214	0	0	0	1	0	0
GO:0000217	1	0	1	1	0	0
GO:0000221	1	0	0	0	0	0
GO:0000226	1	1	1	1	1	0
GO:0000228	1	1	1	1	1	1
GO:0000243	0	0	0	0	1	0
GO:0000244	0	0	0	0	1	0
GO:0000245	1	0	0	0	1	0
GO:0000247	1	0	0	1	0	0
GO:0000252	0	0	0	0	1	0
GO:0000253	0	0	1	0	0	0
GO:0000271	1	0	1	0	1	1
GO:0000272	1	1	1	1	0	0
GO:0000276	0	0	0	0	1	0
GO:0000278	1	1	1	1	1	1
GO:0000280	1	1	1	1	1	1
GO:0000281	1	1	1	1	1	1
GO:0000282	1	0	0	0	1	0
GO:0000287	1	0	1	0	0	0
GO:0000288	1	0	0	1	1	0
GO:0000289	1	0	0	1	0	0
GO:0000291	1	0	0	0	1	0
GO:0000294	1	0	0	0	0	0
GO:0000295	1	0	1	0	0	0
GO:0000302	1	1	1	1	1	0
GO:0000303	1	0	1	0	0	0
GO:0000304	0	0	0	0	1	0
GO:0000305	1	0	1	0	0	0
GO:0000306	0	0	0	1	0	0
GO:0000313	1	1	1	0	1	0
GO:0000314	1	1	0	0	1	0
GO:0000315	1	1	1	0	0	0
GO:0000316	0	0	1	0	0	0
GO:0000319	0	0	1	0	0	0
GO:0000320	0	0	1	0	0	0
GO:0000321	0	0	1	0	0	0
GO:0000322	1	1	1	1	1	1
GO:0000323	1	1	1	1	1	1
GO:0000324	1	1	1	1	1	1
GO:0000328	0	1	1	0	1	0
GO:0000329	1	0	1	1	1	0
GO:0000335	0	0	1	0	0	0
GO:0000337	0	0	1	0	0	0
GO:0000339	1	0	1	0	0	0
GO:0000340	1	0	1	0	0	0
GO:0000346	1	0	0	0	0	0
GO:0000347	1	0	0	0	0	0
GO:0000350	0	0	0	0	1	0
GO:0000354	1	0	0	0	0	0
GO:0000372	0	0	1	0	0	0
GO:0000375	1	0	1	1	1	0
GO:0000376	0	0	1	0	0	0
GO:0000377	1	0	1	1	1	0
GO:0000379	0	0	0	1	0	0
GO:0000384	1	0	0	0	0	0
GO:0000386	0	0	0	0	1	0
GO:0000387	1	0	0	0	1	0
GO:0000389	0	0	0	0	1	0
GO:0000393	0	0	0	0	1	0
GO:0000394	1	0	0	1	0	0
GO:0000395	1	0	0	0	1	0
GO:0000398	1	0	1	1	1	0
GO:0000399	1	0	0	0	1	0
GO:0000400	0	0	1	1	0	0
GO:0000401	0	0	1	0	0	0
GO:0000402	0	0	1	0	0	0
GO:0000403	0	0	1	1	0	0
GO:0000404	0	0	0	1	0	0
GO:0000405	1	0	1	0	0	0
GO:0000406	0	0	0	1	0	0
GO:0000407	1	1	1	1	1	0
GO:0000409	0	0	0	0	1	0
GO:0000411	0	0	0	0	1	0
GO:0000413	1	1	1	0	0	0
GO:0000414	1	0	0	0	0	0
GO:0000422	1	0	0	1	1	0
GO:0000428	1	0	1	0	1	0
GO:0000429	0	1	1	1	1	0
GO:0000430	0	1	1	0	1	0
GO:0000433	0	1	1	0	1	0
GO:0000436	0	0	0	1	1	0
GO:0000445	1	0	0	0	0	0
GO:0000447	1	0	1	0	0	0
GO:0000454	0	0	0	0	1	0
GO:0000455	1	0	0	0	0	0
GO:0000459	1	0	0	0	0	0
GO:0000460	1	0	1	1	1	0
GO:0000462	1	1	1	1	0	0
GO:0000463	1	0	1	1	1	0
GO:0000466	1	0	1	0	1	0
GO:0000467	1	0	0	0	0	0
GO:0000469	1	0	1	0	0	0
GO:0000470	1	0	1	1	1	0
GO:0000472	1	0	1	0	0	0
GO:0000478	1	0	1	0	0	0
GO:0000479	1	0	1	0	0	0
GO:0000480	1	0	1	0	0	0
GO:0000491	1	0	1	0	1	0
GO:0000492	1	0	1	0	1	0
GO:0000493	1	0	0	0	1	0
GO:0000494	0	0	0	1	0	0
GO:0000500	0	0	0	0	1	0
GO:0000501	0	0	1	0	0	0
GO:0000502	1	0	1	0	1	0
GO:0000578	1	0	0	0	1	0
GO:0000706	0	1	0	1	0	0
GO:0000710	0	0	0	1	0	0
GO:0000715	0	0	0	0	1	0
GO:0000721	0	0	0	0	1	0
GO:0000722	1	1	0	0	1	0
GO:0000723	1	1	1	1	1	1
GO:0000724	1	1	1	1	1	0
GO:0000725	1	1	1	1	1	0
GO:0000726	1	0	1	0	1	0
GO:0000727	1	1	0	0	0	0
GO:0000729	0	1	1	1	0	0
GO:0000731	1	0	1	0	1	0
GO:0000733	1	1	0	1	0	0
GO:0000734	0	0	0	0	1	0
GO:0000735	0	0	0	1	0	0
GO:0000737	0	0	1	0	0	0
GO:0000741	1	0	0	0	1	0
GO:0000742	1	0	0	0	1	0
GO:0000743	1	0	0	0	0	0
GO:0000746	1	1	1	1	1	0
GO:0000747	1	1	1	1	1	0
GO:0000749	1	0	1	0	1	0
GO:0000750	1	0	0	0	1	0
GO:0000753	0	0	0	0	1	0
GO:0000754	1	0	1	0	1	0
GO:0000755	0	0	0	0	1	0
GO:0000767	0	0	0	0	1	0
GO:0000775	1	1	1	1	1	1
GO:0000776	1	0	1	1	1	0
GO:0000777	1	0	0	1	1	0
GO:0000778	1	0	0	1	1	0
GO:0000779	1	1	1	1	1	1
GO:0000780	1	1	1	1	1	1
GO:0000781	1	1	1	1	1	0
GO:0000782	1	0	1	1	0	0
GO:0000783	1	0	1	1	0	0
GO:0000784	1	1	1	1	1	0
GO:0000785	1	1	1	1	1	1
GO:0000786	0	0	0	0	1	0
GO:0000788	0	0	0	0	1	0
GO:0000790	1	1	1	1	1	1
GO:0000791	1	0	1	0	1	0
GO:0000792	1	1	1	1	1	1
GO:0000793	1	1	1	1	1	1
GO:0000794	1	1	1	1	1	1
GO:0000795	1	0	0	0	0	0
GO:0000798	0	0	1	0	0	0
GO:0000808	1	0	0	0	0	0
GO:0000812	1	0	1	0	1	0
GO:0000813	0	0	0	0	1	0
GO:0000814	0	0	1	0	1	0
GO:0000815	0	0	0	1	0	0
GO:0000817	0	0	0	0	1	0
GO:0000819	1	0	1	1	1	1
GO:0000820	0	0	1	0	0	0
GO:0000821	0	0	1	0	0	0
GO:0000822	0	0	0	0	1	0
GO:0000835	0	0	1	0	0	0
GO:0000837	0	0	1	0	0	0
GO:0000900	0	0	0	1	0	0
GO:0000902	0	0	1	0	1	0
GO:0000904	0	0	0	0	1	0
GO:0000905	1	1	1	0	0	0
GO:0000909	1	0	0	0	0	0
GO:0000910	1	1	1	1	1	1
GO:0000912	1	1	0	1	0	0
GO:0000915	1	1	0	1	0	0
GO:0000917	0	0	1	0	0	0
GO:0000920	1	1	1	1	1	0
GO:0000921	1	0	0	0	1	0
GO:0000922	1	0	1	0	1	0
GO:0000923	0	0	1	0	1	0
GO:0000932	1	0	0	1	1	0
GO:0000935	0	0	1	0	1	0
GO:0000936	0	0	1	0	0	0
GO:0000939	0	0	0	1	0	0
GO:0000940	0	0	0	0	1	0
GO:0000941	0	0	0	1	0	0
GO:0000942	0	0	0	0	1	0
GO:0000956	1	1	1	1	1	0
GO:0000957	0	0	1	0	1	0
GO:0000958	0	0	0	0	1	0
GO:0000959	1	0	1	0	1	0
GO:0000963	1	0	1	0	0	0
GO:0000965	0	0	1	0	0	0
GO:0000966	1	0	1	0	0	0
GO:0000967	1	0	1	0	0	0
GO:0000972	1	0	0	0	1	0
GO:0000973	1	0	0	0	1	0
GO:0000974	1	0	0	0	1	0
GO:0000976	1	1	1	1	1	1
GO:0000977	1	1	1	1	1	1
GO:0000978	1	1	1	1	1	1
GO:0000979	0	1	0	0	0	0
GO:0000981	1	1	1	1	1	0
GO:0000982	1	1	1	1	1	0
GO:0000987	1	1	1	1	1	1
GO:0000988	1	1	1	1	1	0
GO:0000989	1	1	1	1	1	0
GO:0000990	1	0	0	0	1	0
GO:0000991	1	0	0	0	1	0
GO:0000992	0	1	0	0	0	0
GO:0000993	1	0	0	0	0	0
GO:0000995	0	0	1	0	0	0
GO:0001002	0	1	0	0	0	0
GO:0001010	0	0	1	0	0	0
GO:0001012	1	1	1	1	1	1
GO:0001016	0	1	1	0	0	0
GO:0001025	0	1	0	0	0	0
GO:0001030	0	1	1	0	0	0
GO:0001046	1	1	1	0	1	0
GO:0001047	1	1	1	0	1	0
GO:0001067	1	1	1	1	1	1
GO:0001076	1	1	1	1	1	0
GO:0001077	1	0	1	1	1	0
GO:0001078	1	1	1	1	1	0
GO:0001079	0	0	1	1	1	0
GO:0001080	0	0	1	0	1	0
GO:0001081	0	0	0	1	0	0
GO:0001085	1	1	1	0	1	0
GO:0001091	1	0	1	0	0	0
GO:0001094	1	0	1	0	0	0
GO:0001098	1	0	1	0	0	0
GO:0001099	1	0	1	0	0	0
GO:0001100	1	0	0	0	1	0
GO:0001101	1	0	1	1	1	1
GO:0001102	0	0	1	0	1	0
GO:0001103	0	1	1	0	0	0
GO:0001134	1	0	1	1	1	0
GO:0001135	1	0	1	1	1	0
GO:0001156	0	1	0	0	0	0
GO:0001158	0	0	1	0	0	0
GO:0001161	1	0	1	0	1	0
GO:0001162	1	0	1	0	1	0
GO:0001172	1	0	0	0	0	0
GO:0001190	0	0	0	0	1	0
GO:0001191	1	1	1	0	1	0
GO:0001196	0	0	0	1	1	0
GO:0001197	0	0	0	1	1	0
GO:0001227	1	1	1	1	1	0
GO:0001228	1	0	1	1	1	0
GO:0001300	0	0	1	0	1	0
GO:0001301	1	0	0	0	0	0
GO:0001302	1	1	1	1	1	0
GO:0001304	1	0	0	0	0	0
GO:0001306	1	0	1	0	0	0
GO:0001308	1	0	0	0	0	0
GO:0001315	1	0	1	0	0	0
GO:0001320	0	0	1	0	0	0
GO:0001323	0	0	1	0	0	0
GO:0001324	0	0	1	0	0	0
GO:0001401	1	0	0	0	0	0
GO:0001402	0	0	0	0	1	0
GO:0001403	1	1	0	0	0	1
GO:0001406	0	0	0	0	1	0
GO:0001407	0	0	0	0	1	0
GO:0001410	0	1	1	0	0	0
GO:0001411	0	0	0	0	1	0
GO:0001501	1	0	0	1	0	0
GO:0001503	0	0	0	0	1	0
GO:0001505	0	0	1	1	0	0
GO:0001510	1	0	1	1	1	0
GO:0001516	1	0	1	0	0	0
GO:0001522	1	0	0	0	1	0
GO:0001525	0	0	0	0	1	0
GO:0001530	0	0	1	0	0	0
GO:0001558	0	1	1	1	1	0
GO:0001568	0	0	0	0	1	0
GO:0001569	0	0	0	0	1	0
GO:0001649	0	0	0	0	1	0
GO:0001654	1	0	1	0	1	0
GO:0001655	0	0	0	1	1	0
GO:0001664	1	0	0	0	0	0
GO:0001666	0	0	1	0	0	0
GO:0001667	1	0	1	0	1	0
GO:0001671	1	0	1	0	1	0
GO:0001672	1	1	1	0	1	0
GO:0001676	1	1	0	0	0	0
GO:0001678	1	0	1	0	1	0
GO:0001700	1	0	0	0	0	0
GO:0001701	1	0	1	1	1	0
GO:0001704	0	0	0	0	1	0
GO:0001707	0	0	0	0	1	0
GO:0001708	0	0	1	0	1	0
GO:0001709	1	0	0	0	1	0
GO:0001725	0	0	0	0	1	0
GO:0001726	0	0	0	0	1	0
GO:0001734	0	0	0	0	1	0
GO:0001738	0	0	0	0	1	0
GO:0001745	0	0	0	0	1	0
GO:0001754	1	0	0	0	1	0
GO:0001755	0	0	0	0	1	0
GO:0001756	0	0	0	0	1	0
GO:0001763	0	0	0	0	1	0
GO:0001773	0	0	1	0	0	0
GO:0001775	0	0	1	1	1	0
GO:0001776	0	0	1	0	0	0
GO:0001780	0	0	1	0	0	0
GO:0001786	0	0	1	0	0	0
GO:0001816	0	0	1	0	0	0
GO:0001817	1	0	1	0	1	0
GO:0001818	1	0	1	0	1	0
GO:0001819	0	0	1	0	1	0
GO:0001822	0	0	0	0	1	0
GO:0001837	0	0	0	0	1	0
GO:0001838	0	0	0	0	1	0
GO:0001841	0	0	0	0	1	0
GO:0001871	0	0	1	0	0	0
GO:0001882	1	1	1	1	1	1
GO:0001883	1	1	1	1	1	1
GO:0001884	0	0	0	0	1	0
GO:0001888	0	1	0	0	0	0
GO:0001889	0	0	0	1	0	0
GO:0001890	1	0	1	0	1	0
GO:0001892	1	0	1	0	1	0
GO:0001896	1	0	1	0	0	0
GO:0001932	1	1	1	1	1	0
GO:0001933	1	0	0	1	1	0
GO:0001934	1	1	1	1	1	0
GO:0001935	0	0	1	0	0	0
GO:0001936	0	0	1	0	0	0
GO:0001938	0	0	1	0	0	0
GO:0001944	0	0	0	0	1	0
GO:0001952	0	0	0	0	1	0
GO:0001954	0	0	0	0	1	0
GO:0002009	0	0	0	1	1	0
GO:0002020	0	0	0	0	1	0
GO:0002040	0	0	0	0	1	0
GO:0002052	0	0	0	0	1	0
GO:0002053	0	0	1	0	0	0
GO:0002054	1	0	0	0	0	0
GO:0002060	1	0	0	0	0	0
GO:0002064	1	0	0	0	1	0
GO:0002065	1	0	0	0	1	0
GO:0002066	1	0	0	0	0	0
GO:0002094	0	0	0	1	0	0
GO:0002097	1	0	0	1	0	0
GO:0002098	1	0	0	0	0	0
GO:0002100	1	0	0	0	0	0
GO:0002101	1	0	0	1	0	0
GO:0002119	1	0	1	0	1	0
GO:0002127	1	0	0	1	0	0
GO:0002134	0	0	0	0	1	0
GO:0002135	0	0	0	0	1	0
GO:0002164	1	0	1	0	1	0
GO:0002165	1	0	0	0	0	0
GO:0002168	1	0	0	0	0	0
GO:0002181	1	1	0	1	0	0
GO:0002183	0	0	0	1	0	0
GO:0002200	0	0	1	1	1	0
GO:0002204	0	0	0	1	0	0
GO:0002208	0	0	0	1	0	0
GO:0002218	0	0	1	0	0	0
GO:0002221	0	0	1	0	0	0
GO:0002224	0	0	1	0	0	0
GO:0002237	1	0	1	0	1	0
GO:0002250	0	0	1	1	1	0
GO:0002252	1	0	1	1	1	0
GO:0002253	0	0	1	0	0	0
GO:0002262	1	1	1	0	0	0
GO:0002263	0	0	1	1	1	0
GO:0002270	0	0	1	0	0	0
GO:0002274	0	0	1	0	0	0
GO:0002275	0	0	1	0	0	0
GO:0002281	0	0	1	0	0	0
GO:0002283	0	0	1	0	0	0
GO:0002285	0	0	1	1	1	0
GO:0002286	0	0	1	0	1	0
GO:0002287	0	0	1	0	1	0
GO:0002292	0	0	1	0	1	0
GO:0002293	0	0	1	0	1	0
GO:0002294	0	0	1	0	1	0
GO:0002312	0	0	1	1	0	0
GO:0002322	0	0	1	0	0	0
GO:0002366	0	0	1	1	1	0
GO:0002376	1	1	1	1	1	0
GO:0002377	0	0	0	1	0	0
GO:0002381	0	0	0	1	0	0
GO:0002407	0	0	1	0	0	0
GO:0002437	0	0	1	0	0	0
GO:0002440	0	0	0	1	0	0
GO:0002443	0	0	1	1	0	0
GO:0002444	0	0	1	0	0	0
GO:0002446	0	0	1	0	0	0
GO:0002449	0	0	0	1	0	0
GO:0002460	0	0	1	1	1	0
GO:0002520	1	1	1	1	1	0
GO:0002521	0	0	1	1	1	0
GO:0002532	1	0	0	0	0	0
GO:0002538	1	0	0	0	0	0
GO:0002539	1	0	0	0	0	0
GO:0002562	0	0	1	1	1	0
GO:0002566	0	0	0	1	0	0
GO:0002568	0	0	0	0	1	0
GO:0002573	0	0	0	0	1	0
GO:0002637	0	0	0	1	0	0
GO:0002639	0	0	0	1	0	0
GO:0002643	0	0	1	0	0	0
GO:0002673	1	0	1	0	1	0
GO:0002681	0	0	0	0	1	0
GO:0002682	1	0	1	1	1	0
GO:0002683	1	0	1	0	0	0
GO:0002684	0	0	1	1	1	0
GO:0002685	0	0	1	0	0	0
GO:0002687	0	0	1	0	0	0
GO:0002688	0	0	1	0	0	0
GO:0002690	0	0	1	0	0	0
GO:0002694	0	0	1	1	1	0
GO:0002695	0	0	1	0	0	0
GO:0002696	0	0	1	1	1	0
GO:0002697	1	0	1	1	1	0
GO:0002698	1	0	0	0	0	0
GO:0002699	0	0	0	1	1	0
GO:0002700	0	0	0	1	1	0
GO:0002702	0	0	0	1	1	0
GO:0002703	0	0	1	1	1	0
GO:0002705	0	0	0	1	1	0
GO:0002706	0	0	1	1	1	0
GO:0002708	0	0	0	1	1	0
GO:0002709	0	0	1	0	1	0
GO:0002711	0	0	0	0	1	0
GO:0002712	0	0	0	1	0	0
GO:0002714	0	0	0	1	0	0
GO:0002718	0	0	0	0	1	0
GO:0002720	0	0	0	0	1	0
GO:0002724	0	0	0	0	1	0
GO:0002726	0	0	0	0	1	0
GO:0002755	0	0	1	0	0	0
GO:0002757	0	0	1	0	0	0
GO:0002758	0	0	1	0	0	0
GO:0002759	0	0	1	0	0	0
GO:0002761	0	0	1	0	1	0
GO:0002763	0	0	1	0	1	0
GO:0002764	0	0	1	0	0	0
GO:0002790	0	0	1	0	1	0
GO:0002791	0	0	1	1	1	0
GO:0002793	0	0	1	1	1	0
GO:0002819	0	0	1	1	1	0
GO:0002821	0	0	0	1	1	0
GO:0002822	0	0	1	1	1	0
GO:0002824	0	0	0	1	1	0
GO:0002828	0	0	0	0	1	0
GO:0002830	0	0	0	0	1	0
GO:0002831	1	1	1	0	0	0
GO:0002832	1	1	1	0	0	0
GO:0002833	0	0	1	0	0	0
GO:0002834	0	0	1	0	0	0
GO:0002837	0	0	1	0	0	0
GO:0002840	0	0	1	0	0	0
GO:0002889	0	0	0	1	0	0
GO:0002891	0	0	0	1	0	0
GO:0002920	0	0	1	0	0	0
GO:0002921	0	0	1	0	0	0
GO:0002939	1	0	0	0	0	0
GO:0002943	1	0	0	0	0	0
GO:0002946	1	0	0	1	0	0
GO:0002949	1	0	0	0	0	0
GO:0003002	1	0	1	0	1	0
GO:0003006	1	1	1	1	1	1
GO:0003008	1	0	1	1	1	0
GO:0003013	1	0	0	0	0	0
GO:0003018	1	0	0	0	0	0
GO:0003333	0	1	1	0	1	0
GO:0003382	0	0	0	0	1	0
GO:0003407	1	0	0	0	0	0
GO:0003674	1	1	1	1	1	1
GO:0003676	1	1	1	1	1	1
GO:0003677	1	1	1	1	1	1
GO:0003678	1	1	1	1	1	0
GO:0003681	0	0	1	0	0	0
GO:0003682	1	1	1	1	1	0
GO:0003684	1	0	1	1	0	0
GO:0003688	1	0	0	0	1	1
GO:0003690	1	1	1	1	1	1
GO:0003691	1	0	1	0	0	0
GO:0003697	1	1	1	1	1	0
GO:0003700	1	1	1	1	1	0
GO:0003705	0	0	0	0	1	0
GO:0003707	0	0	0	0	1	0
GO:0003712	1	1	1	0	1	0
GO:0003713	1	1	1	0	1	0
GO:0003714	1	0	1	0	1	0
GO:0003723	1	1	1	1	1	0
GO:0003724	1	1	1	1	1	0
GO:0003725	1	0	1	0	0	0
GO:0003727	1	0	1	1	1	0
GO:0003729	1	1	1	1	1	0
GO:0003730	0	0	0	1	1	0
GO:0003735	1	1	1	1	1	0
GO:0003743	1	0	0	0	1	0
GO:0003746	1	0	0	1	0	0
GO:0003747	0	1	0	0	0	0
GO:0003755	1	1	1	0	0	0
GO:0003774	0	0	0	0	1	0
GO:0003779	1	0	0	0	1	1
GO:0003824	1	1	1	1	1	1
GO:0003825	1	0	0	0	1	0
GO:0003865	0	0	0	1	0	0
GO:0003880	0	0	1	0	0	0
GO:0003887	1	0	1	0	1	0
GO:0003899	1	0	0	0	0	0
GO:0003909	1	0	0	0	0	0
GO:0003910	1	0	0	0	0	0
GO:0003924	1	1	1	1	1	1
GO:0003941	0	0	0	0	1	0
GO:0003954	1	0	0	0	0	0
GO:0003959	1	0	0	0	0	0
GO:0003960	1	0	0	0	0	0
GO:0003964	0	0	0	0	1	0
GO:0003968	1	0	0	0	0	0
GO:0003985	0	0	0	0	1	0
GO:0003986	1	0	1	0	0	0
GO:0003988	0	0	0	1	1	0
GO:0003993	0	0	0	0	1	0
GO:0003995	1	0	0	0	0	0
GO:0004000	1	0	0	0	0	0
GO:0004003	1	1	1	1	1	0
GO:0004004	1	1	1	1	1	0
GO:0004012	1	0	0	0	0	0
GO:0004029	0	0	0	1	0	0
GO:0004045	1	1	0	0	0	0
GO:0004061	1	0	0	0	0	0
GO:0004065	0	1	0	0	0	0
GO:0004069	0	0	0	1	0	0
GO:0004076	0	0	0	1	0	0
GO:0004096	1	1	1	0	0	0
GO:0004099	0	0	0	0	1	0
GO:0004129	0	0	0	0	1	0
GO:0004152	0	0	0	0	1	0
GO:0004168	1	0	0	0	0	0
GO:0004175	1	1	1	1	1	0
GO:0004176	0	0	0	0	1	0
GO:0004177	1	0	0	0	0	0
GO:0004180	0	0	1	0	0	0
GO:0004185	0	0	1	0	0	0
GO:0004190	1	1	1	0	1	0
GO:0004197	1	0	0	0	0	0
GO:0004198	1	0	0	0	0	0
GO:0004222	0	0	0	1	1	0
GO:0004252	1	0	1	0	0	0
GO:0004298	1	0	0	0	0	0
GO:0004301	1	0	0	0	0	0
GO:0004306	0	0	1	0	0	0
GO:0004311	1	0	0	0	0	0
GO:0004322	0	1	0	0	0	0
GO:0004332	0	0	1	0	0	0
GO:0004333	1	0	0	0	0	0
GO:0004338	0	0	1	0	0	0
GO:0004349	0	1	0	0	0	0
GO:0004351	0	0	0	1	0	1
GO:0004357	1	0	0	0	0	0
GO:0004362	1	0	0	0	0	0
GO:0004364	1	1	0	0	0	0
GO:0004371	1	1	0	0	0	0
GO:0004376	1	0	0	1	0	0
GO:0004377	1	0	0	1	0	0
GO:0004379	1	1	0	0	0	0
GO:0004386	1	1	1	1	1	0
GO:0004395	1	0	0	0	0	0
GO:0004402	1	0	1	1	0	0
GO:0004407	1	0	1	0	1	0
GO:0004416	0	0	0	1	0	0
GO:0004430	1	0	0	0	0	0
GO:0004439	1	0	1	0	0	0
GO:0004448	0	0	1	0	0	0
GO:0004449	0	0	1	0	0	0
GO:0004451	1	0	0	0	0	0
GO:0004467	1	0	0	0	0	0
GO:0004497	0	0	1	0	1	0
GO:0004506	0	0	1	0	1	0
GO:0004518	1	1	0	1	1	0
GO:0004519	1	1	0	1	1	0
GO:0004520	0	1	0	1	0	0
GO:0004521	1	1	0	1	0	0
GO:0004523	0	1	0	0	0	0
GO:0004525	1	0	0	0	0	0
GO:0004527	1	1	0	1	0	0
GO:0004529	0	1	0	1	0	0
GO:0004536	0	1	0	1	0	0
GO:0004540	1	1	0	1	0	0
GO:0004549	0	0	0	1	0	0
GO:0004551	0	0	0	1	0	0
GO:0004553	1	1	1	1	1	1
GO:0004555	0	0	0	0	0	1
GO:0004556	0	0	1	0	0	0
GO:0004557	1	0	1	1	0	0
GO:0004559	1	0	0	0	0	0
GO:0004564	1	0	0	0	0	0
GO:0004565	1	0	1	0	0	0
GO:0004567	1	0	1	0	0	0
GO:0004568	1	0	0	0	1	0
GO:0004573	1	0	0	0	0	0
GO:0004575	1	0	0	0	0	0
GO:0004581	1	0	0	0	0	0
GO:0004583	1	0	0	0	0	0
GO:0004596	0	0	0	1	0	0
GO:0004601	1	1	1	0	0	0
GO:0004602	1	1	0	0	0	0
GO:0004609	1	0	0	0	0	0
GO:0004619	0	1	0	0	0	0
GO:0004639	1	0	0	0	0	0
GO:0004659	1	0	0	1	0	0
GO:0004672	1	1	1	1	1	0
GO:0004674	1	1	1	1	1	0
GO:0004683	0	1	0	0	0	0
GO:0004693	0	0	0	0	1	0
GO:0004697	0	0	0	0	1	0
GO:0004711	1	0	0	0	0	0
GO:0004713	1	0	1	0	0	0
GO:0004721	1	0	1	1	1	0
GO:0004722	1	0	1	1	1	0
GO:0004723	0	0	0	0	1	0
GO:0004724	1	0	0	1	0	0
GO:0004730	1	0	0	0	0	0
GO:0004738	1	0	0	0	0	0
GO:0004739	1	0	0	0	0	0
GO:0004740	1	0	0	0	0	0
GO:0004751	0	0	1	0	0	0
GO:0004769	1	0	0	1	0	0
GO:0004779	0	0	0	1	0	0
GO:0004780	0	0	0	1	0	0
GO:0004784	0	0	1	0	0	0
GO:0004791	1	1	1	1	0	0
GO:0004794	0	0	0	0	1	0
GO:0004812	0	0	1	1	0	0
GO:0004822	0	0	0	1	0	0
GO:0004827	0	0	1	0	0	0
GO:0004835	1	0	0	0	0	0
GO:0004839	0	0	0	0	1	0
GO:0004842	1	1	1	1	1	0
GO:0004843	0	0	0	1	1	0
GO:0004851	1	0	0	0	1	0
GO:0004857	1	1	1	1	1	0
GO:0004866	0	0	1	0	1	0
GO:0004869	0	0	0	0	1	0
GO:0004888	1	0	0	1	1	0
GO:0005034	0	0	0	0	1	0
GO:0005047	1	0	0	0	0	0
GO:0005048	1	0	0	1	0	0
GO:0005049	1	0	0	0	1	0
GO:0005070	0	0	0	0	1	0
GO:0005078	0	0	0	0	1	0
GO:0005085	1	0	0	1	1	0
GO:0005088	1	0	0	1	1	0
GO:0005089	0	0	0	1	1	0
GO:0005096	1	0	0	1	1	0
GO:0005102	1	1	1	0	1	0
GO:0005125	0	0	1	0	0	0
GO:0005159	1	0	0	0	0	0
GO:0005178	0	0	1	0	0	0
GO:0005198	1	1	1	1	1	0
GO:0005199	0	1	0	0	0	0
GO:0005215	1	1	1	1	1	1
GO:0005216	0	0	1	1	0	0
GO:0005246	0	0	0	1	0	0
GO:0005261	0	0	1	1	0	0
GO:0005262	0	0	1	1	0	0
GO:0005275	0	1	0	0	1	0
GO:0005310	0	0	1	1	0	0
GO:0005315	1	0	0	0	0	0
GO:0005319	1	1	0	0	1	0
GO:0005326	0	0	0	0	1	0
GO:0005342	1	1	1	1	1	0
GO:0005345	1	0	0	0	0	0
GO:0005346	1	0	1	0	0	0
GO:0005351	1	0	0	0	1	0
GO:0005353	0	0	0	0	1	0
GO:0005354	0	0	0	0	1	0
GO:0005355	1	0	0	0	1	0
GO:0005356	0	0	0	0	1	0
GO:0005358	0	0	0	0	1	0
GO:0005365	0	0	0	0	1	0
GO:0005372	1	0	1	0	0	0
GO:0005385	1	0	0	0	0	0
GO:0005388	0	0	0	0	1	0
GO:0005402	1	0	0	0	1	0
GO:0005476	0	1	0	0	0	0
GO:0005488	1	1	1	1	1	1
GO:0005496	1	0	1	0	0	0
GO:0005501	0	0	1	0	0	0
GO:0005503	0	0	1	0	0	0
GO:0005506	1	0	0	0	1	0
GO:0005507	1	0	1	0	0	0
GO:0005509	1	0	1	0	0	0
GO:0005515	1	1	1	1	1	1
GO:0005516	1	1	1	0	1	0
GO:0005524	1	1	1	1	1	0
GO:0005525	1	1	1	1	1	1
GO:0005536	1	0	0	0	0	0
GO:0005539	0	1	1	0	0	0
GO:0005543	1	0	1	1	1	0
GO:0005545	1	0	0	0	0	0
GO:0005546	0	0	0	0	1	0
GO:0005548	1	0	0	0	1	0
GO:0005575	1	1	1	1	1	1
GO:0005576	1	1	1	0	1	1
GO:0005615	1	0	1	0	0	0
GO:0005618	1	1	1	0	1	1
GO:0005619	1	0	1	0	1	0
GO:0005622	1	1	1	1	1	1
GO:0005623	1	1	1	1	1	1
GO:0005628	1	1	1	0	1	0
GO:0005631	1	0	0	0	1	0
GO:0005634	1	1	1	1	1	1
GO:0005635	1	0	1	1	1	0
GO:0005637	0	0	1	1	0	0
GO:0005639	0	0	0	1	0	0
GO:0005643	1	0	0	0	1	0
GO:0005654	1	1	1	1	1	0
GO:0005655	1	0	0	0	0	0
GO:0005656	1	0	0	0	0	0
GO:0005657	1	1	0	1	1	0
GO:0005658	0	0	0	0	1	0
GO:0005664	1	0	0	0	0	0
GO:0005666	1	0	0	0	0	0
GO:0005667	1	0	1	1	1	0
GO:0005669	0	0	0	0	1	0
GO:0005671	1	0	1	0	1	0
GO:0005680	0	0	1	0	1	0
GO:0005681	1	0	0	1	1	0
GO:0005682	1	0	0	0	1	0
GO:0005684	0	0	0	0	1	0
GO:0005685	0	0	0	0	1	0
GO:0005688	0	0	0	0	1	0
GO:0005694	1	1	1	1	1	1
GO:0005697	1	0	0	0	1	0
GO:0005700	1	0	1	0	1	0
GO:0005703	0	0	1	0	0	0
GO:0005705	0	0	1	0	0	0
GO:0005719	1	0	0	0	0	0
GO:0005720	1	1	1	1	1	0
GO:0005721	1	1	1	1	1	0
GO:0005724	1	1	0	1	0	0
GO:0005730	1	1	1	1	1	0
GO:0005732	1	0	1	0	1	0
GO:0005737	1	1	1	1	1	1
GO:0005739	1	1	1	1	1	1
GO:0005740	1	1	1	1	1	1
GO:0005741	1	0	1	1	1	0
GO:0005742	0	0	0	1	0	0
GO:0005743	1	1	1	1	1	1
GO:0005746	1	0	0	0	1	0
GO:0005747	1	0	0	0	0	0
GO:0005750	0	0	0	0	1	0
GO:0005751	0	0	0	0	1	0
GO:0005753	0	0	0	0	1	0
GO:0005758	1	1	0	1	0	0
GO:0005759	1	1	1	1	1	0
GO:0005761	1	1	1	0	1	0
GO:0005762	1	1	1	0	0	0
GO:0005763	1	1	0	0	1	0
GO:0005764	1	0	1	0	0	0
GO:0005765	1	0	1	0	0	0
GO:0005768	1	1	1	1	1	0
GO:0005769	0	1	1	0	1	0
GO:0005770	0	1	1	0	1	0
GO:0005771	0	0	1	0	1	0
GO:0005773	1	1	1	1	1	1
GO:0005774	1	0	1	1	1	0
GO:0005775	1	1	1	0	1	0
GO:0005776	1	0	0	0	0	0
GO:0005777	1	1	1	1	1	0
GO:0005778	1	0	0	0	1	0
GO:0005779	0	0	0	0	1	0
GO:0005782	1	1	1	1	0	0
GO:0005783	1	1	1	1	1	1
GO:0005785	1	0	0	0	0	0
GO:0005786	0	0	0	0	1	0
GO:0005788	0	0	1	0	0	0
GO:0005789	1	1	1	1	1	0
GO:0005791	1	1	0	0	0	0
GO:0005793	0	0	1	0	1	0
GO:0005794	1	1	1	1	1	1
GO:0005795	0	1	1	0	1	0
GO:0005796	1	0	0	0	0	0
GO:0005797	0	0	0	0	1	0
GO:0005801	1	1	1	0	1	0
GO:0005802	1	1	1	0	1	0
GO:0005811	1	0	1	1	1	0
GO:0005813	1	0	1	0	1	0
GO:0005815	1	1	1	1	1	0
GO:0005816	1	1	1	1	1	0
GO:0005819	1	0	1	1	1	0
GO:0005826	1	0	0	1	1	0
GO:0005828	0	0	0	1	0	0
GO:0005829	1	1	1	1	1	0
GO:0005834	1	0	0	0	0	0
GO:0005838	1	0	0	0	1	0
GO:0005839	1	0	0	0	0	0
GO:0005840	1	1	1	1	1	0
GO:0005844	1	1	0	0	1	0
GO:0005845	1	0	1	0	0	0
GO:0005846	0	0	1	0	0	0
GO:0005852	0	0	0	0	1	0
GO:0005854	1	0	0	0	0	0
GO:0005856	1	1	1	1	1	1
GO:0005874	0	0	0	1	1	0
GO:0005875	0	0	0	1	0	0
GO:0005876	0	0	0	1	1	0
GO:0005881	0	0	0	0	1	0
GO:0005884	1	0	0	0	1	0
GO:0005885	0	0	0	0	0	1
GO:0005886	1	1	1	1	1	0
GO:0005887	1	1	1	1	1	0
GO:0005902	0	0	0	0	1	0
GO:0005903	0	0	0	0	1	0
GO:0005911	0	0	0	1	1	0
GO:0005912	0	0	0	0	1	0
GO:0005913	0	0	0	0	1	0
GO:0005915	0	0	0	0	1	0
GO:0005923	0	0	0	0	1	0
GO:0005933	1	1	1	1	1	1
GO:0005934	1	0	0	0	1	0
GO:0005935	1	1	1	1	1	0
GO:0005937	1	1	1	0	1	0
GO:0005938	1	0	1	1	1	1
GO:0005940	0	0	0	0	1	0
GO:0005942	0	0	0	0	1	0
GO:0005946	1	0	0	0	1	0
GO:0005955	0	0	0	0	1	0
GO:0005962	0	0	1	0	0	0
GO:0005967	1	0	0	0	0	0
GO:0005968	1	0	1	0	0	0
GO:0005975	1	1	1	1	1	1
GO:0005976	1	1	1	1	1	1
GO:0005977	0	0	0	0	1	0
GO:0005978	0	0	0	0	1	0
GO:0005979	0	0	0	0	1	0
GO:0005981	0	0	1	0	0	0
GO:0005984	1	0	1	0	1	1
GO:0005991	1	0	0	0	1	1
GO:0005992	1	0	0	0	1	0
GO:0005993	0	0	0	0	0	1
GO:0005994	1	0	1	0	0	0
GO:0005995	1	0	1	0	0	0
GO:0005996	1	1	1	0	1	0
GO:0006000	1	0	0	0	0	0
GO:0006001	1	0	0	0	0	0
GO:0006006	0	1	1	0	0	0
GO:0006007	0	1	1	0	0	0
GO:0006012	1	0	0	0	1	0
GO:0006013	1	0	0	0	0	0
GO:0006014	0	0	1	0	0	0
GO:0006020	0	0	1	0	0	0
GO:0006022	1	0	1	0	1	0
GO:0006026	1	0	1	0	1	0
GO:0006027	0	0	1	0	0	0
GO:0006030	1	0	0	0	1	0
GO:0006032	1	0	0	0	1	0
GO:0006037	1	0	0	0	0	0
GO:0006039	1	0	0	0	0	0
GO:0006040	1	1	0	0	1	0
GO:0006044	0	1	0	0	0	0
GO:0006066	1	1	1	1	1	0
GO:0006067	1	0	1	0	1	0
GO:0006068	1	0	1	0	0	0
GO:0006071	0	1	0	0	0	0
GO:0006073	1	0	1	1	1	0
GO:0006074	0	0	1	0	0	0
GO:0006076	0	0	1	0	0	0
GO:0006081	1	0	1	1	0	0
GO:0006082	1	1	1	1	1	1
GO:0006083	1	0	1	0	0	0
GO:0006084	1	0	1	0	0	0
GO:0006085	1	0	0	0	0	0
GO:0006086	1	0	0	0	0	0
GO:0006089	0	0	0	1	0	0
GO:0006090	1	1	1	0	0	0
GO:0006091	1	1	1	1	1	0
GO:0006094	0	1	1	0	0	0
GO:0006096	1	1	1	0	0	0
GO:0006098	1	0	1	0	0	0
GO:0006099	1	0	1	0	0	0
GO:0006101	1	0	1	0	0	0
GO:0006102	0	0	1	0	0	0
GO:0006103	0	0	0	1	0	0
GO:0006106	1	0	0	0	0	0
GO:0006108	1	0	0	0	0	0
GO:0006109	0	1	1	1	1	1
GO:0006111	0	0	1	1	1	0
GO:0006112	0	0	0	0	1	0
GO:0006119	1	0	0	1	1	0
GO:0006120	1	0	0	0	0	0
GO:0006122	0	0	0	0	1	0
GO:0006123	0	0	0	0	1	0
GO:0006139	1	1	1	1	1	1
GO:0006140	0	1	1	0	0	1
GO:0006144	1	0	0	0	0	0
GO:0006145	1	0	0	0	0	0
GO:0006146	1	0	0	0	0	0
GO:0006152	0	0	0	1	0	0
GO:0006163	1	1	1	1	1	0
GO:0006164	1	1	1	0	1	0
GO:0006165	1	1	1	0	0	0
GO:0006188	1	0	0	0	0	0
GO:0006189	1	0	0	0	0	0
GO:0006206	0	0	0	0	1	0
GO:0006207	0	0	0	0	1	0
GO:0006213	0	0	0	1	0	0
GO:0006216	0	0	0	1	0	0
GO:0006218	0	0	0	1	0	0
GO:0006259	1	1	1	1	1	1
GO:0006260	1	1	1	1	1	0
GO:0006261	1	1	1	1	1	0
GO:0006264	1	0	1	0	0	0
GO:0006265	0	0	1	0	0	0
GO:0006266	1	0	1	0	0	0
GO:0006267	1	0	0	0	0	0
GO:0006268	0	0	1	0	0	0
GO:0006269	0	0	0	0	1	0
GO:0006270	1	0	0	0	1	0
GO:0006271	1	1	0	1	1	0
GO:0006272	1	0	0	0	1	0
GO:0006273	1	1	0	1	1	0
GO:0006275	1	0	1	1	1	1
GO:0006276	1	0	0	0	0	0
GO:0006278	1	0	0	0	1	0
GO:0006279	1	0	0	0	1	0
GO:0006281	1	1	1	1	1	0
GO:0006282	1	1	1	0	1	0
GO:0006284	0	0	1	0	0	0
GO:0006289	1	0	1	0	1	0
GO:0006297	1	0	0	0	0	0
GO:0006298	0	0	0	1	0	0
GO:0006301	1	0	1	1	1	0
GO:0006302	1	1	1	1	1	0
GO:0006303	1	0	1	0	1	0
GO:0006304	1	0	0	0	0	0
GO:0006307	1	0	0	0	0	0
GO:0006308	0	0	1	1	0	0
GO:0006309	0	0	1	0	0	0
GO:0006310	1	1	1	1	1	0
GO:0006311	0	0	0	1	0	0
GO:0006312	1	1	1	1	1	0
GO:0006323	1	1	1	1	1	0
GO:0006325	1	1	1	1	1	1
GO:0006333	1	1	1	1	1	0
GO:0006334	1	1	1	0	1	0
GO:0006336	1	1	0	0	1	0
GO:0006338	1	1	1	1	1	0
GO:0006342	1	1	1	1	1	1
GO:0006344	1	0	0	0	0	0
GO:0006348	1	1	1	1	1	1
GO:0006351	1	1	1	1	1	0
GO:0006352	1	0	1	0	1	0
GO:0006353	1	0	1	0	0	0
GO:0006354	1	1	1	0	0	0
GO:0006355	1	1	1	1	1	1
GO:0006357	1	1	1	1	1	1
GO:0006359	0	0	1	0	0	0
GO:0006360	0	0	0	0	1	0
GO:0006364	1	1	1	1	1	0
GO:0006366	1	1	1	1	1	0
GO:0006367	1	0	0	0	1	0
GO:0006368	1	1	1	0	0	0
GO:0006369	1	0	1	0	0	0
GO:0006370	0	0	1	0	0	0
GO:0006376	1	0	0	0	1	0
GO:0006379	1	0	1	0	0	0
GO:0006382	1	0	0	0	0	0
GO:0006383	1	1	1	0	1	0
GO:0006384	0	0	1	0	0	0
GO:0006388	1	0	0	1	0	0
GO:0006396	1	1	1	1	1	0
GO:0006397	1	0	1	1	1	0
GO:0006399	1	0	1	1	0	0
GO:0006400	1	0	1	1	0	0
GO:0006401	1	1	1	1	1	0
GO:0006402	1	1	1	1	1	0
GO:0006403	1	0	1	1	1	0
GO:0006404	0	0	0	1	0	0
GO:0006405	1	0	1	1	1	0
GO:0006406	1	0	1	0	1	0
GO:0006407	1	0	0	1	0	0
GO:0006408	0	0	1	0	0	0
GO:0006409	1	0	0	1	0	0
GO:0006412	1	1	1	1	1	0
GO:0006413	1	1	0	1	1	0
GO:0006414	1	1	0	1	1	0
GO:0006415	0	1	0	0	0	0
GO:0006417	1	1	1	1	1	0
GO:0006418	0	0	1	1	0	0
GO:0006428	0	0	0	1	0	0
GO:0006433	0	0	1	0	0	0
GO:0006446	1	0	1	0	1	0
GO:0006448	0	0	0	0	1	0
GO:0006449	1	0	0	0	1	0
GO:0006450	1	0	0	0	0	0
GO:0006457	1	1	1	0	1	0
GO:0006458	1	0	1	0	0	0
GO:0006464	1	1	1	1	1	1
GO:0006465	0	0	0	1	0	0
GO:0006468	1	1	1	1	1	0
GO:0006469	1	0	0	1	0	0
GO:0006470	1	0	1	1	1	0
GO:0006473	1	1	1	1	1	0
GO:0006474	0	0	1	1	0	0
GO:0006475	1	1	1	1	1	0
GO:0006476	1	1	1	0	1	0
GO:0006479	1	0	1	1	1	0
GO:0006480	1	0	0	0	0	0
GO:0006481	0	0	1	0	0	0
GO:0006482	1	0	1	0	1	0
GO:0006486	1	0	1	1	1	1
GO:0006487	1	0	0	1	1	0
GO:0006488	1	0	0	1	0	0
GO:0006490	1	0	1	1	0	0
GO:0006491	0	0	0	0	1	0
GO:0006493	0	0	0	0	1	0
GO:0006497	1	1	0	1	1	0
GO:0006498	1	1	0	0	0	0
GO:0006499	1	1	0	0	0	0
GO:0006501	0	0	0	1	0	0
GO:0006505	1	1	0	0	0	0
GO:0006506	1	1	0	0	0	0
GO:0006508	1	1	1	1	1	1
GO:0006511	1	1	1	1	1	1
GO:0006515	1	0	1	1	0	0
GO:0006516	0	0	1	0	0	0
GO:0006518	1	1	1	1	1	0
GO:0006520	1	1	1	1	1	1
GO:0006521	0	0	1	0	0	0
GO:0006531	0	0	0	1	0	0
GO:0006532	0	0	0	1	0	0
GO:0006536	0	1	1	1	0	1
GO:0006537	0	0	1	0	0	0
GO:0006538	0	0	0	1	0	1
GO:0006555	1	1	0	0	0	0
GO:0006556	0	0	0	0	1	0
GO:0006560	0	1	0	0	0	0
GO:0006561	0	1	0	0	0	0
GO:0006563	0	0	0	0	1	0
GO:0006565	0	0	0	0	1	0
GO:0006566	1	0	0	0	1	0
GO:0006567	1	0	0	0	1	0
GO:0006570	1	0	0	0	0	0
GO:0006572	1	0	0	0	0	0
GO:0006575	1	1	1	0	0	0
GO:0006576	0	0	1	0	0	0
GO:0006582	0	0	0	0	1	0
GO:0006595	0	0	1	0	0	0
GO:0006598	0	0	1	0	0	0
GO:0006605	1	1	1	1	1	0
GO:0006606	1	0	0	1	1	0
GO:0006607	1	0	0	0	0	0
GO:0006611	1	0	1	1	1	0
GO:0006612	1	1	1	0	1	0
GO:0006613	1	1	0	0	1	0
GO:0006614	1	1	0	0	1	0
GO:0006616	0	0	0	0	1	0
GO:0006620	1	0	1	0	0	0
GO:0006623	1	0	1	0	1	0
GO:0006624	1	0	1	0	1	0
GO:0006625	1	0	0	1	0	0
GO:0006626	1	0	1	1	1	0
GO:0006627	0	0	0	1	1	0
GO:0006629	1	1	1	1	1	0
GO:0006631	1	1	1	1	1	0
GO:0006633	1	1	1	0	0	0
GO:0006635	1	0	0	1	1	0
GO:0006636	1	0	1	0	0	0
GO:0006637	1	0	1	0	0	0
GO:0006643	1	1	1	1	0	0
GO:0006644	1	1	1	1	1	0
GO:0006646	1	0	1	0	0	0
GO:0006650	1	1	1	1	1	0
GO:0006656	1	0	0	0	1	0
GO:0006657	1	0	0	0	1	0
GO:0006658	1	0	0	0	0	0
GO:0006659	1	0	0	0	0	0
GO:0006661	1	1	0	0	1	0
GO:0006664	1	1	1	1	0	0
GO:0006665	1	0	1	1	0	0
GO:0006672	1	0	1	1	0	0
GO:0006677	1	0	1	1	0	0
GO:0006687	1	0	1	1	0	0
GO:0006690	1	0	1	0	0	0
GO:0006692	1	0	1	0	0	0
GO:0006693	1	0	1	0	0	0
GO:0006694	1	0	1	1	1	0
GO:0006695	1	0	0	1	0	0
GO:0006696	1	0	1	0	1	0
GO:0006702	0	0	0	1	0	0
GO:0006706	0	0	0	1	0	0
GO:0006720	0	0	0	1	0	0
GO:0006721	0	0	0	1	0	0
GO:0006725	1	1	1	1	1	1
GO:0006726	0	1	0	0	0	0
GO:0006732	1	1	1	1	1	0
GO:0006733	1	1	1	1	0	0
GO:0006734	0	1	1	0	0	0
GO:0006735	0	1	1	0	0	0
GO:0006739	1	0	1	0	0	0
GO:0006743	1	0	0	1	0	0
GO:0006744	1	0	0	1	0	0
GO:0006749	1	1	0	0	0	0
GO:0006750	1	0	0	0	0	0
GO:0006753	1	1	1	1	1	0
GO:0006754	1	1	1	0	1	0
GO:0006757	1	1	1	0	0	0
GO:0006766	1	0	1	1	1	0
GO:0006767	1	0	1	1	1	0
GO:0006768	0	0	0	1	1	0
GO:0006769	1	0	0	1	0	0
GO:0006778	1	0	0	0	1	0
GO:0006779	1	0	0	0	1	0
GO:0006783	1	0	0	0	1	0
GO:0006784	1	0	0	0	0	0
GO:0006790	1	1	1	1	1	0
GO:0006793	1	1	1	1	1	0
GO:0006796	1	1	1	1	1	0
GO:0006797	1	0	0	0	1	0
GO:0006799	0	0	0	0	1	0
GO:0006801	1	0	1	0	0	0
GO:0006805	1	1	0	1	0	0
GO:0006807	1	1	1	1	1	1
GO:0006808	0	0	1	1	1	0
GO:0006810	1	1	1	1	1	1
GO:0006811	1	1	1	1	1	1
GO:0006812	1	1	1	1	1	1
GO:0006813	0	0	1	0	0	0
GO:0006816	0	0	1	1	1	0
GO:0006817	1	0	0	0	0	0
GO:0006820	1	1	1	1	1	0
GO:0006821	0	0	1	0	0	0
GO:0006826	0	1	0	0	0	1
GO:0006829	1	0	0	0	0	0
GO:0006833	1	0	1	0	0	0
GO:0006835	0	0	1	1	0	0
GO:0006836	0	0	0	0	1	0
GO:0006839	1	1	1	1	1	0
GO:0006846	1	1	1	0	0	0
GO:0006847	1	1	1	0	0	0
GO:0006851	0	0	0	1	0	0
GO:0006855	1	1	1	1	1	0
GO:0006857	1	1	1	0	1	0
GO:0006862	1	1	1	0	1	0
GO:0006863	1	0	0	0	0	0
GO:0006865	0	1	1	1	1	0
GO:0006869	1	1	0	0	1	0
GO:0006873	1	1	1	1	1	0
GO:0006874	1	0	1	1	1	0
GO:0006875	1	1	1	1	1	0
GO:0006878	1	0	0	0	0	0
GO:0006879	1	1	0	0	1	0
GO:0006884	0	0	1	0	0	0
GO:0006885	1	0	0	0	0	0
GO:0006886	1	1	1	1	1	0
GO:0006887	1	0	1	0	1	0
GO:0006888	1	1	1	0	1	0
GO:0006890	1	1	0	0	0	0
GO:0006891	0	1	0	0	0	0
GO:0006892	1	0	1	0	1	0
GO:0006893	1	0	1	0	1	0
GO:0006895	1	0	1	0	1	0
GO:0006896	1	0	1	0	1	0
GO:0006897	1	1	1	1	1	1
GO:0006898	0	1	0	0	1	0
GO:0006900	1	1	0	0	1	0
GO:0006903	1	0	1	0	0	0
GO:0006906	1	1	1	0	0	0
GO:0006909	0	0	1	0	1	0
GO:0006911	0	0	0	0	1	0
GO:0006913	1	0	1	1	1	0
GO:0006914	1	1	1	1	1	0
GO:0006915	1	1	1	1	1	0
GO:0006921	0	0	1	0	0	0
GO:0006928	1	0	1	0	1	0
GO:0006935	0	0	1	0	1	0
GO:0006950	1	1	1	1	1	1
GO:0006952	1	0	1	0	1	0
GO:0006954	1	0	1	0	0	0
GO:0006955	1	0	1	1	1	0
GO:0006970	1	1	1	1	1	0
GO:0006972	0	1	1	0	1	0
GO:0006974	1	1	1	1	1	0
GO:0006975	0	0	0	0	1	0
GO:0006979	1	1	1	1	1	1
GO:0006983	0	0	0	0	1	0
GO:0006984	1	0	0	0	1	0
GO:0006986	1	1	1	0	1	0
GO:0006991	1	0	0	0	0	0
GO:0006995	0	0	0	1	1	0
GO:0006996	1	1	1	1	1	1
GO:0006997	1	0	1	1	1	0
GO:0006998	1	0	0	0	0	0
GO:0006999	1	0	0	0	0	0
GO:0007000	0	0	0	1	0	0
GO:0007004	1	0	0	0	0	0
GO:0007005	1	1	1	1	1	1
GO:0007006	1	0	1	1	1	1
GO:0007007	0	0	1	1	0	0
GO:0007009	0	0	0	0	1	0
GO:0007010	1	1	1	1	1	1
GO:0007015	1	1	1	1	1	1
GO:0007017	1	1	1	1	1	0
GO:0007018	1	0	0	0	1	0
GO:0007020	0	0	0	0	1	0
GO:0007028	1	0	0	0	0	0
GO:0007029	0	0	0	1	1	1
GO:0007030	1	0	0	0	0	0
GO:0007031	1	0	0	1	0	0
GO:0007032	1	0	0	0	0	0
GO:0007033	1	1	1	1	1	0
GO:0007034	1	0	1	0	1	0
GO:0007035	1	0	0	0	0	0
GO:0007039	0	0	1	0	0	0
GO:0007041	0	0	1	0	0	0
GO:0007043	0	0	0	0	1	0
GO:0007049	1	1	1	1	1	1
GO:0007050	0	0	0	1	0	0
GO:0007051	0	1	0	1	1	0
GO:0007052	0	1	0	1	1	0
GO:0007059	1	1	1	1	1	1
GO:0007062	0	0	1	0	1	0
GO:0007064	0	0	1	0	1	0
GO:0007072	0	0	1	0	0	0
GO:0007074	0	0	1	0	0	0
GO:0007079	0	0	0	0	1	0
GO:0007080	1	0	0	1	1	0
GO:0007088	1	1	1	1	1	0
GO:0007089	1	0	0	0	1	0
GO:0007093	1	0	0	1	1	0
GO:0007094	1	0	0	1	1	0
GO:0007095	1	0	0	0	1	0
GO:0007096	1	1	1	1	1	0
GO:0007097	1	0	1	0	1	0
GO:0007114	1	0	1	0	1	0
GO:0007117	1	0	1	0	1	0
GO:0007118	1	0	1	0	1	0
GO:0007119	1	0	0	0	0	0
GO:0007120	0	0	0	0	1	0
GO:0007121	0	0	0	0	1	0
GO:0007124	1	1	1	0	1	0
GO:0007127	1	1	1	1	1	0
GO:0007129	1	1	1	0	0	0
GO:0007130	1	0	1	0	0	0
GO:0007131	1	1	1	1	1	0
GO:0007135	1	0	1	1	1	0
GO:0007140	1	0	0	0	0	0
GO:0007143	1	0	1	0	1	0
GO:0007154	1	1	1	1	1	1
GO:0007155	1	1	1	0	1	0
GO:0007162	0	0	1	0	1	0
GO:0007163	1	1	1	1	1	0
GO:0007165	1	1	1	1	1	0
GO:0007166	1	1	1	0	1	0
GO:0007167	0	0	1	0	1	0
GO:0007169	0	0	1	0	1	0
GO:0007178	0	0	0	0	1	0
GO:0007179	0	0	0	0	1	0
GO:0007186	1	0	0	0	1	0
GO:0007187	1	0	0	0	1	0
GO:0007188	1	0	0	0	1	0
GO:0007189	1	0	0	0	1	0
GO:0007190	0	0	0	0	1	0
GO:0007191	1	0	0	0	0	0
GO:0007204	0	0	1	0	0	0
GO:0007212	1	0	0	0	0	0
GO:0007223	1	0	0	0	1	0
GO:0007231	0	0	1	0	1	0
GO:0007232	0	0	0	0	1	0
GO:0007234	0	0	1	0	0	0
GO:0007264	1	1	1	1	1	0
GO:0007265	0	1	1	1	1	0
GO:0007266	0	0	0	0	1	0
GO:0007267	1	0	1	1	1	0
GO:0007275	1	1	1	1	1	0
GO:0007276	1	0	1	1	1	0
GO:0007277	1	0	0	0	0	0
GO:0007279	1	0	0	0	0	0
GO:0007281	1	0	1	1	1	0
GO:0007282	1	0	0	0	0	0
GO:0007283	1	0	1	1	1	0
GO:0007286	0	0	1	0	0	0
GO:0007289	0	0	1	0	0	0
GO:0007292	1	0	1	0	1	0
GO:0007293	1	0	0	0	1	0
GO:0007294	1	0	0	0	1	0
GO:0007297	1	0	0	0	0	0
GO:0007298	1	0	0	0	0	0
GO:0007308	1	0	0	0	1	0
GO:0007309	1	0	0	0	1	0
GO:0007310	1	0	0	0	0	0
GO:0007314	1	0	0	0	1	0
GO:0007315	1	0	0	0	0	0
GO:0007317	1	0	0	0	0	0
GO:0007318	1	0	0	0	0	0
GO:0007323	0	0	0	0	1	0
GO:0007329	0	0	0	1	1	0
GO:0007346	1	1	1	1	1	1
GO:0007349	1	0	0	0	0	0
GO:0007350	1	0	0	0	1	0
GO:0007351	1	0	0	0	1	0
GO:0007365	1	0	0	0	0	0
GO:0007367	1	0	0	0	0	0
GO:0007369	0	0	0	1	1	0
GO:0007379	0	0	1	0	0	0
GO:0007389	1	0	1	0	1	0
GO:0007399	1	0	1	1	1	0
GO:0007405	0	0	0	0	1	0
GO:0007406	1	0	0	0	0	0
GO:0007416	1	0	0	0	1	0
GO:0007417	0	0	0	1	1	0
GO:0007420	0	0	0	1	1	0
GO:0007423	1	0	1	0	1	0
GO:0007424	0	0	0	0	1	0
GO:0007430	0	0	0	0	1	0
GO:0007431	1	0	0	0	0	0
GO:0007435	1	0	0	0	0	0
GO:0007444	1	0	1	0	0	0
GO:0007482	1	0	0	0	0	0
GO:0007498	0	0	0	0	1	0
GO:0007502	0	0	0	0	1	0
GO:0007507	0	0	0	0	1	0
GO:0007525	1	0	0	0	0	0
GO:0007526	1	0	0	0	0	0
GO:0007530	1	1	1	1	1	1
GO:0007531	1	1	1	1	1	1
GO:0007532	0	0	0	1	1	0
GO:0007533	1	1	1	1	1	1
GO:0007534	0	1	1	1	1	0
GO:0007535	0	0	1	1	0	1
GO:0007548	1	0	1	1	1	0
GO:0007549	1	0	0	0	1	0
GO:0007552	1	0	0	0	0	0
GO:0007565	1	0	1	0	1	0
GO:0007568	1	1	1	1	1	0
GO:0007569	1	1	1	1	1	0
GO:0007571	1	0	1	0	0	0
GO:0007584	0	1	1	1	1	0
GO:0007591	1	0	0	0	0	0
GO:0007600	1	0	1	0	1	0
GO:0007601	1	0	1	0	1	0
GO:0007606	1	0	0	0	1	0
GO:0007610	1	0	0	1	1	0
GO:0007611	1	0	0	1	1	0
GO:0007612	1	0	0	0	0	0
GO:0007613	0	0	0	1	1	0
GO:0007615	0	0	0	1	0	0
GO:0007616	0	0	0	0	1	0
GO:0007617	1	0	0	0	0	0
GO:0007618	1	0	0	0	0	0
GO:0007619	1	0	0	0	0	0
GO:0007622	0	0	0	1	0	0
GO:0007623	0	0	1	1	0	0
GO:0007626	0	0	0	0	1	0
GO:0007631	1	0	0	0	0	0
GO:0007635	1	0	0	0	0	0
GO:0008013	0	0	0	0	1	0
GO:0008015	1	0	0	0	0	0
GO:0008016	0	0	0	1	0	0
GO:0008017	0	0	0	0	1	0
GO:0008022	1	0	0	1	0	0
GO:0008023	1	0	0	0	0	0
GO:0008026	1	1	1	1	1	0
GO:0008028	1	1	1	1	1	0
GO:0008033	1	0	1	1	0	0
GO:0008047	1	0	1	1	1	0
GO:0008049	1	0	0	0	0	0
GO:0008061	1	0	0	0	1	0
GO:0008064	0	0	0	0	1	1
GO:0008078	0	0	0	0	1	0
GO:0008079	0	1	0	0	0	0
GO:0008080	1	0	1	1	0	0
GO:0008092	1	0	0	0	1	1
GO:0008094	1	1	1	1	1	0
GO:0008097	0	0	1	0	1	0
GO:0008104	1	1	1	1	1	1
GO:0008112	1	0	0	0	0	0
GO:0008131	1	0	0	0	0	0
GO:0008134	1	1	1	0	1	0
GO:0008135	1	1	0	1	1	0
GO:0008137	1	0	0	0	0	0
GO:0008139	1	0	0	0	0	0
GO:0008142	1	0	0	0	0	0
GO:0008143	1	0	0	0	0	0
GO:0008144	1	1	1	1	1	0
GO:0008150	1	1	1	1	1	1
GO:0008152	1	1	1	1	1	1
GO:0008156	0	0	1	1	0	1
GO:0008157	0	0	0	0	1	0
GO:0008168	1	0	1	1	1	0
GO:0008169	1	0	0	0	1	0
GO:0008170	1	0	1	1	1	0
GO:0008171	0	0	1	0	1	0
GO:0008173	1	0	1	1	1	0
GO:0008174	0	0	0	0	1	0
GO:0008175	1	0	1	1	0	0
GO:0008186	1	1	1	1	1	0
GO:0008187	0	0	0	0	1	0
GO:0008194	1	1	1	0	1	0
GO:0008200	0	0	0	1	0	0
GO:0008201	0	0	1	0	0	0
GO:0008202	1	0	1	1	1	0
GO:0008203	1	0	0	1	0	0
GO:0008204	1	0	1	0	1	0
GO:0008207	0	0	0	1	0	0
GO:0008209	0	0	0	1	0	0
GO:0008213	1	0	1	1	1	0
GO:0008214	1	0	1	0	1	0
GO:0008215	0	0	1	0	0	0
GO:0008217	1	0	0	0	0	0
GO:0008219	1	1	1	1	1	0
GO:0008233	1	1	1	1	1	0
GO:0008234	1	0	0	1	1	0
GO:0008235	1	0	0	0	0	0
GO:0008236	1	0	1	1	0	0
GO:0008237	1	0	0	1	1	0
GO:0008238	1	0	1	0	0	0
GO:0008240	1	0	1	0	0	0
GO:0008251	1	0	0	0	0	0
GO:0008266	0	0	0	0	1	0
GO:0008270	1	1	1	1	1	0
GO:0008276	1	0	1	1	1	0
GO:0008277	0	0	1	0	0	0
GO:0008278	0	0	1	0	0	0
GO:0008283	1	0	1	0	1	0
GO:0008284	1	0	1	0	1	0
GO:0008285	1	0	1	0	1	0
GO:0008286	0	0	0	0	1	0
GO:0008287	0	0	0	0	1	0
GO:0008289	1	0	1	1	1	0
GO:0008297	0	1	0	1	0	0
GO:0008298	1	0	0	0	1	0
GO:0008301	0	0	1	1	1	0
GO:0008306	1	0	0	0	0	0
GO:0008312	0	0	0	0	1	0
GO:0008320	0	0	0	1	0	1
GO:0008324	1	1	1	1	1	0
GO:0008334	0	0	1	0	0	0
GO:0008340	1	0	1	1	1	0
GO:0008348	0	0	1	0	0	0
GO:0008355	1	0	0	0	0	0
GO:0008356	1	0	0	0	1	0
GO:0008358	1	0	0	0	1	0
GO:0008360	1	1	1	0	1	0
GO:0008361	1	1	1	0	1	0
GO:0008374	0	0	0	1	0	0
GO:0008375	0	1	0	0	1	0
GO:0008376	0	1	0	0	0	0
GO:0008380	1	0	1	1	1	0
GO:0008381	0	0	1	0	0	0
GO:0008406	1	0	1	1	1	0
GO:0008408	1	1	0	0	0	0
GO:0008409	0	1	0	1	0	0
GO:0008410	1	0	1	0	0	0
GO:0008412	0	0	0	1	0	0
GO:0008420	0	0	1	0	0	0
GO:0008422	1	0	1	0	0	0
GO:0008428	1	0	0	0	0	0
GO:0008466	0	0	0	0	1	0
GO:0008477	1	0	0	1	0	0
GO:0008479	1	0	0	0	0	0
GO:0008483	0	0	0	1	0	0
GO:0008484	0	1	0	0	0	0
GO:0008494	0	0	0	0	1	0
GO:0008495	1	0	0	0	0	0
GO:0008509	1	1	1	1	1	0
GO:0008514	1	1	1	1	1	0
GO:0008519	1	1	1	0	1	0
GO:0008525	1	0	0	0	1	0
GO:0008526	1	0	0	0	1	0
GO:0008540	0	0	0	0	1	0
GO:0008541	1	0	0	0	0	0
GO:0008543	0	0	1	0	0	0
GO:0008559	0	1	0	0	1	0
GO:0008565	1	0	0	1	1	1
GO:0008584	1	0	1	1	0	0
GO:0008593	0	0	0	0	1	0
GO:0008595	1	0	0	0	1	0
GO:0008608	1	0	0	1	1	0
GO:0008610	1	1	1	1	1	0
GO:0008614	0	0	1	0	0	0
GO:0008615	0	0	1	0	0	0
GO:0008616	1	0	0	0	0	0
GO:0008622	0	0	0	0	1	0
GO:0008623	1	0	0	0	0	0
GO:0008630	0	0	0	1	0	0
GO:0008641	0	0	0	1	1	0
GO:0008643	1	0	1	0	1	1
GO:0008645	1	0	0	0	1	1
GO:0008649	0	0	0	0	1	0
GO:0008650	0	0	0	0	1	0
GO:0008652	1	1	1	1	0	0
GO:0008654	1	1	1	1	1	0
GO:0008655	0	0	0	1	0	0
GO:0008757	1	0	1	1	1	0
GO:0008775	1	0	1	0	0	0
GO:0008783	1	0	0	0	0	0
GO:0008796	0	0	0	1	0	0
GO:0008810	0	0	1	1	0	0
GO:0008843	1	0	0	0	0	0
GO:0008934	0	0	1	0	0	0
GO:0008936	0	0	0	1	0	0
GO:0008976	0	0	0	0	1	0
GO:0009019	1	0	0	0	0	0
GO:0009039	0	0	0	1	0	0
GO:0009044	1	0	0	0	0	0
GO:0009047	1	0	0	0	0	0
GO:0009051	1	0	0	0	0	0
GO:0009052	0	0	1	0	0	0
GO:0009055	0	0	0	1	1	0
GO:0009056	1	1	1	1	1	1
GO:0009057	1	1	1	1	1	1
GO:0009058	1	1	1	1	1	1
GO:0009059	1	1	1	1	1	1
GO:0009060	1	0	1	0	1	0
GO:0009062	1	0	0	1	1	0
GO:0009063	1	0	1	1	1	1
GO:0009064	0	1	1	1	0	1
GO:0009065	0	0	0	1	0	1
GO:0009066	1	1	0	1	1	0
GO:0009067	1	1	0	1	0	0
GO:0009068	1	0	0	0	1	0
GO:0009069	0	0	0	0	1	0
GO:0009071	0	0	0	0	1	0
GO:0009072	1	0	0	0	0	0
GO:0009074	1	0	0	0	0	0
GO:0009084	0	1	1	0	0	0
GO:0009086	1	1	0	0	0	0
GO:0009100	1	0	1	1	1	1
GO:0009101	1	0	1	1	1	1
GO:0009102	0	0	0	1	1	0
GO:0009108	1	1	1	1	1	0
GO:0009110	0	0	1	1	1	0
GO:0009112	1	0	0	0	1	0
GO:0009113	1	0	0	0	0	0
GO:0009116	1	1	0	1	0	0
GO:0009117	1	1	1	1	1	0
GO:0009119	1	1	0	1	0	0
GO:0009123	1	1	1	1	1	0
GO:0009124	1	1	1	0	1	0
GO:0009126	1	1	1	1	1	0
GO:0009127	1	1	1	0	1	0
GO:0009132	1	1	1	0	0	0
GO:0009135	1	1	1	0	0	0
GO:0009141	1	1	1	1	1	0
GO:0009142	1	1	1	0	1	0
GO:0009144	1	1	1	1	1	0
GO:0009145	1	1	1	0	1	0
GO:0009150	1	1	1	1	1	0
GO:0009152	1	1	1	0	1	0
GO:0009156	1	1	1	0	1	0
GO:0009161	1	1	1	1	1	0
GO:0009163	1	0	0	0	0	0
GO:0009164	0	0	0	1	0	0
GO:0009165	1	1	1	1	1	0
GO:0009166	1	1	1	0	0	0
GO:0009167	1	1	1	1	1	0
GO:0009168	1	1	1	0	1	0
GO:0009179	1	1	1	0	0	0
GO:0009185	1	1	1	0	0	0
GO:0009199	1	1	1	1	1	0
GO:0009201	1	1	1	0	1	0
GO:0009205	1	1	1	1	1	0
GO:0009206	1	1	1	0	1	0
GO:0009225	0	1	0	0	0	0
GO:0009237	1	1	0	0	0	0
GO:0009247	1	1	0	0	0	0
GO:0009250	1	0	1	0	1	0
GO:0009251	1	0	1	1	0	0
GO:0009259	1	1	1	1	1	0
GO:0009260	1	1	1	0	1	0
GO:0009266	1	1	1	0	1	1
GO:0009267	1	1	1	1	1	1
GO:0009268	1	1	1	1	1	1
GO:0009269	0	0	0	0	1	1
GO:0009272	1	1	1	0	1	0
GO:0009277	1	1	1	0	1	1
GO:0009295	1	0	1	0	1	0
GO:0009299	1	0	1	0	1	0
GO:0009301	1	0	1	0	0	0
GO:0009303	1	1	0	0	1	0
GO:0009306	0	0	1	0	1	0
GO:0009308	1	0	1	1	0	0
GO:0009310	1	0	1	0	0	0
GO:0009311	1	0	1	1	1	1
GO:0009312	1	0	0	0	1	0
GO:0009313	1	0	1	0	0	1
GO:0009314	1	1	1	1	1	0
GO:0009371	0	0	0	1	1	0
GO:0009372	0	1	1	0	0	0
GO:0009373	1	0	0	1	1	0
GO:0009378	0	0	1	1	0	0
GO:0009403	1	1	1	1	1	0
GO:0009404	1	1	1	1	1	0
GO:0009405	1	1	1	1	1	1
GO:0009408	1	1	1	0	1	0
GO:0009409	0	0	1	0	1	1
GO:0009410	1	1	0	1	1	0
GO:0009411	1	0	0	1	0	0
GO:0009414	0	0	0	0	1	1
GO:0009415	0	0	0	0	1	1
GO:0009416	1	0	1	1	1	0
GO:0009435	1	1	1	1	0	0
GO:0009438	0	0	0	1	0	0
GO:0009448	0	0	1	0	0	0
GO:0009450	0	0	1	0	0	0
GO:0009451	1	0	1	1	1	0
GO:0009452	0	0	1	0	0	0
GO:0009506	0	0	0	1	0	0
GO:0009536	0	0	1	0	0	0
GO:0009553	0	1	0	0	0	0
GO:0009555	0	1	0	0	0	0
GO:0009579	0	0	0	0	1	0
GO:0009593	1	0	0	0	0	0
GO:0009605	1	1	1	1	1	1
GO:0009606	0	0	0	0	1	0
GO:0009607	1	1	1	1	1	1
GO:0009611	0	0	0	0	1	0
GO:0009612	0	0	0	0	1	0
GO:0009615	1	0	0	0	0	0
GO:0009617	1	0	1	0	1	0
GO:0009620	1	0	1	0	1	0
GO:0009628	1	1	1	1	1	1
GO:0009635	1	0	1	0	1	0
GO:0009636	1	1	1	1	1	1
GO:0009642	0	0	1	0	0	0
GO:0009651	1	1	1	0	1	0
GO:0009652	0	0	0	0	1	0
GO:0009653	1	1	1	1	1	0
GO:0009679	0	0	0	0	1	0
GO:0009709	1	0	0	1	1	0
GO:0009719	1	1	1	1	1	0
GO:0009725	1	1	1	1	1	0
GO:0009730	1	0	0	0	0	0
GO:0009732	1	0	0	0	0	0
GO:0009743	1	0	1	0	1	0
GO:0009746	1	0	1	0	1	0
GO:0009749	1	0	1	0	1	0
GO:0009755	0	0	0	0	1	0
GO:0009756	1	0	1	0	0	0
GO:0009757	1	0	1	0	0	0
GO:0009790	1	0	1	1	1	0
GO:0009791	1	0	1	0	1	0
GO:0009792	1	0	1	1	1	0
GO:0009793	0	0	0	0	1	0
GO:0009798	1	0	0	0	1	0
GO:0009810	1	0	0	0	0	0
GO:0009820	1	0	0	1	1	0
GO:0009821	1	0	0	1	1	0
GO:0009826	0	0	0	0	1	0
GO:0009847	0	1	0	0	1	0
GO:0009880	1	0	0	0	1	0
GO:0009886	1	0	0	0	0	0
GO:0009887	1	0	1	0	1	0
GO:0009888	1	0	1	1	1	0
GO:0009889	1	1	1	1	1	1
GO:0009890	1	1	1	1	1	1
GO:0009891	1	1	1	1	1	1
GO:0009892	1	1	1	1	1	1
GO:0009893	1	1	1	1	1	1
GO:0009894	1	1	1	1	1	1
GO:0009895	1	0	0	0	1	0
GO:0009896	1	0	1	1	1	0
GO:0009897	1	1	1	0	1	0
GO:0009898	1	0	0	0	1	0
GO:0009917	0	0	0	1	0	0
GO:0009931	0	1	0	0	0	0
GO:0009932	0	0	0	0	1	0
GO:0009948	1	0	0	0	1	0
GO:0009950	1	0	0	0	0	0
GO:0009952	1	0	0	0	1	0
GO:0009953	1	0	0	0	0	0
GO:0009966	1	1	1	1	1	0
GO:0009967	1	0	1	0	1	0
GO:0009968	1	1	1	1	1	0
GO:0009975	1	0	0	0	0	0
GO:0009982	1	0	0	0	0	0
GO:0009986	1	1	1	1	1	0
GO:0009987	1	1	1	1	1	1
GO:0009991	1	1	1	1	1	1
GO:0009994	1	0	0	0	1	0
GO:0010001	0	0	0	0	1	0
GO:0010008	1	0	1	1	1	0
GO:0010033	1	1	1	1	1	1
GO:0010035	1	1	1	1	1	1
GO:0010038	1	0	1	1	1	0
GO:0010039	0	0	0	0	1	0
GO:0010106	1	1	0	0	1	0
GO:0010154	0	0	0	0	1	0
GO:0010165	0	0	0	1	0	0
GO:0010171	0	0	0	0	1	0
GO:0010182	1	0	1	0	0	0
GO:0010212	1	1	1	1	1	0
GO:0010224	0	0	0	1	0	0
GO:0010226	1	0	1	0	1	0
GO:0010228	0	0	1	0	0	0
GO:0010243	1	0	1	1	1	0
GO:0010255	1	0	1	0	0	0
GO:0010256	1	0	0	1	1	1
GO:0010259	1	0	1	1	1	0
GO:0010268	0	0	0	1	0	0
GO:0010324	0	0	0	0	1	0
GO:0010332	1	0	1	0	1	0
GO:0010340	0	0	1	0	0	0
GO:0010383	1	0	1	1	0	0
GO:0010389	1	1	0	1	1	0
GO:0010393	1	0	1	0	0	0
GO:0010410	1	0	1	1	0	0
GO:0010411	1	0	1	1	0	0
GO:0010412	1	0	1	0	0	1
GO:0010420	1	0	0	0	0	0
GO:0010446	1	0	1	0	0	0
GO:0010453	1	0	1	0	1	0
GO:0010455	0	0	1	0	0	0
GO:0010458	1	0	1	0	0	0
GO:0010464	0	0	1	0	0	0
GO:0010466	0	0	1	0	1	0
GO:0010467	1	1	1	1	1	0
GO:0010468	1	1	1	1	1	1
GO:0010469	0	0	1	0	0	0
GO:0010484	1	0	1	0	0	0
GO:0010485	0	0	0	1	0	0
GO:0010494	1	0	0	1	1	0
GO:0010498	1	1	1	1	1	1
GO:0010499	1	0	0	0	0	0
GO:0010501	1	1	0	1	1	0
GO:0010506	1	0	1	1	1	0
GO:0010507	1	0	0	0	0	0
GO:0010508	0	0	1	1	1	0
GO:0010514	0	0	0	1	1	0
GO:0010515	0	0	1	0	0	0
GO:0010517	0	0	0	0	1	0
GO:0010518	0	0	0	0	1	0
GO:0010520	0	0	0	1	1	0
GO:0010521	0	1	0	1	0	0
GO:0010522	0	0	0	0	1	0
GO:0010523	0	0	0	0	1	0
GO:0010525	1	0	0	0	0	0
GO:0010526	1	0	0	0	0	0
GO:0010528	1	0	1	0	0	0
GO:0010529	1	0	1	0	0	0
GO:0010556	1	1	1	1	1	1
GO:0010557	1	1	1	1	1	1
GO:0010558	1	1	1	1	1	1
GO:0010562	1	1	1	1	1	1
GO:0010563	1	0	0	1	1	0
GO:0010564	1	1	1	1	1	1
GO:0010565	1	0	1	1	1	0
GO:0010566	0	0	0	0	1	0
GO:0010570	1	1	1	1	1	0
GO:0010571	0	0	0	0	1	0
GO:0010586	1	0	0	0	0	0
GO:0010590	0	0	0	1	0	0
GO:0010591	0	0	0	0	1	0
GO:0010592	0	0	0	0	1	0
GO:0010594	0	0	1	0	0	0
GO:0010595	0	0	1	0	0	0
GO:0010596	0	0	1	0	0	0
GO:0010603	1	0	0	0	0	0
GO:0010604	1	1	1	1	1	1
GO:0010605	1	1	1	1	1	1
GO:0010607	1	0	0	0	0	0
GO:0010608	1	1	1	1	1	0
GO:0010611	0	0	0	1	0	0
GO:0010614	0	0	0	1	0	0
GO:0010623	1	0	0	0	1	0
GO:0010628	1	1	1	1	1	1
GO:0010629	1	1	1	1	1	1
GO:0010631	1	0	1	0	0	0
GO:0010632	0	0	1	0	0	0
GO:0010633	0	0	1	0	0	0
GO:0010634	0	0	1	0	0	0
GO:0010638	1	1	1	1	1	1
GO:0010639	1	1	1	1	1	0
GO:0010646	1	1	1	1	1	0
GO:0010647	1	0	1	1	1	0
GO:0010648	1	1	1	1	1	0
GO:0010656	1	0	1	0	1	0
GO:0010660	1	0	1	0	1	0
GO:0010662	1	0	1	0	1	0
GO:0010664	1	0	1	0	1	0
GO:0010665	1	0	1	0	1	0
GO:0010667	1	0	1	0	1	0
GO:0010675	0	1	1	1	1	1
GO:0010676	0	0	1	0	0	1
GO:0010677	0	0	0	1	1	0
GO:0010688	0	0	0	0	1	0
GO:0010691	0	0	0	0	1	0
GO:0010698	0	0	1	0	0	0
GO:0010717	0	0	0	0	1	0
GO:0010718	0	0	0	0	1	0
GO:0010720	1	0	1	1	1	0
GO:0010721	1	0	0	1	1	0
GO:0010731	1	1	0	0	0	0
GO:0010793	1	0	0	0	0	0
GO:0010810	0	0	1	0	1	0
GO:0010811	0	0	1	0	1	0
GO:0010817	0	0	0	1	0	0
GO:0010827	0	0	0	0	1	0
GO:0010828	0	0	0	0	1	0
GO:0010833	1	0	0	0	0	0
GO:0010847	1	1	1	0	1	0
GO:0010857	0	1	0	0	0	0
GO:0010858	0	0	1	0	0	0
GO:0010876	1	1	0	0	1	0
GO:0010893	0	0	1	0	0	0
GO:0010906	0	0	1	1	1	1
GO:0010907	0	0	1	0	0	1
GO:0010913	1	0	1	1	1	0
GO:0010914	1	0	1	1	0	0
GO:0010921	1	0	0	0	0	0
GO:0010922	1	0	0	0	0	0
GO:0010927	1	1	1	0	1	0
GO:0010941	1	1	1	1	1	0
GO:0010942	1	0	1	1	1	0
GO:0010948	1	1	1	1	1	1
GO:0010950	1	0	1	0	1	0
GO:0010951	0	0	1	0	1	0
GO:0010952	1	0	1	0	1	0
GO:0010958	0	0	1	0	1	0
GO:0010959	0	0	0	0	1	0
GO:0010962	0	1	0	1	1	0
GO:0010963	0	0	0	0	1	0
GO:0010965	1	0	1	1	1	0
GO:0010966	1	0	0	0	0	0
GO:0010969	0	0	1	0	0	0
GO:0010970	1	0	0	0	1	0
GO:0010971	0	1	0	1	0	0
GO:0010972	1	0	0	0	1	0
GO:0010973	0	1	0	1	0	0
GO:0010974	0	1	1	0	0	0
GO:0010975	0	0	1	0	1	0
GO:0010976	0	0	1	0	1	0
GO:0010978	0	0	0	0	1	0
GO:0010981	0	0	0	1	0	0
GO:0010992	0	0	1	0	1	0
GO:0010994	0	0	1	0	0	0
GO:0010995	0	0	0	0	1	0
GO:0011000	0	0	1	0	0	0
GO:0012501	1	1	1	1	1	0
GO:0012505	1	1	1	1	1	1
GO:0012506	0	1	1	0	1	0
GO:0014013	0	0	0	0	1	0
GO:0014015	0	0	0	0	1	0
GO:0014031	0	0	0	0	1	0
GO:0014032	0	0	0	0	1	0
GO:0014033	0	0	0	0	1	0
GO:0014065	0	0	0	0	1	0
GO:0014070	1	1	1	1	1	0
GO:0014074	0	0	0	1	1	0
GO:0014741	0	0	0	1	0	0
GO:0014743	0	0	0	1	0	0
GO:0014823	0	0	0	1	0	0
GO:0014850	0	0	0	1	0	0
GO:0014910	0	0	1	0	0	0
GO:0014911	0	0	1	0	0	0
GO:0015002	0	0	0	0	1	0
GO:0015019	0	0	1	0	0	0
GO:0015020	0	0	1	0	0	0
GO:0015030	1	0	0	0	0	0
GO:0015031	1	1	1	1	1	1
GO:0015035	1	1	1	1	0	0
GO:0015036	1	1	1	1	0	0
GO:0015037	1	0	0	0	0	0
GO:0015038	1	0	0	0	0	0
GO:0015075	1	1	1	1	1	0
GO:0015077	1	0	1	0	1	0
GO:0015078	1	0	1	0	1	0
GO:0015079	0	0	1	0	0	0
GO:0015085	0	0	1	1	1	0
GO:0015099	0	0	0	1	0	0
GO:0015101	0	1	0	0	1	0
GO:0015103	1	0	1	0	0	0
GO:0015108	0	0	1	0	0	0
GO:0015123	1	0	1	0	0	0
GO:0015124	1	1	0	0	0	0
GO:0015128	0	0	0	0	1	0
GO:0015140	0	0	1	1	0	0
GO:0015141	0	0	1	0	0	0
GO:0015143	1	0	0	0	0	0
GO:0015144	1	0	1	0	1	0
GO:0015145	1	0	0	0	1	0
GO:0015146	0	0	0	0	1	0
GO:0015149	1	0	0	0	1	0
GO:0015166	1	0	1	0	1	0
GO:0015168	1	0	1	0	0	0
GO:0015169	1	0	0	0	1	0
GO:0015171	0	1	1	0	1	0
GO:0015174	0	1	1	0	1	0
GO:0015179	0	0	1	0	1	0
GO:0015181	0	0	1	0	0	0
GO:0015205	1	0	0	0	0	0
GO:0015215	1	0	1	0	0	0
GO:0015216	1	0	1	0	0	0
GO:0015220	0	0	0	0	1	0
GO:0015226	0	1	0	0	1	0
GO:0015233	0	0	0	1	0	0
GO:0015238	1	1	1	1	1	0
GO:0015248	1	1	0	0	0	0
GO:0015250	1	0	1	0	0	0
GO:0015254	0	0	1	0	0	0
GO:0015267	1	0	1	1	0	0
GO:0015275	0	0	1	0	0	0
GO:0015291	1	1	1	1	1	0
GO:0015292	0	0	0	1	0	0
GO:0015293	1	0	1	0	1	0
GO:0015294	1	0	1	0	1	0
GO:0015295	1	0	1	0	1	0
GO:0015296	0	0	1	0	0	0
GO:0015297	0	1	0	1	1	0
GO:0015301	0	0	0	1	0	0
GO:0015318	1	1	1	1	1	0
GO:0015366	0	0	1	0	0	0
GO:0015367	0	0	0	1	0	0
GO:0015377	0	0	1	0	0	0
GO:0015379	0	0	1	0	0	0
GO:0015399	1	1	0	1	1	0
GO:0015405	1	1	0	1	1	0
GO:0015450	0	0	0	1	0	0
GO:0015459	0	0	0	0	1	0
GO:0015556	0	0	1	1	0	0
GO:0015562	1	0	0	0	0	0
GO:0015578	0	0	0	0	1	0
GO:0015605	1	0	1	0	1	0
GO:0015616	0	0	0	0	1	0
GO:0015629	1	1	1	1	1	1
GO:0015630	1	1	1	1	1	0
GO:0015631	0	0	0	0	1	0
GO:0015643	1	0	0	0	0	0
GO:0015645	1	0	0	0	0	0
GO:0015651	0	1	0	0	1	0
GO:0015662	0	0	0	0	1	0
GO:0015665	1	0	0	0	1	0
GO:0015672	1	0	1	0	1	0
GO:0015675	0	0	0	1	0	0
GO:0015695	0	1	0	0	1	0
GO:0015696	1	1	1	0	1	0
GO:0015697	0	1	0	0	1	0
GO:0015698	1	0	1	0	0	0
GO:0015700	0	0	1	0	0	0
GO:0015711	1	1	1	1	1	0
GO:0015718	1	1	1	1	1	0
GO:0015719	1	1	0	0	0	0
GO:0015740	0	0	1	1	0	0
GO:0015742	0	0	0	1	0	0
GO:0015743	0	0	1	1	0	0
GO:0015744	0	0	1	0	0	0
GO:0015747	1	0	0	0	0	0
GO:0015748	1	1	1	0	1	0
GO:0015749	1	0	0	0	1	1
GO:0015750	0	0	0	0	1	0
GO:0015755	1	0	0	0	1	0
GO:0015757	0	0	0	0	1	0
GO:0015761	1	0	0	0	1	0
GO:0015791	1	0	1	0	1	0
GO:0015793	1	0	1	0	0	0
GO:0015794	1	0	0	0	1	0
GO:0015795	0	0	0	0	1	0
GO:0015797	0	0	0	0	1	0
GO:0015798	0	0	0	0	1	0
GO:0015802	0	1	1	0	1	0
GO:0015804	0	0	0	1	0	0
GO:0015805	0	0	0	1	0	0
GO:0015807	0	0	1	0	1	0
GO:0015809	0	0	1	0	1	0
GO:0015824	0	0	0	1	0	0
GO:0015833	1	1	1	1	1	1
GO:0015837	0	1	0	0	1	0
GO:0015838	0	1	0	0	1	0
GO:0015840	0	0	0	1	0	0
GO:0015849	1	1	1	1	1	0
GO:0015850	1	1	1	0	1	0
GO:0015851	1	0	0	0	0	0
GO:0015865	1	1	1	0	1	0
GO:0015867	1	1	1	0	1	0
GO:0015868	1	1	1	0	1	0
GO:0015871	0	0	0	0	1	0
GO:0015879	0	1	0	0	1	0
GO:0015886	0	1	0	0	0	0
GO:0015887	0	0	0	1	0	0
GO:0015893	1	1	1	1	1	0
GO:0015908	0	0	0	0	1	0
GO:0015914	1	0	0	0	1	0
GO:0015918	1	1	0	0	0	0
GO:0015919	0	0	0	1	0	0
GO:0015923	1	0	1	0	0	0
GO:0015925	1	0	1	1	0	0
GO:0015926	1	1	1	0	0	0
GO:0015927	0	0	0	0	0	1
GO:0015931	1	1	1	1	1	0
GO:0015932	1	0	1	0	0	0
GO:0015934	1	1	1	1	0	0
GO:0015935	1	1	0	1	1	0
GO:0015939	0	0	1	0	0	0
GO:0015940	0	0	1	0	0	0
GO:0015976	1	0	1	0	0	0
GO:0015980	1	0	1	1	1	0
GO:0015985	0	0	0	0	1	0
GO:0015986	0	0	0	0	1	0
GO:0015988	1	0	0	0	0	0
GO:0015991	1	0	0	0	0	0
GO:0016018	0	1	0	0	0	0
GO:0016020	1	1	1	1	1	1
GO:0016021	1	1	1	1	1	1
GO:0016042	1	0	1	1	1	0
GO:0016043	1	1	1	1	1	1
GO:0016049	1	1	1	0	1	0
GO:0016050	1	1	1	0	1	0
GO:0016051	1	1	1	0	1	1
GO:0016052	1	1	1	1	0	1
GO:0016053	1	1	1	1	1	0
GO:0016054	1	0	1	1	1	1
GO:0016055	1	0	1	0	1	0
GO:0016064	0	0	0	1	0	0
GO:0016070	1	1	1	1	1	0
GO:0016071	1	1	1	1	1	0
GO:0016072	1	1	1	1	1	0
GO:0016073	1	0	1	0	0	0
GO:0016074	1	1	0	1	1	0
GO:0016075	1	0	0	0	1	0
GO:0016078	1	0	0	0	0	0
GO:0016101	0	0	0	1	0	0
GO:0016125	1	0	1	1	1	0
GO:0016126	1	0	1	1	1	0
GO:0016128	1	0	1	1	1	0
GO:0016129	1	0	1	1	1	0
GO:0016131	0	0	0	1	0	0
GO:0016132	0	0	0	1	0	0
GO:0016137	1	0	1	1	0	0
GO:0016139	1	0	1	1	0	0
GO:0016150	0	1	0	0	0	0
GO:0016160	0	0	1	0	0	0
GO:0016162	0	0	1	0	0	0
GO:0016180	1	0	0	0	0	0
GO:0016192	1	1	1	1	1	1
GO:0016197	1	1	1	0	1	0
GO:0016202	0	0	0	1	1	0
GO:0016209	1	1	1	1	0	0
GO:0016226	1	0	0	0	0	0
GO:0016229	0	0	0	1	0	0
GO:0016233	0	1	0	1	0	0
GO:0016236	1	1	1	1	1	0
GO:0016237	1	1	1	1	1	0
GO:0016239	0	0	1	0	1	0
GO:0016241	0	0	1	1	1	0
GO:0016246	1	0	0	0	0	0
GO:0016247	0	0	0	1	1	0
GO:0016248	0	0	0	1	0	0
GO:0016273	0	0	0	0	1	0
GO:0016274	0	0	0	0	1	0
GO:0016278	1	0	1	1	1	0
GO:0016279	1	0	1	1	1	0
GO:0016289	1	0	1	0	0	0
GO:0016298	1	0	0	0	1	0
GO:0016300	0	0	1	0	0	0
GO:0016301	1	1	1	1	1	0
GO:0016310	1	1	1	1	1	0
GO:0016311	1	1	1	1	1	0
GO:0016314	0	1	0	0	0	0
GO:0016320	0	0	0	0	0	1
GO:0016324	0	0	0	0	1	0
GO:0016327	0	0	0	0	1	0
GO:0016331	0	0	0	0	1	0
GO:0016332	0	0	0	0	1	0
GO:0016333	0	0	0	0	1	0
GO:0016334	0	0	0	0	1	0
GO:0016363	0	0	0	0	1	0
GO:0016405	1	0	0	0	0	0
GO:0016407	1	0	1	1	1	0
GO:0016408	0	0	0	1	1	0
GO:0016410	1	1	1	1	0	0
GO:0016411	0	0	0	1	0	0
GO:0016422	0	0	0	0	1	0
GO:0016423	1	0	0	0	0	0
GO:0016427	1	0	0	1	0	0
GO:0016428	0	0	0	1	0	0
GO:0016435	0	0	0	0	1	0
GO:0016436	0	0	0	0	1	0
GO:0016441	1	0	0	0	1	0
GO:0016442	1	0	0	0	0	0
GO:0016444	0	0	1	1	1	0
GO:0016445	0	0	0	1	0	0
GO:0016446	0	0	0	1	0	0
GO:0016447	0	0	0	1	0	0
GO:0016453	0	0	0	0	1	0
GO:0016458	1	1	1	1	1	1
GO:0016459	0	0	0	0	1	0
GO:0016461	0	0	0	0	1	0
GO:0016462	1	1	1	1	1	1
GO:0016469	1	0	0	0	1	0
GO:0016471	1	0	0	0	0	0
GO:0016477	1	0	1	0	1	0
GO:0016482	1	1	1	0	1	0
GO:0016485	1	0	1	1	1	0
GO:0016491	1	1	1	1	1	0
GO:0016504	0	0	1	0	0	0
GO:0016514	1	0	0	0	0	0
GO:0016525	1	0	0	0	0	0
GO:0016545	1	0	0	0	0	0
GO:0016553	1	0	0	0	0	0
GO:0016556	0	0	0	0	1	0
GO:0016558	0	0	0	1	0	0
GO:0016567	1	1	1	1	1	1
GO:0016569	1	1	1	1	1	1
GO:0016570	1	1	1	1	1	1
GO:0016571	1	0	1	1	1	0
GO:0016572	0	0	0	1	1	0
GO:0016573	1	1	1	1	1	0
GO:0016574	0	1	0	0	0	0
GO:0016575	1	1	1	0	1	0
GO:0016577	1	0	1	0	1	0
GO:0016579	1	0	1	1	1	0
GO:0016584	1	0	1	1	0	0
GO:0016586	1	0	0	0	0	0
GO:0016591	0	0	1	0	1	0
GO:0016592	1	0	0	0	1	0
GO:0016604	1	1	1	0	1	0
GO:0016605	1	0	1	0	1	0
GO:0016607	1	0	1	0	1	0
GO:0016614	1	0	1	1	1	0
GO:0016616	1	0	1	1	1	0
GO:0016620	0	0	0	1	0	0
GO:0016624	1	0	0	0	0	0
GO:0016627	1	0	0	1	1	0
GO:0016628	1	0	0	1	0	0
GO:0016631	1	0	0	0	0	0
GO:0016635	0	0	0	0	1	0
GO:0016638	1	0	0	0	0	0
GO:0016641	1	0	0	0	0	0
GO:0016645	1	0	1	0	0	0
GO:0016646	1	0	0	0	0	0
GO:0016647	0	0	1	0	0	0
GO:0016651	1	1	1	1	0	0
GO:0016655	1	0	0	0	0	0
GO:0016667	1	1	1	1	0	0
GO:0016668	1	1	1	1	0	0
GO:0016671	1	1	1	1	0	0
GO:0016675	0	0	0	0	1	0
GO:0016676	0	0	0	0	1	0
GO:0016679	0	1	0	0	0	0
GO:0016682	0	1	0	0	0	0
GO:0016684	1	1	1	0	0	0
GO:0016701	1	0	1	0	0	0
GO:0016702	1	0	1	0	0	0
GO:0016705	0	0	1	0	1	0
GO:0016709	0	0	1	0	1	0
GO:0016721	0	0	1	0	0	0
GO:0016722	0	1	0	0	0	0
GO:0016724	0	1	0	0	0	0
GO:0016740	1	1	1	1	1	1
GO:0016741	1	0	1	1	1	0
GO:0016746	1	1	1	1	1	0
GO:0016747	1	1	1	1	1	0
GO:0016757	1	1	1	1	1	1
GO:0016758	1	1	1	1	1	1
GO:0016763	1	0	0	0	0	0
GO:0016765	1	1	1	1	0	0
GO:0016769	0	0	0	1	0	0
GO:0016772	1	1	1	1	1	0
GO:0016773	1	1	1	1	1	0
GO:0016774	0	1	0	0	0	0
GO:0016776	0	0	0	0	1	0
GO:0016779	1	0	1	1	1	0
GO:0016780	1	1	0	0	0	0
GO:0016782	1	1	1	1	0	0
GO:0016783	1	1	0	1	0	0
GO:0016787	1	1	1	1	1	1
GO:0016788	1	1	1	1	1	0
GO:0016790	1	0	1	1	0	0
GO:0016791	1	1	1	1	1	0
GO:0016796	0	1	0	1	0	0
GO:0016798	1	1	1	1	1	1
GO:0016799	1	0	0	1	0	0
GO:0016801	1	0	0	0	0	0
GO:0016803	1	0	0	0	0	0
GO:0016810	1	0	1	1	1	0
GO:0016811	1	0	1	1	1	0
GO:0016813	1	0	0	0	0	0
GO:0016814	1	0	0	0	0	0
GO:0016817	1	1	1	1	1	1
GO:0016818	1	1	1	1	1	1
GO:0016822	1	0	0	0	0	0
GO:0016823	1	0	0	0	0	0
GO:0016829	1	0	1	1	1	1
GO:0016830	1	0	1	1	0	1
GO:0016831	1	0	0	1	0	1
GO:0016832	0	0	1	0	0	0
GO:0016833	1	0	0	0	0	0
GO:0016835	1	0	1	0	0	0
GO:0016836	1	0	0	0	0	0
GO:0016837	0	0	1	0	0	0
GO:0016840	0	0	0	0	1	0
GO:0016841	0	0	0	0	1	0
GO:0016849	1	0	0	0	0	0
GO:0016853	1	1	1	1	0	0
GO:0016859	1	1	1	0	0	0
GO:0016860	1	0	1	1	0	0
GO:0016861	0	0	1	0	0	0
GO:0016863	1	0	0	1	0	0
GO:0016866	1	1	0	0	0	0
GO:0016868	0	1	0	0	0	0
GO:0016874	1	1	1	1	1	0
GO:0016875	0	0	1	1	0	0
GO:0016877	1	0	0	1	1	0
GO:0016878	1	0	0	0	0	0
GO:0016879	1	1	0	0	0	0
GO:0016881	1	0	0	0	0	0
GO:0016886	1	0	0	0	0	0
GO:0016887	1	1	1	1	1	1
GO:0016888	0	1	0	1	0	0
GO:0016891	1	1	0	0	0	0
GO:0016892	1	0	0	1	0	0
GO:0016893	1	1	0	1	0	0
GO:0016894	1	0	0	1	0	0
GO:0016895	0	1	0	1	0	0
GO:0016903	1	0	0	1	0	0
GO:0016906	0	0	1	0	0	0
GO:0016918	0	0	1	0	0	0
GO:0016925	1	0	0	0	1	0
GO:0016973	1	0	0	0	1	0
GO:0016985	1	0	1	0	0	0
GO:0016998	1	0	1	0	0	0
GO:0016999	1	1	1	1	1	0
GO:0017000	1	1	1	1	0	0
GO:0017001	1	1	1	0	0	0
GO:0017004	0	0	0	0	0	1
GO:0017016	1	0	0	1	1	0
GO:0017022	1	0	0	0	1	0
GO:0017025	0	0	1	0	1	0
GO:0017038	1	1	1	1	1	0
GO:0017048	0	0	0	1	1	0
GO:0017055	0	0	1	0	0	0
GO:0017056	1	0	0	0	0	0
GO:0017057	1	0	0	0	0	0
GO:0017062	0	0	0	0	0	1
GO:0017069	0	0	1	0	1	0
GO:0017070	0	0	0	0	1	0
GO:0017076	1	1	1	1	1	1
GO:0017085	1	0	1	0	1	0
GO:0017087	0	0	0	0	1	0
GO:0017091	1	0	0	0	0	0
GO:0017108	0	1	0	1	0	0
GO:0017109	1	0	0	0	0	0
GO:0017111	1	1	1	1	1	1
GO:0017112	0	0	0	1	0	0
GO:0017116	0	1	0	0	0	0
GO:0017117	1	0	0	0	0	0
GO:0017124	0	0	0	0	1	0
GO:0017136	1	0	1	0	1	0
GO:0017137	1	0	0	1	0	0
GO:0017144	1	1	1	1	1	0
GO:0017145	0	0	0	0	1	0
GO:0017148	1	0	0	1	1	0
GO:0017150	1	0	0	0	0	0
GO:0017151	1	0	0	0	0	0
GO:0017157	0	0	0	0	1	0
GO:0017171	1	0	1	1	0	0
GO:0017196	0	0	1	1	0	0
GO:0018008	1	1	0	0	0	0
GO:0018013	1	0	0	0	0	0
GO:0018022	1	0	1	1	1	0
GO:0018024	1	0	1	1	1	0
GO:0018027	1	0	0	0	0	0
GO:0018105	1	1	1	1	1	0
GO:0018108	1	0	1	0	0	0
GO:0018130	1	1	1	1	1	0
GO:0018166	1	0	0	0	0	0
GO:0018193	1	1	1	1	1	0
GO:0018195	0	0	0	0	1	0
GO:0018196	1	0	0	0	0	0
GO:0018201	1	1	0	0	0	0
GO:0018205	1	1	1	1	1	0
GO:0018206	0	0	1	1	0	0
GO:0018208	1	1	1	0	0	0
GO:0018209	1	1	1	1	1	0
GO:0018212	1	0	1	0	0	0
GO:0018216	0	0	0	0	1	0
GO:0018279	1	0	0	0	0	0
GO:0018322	1	0	0	0	0	0
GO:0018342	1	0	1	0	0	0
GO:0018344	1	0	1	0	0	0
GO:0018377	1	1	0	0	0	0
GO:0018393	1	1	1	1	1	0
GO:0018394	1	1	1	1	1	0
GO:0018410	1	0	1	1	0	0
GO:0018741	0	1	0	0	0	0
GO:0018879	0	0	0	1	0	0
GO:0018894	0	0	0	1	0	0
GO:0018904	1	0	0	0	1	0
GO:0018909	0	1	0	0	0	0
GO:0018958	0	1	0	1	1	0
GO:0018963	0	0	0	1	0	0
GO:0019001	1	1	1	1	1	1
GO:0019003	0	0	0	0	1	0
GO:0019005	1	0	0	0	1	1
GO:0019098	1	0	0	0	0	0
GO:0019103	0	0	0	0	1	0
GO:0019107	1	1	0	0	0	0
GO:0019184	1	1	0	0	0	0
GO:0019202	0	1	0	0	0	0
GO:0019205	0	0	0	0	1	0
GO:0019207	1	0	1	0	0	0
GO:0019209	1	0	1	0	0	0
GO:0019213	1	0	1	0	1	0
GO:0019216	1	1	1	1	1	0
GO:0019217	0	0	0	0	1	0
GO:0019218	1	0	1	0	0	0
GO:0019219	1	1	1	1	1	1
GO:0019220	1	1	1	1	1	1
GO:0019221	0	1	1	0	0	0
GO:0019222	1	1	1	1	1	1
GO:0019233	1	0	0	0	0	0
GO:0019236	1	0	1	1	1	0
GO:0019237	0	0	1	1	0	1
GO:0019239	1	0	0	0	0	0
GO:0019243	0	0	0	1	0	0
GO:0019276	0	1	0	0	0	0
GO:0019290	1	1	0	0	0	0
GO:0019309	1	0	0	0	0	0
GO:0019318	1	1	1	0	1	0
GO:0019319	0	1	1	0	0	0
GO:0019320	1	1	1	0	0	0
GO:0019321	1	0	1	0	0	0
GO:0019354	1	0	0	0	1	0
GO:0019357	0	0	0	1	0	0
GO:0019358	0	0	0	1	0	0
GO:0019359	1	1	1	1	0	0
GO:0019362	1	1	1	1	0	0
GO:0019363	1	1	1	1	0	0
GO:0019365	0	0	0	1	0	0
GO:0019369	1	0	0	0	0	0
GO:0019373	1	0	0	0	0	0
GO:0019377	1	0	1	1	0	0
GO:0019379	1	1	0	0	0	0
GO:0019395	1	0	0	1	1	0
GO:0019400	0	1	0	0	0	0
GO:0019405	0	1	0	0	0	0
GO:0019419	1	1	0	0	0	0
GO:0019430	1	0	1	0	0	0
GO:0019438	1	1	1	1	1	0
GO:0019439	1	1	1	1	1	0
GO:0019538	1	1	1	1	1	1
GO:0019539	1	1	0	0	0	0
GO:0019541	1	0	1	0	0	0
GO:0019543	1	0	0	0	0	0
GO:0019563	0	1	0	0	0	0
GO:0019566	1	0	0	0	0	0
GO:0019626	1	0	0	0	0	0
GO:0019627	1	0	0	1	0	0
GO:0019629	1	0	0	0	0	0
GO:0019637	1	1	1	1	1	0
GO:0019646	0	0	0	0	1	0
GO:0019674	1	1	1	1	0	0
GO:0019679	1	0	1	0	0	0
GO:0019682	1	0	1	0	0	0
GO:0019693	1	1	1	1	1	0
GO:0019722	0	0	0	1	1	0
GO:0019724	0	0	0	1	0	0
GO:0019725	1	1	1	1	1	0
GO:0019740	1	0	1	0	0	0
GO:0019747	0	1	1	0	0	0
GO:0019748	1	1	1	1	1	1
GO:0019751	0	1	1	0	1	0
GO:0019752	1	1	1	1	1	1
GO:0019755	0	0	0	1	0	0
GO:0019773	1	0	0	0	0	0
GO:0019777	0	0	0	0	1	0
GO:0019778	0	0	0	1	0	0
GO:0019779	0	0	0	1	0	0
GO:0019783	0	0	0	1	1	0
GO:0019787	1	1	1	1	1	0
GO:0019789	1	0	0	0	1	0
GO:0019827	1	1	0	0	0	0
GO:0019829	1	0	0	0	1	0
GO:0019840	0	0	1	0	0	0
GO:0019842	0	0	1	0	0	0
GO:0019843	1	0	1	0	1	0
GO:0019855	0	0	0	1	0	0
GO:0019856	0	0	0	0	1	0
GO:0019863	0	0	1	0	0	0
GO:0019865	0	0	1	0	0	0
GO:0019866	1	1	1	1	1	1
GO:0019867	1	0	1	1	1	0
GO:0019882	0	0	1	0	0	0
GO:0019884	0	0	1	0	0	0
GO:0019887	1	0	1	0	0	0
GO:0019897	1	0	0	0	0	0
GO:0019898	1	0	1	1	1	0
GO:0019899	1	1	1	1	1	0
GO:0019900	1	1	1	1	1	0
GO:0019901	1	1	1	1	1	0
GO:0019902	1	0	1	0	1	0
GO:0019903	1	0	1	0	1	0
GO:0019904	0	1	1	0	1	0
GO:0019932	1	0	0	1	1	0
GO:0019933	1	0	0	0	1	0
GO:0019935	1	0	0	0	1	0
GO:0019941	1	1	1	1	1	1
GO:0019948	0	0	0	0	1	0
GO:0019953	1	1	1	1	1	0
GO:0019954	1	1	1	0	1	0
GO:0019955	0	0	1	0	0	0
GO:0019956	0	0	1	0	0	0
GO:0019958	0	0	1	0	0	0
GO:0019985	0	0	1	0	1	0
GO:0019992	0	0	0	1	0	0
GO:0020012	0	0	1	0	1	0
GO:0020028	0	1	0	0	0	0
GO:0020037	1	1	1	0	0	0
GO:0021510	0	0	0	1	0	0
GO:0021535	0	0	0	0	1	0
GO:0021536	0	0	0	1	1	0
GO:0021537	0	0	0	1	1	0
GO:0021542	0	0	0	0	1	0
GO:0021543	0	0	0	1	1	0
GO:0021550	0	0	0	0	1	0
GO:0021591	0	0	0	0	1	0
GO:0021700	1	0	0	0	1	0
GO:0021744	0	0	0	0	1	0
GO:0021761	0	0	0	1	1	0
GO:0021766	0	0	0	1	1	0
GO:0021794	0	0	0	1	0	0
GO:0021854	0	0	0	1	1	0
GO:0021861	0	0	0	0	1	0
GO:0021872	0	0	0	0	1	0
GO:0021873	0	0	0	0	1	0
GO:0021879	0	0	0	0	1	0
GO:0021915	0	0	0	0	1	0
GO:0021932	0	0	0	0	1	0
GO:0021943	0	0	0	0	1	0
GO:0021953	0	0	0	0	1	0
GO:0021983	0	0	0	1	0	0
GO:0021987	0	0	0	1	0	0
GO:0022008	1	0	1	0	1	0
GO:0022402	1	1	1	1	1	1
GO:0022406	1	1	1	1	0	0
GO:0022407	0	0	1	0	1	0
GO:0022408	0	0	1	0	1	0
GO:0022409	0	0	1	0	1	0
GO:0022410	0	0	0	1	0	0
GO:0022411	1	1	1	1	1	1
GO:0022412	1	0	1	1	1	0
GO:0022413	1	1	1	1	1	1
GO:0022414	1	1	1	1	1	1
GO:0022603	1	1	1	1	1	0
GO:0022604	1	1	1	0	1	0
GO:0022607	1	1	1	1	1	1
GO:0022610	1	1	1	0	1	0
GO:0022612	1	0	0	0	0	0
GO:0022613	1	1	1	1	1	0
GO:0022616	1	1	0	1	1	0
GO:0022618	1	0	1	1	1	0
GO:0022624	1	0	0	0	1	0
GO:0022625	1	1	0	0	0	0
GO:0022626	1	1	0	1	1	0
GO:0022627	1	0	0	1	0	0
GO:0022803	1	0	1	1	0	0
GO:0022804	1	1	1	1	1	0
GO:0022836	0	0	1	0	0	0
GO:0022838	1	0	1	1	0	0
GO:0022839	0	0	1	0	0	0
GO:0022853	1	0	0	0	1	0
GO:0022857	1	1	1	1	1	1
GO:0022884	0	0	0	1	0	1
GO:0022890	1	0	1	1	1	0
GO:0022900	1	0	0	1	1	0
GO:0022904	1	0	0	1	1	0
GO:0023014	1	1	1	1	1	0
GO:0023051	1	1	1	1	1	0
GO:0023052	1	1	1	1	1	0
GO:0023056	1	0	1	1	1	0
GO:0023057	1	1	1	1	1	0
GO:0023058	1	0	1	0	1	0
GO:0030001	1	1	1	1	1	1
GO:0030002	0	0	0	0	1	0
GO:0030003	1	1	1	1	1	0
GO:0030004	1	0	0	0	0	0
GO:0030008	1	1	1	0	1	0
GO:0030010	1	1	0	0	1	0
GO:0030011	1	0	0	0	1	0
GO:0030014	1	0	0	0	0	0
GO:0030015	1	0	0	0	0	0
GO:0030026	0	0	0	0	1	0
GO:0030029	1	1	1	1	1	1
GO:0030030	0	0	1	0	1	0
GO:0030031	0	0	0	0	1	0
GO:0030036	1	1	1	1	1	1
GO:0030046	0	0	0	0	1	0
GO:0030054	1	0	0	1	1	0
GO:0030062	0	0	1	0	0	0
GO:0030071	1	0	1	1	1	0
GO:0030097	1	1	1	1	1	0
GO:0030098	0	0	1	1	1	0
GO:0030099	1	1	1	0	1	0
GO:0030100	1	0	1	0	1	0
GO:0030111	0	0	0	0	1	0
GO:0030117	0	0	0	0	1	0
GO:0030118	0	0	0	0	1	0
GO:0030120	0	0	0	0	1	0
GO:0030125	0	0	0	0	1	0
GO:0030135	0	0	0	0	1	0
GO:0030136	0	0	0	0	1	0
GO:0030141	0	0	1	0	0	0
GO:0030145	1	1	1	0	0	0
GO:0030149	1	0	1	1	0	0
GO:0030150	0	0	1	1	1	0
GO:0030154	1	1	1	1	1	1
GO:0030155	0	0	1	0	1	0
GO:0030162	1	0	1	0	1	0
GO:0030163	1	1	1	1	1	1
GO:0030174	1	0	1	0	1	0
GO:0030176	1	0	1	0	1	0
GO:0030178	0	0	0	0	1	0
GO:0030182	1	0	1	0	1	0
GO:0030183	0	0	0	1	0	0
GO:0030203	0	0	1	0	0	0
GO:0030217	0	0	1	0	1	0
GO:0030218	1	1	1	0	0	0
GO:0030223	0	0	0	0	1	0
GO:0030234	1	1	1	1	1	0
GO:0030242	1	0	1	0	0	0
GO:0030246	1	0	1	0	0	0
GO:0030247	0	0	1	0	0	0
GO:0030258	1	1	1	1	1	0
GO:0030261	0	0	1	0	0	0
GO:0030262	0	0	1	0	0	0
GO:0030263	0	0	1	0	0	0
GO:0030276	0	0	0	0	1	0
GO:0030283	0	0	0	1	0	0
GO:0030284	0	0	0	0	1	0
GO:0030287	0	0	0	0	0	1
GO:0030295	1	0	1	0	0	0
GO:0030307	0	0	1	0	1	0
GO:0030308	0	0	0	1	1	0
GO:0030312	1	1	1	0	1	1
GO:0030320	0	0	0	0	1	0
GO:0030323	0	0	1	0	0	0
GO:0030324	0	0	1	0	0	0
GO:0030326	0	0	0	0	1	0
GO:0030331	0	1	0	0	1	0
GO:0030334	1	0	1	0	1	0
GO:0030335	1	0	1	0	1	0
GO:0030336	0	0	1	0	0	0
GO:0030366	1	1	0	0	0	0
GO:0030371	0	0	0	1	0	0
GO:0030374	0	1	0	0	0	0
GO:0030414	0	0	1	0	1	0
GO:0030422	1	0	0	0	0	0
GO:0030423	1	0	0	0	0	0
GO:0030424	0	0	0	0	1	0
GO:0030425	1	0	0	0	1	0
GO:0030427	1	1	1	1	1	0
GO:0030428	0	0	1	0	1	0
GO:0030431	0	0	0	1	0	0
GO:0030433	1	0	1	0	1	0
GO:0030435	1	1	1	1	1	0
GO:0030436	1	1	1	0	1	0
GO:0030437	1	1	1	1	1	0
GO:0030445	1	1	1	0	0	0
GO:0030446	0	1	1	0	0	0
GO:0030447	1	1	1	1	1	1
GO:0030448	0	0	1	0	1	0
GO:0030466	1	1	1	1	0	1
GO:0030473	1	0	0	0	0	0
GO:0030476	1	1	1	0	1	0
GO:0030479	1	0	1	0	1	1
GO:0030488	1	0	1	1	0	0
GO:0030490	1	1	1	1	0	0
GO:0030491	0	0	0	0	1	0
GO:0030509	0	0	0	0	1	0
GO:0030515	1	0	0	0	1	0
GO:0030532	1	0	1	0	1	0
GO:0030536	1	0	0	0	0	0
GO:0030537	1	0	0	0	0	0
GO:0030539	0	0	0	1	0	0
GO:0030540	0	0	0	1	0	0
GO:0030544	1	0	1	0	1	0
GO:0030545	0	0	1	0	0	0
GO:0030554	1	1	1	1	1	0
GO:0030582	1	1	1	0	0	0
GO:0030584	1	1	1	0	0	0
GO:0030595	0	0	1	0	0	0
GO:0030619	0	0	0	0	1	0
GO:0030620	0	0	0	0	1	0
GO:0030623	0	0	0	0	1	0
GO:0030627	0	0	0	0	1	0
GO:0030629	0	0	0	0	1	0
GO:0030641	1	0	0	0	0	0
GO:0030643	0	0	0	0	1	0
GO:0030653	1	0	1	1	0	0
GO:0030654	1	0	1	1	0	0
GO:0030656	0	0	1	0	0	1
GO:0030659	0	1	1	0	1	0
GO:0030662	0	0	0	0	1	0
GO:0030665	0	0	0	0	1	0
GO:0030667	0	0	1	0	0	0
GO:0030674	1	0	0	1	1	1
GO:0030677	1	0	0	0	0	0
GO:0030681	1	0	0	0	0	0
GO:0030682	0	0	1	0	1	0
GO:0030684	1	1	1	1	1	0
GO:0030686	1	1	1	1	0	0
GO:0030687	1	1	1	1	1	0
GO:0030695	1	0	0	1	1	0
GO:0030702	1	1	1	1	1	1
GO:0030705	1	0	0	0	1	0
GO:0030706	1	0	0	0	1	0
GO:0030707	1	0	0	0	0	0
GO:0030716	1	0	0	0	1	0
GO:0030717	1	0	0	0	0	0
GO:0030718	1	0	0	0	0	0
GO:0030727	1	0	0	0	0	0
GO:0030832	0	0	0	0	1	1
GO:0030833	0	0	0	0	1	1
GO:0030834	0	0	0	0	1	0
GO:0030835	0	0	0	0	1	0
GO:0030837	0	0	0	0	1	0
GO:0030838	0	0	0	0	1	1
GO:0030847	1	0	0	0	0	0
GO:0030851	0	0	0	0	1	0
GO:0030852	0	0	0	0	1	0
GO:0030854	0	0	0	0	1	0
GO:0030855	1	0	0	0	1	0
GO:0030856	0	0	0	0	1	0
GO:0030859	0	0	0	0	1	0
GO:0030860	0	0	0	0	1	0
GO:0030863	1	0	1	1	1	1
GO:0030864	1	0	1	1	1	1
GO:0030865	1	1	0	1	1	1
GO:0030866	1	1	0	1	1	1
GO:0030867	1	1	0	0	0	0
GO:0030879	0	0	0	0	1	0
GO:0030880	1	0	1	1	1	0
GO:0030892	0	0	1	0	0	0
GO:0030894	1	1	0	0	1	0
GO:0030896	1	0	0	0	0	0
GO:0030897	1	0	1	0	0	0
GO:0030898	0	0	0	0	1	0
GO:0030900	0	0	0	1	1	0
GO:0030902	0	0	0	0	1	0
GO:0030904	0	0	0	0	1	0
GO:0030905	0	0	0	0	1	0
GO:0030907	0	0	1	0	0	0
GO:0030943	0	0	0	1	0	0
GO:0030950	0	1	0	0	0	0
GO:0030952	0	1	0	0	0	0
GO:0030953	0	0	0	0	1	0
GO:0030958	1	0	0	0	0	0
GO:0030964	1	0	0	0	0	0
GO:0030968	1	1	1	0	0	0
GO:0030970	0	0	1	0	0	0
GO:0030978	0	0	1	0	0	0
GO:0030979	0	0	1	0	0	0
GO:0030983	0	0	0	1	0	0
GO:0030994	0	0	1	1	0	0
GO:0030995	0	1	0	0	0	0
GO:0031000	0	0	0	0	1	0
GO:0031010	1	0	0	0	0	0
GO:0031011	1	0	0	0	1	0
GO:0031012	0	1	0	0	0	0
GO:0031021	0	0	1	0	0	0
GO:0031023	1	0	1	0	1	0
GO:0031024	0	0	1	0	0	0
GO:0031025	0	0	1	0	0	0
GO:0031028	0	1	1	1	0	0
GO:0031029	0	1	1	0	0	0
GO:0031030	0	1	1	0	0	0
GO:0031032	1	1	0	1	0	0
GO:0031047	1	0	0	1	1	0
GO:0031048	1	0	0	1	0	0
GO:0031050	1	0	0	0	1	0
GO:0031053	1	0	0	0	0	0
GO:0031054	1	0	0	0	1	0
GO:0031055	1	1	0	0	1	0
GO:0031056	1	1	1	0	0	0
GO:0031058	0	0	1	0	0	0
GO:0031060	1	0	0	0	0	0
GO:0031063	0	0	1	0	0	0
GO:0031065	0	0	1	0	0	0
GO:0031070	1	0	0	0	0	0
GO:0031072	1	0	1	0	1	0
GO:0031080	1	0	0	0	0	0
GO:0031081	1	0	0	0	0	0
GO:0031086	0	0	0	1	0	0
GO:0031087	0	0	0	1	0	0
GO:0031090	1	1	1	1	1	1
GO:0031097	1	0	1	1	1	0
GO:0031098	0	1	0	1	0	0
GO:0031099	0	0	1	0	1	0
GO:0031100	0	0	1	0	1	0
GO:0031106	1	0	0	0	1	0
GO:0031109	0	0	0	0	1	0
GO:0031118	1	0	0	0	1	0
GO:0031119	1	0	0	0	0	0
GO:0031120	1	0	0	0	0	0
GO:0031121	0	0	1	0	0	0
GO:0031122	0	0	0	0	1	0
GO:0031123	1	0	1	1	0	0
GO:0031124	1	0	1	0	0	0
GO:0031125	1	0	0	0	0	0
GO:0031126	1	0	0	1	0	0
GO:0031135	0	0	1	0	0	0
GO:0031136	1	0	1	1	1	0
GO:0031137	1	0	1	1	1	0
GO:0031138	0	0	1	0	0	0
GO:0031139	1	0	1	1	1	0
GO:0031145	0	0	1	0	1	0
GO:0031146	1	0	0	1	0	1
GO:0031151	0	0	0	0	1	0
GO:0031160	1	0	1	0	1	1
GO:0031163	1	0	0	0	0	0
GO:0031166	0	0	1	0	1	0
GO:0031167	0	0	0	0	1	0
GO:0031168	1	1	0	0	0	0
GO:0031169	1	1	0	0	0	0
GO:0031170	1	0	0	0	0	0
GO:0031171	1	0	0	0	0	0
GO:0031175	0	0	1	0	1	0
GO:0031176	1	0	0	0	0	0
GO:0031201	1	0	0	0	0	0
GO:0031210	1	0	0	0	1	0
GO:0031218	1	0	0	0	0	0
GO:0031224	1	1	1	1	1	1
GO:0031225	1	1	1	0	1	0
GO:0031226	1	1	1	1	1	0
GO:0031227	1	0	1	0	1	0
GO:0031229	0	0	0	1	0	0
GO:0031231	0	0	0	0	1	0
GO:0031233	1	1	1	0	1	0
GO:0031234	1	0	0	0	0	0
GO:0031235	0	0	0	0	1	0
GO:0031248	1	1	1	0	1	0
GO:0031251	0	0	0	1	0	0
GO:0031252	0	0	0	0	1	0
GO:0031253	0	0	0	0	1	0
GO:0031256	0	0	0	0	1	0
GO:0031261	1	0	0	0	1	0
GO:0031267	1	0	0	1	1	0
GO:0031279	0	0	0	0	1	0
GO:0031281	0	0	0	0	1	0
GO:0031297	0	1	0	1	1	0
GO:0031300	1	0	1	1	1	0
GO:0031301	1	0	1	1	1	0
GO:0031304	1	0	0	1	1	0
GO:0031305	1	0	0	1	1	0
GO:0031306	0	0	1	1	1	0
GO:0031307	0	0	1	1	1	0
GO:0031310	0	0	1	0	1	0
GO:0031312	0	0	1	1	1	0
GO:0031314	0	0	1	0	1	0
GO:0031321	1	0	1	0	1	0
GO:0031322	1	0	0	0	1	0
GO:0031323	1	1	1	1	1	1
GO:0031324	1	1	1	1	1	1
GO:0031325	1	1	1	1	1	1
GO:0031326	1	1	1	1	1	1
GO:0031327	1	1	1	1	1	1
GO:0031328	1	1	1	1	1	1
GO:0031329	1	1	1	1	1	1
GO:0031330	1	0	0	0	1	0
GO:0031331	1	0	1	1	1	0
GO:0031332	1	0	0	0	0	0
GO:0031333	1	0	1	0	1	0
GO:0031334	1	0	0	0	1	1
GO:0031335	0	0	1	0	0	0
GO:0031338	1	0	1	1	0	0
GO:0031340	1	0	0	0	0	0
GO:0031344	0	0	1	0	1	0
GO:0031346	0	0	1	0	1	0
GO:0031347	1	0	1	0	1	0
GO:0031348	1	0	0	0	0	0
GO:0031349	0	0	1	0	0	0
GO:0031362	1	1	1	0	1	0
GO:0031365	1	1	1	1	0	0
GO:0031379	1	0	0	1	0	0
GO:0031380	1	0	0	1	0	0
GO:0031383	0	0	0	0	1	0
GO:0031385	0	0	0	0	1	0
GO:0031396	1	1	1	0	1	0
GO:0031397	1	0	1	0	1	0
GO:0031399	1	1	1	1	1	0
GO:0031400	1	0	1	1	1	0
GO:0031401	1	1	1	1	1	0
GO:0031407	1	0	1	0	0	0
GO:0031408	1	0	1	0	0	0
GO:0031410	1	1	1	1	1	0
GO:0031414	0	0	1	0	0	0
GO:0031415	0	0	1	0	0	0
GO:0031428	1	0	0	0	0	0
GO:0031429	1	0	0	0	0	0
GO:0031431	1	0	0	0	0	0
GO:0031435	0	0	1	0	0	0
GO:0031440	1	0	1	0	1	0
GO:0031442	1	0	1	0	1	0
GO:0031445	1	1	1	0	1	0
GO:0031452	1	1	1	0	1	0
GO:0031454	1	1	1	0	0	0
GO:0031460	0	0	0	0	1	0
GO:0031461	1	1	1	1	1	1
GO:0031463	0	0	0	0	1	0
GO:0031465	0	0	0	1	0	0
GO:0031490	1	1	1	0	1	0
GO:0031491	1	1	1	0	1	0
GO:0031492	0	1	1	0	0	0
GO:0031493	1	1	1	0	1	0
GO:0031494	0	0	1	0	0	0
GO:0031496	0	0	1	0	0	0
GO:0031497	1	1	1	1	1	0
GO:0031499	1	0	0	0	0	0
GO:0031501	1	0	0	0	0	0
GO:0031503	1	0	1	1	1	0
GO:0031505	1	1	1	1	1	0
GO:0031507	1	0	1	0	0	0
GO:0031508	1	0	0	0	0	0
GO:0031510	0	0	0	0	1	0
GO:0031518	1	0	0	0	0	0
GO:0031520	0	0	0	0	1	0
GO:0031532	0	0	1	0	1	0
GO:0031536	0	0	0	0	1	0
GO:0031566	0	0	0	1	0	0
GO:0031570	1	0	0	1	1	0
GO:0031572	1	0	0	0	1	0
GO:0031573	1	0	0	1	1	0
GO:0031577	1	0	0	1	1	0
GO:0031578	1	0	0	0	1	0
GO:0031579	0	0	0	0	1	0
GO:0031580	0	0	0	0	1	0
GO:0031584	0	0	0	0	1	0
GO:0031589	1	1	1	0	0	0
GO:0031590	0	0	1	0	0	0
GO:0031591	0	0	1	0	0	0
GO:0031593	0	0	0	0	1	0
GO:0031595	0	0	0	0	1	0
GO:0031597	1	0	0	0	1	0
GO:0031617	1	0	0	0	0	0
GO:0031618	1	1	1	1	1	0
GO:0031620	1	0	1	0	1	0
GO:0031625	0	0	0	0	1	0
GO:0031627	1	0	1	0	0	0
GO:0031628	1	0	0	0	0	0
GO:0031644	1	0	0	0	1	0
GO:0031646	0	0	0	0	1	0
GO:0031647	1	0	1	0	1	0
GO:0031650	1	0	1	0	1	0
GO:0031667	1	1	1	1	1	1
GO:0031668	1	1	1	1	1	1
GO:0031669	1	1	1	1	1	1
GO:0031670	0	1	1	1	1	0
GO:0031671	0	0	1	0	0	0
GO:0031683	1	0	0	0	0	0
GO:0031690	1	0	0	0	0	0
GO:0031698	1	0	0	0	0	0
GO:0031748	1	0	0	0	0	0
GO:0031852	1	0	0	0	0	0
GO:0031860	0	1	0	1	0	0
GO:0031903	1	0	0	0	1	0
GO:0031907	1	1	1	1	0	0
GO:0031929	1	1	1	0	1	0
GO:0031930	0	0	0	0	1	0
GO:0031932	0	1	0	0	0	0
GO:0031933	1	1	0	1	0	0
GO:0031934	1	1	1	1	1	1
GO:0031935	1	0	1	1	1	0
GO:0031936	1	0	1	0	1	0
GO:0031937	0	0	0	0	1	0
GO:0031938	1	0	1	0	1	0
GO:0031939	1	0	1	0	1	0
GO:0031940	0	0	0	0	1	0
GO:0031941	0	0	0	0	1	0
GO:0031952	0	0	1	0	0	0
GO:0031954	0	0	1	0	0	0
GO:0031956	1	0	0	0	0	0
GO:0031957	1	0	0	0	0	0
GO:0031960	1	1	1	1	0	0
GO:0031965	1	0	1	1	0	0
GO:0031966	1	1	1	1	1	1
GO:0031967	1	1	1	1	1	1
GO:0031968	1	0	1	1	1	0
GO:0031970	1	1	0	1	0	0
GO:0031974	1	1	1	1	1	1
GO:0031975	1	1	1	1	1	1
GO:0031981	1	1	1	1	1	1
GO:0031982	1	1	1	1	1	0
GO:0031983	0	0	1	0	0	0
GO:0031984	1	1	1	1	1	1
GO:0031985	0	0	1	0	1	0
GO:0031990	1	0	0	0	0	0
GO:0031991	0	1	1	1	0	0
GO:0031998	0	0	0	0	1	0
GO:0032000	0	0	0	0	1	0
GO:0032005	1	0	0	0	1	0
GO:0032006	0	0	0	1	0	0
GO:0032007	0	0	0	1	0	0
GO:0032015	0	0	1	0	0	0
GO:0032017	0	0	1	0	0	0
GO:0032024	0	0	0	1	0	0
GO:0032040	1	1	1	0	0	0
GO:0032042	1	1	1	0	0	0
GO:0032048	0	0	0	1	0	0
GO:0032065	0	0	0	0	1	0
GO:0032069	1	0	1	0	0	0
GO:0032070	0	0	1	0	0	0
GO:0032071	0	0	1	0	0	0
GO:0032072	0	0	1	0	0	0
GO:0032074	1	0	0	0	0	0
GO:0032075	0	0	1	0	0	0
GO:0032091	0	0	0	0	1	0
GO:0032092	1	0	1	0	1	0
GO:0032101	1	1	1	1	1	0
GO:0032102	1	1	1	0	1	0
GO:0032103	1	1	1	1	1	0
GO:0032104	1	1	1	1	1	0
GO:0032105	0	1	1	0	1	0
GO:0032106	1	0	1	1	1	0
GO:0032107	1	1	1	1	1	0
GO:0032108	0	1	1	0	1	0
GO:0032109	1	0	1	1	1	0
GO:0032120	0	0	1	0	1	0
GO:0032131	1	0	0	0	0	0
GO:0032132	1	0	0	0	0	0
GO:0032133	0	0	0	1	0	0
GO:0032135	0	0	0	1	0	0
GO:0032137	0	0	0	1	0	0
GO:0032138	0	0	0	1	0	0
GO:0032147	1	1	1	1	1	0
GO:0032148	0	0	0	0	1	0
GO:0032153	1	1	1	1	1	0
GO:0032154	0	0	0	0	1	0
GO:0032155	1	0	1	1	1	0
GO:0032156	1	0	0	0	1	0
GO:0032161	1	0	0	0	1	0
GO:0032176	1	0	0	0	0	0
GO:0032177	1	0	0	0	0	0
GO:0032182	1	0	0	0	1	1
GO:0032185	1	0	0	0	1	0
GO:0032187	0	0	1	0	0	0
GO:0032200	1	1	1	1	1	1
GO:0032204	0	1	0	1	1	0
GO:0032205	0	1	0	1	0	0
GO:0032206	0	0	0	0	1	0
GO:0032210	0	1	0	1	1	0
GO:0032211	0	1	0	1	0	0
GO:0032212	0	0	0	0	1	0
GO:0032221	1	0	1	0	0	0
GO:0032231	1	0	0	0	0	0
GO:0032239	1	0	1	0	0	0
GO:0032241	0	0	1	0	0	0
GO:0032258	1	1	1	1	1	0
GO:0032259	1	0	1	1	1	0
GO:0032266	0	0	0	0	1	0
GO:0032267	1	0	0	0	0	0
GO:0032268	1	1	1	1	1	0
GO:0032269	1	0	1	1	1	0
GO:0032270	1	1	1	1	1	0
GO:0032271	0	0	0	0	1	1
GO:0032272	0	0	0	0	1	0
GO:0032273	0	0	0	0	1	1
GO:0032296	1	0	0	0	0	0
GO:0032298	0	0	0	0	1	0
GO:0032299	1	0	0	0	0	0
GO:0032300	0	0	0	1	0	0
GO:0032301	0	0	0	1	0	0
GO:0032302	0	0	0	1	0	0
GO:0032324	1	1	0	0	0	0
GO:0032354	0	0	0	1	0	0
GO:0032355	1	0	1	1	1	0
GO:0032365	1	1	0	0	0	0
GO:0032366	0	1	0	0	0	0
GO:0032368	0	0	1	0	1	0
GO:0032370	0	0	1	0	0	0
GO:0032371	0	0	1	0	0	0
GO:0032373	0	0	1	0	0	0
GO:0032386	1	0	1	1	1	0
GO:0032388	0	0	1	1	0	0
GO:0032392	1	1	1	1	1	0
GO:0032420	0	0	0	0	1	0
GO:0032421	0	0	0	0	1	0
GO:0032423	0	0	1	0	0	0
GO:0032425	0	0	1	0	0	0
GO:0032426	0	0	0	0	1	0
GO:0032432	1	0	0	0	1	0
GO:0032436	1	0	1	0	1	0
GO:0032440	1	0	0	0	0	0
GO:0032443	0	0	1	0	0	0
GO:0032445	0	0	0	0	1	0
GO:0032446	1	1	1	1	1	1
GO:0032450	1	0	0	0	0	0
GO:0032451	0	0	1	0	0	0
GO:0032452	0	0	1	0	0	0
GO:0032454	0	0	1	0	0	0
GO:0032456	1	1	0	0	0	0
GO:0032465	0	1	1	1	1	0
GO:0032466	0	1	1	0	0	0
GO:0032467	0	1	1	1	0	0
GO:0032479	0	0	1	0	0	0
GO:0032481	0	0	1	0	0	0
GO:0032488	0	0	0	0	1	0
GO:0032496	1	0	1	0	1	0
GO:0032501	1	1	1	1	1	0
GO:0032502	1	1	1	1	1	1
GO:0032504	1	0	1	1	1	0
GO:0032505	1	1	1	1	1	1
GO:0032506	1	1	1	1	0	0
GO:0032507	0	0	0	0	1	0
GO:0032508	1	1	1	1	1	0
GO:0032509	0	0	1	0	1	0
GO:0032511	0	0	1	0	1	0
GO:0032527	0	0	1	0	0	0
GO:0032535	1	1	1	0	1	1
GO:0032541	1	0	0	1	1	1
GO:0032543	1	1	1	1	1	0
GO:0032549	1	1	1	1	1	1
GO:0032550	1	1	1	1	1	1
GO:0032551	0	0	0	0	1	0
GO:0032553	1	1	1	1	1	1
GO:0032555	1	1	1	1	1	1
GO:0032557	0	0	0	0	1	0
GO:0032559	1	1	1	1	1	0
GO:0032561	1	1	1	1	1	1
GO:0032587	0	0	0	0	1	0
GO:0032592	1	0	1	1	1	0
GO:0032594	0	0	0	0	1	0
GO:0032596	0	0	0	0	1	0
GO:0032640	0	0	1	0	0	0
GO:0032642	0	0	1	0	0	0
GO:0032647	0	0	1	0	0	0
GO:0032648	0	0	1	0	0	0
GO:0032649	0	0	1	0	0	0
GO:0032651	0	0	1	0	0	0
GO:0032652	0	0	1	0	0	0
GO:0032653	0	0	1	0	1	0
GO:0032655	0	0	1	0	0	0
GO:0032656	0	0	0	0	1	0
GO:0032673	0	0	0	0	1	0
GO:0032674	0	0	0	0	1	0
GO:0032675	0	0	1	0	0	0
GO:0032677	0	0	1	0	0	0
GO:0032680	1	0	1	0	1	0
GO:0032689	0	0	1	0	0	0
GO:0032696	0	0	0	0	1	0
GO:0032713	0	0	0	0	1	0
GO:0032714	0	0	0	0	1	0
GO:0032720	1	0	1	0	1	0
GO:0032722	0	0	1	0	0	0
GO:0032727	0	0	1	0	0	0
GO:0032728	0	0	1	0	0	0
GO:0032731	0	0	1	0	0	0
GO:0032732	0	0	1	0	0	0
GO:0032733	0	0	1	0	1	0
GO:0032735	0	0	1	0	0	0
GO:0032736	0	0	0	0	1	0
GO:0032753	0	0	0	0	1	0
GO:0032754	0	0	0	0	1	0
GO:0032755	0	0	1	0	0	0
GO:0032757	0	0	1	0	0	0
GO:0032760	0	0	1	0	0	0
GO:0032774	1	1	1	1	1	0
GO:0032780	0	0	1	0	0	0
GO:0032781	1	0	1	0	1	0
GO:0032784	1	1	1	0	1	0
GO:0032786	1	1	1	0	1	0
GO:0032787	1	1	1	1	1	0
GO:0032790	1	0	0	0	0	0
GO:0032807	1	0	0	0	0	0
GO:0032868	0	0	1	1	1	0
GO:0032869	0	0	0	1	1	0
GO:0032870	1	0	1	1	1	0
GO:0032872	1	0	1	1	0	0
GO:0032873	1	0	0	1	0	0
GO:0032874	0	0	1	0	0	0
GO:0032875	0	0	0	0	1	0
GO:0032877	0	0	0	0	1	0
GO:0032878	1	0	1	0	1	0
GO:0032879	1	1	1	1	1	0
GO:0032880	1	1	1	1	1	0
GO:0032881	0	1	1	1	1	0
GO:0032885	0	1	0	1	1	0
GO:0032886	0	0	0	1	1	0
GO:0032889	1	0	1	1	0	0
GO:0032890	0	0	1	1	1	0
GO:0032891	0	0	1	0	1	0
GO:0032892	0	0	0	0	1	0
GO:0032933	1	0	0	0	0	0
GO:0032934	1	0	0	0	0	0
GO:0032940	1	0	1	0	1	0
GO:0032943	0	0	1	0	1	0
GO:0032944	0	0	1	0	0	0
GO:0032946	0	0	1	0	0	0
GO:0032947	1	0	1	0	1	0
GO:0032948	0	1	0	0	0	0
GO:0032949	0	1	0	0	0	0
GO:0032950	0	0	0	1	1	0
GO:0032951	0	0	0	1	1	0
GO:0032952	0	0	0	1	0	0
GO:0032953	0	0	0	1	0	0
GO:0032954	0	1	1	1	1	0
GO:0032955	0	1	1	1	1	0
GO:0032956	1	1	1	1	1	1
GO:0032968	1	1	1	0	1	0
GO:0032970	1	1	1	1	1	1
GO:0032977	0	0	0	0	1	0
GO:0032978	1	0	0	0	1	1
GO:0032979	1	0	0	0	1	1
GO:0032984	1	1	0	0	1	1
GO:0032988	1	0	0	0	0	0
GO:0032989	1	1	1	0	1	0
GO:0032990	0	0	0	0	1	0
GO:0032991	1	1	1	1	1	1
GO:0032993	1	1	1	1	1	0
GO:0032995	0	0	0	1	0	0
GO:0033013	1	0	0	0	1	0
GO:0033014	1	0	0	0	1	0
GO:0033032	0	0	1	0	0	0
GO:0033034	0	0	1	0	0	0
GO:0033036	1	1	1	1	1	1
GO:0033043	1	1	1	1	1	1
GO:0033044	1	1	1	1	1	0
GO:0033045	1	1	1	1	1	0
GO:0033046	1	0	0	1	1	0
GO:0033047	1	1	1	1	1	0
GO:0033048	1	0	0	1	1	0
GO:0033059	0	0	0	0	1	0
GO:0033100	1	1	1	0	0	0
GO:0033108	1	0	0	1	0	1
GO:0033119	0	0	1	0	0	0
GO:0033151	0	0	1	0	1	0
GO:0033153	0	0	0	0	1	0
GO:0033157	1	0	0	1	1	0
GO:0033167	1	0	0	0	0	0
GO:0033168	1	0	0	0	0	0
GO:0033169	1	0	1	0	1	0
GO:0033176	1	0	0	0	0	0
GO:0033177	0	0	0	0	1	0
GO:0033178	1	0	0	0	0	0
GO:0033180	1	0	0	0	0	0
GO:0033182	0	1	0	0	0	0
GO:0033193	1	0	1	0	0	0
GO:0033201	0	0	1	0	0	0
GO:0033202	1	0	0	0	1	0
GO:0033203	1	0	0	0	0	0
GO:0033209	0	1	0	0	0	0
GO:0033212	0	1	0	0	0	0
GO:0033215	0	1	0	0	0	0
GO:0033218	1	1	1	1	0	0
GO:0033227	1	0	0	0	0	0
GO:0033238	1	0	1	1	0	0
GO:0033240	1	0	1	1	0	0
GO:0033244	1	0	0	1	0	0
GO:0033246	1	0	0	1	0	0
GO:0033254	0	0	0	0	1	0
GO:0033260	1	1	0	1	1	0
GO:0033262	0	0	0	0	1	1
GO:0033263	1	0	1	0	0	0
GO:0033267	0	0	0	0	1	0
GO:0033309	1	0	1	0	0	0
GO:0033313	1	0	0	1	1	0
GO:0033314	1	0	0	0	1	0
GO:0033316	0	0	0	1	0	0
GO:0033365	1	1	1	1	1	1
GO:0033489	1	0	0	1	0	0
GO:0033490	1	0	0	1	0	0
GO:0033500	1	0	1	1	1	0
GO:0033539	1	0	0	0	0	0
GO:0033549	1	0	0	1	0	0
GO:0033551	1	0	0	0	0	0
GO:0033553	1	1	1	0	1	0
GO:0033554	1	1	1	1	1	1
GO:0033558	1	0	1	0	1	0
GO:0033559	1	0	1	0	0	0
GO:0033562	1	0	0	0	0	0
GO:0033567	1	1	0	1	0	0
GO:0033573	0	1	0	0	0	0
GO:0033574	1	0	1	1	1	0
GO:0033577	1	0	1	1	0	0
GO:0033613	0	0	1	0	1	0
GO:0033615	1	0	0	0	0	0
GO:0033621	0	1	0	0	0	0
GO:0033673	1	0	0	1	0	0
GO:0033674	1	1	1	1	1	0
GO:0033677	1	0	0	0	0	0
GO:0033680	1	0	0	0	0	0
GO:0033692	1	0	1	0	1	1
GO:0033696	1	1	1	0	0	0
GO:0033750	1	0	1	1	1	0
GO:0033764	0	0	0	1	0	0
GO:0033765	0	0	0	1	0	0
GO:0033865	1	0	1	0	0	0
GO:0033866	1	0	0	0	0	0
GO:0033875	1	0	1	0	0	0
GO:0033946	1	0	1	0	0	0
GO:0033962	0	0	0	1	1	0
GO:0033967	1	0	0	1	0	0
GO:0033979	1	0	0	0	0	0
GO:0033993	1	1	1	1	1	0
GO:0034012	1	0	0	0	0	0
GO:0034030	1	0	0	0	0	0
GO:0034032	1	0	1	0	0	0
GO:0034033	1	0	0	0	0	0
GO:0034061	1	0	1	0	1	0
GO:0034062	1	0	0	0	0	0
GO:0034064	0	0	0	1	0	0
GO:0034067	0	0	0	0	1	0
GO:0034077	0	0	0	0	1	0
GO:0034079	0	0	0	0	1	0
GO:0034080	1	1	0	0	1	0
GO:0034085	0	0	1	0	1	0
GO:0034086	0	0	1	0	0	0
GO:0034087	0	0	1	0	1	0
GO:0034088	0	0	1	0	0	0
GO:0034097	0	1	1	0	1	0
GO:0034099	0	0	1	0	0	0
GO:0034101	1	1	1	0	0	0
GO:0034121	0	0	1	0	0	0
GO:0034123	0	0	1	0	0	0
GO:0034134	0	0	1	0	0	0
GO:0034135	0	0	1	0	0	0
GO:0034137	0	0	1	0	0	0
GO:0034142	0	0	1	0	0	0
GO:0034143	0	0	1	0	0	0
GO:0034145	0	0	1	0	0	0
GO:0034162	0	0	1	0	0	0
GO:0034163	0	0	1	0	0	0
GO:0034165	0	0	1	0	0	0
GO:0034198	0	0	0	1	0	0
GO:0034201	1	0	0	0	0	0
GO:0034204	1	0	0	0	0	0
GO:0034212	1	0	1	1	0	0
GO:0034218	1	0	0	0	0	0
GO:0034219	1	0	1	0	1	1
GO:0034220	1	1	1	1	1	1
GO:0034228	0	0	0	0	1	0
GO:0034229	0	0	0	0	1	0
GO:0034232	1	0	0	0	0	0
GO:0034243	1	1	1	0	1	0
GO:0034248	1	1	1	1	1	0
GO:0034249	1	0	0	1	1	0
GO:0034250	1	0	0	1	1	0
GO:0034284	1	0	1	0	1	0
GO:0034287	1	0	0	0	0	0
GO:0034293	1	1	1	1	1	0
GO:0034305	1	0	1	0	1	0
GO:0034306	1	0	1	1	1	0
GO:0034307	0	0	0	1	1	0
GO:0034308	1	0	1	1	1	0
GO:0034309	0	0	0	1	0	0
GO:0034310	1	0	1	0	0	0
GO:0034311	0	0	0	0	1	0
GO:0034312	0	0	0	0	1	0
GO:0034314	0	0	0	0	0	1
GO:0034315	0	0	0	0	1	0
GO:0034316	0	0	0	0	1	0
GO:0034329	0	0	0	0	1	0
GO:0034330	0	0	0	0	1	0
GO:0034331	0	0	0	0	1	0
GO:0034332	0	0	0	0	1	0
GO:0034333	0	0	0	0	1	0
GO:0034334	0	0	0	0	1	0
GO:0034341	0	0	1	0	0	0
GO:0034350	0	0	0	0	1	0
GO:0034351	0	0	0	0	1	0
GO:0034356	0	0	0	1	0	0
GO:0034395	0	0	0	0	1	0
GO:0034396	0	0	0	0	1	0
GO:0034397	1	1	1	1	1	0
GO:0034398	1	1	1	1	1	0
GO:0034399	1	0	0	0	1	0
GO:0034401	1	0	1	1	1	0
GO:0034404	1	1	1	0	0	0
GO:0034406	1	0	1	0	0	0
GO:0034423	1	0	0	0	0	0
GO:0034427	1	0	0	0	0	0
GO:0034440	1	0	0	1	1	0
GO:0034450	0	0	0	0	1	0
GO:0034457	0	0	1	0	0	0
GO:0034458	1	0	0	0	0	0
GO:0034459	1	0	0	0	0	0
GO:0034470	1	1	1	1	1	0
GO:0034471	1	0	1	0	0	0
GO:0034472	1	0	0	0	0	0
GO:0034473	1	0	0	0	0	0
GO:0034474	1	0	0	0	0	0
GO:0034475	1	0	0	0	0	0
GO:0034476	1	0	0	0	0	0
GO:0034486	0	0	1	0	1	0
GO:0034487	0	0	0	0	1	0
GO:0034488	0	0	0	0	1	0
GO:0034497	1	1	1	0	1	0
GO:0034498	0	1	0	0	1	0
GO:0034501	0	0	0	1	1	0
GO:0034502	1	1	1	1	1	1
GO:0034503	0	0	0	1	0	0
GO:0034504	1	0	0	1	1	0
GO:0034506	1	0	0	0	1	0
GO:0034507	0	1	1	0	0	0
GO:0034508	1	1	0	0	1	0
GO:0034511	1	0	0	0	0	0
GO:0034513	1	0	0	0	0	0
GO:0034515	1	0	0	0	1	0
GO:0034517	0	1	0	0	0	0
GO:0034518	1	0	1	0	0	0
GO:0034551	0	0	0	0	0	1
GO:0034552	1	0	0	0	0	0
GO:0034553	1	0	0	0	0	0
GO:0034593	1	0	1	0	1	0
GO:0034594	0	1	0	0	0	0
GO:0034595	1	0	1	0	1	0
GO:0034599	1	1	1	1	1	1
GO:0034605	1	0	1	0	1	0
GO:0034612	0	1	0	0	0	0
GO:0034613	1	1	1	1	1	1
GO:0034614	1	1	1	1	1	0
GO:0034620	1	1	1	0	1	0
GO:0034622	1	1	1	1	1	1
GO:0034629	1	0	1	0	1	0
GO:0034635	1	0	0	0	0	0
GO:0034637	1	0	1	0	1	1
GO:0034641	1	1	1	1	1	1
GO:0034644	1	0	0	0	0	0
GO:0034645	1	1	1	1	1	1
GO:0034654	1	1	1	1	1	0
GO:0034655	1	1	1	1	1	0
GO:0034656	0	0	0	1	0	0
GO:0034657	0	0	0	1	1	0
GO:0034660	1	1	1	1	1	0
GO:0034661	1	0	0	0	1	0
GO:0034698	0	0	0	1	0	0
GO:0034702	0	0	0	1	0	0
GO:0034703	0	0	0	1	0	0
GO:0034704	0	0	0	1	0	0
GO:0034708	0	0	0	1	1	0
GO:0034724	1	1	1	0	1	0
GO:0034727	1	0	1	1	1	0
GO:0034728	1	1	1	1	1	0
GO:0034729	0	0	0	0	1	0
GO:0034754	0	0	0	1	0	0
GO:0034755	0	0	0	0	0	1
GO:0034756	0	0	0	0	1	0
GO:0034757	0	0	0	0	1	0
GO:0034762	1	1	1	0	1	0
GO:0034763	0	0	1	0	1	0
GO:0034764	0	0	0	0	1	0
GO:0034765	1	0	1	0	1	0
GO:0034766	0	0	1	0	1	0
GO:0034767	0	0	0	0	1	0
GO:0034774	0	0	1	0	0	0
GO:0034963	1	0	0	1	0	0
GO:0034964	1	0	0	0	0	0
GO:0034965	1	0	0	0	0	0
GO:0034967	0	1	0	0	1	0
GO:0034968	1	0	1	1	1	0
GO:0034976	1	1	1	0	1	0
GO:0034979	1	0	1	0	1	0
GO:0034982	0	0	0	1	1	0
GO:0034990	0	0	1	0	0	0
GO:0035003	0	0	0	0	1	0
GO:0035006	0	0	0	0	1	0
GO:0035010	0	0	0	0	1	0
GO:0035011	0	0	0	0	1	0
GO:0035023	1	0	0	1	0	0
GO:0035024	1	0	0	0	0	0
GO:0035032	0	0	0	0	1	0
GO:0035050	0	0	0	0	1	0
GO:0035064	0	1	1	1	0	0
GO:0035068	1	0	0	0	0	0
GO:0035070	1	0	0	0	0	0
GO:0035071	1	0	0	0	0	0
GO:0035075	1	0	0	0	0	0
GO:0035087	1	0	0	0	0	0
GO:0035088	0	0	0	0	1	0
GO:0035089	0	0	0	0	1	0
GO:0035090	0	0	0	0	1	0
GO:0035091	1	0	0	0	1	0
GO:0035097	0	0	0	1	0	0
GO:0035103	1	0	0	0	0	0
GO:0035107	0	0	0	0	1	0
GO:0035108	0	0	0	0	1	0
GO:0035113	0	0	0	0	1	0
GO:0035148	0	0	0	0	1	0
GO:0035150	1	0	0	0	0	0
GO:0035173	0	0	0	1	0	0
GO:0035174	0	0	0	1	0	0
GO:0035175	0	0	0	1	0	0
GO:0035176	0	0	0	1	0	0
GO:0035190	1	0	0	0	0	0
GO:0035194	1	0	0	0	1	0
GO:0035195	1	0	0	0	1	0
GO:0035196	1	0	0	0	1	0
GO:0035197	1	0	0	0	0	0
GO:0035198	1	0	0	0	0	0
GO:0035216	1	0	0	0	0	0
GO:0035218	0	0	1	0	0	0
GO:0035239	0	0	0	0	1	0
GO:0035241	0	0	0	0	1	0
GO:0035246	0	0	0	0	1	0
GO:0035247	0	0	0	0	1	0
GO:0035248	0	1	0	0	0	0
GO:0035251	1	0	1	0	1	0
GO:0035254	1	0	0	0	0	0
GO:0035255	1	0	0	0	0	0
GO:0035257	0	1	0	0	1	0
GO:0035258	0	1	0	0	1	0
GO:0035259	0	1	0	0	0	0
GO:0035262	0	0	1	0	0	0
GO:0035267	1	0	1	0	1	0
GO:0035268	0	0	0	0	0	1
GO:0035270	0	0	0	1	0	0
GO:0035272	1	0	0	0	0	0
GO:0035278	1	0	0	0	0	0
GO:0035279	1	0	0	0	0	0
GO:0035280	1	0	0	0	0	0
GO:0035282	1	0	1	0	1	0
GO:0035295	1	0	1	0	1	0
GO:0035296	1	0	0	0	0	0
GO:0035303	1	0	0	1	0	0
GO:0035306	1	0	0	0	0	0
GO:0035312	0	1	0	1	0	0
GO:0035326	0	0	1	0	1	0
GO:0035327	0	0	0	0	1	0
GO:0035329	1	0	0	0	0	0
GO:0035361	1	0	0	0	0	0
GO:0035383	1	0	1	0	0	0
GO:0035384	1	0	0	0	0	0
GO:0035392	1	0	0	0	0	0
GO:0035404	0	0	0	1	0	0
GO:0035429	0	0	0	0	1	0
GO:0035433	1	1	1	0	0	0
GO:0035435	1	0	0	0	0	0
GO:0035442	0	1	0	0	0	0
GO:0035444	0	0	0	1	0	0
GO:0035445	1	0	0	0	0	0
GO:0035461	0	0	0	1	1	0
GO:0035493	0	1	0	0	0	0
GO:0035494	0	1	0	0	0	0
GO:0035510	1	0	0	0	0	0
GO:0035542	1	0	1	0	0	0
GO:0035543	1	0	0	0	0	0
GO:0035551	1	0	0	0	0	0
GO:0035556	1	1	1	1	1	0
GO:0035567	1	0	0	0	1	0
GO:0035579	0	0	1	0	0	0
GO:0035591	0	0	0	0	1	0
GO:0035601	1	1	1	0	1	0
GO:0035613	1	0	0	0	0	0
GO:0035621	1	0	0	0	0	0
GO:0035627	1	0	0	0	0	0
GO:0035639	1	1	1	1	1	1
GO:0035672	0	1	1	0	1	0
GO:0035673	0	1	1	0	1	0
GO:0035690	1	1	1	1	1	1
GO:0035710	0	0	1	0	1	0
GO:0035711	0	0	1	0	0	0
GO:0035722	0	0	1	0	0	0
GO:0035748	0	0	0	0	1	0
GO:0035753	0	0	0	0	1	0
GO:0035767	0	0	1	0	0	0
GO:0035770	1	0	1	1	1	0
GO:0035778	0	0	0	0	1	0
GO:0035821	0	0	1	0	1	0
GO:0035822	0	1	1	1	1	0
GO:0035825	1	1	1	1	1	0
GO:0035834	1	0	0	1	1	0
GO:0035835	1	0	0	1	1	0
GO:0035836	1	0	0	1	1	0
GO:0035837	1	0	0	1	1	0
GO:0035838	1	0	1	0	1	0
GO:0035840	0	0	1	0	0	0
GO:0035841	0	0	1	0	0	0
GO:0035845	0	0	0	0	1	0
GO:0035850	0	0	0	0	1	0
GO:0035859	0	0	0	1	0	0
GO:0035861	1	1	1	1	1	0
GO:0035868	0	0	1	0	0	0
GO:0035871	0	0	0	0	1	0
GO:0035960	0	0	1	0	0	0
GO:0035961	0	0	1	0	0	0
GO:0035965	0	0	0	1	0	0
GO:0035966	1	1	1	0	1	0
GO:0035967	1	1	1	0	1	0
GO:0035968	0	0	1	0	0	0
GO:0035969	0	0	1	0	0	0
GO:0035973	0	1	0	0	0	0
GO:0036002	0	0	0	0	1	0
GO:0036003	1	0	1	0	1	0
GO:0036033	0	0	1	0	0	0
GO:0036091	0	0	0	0	1	0
GO:0036092	0	0	0	0	1	0
GO:0036094	1	1	1	1	1	1
GO:0036099	1	0	0	0	0	0
GO:0036149	0	0	0	1	0	0
GO:0036164	1	0	0	0	0	0
GO:0036166	1	0	1	0	1	0
GO:0036168	0	0	0	0	1	0
GO:0036170	1	1	1	1	1	1
GO:0036171	1	1	1	0	1	0
GO:0036176	0	1	1	0	1	1
GO:0036177	0	1	1	0	1	1
GO:0036178	0	1	1	0	1	1
GO:0036180	1	1	1	1	1	1
GO:0036182	0	0	0	0	1	0
GO:0036184	0	0	0	0	1	0
GO:0036187	0	0	1	0	1	0
GO:0036205	0	1	0	0	0	0
GO:0036211	1	1	1	1	1	1
GO:0036212	0	0	0	1	0	0
GO:0036214	0	0	1	0	0	0
GO:0036228	1	0	0	0	0	0
GO:0036230	0	0	1	0	0	0
GO:0036244	0	1	1	0	1	0
GO:0036245	0	0	0	0	1	0
GO:0036251	0	0	0	0	1	0
GO:0036252	0	0	0	0	1	0
GO:0036260	0	0	1	0	0	0
GO:0036267	1	1	0	0	1	1
GO:0036270	0	0	0	0	1	0
GO:0036278	0	0	0	1	1	0
GO:0036281	0	1	0	0	0	0
GO:0036293	0	0	1	0	0	0
GO:0036294	0	0	1	0	0	0
GO:0036297	1	0	0	1	0	0
GO:0036314	1	0	0	0	0	0
GO:0036315	1	0	0	0	0	0
GO:0036336	0	0	1	0	0	0
GO:0036349	0	0	1	0	0	0
GO:0036387	1	0	0	0	0	0
GO:0036388	1	0	0	0	0	0
GO:0036396	0	0	0	0	1	0
GO:0036402	0	0	0	0	1	0
GO:0036404	1	0	0	0	0	0
GO:0036408	1	0	1	0	0	0
GO:0036409	1	0	1	0	0	0
GO:0036410	1	0	1	0	0	0
GO:0036442	1	0	0	0	0	0
GO:0036444	0	0	0	1	0	0
GO:0036445	0	0	0	0	1	0
GO:0036449	0	0	0	0	1	0
GO:0036452	0	0	1	1	1	0
GO:0036459	0	0	0	1	1	0
GO:0036464	1	0	0	1	1	0
GO:0036477	1	0	0	1	1	0
GO:0036498	0	1	0	0	0	0
GO:0036503	1	0	1	0	1	0
GO:0038023	1	0	0	1	1	0
GO:0038083	1	0	0	0	0	0
GO:0038201	0	1	0	0	0	0
GO:0038202	1	0	0	0	0	0
GO:0039014	0	0	0	0	1	0
GO:0039019	0	0	0	0	1	0
GO:0039020	0	0	0	0	1	0
GO:0039531	1	0	0	0	0	0
GO:0039532	1	0	0	0	0	0
GO:0039533	1	0	0	0	0	0
GO:0039534	1	0	0	0	0	0
GO:0040001	0	0	0	0	1	0
GO:0040007	1	1	1	1	1	1
GO:0040008	1	1	1	1	1	0
GO:0040011	1	0	1	0	1	0
GO:0040012	1	1	1	1	1	0
GO:0040013	0	0	1	0	0	0
GO:0040014	1	0	1	0	1	0
GO:0040017	1	1	1	0	1	0
GO:0040018	1	0	1	0	1	0
GO:0040020	1	1	0	1	1	0
GO:0040024	1	0	1	0	1	0
GO:0040025	1	0	1	0	0	0
GO:0040029	1	1	1	1	1	1
GO:0040031	1	0	0	0	0	0
GO:0040033	1	0	0	0	0	0
GO:0040034	1	0	0	0	1	0
GO:0040035	1	0	0	0	0	0
GO:0042026	1	1	1	0	1	0
GO:0042044	1	0	1	0	0	0
GO:0042048	1	0	0	0	0	0
GO:0042054	1	0	1	1	1	0
GO:0042056	0	0	1	0	0	0
GO:0042063	0	0	0	0	1	0
GO:0042088	0	0	1	0	1	0
GO:0042093	0	0	1	0	1	0
GO:0042100	0	0	1	0	1	0
GO:0042102	0	0	1	0	0	0
GO:0042104	0	0	1	0	0	0
GO:0042110	0	0	1	0	1	0
GO:0042113	0	0	1	1	1	0
GO:0042116	0	0	1	0	0	0
GO:0042119	0	0	1	0	0	0
GO:0042127	1	0	1	0	1	0
GO:0042129	0	0	1	0	0	0
GO:0042133	0	0	1	1	0	0
GO:0042135	0	0	1	0	0	0
GO:0042144	1	1	1	0	1	0
GO:0042147	0	1	0	0	1	0
GO:0042149	0	0	0	0	1	0
GO:0042157	1	1	0	1	1	0
GO:0042158	1	1	0	1	1	0
GO:0042162	1	0	1	1	1	0
GO:0042168	1	0	0	0	1	0
GO:0042173	1	0	1	1	1	0
GO:0042174	1	0	1	0	0	0
GO:0042175	1	1	1	1	1	0
GO:0042176	0	0	1	0	1	0
GO:0042180	1	1	0	1	1	0
GO:0042181	1	1	0	1	1	0
GO:0042182	0	0	0	1	0	0
GO:0042221	1	1	1	1	1	1
GO:0042243	0	0	0	0	1	0
GO:0042244	1	1	1	0	1	0
GO:0042254	1	1	1	1	1	0
GO:0042255	1	0	1	0	1	0
GO:0042273	1	0	1	1	1	0
GO:0042274	1	1	1	1	0	0
GO:0042275	0	0	1	0	0	0
GO:0042276	0	0	1	0	1	0
GO:0042277	1	1	1	1	0	0
GO:0042278	1	1	0	1	0	0
GO:0042281	1	0	0	0	0	0
GO:0042283	1	0	0	0	0	0
GO:0042285	1	0	0	0	0	0
GO:0042303	1	0	0	0	0	0
GO:0042316	1	0	1	1	0	0
GO:0042318	1	0	1	1	0	0
GO:0042325	1	1	1	1	1	0
GO:0042326	1	0	0	1	1	0
GO:0042327	1	1	1	1	1	0
GO:0042330	0	0	1	0	1	0
GO:0042364	0	0	1	1	1	0
GO:0042391	1	0	0	0	1	0
GO:0042393	1	1	1	1	1	0
GO:0042398	1	0	1	0	0	0
GO:0042402	0	0	1	0	0	0
GO:0042407	0	0	1	0	0	0
GO:0042428	0	0	0	1	0	0
GO:0042430	0	0	0	1	0	0
GO:0042440	1	1	0	0	1	0
GO:0042441	0	1	0	0	0	0
GO:0042445	0	0	0	1	0	0
GO:0042446	0	0	0	1	0	0
GO:0042448	0	0	0	1	0	0
GO:0042454	0	0	0	1	0	0
GO:0042455	1	0	0	0	0	0
GO:0042461	1	0	0	0	1	0
GO:0042462	1	0	0	0	1	0
GO:0042475	0	0	0	0	1	0
GO:0042476	0	0	0	0	1	0
GO:0042493	1	1	1	1	1	1
GO:0042509	1	0	1	0	1	0
GO:0042531	1	0	1	0	1	0
GO:0042537	0	1	0	1	0	0
GO:0042538	0	1	1	0	1	0
GO:0042542	1	1	1	1	1	0
GO:0042546	1	1	1	0	1	0
GO:0042575	1	0	0	0	1	0
GO:0042577	1	0	0	0	0	0
GO:0042578	1	1	1	1	1	0
GO:0042579	1	1	1	1	1	0
GO:0042581	0	0	1	0	0	0
GO:0042592	1	1	1	1	1	1
GO:0042593	1	0	1	1	1	0
GO:0042594	1	1	1	1	1	1
GO:0042597	0	0	0	0	0	1
GO:0042623	1	1	1	1	1	1
GO:0042625	1	0	0	0	1	0
GO:0042626	1	1	0	0	1	0
GO:0042631	0	0	0	0	1	1
GO:0042632	1	0	0	0	0	0
GO:0042641	0	0	0	0	1	0
GO:0042645	1	0	1	0	1	0
GO:0042659	1	0	0	0	1	0
GO:0042670	1	0	0	0	0	0
GO:0042692	0	0	0	0	1	0
GO:0042710	1	1	1	0	0	0
GO:0042720	0	0	0	1	0	0
GO:0042737	1	1	1	0	1	0
GO:0042742	1	0	1	0	1	0
GO:0042743	1	1	1	0	0	0
GO:0042744	1	1	1	0	0	0
GO:0042745	0	0	0	1	0	0
GO:0042747	0	0	0	1	0	0
GO:0042759	1	0	0	0	0	0
GO:0042762	1	0	1	1	0	1
GO:0042763	1	1	1	0	1	0
GO:0042764	1	1	1	0	1	0
GO:0042766	1	0	1	0	0	0
GO:0042771	0	0	0	1	0	0
GO:0042773	1	0	0	1	1	0
GO:0042775	1	0	0	1	1	0
GO:0042776	0	0	0	0	1	0
GO:0042788	1	1	0	0	0	0
GO:0042790	0	0	0	0	1	0
GO:0042791	0	1	0	0	0	0
GO:0042795	0	0	1	0	0	0
GO:0042802	1	1	1	1	1	0
GO:0042803	1	1	1	1	1	0
GO:0042816	0	0	1	0	0	0
GO:0042819	0	0	1	0	0	0
GO:0042826	0	0	0	0	1	0
GO:0042844	0	0	0	0	1	0
GO:0042845	0	0	0	0	1	0
GO:0042866	1	1	1	0	0	0
GO:0042873	0	0	0	0	1	0
GO:0042879	0	0	0	0	1	0
GO:0042886	1	1	1	1	1	1
GO:0042887	1	1	1	1	1	1
GO:0042891	1	1	1	0	0	0
GO:0042895	1	0	1	0	0	0
GO:0042906	1	0	0	0	0	0
GO:0042907	1	0	0	0	0	0
GO:0042908	0	1	0	0	1	0
GO:0042910	0	1	0	0	1	0
GO:0042938	1	1	0	0	0	0
GO:0042939	1	1	0	0	0	0
GO:0042973	1	0	1	0	0	0
GO:0042981	1	1	1	1	1	0
GO:0042994	0	0	0	0	1	0
GO:0042995	1	1	1	1	1	0
GO:0043001	1	0	0	0	1	0
GO:0043005	1	0	1	1	1	0
GO:0043009	1	0	1	1	1	0
GO:0043010	1	0	1	0	1	0
GO:0043021	1	1	1	1	1	0
GO:0043022	1	1	0	0	0	0
GO:0043023	0	0	1	0	1	0
GO:0043024	0	0	0	1	0	0
GO:0043025	0	0	0	1	1	0
GO:0043027	0	0	0	0	1	0
GO:0043028	0	0	0	0	1	0
GO:0043038	0	0	1	1	0	0
GO:0043039	0	0	1	1	0	0
GO:0043043	1	1	1	1	1	0
GO:0043044	1	1	1	0	1	0
GO:0043047	1	0	0	1	0	0
GO:0043048	1	0	0	0	0	0
GO:0043060	0	0	0	1	0	0
GO:0043065	1	0	1	0	1	0
GO:0043066	1	0	1	1	1	0
GO:0043067	1	1	1	1	1	0
GO:0043068	1	0	1	0	1	0
GO:0043069	1	0	1	1	1	0
GO:0043085	1	1	1	1	1	0
GO:0043086	1	1	1	1	1	0
GO:0043087	1	1	0	1	1	0
GO:0043090	0	0	1	0	0	0
GO:0043094	1	1	0	1	0	0
GO:0043096	1	0	0	0	0	0
GO:0043101	1	0	0	0	0	0
GO:0043102	1	1	0	0	0	0
GO:0043103	1	0	0	0	0	0
GO:0043111	0	0	1	1	0	0
GO:0043130	1	0	0	0	1	1
GO:0043137	1	1	0	1	0	0
GO:0043138	1	1	0	1	0	0
GO:0043139	1	1	0	0	1	0
GO:0043140	1	1	0	1	0	0
GO:0043141	1	1	0	0	1	0
GO:0043142	0	1	0	0	0	0
GO:0043144	1	1	0	1	0	0
GO:0043154	0	0	0	0	1	0
GO:0043161	1	1	1	1	1	1
GO:0043162	0	0	1	0	1	0
GO:0043167	1	1	1	1	1	1
GO:0043168	1	1	1	1	1	1
GO:0043169	1	1	1	1	1	0
GO:0043170	1	1	1	1	1	1
GO:0043171	0	0	0	0	1	0
GO:0043173	0	0	0	1	0	0
GO:0043175	1	0	1	0	0	0
GO:0043178	0	0	0	0	1	0
GO:0043186	0	0	0	0	1	0
GO:0043187	0	0	1	0	0	0
GO:0043189	1	0	1	0	1	0
GO:0043197	0	0	0	0	1	0
GO:0043200	1	0	1	1	1	0
GO:0043203	0	0	0	0	1	0
GO:0043207	1	0	1	1	1	0
GO:0043209	0	0	0	1	1	0
GO:0043218	0	0	0	0	1	0
GO:0043220	0	0	0	0	1	0
GO:0043224	1	0	0	0	0	0
GO:0043226	1	1	1	1	1	1
GO:0043227	1	1	1	1	1	1
GO:0043228	1	1	1	1	1	1
GO:0043229	1	1	1	1	1	1
GO:0043230	1	0	0	0	0	0
GO:0043231	1	1	1	1	1	1
GO:0043232	1	1	1	1	1	1
GO:0043233	1	1	1	1	1	1
GO:0043242	0	0	0	0	1	0
GO:0043244	1	0	0	0	1	0
GO:0043248	1	0	0	0	1	0
GO:0043254	1	0	1	0	1	1
GO:0043255	0	1	1	1	1	0
GO:0043269	1	0	1	1	1	0
GO:0043270	0	0	0	0	1	0
GO:0043271	0	0	1	0	1	0
GO:0043274	0	0	0	0	1	0
GO:0043277	0	0	1	0	1	0
GO:0043279	0	0	0	0	1	0
GO:0043280	1	0	1	0	1	0
GO:0043281	1	0	1	0	1	0
GO:0043291	1	0	0	0	0	0
GO:0043295	1	0	0	0	0	0
GO:0043296	0	0	0	0	1	0
GO:0043297	0	0	0	0	1	0
GO:0043299	0	0	1	0	0	0
GO:0043312	0	0	1	0	0	0
GO:0043324	0	1	0	0	0	0
GO:0043328	0	0	1	0	1	0
GO:0043331	1	0	0	0	1	0
GO:0043332	1	1	1	0	1	0
GO:0043367	0	0	1	0	1	0
GO:0043370	0	0	1	0	1	0
GO:0043371	0	0	1	0	0	0
GO:0043372	0	0	0	0	1	0
GO:0043385	1	1	1	1	1	0
GO:0043386	1	1	1	1	1	0
GO:0043388	1	0	1	1	1	0
GO:0043392	0	0	0	0	1	0
GO:0043393	1	0	1	0	1	0
GO:0043401	0	0	0	0	1	0
GO:0043405	1	0	1	1	0	0
GO:0043406	0	0	1	0	0	0
GO:0043407	1	0	0	1	0	0
GO:0043408	1	0	1	1	1	0
GO:0043409	1	0	0	1	0	0
GO:0043410	0	0	1	0	1	0
GO:0043412	1	1	1	1	1	1
GO:0043413	1	0	1	1	1	1
GO:0043414	1	0	1	1	1	0
GO:0043419	0	0	0	1	0	0
GO:0043433	0	0	0	0	1	0
GO:0043434	1	0	1	1	1	0
GO:0043436	1	1	1	1	1	1
GO:0043455	1	1	1	1	1	0
GO:0043456	0	1	0	0	0	0
GO:0043457	1	1	0	0	0	0
GO:0043461	1	0	0	0	0	0
GO:0043462	1	0	1	0	1	0
GO:0043465	0	0	1	0	0	1
GO:0043467	1	1	1	0	1	1
GO:0043470	0	1	1	0	0	1
GO:0043471	0	1	1	0	0	1
GO:0043473	0	1	0	0	1	0
GO:0043474	0	1	0	0	0	0
GO:0043476	0	0	0	0	1	0
GO:0043482	0	0	0	0	1	0
GO:0043484	0	0	1	0	0	0
GO:0043486	1	1	1	0	1	0
GO:0043487	0	0	0	0	1	0
GO:0043488	0	0	0	0	1	0
GO:0043489	0	0	0	0	1	0
GO:0043491	0	0	0	0	1	0
GO:0043492	1	1	0	0	1	0
GO:0043494	0	0	0	1	0	0
GO:0043497	1	0	1	0	1	0
GO:0043502	0	0	0	1	0	0
GO:0043504	0	1	0	0	0	0
GO:0043505	0	0	0	0	1	0
GO:0043523	0	0	0	1	1	0
GO:0043524	0	0	0	1	1	0
GO:0043535	0	0	1	0	0	0
GO:0043536	0	0	1	0	0	0
GO:0043537	0	0	1	0	0	0
GO:0043542	0	0	1	0	0	0
GO:0043543	1	1	1	1	1	0
GO:0043545	1	1	0	0	0	0
GO:0043547	1	0	0	1	1	0
GO:0043549	1	1	1	1	1	0
GO:0043550	0	0	1	0	0	0
GO:0043560	0	0	0	0	1	0
GO:0043562	0	0	0	1	1	0
GO:0043565	1	1	1	1	1	1
GO:0043570	0	0	0	1	1	0
GO:0043574	1	0	0	1	0	0
GO:0043586	0	0	0	0	1	0
GO:0043588	0	0	0	0	1	0
GO:0043596	1	1	0	1	1	0
GO:0043601	1	1	0	0	1	0
GO:0043603	1	1	1	1	1	0
GO:0043604	1	1	1	1	1	0
GO:0043605	0	0	0	1	0	0
GO:0043618	1	0	1	1	1	0
GO:0043619	0	0	1	0	1	0
GO:0043620	1	0	1	1	1	0
GO:0043621	1	0	1	0	1	0
GO:0043624	0	1	0	0	1	1
GO:0043625	1	0	0	0	0	0
GO:0043627	0	0	0	1	0	0
GO:0043628	1	0	0	1	0	0
GO:0043629	1	0	0	0	0	0
GO:0043630	1	0	0	0	0	0
GO:0043631	1	0	0	0	0	0
GO:0043632	1	1	1	1	1	1
GO:0043633	1	0	0	0	0	0
GO:0043634	1	0	0	0	0	0
GO:0043647	0	0	1	0	0	0
GO:0043648	1	1	1	1	0	1
GO:0043649	0	0	0	1	0	1
GO:0043650	0	0	1	1	0	0
GO:0043651	1	0	0	0	0	0
GO:0043652	0	0	0	0	1	0
GO:0043687	1	0	1	1	0	0
GO:0043689	0	0	1	0	0	0
GO:0043708	0	1	1	0	0	0
GO:0043709	0	1	1	0	0	0
GO:0043813	0	0	0	0	1	0
GO:0043900	1	0	1	1	1	0
GO:0043901	1	0	1	1	0	0
GO:0043902	1	0	1	1	1	0
GO:0043903	1	0	0	1	1	0
GO:0043921	0	0	0	0	1	0
GO:0043923	0	0	0	0	1	0
GO:0043928	1	0	0	0	1	0
GO:0043933	1	1	1	1	1	1
GO:0043934	1	1	1	1	1	0
GO:0043935	1	1	1	1	1	0
GO:0043936	1	1	1	0	0	0
GO:0043937	1	0	1	1	1	0
GO:0043938	1	0	1	1	1	0
GO:0043939	1	0	1	0	0	0
GO:0043940	1	0	1	1	1	0
GO:0043941	0	0	0	1	0	0
GO:0043942	1	0	1	0	0	0
GO:0043943	1	0	1	0	0	0
GO:0043945	1	0	1	0	0	0
GO:0043949	1	0	0	0	0	0
GO:0043950	1	0	0	0	0	0
GO:0043954	1	0	1	1	1	0
GO:0043966	1	0	1	0	1	0
GO:0043967	1	0	1	1	1	0
GO:0043968	1	0	1	1	0	0
GO:0043970	0	0	1	0	0	0
GO:0043987	0	0	0	1	0	0
GO:0043992	0	0	1	0	0	0
GO:0043998	0	0	0	1	0	0
GO:0044003	0	0	1	0	1	0
GO:0044010	1	1	1	0	0	0
GO:0044011	1	1	1	0	0	0
GO:0044036	1	0	1	1	0	1
GO:0044038	1	0	1	0	0	0
GO:0044042	1	0	1	1	1	0
GO:0044046	1	0	1	0	0	0
GO:0044057	1	0	0	1	1	0
GO:0044070	1	0	1	1	1	0
GO:0044085	1	1	1	1	1	1
GO:0044087	1	1	1	1	1	1
GO:0044088	1	0	1	1	1	0
GO:0044089	1	1	1	1	1	1
GO:0044090	0	0	0	0	1	0
GO:0044091	1	0	1	0	1	0
GO:0044092	1	1	1	1	1	0
GO:0044093	1	1	1	1	1	0
GO:0044106	1	0	1	1	0	0
GO:0044107	1	0	1	0	1	0
GO:0044108	1	0	1	0	1	0
GO:0044111	0	1	1	0	0	0
GO:0044114	0	1	1	0	0	0
GO:0044115	0	1	1	0	0	0
GO:0044154	1	0	1	0	0	0
GO:0044182	1	1	1	1	1	1
GO:0044183	0	1	0	0	0	0
GO:0044212	1	1	1	1	1	1
GO:0044213	1	0	1	0	1	0
GO:0044232	1	0	1	0	0	0
GO:0044237	1	1	1	1	1	1
GO:0044238	1	1	1	1	1	1
GO:0044242	1	0	1	1	1	0
GO:0044247	1	1	1	0	0	0
GO:0044248	1	1	1	1	1	1
GO:0044249	1	1	1	1	1	1
GO:0044255	1	1	1	1	1	0
GO:0044257	1	1	1	1	1	1
GO:0044260	1	1	1	1	1	1
GO:0044262	1	1	1	1	1	1
GO:0044264	1	1	1	1	1	1
GO:0044265	1	1	1	1	1	1
GO:0044267	1	1	1	1	1	1
GO:0044270	1	1	1	1	1	0
GO:0044271	1	1	1	1	1	0
GO:0044272	1	1	1	1	1	0
GO:0044275	1	1	1	0	0	1
GO:0044277	1	1	1	0	0	0
GO:0044281	1	1	1	1	1	1
GO:0044282	1	1	1	1	1	1
GO:0044283	1	1	1	1	1	0
GO:0044297	0	0	0	1	1	0
GO:0044309	0	0	0	0	1	0
GO:0044344	0	0	1	0	0	0
GO:0044347	0	0	1	0	0	0
GO:0044374	0	0	0	1	1	0
GO:0044377	0	0	0	1	1	0
GO:0044378	0	0	1	0	0	0
GO:0044379	0	0	0	0	1	0
GO:0044380	1	0	1	0	1	0
GO:0044389	0	0	0	0	1	0
GO:0044391	1	1	1	1	1	0
GO:0044396	0	0	0	0	1	1
GO:0044403	1	1	1	1	1	0
GO:0044406	0	0	1	0	1	0
GO:0044407	0	0	1	0	0	0
GO:0044409	0	0	1	0	0	0
GO:0044413	0	0	1	1	1	0
GO:0044415	0	0	1	1	1	0
GO:0044416	0	0	1	0	0	0
GO:0044417	1	0	0	0	0	0
GO:0044419	1	1	1	1	1	1
GO:0044421	1	1	1	0	1	0
GO:0044422	1	1	1	1	1	1
GO:0044424	1	1	1	1	1	1
GO:0044425	1	1	1	1	1	1
GO:0044426	1	0	0	0	1	0
GO:0044427	1	1	1	1	1	1
GO:0044428	1	1	1	1	1	1
GO:0044429	1	1	1	1	1	1
GO:0044430	1	1	1	1	1	1
GO:0044431	1	1	1	0	1	0
GO:0044432	1	1	1	1	1	1
GO:0044433	1	1	1	1	1	0
GO:0044437	1	1	1	1	1	0
GO:0044438	1	1	1	1	1	0
GO:0044439	1	1	1	1	1	0
GO:0044440	1	1	1	1	1	0
GO:0044444	1	1	1	1	1	1
GO:0044445	1	1	1	1	1	0
GO:0044446	1	1	1	1	1	1
GO:0044448	1	0	1	1	1	1
GO:0044451	1	1	1	1	1	0
GO:0044452	1	0	1	1	1	0
GO:0044453	0	0	0	1	0	0
GO:0044454	1	1	1	1	1	1
GO:0044455	1	0	1	1	1	0
GO:0044456	0	0	0	0	1	0
GO:0044457	0	0	1	0	0	0
GO:0044459	1	1	1	1	1	0
GO:0044462	1	0	0	0	1	0
GO:0044463	1	1	1	0	1	0
GO:0044464	1	1	1	1	1	1
GO:0044550	1	1	1	1	1	1
GO:0044572	1	0	0	0	0	0
GO:0044613	1	0	0	0	0	0
GO:0044614	1	0	0	0	0	0
GO:0044615	1	0	0	0	1	0
GO:0044620	0	1	0	0	0	0
GO:0044653	1	0	0	0	0	0
GO:0044654	1	0	0	0	0	0
GO:0044697	0	0	0	0	1	0
GO:0044703	1	1	1	1	1	0
GO:0044706	1	0	1	0	1	0
GO:0044732	0	1	1	1	1	0
GO:0044743	0	0	1	1	1	0
GO:0044750	0	0	0	1	0	0
GO:0044764	1	1	1	1	1	0
GO:0044766	1	0	0	0	0	0
GO:0044769	1	0	0	0	0	0
GO:0044770	1	0	1	0	1	0
GO:0044772	1	0	1	0	1	0
GO:0044773	1	0	0	1	1	0
GO:0044774	1	0	0	1	1	0
GO:0044778	1	0	0	0	0	0
GO:0044779	0	0	0	1	0	0
GO:0044783	0	0	0	0	1	0
GO:0044786	1	1	0	1	1	0
GO:0044798	1	0	1	1	1	0
GO:0044804	1	0	1	1	1	0
GO:0044805	1	0	0	1	1	0
GO:0044806	0	1	0	0	0	0
GO:0044815	0	0	0	0	1	0
GO:0044818	1	0	0	0	1	0
GO:0044820	0	1	1	1	0	0
GO:0044821	0	0	0	1	0	0
GO:0044837	1	1	0	1	0	0
GO:0044839	1	0	0	0	0	0
GO:0044843	1	0	1	0	1	0
GO:0044853	0	0	0	0	1	0
GO:0044855	0	0	0	0	1	0
GO:0044856	0	0	0	0	1	0
GO:0044877	1	1	1	1	1	1
GO:0045003	1	0	0	0	1	0
GO:0045005	0	1	1	1	1	0
GO:0045010	0	0	0	0	1	1
GO:0045013	0	1	1	0	1	0
GO:0045014	0	1	1	0	1	0
GO:0045017	1	1	1	0	1	0
GO:0045025	0	0	1	0	0	0
GO:0045039	0	0	0	1	0	0
GO:0045040	1	0	0	0	0	0
GO:0045047	1	1	1	0	1	0
GO:0045048	0	0	0	0	1	0
GO:0045053	0	0	0	0	1	0
GO:0045055	0	0	1	0	0	0
GO:0045063	0	0	1	0	1	0
GO:0045069	1	0	0	0	0	0
GO:0045071	1	0	0	0	0	0
GO:0045087	1	0	1	0	1	0
GO:0045088	1	0	1	0	0	0
GO:0045089	0	0	1	0	0	0
GO:0045111	0	0	0	1	0	0
GO:0045116	1	0	0	0	0	0
GO:0045120	1	0	1	0	1	0
GO:0045121	0	0	1	0	1	0
GO:0045128	0	0	0	1	1	0
GO:0045132	1	1	1	1	1	0
GO:0045137	1	0	1	1	1	0
GO:0045141	1	0	0	1	0	0
GO:0045143	1	1	1	1	0	0
GO:0045144	0	0	1	1	1	0
GO:0045145	0	1	0	1	0	0
GO:0045160	0	0	0	0	1	0
GO:0045165	1	1	1	1	1	1
GO:0045167	0	0	0	0	1	0
GO:0045171	0	0	0	0	1	0
GO:0045176	0	0	0	0	1	0
GO:0045177	0	0	0	0	1	0
GO:0045179	0	0	0	0	1	0
GO:0045182	0	0	0	1	1	0
GO:0045184	1	1	1	1	1	1
GO:0045185	0	0	0	0	1	0
GO:0045186	0	0	0	0	1	0
GO:0045190	0	0	0	1	0	0
GO:0045191	0	0	0	1	0	0
GO:0045196	0	0	0	0	1	0
GO:0045197	0	0	0	0	1	0
GO:0045198	0	0	0	0	1	0
GO:0045199	0	0	0	0	1	0
GO:0045202	0	0	0	0	1	0
GO:0045216	0	0	0	0	1	0
GO:0045217	0	0	0	0	1	0
GO:0045229	1	1	1	1	1	0
GO:0045239	0	0	1	0	0	0
GO:0045242	0	0	1	0	0	0
GO:0045254	1	0	0	0	0	0
GO:0045259	0	0	0	0	1	0
GO:0045263	0	0	0	0	1	0
GO:0045271	1	0	0	0	0	0
GO:0045275	0	0	0	0	1	0
GO:0045277	0	0	0	0	1	0
GO:0045292	1	0	1	0	1	0
GO:0045293	0	0	0	0	1	0
GO:0045295	0	0	0	0	1	0
GO:0045321	0	0	1	1	1	0
GO:0045322	0	0	1	0	0	0
GO:0045324	0	0	1	0	1	0
GO:0045332	1	0	0	0	0	0
GO:0045333	1	0	1	1	1	0
GO:0045433	1	0	0	0	0	0
GO:0045437	0	0	0	1	0	0
GO:0045454	1	1	1	1	1	0
GO:0045460	1	1	1	1	1	0
GO:0045461	1	1	1	0	1	0
GO:0045471	1	0	0	0	1	1
GO:0045488	1	0	1	0	0	0
GO:0045490	1	0	1	0	0	0
GO:0045491	1	0	0	0	0	0
GO:0045493	1	0	0	0	0	0
GO:0045495	0	0	0	0	1	0
GO:0045580	0	0	1	0	1	0
GO:0045581	0	0	1	0	0	0
GO:0045582	0	0	0	0	1	0
GO:0045595	1	0	1	1	1	0
GO:0045596	1	0	1	1	1	0
GO:0045597	1	0	1	1	1	0
GO:0045619	0	0	1	0	1	0
GO:0045620	0	0	1	0	0	0
GO:0045621	0	0	0	0	1	0
GO:0045622	0	0	0	0	1	0
GO:0045624	0	0	0	0	1	0
GO:0045628	0	0	0	0	1	0
GO:0045630	0	0	0	0	1	0
GO:0045637	1	0	1	0	1	0
GO:0045639	0	0	1	0	1	0
GO:0045646	0	0	1	0	0	0
GO:0045648	0	0	1	0	0	0
GO:0045652	1	0	1	0	0	0
GO:0045654	0	0	1	0	0	0
GO:0045655	0	0	1	0	0	0
GO:0045657	0	0	1	0	0	0
GO:0045661	0	0	1	0	0	0
GO:0045663	0	0	1	0	0	0
GO:0045664	0	0	1	0	1	0
GO:0045666	0	0	1	0	1	0
GO:0045719	0	0	0	0	1	0
GO:0045721	0	0	0	1	1	0
GO:0045722	0	0	1	0	0	0
GO:0045727	0	0	0	0	1	0
GO:0045732	1	0	1	0	1	0
GO:0045738	1	0	1	0	1	0
GO:0045739	0	0	1	0	1	0
GO:0045740	0	0	0	0	1	0
GO:0045744	0	0	1	0	0	0
GO:0045747	0	0	0	0	1	0
GO:0045761	0	0	0	0	1	0
GO:0045762	0	0	0	0	1	0
GO:0045764	0	0	1	0	0	0
GO:0045765	1	0	1	0	0	0
GO:0045766	1	0	1	0	0	0
GO:0045777	1	0	0	0	0	0
GO:0045785	0	0	1	0	1	0
GO:0045786	1	1	1	1	1	1
GO:0045787	1	1	1	1	1	0
GO:0045798	1	1	1	0	1	0
GO:0045806	0	0	1	0	0	0
GO:0045807	1	0	0	0	1	0
GO:0045814	1	1	1	1	1	1
GO:0045815	1	0	1	0	1	0
GO:0045819	0	0	1	0	0	0
GO:0045827	0	1	1	0	0	0
GO:0045830	0	0	0	1	0	0
GO:0045833	1	1	1	0	1	0
GO:0045834	0	0	1	0	1	0
GO:0045835	1	0	0	1	1	0
GO:0045836	1	1	0	0	0	0
GO:0045839	1	0	0	1	1	0
GO:0045840	1	1	1	1	1	0
GO:0045841	1	0	0	1	1	0
GO:0045842	1	0	1	0	1	0
GO:0045843	0	0	0	1	1	0
GO:0045851	1	0	0	0	0	0
GO:0045859	1	1	1	1	1	0
GO:0045860	1	1	1	1	1	0
GO:0045861	0	0	1	0	1	0
GO:0045862	1	0	1	0	1	0
GO:0045881	1	0	1	1	0	0
GO:0045892	1	1	1	1	1	1
GO:0045893	1	1	1	1	1	1
GO:0045895	0	0	0	1	1	0
GO:0045898	0	0	1	0	1	0
GO:0045899	0	0	0	0	1	0
GO:0045910	0	0	1	1	1	0
GO:0045911	0	0	0	1	0	0
GO:0045912	0	0	0	1	1	0
GO:0045913	0	0	1	0	0	1
GO:0045923	0	0	0	0	1	0
GO:0045926	1	1	1	1	1	0
GO:0045927	1	0	1	0	1	0
GO:0045930	1	1	1	1	1	1
GO:0045931	1	1	1	1	1	0
GO:0045934	1	1	1	1	1	1
GO:0045935	1	1	1	1	1	1
GO:0045936	1	0	0	1	1	0
GO:0045937	1	1	1	1	1	1
GO:0045940	0	0	1	0	0	0
GO:0045944	1	1	1	1	1	1
GO:0045947	1	0	0	0	0	0
GO:0045948	0	0	0	0	1	0
GO:0045950	0	0	1	0	1	0
GO:0045974	1	0	0	0	0	0
GO:0045981	0	0	1	0	0	1
GO:0045990	0	1	1	1	1	0
GO:0045991	0	0	0	1	1	0
GO:0045995	1	0	0	0	0	0
GO:0045996	1	0	0	0	1	0
GO:0046006	0	0	1	0	0	0
GO:0046015	0	1	1	0	1	0
GO:0046019	1	0	0	1	1	0
GO:0046020	1	0	0	0	1	0
GO:0046031	1	1	1	0	0	0
GO:0046034	1	1	1	1	1	0
GO:0046039	1	1	0	0	0	0
GO:0046040	1	0	0	0	0	0
GO:0046083	1	0	0	0	0	0
GO:0046084	1	0	0	0	0	0
GO:0046087	0	0	0	1	0	0
GO:0046100	1	0	0	0	0	0
GO:0046101	1	0	0	0	0	0
GO:0046108	0	0	0	1	0	0
GO:0046112	1	0	0	0	1	0
GO:0046113	1	0	0	0	0	0
GO:0046116	1	0	0	0	0	0
GO:0046128	1	1	0	0	0	0
GO:0046131	0	0	0	1	0	0
GO:0046133	0	0	0	1	0	0
GO:0046135	0	0	0	1	0	0
GO:0046136	0	0	1	0	0	1
GO:0046148	1	1	0	0	1	0
GO:0046156	1	0	0	0	1	0
GO:0046160	1	0	0	0	0	0
GO:0046164	1	1	1	0	0	0
GO:0046165	1	0	1	1	1	0
GO:0046173	0	0	0	0	1	0
GO:0046174	0	1	1	0	0	0
GO:0046185	0	0	0	1	0	0
GO:0046189	0	1	0	0	1	0
GO:0046208	0	0	1	0	0	0
GO:0046272	1	0	0	0	0	0
GO:0046320	0	0	0	0	1	0
GO:0046321	0	0	0	0	1	0
GO:0046323	1	0	0	0	1	0
GO:0046324	0	0	0	0	1	0
GO:0046326	0	0	0	0	1	0
GO:0046328	0	0	1	0	0	0
GO:0046330	0	0	1	0	0	0
GO:0046337	1	0	1	0	0	0
GO:0046348	1	0	0	0	1	0
GO:0046351	1	0	0	0	1	0
GO:0046352	1	0	1	0	0	1
GO:0046354	0	0	0	0	0	1
GO:0046355	1	0	1	0	0	0
GO:0046364	0	1	1	0	0	0
GO:0046365	1	1	1	0	0	0
GO:0046373	1	0	0	0	0	0
GO:0046379	0	1	1	0	0	0
GO:0046390	1	1	1	0	1	0
GO:0046394	1	1	1	1	1	0
GO:0046395	1	0	1	1	1	1
GO:0046421	1	0	0	0	0	0
GO:0046425	1	0	1	0	1	0
GO:0046427	1	0	1	0	1	0
GO:0046434	1	1	1	0	0	0
GO:0046447	1	0	0	1	1	0
GO:0046456	1	0	1	0	0	0
GO:0046457	1	0	1	0	0	0
GO:0046459	1	0	1	0	0	0
GO:0046466	1	0	1	1	0	0
GO:0046467	1	1	0	0	0	0
GO:0046470	1	0	0	0	1	0
GO:0046471	0	0	0	1	0	0
GO:0046474	1	1	1	0	1	0
GO:0046477	1	0	1	1	0	0
GO:0046479	1	0	1	1	0	0
GO:0046483	1	1	1	1	1	1
GO:0046486	1	1	1	1	1	0
GO:0046488	1	1	1	1	1	0
GO:0046496	1	1	1	1	0	0
GO:0046497	0	0	0	1	0	0
GO:0046500	0	0	0	0	1	0
GO:0046514	1	0	1	1	0	0
GO:0046527	1	0	1	0	1	0
GO:0046530	1	0	0	0	1	0
GO:0046538	0	1	0	0	0	0
GO:0046540	0	0	0	0	1	0
GO:0046546	1	0	1	1	0	0
GO:0046549	1	0	0	0	0	0
GO:0046556	1	0	0	0	0	0
GO:0046557	1	0	1	0	0	0
GO:0046576	0	0	1	0	0	0
GO:0046578	1	1	1	1	1	0
GO:0046579	0	0	1	0	0	0
GO:0046580	1	1	1	0	1	0
GO:0046592	0	0	1	0	0	0
GO:0046618	0	0	1	0	1	0
GO:0046620	1	0	0	1	0	0
GO:0046621	0	0	0	1	0	0
GO:0046626	0	0	0	0	1	0
GO:0046627	0	0	0	0	1	0
GO:0046628	0	0	0	0	1	0
GO:0046631	0	0	1	0	1	0
GO:0046632	0	0	1	0	1	0
GO:0046634	0	0	1	0	1	0
GO:0046635	0	0	0	0	1	0
GO:0046636	0	0	1	0	0	0
GO:0046637	0	0	1	0	1	0
GO:0046638	0	0	0	0	1	0
GO:0046639	0	0	1	0	0	0
GO:0046649	0	0	1	1	1	0
GO:0046651	0	0	1	0	1	0
GO:0046658	1	1	1	0	1	0
GO:0046660	0	0	0	1	0	0
GO:0046661	1	0	1	1	0	0
GO:0046666	0	0	0	0	1	0
GO:0046667	0	0	0	0	1	0
GO:0046677	1	1	1	1	1	1
GO:0046683	0	0	0	1	0	0
GO:0046685	1	0	1	0	1	0
GO:0046686	1	0	1	0	1	0
GO:0046688	1	0	1	0	1	0
GO:0046689	0	0	0	1	0	0
GO:0046695	1	0	1	0	1	0
GO:0046700	1	1	1	1	1	0
GO:0046713	1	0	0	0	0	0
GO:0046715	1	0	0	0	0	0
GO:0046777	1	1	0	0	1	0
GO:0046782	0	0	0	0	1	0
GO:0046784	1	0	0	0	0	0
GO:0046785	0	0	0	0	1	0
GO:0046822	1	0	1	1	1	0
GO:0046824	0	0	1	1	0	0
GO:0046825	1	0	0	1	1	0
GO:0046827	0	0	0	1	0	0
GO:0046831	1	0	1	0	0	0
GO:0046833	0	0	1	0	0	0
GO:0046834	1	0	0	0	0	0
GO:0046835	1	0	0	0	0	0
GO:0046838	0	0	1	0	0	0
GO:0046839	1	1	1	0	1	0
GO:0046854	1	0	0	0	0	0
GO:0046855	0	0	1	0	0	0
GO:0046856	1	1	1	0	1	0
GO:0046872	1	1	1	1	1	0
GO:0046873	1	0	1	1	1	0
GO:0046883	0	0	0	1	0	0
GO:0046887	0	0	0	1	0	0
GO:0046889	0	0	1	0	0	0
GO:0046890	1	0	1	0	1	0
GO:0046899	0	0	0	0	1	0
GO:0046903	1	0	1	0	1	0
GO:0046906	1	1	1	0	0	0
GO:0046907	1	1	1	1	1	0
GO:0046914	1	1	1	1	1	0
GO:0046915	1	0	0	1	0	0
GO:0046916	1	1	0	0	1	0
GO:0046937	1	0	1	0	0	0
GO:0046938	1	0	1	0	0	0
GO:0046939	1	1	1	0	0	0
GO:0046942	1	1	1	1	1	0
GO:0046943	1	1	1	1	1	0
GO:0046958	1	0	0	0	0	0
GO:0046959	1	0	0	0	0	0
GO:0046961	1	0	0	0	0	0
GO:0046963	1	0	1	0	0	0
GO:0046964	1	0	1	0	0	0
GO:0046966	0	1	0	0	0	0
GO:0046974	0	0	0	1	0	0
GO:0046982	1	0	1	0	1	0
GO:0046983	1	1	1	1	1	0
GO:0046999	1	0	1	1	1	0
GO:0047134	1	1	1	1	0	0
GO:0047184	0	0	0	1	0	0
GO:0047237	0	1	0	0	0	0
GO:0047372	1	0	0	0	0	0
GO:0047484	0	1	1	0	0	0
GO:0047490	0	0	1	0	0	0
GO:0047496	0	0	0	0	1	0
GO:0047547	1	0	0	0	0	0
GO:0047621	1	0	0	0	0	0
GO:0047657	0	0	1	0	0	0
GO:0047888	1	0	1	0	0	0
GO:0048015	1	0	0	0	1	0
GO:0048016	0	0	0	0	1	0
GO:0048017	1	0	1	0	1	0
GO:0048018	0	0	1	0	0	0
GO:0048024	0	0	1	0	0	0
GO:0048025	0	0	1	0	0	0
GO:0048029	1	0	0	0	0	0
GO:0048037	1	1	1	1	1	0
GO:0048038	1	0	0	0	0	0
GO:0048065	1	0	0	0	0	0
GO:0048066	0	1	0	0	1	0
GO:0048069	0	1	0	0	1	0
GO:0048102	1	0	0	0	0	0
GO:0048103	0	0	0	0	1	0
GO:0048134	1	0	0	0	0	0
GO:0048135	1	0	0	0	0	0
GO:0048167	0	0	0	0	1	0
GO:0048193	1	1	1	0	1	0
GO:0048194	1	1	0	0	1	0
GO:0048210	1	0	0	0	0	0
GO:0048211	0	1	0	0	0	0
GO:0048229	0	1	0	0	0	0
GO:0048232	1	0	1	1	1	0
GO:0048256	0	1	0	1	0	0
GO:0048259	1	0	0	0	0	0
GO:0048260	1	0	0	0	0	0
GO:0048269	0	0	0	0	1	0
GO:0048270	0	0	0	0	1	0
GO:0048278	1	1	1	0	0	0
GO:0048280	1	0	0	0	0	0
GO:0048284	1	1	1	0	1	1
GO:0048285	1	1	1	1	1	1
GO:0048296	0	0	0	1	0	0
GO:0048298	0	0	0	1	0	0
GO:0048302	0	0	0	1	0	0
GO:0048304	0	0	0	1	0	0
GO:0048308	1	1	0	0	0	1
GO:0048309	0	0	0	0	0	1
GO:0048311	1	0	0	0	0	0
GO:0048315	1	1	1	0	1	0
GO:0048316	0	0	0	0	1	0
GO:0048332	0	0	0	0	1	0
GO:0048339	0	0	0	0	1	0
GO:0048340	0	0	0	0	1	0
GO:0048341	0	0	0	0	1	0
GO:0048367	0	1	0	0	0	0
GO:0048468	1	1	1	1	1	0
GO:0048469	1	0	0	0	1	0
GO:0048471	1	0	1	1	1	0
GO:0048475	0	0	0	0	1	0
GO:0048477	1	0	0	0	1	0
GO:0048500	0	0	0	0	1	0
GO:0048511	0	0	1	1	0	0
GO:0048512	0	0	0	1	0	0
GO:0048513	1	1	1	1	1	0
GO:0048514	0	0	0	0	1	0
GO:0048515	0	0	1	0	0	0
GO:0048518	1	1	1	1	1	1
GO:0048519	1	1	1	1	1	1
GO:0048522	1	1	1	1	1	1
GO:0048523	1	1	1	1	1	1
GO:0048524	0	0	0	0	1	0
GO:0048525	1	0	0	0	0	0
GO:0048534	1	1	1	1	1	0
GO:0048545	1	1	1	1	1	0
GO:0048546	0	0	0	0	1	0
GO:0048565	0	0	0	0	1	0
GO:0048568	1	0	1	0	1	0
GO:0048569	1	0	1	0	0	0
GO:0048583	1	1	1	1	1	0
GO:0048584	1	1	1	1	1	0
GO:0048585	1	1	1	1	1	0
GO:0048588	0	0	0	0	1	0
GO:0048589	0	0	0	0	1	0
GO:0048592	1	0	0	0	1	0
GO:0048593	1	0	0	0	1	0
GO:0048598	0	0	0	1	1	0
GO:0048599	1	0	0	0	1	0
GO:0048608	1	1	1	1	1	0
GO:0048609	1	0	1	1	1	0
GO:0048634	0	0	0	1	1	0
GO:0048635	0	0	0	1	1	0
GO:0048638	1	0	1	1	1	0
GO:0048639	1	0	1	0	1	0
GO:0048640	0	0	0	1	0	0
GO:0048646	1	1	1	1	1	0
GO:0048666	1	0	1	0	1	0
GO:0048699	1	0	1	0	1	0
GO:0048707	1	0	0	0	0	0
GO:0048729	0	0	0	1	1	0
GO:0048731	1	1	1	1	1	0
GO:0048732	1	0	0	1	1	0
GO:0048736	1	0	0	0	1	0
GO:0048737	1	0	0	0	0	0
GO:0048747	0	0	0	0	1	0
GO:0048749	0	0	0	0	1	0
GO:0048754	0	0	0	0	1	0
GO:0048762	0	0	0	0	1	0
GO:0048771	0	0	1	0	0	0
GO:0048793	0	0	0	0	1	0
GO:0048806	1	0	0	1	0	0
GO:0048812	0	0	0	0	1	0
GO:0048856	1	1	1	1	1	0
GO:0048857	0	0	0	0	1	0
GO:0048858	0	0	0	0	1	0
GO:0048863	0	0	0	0	1	0
GO:0048864	0	0	0	0	1	0
GO:0048869	1	1	1	1	1	1
GO:0048870	1	0	1	0	1	0
GO:0048872	1	1	1	0	0	0
GO:0048878	1	1	1	1	1	0
GO:0050000	1	1	1	1	1	0
GO:0050136	1	0	0	0	0	0
GO:0050213	0	0	0	1	0	0
GO:0050263	0	0	0	1	0	0
GO:0050354	1	0	0	0	0	0
GO:0050434	0	0	0	0	1	0
GO:0050640	1	0	1	0	0	0
GO:0050657	1	0	1	1	1	0
GO:0050658	1	0	1	1	1	0
GO:0050660	1	0	0	0	0	0
GO:0050661	0	0	0	1	0	0
GO:0050662	1	0	0	1	0	0
GO:0050663	0	0	1	0	0	0
GO:0050670	0	0	1	0	0	0
GO:0050671	0	0	1	0	0	0
GO:0050673	0	0	1	0	0	0
GO:0050678	0	0	1	0	0	0
GO:0050679	0	0	1	0	0	0
GO:0050681	0	1	0	0	0	0
GO:0050684	1	0	1	0	1	0
GO:0050685	1	0	1	0	1	0
GO:0050686	0	0	1	0	0	0
GO:0050687	1	0	0	0	0	0
GO:0050688	1	0	0	0	0	0
GO:0050692	0	1	0	0	0	0
GO:0050704	0	0	1	0	0	0
GO:0050706	0	0	1	0	0	0
GO:0050707	0	0	1	0	1	0
GO:0050708	0	0	1	1	1	0
GO:0050714	0	0	1	1	1	0
GO:0050715	0	0	1	0	1	0
GO:0050716	0	0	1	0	0	0
GO:0050718	0	0	1	0	0	0
GO:0050727	1	0	1	0	1	0
GO:0050730	1	0	1	0	1	0
GO:0050731	1	0	1	0	1	0
GO:0050732	0	0	0	0	1	0
GO:0050761	0	1	0	0	0	0
GO:0050763	0	1	0	0	0	0
GO:0050764	0	0	1	0	1	0
GO:0050765	0	0	1	0	0	0
GO:0050766	0	0	0	0	1	0
GO:0050767	1	0	1	0	1	0
GO:0050768	1	0	0	0	1	0
GO:0050769	0	0	1	0	1	0
GO:0050776	1	0	1	1	1	0
GO:0050777	0	0	1	0	0	0
GO:0050778	0	0	1	1	1	0
GO:0050779	0	0	0	0	1	0
GO:0050780	1	0	0	0	0	0
GO:0050786	0	0	1	0	0	0
GO:0050789	1	1	1	1	1	1
GO:0050790	1	1	1	1	1	0
GO:0050792	1	0	0	0	1	0
GO:0050793	1	1	1	1	1	0
GO:0050794	1	1	1	1	1	1
GO:0050795	1	0	0	0	0	0
GO:0050796	0	0	0	1	0	0
GO:0050801	1	1	1	1	1	0
GO:0050802	0	0	0	1	0	0
GO:0050804	0	0	0	0	1	0
GO:0050806	0	0	0	0	1	0
GO:0050808	1	0	0	0	1	0
GO:0050810	0	0	1	0	0	0
GO:0050821	1	0	1	0	1	0
GO:0050826	0	0	0	0	0	1
GO:0050829	1	0	1	0	1	0
GO:0050830	0	0	1	0	0	0
GO:0050831	0	0	1	0	0	0
GO:0050832	1	0	1	0	1	0
GO:0050839	0	0	1	0	0	0
GO:0050863	0	0	1	0	1	0
GO:0050864	0	0	0	1	0	0
GO:0050865	0	0	1	1	1	0
GO:0050866	0	0	1	0	0	0
GO:0050867	0	0	1	1	1	0
GO:0050868	0	0	1	0	0	0
GO:0050870	0	0	1	0	1	0
GO:0050871	0	0	0	1	0	0
GO:0050877	1	0	1	1	1	0
GO:0050880	1	0	0	0	0	0
GO:0050890	1	0	0	1	1	0
GO:0050896	1	1	1	1	1	1
GO:0050900	0	0	1	0	0	0
GO:0050909	0	0	0	0	1	0
GO:0050918	0	0	1	0	0	0
GO:0050920	0	1	1	0	0	0
GO:0050921	0	1	1	0	0	0
GO:0050926	0	0	1	0	0	0
GO:0050927	0	0	1	0	0	0
GO:0050930	0	0	1	0	0	0
GO:0050953	1	0	1	0	1	0
GO:0050994	0	0	0	0	1	0
GO:0050996	0	0	0	0	1	0
GO:0050997	1	0	0	0	1	0
GO:0051015	1	0	0	0	1	1
GO:0051016	0	0	0	0	1	0
GO:0051017	1	0	0	0	1	0
GO:0051020	1	0	0	1	1	0
GO:0051026	0	1	0	0	0	0
GO:0051028	1	0	1	0	1	0
GO:0051029	1	0	0	1	0	0
GO:0051030	0	0	1	0	0	0
GO:0051031	1	0	0	1	0	0
GO:0051046	0	0	1	1	1	0
GO:0051047	0	0	1	1	1	0
GO:0051049	1	1	1	1	1	0
GO:0051050	1	0	1	1	1	0
GO:0051051	0	0	1	0	1	0
GO:0051052	1	1	1	1	1	1
GO:0051053	1	1	1	1	1	1
GO:0051054	1	0	1	1	1	0
GO:0051055	1	0	0	0	1	0
GO:0051056	1	1	1	1	1	0
GO:0051057	0	0	1	0	0	0
GO:0051058	1	1	1	0	1	0
GO:0051082	1	1	1	0	0	0
GO:0051083	1	0	0	0	0	0
GO:0051084	1	0	1	0	0	0
GO:0051085	1	0	1	0	0	0
GO:0051087	0	0	1	0	0	0
GO:0051090	0	0	0	0	1	0
GO:0051091	0	0	0	0	1	0
GO:0051092	0	0	0	0	1	0
GO:0051093	1	0	1	1	1	0
GO:0051094	1	0	1	1	1	0
GO:0051095	0	0	0	1	0	0
GO:0051096	0	0	0	1	0	0
GO:0051098	1	0	1	1	1	0
GO:0051099	1	0	1	1	1	0
GO:0051100	0	0	0	0	1	0
GO:0051101	1	0	1	1	1	0
GO:0051103	1	0	1	0	0	0
GO:0051105	0	0	1	0	0	0
GO:0051106	0	0	1	0	0	0
GO:0051118	0	1	0	0	0	0
GO:0051119	1	0	0	0	1	0
GO:0051123	0	0	0	0	1	0
GO:0051125	0	0	0	0	1	0
GO:0051126	0	0	0	0	1	0
GO:0051127	0	0	0	0	1	0
GO:0051128	1	1	1	1	1	1
GO:0051129	1	1	1	1	1	0
GO:0051130	1	1	1	1	1	1
GO:0051131	0	0	0	0	0	1
GO:0051146	0	0	0	0	1	0
GO:0051147	0	0	0	1	0	0
GO:0051148	0	0	0	1	0	0
GO:0051153	0	0	0	1	0	0
GO:0051154	0	0	0	1	0	0
GO:0051156	1	0	1	0	0	0
GO:0051168	1	0	1	1	1	0
GO:0051169	1	0	1	1	1	0
GO:0051170	1	0	0	1	1	0
GO:0051171	1	1	1	1	1	1
GO:0051172	1	1	1	1	1	1
GO:0051173	1	1	1	1	1	1
GO:0051174	1	1	1	1	1	1
GO:0051176	1	0	1	1	0	1
GO:0051177	0	0	1	0	0	0
GO:0051179	1	1	1	1	1	1
GO:0051180	0	0	0	1	1	0
GO:0051181	1	1	0	1	0	0
GO:0051182	0	0	0	1	0	0
GO:0051184	0	0	0	1	0	0
GO:0051185	0	0	0	1	0	0
GO:0051186	1	1	1	1	1	0
GO:0051187	1	1	1	0	0	0
GO:0051188	1	1	1	1	1	0
GO:0051189	1	1	0	0	0	0
GO:0051192	0	1	0	0	0	0
GO:0051193	0	1	1	0	1	1
GO:0051194	0	0	1	0	0	1
GO:0051195	0	0	0	0	1	0
GO:0051196	0	1	1	0	1	1
GO:0051197	0	0	1	0	0	1
GO:0051198	0	0	0	0	1	0
GO:0051204	1	0	0	0	1	1
GO:0051205	1	0	0	0	1	1
GO:0051213	1	0	1	0	0	0
GO:0051220	0	0	0	0	1	0
GO:0051222	0	0	1	1	1	0
GO:0051223	1	0	1	1	1	0
GO:0051225	0	1	0	0	1	0
GO:0051228	0	0	0	1	0	0
GO:0051229	0	1	0	1	0	0
GO:0051230	0	1	0	1	0	0
GO:0051231	0	0	0	0	1	0
GO:0051233	0	0	0	1	1	0
GO:0051234	1	1	1	1	1	1
GO:0051235	0	0	0	0	1	0
GO:0051236	1	0	1	1	1	0
GO:0051239	1	0	1	1	1	0
GO:0051240	1	0	1	1	1	0
GO:0051241	1	0	1	1	1	0
GO:0051246	1	1	1	1	1	0
GO:0051247	1	1	1	1	1	0
GO:0051248	1	0	1	1	1	0
GO:0051249	0	0	1	1	1	0
GO:0051250	0	0	1	0	0	0
GO:0051251	0	0	1	1	1	0
GO:0051252	1	1	1	1	1	1
GO:0051253	1	1	1	1	1	1
GO:0051254	1	1	1	1	1	1
GO:0051258	0	0	1	0	1	0
GO:0051259	1	0	1	1	1	0
GO:0051260	1	0	1	1	1	0
GO:0051261	0	0	0	0	1	0
GO:0051270	1	0	1	0	1	0
GO:0051271	0	0	1	0	0	0
GO:0051272	1	0	1	0	1	0
GO:0051273	1	0	1	0	0	0
GO:0051274	1	0	0	0	0	0
GO:0051275	0	0	1	0	0	0
GO:0051276	1	1	1	1	1	1
GO:0051278	1	0	0	0	0	0
GO:0051285	0	0	1	0	1	0
GO:0051286	1	1	1	1	1	0
GO:0051287	0	0	0	1	0	0
GO:0051291	0	0	0	0	1	0
GO:0051293	0	0	0	0	1	0
GO:0051294	0	0	0	0	1	0
GO:0051300	1	0	0	0	1	0
GO:0051301	1	1	1	1	1	1
GO:0051302	0	1	1	1	1	0
GO:0051303	1	0	0	1	1	0
GO:0051305	0	0	0	0	1	0
GO:0051310	1	0	0	1	1	0
GO:0051311	0	0	0	1	0	0
GO:0051315	1	0	0	0	1	0
GO:0051316	1	0	0	1	0	0
GO:0051321	1	1	1	1	1	0
GO:0051336	1	1	1	1	1	0
GO:0051338	1	1	1	1	1	0
GO:0051339	0	0	0	0	1	0
GO:0051341	1	0	0	0	0	0
GO:0051345	1	0	1	1	1	0
GO:0051346	1	0	1	0	1	0
GO:0051347	1	1	1	1	1	0
GO:0051348	1	1	0	1	0	0
GO:0051349	0	0	0	0	1	0
GO:0051354	1	0	0	0	0	0
GO:0051377	1	1	0	0	0	0
GO:0051382	1	0	0	0	1	0
GO:0051383	1	0	0	0	1	0
GO:0051384	0	0	1	1	0	0
GO:0051385	1	1	0	0	0	0
GO:0051415	0	0	0	0	1	0
GO:0051418	0	0	0	0	1	0
GO:0051427	1	1	0	0	1	0
GO:0051428	1	0	0	0	0	0
GO:0051429	1	0	0	0	0	0
GO:0051430	1	0	0	0	0	0
GO:0051445	1	1	1	1	1	0
GO:0051446	1	1	0	1	1	0
GO:0051447	1	0	1	1	1	0
GO:0051450	0	0	1	0	0	0
GO:0051452	1	0	0	0	0	0
GO:0051453	1	0	0	0	0	0
GO:0051455	1	0	0	0	0	0
GO:0051457	0	0	0	0	1	0
GO:0051469	1	0	1	0	0	0
GO:0051480	0	0	1	0	0	0
GO:0051489	0	0	0	0	1	0
GO:0051491	0	0	0	0	1	0
GO:0051493	1	1	1	1	1	1
GO:0051494	0	0	0	0	1	0
GO:0051495	0	0	1	0	1	1
GO:0051503	1	1	1	0	1	0
GO:0051510	0	0	1	0	1	0
GO:0051512	0	0	1	0	1	0
GO:0051513	0	0	1	0	1	0
GO:0051515	0	0	1	0	1	0
GO:0051536	1	0	0	0	1	0
GO:0051537	1	0	0	0	0	0
GO:0051540	1	0	0	0	1	0
GO:0051560	0	0	0	1	0	0
GO:0051561	0	0	0	1	0	0
GO:0051567	0	0	0	1	0	0
GO:0051570	1	0	0	0	0	0
GO:0051591	0	0	0	1	0	0
GO:0051592	0	0	0	0	1	0
GO:0051594	1	0	0	0	0	0
GO:0051596	0	0	0	1	0	0
GO:0051598	0	0	0	0	1	0
GO:0051601	0	0	0	0	1	0
GO:0051602	0	0	0	0	1	0
GO:0051603	1	1	1	1	1	1
GO:0051604	1	0	1	1	1	0
GO:0051606	1	0	0	0	0	0
GO:0051607	1	0	0	0	0	0
GO:0051639	0	0	0	0	1	0
GO:0051640	1	1	1	1	1	0
GO:0051641	1	1	1	1	1	1
GO:0051643	0	0	0	1	0	0
GO:0051646	1	0	0	0	0	0
GO:0051647	1	0	1	0	1	0
GO:0051648	1	0	1	0	1	0
GO:0051649	1	1	1	1	1	1
GO:0051650	1	0	1	0	1	0
GO:0051651	0	0	0	0	1	0
GO:0051653	0	0	0	0	1	0
GO:0051656	1	0	1	1	1	0
GO:0051664	1	0	0	0	0	0
GO:0051665	0	0	0	0	1	0
GO:0051666	0	0	0	1	1	0
GO:0051668	1	0	1	0	1	0
GO:0051674	1	0	1	0	1	0
GO:0051693	0	0	0	0	1	0
GO:0051701	1	1	1	1	1	0
GO:0051702	0	0	0	0	1	0
GO:0051703	1	1	1	1	0	0
GO:0051704	1	1	1	1	1	1
GO:0051705	0	0	0	1	0	0
GO:0051707	1	0	1	1	1	0
GO:0051716	1	1	1	1	1	1
GO:0051726	1	1	1	1	1	1
GO:0051781	1	1	1	1	1	0
GO:0051782	0	1	1	0	0	0
GO:0051783	1	1	1	1	1	0
GO:0051784	1	0	0	1	1	0
GO:0051785	1	1	1	1	1	0
GO:0051788	1	0	0	0	0	0
GO:0051805	0	0	1	0	1	0
GO:0051807	0	0	1	0	1	0
GO:0051817	0	0	1	0	1	0
GO:0051828	0	0	1	0	0	0
GO:0051832	0	0	1	1	1	0
GO:0051834	0	0	1	1	1	0
GO:0051836	1	0	0	0	0	0
GO:0051851	0	0	0	0	1	0
GO:0051861	0	0	1	0	0	0
GO:0051879	1	0	1	0	1	0
GO:0051880	0	1	0	0	0	0
GO:0051881	1	0	0	0	0	0
GO:0051899	0	0	0	0	1	0
GO:0051924	0	0	0	0	1	0
GO:0051926	0	0	0	0	1	0
GO:0051952	0	0	1	1	1	0
GO:0051953	0	0	1	0	1	0
GO:0051954	0	0	0	0	1	0
GO:0051955	0	0	1	1	1	0
GO:0051956	0	0	1	0	1	0
GO:0051957	0	0	0	0	1	0
GO:0051960	1	0	1	0	1	0
GO:0051961	1	0	0	0	1	0
GO:0051962	0	0	1	0	1	0
GO:0051972	0	1	0	1	1	0
GO:0051973	0	0	0	0	1	0
GO:0051974	0	1	0	1	0	0
GO:0051983	1	1	1	1	1	0
GO:0051984	1	1	1	1	1	0
GO:0051985	1	0	0	1	1	0
GO:0051998	0	0	1	0	0	0
GO:0052031	0	0	1	0	1	0
GO:0052047	1	0	1	0	0	0
GO:0052048	1	0	1	0	0	0
GO:0052051	1	0	1	0	0	0
GO:0052059	0	0	1	0	0	0
GO:0052067	0	0	0	1	0	0
GO:0052155	0	0	0	0	1	0
GO:0052173	0	0	1	1	1	0
GO:0052200	0	0	1	1	1	0
GO:0052211	1	0	1	0	0	0
GO:0052251	0	0	1	0	0	0
GO:0052255	0	0	1	0	1	0
GO:0052294	0	0	0	0	1	0
GO:0052312	0	0	0	0	1	0
GO:0052371	0	0	0	1	0	0
GO:0052372	0	0	0	1	0	0
GO:0052373	0	0	0	1	0	0
GO:0052374	0	0	0	1	0	0
GO:0052379	0	0	0	1	0	0
GO:0052380	0	0	0	1	0	0
GO:0052385	0	0	1	0	0	0
GO:0052472	0	0	0	0	1	0
GO:0052483	0	0	0	1	0	0
GO:0052509	0	0	1	0	0	0
GO:0052510	0	0	1	0	0	0
GO:0052547	1	0	1	0	1	0
GO:0052548	1	0	1	0	1	0
GO:0052550	0	0	1	0	0	0
GO:0052552	0	0	0	0	1	0
GO:0052553	0	0	0	0	1	0
GO:0052564	0	0	1	0	1	0
GO:0052567	0	0	1	0	0	0
GO:0052572	0	0	1	0	1	0
GO:0052689	1	1	0	0	0	0
GO:0052716	0	1	0	0	0	0
GO:0052717	1	0	0	0	0	0
GO:0052718	1	0	0	0	0	0
GO:0052735	1	0	0	0	0	0
GO:0052736	1	0	1	0	0	0
GO:0052742	1	0	0	0	0	0
GO:0052745	0	0	1	0	0	0
GO:0052834	0	0	1	0	0	0
GO:0052866	1	1	1	0	1	0
GO:0052878	1	0	1	0	0	0
GO:0052905	1	0	0	0	0	0
GO:0055001	0	0	0	0	1	0
GO:0055002	0	0	0	0	1	0
GO:0055021	0	0	0	1	0	0
GO:0055022	0	0	0	1	0	0
GO:0055024	0	0	0	1	0	0
GO:0055026	0	0	0	1	0	0
GO:0055029	1	0	1	0	1	0
GO:0055044	0	0	0	1	0	0
GO:0055057	0	0	0	0	1	0
GO:0055059	0	0	0	0	1	0
GO:0055062	0	0	0	0	1	0
GO:0055065	1	1	1	1	1	0
GO:0055067	1	0	1	0	0	0
GO:0055070	1	0	0	0	0	0
GO:0055071	0	0	0	0	1	0
GO:0055072	1	1	0	0	1	0
GO:0055074	1	0	1	1	1	0
GO:0055075	0	0	1	0	0	0
GO:0055076	1	1	0	0	1	0
GO:0055080	1	1	1	1	1	0
GO:0055081	1	0	0	0	1	0
GO:0055082	1	1	1	1	1	0
GO:0055083	0	0	0	0	1	0
GO:0055085	1	1	1	1	1	1
GO:0055086	1	1	1	1	1	0
GO:0055087	1	0	0	0	0	0
GO:0055088	1	1	0	1	1	0
GO:0055092	1	1	0	0	1	0
GO:0055114	1	1	1	1	1	0
GO:0055122	0	0	1	0	0	0
GO:0055123	0	0	0	0	1	0
GO:0060019	0	0	0	0	1	0
GO:0060021	0	0	0	0	1	0
GO:0060026	0	0	0	1	0	0
GO:0060027	0	0	0	1	0	0
GO:0060033	1	0	0	0	1	0
GO:0060041	1	0	0	0	1	0
GO:0060042	1	0	0	0	1	0
GO:0060070	0	0	0	0	1	0
GO:0060081	0	0	0	0	1	0
GO:0060089	1	0	1	1	1	0
GO:0060090	1	0	0	1	1	1
GO:0060099	0	0	0	0	1	0
GO:0060100	0	0	0	0	1	0
GO:0060136	1	0	1	0	1	0
GO:0060147	1	0	0	0	1	0
GO:0060148	1	0	0	0	0	0
GO:0060149	0	0	0	0	1	0
GO:0060173	0	0	0	0	1	0
GO:0060179	1	0	0	0	0	0
GO:0060187	1	0	0	0	1	0
GO:0060191	0	0	0	0	1	0
GO:0060193	0	0	0	0	1	0
GO:0060194	1	0	1	0	0	0
GO:0060195	1	0	1	0	0	0
GO:0060205	0	0	1	0	0	0
GO:0060211	1	0	0	0	0	0
GO:0060213	1	0	0	0	0	0
GO:0060219	1	0	0	0	0	0
GO:0060236	0	0	0	1	1	0
GO:0060237	1	0	1	0	0	0
GO:0060238	0	0	1	0	0	0
GO:0060240	0	0	1	0	0	0
GO:0060249	1	1	1	1	1	1
GO:0060251	0	0	0	0	1	0
GO:0060252	0	0	0	0	1	0
GO:0060255	1	1	1	1	1	1
GO:0060256	0	0	1	0	0	0
GO:0060257	0	0	1	0	0	0
GO:0060258	1	1	1	1	1	0
GO:0060260	0	0	1	0	1	0
GO:0060261	0	0	0	0	1	0
GO:0060281	1	0	0	0	0	0
GO:0060284	1	0	1	1	1	0
GO:0060291	0	0	0	0	1	0
GO:0060293	0	0	0	0	1	0
GO:0060303	1	0	1	0	1	0
GO:0060304	0	0	0	1	0	0
GO:0060305	1	0	0	0	0	0
GO:0060322	0	0	0	1	1	0
GO:0060323	0	0	0	0	1	0
GO:0060324	0	0	0	0	1	0
GO:0060325	0	0	0	0	1	0
GO:0060326	0	0	1	0	1	0
GO:0060341	1	1	1	1	1	0
GO:0060348	0	0	0	1	0	0
GO:0060401	0	0	0	1	0	0
GO:0060416	0	0	0	1	0	0
GO:0060420	0	0	0	1	0	0
GO:0060429	1	0	1	1	1	0
GO:0060438	0	0	0	0	1	0
GO:0060446	0	0	0	0	1	0
GO:0060485	0	0	0	0	1	0
GO:0060491	0	0	0	0	1	0
GO:0060541	0	0	1	0	1	0
GO:0060542	1	0	0	0	0	0
GO:0060548	1	0	1	1	1	0
GO:0060560	0	0	0	0	1	0
GO:0060561	0	0	0	0	1	0
GO:0060562	0	0	0	0	1	0
GO:0060563	0	0	0	0	1	0
GO:0060583	1	0	0	0	0	0
GO:0060589	1	0	1	1	1	0
GO:0060590	1	0	1	0	1	0
GO:0060623	0	1	0	1	0	0
GO:0060627	1	0	1	1	1	0
GO:0060628	1	0	0	0	0	0
GO:0060631	1	0	0	1	1	0
GO:0060633	0	0	1	0	0	0
GO:0060669	0	0	0	0	1	0
GO:0060698	1	0	0	0	0	0
GO:0060699	1	0	0	0	0	0
GO:0060700	1	0	0	0	0	0
GO:0060701	1	0	0	0	0	0
GO:0060702	1	0	0	0	0	0
GO:0060710	0	0	0	0	1	0
GO:0060711	0	0	0	0	1	0
GO:0060713	0	0	0	0	1	0
GO:0060810	1	0	0	0	0	0
GO:0060811	1	0	0	0	0	0
GO:0060828	0	0	0	0	1	0
GO:0060903	1	0	0	0	0	0
GO:0060917	0	0	0	0	1	0
GO:0060962	0	1	0	0	1	0
GO:0060963	0	1	0	0	1	0
GO:0060964	1	0	0	0	1	0
GO:0060965	0	0	0	0	1	0
GO:0060966	1	0	0	0	1	0
GO:0060967	0	0	0	0	1	0
GO:0060968	1	0	1	1	1	0
GO:0060969	1	0	1	0	1	0
GO:0060992	0	0	0	1	0	0
GO:0061005	0	0	0	0	1	0
GO:0061008	0	0	0	1	0	0
GO:0061013	1	0	0	1	1	0
GO:0061014	1	0	0	1	1	0
GO:0061024	1	1	1	1	1	1
GO:0061025	1	1	1	0	1	1
GO:0061041	0	0	1	1	0	0
GO:0061050	0	0	0	1	0	0
GO:0061052	0	0	0	1	0	0
GO:0061053	0	0	0	0	1	0
GO:0061061	1	0	0	0	1	0
GO:0061077	1	0	1	0	0	0
GO:0061091	0	0	1	0	1	0
GO:0061117	0	0	0	1	0	0
GO:0061133	0	0	1	0	0	0
GO:0061134	0	0	1	0	1	0
GO:0061135	0	0	1	0	1	0
GO:0061136	0	0	1	0	1	0
GO:0061138	0	0	0	0	1	0
GO:0061152	0	0	0	0	1	0
GO:0061153	0	0	0	0	1	0
GO:0061157	0	0	0	0	1	0
GO:0061158	0	0	0	0	1	0
GO:0061162	0	0	0	0	1	0
GO:0061187	0	0	0	1	0	0
GO:0061245	0	0	0	0	1	0
GO:0061326	0	0	0	0	1	0
GO:0061339	0	0	0	0	1	0
GO:0061351	1	0	0	0	1	0
GO:0061370	0	0	0	1	0	0
GO:0061392	0	0	0	0	1	0
GO:0061393	0	0	0	0	1	0
GO:0061394	0	0	0	0	1	0
GO:0061395	0	0	0	0	1	0
GO:0061404	0	0	0	0	1	0
GO:0061408	1	0	1	0	1	0
GO:0061413	0	0	0	1	1	0
GO:0061414	0	0	0	1	1	0
GO:0061416	0	0	0	0	1	0
GO:0061421	0	0	0	0	1	0
GO:0061429	0	0	0	0	1	0
GO:0061458	1	1	1	1	1	0
GO:0061459	0	0	1	0	0	0
GO:0061492	1	0	1	0	0	0
GO:0061509	0	0	1	0	0	0
GO:0061510	1	0	0	0	0	0
GO:0061572	1	0	0	0	1	0
GO:0061574	0	0	1	0	0	0
GO:0061586	1	0	1	0	0	0
GO:0061608	1	0	0	0	0	0
GO:0061615	0	1	1	0	0	0
GO:0061620	0	1	1	0	0	0
GO:0061621	0	1	1	0	0	0
GO:0061624	1	0	0	0	0	0
GO:0061625	1	0	0	0	0	0
GO:0061630	1	1	1	1	1	0
GO:0061638	0	0	0	0	1	0
GO:0061640	1	1	1	1	1	1
GO:0061641	1	1	0	0	1	0
GO:0061645	1	0	1	0	1	1
GO:0061647	0	0	1	1	0	0
GO:0061650	0	0	0	0	1	0
GO:0061656	0	0	0	0	1	0
GO:0061659	1	1	1	1	1	0
GO:0061668	1	0	0	0	0	0
GO:0061687	1	1	1	0	0	0
GO:0061691	1	1	1	0	0	0
GO:0061692	1	1	1	0	0	0
GO:0061695	1	0	1	1	1	0
GO:0061709	0	1	0	0	0	0
GO:0061718	0	1	1	0	0	0
GO:0061726	1	0	0	1	1	0
GO:0061727	0	0	0	1	0	0
GO:0061733	1	0	1	1	0	0
GO:0061770	1	0	1	0	1	0
GO:0061775	0	0	1	0	0	0
GO:0061780	0	0	1	0	0	0
GO:0061794	1	1	1	0	1	0
GO:0061804	0	0	0	0	1	0
GO:0061805	0	0	0	0	1	0
GO:0061817	0	0	0	1	0	0
GO:0061912	0	1	0	0	0	0
GO:0061919	1	1	1	1	1	0
GO:0061951	1	0	0	0	1	0
GO:0061957	0	0	1	0	1	0
GO:0061980	1	0	0	0	0	0
GO:0061982	1	1	1	1	1	0
GO:0061983	1	0	1	1	1	0
GO:0061984	0	1	1	1	1	0
GO:0061985	0	1	1	0	1	0
GO:0061986	0	1	1	0	1	0
GO:0061987	0	1	1	0	1	0
GO:0061988	1	0	0	0	0	0
GO:0062009	0	0	0	0	1	0
GO:0062012	1	1	1	1	1	1
GO:0062013	1	0	1	1	1	1
GO:0062014	0	0	0	1	1	0
GO:0062022	0	0	1	0	0	0
GO:0062033	1	1	1	1	1	0
GO:0062039	0	1	0	0	0	0
GO:0062040	0	1	0	0	0	0
GO:0065002	0	0	1	1	1	0
GO:0065003	1	1	1	1	1	1
GO:0065004	1	1	1	0	1	0
GO:0065007	1	1	1	1	1	1
GO:0065008	1	1	1	1	1	1
GO:0065009	1	1	1	1	1	0
GO:0070001	1	1	1	0	1	0
GO:0070003	1	0	0	0	0	0
GO:0070006	1	0	0	0	0	0
GO:0070008	0	0	1	0	0	0
GO:0070011	1	1	1	1	1	0
GO:0070013	1	1	1	1	1	1
GO:0070016	0	0	0	0	1	0
GO:0070034	1	0	0	0	1	0
GO:0070035	1	1	1	1	1	0
GO:0070062	1	0	0	0	0	0
GO:0070063	1	0	1	0	0	0
GO:0070069	0	0	0	0	1	0
GO:0070071	1	0	0	0	0	0
GO:0070076	1	0	1	0	1	0
GO:0070084	1	0	0	0	0	0
GO:0070085	1	0	1	1	1	1
GO:0070125	1	1	0	1	0	0
GO:0070126	0	1	0	0	0	0
GO:0070129	0	0	0	0	1	0
GO:0070131	0	0	0	0	1	0
GO:0070132	0	0	0	0	1	0
GO:0070134	0	0	0	0	1	0
GO:0070160	0	0	0	0	1	0
GO:0070161	0	0	0	0	1	0
GO:0070182	0	0	1	0	1	0
GO:0070187	0	0	0	1	0	0
GO:0070192	1	1	1	1	1	0
GO:0070193	1	0	1	0	0	0
GO:0070197	0	0	0	1	0	0
GO:0070198	0	0	0	0	1	0
GO:0070199	0	0	0	0	1	0
GO:0070201	1	0	1	1	1	0
GO:0070202	0	0	0	0	1	0
GO:0070206	1	0	1	0	1	0
GO:0070207	1	0	1	0	1	0
GO:0070209	0	0	0	0	1	0
GO:0070283	0	0	0	1	0	0
GO:0070300	1	0	0	0	0	0
GO:0070301	1	1	1	1	1	0
GO:0070302	1	0	1	1	0	0
GO:0070303	1	0	0	1	0	0
GO:0070304	0	0	1	0	0	0
GO:0070372	0	0	1	0	1	0
GO:0070374	0	0	1	0	1	0
GO:0070401	0	0	0	1	0	0
GO:0070402	0	0	0	1	0	0
GO:0070403	0	0	0	1	0	0
GO:0070405	1	0	0	0	1	0
GO:0070413	1	0	0	0	1	0
GO:0070414	0	0	0	0	1	0
GO:0070415	0	0	0	0	1	0
GO:0070417	0	0	1	0	1	1
GO:0070452	0	0	1	0	0	0
GO:0070461	1	0	1	0	1	0
GO:0070469	1	0	0	0	1	0
GO:0070478	1	0	0	0	0	0
GO:0070481	1	0	0	0	0	0
GO:0070482	0	0	1	0	0	0
GO:0070491	0	1	1	0	0	0
GO:0070492	0	0	1	0	0	0
GO:0070507	0	0	0	1	1	0
GO:0070509	0	0	0	1	0	0
GO:0070525	1	0	0	0	0	0
GO:0070528	0	0	0	0	1	0
GO:0070536	0	0	0	0	1	0
GO:0070542	1	0	0	0	0	0
GO:0070545	0	0	0	1	0	0
GO:0070551	1	0	0	0	0	0
GO:0070555	0	0	1	0	1	0
GO:0070566	0	0	0	1	0	0
GO:0070567	0	0	1	0	0	0
GO:0070577	1	0	1	0	0	0
GO:0070578	1	0	0	0	0	0
GO:0070585	1	0	1	1	1	1
GO:0070588	0	0	1	1	1	0
GO:0070589	1	0	1	0	0	0
GO:0070590	1	1	1	0	1	0
GO:0070591	1	1	1	0	1	0
GO:0070592	1	0	1	0	0	0
GO:0070595	0	0	1	0	0	0
GO:0070596	0	0	1	0	0	0
GO:0070597	0	0	1	0	0	0
GO:0070598	0	0	1	0	0	0
GO:0070599	0	0	1	0	0	0
GO:0070600	0	0	1	0	0	0
GO:0070601	0	0	1	0	0	0
GO:0070603	1	0	1	0	1	0
GO:0070623	0	0	1	0	0	1
GO:0070629	0	0	1	0	0	0
GO:0070630	0	0	1	0	0	0
GO:0070635	0	0	0	1	0	0
GO:0070636	0	0	0	1	0	0
GO:0070646	1	0	1	1	1	0
GO:0070647	1	1	1	1	1	1
GO:0070650	1	0	0	0	0	0
GO:0070651	0	0	0	0	1	0
GO:0070661	0	0	1	0	1	0
GO:0070663	0	0	1	0	0	0
GO:0070665	0	0	1	0	0	0
GO:0070670	0	0	0	0	1	0
GO:0070671	0	0	1	0	0	0
GO:0070682	0	0	0	0	1	0
GO:0070717	1	0	0	0	0	0
GO:0070726	1	1	1	0	1	0
GO:0070727	1	1	1	1	1	1
GO:0070742	0	0	0	0	1	0
GO:0070772	0	0	0	0	1	0
GO:0070775	1	1	1	0	0	0
GO:0070783	1	1	1	0	1	1
GO:0070784	0	1	1	0	1	0
GO:0070785	0	1	1	0	1	0
GO:0070786	0	0	1	0	1	0
GO:0070787	0	1	0	0	0	0
GO:0070790	0	1	0	0	0	0
GO:0070820	0	0	1	0	0	0
GO:0070821	0	0	1	0	0	0
GO:0070822	1	0	1	0	0	0
GO:0070823	0	0	0	0	1	0
GO:0070827	1	0	1	1	0	0
GO:0070828	1	0	1	1	1	0
GO:0070829	1	0	1	1	0	0
GO:0070830	0	0	0	0	1	0
GO:0070838	1	0	1	1	1	0
GO:0070847	0	0	0	0	1	0
GO:0070848	0	0	1	1	1	0
GO:0070850	0	0	0	0	1	0
GO:0070852	0	0	0	1	0	0
GO:0070868	1	0	1	1	1	0
GO:0070869	1	0	1	0	0	0
GO:0070870	1	0	1	1	0	0
GO:0070871	1	1	1	0	0	0
GO:0070873	0	0	1	0	1	0
GO:0070874	0	0	0	0	1	0
GO:0070875	0	0	1	0	0	0
GO:0070878	0	0	0	0	1	0
GO:0070879	1	0	1	0	0	0
GO:0070880	1	0	0	0	0	0
GO:0070881	0	0	0	1	1	0
GO:0070883	0	0	0	0	1	0
GO:0070887	1	1	1	1	1	1
GO:0070897	0	0	0	0	1	0
GO:0070899	1	0	0	0	0	0
GO:0070900	1	0	0	0	0	0
GO:0070910	1	0	0	0	0	0
GO:0070911	0	0	0	0	1	0
GO:0070914	1	0	0	0	0	0
GO:0070918	1	0	0	0	1	0
GO:0070919	1	0	0	0	0	0
GO:0070920	0	0	0	0	1	0
GO:0070922	1	0	0	0	0	0
GO:0070924	1	0	0	0	0	0
GO:0070925	1	1	1	1	1	0
GO:0070932	1	0	1	0	1	0
GO:0070933	1	0	0	0	0	0
GO:0070938	1	0	0	1	1	0
GO:0070940	0	0	1	0	0	0
GO:0070972	1	1	1	0	1	0
GO:0070979	0	0	0	0	1	0
GO:0070987	0	0	1	0	0	0
GO:0070988	1	0	1	0	1	0
GO:0071004	0	0	0	0	1	0
GO:0071010	0	0	0	0	1	0
GO:0071011	1	0	0	1	1	0
GO:0071013	1	0	0	1	1	0
GO:0071014	1	0	0	0	1	0
GO:0071025	1	0	0	0	1	0
GO:0071027	1	0	0	0	1	0
GO:0071028	1	0	0	0	1	0
GO:0071029	1	0	0	0	0	0
GO:0071030	1	0	0	0	1	0
GO:0071031	1	0	0	0	0	0
GO:0071033	1	0	0	0	1	0
GO:0071035	1	0	0	0	0	0
GO:0071038	1	0	0	0	0	0
GO:0071042	1	0	0	0	0	0
GO:0071046	1	0	0	0	0	0
GO:0071047	1	0	0	0	0	0
GO:0071048	1	0	0	0	1	0
GO:0071049	1	0	0	0	0	0
GO:0071051	1	0	0	0	0	0
GO:0071071	1	0	0	0	1	0
GO:0071072	1	0	0	0	1	0
GO:0071103	1	1	1	1	1	0
GO:0071108	1	0	0	1	0	0
GO:0071156	0	0	0	1	0	0
GO:0071158	0	0	0	1	0	0
GO:0071163	1	0	0	0	0	0
GO:0071166	1	0	1	1	1	0
GO:0071168	0	0	1	0	0	1
GO:0071173	1	0	0	1	1	0
GO:0071174	1	0	0	1	1	0
GO:0071214	1	1	1	1	1	1
GO:0071216	1	1	1	1	1	0
GO:0071218	1	0	0	0	0	0
GO:0071219	0	0	1	0	0	0
GO:0071222	0	0	1	0	0	0
GO:0071229	1	0	1	0	1	1
GO:0071230	1	0	1	0	1	0
GO:0071236	1	1	1	1	1	1
GO:0071241	1	0	1	0	1	0
GO:0071243	1	0	1	0	1	0
GO:0071248	1	0	1	0	1	0
GO:0071255	1	0	1	0	0	0
GO:0071257	0	0	0	0	1	0
GO:0071265	1	1	0	0	0	0
GO:0071267	1	1	0	0	0	0
GO:0071276	1	0	1	0	1	0
GO:0071277	0	0	0	0	1	0
GO:0071280	1	0	1	0	1	0
GO:0071281	0	0	0	0	1	0
GO:0071285	1	0	1	0	1	0
GO:0071310	1	1	1	1	1	1
GO:0071312	0	0	0	0	1	0
GO:0071313	0	0	0	0	1	0
GO:0071320	0	0	0	1	0	0
GO:0071322	1	0	1	0	1	0
GO:0071326	1	0	1	0	1	0
GO:0071331	1	0	1	0	1	0
GO:0071333	1	0	1	0	1	0
GO:0071341	0	0	0	1	0	0
GO:0071345	0	1	1	0	1	0
GO:0071347	0	0	1	0	0	0
GO:0071349	0	0	1	0	0	0
GO:0071353	0	0	0	0	1	0
GO:0071356	0	1	0	0	0	0
GO:0071359	1	0	0	0	1	0
GO:0071361	0	0	0	0	0	1
GO:0071363	0	0	1	1	1	0
GO:0071375	1	0	1	1	1	0
GO:0071383	0	0	0	1	1	0
GO:0071384	0	0	0	1	0	0
GO:0071385	0	0	0	1	0	0
GO:0071390	1	0	0	0	0	0
GO:0071392	1	0	1	1	1	0
GO:0071394	0	0	0	1	0	0
GO:0071396	1	0	1	1	1	0
GO:0071398	1	0	0	0	0	0
GO:0071400	1	0	0	0	0	0
GO:0071407	1	0	1	1	1	0
GO:0071415	0	0	0	0	1	0
GO:0071417	1	0	1	1	1	0
GO:0071422	0	0	1	0	0	0
GO:0071423	0	0	1	1	0	0
GO:0071426	1	0	1	1	1	0
GO:0071427	1	0	1	0	1	0
GO:0071428	1	0	1	1	1	0
GO:0071431	1	0	0	1	0	0
GO:0071432	0	0	0	0	1	0
GO:0071444	1	0	1	1	1	0
GO:0071450	1	0	1	0	0	0
GO:0071451	1	0	1	0	0	0
GO:0071453	0	0	1	0	0	0
GO:0071456	0	0	1	0	0	0
GO:0071459	1	1	1	1	1	0
GO:0071462	0	0	0	0	1	1
GO:0071465	0	0	0	0	1	1
GO:0071466	1	1	0	1	1	0
GO:0071467	1	1	1	1	1	0
GO:0071469	1	0	1	0	0	0
GO:0071470	1	1	1	1	1	0
GO:0071472	1	1	1	0	1	0
GO:0071474	0	1	1	0	1	0
GO:0071475	0	1	1	0	1	0
GO:0071478	1	0	1	0	1	0
GO:0071479	1	0	1	0	1	0
GO:0071480	1	0	1	0	1	0
GO:0071482	1	0	0	0	0	0
GO:0071495	1	1	1	1	1	0
GO:0071496	1	1	1	1	1	1
GO:0071497	0	0	0	0	0	1
GO:0071501	1	0	0	0	0	0
GO:0071507	0	0	0	0	1	0
GO:0071514	0	0	1	0	0	0
GO:0071515	0	0	1	0	0	0
GO:0071521	0	0	0	0	1	0
GO:0071545	0	0	1	0	0	0
GO:0071548	0	0	0	1	0	0
GO:0071549	0	0	0	1	0	0
GO:0071554	1	1	1	1	1	1
GO:0071555	1	1	1	1	1	0
GO:0071559	0	0	0	0	1	0
GO:0071560	0	0	0	0	1	0
GO:0071572	1	0	1	0	0	0
GO:0071577	1	0	0	0	0	0
GO:0071578	1	0	0	0	0	0
GO:0071585	1	0	0	0	0	0
GO:0071616	1	0	0	0	0	0
GO:0071627	0	0	0	0	1	0
GO:0071628	0	0	0	0	1	0
GO:0071637	0	0	1	0	0	0
GO:0071639	0	0	1	0	0	0
GO:0071640	0	0	1	0	0	0
GO:0071642	0	0	1	0	0	0
GO:0071675	0	0	1	0	0	0
GO:0071677	0	0	1	0	0	0
GO:0071701	1	0	0	0	0	0
GO:0071702	1	1	1	1	1	1
GO:0071704	1	1	1	1	1	1
GO:0071705	1	1	1	1	1	1
GO:0071706	0	0	1	0	0	0
GO:0071709	0	0	1	0	1	0
GO:0071763	1	0	0	0	0	0
GO:0071772	0	0	0	0	1	0
GO:0071773	0	0	0	0	1	0
GO:0071774	0	0	1	0	0	0
GO:0071782	1	0	0	1	1	1
GO:0071804	0	0	1	0	0	0
GO:0071805	0	0	1	0	0	0
GO:0071806	0	0	1	1	1	1
GO:0071824	1	1	1	1	1	0
GO:0071826	1	0	1	1	1	0
GO:0071840	1	1	1	1	1	1
GO:0071852	1	1	1	1	1	0
GO:0071853	1	1	1	0	0	0
GO:0071854	1	0	0	0	0	0
GO:0071855	1	0	0	0	0	0
GO:0071863	0	0	0	0	1	0
GO:0071864	0	0	0	0	1	0
GO:0071865	0	0	0	0	1	0
GO:0071866	0	0	0	0	1	0
GO:0071867	0	0	0	1	0	0
GO:0071868	0	0	0	1	0	0
GO:0071869	0	0	0	1	0	0
GO:0071870	0	0	0	1	0	0
GO:0071871	0	0	0	1	0	0
GO:0071872	0	0	0	1	0	0
GO:0071875	1	0	0	0	0	0
GO:0071880	1	0	0	0	0	0
GO:0071885	1	0	0	0	0	0
GO:0071889	0	0	0	0	1	0
GO:0071895	0	0	0	0	1	0
GO:0071897	1	0	1	0	1	0
GO:0071898	0	0	0	0	1	0
GO:0071899	0	0	0	0	1	0
GO:0071900	1	0	1	1	0	0
GO:0071901	1	0	0	1	0	0
GO:0071902	0	0	1	0	0	0
GO:0071916	0	1	0	0	0	0
GO:0071920	0	1	0	0	0	0
GO:0071921	0	0	1	0	0	0
GO:0071930	1	0	1	0	0	0
GO:0071931	0	0	1	0	0	0
GO:0071932	0	1	0	1	0	0
GO:0071940	1	1	1	0	1	0
GO:0071941	1	0	0	1	0	0
GO:0071944	1	1	1	1	1	1
GO:0071958	0	1	0	1	0	0
GO:0071960	0	0	1	0	0	0
GO:0071962	0	0	1	0	0	0
GO:0071963	1	1	1	0	1	0
GO:0071966	1	0	1	0	0	0
GO:0071985	0	0	1	0	1	0
GO:0071988	1	0	1	0	0	0
GO:0071998	0	0	1	0	0	0
GO:0071999	0	1	1	0	0	0
GO:0072000	0	0	1	0	0	0
GO:0072001	0	0	0	0	1	0
GO:0072006	0	0	0	0	1	0
GO:0072009	0	0	0	0	1	0
GO:0072073	0	0	0	0	1	0
GO:0072080	0	0	0	0	1	0
GO:0072089	0	0	0	0	1	0
GO:0072091	1	0	1	0	1	0
GO:0072132	0	0	0	0	1	0
GO:0072160	0	0	0	0	1	0
GO:0072175	0	0	0	0	1	0
GO:0072324	0	0	1	0	0	0
GO:0072329	1	0	1	1	1	0
GO:0072330	1	1	1	1	1	0
GO:0072331	0	0	0	1	0	0
GO:0072332	0	0	0	1	0	0
GO:0072337	1	1	0	1	1	0
GO:0072338	1	0	1	1	0	0
GO:0072339	1	0	1	1	0	0
GO:0072341	1	0	1	0	0	0
GO:0072344	0	1	0	0	1	0
GO:0072348	1	0	1	1	0	0
GO:0072349	0	1	0	1	1	0
GO:0072350	1	0	1	0	0	0
GO:0072353	0	0	1	0	0	0
GO:0072358	0	0	0	0	1	0
GO:0072359	0	0	0	0	1	0
GO:0072367	0	0	1	0	0	0
GO:0072369	0	0	1	0	0	0
GO:0072375	0	0	0	1	0	0
GO:0072379	0	0	1	0	0	0
GO:0072380	0	0	1	0	0	0
GO:0072384	1	0	0	0	1	0
GO:0072396	1	1	0	1	1	0
GO:0072402	0	1	0	1	0	0
GO:0072414	1	0	0	1	1	0
GO:0072417	1	0	0	1	1	0
GO:0072423	0	1	0	1	0	0
GO:0072429	0	1	0	1	0	0
GO:0072476	1	0	0	1	1	0
GO:0072479	1	0	0	1	1	0
GO:0072485	1	0	0	1	1	0
GO:0072488	1	1	1	0	1	0
GO:0072501	0	0	0	0	1	0
GO:0072502	0	0	0	0	1	0
GO:0072503	1	0	1	1	1	0
GO:0072505	0	0	0	0	1	0
GO:0072506	0	0	0	0	1	0
GO:0072507	1	0	1	1	1	0
GO:0072509	1	0	0	0	0	0
GO:0072511	1	0	1	1	1	0
GO:0072521	1	1	1	1	1	0
GO:0072522	1	1	1	0	1	0
GO:0072523	1	0	0	1	0	0
GO:0072524	1	1	1	1	0	0
GO:0072525	1	1	1	1	0	0
GO:0072527	0	0	0	1	1	0
GO:0072528	0	0	0	1	1	0
GO:0072529	0	0	0	1	0	0
GO:0072530	1	0	1	0	0	0
GO:0072588	1	0	0	0	0	0
GO:0072589	1	0	0	0	0	0
GO:0072593	1	1	1	0	0	0
GO:0072594	1	1	1	1	1	1
GO:0072595	0	0	0	0	1	0
GO:0072599	1	1	1	0	1	0
GO:0072655	1	0	1	1	1	1
GO:0072657	1	1	1	1	1	1
GO:0072659	1	0	0	0	1	0
GO:0072662	1	0	0	1	0	0
GO:0072663	1	0	0	1	0	0
GO:0072665	1	1	1	1	1	0
GO:0072666	1	0	1	0	1	0
GO:0072686	1	0	1	1	1	0
GO:0072687	0	0	0	1	0	0
GO:0072697	0	0	0	0	1	0
GO:0072698	1	0	1	0	0	0
GO:0072737	1	0	1	0	1	0
GO:0072738	1	0	1	0	1	0
GO:0072741	0	0	0	0	1	0
GO:0072765	0	0	0	0	1	0
GO:0075136	0	0	1	1	1	0
GO:0075259	1	1	1	0	0	0
GO:0075296	0	0	0	1	0	0
GO:0075306	1	0	1	0	1	0
GO:0075307	1	0	1	0	1	0
GO:0080008	1	1	0	1	0	0
GO:0080009	0	0	0	0	1	0
GO:0080025	0	0	0	0	1	0
GO:0080040	1	0	0	0	1	0
GO:0080058	1	1	0	0	0	0
GO:0080084	0	1	1	0	0	0
GO:0080090	1	1	1	1	1	1
GO:0080134	1	1	1	1	1	0
GO:0080135	1	1	1	1	1	0
GO:0080139	1	0	0	0	0	0
GO:0080144	1	0	0	0	0	0
GO:0089716	0	0	0	0	1	0
GO:0089718	0	0	1	0	0	0
GO:0090025	0	0	1	0	0	0
GO:0090026	0	0	1	0	0	0
GO:0090029	0	0	1	0	0	0
GO:0090033	0	0	1	0	1	0
GO:0090052	1	0	0	0	0	0
GO:0090054	1	0	1	0	0	0
GO:0090066	1	1	1	0	1	1
GO:0090068	1	1	1	1	1	0
GO:0090079	0	0	0	1	1	0
GO:0090083	1	0	1	0	1	0
GO:0090084	1	0	1	0	1	0
GO:0090087	1	0	1	1	1	0
GO:0090090	0	0	0	0	1	0
GO:0090114	0	1	0	0	0	0
GO:0090130	1	0	1	0	0	0
GO:0090132	1	0	1	0	0	0
GO:0090150	1	1	1	1	1	1
GO:0090151	1	0	0	1	0	0
GO:0090158	0	0	0	1	0	0
GO:0090162	0	0	0	0	1	0
GO:0090163	0	0	0	0	1	0
GO:0090169	0	0	0	1	0	0
GO:0090174	1	1	1	0	0	1
GO:0090180	0	0	1	0	0	1
GO:0090181	1	0	0	0	0	0
GO:0090202	1	0	0	0	1	0
GO:0090203	1	0	0	0	1	0
GO:0090204	1	0	0	0	1	0
GO:0090215	0	0	1	0	0	0
GO:0090220	1	0	0	1	0	0
GO:0090224	0	0	0	1	1	0
GO:0090231	0	0	0	1	0	0
GO:0090232	0	0	0	1	0	0
GO:0090257	0	0	0	1	0	0
GO:0090261	1	0	1	0	1	0
GO:0090266	0	0	0	1	0	0
GO:0090267	0	0	0	1	0	0
GO:0090276	0	0	0	1	0	0
GO:0090277	0	0	0	1	0	0
GO:0090279	0	0	0	0	1	0
GO:0090281	0	0	0	0	1	0
GO:0090293	0	0	1	1	1	0
GO:0090294	0	0	1	0	1	0
GO:0090295	0	0	0	1	1	0
GO:0090303	0	0	1	0	0	0
GO:0090304	1	1	1	1	1	1
GO:0090305	1	1	1	1	1	0
GO:0090307	0	1	0	0	1	0
GO:0090311	0	0	1	0	0	0
GO:0090312	0	0	1	0	0	0
GO:0090316	0	0	0	1	0	0
GO:0090328	1	0	0	0	0	0
GO:0090329	1	0	1	1	1	1
GO:0090334	0	0	0	1	0	0
GO:0090342	0	0	0	0	1	0
GO:0090344	0	0	0	0	1	0
GO:0090407	1	1	1	1	1	0
GO:0090435	1	0	0	0	1	0
GO:0090441	0	0	0	0	1	0
GO:0090443	0	0	1	0	0	0
GO:0090463	1	0	0	0	0	0
GO:0090464	1	0	0	0	0	0
GO:0090465	1	0	0	0	0	0
GO:0090482	0	0	0	1	1	0
GO:0090501	1	1	1	1	0	0
GO:0090502	1	1	1	1	0	0
GO:0090503	1	0	0	0	0	0
GO:0090527	0	0	1	0	0	0
GO:0090529	0	0	1	0	0	0
GO:0090549	0	0	0	0	1	0
GO:0090575	1	0	1	1	1	0
GO:0090576	0	0	0	0	1	0
GO:0090579	1	0	0	0	1	0
GO:0090596	1	0	0	0	1	0
GO:0090599	1	0	0	0	0	0
GO:0090604	0	1	1	0	0	0
GO:0090605	1	1	1	0	0	0
GO:0090606	0	1	1	0	0	0
GO:0090609	1	1	1	0	0	0
GO:0090624	1	0	0	0	0	0
GO:0090625	1	0	0	0	0	0
GO:0090630	1	0	0	1	0	0
GO:0090646	1	0	0	0	0	0
GO:0090661	1	0	0	0	0	0
GO:0090662	1	0	0	0	1	0
GO:0090669	0	0	0	0	1	0
GO:0090699	0	0	0	1	0	0
GO:0090726	0	0	0	0	1	0
GO:0090734	1	1	1	1	1	0
GO:0097035	1	0	1	0	1	0
GO:0097038	0	0	1	0	0	0
GO:0097042	0	0	0	1	0	0
GO:0097064	1	0	1	1	0	0
GO:0097066	0	0	0	1	0	0
GO:0097068	0	0	0	1	0	0
GO:0097100	0	0	1	0	0	0
GO:0097157	0	0	0	0	1	0
GO:0097159	1	1	1	1	1	1
GO:0097164	1	0	1	1	1	0
GO:0097165	1	0	1	0	1	0
GO:0097176	1	0	0	0	0	0
GO:0097190	0	0	0	1	0	0
GO:0097193	0	0	0	1	0	0
GO:0097194	0	0	1	0	0	0
GO:0097201	0	0	0	1	1	0
GO:0097237	1	1	1	1	1	1
GO:0097240	1	0	0	1	0	0
GO:0097250	0	0	0	1	0	0
GO:0097255	1	0	1	0	1	0
GO:0097271	0	0	0	0	1	0
GO:0097305	1	1	0	0	1	1
GO:0097306	1	0	0	0	0	1
GO:0097307	1	0	0	0	0	0
GO:0097308	1	0	0	0	0	0
GO:0097315	0	1	1	0	0	0
GO:0097316	0	1	1	0	0	0
GO:0097327	1	0	1	1	1	0
GO:0097346	1	0	1	0	1	0
GO:0097350	0	0	1	0	0	0
GO:0097354	1	0	1	0	0	0
GO:0097355	0	0	1	0	0	1
GO:0097367	1	1	1	1	1	1
GO:0097384	1	0	1	0	1	0
GO:0097427	0	0	0	0	1	0
GO:0097431	1	0	1	0	1	0
GO:0097434	0	0	1	0	0	0
GO:0097435	1	1	1	1	1	1
GO:0097447	1	0	0	0	1	0
GO:0097458	1	0	1	1	1	0
GO:0097466	0	0	1	0	0	0
GO:0097472	0	0	0	0	1	0
GO:0097501	1	0	0	0	0	0
GO:0097502	1	0	1	1	1	1
GO:0097517	0	0	0	0	1	0
GO:0097525	1	0	0	0	1	0
GO:0097526	0	0	0	0	1	0
GO:0097549	1	0	1	1	1	0
GO:0097574	1	0	0	0	0	0
GO:0097575	1	0	0	0	0	0
GO:0097576	1	1	1	0	1	0
GO:0097599	1	0	0	0	0	0
GO:0097602	0	0	0	0	1	0
GO:0097638	0	0	1	0	0	0
GO:0097659	1	1	1	1	1	0
GO:0097677	1	0	1	0	1	0
GO:0097708	1	1	1	1	1	0
GO:0097720	0	0	0	0	1	0
GO:0097739	0	0	0	0	1	0
GO:0097746	1	0	0	0	0	0
GO:0097747	1	0	0	0	0	0
GO:0097755	1	0	0	0	0	0
GO:0098505	0	0	0	1	0	0
GO:0098542	1	0	1	0	1	0
GO:0098552	1	1	1	0	1	0
GO:0098554	1	1	0	0	0	0
GO:0098556	1	1	0	0	0	0
GO:0098562	1	1	0	0	1	0
GO:0098573	1	0	1	1	1	0
GO:0098586	1	0	0	0	0	0
GO:0098588	1	1	1	1	1	0
GO:0098589	0	0	1	0	1	0
GO:0098590	0	0	0	0	1	0
GO:0098609	0	1	1	0	1	0
GO:0098610	0	0	1	0	0	0
GO:0098630	0	1	1	0	0	0
GO:0098653	0	0	0	0	1	0
GO:0098655	1	1	1	1	1	1
GO:0098656	1	1	1	1	1	0
GO:0098657	1	1	1	1	1	1
GO:0098659	1	0	0	1	0	0
GO:0098660	1	0	1	1	1	1
GO:0098661	1	0	1	0	0	0
GO:0098662	1	0	1	1	1	1
GO:0098687	1	1	1	1	1	1
GO:0098704	0	0	0	0	1	0
GO:0098708	0	0	0	0	1	0
GO:0098714	0	0	1	0	0	0
GO:0098715	0	0	1	0	0	0
GO:0098716	0	0	0	1	0	0
GO:0098717	0	0	0	1	0	0
GO:0098720	0	0	1	0	0	0
GO:0098722	0	0	0	0	1	0
GO:0098727	1	1	0	0	0	0
GO:0098732	1	1	1	0	1	0
GO:0098739	1	0	1	1	1	0
GO:0098740	0	0	1	0	0	0
GO:0098741	0	0	1	0	0	0
GO:0098743	0	1	1	0	0	0
GO:0098754	1	1	1	1	0	0
GO:0098771	1	1	1	1	1	0
GO:0098772	1	1	1	1	1	0
GO:0098781	1	1	1	0	1	0
GO:0098783	0	0	0	1	0	0
GO:0098787	0	0	1	0	0	0
GO:0098789	0	0	1	0	0	0
GO:0098791	1	1	1	0	1	0
GO:0098794	0	0	0	0	1	0
GO:0098795	1	0	0	0	0	0
GO:0098796	1	1	1	1	1	0
GO:0098797	1	1	1	0	1	0
GO:0098798	1	1	1	1	1	0
GO:0098799	1	0	0	1	0	0
GO:0098800	1	0	0	1	1	0
GO:0098803	1	0	0	0	1	0
GO:0098805	1	0	1	1	1	0
GO:0098808	1	0	0	0	0	0
GO:0098813	1	1	1	1	1	1
GO:0098815	0	0	0	0	1	0
GO:0098827	1	1	1	1	1	1
GO:0098840	0	0	0	0	1	0
GO:0098847	1	0	1	1	1	0
GO:0098849	1	0	0	0	0	0
GO:0098852	1	0	1	1	1	0
GO:0098857	0	0	1	0	1	0
GO:0098858	0	0	0	0	1	0
GO:0098862	0	0	0	0	1	0
GO:0098869	1	1	1	1	0	0
GO:0098876	1	0	1	0	1	0
GO:0099022	1	0	1	0	0	0
GO:0099023	1	1	1	0	1	0
GO:0099024	0	0	0	0	1	0
GO:0099070	0	0	0	0	1	0
GO:0099079	0	0	0	0	1	0
GO:0099080	1	0	0	1	1	0
GO:0099081	1	0	0	1	1	0
GO:0099086	1	0	0	0	0	0
GO:0099106	0	0	0	1	1	0
GO:0099111	1	0	0	0	1	0
GO:0099114	0	0	0	0	1	0
GO:0099118	0	0	0	0	1	0
GO:0099131	1	0	0	0	1	0
GO:0099132	1	0	0	0	1	0
GO:0099177	0	0	0	0	1	0
GO:0099503	0	0	1	0	0	0
GO:0099512	1	0	0	1	1	0
GO:0099513	1	0	0	1	1	0
GO:0099516	0	0	0	1	0	0
GO:0099518	0	0	0	0	1	0
GO:0099568	1	0	1	1	1	1
GO:0099587	1	0	0	1	0	0
GO:0099738	1	0	1	1	1	0
GO:0101002	0	0	1	0	0	0
GO:0101005	1	0	0	1	1	0
GO:0101025	1	0	0	0	0	0
GO:0101026	1	0	0	0	0	0
GO:0101030	1	0	0	0	0	0
GO:0101031	0	0	0	0	1	0
GO:0104004	1	1	1	1	1	1
GO:0106018	0	0	0	0	1	0
GO:0106019	1	0	1	0	0	0
GO:0106049	0	1	1	0	0	0
GO:0106118	0	0	1	0	0	0
GO:0106120	0	0	1	0	0	0
GO:0110020	0	1	1	1	0	0
GO:0110029	0	0	0	1	1	0
GO:0110053	1	0	0	0	1	1
GO:0120009	1	0	0	0	1	0
GO:0120010	1	0	0	0	1	0
GO:0120011	1	0	0	0	0	0
GO:0120025	1	1	1	1	1	0
GO:0120032	0	0	0	0	1	0
GO:0120034	0	0	0	0	1	0
GO:0120035	0	0	1	0	1	0
GO:0120036	0	0	1	0	1	0
GO:0120038	1	1	1	0	1	0
GO:0120039	0	0	0	0	1	0
GO:0120105	0	0	0	1	1	0
GO:0120109	0	1	1	1	0	0
GO:0120110	0	0	0	1	0	0
GO:0120113	0	0	1	0	1	0
GO:0120114	1	0	1	0	1	0
GO:0120115	0	0	0	0	1	0
GO:0140013	1	1	1	1	1	0
GO:0140014	1	1	1	1	1	1
GO:0140030	1	1	1	1	1	0
GO:0140033	1	0	1	0	0	0
GO:0140034	0	1	1	1	0	0
GO:0140053	1	1	1	1	1	0
GO:0140056	1	1	1	1	0	0
GO:0140096	1	1	1	1	1	0
GO:0140097	1	1	1	1	1	0
GO:0140098	1	1	1	1	1	0
GO:0140101	1	1	1	1	0	0
GO:0140102	0	0	0	0	1	0
GO:0140104	1	1	0	0	1	0
GO:0140108	0	0	0	0	1	0
GO:0140110	1	1	1	1	1	0
GO:0140115	1	0	0	0	0	0
GO:0140135	0	0	1	0	0	0
GO:0140142	1	0	0	0	1	0
GO:0140159	1	0	0	0	0	0
GO:0140210	0	0	0	0	1	0
GO:0140223	0	0	1	0	0	0
GO:0198738	1	0	1	0	1	0
GO:1900007	0	0	0	0	1	0
GO:1900008	0	0	0	0	1	0
GO:1900027	0	0	0	0	1	0
GO:1900034	1	0	1	1	1	0
GO:1900049	1	0	1	0	0	0
GO:1900051	1	0	1	0	0	0
GO:1900062	0	0	0	0	1	0
GO:1900067	0	1	1	0	0	0
GO:1900068	0	1	1	0	0	0
GO:1900069	0	1	1	0	0	0
GO:1900070	0	1	1	0	0	0
GO:1900076	0	0	0	0	1	0
GO:1900077	0	0	0	0	1	0
GO:1900078	0	0	0	0	1	0
GO:1900087	1	0	0	0	1	0
GO:1900101	1	1	0	0	1	0
GO:1900102	1	0	0	0	0	0
GO:1900117	1	0	1	0	1	0
GO:1900119	1	0	1	0	1	0
GO:1900120	0	0	0	0	1	0
GO:1900121	0	0	0	0	1	0
GO:1900151	1	0	0	1	0	0
GO:1900153	1	0	0	1	0	0
GO:1900180	0	0	0	0	1	0
GO:1900182	0	0	0	0	1	0
GO:1900183	0	0	0	0	1	0
GO:1900184	0	0	0	0	1	0
GO:1900187	0	0	1	0	0	0
GO:1900189	0	0	1	0	0	0
GO:1900190	0	0	1	0	0	0
GO:1900192	0	0	1	0	0	0
GO:1900196	1	0	0	1	0	0
GO:1900198	1	0	0	1	0	0
GO:1900208	1	0	0	0	0	0
GO:1900231	0	0	1	0	0	0
GO:1900237	0	0	0	1	1	0
GO:1900239	1	0	1	0	0	0
GO:1900241	0	0	1	0	0	0
GO:1900247	0	0	0	0	1	0
GO:1900363	1	0	1	0	1	0
GO:1900365	1	0	1	0	1	0
GO:1900376	1	0	1	1	1	0
GO:1900377	0	0	0	0	1	0
GO:1900378	1	0	1	1	0	0
GO:1900379	0	0	0	0	1	0
GO:1900380	0	0	0	0	1	0
GO:1900392	0	0	1	0	1	0
GO:1900406	0	0	1	1	1	0
GO:1900407	1	1	0	0	0	0
GO:1900409	1	1	0	0	0	0
GO:1900428	1	1	1	1	1	0
GO:1900429	1	1	1	1	1	0
GO:1900430	0	0	1	0	1	0
GO:1900434	0	1	1	0	0	0
GO:1900435	0	1	1	0	0	0
GO:1900436	0	0	1	0	0	0
GO:1900437	0	1	1	0	0	0
GO:1900438	0	1	1	0	0	0
GO:1900439	0	0	1	0	0	0
GO:1900440	0	1	1	0	0	0
GO:1900441	0	1	1	0	0	0
GO:1900442	0	0	1	0	0	0
GO:1900443	0	1	1	0	0	0
GO:1900444	0	1	1	0	0	0
GO:1900445	0	0	1	0	0	0
GO:1900457	0	0	1	0	0	0
GO:1900458	0	0	1	0	0	0
GO:1900460	0	1	1	0	0	0
GO:1900463	0	1	1	0	0	0
GO:1900464	0	1	1	0	0	0
GO:1900542	0	0	1	0	0	1
GO:1900544	0	0	1	0	0	1
GO:1900549	1	0	0	0	0	0
GO:1900551	1	0	0	0	0	0
GO:1900555	0	1	0	0	0	0
GO:1900557	0	1	0	0	0	0
GO:1900558	1	0	0	1	1	0
GO:1900560	1	0	0	1	1	0
GO:1900561	1	0	0	1	1	0
GO:1900563	1	0	0	1	1	0
GO:1900564	0	0	0	1	0	0
GO:1900566	0	0	0	1	0	0
GO:1900582	0	1	0	0	0	0
GO:1900584	0	1	0	0	0	0
GO:1900600	0	0	0	0	1	0
GO:1900602	0	0	0	0	1	0
GO:1900673	1	0	0	0	0	0
GO:1900689	0	0	0	1	0	0
GO:1900691	0	0	0	1	0	0
GO:1900704	0	0	0	0	1	0
GO:1900705	0	0	0	0	1	0
GO:1900741	0	1	1	0	0	0
GO:1900742	0	1	1	0	0	0
GO:1900743	0	0	1	0	0	0
GO:1900749	0	0	0	0	1	0
GO:1900750	1	0	0	0	0	0
GO:1900752	0	0	1	0	0	0
GO:1900760	0	0	0	0	1	0
GO:1900764	0	0	0	0	1	0
GO:1900766	0	0	0	0	1	0
GO:1900791	0	0	0	0	1	0
GO:1900793	0	0	0	0	1	0
GO:1900813	0	1	0	0	0	0
GO:1900815	0	1	0	0	0	0
GO:1900834	0	0	0	0	1	0
GO:1900835	0	0	0	0	1	0
GO:1900864	1	0	0	0	0	0
GO:1901000	0	1	1	0	0	0
GO:1901001	0	1	1	0	0	0
GO:1901004	1	0	0	0	0	0
GO:1901006	1	0	0	0	0	0
GO:1901068	1	1	0	0	0	0
GO:1901071	1	1	0	0	1	0
GO:1901072	1	0	0	0	1	0
GO:1901074	0	0	0	0	1	0
GO:1901076	0	0	0	0	1	0
GO:1901135	1	1	1	1	1	1
GO:1901136	1	0	1	1	1	0
GO:1901137	1	1	1	1	1	1
GO:1901160	0	0	0	1	0	0
GO:1901163	1	0	0	0	0	0
GO:1901165	1	0	0	0	0	0
GO:1901214	1	0	1	1	1	0
GO:1901215	1	0	1	1	1	0
GO:1901222	1	0	1	0	0	0
GO:1901224	1	0	1	0	0	0
GO:1901235	0	0	0	0	1	0
GO:1901239	0	0	1	0	0	0
GO:1901255	1	0	0	0	0	0
GO:1901264	1	1	1	0	1	0
GO:1901265	1	1	1	1	1	1
GO:1901292	1	1	1	0	0	0
GO:1901293	1	1	1	1	1	0
GO:1901334	0	1	0	0	0	0
GO:1901336	0	1	0	0	0	0
GO:1901342	1	0	1	0	0	0
GO:1901343	1	0	0	0	0	0
GO:1901351	1	0	0	0	1	0
GO:1901352	1	0	0	0	1	0
GO:1901360	1	1	1	1	1	1
GO:1901361	1	1	1	1	1	0
GO:1901362	1	1	1	1	1	0
GO:1901363	1	1	1	1	1	1
GO:1901376	1	1	1	1	1	0
GO:1901378	1	1	1	0	1	0
GO:1901407	0	0	1	0	0	0
GO:1901503	1	0	0	0	1	0
GO:1901505	1	0	1	0	1	0
GO:1901522	0	0	0	1	1	0
GO:1901553	0	0	1	0	0	0
GO:1901564	1	1	1	1	1	1
GO:1901565	1	1	1	1	1	1
GO:1901566	1	1	1	1	1	1
GO:1901568	1	0	1	0	0	0
GO:1901570	1	0	1	0	0	0
GO:1901575	1	1	1	1	1	1
GO:1901576	1	1	1	1	1	1
GO:1901583	0	0	0	0	1	0
GO:1901584	0	0	0	0	1	0
GO:1901605	1	1	1	1	1	1
GO:1901606	1	0	0	1	1	1
GO:1901607	1	1	1	1	0	0
GO:1901615	1	1	1	1	1	0
GO:1901616	1	1	1	0	0	0
GO:1901617	1	1	1	1	1	0
GO:1901618	1	0	1	0	1	0
GO:1901652	1	0	1	1	1	0
GO:1901653	1	0	1	1	1	0
GO:1901654	1	1	1	1	1	0
GO:1901655	1	0	0	1	1	0
GO:1901657	1	1	1	1	0	0
GO:1901658	1	0	1	1	0	0
GO:1901659	1	0	1	0	0	0
GO:1901661	1	0	0	1	1	0
GO:1901663	1	0	0	1	1	0
GO:1901673	0	0	0	1	0	0
GO:1901678	0	1	0	0	0	0
GO:1901679	1	0	1	0	0	0
GO:1901681	1	0	1	0	0	0
GO:1901682	1	0	1	1	0	0
GO:1901698	1	0	1	1	1	0
GO:1901699	1	0	1	1	1	0
GO:1901700	1	1	1	1	1	1
GO:1901701	1	1	1	1	1	1
GO:1901702	1	0	0	0	0	0
GO:1901800	1	0	1	0	1	0
GO:1901861	0	0	0	1	1	0
GO:1901862	0	0	0	1	1	0
GO:1901879	0	0	0	0	1	0
GO:1901880	0	0	0	0	1	0
GO:1901891	0	1	1	1	1	0
GO:1901892	0	1	1	0	0	0
GO:1901893	0	1	1	1	0	0
GO:1901925	1	0	0	1	1	0
GO:1901962	0	0	0	1	0	0
GO:1901966	0	0	0	0	1	0
GO:1901967	0	0	0	0	1	0
GO:1901970	1	0	1	1	1	0
GO:1901976	1	0	0	1	1	0
GO:1901978	0	0	0	1	1	0
GO:1901981	0	0	0	0	1	0
GO:1901983	0	0	1	0	0	0
GO:1901985	0	0	1	0	0	0
GO:1901987	1	1	1	1	1	0
GO:1901988	1	0	0	1	1	0
GO:1901989	1	1	1	1	1	0
GO:1901990	1	1	1	1	1	0
GO:1901991	1	0	0	1	1	0
GO:1901992	1	1	1	1	1	0
GO:1901993	0	0	0	1	0	0
GO:1901994	0	0	0	1	0	0
GO:1902022	0	0	1	0	0	0
GO:1902023	0	0	1	0	0	0
GO:1902031	0	1	0	0	0	0
GO:1902041	0	0	1	0	0	0
GO:1902042	0	0	1	0	0	0
GO:1902074	1	0	1	0	1	0
GO:1902075	1	0	1	0	1	0
GO:1902084	1	0	0	0	0	0
GO:1902086	1	0	0	0	0	0
GO:1902099	1	0	1	1	1	0
GO:1902100	1	0	0	1	1	0
GO:1902101	1	0	1	0	1	0
GO:1902102	0	0	0	1	0	0
GO:1902103	0	0	0	1	0	0
GO:1902105	0	0	1	0	1	0
GO:1902106	0	0	1	0	0	0
GO:1902107	0	0	1	0	1	0
GO:1902115	1	0	0	1	1	0
GO:1902116	1	0	0	0	0	0
GO:1902117	0	0	0	0	1	0
GO:1902262	0	0	0	0	1	0
GO:1902267	0	1	0	0	0	0
GO:1902270	0	0	0	0	1	0
GO:1902275	1	1	1	1	1	0
GO:1902292	1	0	0	0	1	0
GO:1902295	0	0	0	0	1	0
GO:1902296	1	1	0	0	0	0
GO:1902298	0	1	0	0	0	0
GO:1902299	1	0	0	0	0	0
GO:1902315	1	0	0	0	1	0
GO:1902318	0	0	0	0	1	0
GO:1902319	1	1	0	0	0	0
GO:1902341	0	0	0	0	1	0
GO:1902363	0	1	0	1	0	0
GO:1902368	1	0	0	1	0	0
GO:1902369	0	0	0	0	1	0
GO:1902377	1	1	1	0	1	0
GO:1902390	0	0	1	0	0	0
GO:1902391	0	0	1	0	0	0
GO:1902405	0	0	1	0	0	0
GO:1902406	0	0	0	1	0	0
GO:1902407	1	0	0	0	0	0
GO:1902410	1	0	1	1	0	0
GO:1902412	0	1	1	1	1	0
GO:1902413	0	1	1	0	0	0
GO:1902432	0	0	0	0	1	0
GO:1902440	1	0	1	0	0	0
GO:1902472	0	0	0	1	0	0
GO:1902475	0	0	1	0	1	0
GO:1902476	0	0	1	0	0	0
GO:1902493	1	1	1	0	1	0
GO:1902494	1	1	1	1	1	1
GO:1902495	0	1	0	1	0	0
GO:1902500	1	0	1	0	0	0
GO:1902510	1	0	1	0	1	0
GO:1902512	1	0	1	0	1	0
GO:1902531	1	1	1	1	1	0
GO:1902532	1	1	1	1	1	0
GO:1902533	1	0	1	0	1	0
GO:1902542	0	1	0	1	0	0
GO:1902554	1	0	0	0	0	0
GO:1902555	1	0	0	1	0	0
GO:1902557	1	0	1	0	0	0
GO:1902558	1	0	1	0	0	0
GO:1902559	1	0	1	0	0	0
GO:1902562	1	0	1	0	1	0
GO:1902576	0	0	0	0	0	1
GO:1902579	1	0	0	0	0	0
GO:1902600	1	0	1	0	1	0
GO:1902603	0	1	0	0	1	0
GO:1902625	0	0	1	0	0	0
GO:1902626	0	0	1	0	1	0
GO:1902652	1	0	1	1	1	0
GO:1902653	1	0	1	1	1	0
GO:1902679	1	1	1	1	1	1
GO:1902680	1	1	1	1	1	1
GO:1902681	0	0	1	0	0	0
GO:1902692	1	0	0	0	1	0
GO:1902716	0	0	1	0	1	0
GO:1902739	0	0	1	0	0	0
GO:1902741	0	0	1	0	0	0
GO:1902742	0	0	0	0	1	0
GO:1902743	0	0	0	0	1	0
GO:1902745	0	0	0	0	1	0
GO:1902749	1	1	1	1	1	0
GO:1902750	1	0	0	0	1	0
GO:1902751	1	1	1	1	1	0
GO:1902775	1	0	0	0	0	0
GO:1902801	0	1	0	0	0	0
GO:1902802	0	1	0	0	0	0
GO:1902806	1	0	1	0	1	0
GO:1902808	1	0	1	0	1	0
GO:1902834	0	0	0	0	1	0
GO:1902835	0	0	0	0	1	0
GO:1902850	0	1	0	1	1	0
GO:1902875	1	0	0	0	0	0
GO:1902882	1	1	0	0	0	0
GO:1902884	1	1	0	0	0	0
GO:1902903	1	0	0	0	1	1
GO:1902904	0	0	0	0	1	0
GO:1902905	0	0	0	0	1	1
GO:1902911	1	0	0	0	0	0
GO:1902930	0	0	1	0	0	0
GO:1902932	0	0	1	0	0	0
GO:1902936	0	0	0	0	1	0
GO:1902969	1	1	0	1	1	0
GO:1902975	1	0	0	0	1	0
GO:1902977	1	0	0	0	0	0
GO:1902981	0	0	0	0	1	0
GO:1902983	1	1	0	0	0	0
GO:1902986	0	0	1	0	0	0
GO:1903008	1	1	0	1	1	0
GO:1903025	0	0	0	1	1	0
GO:1903034	0	0	1	1	0	0
GO:1903036	0	0	1	0	0	0
GO:1903037	0	0	1	0	1	0
GO:1903038	0	0	1	0	0	0
GO:1903039	0	0	1	0	1	0
GO:1903044	0	0	0	0	1	0
GO:1903046	1	1	1	1	1	0
GO:1903047	1	1	1	1	1	1
GO:1903050	0	0	1	0	1	0
GO:1903052	1	0	1	0	1	0
GO:1903076	0	0	0	0	1	0
GO:1903078	0	0	0	0	1	0
GO:1903119	0	0	0	0	1	0
GO:1903169	0	0	0	0	1	0
GO:1903170	0	0	0	0	1	0
GO:1903212	0	0	1	0	0	1
GO:1903293	0	0	0	0	1	0
GO:1903311	1	0	1	1	1	0
GO:1903312	0	0	1	0	0	0
GO:1903313	1	0	1	1	1	0
GO:1903317	0	0	1	0	0	0
GO:1903319	0	0	1	0	0	0
GO:1903320	1	1	1	0	1	0
GO:1903321	1	0	1	0	1	0
GO:1903338	1	0	1	1	0	0
GO:1903341	1	0	0	0	1	0
GO:1903342	0	0	0	0	1	0
GO:1903343	1	0	0	0	0	0
GO:1903354	0	0	0	0	1	0
GO:1903356	0	0	0	0	1	0
GO:1903362	0	0	1	0	1	0
GO:1903364	1	0	1	0	1	0
GO:1903379	0	1	0	1	0	0
GO:1903380	0	1	0	1	0	0
GO:1903394	0	0	0	0	1	0
GO:1903400	0	0	1	0	0	0
GO:1903401	0	0	1	0	0	0
GO:1903426	0	0	0	1	0	0
GO:1903429	1	0	0	0	0	0
GO:1903432	0	0	0	1	0	0
GO:1903436	0	1	1	1	1	0
GO:1903437	0	1	1	0	0	0
GO:1903438	0	1	1	1	0	0
GO:1903459	1	0	0	0	0	0
GO:1903460	1	0	0	0	0	0
GO:1903461	0	1	0	1	0	0
GO:1903463	0	0	0	0	0	1
GO:1903464	0	0	0	0	0	1
GO:1903469	1	1	0	1	0	0
GO:1903475	1	0	0	0	0	0
GO:1903490	0	1	1	1	0	0
GO:1903504	0	0	0	1	0	0
GO:1903506	1	1	1	1	1	1
GO:1903507	1	1	1	1	1	1
GO:1903508	1	1	1	1	1	1
GO:1903509	1	1	1	1	0	0
GO:1903513	0	0	1	0	0	0
GO:1903522	0	0	0	1	0	0
GO:1903530	0	0	1	1	1	0
GO:1903532	0	0	1	1	1	0
GO:1903555	1	0	1	0	1	0
GO:1903556	1	0	1	0	1	0
GO:1903557	0	0	1	0	0	0
GO:1903561	1	0	0	0	0	0
GO:1903573	1	0	0	0	0	0
GO:1903578	0	0	1	0	0	1
GO:1903580	0	0	1	0	0	1
GO:1903617	0	0	0	1	0	0
GO:1903624	1	0	1	0	1	0
GO:1903626	1	0	1	0	1	0
GO:1903664	1	0	1	0	1	0
GO:1903666	1	0	1	0	1	0
GO:1903670	0	0	1	0	0	0
GO:1903672	0	0	1	0	0	0
GO:1903693	0	0	0	1	0	0
GO:1903694	0	0	0	1	0	0
GO:1903706	1	0	1	0	1	0
GO:1903707	0	0	1	0	0	0
GO:1903708	0	0	1	0	1	0
GO:1903725	1	0	1	1	1	0
GO:1903726	1	0	0	0	1	0
GO:1903775	1	1	0	0	0	0
GO:1903789	0	0	1	0	1	0
GO:1903792	0	0	1	0	1	0
GO:1903793	0	0	0	0	1	0
GO:1903795	1	0	0	0	0	0
GO:1903798	0	0	0	0	1	0
GO:1903799	0	0	0	0	1	0
GO:1903825	1	1	1	1	1	0
GO:1903826	0	0	1	0	0	0
GO:1903827	1	1	0	1	1	0
GO:1903829	0	0	0	1	1	0
GO:1903832	0	0	0	1	1	0
GO:1903833	0	0	0	1	1	0
GO:1903900	1	0	0	0	0	0
GO:1903901	1	0	0	0	0	0
GO:1903935	1	0	1	0	1	0
GO:1903936	1	0	1	0	1	0
GO:1903959	1	0	1	0	1	0
GO:1903960	0	0	1	0	1	0
GO:1903961	0	0	0	0	1	0
GO:1904018	1	0	1	0	0	0
GO:1904035	0	0	0	0	1	0
GO:1904037	0	0	0	0	1	0
GO:1904044	1	1	0	0	0	0
GO:1904062	0	0	1	0	1	0
GO:1904063	0	0	1	0	1	0
GO:1904064	0	0	0	0	1	0
GO:1904091	0	1	0	0	0	0
GO:1904161	1	0	0	0	0	0
GO:1904182	1	0	0	0	0	0
GO:1904183	1	0	0	0	0	0
GO:1904262	0	0	0	1	0	0
GO:1904285	0	0	0	0	1	0
GO:1904287	0	0	0	0	1	0
GO:1904289	0	0	0	0	1	0
GO:1904291	0	0	0	0	1	0
GO:1904331	0	0	0	0	1	0
GO:1904332	0	0	0	0	1	0
GO:1904356	0	1	0	1	1	0
GO:1904357	0	1	0	1	0	0
GO:1904358	0	0	0	0	1	0
GO:1904375	0	0	0	0	1	0
GO:1904377	0	0	0	0	1	0
GO:1904385	1	0	1	0	1	0
GO:1904386	0	0	0	1	0	0
GO:1904512	0	0	0	0	1	0
GO:1904514	0	0	0	0	1	0
GO:1904523	0	0	0	1	0	0
GO:1904524	0	0	0	1	0	0
GO:1904526	1	0	1	0	1	0
GO:1904528	1	0	1	0	1	0
GO:1904541	1	1	1	0	0	0
GO:1904580	1	0	0	0	0	0
GO:1904587	0	0	1	0	0	0
GO:1904589	0	0	0	1	0	0
GO:1904591	0	0	0	1	0	0
GO:1904659	1	0	0	0	1	0
GO:1904669	0	0	1	0	1	0
GO:1904679	0	0	0	0	1	0
GO:1904680	0	1	1	1	1	1
GO:1904741	0	0	1	0	0	0
GO:1904788	0	0	0	1	1	0
GO:1904813	0	0	1	0	0	0
GO:1904823	1	0	0	0	0	0
GO:1904837	0	0	0	0	1	0
GO:1904892	1	0	1	0	1	0
GO:1904894	1	0	1	0	1	0
GO:1904949	1	0	1	0	1	0
GO:1904951	0	0	1	1	1	0
GO:1905037	1	1	1	1	1	0
GO:1905039	1	1	1	1	1	0
GO:1905114	1	0	1	0	1	0
GO:1905132	0	0	0	1	0	0
GO:1905133	0	0	0	1	0	0
GO:1905153	0	0	0	0	1	0
GO:1905155	0	0	0	0	1	0
GO:1905207	0	0	0	1	0	0
GO:1905208	0	0	0	1	0	0
GO:1905261	0	0	0	0	1	0
GO:1905262	0	0	0	0	1	0
GO:1905268	1	1	1	0	1	0
GO:1905269	1	0	1	0	1	0
GO:1905323	0	0	0	0	1	0
GO:1905330	0	0	0	0	1	0
GO:1905348	1	0	0	1	0	0
GO:1905354	0	1	1	0	0	0
GO:1905360	1	0	0	0	0	0
GO:1905368	1	0	1	0	1	0
GO:1905369	1	0	1	0	1	0
GO:1905465	0	1	0	0	0	0
GO:1905467	0	1	0	0	0	0
GO:1905475	0	0	0	0	1	0
GO:1905477	0	0	0	0	1	0
GO:1905508	1	0	1	0	0	0
GO:1905532	0	0	1	0	0	0
GO:1905533	0	0	1	0	0	0
GO:1905541	0	0	0	0	1	0
GO:1905562	0	0	1	0	0	0
GO:1905564	0	0	1	0	0	0
GO:1905568	0	0	0	0	1	0
GO:1905569	0	0	0	0	1	0
GO:1905589	0	0	0	0	1	0
GO:1905616	1	0	0	0	0	0
GO:1905618	1	0	0	0	0	0
GO:1905636	0	0	0	1	1	0
GO:1905664	0	0	0	0	1	0
GO:1905708	0	0	0	0	1	0
GO:1905735	0	0	0	0	1	0
GO:1905736	0	0	0	0	1	0
GO:1905818	1	0	1	1	1	0
GO:1905819	1	0	0	1	1	0
GO:1905820	1	0	1	1	1	0
GO:1905821	0	1	0	1	0	0
GO:1905822	0	0	0	1	0	0
GO:1905824	0	0	0	1	0	0
GO:1905862	0	1	0	0	0	0
GO:1905879	1	0	0	0	0	0
GO:1905897	1	1	0	0	1	0
GO:1905949	0	0	0	0	1	0
GO:1905952	0	0	1	0	1	0
GO:1905954	0	0	1	0	0	0
GO:1990023	0	0	0	1	0	0
GO:1990070	0	0	1	0	1	0
GO:1990071	0	1	1	0	1	0
GO:1990072	1	0	1	0	1	0
GO:1990112	0	0	0	0	1	0
GO:1990115	1	0	0	0	0	0
GO:1990116	0	0	0	0	1	0
GO:1990130	0	0	0	1	0	0
GO:1990138	0	0	0	0	1	0
GO:1990141	1	1	1	1	1	0
GO:1990164	0	0	0	0	1	0
GO:1990170	1	0	0	0	0	0
GO:1990189	0	0	0	1	0	0
GO:1990204	1	1	1	0	1	0
GO:1990234	1	1	1	1	1	1
GO:1990246	0	0	0	1	0	0
GO:1990251	0	1	0	0	0	0
GO:1990261	0	1	0	0	0	0
GO:1990304	0	0	0	1	0	0
GO:1990315	0	0	1	0	0	0
GO:1990316	1	0	0	0	0	0
GO:1990342	0	1	0	0	0	0
GO:1990345	0	1	0	0	0	0
GO:1990351	0	1	0	1	0	0
GO:1990355	1	1	0	0	0	0
GO:1990380	1	0	0	1	0	0
GO:1990383	1	0	0	0	0	0
GO:1990385	0	0	0	1	0	0
GO:1990391	0	0	0	1	1	0
GO:1990414	1	0	1	0	1	0
GO:1990417	0	0	0	1	0	0
GO:1990421	1	1	1	1	1	0
GO:1990439	1	0	0	1	0	0
GO:1990467	1	1	1	0	0	0
GO:1990468	1	0	1	0	0	0
GO:1990477	0	1	0	0	0	0
GO:1990498	0	0	0	0	1	0
GO:1990505	0	1	0	0	0	0
GO:1990518	0	1	0	0	0	0
GO:1990529	1	0	0	0	0	0
GO:1990530	1	0	0	0	0	0
GO:1990539	0	0	0	0	1	0
GO:1990542	1	0	1	1	1	0
GO:1990543	0	0	0	1	0	0
GO:1990553	1	0	1	0	0	0
GO:1990554	1	0	1	0	0	0
GO:1990601	0	1	0	1	0	0
GO:1990619	0	0	1	0	1	0
GO:1990678	1	0	0	0	0	0
GO:1990679	1	0	0	0	0	0
GO:1990683	1	0	0	0	0	0
GO:1990707	1	1	1	1	1	0
GO:1990715	0	0	0	0	1	0
GO:1990726	0	0	0	0	1	0
GO:1990748	1	1	1	1	0	0
GO:1990752	0	0	0	0	1	0
GO:1990774	0	0	1	0	0	0
GO:1990776	1	0	1	0	1	0
GO:1990778	1	0	0	0	1	0
GO:1990816	1	0	1	0	0	0
GO:1990819	1	1	1	0	1	0
GO:1990822	0	1	1	0	1	0
GO:1990823	0	0	0	0	1	0
GO:1990830	0	0	0	0	1	0
GO:1990837	1	1	1	1	1	1
GO:1990841	1	0	1	0	1	0
GO:1990853	0	0	0	0	1	0
GO:1990862	0	0	0	1	0	0
GO:1990904	1	1	1	1	1	0
GO:1990907	0	0	0	0	1	0
GO:1990928	0	0	0	1	0	0
GO:2000001	1	0	0	0	1	0
GO:2000003	0	0	0	0	1	0
GO:2000026	1	0	1	1	1	0
GO:2000027	0	0	0	0	1	0
GO:2000045	1	0	1	0	1	0
GO:2000073	0	0	0	1	0	0
GO:2000076	0	0	0	1	0	0
GO:2000099	0	0	1	0	0	0
GO:2000100	0	0	1	0	0	0
GO:2000104	0	0	1	1	0	1
GO:2000105	0	0	0	0	1	0
GO:2000112	1	1	1	1	1	1
GO:2000113	1	1	1	1	1	1
GO:2000114	1	0	0	0	1	0
GO:2000116	1	0	1	0	1	0
GO:2000117	0	0	0	0	1	0
GO:2000142	0	0	1	0	1	0
GO:2000143	0	0	1	0	0	0
GO:2000144	0	0	0	0	1	0
GO:2000145	1	0	1	0	1	0
GO:2000146	0	0	1	0	0	0
GO:2000147	1	0	1	0	1	0
GO:2000177	1	0	0	0	1	0
GO:2000178	1	0	0	0	0	0
GO:2000179	0	0	0	0	1	0
GO:2000181	1	0	0	0	0	0
GO:2000185	1	0	0	0	0	0
GO:2000197	1	0	0	0	0	0
GO:2000217	0	1	1	0	0	0
GO:2000218	0	1	1	0	0	0
GO:2000220	0	0	1	0	1	0
GO:2000221	0	0	0	0	1	0
GO:2000222	0	0	1	0	1	0
GO:2000241	1	1	1	1	1	0
GO:2000242	1	0	1	1	1	0
GO:2000243	1	1	1	1	1	0
GO:2000249	0	0	1	0	0	0
GO:2000251	0	0	1	0	0	0
GO:2000278	0	1	0	1	1	0
GO:2000279	0	1	0	1	1	0
GO:2000282	0	0	1	0	0	0
GO:2000284	0	0	1	0	0	0
GO:2000351	0	0	0	0	1	0
GO:2000353	0	0	0	0	1	0
GO:2000369	1	0	0	0	0	0
GO:2000370	1	0	0	0	0	0
GO:2000377	0	0	0	1	0	0
GO:2000395	0	0	0	0	1	0
GO:2000397	0	0	0	0	1	0
GO:2000425	0	0	1	0	1	0
GO:2000426	0	0	1	0	0	0
GO:2000427	0	0	0	0	1	0
GO:2000463	0	0	0	0	1	0
GO:2000514	0	0	1	0	1	0
GO:2000515	0	0	1	0	0	0
GO:2000516	0	0	0	0	1	0
GO:2000551	0	0	0	0	1	0
GO:2000553	0	0	0	0	1	0
GO:2000573	0	0	0	0	1	0
GO:2000601	0	0	0	0	1	0
GO:2000634	0	0	0	0	1	0
GO:2000635	0	0	0	0	1	0
GO:2000637	1	0	0	0	0	0
GO:2000647	1	0	0	0	0	0
GO:2000648	0	0	0	0	1	0
GO:2000662	0	0	0	0	1	0
GO:2000664	0	0	0	0	1	0
GO:2000665	0	0	0	0	1	0
GO:2000667	0	0	0	0	1	0
GO:2000677	0	0	0	1	1	0
GO:2000679	0	0	0	1	1	0
GO:2000725	0	0	0	1	0	0
GO:2000726	0	0	0	1	0	0
GO:2000765	1	1	0	0	1	0
GO:2000766	1	0	0	0	1	0
GO:2000767	0	0	0	0	1	0
GO:2000769	1	0	1	0	1	0
GO:2000771	1	0	0	0	0	0
GO:2000778	0	0	1	0	0	0
GO:2000779	1	1	1	0	1	0
GO:2000780	1	0	1	0	1	0
GO:2000782	1	0	0	0	0	0
GO:2000784	1	0	0	0	0	0
GO:2000785	0	0	0	1	1	0
GO:2000786	0	0	0	0	1	0
GO:2000816	1	0	0	1	1	0
GO:2000819	0	0	1	0	0	0
GO:2000895	1	0	0	1	0	0
GO:2000899	0	0	0	1	0	0
GO:2000909	0	0	1	0	0	0
GO:2000911	0	0	1	0	0	0
GO:2001020	1	1	1	0	1	0
GO:2001021	1	0	1	0	1	0
GO:2001022	0	0	1	0	1	0
GO:2001023	0	0	0	1	1	0
GO:2001024	0	0	0	0	1	0
GO:2001025	0	0	0	1	1	0
GO:2001032	1	0	1	0	1	0
GO:2001033	1	0	1	0	1	0
GO:2001038	0	0	0	1	0	0
GO:2001040	0	0	0	1	0	0
GO:2001056	1	0	1	0	1	0
GO:2001138	0	0	1	0	1	0
GO:2001141	1	1	1	1	1	1
GO:2001154	0	0	1	0	0	1
GO:2001159	1	0	0	0	0	0
GO:2001166	0	1	0	0	0	0
GO:2001172	0	0	1	0	0	1
GO:2001173	0	1	0	0	0	0
GO:2001179	0	0	0	0	1	0
GO:2001181	0	0	0	0	1	0
GO:2001194	0	0	1	0	0	0
GO:2001196	0	0	1	0	0	0
GO:2001198	0	0	1	0	0	0
GO:2001200	0	0	1	0	0	0
GO:2001233	0	0	1	0	0	0
GO:2001234	0	0	1	0	0	0
GO:2001236	0	0	1	0	0	0
GO:2001237	0	0	1	0	0	0
GO:2001245	1	0	0	0	1	0
GO:2001246	1	0	0	0	1	0
GO:2001251	1	1	1	1	1	0
GO:2001252	1	1	1	1	1	0
GO:2001253	1	0	0	0	0	0
GO:2001305	0	0	0	0	1	0
GO:2001307	0	0	0	0	1	0
GO:2001308	0	1	0	1	0	0
GO:2001310	0	1	0	1	0	0
